 time            time            v(in)           v(out)          i(vdd)         
 0.00000000e+00  0.00000000e+00  0.00000000e+00  2.50000000e+00 -1.25502941e-11 
 1.00000000e-14  1.00000000e-14  0.00000000e+00  2.50000000e+00 -1.24028010e-11 
 2.00000000e-14  2.00000000e-14  0.00000000e+00  2.50000000e+00 -1.23782651e-11 
 4.00000000e-14  4.00000000e-14  0.00000000e+00  2.50000000e+00 -1.23620003e-11 
 8.00000000e-14  8.00000000e-14  0.00000000e+00  2.50000000e+00 -1.24250610e-11 
 1.60000000e-13  1.60000000e-13  0.00000000e+00  2.50000000e+00 -1.23808741e-11 
 3.20000000e-13  3.20000000e-13  0.00000000e+00  2.50000000e+00 -1.24017463e-11 
 6.40000000e-13  6.40000000e-13  0.00000000e+00  2.50000000e+00 -1.24109611e-11 
 1.28000000e-12  1.28000000e-12  0.00000000e+00  2.50000000e+00 -1.24160682e-11 
 2.28000000e-12  2.28000000e-12  0.00000000e+00  2.50000000e+00 -1.24351640e-11 
 3.28000000e-12  3.28000000e-12  0.00000000e+00  2.50000000e+00 -1.24469324e-11 
 4.28000000e-12  4.28000000e-12  0.00000000e+00  2.50000000e+00 -1.24629751e-11 
 5.28000000e-12  5.28000000e-12  0.00000000e+00  2.50000000e+00 -1.24696364e-11 
 6.28000000e-12  6.28000000e-12  0.00000000e+00  2.50000000e+00 -1.24824040e-11 
 7.28000000e-12  7.28000000e-12  0.00000000e+00  2.50000000e+00 -1.24865118e-11 
 8.28000000e-12  8.28000000e-12  0.00000000e+00  2.50000000e+00 -1.24962263e-11 
 9.28000000e-12  9.28000000e-12  0.00000000e+00  2.50000000e+00 -1.24990573e-11 
 1.02800000e-11  1.02800000e-11  0.00000000e+00  2.50000000e+00 -1.25080502e-11 
 1.12800000e-11  1.12800000e-11  0.00000000e+00  2.50000000e+00 -1.25083277e-11 
 1.22800000e-11  1.22800000e-11  0.00000000e+00  2.50000000e+00 -1.25159882e-11 
 1.32800000e-11  1.32800000e-11  0.00000000e+00  2.50000000e+00 -1.25153776e-11 
 1.42800000e-11  1.42800000e-11  0.00000000e+00  2.50000000e+00 -1.25228161e-11 
 1.52800000e-11  1.52800000e-11  0.00000000e+00  2.50000000e+00 -1.25218169e-11 
 1.62800000e-11  1.62800000e-11  0.00000000e+00  2.50000000e+00 -1.25274235e-11 
 1.72800000e-11  1.72800000e-11  0.00000000e+00  2.50000000e+00 -1.25261468e-11 
 1.82800000e-11  1.82800000e-11  0.00000000e+00  2.50000000e+00 -1.25313648e-11 
 1.92800000e-11  1.92800000e-11  0.00000000e+00  2.50000000e+00 -1.25295330e-11 
 2.02800000e-11  2.02800000e-11  0.00000000e+00  2.50000000e+00 -1.25343069e-11 
 2.12800000e-11  2.12800000e-11  0.00000000e+00  2.50000000e+00 -1.25312538e-11 
 2.22800000e-11  2.22800000e-11  0.00000000e+00  2.50000000e+00 -1.25365274e-11 
 2.32800000e-11  2.32800000e-11  0.00000000e+00  2.50000000e+00 -1.25341404e-11 
 2.42800000e-11  2.42800000e-11  0.00000000e+00  2.50000000e+00 -1.25392474e-11 
 2.52800000e-11  2.52800000e-11  0.00000000e+00  2.50000000e+00 -1.25354171e-11 
 2.62800000e-11  2.62800000e-11  0.00000000e+00  2.50000000e+00 -1.25406352e-11 
 2.72800000e-11  2.72800000e-11  0.00000000e+00  2.50000000e+00 -1.25375821e-11 
 2.82800000e-11  2.82800000e-11  0.00000000e+00  2.50000000e+00 -1.25429667e-11 
 2.92800000e-11  2.92800000e-11  0.00000000e+00  2.50000000e+00 -1.25397470e-11 
 3.02800000e-11  3.02800000e-11  0.00000000e+00  2.50000000e+00 -1.25429667e-11 
 3.12800000e-11  3.12800000e-11  0.00000000e+00  2.50000000e+00 -1.25401356e-11 
 3.22800000e-11  3.22800000e-11  0.00000000e+00  2.50000000e+00 -1.25432997e-11 
 3.32800000e-11  3.32800000e-11  0.00000000e+00  2.50000000e+00 -1.25398025e-11 
 3.42800000e-11  3.42800000e-11  0.00000000e+00  2.50000000e+00 -1.25445210e-11 
 3.52800000e-11  3.52800000e-11  0.00000000e+00  2.50000000e+00 -1.25410238e-11 
 3.62800000e-11  3.62800000e-11  0.00000000e+00  2.50000000e+00 -1.25446320e-11 
 3.72800000e-11  3.72800000e-11  0.00000000e+00  2.50000000e+00 -1.25420230e-11 
 3.82800000e-11  3.82800000e-11  0.00000000e+00  2.50000000e+00 -1.25464639e-11 
 3.92800000e-11  3.92800000e-11  0.00000000e+00  2.50000000e+00 -1.25427446e-11 
 4.02800000e-11  4.02800000e-11  0.00000000e+00  2.50000000e+00 -1.25475741e-11 
 4.12800000e-11  4.12800000e-11  0.00000000e+00  2.50000000e+00 -1.25435218e-11 
 4.22800000e-11  4.22800000e-11  0.00000000e+00  2.50000000e+00 -1.25472965e-11 
 4.32800000e-11  4.32800000e-11  0.00000000e+00  2.50000000e+00 -1.25429667e-11 
 4.42800000e-11  4.42800000e-11  0.00000000e+00  2.50000000e+00 -1.25471300e-11 
 4.52800000e-11  4.52800000e-11  0.00000000e+00  2.50000000e+00 -1.25434663e-11 
 4.62800000e-11  4.62800000e-11  0.00000000e+00  2.50000000e+00 -1.25478516e-11 
 4.72800000e-11  4.72800000e-11  0.00000000e+00  2.50000000e+00 -1.25439659e-11 
 4.82800000e-11  4.82800000e-11  0.00000000e+00  2.50000000e+00 -1.25492394e-11 
 4.92800000e-11  4.92800000e-11  0.00000000e+00  2.50000000e+00 -1.25436328e-11 
 5.02800000e-11  5.02800000e-11  0.00000000e+00  2.50000000e+00 -1.25479627e-11 
 5.12800000e-11  5.12800000e-11  0.00000000e+00  2.50000000e+00 -1.25445765e-11 
 5.22800000e-11  5.22800000e-11  0.00000000e+00  2.50000000e+00 -1.25491284e-11 
 5.32800000e-11  5.32800000e-11  0.00000000e+00  2.50000000e+00 -1.25437993e-11 
 5.42800000e-11  5.42800000e-11  0.00000000e+00  2.50000000e+00 -1.25496280e-11 
 5.52800000e-11  5.52800000e-11  0.00000000e+00  2.50000000e+00 -1.25450761e-11 
 5.62800000e-11  5.62800000e-11  0.00000000e+00  2.50000000e+00 -1.25491839e-11 
 5.72800000e-11  5.72800000e-11  0.00000000e+00  2.50000000e+00 -1.25458532e-11 
 5.82800000e-11  5.82800000e-11  0.00000000e+00  2.50000000e+00 -1.25499056e-11 
 5.92800000e-11  5.92800000e-11  0.00000000e+00  2.50000000e+00 -1.25442434e-11 
 6.02800000e-11  6.02800000e-11  0.00000000e+00  2.50000000e+00 -1.25498500e-11 
 6.12800000e-11  6.12800000e-11  0.00000000e+00  2.50000000e+00 -1.25454092e-11 
 6.22800000e-11  6.22800000e-11  0.00000000e+00  2.50000000e+00 -1.25509048e-11 
 6.32800000e-11  6.32800000e-11  0.00000000e+00  2.50000000e+00 -1.25456312e-11 
 6.42800000e-11  6.42800000e-11  0.00000000e+00  2.50000000e+00 -1.25499056e-11 
 6.52800000e-11  6.52800000e-11  0.00000000e+00  2.50000000e+00 -1.25447985e-11 
 6.62800000e-11  6.62800000e-11  0.00000000e+00  2.50000000e+00 -1.25496835e-11 
 6.72800000e-11  6.72800000e-11  0.00000000e+00  2.50000000e+00 -1.25455757e-11 
 6.82800000e-11  6.82800000e-11  0.00000000e+00  2.50000000e+00 -1.25504052e-11 
 6.92800000e-11  6.92800000e-11  0.00000000e+00  2.50000000e+00 -1.25466859e-11 
 7.02800000e-11  7.02800000e-11  0.00000000e+00  2.50000000e+00 -1.25511823e-11 
 7.12800000e-11  7.12800000e-11  0.00000000e+00  2.50000000e+00 -1.25468524e-11 
 7.22800000e-11  7.22800000e-11  0.00000000e+00  2.50000000e+00 -1.25510158e-11 
 7.32800000e-11  7.32800000e-11  0.00000000e+00  2.50000000e+00 -1.25457977e-11 
 7.42800000e-11  7.42800000e-11  0.00000000e+00  2.50000000e+00 -1.25515709e-11 
 7.52800000e-11  7.52800000e-11  0.00000000e+00  2.50000000e+00 -1.25467414e-11 
 7.62800000e-11  7.62800000e-11  0.00000000e+00  2.50000000e+00 -1.25508492e-11 
 7.72800000e-11  7.72800000e-11  0.00000000e+00  2.50000000e+00 -1.25453536e-11 
 7.82800000e-11  7.82800000e-11  0.00000000e+00  2.50000000e+00 -1.25506827e-11 
 7.92800000e-11  7.92800000e-11  0.00000000e+00  2.50000000e+00 -1.25457422e-11 
 8.02800000e-11  8.02800000e-11  0.00000000e+00  2.50000000e+00 -1.25509603e-11 
 8.12800000e-11  8.12800000e-11  0.00000000e+00  2.50000000e+00 -1.25459643e-11 
 8.22800000e-11  8.22800000e-11  0.00000000e+00  2.50000000e+00 -1.25509603e-11 
 8.32800000e-11  8.32800000e-11  0.00000000e+00  2.50000000e+00 -1.25462418e-11 
 8.42800000e-11  8.42800000e-11  0.00000000e+00  2.50000000e+00 -1.25502941e-11 
 8.52800000e-11  8.52800000e-11  0.00000000e+00  2.50000000e+00 -1.25461308e-11 
 8.62800000e-11  8.62800000e-11  0.00000000e+00  2.50000000e+00 -1.25499611e-11 
 8.72800000e-11  8.72800000e-11  0.00000000e+00  2.50000000e+00 -1.25467969e-11 
 8.82800000e-11  8.82800000e-11  0.00000000e+00  2.50000000e+00 -1.25506827e-11 
 8.92800000e-11  8.92800000e-11  0.00000000e+00  2.50000000e+00 -1.25470190e-11 
 9.02800000e-11  9.02800000e-11  0.00000000e+00  2.50000000e+00 -1.25510158e-11 
 9.12800000e-11  9.12800000e-11  0.00000000e+00  2.50000000e+00 -1.25464084e-11 
 9.22800000e-11  9.22800000e-11  0.00000000e+00  2.50000000e+00 -1.25511823e-11 
 9.32800000e-11  9.32800000e-11  0.00000000e+00  2.50000000e+00 -1.25471300e-11 
 9.42800000e-11  9.42800000e-11  0.00000000e+00  2.50000000e+00 -1.25519595e-11 
 9.52800000e-11  9.52800000e-11  0.00000000e+00  2.50000000e+00 -1.25475741e-11 
 9.62800000e-11  9.62800000e-11  0.00000000e+00  2.50000000e+00 -1.25511268e-11 
 9.72800000e-11  9.72800000e-11  0.00000000e+00  2.50000000e+00 -1.25472410e-11 
 9.82800000e-11  9.82800000e-11  0.00000000e+00  2.50000000e+00 -1.25516819e-11 
 9.92800000e-11  9.92800000e-11  0.00000000e+00  2.50000000e+00 -1.25467414e-11 
 1.00280000e-10  1.00280000e-10  0.00000000e+00  2.50000000e+00 -1.25513488e-11 
 1.01280000e-10  1.01280000e-10  0.00000000e+00  2.50000000e+00 -1.25467969e-11 
 1.02280000e-10  1.02280000e-10  0.00000000e+00  2.50000000e+00 -1.25511823e-11 
 1.03280000e-10  1.03280000e-10  0.00000000e+00  2.50000000e+00 -1.25467414e-11 
 1.04280000e-10  1.04280000e-10  0.00000000e+00  2.50000000e+00 -1.25504607e-11 
 1.05280000e-10  1.05280000e-10  0.00000000e+00  2.50000000e+00 -1.25476851e-11 
 1.06280000e-10  1.06280000e-10  0.00000000e+00  2.50000000e+00 -1.25510713e-11 
 1.07280000e-10  1.07280000e-10  0.00000000e+00  2.50000000e+00 -1.25469080e-11 
 1.08280000e-10  1.08280000e-10  0.00000000e+00  2.50000000e+00 -1.25512933e-11 
 1.09280000e-10  1.09280000e-10  0.00000000e+00  2.50000000e+00 -1.25469635e-11 
 1.10280000e-10  1.10280000e-10  0.00000000e+00  2.50000000e+00 -1.25515154e-11 
 1.11280000e-10  1.11280000e-10  0.00000000e+00  2.50000000e+00 -1.25466859e-11 
 1.12280000e-10  1.12280000e-10  0.00000000e+00  2.50000000e+00 -1.25509048e-11 
 1.13280000e-10  1.13280000e-10  0.00000000e+00  2.50000000e+00 -1.25470190e-11 
 1.14280000e-10  1.14280000e-10  0.00000000e+00  2.50000000e+00 -1.25514599e-11 
 1.15280000e-10  1.15280000e-10  0.00000000e+00  2.50000000e+00 -1.25479627e-11 
 1.16280000e-10  1.16280000e-10  0.00000000e+00  2.50000000e+00 -1.25512378e-11 
 1.17280000e-10  1.17280000e-10  0.00000000e+00  2.50000000e+00 -1.25471300e-11 
 1.18280000e-10  1.18280000e-10  0.00000000e+00  2.50000000e+00 -1.25509603e-11 
 1.19280000e-10  1.19280000e-10  0.00000000e+00  2.50000000e+00 -1.25469635e-11 
 1.20280000e-10  1.20280000e-10  0.00000000e+00  2.50000000e+00 -1.25505717e-11 
 1.21280000e-10  1.21280000e-10  0.00000000e+00  2.50000000e+00 -1.25468524e-11 
 1.22280000e-10  1.22280000e-10  0.00000000e+00  2.50000000e+00 -1.25506827e-11 
 1.23280000e-10  1.23280000e-10  0.00000000e+00  2.50000000e+00 -1.25463528e-11 
 1.24280000e-10  1.24280000e-10  0.00000000e+00  2.50000000e+00 -1.25510713e-11 
 1.25280000e-10  1.25280000e-10  0.00000000e+00  2.50000000e+00 -1.25474631e-11 
 1.26280000e-10  1.26280000e-10  0.00000000e+00  2.50000000e+00 -1.25512378e-11 
 1.27280000e-10  1.27280000e-10  0.00000000e+00  2.50000000e+00 -1.25472965e-11 
 1.28280000e-10  1.28280000e-10  0.00000000e+00  2.50000000e+00 -1.25506272e-11 
 1.29280000e-10  1.29280000e-10  0.00000000e+00  2.50000000e+00 -1.25474631e-11 
 1.30280000e-10  1.30280000e-10  0.00000000e+00  2.50000000e+00 -1.25510158e-11 
 1.31280000e-10  1.31280000e-10  0.00000000e+00  2.50000000e+00 -1.25470190e-11 
 1.32280000e-10  1.32280000e-10  0.00000000e+00  2.50000000e+00 -1.25502941e-11 
 1.33280000e-10  1.33280000e-10  0.00000000e+00  2.50000000e+00 -1.25474076e-11 
 1.34280000e-10  1.34280000e-10  0.00000000e+00  2.50000000e+00 -1.25504607e-11 
 1.35280000e-10  1.35280000e-10  0.00000000e+00  2.50000000e+00 -1.25469080e-11 
 1.36280000e-10  1.36280000e-10  0.00000000e+00  2.50000000e+00 -1.25508492e-11 
 1.37280000e-10  1.37280000e-10  0.00000000e+00  2.50000000e+00 -1.25468524e-11 
 1.38280000e-10  1.38280000e-10  0.00000000e+00  2.50000000e+00 -1.25504607e-11 
 1.39280000e-10  1.39280000e-10  0.00000000e+00  2.50000000e+00 -1.25469080e-11 
 1.40280000e-10  1.40280000e-10  0.00000000e+00  2.50000000e+00 -1.25502941e-11 
 1.41280000e-10  1.41280000e-10  0.00000000e+00  2.50000000e+00 -1.25471855e-11 
 1.42280000e-10  1.42280000e-10  0.00000000e+00  2.50000000e+00 -1.25511268e-11 
 1.43280000e-10  1.43280000e-10  0.00000000e+00  2.50000000e+00 -1.25469635e-11 
 1.44280000e-10  1.44280000e-10  0.00000000e+00  2.50000000e+00 -1.25514044e-11 
 1.45280000e-10  1.45280000e-10  0.00000000e+00  2.50000000e+00 -1.25472965e-11 
 1.46280000e-10  1.46280000e-10  0.00000000e+00  2.50000000e+00 -1.25512933e-11 
 1.47280000e-10  1.47280000e-10  0.00000000e+00  2.50000000e+00 -1.25478516e-11 
 1.48280000e-10  1.48280000e-10  0.00000000e+00  2.50000000e+00 -1.25516819e-11 
 1.49280000e-10  1.49280000e-10  0.00000000e+00  2.50000000e+00 -1.25470190e-11 
 1.50280000e-10  1.50280000e-10  0.00000000e+00  2.50000000e+00 -1.25513488e-11 
 1.51280000e-10  1.51280000e-10  0.00000000e+00  2.50000000e+00 -1.25470190e-11 
 1.52280000e-10  1.52280000e-10  0.00000000e+00  2.50000000e+00 -1.25512378e-11 
 1.53280000e-10  1.53280000e-10  0.00000000e+00  2.50000000e+00 -1.25473520e-11 
 1.54280000e-10  1.54280000e-10  0.00000000e+00  2.50000000e+00 -1.25514599e-11 
 1.55280000e-10  1.55280000e-10  0.00000000e+00  2.50000000e+00 -1.25474631e-11 
 1.56280000e-10  1.56280000e-10  0.00000000e+00  2.50000000e+00 -1.25515709e-11 
 1.57280000e-10  1.57280000e-10  0.00000000e+00  2.50000000e+00 -1.25470190e-11 
 1.58280000e-10  1.58280000e-10  0.00000000e+00  2.50000000e+00 -1.25508492e-11 
 1.59280000e-10  1.59280000e-10  0.00000000e+00  2.50000000e+00 -1.25465194e-11 
 1.60280000e-10  1.60280000e-10  0.00000000e+00  2.50000000e+00 -1.25515154e-11 
 1.61280000e-10  1.61280000e-10  0.00000000e+00  2.50000000e+00 -1.25475186e-11 
 1.62280000e-10  1.62280000e-10  0.00000000e+00  2.50000000e+00 -1.25515154e-11 
 1.63280000e-10  1.63280000e-10  0.00000000e+00  2.50000000e+00 -1.25477961e-11 
 1.64280000e-10  1.64280000e-10  0.00000000e+00  2.50000000e+00 -1.25502941e-11 
 1.65280000e-10  1.65280000e-10  0.00000000e+00  2.50000000e+00 -1.25467969e-11 
 1.66280000e-10  1.66280000e-10  0.00000000e+00  2.50000000e+00 -1.25499611e-11 
 1.67280000e-10  1.67280000e-10  0.00000000e+00  2.50000000e+00 -1.25472965e-11 
 1.68280000e-10  1.68280000e-10  0.00000000e+00  2.50000000e+00 -1.25504052e-11 
 1.69280000e-10  1.69280000e-10  0.00000000e+00  2.50000000e+00 -1.25475741e-11 
 1.70280000e-10  1.70280000e-10  0.00000000e+00  2.50000000e+00 -1.25505717e-11 
 1.71280000e-10  1.71280000e-10  0.00000000e+00  2.50000000e+00 -1.25468524e-11 
 1.72280000e-10  1.72280000e-10  0.00000000e+00  2.50000000e+00 -1.25508492e-11 
 1.73280000e-10  1.73280000e-10  0.00000000e+00  2.50000000e+00 -1.25477406e-11 
 1.74280000e-10  1.74280000e-10  0.00000000e+00  2.50000000e+00 -1.25507382e-11 
 1.75280000e-10  1.75280000e-10  0.00000000e+00  2.50000000e+00 -1.25465749e-11 
 1.76280000e-10  1.76280000e-10  0.00000000e+00  2.50000000e+00 -1.25507937e-11 
 1.77280000e-10  1.77280000e-10  0.00000000e+00  2.50000000e+00 -1.25474076e-11 
 1.78280000e-10  1.78280000e-10  0.00000000e+00  2.50000000e+00 -1.25503496e-11 
 1.79280000e-10  1.79280000e-10  0.00000000e+00  2.50000000e+00 -1.25470745e-11 
 1.80280000e-10  1.80280000e-10  0.00000000e+00  2.50000000e+00 -1.25507937e-11 
 1.81280000e-10  1.81280000e-10  0.00000000e+00  2.50000000e+00 -1.25471855e-11 
 1.82280000e-10  1.82280000e-10  0.00000000e+00  2.50000000e+00 -1.25510158e-11 
 1.83280000e-10  1.83280000e-10  0.00000000e+00  2.50000000e+00 -1.25468524e-11 
 1.84280000e-10  1.84280000e-10  0.00000000e+00  2.50000000e+00 -1.25521260e-11 
 1.85280000e-10  1.85280000e-10  0.00000000e+00  2.50000000e+00 -1.25474076e-11 
 1.86280000e-10  1.86280000e-10  0.00000000e+00  2.50000000e+00 -1.25518484e-11 
 1.87280000e-10  1.87280000e-10  0.00000000e+00  2.50000000e+00 -1.25470745e-11 
 1.88280000e-10  1.88280000e-10  0.00000000e+00  2.50000000e+00 -1.25516264e-11 
 1.89280000e-10  1.89280000e-10  0.00000000e+00  2.50000000e+00 -1.25477961e-11 
 1.90280000e-10  1.90280000e-10  0.00000000e+00  2.50000000e+00 -1.25514044e-11 
 1.91280000e-10  1.91280000e-10  0.00000000e+00  2.50000000e+00 -1.25459643e-11 
 1.92280000e-10  1.92280000e-10  0.00000000e+00  2.50000000e+00 -1.25505717e-11 
 1.93280000e-10  1.93280000e-10  0.00000000e+00  2.50000000e+00 -1.25469635e-11 
 1.94280000e-10  1.94280000e-10  0.00000000e+00  2.50000000e+00 -1.25509603e-11 
 1.95280000e-10  1.95280000e-10  0.00000000e+00  2.50000000e+00 -1.25474076e-11 
 1.96280000e-10  1.96280000e-10  0.00000000e+00  2.50000000e+00 -1.25521260e-11 
 1.97280000e-10  1.97280000e-10  0.00000000e+00  2.50000000e+00 -1.25472965e-11 
 1.98280000e-10  1.98280000e-10  0.00000000e+00  2.50000000e+00 -1.25512378e-11 
 1.99140000e-10  1.99140000e-10  0.00000000e+00  2.50000000e+00 -1.25470190e-11 
 2.00000000e-10  2.00000000e-10  0.00000000e+00  2.50000000e+00 -1.25507937e-11 
 2.00100000e-10  2.00100000e-10  1.25000000e-02  2.50000037e+00  7.21801501e-04 
 2.00300000e-10  2.00300000e-10  3.75000000e-02  2.50000107e+00  7.23629807e-04 
 2.00700000e-10  2.00700000e-10  8.75000000e-02  2.50000231e+00  7.26435622e-04 
 2.01500000e-10  2.01500000e-10  1.87500000e-01  2.50000414e+00  7.31768884e-04 
 2.02500000e-10  2.02500000e-10  3.12500000e-01  2.50000549e+00  7.36459883e-04 
 2.03500000e-10  2.03500000e-10  4.37500000e-01  2.50000606e+00  7.40153428e-04 
 2.04500000e-10  2.04500000e-10  5.62500000e-01  2.50000604e+00  7.36233443e-04 
 2.05500000e-10  2.05500000e-10  6.87500000e-01  2.50000556e+00  7.20709104e-04 
 2.06500000e-10  2.06500000e-10  8.12500000e-01  2.50000469e+00  6.92694446e-04 
 2.07500000e-10  2.07500000e-10  9.37500000e-01  2.50000351e+00  6.53044096e-04 
 2.08500000e-10  2.08500000e-10  1.06250000e+00  2.50000207e+00  6.01050701e-04 
 2.09500000e-10  2.09500000e-10  1.18750000e+00  2.50000043e+00  5.37772588e-04 
 2.10500000e-10  2.10500000e-10  1.31250000e+00  2.49999864e+00  4.62729709e-04 
 2.11500000e-10  2.11500000e-10  1.43750000e+00  2.49999674e+00  3.77243922e-04 
 2.12500000e-10  2.12500000e-10  1.56250000e+00  2.49999474e+00  2.81148526e-04 
 2.13500000e-10  2.13500000e-10  1.68750000e+00  2.49999266e+00  1.76133155e-04 
 2.14500000e-10  2.14500000e-10  1.81250000e+00  2.49999050e+00  6.23849439e-05 
 2.15500000e-10  2.15500000e-10  1.93750000e+00  2.49998825e+00 -5.87351817e-05 
 2.16500000e-10  2.16500000e-10  2.06250000e+00  2.49998602e+00 -2.30195501e-04 
 2.17500000e-10  2.17500000e-10  2.18750000e+00  2.49998276e+00 -3.86997107e-04 
 2.18500000e-10  2.18500000e-10  2.31250000e+00  2.49997728e+00 -6.75466488e-04 
 2.19250000e-10  2.19250000e-10  2.40625000e+00  2.49997226e+00 -7.33220537e-04 
 2.20000000e-10  2.20000000e-10  2.50000000e+00  2.49996750e+00 -7.58583787e-04 
 2.20100000e-10  2.20100000e-10  2.50000000e+00  2.49996679e+00 -1.41557077e-03 
 2.20300000e-10  2.20300000e-10  2.50000000e+00  2.49996547e+00 -1.41797743e-03 
 2.20700000e-10  2.20700000e-10  2.50000000e+00  2.49996336e+00 -1.41595461e-03 
 2.21500000e-10  2.21500000e-10  2.50000000e+00  2.49996096e+00 -1.41934452e-03 
 2.22500000e-10  2.22500000e-10  2.50000000e+00  2.49996064e+00 -1.41861497e-03 
 2.23500000e-10  2.23500000e-10  2.50000000e+00  2.49996241e+00 -1.40720693e-03 
 2.24500000e-10  2.24500000e-10  2.50000000e+00  2.49996580e+00 -1.39042750e-03 
 2.25500000e-10  2.25500000e-10  2.50000000e+00  2.49997084e+00 -1.38359458e-03 
 2.26500000e-10  2.26500000e-10  2.50000000e+00  2.49997753e+00 -1.37835816e-03 
 2.27500000e-10  2.27500000e-10  2.50000000e+00  2.49998580e+00 -1.38289286e-03 
 2.28500000e-10  2.28500000e-10  2.50000000e+00  2.49999550e+00 -1.38844421e-03 
 2.29500000e-10  2.29500000e-10  2.50000000e+00  2.50000643e+00 -1.40284100e-03 
 2.30500000e-10  2.30500000e-10  2.50000000e+00  2.50001837e+00 -1.41702984e-03 
 2.31500000e-10  2.31500000e-10  2.50000000e+00  2.50003109e+00 -1.43858943e-03 
 2.32500000e-10  2.32500000e-10  2.50000000e+00  2.50004434e+00 -1.45826435e-03 
 2.33500000e-10  2.33500000e-10  2.50000000e+00  2.50005792e+00 -1.48347636e-03 
 2.34500000e-10  2.34500000e-10  2.50000000e+00  2.50007161e+00 -1.50485301e-03 
 2.35500000e-10  2.35500000e-10  2.50000000e+00  2.50008523e+00 -1.52972909e-03 
 2.36500000e-10  2.36500000e-10  2.50000000e+00  2.50009863e+00 -1.54867319e-03 
 2.37500000e-10  2.37500000e-10  2.50000000e+00  2.50011167e+00 -1.56915693e-03 
 2.38500000e-10  2.38500000e-10  2.50000000e+00  2.50012425e+00 -1.58191610e-03 
 2.39500000e-10  2.39500000e-10  2.50000000e+00  2.50013632e+00 -1.59433930e-03 
 2.40500000e-10  2.40500000e-10  2.50000000e+00  2.50014783e+00 -1.59705396e-03 
 2.41500000e-10  2.41500000e-10  2.50000000e+00  2.50015880e+00 -1.59738905e-03 
 2.42500000e-10  2.42500000e-10  2.50000000e+00  2.50016928e+00 -1.58583591e-03 
 2.43500000e-10  2.43500000e-10  2.50000000e+00  2.50017917e+00 -1.58146824e-03 
 2.44500000e-10  2.44500000e-10  2.50000000e+00  2.50018823e+00 -1.57707277e-03 
 2.45500000e-10  2.45500000e-10  2.50000000e+00  2.50019686e+00 -1.57080704e-03 
 2.46500000e-10  2.46500000e-10  2.50000000e+00  2.50020567e+00 -1.55949662e-03 
 2.47500000e-10  2.47500000e-10  2.50000000e+00  2.50021381e+00 -1.55952109e-03 
 2.48500000e-10  2.48500000e-10  2.50000000e+00  2.50022018e+00 -1.55976558e-03 
 2.49500000e-10  2.49500000e-10  2.50000000e+00  2.50022470e+00 -1.56767594e-03 
 2.50500000e-10  2.50500000e-10  2.50000000e+00  2.50022740e+00 -1.57497881e-03 
 2.51500000e-10  2.51500000e-10  2.50000000e+00  2.50022841e+00 -1.58653684e-03 
 2.52500000e-10  2.52500000e-10  2.50000000e+00  2.50022763e+00 -1.59630305e-03 
 2.53500000e-10  2.53500000e-10  2.50000000e+00  2.50022424e+00 -1.62663741e-03 
 2.54500000e-10  2.54500000e-10  2.50000000e+00  2.50021720e+00 -1.67191313e-03 
 2.55500000e-10  2.55500000e-10  2.50000000e+00  2.50020573e+00 -1.73981216e-03 
 2.56500000e-10  2.56500000e-10  2.50000000e+00  2.50018927e+00 -1.82371942e-03 
 2.57500000e-10  2.57500000e-10  2.50000000e+00  2.50016740e+00 -1.93203016e-03 
 2.58500000e-10  2.58500000e-10  2.50000000e+00  2.50013983e+00 -2.05817016e-03 
 2.59500000e-10  2.59500000e-10  2.50000000e+00  2.50010571e+00 -2.20815068e-03 
 2.60500000e-10  2.60500000e-10  2.50000000e+00  2.50006435e+00 -2.36998970e-03 
 2.61500000e-10  2.61500000e-10  2.50000000e+00  2.50001590e+00 -2.55096381e-03 
 2.62500000e-10  2.62500000e-10  2.50000000e+00  2.49996072e+00 -2.74270960e-03 
 2.63500000e-10  2.63500000e-10  2.50000000e+00  2.49989925e+00 -2.95164374e-03 
 2.64500000e-10  2.64500000e-10  2.50000000e+00  2.49983201e+00 -3.16865080e-03 
 2.65500000e-10  2.65500000e-10  2.50000000e+00  2.49975953e+00 -3.39961362e-03 
 2.66500000e-10  2.66500000e-10  2.50000000e+00  2.49968236e+00 -3.63504174e-03 
 2.67500000e-10  2.67500000e-10  2.50000000e+00  2.49960103e+00 -3.88049236e-03 
 2.68500000e-10  2.68500000e-10  2.50000000e+00  2.49951599e+00 -4.12625610e-03 
 2.69500000e-10  2.69500000e-10  2.50000000e+00  2.49942765e+00 -4.37773338e-03 
 2.70500000e-10  2.70500000e-10  2.50000000e+00  2.49933634e+00 -4.62510867e-03 
 2.71500000e-10  2.71500000e-10  2.50000000e+00  2.49924228e+00 -4.87371085e-03 
 2.72500000e-10  2.72500000e-10  2.50000000e+00  2.49914557e+00 -5.11366610e-03 
 2.73500000e-10  2.73500000e-10  2.50000000e+00  2.49904620e+00 -5.35041808e-03 
 2.74500000e-10  2.74500000e-10  2.50000000e+00  2.49894407e+00 -5.57431755e-03 
 2.75500000e-10  2.75500000e-10  2.50000000e+00  2.49883890e+00 -5.79068692e-03 
 2.76500000e-10  2.76500000e-10  2.50000000e+00  2.49873024e+00 -5.98960358e-03 
 2.77500000e-10  2.77500000e-10  2.50000000e+00  2.49861735e+00 -6.17620106e-03 
 2.78500000e-10  2.78500000e-10  2.50000000e+00  2.49849914e+00 -6.34023323e-03 
 2.79500000e-10  2.79500000e-10  2.50000000e+00  2.49837404e+00 -6.48629270e-03 
 2.80500000e-10  2.80500000e-10  2.50000000e+00  2.49824803e+00 -6.67109645e-03 
 2.81500000e-10  2.81500000e-10  2.50000000e+00  2.49812874e+00 -6.86875838e-03 
 2.82500000e-10  2.82500000e-10  2.50000000e+00  2.49801404e+00 -7.05191402e-03 
 2.83500000e-10  2.83500000e-10  2.50000000e+00  2.49789806e+00 -7.24082086e-03 
 2.84500000e-10  2.84500000e-10  2.50000000e+00  2.49776836e+00 -7.42674885e-03 
 2.85500000e-10  2.85500000e-10  2.50000000e+00  2.49761979e+00 -7.65848848e-03 
 2.86500000e-10  2.86500000e-10  2.50000000e+00  2.49746962e+00 -7.91282394e-03 
 2.87500000e-10  2.87500000e-10  2.50000000e+00  2.49733075e+00 -8.16955617e-03 
 2.88500000e-10  2.88500000e-10  2.50000000e+00  2.49720420e+00 -8.41731591e-03 
 2.89500000e-10  2.89500000e-10  2.50000000e+00  2.49708824e+00 -8.63877594e-03 
 2.90500000e-10  2.90500000e-10  2.50000000e+00  2.49698807e+00 -8.86747076e-03 
 2.91500000e-10  2.91500000e-10  2.50000000e+00  2.49691920e+00 -9.12776919e-03 
 2.92500000e-10  2.92500000e-10  2.50000000e+00  2.49689708e+00 -9.40989018e-03 
 2.93500000e-10  2.93500000e-10  2.50000000e+00  2.49693550e+00 -9.72748028e-03 
 2.94500000e-10  2.94500000e-10  2.50000000e+00  2.49704684e+00 -1.00704934e-02 
 2.95500000e-10  2.95500000e-10  2.50000000e+00  2.49724222e+00 -1.04521599e-02 
 2.96500000e-10  2.96500000e-10  2.50000000e+00  2.49753174e+00 -1.08618808e-02 
 2.97500000e-10  2.97500000e-10  2.50000000e+00  2.49792460e+00 -1.13139879e-02 
 2.98500000e-10  2.98500000e-10  2.50000000e+00  2.49843176e+00 -1.17799142e-02 
 2.99500000e-10  2.99500000e-10  2.50000000e+00  2.49906419e+00 -1.22473077e-02 
 3.00500000e-10  3.00500000e-10  2.50000000e+00  2.49982962e+00 -1.27044403e-02 
 3.01500000e-10  3.01500000e-10  2.50000000e+00  2.50073375e+00 -1.31625245e-02 
 3.02500000e-10  3.02500000e-10  2.50000000e+00  2.50178067e+00 -1.36083921e-02 
 3.03500000e-10  3.03500000e-10  2.50000000e+00  2.50297313e+00 -1.40514915e-02 
 3.04500000e-10  3.04500000e-10  2.50000000e+00  2.50431282e+00 -1.44771764e-02 
 3.05500000e-10  3.05500000e-10  2.50000000e+00  2.50580069e+00 -1.48935895e-02 
 3.06500000e-10  3.06500000e-10  2.50000000e+00  2.50743716e+00 -1.52851475e-02 
 3.07500000e-10  3.07500000e-10  2.50000000e+00  2.50922213e+00 -1.56599659e-02 
 3.08500000e-10  3.08500000e-10  2.50000000e+00  2.51115536e+00 -1.60020316e-02 
 3.09500000e-10  3.09500000e-10  2.50000000e+00  2.51323691e+00 -1.63184232e-02 
 3.10500000e-10  3.10500000e-10  2.50000000e+00  2.51546749e+00 -1.65926290e-02 
 3.11500000e-10  3.11500000e-10  2.50000000e+00  2.51784881e+00 -1.68313817e-02 
 3.12500000e-10  3.12500000e-10  2.50000000e+00  2.52038402e+00 -1.70178878e-02 
 3.13500000e-10  3.13500000e-10  2.50000000e+00  2.52307831e+00 -1.71586615e-02 
 3.14500000e-10  3.14500000e-10  2.50000000e+00  2.52593299e+00 -1.72579740e-02 
 3.15500000e-10  3.15500000e-10  2.50000000e+00  2.52892428e+00 -1.73978415e-02 
 3.16500000e-10  3.16500000e-10  2.50000000e+00  2.53203595e+00 -1.75082184e-02 
 3.17500000e-10  3.17500000e-10  2.50000000e+00  2.53528785e+00 -1.75969570e-02 
 3.18500000e-10  3.18500000e-10  2.50000000e+00  2.53871847e+00 -1.76771634e-02 
 3.19500000e-10  3.19500000e-10  2.50000000e+00  2.54241836e+00 -1.78184801e-02 
 3.20500000e-10  3.20500000e-10  2.50000000e+00  2.54635194e+00 -1.78247621e-02 
 3.21500000e-10  3.21500000e-10  2.50000000e+00  2.55039532e+00 -1.78325271e-02 
 3.22500000e-10  3.22500000e-10  2.50000000e+00  2.55452339e+00 -1.78717206e-02 
 3.23500000e-10  3.23500000e-10  2.50000000e+00  2.55871676e+00 -1.79169456e-02 
 3.24500000e-10  3.24500000e-10  2.50000000e+00  2.56296491e+00 -1.79572135e-02 
 3.25500000e-10  3.25500000e-10  2.50000000e+00  2.56721218e+00 -1.79949707e-02 
 3.26500000e-10  3.26500000e-10  2.50000000e+00  2.57133608e+00 -1.81065655e-02 
 3.27500000e-10  3.27500000e-10  2.50000000e+00  2.57520122e+00 -1.82823319e-02 
 3.28500000e-10  3.28500000e-10  2.50000000e+00  2.57867655e+00 -1.85652245e-02 
 3.29500000e-10  3.29500000e-10  2.50000000e+00  2.58163476e+00 -1.89405984e-02 
 3.30500000e-10  3.30500000e-10  2.50000000e+00  2.58395181e+00 -1.94496340e-02 
 3.31500000e-10  3.31500000e-10  2.50000000e+00  2.58550763e+00 -2.00685342e-02 
 3.32500000e-10  3.32500000e-10  2.50000000e+00  2.58618519e+00 -2.08264172e-02 
 3.33500000e-10  3.33500000e-10  2.50000000e+00  2.58580257e+00 -2.15667310e-02 
 3.34500000e-10  3.34500000e-10  2.50000000e+00  2.58417113e+00 -2.23803511e-02 
 3.35500000e-10  3.35500000e-10  2.50000000e+00  2.58117109e+00 -2.32484876e-02 
 3.36500000e-10  3.36500000e-10  2.50000000e+00  2.57670359e+00 -2.42026473e-02 
 3.37500000e-10  3.37500000e-10  2.50000000e+00  2.57068217e+00 -2.52049397e-02 
 3.38500000e-10  3.38500000e-10  2.50000000e+00  2.56303117e+00 -2.62797627e-02 
 3.39500000e-10  3.39500000e-10  2.50000000e+00  2.55368366e+00 -2.73811819e-02 
 3.40500000e-10  3.40500000e-10  2.50000000e+00  2.54257923e+00 -2.85277251e-02 
 3.41500000e-10  3.41500000e-10  2.50000000e+00  2.52966205e+00 -2.96687172e-02 
 3.42500000e-10  3.42500000e-10  2.50000000e+00  2.51487877e+00 -3.08185263e-02 
 3.43500000e-10  3.43500000e-10  2.50000000e+00  2.49817618e+00 -3.19228299e-02 
 3.44500000e-10  3.44500000e-10  2.50000000e+00  2.47950443e+00 -3.30050987e-02 
 3.45500000e-10  3.45500000e-10  2.50000000e+00  2.45881980e+00 -3.40200732e-02 
 3.46500000e-10  3.46500000e-10  2.50000000e+00  2.43607776e+00 -3.49806379e-02 
 3.47500000e-10  3.47500000e-10  2.50000000e+00  2.41122570e+00 -3.58308003e-02 
 3.48500000e-10  3.48500000e-10  2.50000000e+00  2.38419790e+00 -3.65786848e-02 
 3.49500000e-10  3.49500000e-10  2.50000000e+00  2.35490828e+00 -3.71608115e-02 
 3.50500000e-10  3.50500000e-10  2.50000000e+00  2.32323925e+00 -3.75728591e-02 
 3.51500000e-10  3.51500000e-10  2.50000000e+00  2.28902313e+00 -3.77293813e-02 
 3.52500000e-10  3.52500000e-10  2.50000000e+00  2.25200813e+00 -3.75842476e-02 
 3.53500000e-10  3.53500000e-10  2.50000000e+00  2.21178816e+00 -3.69635690e-02 
 3.54500000e-10  3.54500000e-10  2.50000000e+00  2.16760371e+00 -3.55614668e-02 
 3.55500000e-10  3.55500000e-10  2.50000000e+00  2.11774384e+00 -3.24336085e-02 
 3.56500000e-10  3.56500000e-10  2.50000000e+00  2.06055816e+00 -2.88632052e-02 
 3.57500000e-10  3.57500000e-10  2.50000000e+00  1.99722068e+00 -2.77535608e-02 
 3.58500000e-10  3.58500000e-10  2.50000000e+00  1.92950550e+00 -2.67634537e-02 
 3.59500000e-10  3.59500000e-10  2.50000000e+00  1.85774024e+00 -2.59045982e-02 
 3.60500000e-10  3.60500000e-10  2.50000000e+00  1.78223448e+00 -2.51316123e-02 
 3.61500000e-10  3.61500000e-10  2.50000000e+00  1.70328035e+00 -2.44607652e-02 
 3.62500000e-10  3.62500000e-10  2.50000000e+00  1.62115309e+00 -2.38505994e-02 
 3.63500000e-10  3.63500000e-10  2.50000000e+00  1.53611158e+00 -2.33207933e-02 
 3.64500000e-10  3.64500000e-10  2.50000000e+00  1.44844183e+00 -2.28894851e-02 
 3.65500000e-10  3.65500000e-10  2.50000000e+00  1.35934709e+00 -2.33428812e-02 
 3.66500000e-10  3.66500000e-10  2.50000000e+00  1.27035686e+00 -2.34871309e-02 
 3.67500000e-10  3.67500000e-10  2.50000000e+00  1.18242445e+00 -2.34699251e-02 
 3.68500000e-10  3.68500000e-10  2.50000000e+00  1.09638102e+00 -2.32471010e-02 
 3.69500000e-10  3.69500000e-10  2.50000000e+00  1.01292242e+00 -2.29232850e-02 
 3.70500000e-10  3.70500000e-10  2.50000000e+00  9.32613821e-01 -2.24441369e-02 
 3.71500000e-10  3.71500000e-10  2.50000000e+00  8.55897034e-01 -2.19086293e-02 
 3.72500000e-10  3.72500000e-10  2.50000000e+00  7.83099963e-01 -2.12586915e-02 
 3.73500000e-10  3.73500000e-10  2.50000000e+00  7.14447420e-01 -2.05902805e-02 
 3.74500000e-10  3.74500000e-10  2.50000000e+00  6.50072770e-01 -1.98424747e-02 
 3.75500000e-10  3.75500000e-10  2.50000000e+00  5.90029877e-01 -1.91083143e-02 
 3.76500000e-10  3.76500000e-10  2.50000000e+00  5.34304931e-01 -1.83238264e-02 
 3.77500000e-10  3.77500000e-10  2.50000000e+00  4.82827809e-01 -1.75788782e-02 
 3.78500000e-10  3.78500000e-10  2.50000000e+00  4.35482715e-01 -1.68062523e-02 
 3.79500000e-10  3.79500000e-10  2.50000000e+00  3.92119330e-01 -1.61000967e-02 
 3.80500000e-10  3.80500000e-10  2.50000000e+00  3.52555210e-01 -1.53782097e-02 
 3.81500000e-10  3.81500000e-10  2.50000000e+00  3.16578607e-01 -1.47102943e-02 
 3.82500000e-10  3.82500000e-10  2.50000000e+00  2.83962400e-01 -1.40219750e-02 
 3.83500000e-10  3.83500000e-10  2.50000000e+00  2.54474243e-01 -1.33932643e-02 
 3.84500000e-10  3.84500000e-10  2.50000000e+00  2.27881389e-01 -1.27481166e-02 
 3.85500000e-10  3.85500000e-10  2.50000000e+00  2.03954596e-01 -1.21651468e-02 
 3.86500000e-10  3.86500000e-10  2.50000000e+00  1.82471215e-01 -1.15671780e-02 
 3.87500000e-10  3.87500000e-10  2.50000000e+00  1.63217543e-01 -1.10319280e-02 
 3.88500000e-10  3.88500000e-10  2.50000000e+00  1.45990550e-01 -1.04815240e-02 
 3.89500000e-10  3.89500000e-10  2.50000000e+00  1.30599045e-01 -9.99315879e-03 
 3.90500000e-10  3.90500000e-10  2.50000000e+00  1.16864391e-01 -9.48857662e-03 
 3.91500000e-10  3.91500000e-10  2.50000000e+00  1.04620843e-01 -9.04470281e-03 
 3.92500000e-10  3.92500000e-10  2.50000000e+00  9.37155686e-02 -8.58310699e-03 
 3.93500000e-10  3.93500000e-10  2.50000000e+00  8.40084303e-02 -8.18061215e-03 
 3.94500000e-10  3.94500000e-10  2.50000000e+00  7.53715826e-02 -7.75874101e-03 
 3.95500000e-10  3.95500000e-10  2.50000000e+00  6.76889271e-02 -7.39431072e-03 
 3.96500000e-10  3.96500000e-10  2.50000000e+00  6.08554718e-02 -7.00886759e-03 
 3.97500000e-10  3.97500000e-10  2.50000000e+00  5.47766278e-02 -6.67927252e-03 
 3.98500000e-10  3.98500000e-10  2.50000000e+00  4.93674709e-02 -6.32712836e-03 
 3.99500000e-10  3.99500000e-10  2.50000000e+00  4.45519914e-02 -6.02935977e-03 
 4.00500000e-10  4.00500000e-10  2.50000000e+00  4.02623496e-02 -5.70763651e-03 
 4.01500000e-10  4.01500000e-10  2.50000000e+00  3.64381507e-02 -5.43895030e-03 
 4.02500000e-10  4.02500000e-10  2.50000000e+00  3.30257498e-02 -5.14503609e-03 
 4.03500000e-10  4.03500000e-10  2.50000000e+00  2.99775927e-02 -4.90294766e-03 
 4.04500000e-10  4.04500000e-10  2.50000000e+00  2.72462195e-02 -4.61329498e-03 
 4.05500000e-10  4.05500000e-10  2.50000000e+00  2.47899421e-02 -4.37400925e-03 
 4.06500000e-10  4.06500000e-10  2.50000000e+00  2.25787579e-02 -4.11169002e-03 
 4.07500000e-10  4.07500000e-10  2.50000000e+00  2.05874981e-02 -3.90436123e-03 
 4.08500000e-10  4.08500000e-10  2.50000000e+00  1.87933955e-02 -3.67150600e-03 
 4.09500000e-10  4.09500000e-10  2.50000000e+00  1.71759242e-02 -3.49141469e-03 
 4.10500000e-10  4.10500000e-10  2.50000000e+00  1.57166253e-02 -3.28377798e-03 
 4.11500000e-10  4.11500000e-10  2.50000000e+00  1.43989333e-02 -3.12707003e-03 
 4.12500000e-10  4.12500000e-10  2.50000000e+00  1.32080081e-02 -2.94114500e-03 
 4.13500000e-10  4.13500000e-10  2.50000000e+00  1.21305744e-02 -2.80462296e-03 
 4.14500000e-10  4.14500000e-10  2.50000000e+00  1.11547712e-02 -2.63748874e-03 
 4.15500000e-10  4.15500000e-10  2.50000000e+00  1.02700106e-02 -2.51847974e-03 
 4.16500000e-10  4.16500000e-10  2.50000000e+00  9.46684856e-03 -2.36768631e-03 
 4.17500000e-10  4.17500000e-10  2.50000000e+00  8.73686540e-03 -2.26394099e-03 
 4.18500000e-10  4.18500000e-10  2.50000000e+00  8.07255765e-03 -2.12742006e-03 
 4.19500000e-10  4.19500000e-10  2.50000000e+00  7.46723949e-03 -2.03703378e-03 
 4.20500000e-10  4.20500000e-10  2.50000000e+00  6.91495384e-03 -1.91302883e-03 
 4.21500000e-10  4.21500000e-10  2.50000000e+00  6.41039239e-03 -1.83437936e-03 
 4.22500000e-10  4.22500000e-10  2.50000000e+00  5.94882383e-03 -1.72139010e-03 
 4.23500000e-10  4.23500000e-10  2.50000000e+00  5.52602951e-03 -1.65308801e-03 
 4.24500000e-10  4.24500000e-10  2.50000000e+00  5.13824617e-03 -1.54982596e-03 
 4.25500000e-10  4.25500000e-10  2.50000000e+00  4.78211474e-03 -1.49067484e-03 
 4.26500000e-10  4.26500000e-10  2.50000000e+00  4.45463488e-03 -1.39602767e-03 
 4.27500000e-10  4.27500000e-10  2.50000000e+00  4.15312459e-03 -1.34499206e-03 
 4.28500000e-10  4.28500000e-10  2.50000000e+00  3.87518430e-03 -1.25799473e-03 
 4.29500000e-10  4.29500000e-10  2.50000000e+00  3.61889620e-03 -1.21532555e-03 
 4.30500000e-10  4.30500000e-10  2.50000000e+00  3.38225614e-03 -1.13496001e-03 
 4.31500000e-10  4.31500000e-10  2.50000000e+00  3.16324471e-03 -1.09741391e-03 
 4.32500000e-10  4.32500000e-10  2.50000000e+00  2.96034032e-03 -1.02315906e-03 
 4.33500000e-10  4.33500000e-10  2.50000000e+00  2.77217162e-03 -9.91387539e-04 
 4.34500000e-10  4.34500000e-10  2.50000000e+00  2.59750076e-03 -9.22590148e-04 
 4.35500000e-10  4.35500000e-10  2.50000000e+00  2.43520910e-03 -8.95978515e-04 
 4.36500000e-10  4.36500000e-10  2.50000000e+00  2.28428456e-03 -8.32061533e-04 
 4.37500000e-10  4.37500000e-10  2.50000000e+00  2.14381032e-03 -8.10067619e-04 
 4.38500000e-10  4.38500000e-10  2.50000000e+00  2.01295484e-03 -7.50521265e-04 
 4.39500000e-10  4.39500000e-10  2.50000000e+00  1.89096299e-03 -7.32665394e-04 
 4.40500000e-10  4.40500000e-10  2.50000000e+00  1.77714812e-03 -6.77038009e-04 
 4.41500000e-10  4.41500000e-10  2.50000000e+00  1.67088508e-03 -6.62894633e-04 
 4.42500000e-10  4.42500000e-10  2.50000000e+00  1.57160397e-03 -6.10785029e-04 
 4.43500000e-10  4.43500000e-10  2.50000000e+00  1.47878457e-03 -5.99975714e-04 
 4.44500000e-10  4.44500000e-10  2.50000000e+00  1.39195143e-03 -5.51026733e-04 
 4.45500000e-10  4.45500000e-10  2.50000000e+00  1.31066947e-03 -5.43214233e-04 
 4.46500000e-10  4.46500000e-10  2.50000000e+00  1.23454000e-03 -4.97107289e-04 
 4.47500000e-10  4.47500000e-10  2.50000000e+00  1.16319731e-03 -4.91990514e-04 
 4.48500000e-10  4.48500000e-10  2.50000000e+00  1.09630547e-03 -4.48440937e-04 
 4.49500000e-10  4.49500000e-10  2.50000000e+00  1.03355554e-03 -4.45750646e-04 
 4.50500000e-10  4.50500000e-10  2.50000000e+00  9.74663138e-04 -4.04503696e-04 
 4.51500000e-10  4.51500000e-10  2.50000000e+00  9.19366109e-04 -4.03998790e-04 
 4.52500000e-10  4.52500000e-10  2.50000000e+00  8.67422578e-04 -3.64826213e-04 
 4.53500000e-10  4.53500000e-10  2.50000000e+00  8.18609120e-04 -3.66290536e-04 
 4.54500000e-10  4.54500000e-10  2.50000000e+00  7.72719146e-04 -3.28987579e-04 
 4.55500000e-10  4.55500000e-10  2.50000000e+00  7.29561445e-04 -3.32227134e-04 
 4.56500000e-10  4.56500000e-10  2.50000000e+00  6.88958863e-04 -2.96609947e-04 
 4.57500000e-10  4.57500000e-10  2.50000000e+00  6.50747124e-04 -3.01450465e-04 
 4.58500000e-10  4.58500000e-10  2.50000000e+00  6.14773752e-04 -2.67353828e-04 
 4.59500000e-10  4.59500000e-10  2.50000000e+00  5.80897105e-04 -2.73638638e-04 
 4.60500000e-10  4.60500000e-10  2.50000000e+00  5.48985495e-04 -2.40913963e-04 
 4.61500000e-10  4.61500000e-10  2.50000000e+00  5.18916395e-04 -2.48502119e-04 
 4.62500000e-10  4.62500000e-10  2.50000000e+00  4.90575708e-04 -2.17015690e-04 
 4.63500000e-10  4.63500000e-10  2.50000000e+00  4.63857119e-04 -2.25780316e-04 
 4.64500000e-10  4.64500000e-10  2.50000000e+00  4.38661486e-04 -1.95411732e-04 
 4.65500000e-10  4.65500000e-10  2.50000000e+00  4.14896303e-04 -2.05238559e-04 
 4.66500000e-10  4.66500000e-10  2.50000000e+00  3.92475194e-04 -1.75879355e-04 
 4.67500000e-10  4.67500000e-10  2.50000000e+00  3.71317461e-04 -1.86665419e-04 
 4.68500000e-10  4.68500000e-10  2.50000000e+00  3.51347668e-04 -1.58217844e-04 
 4.69500000e-10  4.69500000e-10  2.50000000e+00  3.32495256e-04 -1.69870332e-04 
 4.70500000e-10  4.70500000e-10  2.50000000e+00  3.14694194e-04 -1.42246253e-04 
 4.71500000e-10  4.71500000e-10  2.50000000e+00  2.97882656e-04 -1.54681469e-04 
 4.72500000e-10  4.72500000e-10  2.50000000e+00  2.82002727e-04 -1.27801400e-04 
 4.73500000e-10  4.73500000e-10  2.50000000e+00  2.67000129e-04 -1.40943850e-04 
 4.74500000e-10  4.74500000e-10  2.50000000e+00  2.52823970e-04 -1.14736082e-04 
 4.75500000e-10  4.75500000e-10  2.50000000e+00  2.39426513e-04 -1.28517648e-04 
 4.76500000e-10  4.76500000e-10  2.50000000e+00  2.26762963e-04 -1.02917470e-04 
 4.77500000e-10  4.77500000e-10  2.50000000e+00  2.14791267e-04 -1.17276675e-04 
 4.78500000e-10  4.78500000e-10  2.50000000e+00  2.03471933e-04 -9.22256783e-05 
 4.79500000e-10  4.79500000e-10  2.50000000e+00  1.92767862e-04 -1.07107025e-04 
 4.80500000e-10  4.80500000e-10  2.50000000e+00  1.82644189e-04 -8.25524759e-05 
 4.81500000e-10  4.81500000e-10  2.50000000e+00  1.73068138e-04 -9.79058550e-05 
 4.82500000e-10  4.82500000e-10  2.50000000e+00  1.64008888e-04 -7.38001369e-05 
 4.83500000e-10  4.83500000e-10  2.50000000e+00  1.55437447e-04 -8.95802967e-05 
 4.84500000e-10  4.84500000e-10  2.50000000e+00  1.47326537e-04 -6.58804030e-05 
 4.85500000e-10  4.85500000e-10  2.50000000e+00  1.39650481e-04 -8.20464701e-05 
 4.86500000e-10  4.86500000e-10  2.50000000e+00  1.32385110e-04 -5.87135532e-05 
 4.87500000e-10  4.87500000e-10  2.50000000e+00  1.25507660e-04 -7.52286034e-05 
 4.88500000e-10  4.88500000e-10  2.50000000e+00  1.18996693e-04 -5.22275662e-05 
 4.89500000e-10  4.89500000e-10  2.50000000e+00  1.12832008e-04 -6.90582383e-05 
 4.90500000e-10  4.90500000e-10  2.50000000e+00  1.06994571e-04 -4.63573682e-05 
 4.91500000e-10  4.91500000e-10  2.50000000e+00  1.01466437e-04 -6.34735155e-05 
 4.92500000e-10  4.92500000e-10  2.50000000e+00  9.62306926e-05 -4.10441538e-05 
 4.93500000e-10  4.93500000e-10  2.50000000e+00  9.12713848e-05 -5.84185315e-05 
 4.94500000e-10  4.94500000e-10  2.50000000e+00  8.65734688e-05 -3.62347763e-05 
 4.95500000e-10  4.95500000e-10  2.50000000e+00  8.21227516e-05 -5.38427587e-05 
 4.96500000e-10  4.96500000e-10  2.50000000e+00  7.79058414e-05 -3.18811972e-05 
 4.97500000e-10  4.97500000e-10  2.50000000e+00  7.39101001e-05 -4.97005235e-05 
 4.98500000e-10  4.98500000e-10  2.50000000e+00  7.01235987e-05 -2.79399899e-05 
 4.99500000e-10  4.99500000e-10  2.50000000e+00  6.65350757e-05 -4.59505353e-05 
 5.00500000e-10  5.00500000e-10  2.50000000e+00  6.31338976e-05 -2.43718938e-05 
 5.01500000e-10  5.01500000e-10  2.50000000e+00  5.99100226e-05 -4.25554621e-05 
 5.02500000e-10  5.02500000e-10  2.50000000e+00  5.68539659e-05 -2.11414100e-05 
 5.03500000e-10  5.03500000e-10  2.50000000e+00  5.39567675e-05 -3.94815478e-05 
 5.04500000e-10  5.04500000e-10  2.50000000e+00  5.12099620e-05 -1.82164385e-05 
 5.05500000e-10  5.05500000e-10  2.50000000e+00  4.86055497e-05 -3.66982665e-05 
 5.06500000e-10  5.06500000e-10  2.50000000e+00  4.61359704e-05 -1.55679500e-05 
 5.07500000e-10  5.07500000e-10  2.50000000e+00  4.37940779e-05 -3.41780112e-05 
 5.08500000e-10  5.08500000e-10  2.50000000e+00  4.15731165e-05 -1.31696895e-05 
 5.09500000e-10  5.09500000e-10  2.50000000e+00  3.94666990e-05 -3.18958125e-05 
 5.10500000e-10  5.10500000e-10  2.50000000e+00  3.74687855e-05 -1.09979098e-05 
 5.11500000e-10  5.11500000e-10  2.50000000e+00  3.55736638e-05 -2.98290848e-05 
 5.12500000e-10  5.12500000e-10  2.50000000e+00  3.37759313e-05 -9.03112946e-06 
 5.13500000e-10  5.13500000e-10  2.50000000e+00  3.20704772e-05 -2.79573968e-05 
 5.14500000e-10  5.14500000e-10  2.50000000e+00  3.04524665e-05 -7.24991576e-06 
 5.15500000e-10  5.15500000e-10  2.50000000e+00  2.89173243e-05 -2.62622649e-05 
 5.16500000e-10  5.16500000e-10  2.50000000e+00  2.74607215e-05 -5.63668762e-06 
 5.17500000e-10  5.17500000e-10  2.50000000e+00  2.60785610e-05 -2.47269663e-05 
 5.18500000e-10  5.18500000e-10  2.50000000e+00  2.47669649e-05 -4.17553814e-06 
 5.19500000e-10  5.19500000e-10  2.50000000e+00  2.35222627e-05 -2.33363699e-05 
 5.20500000e-10  5.20500000e-10  2.50000000e+00  2.23409791e-05 -2.85207414e-06 
 5.21500000e-10  5.21500000e-10  2.50000000e+00  2.12198242e-05 -2.20767842e-05 
 5.22500000e-10  5.22500000e-10  2.50000000e+00  2.01556824e-05 -1.65327122e-06 
 5.23500000e-10  5.23500000e-10  2.50000000e+00  1.91456038e-05 -2.09358193e-05 
 5.24500000e-10  5.24500000e-10  2.50000000e+00  1.81867942e-05 -5.67342812e-07 
 5.25500000e-10  5.25500000e-10  2.50000000e+00  1.72766074e-05 -1.99022623e-05 
 5.26500000e-10  5.26500000e-10  2.50000000e+00  1.64125367e-05  4.16378122e-07 
 5.27500000e-10  5.27500000e-10  2.50000000e+00  1.55922073e-05 -1.89659653e-05 
 5.28500000e-10  5.28500000e-10  2.50000000e+00  1.48133695e-05  1.30754606e-06 
 5.29500000e-10  5.29500000e-10  2.50000000e+00  1.40738918e-05 -1.81177432e-05 
 5.30500000e-10  5.30500000e-10  2.50000000e+00  1.33717542e-05  2.11489953e-06 
 5.31500000e-10  5.31500000e-10  2.50000000e+00  1.27050427e-05 -1.73492821e-05 
 5.32500000e-10  5.32500000e-10  2.50000000e+00  1.20719433e-05  2.84634852e-06 
 5.33500000e-10  5.33500000e-10  2.50000000e+00  1.14707366e-05 -1.66530562e-05 
 5.34500000e-10  5.34500000e-10  2.50000000e+00  1.08997929e-05  3.50905338e-06 
 5.35500000e-10  5.35500000e-10  2.50000000e+00  1.03575675e-05 -1.60222528e-05 
 5.36500000e-10  5.36500000e-10  2.50000000e+00  9.84259575e-06  4.10949629e-06 
 5.37500000e-10  5.37500000e-10  2.50000000e+00  9.35348926e-06 -1.54507042e-05 
 5.38500000e-10  5.38500000e-10  2.50000000e+00  8.88893152e-06  4.65354577e-06 
 5.39500000e-10  5.39500000e-10  2.50000000e+00  8.44767424e-06 -1.49328264e-05 
 5.40500000e-10  5.40500000e-10  2.50000000e+00  8.02853369e-06  5.14651505e-06 
 5.41500000e-10  5.41500000e-10  2.50000000e+00  7.63038731e-06 -1.44635637e-05 
 5.42500000e-10  5.42500000e-10  2.50000000e+00  7.25217045e-06  5.59321488e-06 
 5.43500000e-10  5.43500000e-10  2.50000000e+00  6.89287332e-06 -1.40383384e-05 
 5.44500000e-10  5.44500000e-10  2.50000000e+00  6.55153815e-06  5.99800126e-06 
 5.45500000e-10  5.45500000e-10  2.50000000e+00  6.22725638e-06 -1.36530054e-05 
 5.46500000e-10  5.46500000e-10  2.50000000e+00  5.91916614e-06  6.36481862e-06 
 5.47500000e-10  5.47500000e-10  2.50000000e+00  5.62644977e-06 -1.33038112e-05 
 5.48500000e-10  5.48500000e-10  2.50000000e+00  5.34833153e-06  6.69723885e-06 
 5.49500000e-10  5.49500000e-10  2.50000000e+00  5.08407538e-06 -1.29873568e-05 
 5.50500000e-10  5.50500000e-10  2.50000000e+00  4.83298293e-06  6.99849668e-06 
 5.51500000e-10  5.51500000e-10  2.50000000e+00  4.59439149e-06 -1.27005637e-05 
 5.52500000e-10  5.52500000e-10  2.50000000e+00  4.36767217e-06  7.27152161e-06 
 5.53500000e-10  5.53500000e-10  2.50000000e+00  4.15222816e-06 -1.24406440e-05 
 5.54500000e-10  5.54500000e-10  2.50000000e+00  3.94749306e-06  7.51896684e-06 
 5.55500000e-10  5.55500000e-10  2.50000000e+00  3.75292928e-06 -1.22050728e-05 
 5.56500000e-10  5.56500000e-10  2.50000000e+00  3.56802660e-06  7.74323540e-06 
 5.57500000e-10  5.57500000e-10  2.50000000e+00  3.39230068e-06 -1.19915631e-05 
 5.58500000e-10  5.58500000e-10  2.50000000e+00  3.22529178e-06  7.94650388e-06 
 5.59500000e-10  5.59500000e-10  2.50000000e+00  3.06656349e-06 -1.17980433e-05 
 5.60500000e-10  5.60500000e-10  2.50000000e+00  2.91570149e-06  8.13074382e-06 
 5.61500000e-10  5.61500000e-10  2.50000000e+00  2.77231245e-06 -1.16226370e-05 
 5.62500000e-10  5.62500000e-10  2.50000000e+00  2.63602293e-06  8.29774110e-06 
 5.63500000e-10  5.63500000e-10  2.50000000e+00  2.50647836e-06 -1.14636445e-05 
 5.64500000e-10  5.64500000e-10  2.50000000e+00  2.38334210e-06  8.44911348e-06 
 5.65500000e-10  5.65500000e-10  2.50000000e+00  2.26629447e-06 -1.13195261e-05 
 5.66500000e-10  5.66500000e-10  2.50000000e+00  2.15503193e-06  8.58632652e-06 
 5.67500000e-10  5.67500000e-10  2.50000000e+00  2.04926622e-06 -1.11888867e-05 
 5.68500000e-10  5.68500000e-10  2.50000000e+00  1.94872361e-06  8.71070788e-06 
 5.69500000e-10  5.69500000e-10  2.50000000e+00  1.85314412e-06 -1.10704628e-05 
 5.70500000e-10  5.70500000e-10  2.50000000e+00  1.76228087e-06  8.82346042e-06 
 5.71500000e-10  5.71500000e-10  2.50000000e+00  1.67589936e-06 -1.09631094e-05 
 5.72500000e-10  5.72500000e-10  2.50000000e+00  1.59377688e-06  8.92567391e-06 
 5.73500000e-10  5.73500000e-10  2.50000000e+00  1.51570188e-06 -1.08657891e-05 
 5.74500000e-10  5.74500000e-10  2.50000000e+00  1.44147342e-06  9.01833571e-06 
 5.75500000e-10  5.75500000e-10  2.50000000e+00  1.37090065e-06 -1.07775623e-05 
 5.76500000e-10  5.76500000e-10  2.50000000e+00  1.30380224e-06  9.10234045e-06 
 5.77500000e-10  5.77500000e-10  2.50000000e+00  1.24000597e-06 -1.06975771e-05 
 5.78500000e-10  5.78500000e-10  2.50000000e+00  1.17934821e-06  9.17849874e-06 
 5.79500000e-10  5.79500000e-10  2.50000000e+00  1.12167351e-06 -1.06250622e-05 
 5.80500000e-10  5.80500000e-10  2.50000000e+00  1.06683421e-06  9.24754510e-06 
 5.81500000e-10  5.81500000e-10  2.50000000e+00  1.01468999e-06 -1.05593181e-05 
 5.82500000e-10  5.82500000e-10  2.50000000e+00  9.65107550e-07  9.31014509e-06 
 5.83500000e-10  5.83500000e-10  2.50000000e+00  9.17960232e-07 -1.04997115e-05 
 5.84500000e-10  5.84500000e-10  2.50000000e+00  8.73127690e-07  9.36690187e-06 
 5.85500000e-10  5.85500000e-10  2.50000000e+00  8.30495576e-07 -1.04456680e-05 
 5.86500000e-10  5.86500000e-10  2.50000000e+00  7.89955232e-07  9.41836199e-06 
 5.87500000e-10  5.87500000e-10  2.50000000e+00  7.51403407e-07 -1.03966675e-05 
 5.88500000e-10  5.88500000e-10  2.50000000e+00  7.14741986e-07  9.46502078e-06 
 5.89500000e-10  5.89500000e-10  2.50000000e+00  6.79877731e-07 -1.03522383e-05 
 5.90500000e-10  5.90500000e-10  2.50000000e+00  6.46722037e-07  9.50732713e-06 
 5.91500000e-10  5.91500000e-10  2.50000000e+00  6.15190698e-07 -1.03119531e-05 
 5.92500000e-10  5.92500000e-10  2.50000000e+00  5.85203688e-07  9.54568787e-06 
 5.93500000e-10  5.93500000e-10  2.50000000e+00  5.56684951e-07 -1.02754247e-05 
 5.94500000e-10  5.94500000e-10  2.50000000e+00  5.29562204e-07  9.58047170e-06 
 5.95500000e-10  5.95500000e-10  2.50000000e+00  5.03766744e-07 -1.02423020e-05 
 5.96500000e-10  5.96500000e-10  2.50000000e+00  4.79233274e-07  9.61201281e-06 
 5.97500000e-10  5.97500000e-10  2.50000000e+00  4.55899730e-07 -1.02122668e-05 
 5.98500000e-10  5.98500000e-10  2.50000000e+00  4.33707120e-07  9.64061408e-06 
 5.99500000e-10  5.99500000e-10  2.50000000e+00  4.12599371e-07 -1.01850308e-05 
 6.00500000e-10  6.00500000e-10  2.50000000e+00  3.92523183e-07  9.66655005e-06 
 6.01500000e-10  6.01500000e-10  2.50000000e+00  3.73427892e-07 -1.01603327e-05 
 6.02500000e-10  6.02500000e-10  2.50000000e+00  3.55265335e-07  9.69006956e-06 
 6.03500000e-10  6.03500000e-10  2.50000000e+00  3.37989732e-07 -1.01379355e-05 
 6.04500000e-10  6.04500000e-10  2.50000000e+00  3.21557560e-07  9.71139817e-06 
 6.05500000e-10  6.05500000e-10  2.50000000e+00  3.05927445e-07 -1.01176244e-05 
 6.06500000e-10  6.06500000e-10  2.50000000e+00  2.91060057e-07  9.73074035e-06 
 6.07500000e-10  6.07500000e-10  2.50000000e+00  2.76918002e-07 -1.00992048e-05 
 6.08500000e-10  6.08500000e-10  2.50000000e+00  2.63465732e-07  9.74828144e-06 
 6.09500000e-10  6.09500000e-10  2.50000000e+00  2.50669449e-07 -1.00825002e-05 
 6.10500000e-10  6.10500000e-10  2.50000000e+00  2.38497023e-07  9.76418944e-06 
 6.11500000e-10  6.11500000e-10  2.50000000e+00  2.26917905e-07 -1.00673507e-05 
 6.12500000e-10  6.12500000e-10  2.50000000e+00  2.15903048e-07  9.77861667e-06 
 6.13500000e-10  6.13500000e-10  2.50000000e+00  2.05424836e-07 -1.00536113e-05 
 6.14500000e-10  6.14500000e-10  2.50000000e+00  1.95457014e-07  9.79170121e-06 
 6.15500000e-10  6.15500000e-10  2.50000000e+00  1.85974614e-07 -1.00411504e-05 
 6.16500000e-10  6.16500000e-10  2.50000000e+00  1.76953898e-07  9.80356823e-06 
 6.17500000e-10  6.17500000e-10  2.50000000e+00  1.68372295e-07 -1.00298489e-05 
 6.18500000e-10  6.18500000e-10  2.50000000e+00  1.60208341e-07  9.81433122e-06 
 6.19500000e-10  6.19500000e-10  2.50000000e+00  1.52441629e-07 -1.00195987e-05 
 6.20500000e-10  6.20500000e-10  2.50000000e+00  1.45052751e-07  9.82409305e-06 
 6.21500000e-10  6.21500000e-10  2.50000000e+00  1.38023255e-07 -1.00103019e-05 
 6.22500000e-10  6.22500000e-10  2.50000000e+00  1.31335591e-07  9.83294702e-06 
 6.23500000e-10  6.23500000e-10  2.50000000e+00  1.24973072e-07 -1.00018696e-05 
 6.24500000e-10  6.24500000e-10  2.50000000e+00  1.18919830e-07  9.84097769e-06 
 6.25500000e-10  6.25500000e-10  2.50000000e+00  1.13160773e-07 -9.99422140e-06 
 6.26500000e-10  6.26500000e-10  2.50000000e+00  1.07681550e-07  9.84826174e-06 
 6.27500000e-10  6.27500000e-10  2.50000000e+00  1.02468514e-07 -9.98728416e-06 
 6.28500000e-10  6.28500000e-10  2.50000000e+00  9.75086838e-08  9.85486870e-06 
 6.29500000e-10  6.29500000e-10  2.50000000e+00  9.27897168e-08 -9.98099173e-06 
 6.30500000e-10  6.30500000e-10  2.50000000e+00  8.82998732e-08  9.86086162e-06 
 6.31500000e-10  6.31500000e-10  2.50000000e+00  8.40279878e-08 -9.97528406e-06 
 6.32500000e-10  6.32500000e-10  2.50000000e+00  7.99634427e-08  9.86629763e-06 
 6.33500000e-10  6.33500000e-10  2.50000000e+00  7.60961389e-08 -9.97010674e-06 
 6.34500000e-10  6.34500000e-10  2.50000000e+00  7.24164709e-08  9.87122859e-06 
 6.35500000e-10  6.35500000e-10  2.50000000e+00  6.89153033e-08 -9.96541040e-06 
 6.36500000e-10  6.36500000e-10  2.50000000e+00  6.55839475e-08  9.87570149e-06 
 6.37500000e-10  6.37500000e-10  2.50000000e+00  6.24141395e-08 -9.96115030e-06 
 6.38500000e-10  6.38500000e-10  2.50000000e+00  5.93980184e-08  9.87975893e-06 
 6.39500000e-10  6.39500000e-10  2.50000000e+00  5.65281077e-08 -9.95728585e-06 
 6.40500000e-10  6.40500000e-10  2.50000000e+00  5.37972962e-08  9.88343958e-06 
 6.41500000e-10  6.41500000e-10  2.50000000e+00  5.11988196e-08 -9.95378026e-06 
 6.42500000e-10  6.42500000e-10  2.50000000e+00  4.87262446e-08  9.88677847e-06 
 6.43500000e-10  6.43500000e-10  2.50000000e+00  4.63734508e-08 -9.95060014e-06 
 6.44500000e-10  6.44500000e-10  2.50000000e+00  4.41346170e-08  9.88980738e-06 
 6.45500000e-10  6.45500000e-10  2.50000000e+00  4.20042055e-08 -9.94771523e-06 
 6.46500000e-10  6.46500000e-10  2.50000000e+00  3.99769491e-08  9.89255513e-06 
 6.47500000e-10  6.47500000e-10  2.50000000e+00  3.80478376e-08 -9.94509810e-06 
 6.48500000e-10  6.48500000e-10  2.50000000e+00  3.62121043e-08  9.89504787e-06 
 6.49500000e-10  6.49500000e-10  2.50000000e+00  3.44652154e-08 -9.94272384e-06 
 6.50500000e-10  6.50500000e-10  2.50000000e+00  3.28028581e-08  9.89730928e-06 
 6.51500000e-10  6.51500000e-10  2.50000000e+00  3.12209293e-08 -9.94056989e-06 
 6.52500000e-10  6.52500000e-10  2.50000000e+00  2.97155258e-08  9.89936088e-06 
 6.53500000e-10  6.53500000e-10  2.50000000e+00  2.82829342e-08 -9.93861578e-06 
 6.54500000e-10  6.54500000e-10  2.50000000e+00  2.69196225e-08  9.90122215e-06 
 6.55500000e-10  6.55500000e-10  2.50000000e+00  2.56222309e-08 -9.93684294e-06 
 6.56500000e-10  6.56500000e-10  2.50000000e+00  2.43875623e-08  9.90291077e-06 
 6.57500000e-10  6.57500000e-10  2.50000000e+00  2.32125751e-08 -9.93523453e-06 
 6.58500000e-10  6.58500000e-10  2.50000000e+00  2.20943765e-08  9.90444278e-06 
 6.59500000e-10  6.59500000e-10  2.50000000e+00  2.10302139e-08 -9.93377528e-06 
 6.60500000e-10  6.60500000e-10  2.50000000e+00  2.00174687e-08  9.90583273e-06 
 6.61500000e-10  6.61500000e-10  2.50000000e+00  1.90536491e-08 -9.93245134e-06 
 6.62500000e-10  6.62500000e-10  2.50000000e+00  1.81363851e-08  9.90709380e-06 
 6.63500000e-10  6.63500000e-10  2.50000000e+00  1.72634215e-08 -9.93125014e-06 
 6.64500000e-10  6.64500000e-10  2.50000000e+00  1.64326124e-08  9.90823797e-06 
 6.65500000e-10  6.65500000e-10  2.50000000e+00  1.56419169e-08 -9.93016029e-06 
 6.66500000e-10  6.66500000e-10  2.50000000e+00  1.48893932e-08  9.90927608e-06 
 6.67500000e-10  6.67500000e-10  2.50000000e+00  1.41731931e-08 -9.92917146e-06 
 6.68500000e-10  6.68500000e-10  2.50000000e+00  1.34915586e-08  9.91021798e-06 
 6.69500000e-10  6.69500000e-10  2.50000000e+00  1.28428169e-08 -9.92827426e-06 
 6.70500000e-10  6.70500000e-10  2.50000000e+00  1.22253766e-08  9.91107260e-06 
 6.71500000e-10  6.71500000e-10  2.50000000e+00  1.16377235e-08 -9.92746020e-06 
 6.72500000e-10  6.72500000e-10  2.50000000e+00  1.10784165e-08  9.91184802e-06 
 6.73500000e-10  6.73500000e-10  2.50000000e+00  1.05460843e-08 -9.92672157e-06 
 6.74500000e-10  6.74500000e-10  2.50000000e+00  1.00394230e-08  9.91255162e-06 
 6.75500000e-10  6.75500000e-10  2.50000000e+00  9.55719148e-09 -9.92605136e-06 
 6.76500000e-10  6.76500000e-10  2.50000000e+00  9.09820887e-09  9.91319003e-06 
 6.77500000e-10  6.77500000e-10  2.50000000e+00  8.66135105e-09 -9.92544322e-06 
 6.78500000e-10  6.78500000e-10  2.50000000e+00  8.24554892e-09  9.91376932e-06 
 6.79500000e-10  6.79500000e-10  2.50000000e+00  7.84978511e-09 -9.92489141e-06 
 6.80500000e-10  6.80500000e-10  2.50000000e+00  7.47309140e-09  9.91429496e-06 
 6.81500000e-10  6.81500000e-10  2.50000000e+00  7.11454678e-09 -9.92439070e-06 
 6.82500000e-10  6.82500000e-10  2.50000000e+00  6.77327426e-09  9.91477193e-06 
 6.83500000e-10  6.83500000e-10  2.50000000e+00  6.44843976e-09 -9.92393635e-06 
 6.84500000e-10  6.84500000e-10  2.50000000e+00  6.13924948e-09  9.91520474e-06 
 6.85500000e-10  6.85500000e-10  2.50000000e+00  5.84494838e-09 -9.92352406e-06 
 6.86500000e-10  6.86500000e-10  2.50000000e+00  5.56481767e-09  9.91559748e-06 
 6.87500000e-10  6.87500000e-10  2.50000000e+00  5.29817302e-09 -9.92314994e-06 
 6.88500000e-10  6.88500000e-10  2.50000000e+00  5.04436417e-09  9.91595387e-06 
 6.89500000e-10  6.89500000e-10  2.50000000e+00  4.80277162e-09 -9.92281044e-06 
 6.90500000e-10  6.90500000e-10  2.50000000e+00  4.57280590e-09  9.91627727e-06 
 6.91500000e-10  6.91500000e-10  2.50000000e+00  4.35390613e-09 -9.92250236e-06 
 6.92500000e-10  6.92500000e-10  2.50000000e+00  4.14553837e-09  9.91657075e-06 
 6.93500000e-10  6.93500000e-10  2.50000000e+00  3.94719482e-09 -9.92222279e-06 
 6.94500000e-10  6.94500000e-10  2.50000000e+00  3.75839215e-09  9.91683707e-06 
 6.95500000e-10  6.95500000e-10  2.50000000e+00  3.57867038e-09 -9.92196909e-06 
 6.96500000e-10  6.96500000e-10  2.50000000e+00  3.40759164e-09  9.91707876e-06 
 6.97500000e-10  6.97500000e-10  2.50000000e+00  3.24473902e-09 -9.92173886e-06 
 6.98500000e-10  6.98500000e-10  2.50000000e+00  3.08971622e-09  9.91729808e-06 
 6.99500000e-10  6.99500000e-10  2.50000000e+00  2.94214574e-09 -9.92152992e-06 
 7.00500000e-10  7.00500000e-10  2.50000000e+00  2.80166874e-09  9.91749712e-06 
 7.01500000e-10  7.01500000e-10  2.50000000e+00  2.66794368e-09 -9.92134031e-06 
 7.02500000e-10  7.02500000e-10  2.50000000e+00  2.54064507e-09  9.91767775e-06 
 7.03500000e-10  7.03500000e-10  2.50000000e+00  2.41946338e-09 -9.92116823e-06 
 7.04500000e-10  7.04500000e-10  2.50000000e+00  2.30410393e-09  9.91784168e-06 
 7.05500000e-10  7.05500000e-10  2.50000000e+00  2.19428658e-09 -9.92101207e-06 
 7.06500000e-10  7.06500000e-10  2.50000000e+00  2.08974453e-09  9.91799045e-06 
 7.07500000e-10  7.07500000e-10  2.50000000e+00  1.99022370e-09 -9.92087034e-06 
 7.08500000e-10  7.08500000e-10  2.50000000e+00  1.89548214e-09  9.91812546e-06 
 7.09500000e-10  7.09500000e-10  2.50000000e+00  1.80528989e-09 -9.92074172e-06 
 7.10500000e-10  7.10500000e-10  2.50000000e+00  1.71942814e-09  9.91824800e-06 
 7.11500000e-10  7.11500000e-10  2.50000000e+00  1.63768845e-09 -9.92062499e-06 
 7.12500000e-10  7.12500000e-10  2.50000000e+00  1.55987262e-09  9.91835921e-06 
 7.13500000e-10  7.13500000e-10  2.50000000e+00  1.48579194e-09 -9.92051904e-06 
 7.14500000e-10  7.14500000e-10  2.50000000e+00  1.41526664e-09  9.91846013e-06 
 7.15500000e-10  7.15500000e-10  2.50000000e+00  1.34812556e-09 -9.92042289e-06 
 7.16500000e-10  7.16500000e-10  2.50000000e+00  1.28420612e-09  9.91855174e-06 
 7.17500000e-10  7.17500000e-10  2.50000000e+00  1.22335339e-09 -9.92033562e-06 
 7.18500000e-10  7.18500000e-10  2.50000000e+00  1.16541999e-09  9.91863488e-06 
 7.19500000e-10  7.19500000e-10  2.50000000e+00  1.11026561e-09 -9.92025642e-06 
 7.20500000e-10  7.20500000e-10  2.50000000e+00  1.05775657e-09  9.91871033e-06 
 7.21500000e-10  7.21500000e-10  2.50000000e+00  1.00776564e-09 -9.92018453e-06 
 7.22500000e-10  7.22500000e-10  2.50000000e+00  9.60171752e-10  9.91877882e-06 
 7.23500000e-10  7.23500000e-10  2.50000000e+00  9.14859891e-10 -9.92011929e-06 
 7.24500000e-10  7.24500000e-10  2.50000000e+00  8.71720126e-10  9.91884098e-06 
 7.25500000e-10  7.25500000e-10  2.50000000e+00  8.30648580e-10 -9.92006007e-06 
 7.26500000e-10  7.26500000e-10  2.50000000e+00  7.91545766e-10  9.91889740e-06 
 7.27500000e-10  7.27500000e-10  2.50000000e+00  7.54317018e-10 -9.92000632e-06 
 7.28500000e-10  7.28500000e-10  2.50000000e+00  7.18872234e-10  9.91894861e-06 
 7.29500000e-10  7.29500000e-10  2.50000000e+00  6.85125701e-10 -9.91995753e-06 
 7.30500000e-10  7.30500000e-10  2.50000000e+00  6.52996088e-10  9.91899508e-06 
 7.31500000e-10  7.31500000e-10  2.50000000e+00  6.22405664e-10 -9.91991325e-06 
 7.32500000e-10  7.32500000e-10  2.50000000e+00  5.93280734e-10  9.91903727e-06 
 7.33500000e-10  7.33500000e-10  2.50000000e+00  5.65550760e-10 -9.91987306e-06 
 7.34500000e-10  7.34500000e-10  2.50000000e+00  5.39148890e-10  9.91907556e-06 
 7.35500000e-10  7.35500000e-10  2.50000000e+00  5.14011078e-10 -9.91983658e-06 
 7.36500000e-10  7.36500000e-10  2.50000000e+00  4.90077052e-10  9.91911032e-06 
 7.37500000e-10  7.37500000e-10  2.50000000e+00  4.67289258e-10 -9.91980346e-06 
 7.38500000e-10  7.38500000e-10  2.50000000e+00  4.45592251e-10  9.91914187e-06 
 7.39500000e-10  7.39500000e-10  2.50000000e+00  4.24933827e-10 -9.91977341e-06 
 7.40500000e-10  7.40500000e-10  2.50000000e+00  4.05264419e-10  9.91917050e-06 
 7.41500000e-10  7.41500000e-10  2.50000000e+00  3.86536299e-10 -9.91974612e-06 
 7.42500000e-10  7.42500000e-10  2.50000000e+00  3.68704285e-10  9.91919650e-06 
 7.43500000e-10  7.43500000e-10  2.50000000e+00  3.51725738e-10 -9.91972136e-06 
 7.44500000e-10  7.44500000e-10  2.50000000e+00  3.35559688e-10  9.91922009e-06 
 7.45500000e-10  7.45500000e-10  2.50000000e+00  3.20166829e-10 -9.91969888e-06 
 7.46500000e-10  7.46500000e-10  2.50000000e+00  3.05510226e-10  9.91924151e-06 
 7.47500000e-10  7.47500000e-10  2.50000000e+00  2.91554611e-10 -9.91967847e-06 
 7.48500000e-10  7.48500000e-10  2.50000000e+00  2.78266645e-10  9.91926095e-06 
 7.49500000e-10  7.49500000e-10  2.50000000e+00  2.65614217e-10 -9.91965995e-06 
 7.50500000e-10  7.50500000e-10  2.50000000e+00  2.53566796e-10  9.91927860e-06 
 7.51500000e-10  7.51500000e-10  2.50000000e+00  2.42095256e-10 -9.91964314e-06 
 7.52500000e-10  7.52500000e-10  2.50000000e+00  2.31171960e-10  9.91929462e-06 
 7.53500000e-10  7.53500000e-10  2.50000000e+00  2.20770938e-10 -9.91962787e-06 
 7.54500000e-10  7.54500000e-10  2.50000000e+00  2.10867188e-10  9.91930916e-06 
 7.55500000e-10  7.55500000e-10  2.50000000e+00  2.01436846e-10 -9.91961402e-06 
 7.56500000e-10  7.56500000e-10  2.50000000e+00  1.92457189e-10  9.91932236e-06 
 7.57500000e-10  7.57500000e-10  2.50000000e+00  1.83906721e-10 -9.91960144e-06 
 7.58500000e-10  7.58500000e-10  2.50000000e+00  1.75764740e-10  9.91933435e-06 
 7.59500000e-10  7.59500000e-10  2.50000000e+00  1.68011766e-10 -9.91959002e-06 
 7.60500000e-10  7.60500000e-10  2.50000000e+00  1.60629378e-10  9.91934523e-06 
 7.61500000e-10  7.61500000e-10  2.50000000e+00  1.53599764e-10 -9.91957966e-06 
 7.62500000e-10  7.62500000e-10  2.50000000e+00  1.46905816e-10  9.91935510e-06 
 7.63500000e-10  7.63500000e-10  2.50000000e+00  1.40531481e-10 -9.91957025e-06 
 7.64500000e-10  7.64500000e-10  2.50000000e+00  1.34461491e-10  9.91936406e-06 
 7.65500000e-10  7.65500000e-10  2.50000000e+00  1.28681372e-10 -9.91956170e-06 
 7.66500000e-10  7.66500000e-10  2.50000000e+00  1.23177437e-10  9.91937220e-06 
 7.67500000e-10  7.67500000e-10  2.50000000e+00  1.17936262e-10 -9.91955395e-06 
 7.68500000e-10  7.68500000e-10  2.50000000e+00  1.12945214e-10  9.91937959e-06 
 7.69500000e-10  7.69500000e-10  2.50000000e+00  1.08192274e-10 -9.91954691e-06 
 7.70500000e-10  7.70500000e-10  2.50000000e+00  1.03666211e-10  9.91938630e-06 
 7.71500000e-10  7.71500000e-10  2.50000000e+00  9.93562352e-11 -9.91954052e-06 
 7.72500000e-10  7.72500000e-10  2.50000000e+00  9.52518179e-11  9.91939239e-06 
 7.73500000e-10  7.73500000e-10  2.50000000e+00  9.13433087e-11 -9.91953472e-06 
 7.74500000e-10  7.74500000e-10  2.50000000e+00  8.76214077e-11  9.91939792e-06 
 7.75500000e-10  7.75500000e-10  2.50000000e+00  8.40771663e-11 -9.91952945e-06 
 7.76500000e-10  7.76500000e-10  2.50000000e+00  8.07019865e-11  9.91940294e-06 
 7.77500000e-10  7.77500000e-10  2.50000000e+00  7.74878847e-11 -9.91952467e-06 
 7.78500000e-10  7.78500000e-10  2.50000000e+00  7.44271403e-11  9.91940749e-06 
 7.79500000e-10  7.79500000e-10  2.50000000e+00  7.15122083e-11 -9.91952033e-06 
 7.80500000e-10  7.80500000e-10  2.50000000e+00  6.87360701e-11  9.91941163e-06 
 7.81500000e-10  7.81500000e-10  2.50000000e+00  6.60924965e-11 -9.91951639e-06 
 7.82500000e-10  7.82500000e-10  2.50000000e+00  6.35750832e-11  9.91941538e-06 
 7.83500000e-10  7.83500000e-10  2.50000000e+00  6.11776010e-11 -9.91951281e-06 
 7.84500000e-10  7.84500000e-10  2.50000000e+00  5.88945227e-11  9.91941879e-06 
 7.85500000e-10  7.85500000e-10  2.50000000e+00  5.67201458e-11 -9.91950956e-06 
 7.86500000e-10  7.86500000e-10  2.50000000e+00  5.46492062e-11  9.91942189e-06 
 7.87500000e-10  7.87500000e-10  2.50000000e+00  5.26771417e-11 -9.91950661e-06 
 7.88500000e-10  7.88500000e-10  2.50000000e+00  5.07991272e-11  9.91942470e-06 
 7.89500000e-10  7.89500000e-10  2.50000000e+00  4.90106003e-11 -9.91950393e-06 
 7.90500000e-10  7.90500000e-10  2.50000000e+00  4.73073501e-11  9.91942725e-06 
 7.91500000e-10  7.91500000e-10  2.50000000e+00  4.56851652e-11 -9.91950151e-06 
 7.92500000e-10  7.92500000e-10  2.50000000e+00  4.41403609e-11  9.91942957e-06 
 7.93500000e-10  7.93500000e-10  2.50000000e+00  4.26693402e-11 -9.91949930e-06 
 7.94500000e-10  7.94500000e-10  2.50000000e+00  4.12684182e-11  9.91943167e-06 
 7.95500000e-10  7.95500000e-10  2.50000000e+00  3.99339979e-11 -9.91949729e-06 
 7.96500000e-10  7.96500000e-10  2.50000000e+00  3.86632717e-11  9.91943358e-06 
 7.97500000e-10  7.97500000e-10  2.50000000e+00  3.74531692e-11 -9.91949547e-06 
 7.98500000e-10  7.98500000e-10  2.50000000e+00  3.63004441e-11  9.91943531e-06 
 7.99500000e-10  7.99500000e-10  2.50000000e+00  3.52026399e-11 -9.91949382e-06 
 8.00500000e-10  8.00500000e-10  2.50000000e+00  3.41571247e-11  9.91943688e-06 
 8.01500000e-10  8.01500000e-10  2.50000000e+00  3.31613541e-11 -9.91949232e-06 
 8.02500000e-10  8.02500000e-10  2.50000000e+00  3.22129594e-11  9.91943831e-06 
 8.03500000e-10  8.03500000e-10  2.50000000e+00  3.13095717e-11 -9.91949096e-06 
 8.04500000e-10  8.04500000e-10  2.50000000e+00  3.04490856e-11  9.91943961e-06 
 8.05500000e-10  8.05500000e-10  2.50000000e+00  2.96295707e-11 -9.91948972e-06 
 8.06500000e-10  8.06500000e-10  2.50000000e+00  2.88491849e-11  9.91944079e-06 
 8.07500000e-10  8.07500000e-10  2.50000000e+00  2.81059979e-11 -9.91948860e-06 
 8.08500000e-10  8.08500000e-10  2.50000000e+00  2.73981673e-11  9.91944186e-06 
 8.09500000e-10  8.09500000e-10  2.50000000e+00  2.67241139e-11 -9.91948758e-06 
 8.10500000e-10  8.10500000e-10  2.50000000e+00  2.60821709e-11  9.91944283e-06 
 8.11500000e-10  8.11500000e-10  2.50000000e+00  2.54710222e-11 -9.91948665e-06 
 8.12500000e-10  8.12500000e-10  2.50000000e+00  2.48889131e-11  9.91944371e-06 
 8.13500000e-10  8.13500000e-10  2.50000000e+00  2.43341768e-11 -9.91948582e-06 
 8.14500000e-10  8.14500000e-10  2.50000000e+00  2.38059358e-11  9.91944451e-06 
 8.15500000e-10  8.15500000e-10  2.50000000e+00  2.33027865e-11 -9.91948505e-06 
 8.16500000e-10  8.16500000e-10  2.50000000e+00  2.28235007e-11  9.91944524e-06 
 8.17500000e-10  8.17500000e-10  2.50000000e+00  2.23670254e-11 -9.91948436e-06 
 8.18500000e-10  8.18500000e-10  2.50000000e+00  2.19323957e-11  9.91944590e-06 
 8.19500000e-10  8.19500000e-10  2.50000000e+00  2.15182955e-11 -9.91948373e-06 
 8.20500000e-10  8.20500000e-10  2.50000000e+00  2.11236720e-11  9.91944650e-06 
 8.21500000e-10  8.21500000e-10  2.50000000e+00  2.07478234e-11 -9.91948316e-06 
 8.22500000e-10  8.22500000e-10  2.50000000e+00  2.03900479e-11  9.91944704e-06 
 8.23500000e-10  8.23500000e-10  2.50000000e+00  2.00492926e-11 -9.91948264e-06 
 8.24500000e-10  8.24500000e-10  2.50000000e+00  1.97248556e-11  9.91944754e-06 
 8.25500000e-10  8.25500000e-10  2.50000000e+00  1.94157719e-11 -9.91948217e-06 
 8.26500000e-10  8.26500000e-10  2.50000000e+00  1.91211642e-11  9.91944798e-06 
 8.27500000e-10  8.27500000e-10  2.50000000e+00  1.88405938e-11 -9.91948174e-06 
 8.28500000e-10  8.28500000e-10  2.50000000e+00  1.85733588e-11  9.91944839e-06 
 8.29500000e-10  8.29500000e-10  2.50000000e+00  1.83186696e-11 -9.91948135e-06 
 8.30500000e-10  8.30500000e-10  2.50000000e+00  1.80761753e-11  9.91944876e-06 
 8.31500000e-10  8.31500000e-10  2.50000000e+00  1.78452618e-11 -9.91948100e-06 
 8.32500000e-10  8.32500000e-10  2.50000000e+00  1.76254027e-11  9.91944910e-06 
 8.33500000e-10  8.33500000e-10  2.50000000e+00  1.74160715e-11 -9.91948068e-06 
 8.34500000e-10  8.34500000e-10  2.50000000e+00  1.72167420e-11  9.91944940e-06 
 8.35500000e-10  8.35500000e-10  2.50000000e+00  1.70267998e-11 -9.91948039e-06 
 8.36500000e-10  8.36500000e-10  2.50000000e+00  1.68457187e-11  9.91944968e-06 
 8.37500000e-10  8.37500000e-10  2.50000000e+00  1.66732355e-11 -9.91948013e-06 
 8.38500000e-10  8.38500000e-10  2.50000000e+00  1.65091746e-11  9.91944993e-06 
 8.39500000e-10  8.39500000e-10  2.50000000e+00  1.63528342e-11 -9.91947989e-06 
 8.40500000e-10  8.40500000e-10  2.50000000e+00  1.62038634e-11  9.91945016e-06 
 8.41500000e-10  8.41500000e-10  2.50000000e+00  1.60619990e-11 -9.91947967e-06 
 8.42500000e-10  8.42500000e-10  2.50000000e+00  1.59267146e-11  9.91945037e-06 
 8.43500000e-10  8.43500000e-10  2.50000000e+00  1.57979224e-11 -9.91947947e-06 
 8.44500000e-10  8.44500000e-10  2.50000000e+00  1.56752715e-11  9.91945056e-06 
 8.45500000e-10  8.45500000e-10  2.50000000e+00  1.55584111e-11 -9.91947929e-06 
 8.46500000e-10  8.46500000e-10  2.50000000e+00  1.54469900e-11  9.91945073e-06 
 8.47500000e-10  8.47500000e-10  2.50000000e+00  1.53410962e-11 -9.91947913e-06 
 8.48500000e-10  8.48500000e-10  2.50000000e+00  1.52402031e-11  9.91945088e-06 
 8.49500000e-10  8.49500000e-10  2.50000000e+00  1.51440477e-11 -9.91947898e-06 
 8.50500000e-10  8.50500000e-10  2.50000000e+00  1.50523666e-11  9.91945103e-06 
 8.51500000e-10  8.51500000e-10  2.50000000e+00  1.49651599e-11 -9.91947885e-06 
 8.52500000e-10  8.52500000e-10  2.50000000e+00  1.48821644e-11  9.91945115e-06 
 8.53500000e-10  8.53500000e-10  2.50000000e+00  1.48030291e-11 -9.91947873e-06 
 8.54500000e-10  8.54500000e-10  2.50000000e+00  1.47274909e-11  9.91945127e-06 
 8.55500000e-10  8.55500000e-10  2.50000000e+00  1.46553743e-11 -9.91947861e-06 
 8.56500000e-10  8.56500000e-10  2.50000000e+00  1.45869425e-11  9.91945138e-06 
 8.57500000e-10  8.57500000e-10  2.50000000e+00  1.45219323e-11 -9.91947851e-06 
 8.58500000e-10  8.58500000e-10  2.50000000e+00  1.44598173e-11  9.91945147e-06 
 8.59500000e-10  8.59500000e-10  2.50000000e+00  1.44007729e-11 -9.91947842e-06 
 8.60500000e-10  8.60500000e-10  2.50000000e+00  1.43444483e-11  9.91945156e-06 
 8.61500000e-10  8.61500000e-10  2.50000000e+00  1.42904924e-11 -9.91947834e-06 
 8.62500000e-10  8.62500000e-10  2.50000000e+00  1.42391686e-11  9.91945164e-06 
 8.63500000e-10  8.63500000e-10  2.50000000e+00  1.41905644e-11 -9.91947826e-06 
 8.64500000e-10  8.64500000e-10  2.50000000e+00  1.41440659e-11  9.91945171e-06 
 8.65500000e-10  8.65500000e-10  2.50000000e+00  1.40998484e-11 -9.91947820e-06 
 8.66500000e-10  8.66500000e-10  2.50000000e+00  1.40576488e-11  9.91945178e-06 
 8.67500000e-10  8.67500000e-10  2.50000000e+00  1.40176425e-11 -9.91947813e-06 
 8.68500000e-10  8.68500000e-10  2.50000000e+00  1.39797418e-11  9.91945184e-06 
 8.69500000e-10  8.69500000e-10  2.50000000e+00  1.39437712e-11 -9.91947808e-06 
 8.70500000e-10  8.70500000e-10  2.50000000e+00  1.39092044e-11  9.91945189e-06 
 8.71500000e-10  8.71500000e-10  2.50000000e+00  1.38760413e-11 -9.91947802e-06 
 8.72500000e-10  8.72500000e-10  2.50000000e+00  1.38444574e-11  9.91945194e-06 
 8.73500000e-10  8.73500000e-10  2.50000000e+00  1.38144527e-11 -9.91947798e-06 
 8.74500000e-10  8.74500000e-10  2.50000000e+00  1.37858517e-11  9.91945198e-06 
 8.75500000e-10  8.75500000e-10  2.50000000e+00  1.37586544e-11 -9.91947794e-06 
 8.76500000e-10  8.76500000e-10  2.50000000e+00  1.37328609e-11  9.91945202e-06 
 8.77500000e-10  8.77500000e-10  2.50000000e+00  1.37082956e-11 -9.91947790e-06 
 8.78500000e-10  8.78500000e-10  2.50000000e+00  1.36847831e-11  9.91945206e-06 
 8.79500000e-10  8.79500000e-10  2.50000000e+00  1.36621480e-11 -9.91947786e-06 
 8.80500000e-10  8.80500000e-10  2.50000000e+00  1.36405657e-11  9.91945209e-06 
 8.81500000e-10  8.81500000e-10  2.50000000e+00  1.36202116e-11 -9.91947783e-06 
 8.82500000e-10  8.82500000e-10  2.50000000e+00  1.36007348e-11  9.91945212e-06 
 8.83500000e-10  8.83500000e-10  2.50000000e+00  1.35823109e-11 -9.91947780e-06 
 8.84500000e-10  8.84500000e-10  2.50000000e+00  1.35648520e-11  9.91945215e-06 
 8.85500000e-10  8.85500000e-10  2.50000000e+00  1.35479195e-11 -9.91947778e-06 
 8.86500000e-10  8.86500000e-10  2.50000000e+00  1.35319521e-11  9.91945217e-06 
 8.87500000e-10  8.87500000e-10  2.50000000e+00  1.35168620e-11 -9.91947775e-06 
 8.88500000e-10  8.88500000e-10  2.50000000e+00  1.35022983e-11  9.91945220e-06 
 8.89500000e-10  8.89500000e-10  2.50000000e+00  1.34882610e-11 -9.91947773e-06 
 8.90500000e-10  8.90500000e-10  2.50000000e+00  1.34751011e-11  9.91945222e-06 
 8.91500000e-10  8.91500000e-10  2.50000000e+00  1.34625552e-11 -9.91947771e-06 
 8.92500000e-10  8.92500000e-10  2.50000000e+00  1.34507113e-11  9.91945224e-06 
 8.93500000e-10  8.93500000e-10  2.50000000e+00  1.34393937e-11 -9.91947769e-06 
 8.94500000e-10  8.94500000e-10  2.50000000e+00  1.34285148e-11  9.91945225e-06 
 8.95500000e-10  8.95500000e-10  2.50000000e+00  1.34178113e-11 -9.91947768e-06 
 8.96500000e-10  8.96500000e-10  2.50000000e+00  1.34078098e-11  9.91945227e-06 
 8.97500000e-10  8.97500000e-10  2.50000000e+00  1.33985978e-11 -9.91947766e-06 
 8.98500000e-10  8.98500000e-10  2.50000000e+00  1.33897368e-11  9.91945228e-06 
 8.99500000e-10  8.99500000e-10  2.50000000e+00  1.33814021e-11 -9.91947765e-06 
 9.00500000e-10  9.00500000e-10  2.50000000e+00  1.33732429e-11  9.91945230e-06 
 9.01500000e-10  9.01500000e-10  2.50000000e+00  1.33655224e-11 -9.91947764e-06 
 9.02500000e-10  9.02500000e-10  2.50000000e+00  1.33581528e-11  9.91945230e-06 
 9.03500000e-10  9.03500000e-10  2.50000000e+00  1.33511342e-11 -9.91947763e-06 
 9.04500000e-10  9.04500000e-10  2.50000000e+00  1.33444665e-11  9.91945232e-06 
 9.05500000e-10  9.05500000e-10  2.50000000e+00  1.33380620e-11 -9.91947762e-06 
 9.06500000e-10  9.06500000e-10  2.50000000e+00  1.33320961e-11  9.91945233e-06 
 9.07500000e-10  9.07500000e-10  2.50000000e+00  1.33262180e-11 -9.91947761e-06 
 9.08500000e-10  9.08500000e-10  2.50000000e+00  1.33206908e-11  9.91945233e-06 
 9.09500000e-10  9.09500000e-10  2.50000000e+00  1.33156900e-11 -9.91947760e-06 
 9.10500000e-10  9.10500000e-10  2.50000000e+00  1.33108647e-11  9.91945234e-06 
 9.11500000e-10  9.11500000e-10  2.50000000e+00  1.33062149e-11 -9.91947759e-06 
 9.12500000e-10  9.12500000e-10  2.50000000e+00  1.33017405e-11  9.91945235e-06 
 9.13500000e-10  9.13500000e-10  2.50000000e+00  1.32973538e-11 -9.91947759e-06 
 9.14500000e-10  9.14500000e-10  2.50000000e+00  1.32932304e-11  9.91945236e-06 
 9.15500000e-10  9.15500000e-10  2.50000000e+00  1.32893701e-11 -9.91947758e-06 
 9.16500000e-10  9.16500000e-10  2.50000000e+00  1.32856853e-11  9.91945236e-06 
 9.17500000e-10  9.17500000e-10  2.50000000e+00  1.32822637e-11 -9.91947757e-06 
 9.18500000e-10  9.18500000e-10  2.50000000e+00  1.32788421e-11  9.91945237e-06 
 9.19500000e-10  9.19500000e-10  2.50000000e+00  1.32755960e-11 -9.91947757e-06 
 9.20500000e-10  9.20500000e-10  2.50000000e+00  1.32725253e-11  9.91945237e-06 
 9.21500000e-10  9.21500000e-10  2.50000000e+00  1.32696302e-11 -9.91947757e-06 
 9.22500000e-10  9.22500000e-10  2.50000000e+00  1.32669104e-11  9.91945238e-06 
 9.23500000e-10  9.23500000e-10  2.50000000e+00  1.32640152e-11 -9.91947756e-06 
 9.24500000e-10  9.24500000e-10  2.50000000e+00  1.32613832e-11  9.91945238e-06 
 9.25500000e-10  9.25500000e-10  2.50000000e+00  1.32590145e-11 -9.91947756e-06 
 9.26500000e-10  9.26500000e-10  2.50000000e+00  1.32568211e-11  9.91945238e-06 
 9.27500000e-10  9.27500000e-10  2.50000000e+00  1.32546278e-11 -9.91947755e-06 
 9.28500000e-10  9.28500000e-10  2.50000000e+00  1.32523467e-11  9.91945239e-06 
 9.29500000e-10  9.29500000e-10  2.50000000e+00  1.32505043e-11 -9.91947755e-06 
 9.30500000e-10  9.30500000e-10  2.50000000e+00  1.32488374e-11  9.91945239e-06 
 9.31500000e-10  9.31500000e-10  2.50000000e+00  1.32471705e-11 -9.91947755e-06 
 9.32500000e-10  9.32500000e-10  2.50000000e+00  1.32455913e-11  9.91945239e-06 
 9.33500000e-10  9.33500000e-10  2.50000000e+00  1.32442753e-11 -9.91947754e-06 
 9.34500000e-10  9.34500000e-10  2.50000000e+00  1.32429593e-11  9.91945240e-06 
 9.35500000e-10  9.35500000e-10  2.50000000e+00  1.32414678e-11 -9.91947754e-06 
 9.36500000e-10  9.36500000e-10  2.50000000e+00  1.32399764e-11  9.91945240e-06 
 9.37500000e-10  9.37500000e-10  2.50000000e+00  1.32383972e-11 -9.91947754e-06 
 9.38500000e-10  9.38500000e-10  2.50000000e+00  1.32368180e-11  9.91945240e-06 
 9.39500000e-10  9.39500000e-10  2.50000000e+00  1.32355020e-11 -9.91947754e-06 
 9.40500000e-10  9.40500000e-10  2.50000000e+00  1.32343615e-11  9.91945240e-06 
 9.41500000e-10  9.41500000e-10  2.50000000e+00  1.32333087e-11 -9.91947753e-06 
 9.42500000e-10  9.42500000e-10  2.50000000e+00  1.32321681e-11  9.91945240e-06 
 9.43500000e-10  9.43500000e-10  2.50000000e+00  1.32311153e-11 -9.91947753e-06 
 9.44500000e-10  9.44500000e-10  2.50000000e+00  1.32300625e-11  9.91945240e-06 
 9.45500000e-10  9.45500000e-10  2.50000000e+00  1.32289220e-11 -9.91947753e-06 
 9.46500000e-10  9.46500000e-10  2.50000000e+00  1.32280447e-11  9.91945241e-06 
 9.47500000e-10  9.47500000e-10  2.50000000e+00  1.32270796e-11 -9.91947753e-06 
 9.48500000e-10  9.48500000e-10  2.50000000e+00  1.32263777e-11  9.91945241e-06 
 9.49500000e-10  9.49500000e-10  2.50000000e+00  1.32257636e-11 -9.91947753e-06 
 9.50500000e-10  9.50500000e-10  2.50000000e+00  1.32251495e-11  9.91945241e-06 
 9.51500000e-10  9.51500000e-10  2.50000000e+00  1.32243599e-11 -9.91947753e-06 
 9.52500000e-10  9.52500000e-10  2.50000000e+00  1.32236580e-11  9.91945241e-06 
 9.53500000e-10  9.53500000e-10  2.50000000e+00  1.32229561e-11 -9.91947753e-06 
 9.54500000e-10  9.54500000e-10  2.50000000e+00  1.32222543e-11  9.91945241e-06 
 9.55500000e-10  9.55500000e-10  2.50000000e+00  1.32217279e-11 -9.91947753e-06 
 9.56500000e-10  9.56500000e-10  2.50000000e+00  1.32214647e-11  9.91945241e-06 
 9.57500000e-10  9.57500000e-10  2.50000000e+00  1.32210260e-11 -9.91947753e-06 
 9.58500000e-10  9.58500000e-10  2.50000000e+00  1.32204119e-11  9.91945241e-06 
 9.59500000e-10  9.59500000e-10  2.50000000e+00  1.32198855e-11 -9.91947753e-06 
 9.60500000e-10  9.60500000e-10  2.50000000e+00  1.32192714e-11  9.91945241e-06 
 9.61500000e-10  9.61500000e-10  2.50000000e+00  1.32188327e-11 -9.91947752e-06 
 9.62500000e-10  9.62500000e-10  2.50000000e+00  1.32185695e-11  9.91945241e-06 
 9.63500000e-10  9.63500000e-10  2.50000000e+00  1.32183940e-11 -9.91947752e-06 
 9.64500000e-10  9.64500000e-10  2.50000000e+00  1.32182186e-11  9.91945242e-06 
 9.65500000e-10  9.65500000e-10  2.50000000e+00  1.32178676e-11 -9.91947752e-06 
 9.66500000e-10  9.66500000e-10  2.50000000e+00  1.32175167e-11  9.91945242e-06 
 9.67500000e-10  9.67500000e-10  2.50000000e+00  1.32172535e-11 -9.91947752e-06 
 9.68500000e-10  9.68500000e-10  2.50000000e+00  1.32169026e-11  9.91945242e-06 
 9.69500000e-10  9.69500000e-10  2.50000000e+00  1.32166394e-11 -9.91947752e-06 
 9.70500000e-10  9.70500000e-10  2.50000000e+00  1.32162884e-11  9.91945242e-06 
 9.71500000e-10  9.71500000e-10  2.50000000e+00  1.32157620e-11 -9.91947752e-06 
 9.72500000e-10  9.72500000e-10  2.50000000e+00  1.32153234e-11  9.91945242e-06 
 9.73500000e-10  9.73500000e-10  2.50000000e+00  1.32149724e-11 -9.91947752e-06 
 9.74500000e-10  9.74500000e-10  2.50000000e+00  1.32147092e-11  9.91945242e-06 
 9.75500000e-10  9.75500000e-10  2.50000000e+00  1.32145338e-11 -9.91947752e-06 
 9.76500000e-10  9.76500000e-10  2.50000000e+00  1.32142706e-11  9.91945242e-06 
 9.77500000e-10  9.77500000e-10  2.50000000e+00  1.32140951e-11 -9.91947752e-06 
 9.78500000e-10  9.78500000e-10  2.50000000e+00  1.32139196e-11  9.91945242e-06 
 9.79500000e-10  9.79500000e-10  2.50000000e+00  1.32137442e-11 -9.91947752e-06 
 9.80500000e-10  9.80500000e-10  2.50000000e+00  1.32135687e-11  9.91945242e-06 
 9.81500000e-10  9.81500000e-10  2.50000000e+00  1.32133932e-11 -9.91947752e-06 
 9.82500000e-10  9.82500000e-10  2.50000000e+00  1.32132178e-11  9.91945242e-06 
 9.83500000e-10  9.83500000e-10  2.50000000e+00  1.32131300e-11 -9.91947752e-06 
 9.84500000e-10  9.84500000e-10  2.50000000e+00  1.32129546e-11  9.91945242e-06 
 9.85500000e-10  9.85500000e-10  2.50000000e+00  1.32128668e-11 -9.91947752e-06 
 9.86500000e-10  9.86500000e-10  2.50000000e+00  1.32128668e-11  9.91945242e-06 
 9.87500000e-10  9.87500000e-10  2.50000000e+00  1.32127791e-11 -9.91947752e-06 
 9.88500000e-10  9.88500000e-10  2.50000000e+00  1.32128668e-11  9.91945242e-06 
 9.89500000e-10  9.89500000e-10  2.50000000e+00  1.32129546e-11 -9.91947752e-06 
 9.90500000e-10  9.90500000e-10  2.50000000e+00  1.32128668e-11  9.91945242e-06 
 9.91500000e-10  9.91500000e-10  2.50000000e+00  1.32127791e-11 -9.91947752e-06 
 9.92500000e-10  9.92500000e-10  2.50000000e+00  1.32126036e-11  9.91945242e-06 
 9.93500000e-10  9.93500000e-10  2.50000000e+00  1.32123404e-11 -9.91947752e-06 
 9.94500000e-10  9.94500000e-10  2.50000000e+00  1.32122527e-11  9.91945242e-06 
 9.95500000e-10  9.95500000e-10  2.50000000e+00  1.32121650e-11 -9.91947752e-06 
 9.96500000e-10  9.96500000e-10  2.50000000e+00  1.32120772e-11  9.91945242e-06 
 9.97500000e-10  9.97500000e-10  2.50000000e+00  1.32120772e-11 -9.91947752e-06 
 9.98500000e-10  9.98500000e-10  2.50000000e+00  1.32121650e-11  9.91945242e-06 
 9.99500000e-10  9.99500000e-10  2.50000000e+00  1.32120772e-11 -9.91947752e-06 
 1.00050000e-09  1.00050000e-09  2.50000000e+00  1.32119018e-11  9.91945242e-06 
 1.00150000e-09  1.00150000e-09  2.50000000e+00  1.32118140e-11 -9.91947752e-06 
 1.00250000e-09  1.00250000e-09  2.50000000e+00  1.32117263e-11  9.91945242e-06 
 1.00350000e-09  1.00350000e-09  2.50000000e+00  1.32117263e-11 -9.91947752e-06 
 1.00450000e-09  1.00450000e-09  2.50000000e+00  1.32116386e-11  9.91945242e-06 
 1.00550000e-09  1.00550000e-09  2.50000000e+00  1.32115508e-11 -9.91947752e-06 
 1.00650000e-09  1.00650000e-09  2.50000000e+00  1.32115508e-11  9.91945242e-06 
 1.00750000e-09  1.00750000e-09  2.50000000e+00  1.32114631e-11 -9.91947752e-06 
 1.00850000e-09  1.00850000e-09  2.50000000e+00  1.32113754e-11  9.91945242e-06 
 1.00950000e-09  1.00950000e-09  2.50000000e+00  1.32111999e-11 -9.91947752e-06 
 1.01050000e-09  1.01050000e-09  2.50000000e+00  1.32111999e-11  9.91945242e-06 
 1.01150000e-09  1.01150000e-09  2.50000000e+00  1.32112876e-11 -9.91947752e-06 
 1.01250000e-09  1.01250000e-09  2.50000000e+00  1.32111122e-11  9.91945242e-06 
 1.01350000e-09  1.01350000e-09  2.50000000e+00  1.32109367e-11 -9.91947752e-06 
 1.01450000e-09  1.01450000e-09  2.50000000e+00  1.32108490e-11  9.91945242e-06 
 1.01550000e-09  1.01550000e-09  2.50000000e+00  1.32109367e-11 -9.91947752e-06 
 1.01650000e-09  1.01650000e-09  2.50000000e+00  1.32110244e-11  9.91945242e-06 
 1.01750000e-09  1.01750000e-09  2.50000000e+00  1.32111122e-11 -9.91947752e-06 
 1.01850000e-09  1.01850000e-09  2.50000000e+00  1.32111999e-11  9.91945242e-06 
 1.01950000e-09  1.01950000e-09  2.50000000e+00  1.32111122e-11 -9.91947752e-06 
 1.02050000e-09  1.02050000e-09  2.50000000e+00  1.32109367e-11  9.91945242e-06 
 1.02150000e-09  1.02150000e-09  2.50000000e+00  1.32109367e-11 -9.91947752e-06 
 1.02250000e-09  1.02250000e-09  2.50000000e+00  1.32110244e-11  9.91945242e-06 
 1.02350000e-09  1.02350000e-09  2.50000000e+00  1.32111122e-11 -9.91947752e-06 
 1.02450000e-09  1.02450000e-09  2.50000000e+00  1.32112876e-11  9.91945242e-06 
 1.02550000e-09  1.02550000e-09  2.50000000e+00  1.32113754e-11 -9.91947752e-06 
 1.02650000e-09  1.02650000e-09  2.50000000e+00  1.32112876e-11  9.91945242e-06 
 1.02750000e-09  1.02750000e-09  2.50000000e+00  1.32111999e-11 -9.91947752e-06 
 1.02850000e-09  1.02850000e-09  2.50000000e+00  1.32110244e-11  9.91945242e-06 
 1.02950000e-09  1.02950000e-09  2.50000000e+00  1.32108490e-11 -9.91947752e-06 
 1.03050000e-09  1.03050000e-09  2.50000000e+00  1.32106735e-11  9.91945242e-06 
 1.03150000e-09  1.03150000e-09  2.50000000e+00  1.32106735e-11 -9.91947752e-06 
 1.03250000e-09  1.03250000e-09  2.50000000e+00  1.32106735e-11  9.91945242e-06 
 1.03350000e-09  1.03350000e-09  2.50000000e+00  1.32106735e-11 -9.91947752e-06 
 1.03450000e-09  1.03450000e-09  2.50000000e+00  1.32107612e-11  9.91945242e-06 
 1.03550000e-09  1.03550000e-09  2.50000000e+00  1.32107612e-11 -9.91947752e-06 
 1.03650000e-09  1.03650000e-09  2.50000000e+00  1.32106735e-11  9.91945242e-06 
 1.03750000e-09  1.03750000e-09  2.50000000e+00  1.32106735e-11 -9.91947752e-06 
 1.03850000e-09  1.03850000e-09  2.50000000e+00  1.32107612e-11  9.91945242e-06 
 1.03950000e-09  1.03950000e-09  2.50000000e+00  1.32107612e-11 -9.91947752e-06 
 1.04050000e-09  1.04050000e-09  2.50000000e+00  1.32107612e-11  9.91945242e-06 
 1.04150000e-09  1.04150000e-09  2.50000000e+00  1.32107612e-11 -9.91947752e-06 
 1.04250000e-09  1.04250000e-09  2.50000000e+00  1.32107612e-11  9.91945242e-06 
 1.04350000e-09  1.04350000e-09  2.50000000e+00  1.32107612e-11 -9.91947752e-06 
 1.04450000e-09  1.04450000e-09  2.50000000e+00  1.32107612e-11  9.91945242e-06 
 1.04550000e-09  1.04550000e-09  2.50000000e+00  1.32107612e-11 -9.91947752e-06 
 1.04650000e-09  1.04650000e-09  2.50000000e+00  1.32108490e-11  9.91945242e-06 
 1.04750000e-09  1.04750000e-09  2.50000000e+00  1.32109367e-11 -9.91947752e-06 
 1.04850000e-09  1.04850000e-09  2.50000000e+00  1.32109367e-11  9.91945242e-06 
 1.04950000e-09  1.04950000e-09  2.50000000e+00  1.32109367e-11 -9.91947752e-06 
 1.05050000e-09  1.05050000e-09  2.50000000e+00  1.32109367e-11  9.91945242e-06 
 1.05150000e-09  1.05150000e-09  2.50000000e+00  1.32109367e-11 -9.91947752e-06 
 1.05250000e-09  1.05250000e-09  2.50000000e+00  1.32109367e-11  9.91945242e-06 
 1.05350000e-09  1.05350000e-09  2.50000000e+00  1.32108490e-11 -9.91947752e-06 
 1.05450000e-09  1.05450000e-09  2.50000000e+00  1.32106735e-11  9.91945242e-06 
 1.05550000e-09  1.05550000e-09  2.50000000e+00  1.32105858e-11 -9.91947752e-06 
 1.05650000e-09  1.05650000e-09  2.50000000e+00  1.32106735e-11  9.91945242e-06 
 1.05750000e-09  1.05750000e-09  2.50000000e+00  1.32106735e-11 -9.91947752e-06 
 1.05850000e-09  1.05850000e-09  2.50000000e+00  1.32105858e-11  9.91945242e-06 
 1.05950000e-09  1.05950000e-09  2.50000000e+00  1.32105858e-11 -9.91947752e-06 
 1.06050000e-09  1.06050000e-09  2.50000000e+00  1.32106735e-11  9.91945242e-06 
 1.06150000e-09  1.06150000e-09  2.50000000e+00  1.32106735e-11 -9.91947752e-06 
 1.06250000e-09  1.06250000e-09  2.50000000e+00  1.32105858e-11  9.91945242e-06 
 1.06350000e-09  1.06350000e-09  2.50000000e+00  1.32105858e-11 -9.91947752e-06 
 1.06450000e-09  1.06450000e-09  2.50000000e+00  1.32105858e-11  9.91945242e-06 
 1.06550000e-09  1.06550000e-09  2.50000000e+00  1.32104981e-11 -9.91947752e-06 
 1.06650000e-09  1.06650000e-09  2.50000000e+00  1.32104103e-11  9.91945242e-06 
 1.06750000e-09  1.06750000e-09  2.50000000e+00  1.32104981e-11 -9.91947752e-06 
 1.06850000e-09  1.06850000e-09  2.50000000e+00  1.32104981e-11  9.91945242e-06 
 1.06950000e-09  1.06950000e-09  2.50000000e+00  1.32104981e-11 -9.91947752e-06 
 1.07050000e-09  1.07050000e-09  2.50000000e+00  1.32104981e-11  9.91945242e-06 
 1.07150000e-09  1.07150000e-09  2.50000000e+00  1.32104103e-11 -9.91947752e-06 
 1.07250000e-09  1.07250000e-09  2.50000000e+00  1.32104103e-11  9.91945242e-06 
 1.07350000e-09  1.07350000e-09  2.50000000e+00  1.32104981e-11 -9.91947752e-06 
 1.07450000e-09  1.07450000e-09  2.50000000e+00  1.32104103e-11  9.91945242e-06 
 1.07550000e-09  1.07550000e-09  2.50000000e+00  1.32102349e-11 -9.91947752e-06 
 1.07650000e-09  1.07650000e-09  2.50000000e+00  1.32102349e-11  9.91945242e-06 
 1.07750000e-09  1.07750000e-09  2.50000000e+00  1.32104103e-11 -9.91947752e-06 
 1.07850000e-09  1.07850000e-09  2.50000000e+00  1.32104981e-11  9.91945242e-06 
 1.07950000e-09  1.07950000e-09  2.50000000e+00  1.32104981e-11 -9.91947752e-06 
 1.08050000e-09  1.08050000e-09  2.50000000e+00  1.32104981e-11  9.91945242e-06 
 1.08150000e-09  1.08150000e-09  2.50000000e+00  1.32104981e-11 -9.91947752e-06 
 1.08250000e-09  1.08250000e-09  2.50000000e+00  1.32104981e-11  9.91945242e-06 
 1.08350000e-09  1.08350000e-09  2.50000000e+00  1.32104103e-11 -9.91947752e-06 
 1.08450000e-09  1.08450000e-09  2.50000000e+00  1.32104103e-11  9.91945242e-06 
 1.08550000e-09  1.08550000e-09  2.50000000e+00  1.32104981e-11 -9.91947752e-06 
 1.08650000e-09  1.08650000e-09  2.50000000e+00  1.32105858e-11  9.91945242e-06 
 1.08750000e-09  1.08750000e-09  2.50000000e+00  1.32107612e-11 -9.91947752e-06 
 1.08850000e-09  1.08850000e-09  2.50000000e+00  1.32107612e-11  9.91945242e-06 
 1.08950000e-09  1.08950000e-09  2.50000000e+00  1.32106735e-11 -9.91947752e-06 
 1.09050000e-09  1.09050000e-09  2.50000000e+00  1.32106735e-11  9.91945242e-06 
 1.09150000e-09  1.09150000e-09  2.50000000e+00  1.32106735e-11 -9.91947752e-06 
 1.09250000e-09  1.09250000e-09  2.50000000e+00  1.32105858e-11  9.91945242e-06 
 1.09350000e-09  1.09350000e-09  2.50000000e+00  1.32105858e-11 -9.91947752e-06 
 1.09450000e-09  1.09450000e-09  2.50000000e+00  1.32105858e-11  9.91945242e-06 
 1.09550000e-09  1.09550000e-09  2.50000000e+00  1.32104981e-11 -9.91947752e-06 
 1.09650000e-09  1.09650000e-09  2.50000000e+00  1.32104981e-11  9.91945242e-06 
 1.09750000e-09  1.09750000e-09  2.50000000e+00  1.32104981e-11 -9.91947752e-06 
 1.09850000e-09  1.09850000e-09  2.50000000e+00  1.32104103e-11  9.91945242e-06 
 1.09950000e-09  1.09950000e-09  2.50000000e+00  1.32105858e-11 -9.91947752e-06 
 1.10050000e-09  1.10050000e-09  2.50000000e+00  1.32106735e-11  9.91945242e-06 
 1.10150000e-09  1.10150000e-09  2.50000000e+00  1.32104103e-11 -9.91947752e-06 
 1.10250000e-09  1.10250000e-09  2.50000000e+00  1.32102349e-11  9.91945242e-06 
 1.10350000e-09  1.10350000e-09  2.50000000e+00  1.32103226e-11 -9.91947752e-06 
 1.10450000e-09  1.10450000e-09  2.50000000e+00  1.32103226e-11  9.91945242e-06 
 1.10550000e-09  1.10550000e-09  2.50000000e+00  1.32103226e-11 -9.91947752e-06 
 1.10650000e-09  1.10650000e-09  2.50000000e+00  1.32103226e-11  9.91945242e-06 
 1.10750000e-09  1.10750000e-09  2.50000000e+00  1.32102349e-11 -9.91947752e-06 
 1.10850000e-09  1.10850000e-09  2.50000000e+00  1.32103226e-11  9.91945242e-06 
 1.10950000e-09  1.10950000e-09  2.50000000e+00  1.32104103e-11 -9.91947752e-06 
 1.11050000e-09  1.11050000e-09  2.50000000e+00  1.32103226e-11  9.91945242e-06 
 1.11150000e-09  1.11150000e-09  2.50000000e+00  1.32103226e-11 -9.91947752e-06 
 1.11250000e-09  1.11250000e-09  2.50000000e+00  1.32103226e-11  9.91945242e-06 
 1.11350000e-09  1.11350000e-09  2.50000000e+00  1.32102349e-11 -9.91947752e-06 
 1.11450000e-09  1.11450000e-09  2.50000000e+00  1.32103226e-11  9.91945242e-06 
 1.11550000e-09  1.11550000e-09  2.50000000e+00  1.32104103e-11 -9.91947752e-06 
 1.11650000e-09  1.11650000e-09  2.50000000e+00  1.32103226e-11  9.91945242e-06 
 1.11750000e-09  1.11750000e-09  2.50000000e+00  1.32104103e-11 -9.91947752e-06 
 1.11850000e-09  1.11850000e-09  2.50000000e+00  1.32104103e-11  9.91945242e-06 
 1.11950000e-09  1.11950000e-09  2.50000000e+00  1.32103226e-11 -9.91947752e-06 
 1.12050000e-09  1.12050000e-09  2.50000000e+00  1.32104103e-11  9.91945242e-06 
 1.12150000e-09  1.12150000e-09  2.50000000e+00  1.32103226e-11 -9.91947752e-06 
 1.12250000e-09  1.12250000e-09  2.50000000e+00  1.32104981e-11  9.91945242e-06 
 1.12350000e-09  1.12350000e-09  2.50000000e+00  1.32106735e-11 -9.91947752e-06 
 1.12450000e-09  1.12450000e-09  2.50000000e+00  1.32104981e-11  9.91945242e-06 
 1.12550000e-09  1.12550000e-09  2.50000000e+00  1.32103226e-11 -9.91947752e-06 
 1.12650000e-09  1.12650000e-09  2.50000000e+00  1.32103226e-11  9.91945242e-06 
 1.12750000e-09  1.12750000e-09  2.50000000e+00  1.32102349e-11 -9.91947752e-06 
 1.12850000e-09  1.12850000e-09  2.50000000e+00  1.32102349e-11  9.91945242e-06 
 1.12950000e-09  1.12950000e-09  2.50000000e+00  1.32104103e-11 -9.91947752e-06 
 1.13050000e-09  1.13050000e-09  2.50000000e+00  1.32104981e-11  9.91945242e-06 
 1.13150000e-09  1.13150000e-09  2.50000000e+00  1.32105858e-11 -9.91947752e-06 
 1.13250000e-09  1.13250000e-09  2.50000000e+00  1.32106735e-11  9.91945242e-06 
 1.13350000e-09  1.13350000e-09  2.50000000e+00  1.32104981e-11 -9.91947752e-06 
 1.13450000e-09  1.13450000e-09  2.50000000e+00  1.32103226e-11  9.91945242e-06 
 1.13550000e-09  1.13550000e-09  2.50000000e+00  1.32103226e-11 -9.91947752e-06 
 1.13650000e-09  1.13650000e-09  2.50000000e+00  1.32103226e-11  9.91945242e-06 
 1.13750000e-09  1.13750000e-09  2.50000000e+00  1.32104103e-11 -9.91947752e-06 
 1.13850000e-09  1.13850000e-09  2.50000000e+00  1.32104981e-11  9.91945242e-06 
 1.13950000e-09  1.13950000e-09  2.50000000e+00  1.32106735e-11 -9.91947752e-06 
 1.14050000e-09  1.14050000e-09  2.50000000e+00  1.32109367e-11  9.91945242e-06 
 1.14150000e-09  1.14150000e-09  2.50000000e+00  1.32108490e-11 -9.91947752e-06 
 1.14250000e-09  1.14250000e-09  2.50000000e+00  1.32107612e-11  9.91945242e-06 
 1.14350000e-09  1.14350000e-09  2.50000000e+00  1.32107612e-11 -9.91947752e-06 
 1.14450000e-09  1.14450000e-09  2.50000000e+00  1.32106735e-11  9.91945242e-06 
 1.14550000e-09  1.14550000e-09  2.50000000e+00  1.32105858e-11 -9.91947752e-06 
 1.14650000e-09  1.14650000e-09  2.50000000e+00  1.32105858e-11  9.91945242e-06 
 1.14750000e-09  1.14750000e-09  2.50000000e+00  1.32105858e-11 -9.91947752e-06 
 1.14850000e-09  1.14850000e-09  2.50000000e+00  1.32105858e-11  9.91945242e-06 
 1.14950000e-09  1.14950000e-09  2.50000000e+00  1.32105858e-11 -9.91947752e-06 
 1.15050000e-09  1.15050000e-09  2.50000000e+00  1.32105858e-11  9.91945242e-06 
 1.15150000e-09  1.15150000e-09  2.50000000e+00  1.32105858e-11 -9.91947752e-06 
 1.15250000e-09  1.15250000e-09  2.50000000e+00  1.32105858e-11  9.91945242e-06 
 1.15350000e-09  1.15350000e-09  2.50000000e+00  1.32105858e-11 -9.91947752e-06 
 1.15450000e-09  1.15450000e-09  2.50000000e+00  1.32105858e-11  9.91945242e-06 
 1.15550000e-09  1.15550000e-09  2.50000000e+00  1.32105858e-11 -9.91947752e-06 
 1.15650000e-09  1.15650000e-09  2.50000000e+00  1.32105858e-11  9.91945242e-06 
 1.15750000e-09  1.15750000e-09  2.50000000e+00  1.32105858e-11 -9.91947752e-06 
 1.15850000e-09  1.15850000e-09  2.50000000e+00  1.32105858e-11  9.91945242e-06 
 1.15950000e-09  1.15950000e-09  2.50000000e+00  1.32105858e-11 -9.91947752e-06 
 1.16050000e-09  1.16050000e-09  2.50000000e+00  1.32105858e-11  9.91945242e-06 
 1.16150000e-09  1.16150000e-09  2.50000000e+00  1.32105858e-11 -9.91947752e-06 
 1.16250000e-09  1.16250000e-09  2.50000000e+00  1.32105858e-11  9.91945242e-06 
 1.16350000e-09  1.16350000e-09  2.50000000e+00  1.32105858e-11 -9.91947752e-06 
 1.16450000e-09  1.16450000e-09  2.50000000e+00  1.32105858e-11  9.91945242e-06 
 1.16550000e-09  1.16550000e-09  2.50000000e+00  1.32105858e-11 -9.91947752e-06 
 1.16650000e-09  1.16650000e-09  2.50000000e+00  1.32105858e-11  9.91945242e-06 
 1.16750000e-09  1.16750000e-09  2.50000000e+00  1.32105858e-11 -9.91947752e-06 
 1.16850000e-09  1.16850000e-09  2.50000000e+00  1.32105858e-11  9.91945242e-06 
 1.16950000e-09  1.16950000e-09  2.50000000e+00  1.32105858e-11 -9.91947752e-06 
 1.17050000e-09  1.17050000e-09  2.50000000e+00  1.32105858e-11  9.91945242e-06 
 1.17150000e-09  1.17150000e-09  2.50000000e+00  1.32105858e-11 -9.91947752e-06 
 1.17250000e-09  1.17250000e-09  2.50000000e+00  1.32105858e-11  9.91945242e-06 
 1.17350000e-09  1.17350000e-09  2.50000000e+00  1.32105858e-11 -9.91947752e-06 
 1.17450000e-09  1.17450000e-09  2.50000000e+00  1.32105858e-11  9.91945242e-06 
 1.17550000e-09  1.17550000e-09  2.50000000e+00  1.32105858e-11 -9.91947752e-06 
 1.17650000e-09  1.17650000e-09  2.50000000e+00  1.32105858e-11  9.91945242e-06 
 1.17750000e-09  1.17750000e-09  2.50000000e+00  1.32105858e-11 -9.91947752e-06 
 1.17850000e-09  1.17850000e-09  2.50000000e+00  1.32105858e-11  9.91945242e-06 
 1.17950000e-09  1.17950000e-09  2.50000000e+00  1.32105858e-11 -9.91947752e-06 
 1.18050000e-09  1.18050000e-09  2.50000000e+00  1.32105858e-11  9.91945242e-06 
 1.18150000e-09  1.18150000e-09  2.50000000e+00  1.32105858e-11 -9.91947752e-06 
 1.18250000e-09  1.18250000e-09  2.50000000e+00  1.32105858e-11  9.91945242e-06 
 1.18350000e-09  1.18350000e-09  2.50000000e+00  1.32105858e-11 -9.91947752e-06 
 1.18450000e-09  1.18450000e-09  2.50000000e+00  1.32105858e-11  9.91945242e-06 
 1.18550000e-09  1.18550000e-09  2.50000000e+00  1.32105858e-11 -9.91947752e-06 
 1.18650000e-09  1.18650000e-09  2.50000000e+00  1.32105858e-11  9.91945242e-06 
 1.18750000e-09  1.18750000e-09  2.50000000e+00  1.32105858e-11 -9.91947752e-06 
 1.18850000e-09  1.18850000e-09  2.50000000e+00  1.32105858e-11  9.91945242e-06 
 1.18950000e-09  1.18950000e-09  2.50000000e+00  1.32105858e-11 -9.91947752e-06 
 1.19050000e-09  1.19050000e-09  2.50000000e+00  1.32105858e-11  9.91945242e-06 
 1.19150000e-09  1.19150000e-09  2.50000000e+00  1.32105858e-11 -9.91947752e-06 
 1.19250000e-09  1.19250000e-09  2.50000000e+00  1.32105858e-11  9.91945242e-06 
 1.19350000e-09  1.19350000e-09  2.50000000e+00  1.32105858e-11 -9.91947752e-06 
 1.19450000e-09  1.19450000e-09  2.50000000e+00  1.32105858e-11  9.91945242e-06 
 1.19550000e-09  1.19550000e-09  2.50000000e+00  1.32105858e-11 -9.91947752e-06 
 1.19650000e-09  1.19650000e-09  2.50000000e+00  1.32105858e-11  9.91945242e-06 
 1.19750000e-09  1.19750000e-09  2.50000000e+00  1.32105858e-11 -9.91947752e-06 
 1.19850000e-09  1.19850000e-09  2.50000000e+00  1.32105858e-11  9.91945242e-06 
 1.19950000e-09  1.19950000e-09  2.50000000e+00  1.32105858e-11 -9.91947752e-06 
 1.20050000e-09  1.20050000e-09  2.50000000e+00  1.32105858e-11  9.91945242e-06 
 1.20150000e-09  1.20150000e-09  2.50000000e+00  1.32105858e-11 -9.91947752e-06 
 1.20250000e-09  1.20250000e-09  2.50000000e+00  1.32105858e-11  9.91945242e-06 
 1.20350000e-09  1.20350000e-09  2.50000000e+00  1.32105858e-11 -9.91947752e-06 
 1.20450000e-09  1.20450000e-09  2.50000000e+00  1.32105858e-11  9.91945242e-06 
 1.20550000e-09  1.20550000e-09  2.50000000e+00  1.32105858e-11 -9.91947752e-06 
 1.20650000e-09  1.20650000e-09  2.50000000e+00  1.32105858e-11  9.91945242e-06 
 1.20750000e-09  1.20750000e-09  2.50000000e+00  1.32105858e-11 -9.91947752e-06 
 1.20850000e-09  1.20850000e-09  2.50000000e+00  1.32105858e-11  9.91945242e-06 
 1.20950000e-09  1.20950000e-09  2.50000000e+00  1.32105858e-11 -9.91947752e-06 
 1.21050000e-09  1.21050000e-09  2.50000000e+00  1.32105858e-11  9.91945242e-06 
 1.21150000e-09  1.21150000e-09  2.50000000e+00  1.32105858e-11 -9.91947752e-06 
 1.21250000e-09  1.21250000e-09  2.50000000e+00  1.32105858e-11  9.91945242e-06 
 1.21350000e-09  1.21350000e-09  2.50000000e+00  1.32105858e-11 -9.91947752e-06 
 1.21450000e-09  1.21450000e-09  2.50000000e+00  1.32105858e-11  9.91945242e-06 
 1.21550000e-09  1.21550000e-09  2.50000000e+00  1.32105858e-11 -9.91947752e-06 
 1.21650000e-09  1.21650000e-09  2.50000000e+00  1.32105858e-11  9.91945242e-06 
 1.21750000e-09  1.21750000e-09  2.50000000e+00  1.32105858e-11 -9.91947752e-06 
 1.21850000e-09  1.21850000e-09  2.50000000e+00  1.32105858e-11  9.91945242e-06 
 1.21925000e-09  1.21925000e-09  2.50000000e+00  1.32105214e-11 -9.91947752e-06 
 1.22000000e-09  1.22000000e-09  2.50000000e+00  1.32104543e-11  9.91945242e-06 
 1.22010000e-09  1.22010000e-09  2.48750000e+00 -2.37086021e-07 -7.16753750e-04 
 1.22030000e-09  1.22030000e-09  2.46250000e+00 -6.90923822e-07 -6.77520722e-04 
 1.22070000e-09  1.22070000e-09  2.41250000e+00 -1.48342181e-06 -6.36538829e-04 
 1.22150000e-09  1.22150000e-09  2.31250000e+00 -2.66938224e-06 -5.94092131e-04 
 1.22250000e-09  1.22250000e-09  2.18750000e+00 -3.54436737e-06 -6.40614868e-04 
 1.22350000e-09  1.22350000e-09  2.06250000e+00 -3.91417852e-06 -6.61408381e-04 
 1.22450000e-09  1.22450000e-09  1.93750000e+00 -3.89673672e-06 -6.72967833e-04 
 1.22550000e-09  1.22550000e-09  1.81250000e+00 -3.53003158e-06 -6.67104673e-04 
 1.22650000e-09  1.22650000e-09  1.68750000e+00 -2.83087164e-06 -6.93649036e-04 
 1.22750000e-09  1.22750000e-09  1.56250000e+00 -1.82702404e-06 -7.02961030e-04 
 1.22850000e-09  1.22850000e-09  1.43750000e+00 -5.51686524e-07 -7.44535171e-04 
 1.22950000e-09  1.22950000e-09  1.31250000e+00  9.60805296e-07 -7.68365317e-04 
 1.23050000e-09  1.23050000e-09  1.18750000e+00  2.67835301e-06 -8.23535681e-04 
 1.23150000e-09  1.23150000e-09  1.06250000e+00  4.57387260e-06 -8.59557510e-04 
 1.23250000e-09  1.23250000e-09  9.37500000e-01  6.62784259e-06 -9.24908923e-04 
 1.23350000e-09  1.23350000e-09  8.12500000e-01  8.83128701e-06 -9.68247200e-04 
 1.23450000e-09  1.23450000e-09  6.87500000e-01  1.11915866e-05 -1.03646635e-03 
 1.23550000e-09  1.23550000e-09  5.62500000e-01  1.37628106e-05 -1.07199919e-03 
 1.23650000e-09  1.23650000e-09  4.37500000e-01  1.70286539e-05 -1.05258455e-03 
 1.23750000e-09  1.23750000e-09  3.12500000e-01  2.08345272e-05 -1.07766427e-03 
 1.23850000e-09  1.23850000e-09  1.87500000e-01  2.44060007e-05 -1.15968087e-03 
 1.23925000e-09  1.23925000e-09  9.37500000e-02  2.68488431e-05 -1.19797168e-03 
 1.24000000e-09  1.24000000e-09  0.00000000e+00  2.90872832e-05 -1.27651108e-03 
 1.24010000e-09  1.24010000e-09  0.00000000e+00  2.94966855e-05 -6.35863448e-04 
 1.24030000e-09  1.24030000e-09  0.00000000e+00  3.02482630e-05 -6.38838789e-04 
 1.24070000e-09  1.24070000e-09  0.00000000e+00  3.13934796e-05 -6.39949294e-04 
 1.24150000e-09  1.24150000e-09  0.00000000e+00  3.24707360e-05 -6.46136949e-04 
 1.24250000e-09  1.24250000e-09  0.00000000e+00  3.19868934e-05 -6.53132827e-04 
 1.24350000e-09  1.24350000e-09  0.00000000e+00  2.98537958e-05 -6.72860310e-04 
 1.24450000e-09  1.24450000e-09  0.00000000e+00  2.63007936e-05 -7.01205611e-04 
 1.24550000e-09  1.24550000e-09  0.00000000e+00  2.15388204e-05 -7.42516893e-04 
 1.24650000e-09  1.24650000e-09  0.00000000e+00  1.57798263e-05 -7.91176985e-04 
 1.24750000e-09  1.24750000e-09  0.00000000e+00  9.22996338e-06 -8.51258843e-04 
 1.24850000e-09  1.24850000e-09  0.00000000e+00  2.08426502e-06 -9.16922310e-04 
 1.24950000e-09  1.24950000e-09  0.00000000e+00 -5.47718596e-06 -9.92064620e-04 
 1.25050000e-09  1.25050000e-09  0.00000000e+00 -1.32918877e-05 -1.07071472e-03 
 1.25150000e-09  1.25150000e-09  0.00000000e+00 -2.12165959e-05 -1.15668034e-03 
 1.25250000e-09  1.25250000e-09  0.00000000e+00 -2.91282560e-05 -1.24393804e-03 
 1.25350000e-09  1.25350000e-09  0.00000000e+00 -3.69243682e-05 -1.33627540e-03 
 1.25450000e-09  1.25450000e-09  0.00000000e+00 -4.45229375e-05 -1.42767574e-03 
 1.25550000e-09  1.25550000e-09  0.00000000e+00 -5.18621690e-05 -1.52195451e-03 
 1.25650000e-09  1.25650000e-09  0.00000000e+00 -5.89000615e-05 -1.61313799e-03 
 1.25750000e-09  1.25750000e-09  0.00000000e+00 -6.56139197e-05 -1.70509185e-03 
 1.25850000e-09  1.25850000e-09  0.00000000e+00 -7.19999987e-05 -1.79189393e-03 
 1.25950000e-09  1.25950000e-09  0.00000000e+00 -7.80738258e-05 -1.87746121e-03 
 1.26050000e-09  1.26050000e-09  0.00000000e+00 -8.38709090e-05 -1.95592386e-03 
 1.26150000e-09  1.26150000e-09  0.00000000e+00 -8.94435848e-05 -2.03136458e-03 
 1.26250000e-09  1.26250000e-09  0.00000000e+00 -9.48627071e-05 -2.09801321e-03 
 1.26350000e-09  1.26350000e-09  0.00000000e+00 -1.00228411e-04 -2.15987414e-03 
 1.26450000e-09  1.26450000e-09  0.00000000e+00 -1.05683169e-04 -2.21111531e-03 
 1.26550000e-09  1.26550000e-09  0.00000000e+00 -1.11434661e-04 -2.25567669e-03 
 1.26650000e-09  1.26650000e-09  0.00000000e+00 -1.17168528e-04 -2.30546276e-03 
 1.26750000e-09  1.26750000e-09  0.00000000e+00 -1.22177155e-04 -2.36973489e-03 
 1.26850000e-09  1.26850000e-09  0.00000000e+00 -1.26874942e-04 -2.43563384e-03 
 1.26950000e-09  1.26950000e-09  0.00000000e+00 -1.32902488e-04 -2.52204198e-03 
 1.27050000e-09  1.27050000e-09  0.00000000e+00 -1.39276356e-04 -2.60353200e-03 
 1.27150000e-09  1.27150000e-09  0.00000000e+00 -1.43676369e-04 -2.68330338e-03 
 1.27250000e-09  1.27250000e-09  0.00000000e+00 -1.46218138e-04 -2.76225126e-03 
 1.27350000e-09  1.27350000e-09  0.00000000e+00 -1.47045783e-04 -2.83944081e-03 
 1.27450000e-09  1.27450000e-09  0.00000000e+00 -1.46547991e-04 -2.90585649e-03 
 1.27550000e-09  1.27550000e-09  0.00000000e+00 -1.44380778e-04 -2.97370472e-03 
 1.27650000e-09  1.27650000e-09  0.00000000e+00 -1.39195143e-04 -3.04868194e-03 
 1.27750000e-09  1.27750000e-09  0.00000000e+00 -1.29744684e-04 -3.13106995e-03 
 1.27850000e-09  1.27850000e-09  0.00000000e+00 -1.15040668e-04 -3.22334440e-03 
 1.27950000e-09  1.27950000e-09  0.00000000e+00 -9.43209460e-05 -3.32582274e-03 
 1.28050000e-09  1.28050000e-09  0.00000000e+00 -6.70169986e-05 -3.43939651e-03 
 1.28150000e-09  1.28150000e-09  0.00000000e+00 -3.26451739e-05 -3.56234428e-03 
 1.28250000e-09  1.28250000e-09  0.00000000e+00  9.37799452e-06 -3.68618016e-03 
 1.28350000e-09  1.28350000e-09  0.00000000e+00  5.94791472e-05 -3.80864571e-03 
 1.28450000e-09  1.28450000e-09  0.00000000e+00  1.17727943e-04 -3.93120617e-03 
 1.28550000e-09  1.28550000e-09  0.00000000e+00  1.83998498e-04 -4.05309358e-03 
 1.28650000e-09  1.28650000e-09  0.00000000e+00  2.58006125e-04 -4.17492069e-03 
 1.28750000e-09  1.28750000e-09  0.00000000e+00  3.39344358e-04 -4.29517531e-03 
 1.28850000e-09  1.28850000e-09  0.00000000e+00  4.27519136e-04 -4.41380942e-03 
 1.28950000e-09  1.28950000e-09  0.00000000e+00  5.21981831e-04 -4.52873352e-03 
 1.29050000e-09  1.29050000e-09  0.00000000e+00  6.22161439e-04 -4.63941037e-03 
 1.29150000e-09  1.29150000e-09  0.00000000e+00  7.27475926e-04 -4.74362895e-03 
 1.29250000e-09  1.29250000e-09  0.00000000e+00  8.37346840e-04 -4.84077195e-03 
 1.29350000e-09  1.29350000e-09  0.00000000e+00  9.51239234e-04 -4.92820877e-03 
 1.29450000e-09  1.29450000e-09  0.00000000e+00  1.06869524e-03 -5.00498154e-03 
 1.29550000e-09  1.29550000e-09  0.00000000e+00  1.18935924e-03 -5.06825977e-03 
 1.29650000e-09  1.29650000e-09  0.00000000e+00  1.31300627e-03 -5.11688940e-03 
 1.29750000e-09  1.29750000e-09  0.00000000e+00  1.43957834e-03 -5.14782417e-03 
 1.29850000e-09  1.29850000e-09  0.00000000e+00  1.56923757e-03 -5.15964392e-03 
 1.29950000e-09  1.29950000e-09  0.00000000e+00  1.69971226e-03 -5.19485166e-03 
 1.30050000e-09  1.30050000e-09  0.00000000e+00  1.82875927e-03 -5.22416729e-03 
 1.30150000e-09  1.30150000e-09  0.00000000e+00  1.95777556e-03 -5.23721176e-03 
 1.30250000e-09  1.30250000e-09  0.00000000e+00  2.08994637e-03 -5.24239247e-03 
 1.30350000e-09  1.30350000e-09  0.00000000e+00  2.23119009e-03 -5.23926811e-03 
 1.30450000e-09  1.30450000e-09  0.00000000e+00  2.37674471e-03 -5.23971596e-03 
 1.30550000e-09  1.30550000e-09  0.00000000e+00  2.51649842e-03 -5.24440551e-03 
 1.30650000e-09  1.30650000e-09  0.00000000e+00  2.64870771e-03 -5.26204591e-03 
 1.30750000e-09  1.30750000e-09  0.00000000e+00  2.77224288e-03 -5.28263180e-03 
 1.30850000e-09  1.30850000e-09  0.00000000e+00  2.88685770e-03 -5.30235872e-03 
 1.30950000e-09  1.30950000e-09  0.00000000e+00  2.98917397e-03 -5.33459643e-03 
 1.31050000e-09  1.31050000e-09  0.00000000e+00  3.07086334e-03 -5.41299710e-03 
 1.31150000e-09  1.31150000e-09  0.00000000e+00  3.12304851e-03 -5.53221186e-03 
 1.31250000e-09  1.31250000e-09  0.00000000e+00  3.13813586e-03 -5.70494978e-03 
 1.31350000e-09  1.31350000e-09  0.00000000e+00  3.10963923e-03 -5.92537537e-03 
 1.31450000e-09  1.31450000e-09  0.00000000e+00  3.03208313e-03 -6.20594214e-03 
 1.31550000e-09  1.31550000e-09  0.00000000e+00  2.90089265e-03 -6.53662705e-03 
 1.31650000e-09  1.31650000e-09  0.00000000e+00  2.71178235e-03 -6.92814571e-03 
 1.31750000e-09  1.31750000e-09  0.00000000e+00  2.45555470e-03 -7.35400855e-03 
 1.31850000e-09  1.31850000e-09  0.00000000e+00  2.12431273e-03 -7.82359332e-03 
 1.31950000e-09  1.31950000e-09  0.00000000e+00  1.71652729e-03 -8.32650637e-03 
 1.32050000e-09  1.32050000e-09  0.00000000e+00  1.23179170e-03 -8.87045410e-03 
 1.32150000e-09  1.32150000e-09  0.00000000e+00  6.70428860e-04 -9.44253912e-03 
 1.32250000e-09  1.32250000e-09  0.00000000e+00  3.33106637e-05 -1.00484760e-02 
 1.32350000e-09  1.32350000e-09  0.00000000e+00 -6.78371564e-04 -1.06737776e-02 
 1.32450000e-09  1.32450000e-09  0.00000000e+00 -1.46330921e-03 -1.13228649e-02 
 1.32550000e-09  1.32550000e-09  0.00000000e+00 -2.32027878e-03 -1.19801993e-02 
 1.32650000e-09  1.32650000e-09  0.00000000e+00 -3.24833466e-03 -1.26493361e-02 
 1.32750000e-09  1.32750000e-09  0.00000000e+00 -4.24698382e-03 -1.33140028e-02 
 1.32850000e-09  1.32850000e-09  0.00000000e+00 -5.31636073e-03 -1.39771054e-02 
 1.32950000e-09  1.32950000e-09  0.00000000e+00 -6.45741286e-03 -1.46217531e-02 
 1.33050000e-09  1.33050000e-09  0.00000000e+00 -7.67199736e-03 -1.52506481e-02 
 1.33150000e-09  1.33150000e-09  0.00000000e+00 -8.96282925e-03 -1.58474184e-02 
 1.33250000e-09  1.33250000e-09  0.00000000e+00 -1.03338015e-02 -1.64140904e-02 
 1.33350000e-09  1.33350000e-09  0.00000000e+00 -1.17905740e-02 -1.69326251e-02 
 1.33450000e-09  1.33450000e-09  0.00000000e+00 -1.33410766e-02 -1.74037129e-02 
 1.33550000e-09  1.33550000e-09  0.00000000e+00 -1.49962297e-02 -1.78073918e-02 
 1.33650000e-09  1.33650000e-09  0.00000000e+00 -1.67710577e-02 -1.81414171e-02 
 1.33750000e-09  1.33750000e-09  0.00000000e+00 -1.86514095e-02 -1.85199034e-02 
 1.33850000e-09  1.33850000e-09  0.00000000e+00 -2.05764063e-02 -1.90379120e-02 
 1.33950000e-09  1.33950000e-09  0.00000000e+00 -2.25223036e-02 -1.95226797e-02 
 1.34050000e-09  1.34050000e-09  0.00000000e+00 -2.45233231e-02 -1.99847425e-02 
 1.34150000e-09  1.34150000e-09  0.00000000e+00 -2.66413865e-02 -2.03981935e-02 
 1.34250000e-09  1.34250000e-09  0.00000000e+00 -2.90356652e-02 -2.07392583e-02 
 1.34350000e-09  1.34350000e-09  0.00000000e+00 -3.16654332e-02 -2.13784478e-02 
 1.34450000e-09  1.34450000e-09  0.00000000e+00 -3.43188035e-02 -2.20919358e-02 
 1.34550000e-09  1.34550000e-09  0.00000000e+00 -3.69791191e-02 -2.27495534e-02 
 1.34650000e-09  1.34650000e-09  0.00000000e+00 -3.96452487e-02 -2.34303498e-02 
 1.34750000e-09  1.34750000e-09  0.00000000e+00 -4.23054073e-02 -2.40169780e-02 
 1.34850000e-09  1.34850000e-09  0.00000000e+00 -4.48644184e-02 -2.48259046e-02 
 1.34950000e-09  1.34950000e-09  0.00000000e+00 -4.71674075e-02 -2.57549291e-02 
 1.35050000e-09  1.35050000e-09  0.00000000e+00 -4.90625811e-02 -2.69413155e-02 
 1.35150000e-09  1.35150000e-09  0.00000000e+00 -5.04002670e-02 -2.82792164e-02 
 1.35250000e-09  1.35250000e-09  0.00000000e+00 -5.10319694e-02 -2.99020356e-02 
 1.35350000e-09  1.35350000e-09  0.00000000e+00 -5.08094082e-02 -3.16998847e-02 
 1.35450000e-09  1.35450000e-09  0.00000000e+00 -4.95835144e-02 -3.38019723e-02 
 1.35550000e-09  1.35550000e-09  0.00000000e+00 -4.71990384e-02 -3.60997101e-02 
 1.35650000e-09  1.35650000e-09  0.00000000e+00 -4.34773807e-02 -3.86509867e-02 
 1.35750000e-09  1.35750000e-09  0.00000000e+00 -3.82380384e-02 -4.12800453e-02 
 1.35850000e-09  1.35850000e-09  0.00000000e+00 -3.13198978e-02 -4.41059656e-02 
 1.35950000e-09  1.35950000e-09  0.00000000e+00 -2.25697800e-02 -4.69993790e-02 
 1.36050000e-09  1.36050000e-09  0.00000000e+00 -1.18414752e-02 -5.00696210e-02 
 1.36150000e-09  1.36150000e-09  0.00000000e+00  1.00585575e-03 -5.31803818e-02 
 1.36250000e-09  1.36250000e-09  0.00000000e+00  1.61057324e-02 -5.64358505e-02 
 1.36350000e-09  1.36350000e-09  0.00000000e+00  3.35819999e-02 -5.96966259e-02 
 1.36450000e-09  1.36450000e-09  0.00000000e+00  5.35528204e-02 -6.30639073e-02 
 1.36550000e-09  1.36550000e-09  0.00000000e+00  7.61358005e-02 -6.63964449e-02 
 1.36650000e-09  1.36650000e-09  0.00000000e+00  1.01451595e-01 -6.97961357e-02 
 1.36750000e-09  1.36750000e-09  0.00000000e+00  1.29628820e-01 -7.31251364e-02 
 1.36850000e-09  1.36850000e-09  0.00000000e+00  1.60811099e-01 -7.64911424e-02 
 1.36950000e-09  1.36950000e-09  0.00000000e+00  1.95167829e-01 -7.97667499e-02 
 1.37050000e-09  1.37050000e-09  0.00000000e+00  2.32912108e-01 -8.30798405e-02 
 1.37150000e-09  1.37150000e-09  0.00000000e+00  2.74334077e-01 -8.63437360e-02 
 1.37250000e-09  1.37250000e-09  0.00000000e+00  3.19872489e-01 -8.97796500e-02 
 1.37350000e-09  1.37350000e-09  0.00000000e+00  3.70321804e-01 -9.35865073e-02 
 1.37450000e-09  1.37450000e-09  0.00000000e+00  4.26741957e-01 -9.79002283e-02 
 1.37550000e-09  1.37550000e-09  0.00000000e+00  4.88845676e-01 -1.00937906e-01 
 1.37650000e-09  1.37650000e-09  0.00000000e+00  5.55568594e-01 -1.03762423e-01 
 1.37750000e-09  1.37750000e-09  0.00000000e+00  6.26584865e-01 -1.06473529e-01 
 1.37850000e-09  1.37850000e-09  0.00000000e+00  7.01585262e-01 -1.08950867e-01 
 1.37950000e-09  1.37950000e-09  0.00000000e+00  7.80273373e-01 -1.11331694e-01 
 1.38050000e-09  1.38050000e-09  0.00000000e+00  8.62362760e-01 -1.13491694e-01 
 1.38150000e-09  1.38150000e-09  0.00000000e+00  9.47576748e-01 -1.15542319e-01 
 1.38250000e-09  1.38250000e-09  0.00000000e+00  1.03566074e+00 -1.17368187e-01 
 1.38350000e-09  1.38350000e-09  0.00000000e+00  1.12438735e+00 -1.16066032e-01 
 1.38450000e-09  1.38450000e-09  0.00000000e+00  1.21140633e+00 -1.14115027e-01 
 1.38550000e-09  1.38550000e-09  0.00000000e+00  1.29609547e+00 -1.11454937e-01 
 1.38650000e-09  1.38650000e-09  0.00000000e+00  1.37797585e+00 -1.08428302e-01 
 1.38750000e-09  1.38750000e-09  0.00000000e+00  1.45667817e+00 -1.04907093e-01 
 1.38850000e-09  1.38850000e-09  0.00000000e+00  1.53192483e+00 -1.01201507e-01 
 1.38950000e-09  1.38950000e-09  0.00000000e+00  1.60351473e+00 -9.71559655e-02 
 1.39050000e-09  1.39050000e-09  0.00000000e+00  1.67132891e+00 -9.30845266e-02 
 1.39150000e-09  1.39150000e-09  0.00000000e+00  1.73530958e+00 -8.88028356e-02 
 1.39250000e-09  1.39250000e-09  0.00000000e+00  1.79545509e+00 -8.46157455e-02 
 1.39350000e-09  1.39350000e-09  0.00000000e+00  1.85180530e+00 -8.03113241e-02 
 1.39450000e-09  1.39450000e-09  0.00000000e+00  1.90443699e+00 -7.61848715e-02 
 1.39550000e-09  1.39550000e-09  0.00000000e+00  1.95345362e+00 -7.20067988e-02 
 1.39650000e-09  1.39650000e-09  0.00000000e+00  1.99897992e+00 -6.80619340e-02 
 1.39750000e-09  1.39750000e-09  0.00000000e+00  2.04115640e+00 -6.41102582e-02 
 1.39850000e-09  1.39850000e-09  0.00000000e+00  2.08013484e+00 -6.04274554e-02 
 1.39950000e-09  1.39950000e-09  0.00000000e+00  2.11607436e+00 -5.67655089e-02 
 1.40050000e-09  1.40050000e-09  0.00000000e+00  2.14913830e+00 -5.33931261e-02 
 1.40150000e-09  1.40150000e-09  0.00000000e+00  2.17949152e+00 -5.00562237e-02 
 1.40250000e-09  1.40250000e-09  0.00000000e+00  2.20729814e+00 -4.70227475e-02 
 1.40350000e-09  1.40350000e-09  0.00000000e+00  2.23272538e+00 -4.40301218e-02 
 1.40450000e-09  1.40450000e-09  0.00000000e+00  2.25594334e+00 -4.13331248e-02 
 1.40550000e-09  1.40550000e-09  0.00000000e+00  2.27711784e+00 -3.86681090e-02 
 1.40650000e-09  1.40650000e-09  0.00000000e+00  2.29640781e+00 -3.62900507e-02 
 1.40750000e-09  1.40750000e-09  0.00000000e+00  2.31396462e+00 -3.39333357e-02 
 1.40850000e-09  1.40850000e-09  0.00000000e+00  2.32993152e+00 -3.18514566e-02 
 1.40950000e-09  1.40950000e-09  0.00000000e+00  2.34444335e+00 -2.97777364e-02 
 1.41050000e-09  1.41050000e-09  0.00000000e+00  2.35762638e+00 -2.79649672e-02 
 1.41150000e-09  1.41150000e-09  0.00000000e+00  2.36959833e+00 -2.61460798e-02 
 1.41250000e-09  1.41250000e-09  0.00000000e+00  2.38046846e+00 -2.45737333e-02 
 1.41350000e-09  1.41350000e-09  0.00000000e+00  2.39033779e+00 -2.29809392e-02 
 1.41450000e-09  1.41450000e-09  0.00000000e+00  2.39929937e+00 -2.16206103e-02 
 1.41550000e-09  1.41550000e-09  0.00000000e+00  2.40743863e+00 -2.02261484e-02 
 1.41650000e-09  1.41650000e-09  0.00000000e+00  2.41483375e+00 -1.90509617e-02 
 1.41750000e-09  1.41750000e-09  0.00000000e+00  2.42155611e+00 -1.78290240e-02 
 1.41850000e-09  1.41850000e-09  0.00000000e+00  2.42767065e+00 -1.68143687e-02 
 1.41950000e-09  1.41950000e-09  0.00000000e+00  2.43323636e+00 -1.57416279e-02 
 1.42050000e-09  1.42050000e-09  0.00000000e+00  2.43830670e+00 -1.48655091e-02 
 1.42150000e-09  1.42150000e-09  0.00000000e+00  2.44293001e+00 -1.39213209e-02 
 1.42250000e-09  1.42250000e-09  0.00000000e+00  2.44714992e+00 -1.31644384e-02 
 1.42350000e-09  1.42350000e-09  0.00000000e+00  2.45100578e+00 -1.23308206e-02 
 1.42450000e-09  1.42450000e-09  0.00000000e+00  2.45453584e+00 -1.16774794e-02 
 1.42550000e-09  1.42550000e-09  0.00000000e+00  2.45776865e+00 -1.09373129e-02 
 1.42650000e-09  1.42650000e-09  0.00000000e+00  2.46073228e+00 -1.03718323e-02 
 1.42750000e-09  1.42750000e-09  0.00000000e+00  2.46345316e+00 -9.71423254e-03 
 1.42850000e-09  1.42850000e-09  0.00000000e+00  2.46595391e+00 -9.22455181e-03 
 1.42950000e-09  1.42950000e-09  0.00000000e+00  2.46825732e+00 -8.63819527e-03 
 1.43050000e-09  1.43050000e-09  0.00000000e+00  2.47038235e+00 -8.20082521e-03 
 1.43150000e-09  1.43150000e-09  0.00000000e+00  2.47234747e+00 -7.66892856e-03 
 1.43250000e-09  1.43250000e-09  0.00000000e+00  2.47416500e+00 -7.30232416e-03 
 1.43350000e-09  1.43350000e-09  0.00000000e+00  2.47584749e+00 -6.82476658e-03 
 1.43450000e-09  1.43450000e-09  0.00000000e+00  2.47740743e+00 -6.50205183e-03 
 1.43550000e-09  1.43550000e-09  0.00000000e+00  2.47885482e+00 -6.07265262e-03 
 1.43650000e-09  1.43650000e-09  0.00000000e+00  2.48019876e+00 -5.79499355e-03 
 1.43750000e-09  1.43750000e-09  0.00000000e+00  2.48144758e+00 -5.40774299e-03 
 1.43850000e-09  1.43850000e-09  0.00000000e+00  2.48260887e+00 -5.16952231e-03 
 1.43950000e-09  1.43950000e-09  0.00000000e+00  2.48368955e+00 -4.81918452e-03 
 1.44050000e-09  1.44050000e-09  0.00000000e+00  2.48469595e+00 -4.61552374e-03 
 1.44150000e-09  1.44150000e-09  0.00000000e+00  2.48563384e+00 -4.29755426e-03 
 1.44250000e-09  1.44250000e-09  0.00000000e+00  2.48650849e+00 -4.12422053e-03 
 1.44350000e-09  1.44350000e-09  0.00000000e+00  2.48732472e+00 -3.83467668e-03 
 1.44450000e-09  1.44450000e-09  0.00000000e+00  2.48808693e+00 -3.68799716e-03 
 1.44550000e-09  1.44550000e-09  0.00000000e+00  2.48879916e+00 -3.42345681e-03 
 1.44650000e-09  1.44650000e-09  0.00000000e+00  2.48946509e+00 -3.30024208e-03 
 1.44750000e-09  1.44750000e-09  0.00000000e+00  2.49008811e+00 -3.05773169e-03 
 1.44850000e-09  1.44850000e-09  0.00000000e+00  2.49067131e+00 -2.95520838e-03 
 1.44950000e-09  1.44950000e-09  0.00000000e+00  2.49121755e+00 -2.73214016e-03 
 1.45050000e-09  1.45050000e-09  0.00000000e+00  2.49172943e+00 -2.64789254e-03 
 1.45150000e-09  1.45150000e-09  0.00000000e+00  2.49220936e+00 -2.44201025e-03 
 1.45250000e-09  1.45250000e-09  0.00000000e+00  2.49265956e+00 -2.37392994e-03 
 1.45350000e-09  1.45350000e-09  0.00000000e+00  2.49308206e+00 -2.18326234e-03 
 1.45450000e-09  1.45450000e-09  0.00000000e+00  2.49347874e+00 -2.12950535e-03 
 1.45550000e-09  1.45550000e-09  0.00000000e+00  2.49385133e+00 -1.95232654e-03 
 1.45650000e-09  1.45650000e-09  0.00000000e+00  2.49420145e+00 -1.91127662e-03 
 1.45750000e-09  1.45750000e-09  0.00000000e+00  2.49453055e+00 -1.74607225e-03 
 1.45850000e-09  1.45850000e-09  0.00000000e+00  2.49484003e+00 -1.71630978e-03 
 1.45950000e-09  1.45950000e-09  0.00000000e+00  2.49513115e+00 -1.56174835e-03 
 1.46050000e-09  1.46050000e-09  0.00000000e+00  2.49540508e+00 -1.54202384e-03 
 1.46150000e-09  1.46150000e-09  0.00000000e+00  2.49566292e+00 -1.39693224e-03 
 1.46250000e-09  1.46250000e-09  0.00000000e+00  2.49590569e+00 -1.38614379e-03 
 1.46350000e-09  1.46350000e-09  0.00000000e+00  2.49613433e+00 -1.24948654e-03 
 1.46450000e-09  1.46450000e-09  0.00000000e+00  2.49634971e+00 -1.24666067e-03 
 1.46550000e-09  1.46550000e-09  0.00000000e+00  2.49655266e+00 -1.11752217e-03 
 1.46650000e-09  1.46650000e-09  0.00000000e+00  2.49674394e+00 -1.12179737e-03 
 1.46750000e-09  1.46750000e-09  0.00000000e+00  2.49692426e+00 -9.99366717e-04 
 1.46850000e-09  1.46850000e-09  0.00000000e+00  2.49709428e+00 -1.00997943e-03 
 1.46950000e-09  1.46950000e-09  0.00000000e+00  2.49725461e+00 -8.93537404e-04 
 1.47050000e-09  1.47050000e-09  0.00000000e+00  2.49740585e+00 -9.09809945e-04 
 1.47150000e-09  1.47150000e-09  0.00000000e+00  2.49754853e+00 -7.98717800e-04 
 1.47250000e-09  1.47250000e-09  0.00000000e+00  2.49768316e+00 -8.20047951e-04 
 1.47350000e-09  1.47350000e-09  0.00000000e+00  2.49781022e+00 -7.13737743e-04 
 1.47450000e-09  1.47450000e-09  0.00000000e+00  2.49793013e+00 -7.39589749e-04 
 1.47550000e-09  1.47550000e-09  0.00000000e+00  2.49804334e+00 -6.37555961e-04 
 1.47650000e-09  1.47650000e-09  0.00000000e+00  2.49815021e+00 -6.67452723e-04 
 1.47750000e-09  1.47750000e-09  0.00000000e+00  2.49825113e+00 -5.69244979e-04 
 1.47850000e-09  1.47850000e-09  0.00000000e+00  2.49834643e+00 -6.02761258e-04 
 1.47950000e-09  1.47950000e-09  0.00000000e+00  2.49843643e+00 -5.07977977e-04 
 1.48050000e-09  1.48050000e-09  0.00000000e+00  2.49852145e+00 -5.44734463e-04 
 1.48150000e-09  1.48150000e-09  0.00000000e+00  2.49860176e+00 -4.53017305e-04 
 1.48250000e-09  1.48250000e-09  0.00000000e+00  2.49867763e+00 -4.92675418e-04 
 1.48350000e-09  1.48350000e-09  0.00000000e+00  2.49874931e+00 -4.03704425e-04 
 1.48450000e-09  1.48450000e-09  0.00000000e+00  2.49881705e+00 -4.45961759e-04 
 1.48550000e-09  1.48550000e-09  0.00000000e+00  2.49888106e+00 -3.59451076e-04 
 1.48650000e-09  1.48650000e-09  0.00000000e+00  2.49894156e+00 -4.04037385e-04 
 1.48750000e-09  1.48750000e-09  0.00000000e+00  2.49899873e+00 -3.19731493e-04 
 1.48850000e-09  1.48850000e-09  0.00000000e+00  2.49905278e+00 -3.66405157e-04 
 1.48950000e-09  1.48950000e-09  0.00000000e+00  2.49910386e+00 -2.84075552e-04 
 1.49050000e-09  1.49050000e-09  0.00000000e+00  2.49915216e+00 -3.32620449e-04 
 1.49150000e-09  1.49150000e-09  0.00000000e+00  2.49919782e+00 -2.52062702e-04 
 1.49250000e-09  1.49250000e-09  0.00000000e+00  2.49924098e+00 -3.02285445e-04 
 1.49350000e-09  1.49350000e-09  0.00000000e+00  2.49928180e+00 -2.23316598e-04 
 1.49450000e-09  1.49450000e-09  0.00000000e+00  2.49932040e+00 -2.75044083e-04 
 1.49550000e-09  1.49550000e-09  0.00000000e+00  2.49935689e+00 -1.97500342e-04 
 1.49650000e-09  1.49650000e-09  0.00000000e+00  2.49939140e+00 -2.50577571e-04 
 1.49750000e-09  1.49750000e-09  0.00000000e+00  2.49942405e+00 -1.74312254e-04 
 1.49850000e-09  1.49850000e-09  0.00000000e+00  2.49945492e+00 -2.28600406e-04 
 1.49950000e-09  1.49950000e-09  0.00000000e+00  2.49948411e+00 -1.53482121e-04 
 1.50050000e-09  1.50050000e-09  0.00000000e+00  2.49951173e+00 -2.08856827e-04 
 1.50150000e-09  1.50150000e-09  0.00000000e+00  2.49953785e+00 -1.34767849e-04 
 1.50250000e-09  1.50250000e-09  0.00000000e+00  2.49956256e+00 -1.91117667e-04 
 1.50350000e-09  1.50350000e-09  0.00000000e+00  2.49958594e+00 -1.17952492e-04 
 1.50450000e-09  1.50450000e-09  0.00000000e+00  2.49960806e+00 -1.75177536e-04 
 1.50550000e-09  1.50550000e-09  0.00000000e+00  2.49962898e+00 -1.02841594e-04 
 1.50650000e-09  1.50650000e-09  0.00000000e+00  2.49964877e+00 -1.60852323e-04 
 1.50750000e-09  1.50750000e-09  0.00000000e+00  2.49966750e+00 -8.92608285e-05 
 1.50850000e-09  1.50850000e-09  0.00000000e+00  2.49968522e+00 -1.47976955e-04 
 1.50950000e-09  1.50950000e-09  0.00000000e+00  2.49970199e+00 -7.70538800e-05 
 1.51050000e-09  1.51050000e-09  0.00000000e+00  2.49971785e+00 -1.36403406e-04 
 1.51150000e-09  1.51150000e-09  0.00000000e+00  2.49973287e+00 -6.60805639e-05 
 1.51250000e-09  1.51250000e-09  0.00000000e+00  2.49974707e+00 -1.25998911e-04 
 1.51350000e-09  1.51350000e-09  0.00000000e+00  2.49976052e+00 -5.62151393e-05 
 1.51450000e-09  1.51450000e-09  0.00000000e+00  2.49977324e+00 -1.16644377e-04 
 1.51550000e-09  1.51550000e-09  0.00000000e+00  2.49978529e+00 -4.73448036e-05 
 1.51650000e-09  1.51650000e-09  0.00000000e+00  2.49979668e+00 -1.08232956e-04 
 1.51750000e-09  1.51750000e-09  0.00000000e+00  2.49980747e+00 -3.93683466e-05 
 1.51850000e-09  1.51850000e-09  0.00000000e+00  2.49981768e+00 -1.00668775e-04 
 1.51950000e-09  1.51950000e-09  0.00000000e+00  2.49982734e+00 -3.21949460e-05 
 1.52050000e-09  1.52050000e-09  0.00000000e+00  2.49983649e+00 -9.38657922e-05 
 1.52150000e-09  1.52150000e-09  0.00000000e+00  2.49984515e+00 -2.57430901e-05 
 1.52250000e-09  1.52250000e-09  0.00000000e+00  2.49985335e+00 -8.77467851e-05 
 1.52350000e-09  1.52350000e-09  0.00000000e+00  2.49986110e+00 -1.99396140e-05 
 1.52450000e-09  1.52450000e-09  0.00000000e+00  2.49986845e+00 -8.22424317e-05 
 1.52550000e-09  1.52550000e-09  0.00000000e+00  2.49987540e+00 -1.47188362e-05 
 1.52650000e-09  1.52650000e-09  0.00000000e+00  2.49988199e+00 -7.72904975e-05 
 1.52750000e-09  1.52750000e-09  0.00000000e+00  2.49988822e+00 -1.00217858e-05 
 1.52850000e-09  1.52850000e-09  0.00000000e+00  2.49989412e+00 -7.28351025e-05 
 1.52950000e-09  1.52950000e-09  0.00000000e+00  2.49989971e+00 -5.79551055e-06 
 1.53050000e-09  1.53050000e-09  0.00000000e+00  2.49990500e+00 -6.88260673e-05 
 1.53150000e-09  1.53150000e-09  0.00000000e+00  2.49991000e+00 -1.99245705e-06 
 1.53250000e-09  1.53250000e-09  0.00000000e+00  2.49991475e+00 -6.52183257e-05 
 1.53350000e-09  1.53350000e-09  0.00000000e+00  2.49991924e+00  1.43008497e-06 
 1.53450000e-09  1.53450000e-09  0.00000000e+00  2.49992349e+00 -6.19713991e-05 
 1.53550000e-09  1.53550000e-09  0.00000000e+00  2.49992752e+00  4.51048012e-06 
 1.53650000e-09  1.53650000e-09  0.00000000e+00  2.49993133e+00 -5.90489254e-05 
 1.53750000e-09  1.53750000e-09  0.00000000e+00  2.49993494e+00  7.28319349e-06 
 1.53850000e-09  1.53850000e-09  0.00000000e+00  2.49993836e+00 -5.64182366e-05 
 1.53950000e-09  1.53950000e-09  0.00000000e+00  2.49994160e+00  9.77919038e-06 
 1.54050000e-09  1.54050000e-09  0.00000000e+00  2.49994467e+00 -5.40499806e-05 
 1.54150000e-09  1.54150000e-09  0.00000000e+00  2.49994757e+00  1.20262948e-05 
 1.54250000e-09  1.54250000e-09  0.00000000e+00  2.49995032e+00 -5.19177813e-05 
 1.54350000e-09  1.54350000e-09  0.00000000e+00  2.49995293e+00  1.40495108e-05 
 1.54450000e-09  1.54450000e-09  0.00000000e+00  2.49995539e+00 -4.99979345e-05 
 1.54550000e-09  1.54550000e-09  0.00000000e+00  2.49995773e+00  1.58713108e-05 
 1.54650000e-09  1.54650000e-09  0.00000000e+00  2.49995995e+00 -4.82691351e-05 
 1.54750000e-09  1.54750000e-09  0.00000000e+00  2.49996204e+00  1.75118939e-05 
 1.54850000e-09  1.54850000e-09  0.00000000e+00  2.49996403e+00 -4.67122322e-05 
 1.54950000e-09  1.54950000e-09  0.00000000e+00  2.49996591e+00  1.89894176e-05 
 1.55050000e-09  1.55050000e-09  0.00000000e+00  2.49996770e+00 -4.53100094e-05 
 1.55150000e-09  1.55150000e-09  0.00000000e+00  2.49996938e+00  2.03202064e-05 
 1.55250000e-09  1.55250000e-09  0.00000000e+00  2.49997098e+00 -4.40469879e-05 
 1.55350000e-09  1.55350000e-09  0.00000000e+00  2.49997250e+00  2.15189377e-05 
 1.55450000e-09  1.55450000e-09  0.00000000e+00  2.49997394e+00 -4.29092495e-05 
 1.55550000e-09  1.55550000e-09  0.00000000e+00  2.49997530e+00  2.25988099e-05 
 1.55650000e-09  1.55650000e-09  0.00000000e+00  2.49997659e+00 -4.18842785e-05 
 1.55750000e-09  1.55750000e-09  0.00000000e+00  2.49997781e+00  2.35716919e-05 
 1.55850000e-09  1.55850000e-09  0.00000000e+00  2.49997896e+00 -4.09608185e-05 
 1.55950000e-09  1.55950000e-09  0.00000000e+00  2.49998006e+00  2.44482590e-05 
 1.56050000e-09  1.56050000e-09  0.00000000e+00  2.49998110e+00 -4.01287455e-05 
 1.56150000e-09  1.56150000e-09  0.00000000e+00  2.49998208e+00  2.52381132e-05 
 1.56250000e-09  1.56250000e-09  0.00000000e+00  2.49998302e+00 -3.93789523e-05 
 1.56350000e-09  1.56350000e-09  0.00000000e+00  2.49998390e+00  2.59498921e-05 
 1.56450000e-09  1.56450000e-09  0.00000000e+00  2.49998474e+00 -3.87032464e-05 
 1.56550000e-09  1.56550000e-09  0.00000000e+00  2.49998553e+00  2.65913666e-05 
 1.56650000e-09  1.56650000e-09  0.00000000e+00  2.49998628e+00 -3.80942565e-05 
 1.56750000e-09  1.56750000e-09  0.00000000e+00  2.49998700e+00  2.71695286e-05 
 1.56850000e-09  1.56850000e-09  0.00000000e+00  2.49998767e+00 -3.75453505e-05 
 1.56950000e-09  1.56950000e-09  0.00000000e+00  2.49998831e+00  2.76906696e-05 
 1.57050000e-09  1.57050000e-09  0.00000000e+00  2.49998892e+00 -3.70505601e-05 
 1.57150000e-09  1.57150000e-09  0.00000000e+00  2.49998949e+00  2.81604514e-05 
 1.57250000e-09  1.57250000e-09  0.00000000e+00  2.49999004e+00 -3.66045140e-05 
 1.57350000e-09  1.57350000e-09  0.00000000e+00  2.49999055e+00  2.85839695e-05 
 1.57450000e-09  1.57450000e-09  0.00000000e+00  2.49999104e+00 -3.62023781e-05 
 1.57550000e-09  1.57550000e-09  0.00000000e+00  2.49999151e+00  2.89658103e-05 
 1.57650000e-09  1.57650000e-09  0.00000000e+00  2.49999195e+00 -3.58398009e-05 
 1.57750000e-09  1.57750000e-09  0.00000000e+00  2.49999236e+00  2.93101025e-05 
 1.57850000e-09  1.57850000e-09  0.00000000e+00  2.49999276e+00 -3.55128653e-05 
 1.57950000e-09  1.57950000e-09  0.00000000e+00  2.49999313e+00  2.96205626e-05 
 1.58050000e-09  1.58050000e-09  0.00000000e+00  2.49999349e+00 -3.52180446e-05 
 1.58150000e-09  1.58150000e-09  0.00000000e+00  2.49999382e+00  2.99005371e-05 
 1.58250000e-09  1.58250000e-09  0.00000000e+00  2.49999414e+00 -3.49521637e-05 
 1.58350000e-09  1.58350000e-09  0.00000000e+00  2.49999445e+00  3.01530388e-05 
 1.58450000e-09  1.58450000e-09  0.00000000e+00  2.49999473e+00 -3.47123634e-05 
 1.58550000e-09  1.58550000e-09  0.00000000e+00  2.49999500e+00  3.03807809e-05 
 1.58650000e-09  1.58650000e-09  0.00000000e+00  2.49999526e+00 -3.44960690e-05 
 1.58750000e-09  1.58750000e-09  0.00000000e+00  2.49999551e+00  3.05862068e-05 
 1.58850000e-09  1.58850000e-09  0.00000000e+00  2.49999574e+00 -3.43009617e-05 
 1.58950000e-09  1.58950000e-09  0.00000000e+00  2.49999596e+00  3.07715172e-05 
 1.59050000e-09  1.59050000e-09  0.00000000e+00  2.49999617e+00 -3.41249530e-05 
 1.59150000e-09  1.59150000e-09  0.00000000e+00  2.49999636e+00  3.09386942e-05 
 1.59250000e-09  1.59250000e-09  0.00000000e+00  2.49999655e+00 -3.39661616e-05 
 1.59350000e-09  1.59350000e-09  0.00000000e+00  2.49999673e+00  3.10895234e-05 
 1.59450000e-09  1.59450000e-09  0.00000000e+00  2.49999690e+00 -3.38228928e-05 
 1.59550000e-09  1.59550000e-09  0.00000000e+00  2.49999706e+00  3.12256133e-05 
 1.59650000e-09  1.59650000e-09  0.00000000e+00  2.49999721e+00 -3.36936197e-05 
 1.59750000e-09  1.59750000e-09  0.00000000e+00  2.49999735e+00  3.13484132e-05 
 1.59850000e-09  1.59850000e-09  0.00000000e+00  2.49999749e+00 -3.35769668e-05 
 1.59950000e-09  1.59950000e-09  0.00000000e+00  2.49999762e+00  3.14592288e-05 
 1.60050000e-09  1.60050000e-09  0.00000000e+00  2.49999774e+00 -3.34716945e-05 
 1.60150000e-09  1.60150000e-09  0.00000000e+00  2.49999785e+00  3.15592369e-05 
 1.60250000e-09  1.60250000e-09  0.00000000e+00  2.49999796e+00 -3.33766858e-05 
 1.60350000e-09  1.60350000e-09  0.00000000e+00  2.49999807e+00  3.16494978e-05 
 1.60450000e-09  1.60450000e-09  0.00000000e+00  2.49999817e+00 -3.32909339e-05 
 1.60550000e-09  1.60550000e-09  0.00000000e+00  2.49999826e+00  3.17309672e-05 
 1.60650000e-09  1.60650000e-09  0.00000000e+00  2.49999835e+00 -3.32135317e-05 
 1.60750000e-09  1.60750000e-09  0.00000000e+00  2.49999843e+00  3.18045065e-05 
 1.60850000e-09  1.60850000e-09  0.00000000e+00  2.49999851e+00 -3.31436613e-05 
 1.60950000e-09  1.60950000e-09  0.00000000e+00  2.49999859e+00  3.18708923e-05 
 1.61050000e-09  1.61050000e-09  0.00000000e+00  2.49999866e+00 -3.30805854e-05 
 1.61150000e-09  1.61150000e-09  0.00000000e+00  2.49999873e+00  3.19308243e-05 
 1.61250000e-09  1.61250000e-09  0.00000000e+00  2.49999880e+00 -3.30236395e-05 
 1.61350000e-09  1.61350000e-09  0.00000000e+00  2.49999886e+00  3.19849337e-05 
 1.61450000e-09  1.61450000e-09  0.00000000e+00  2.49999892e+00 -3.29722245e-05 
 1.61550000e-09  1.61550000e-09  0.00000000e+00  2.49999897e+00  3.20337894e-05 
 1.61650000e-09  1.61650000e-09  0.00000000e+00  2.49999902e+00 -3.29257999e-05 
 1.61750000e-09  1.61750000e-09  0.00000000e+00  2.49999907e+00  3.20779045e-05 
 1.61850000e-09  1.61850000e-09  0.00000000e+00  2.49999912e+00 -3.28838787e-05 
 1.61950000e-09  1.61950000e-09  0.00000000e+00  2.49999917e+00  3.21177415e-05 
 1.62050000e-09  1.62050000e-09  0.00000000e+00  2.49999921e+00 -3.28460216e-05 
 1.62150000e-09  1.62150000e-09  0.00000000e+00  2.49999925e+00  3.21537177e-05 
 1.62250000e-09  1.62250000e-09  0.00000000e+00  2.49999929e+00 -3.28118324e-05 
 1.62350000e-09  1.62350000e-09  0.00000000e+00  2.49999932e+00  3.21862093e-05 
 1.62450000e-09  1.62450000e-09  0.00000000e+00  2.49999936e+00 -3.27809536e-05 
 1.62550000e-09  1.62550000e-09  0.00000000e+00  2.49999939e+00  3.22155557e-05 
 1.62650000e-09  1.62650000e-09  0.00000000e+00  2.49999942e+00 -3.27530631e-05 
 1.62750000e-09  1.62750000e-09  0.00000000e+00  2.49999945e+00  3.22420631e-05 
 1.62850000e-09  1.62850000e-09  0.00000000e+00  2.49999948e+00 -3.27278700e-05 
 1.62950000e-09  1.62950000e-09  0.00000000e+00  2.49999950e+00  3.22660075e-05 
 1.63050000e-09  1.63050000e-09  0.00000000e+00  2.49999953e+00 -3.27051120e-05 
 1.63150000e-09  1.63150000e-09  0.00000000e+00  2.49999955e+00  3.22876382e-05 
 1.63250000e-09  1.63250000e-09  0.00000000e+00  2.49999958e+00 -3.26845525e-05 
 1.63350000e-09  1.63350000e-09  0.00000000e+00  2.49999960e+00  3.23071799e-05 
 1.63450000e-09  1.63450000e-09  0.00000000e+00  2.49999962e+00 -3.26659779e-05 
 1.63550000e-09  1.63550000e-09  0.00000000e+00  2.49999964e+00  3.23248354e-05 
 1.63650000e-09  1.63650000e-09  0.00000000e+00  2.49999966e+00 -3.26491957e-05 
 1.63750000e-09  1.63750000e-09  0.00000000e+00  2.49999967e+00  3.23407877e-05 
 1.63850000e-09  1.63850000e-09  0.00000000e+00  2.49999969e+00 -3.26340319e-05 
 1.63950000e-09  1.63950000e-09  0.00000000e+00  2.49999971e+00  3.23552021e-05 
 1.64050000e-09  1.64050000e-09  0.00000000e+00  2.49999972e+00 -3.26203297e-05 
 1.64150000e-09  1.64150000e-09  0.00000000e+00  2.49999973e+00  3.23682276e-05 
 1.64250000e-09  1.64250000e-09  0.00000000e+00  2.49999975e+00 -3.26079475e-05 
 1.64350000e-09  1.64350000e-09  0.00000000e+00  2.49999976e+00  3.23799986e-05 
 1.64450000e-09  1.64450000e-09  0.00000000e+00  2.49999977e+00 -3.25967574e-05 
 1.64550000e-09  1.64550000e-09  0.00000000e+00  2.49999978e+00  3.23906366e-05 
 1.64650000e-09  1.64650000e-09  0.00000000e+00  2.49999980e+00 -3.25866441e-05 
 1.64750000e-09  1.64750000e-09  0.00000000e+00  2.49999981e+00  3.24002512e-05 
 1.64850000e-09  1.64850000e-09  0.00000000e+00  2.49999982e+00 -3.25775034e-05 
 1.64950000e-09  1.64950000e-09  0.00000000e+00  2.49999982e+00  3.24089414e-05 
 1.65050000e-09  1.65050000e-09  0.00000000e+00  2.49999983e+00 -3.25692414e-05 
 1.65150000e-09  1.65150000e-09  0.00000000e+00  2.49999984e+00  3.24167964e-05 
 1.65250000e-09  1.65250000e-09  0.00000000e+00  2.49999985e+00 -3.25617731e-05 
 1.65350000e-09  1.65350000e-09  0.00000000e+00  2.49999986e+00  3.24238970e-05 
 1.65450000e-09  1.65450000e-09  0.00000000e+00  2.49999986e+00 -3.25550220e-05 
 1.65550000e-09  1.65550000e-09  0.00000000e+00  2.49999987e+00  3.24303160e-05 
 1.65650000e-09  1.65650000e-09  0.00000000e+00  2.49999988e+00 -3.25489188e-05 
 1.65750000e-09  1.65750000e-09  0.00000000e+00  2.49999988e+00  3.24361190e-05 
 1.65850000e-09  1.65850000e-09  0.00000000e+00  2.49999989e+00 -3.25434011e-05 
 1.65950000e-09  1.65950000e-09  0.00000000e+00  2.49999990e+00  3.24413656e-05 
 1.66050000e-09  1.66050000e-09  0.00000000e+00  2.49999990e+00 -3.25384123e-05 
 1.66150000e-09  1.66150000e-09  0.00000000e+00  2.49999991e+00  3.24461092e-05 
 1.66250000e-09  1.66250000e-09  0.00000000e+00  2.49999991e+00 -3.25339017e-05 
 1.66350000e-09  1.66350000e-09  0.00000000e+00  2.49999991e+00  3.24503984e-05 
 1.66450000e-09  1.66450000e-09  0.00000000e+00  2.49999992e+00 -3.25298230e-05 
 1.66550000e-09  1.66550000e-09  0.00000000e+00  2.49999992e+00  3.24542769e-05 
 1.66650000e-09  1.66650000e-09  0.00000000e+00  2.49999993e+00 -3.25261349e-05 
 1.66750000e-09  1.66750000e-09  0.00000000e+00  2.49999993e+00  3.24577841e-05 
 1.66850000e-09  1.66850000e-09  0.00000000e+00  2.49999993e+00 -3.25227996e-05 
 1.66950000e-09  1.66950000e-09  0.00000000e+00  2.49999994e+00  3.24609559e-05 
 1.67050000e-09  1.67050000e-09  0.00000000e+00  2.49999994e+00 -3.25197833e-05 
 1.67150000e-09  1.67150000e-09  0.00000000e+00  2.49999994e+00  3.24638243e-05 
 1.67250000e-09  1.67250000e-09  0.00000000e+00  2.49999995e+00 -3.25170554e-05 
 1.67350000e-09  1.67350000e-09  0.00000000e+00  2.49999995e+00  3.24664187e-05 
 1.67450000e-09  1.67450000e-09  0.00000000e+00  2.49999995e+00 -3.25145881e-05 
 1.67550000e-09  1.67550000e-09  0.00000000e+00  2.49999995e+00  3.24687651e-05 
 1.67650000e-09  1.67650000e-09  0.00000000e+00  2.49999996e+00 -3.25123565e-05 
 1.67750000e-09  1.67750000e-09  0.00000000e+00  2.49999996e+00  3.24708876e-05 
 1.67850000e-09  1.67850000e-09  0.00000000e+00  2.49999996e+00 -3.25103378e-05 
 1.67950000e-09  1.67950000e-09  0.00000000e+00  2.49999996e+00  3.24728075e-05 
 1.68050000e-09  1.68050000e-09  0.00000000e+00  2.49999996e+00 -3.25085118e-05 
 1.68150000e-09  1.68150000e-09  0.00000000e+00  2.49999997e+00  3.24745442e-05 
 1.68250000e-09  1.68250000e-09  0.00000000e+00  2.49999997e+00 -3.25068600e-05 
 1.68350000e-09  1.68350000e-09  0.00000000e+00  2.49999997e+00  3.24761154e-05 
 1.68450000e-09  1.68450000e-09  0.00000000e+00  2.49999997e+00 -3.25053656e-05 
 1.68550000e-09  1.68550000e-09  0.00000000e+00  2.49999997e+00  3.24775367e-05 
 1.68650000e-09  1.68650000e-09  0.00000000e+00  2.49999997e+00 -3.25040136e-05 
 1.68750000e-09  1.68750000e-09  0.00000000e+00  2.49999998e+00  3.24788227e-05 
 1.68850000e-09  1.68850000e-09  0.00000000e+00  2.49999998e+00 -3.25027904e-05 
 1.68950000e-09  1.68950000e-09  0.00000000e+00  2.49999998e+00  3.24799863e-05 
 1.69050000e-09  1.69050000e-09  0.00000000e+00  2.49999998e+00 -3.25016836e-05 
 1.69150000e-09  1.69150000e-09  0.00000000e+00  2.49999998e+00  3.24810390e-05 
 1.69250000e-09  1.69250000e-09  0.00000000e+00  2.49999998e+00 -3.25006822e-05 
 1.69350000e-09  1.69350000e-09  0.00000000e+00  2.49999998e+00  3.24819916e-05 
 1.69450000e-09  1.69450000e-09  0.00000000e+00  2.49999998e+00 -3.24997760e-05 
 1.69550000e-09  1.69550000e-09  0.00000000e+00  2.49999998e+00  3.24828537e-05 
 1.69650000e-09  1.69650000e-09  0.00000000e+00  2.49999998e+00 -3.24989560e-05 
 1.69750000e-09  1.69750000e-09  0.00000000e+00  2.49999999e+00  3.24836337e-05 
 1.69850000e-09  1.69850000e-09  0.00000000e+00  2.49999999e+00 -3.24982139e-05 
 1.69950000e-09  1.69950000e-09  0.00000000e+00  2.49999999e+00  3.24843397e-05 
 1.70050000e-09  1.70050000e-09  0.00000000e+00  2.49999999e+00 -3.24975424e-05 
 1.70150000e-09  1.70150000e-09  0.00000000e+00  2.49999999e+00  3.24849786e-05 
 1.70250000e-09  1.70250000e-09  0.00000000e+00  2.49999999e+00 -3.24969346e-05 
 1.70350000e-09  1.70350000e-09  0.00000000e+00  2.49999999e+00  3.24855568e-05 
 1.70450000e-09  1.70450000e-09  0.00000000e+00  2.49999999e+00 -3.24963844e-05 
 1.70550000e-09  1.70550000e-09  0.00000000e+00  2.49999999e+00  3.24860801e-05 
 1.70650000e-09  1.70650000e-09  0.00000000e+00  2.49999999e+00 -3.24958865e-05 
 1.70750000e-09  1.70750000e-09  0.00000000e+00  2.49999999e+00  3.24865539e-05 
 1.70850000e-09  1.70850000e-09  0.00000000e+00  2.49999999e+00 -3.24954359e-05 
 1.70950000e-09  1.70950000e-09  0.00000000e+00  2.49999999e+00  3.24869826e-05 
 1.71050000e-09  1.71050000e-09  0.00000000e+00  2.49999999e+00 -3.24950279e-05 
 1.71150000e-09  1.71150000e-09  0.00000000e+00  2.49999999e+00  3.24873708e-05 
 1.71250000e-09  1.71250000e-09  0.00000000e+00  2.49999999e+00 -3.24946586e-05 
 1.71350000e-09  1.71350000e-09  0.00000000e+00  2.49999999e+00  3.24877221e-05 
 1.71450000e-09  1.71450000e-09  0.00000000e+00  2.49999999e+00 -3.24943243e-05 
 1.71550000e-09  1.71550000e-09  0.00000000e+00  2.49999999e+00  3.24880402e-05 
 1.71650000e-09  1.71650000e-09  0.00000000e+00  2.49999999e+00 -3.24940217e-05 
 1.71750000e-09  1.71750000e-09  0.00000000e+00  2.49999999e+00  3.24883282e-05 
 1.71850000e-09  1.71850000e-09  0.00000000e+00  2.49999999e+00 -3.24937477e-05 
 1.71950000e-09  1.71950000e-09  0.00000000e+00  2.50000000e+00  3.24885889e-05 
 1.72050000e-09  1.72050000e-09  0.00000000e+00  2.50000000e+00 -3.24934996e-05 
 1.72150000e-09  1.72150000e-09  0.00000000e+00  2.50000000e+00  3.24888249e-05 
 1.72250000e-09  1.72250000e-09  0.00000000e+00  2.50000000e+00 -3.24932750e-05 
 1.72350000e-09  1.72350000e-09  0.00000000e+00  2.50000000e+00  3.24890386e-05 
 1.72450000e-09  1.72450000e-09  0.00000000e+00  2.50000000e+00 -3.24930717e-05 
 1.72550000e-09  1.72550000e-09  0.00000000e+00  2.50000000e+00  3.24892321e-05 
 1.72650000e-09  1.72650000e-09  0.00000000e+00  2.50000000e+00 -3.24928875e-05 
 1.72750000e-09  1.72750000e-09  0.00000000e+00  2.50000000e+00  3.24894073e-05 
 1.72850000e-09  1.72850000e-09  0.00000000e+00  2.50000000e+00 -3.24927208e-05 
 1.72950000e-09  1.72950000e-09  0.00000000e+00  2.50000000e+00  3.24895660e-05 
 1.73050000e-09  1.73050000e-09  0.00000000e+00  2.50000000e+00 -3.24925698e-05 
 1.73150000e-09  1.73150000e-09  0.00000000e+00  2.50000000e+00  3.24897097e-05 
 1.73250000e-09  1.73250000e-09  0.00000000e+00  2.50000000e+00 -3.24924331e-05 
 1.73350000e-09  1.73350000e-09  0.00000000e+00  2.50000000e+00  3.24898398e-05 
 1.73450000e-09  1.73450000e-09  0.00000000e+00  2.50000000e+00 -3.24923093e-05 
 1.73550000e-09  1.73550000e-09  0.00000000e+00  2.50000000e+00  3.24899576e-05 
 1.73650000e-09  1.73650000e-09  0.00000000e+00  2.50000000e+00 -3.24921972e-05 
 1.73750000e-09  1.73750000e-09  0.00000000e+00  2.50000000e+00  3.24900643e-05 
 1.73850000e-09  1.73850000e-09  0.00000000e+00  2.50000000e+00 -3.24920956e-05 
 1.73950000e-09  1.73950000e-09  0.00000000e+00  2.50000000e+00  3.24901610e-05 
 1.74050000e-09  1.74050000e-09  0.00000000e+00  2.50000000e+00 -3.24920036e-05 
 1.74150000e-09  1.74150000e-09  0.00000000e+00  2.50000000e+00  3.24902485e-05 
 1.74250000e-09  1.74250000e-09  0.00000000e+00  2.50000000e+00 -3.24919203e-05 
 1.74350000e-09  1.74350000e-09  0.00000000e+00  2.50000000e+00  3.24903278e-05 
 1.74450000e-09  1.74450000e-09  0.00000000e+00  2.50000000e+00 -3.24918449e-05 
 1.74550000e-09  1.74550000e-09  0.00000000e+00  2.50000000e+00  3.24903996e-05 
 1.74650000e-09  1.74650000e-09  0.00000000e+00  2.50000000e+00 -3.24917765e-05 
 1.74750000e-09  1.74750000e-09  0.00000000e+00  2.50000000e+00  3.24904646e-05 
 1.74850000e-09  1.74850000e-09  0.00000000e+00  2.50000000e+00 -3.24917146e-05 
 1.74950000e-09  1.74950000e-09  0.00000000e+00  2.50000000e+00  3.24905236e-05 
 1.75050000e-09  1.75050000e-09  0.00000000e+00  2.50000000e+00 -3.24916585e-05 
 1.75150000e-09  1.75150000e-09  0.00000000e+00  2.50000000e+00  3.24905769e-05 
 1.75250000e-09  1.75250000e-09  0.00000000e+00  2.50000000e+00 -3.24916077e-05 
 1.75350000e-09  1.75350000e-09  0.00000000e+00  2.50000000e+00  3.24906253e-05 
 1.75450000e-09  1.75450000e-09  0.00000000e+00  2.50000000e+00 -3.24915617e-05 
 1.75550000e-09  1.75550000e-09  0.00000000e+00  2.50000000e+00  3.24906691e-05 
 1.75650000e-09  1.75650000e-09  0.00000000e+00  2.50000000e+00 -3.24915200e-05 
 1.75750000e-09  1.75750000e-09  0.00000000e+00  2.50000000e+00  3.24907088e-05 
 1.75850000e-09  1.75850000e-09  0.00000000e+00  2.50000000e+00 -3.24914822e-05 
 1.75950000e-09  1.75950000e-09  0.00000000e+00  2.50000000e+00  3.24907447e-05 
 1.76050000e-09  1.76050000e-09  0.00000000e+00  2.50000000e+00 -3.24914480e-05 
 1.76150000e-09  1.76150000e-09  0.00000000e+00  2.50000000e+00  3.24907773e-05 
 1.76250000e-09  1.76250000e-09  0.00000000e+00  2.50000000e+00 -3.24914170e-05 
 1.76350000e-09  1.76350000e-09  0.00000000e+00  2.50000000e+00  3.24908068e-05 
 1.76450000e-09  1.76450000e-09  0.00000000e+00  2.50000000e+00 -3.24913889e-05 
 1.76550000e-09  1.76550000e-09  0.00000000e+00  2.50000000e+00  3.24908335e-05 
 1.76650000e-09  1.76650000e-09  0.00000000e+00  2.50000000e+00 -3.24913635e-05 
 1.76750000e-09  1.76750000e-09  0.00000000e+00  2.50000000e+00  3.24908578e-05 
 1.76850000e-09  1.76850000e-09  0.00000000e+00  2.50000000e+00 -3.24913404e-05 
 1.76950000e-09  1.76950000e-09  0.00000000e+00  2.50000000e+00  3.24908797e-05 
 1.77050000e-09  1.77050000e-09  0.00000000e+00  2.50000000e+00 -3.24913195e-05 
 1.77150000e-09  1.77150000e-09  0.00000000e+00  2.50000000e+00  3.24908996e-05 
 1.77250000e-09  1.77250000e-09  0.00000000e+00  2.50000000e+00 -3.24913006e-05 
 1.77350000e-09  1.77350000e-09  0.00000000e+00  2.50000000e+00  3.24909176e-05 
 1.77450000e-09  1.77450000e-09  0.00000000e+00  2.50000000e+00 -3.24912834e-05 
 1.77550000e-09  1.77550000e-09  0.00000000e+00  2.50000000e+00  3.24909340e-05 
 1.77650000e-09  1.77650000e-09  0.00000000e+00  2.50000000e+00 -3.24912679e-05 
 1.77750000e-09  1.77750000e-09  0.00000000e+00  2.50000000e+00  3.24909488e-05 
 1.77850000e-09  1.77850000e-09  0.00000000e+00  2.50000000e+00 -3.24912538e-05 
 1.77950000e-09  1.77950000e-09  0.00000000e+00  2.50000000e+00  3.24909622e-05 
 1.78050000e-09  1.78050000e-09  0.00000000e+00  2.50000000e+00 -3.24912410e-05 
 1.78150000e-09  1.78150000e-09  0.00000000e+00  2.50000000e+00  3.24909743e-05 
 1.78250000e-09  1.78250000e-09  0.00000000e+00  2.50000000e+00 -3.24912294e-05 
 1.78350000e-09  1.78350000e-09  0.00000000e+00  2.50000000e+00  3.24909854e-05 
 1.78450000e-09  1.78450000e-09  0.00000000e+00  2.50000000e+00 -3.24912190e-05 
 1.78550000e-09  1.78550000e-09  0.00000000e+00  2.50000000e+00  3.24909953e-05 
 1.78650000e-09  1.78650000e-09  0.00000000e+00  2.50000000e+00 -3.24912095e-05 
 1.78750000e-09  1.78750000e-09  0.00000000e+00  2.50000000e+00  3.24910044e-05 
 1.78850000e-09  1.78850000e-09  0.00000000e+00  2.50000000e+00 -3.24912008e-05 
 1.78950000e-09  1.78950000e-09  0.00000000e+00  2.50000000e+00  3.24910126e-05 
 1.79050000e-09  1.79050000e-09  0.00000000e+00  2.50000000e+00 -3.24911930e-05 
 1.79150000e-09  1.79150000e-09  0.00000000e+00  2.50000000e+00  3.24910200e-05 
 1.79250000e-09  1.79250000e-09  0.00000000e+00  2.50000000e+00 -3.24911860e-05 
 1.79350000e-09  1.79350000e-09  0.00000000e+00  2.50000000e+00  3.24910268e-05 
 1.79450000e-09  1.79450000e-09  0.00000000e+00  2.50000000e+00 -3.24911795e-05 
 1.79550000e-09  1.79550000e-09  0.00000000e+00  2.50000000e+00  3.24910329e-05 
 1.79650000e-09  1.79650000e-09  0.00000000e+00  2.50000000e+00 -3.24911737e-05 
 1.79750000e-09  1.79750000e-09  0.00000000e+00  2.50000000e+00  3.24910384e-05 
 1.79850000e-09  1.79850000e-09  0.00000000e+00  2.50000000e+00 -3.24911685e-05 
 1.79950000e-09  1.79950000e-09  0.00000000e+00  2.50000000e+00  3.24910434e-05 
 1.80050000e-09  1.80050000e-09  0.00000000e+00  2.50000000e+00 -3.24911637e-05 
 1.80150000e-09  1.80150000e-09  0.00000000e+00  2.50000000e+00  3.24910480e-05 
 1.80250000e-09  1.80250000e-09  0.00000000e+00  2.50000000e+00 -3.24911593e-05 
 1.80350000e-09  1.80350000e-09  0.00000000e+00  2.50000000e+00  3.24910521e-05 
 1.80450000e-09  1.80450000e-09  0.00000000e+00  2.50000000e+00 -3.24911554e-05 
 1.80550000e-09  1.80550000e-09  0.00000000e+00  2.50000000e+00  3.24910558e-05 
 1.80650000e-09  1.80650000e-09  0.00000000e+00  2.50000000e+00 -3.24911519e-05 
 1.80750000e-09  1.80750000e-09  0.00000000e+00  2.50000000e+00  3.24910592e-05 
 1.80850000e-09  1.80850000e-09  0.00000000e+00  2.50000000e+00 -3.24911486e-05 
 1.80950000e-09  1.80950000e-09  0.00000000e+00  2.50000000e+00  3.24910623e-05 
 1.81050000e-09  1.81050000e-09  0.00000000e+00  2.50000000e+00 -3.24911457e-05 
 1.81150000e-09  1.81150000e-09  0.00000000e+00  2.50000000e+00  3.24910651e-05 
 1.81250000e-09  1.81250000e-09  0.00000000e+00  2.50000000e+00 -3.24911431e-05 
 1.81350000e-09  1.81350000e-09  0.00000000e+00  2.50000000e+00  3.24910676e-05 
 1.81450000e-09  1.81450000e-09  0.00000000e+00  2.50000000e+00 -3.24911407e-05 
 1.81550000e-09  1.81550000e-09  0.00000000e+00  2.50000000e+00  3.24910699e-05 
 1.81650000e-09  1.81650000e-09  0.00000000e+00  2.50000000e+00 -3.24911385e-05 
 1.81750000e-09  1.81750000e-09  0.00000000e+00  2.50000000e+00  3.24910720e-05 
 1.81850000e-09  1.81850000e-09  0.00000000e+00  2.50000000e+00 -3.24911365e-05 
 1.81950000e-09  1.81950000e-09  0.00000000e+00  2.50000000e+00  3.24910739e-05 
 1.82050000e-09  1.82050000e-09  0.00000000e+00  2.50000000e+00 -3.24911347e-05 
 1.82150000e-09  1.82150000e-09  0.00000000e+00  2.50000000e+00  3.24910756e-05 
 1.82250000e-09  1.82250000e-09  0.00000000e+00  2.50000000e+00 -3.24911331e-05 
 1.82350000e-09  1.82350000e-09  0.00000000e+00  2.50000000e+00  3.24910771e-05 
 1.82450000e-09  1.82450000e-09  0.00000000e+00  2.50000000e+00 -3.24911316e-05 
 1.82550000e-09  1.82550000e-09  0.00000000e+00  2.50000000e+00  3.24910785e-05 
 1.82650000e-09  1.82650000e-09  0.00000000e+00  2.50000000e+00 -3.24911303e-05 
 1.82750000e-09  1.82750000e-09  0.00000000e+00  2.50000000e+00  3.24910798e-05 
 1.82850000e-09  1.82850000e-09  0.00000000e+00  2.50000000e+00 -3.24911291e-05 
 1.82950000e-09  1.82950000e-09  0.00000000e+00  2.50000000e+00  3.24910809e-05 
 1.83050000e-09  1.83050000e-09  0.00000000e+00  2.50000000e+00 -3.24911280e-05 
 1.83150000e-09  1.83150000e-09  0.00000000e+00  2.50000000e+00  3.24910820e-05 
 1.83250000e-09  1.83250000e-09  0.00000000e+00  2.50000000e+00 -3.24911270e-05 
 1.83350000e-09  1.83350000e-09  0.00000000e+00  2.50000000e+00  3.24910829e-05 
 1.83450000e-09  1.83450000e-09  0.00000000e+00  2.50000000e+00 -3.24911261e-05 
 1.83550000e-09  1.83550000e-09  0.00000000e+00  2.50000000e+00  3.24910838e-05 
 1.83650000e-09  1.83650000e-09  0.00000000e+00  2.50000000e+00 -3.24911252e-05 
 1.83750000e-09  1.83750000e-09  0.00000000e+00  2.50000000e+00  3.24910846e-05 
 1.83850000e-09  1.83850000e-09  0.00000000e+00  2.50000000e+00 -3.24911245e-05 
 1.83950000e-09  1.83950000e-09  0.00000000e+00  2.50000000e+00  3.24910853e-05 
 1.84050000e-09  1.84050000e-09  0.00000000e+00  2.50000000e+00 -3.24911238e-05 
 1.84150000e-09  1.84150000e-09  0.00000000e+00  2.50000000e+00  3.24910859e-05 
 1.84250000e-09  1.84250000e-09  0.00000000e+00  2.50000000e+00 -3.24911232e-05 
 1.84350000e-09  1.84350000e-09  0.00000000e+00  2.50000000e+00  3.24910865e-05 
 1.84450000e-09  1.84450000e-09  0.00000000e+00  2.50000000e+00 -3.24911227e-05 
 1.84550000e-09  1.84550000e-09  0.00000000e+00  2.50000000e+00  3.24910870e-05 
 1.84650000e-09  1.84650000e-09  0.00000000e+00  2.50000000e+00 -3.24911222e-05 
 1.84750000e-09  1.84750000e-09  0.00000000e+00  2.50000000e+00  3.24910875e-05 
 1.84850000e-09  1.84850000e-09  0.00000000e+00  2.50000000e+00 -3.24911217e-05 
 1.84950000e-09  1.84950000e-09  0.00000000e+00  2.50000000e+00  3.24910879e-05 
 1.85050000e-09  1.85050000e-09  0.00000000e+00  2.50000000e+00 -3.24911213e-05 
 1.85150000e-09  1.85150000e-09  0.00000000e+00  2.50000000e+00  3.24910883e-05 
 1.85250000e-09  1.85250000e-09  0.00000000e+00  2.50000000e+00 -3.24911209e-05 
 1.85350000e-09  1.85350000e-09  0.00000000e+00  2.50000000e+00  3.24910887e-05 
 1.85450000e-09  1.85450000e-09  0.00000000e+00  2.50000000e+00 -3.24911206e-05 
 1.85550000e-09  1.85550000e-09  0.00000000e+00  2.50000000e+00  3.24910890e-05 
 1.85650000e-09  1.85650000e-09  0.00000000e+00  2.50000000e+00 -3.24911203e-05 
 1.85750000e-09  1.85750000e-09  0.00000000e+00  2.50000000e+00  3.24910893e-05 
 1.85850000e-09  1.85850000e-09  0.00000000e+00  2.50000000e+00 -3.24911200e-05 
 1.85950000e-09  1.85950000e-09  0.00000000e+00  2.50000000e+00  3.24910896e-05 
 1.86050000e-09  1.86050000e-09  0.00000000e+00  2.50000000e+00 -3.24911197e-05 
 1.86150000e-09  1.86150000e-09  0.00000000e+00  2.50000000e+00  3.24910898e-05 
 1.86250000e-09  1.86250000e-09  0.00000000e+00  2.50000000e+00 -3.24911195e-05 
 1.86350000e-09  1.86350000e-09  0.00000000e+00  2.50000000e+00  3.24910900e-05 
 1.86450000e-09  1.86450000e-09  0.00000000e+00  2.50000000e+00 -3.24911193e-05 
 1.86550000e-09  1.86550000e-09  0.00000000e+00  2.50000000e+00  3.24910902e-05 
 1.86650000e-09  1.86650000e-09  0.00000000e+00  2.50000000e+00 -3.24911191e-05 
 1.86750000e-09  1.86750000e-09  0.00000000e+00  2.50000000e+00  3.24910904e-05 
 1.86850000e-09  1.86850000e-09  0.00000000e+00  2.50000000e+00 -3.24911189e-05 
 1.86950000e-09  1.86950000e-09  0.00000000e+00  2.50000000e+00  3.24910906e-05 
 1.87050000e-09  1.87050000e-09  0.00000000e+00  2.50000000e+00 -3.24911188e-05 
 1.87150000e-09  1.87150000e-09  0.00000000e+00  2.50000000e+00  3.24910907e-05 
 1.87250000e-09  1.87250000e-09  0.00000000e+00  2.50000000e+00 -3.24911186e-05 
 1.87350000e-09  1.87350000e-09  0.00000000e+00  2.50000000e+00  3.24910909e-05 
 1.87450000e-09  1.87450000e-09  0.00000000e+00  2.50000000e+00 -3.24911185e-05 
 1.87550000e-09  1.87550000e-09  0.00000000e+00  2.50000000e+00  3.24910910e-05 
 1.87650000e-09  1.87650000e-09  0.00000000e+00  2.50000000e+00 -3.24911184e-05 
 1.87750000e-09  1.87750000e-09  0.00000000e+00  2.50000000e+00  3.24910911e-05 
 1.87850000e-09  1.87850000e-09  0.00000000e+00  2.50000000e+00 -3.24911183e-05 
 1.87950000e-09  1.87950000e-09  0.00000000e+00  2.50000000e+00  3.24910912e-05 
 1.88050000e-09  1.88050000e-09  0.00000000e+00  2.50000000e+00 -3.24911182e-05 
 1.88150000e-09  1.88150000e-09  0.00000000e+00  2.50000000e+00  3.24910913e-05 
 1.88250000e-09  1.88250000e-09  0.00000000e+00  2.50000000e+00 -3.24911181e-05 
 1.88350000e-09  1.88350000e-09  0.00000000e+00  2.50000000e+00  3.24910914e-05 
 1.88450000e-09  1.88450000e-09  0.00000000e+00  2.50000000e+00 -3.24911180e-05 
 1.88550000e-09  1.88550000e-09  0.00000000e+00  2.50000000e+00  3.24910914e-05 
 1.88650000e-09  1.88650000e-09  0.00000000e+00  2.50000000e+00 -3.24911180e-05 
 1.88750000e-09  1.88750000e-09  0.00000000e+00  2.50000000e+00  3.24910915e-05 
 1.88850000e-09  1.88850000e-09  0.00000000e+00  2.50000000e+00 -3.24911179e-05 
 1.88950000e-09  1.88950000e-09  0.00000000e+00  2.50000000e+00  3.24910916e-05 
 1.89050000e-09  1.89050000e-09  0.00000000e+00  2.50000000e+00 -3.24911178e-05 
 1.89150000e-09  1.89150000e-09  0.00000000e+00  2.50000000e+00  3.24910916e-05 
 1.89250000e-09  1.89250000e-09  0.00000000e+00  2.50000000e+00 -3.24911178e-05 
 1.89350000e-09  1.89350000e-09  0.00000000e+00  2.50000000e+00  3.24910917e-05 
 1.89450000e-09  1.89450000e-09  0.00000000e+00  2.50000000e+00 -3.24911177e-05 
 1.89550000e-09  1.89550000e-09  0.00000000e+00  2.50000000e+00  3.24910917e-05 
 1.89650000e-09  1.89650000e-09  0.00000000e+00  2.50000000e+00 -3.24911177e-05 
 1.89750000e-09  1.89750000e-09  0.00000000e+00  2.50000000e+00  3.24910918e-05 
 1.89850000e-09  1.89850000e-09  0.00000000e+00  2.50000000e+00 -3.24911177e-05 
 1.89950000e-09  1.89950000e-09  0.00000000e+00  2.50000000e+00  3.24910918e-05 
 1.90050000e-09  1.90050000e-09  0.00000000e+00  2.50000000e+00 -3.24911176e-05 
 1.90150000e-09  1.90150000e-09  0.00000000e+00  2.50000000e+00  3.24910918e-05 
 1.90250000e-09  1.90250000e-09  0.00000000e+00  2.50000000e+00 -3.24911176e-05 
 1.90350000e-09  1.90350000e-09  0.00000000e+00  2.50000000e+00  3.24910919e-05 
 1.90450000e-09  1.90450000e-09  0.00000000e+00  2.50000000e+00 -3.24911176e-05 
 1.90550000e-09  1.90550000e-09  0.00000000e+00  2.50000000e+00  3.24910919e-05 
 1.90650000e-09  1.90650000e-09  0.00000000e+00  2.50000000e+00 -3.24911175e-05 
 1.90750000e-09  1.90750000e-09  0.00000000e+00  2.50000000e+00  3.24910919e-05 
 1.90850000e-09  1.90850000e-09  0.00000000e+00  2.50000000e+00 -3.24911175e-05 
 1.90950000e-09  1.90950000e-09  0.00000000e+00  2.50000000e+00  3.24910919e-05 
 1.91050000e-09  1.91050000e-09  0.00000000e+00  2.50000000e+00 -3.24911175e-05 
 1.91150000e-09  1.91150000e-09  0.00000000e+00  2.50000000e+00  3.24910920e-05 
 1.91250000e-09  1.91250000e-09  0.00000000e+00  2.50000000e+00 -3.24911175e-05 
 1.91350000e-09  1.91350000e-09  0.00000000e+00  2.50000000e+00  3.24910920e-05 
 1.91450000e-09  1.91450000e-09  0.00000000e+00  2.50000000e+00 -3.24911174e-05 
 1.91550000e-09  1.91550000e-09  0.00000000e+00  2.50000000e+00  3.24910920e-05 
 1.91650000e-09  1.91650000e-09  0.00000000e+00  2.50000000e+00 -3.24911174e-05 
 1.91750000e-09  1.91750000e-09  0.00000000e+00  2.50000000e+00  3.24910920e-05 
 1.91850000e-09  1.91850000e-09  0.00000000e+00  2.50000000e+00 -3.24911174e-05 
 1.91950000e-09  1.91950000e-09  0.00000000e+00  2.50000000e+00  3.24910920e-05 
 1.92050000e-09  1.92050000e-09  0.00000000e+00  2.50000000e+00 -3.24911174e-05 
 1.92150000e-09  1.92150000e-09  0.00000000e+00  2.50000000e+00  3.24910920e-05 
 1.92250000e-09  1.92250000e-09  0.00000000e+00  2.50000000e+00 -3.24911174e-05 
 1.92350000e-09  1.92350000e-09  0.00000000e+00  2.50000000e+00  3.24910921e-05 
 1.92450000e-09  1.92450000e-09  0.00000000e+00  2.50000000e+00 -3.24911174e-05 
 1.92550000e-09  1.92550000e-09  0.00000000e+00  2.50000000e+00  3.24910921e-05 
 1.92650000e-09  1.92650000e-09  0.00000000e+00  2.50000000e+00 -3.24911174e-05 
 1.92750000e-09  1.92750000e-09  0.00000000e+00  2.50000000e+00  3.24910921e-05 
 1.92850000e-09  1.92850000e-09  0.00000000e+00  2.50000000e+00 -3.24911174e-05 
 1.92950000e-09  1.92950000e-09  0.00000000e+00  2.50000000e+00  3.24910921e-05 
 1.93050000e-09  1.93050000e-09  0.00000000e+00  2.50000000e+00 -3.24911173e-05 
 1.93150000e-09  1.93150000e-09  0.00000000e+00  2.50000000e+00  3.24910921e-05 
 1.93250000e-09  1.93250000e-09  0.00000000e+00  2.50000000e+00 -3.24911173e-05 
 1.93350000e-09  1.93350000e-09  0.00000000e+00  2.50000000e+00  3.24910921e-05 
 1.93450000e-09  1.93450000e-09  0.00000000e+00  2.50000000e+00 -3.24911173e-05 
 1.93550000e-09  1.93550000e-09  0.00000000e+00  2.50000000e+00  3.24910921e-05 
 1.93650000e-09  1.93650000e-09  0.00000000e+00  2.50000000e+00 -3.24911173e-05 
 1.93750000e-09  1.93750000e-09  0.00000000e+00  2.50000000e+00  3.24910921e-05 
 1.93850000e-09  1.93850000e-09  0.00000000e+00  2.50000000e+00 -3.24911173e-05 
 1.93950000e-09  1.93950000e-09  0.00000000e+00  2.50000000e+00  3.24910921e-05 
 1.94050000e-09  1.94050000e-09  0.00000000e+00  2.50000000e+00 -3.24911173e-05 
 1.94150000e-09  1.94150000e-09  0.00000000e+00  2.50000000e+00  3.24910921e-05 
 1.94250000e-09  1.94250000e-09  0.00000000e+00  2.50000000e+00 -3.24911173e-05 
 1.94350000e-09  1.94350000e-09  0.00000000e+00  2.50000000e+00  3.24910921e-05 
 1.94450000e-09  1.94450000e-09  0.00000000e+00  2.50000000e+00 -3.24911173e-05 
 1.94550000e-09  1.94550000e-09  0.00000000e+00  2.50000000e+00  3.24910921e-05 
 1.94650000e-09  1.94650000e-09  0.00000000e+00  2.50000000e+00 -3.24911173e-05 
 1.94750000e-09  1.94750000e-09  0.00000000e+00  2.50000000e+00  3.24910921e-05 
 1.94850000e-09  1.94850000e-09  0.00000000e+00  2.50000000e+00 -3.24911173e-05 
 1.94950000e-09  1.94950000e-09  0.00000000e+00  2.50000000e+00  3.24910921e-05 
 1.95050000e-09  1.95050000e-09  0.00000000e+00  2.50000000e+00 -3.24911173e-05 
 1.95150000e-09  1.95150000e-09  0.00000000e+00  2.50000000e+00  3.24910921e-05 
 1.95250000e-09  1.95250000e-09  0.00000000e+00  2.50000000e+00 -3.24911173e-05 
 1.95350000e-09  1.95350000e-09  0.00000000e+00  2.50000000e+00  3.24910921e-05 
 1.95450000e-09  1.95450000e-09  0.00000000e+00  2.50000000e+00 -3.24911173e-05 
 1.95550000e-09  1.95550000e-09  0.00000000e+00  2.50000000e+00  3.24910921e-05 
 1.95650000e-09  1.95650000e-09  0.00000000e+00  2.50000000e+00 -3.24911173e-05 
 1.95750000e-09  1.95750000e-09  0.00000000e+00  2.50000000e+00  3.24910921e-05 
 1.95850000e-09  1.95850000e-09  0.00000000e+00  2.50000000e+00 -3.24911173e-05 
 1.95950000e-09  1.95950000e-09  0.00000000e+00  2.50000000e+00  3.24910921e-05 
 1.96050000e-09  1.96050000e-09  0.00000000e+00  2.50000000e+00 -3.24911173e-05 
 1.96150000e-09  1.96150000e-09  0.00000000e+00  2.50000000e+00  3.24910921e-05 
 1.96250000e-09  1.96250000e-09  0.00000000e+00  2.50000000e+00 -3.24911173e-05 
 1.96350000e-09  1.96350000e-09  0.00000000e+00  2.50000000e+00  3.24910921e-05 
 1.96450000e-09  1.96450000e-09  0.00000000e+00  2.50000000e+00 -3.24911173e-05 
 1.96550000e-09  1.96550000e-09  0.00000000e+00  2.50000000e+00  3.24910922e-05 
 1.96650000e-09  1.96650000e-09  0.00000000e+00  2.50000000e+00 -3.24911173e-05 
 1.96750000e-09  1.96750000e-09  0.00000000e+00  2.50000000e+00  3.24910922e-05 
 1.96850000e-09  1.96850000e-09  0.00000000e+00  2.50000000e+00 -3.24911173e-05 
 1.96950000e-09  1.96950000e-09  0.00000000e+00  2.50000000e+00  3.24910922e-05 
 1.97050000e-09  1.97050000e-09  0.00000000e+00  2.50000000e+00 -3.24911173e-05 
 1.97150000e-09  1.97150000e-09  0.00000000e+00  2.50000000e+00  3.24910922e-05 
 1.97250000e-09  1.97250000e-09  0.00000000e+00  2.50000000e+00 -3.24911173e-05 
 1.97350000e-09  1.97350000e-09  0.00000000e+00  2.50000000e+00  3.24910922e-05 
 1.97450000e-09  1.97450000e-09  0.00000000e+00  2.50000000e+00 -3.24911173e-05 
 1.97550000e-09  1.97550000e-09  0.00000000e+00  2.50000000e+00  3.24910922e-05 
 1.97650000e-09  1.97650000e-09  0.00000000e+00  2.50000000e+00 -3.24911173e-05 
 1.97750000e-09  1.97750000e-09  0.00000000e+00  2.50000000e+00  3.24910922e-05 
 1.97850000e-09  1.97850000e-09  0.00000000e+00  2.50000000e+00 -3.24911173e-05 
 1.97950000e-09  1.97950000e-09  0.00000000e+00  2.50000000e+00  3.24910922e-05 
 1.98050000e-09  1.98050000e-09  0.00000000e+00  2.50000000e+00 -3.24911173e-05 
 1.98150000e-09  1.98150000e-09  0.00000000e+00  2.50000000e+00  3.24910922e-05 
 1.98250000e-09  1.98250000e-09  0.00000000e+00  2.50000000e+00 -3.24911173e-05 
 1.98350000e-09  1.98350000e-09  0.00000000e+00  2.50000000e+00  3.24910922e-05 
 1.98450000e-09  1.98450000e-09  0.00000000e+00  2.50000000e+00 -3.24911173e-05 
 1.98550000e-09  1.98550000e-09  0.00000000e+00  2.50000000e+00  3.24910922e-05 
 1.98650000e-09  1.98650000e-09  0.00000000e+00  2.50000000e+00 -3.24911173e-05 
 1.98750000e-09  1.98750000e-09  0.00000000e+00  2.50000000e+00  3.24910922e-05 
 1.98850000e-09  1.98850000e-09  0.00000000e+00  2.50000000e+00 -3.24911173e-05 
 1.98950000e-09  1.98950000e-09  0.00000000e+00  2.50000000e+00  3.24910922e-05 
 1.99050000e-09  1.99050000e-09  0.00000000e+00  2.50000000e+00 -3.24911173e-05 
 1.99150000e-09  1.99150000e-09  0.00000000e+00  2.50000000e+00  3.24910922e-05 
 1.99250000e-09  1.99250000e-09  0.00000000e+00  2.50000000e+00 -3.24911173e-05 
 1.99350000e-09  1.99350000e-09  0.00000000e+00  2.50000000e+00  3.24910922e-05 
 1.99450000e-09  1.99450000e-09  0.00000000e+00  2.50000000e+00 -3.24911173e-05 
 1.99550000e-09  1.99550000e-09  0.00000000e+00  2.50000000e+00  3.24910922e-05 
 1.99650000e-09  1.99650000e-09  0.00000000e+00  2.50000000e+00 -3.24911173e-05 
 1.99750000e-09  1.99750000e-09  0.00000000e+00  2.50000000e+00  3.24910922e-05 
 1.99850000e-09  1.99850000e-09  0.00000000e+00  2.50000000e+00 -3.24911173e-05 
 1.99950000e-09  1.99950000e-09  0.00000000e+00  2.50000000e+00  3.24910922e-05 
 2.00050000e-09  2.00050000e-09  0.00000000e+00  2.50000000e+00 -3.24911173e-05 
 2.00150000e-09  2.00150000e-09  0.00000000e+00  2.50000000e+00  3.24910922e-05 
 2.00250000e-09  2.00250000e-09  0.00000000e+00  2.50000000e+00 -3.24911173e-05 
 2.00350000e-09  2.00350000e-09  0.00000000e+00  2.50000000e+00  3.24910922e-05 
 2.00450000e-09  2.00450000e-09  0.00000000e+00  2.50000000e+00 -3.24911173e-05 
 2.00550000e-09  2.00550000e-09  0.00000000e+00  2.50000000e+00  3.24910922e-05 
 2.00650000e-09  2.00650000e-09  0.00000000e+00  2.50000000e+00 -3.24911173e-05 
 2.00750000e-09  2.00750000e-09  0.00000000e+00  2.50000000e+00  3.24910922e-05 
 2.00850000e-09  2.00850000e-09  0.00000000e+00  2.50000000e+00 -3.24911173e-05 
 2.00950000e-09  2.00950000e-09  0.00000000e+00  2.50000000e+00  3.24910922e-05 
 2.01050000e-09  2.01050000e-09  0.00000000e+00  2.50000000e+00 -3.24911173e-05 
 2.01150000e-09  2.01150000e-09  0.00000000e+00  2.50000000e+00  3.24910922e-05 
 2.01250000e-09  2.01250000e-09  0.00000000e+00  2.50000000e+00 -3.24911173e-05 
 2.01350000e-09  2.01350000e-09  0.00000000e+00  2.50000000e+00  3.24910922e-05 
 2.01450000e-09  2.01450000e-09  0.00000000e+00  2.50000000e+00 -3.24911173e-05 
 2.01550000e-09  2.01550000e-09  0.00000000e+00  2.50000000e+00  3.24910922e-05 
 2.01650000e-09  2.01650000e-09  0.00000000e+00  2.50000000e+00 -3.24911173e-05 
 2.01750000e-09  2.01750000e-09  0.00000000e+00  2.50000000e+00  3.24910922e-05 
 2.01850000e-09  2.01850000e-09  0.00000000e+00  2.50000000e+00 -3.24911173e-05 
 2.01950000e-09  2.01950000e-09  0.00000000e+00  2.50000000e+00  3.24910922e-05 
 2.02050000e-09  2.02050000e-09  0.00000000e+00  2.50000000e+00 -3.24911173e-05 
 2.02150000e-09  2.02150000e-09  0.00000000e+00  2.50000000e+00  3.24910922e-05 
 2.02250000e-09  2.02250000e-09  0.00000000e+00  2.50000000e+00 -3.24911173e-05 
 2.02350000e-09  2.02350000e-09  0.00000000e+00  2.50000000e+00  3.24910922e-05 
 2.02450000e-09  2.02450000e-09  0.00000000e+00  2.50000000e+00 -3.24911173e-05 
 2.02550000e-09  2.02550000e-09  0.00000000e+00  2.50000000e+00  3.24910922e-05 
 2.02650000e-09  2.02650000e-09  0.00000000e+00  2.50000000e+00 -3.24911173e-05 
 2.02750000e-09  2.02750000e-09  0.00000000e+00  2.50000000e+00  3.24910922e-05 
 2.02850000e-09  2.02850000e-09  0.00000000e+00  2.50000000e+00 -3.24911173e-05 
 2.02950000e-09  2.02950000e-09  0.00000000e+00  2.50000000e+00  3.24910922e-05 
 2.03050000e-09  2.03050000e-09  0.00000000e+00  2.50000000e+00 -3.24911173e-05 
 2.03150000e-09  2.03150000e-09  0.00000000e+00  2.50000000e+00  3.24910922e-05 
 2.03250000e-09  2.03250000e-09  0.00000000e+00  2.50000000e+00 -3.24911173e-05 
 2.03350000e-09  2.03350000e-09  0.00000000e+00  2.50000000e+00  3.24910922e-05 
 2.03450000e-09  2.03450000e-09  0.00000000e+00  2.50000000e+00 -3.24911173e-05 
 2.03550000e-09  2.03550000e-09  0.00000000e+00  2.50000000e+00  3.24910922e-05 
 2.03650000e-09  2.03650000e-09  0.00000000e+00  2.50000000e+00 -3.24911173e-05 
 2.03750000e-09  2.03750000e-09  0.00000000e+00  2.50000000e+00  3.24910922e-05 
 2.03850000e-09  2.03850000e-09  0.00000000e+00  2.50000000e+00 -3.24911173e-05 
 2.03950000e-09  2.03950000e-09  0.00000000e+00  2.50000000e+00  3.24910922e-05 
 2.04050000e-09  2.04050000e-09  0.00000000e+00  2.50000000e+00 -3.24911173e-05 
 2.04150000e-09  2.04150000e-09  0.00000000e+00  2.50000000e+00  3.24910922e-05 
 2.04250000e-09  2.04250000e-09  0.00000000e+00  2.50000000e+00 -3.24911173e-05 
 2.04350000e-09  2.04350000e-09  0.00000000e+00  2.50000000e+00  3.24910922e-05 
 2.04450000e-09  2.04450000e-09  0.00000000e+00  2.50000000e+00 -3.24911173e-05 
 2.04550000e-09  2.04550000e-09  0.00000000e+00  2.50000000e+00  3.24910922e-05 
 2.04650000e-09  2.04650000e-09  0.00000000e+00  2.50000000e+00 -3.24911173e-05 
 2.04750000e-09  2.04750000e-09  0.00000000e+00  2.50000000e+00  3.24910922e-05 
 2.04850000e-09  2.04850000e-09  0.00000000e+00  2.50000000e+00 -3.24911173e-05 
 2.04950000e-09  2.04950000e-09  0.00000000e+00  2.50000000e+00  3.24910922e-05 
 2.05050000e-09  2.05050000e-09  0.00000000e+00  2.50000000e+00 -3.24911173e-05 
 2.05150000e-09  2.05150000e-09  0.00000000e+00  2.50000000e+00  3.24910922e-05 
 2.05250000e-09  2.05250000e-09  0.00000000e+00  2.50000000e+00 -3.24911173e-05 
 2.05350000e-09  2.05350000e-09  0.00000000e+00  2.50000000e+00  3.24910922e-05 
 2.05450000e-09  2.05450000e-09  0.00000000e+00  2.50000000e+00 -3.24911173e-05 
 2.05550000e-09  2.05550000e-09  0.00000000e+00  2.50000000e+00  3.24910922e-05 
 2.05650000e-09  2.05650000e-09  0.00000000e+00  2.50000000e+00 -3.24911173e-05 
 2.05750000e-09  2.05750000e-09  0.00000000e+00  2.50000000e+00  3.24910922e-05 
 2.05850000e-09  2.05850000e-09  0.00000000e+00  2.50000000e+00 -3.24911173e-05 
 2.05950000e-09  2.05950000e-09  0.00000000e+00  2.50000000e+00  3.24910922e-05 
 2.06050000e-09  2.06050000e-09  0.00000000e+00  2.50000000e+00 -3.24911173e-05 
 2.06150000e-09  2.06150000e-09  0.00000000e+00  2.50000000e+00  3.24910922e-05 
 2.06250000e-09  2.06250000e-09  0.00000000e+00  2.50000000e+00 -3.24911173e-05 
 2.06350000e-09  2.06350000e-09  0.00000000e+00  2.50000000e+00  3.24910922e-05 
 2.06450000e-09  2.06450000e-09  0.00000000e+00  2.50000000e+00 -3.24911173e-05 
 2.06550000e-09  2.06550000e-09  0.00000000e+00  2.50000000e+00  3.24910922e-05 
 2.06650000e-09  2.06650000e-09  0.00000000e+00  2.50000000e+00 -3.24911173e-05 
 2.06750000e-09  2.06750000e-09  0.00000000e+00  2.50000000e+00  3.24910922e-05 
 2.06850000e-09  2.06850000e-09  0.00000000e+00  2.50000000e+00 -3.24911173e-05 
 2.06950000e-09  2.06950000e-09  0.00000000e+00  2.50000000e+00  3.24910922e-05 
 2.07050000e-09  2.07050000e-09  0.00000000e+00  2.50000000e+00 -3.24911173e-05 
 2.07150000e-09  2.07150000e-09  0.00000000e+00  2.50000000e+00  3.24910922e-05 
 2.07250000e-09  2.07250000e-09  0.00000000e+00  2.50000000e+00 -3.24911173e-05 
 2.07350000e-09  2.07350000e-09  0.00000000e+00  2.50000000e+00  3.24910922e-05 
 2.07450000e-09  2.07450000e-09  0.00000000e+00  2.50000000e+00 -3.24911173e-05 
 2.07550000e-09  2.07550000e-09  0.00000000e+00  2.50000000e+00  3.24910922e-05 
 2.07650000e-09  2.07650000e-09  0.00000000e+00  2.50000000e+00 -3.24911173e-05 
 2.07750000e-09  2.07750000e-09  0.00000000e+00  2.50000000e+00  3.24910922e-05 
 2.07850000e-09  2.07850000e-09  0.00000000e+00  2.50000000e+00 -3.24911173e-05 
 2.07950000e-09  2.07950000e-09  0.00000000e+00  2.50000000e+00  3.24910922e-05 
 2.08050000e-09  2.08050000e-09  0.00000000e+00  2.50000000e+00 -3.24911173e-05 
 2.08150000e-09  2.08150000e-09  0.00000000e+00  2.50000000e+00  3.24910922e-05 
 2.08250000e-09  2.08250000e-09  0.00000000e+00  2.50000000e+00 -3.24911173e-05 
 2.08350000e-09  2.08350000e-09  0.00000000e+00  2.50000000e+00  3.24910922e-05 
 2.08450000e-09  2.08450000e-09  0.00000000e+00  2.50000000e+00 -3.24911173e-05 
 2.08550000e-09  2.08550000e-09  0.00000000e+00  2.50000000e+00  3.24910922e-05 
 2.08650000e-09  2.08650000e-09  0.00000000e+00  2.50000000e+00 -3.24911173e-05 
 2.08750000e-09  2.08750000e-09  0.00000000e+00  2.50000000e+00  3.24910922e-05 
 2.08850000e-09  2.08850000e-09  0.00000000e+00  2.50000000e+00 -3.24911173e-05 
 2.08950000e-09  2.08950000e-09  0.00000000e+00  2.50000000e+00  3.24910922e-05 
 2.09050000e-09  2.09050000e-09  0.00000000e+00  2.50000000e+00 -3.24911173e-05 
 2.09150000e-09  2.09150000e-09  0.00000000e+00  2.50000000e+00  3.24910922e-05 
 2.09250000e-09  2.09250000e-09  0.00000000e+00  2.50000000e+00 -3.24911173e-05 
 2.09350000e-09  2.09350000e-09  0.00000000e+00  2.50000000e+00  3.24910922e-05 
 2.09450000e-09  2.09450000e-09  0.00000000e+00  2.50000000e+00 -3.24911173e-05 
 2.09550000e-09  2.09550000e-09  0.00000000e+00  2.50000000e+00  3.24910922e-05 
 2.09650000e-09  2.09650000e-09  0.00000000e+00  2.50000000e+00 -3.24911173e-05 
 2.09750000e-09  2.09750000e-09  0.00000000e+00  2.50000000e+00  3.24910922e-05 
 2.09850000e-09  2.09850000e-09  0.00000000e+00  2.50000000e+00 -3.24911173e-05 
 2.09950000e-09  2.09950000e-09  0.00000000e+00  2.50000000e+00  3.24910922e-05 
 2.10050000e-09  2.10050000e-09  0.00000000e+00  2.50000000e+00 -3.24911173e-05 
 2.10150000e-09  2.10150000e-09  0.00000000e+00  2.50000000e+00  3.24910922e-05 
 2.10250000e-09  2.10250000e-09  0.00000000e+00  2.50000000e+00 -3.24911173e-05 
 2.10350000e-09  2.10350000e-09  0.00000000e+00  2.50000000e+00  3.24910922e-05 
 2.10450000e-09  2.10450000e-09  0.00000000e+00  2.50000000e+00 -3.24911173e-05 
 2.10550000e-09  2.10550000e-09  0.00000000e+00  2.50000000e+00  3.24910922e-05 
 2.10650000e-09  2.10650000e-09  0.00000000e+00  2.50000000e+00 -3.24911173e-05 
 2.10750000e-09  2.10750000e-09  0.00000000e+00  2.50000000e+00  3.24910922e-05 
 2.10850000e-09  2.10850000e-09  0.00000000e+00  2.50000000e+00 -3.24911173e-05 
 2.10950000e-09  2.10950000e-09  0.00000000e+00  2.50000000e+00  3.24910922e-05 
 2.11050000e-09  2.11050000e-09  0.00000000e+00  2.50000000e+00 -3.24911173e-05 
 2.11150000e-09  2.11150000e-09  0.00000000e+00  2.50000000e+00  3.24910922e-05 
 2.11250000e-09  2.11250000e-09  0.00000000e+00  2.50000000e+00 -3.24911173e-05 
 2.11350000e-09  2.11350000e-09  0.00000000e+00  2.50000000e+00  3.24910922e-05 
 2.11450000e-09  2.11450000e-09  0.00000000e+00  2.50000000e+00 -3.24911173e-05 
 2.11550000e-09  2.11550000e-09  0.00000000e+00  2.50000000e+00  3.24910922e-05 
 2.11650000e-09  2.11650000e-09  0.00000000e+00  2.50000000e+00 -3.24911173e-05 
 2.11750000e-09  2.11750000e-09  0.00000000e+00  2.50000000e+00  3.24910922e-05 
 2.11850000e-09  2.11850000e-09  0.00000000e+00  2.50000000e+00 -3.24911173e-05 
 2.11950000e-09  2.11950000e-09  0.00000000e+00  2.50000000e+00  3.24910922e-05 
 2.12050000e-09  2.12050000e-09  0.00000000e+00  2.50000000e+00 -3.24911173e-05 
 2.12150000e-09  2.12150000e-09  0.00000000e+00  2.50000000e+00  3.24910922e-05 
 2.12250000e-09  2.12250000e-09  0.00000000e+00  2.50000000e+00 -3.24911173e-05 
 2.12350000e-09  2.12350000e-09  0.00000000e+00  2.50000000e+00  3.24910922e-05 
 2.12450000e-09  2.12450000e-09  0.00000000e+00  2.50000000e+00 -3.24911173e-05 
 2.12550000e-09  2.12550000e-09  0.00000000e+00  2.50000000e+00  3.24910922e-05 
 2.12650000e-09  2.12650000e-09  0.00000000e+00  2.50000000e+00 -3.24911173e-05 
 2.12750000e-09  2.12750000e-09  0.00000000e+00  2.50000000e+00  3.24910922e-05 
 2.12850000e-09  2.12850000e-09  0.00000000e+00  2.50000000e+00 -3.24911173e-05 
 2.12950000e-09  2.12950000e-09  0.00000000e+00  2.50000000e+00  3.24910922e-05 
 2.13050000e-09  2.13050000e-09  0.00000000e+00  2.50000000e+00 -3.24911173e-05 
 2.13150000e-09  2.13150000e-09  0.00000000e+00  2.50000000e+00  3.24910922e-05 
 2.13250000e-09  2.13250000e-09  0.00000000e+00  2.50000000e+00 -3.24911173e-05 
 2.13350000e-09  2.13350000e-09  0.00000000e+00  2.50000000e+00  3.24910922e-05 
 2.13450000e-09  2.13450000e-09  0.00000000e+00  2.50000000e+00 -3.24911173e-05 
 2.13550000e-09  2.13550000e-09  0.00000000e+00  2.50000000e+00  3.24910922e-05 
 2.13650000e-09  2.13650000e-09  0.00000000e+00  2.50000000e+00 -3.24911173e-05 
 2.13750000e-09  2.13750000e-09  0.00000000e+00  2.50000000e+00  3.24910922e-05 
 2.13850000e-09  2.13850000e-09  0.00000000e+00  2.50000000e+00 -3.24911173e-05 
 2.13950000e-09  2.13950000e-09  0.00000000e+00  2.50000000e+00  3.24910922e-05 
 2.14050000e-09  2.14050000e-09  0.00000000e+00  2.50000000e+00 -3.24911173e-05 
 2.14150000e-09  2.14150000e-09  0.00000000e+00  2.50000000e+00  3.24910922e-05 
 2.14250000e-09  2.14250000e-09  0.00000000e+00  2.50000000e+00 -3.24911173e-05 
 2.14350000e-09  2.14350000e-09  0.00000000e+00  2.50000000e+00  3.24910922e-05 
 2.14450000e-09  2.14450000e-09  0.00000000e+00  2.50000000e+00 -3.24911173e-05 
 2.14550000e-09  2.14550000e-09  0.00000000e+00  2.50000000e+00  3.24910922e-05 
 2.14650000e-09  2.14650000e-09  0.00000000e+00  2.50000000e+00 -3.24911173e-05 
 2.14750000e-09  2.14750000e-09  0.00000000e+00  2.50000000e+00  3.24910922e-05 
 2.14850000e-09  2.14850000e-09  0.00000000e+00  2.50000000e+00 -3.24911173e-05 
 2.14950000e-09  2.14950000e-09  0.00000000e+00  2.50000000e+00  3.24910922e-05 
 2.15050000e-09  2.15050000e-09  0.00000000e+00  2.50000000e+00 -3.24911173e-05 
 2.15150000e-09  2.15150000e-09  0.00000000e+00  2.50000000e+00  3.24910922e-05 
 2.15250000e-09  2.15250000e-09  0.00000000e+00  2.50000000e+00 -3.24911173e-05 
 2.15350000e-09  2.15350000e-09  0.00000000e+00  2.50000000e+00  3.24910922e-05 
 2.15450000e-09  2.15450000e-09  0.00000000e+00  2.50000000e+00 -3.24911173e-05 
 2.15550000e-09  2.15550000e-09  0.00000000e+00  2.50000000e+00  3.24910922e-05 
 2.15650000e-09  2.15650000e-09  0.00000000e+00  2.50000000e+00 -3.24911173e-05 
 2.15750000e-09  2.15750000e-09  0.00000000e+00  2.50000000e+00  3.24910922e-05 
 2.15850000e-09  2.15850000e-09  0.00000000e+00  2.50000000e+00 -3.24911173e-05 
 2.15950000e-09  2.15950000e-09  0.00000000e+00  2.50000000e+00  3.24910922e-05 
 2.16050000e-09  2.16050000e-09  0.00000000e+00  2.50000000e+00 -3.24911173e-05 
 2.16150000e-09  2.16150000e-09  0.00000000e+00  2.50000000e+00  3.24910922e-05 
 2.16250000e-09  2.16250000e-09  0.00000000e+00  2.50000000e+00 -3.24911173e-05 
 2.16350000e-09  2.16350000e-09  0.00000000e+00  2.50000000e+00  3.24910922e-05 
 2.16450000e-09  2.16450000e-09  0.00000000e+00  2.50000000e+00 -3.24911173e-05 
 2.16550000e-09  2.16550000e-09  0.00000000e+00  2.50000000e+00  3.24910922e-05 
 2.16650000e-09  2.16650000e-09  0.00000000e+00  2.50000000e+00 -3.24911173e-05 
 2.16750000e-09  2.16750000e-09  0.00000000e+00  2.50000000e+00  3.24910922e-05 
 2.16850000e-09  2.16850000e-09  0.00000000e+00  2.50000000e+00 -3.24911173e-05 
 2.16950000e-09  2.16950000e-09  0.00000000e+00  2.50000000e+00  3.24910922e-05 
 2.17050000e-09  2.17050000e-09  0.00000000e+00  2.50000000e+00 -3.24911173e-05 
 2.17150000e-09  2.17150000e-09  0.00000000e+00  2.50000000e+00  3.24910922e-05 
 2.17250000e-09  2.17250000e-09  0.00000000e+00  2.50000000e+00 -3.24911173e-05 
 2.17350000e-09  2.17350000e-09  0.00000000e+00  2.50000000e+00  3.24910922e-05 
 2.17450000e-09  2.17450000e-09  0.00000000e+00  2.50000000e+00 -3.24911173e-05 
 2.17550000e-09  2.17550000e-09  0.00000000e+00  2.50000000e+00  3.24910922e-05 
 2.17650000e-09  2.17650000e-09  0.00000000e+00  2.50000000e+00 -3.24911173e-05 
 2.17750000e-09  2.17750000e-09  0.00000000e+00  2.50000000e+00  3.24910922e-05 
 2.17850000e-09  2.17850000e-09  0.00000000e+00  2.50000000e+00 -3.24911173e-05 
 2.17950000e-09  2.17950000e-09  0.00000000e+00  2.50000000e+00  3.24910922e-05 
 2.18050000e-09  2.18050000e-09  0.00000000e+00  2.50000000e+00 -3.24911173e-05 
 2.18150000e-09  2.18150000e-09  0.00000000e+00  2.50000000e+00  3.24910922e-05 
 2.18250000e-09  2.18250000e-09  0.00000000e+00  2.50000000e+00 -3.24911173e-05 
 2.18350000e-09  2.18350000e-09  0.00000000e+00  2.50000000e+00  3.24910922e-05 
 2.18450000e-09  2.18450000e-09  0.00000000e+00  2.50000000e+00 -3.24911173e-05 
 2.18550000e-09  2.18550000e-09  0.00000000e+00  2.50000000e+00  3.24910922e-05 
 2.18650000e-09  2.18650000e-09  0.00000000e+00  2.50000000e+00 -3.24911173e-05 
 2.18750000e-09  2.18750000e-09  0.00000000e+00  2.50000000e+00  3.24910922e-05 
 2.18850000e-09  2.18850000e-09  0.00000000e+00  2.50000000e+00 -3.24911173e-05 
 2.18950000e-09  2.18950000e-09  0.00000000e+00  2.50000000e+00  3.24910922e-05 
 2.19050000e-09  2.19050000e-09  0.00000000e+00  2.50000000e+00 -3.24911173e-05 
 2.19150000e-09  2.19150000e-09  0.00000000e+00  2.50000000e+00  3.24910922e-05 
 2.19250000e-09  2.19250000e-09  0.00000000e+00  2.50000000e+00 -3.24911173e-05 
 2.19350000e-09  2.19350000e-09  0.00000000e+00  2.50000000e+00  3.24910922e-05 
 2.19450000e-09  2.19450000e-09  0.00000000e+00  2.50000000e+00 -3.24911173e-05 
 2.19550000e-09  2.19550000e-09  0.00000000e+00  2.50000000e+00  3.24910922e-05 
 2.19650000e-09  2.19650000e-09  0.00000000e+00  2.50000000e+00 -3.24911173e-05 
 2.19750000e-09  2.19750000e-09  0.00000000e+00  2.50000000e+00  3.24910922e-05 
 2.19850000e-09  2.19850000e-09  0.00000000e+00  2.50000000e+00 -3.24911173e-05 
 2.19925000e-09  2.19925000e-09  0.00000000e+00  2.50000000e+00  3.24910922e-05 
 2.20000000e-09  2.20000000e-09  0.00000000e+00  2.50000000e+00 -3.24911173e-05 
 2.20010000e-09  2.20010000e-09  1.25000000e-02  2.50000037e+00  7.21801501e-04 
 2.20030000e-09  2.20030000e-09  3.75000000e-02  2.50000107e+00  7.23629807e-04 
 2.20070000e-09  2.20070000e-09  8.75000000e-02  2.50000231e+00  7.26435622e-04 
 2.20150000e-09  2.20150000e-09  1.87500000e-01  2.50000414e+00  7.31768884e-04 
 2.20250000e-09  2.20250000e-09  3.12500000e-01  2.50000549e+00  7.36459883e-04 
 2.20350000e-09  2.20350000e-09  4.37500000e-01  2.50000606e+00  7.40153428e-04 
 2.20450000e-09  2.20450000e-09  5.62500000e-01  2.50000604e+00  7.36233443e-04 
 2.20550000e-09  2.20550000e-09  6.87500000e-01  2.50000556e+00  7.20709104e-04 
 2.20650000e-09  2.20650000e-09  8.12500000e-01  2.50000469e+00  6.92694446e-04 
 2.20750000e-09  2.20750000e-09  9.37500000e-01  2.50000351e+00  6.53044096e-04 
 2.20850000e-09  2.20850000e-09  1.06250000e+00  2.50000207e+00  6.01050701e-04 
 2.20950000e-09  2.20950000e-09  1.18750000e+00  2.50000043e+00  5.37772588e-04 
 2.21050000e-09  2.21050000e-09  1.31250000e+00  2.49999864e+00  4.62729709e-04 
 2.21150000e-09  2.21150000e-09  1.43750000e+00  2.49999674e+00  3.77243922e-04 
 2.21250000e-09  2.21250000e-09  1.56250000e+00  2.49999474e+00  2.81148526e-04 
 2.21350000e-09  2.21350000e-09  1.68750000e+00  2.49999266e+00  1.76133155e-04 
 2.21450000e-09  2.21450000e-09  1.81250000e+00  2.49999050e+00  6.23849439e-05 
 2.21550000e-09  2.21550000e-09  1.93750000e+00  2.49998825e+00 -5.87351817e-05 
 2.21650000e-09  2.21650000e-09  2.06250000e+00  2.49998602e+00 -2.30195501e-04 
 2.21750000e-09  2.21750000e-09  2.18750000e+00  2.49998276e+00 -3.86997107e-04 
 2.21850000e-09  2.21850000e-09  2.31250000e+00  2.49997728e+00 -6.75466488e-04 
 2.21925000e-09  2.21925000e-09  2.40625000e+00  2.49997226e+00 -7.33220537e-04 
 2.22000000e-09  2.22000000e-09  2.50000000e+00  2.49996750e+00 -7.58583787e-04 
 2.22010000e-09  2.22010000e-09  2.50000000e+00  2.49996679e+00 -1.41557077e-03 
 2.22030000e-09  2.22030000e-09  2.50000000e+00  2.49996547e+00 -1.41797743e-03 
 2.22070000e-09  2.22070000e-09  2.50000000e+00  2.49996336e+00 -1.41595461e-03 
 2.22150000e-09  2.22150000e-09  2.50000000e+00  2.49996096e+00 -1.41934452e-03 
 2.22250000e-09  2.22250000e-09  2.50000000e+00  2.49996064e+00 -1.41861497e-03 
 2.22350000e-09  2.22350000e-09  2.50000000e+00  2.49996241e+00 -1.40720693e-03 
 2.22450000e-09  2.22450000e-09  2.50000000e+00  2.49996580e+00 -1.39042750e-03 
 2.22550000e-09  2.22550000e-09  2.50000000e+00  2.49997084e+00 -1.38359458e-03 
 2.22650000e-09  2.22650000e-09  2.50000000e+00  2.49997753e+00 -1.37835816e-03 
 2.22750000e-09  2.22750000e-09  2.50000000e+00  2.49998580e+00 -1.38289286e-03 
 2.22850000e-09  2.22850000e-09  2.50000000e+00  2.49999550e+00 -1.38844421e-03 
 2.22950000e-09  2.22950000e-09  2.50000000e+00  2.50000643e+00 -1.40284100e-03 
 2.23050000e-09  2.23050000e-09  2.50000000e+00  2.50001837e+00 -1.41702984e-03 
 2.23150000e-09  2.23150000e-09  2.50000000e+00  2.50003109e+00 -1.43858943e-03 
 2.23250000e-09  2.23250000e-09  2.50000000e+00  2.50004434e+00 -1.45826435e-03 
 2.23350000e-09  2.23350000e-09  2.50000000e+00  2.50005792e+00 -1.48347636e-03 
 2.23450000e-09  2.23450000e-09  2.50000000e+00  2.50007161e+00 -1.50485301e-03 
 2.23550000e-09  2.23550000e-09  2.50000000e+00  2.50008523e+00 -1.52972909e-03 
 2.23650000e-09  2.23650000e-09  2.50000000e+00  2.50009863e+00 -1.54867319e-03 
 2.23750000e-09  2.23750000e-09  2.50000000e+00  2.50011167e+00 -1.56915693e-03 
 2.23850000e-09  2.23850000e-09  2.50000000e+00  2.50012425e+00 -1.58191610e-03 
 2.23950000e-09  2.23950000e-09  2.50000000e+00  2.50013632e+00 -1.59433930e-03 
 2.24050000e-09  2.24050000e-09  2.50000000e+00  2.50014783e+00 -1.59705396e-03 
 2.24150000e-09  2.24150000e-09  2.50000000e+00  2.50015880e+00 -1.59738905e-03 
 2.24250000e-09  2.24250000e-09  2.50000000e+00  2.50016928e+00 -1.58583591e-03 
 2.24350000e-09  2.24350000e-09  2.50000000e+00  2.50017917e+00 -1.58146824e-03 
 2.24450000e-09  2.24450000e-09  2.50000000e+00  2.50018823e+00 -1.57707277e-03 
 2.24550000e-09  2.24550000e-09  2.50000000e+00  2.50019686e+00 -1.57080704e-03 
 2.24650000e-09  2.24650000e-09  2.50000000e+00  2.50020567e+00 -1.55949662e-03 
 2.24750000e-09  2.24750000e-09  2.50000000e+00  2.50021381e+00 -1.55952109e-03 
 2.24850000e-09  2.24850000e-09  2.50000000e+00  2.50022018e+00 -1.55976558e-03 
 2.24950000e-09  2.24950000e-09  2.50000000e+00  2.50022470e+00 -1.56767594e-03 
 2.25050000e-09  2.25050000e-09  2.50000000e+00  2.50022740e+00 -1.57497881e-03 
 2.25150000e-09  2.25150000e-09  2.50000000e+00  2.50022841e+00 -1.58653684e-03 
 2.25250000e-09  2.25250000e-09  2.50000000e+00  2.50022763e+00 -1.59630305e-03 
 2.25350000e-09  2.25350000e-09  2.50000000e+00  2.50022424e+00 -1.62663741e-03 
 2.25450000e-09  2.25450000e-09  2.50000000e+00  2.50021720e+00 -1.67191313e-03 
 2.25550000e-09  2.25550000e-09  2.50000000e+00  2.50020573e+00 -1.73981216e-03 
 2.25650000e-09  2.25650000e-09  2.50000000e+00  2.50018927e+00 -1.82371942e-03 
 2.25750000e-09  2.25750000e-09  2.50000000e+00  2.50016740e+00 -1.93203016e-03 
 2.25850000e-09  2.25850000e-09  2.50000000e+00  2.50013983e+00 -2.05817016e-03 
 2.25950000e-09  2.25950000e-09  2.50000000e+00  2.50010571e+00 -2.20815068e-03 
 2.26050000e-09  2.26050000e-09  2.50000000e+00  2.50006435e+00 -2.36998970e-03 
 2.26150000e-09  2.26150000e-09  2.50000000e+00  2.50001590e+00 -2.55096381e-03 
 2.26250000e-09  2.26250000e-09  2.50000000e+00  2.49996072e+00 -2.74270960e-03 
 2.26350000e-09  2.26350000e-09  2.50000000e+00  2.49989925e+00 -2.95164374e-03 
 2.26450000e-09  2.26450000e-09  2.50000000e+00  2.49983201e+00 -3.16865080e-03 
 2.26550000e-09  2.26550000e-09  2.50000000e+00  2.49975953e+00 -3.39961362e-03 
 2.26650000e-09  2.26650000e-09  2.50000000e+00  2.49968236e+00 -3.63504174e-03 
 2.26750000e-09  2.26750000e-09  2.50000000e+00  2.49960103e+00 -3.88049236e-03 
 2.26850000e-09  2.26850000e-09  2.50000000e+00  2.49951599e+00 -4.12625610e-03 
 2.26950000e-09  2.26950000e-09  2.50000000e+00  2.49942765e+00 -4.37773338e-03 
 2.27050000e-09  2.27050000e-09  2.50000000e+00  2.49933634e+00 -4.62510867e-03 
 2.27150000e-09  2.27150000e-09  2.50000000e+00  2.49924228e+00 -4.87371085e-03 
 2.27250000e-09  2.27250000e-09  2.50000000e+00  2.49914557e+00 -5.11366610e-03 
 2.27350000e-09  2.27350000e-09  2.50000000e+00  2.49904620e+00 -5.35041808e-03 
 2.27450000e-09  2.27450000e-09  2.50000000e+00  2.49894407e+00 -5.57431755e-03 
 2.27550000e-09  2.27550000e-09  2.50000000e+00  2.49883890e+00 -5.79068692e-03 
 2.27650000e-09  2.27650000e-09  2.50000000e+00  2.49873024e+00 -5.98960358e-03 
 2.27750000e-09  2.27750000e-09  2.50000000e+00  2.49861735e+00 -6.17620106e-03 
 2.27850000e-09  2.27850000e-09  2.50000000e+00  2.49849914e+00 -6.34023323e-03 
 2.27950000e-09  2.27950000e-09  2.50000000e+00  2.49837404e+00 -6.48629270e-03 
 2.28050000e-09  2.28050000e-09  2.50000000e+00  2.49824803e+00 -6.67109645e-03 
 2.28150000e-09  2.28150000e-09  2.50000000e+00  2.49812874e+00 -6.86875838e-03 
 2.28250000e-09  2.28250000e-09  2.50000000e+00  2.49801404e+00 -7.05191402e-03 
 2.28350000e-09  2.28350000e-09  2.50000000e+00  2.49789806e+00 -7.24082086e-03 
 2.28450000e-09  2.28450000e-09  2.50000000e+00  2.49776836e+00 -7.42674885e-03 
 2.28550000e-09  2.28550000e-09  2.50000000e+00  2.49761979e+00 -7.65848848e-03 
 2.28650000e-09  2.28650000e-09  2.50000000e+00  2.49746962e+00 -7.91282394e-03 
 2.28750000e-09  2.28750000e-09  2.50000000e+00  2.49733075e+00 -8.16955617e-03 
 2.28850000e-09  2.28850000e-09  2.50000000e+00  2.49720420e+00 -8.41731591e-03 
 2.28950000e-09  2.28950000e-09  2.50000000e+00  2.49708824e+00 -8.63877594e-03 
 2.29050000e-09  2.29050000e-09  2.50000000e+00  2.49698807e+00 -8.86747076e-03 
 2.29150000e-09  2.29150000e-09  2.50000000e+00  2.49691920e+00 -9.12776919e-03 
 2.29250000e-09  2.29250000e-09  2.50000000e+00  2.49689708e+00 -9.40989018e-03 
 2.29350000e-09  2.29350000e-09  2.50000000e+00  2.49693550e+00 -9.72748028e-03 
 2.29450000e-09  2.29450000e-09  2.50000000e+00  2.49704684e+00 -1.00704934e-02 
 2.29550000e-09  2.29550000e-09  2.50000000e+00  2.49724222e+00 -1.04521599e-02 
 2.29650000e-09  2.29650000e-09  2.50000000e+00  2.49753174e+00 -1.08618808e-02 
 2.29750000e-09  2.29750000e-09  2.50000000e+00  2.49792460e+00 -1.13139879e-02 
 2.29850000e-09  2.29850000e-09  2.50000000e+00  2.49843176e+00 -1.17799142e-02 
 2.29950000e-09  2.29950000e-09  2.50000000e+00  2.49906419e+00 -1.22473077e-02 
 2.30050000e-09  2.30050000e-09  2.50000000e+00  2.49982962e+00 -1.27044403e-02 
 2.30150000e-09  2.30150000e-09  2.50000000e+00  2.50073375e+00 -1.31625245e-02 
 2.30250000e-09  2.30250000e-09  2.50000000e+00  2.50178067e+00 -1.36083921e-02 
 2.30350000e-09  2.30350000e-09  2.50000000e+00  2.50297313e+00 -1.40514915e-02 
 2.30450000e-09  2.30450000e-09  2.50000000e+00  2.50431282e+00 -1.44771764e-02 
 2.30550000e-09  2.30550000e-09  2.50000000e+00  2.50580069e+00 -1.48935895e-02 
 2.30650000e-09  2.30650000e-09  2.50000000e+00  2.50743716e+00 -1.52851475e-02 
 2.30750000e-09  2.30750000e-09  2.50000000e+00  2.50922213e+00 -1.56599659e-02 
 2.30850000e-09  2.30850000e-09  2.50000000e+00  2.51115536e+00 -1.60020316e-02 
 2.30950000e-09  2.30950000e-09  2.50000000e+00  2.51323691e+00 -1.63184232e-02 
 2.31050000e-09  2.31050000e-09  2.50000000e+00  2.51546749e+00 -1.65926290e-02 
 2.31150000e-09  2.31150000e-09  2.50000000e+00  2.51784881e+00 -1.68313817e-02 
 2.31250000e-09  2.31250000e-09  2.50000000e+00  2.52038402e+00 -1.70178878e-02 
 2.31350000e-09  2.31350000e-09  2.50000000e+00  2.52307831e+00 -1.71586615e-02 
 2.31450000e-09  2.31450000e-09  2.50000000e+00  2.52593299e+00 -1.72579740e-02 
 2.31550000e-09  2.31550000e-09  2.50000000e+00  2.52892428e+00 -1.73978415e-02 
 2.31650000e-09  2.31650000e-09  2.50000000e+00  2.53203595e+00 -1.75082184e-02 
 2.31750000e-09  2.31750000e-09  2.50000000e+00  2.53528785e+00 -1.75969570e-02 
 2.31850000e-09  2.31850000e-09  2.50000000e+00  2.53871847e+00 -1.76771634e-02 
 2.31950000e-09  2.31950000e-09  2.50000000e+00  2.54241836e+00 -1.78184801e-02 
 2.32050000e-09  2.32050000e-09  2.50000000e+00  2.54635194e+00 -1.78247621e-02 
 2.32150000e-09  2.32150000e-09  2.50000000e+00  2.55039532e+00 -1.78325271e-02 
 2.32250000e-09  2.32250000e-09  2.50000000e+00  2.55452339e+00 -1.78717206e-02 
 2.32350000e-09  2.32350000e-09  2.50000000e+00  2.55871676e+00 -1.79169456e-02 
 2.32450000e-09  2.32450000e-09  2.50000000e+00  2.56296491e+00 -1.79572135e-02 
 2.32550000e-09  2.32550000e-09  2.50000000e+00  2.56721218e+00 -1.79949707e-02 
 2.32650000e-09  2.32650000e-09  2.50000000e+00  2.57133608e+00 -1.81065655e-02 
 2.32750000e-09  2.32750000e-09  2.50000000e+00  2.57520122e+00 -1.82823319e-02 
 2.32850000e-09  2.32850000e-09  2.50000000e+00  2.57867655e+00 -1.85652245e-02 
 2.32950000e-09  2.32950000e-09  2.50000000e+00  2.58163476e+00 -1.89405984e-02 
 2.33050000e-09  2.33050000e-09  2.50000000e+00  2.58395181e+00 -1.94496340e-02 
 2.33150000e-09  2.33150000e-09  2.50000000e+00  2.58550763e+00 -2.00685342e-02 
 2.33250000e-09  2.33250000e-09  2.50000000e+00  2.58618519e+00 -2.08264172e-02 
 2.33350000e-09  2.33350000e-09  2.50000000e+00  2.58580257e+00 -2.15667310e-02 
 2.33450000e-09  2.33450000e-09  2.50000000e+00  2.58417113e+00 -2.23803511e-02 
 2.33550000e-09  2.33550000e-09  2.50000000e+00  2.58117109e+00 -2.32484876e-02 
 2.33650000e-09  2.33650000e-09  2.50000000e+00  2.57670359e+00 -2.42026473e-02 
 2.33750000e-09  2.33750000e-09  2.50000000e+00  2.57068217e+00 -2.52049397e-02 
 2.33850000e-09  2.33850000e-09  2.50000000e+00  2.56303117e+00 -2.62797627e-02 
 2.33950000e-09  2.33950000e-09  2.50000000e+00  2.55368366e+00 -2.73811819e-02 
 2.34050000e-09  2.34050000e-09  2.50000000e+00  2.54257923e+00 -2.85277251e-02 
 2.34150000e-09  2.34150000e-09  2.50000000e+00  2.52966205e+00 -2.96687172e-02 
 2.34250000e-09  2.34250000e-09  2.50000000e+00  2.51487877e+00 -3.08185263e-02 
 2.34350000e-09  2.34350000e-09  2.50000000e+00  2.49817618e+00 -3.19228299e-02 
 2.34450000e-09  2.34450000e-09  2.50000000e+00  2.47950443e+00 -3.30050987e-02 
 2.34550000e-09  2.34550000e-09  2.50000000e+00  2.45881980e+00 -3.40200732e-02 
 2.34650000e-09  2.34650000e-09  2.50000000e+00  2.43607776e+00 -3.49806379e-02 
 2.34750000e-09  2.34750000e-09  2.50000000e+00  2.41122570e+00 -3.58308003e-02 
 2.34850000e-09  2.34850000e-09  2.50000000e+00  2.38419790e+00 -3.65786848e-02 
 2.34950000e-09  2.34950000e-09  2.50000000e+00  2.35490828e+00 -3.71608115e-02 
 2.35050000e-09  2.35050000e-09  2.50000000e+00  2.32323925e+00 -3.75728591e-02 
 2.35150000e-09  2.35150000e-09  2.50000000e+00  2.28902313e+00 -3.77293813e-02 
 2.35250000e-09  2.35250000e-09  2.50000000e+00  2.25200813e+00 -3.75842476e-02 
 2.35350000e-09  2.35350000e-09  2.50000000e+00  2.21178816e+00 -3.69635690e-02 
 2.35450000e-09  2.35450000e-09  2.50000000e+00  2.16760371e+00 -3.55614668e-02 
 2.35550000e-09  2.35550000e-09  2.50000000e+00  2.11774384e+00 -3.24336085e-02 
 2.35650000e-09  2.35650000e-09  2.50000000e+00  2.06055816e+00 -2.88632052e-02 
 2.35750000e-09  2.35750000e-09  2.50000000e+00  1.99722068e+00 -2.77535608e-02 
 2.35850000e-09  2.35850000e-09  2.50000000e+00  1.92950550e+00 -2.67634537e-02 
 2.35950000e-09  2.35950000e-09  2.50000000e+00  1.85774024e+00 -2.59045982e-02 
 2.36050000e-09  2.36050000e-09  2.50000000e+00  1.78223448e+00 -2.51316123e-02 
 2.36150000e-09  2.36150000e-09  2.50000000e+00  1.70328035e+00 -2.44607652e-02 
 2.36250000e-09  2.36250000e-09  2.50000000e+00  1.62115309e+00 -2.38505994e-02 
 2.36350000e-09  2.36350000e-09  2.50000000e+00  1.53611158e+00 -2.33207933e-02 
 2.36450000e-09  2.36450000e-09  2.50000000e+00  1.44844183e+00 -2.28894851e-02 
 2.36550000e-09  2.36550000e-09  2.50000000e+00  1.35934709e+00 -2.33428812e-02 
 2.36650000e-09  2.36650000e-09  2.50000000e+00  1.27035686e+00 -2.34871309e-02 
 2.36750000e-09  2.36750000e-09  2.50000000e+00  1.18242445e+00 -2.34699251e-02 
 2.36850000e-09  2.36850000e-09  2.50000000e+00  1.09638102e+00 -2.32471010e-02 
 2.36950000e-09  2.36950000e-09  2.50000000e+00  1.01292242e+00 -2.29232850e-02 
 2.37050000e-09  2.37050000e-09  2.50000000e+00  9.32613821e-01 -2.24441369e-02 
 2.37150000e-09  2.37150000e-09  2.50000000e+00  8.55897034e-01 -2.19086293e-02 
 2.37250000e-09  2.37250000e-09  2.50000000e+00  7.83099963e-01 -2.12586915e-02 
 2.37350000e-09  2.37350000e-09  2.50000000e+00  7.14447420e-01 -2.05902805e-02 
 2.37450000e-09  2.37450000e-09  2.50000000e+00  6.50072770e-01 -1.98424747e-02 
 2.37550000e-09  2.37550000e-09  2.50000000e+00  5.90029877e-01 -1.91083143e-02 
 2.37650000e-09  2.37650000e-09  2.50000000e+00  5.34304931e-01 -1.83238264e-02 
 2.37750000e-09  2.37750000e-09  2.50000000e+00  4.82827809e-01 -1.75788782e-02 
 2.37850000e-09  2.37850000e-09  2.50000000e+00  4.35482715e-01 -1.68062523e-02 
 2.37950000e-09  2.37950000e-09  2.50000000e+00  3.92119330e-01 -1.61000967e-02 
 2.38050000e-09  2.38050000e-09  2.50000000e+00  3.52555210e-01 -1.53782097e-02 
 2.38150000e-09  2.38150000e-09  2.50000000e+00  3.16578607e-01 -1.47102943e-02 
 2.38250000e-09  2.38250000e-09  2.50000000e+00  2.83962400e-01 -1.40219750e-02 
 2.38350000e-09  2.38350000e-09  2.50000000e+00  2.54474243e-01 -1.33932643e-02 
 2.38450000e-09  2.38450000e-09  2.50000000e+00  2.27881389e-01 -1.27481166e-02 
 2.38550000e-09  2.38550000e-09  2.50000000e+00  2.03954596e-01 -1.21651468e-02 
 2.38650000e-09  2.38650000e-09  2.50000000e+00  1.82471215e-01 -1.15671780e-02 
 2.38750000e-09  2.38750000e-09  2.50000000e+00  1.63217543e-01 -1.10319280e-02 
 2.38850000e-09  2.38850000e-09  2.50000000e+00  1.45990550e-01 -1.04815240e-02 
 2.38950000e-09  2.38950000e-09  2.50000000e+00  1.30599045e-01 -9.99315879e-03 
 2.39050000e-09  2.39050000e-09  2.50000000e+00  1.16864391e-01 -9.48857662e-03 
 2.39150000e-09  2.39150000e-09  2.50000000e+00  1.04620843e-01 -9.04470281e-03 
 2.39250000e-09  2.39250000e-09  2.50000000e+00  9.37155686e-02 -8.58310699e-03 
 2.39350000e-09  2.39350000e-09  2.50000000e+00  8.40084303e-02 -8.18061215e-03 
 2.39450000e-09  2.39450000e-09  2.50000000e+00  7.53715826e-02 -7.75874101e-03 
 2.39550000e-09  2.39550000e-09  2.50000000e+00  6.76889271e-02 -7.39431072e-03 
 2.39650000e-09  2.39650000e-09  2.50000000e+00  6.08554718e-02 -7.00886759e-03 
 2.39750000e-09  2.39750000e-09  2.50000000e+00  5.47766278e-02 -6.67927252e-03 
 2.39850000e-09  2.39850000e-09  2.50000000e+00  4.93674709e-02 -6.32712836e-03 
 2.39950000e-09  2.39950000e-09  2.50000000e+00  4.45519914e-02 -6.02935977e-03 
 2.40050000e-09  2.40050000e-09  2.50000000e+00  4.02623496e-02 -5.70763651e-03 
 2.40150000e-09  2.40150000e-09  2.50000000e+00  3.64381507e-02 -5.43895030e-03 
 2.40250000e-09  2.40250000e-09  2.50000000e+00  3.30257498e-02 -5.14503609e-03 
 2.40350000e-09  2.40350000e-09  2.50000000e+00  2.99775927e-02 -4.90294766e-03 
 2.40450000e-09  2.40450000e-09  2.50000000e+00  2.72462195e-02 -4.61329498e-03 
 2.40550000e-09  2.40550000e-09  2.50000000e+00  2.47899421e-02 -4.37400925e-03 
 2.40650000e-09  2.40650000e-09  2.50000000e+00  2.25787579e-02 -4.11169002e-03 
 2.40750000e-09  2.40750000e-09  2.50000000e+00  2.05874981e-02 -3.90436123e-03 
 2.40850000e-09  2.40850000e-09  2.50000000e+00  1.87933955e-02 -3.67150600e-03 
 2.40950000e-09  2.40950000e-09  2.50000000e+00  1.71759242e-02 -3.49141469e-03 
 2.41050000e-09  2.41050000e-09  2.50000000e+00  1.57166253e-02 -3.28377798e-03 
 2.41150000e-09  2.41150000e-09  2.50000000e+00  1.43989333e-02 -3.12707003e-03 
 2.41250000e-09  2.41250000e-09  2.50000000e+00  1.32080081e-02 -2.94114500e-03 
 2.41350000e-09  2.41350000e-09  2.50000000e+00  1.21305744e-02 -2.80462296e-03 
 2.41450000e-09  2.41450000e-09  2.50000000e+00  1.11547712e-02 -2.63748874e-03 
 2.41550000e-09  2.41550000e-09  2.50000000e+00  1.02700106e-02 -2.51847974e-03 
 2.41650000e-09  2.41650000e-09  2.50000000e+00  9.46684856e-03 -2.36768631e-03 
 2.41750000e-09  2.41750000e-09  2.50000000e+00  8.73686540e-03 -2.26394099e-03 
 2.41850000e-09  2.41850000e-09  2.50000000e+00  8.07255765e-03 -2.12742006e-03 
 2.41950000e-09  2.41950000e-09  2.50000000e+00  7.46723949e-03 -2.03703378e-03 
 2.42050000e-09  2.42050000e-09  2.50000000e+00  6.91495384e-03 -1.91302883e-03 
 2.42150000e-09  2.42150000e-09  2.50000000e+00  6.41039239e-03 -1.83437936e-03 
 2.42250000e-09  2.42250000e-09  2.50000000e+00  5.94882383e-03 -1.72139010e-03 
 2.42350000e-09  2.42350000e-09  2.50000000e+00  5.52602951e-03 -1.65308801e-03 
 2.42450000e-09  2.42450000e-09  2.50000000e+00  5.13824617e-03 -1.54982596e-03 
 2.42550000e-09  2.42550000e-09  2.50000000e+00  4.78211474e-03 -1.49067484e-03 
 2.42650000e-09  2.42650000e-09  2.50000000e+00  4.45463488e-03 -1.39602767e-03 
 2.42750000e-09  2.42750000e-09  2.50000000e+00  4.15312459e-03 -1.34499206e-03 
 2.42850000e-09  2.42850000e-09  2.50000000e+00  3.87518430e-03 -1.25799473e-03 
 2.42950000e-09  2.42950000e-09  2.50000000e+00  3.61889620e-03 -1.21532555e-03 
 2.43050000e-09  2.43050000e-09  2.50000000e+00  3.38225614e-03 -1.13496001e-03 
 2.43150000e-09  2.43150000e-09  2.50000000e+00  3.16324471e-03 -1.09741391e-03 
 2.43250000e-09  2.43250000e-09  2.50000000e+00  2.96034032e-03 -1.02315906e-03 
 2.43350000e-09  2.43350000e-09  2.50000000e+00  2.77217162e-03 -9.91387539e-04 
 2.43450000e-09  2.43450000e-09  2.50000000e+00  2.59750076e-03 -9.22590148e-04 
 2.43550000e-09  2.43550000e-09  2.50000000e+00  2.43520910e-03 -8.95978515e-04 
 2.43650000e-09  2.43650000e-09  2.50000000e+00  2.28428456e-03 -8.32061533e-04 
 2.43750000e-09  2.43750000e-09  2.50000000e+00  2.14381032e-03 -8.10067619e-04 
 2.43850000e-09  2.43850000e-09  2.50000000e+00  2.01295484e-03 -7.50521265e-04 
 2.43950000e-09  2.43950000e-09  2.50000000e+00  1.89096299e-03 -7.32665394e-04 
 2.44050000e-09  2.44050000e-09  2.50000000e+00  1.77714812e-03 -6.77038009e-04 
 2.44150000e-09  2.44150000e-09  2.50000000e+00  1.67088508e-03 -6.62894633e-04 
 2.44250000e-09  2.44250000e-09  2.50000000e+00  1.57160397e-03 -6.10785029e-04 
 2.44350000e-09  2.44350000e-09  2.50000000e+00  1.47878457e-03 -5.99975714e-04 
 2.44450000e-09  2.44450000e-09  2.50000000e+00  1.39195143e-03 -5.51026733e-04 
 2.44550000e-09  2.44550000e-09  2.50000000e+00  1.31066947e-03 -5.43214233e-04 
 2.44650000e-09  2.44650000e-09  2.50000000e+00  1.23454000e-03 -4.97107289e-04 
 2.44750000e-09  2.44750000e-09  2.50000000e+00  1.16319731e-03 -4.91990514e-04 
 2.44850000e-09  2.44850000e-09  2.50000000e+00  1.09630547e-03 -4.48440937e-04 
 2.44950000e-09  2.44950000e-09  2.50000000e+00  1.03355554e-03 -4.45750646e-04 
 2.45050000e-09  2.45050000e-09  2.50000000e+00  9.74663138e-04 -4.04503696e-04 
 2.45150000e-09  2.45150000e-09  2.50000000e+00  9.19366109e-04 -4.03998790e-04 
 2.45250000e-09  2.45250000e-09  2.50000000e+00  8.67422578e-04 -3.64826213e-04 
 2.45350000e-09  2.45350000e-09  2.50000000e+00  8.18609120e-04 -3.66290536e-04 
 2.45450000e-09  2.45450000e-09  2.50000000e+00  7.72719146e-04 -3.28987579e-04 
 2.45550000e-09  2.45550000e-09  2.50000000e+00  7.29561445e-04 -3.32227134e-04 
 2.45650000e-09  2.45650000e-09  2.50000000e+00  6.88958863e-04 -2.96609947e-04 
 2.45750000e-09  2.45750000e-09  2.50000000e+00  6.50747124e-04 -3.01450465e-04 
 2.45850000e-09  2.45850000e-09  2.50000000e+00  6.14773752e-04 -2.67353828e-04 
 2.45950000e-09  2.45950000e-09  2.50000000e+00  5.80897105e-04 -2.73638638e-04 
 2.46050000e-09  2.46050000e-09  2.50000000e+00  5.48985495e-04 -2.40913963e-04 
 2.46150000e-09  2.46150000e-09  2.50000000e+00  5.18916395e-04 -2.48502119e-04 
 2.46250000e-09  2.46250000e-09  2.50000000e+00  4.90575708e-04 -2.17015690e-04 
 2.46350000e-09  2.46350000e-09  2.50000000e+00  4.63857119e-04 -2.25780316e-04 
 2.46450000e-09  2.46450000e-09  2.50000000e+00  4.38661486e-04 -1.95411732e-04 
 2.46550000e-09  2.46550000e-09  2.50000000e+00  4.14896303e-04 -2.05238559e-04 
 2.46650000e-09  2.46650000e-09  2.50000000e+00  3.92475194e-04 -1.75879355e-04 
 2.46750000e-09  2.46750000e-09  2.50000000e+00  3.71317461e-04 -1.86665419e-04 
 2.46850000e-09  2.46850000e-09  2.50000000e+00  3.51347668e-04 -1.58217844e-04 
 2.46950000e-09  2.46950000e-09  2.50000000e+00  3.32495256e-04 -1.69870332e-04 
 2.47050000e-09  2.47050000e-09  2.50000000e+00  3.14694194e-04 -1.42246253e-04 
 2.47150000e-09  2.47150000e-09  2.50000000e+00  2.97882656e-04 -1.54681469e-04 
 2.47250000e-09  2.47250000e-09  2.50000000e+00  2.82002727e-04 -1.27801400e-04 
 2.47350000e-09  2.47350000e-09  2.50000000e+00  2.67000129e-04 -1.40943850e-04 
 2.47450000e-09  2.47450000e-09  2.50000000e+00  2.52823970e-04 -1.14736082e-04 
 2.47550000e-09  2.47550000e-09  2.50000000e+00  2.39426513e-04 -1.28517648e-04 
 2.47650000e-09  2.47650000e-09  2.50000000e+00  2.26762963e-04 -1.02917470e-04 
 2.47750000e-09  2.47750000e-09  2.50000000e+00  2.14791267e-04 -1.17276675e-04 
 2.47850000e-09  2.47850000e-09  2.50000000e+00  2.03471933e-04 -9.22256783e-05 
 2.47950000e-09  2.47950000e-09  2.50000000e+00  1.92767862e-04 -1.07107025e-04 
 2.48050000e-09  2.48050000e-09  2.50000000e+00  1.82644189e-04 -8.25524759e-05 
 2.48150000e-09  2.48150000e-09  2.50000000e+00  1.73068138e-04 -9.79058550e-05 
 2.48250000e-09  2.48250000e-09  2.50000000e+00  1.64008888e-04 -7.38001369e-05 
 2.48350000e-09  2.48350000e-09  2.50000000e+00  1.55437447e-04 -8.95802967e-05 
 2.48450000e-09  2.48450000e-09  2.50000000e+00  1.47326537e-04 -6.58804030e-05 
 2.48550000e-09  2.48550000e-09  2.50000000e+00  1.39650481e-04 -8.20464701e-05 
 2.48650000e-09  2.48650000e-09  2.50000000e+00  1.32385110e-04 -5.87135532e-05 
 2.48750000e-09  2.48750000e-09  2.50000000e+00  1.25507660e-04 -7.52286034e-05 
 2.48850000e-09  2.48850000e-09  2.50000000e+00  1.18996693e-04 -5.22275662e-05 
 2.48950000e-09  2.48950000e-09  2.50000000e+00  1.12832008e-04 -6.90582383e-05 
 2.49050000e-09  2.49050000e-09  2.50000000e+00  1.06994571e-04 -4.63573682e-05 
 2.49150000e-09  2.49150000e-09  2.50000000e+00  1.01466437e-04 -6.34735155e-05 
 2.49250000e-09  2.49250000e-09  2.50000000e+00  9.62306926e-05 -4.10441538e-05 
 2.49350000e-09  2.49350000e-09  2.50000000e+00  9.12713848e-05 -5.84185315e-05 
 2.49450000e-09  2.49450000e-09  2.50000000e+00  8.65734688e-05 -3.62347763e-05 
 2.49550000e-09  2.49550000e-09  2.50000000e+00  8.21227516e-05 -5.38427587e-05 
 2.49650000e-09  2.49650000e-09  2.50000000e+00  7.79058414e-05 -3.18811972e-05 
 2.49750000e-09  2.49750000e-09  2.50000000e+00  7.39101001e-05 -4.97005235e-05 
 2.49850000e-09  2.49850000e-09  2.50000000e+00  7.01235987e-05 -2.79399899e-05 
 2.49950000e-09  2.49950000e-09  2.50000000e+00  6.65350757e-05 -4.59505353e-05 
 2.50050000e-09  2.50050000e-09  2.50000000e+00  6.31338976e-05 -2.43718938e-05 
 2.50150000e-09  2.50150000e-09  2.50000000e+00  5.99100226e-05 -4.25554621e-05 
 2.50250000e-09  2.50250000e-09  2.50000000e+00  5.68539659e-05 -2.11414100e-05 
 2.50350000e-09  2.50350000e-09  2.50000000e+00  5.39567675e-05 -3.94815478e-05 
 2.50450000e-09  2.50450000e-09  2.50000000e+00  5.12099620e-05 -1.82164385e-05 
 2.50550000e-09  2.50550000e-09  2.50000000e+00  4.86055497e-05 -3.66982665e-05 
 2.50650000e-09  2.50650000e-09  2.50000000e+00  4.61359704e-05 -1.55679500e-05 
 2.50750000e-09  2.50750000e-09  2.50000000e+00  4.37940779e-05 -3.41780112e-05 
 2.50850000e-09  2.50850000e-09  2.50000000e+00  4.15731165e-05 -1.31696895e-05 
 2.50950000e-09  2.50950000e-09  2.50000000e+00  3.94666990e-05 -3.18958125e-05 
 2.51050000e-09  2.51050000e-09  2.50000000e+00  3.74687855e-05 -1.09979098e-05 
 2.51150000e-09  2.51150000e-09  2.50000000e+00  3.55736638e-05 -2.98290848e-05 
 2.51250000e-09  2.51250000e-09  2.50000000e+00  3.37759313e-05 -9.03112946e-06 
 2.51350000e-09  2.51350000e-09  2.50000000e+00  3.20704772e-05 -2.79573968e-05 
 2.51450000e-09  2.51450000e-09  2.50000000e+00  3.04524665e-05 -7.24991576e-06 
 2.51550000e-09  2.51550000e-09  2.50000000e+00  2.89173243e-05 -2.62622649e-05 
 2.51650000e-09  2.51650000e-09  2.50000000e+00  2.74607215e-05 -5.63668762e-06 
 2.51750000e-09  2.51750000e-09  2.50000000e+00  2.60785610e-05 -2.47269663e-05 
 2.51850000e-09  2.51850000e-09  2.50000000e+00  2.47669649e-05 -4.17553814e-06 
 2.51950000e-09  2.51950000e-09  2.50000000e+00  2.35222627e-05 -2.33363699e-05 
 2.52050000e-09  2.52050000e-09  2.50000000e+00  2.23409791e-05 -2.85207414e-06 
 2.52150000e-09  2.52150000e-09  2.50000000e+00  2.12198242e-05 -2.20767842e-05 
 2.52250000e-09  2.52250000e-09  2.50000000e+00  2.01556824e-05 -1.65327121e-06 
 2.52350000e-09  2.52350000e-09  2.50000000e+00  1.91456038e-05 -2.09358193e-05 
 2.52450000e-09  2.52450000e-09  2.50000000e+00  1.81867942e-05 -5.67342811e-07 
 2.52550000e-09  2.52550000e-09  2.50000000e+00  1.72766074e-05 -1.99022623e-05 
 2.52650000e-09  2.52650000e-09  2.50000000e+00  1.64125367e-05  4.16378123e-07 
 2.52750000e-09  2.52750000e-09  2.50000000e+00  1.55922073e-05 -1.89659653e-05 
 2.52850000e-09  2.52850000e-09  2.50000000e+00  1.48133695e-05  1.30754606e-06 
 2.52950000e-09  2.52950000e-09  2.50000000e+00  1.40738918e-05 -1.81177432e-05 
 2.53050000e-09  2.53050000e-09  2.50000000e+00  1.33717542e-05  2.11489953e-06 
 2.53150000e-09  2.53150000e-09  2.50000000e+00  1.27050427e-05 -1.73492821e-05 
 2.53250000e-09  2.53250000e-09  2.50000000e+00  1.20719433e-05  2.84634852e-06 
 2.53350000e-09  2.53350000e-09  2.50000000e+00  1.14707366e-05 -1.66530562e-05 
 2.53450000e-09  2.53450000e-09  2.50000000e+00  1.08997929e-05  3.50905338e-06 
 2.53550000e-09  2.53550000e-09  2.50000000e+00  1.03575675e-05 -1.60222528e-05 
 2.53650000e-09  2.53650000e-09  2.50000000e+00  9.84259575e-06  4.10949630e-06 
 2.53750000e-09  2.53750000e-09  2.50000000e+00  9.35348926e-06 -1.54507042e-05 
 2.53850000e-09  2.53850000e-09  2.50000000e+00  8.88893152e-06  4.65354577e-06 
 2.53950000e-09  2.53950000e-09  2.50000000e+00  8.44767424e-06 -1.49328264e-05 
 2.54050000e-09  2.54050000e-09  2.50000000e+00  8.02853369e-06  5.14651505e-06 
 2.54150000e-09  2.54150000e-09  2.50000000e+00  7.63038731e-06 -1.44635637e-05 
 2.54250000e-09  2.54250000e-09  2.50000000e+00  7.25217045e-06  5.59321489e-06 
 2.54350000e-09  2.54350000e-09  2.50000000e+00  6.89287332e-06 -1.40383384e-05 
 2.54450000e-09  2.54450000e-09  2.50000000e+00  6.55153815e-06  5.99800126e-06 
 2.54550000e-09  2.54550000e-09  2.50000000e+00  6.22725638e-06 -1.36530054e-05 
 2.54650000e-09  2.54650000e-09  2.50000000e+00  5.91916614e-06  6.36481862e-06 
 2.54750000e-09  2.54750000e-09  2.50000000e+00  5.62644977e-06 -1.33038112e-05 
 2.54850000e-09  2.54850000e-09  2.50000000e+00  5.34833153e-06  6.69723885e-06 
 2.54950000e-09  2.54950000e-09  2.50000000e+00  5.08407538e-06 -1.29873568e-05 
 2.55050000e-09  2.55050000e-09  2.50000000e+00  4.83298293e-06  6.99849668e-06 
 2.55150000e-09  2.55150000e-09  2.50000000e+00  4.59439149e-06 -1.27005637e-05 
 2.55250000e-09  2.55250000e-09  2.50000000e+00  4.36767217e-06  7.27152161e-06 
 2.55350000e-09  2.55350000e-09  2.50000000e+00  4.15222816e-06 -1.24406440e-05 
 2.55450000e-09  2.55450000e-09  2.50000000e+00  3.94749306e-06  7.51896684e-06 
 2.55550000e-09  2.55550000e-09  2.50000000e+00  3.75292928e-06 -1.22050728e-05 
 2.55650000e-09  2.55650000e-09  2.50000000e+00  3.56802660e-06  7.74323540e-06 
 2.55750000e-09  2.55750000e-09  2.50000000e+00  3.39230068e-06 -1.19915631e-05 
 2.55850000e-09  2.55850000e-09  2.50000000e+00  3.22529178e-06  7.94650388e-06 
 2.55950000e-09  2.55950000e-09  2.50000000e+00  3.06656349e-06 -1.17980433e-05 
 2.56050000e-09  2.56050000e-09  2.50000000e+00  2.91570149e-06  8.13074382e-06 
 2.56150000e-09  2.56150000e-09  2.50000000e+00  2.77231245e-06 -1.16226370e-05 
 2.56250000e-09  2.56250000e-09  2.50000000e+00  2.63602293e-06  8.29774110e-06 
 2.56350000e-09  2.56350000e-09  2.50000000e+00  2.50647836e-06 -1.14636445e-05 
 2.56450000e-09  2.56450000e-09  2.50000000e+00  2.38334210e-06  8.44911349e-06 
 2.56550000e-09  2.56550000e-09  2.50000000e+00  2.26629447e-06 -1.13195261e-05 
 2.56650000e-09  2.56650000e-09  2.50000000e+00  2.15503193e-06  8.58632652e-06 
 2.56750000e-09  2.56750000e-09  2.50000000e+00  2.04926622e-06 -1.11888867e-05 
 2.56850000e-09  2.56850000e-09  2.50000000e+00  1.94872360e-06  8.71070789e-06 
 2.56950000e-09  2.56950000e-09  2.50000000e+00  1.85314412e-06 -1.10704628e-05 
 2.57050000e-09  2.57050000e-09  2.50000000e+00  1.76228087e-06  8.82346042e-06 
 2.57150000e-09  2.57150000e-09  2.50000000e+00  1.67589936e-06 -1.09631094e-05 
 2.57250000e-09  2.57250000e-09  2.50000000e+00  1.59377688e-06  8.92567391e-06 
 2.57350000e-09  2.57350000e-09  2.50000000e+00  1.51570188e-06 -1.08657891e-05 
 2.57450000e-09  2.57450000e-09  2.50000000e+00  1.44147342e-06  9.01833571e-06 
 2.57550000e-09  2.57550000e-09  2.50000000e+00  1.37090065e-06 -1.07775623e-05 
 2.57650000e-09  2.57650000e-09  2.50000000e+00  1.30380224e-06  9.10234045e-06 
 2.57750000e-09  2.57750000e-09  2.50000000e+00  1.24000597e-06 -1.06975771e-05 
 2.57850000e-09  2.57850000e-09  2.50000000e+00  1.17934821e-06  9.17849874e-06 
 2.57950000e-09  2.57950000e-09  2.50000000e+00  1.12167351e-06 -1.06250622e-05 
 2.58050000e-09  2.58050000e-09  2.50000000e+00  1.06683421e-06  9.24754510e-06 
 2.58150000e-09  2.58150000e-09  2.50000000e+00  1.01468999e-06 -1.05593181e-05 
 2.58250000e-09  2.58250000e-09  2.50000000e+00  9.65107550e-07  9.31014509e-06 
 2.58350000e-09  2.58350000e-09  2.50000000e+00  9.17960232e-07 -1.04997115e-05 
 2.58450000e-09  2.58450000e-09  2.50000000e+00  8.73127690e-07  9.36690187e-06 
 2.58550000e-09  2.58550000e-09  2.50000000e+00  8.30495576e-07 -1.04456680e-05 
 2.58650000e-09  2.58650000e-09  2.50000000e+00  7.89955232e-07  9.41836199e-06 
 2.58750000e-09  2.58750000e-09  2.50000000e+00  7.51403407e-07 -1.03966675e-05 
 2.58850000e-09  2.58850000e-09  2.50000000e+00  7.14741986e-07  9.46502078e-06 
 2.58950000e-09  2.58950000e-09  2.50000000e+00  6.79877731e-07 -1.03522383e-05 
 2.59050000e-09  2.59050000e-09  2.50000000e+00  6.46722037e-07  9.50732713e-06 
 2.59150000e-09  2.59150000e-09  2.50000000e+00  6.15190698e-07 -1.03119531e-05 
 2.59250000e-09  2.59250000e-09  2.50000000e+00  5.85203688e-07  9.54568787e-06 
 2.59350000e-09  2.59350000e-09  2.50000000e+00  5.56684951e-07 -1.02754247e-05 
 2.59450000e-09  2.59450000e-09  2.50000000e+00  5.29562204e-07  9.58047170e-06 
 2.59550000e-09  2.59550000e-09  2.50000000e+00  5.03766744e-07 -1.02423020e-05 
 2.59650000e-09  2.59650000e-09  2.50000000e+00  4.79233275e-07  9.61201281e-06 
 2.59750000e-09  2.59750000e-09  2.50000000e+00  4.55899731e-07 -1.02122668e-05 
 2.59850000e-09  2.59850000e-09  2.50000000e+00  4.33707121e-07  9.64061408e-06 
 2.59950000e-09  2.59950000e-09  2.50000000e+00  4.12599372e-07 -1.01850308e-05 
 2.60050000e-09  2.60050000e-09  2.50000000e+00  3.92523184e-07  9.66655005e-06 
 2.60150000e-09  2.60150000e-09  2.50000000e+00  3.73427893e-07 -1.01603327e-05 
 2.60250000e-09  2.60250000e-09  2.50000000e+00  3.55265336e-07  9.69006956e-06 
 2.60350000e-09  2.60350000e-09  2.50000000e+00  3.37989733e-07 -1.01379355e-05 
 2.60450000e-09  2.60450000e-09  2.50000000e+00  3.21557560e-07  9.71139817e-06 
 2.60550000e-09  2.60550000e-09  2.50000000e+00  3.05927446e-07 -1.01176244e-05 
 2.60650000e-09  2.60650000e-09  2.50000000e+00  2.91060057e-07  9.73074035e-06 
 2.60750000e-09  2.60750000e-09  2.50000000e+00  2.76918002e-07 -1.00992048e-05 
 2.60850000e-09  2.60850000e-09  2.50000000e+00  2.63465732e-07  9.74828144e-06 
 2.60950000e-09  2.60950000e-09  2.50000000e+00  2.50669449e-07 -1.00825002e-05 
 2.61050000e-09  2.61050000e-09  2.50000000e+00  2.38497023e-07  9.76418944e-06 
 2.61150000e-09  2.61150000e-09  2.50000000e+00  2.26917905e-07 -1.00673507e-05 
 2.61250000e-09  2.61250000e-09  2.50000000e+00  2.15903048e-07  9.77861667e-06 
 2.61350000e-09  2.61350000e-09  2.50000000e+00  2.05424836e-07 -1.00536113e-05 
 2.61450000e-09  2.61450000e-09  2.50000000e+00  1.95457014e-07  9.79170121e-06 
 2.61550000e-09  2.61550000e-09  2.50000000e+00  1.85974613e-07 -1.00411504e-05 
 2.61650000e-09  2.61650000e-09  2.50000000e+00  1.76953897e-07  9.80356823e-06 
 2.61750000e-09  2.61750000e-09  2.50000000e+00  1.68372294e-07 -1.00298489e-05 
 2.61850000e-09  2.61850000e-09  2.50000000e+00  1.60208340e-07  9.81433122e-06 
 2.61950000e-09  2.61950000e-09  2.50000000e+00  1.52441628e-07 -1.00195987e-05 
 2.62050000e-09  2.62050000e-09  2.50000000e+00  1.45052751e-07  9.82409305e-06 
 2.62150000e-09  2.62150000e-09  2.50000000e+00  1.38023254e-07 -1.00103019e-05 
 2.62250000e-09  2.62250000e-09  2.50000000e+00  1.31335590e-07  9.83294702e-06 
 2.62350000e-09  2.62350000e-09  2.50000000e+00  1.24973072e-07 -1.00018696e-05 
 2.62450000e-09  2.62450000e-09  2.50000000e+00  1.18919830e-07  9.84097769e-06 
 2.62550000e-09  2.62550000e-09  2.50000000e+00  1.13160773e-07 -9.99422140e-06 
 2.62650000e-09  2.62650000e-09  2.50000000e+00  1.07681550e-07  9.84826174e-06 
 2.62750000e-09  2.62750000e-09  2.50000000e+00  1.02468514e-07 -9.98728416e-06 
 2.62850000e-09  2.62850000e-09  2.50000000e+00  9.75086838e-08  9.85486870e-06 
 2.62950000e-09  2.62950000e-09  2.50000000e+00  9.27897165e-08 -9.98099173e-06 
 2.63050000e-09  2.63050000e-09  2.50000000e+00  8.82998727e-08  9.86086161e-06 
 2.63150000e-09  2.63150000e-09  2.50000000e+00  8.40279877e-08 -9.97528406e-06 
 2.63250000e-09  2.63250000e-09  2.50000000e+00  7.99634428e-08  9.86629763e-06 
 2.63350000e-09  2.63350000e-09  2.50000000e+00  7.60961391e-08 -9.97010674e-06 
 2.63450000e-09  2.63450000e-09  2.50000000e+00  7.24164712e-08  9.87122859e-06 
 2.63550000e-09  2.63550000e-09  2.50000000e+00  6.89153038e-08 -9.96541040e-06 
 2.63650000e-09  2.63650000e-09  2.50000000e+00  6.55839481e-08  9.87570149e-06 
 2.63750000e-09  2.63750000e-09  2.50000000e+00  6.24141398e-08 -9.96115030e-06 
 2.63850000e-09  2.63850000e-09  2.50000000e+00  5.93980186e-08  9.87975893e-06 
 2.63950000e-09  2.63950000e-09  2.50000000e+00  5.65281079e-08 -9.95728585e-06 
 2.64050000e-09  2.64050000e-09  2.50000000e+00  5.37972966e-08  9.88343958e-06 
 2.64150000e-09  2.64150000e-09  2.50000000e+00  5.11988203e-08 -9.95378025e-06 
 2.64250000e-09  2.64250000e-09  2.50000000e+00  4.87262452e-08  9.88677847e-06 
 2.64350000e-09  2.64350000e-09  2.50000000e+00  4.63734513e-08 -9.95060014e-06 
 2.64450000e-09  2.64450000e-09  2.50000000e+00  4.41346174e-08  9.88980738e-06 
 2.64550000e-09  2.64550000e-09  2.50000000e+00  4.20042058e-08 -9.94771523e-06 
 2.64650000e-09  2.64650000e-09  2.50000000e+00  3.99769492e-08  9.89255513e-06 
 2.64750000e-09  2.64750000e-09  2.50000000e+00  3.80478375e-08 -9.94509810e-06 
 2.64850000e-09  2.64850000e-09  2.50000000e+00  3.62121042e-08  9.89504787e-06 
 2.64950000e-09  2.64950000e-09  2.50000000e+00  3.44652154e-08 -9.94272384e-06 
 2.65050000e-09  2.65050000e-09  2.50000000e+00  3.28028580e-08  9.89730928e-06 
 2.65150000e-09  2.65150000e-09  2.50000000e+00  3.12209291e-08 -9.94056989e-06 
 2.65250000e-09  2.65250000e-09  2.50000000e+00  2.97155257e-08  9.89936088e-06 
 2.65350000e-09  2.65350000e-09  2.50000000e+00  2.82829343e-08 -9.93861578e-06 
 2.65450000e-09  2.65450000e-09  2.50000000e+00  2.69196227e-08  9.90122215e-06 
 2.65550000e-09  2.65550000e-09  2.50000000e+00  2.56222308e-08 -9.93684294e-06 
 2.65650000e-09  2.65650000e-09  2.50000000e+00  2.43875622e-08  9.90291077e-06 
 2.65750000e-09  2.65750000e-09  2.50000000e+00  2.32125752e-08 -9.93523453e-06 
 2.65850000e-09  2.65850000e-09  2.50000000e+00  2.20943764e-08  9.90444278e-06 
 2.65950000e-09  2.65950000e-09  2.50000000e+00  2.10302136e-08 -9.93377528e-06 
 2.66050000e-09  2.66050000e-09  2.50000000e+00  2.00174681e-08  9.90583273e-06 
 2.66150000e-09  2.66150000e-09  2.50000000e+00  1.90536486e-08 -9.93245134e-06 
 2.66250000e-09  2.66250000e-09  2.50000000e+00  1.81363844e-08  9.90709380e-06 
 2.66350000e-09  2.66350000e-09  2.50000000e+00  1.72634207e-08 -9.93125014e-06 
 2.66450000e-09  2.66450000e-09  2.50000000e+00  1.64326117e-08  9.90823797e-06 
 2.66550000e-09  2.66550000e-09  2.50000000e+00  1.56419165e-08 -9.93016029e-06 
 2.66650000e-09  2.66650000e-09  2.50000000e+00  1.48893930e-08  9.90927608e-06 
 2.66750000e-09  2.66750000e-09  2.50000000e+00  1.41731928e-08 -9.92917146e-06 
 2.66850000e-09  2.66850000e-09  2.50000000e+00  1.34915582e-08  9.91021798e-06 
 2.66950000e-09  2.66950000e-09  2.50000000e+00  1.28428167e-08 -9.92827426e-06 
 2.67050000e-09  2.67050000e-09  2.50000000e+00  1.22253766e-08  9.91107260e-06 
 2.67150000e-09  2.67150000e-09  2.50000000e+00  1.16377233e-08 -9.92746021e-06 
 2.67250000e-09  2.67250000e-09  2.50000000e+00  1.10784160e-08  9.91184803e-06 
 2.67350000e-09  2.67350000e-09  2.50000000e+00  1.05460842e-08 -9.92672157e-06 
 2.67450000e-09  2.67450000e-09  2.50000000e+00  1.00394229e-08  9.91255162e-06 
 2.67550000e-09  2.67550000e-09  2.50000000e+00  9.55719139e-09 -9.92605136e-06 
 2.67650000e-09  2.67650000e-09  2.50000000e+00  9.09820869e-09  9.91319003e-06 
 2.67750000e-09  2.67750000e-09  2.50000000e+00  8.66135079e-09 -9.92544323e-06 
 2.67850000e-09  2.67850000e-09  2.50000000e+00  8.24554865e-09  9.91376932e-06 
 2.67950000e-09  2.67950000e-09  2.50000000e+00  7.84978502e-09 -9.92489141e-06 
 2.68050000e-09  2.68050000e-09  2.50000000e+00  7.47309132e-09  9.91429496e-06 
 2.68150000e-09  2.68150000e-09  2.50000000e+00  7.11454652e-09 -9.92439070e-06 
 2.68250000e-09  2.68250000e-09  2.50000000e+00  6.77327400e-09  9.91477193e-06 
 2.68350000e-09  2.68350000e-09  2.50000000e+00  6.44843941e-09 -9.92393635e-06 
 2.68450000e-09  2.68450000e-09  2.50000000e+00  6.13924922e-09  9.91520474e-06 
 2.68550000e-09  2.68550000e-09  2.50000000e+00  5.84494829e-09 -9.92352406e-06 
 2.68650000e-09  2.68650000e-09  2.50000000e+00  5.56481767e-09  9.91559748e-06 
 2.68750000e-09  2.68750000e-09  2.50000000e+00  5.29817355e-09 -9.92314994e-06 
 2.68850000e-09  2.68850000e-09  2.50000000e+00  5.04436505e-09  9.91595387e-06 
 2.68950000e-09  2.68950000e-09  2.50000000e+00  4.80277241e-09 -9.92281044e-06 
 2.69050000e-09  2.69050000e-09  2.50000000e+00  4.57280652e-09  9.91627727e-06 
 2.69150000e-09  2.69150000e-09  2.50000000e+00  4.35390648e-09 -9.92250236e-06 
 2.69250000e-09  2.69250000e-09  2.50000000e+00  4.14553863e-09  9.91657075e-06 
 2.69350000e-09  2.69350000e-09  2.50000000e+00  3.94719490e-09 -9.92222279e-06 
 2.69450000e-09  2.69450000e-09  2.50000000e+00  3.75839215e-09  9.91683708e-06 
 2.69550000e-09  2.69550000e-09  2.50000000e+00  3.57867021e-09 -9.92196909e-06 
 2.69650000e-09  2.69650000e-09  2.50000000e+00  3.40759112e-09  9.91707876e-06 
 2.69750000e-09  2.69750000e-09  2.50000000e+00  3.24473832e-09 -9.92173886e-06 
 2.69850000e-09  2.69850000e-09  2.50000000e+00  3.08971543e-09  9.91729808e-06 
 2.69950000e-09  2.69950000e-09  2.50000000e+00  2.94214530e-09 -9.92152992e-06 
 2.70050000e-09  2.70050000e-09  2.50000000e+00  2.80166848e-09  9.91749712e-06 
 2.70150000e-09  2.70150000e-09  2.50000000e+00  2.66794351e-09 -9.92134031e-06 
 2.70250000e-09  2.70250000e-09  2.50000000e+00  2.54064507e-09  9.91767775e-06 
 2.70350000e-09  2.70350000e-09  2.50000000e+00  2.41946338e-09 -9.92116824e-06 
 2.70450000e-09  2.70450000e-09  2.50000000e+00  2.30410402e-09  9.91784168e-06 
 2.70550000e-09  2.70550000e-09  2.50000000e+00  2.19428675e-09 -9.92101207e-06 
 2.70650000e-09  2.70650000e-09  2.50000000e+00  2.08974461e-09  9.91799045e-06 
 2.70750000e-09  2.70750000e-09  2.50000000e+00  1.99022370e-09 -9.92087034e-06 
 2.70850000e-09  2.70850000e-09  2.50000000e+00  1.89548196e-09  9.91812546e-06 
 2.70950000e-09  2.70950000e-09  2.50000000e+00  1.80528971e-09 -9.92074172e-06 
 2.71050000e-09  2.71050000e-09  2.50000000e+00  1.71942797e-09  9.91824800e-06 
 2.71150000e-09  2.71150000e-09  2.50000000e+00  1.63768827e-09 -9.92062499e-06 
 2.71250000e-09  2.71250000e-09  2.50000000e+00  1.55987244e-09  9.91835921e-06 
 2.71350000e-09  2.71350000e-09  2.50000000e+00  1.48579185e-09 -9.92051904e-06 
 2.71450000e-09  2.71450000e-09  2.50000000e+00  1.41526655e-09  9.91846014e-06 
 2.71550000e-09  2.71550000e-09  2.50000000e+00  1.34812547e-09 -9.92042289e-06 
 2.71650000e-09  2.71650000e-09  2.50000000e+00  1.28420621e-09  9.91855174e-06 
 2.71750000e-09  2.71750000e-09  2.50000000e+00  1.22335374e-09 -9.92033562e-06 
 2.71850000e-09  2.71850000e-09  2.50000000e+00  1.16542060e-09  9.91863488e-06 
 2.71950000e-09  2.71950000e-09  2.50000000e+00  1.11026605e-09 -9.92025642e-06 
 2.72050000e-09  2.72050000e-09  2.50000000e+00  1.05775657e-09  9.91871033e-06 
 2.72150000e-09  2.72150000e-09  2.50000000e+00  1.00776529e-09 -9.92018454e-06 
 2.72250000e-09  2.72250000e-09  2.50000000e+00  9.60171313e-10  9.91877882e-06 
 2.72350000e-09  2.72350000e-09  2.50000000e+00  9.14859277e-10 -9.92011929e-06 
 2.72450000e-09  2.72450000e-09  2.50000000e+00  8.71719511e-10  9.91884098e-06 
 2.72550000e-09  2.72550000e-09  2.50000000e+00  8.30647879e-10 -9.92006007e-06 
 2.72650000e-09  2.72650000e-09  2.50000000e+00  7.91544888e-10  9.91889740e-06 
 2.72750000e-09  2.72750000e-09  2.50000000e+00  7.54316140e-10 -9.92000632e-06 
 2.72850000e-09  2.72850000e-09  2.50000000e+00  7.18871445e-10  9.91894860e-06 
 2.72950000e-09  2.72950000e-09  2.50000000e+00  6.85125086e-10 -9.91995753e-06 
 2.73050000e-09  2.73050000e-09  2.50000000e+00  6.52995474e-10  9.91899508e-06 
 2.73150000e-09  2.73150000e-09  2.50000000e+00  6.22404962e-10 -9.91991325e-06 
 2.73250000e-09  2.73250000e-09  2.50000000e+00  5.93280032e-10  9.91903727e-06 
 2.73350000e-09  2.73350000e-09  2.50000000e+00  5.65550409e-10 -9.91987306e-06 
 2.73450000e-09  2.73450000e-09  2.50000000e+00  5.39148539e-10  9.91907556e-06 
 2.73550000e-09  2.73550000e-09  2.50000000e+00  5.14010902e-10 -9.91983658e-06 
 2.73650000e-09  2.73650000e-09  2.50000000e+00  4.90077052e-10  9.91911032e-06 
 2.73750000e-09  2.73750000e-09  2.50000000e+00  4.67289171e-10 -9.91980346e-06 
 2.73850000e-09  2.73850000e-09  2.50000000e+00  4.45592251e-10  9.91914187e-06 
 2.73950000e-09  2.73950000e-09  2.50000000e+00  4.24934003e-10 -9.91977341e-06 
 2.74050000e-09  2.74050000e-09  2.50000000e+00  4.05264682e-10  9.91917050e-06 
 2.74150000e-09  2.74150000e-09  2.50000000e+00  3.86536562e-10 -9.91974613e-06 
 2.74250000e-09  2.74250000e-09  2.50000000e+00  3.68704548e-10  9.91919650e-06 
 2.74350000e-09  2.74350000e-09  2.50000000e+00  3.51725914e-10 -9.91972136e-06 
 2.74450000e-09  2.74450000e-09  2.50000000e+00  3.35559688e-10  9.91922009e-06 
 2.74550000e-09  2.74550000e-09  2.50000000e+00  3.20167004e-10 -9.91969888e-06 
 2.74650000e-09  2.74650000e-09  2.50000000e+00  3.05510314e-10  9.91924151e-06 
 2.74750000e-09  2.74750000e-09  2.50000000e+00  2.91554611e-10 -9.91967847e-06 
 2.74850000e-09  2.74850000e-09  2.50000000e+00  2.78266557e-10  9.91926095e-06 
 2.74950000e-09  2.74950000e-09  2.50000000e+00  2.65614041e-10 -9.91965995e-06 
 2.75050000e-09  2.75050000e-09  2.50000000e+00  2.53566533e-10  9.91927860e-06 
 2.75150000e-09  2.75150000e-09  2.50000000e+00  2.42094993e-10 -9.91964314e-06 
 2.75250000e-09  2.75250000e-09  2.50000000e+00  2.31171960e-10  9.91929462e-06 
 2.75350000e-09  2.75350000e-09  2.50000000e+00  2.20771202e-10 -9.91962787e-06 
 2.75450000e-09  2.75450000e-09  2.50000000e+00  2.10867539e-10  9.91930916e-06 
 2.75550000e-09  2.75550000e-09  2.50000000e+00  2.01436934e-10 -9.91961402e-06 
 2.75650000e-09  2.75650000e-09  2.50000000e+00  1.92457364e-10  9.91932236e-06 
 2.75750000e-09  2.75750000e-09  2.50000000e+00  1.83906985e-10 -9.91960144e-06 
 2.75850000e-09  2.75850000e-09  2.50000000e+00  1.75765091e-10  9.91933435e-06 
 2.75950000e-09  2.75950000e-09  2.50000000e+00  1.68012293e-10 -9.91959002e-06 
 2.76050000e-09  2.76050000e-09  2.50000000e+00  1.60629904e-10  9.91934523e-06 
 2.76150000e-09  2.76150000e-09  2.50000000e+00  1.53599939e-10 -9.91957966e-06 
 2.76250000e-09  2.76250000e-09  2.50000000e+00  1.46905729e-10  9.91935510e-06 
 2.76350000e-09  2.76350000e-09  2.50000000e+00  1.40531130e-10 -9.91957025e-06 
 2.76450000e-09  2.76450000e-09  2.50000000e+00  1.34461140e-10  9.91936407e-06 
 2.76550000e-09  2.76550000e-09  2.50000000e+00  1.28681197e-10 -9.91956171e-06 
 2.76650000e-09  2.76650000e-09  2.50000000e+00  1.23176910e-10  9.91937220e-06 
 2.76750000e-09  2.76750000e-09  2.50000000e+00  1.17935560e-10 -9.91955395e-06 
 2.76850000e-09  2.76850000e-09  2.50000000e+00  1.12944512e-10  9.91937959e-06 
 2.76950000e-09  2.76950000e-09  2.50000000e+00  1.08191747e-10 -9.91954691e-06 
 2.77050000e-09  2.77050000e-09  2.50000000e+00  1.03666123e-10  9.91938630e-06 
 2.77150000e-09  2.77150000e-09  2.50000000e+00  9.93563229e-11 -9.91954052e-06 
 2.77250000e-09  2.77250000e-09  2.50000000e+00  9.52519934e-11  9.91939239e-06 
 2.77350000e-09  2.77350000e-09  2.50000000e+00  9.13434841e-11 -9.91953472e-06 
 2.77450000e-09  2.77450000e-09  2.50000000e+00  8.76217586e-11  9.91939792e-06 
 2.77550000e-09  2.77550000e-09  2.50000000e+00  8.40775172e-11 -9.91952945e-06 
 2.77650000e-09  2.77650000e-09  2.50000000e+00  8.07021619e-11  9.91940294e-06 
 2.77750000e-09  2.77750000e-09  2.50000000e+00  7.74878847e-11 -9.91952467e-06 
 2.77850000e-09  2.77850000e-09  2.50000000e+00  7.44270525e-11  9.91940749e-06 
 2.77950000e-09  2.77950000e-09  2.50000000e+00  7.15120328e-11 -9.91952033e-06 
 2.78050000e-09  2.78050000e-09  2.50000000e+00  6.87359823e-11  9.91941163e-06 
 2.78150000e-09  2.78150000e-09  2.50000000e+00  6.60924965e-11 -9.91951639e-06 
 2.78250000e-09  2.78250000e-09  2.50000000e+00  6.35747323e-11  9.91941538e-06 
 2.78350000e-09  2.78350000e-09  2.50000000e+00  6.11772501e-11 -9.91951281e-06 
 2.78450000e-09  2.78450000e-09  2.50000000e+00  5.88940841e-11  9.91941879e-06 
 2.78550000e-09  2.78550000e-09  2.50000000e+00  5.67198826e-11 -9.91950956e-06 
 2.78650000e-09  2.78650000e-09  2.50000000e+00  5.46492939e-11  9.91942189e-06 
 2.78750000e-09  2.78750000e-09  2.50000000e+00  5.26771417e-11 -9.91950661e-06 
 2.78850000e-09  2.78850000e-09  2.50000000e+00  5.07991272e-11  9.91942470e-06 
 2.78950000e-09  2.78950000e-09  2.50000000e+00  4.90107758e-11 -9.91950393e-06 
 2.79050000e-09  2.79050000e-09  2.50000000e+00  4.73076133e-11  9.91942725e-06 
 2.79150000e-09  2.79150000e-09  2.50000000e+00  4.56853407e-11 -9.91950150e-06 
 2.79250000e-09  2.79250000e-09  2.50000000e+00  4.41403609e-11  9.91942957e-06 
 2.79350000e-09  2.79350000e-09  2.50000000e+00  4.26692525e-11 -9.91949930e-06 
 2.79450000e-09  2.79450000e-09  2.50000000e+00  4.12683304e-11  9.91943167e-06 
 2.79550000e-09  2.79550000e-09  2.50000000e+00  3.99339101e-11 -9.91949729e-06 
 2.79650000e-09  2.79650000e-09  2.50000000e+00  3.86628331e-11  9.91943358e-06 
 2.79750000e-09  2.79750000e-09  2.50000000e+00  3.74522919e-11 -9.91949547e-06 
 2.79850000e-09  2.79850000e-09  2.50000000e+00  3.62995668e-11  9.91943531e-06 
 2.79950000e-09  2.79950000e-09  2.50000000e+00  3.52017626e-11 -9.91949382e-06 
 2.80050000e-09  2.80050000e-09  2.50000000e+00  3.41564228e-11  9.91943689e-06 
 2.80150000e-09  2.80150000e-09  2.50000000e+00  3.31609154e-11 -9.91949232e-06 
 2.80250000e-09  2.80250000e-09  2.50000000e+00  3.22126962e-11  9.91943831e-06 
 2.80350000e-09  2.80350000e-09  2.50000000e+00  3.13094840e-11 -9.91949096e-06 
 2.80450000e-09  2.80450000e-09  2.50000000e+00  3.04490856e-11  9.91943961e-06 
 2.80550000e-09  2.80550000e-09  2.50000000e+00  2.96296585e-11 -9.91948972e-06 
 2.80650000e-09  2.80650000e-09  2.50000000e+00  2.88494481e-11  9.91944079e-06 
 2.80750000e-09  2.80750000e-09  2.50000000e+00  2.81062611e-11 -9.91948860e-06 
 2.80850000e-09  2.80850000e-09  2.50000000e+00  2.73986059e-11  9.91944186e-06 
 2.80950000e-09  2.80950000e-09  2.50000000e+00  2.67246403e-11 -9.91948758e-06 
 2.81050000e-09  2.81050000e-09  2.50000000e+00  2.60826973e-11  9.91944283e-06 
 2.81150000e-09  2.81150000e-09  2.50000000e+00  2.54713731e-11 -9.91948665e-06 
 2.81250000e-09  2.81250000e-09  2.50000000e+00  2.48890886e-11  9.91944371e-06 
 2.81350000e-09  2.81350000e-09  2.50000000e+00  2.43343522e-11 -9.91948582e-06 
 2.81450000e-09  2.81450000e-09  2.50000000e+00  2.38061113e-11  9.91944451e-06 
 2.81550000e-09  2.81550000e-09  2.50000000e+00  2.33032252e-11 -9.91948505e-06 
 2.81650000e-09  2.81650000e-09  2.50000000e+00  2.28241148e-11  9.91944524e-06 
 2.81750000e-09  2.81750000e-09  2.50000000e+00  2.23676395e-11 -9.91948436e-06 
 2.81850000e-09  2.81850000e-09  2.50000000e+00  2.19326589e-11  9.91944590e-06 
 2.81950000e-09  2.81950000e-09  2.50000000e+00  2.15184709e-11 -9.91948373e-06 
 2.82050000e-09  2.82050000e-09  2.50000000e+00  2.11240229e-11  9.91944650e-06 
 2.82150000e-09  2.82150000e-09  2.50000000e+00  2.07482621e-11 -9.91948316e-06 
 2.82250000e-09  2.82250000e-09  2.50000000e+00  2.03903111e-11  9.91944704e-06 
 2.82350000e-09  2.82350000e-09  2.50000000e+00  2.00494680e-11 -9.91948264e-06 
 2.82450000e-09  2.82450000e-09  2.50000000e+00  1.97247679e-11  9.91944754e-06 
 2.82550000e-09  2.82550000e-09  2.50000000e+00  1.94154210e-11 -9.91948217e-06 
 2.82650000e-09  2.82650000e-09  2.50000000e+00  1.91209887e-11  9.91944799e-06 
 2.82750000e-09  2.82750000e-09  2.50000000e+00  1.88405938e-11 -9.91948174e-06 
 2.82850000e-09  2.82850000e-09  2.50000000e+00  1.85735342e-11  9.91944840e-06 
 2.82950000e-09  2.82950000e-09  2.50000000e+00  1.83193715e-11 -9.91948135e-06 
 2.83050000e-09  2.83050000e-09  2.50000000e+00  1.80769649e-11  9.91944876e-06 
 2.83150000e-09  2.83150000e-09  2.50000000e+00  1.78457882e-11 -9.91948100e-06 
 2.83250000e-09  2.83250000e-09  2.50000000e+00  1.76257536e-11  9.91944910e-06 
 2.83350000e-09  2.83350000e-09  2.50000000e+00  1.74163347e-11 -9.91948068e-06 
 2.83450000e-09  2.83450000e-09  2.50000000e+00  1.72168297e-11  9.91944941e-06 
 2.83550000e-09  2.83550000e-09  2.50000000e+00  1.70267998e-11 -9.91948039e-06 
 2.83650000e-09  2.83650000e-09  2.50000000e+00  1.68456310e-11  9.91944968e-06 
 2.83750000e-09  2.83750000e-09  2.50000000e+00  1.66731477e-11 -9.91948013e-06 
 2.83850000e-09  2.83850000e-09  2.50000000e+00  1.65091746e-11  9.91944993e-06 
 2.83950000e-09  2.83950000e-09  2.50000000e+00  1.63527465e-11 -9.91947989e-06 
 2.84050000e-09  2.84050000e-09  2.50000000e+00  1.62036002e-11  9.91945016e-06 
 2.84150000e-09  2.84150000e-09  2.50000000e+00  1.60616481e-11 -9.91947967e-06 
 2.84250000e-09  2.84250000e-09  2.50000000e+00  1.59266268e-11  9.91945037e-06 
 2.84350000e-09  2.84350000e-09  2.50000000e+00  1.57980101e-11 -9.91947947e-06 
 2.84450000e-09  2.84450000e-09  2.50000000e+00  1.56754470e-11  9.91945056e-06 
 2.84550000e-09  2.84550000e-09  2.50000000e+00  1.55586743e-11 -9.91947929e-06 
 2.84650000e-09  2.84650000e-09  2.50000000e+00  1.54473410e-11  9.91945073e-06 
 2.84750000e-09  2.84750000e-09  2.50000000e+00  1.53411839e-11 -9.91947913e-06 
 2.84850000e-09  2.84850000e-09  2.50000000e+00  1.52401154e-11  9.91945088e-06 
 2.84950000e-09  2.84950000e-09  2.50000000e+00  1.51438722e-11 -9.91947898e-06 
 2.85050000e-09  2.85050000e-09  2.50000000e+00  1.50521911e-11  9.91945102e-06 
 2.85150000e-09  2.85150000e-09  2.50000000e+00  1.49651599e-11 -9.91947885e-06 
 2.85250000e-09  2.85250000e-09  2.50000000e+00  1.48823399e-11  9.91945115e-06 
 2.85350000e-09  2.85350000e-09  2.50000000e+00  1.48032046e-11 -9.91947873e-06 
 2.85450000e-09  2.85450000e-09  2.50000000e+00  1.47277541e-11  9.91945127e-06 
 2.85550000e-09  2.85550000e-09  2.50000000e+00  1.46559007e-11 -9.91947861e-06 
 2.85650000e-09  2.85650000e-09  2.50000000e+00  1.45874689e-11  9.91945138e-06 
 2.85750000e-09  2.85750000e-09  2.50000000e+00  1.45223710e-11 -9.91947852e-06 
 2.85850000e-09  2.85850000e-09  2.50000000e+00  1.44603437e-11  9.91945147e-06 
 2.85950000e-09  2.85950000e-09  2.50000000e+00  1.44012993e-11 -9.91947842e-06 
 2.86050000e-09  2.86050000e-09  2.50000000e+00  1.43447992e-11  9.91945156e-06 
 2.86150000e-09  2.86150000e-09  2.50000000e+00  1.42909311e-11 -9.91947834e-06 
 2.86250000e-09  2.86250000e-09  2.50000000e+00  1.42396950e-11  9.91945164e-06 
 2.86350000e-09  2.86350000e-09  2.50000000e+00  1.41910031e-11 -9.91947826e-06 
 2.86450000e-09  2.86450000e-09  2.50000000e+00  1.41445045e-11  9.91945171e-06 
 2.86550000e-09  2.86550000e-09  2.50000000e+00  1.41002871e-11 -9.91947820e-06 
 2.86650000e-09  2.86650000e-09  2.50000000e+00  1.40581752e-11  9.91945178e-06 
 2.86750000e-09  2.86750000e-09  2.50000000e+00  1.40179934e-11 -9.91947813e-06 
 2.86850000e-09  2.86850000e-09  2.50000000e+00  1.39798295e-11  9.91945183e-06 
 2.86950000e-09  2.86950000e-09  2.50000000e+00  1.39435080e-11 -9.91947808e-06 
 2.87050000e-09  2.87050000e-09  2.50000000e+00  1.39087657e-11  9.91945189e-06 
 2.87150000e-09  2.87150000e-09  2.50000000e+00  1.38757781e-11 -9.91947803e-06 
 2.87250000e-09  2.87250000e-09  2.50000000e+00  1.38442819e-11  9.91945194e-06 
 2.87350000e-09  2.87350000e-09  2.50000000e+00  1.38143649e-11 -9.91947798e-06 
 2.87450000e-09  2.87450000e-09  2.50000000e+00  1.37857639e-11  9.91945198e-06 
 2.87550000e-09  2.87550000e-09  2.50000000e+00  1.37583912e-11 -9.91947794e-06 
 2.87650000e-09  2.87650000e-09  2.50000000e+00  1.37324222e-11  9.91945202e-06 
 2.87750000e-09  2.87750000e-09  2.50000000e+00  1.37078569e-11 -9.91947790e-06 
 2.87850000e-09  2.87850000e-09  2.50000000e+00  1.36843445e-11  9.91945206e-06 
 2.87950000e-09  2.87950000e-09  2.50000000e+00  1.36618848e-11 -9.91947786e-06 
 2.88050000e-09  2.88050000e-09  2.50000000e+00  1.36405657e-11  9.91945209e-06 
 2.88150000e-09  2.88150000e-09  2.50000000e+00  1.36202116e-11 -9.91947783e-06 
 2.88250000e-09  2.88250000e-09  2.50000000e+00  1.36006471e-11  9.91945212e-06 
 2.88350000e-09  2.88350000e-09  2.50000000e+00  1.35820477e-11 -9.91947780e-06 
 2.88450000e-09  2.88450000e-09  2.50000000e+00  1.35644133e-11  9.91945215e-06 
 2.88550000e-09  2.88550000e-09  2.50000000e+00  1.35475686e-11 -9.91947778e-06 
 2.88650000e-09  2.88650000e-09  2.50000000e+00  1.35315134e-11  9.91945217e-06 
 2.88750000e-09  2.88750000e-09  2.50000000e+00  1.35161601e-11 -9.91947776e-06 
 2.88850000e-09  2.88850000e-09  2.50000000e+00  1.35016842e-11  9.91945220e-06 
 2.88950000e-09  2.88950000e-09  2.50000000e+00  1.34879101e-11 -9.91947773e-06 
 2.89050000e-09  2.89050000e-09  2.50000000e+00  1.34746624e-11  9.91945222e-06 
 2.89150000e-09  2.89150000e-09  2.50000000e+00  1.34622920e-11 -9.91947771e-06 
 2.89250000e-09  2.89250000e-09  2.50000000e+00  1.34505358e-11  9.91945224e-06 
 2.89350000e-09  2.89350000e-09  2.50000000e+00  1.34392182e-11 -9.91947770e-06 
 2.89450000e-09  2.89450000e-09  2.50000000e+00  1.34285148e-11  9.91945225e-06 
 2.89550000e-09  2.89550000e-09  2.50000000e+00  1.34182500e-11 -9.91947768e-06 
 2.89650000e-09  2.89650000e-09  2.50000000e+00  1.34084239e-11  9.91945227e-06 
 2.89750000e-09  2.89750000e-09  2.50000000e+00  1.33990365e-11 -9.91947767e-06 
 2.89850000e-09  2.89850000e-09  2.50000000e+00  1.33901754e-11  9.91945228e-06 
 2.89950000e-09  2.89950000e-09  2.50000000e+00  1.33818408e-11 -9.91947765e-06 
 2.90050000e-09  2.90050000e-09  2.50000000e+00  1.33736816e-11  9.91945230e-06 
 2.90150000e-09  2.90150000e-09  2.50000000e+00  1.33658734e-11 -9.91947764e-06 
 2.90250000e-09  2.90250000e-09  2.50000000e+00  1.33585915e-11  9.91945231e-06 
 2.90350000e-09  2.90350000e-09  2.50000000e+00  1.33516606e-11 -9.91947763e-06 
 2.90450000e-09  2.90450000e-09  2.50000000e+00  1.33448174e-11  9.91945232e-06 
 2.90550000e-09  2.90550000e-09  2.50000000e+00  1.33384129e-11 -9.91947762e-06 
 2.90650000e-09  2.90650000e-09  2.50000000e+00  1.33322716e-11  9.91945233e-06 
 2.90750000e-09  2.90750000e-09  2.50000000e+00  1.33266567e-11 -9.91947761e-06 
 2.90850000e-09  2.90850000e-09  2.50000000e+00  1.33212172e-11  9.91945234e-06 
 2.90950000e-09  2.90950000e-09  2.50000000e+00  1.33160410e-11 -9.91947760e-06 
 2.91050000e-09  2.91050000e-09  2.50000000e+00  1.33111279e-11  9.91945234e-06 
 2.91150000e-09  2.91150000e-09  2.50000000e+00  1.33064781e-11 -9.91947759e-06 
 2.91250000e-09  2.91250000e-09  2.50000000e+00  1.33021791e-11  9.91945235e-06 
 2.91350000e-09  2.91350000e-09  2.50000000e+00  1.32978802e-11 -9.91947759e-06 
 2.91450000e-09  2.91450000e-09  2.50000000e+00  1.32936690e-11  9.91945236e-06 
 2.91550000e-09  2.91550000e-09  2.50000000e+00  1.32896333e-11 -9.91947758e-06 
 2.91650000e-09  2.91650000e-09  2.50000000e+00  1.32856853e-11  9.91945236e-06 
 2.91750000e-09  2.91750000e-09  2.50000000e+00  1.32820005e-11 -9.91947757e-06 
 2.91850000e-09  2.91850000e-09  2.50000000e+00  1.32784912e-11  9.91945237e-06 
 2.91950000e-09  2.91950000e-09  2.50000000e+00  1.32753328e-11 -9.91947757e-06 
 2.92050000e-09  2.92050000e-09  2.50000000e+00  1.32721744e-11  9.91945237e-06 
 2.92150000e-09  2.92150000e-09  2.50000000e+00  1.32691915e-11 -9.91947757e-06 
 2.92250000e-09  2.92250000e-09  2.50000000e+00  1.32664718e-11  9.91945238e-06 
 2.92350000e-09  2.92350000e-09  2.50000000e+00  1.32636643e-11 -9.91947756e-06 
 2.92450000e-09  2.92450000e-09  2.50000000e+00  1.32612078e-11  9.91945238e-06 
 2.92550000e-09  2.92550000e-09  2.50000000e+00  1.32590145e-11 -9.91947756e-06 
 2.92650000e-09  2.92650000e-09  2.50000000e+00  1.32566457e-11  9.91945239e-06 
 2.92750000e-09  2.92750000e-09  2.50000000e+00  1.32541891e-11 -9.91947756e-06 
 2.92850000e-09  2.92850000e-09  2.50000000e+00  1.32521713e-11  9.91945239e-06 
 2.92950000e-09  2.92950000e-09  2.50000000e+00  1.32503289e-11 -9.91947755e-06 
 2.93050000e-09  2.93050000e-09  2.50000000e+00  1.32485742e-11  9.91945239e-06 
 2.93150000e-09  2.93150000e-09  2.50000000e+00  1.32468196e-11 -9.91947755e-06 
 2.93250000e-09  2.93250000e-09  2.50000000e+00  1.32451526e-11  9.91945240e-06 
 2.93350000e-09  2.93350000e-09  2.50000000e+00  1.32436612e-11 -9.91947755e-06 
 2.93450000e-09  2.93450000e-09  2.50000000e+00  1.32422574e-11  9.91945240e-06 
 2.93550000e-09  2.93550000e-09  2.50000000e+00  1.32407660e-11 -9.91947754e-06 
 2.93650000e-09  2.93650000e-09  2.50000000e+00  1.32393622e-11  9.91945240e-06 
 2.93750000e-09  2.93750000e-09  2.50000000e+00  1.32377830e-11 -9.91947754e-06 
 2.93850000e-09  2.93850000e-09  2.50000000e+00  1.32362916e-11  9.91945240e-06 
 2.93950000e-09  2.93950000e-09  2.50000000e+00  1.32350633e-11 -9.91947754e-06 
 2.94050000e-09  2.94050000e-09  2.50000000e+00  1.32342737e-11  9.91945240e-06 
 2.94150000e-09  2.94150000e-09  2.50000000e+00  1.32334841e-11 -9.91947754e-06 
 2.94250000e-09  2.94250000e-09  2.50000000e+00  1.32324313e-11  9.91945240e-06 
 2.94350000e-09  2.94350000e-09  2.50000000e+00  1.32313785e-11 -9.91947754e-06 
 2.94450000e-09  2.94450000e-09  2.50000000e+00  1.32302380e-11  9.91945241e-06 
 2.94550000e-09  2.94550000e-09  2.50000000e+00  1.32291852e-11 -9.91947753e-06 
 2.94650000e-09  2.94650000e-09  2.50000000e+00  1.32281324e-11  9.91945241e-06 
 2.94750000e-09  2.94750000e-09  2.50000000e+00  1.32272551e-11 -9.91947753e-06 
 2.94850000e-09  2.94850000e-09  2.50000000e+00  1.32262900e-11  9.91945241e-06 
 2.94950000e-09  2.94950000e-09  2.50000000e+00  1.32254127e-11 -9.91947753e-06 
 2.95050000e-09  2.95050000e-09  2.50000000e+00  1.32247985e-11  9.91945241e-06 
 2.95150000e-09  2.95150000e-09  2.50000000e+00  1.32241844e-11 -9.91947753e-06 
 2.95250000e-09  2.95250000e-09  2.50000000e+00  1.32234825e-11  9.91945241e-06 
 2.95350000e-09  2.95350000e-09  2.50000000e+00  1.32229561e-11 -9.91947753e-06 
 2.95450000e-09  2.95450000e-09  2.50000000e+00  1.32222543e-11  9.91945241e-06 
 2.95550000e-09  2.95550000e-09  2.50000000e+00  1.32214647e-11 -9.91947753e-06 
 2.95650000e-09  2.95650000e-09  2.50000000e+00  1.32205874e-11  9.91945241e-06 
 2.95750000e-09  2.95750000e-09  2.50000000e+00  1.32199732e-11 -9.91947753e-06 
 2.95850000e-09  2.95850000e-09  2.50000000e+00  1.32197978e-11  9.91945241e-06 
 2.95950000e-09  2.95950000e-09  2.50000000e+00  1.32193591e-11 -9.91947753e-06 
 2.96050000e-09  2.96050000e-09  2.50000000e+00  1.32188327e-11  9.91945241e-06 
 2.96150000e-09  2.96150000e-09  2.50000000e+00  1.32186572e-11 -9.91947753e-06 
 2.96250000e-09  2.96250000e-09  2.50000000e+00  1.32184818e-11  9.91945242e-06 
 2.96350000e-09  2.96350000e-09  2.50000000e+00  1.32181308e-11 -9.91947753e-06 
 2.96450000e-09  2.96450000e-09  2.50000000e+00  1.32179554e-11  9.91945242e-06 
 2.96550000e-09  2.96550000e-09  2.50000000e+00  1.32176044e-11 -9.91947753e-06 
 2.96650000e-09  2.96650000e-09  2.50000000e+00  1.32172535e-11  9.91945242e-06 
 2.96750000e-09  2.96750000e-09  2.50000000e+00  1.32170780e-11 -9.91947752e-06 
 2.96850000e-09  2.96850000e-09  2.50000000e+00  1.32168148e-11  9.91945242e-06 
 2.96950000e-09  2.96950000e-09  2.50000000e+00  1.32165516e-11 -9.91947753e-06 
 2.97050000e-09  2.97050000e-09  2.50000000e+00  1.32162007e-11  9.91945242e-06 
 2.97150000e-09  2.97150000e-09  2.50000000e+00  1.32159375e-11 -9.91947752e-06 
 2.97250000e-09  2.97250000e-09  2.50000000e+00  1.32158498e-11  9.91945242e-06 
 2.97350000e-09  2.97350000e-09  2.50000000e+00  1.32157620e-11 -9.91947752e-06 
 2.97450000e-09  2.97450000e-09  2.50000000e+00  1.32155866e-11  9.91945242e-06 
 2.97550000e-09  2.97550000e-09  2.50000000e+00  1.32154111e-11 -9.91947752e-06 
 2.97650000e-09  2.97650000e-09  2.50000000e+00  1.32152356e-11  9.91945242e-06 
 2.97750000e-09  2.97750000e-09  2.50000000e+00  1.32150602e-11 -9.91947752e-06 
 2.97850000e-09  2.97850000e-09  2.50000000e+00  1.32148847e-11  9.91945242e-06 
 2.97950000e-09  2.97950000e-09  2.50000000e+00  1.32144460e-11 -9.91947752e-06 
 2.98050000e-09  2.98050000e-09  2.50000000e+00  1.32140074e-11  9.91945242e-06 
 2.98150000e-09  2.98150000e-09  2.50000000e+00  1.32137442e-11 -9.91947752e-06 
 2.98250000e-09  2.98250000e-09  2.50000000e+00  1.32136564e-11  9.91945242e-06 
 2.98350000e-09  2.98350000e-09  2.50000000e+00  1.32137442e-11 -9.91947752e-06 
 2.98450000e-09  2.98450000e-09  2.50000000e+00  1.32137442e-11  9.91945242e-06 
 2.98550000e-09  2.98550000e-09  2.50000000e+00  1.32136564e-11 -9.91947752e-06 
 2.98650000e-09  2.98650000e-09  2.50000000e+00  1.32135687e-11  9.91945242e-06 
 2.98750000e-09  2.98750000e-09  2.50000000e+00  1.32135687e-11 -9.91947752e-06 
 2.98850000e-09  2.98850000e-09  2.50000000e+00  1.32136564e-11  9.91945242e-06 
 2.98950000e-09  2.98950000e-09  2.50000000e+00  1.32136564e-11 -9.91947752e-06 
 2.99050000e-09  2.99050000e-09  2.50000000e+00  1.32135687e-11  9.91945242e-06 
 2.99150000e-09  2.99150000e-09  2.50000000e+00  1.32133055e-11 -9.91947752e-06 
 2.99250000e-09  2.99250000e-09  2.50000000e+00  1.32131300e-11  9.91945242e-06 
 2.99350000e-09  2.99350000e-09  2.50000000e+00  1.32128668e-11 -9.91947752e-06 
 2.99450000e-09  2.99450000e-09  2.50000000e+00  1.32129546e-11  9.91945242e-06 
 2.99550000e-09  2.99550000e-09  2.50000000e+00  1.32128668e-11 -9.91947752e-06 
 2.99650000e-09  2.99650000e-09  2.50000000e+00  1.32124282e-11  9.91945242e-06 
 2.99750000e-09  2.99750000e-09  2.50000000e+00  1.32123404e-11 -9.91947752e-06 
 2.99850000e-09  2.99850000e-09  2.50000000e+00  1.32124282e-11  9.91945242e-06 
 2.99950000e-09  2.99950000e-09  2.50000000e+00  1.32122527e-11 -9.91947752e-06 
 3.00050000e-09  3.00050000e-09  2.50000000e+00  1.32120772e-11  9.91945242e-06 
 3.00150000e-09  3.00150000e-09  2.50000000e+00  1.32121650e-11 -9.91947752e-06 
 3.00250000e-09  3.00250000e-09  2.50000000e+00  1.32121650e-11  9.91945242e-06 
 3.00350000e-09  3.00350000e-09  2.50000000e+00  1.32120772e-11 -9.91947752e-06 
 3.00450000e-09  3.00450000e-09  2.50000000e+00  1.32121650e-11  9.91945242e-06 
 3.00550000e-09  3.00550000e-09  2.50000000e+00  1.32122527e-11 -9.91947752e-06 
 3.00650000e-09  3.00650000e-09  2.50000000e+00  1.32121650e-11  9.91945242e-06 
 3.00750000e-09  3.00750000e-09  2.50000000e+00  1.32121650e-11 -9.91947752e-06 
 3.00850000e-09  3.00850000e-09  2.50000000e+00  1.32120772e-11  9.91945242e-06 
 3.00950000e-09  3.00950000e-09  2.50000000e+00  1.32119018e-11 -9.91947752e-06 
 3.01050000e-09  3.01050000e-09  2.50000000e+00  1.32118140e-11  9.91945242e-06 
 3.01150000e-09  3.01150000e-09  2.50000000e+00  1.32115508e-11 -9.91947752e-06 
 3.01250000e-09  3.01250000e-09  2.50000000e+00  1.32115508e-11  9.91945242e-06 
 3.01350000e-09  3.01350000e-09  2.50000000e+00  1.32116386e-11 -9.91947752e-06 
 3.01450000e-09  3.01450000e-09  2.50000000e+00  1.32114631e-11  9.91945242e-06 
 3.01550000e-09  3.01550000e-09  2.50000000e+00  1.32112876e-11 -9.91947752e-06 
 3.01650000e-09  3.01650000e-09  2.50000000e+00  1.32111999e-11  9.91945242e-06 
 3.01750000e-09  3.01750000e-09  2.50000000e+00  1.32111122e-11 -9.91947752e-06 
 3.01850000e-09  3.01850000e-09  2.50000000e+00  1.32110244e-11  9.91945242e-06 
 3.01950000e-09  3.01950000e-09  2.50000000e+00  1.32111122e-11 -9.91947752e-06 
 3.02050000e-09  3.02050000e-09  2.50000000e+00  1.32111122e-11  9.91945242e-06 
 3.02150000e-09  3.02150000e-09  2.50000000e+00  1.32110244e-11 -9.91947752e-06 
 3.02250000e-09  3.02250000e-09  2.50000000e+00  1.32109367e-11  9.91945242e-06 
 3.02350000e-09  3.02350000e-09  2.50000000e+00  1.32108490e-11 -9.91947752e-06 
 3.02450000e-09  3.02450000e-09  2.50000000e+00  1.32108490e-11  9.91945242e-06 
 3.02550000e-09  3.02550000e-09  2.50000000e+00  1.32108490e-11 -9.91947752e-06 
 3.02650000e-09  3.02650000e-09  2.50000000e+00  1.32107612e-11  9.91945242e-06 
 3.02750000e-09  3.02750000e-09  2.50000000e+00  1.32105858e-11 -9.91947752e-06 
 3.02850000e-09  3.02850000e-09  2.50000000e+00  1.32105858e-11  9.91945242e-06 
 3.02950000e-09  3.02950000e-09  2.50000000e+00  1.32106735e-11 -9.91947752e-06 
 3.03050000e-09  3.03050000e-09  2.50000000e+00  1.32105858e-11  9.91945242e-06 
 3.03150000e-09  3.03150000e-09  2.50000000e+00  1.32104103e-11 -9.91947752e-06 
 3.03250000e-09  3.03250000e-09  2.50000000e+00  1.32102349e-11  9.91945242e-06 
 3.03350000e-09  3.03350000e-09  2.50000000e+00  1.32102349e-11 -9.91947752e-06 
 3.03450000e-09  3.03450000e-09  2.50000000e+00  1.32102349e-11  9.91945242e-06 
 3.03550000e-09  3.03550000e-09  2.50000000e+00  1.32102349e-11 -9.91947752e-06 
 3.03650000e-09  3.03650000e-09  2.50000000e+00  1.32102349e-11  9.91945242e-06 
 3.03750000e-09  3.03750000e-09  2.50000000e+00  1.32101471e-11 -9.91947752e-06 
 3.03850000e-09  3.03850000e-09  2.50000000e+00  1.32101471e-11  9.91945242e-06 
 3.03950000e-09  3.03950000e-09  2.50000000e+00  1.32102349e-11 -9.91947752e-06 
 3.04050000e-09  3.04050000e-09  2.50000000e+00  1.32102349e-11  9.91945242e-06 
 3.04150000e-09  3.04150000e-09  2.50000000e+00  1.32103226e-11 -9.91947752e-06 
 3.04250000e-09  3.04250000e-09  2.50000000e+00  1.32105858e-11  9.91945242e-06 
 3.04350000e-09  3.04350000e-09  2.50000000e+00  1.32108490e-11 -9.91947752e-06 
 3.04450000e-09  3.04450000e-09  2.50000000e+00  1.32107612e-11  9.91945242e-06 
 3.04550000e-09  3.04550000e-09  2.50000000e+00  1.32107612e-11 -9.91947752e-06 
 3.04650000e-09  3.04650000e-09  2.50000000e+00  1.32109367e-11  9.91945242e-06 
 3.04750000e-09  3.04750000e-09  2.50000000e+00  1.32110244e-11 -9.91947752e-06 
 3.04850000e-09  3.04850000e-09  2.50000000e+00  1.32111122e-11  9.91945242e-06 
 3.04950000e-09  3.04950000e-09  2.50000000e+00  1.32109367e-11 -9.91947752e-06 
 3.05050000e-09  3.05050000e-09  2.50000000e+00  1.32107612e-11  9.91945242e-06 
 3.05150000e-09  3.05150000e-09  2.50000000e+00  1.32107612e-11 -9.91947752e-06 
 3.05250000e-09  3.05250000e-09  2.50000000e+00  1.32106735e-11  9.91945242e-06 
 3.05350000e-09  3.05350000e-09  2.50000000e+00  1.32106735e-11 -9.91947752e-06 
 3.05450000e-09  3.05450000e-09  2.50000000e+00  1.32107612e-11  9.91945242e-06 
 3.05550000e-09  3.05550000e-09  2.50000000e+00  1.32106735e-11 -9.91947752e-06 
 3.05650000e-09  3.05650000e-09  2.50000000e+00  1.32104981e-11  9.91945242e-06 
 3.05750000e-09  3.05750000e-09  2.50000000e+00  1.32104103e-11 -9.91947752e-06 
 3.05850000e-09  3.05850000e-09  2.50000000e+00  1.32104103e-11  9.91945242e-06 
 3.05950000e-09  3.05950000e-09  2.50000000e+00  1.32104103e-11 -9.91947752e-06 
 3.06050000e-09  3.06050000e-09  2.50000000e+00  1.32104981e-11  9.91945242e-06 
 3.06150000e-09  3.06150000e-09  2.50000000e+00  1.32104981e-11 -9.91947752e-06 
 3.06250000e-09  3.06250000e-09  2.50000000e+00  1.32104103e-11  9.91945242e-06 
 3.06350000e-09  3.06350000e-09  2.50000000e+00  1.32102349e-11 -9.91947752e-06 
 3.06450000e-09  3.06450000e-09  2.50000000e+00  1.32100594e-11  9.91945242e-06 
 3.06550000e-09  3.06550000e-09  2.50000000e+00  1.32098839e-11 -9.91947752e-06 
 3.06650000e-09  3.06650000e-09  2.50000000e+00  1.32097962e-11  9.91945242e-06 
 3.06750000e-09  3.06750000e-09  2.50000000e+00  1.32098839e-11 -9.91947752e-06 
 3.06850000e-09  3.06850000e-09  2.50000000e+00  1.32099717e-11  9.91945242e-06 
 3.06950000e-09  3.06950000e-09  2.50000000e+00  1.32098839e-11 -9.91947752e-06 
 3.07050000e-09  3.07050000e-09  2.50000000e+00  1.32097962e-11  9.91945242e-06 
 3.07150000e-09  3.07150000e-09  2.50000000e+00  1.32097962e-11 -9.91947752e-06 
 3.07250000e-09  3.07250000e-09  2.50000000e+00  1.32097085e-11  9.91945242e-06 
 3.07350000e-09  3.07350000e-09  2.50000000e+00  1.32096207e-11 -9.91947752e-06 
 3.07450000e-09  3.07450000e-09  2.50000000e+00  1.32096207e-11  9.91945242e-06 
 3.07550000e-09  3.07550000e-09  2.50000000e+00  1.32097085e-11 -9.91947752e-06 
 3.07650000e-09  3.07650000e-09  2.50000000e+00  1.32097085e-11  9.91945242e-06 
 3.07750000e-09  3.07750000e-09  2.50000000e+00  1.32096207e-11 -9.91947752e-06 
 3.07850000e-09  3.07850000e-09  2.50000000e+00  1.32096207e-11  9.91945242e-06 
 3.07950000e-09  3.07950000e-09  2.50000000e+00  1.32097085e-11 -9.91947752e-06 
 3.08050000e-09  3.08050000e-09  2.50000000e+00  1.32097085e-11  9.91945242e-06 
 3.08150000e-09  3.08150000e-09  2.50000000e+00  1.32096207e-11 -9.91947752e-06 
 3.08250000e-09  3.08250000e-09  2.50000000e+00  1.32096207e-11  9.91945242e-06 
 3.08350000e-09  3.08350000e-09  2.50000000e+00  1.32097085e-11 -9.91947752e-06 
 3.08450000e-09  3.08450000e-09  2.50000000e+00  1.32097085e-11  9.91945242e-06 
 3.08550000e-09  3.08550000e-09  2.50000000e+00  1.32096207e-11 -9.91947752e-06 
 3.08650000e-09  3.08650000e-09  2.50000000e+00  1.32096207e-11  9.91945242e-06 
 3.08750000e-09  3.08750000e-09  2.50000000e+00  1.32097085e-11 -9.91947752e-06 
 3.08850000e-09  3.08850000e-09  2.50000000e+00  1.32098839e-11  9.91945242e-06 
 3.08950000e-09  3.08950000e-09  2.50000000e+00  1.32098839e-11 -9.91947752e-06 
 3.09050000e-09  3.09050000e-09  2.50000000e+00  1.32097085e-11  9.91945242e-06 
 3.09150000e-09  3.09150000e-09  2.50000000e+00  1.32097085e-11 -9.91947752e-06 
 3.09250000e-09  3.09250000e-09  2.50000000e+00  1.32097962e-11  9.91945242e-06 
 3.09350000e-09  3.09350000e-09  2.50000000e+00  1.32097962e-11 -9.91947752e-06 
 3.09450000e-09  3.09450000e-09  2.50000000e+00  1.32097962e-11  9.91945242e-06 
 3.09550000e-09  3.09550000e-09  2.50000000e+00  1.32098839e-11 -9.91947752e-06 
 3.09650000e-09  3.09650000e-09  2.50000000e+00  1.32099717e-11  9.91945242e-06 
 3.09750000e-09  3.09750000e-09  2.50000000e+00  1.32099717e-11 -9.91947752e-06 
 3.09850000e-09  3.09850000e-09  2.50000000e+00  1.32099717e-11  9.91945242e-06 
 3.09950000e-09  3.09950000e-09  2.50000000e+00  1.32099717e-11 -9.91947752e-06 
 3.10050000e-09  3.10050000e-09  2.50000000e+00  1.32099717e-11  9.91945242e-06 
 3.10150000e-09  3.10150000e-09  2.50000000e+00  1.32099717e-11 -9.91947752e-06 
 3.10250000e-09  3.10250000e-09  2.50000000e+00  1.32099717e-11  9.91945242e-06 
 3.10350000e-09  3.10350000e-09  2.50000000e+00  1.32099717e-11 -9.91947752e-06 
 3.10450000e-09  3.10450000e-09  2.50000000e+00  1.32099717e-11  9.91945242e-06 
 3.10550000e-09  3.10550000e-09  2.50000000e+00  1.32099717e-11 -9.91947752e-06 
 3.10650000e-09  3.10650000e-09  2.50000000e+00  1.32099717e-11  9.91945242e-06 
 3.10750000e-09  3.10750000e-09  2.50000000e+00  1.32099717e-11 -9.91947752e-06 
 3.10850000e-09  3.10850000e-09  2.50000000e+00  1.32099717e-11  9.91945242e-06 
 3.10950000e-09  3.10950000e-09  2.50000000e+00  1.32099717e-11 -9.91947752e-06 
 3.11050000e-09  3.11050000e-09  2.50000000e+00  1.32099717e-11  9.91945242e-06 
 3.11150000e-09  3.11150000e-09  2.50000000e+00  1.32099717e-11 -9.91947752e-06 
 3.11250000e-09  3.11250000e-09  2.50000000e+00  1.32099717e-11  9.91945242e-06 
 3.11350000e-09  3.11350000e-09  2.50000000e+00  1.32099717e-11 -9.91947752e-06 
 3.11450000e-09  3.11450000e-09  2.50000000e+00  1.32099717e-11  9.91945242e-06 
 3.11550000e-09  3.11550000e-09  2.50000000e+00  1.32099717e-11 -9.91947752e-06 
 3.11650000e-09  3.11650000e-09  2.50000000e+00  1.32099717e-11  9.91945242e-06 
 3.11750000e-09  3.11750000e-09  2.50000000e+00  1.32099717e-11 -9.91947752e-06 
 3.11850000e-09  3.11850000e-09  2.50000000e+00  1.32099717e-11  9.91945242e-06 
 3.11950000e-09  3.11950000e-09  2.50000000e+00  1.32099717e-11 -9.91947752e-06 
 3.12050000e-09  3.12050000e-09  2.50000000e+00  1.32099717e-11  9.91945242e-06 
 3.12150000e-09  3.12150000e-09  2.50000000e+00  1.32099717e-11 -9.91947752e-06 
 3.12250000e-09  3.12250000e-09  2.50000000e+00  1.32099717e-11  9.91945242e-06 
 3.12350000e-09  3.12350000e-09  2.50000000e+00  1.32099717e-11 -9.91947752e-06 
 3.12450000e-09  3.12450000e-09  2.50000000e+00  1.32099717e-11  9.91945242e-06 
 3.12550000e-09  3.12550000e-09  2.50000000e+00  1.32099717e-11 -9.91947752e-06 
 3.12650000e-09  3.12650000e-09  2.50000000e+00  1.32099717e-11  9.91945242e-06 
 3.12750000e-09  3.12750000e-09  2.50000000e+00  1.32099717e-11 -9.91947752e-06 
 3.12850000e-09  3.12850000e-09  2.50000000e+00  1.32099717e-11  9.91945242e-06 
 3.12950000e-09  3.12950000e-09  2.50000000e+00  1.32099717e-11 -9.91947752e-06 
 3.13050000e-09  3.13050000e-09  2.50000000e+00  1.32099717e-11  9.91945242e-06 
 3.13150000e-09  3.13150000e-09  2.50000000e+00  1.32099717e-11 -9.91947752e-06 
 3.13250000e-09  3.13250000e-09  2.50000000e+00  1.32099717e-11  9.91945242e-06 
 3.13350000e-09  3.13350000e-09  2.50000000e+00  1.32099717e-11 -9.91947752e-06 
 3.13450000e-09  3.13450000e-09  2.50000000e+00  1.32099717e-11  9.91945242e-06 
 3.13550000e-09  3.13550000e-09  2.50000000e+00  1.32099717e-11 -9.91947752e-06 
 3.13650000e-09  3.13650000e-09  2.50000000e+00  1.32099717e-11  9.91945242e-06 
 3.13750000e-09  3.13750000e-09  2.50000000e+00  1.32099717e-11 -9.91947752e-06 
 3.13850000e-09  3.13850000e-09  2.50000000e+00  1.32099717e-11  9.91945242e-06 
 3.13950000e-09  3.13950000e-09  2.50000000e+00  1.32099717e-11 -9.91947752e-06 
 3.14050000e-09  3.14050000e-09  2.50000000e+00  1.32099717e-11  9.91945242e-06 
 3.14150000e-09  3.14150000e-09  2.50000000e+00  1.32099717e-11 -9.91947752e-06 
 3.14250000e-09  3.14250000e-09  2.50000000e+00  1.32099717e-11  9.91945242e-06 
 3.14350000e-09  3.14350000e-09  2.50000000e+00  1.32099717e-11 -9.91947752e-06 
 3.14450000e-09  3.14450000e-09  2.50000000e+00  1.32099717e-11  9.91945242e-06 
 3.14550000e-09  3.14550000e-09  2.50000000e+00  1.32099717e-11 -9.91947752e-06 
 3.14650000e-09  3.14650000e-09  2.50000000e+00  1.32099717e-11  9.91945242e-06 
 3.14750000e-09  3.14750000e-09  2.50000000e+00  1.32099717e-11 -9.91947752e-06 
 3.14850000e-09  3.14850000e-09  2.50000000e+00  1.32099717e-11  9.91945242e-06 
 3.14950000e-09  3.14950000e-09  2.50000000e+00  1.32099717e-11 -9.91947752e-06 
 3.15050000e-09  3.15050000e-09  2.50000000e+00  1.32099717e-11  9.91945242e-06 
 3.15150000e-09  3.15150000e-09  2.50000000e+00  1.32099717e-11 -9.91947752e-06 
 3.15250000e-09  3.15250000e-09  2.50000000e+00  1.32099717e-11  9.91945242e-06 
 3.15350000e-09  3.15350000e-09  2.50000000e+00  1.32099717e-11 -9.91947752e-06 
 3.15450000e-09  3.15450000e-09  2.50000000e+00  1.32099717e-11  9.91945242e-06 
 3.15550000e-09  3.15550000e-09  2.50000000e+00  1.32099717e-11 -9.91947752e-06 
 3.15650000e-09  3.15650000e-09  2.50000000e+00  1.32099717e-11  9.91945242e-06 
 3.15750000e-09  3.15750000e-09  2.50000000e+00  1.32099717e-11 -9.91947752e-06 
 3.15850000e-09  3.15850000e-09  2.50000000e+00  1.32099717e-11  9.91945242e-06 
 3.15950000e-09  3.15950000e-09  2.50000000e+00  1.32099717e-11 -9.91947752e-06 
 3.16050000e-09  3.16050000e-09  2.50000000e+00  1.32099717e-11  9.91945242e-06 
 3.16150000e-09  3.16150000e-09  2.50000000e+00  1.32099717e-11 -9.91947752e-06 
 3.16250000e-09  3.16250000e-09  2.50000000e+00  1.32099717e-11  9.91945242e-06 
 3.16350000e-09  3.16350000e-09  2.50000000e+00  1.32099717e-11 -9.91947752e-06 
 3.16450000e-09  3.16450000e-09  2.50000000e+00  1.32099717e-11  9.91945242e-06 
 3.16550000e-09  3.16550000e-09  2.50000000e+00  1.32099717e-11 -9.91947752e-06 
 3.16650000e-09  3.16650000e-09  2.50000000e+00  1.32099717e-11  9.91945242e-06 
 3.16750000e-09  3.16750000e-09  2.50000000e+00  1.32099717e-11 -9.91947752e-06 
 3.16850000e-09  3.16850000e-09  2.50000000e+00  1.32099717e-11  9.91945242e-06 
 3.16950000e-09  3.16950000e-09  2.50000000e+00  1.32099717e-11 -9.91947752e-06 
 3.17050000e-09  3.17050000e-09  2.50000000e+00  1.32099717e-11  9.91945242e-06 
 3.17150000e-09  3.17150000e-09  2.50000000e+00  1.32099717e-11 -9.91947752e-06 
 3.17250000e-09  3.17250000e-09  2.50000000e+00  1.32099717e-11  9.91945242e-06 
 3.17350000e-09  3.17350000e-09  2.50000000e+00  1.32099717e-11 -9.91947752e-06 
 3.17450000e-09  3.17450000e-09  2.50000000e+00  1.32099717e-11  9.91945242e-06 
 3.17550000e-09  3.17550000e-09  2.50000000e+00  1.32099717e-11 -9.91947752e-06 
 3.17650000e-09  3.17650000e-09  2.50000000e+00  1.32099717e-11  9.91945242e-06 
 3.17750000e-09  3.17750000e-09  2.50000000e+00  1.32099717e-11 -9.91947752e-06 
 3.17850000e-09  3.17850000e-09  2.50000000e+00  1.32099717e-11  9.91945242e-06 
 3.17950000e-09  3.17950000e-09  2.50000000e+00  1.32099717e-11 -9.91947752e-06 
 3.18050000e-09  3.18050000e-09  2.50000000e+00  1.32099717e-11  9.91945242e-06 
 3.18150000e-09  3.18150000e-09  2.50000000e+00  1.32099717e-11 -9.91947752e-06 
 3.18250000e-09  3.18250000e-09  2.50000000e+00  1.32099717e-11  9.91945242e-06 
 3.18350000e-09  3.18350000e-09  2.50000000e+00  1.32099717e-11 -9.91947752e-06 
 3.18450000e-09  3.18450000e-09  2.50000000e+00  1.32099717e-11  9.91945242e-06 
 3.18550000e-09  3.18550000e-09  2.50000000e+00  1.32099717e-11 -9.91947752e-06 
 3.18650000e-09  3.18650000e-09  2.50000000e+00  1.32099717e-11  9.91945242e-06 
 3.18750000e-09  3.18750000e-09  2.50000000e+00  1.32099717e-11 -9.91947752e-06 
 3.18850000e-09  3.18850000e-09  2.50000000e+00  1.32099717e-11  9.91945242e-06 
 3.18950000e-09  3.18950000e-09  2.50000000e+00  1.32099717e-11 -9.91947752e-06 
 3.19050000e-09  3.19050000e-09  2.50000000e+00  1.32099717e-11  9.91945242e-06 
 3.19150000e-09  3.19150000e-09  2.50000000e+00  1.32099717e-11 -9.91947752e-06 
 3.19250000e-09  3.19250000e-09  2.50000000e+00  1.32099717e-11  9.91945242e-06 
 3.19350000e-09  3.19350000e-09  2.50000000e+00  1.32099717e-11 -9.91947752e-06 
 3.19450000e-09  3.19450000e-09  2.50000000e+00  1.32099717e-11  9.91945242e-06 
 3.19550000e-09  3.19550000e-09  2.50000000e+00  1.32099717e-11 -9.91947752e-06 
 3.19650000e-09  3.19650000e-09  2.50000000e+00  1.32099717e-11  9.91945242e-06 
 3.19750000e-09  3.19750000e-09  2.50000000e+00  1.32099717e-11 -9.91947752e-06 
 3.19850000e-09  3.19850000e-09  2.50000000e+00  1.32099717e-11  9.91945242e-06 
 3.19950000e-09  3.19950000e-09  2.50000000e+00  1.32099717e-11 -9.91947752e-06 
 3.20050000e-09  3.20050000e-09  2.50000000e+00  1.32099717e-11  9.91945242e-06 
 3.20150000e-09  3.20150000e-09  2.50000000e+00  1.32099717e-11 -9.91947752e-06 
 3.20250000e-09  3.20250000e-09  2.50000000e+00  1.32099717e-11  9.91945242e-06 
 3.20350000e-09  3.20350000e-09  2.50000000e+00  1.32099717e-11 -9.91947752e-06 
 3.20450000e-09  3.20450000e-09  2.50000000e+00  1.32099717e-11  9.91945242e-06 
 3.20550000e-09  3.20550000e-09  2.50000000e+00  1.32099717e-11 -9.91947752e-06 
 3.20650000e-09  3.20650000e-09  2.50000000e+00  1.32099717e-11  9.91945242e-06 
 3.20750000e-09  3.20750000e-09  2.50000000e+00  1.32099717e-11 -9.91947752e-06 
 3.20850000e-09  3.20850000e-09  2.50000000e+00  1.32099717e-11  9.91945242e-06 
 3.20950000e-09  3.20950000e-09  2.50000000e+00  1.32099717e-11 -9.91947752e-06 
 3.21050000e-09  3.21050000e-09  2.50000000e+00  1.32099717e-11  9.91945242e-06 
 3.21150000e-09  3.21150000e-09  2.50000000e+00  1.32099717e-11 -9.91947752e-06 
 3.21250000e-09  3.21250000e-09  2.50000000e+00  1.32099717e-11  9.91945242e-06 
 3.21350000e-09  3.21350000e-09  2.50000000e+00  1.32099717e-11 -9.91947752e-06 
 3.21450000e-09  3.21450000e-09  2.50000000e+00  1.32099717e-11  9.91945242e-06 
 3.21550000e-09  3.21550000e-09  2.50000000e+00  1.32099717e-11 -9.91947752e-06 
 3.21650000e-09  3.21650000e-09  2.50000000e+00  1.32099717e-11  9.91945242e-06 
 3.21750000e-09  3.21750000e-09  2.50000000e+00  1.32099717e-11 -9.91947752e-06 
 3.21850000e-09  3.21850000e-09  2.50000000e+00  1.32099717e-11  9.91945242e-06 
 3.21925000e-09  3.21925000e-09  2.50000000e+00  1.32099177e-11 -9.91947752e-06 
 3.22000000e-09  3.22000000e-09  2.50000000e+00  1.32098506e-11  9.91945242e-06 
 3.22010000e-09  3.22010000e-09  2.48750000e+00 -2.37086021e-07 -7.16753750e-04 
 3.22030000e-09  3.22030000e-09  2.46250000e+00 -6.90923823e-07 -6.77520722e-04 
 3.22070000e-09  3.22070000e-09  2.41250000e+00 -1.48342181e-06 -6.36538829e-04 
 3.22150000e-09  3.22150000e-09  2.31250000e+00 -2.66938224e-06 -5.94092131e-04 
 3.22250000e-09  3.22250000e-09  2.18750000e+00 -3.54436737e-06 -6.40614868e-04 
 3.22350000e-09  3.22350000e-09  2.06250000e+00 -3.91417852e-06 -6.61408381e-04 
 3.22450000e-09  3.22450000e-09  1.93750000e+00 -3.89673672e-06 -6.72967833e-04 
 3.22550000e-09  3.22550000e-09  1.81250000e+00 -3.53003158e-06 -6.67104673e-04 
 3.22650000e-09  3.22650000e-09  1.68750000e+00 -2.83087164e-06 -6.93649036e-04 
 3.22750000e-09  3.22750000e-09  1.56250000e+00 -1.82702404e-06 -7.02961030e-04 
 3.22850000e-09  3.22850000e-09  1.43750000e+00 -5.51686524e-07 -7.44535171e-04 
 3.22950000e-09  3.22950000e-09  1.31250000e+00  9.60805296e-07 -7.68365317e-04 
 3.23050000e-09  3.23050000e-09  1.18750000e+00  2.67835301e-06 -8.23535681e-04 
 3.23150000e-09  3.23150000e-09  1.06250000e+00  4.57387260e-06 -8.59557510e-04 
 3.23250000e-09  3.23250000e-09  9.37500000e-01  6.62784259e-06 -9.24908923e-04 
 3.23350000e-09  3.23350000e-09  8.12500000e-01  8.83128701e-06 -9.68247200e-04 
 3.23450000e-09  3.23450000e-09  6.87500000e-01  1.11915866e-05 -1.03646635e-03 
 3.23550000e-09  3.23550000e-09  5.62500000e-01  1.37628106e-05 -1.07199919e-03 
 3.23650000e-09  3.23650000e-09  4.37500000e-01  1.70286539e-05 -1.05258455e-03 
 3.23750000e-09  3.23750000e-09  3.12500000e-01  2.08345272e-05 -1.07766427e-03 
 3.23850000e-09  3.23850000e-09  1.87500000e-01  2.44060008e-05 -1.15968087e-03 
 3.23925000e-09  3.23925000e-09  9.37500000e-02  2.68488431e-05 -1.19797168e-03 
 3.24000000e-09  3.24000000e-09  0.00000000e+00  2.90872832e-05 -1.27651108e-03 
 3.24010000e-09  3.24010000e-09  0.00000000e+00  2.94966855e-05 -6.35863448e-04 
 3.24030000e-09  3.24030000e-09  0.00000000e+00  3.02482630e-05 -6.38838789e-04 
 3.24070000e-09  3.24070000e-09  0.00000000e+00  3.13934796e-05 -6.39949294e-04 
 3.24150000e-09  3.24150000e-09  0.00000000e+00  3.24707360e-05 -6.46136949e-04 
 3.24250000e-09  3.24250000e-09  0.00000000e+00  3.19868934e-05 -6.53132827e-04 
 3.24350000e-09  3.24350000e-09  0.00000000e+00  2.98537958e-05 -6.72860310e-04 
 3.24450000e-09  3.24450000e-09  0.00000000e+00  2.63007936e-05 -7.01205611e-04 
 3.24550000e-09  3.24550000e-09  0.00000000e+00  2.15388204e-05 -7.42516893e-04 
 3.24650000e-09  3.24650000e-09  0.00000000e+00  1.57798263e-05 -7.91176985e-04 
 3.24750000e-09  3.24750000e-09  0.00000000e+00  9.22996338e-06 -8.51258843e-04 
 3.24850000e-09  3.24850000e-09  0.00000000e+00  2.08426502e-06 -9.16922310e-04 
 3.24950000e-09  3.24950000e-09  0.00000000e+00 -5.47718596e-06 -9.92064620e-04 
 3.25050000e-09  3.25050000e-09  0.00000000e+00 -1.32918877e-05 -1.07071472e-03 
 3.25150000e-09  3.25150000e-09  0.00000000e+00 -2.12165959e-05 -1.15668034e-03 
 3.25250000e-09  3.25250000e-09  0.00000000e+00 -2.91282560e-05 -1.24393804e-03 
 3.25350000e-09  3.25350000e-09  0.00000000e+00 -3.69243682e-05 -1.33627540e-03 
 3.25450000e-09  3.25450000e-09  0.00000000e+00 -4.45229375e-05 -1.42767574e-03 
 3.25550000e-09  3.25550000e-09  0.00000000e+00 -5.18621690e-05 -1.52195451e-03 
 3.25650000e-09  3.25650000e-09  0.00000000e+00 -5.89000615e-05 -1.61313799e-03 
 3.25750000e-09  3.25750000e-09  0.00000000e+00 -6.56139197e-05 -1.70509185e-03 
 3.25850000e-09  3.25850000e-09  0.00000000e+00 -7.19999987e-05 -1.79189393e-03 
 3.25950000e-09  3.25950000e-09  0.00000000e+00 -7.80738258e-05 -1.87746121e-03 
 3.26050000e-09  3.26050000e-09  0.00000000e+00 -8.38709090e-05 -1.95592386e-03 
 3.26150000e-09  3.26150000e-09  0.00000000e+00 -8.94435848e-05 -2.03136458e-03 
 3.26250000e-09  3.26250000e-09  0.00000000e+00 -9.48627071e-05 -2.09801321e-03 
 3.26350000e-09  3.26350000e-09  0.00000000e+00 -1.00228411e-04 -2.15987414e-03 
 3.26450000e-09  3.26450000e-09  0.00000000e+00 -1.05683169e-04 -2.21111531e-03 
 3.26550000e-09  3.26550000e-09  0.00000000e+00 -1.11434661e-04 -2.25567669e-03 
 3.26650000e-09  3.26650000e-09  0.00000000e+00 -1.17168528e-04 -2.30546276e-03 
 3.26750000e-09  3.26750000e-09  0.00000000e+00 -1.22177155e-04 -2.36973489e-03 
 3.26850000e-09  3.26850000e-09  0.00000000e+00 -1.26874942e-04 -2.43563384e-03 
 3.26950000e-09  3.26950000e-09  0.00000000e+00 -1.32902488e-04 -2.52204198e-03 
 3.27050000e-09  3.27050000e-09  0.00000000e+00 -1.39276356e-04 -2.60353200e-03 
 3.27150000e-09  3.27150000e-09  0.00000000e+00 -1.43676369e-04 -2.68330338e-03 
 3.27250000e-09  3.27250000e-09  0.00000000e+00 -1.46218138e-04 -2.76225126e-03 
 3.27350000e-09  3.27350000e-09  0.00000000e+00 -1.47045783e-04 -2.83944081e-03 
 3.27450000e-09  3.27450000e-09  0.00000000e+00 -1.46547991e-04 -2.90585649e-03 
 3.27550000e-09  3.27550000e-09  0.00000000e+00 -1.44380778e-04 -2.97370472e-03 
 3.27650000e-09  3.27650000e-09  0.00000000e+00 -1.39195143e-04 -3.04868194e-03 
 3.27750000e-09  3.27750000e-09  0.00000000e+00 -1.29744684e-04 -3.13106995e-03 
 3.27850000e-09  3.27850000e-09  0.00000000e+00 -1.15040668e-04 -3.22334440e-03 
 3.27950000e-09  3.27950000e-09  0.00000000e+00 -9.43209460e-05 -3.32582274e-03 
 3.28050000e-09  3.28050000e-09  0.00000000e+00 -6.70169986e-05 -3.43939651e-03 
 3.28150000e-09  3.28150000e-09  0.00000000e+00 -3.26451739e-05 -3.56234428e-03 
 3.28250000e-09  3.28250000e-09  0.00000000e+00  9.37799452e-06 -3.68618016e-03 
 3.28350000e-09  3.28350000e-09  0.00000000e+00  5.94791472e-05 -3.80864571e-03 
 3.28450000e-09  3.28450000e-09  0.00000000e+00  1.17727943e-04 -3.93120617e-03 
 3.28550000e-09  3.28550000e-09  0.00000000e+00  1.83998498e-04 -4.05309358e-03 
 3.28650000e-09  3.28650000e-09  0.00000000e+00  2.58006125e-04 -4.17492069e-03 
 3.28750000e-09  3.28750000e-09  0.00000000e+00  3.39344358e-04 -4.29517531e-03 
 3.28850000e-09  3.28850000e-09  0.00000000e+00  4.27519136e-04 -4.41380942e-03 
 3.28950000e-09  3.28950000e-09  0.00000000e+00  5.21981831e-04 -4.52873352e-03 
 3.29050000e-09  3.29050000e-09  0.00000000e+00  6.22161439e-04 -4.63941037e-03 
 3.29150000e-09  3.29150000e-09  0.00000000e+00  7.27475926e-04 -4.74362895e-03 
 3.29250000e-09  3.29250000e-09  0.00000000e+00  8.37346840e-04 -4.84077195e-03 
 3.29350000e-09  3.29350000e-09  0.00000000e+00  9.51239234e-04 -4.92820877e-03 
 3.29450000e-09  3.29450000e-09  0.00000000e+00  1.06869524e-03 -5.00498154e-03 
 3.29550000e-09  3.29550000e-09  0.00000000e+00  1.18935924e-03 -5.06825977e-03 
 3.29650000e-09  3.29650000e-09  0.00000000e+00  1.31300627e-03 -5.11688940e-03 
 3.29750000e-09  3.29750000e-09  0.00000000e+00  1.43957834e-03 -5.14782417e-03 
 3.29850000e-09  3.29850000e-09  0.00000000e+00  1.56923757e-03 -5.15964392e-03 
 3.29950000e-09  3.29950000e-09  0.00000000e+00  1.69971226e-03 -5.19485166e-03 
 3.30050000e-09  3.30050000e-09  0.00000000e+00  1.82875927e-03 -5.22416729e-03 
 3.30150000e-09  3.30150000e-09  0.00000000e+00  1.95777556e-03 -5.23721176e-03 
 3.30250000e-09  3.30250000e-09  0.00000000e+00  2.08994637e-03 -5.24239247e-03 
 3.30350000e-09  3.30350000e-09  0.00000000e+00  2.23119009e-03 -5.23926811e-03 
 3.30450000e-09  3.30450000e-09  0.00000000e+00  2.37674471e-03 -5.23971596e-03 
 3.30550000e-09  3.30550000e-09  0.00000000e+00  2.51649842e-03 -5.24440551e-03 
 3.30650000e-09  3.30650000e-09  0.00000000e+00  2.64870771e-03 -5.26204591e-03 
 3.30750000e-09  3.30750000e-09  0.00000000e+00  2.77224288e-03 -5.28263180e-03 
 3.30850000e-09  3.30850000e-09  0.00000000e+00  2.88685770e-03 -5.30235872e-03 
 3.30950000e-09  3.30950000e-09  0.00000000e+00  2.98917397e-03 -5.33459643e-03 
 3.31050000e-09  3.31050000e-09  0.00000000e+00  3.07086334e-03 -5.41299710e-03 
 3.31150000e-09  3.31150000e-09  0.00000000e+00  3.12304851e-03 -5.53221186e-03 
 3.31250000e-09  3.31250000e-09  0.00000000e+00  3.13813586e-03 -5.70494978e-03 
 3.31350000e-09  3.31350000e-09  0.00000000e+00  3.10963923e-03 -5.92537537e-03 
 3.31450000e-09  3.31450000e-09  0.00000000e+00  3.03208313e-03 -6.20594214e-03 
 3.31550000e-09  3.31550000e-09  0.00000000e+00  2.90089265e-03 -6.53662705e-03 
 3.31650000e-09  3.31650000e-09  0.00000000e+00  2.71178235e-03 -6.92814571e-03 
 3.31750000e-09  3.31750000e-09  0.00000000e+00  2.45555470e-03 -7.35400855e-03 
 3.31850000e-09  3.31850000e-09  0.00000000e+00  2.12431273e-03 -7.82359332e-03 
 3.31950000e-09  3.31950000e-09  0.00000000e+00  1.71652729e-03 -8.32650637e-03 
 3.32050000e-09  3.32050000e-09  0.00000000e+00  1.23179170e-03 -8.87045410e-03 
 3.32150000e-09  3.32150000e-09  0.00000000e+00  6.70428860e-04 -9.44253912e-03 
 3.32250000e-09  3.32250000e-09  0.00000000e+00  3.33106637e-05 -1.00484760e-02 
 3.32350000e-09  3.32350000e-09  0.00000000e+00 -6.78371564e-04 -1.06737776e-02 
 3.32450000e-09  3.32450000e-09  0.00000000e+00 -1.46330921e-03 -1.13228649e-02 
 3.32550000e-09  3.32550000e-09  0.00000000e+00 -2.32027878e-03 -1.19801993e-02 
 3.32650000e-09  3.32650000e-09  0.00000000e+00 -3.24833466e-03 -1.26493361e-02 
 3.32750000e-09  3.32750000e-09  0.00000000e+00 -4.24698382e-03 -1.33140028e-02 
 3.32850000e-09  3.32850000e-09  0.00000000e+00 -5.31636073e-03 -1.39771054e-02 
 3.32950000e-09  3.32950000e-09  0.00000000e+00 -6.45741286e-03 -1.46217531e-02 
 3.33050000e-09  3.33050000e-09  0.00000000e+00 -7.67199736e-03 -1.52506481e-02 
 3.33150000e-09  3.33150000e-09  0.00000000e+00 -8.96282925e-03 -1.58474184e-02 
 3.33250000e-09  3.33250000e-09  0.00000000e+00 -1.03338015e-02 -1.64140904e-02 
 3.33350000e-09  3.33350000e-09  0.00000000e+00 -1.17905740e-02 -1.69326251e-02 
 3.33450000e-09  3.33450000e-09  0.00000000e+00 -1.33410766e-02 -1.74037129e-02 
 3.33550000e-09  3.33550000e-09  0.00000000e+00 -1.49962297e-02 -1.78073918e-02 
 3.33650000e-09  3.33650000e-09  0.00000000e+00 -1.67710577e-02 -1.81414171e-02 
 3.33750000e-09  3.33750000e-09  0.00000000e+00 -1.86514095e-02 -1.85199034e-02 
 3.33850000e-09  3.33850000e-09  0.00000000e+00 -2.05764063e-02 -1.90379120e-02 
 3.33950000e-09  3.33950000e-09  0.00000000e+00 -2.25223036e-02 -1.95226797e-02 
 3.34050000e-09  3.34050000e-09  0.00000000e+00 -2.45233231e-02 -1.99847425e-02 
 3.34150000e-09  3.34150000e-09  0.00000000e+00 -2.66413865e-02 -2.03981935e-02 
 3.34250000e-09  3.34250000e-09  0.00000000e+00 -2.90356652e-02 -2.07392583e-02 
 3.34350000e-09  3.34350000e-09  0.00000000e+00 -3.16654332e-02 -2.13784478e-02 
 3.34450000e-09  3.34450000e-09  0.00000000e+00 -3.43188035e-02 -2.20919358e-02 
 3.34550000e-09  3.34550000e-09  0.00000000e+00 -3.69791191e-02 -2.27495534e-02 
 3.34650000e-09  3.34650000e-09  0.00000000e+00 -3.96452487e-02 -2.34303498e-02 
 3.34750000e-09  3.34750000e-09  0.00000000e+00 -4.23054073e-02 -2.40169780e-02 
 3.34850000e-09  3.34850000e-09  0.00000000e+00 -4.48644184e-02 -2.48259046e-02 
 3.34950000e-09  3.34950000e-09  0.00000000e+00 -4.71674075e-02 -2.57549291e-02 
 3.35050000e-09  3.35050000e-09  0.00000000e+00 -4.90625811e-02 -2.69413155e-02 
 3.35150000e-09  3.35150000e-09  0.00000000e+00 -5.04002670e-02 -2.82792164e-02 
 3.35250000e-09  3.35250000e-09  0.00000000e+00 -5.10319694e-02 -2.99020356e-02 
 3.35350000e-09  3.35350000e-09  0.00000000e+00 -5.08094082e-02 -3.16998847e-02 
 3.35450000e-09  3.35450000e-09  0.00000000e+00 -4.95835144e-02 -3.38019723e-02 
 3.35550000e-09  3.35550000e-09  0.00000000e+00 -4.71990384e-02 -3.60997101e-02 
 3.35650000e-09  3.35650000e-09  0.00000000e+00 -4.34773807e-02 -3.86509867e-02 
 3.35750000e-09  3.35750000e-09  0.00000000e+00 -3.82380384e-02 -4.12800453e-02 
 3.35850000e-09  3.35850000e-09  0.00000000e+00 -3.13198978e-02 -4.41059656e-02 
 3.35950000e-09  3.35950000e-09  0.00000000e+00 -2.25697800e-02 -4.69993790e-02 
 3.36050000e-09  3.36050000e-09  0.00000000e+00 -1.18414752e-02 -5.00696210e-02 
 3.36150000e-09  3.36150000e-09  0.00000000e+00  1.00585575e-03 -5.31803818e-02 
 3.36250000e-09  3.36250000e-09  0.00000000e+00  1.61057324e-02 -5.64358505e-02 
 3.36350000e-09  3.36350000e-09  0.00000000e+00  3.35819999e-02 -5.96966259e-02 
 3.36450000e-09  3.36450000e-09  0.00000000e+00  5.35528204e-02 -6.30639073e-02 
 3.36550000e-09  3.36550000e-09  0.00000000e+00  7.61358005e-02 -6.63964449e-02 
 3.36650000e-09  3.36650000e-09  0.00000000e+00  1.01451595e-01 -6.97961357e-02 
 3.36750000e-09  3.36750000e-09  0.00000000e+00  1.29628820e-01 -7.31251364e-02 
 3.36850000e-09  3.36850000e-09  0.00000000e+00  1.60811099e-01 -7.64911424e-02 
 3.36950000e-09  3.36950000e-09  0.00000000e+00  1.95167829e-01 -7.97667499e-02 
 3.37050000e-09  3.37050000e-09  0.00000000e+00  2.32912108e-01 -8.30798405e-02 
 3.37150000e-09  3.37150000e-09  0.00000000e+00  2.74334077e-01 -8.63437360e-02 
 3.37250000e-09  3.37250000e-09  0.00000000e+00  3.19872489e-01 -8.97796500e-02 
 3.37350000e-09  3.37350000e-09  0.00000000e+00  3.70321804e-01 -9.35865073e-02 
 3.37450000e-09  3.37450000e-09  0.00000000e+00  4.26741957e-01 -9.79002283e-02 
 3.37550000e-09  3.37550000e-09  0.00000000e+00  4.88845676e-01 -1.00937906e-01 
 3.37650000e-09  3.37650000e-09  0.00000000e+00  5.55568594e-01 -1.03762423e-01 
 3.37750000e-09  3.37750000e-09  0.00000000e+00  6.26584865e-01 -1.06473529e-01 
 3.37850000e-09  3.37850000e-09  0.00000000e+00  7.01585262e-01 -1.08950867e-01 
 3.37950000e-09  3.37950000e-09  0.00000000e+00  7.80273373e-01 -1.11331694e-01 
 3.38050000e-09  3.38050000e-09  0.00000000e+00  8.62362760e-01 -1.13491694e-01 
 3.38150000e-09  3.38150000e-09  0.00000000e+00  9.47576748e-01 -1.15542319e-01 
 3.38250000e-09  3.38250000e-09  0.00000000e+00  1.03566074e+00 -1.17368187e-01 
 3.38350000e-09  3.38350000e-09  0.00000000e+00  1.12438735e+00 -1.16066032e-01 
 3.38450000e-09  3.38450000e-09  0.00000000e+00  1.21140633e+00 -1.14115027e-01 
 3.38550000e-09  3.38550000e-09  0.00000000e+00  1.29609547e+00 -1.11454937e-01 
 3.38650000e-09  3.38650000e-09  0.00000000e+00  1.37797585e+00 -1.08428302e-01 
 3.38750000e-09  3.38750000e-09  0.00000000e+00  1.45667817e+00 -1.04907093e-01 
 3.38850000e-09  3.38850000e-09  0.00000000e+00  1.53192483e+00 -1.01201507e-01 
 3.38950000e-09  3.38950000e-09  0.00000000e+00  1.60351473e+00 -9.71559655e-02 
 3.39050000e-09  3.39050000e-09  0.00000000e+00  1.67132891e+00 -9.30845266e-02 
 3.39150000e-09  3.39150000e-09  0.00000000e+00  1.73530958e+00 -8.88028356e-02 
 3.39250000e-09  3.39250000e-09  0.00000000e+00  1.79545509e+00 -8.46157455e-02 
 3.39350000e-09  3.39350000e-09  0.00000000e+00  1.85180530e+00 -8.03113241e-02 
 3.39450000e-09  3.39450000e-09  0.00000000e+00  1.90443699e+00 -7.61848715e-02 
 3.39550000e-09  3.39550000e-09  0.00000000e+00  1.95345362e+00 -7.20067988e-02 
 3.39650000e-09  3.39650000e-09  0.00000000e+00  1.99897992e+00 -6.80619340e-02 
 3.39750000e-09  3.39750000e-09  0.00000000e+00  2.04115640e+00 -6.41102582e-02 
 3.39850000e-09  3.39850000e-09  0.00000000e+00  2.08013484e+00 -6.04274554e-02 
 3.39950000e-09  3.39950000e-09  0.00000000e+00  2.11607436e+00 -5.67655089e-02 
 3.40050000e-09  3.40050000e-09  0.00000000e+00  2.14913830e+00 -5.33931261e-02 
 3.40150000e-09  3.40150000e-09  0.00000000e+00  2.17949152e+00 -5.00562237e-02 
 3.40250000e-09  3.40250000e-09  0.00000000e+00  2.20729814e+00 -4.70227475e-02 
 3.40350000e-09  3.40350000e-09  0.00000000e+00  2.23272538e+00 -4.40301218e-02 
 3.40450000e-09  3.40450000e-09  0.00000000e+00  2.25594334e+00 -4.13331248e-02 
 3.40550000e-09  3.40550000e-09  0.00000000e+00  2.27711784e+00 -3.86681090e-02 
 3.40650000e-09  3.40650000e-09  0.00000000e+00  2.29640781e+00 -3.62900507e-02 
 3.40750000e-09  3.40750000e-09  0.00000000e+00  2.31396462e+00 -3.39333357e-02 
 3.40850000e-09  3.40850000e-09  0.00000000e+00  2.32993152e+00 -3.18514566e-02 
 3.40950000e-09  3.40950000e-09  0.00000000e+00  2.34444335e+00 -2.97777364e-02 
 3.41050000e-09  3.41050000e-09  0.00000000e+00  2.35762638e+00 -2.79649672e-02 
 3.41150000e-09  3.41150000e-09  0.00000000e+00  2.36959833e+00 -2.61460798e-02 
 3.41250000e-09  3.41250000e-09  0.00000000e+00  2.38046846e+00 -2.45737333e-02 
 3.41350000e-09  3.41350000e-09  0.00000000e+00  2.39033779e+00 -2.29809392e-02 
 3.41450000e-09  3.41450000e-09  0.00000000e+00  2.39929937e+00 -2.16206103e-02 
 3.41550000e-09  3.41550000e-09  0.00000000e+00  2.40743863e+00 -2.02261484e-02 
 3.41650000e-09  3.41650000e-09  0.00000000e+00  2.41483375e+00 -1.90509617e-02 
 3.41750000e-09  3.41750000e-09  0.00000000e+00  2.42155611e+00 -1.78290240e-02 
 3.41850000e-09  3.41850000e-09  0.00000000e+00  2.42767065e+00 -1.68143687e-02 
 3.41950000e-09  3.41950000e-09  0.00000000e+00  2.43323636e+00 -1.57416279e-02 
 3.42050000e-09  3.42050000e-09  0.00000000e+00  2.43830670e+00 -1.48655091e-02 
 3.42150000e-09  3.42150000e-09  0.00000000e+00  2.44293001e+00 -1.39213209e-02 
 3.42250000e-09  3.42250000e-09  0.00000000e+00  2.44714992e+00 -1.31644384e-02 
 3.42350000e-09  3.42350000e-09  0.00000000e+00  2.45100578e+00 -1.23308206e-02 
 3.42450000e-09  3.42450000e-09  0.00000000e+00  2.45453584e+00 -1.16774794e-02 
 3.42550000e-09  3.42550000e-09  0.00000000e+00  2.45776865e+00 -1.09373129e-02 
 3.42650000e-09  3.42650000e-09  0.00000000e+00  2.46073228e+00 -1.03718323e-02 
 3.42750000e-09  3.42750000e-09  0.00000000e+00  2.46345316e+00 -9.71423254e-03 
 3.42850000e-09  3.42850000e-09  0.00000000e+00  2.46595391e+00 -9.22455181e-03 
 3.42950000e-09  3.42950000e-09  0.00000000e+00  2.46825732e+00 -8.63819527e-03 
 3.43050000e-09  3.43050000e-09  0.00000000e+00  2.47038235e+00 -8.20082521e-03 
 3.43150000e-09  3.43150000e-09  0.00000000e+00  2.47234747e+00 -7.66892856e-03 
 3.43250000e-09  3.43250000e-09  0.00000000e+00  2.47416500e+00 -7.30232416e-03 
 3.43350000e-09  3.43350000e-09  0.00000000e+00  2.47584749e+00 -6.82476658e-03 
 3.43450000e-09  3.43450000e-09  0.00000000e+00  2.47740743e+00 -6.50205183e-03 
 3.43550000e-09  3.43550000e-09  0.00000000e+00  2.47885482e+00 -6.07265262e-03 
 3.43650000e-09  3.43650000e-09  0.00000000e+00  2.48019876e+00 -5.79499355e-03 
 3.43750000e-09  3.43750000e-09  0.00000000e+00  2.48144758e+00 -5.40774299e-03 
 3.43850000e-09  3.43850000e-09  0.00000000e+00  2.48260887e+00 -5.16952231e-03 
 3.43950000e-09  3.43950000e-09  0.00000000e+00  2.48368955e+00 -4.81918452e-03 
 3.44050000e-09  3.44050000e-09  0.00000000e+00  2.48469595e+00 -4.61552374e-03 
 3.44150000e-09  3.44150000e-09  0.00000000e+00  2.48563384e+00 -4.29755426e-03 
 3.44250000e-09  3.44250000e-09  0.00000000e+00  2.48650849e+00 -4.12422053e-03 
 3.44350000e-09  3.44350000e-09  0.00000000e+00  2.48732472e+00 -3.83467668e-03 
 3.44450000e-09  3.44450000e-09  0.00000000e+00  2.48808693e+00 -3.68799716e-03 
 3.44550000e-09  3.44550000e-09  0.00000000e+00  2.48879916e+00 -3.42345681e-03 
 3.44650000e-09  3.44650000e-09  0.00000000e+00  2.48946509e+00 -3.30024208e-03 
 3.44750000e-09  3.44750000e-09  0.00000000e+00  2.49008811e+00 -3.05773169e-03 
 3.44850000e-09  3.44850000e-09  0.00000000e+00  2.49067131e+00 -2.95520838e-03 
 3.44950000e-09  3.44950000e-09  0.00000000e+00  2.49121755e+00 -2.73214016e-03 
 3.45050000e-09  3.45050000e-09  0.00000000e+00  2.49172943e+00 -2.64789254e-03 
 3.45150000e-09  3.45150000e-09  0.00000000e+00  2.49220936e+00 -2.44201025e-03 
 3.45250000e-09  3.45250000e-09  0.00000000e+00  2.49265956e+00 -2.37392994e-03 
 3.45350000e-09  3.45350000e-09  0.00000000e+00  2.49308206e+00 -2.18326234e-03 
 3.45450000e-09  3.45450000e-09  0.00000000e+00  2.49347874e+00 -2.12950535e-03 
 3.45550000e-09  3.45550000e-09  0.00000000e+00  2.49385133e+00 -1.95232654e-03 
 3.45650000e-09  3.45650000e-09  0.00000000e+00  2.49420145e+00 -1.91127662e-03 
 3.45750000e-09  3.45750000e-09  0.00000000e+00  2.49453055e+00 -1.74607225e-03 
 3.45850000e-09  3.45850000e-09  0.00000000e+00  2.49484003e+00 -1.71630978e-03 
 3.45950000e-09  3.45950000e-09  0.00000000e+00  2.49513115e+00 -1.56174835e-03 
 3.46050000e-09  3.46050000e-09  0.00000000e+00  2.49540508e+00 -1.54202384e-03 
 3.46150000e-09  3.46150000e-09  0.00000000e+00  2.49566292e+00 -1.39693224e-03 
 3.46250000e-09  3.46250000e-09  0.00000000e+00  2.49590569e+00 -1.38614379e-03 
 3.46350000e-09  3.46350000e-09  0.00000000e+00  2.49613433e+00 -1.24948654e-03 
 3.46450000e-09  3.46450000e-09  0.00000000e+00  2.49634971e+00 -1.24666067e-03 
 3.46550000e-09  3.46550000e-09  0.00000000e+00  2.49655266e+00 -1.11752217e-03 
 3.46650000e-09  3.46650000e-09  0.00000000e+00  2.49674394e+00 -1.12179737e-03 
 3.46750000e-09  3.46750000e-09  0.00000000e+00  2.49692426e+00 -9.99366717e-04 
 3.46850000e-09  3.46850000e-09  0.00000000e+00  2.49709428e+00 -1.00997943e-03 
 3.46950000e-09  3.46950000e-09  0.00000000e+00  2.49725461e+00 -8.93537404e-04 
 3.47050000e-09  3.47050000e-09  0.00000000e+00  2.49740585e+00 -9.09809945e-04 
 3.47150000e-09  3.47150000e-09  0.00000000e+00  2.49754853e+00 -7.98717800e-04 
 3.47250000e-09  3.47250000e-09  0.00000000e+00  2.49768316e+00 -8.20047951e-04 
 3.47350000e-09  3.47350000e-09  0.00000000e+00  2.49781022e+00 -7.13737743e-04 
 3.47450000e-09  3.47450000e-09  0.00000000e+00  2.49793013e+00 -7.39589749e-04 
 3.47550000e-09  3.47550000e-09  0.00000000e+00  2.49804334e+00 -6.37555961e-04 
 3.47650000e-09  3.47650000e-09  0.00000000e+00  2.49815021e+00 -6.67452723e-04 
 3.47750000e-09  3.47750000e-09  0.00000000e+00  2.49825113e+00 -5.69244979e-04 
 3.47850000e-09  3.47850000e-09  0.00000000e+00  2.49834643e+00 -6.02761258e-04 
 3.47950000e-09  3.47950000e-09  0.00000000e+00  2.49843643e+00 -5.07977977e-04 
 3.48050000e-09  3.48050000e-09  0.00000000e+00  2.49852145e+00 -5.44734463e-04 
 3.48150000e-09  3.48150000e-09  0.00000000e+00  2.49860176e+00 -4.53017305e-04 
 3.48250000e-09  3.48250000e-09  0.00000000e+00  2.49867763e+00 -4.92675418e-04 
 3.48350000e-09  3.48350000e-09  0.00000000e+00  2.49874931e+00 -4.03704425e-04 
 3.48450000e-09  3.48450000e-09  0.00000000e+00  2.49881705e+00 -4.45961759e-04 
 3.48550000e-09  3.48550000e-09  0.00000000e+00  2.49888106e+00 -3.59451076e-04 
 3.48650000e-09  3.48650000e-09  0.00000000e+00  2.49894156e+00 -4.04037385e-04 
 3.48750000e-09  3.48750000e-09  0.00000000e+00  2.49899873e+00 -3.19731493e-04 
 3.48850000e-09  3.48850000e-09  0.00000000e+00  2.49905278e+00 -3.66405157e-04 
 3.48950000e-09  3.48950000e-09  0.00000000e+00  2.49910386e+00 -2.84075552e-04 
 3.49050000e-09  3.49050000e-09  0.00000000e+00  2.49915216e+00 -3.32620449e-04 
 3.49150000e-09  3.49150000e-09  0.00000000e+00  2.49919782e+00 -2.52062702e-04 
 3.49250000e-09  3.49250000e-09  0.00000000e+00  2.49924098e+00 -3.02285445e-04 
 3.49350000e-09  3.49350000e-09  0.00000000e+00  2.49928180e+00 -2.23316598e-04 
 3.49450000e-09  3.49450000e-09  0.00000000e+00  2.49932040e+00 -2.75044083e-04 
 3.49550000e-09  3.49550000e-09  0.00000000e+00  2.49935689e+00 -1.97500342e-04 
 3.49650000e-09  3.49650000e-09  0.00000000e+00  2.49939140e+00 -2.50577571e-04 
 3.49750000e-09  3.49750000e-09  0.00000000e+00  2.49942405e+00 -1.74312254e-04 
 3.49850000e-09  3.49850000e-09  0.00000000e+00  2.49945492e+00 -2.28600406e-04 
 3.49950000e-09  3.49950000e-09  0.00000000e+00  2.49948411e+00 -1.53482121e-04 
 3.50050000e-09  3.50050000e-09  0.00000000e+00  2.49951173e+00 -2.08856827e-04 
 3.50150000e-09  3.50150000e-09  0.00000000e+00  2.49953785e+00 -1.34767849e-04 
 3.50250000e-09  3.50250000e-09  0.00000000e+00  2.49956256e+00 -1.91117667e-04 
 3.50350000e-09  3.50350000e-09  0.00000000e+00  2.49958594e+00 -1.17952492e-04 
 3.50450000e-09  3.50450000e-09  0.00000000e+00  2.49960806e+00 -1.75177536e-04 
 3.50550000e-09  3.50550000e-09  0.00000000e+00  2.49962898e+00 -1.02841594e-04 
 3.50650000e-09  3.50650000e-09  0.00000000e+00  2.49964877e+00 -1.60852323e-04 
 3.50750000e-09  3.50750000e-09  0.00000000e+00  2.49966750e+00 -8.92608285e-05 
 3.50850000e-09  3.50850000e-09  0.00000000e+00  2.49968522e+00 -1.47976955e-04 
 3.50950000e-09  3.50950000e-09  0.00000000e+00  2.49970199e+00 -7.70538800e-05 
 3.51050000e-09  3.51050000e-09  0.00000000e+00  2.49971785e+00 -1.36403406e-04 
 3.51150000e-09  3.51150000e-09  0.00000000e+00  2.49973287e+00 -6.60805639e-05 
 3.51250000e-09  3.51250000e-09  0.00000000e+00  2.49974707e+00 -1.25998911e-04 
 3.51350000e-09  3.51350000e-09  0.00000000e+00  2.49976052e+00 -5.62151393e-05 
 3.51450000e-09  3.51450000e-09  0.00000000e+00  2.49977324e+00 -1.16644377e-04 
 3.51550000e-09  3.51550000e-09  0.00000000e+00  2.49978529e+00 -4.73448036e-05 
 3.51650000e-09  3.51650000e-09  0.00000000e+00  2.49979668e+00 -1.08232956e-04 
 3.51750000e-09  3.51750000e-09  0.00000000e+00  2.49980747e+00 -3.93683466e-05 
 3.51850000e-09  3.51850000e-09  0.00000000e+00  2.49981768e+00 -1.00668775e-04 
 3.51950000e-09  3.51950000e-09  0.00000000e+00  2.49982734e+00 -3.21949460e-05 
 3.52050000e-09  3.52050000e-09  0.00000000e+00  2.49983649e+00 -9.38657922e-05 
 3.52150000e-09  3.52150000e-09  0.00000000e+00  2.49984515e+00 -2.57430901e-05 
 3.52250000e-09  3.52250000e-09  0.00000000e+00  2.49985335e+00 -8.77467851e-05 
 3.52350000e-09  3.52350000e-09  0.00000000e+00  2.49986110e+00 -1.99396140e-05 
 3.52450000e-09  3.52450000e-09  0.00000000e+00  2.49986845e+00 -8.22424317e-05 
 3.52550000e-09  3.52550000e-09  0.00000000e+00  2.49987540e+00 -1.47188362e-05 
 3.52650000e-09  3.52650000e-09  0.00000000e+00  2.49988199e+00 -7.72904975e-05 
 3.52750000e-09  3.52750000e-09  0.00000000e+00  2.49988822e+00 -1.00217858e-05 
 3.52850000e-09  3.52850000e-09  0.00000000e+00  2.49989412e+00 -7.28351025e-05 
 3.52950000e-09  3.52950000e-09  0.00000000e+00  2.49989971e+00 -5.79551055e-06 
 3.53050000e-09  3.53050000e-09  0.00000000e+00  2.49990500e+00 -6.88260673e-05 
 3.53150000e-09  3.53150000e-09  0.00000000e+00  2.49991000e+00 -1.99245705e-06 
 3.53250000e-09  3.53250000e-09  0.00000000e+00  2.49991475e+00 -6.52183257e-05 
 3.53350000e-09  3.53350000e-09  0.00000000e+00  2.49991924e+00  1.43008497e-06 
 3.53450000e-09  3.53450000e-09  0.00000000e+00  2.49992349e+00 -6.19713991e-05 
 3.53550000e-09  3.53550000e-09  0.00000000e+00  2.49992752e+00  4.51048012e-06 
 3.53650000e-09  3.53650000e-09  0.00000000e+00  2.49993133e+00 -5.90489254e-05 
 3.53750000e-09  3.53750000e-09  0.00000000e+00  2.49993494e+00  7.28319348e-06 
 3.53850000e-09  3.53850000e-09  0.00000000e+00  2.49993836e+00 -5.64182366e-05 
 3.53950000e-09  3.53950000e-09  0.00000000e+00  2.49994160e+00  9.77919038e-06 
 3.54050000e-09  3.54050000e-09  0.00000000e+00  2.49994467e+00 -5.40499806e-05 
 3.54150000e-09  3.54150000e-09  0.00000000e+00  2.49994757e+00  1.20262948e-05 
 3.54250000e-09  3.54250000e-09  0.00000000e+00  2.49995032e+00 -5.19177813e-05 
 3.54350000e-09  3.54350000e-09  0.00000000e+00  2.49995293e+00  1.40495108e-05 
 3.54450000e-09  3.54450000e-09  0.00000000e+00  2.49995539e+00 -4.99979345e-05 
 3.54550000e-09  3.54550000e-09  0.00000000e+00  2.49995773e+00  1.58713108e-05 
 3.54650000e-09  3.54650000e-09  0.00000000e+00  2.49995995e+00 -4.82691351e-05 
 3.54750000e-09  3.54750000e-09  0.00000000e+00  2.49996204e+00  1.75118939e-05 
 3.54850000e-09  3.54850000e-09  0.00000000e+00  2.49996403e+00 -4.67122322e-05 
 3.54950000e-09  3.54950000e-09  0.00000000e+00  2.49996591e+00  1.89894176e-05 
 3.55050000e-09  3.55050000e-09  0.00000000e+00  2.49996770e+00 -4.53100094e-05 
 3.55150000e-09  3.55150000e-09  0.00000000e+00  2.49996938e+00  2.03202064e-05 
 3.55250000e-09  3.55250000e-09  0.00000000e+00  2.49997098e+00 -4.40469879e-05 
 3.55350000e-09  3.55350000e-09  0.00000000e+00  2.49997250e+00  2.15189377e-05 
 3.55450000e-09  3.55450000e-09  0.00000000e+00  2.49997394e+00 -4.29092495e-05 
 3.55550000e-09  3.55550000e-09  0.00000000e+00  2.49997530e+00  2.25988099e-05 
 3.55650000e-09  3.55650000e-09  0.00000000e+00  2.49997659e+00 -4.18842785e-05 
 3.55750000e-09  3.55750000e-09  0.00000000e+00  2.49997781e+00  2.35716919e-05 
 3.55850000e-09  3.55850000e-09  0.00000000e+00  2.49997896e+00 -4.09608185e-05 
 3.55950000e-09  3.55950000e-09  0.00000000e+00  2.49998006e+00  2.44482590e-05 
 3.56050000e-09  3.56050000e-09  0.00000000e+00  2.49998110e+00 -4.01287455e-05 
 3.56150000e-09  3.56150000e-09  0.00000000e+00  2.49998208e+00  2.52381132e-05 
 3.56250000e-09  3.56250000e-09  0.00000000e+00  2.49998302e+00 -3.93789523e-05 
 3.56350000e-09  3.56350000e-09  0.00000000e+00  2.49998390e+00  2.59498921e-05 
 3.56450000e-09  3.56450000e-09  0.00000000e+00  2.49998474e+00 -3.87032464e-05 
 3.56550000e-09  3.56550000e-09  0.00000000e+00  2.49998553e+00  2.65913666e-05 
 3.56650000e-09  3.56650000e-09  0.00000000e+00  2.49998628e+00 -3.80942565e-05 
 3.56750000e-09  3.56750000e-09  0.00000000e+00  2.49998700e+00  2.71695286e-05 
 3.56850000e-09  3.56850000e-09  0.00000000e+00  2.49998767e+00 -3.75453505e-05 
 3.56950000e-09  3.56950000e-09  0.00000000e+00  2.49998831e+00  2.76906696e-05 
 3.57050000e-09  3.57050000e-09  0.00000000e+00  2.49998892e+00 -3.70505601e-05 
 3.57150000e-09  3.57150000e-09  0.00000000e+00  2.49998949e+00  2.81604514e-05 
 3.57250000e-09  3.57250000e-09  0.00000000e+00  2.49999004e+00 -3.66045140e-05 
 3.57350000e-09  3.57350000e-09  0.00000000e+00  2.49999055e+00  2.85839695e-05 
 3.57450000e-09  3.57450000e-09  0.00000000e+00  2.49999104e+00 -3.62023781e-05 
 3.57550000e-09  3.57550000e-09  0.00000000e+00  2.49999151e+00  2.89658103e-05 
 3.57650000e-09  3.57650000e-09  0.00000000e+00  2.49999195e+00 -3.58398009e-05 
 3.57750000e-09  3.57750000e-09  0.00000000e+00  2.49999236e+00  2.93101025e-05 
 3.57850000e-09  3.57850000e-09  0.00000000e+00  2.49999276e+00 -3.55128653e-05 
 3.57950000e-09  3.57950000e-09  0.00000000e+00  2.49999313e+00  2.96205626e-05 
 3.58050000e-09  3.58050000e-09  0.00000000e+00  2.49999349e+00 -3.52180446e-05 
 3.58150000e-09  3.58150000e-09  0.00000000e+00  2.49999382e+00  2.99005371e-05 
 3.58250000e-09  3.58250000e-09  0.00000000e+00  2.49999414e+00 -3.49521637e-05 
 3.58350000e-09  3.58350000e-09  0.00000000e+00  2.49999445e+00  3.01530388e-05 
 3.58450000e-09  3.58450000e-09  0.00000000e+00  2.49999473e+00 -3.47123634e-05 
 3.58550000e-09  3.58550000e-09  0.00000000e+00  2.49999500e+00  3.03807809e-05 
 3.58650000e-09  3.58650000e-09  0.00000000e+00  2.49999526e+00 -3.44960690e-05 
 3.58750000e-09  3.58750000e-09  0.00000000e+00  2.49999551e+00  3.05862068e-05 
 3.58850000e-09  3.58850000e-09  0.00000000e+00  2.49999574e+00 -3.43009617e-05 
 3.58950000e-09  3.58950000e-09  0.00000000e+00  2.49999596e+00  3.07715172e-05 
 3.59050000e-09  3.59050000e-09  0.00000000e+00  2.49999617e+00 -3.41249530e-05 
 3.59150000e-09  3.59150000e-09  0.00000000e+00  2.49999636e+00  3.09386942e-05 
 3.59250000e-09  3.59250000e-09  0.00000000e+00  2.49999655e+00 -3.39661616e-05 
 3.59350000e-09  3.59350000e-09  0.00000000e+00  2.49999673e+00  3.10895234e-05 
 3.59450000e-09  3.59450000e-09  0.00000000e+00  2.49999690e+00 -3.38228928e-05 
 3.59550000e-09  3.59550000e-09  0.00000000e+00  2.49999706e+00  3.12256133e-05 
 3.59650000e-09  3.59650000e-09  0.00000000e+00  2.49999721e+00 -3.36936197e-05 
 3.59750000e-09  3.59750000e-09  0.00000000e+00  2.49999735e+00  3.13484132e-05 
 3.59850000e-09  3.59850000e-09  0.00000000e+00  2.49999749e+00 -3.35769668e-05 
 3.59950000e-09  3.59950000e-09  0.00000000e+00  2.49999762e+00  3.14592288e-05 
 3.60050000e-09  3.60050000e-09  0.00000000e+00  2.49999774e+00 -3.34716945e-05 
 3.60150000e-09  3.60150000e-09  0.00000000e+00  2.49999785e+00  3.15592369e-05 
 3.60250000e-09  3.60250000e-09  0.00000000e+00  2.49999796e+00 -3.33766858e-05 
 3.60350000e-09  3.60350000e-09  0.00000000e+00  2.49999807e+00  3.16494978e-05 
 3.60450000e-09  3.60450000e-09  0.00000000e+00  2.49999817e+00 -3.32909339e-05 
 3.60550000e-09  3.60550000e-09  0.00000000e+00  2.49999826e+00  3.17309672e-05 
 3.60650000e-09  3.60650000e-09  0.00000000e+00  2.49999835e+00 -3.32135317e-05 
 3.60750000e-09  3.60750000e-09  0.00000000e+00  2.49999843e+00  3.18045065e-05 
 3.60850000e-09  3.60850000e-09  0.00000000e+00  2.49999851e+00 -3.31436613e-05 
 3.60950000e-09  3.60950000e-09  0.00000000e+00  2.49999859e+00  3.18708923e-05 
 3.61050000e-09  3.61050000e-09  0.00000000e+00  2.49999866e+00 -3.30805854e-05 
 3.61150000e-09  3.61150000e-09  0.00000000e+00  2.49999873e+00  3.19308243e-05 
 3.61250000e-09  3.61250000e-09  0.00000000e+00  2.49999880e+00 -3.30236395e-05 
 3.61350000e-09  3.61350000e-09  0.00000000e+00  2.49999886e+00  3.19849337e-05 
 3.61450000e-09  3.61450000e-09  0.00000000e+00  2.49999892e+00 -3.29722244e-05 
 3.61550000e-09  3.61550000e-09  0.00000000e+00  2.49999897e+00  3.20337894e-05 
 3.61650000e-09  3.61650000e-09  0.00000000e+00  2.49999902e+00 -3.29257999e-05 
 3.61750000e-09  3.61750000e-09  0.00000000e+00  2.49999907e+00  3.20779045e-05 
 3.61850000e-09  3.61850000e-09  0.00000000e+00  2.49999912e+00 -3.28838787e-05 
 3.61950000e-09  3.61950000e-09  0.00000000e+00  2.49999917e+00  3.21177415e-05 
 3.62050000e-09  3.62050000e-09  0.00000000e+00  2.49999921e+00 -3.28460216e-05 
 3.62150000e-09  3.62150000e-09  0.00000000e+00  2.49999925e+00  3.21537177e-05 
 3.62250000e-09  3.62250000e-09  0.00000000e+00  2.49999929e+00 -3.28118324e-05 
 3.62350000e-09  3.62350000e-09  0.00000000e+00  2.49999932e+00  3.21862093e-05 
 3.62450000e-09  3.62450000e-09  0.00000000e+00  2.49999936e+00 -3.27809536e-05 
 3.62550000e-09  3.62550000e-09  0.00000000e+00  2.49999939e+00  3.22155557e-05 
 3.62650000e-09  3.62650000e-09  0.00000000e+00  2.49999942e+00 -3.27530631e-05 
 3.62750000e-09  3.62750000e-09  0.00000000e+00  2.49999945e+00  3.22420631e-05 
 3.62850000e-09  3.62850000e-09  0.00000000e+00  2.49999948e+00 -3.27278700e-05 
 3.62950000e-09  3.62950000e-09  0.00000000e+00  2.49999950e+00  3.22660075e-05 
 3.63050000e-09  3.63050000e-09  0.00000000e+00  2.49999953e+00 -3.27051120e-05 
 3.63150000e-09  3.63150000e-09  0.00000000e+00  2.49999955e+00  3.22876382e-05 
 3.63250000e-09  3.63250000e-09  0.00000000e+00  2.49999958e+00 -3.26845525e-05 
 3.63350000e-09  3.63350000e-09  0.00000000e+00  2.49999960e+00  3.23071799e-05 
 3.63450000e-09  3.63450000e-09  0.00000000e+00  2.49999962e+00 -3.26659779e-05 
 3.63550000e-09  3.63550000e-09  0.00000000e+00  2.49999964e+00  3.23248354e-05 
 3.63650000e-09  3.63650000e-09  0.00000000e+00  2.49999966e+00 -3.26491957e-05 
 3.63750000e-09  3.63750000e-09  0.00000000e+00  2.49999967e+00  3.23407877e-05 
 3.63850000e-09  3.63850000e-09  0.00000000e+00  2.49999969e+00 -3.26340319e-05 
 3.63950000e-09  3.63950000e-09  0.00000000e+00  2.49999971e+00  3.23552021e-05 
 3.64050000e-09  3.64050000e-09  0.00000000e+00  2.49999972e+00 -3.26203297e-05 
 3.64150000e-09  3.64150000e-09  0.00000000e+00  2.49999973e+00  3.23682275e-05 
 3.64250000e-09  3.64250000e-09  0.00000000e+00  2.49999975e+00 -3.26079475e-05 
 3.64350000e-09  3.64350000e-09  0.00000000e+00  2.49999976e+00  3.23799986e-05 
 3.64450000e-09  3.64450000e-09  0.00000000e+00  2.49999977e+00 -3.25967574e-05 
 3.64550000e-09  3.64550000e-09  0.00000000e+00  2.49999978e+00  3.23906366e-05 
 3.64650000e-09  3.64650000e-09  0.00000000e+00  2.49999980e+00 -3.25866441e-05 
 3.64750000e-09  3.64750000e-09  0.00000000e+00  2.49999981e+00  3.24002512e-05 
 3.64850000e-09  3.64850000e-09  0.00000000e+00  2.49999982e+00 -3.25775034e-05 
 3.64950000e-09  3.64950000e-09  0.00000000e+00  2.49999982e+00  3.24089414e-05 
 3.65050000e-09  3.65050000e-09  0.00000000e+00  2.49999983e+00 -3.25692414e-05 
 3.65150000e-09  3.65150000e-09  0.00000000e+00  2.49999984e+00  3.24167964e-05 
 3.65250000e-09  3.65250000e-09  0.00000000e+00  2.49999985e+00 -3.25617731e-05 
 3.65350000e-09  3.65350000e-09  0.00000000e+00  2.49999986e+00  3.24238970e-05 
 3.65450000e-09  3.65450000e-09  0.00000000e+00  2.49999986e+00 -3.25550220e-05 
 3.65550000e-09  3.65550000e-09  0.00000000e+00  2.49999987e+00  3.24303160e-05 
 3.65650000e-09  3.65650000e-09  0.00000000e+00  2.49999988e+00 -3.25489188e-05 
 3.65750000e-09  3.65750000e-09  0.00000000e+00  2.49999988e+00  3.24361190e-05 
 3.65850000e-09  3.65850000e-09  0.00000000e+00  2.49999989e+00 -3.25434011e-05 
 3.65950000e-09  3.65950000e-09  0.00000000e+00  2.49999990e+00  3.24413656e-05 
 3.66050000e-09  3.66050000e-09  0.00000000e+00  2.49999990e+00 -3.25384123e-05 
 3.66150000e-09  3.66150000e-09  0.00000000e+00  2.49999991e+00  3.24461092e-05 
 3.66250000e-09  3.66250000e-09  0.00000000e+00  2.49999991e+00 -3.25339017e-05 
 3.66350000e-09  3.66350000e-09  0.00000000e+00  2.49999991e+00  3.24503984e-05 
 3.66450000e-09  3.66450000e-09  0.00000000e+00  2.49999992e+00 -3.25298230e-05 
 3.66550000e-09  3.66550000e-09  0.00000000e+00  2.49999992e+00  3.24542769e-05 
 3.66650000e-09  3.66650000e-09  0.00000000e+00  2.49999993e+00 -3.25261349e-05 
 3.66750000e-09  3.66750000e-09  0.00000000e+00  2.49999993e+00  3.24577841e-05 
 3.66850000e-09  3.66850000e-09  0.00000000e+00  2.49999993e+00 -3.25227996e-05 
 3.66950000e-09  3.66950000e-09  0.00000000e+00  2.49999994e+00  3.24609559e-05 
 3.67050000e-09  3.67050000e-09  0.00000000e+00  2.49999994e+00 -3.25197833e-05 
 3.67150000e-09  3.67150000e-09  0.00000000e+00  2.49999994e+00  3.24638243e-05 
 3.67250000e-09  3.67250000e-09  0.00000000e+00  2.49999995e+00 -3.25170554e-05 
 3.67350000e-09  3.67350000e-09  0.00000000e+00  2.49999995e+00  3.24664187e-05 
 3.67450000e-09  3.67450000e-09  0.00000000e+00  2.49999995e+00 -3.25145881e-05 
 3.67550000e-09  3.67550000e-09  0.00000000e+00  2.49999995e+00  3.24687651e-05 
 3.67650000e-09  3.67650000e-09  0.00000000e+00  2.49999996e+00 -3.25123564e-05 
 3.67750000e-09  3.67750000e-09  0.00000000e+00  2.49999996e+00  3.24708876e-05 
 3.67850000e-09  3.67850000e-09  0.00000000e+00  2.49999996e+00 -3.25103378e-05 
 3.67950000e-09  3.67950000e-09  0.00000000e+00  2.49999996e+00  3.24728075e-05 
 3.68050000e-09  3.68050000e-09  0.00000000e+00  2.49999996e+00 -3.25085118e-05 
 3.68150000e-09  3.68150000e-09  0.00000000e+00  2.49999997e+00  3.24745442e-05 
 3.68250000e-09  3.68250000e-09  0.00000000e+00  2.49999997e+00 -3.25068600e-05 
 3.68350000e-09  3.68350000e-09  0.00000000e+00  2.49999997e+00  3.24761153e-05 
 3.68450000e-09  3.68450000e-09  0.00000000e+00  2.49999997e+00 -3.25053656e-05 
 3.68550000e-09  3.68550000e-09  0.00000000e+00  2.49999997e+00  3.24775367e-05 
 3.68650000e-09  3.68650000e-09  0.00000000e+00  2.49999997e+00 -3.25040136e-05 
 3.68750000e-09  3.68750000e-09  0.00000000e+00  2.49999998e+00  3.24788227e-05 
 3.68850000e-09  3.68850000e-09  0.00000000e+00  2.49999998e+00 -3.25027904e-05 
 3.68950000e-09  3.68950000e-09  0.00000000e+00  2.49999998e+00  3.24799862e-05 
 3.69050000e-09  3.69050000e-09  0.00000000e+00  2.49999998e+00 -3.25016836e-05 
 3.69150000e-09  3.69150000e-09  0.00000000e+00  2.49999998e+00  3.24810390e-05 
 3.69250000e-09  3.69250000e-09  0.00000000e+00  2.49999998e+00 -3.25006822e-05 
 3.69350000e-09  3.69350000e-09  0.00000000e+00  2.49999998e+00  3.24819916e-05 
 3.69450000e-09  3.69450000e-09  0.00000000e+00  2.49999998e+00 -3.24997760e-05 
 3.69550000e-09  3.69550000e-09  0.00000000e+00  2.49999998e+00  3.24828536e-05 
 3.69650000e-09  3.69650000e-09  0.00000000e+00  2.49999998e+00 -3.24989560e-05 
 3.69750000e-09  3.69750000e-09  0.00000000e+00  2.49999999e+00  3.24836337e-05 
 3.69850000e-09  3.69850000e-09  0.00000000e+00  2.49999999e+00 -3.24982139e-05 
 3.69950000e-09  3.69950000e-09  0.00000000e+00  2.49999999e+00  3.24843397e-05 
 3.70050000e-09  3.70050000e-09  0.00000000e+00  2.49999999e+00 -3.24975423e-05 
 3.70150000e-09  3.70150000e-09  0.00000000e+00  2.49999999e+00  3.24849786e-05 
 3.70250000e-09  3.70250000e-09  0.00000000e+00  2.49999999e+00 -3.24969345e-05 
 3.70350000e-09  3.70350000e-09  0.00000000e+00  2.49999999e+00  3.24855568e-05 
 3.70450000e-09  3.70450000e-09  0.00000000e+00  2.49999999e+00 -3.24963844e-05 
 3.70550000e-09  3.70550000e-09  0.00000000e+00  2.49999999e+00  3.24860801e-05 
 3.70650000e-09  3.70650000e-09  0.00000000e+00  2.49999999e+00 -3.24958865e-05 
 3.70750000e-09  3.70750000e-09  0.00000000e+00  2.49999999e+00  3.24865538e-05 
 3.70850000e-09  3.70850000e-09  0.00000000e+00  2.49999999e+00 -3.24954359e-05 
 3.70950000e-09  3.70950000e-09  0.00000000e+00  2.49999999e+00  3.24869826e-05 
 3.71050000e-09  3.71050000e-09  0.00000000e+00  2.49999999e+00 -3.24950279e-05 
 3.71150000e-09  3.71150000e-09  0.00000000e+00  2.49999999e+00  3.24873708e-05 
 3.71250000e-09  3.71250000e-09  0.00000000e+00  2.49999999e+00 -3.24946586e-05 
 3.71350000e-09  3.71350000e-09  0.00000000e+00  2.49999999e+00  3.24877221e-05 
 3.71450000e-09  3.71450000e-09  0.00000000e+00  2.49999999e+00 -3.24943243e-05 
 3.71550000e-09  3.71550000e-09  0.00000000e+00  2.49999999e+00  3.24880402e-05 
 3.71650000e-09  3.71650000e-09  0.00000000e+00  2.49999999e+00 -3.24940217e-05 
 3.71750000e-09  3.71750000e-09  0.00000000e+00  2.49999999e+00  3.24883282e-05 
 3.71850000e-09  3.71850000e-09  0.00000000e+00  2.49999999e+00 -3.24937477e-05 
 3.71950000e-09  3.71950000e-09  0.00000000e+00  2.50000000e+00  3.24885889e-05 
 3.72050000e-09  3.72050000e-09  0.00000000e+00  2.50000000e+00 -3.24934996e-05 
 3.72150000e-09  3.72150000e-09  0.00000000e+00  2.50000000e+00  3.24888249e-05 
 3.72250000e-09  3.72250000e-09  0.00000000e+00  2.50000000e+00 -3.24932750e-05 
 3.72350000e-09  3.72350000e-09  0.00000000e+00  2.50000000e+00  3.24890386e-05 
 3.72450000e-09  3.72450000e-09  0.00000000e+00  2.50000000e+00 -3.24930717e-05 
 3.72550000e-09  3.72550000e-09  0.00000000e+00  2.50000000e+00  3.24892321e-05 
 3.72650000e-09  3.72650000e-09  0.00000000e+00  2.50000000e+00 -3.24928875e-05 
 3.72750000e-09  3.72750000e-09  0.00000000e+00  2.50000000e+00  3.24894073e-05 
 3.72850000e-09  3.72850000e-09  0.00000000e+00  2.50000000e+00 -3.24927208e-05 
 3.72950000e-09  3.72950000e-09  0.00000000e+00  2.50000000e+00  3.24895660e-05 
 3.73050000e-09  3.73050000e-09  0.00000000e+00  2.50000000e+00 -3.24925698e-05 
 3.73150000e-09  3.73150000e-09  0.00000000e+00  2.50000000e+00  3.24897097e-05 
 3.73250000e-09  3.73250000e-09  0.00000000e+00  2.50000000e+00 -3.24924331e-05 
 3.73350000e-09  3.73350000e-09  0.00000000e+00  2.50000000e+00  3.24898398e-05 
 3.73450000e-09  3.73450000e-09  0.00000000e+00  2.50000000e+00 -3.24923093e-05 
 3.73550000e-09  3.73550000e-09  0.00000000e+00  2.50000000e+00  3.24899576e-05 
 3.73650000e-09  3.73650000e-09  0.00000000e+00  2.50000000e+00 -3.24921972e-05 
 3.73750000e-09  3.73750000e-09  0.00000000e+00  2.50000000e+00  3.24900643e-05 
 3.73850000e-09  3.73850000e-09  0.00000000e+00  2.50000000e+00 -3.24920956e-05 
 3.73950000e-09  3.73950000e-09  0.00000000e+00  2.50000000e+00  3.24901610e-05 
 3.74050000e-09  3.74050000e-09  0.00000000e+00  2.50000000e+00 -3.24920036e-05 
 3.74150000e-09  3.74150000e-09  0.00000000e+00  2.50000000e+00  3.24902485e-05 
 3.74250000e-09  3.74250000e-09  0.00000000e+00  2.50000000e+00 -3.24919203e-05 
 3.74350000e-09  3.74350000e-09  0.00000000e+00  2.50000000e+00  3.24903278e-05 
 3.74450000e-09  3.74450000e-09  0.00000000e+00  2.50000000e+00 -3.24918449e-05 
 3.74550000e-09  3.74550000e-09  0.00000000e+00  2.50000000e+00  3.24903996e-05 
 3.74650000e-09  3.74650000e-09  0.00000000e+00  2.50000000e+00 -3.24917765e-05 
 3.74750000e-09  3.74750000e-09  0.00000000e+00  2.50000000e+00  3.24904646e-05 
 3.74850000e-09  3.74850000e-09  0.00000000e+00  2.50000000e+00 -3.24917146e-05 
 3.74950000e-09  3.74950000e-09  0.00000000e+00  2.50000000e+00  3.24905236e-05 
 3.75050000e-09  3.75050000e-09  0.00000000e+00  2.50000000e+00 -3.24916585e-05 
 3.75150000e-09  3.75150000e-09  0.00000000e+00  2.50000000e+00  3.24905769e-05 
 3.75250000e-09  3.75250000e-09  0.00000000e+00  2.50000000e+00 -3.24916077e-05 
 3.75350000e-09  3.75350000e-09  0.00000000e+00  2.50000000e+00  3.24906253e-05 
 3.75450000e-09  3.75450000e-09  0.00000000e+00  2.50000000e+00 -3.24915617e-05 
 3.75550000e-09  3.75550000e-09  0.00000000e+00  2.50000000e+00  3.24906691e-05 
 3.75650000e-09  3.75650000e-09  0.00000000e+00  2.50000000e+00 -3.24915200e-05 
 3.75750000e-09  3.75750000e-09  0.00000000e+00  2.50000000e+00  3.24907088e-05 
 3.75850000e-09  3.75850000e-09  0.00000000e+00  2.50000000e+00 -3.24914822e-05 
 3.75950000e-09  3.75950000e-09  0.00000000e+00  2.50000000e+00  3.24907447e-05 
 3.76050000e-09  3.76050000e-09  0.00000000e+00  2.50000000e+00 -3.24914480e-05 
 3.76150000e-09  3.76150000e-09  0.00000000e+00  2.50000000e+00  3.24907773e-05 
 3.76250000e-09  3.76250000e-09  0.00000000e+00  2.50000000e+00 -3.24914170e-05 
 3.76350000e-09  3.76350000e-09  0.00000000e+00  2.50000000e+00  3.24908068e-05 
 3.76450000e-09  3.76450000e-09  0.00000000e+00  2.50000000e+00 -3.24913889e-05 
 3.76550000e-09  3.76550000e-09  0.00000000e+00  2.50000000e+00  3.24908335e-05 
 3.76650000e-09  3.76650000e-09  0.00000000e+00  2.50000000e+00 -3.24913635e-05 
 3.76750000e-09  3.76750000e-09  0.00000000e+00  2.50000000e+00  3.24908578e-05 
 3.76850000e-09  3.76850000e-09  0.00000000e+00  2.50000000e+00 -3.24913404e-05 
 3.76950000e-09  3.76950000e-09  0.00000000e+00  2.50000000e+00  3.24908797e-05 
 3.77050000e-09  3.77050000e-09  0.00000000e+00  2.50000000e+00 -3.24913195e-05 
 3.77150000e-09  3.77150000e-09  0.00000000e+00  2.50000000e+00  3.24908996e-05 
 3.77250000e-09  3.77250000e-09  0.00000000e+00  2.50000000e+00 -3.24913006e-05 
 3.77350000e-09  3.77350000e-09  0.00000000e+00  2.50000000e+00  3.24909176e-05 
 3.77450000e-09  3.77450000e-09  0.00000000e+00  2.50000000e+00 -3.24912834e-05 
 3.77550000e-09  3.77550000e-09  0.00000000e+00  2.50000000e+00  3.24909340e-05 
 3.77650000e-09  3.77650000e-09  0.00000000e+00  2.50000000e+00 -3.24912679e-05 
 3.77750000e-09  3.77750000e-09  0.00000000e+00  2.50000000e+00  3.24909488e-05 
 3.77850000e-09  3.77850000e-09  0.00000000e+00  2.50000000e+00 -3.24912538e-05 
 3.77950000e-09  3.77950000e-09  0.00000000e+00  2.50000000e+00  3.24909622e-05 
 3.78050000e-09  3.78050000e-09  0.00000000e+00  2.50000000e+00 -3.24912410e-05 
 3.78150000e-09  3.78150000e-09  0.00000000e+00  2.50000000e+00  3.24909743e-05 
 3.78250000e-09  3.78250000e-09  0.00000000e+00  2.50000000e+00 -3.24912294e-05 
 3.78350000e-09  3.78350000e-09  0.00000000e+00  2.50000000e+00  3.24909854e-05 
 3.78450000e-09  3.78450000e-09  0.00000000e+00  2.50000000e+00 -3.24912190e-05 
 3.78550000e-09  3.78550000e-09  0.00000000e+00  2.50000000e+00  3.24909953e-05 
 3.78650000e-09  3.78650000e-09  0.00000000e+00  2.50000000e+00 -3.24912095e-05 
 3.78750000e-09  3.78750000e-09  0.00000000e+00  2.50000000e+00  3.24910044e-05 
 3.78850000e-09  3.78850000e-09  0.00000000e+00  2.50000000e+00 -3.24912008e-05 
 3.78950000e-09  3.78950000e-09  0.00000000e+00  2.50000000e+00  3.24910126e-05 
 3.79050000e-09  3.79050000e-09  0.00000000e+00  2.50000000e+00 -3.24911930e-05 
 3.79150000e-09  3.79150000e-09  0.00000000e+00  2.50000000e+00  3.24910200e-05 
 3.79250000e-09  3.79250000e-09  0.00000000e+00  2.50000000e+00 -3.24911860e-05 
 3.79350000e-09  3.79350000e-09  0.00000000e+00  2.50000000e+00  3.24910268e-05 
 3.79450000e-09  3.79450000e-09  0.00000000e+00  2.50000000e+00 -3.24911795e-05 
 3.79550000e-09  3.79550000e-09  0.00000000e+00  2.50000000e+00  3.24910329e-05 
 3.79650000e-09  3.79650000e-09  0.00000000e+00  2.50000000e+00 -3.24911737e-05 
 3.79750000e-09  3.79750000e-09  0.00000000e+00  2.50000000e+00  3.24910384e-05 
 3.79850000e-09  3.79850000e-09  0.00000000e+00  2.50000000e+00 -3.24911685e-05 
 3.79950000e-09  3.79950000e-09  0.00000000e+00  2.50000000e+00  3.24910434e-05 
 3.80050000e-09  3.80050000e-09  0.00000000e+00  2.50000000e+00 -3.24911637e-05 
 3.80150000e-09  3.80150000e-09  0.00000000e+00  2.50000000e+00  3.24910480e-05 
 3.80250000e-09  3.80250000e-09  0.00000000e+00  2.50000000e+00 -3.24911593e-05 
 3.80350000e-09  3.80350000e-09  0.00000000e+00  2.50000000e+00  3.24910521e-05 
 3.80450000e-09  3.80450000e-09  0.00000000e+00  2.50000000e+00 -3.24911554e-05 
 3.80550000e-09  3.80550000e-09  0.00000000e+00  2.50000000e+00  3.24910558e-05 
 3.80650000e-09  3.80650000e-09  0.00000000e+00  2.50000000e+00 -3.24911519e-05 
 3.80750000e-09  3.80750000e-09  0.00000000e+00  2.50000000e+00  3.24910592e-05 
 3.80850000e-09  3.80850000e-09  0.00000000e+00  2.50000000e+00 -3.24911486e-05 
 3.80950000e-09  3.80950000e-09  0.00000000e+00  2.50000000e+00  3.24910623e-05 
 3.81050000e-09  3.81050000e-09  0.00000000e+00  2.50000000e+00 -3.24911457e-05 
 3.81150000e-09  3.81150000e-09  0.00000000e+00  2.50000000e+00  3.24910651e-05 
 3.81250000e-09  3.81250000e-09  0.00000000e+00  2.50000000e+00 -3.24911431e-05 
 3.81350000e-09  3.81350000e-09  0.00000000e+00  2.50000000e+00  3.24910676e-05 
 3.81450000e-09  3.81450000e-09  0.00000000e+00  2.50000000e+00 -3.24911406e-05 
 3.81550000e-09  3.81550000e-09  0.00000000e+00  2.50000000e+00  3.24910699e-05 
 3.81650000e-09  3.81650000e-09  0.00000000e+00  2.50000000e+00 -3.24911385e-05 
 3.81750000e-09  3.81750000e-09  0.00000000e+00  2.50000000e+00  3.24910720e-05 
 3.81850000e-09  3.81850000e-09  0.00000000e+00  2.50000000e+00 -3.24911365e-05 
 3.81950000e-09  3.81950000e-09  0.00000000e+00  2.50000000e+00  3.24910739e-05 
 3.82050000e-09  3.82050000e-09  0.00000000e+00  2.50000000e+00 -3.24911347e-05 
 3.82150000e-09  3.82150000e-09  0.00000000e+00  2.50000000e+00  3.24910756e-05 
 3.82250000e-09  3.82250000e-09  0.00000000e+00  2.50000000e+00 -3.24911331e-05 
 3.82350000e-09  3.82350000e-09  0.00000000e+00  2.50000000e+00  3.24910771e-05 
 3.82450000e-09  3.82450000e-09  0.00000000e+00  2.50000000e+00 -3.24911316e-05 
 3.82550000e-09  3.82550000e-09  0.00000000e+00  2.50000000e+00  3.24910785e-05 
 3.82650000e-09  3.82650000e-09  0.00000000e+00  2.50000000e+00 -3.24911303e-05 
 3.82750000e-09  3.82750000e-09  0.00000000e+00  2.50000000e+00  3.24910798e-05 
 3.82850000e-09  3.82850000e-09  0.00000000e+00  2.50000000e+00 -3.24911291e-05 
 3.82950000e-09  3.82950000e-09  0.00000000e+00  2.50000000e+00  3.24910809e-05 
 3.83050000e-09  3.83050000e-09  0.00000000e+00  2.50000000e+00 -3.24911280e-05 
 3.83150000e-09  3.83150000e-09  0.00000000e+00  2.50000000e+00  3.24910820e-05 
 3.83250000e-09  3.83250000e-09  0.00000000e+00  2.50000000e+00 -3.24911270e-05 
 3.83350000e-09  3.83350000e-09  0.00000000e+00  2.50000000e+00  3.24910829e-05 
 3.83450000e-09  3.83450000e-09  0.00000000e+00  2.50000000e+00 -3.24911261e-05 
 3.83550000e-09  3.83550000e-09  0.00000000e+00  2.50000000e+00  3.24910838e-05 
 3.83650000e-09  3.83650000e-09  0.00000000e+00  2.50000000e+00 -3.24911252e-05 
 3.83750000e-09  3.83750000e-09  0.00000000e+00  2.50000000e+00  3.24910846e-05 
 3.83850000e-09  3.83850000e-09  0.00000000e+00  2.50000000e+00 -3.24911245e-05 
 3.83950000e-09  3.83950000e-09  0.00000000e+00  2.50000000e+00  3.24910853e-05 
 3.84050000e-09  3.84050000e-09  0.00000000e+00  2.50000000e+00 -3.24911238e-05 
 3.84150000e-09  3.84150000e-09  0.00000000e+00  2.50000000e+00  3.24910859e-05 
 3.84250000e-09  3.84250000e-09  0.00000000e+00  2.50000000e+00 -3.24911232e-05 
 3.84350000e-09  3.84350000e-09  0.00000000e+00  2.50000000e+00  3.24910865e-05 
 3.84450000e-09  3.84450000e-09  0.00000000e+00  2.50000000e+00 -3.24911227e-05 
 3.84550000e-09  3.84550000e-09  0.00000000e+00  2.50000000e+00  3.24910870e-05 
 3.84650000e-09  3.84650000e-09  0.00000000e+00  2.50000000e+00 -3.24911222e-05 
 3.84750000e-09  3.84750000e-09  0.00000000e+00  2.50000000e+00  3.24910875e-05 
 3.84850000e-09  3.84850000e-09  0.00000000e+00  2.50000000e+00 -3.24911217e-05 
 3.84950000e-09  3.84950000e-09  0.00000000e+00  2.50000000e+00  3.24910879e-05 
 3.85050000e-09  3.85050000e-09  0.00000000e+00  2.50000000e+00 -3.24911213e-05 
 3.85150000e-09  3.85150000e-09  0.00000000e+00  2.50000000e+00  3.24910883e-05 
 3.85250000e-09  3.85250000e-09  0.00000000e+00  2.50000000e+00 -3.24911209e-05 
 3.85350000e-09  3.85350000e-09  0.00000000e+00  2.50000000e+00  3.24910887e-05 
 3.85450000e-09  3.85450000e-09  0.00000000e+00  2.50000000e+00 -3.24911206e-05 
 3.85550000e-09  3.85550000e-09  0.00000000e+00  2.50000000e+00  3.24910890e-05 
 3.85650000e-09  3.85650000e-09  0.00000000e+00  2.50000000e+00 -3.24911203e-05 
 3.85750000e-09  3.85750000e-09  0.00000000e+00  2.50000000e+00  3.24910893e-05 
 3.85850000e-09  3.85850000e-09  0.00000000e+00  2.50000000e+00 -3.24911200e-05 
 3.85950000e-09  3.85950000e-09  0.00000000e+00  2.50000000e+00  3.24910896e-05 
 3.86050000e-09  3.86050000e-09  0.00000000e+00  2.50000000e+00 -3.24911197e-05 
 3.86150000e-09  3.86150000e-09  0.00000000e+00  2.50000000e+00  3.24910898e-05 
 3.86250000e-09  3.86250000e-09  0.00000000e+00  2.50000000e+00 -3.24911195e-05 
 3.86350000e-09  3.86350000e-09  0.00000000e+00  2.50000000e+00  3.24910900e-05 
 3.86450000e-09  3.86450000e-09  0.00000000e+00  2.50000000e+00 -3.24911193e-05 
 3.86550000e-09  3.86550000e-09  0.00000000e+00  2.50000000e+00  3.24910902e-05 
 3.86650000e-09  3.86650000e-09  0.00000000e+00  2.50000000e+00 -3.24911191e-05 
 3.86750000e-09  3.86750000e-09  0.00000000e+00  2.50000000e+00  3.24910904e-05 
 3.86850000e-09  3.86850000e-09  0.00000000e+00  2.50000000e+00 -3.24911189e-05 
 3.86950000e-09  3.86950000e-09  0.00000000e+00  2.50000000e+00  3.24910906e-05 
 3.87050000e-09  3.87050000e-09  0.00000000e+00  2.50000000e+00 -3.24911188e-05 
 3.87150000e-09  3.87150000e-09  0.00000000e+00  2.50000000e+00  3.24910907e-05 
 3.87250000e-09  3.87250000e-09  0.00000000e+00  2.50000000e+00 -3.24911186e-05 
 3.87350000e-09  3.87350000e-09  0.00000000e+00  2.50000000e+00  3.24910909e-05 
 3.87450000e-09  3.87450000e-09  0.00000000e+00  2.50000000e+00 -3.24911185e-05 
 3.87550000e-09  3.87550000e-09  0.00000000e+00  2.50000000e+00  3.24910910e-05 
 3.87650000e-09  3.87650000e-09  0.00000000e+00  2.50000000e+00 -3.24911184e-05 
 3.87750000e-09  3.87750000e-09  0.00000000e+00  2.50000000e+00  3.24910911e-05 
 3.87850000e-09  3.87850000e-09  0.00000000e+00  2.50000000e+00 -3.24911183e-05 
 3.87950000e-09  3.87950000e-09  0.00000000e+00  2.50000000e+00  3.24910912e-05 
 3.88050000e-09  3.88050000e-09  0.00000000e+00  2.50000000e+00 -3.24911182e-05 
 3.88150000e-09  3.88150000e-09  0.00000000e+00  2.50000000e+00  3.24910913e-05 
 3.88250000e-09  3.88250000e-09  0.00000000e+00  2.50000000e+00 -3.24911181e-05 
 3.88350000e-09  3.88350000e-09  0.00000000e+00  2.50000000e+00  3.24910914e-05 
 3.88450000e-09  3.88450000e-09  0.00000000e+00  2.50000000e+00 -3.24911180e-05 
 3.88550000e-09  3.88550000e-09  0.00000000e+00  2.50000000e+00  3.24910914e-05 
 3.88650000e-09  3.88650000e-09  0.00000000e+00  2.50000000e+00 -3.24911180e-05 
 3.88750000e-09  3.88750000e-09  0.00000000e+00  2.50000000e+00  3.24910915e-05 
 3.88850000e-09  3.88850000e-09  0.00000000e+00  2.50000000e+00 -3.24911179e-05 
 3.88950000e-09  3.88950000e-09  0.00000000e+00  2.50000000e+00  3.24910916e-05 
 3.89050000e-09  3.89050000e-09  0.00000000e+00  2.50000000e+00 -3.24911178e-05 
 3.89150000e-09  3.89150000e-09  0.00000000e+00  2.50000000e+00  3.24910916e-05 
 3.89250000e-09  3.89250000e-09  0.00000000e+00  2.50000000e+00 -3.24911178e-05 
 3.89350000e-09  3.89350000e-09  0.00000000e+00  2.50000000e+00  3.24910917e-05 
 3.89450000e-09  3.89450000e-09  0.00000000e+00  2.50000000e+00 -3.24911177e-05 
 3.89550000e-09  3.89550000e-09  0.00000000e+00  2.50000000e+00  3.24910917e-05 
 3.89650000e-09  3.89650000e-09  0.00000000e+00  2.50000000e+00 -3.24911177e-05 
 3.89750000e-09  3.89750000e-09  0.00000000e+00  2.50000000e+00  3.24910918e-05 
 3.89850000e-09  3.89850000e-09  0.00000000e+00  2.50000000e+00 -3.24911177e-05 
 3.89950000e-09  3.89950000e-09  0.00000000e+00  2.50000000e+00  3.24910918e-05 
 3.90050000e-09  3.90050000e-09  0.00000000e+00  2.50000000e+00 -3.24911176e-05 
 3.90150000e-09  3.90150000e-09  0.00000000e+00  2.50000000e+00  3.24910918e-05 
 3.90250000e-09  3.90250000e-09  0.00000000e+00  2.50000000e+00 -3.24911176e-05 
 3.90350000e-09  3.90350000e-09  0.00000000e+00  2.50000000e+00  3.24910919e-05 
 3.90450000e-09  3.90450000e-09  0.00000000e+00  2.50000000e+00 -3.24911176e-05 
 3.90550000e-09  3.90550000e-09  0.00000000e+00  2.50000000e+00  3.24910919e-05 
 3.90650000e-09  3.90650000e-09  0.00000000e+00  2.50000000e+00 -3.24911175e-05 
 3.90750000e-09  3.90750000e-09  0.00000000e+00  2.50000000e+00  3.24910919e-05 
 3.90850000e-09  3.90850000e-09  0.00000000e+00  2.50000000e+00 -3.24911175e-05 
 3.90950000e-09  3.90950000e-09  0.00000000e+00  2.50000000e+00  3.24910919e-05 
 3.91050000e-09  3.91050000e-09  0.00000000e+00  2.50000000e+00 -3.24911175e-05 
 3.91150000e-09  3.91150000e-09  0.00000000e+00  2.50000000e+00  3.24910920e-05 
 3.91250000e-09  3.91250000e-09  0.00000000e+00  2.50000000e+00 -3.24911175e-05 
 3.91350000e-09  3.91350000e-09  0.00000000e+00  2.50000000e+00  3.24910920e-05 
 3.91450000e-09  3.91450000e-09  0.00000000e+00  2.50000000e+00 -3.24911174e-05 
 3.91550000e-09  3.91550000e-09  0.00000000e+00  2.50000000e+00  3.24910920e-05 
 3.91650000e-09  3.91650000e-09  0.00000000e+00  2.50000000e+00 -3.24911174e-05 
 3.91750000e-09  3.91750000e-09  0.00000000e+00  2.50000000e+00  3.24910920e-05 
 3.91850000e-09  3.91850000e-09  0.00000000e+00  2.50000000e+00 -3.24911174e-05 
 3.91950000e-09  3.91950000e-09  0.00000000e+00  2.50000000e+00  3.24910920e-05 
 3.92050000e-09  3.92050000e-09  0.00000000e+00  2.50000000e+00 -3.24911174e-05 
 3.92150000e-09  3.92150000e-09  0.00000000e+00  2.50000000e+00  3.24910920e-05 
 3.92250000e-09  3.92250000e-09  0.00000000e+00  2.50000000e+00 -3.24911174e-05 
 3.92350000e-09  3.92350000e-09  0.00000000e+00  2.50000000e+00  3.24910920e-05 
 3.92450000e-09  3.92450000e-09  0.00000000e+00  2.50000000e+00 -3.24911174e-05 
 3.92550000e-09  3.92550000e-09  0.00000000e+00  2.50000000e+00  3.24910921e-05 
 3.92650000e-09  3.92650000e-09  0.00000000e+00  2.50000000e+00 -3.24911174e-05 
 3.92750000e-09  3.92750000e-09  0.00000000e+00  2.50000000e+00  3.24910921e-05 
 3.92850000e-09  3.92850000e-09  0.00000000e+00  2.50000000e+00 -3.24911174e-05 
 3.92950000e-09  3.92950000e-09  0.00000000e+00  2.50000000e+00  3.24910921e-05 
 3.93050000e-09  3.93050000e-09  0.00000000e+00  2.50000000e+00 -3.24911173e-05 
 3.93150000e-09  3.93150000e-09  0.00000000e+00  2.50000000e+00  3.24910921e-05 
 3.93250000e-09  3.93250000e-09  0.00000000e+00  2.50000000e+00 -3.24911173e-05 
 3.93350000e-09  3.93350000e-09  0.00000000e+00  2.50000000e+00  3.24910921e-05 
 3.93450000e-09  3.93450000e-09  0.00000000e+00  2.50000000e+00 -3.24911173e-05 
 3.93550000e-09  3.93550000e-09  0.00000000e+00  2.50000000e+00  3.24910921e-05 
 3.93650000e-09  3.93650000e-09  0.00000000e+00  2.50000000e+00 -3.24911173e-05 
 3.93750000e-09  3.93750000e-09  0.00000000e+00  2.50000000e+00  3.24910921e-05 
 3.93850000e-09  3.93850000e-09  0.00000000e+00  2.50000000e+00 -3.24911173e-05 
 3.93950000e-09  3.93950000e-09  0.00000000e+00  2.50000000e+00  3.24910921e-05 
 3.94050000e-09  3.94050000e-09  0.00000000e+00  2.50000000e+00 -3.24911173e-05 
 3.94150000e-09  3.94150000e-09  0.00000000e+00  2.50000000e+00  3.24910921e-05 
 3.94250000e-09  3.94250000e-09  0.00000000e+00  2.50000000e+00 -3.24911173e-05 
 3.94350000e-09  3.94350000e-09  0.00000000e+00  2.50000000e+00  3.24910921e-05 
 3.94450000e-09  3.94450000e-09  0.00000000e+00  2.50000000e+00 -3.24911173e-05 
 3.94550000e-09  3.94550000e-09  0.00000000e+00  2.50000000e+00  3.24910921e-05 
 3.94650000e-09  3.94650000e-09  0.00000000e+00  2.50000000e+00 -3.24911173e-05 
 3.94750000e-09  3.94750000e-09  0.00000000e+00  2.50000000e+00  3.24910921e-05 
 3.94850000e-09  3.94850000e-09  0.00000000e+00  2.50000000e+00 -3.24911173e-05 
 3.94950000e-09  3.94950000e-09  0.00000000e+00  2.50000000e+00  3.24910921e-05 
 3.95050000e-09  3.95050000e-09  0.00000000e+00  2.50000000e+00 -3.24911173e-05 
 3.95150000e-09  3.95150000e-09  0.00000000e+00  2.50000000e+00  3.24910921e-05 
 3.95250000e-09  3.95250000e-09  0.00000000e+00  2.50000000e+00 -3.24911173e-05 
 3.95350000e-09  3.95350000e-09  0.00000000e+00  2.50000000e+00  3.24910921e-05 
 3.95450000e-09  3.95450000e-09  0.00000000e+00  2.50000000e+00 -3.24911173e-05 
 3.95550000e-09  3.95550000e-09  0.00000000e+00  2.50000000e+00  3.24910921e-05 
 3.95650000e-09  3.95650000e-09  0.00000000e+00  2.50000000e+00 -3.24911173e-05 
 3.95750000e-09  3.95750000e-09  0.00000000e+00  2.50000000e+00  3.24910921e-05 
 3.95850000e-09  3.95850000e-09  0.00000000e+00  2.50000000e+00 -3.24911173e-05 
 3.95950000e-09  3.95950000e-09  0.00000000e+00  2.50000000e+00  3.24910921e-05 
 3.96050000e-09  3.96050000e-09  0.00000000e+00  2.50000000e+00 -3.24911173e-05 
 3.96150000e-09  3.96150000e-09  0.00000000e+00  2.50000000e+00  3.24910921e-05 
 3.96250000e-09  3.96250000e-09  0.00000000e+00  2.50000000e+00 -3.24911173e-05 
 3.96350000e-09  3.96350000e-09  0.00000000e+00  2.50000000e+00  3.24910921e-05 
 3.96450000e-09  3.96450000e-09  0.00000000e+00  2.50000000e+00 -3.24911173e-05 
 3.96550000e-09  3.96550000e-09  0.00000000e+00  2.50000000e+00  3.24910921e-05 
 3.96650000e-09  3.96650000e-09  0.00000000e+00  2.50000000e+00 -3.24911173e-05 
 3.96750000e-09  3.96750000e-09  0.00000000e+00  2.50000000e+00  3.24910922e-05 
 3.96850000e-09  3.96850000e-09  0.00000000e+00  2.50000000e+00 -3.24911173e-05 
 3.96950000e-09  3.96950000e-09  0.00000000e+00  2.50000000e+00  3.24910922e-05 
 3.97050000e-09  3.97050000e-09  0.00000000e+00  2.50000000e+00 -3.24911173e-05 
 3.97150000e-09  3.97150000e-09  0.00000000e+00  2.50000000e+00  3.24910922e-05 
 3.97250000e-09  3.97250000e-09  0.00000000e+00  2.50000000e+00 -3.24911173e-05 
 3.97350000e-09  3.97350000e-09  0.00000000e+00  2.50000000e+00  3.24910922e-05 
 3.97450000e-09  3.97450000e-09  0.00000000e+00  2.50000000e+00 -3.24911173e-05 
 3.97550000e-09  3.97550000e-09  0.00000000e+00  2.50000000e+00  3.24910922e-05 
 3.97650000e-09  3.97650000e-09  0.00000000e+00  2.50000000e+00 -3.24911173e-05 
 3.97750000e-09  3.97750000e-09  0.00000000e+00  2.50000000e+00  3.24910922e-05 
 3.97850000e-09  3.97850000e-09  0.00000000e+00  2.50000000e+00 -3.24911173e-05 
 3.97950000e-09  3.97950000e-09  0.00000000e+00  2.50000000e+00  3.24910922e-05 
 3.98050000e-09  3.98050000e-09  0.00000000e+00  2.50000000e+00 -3.24911173e-05 
 3.98150000e-09  3.98150000e-09  0.00000000e+00  2.50000000e+00  3.24910922e-05 
 3.98250000e-09  3.98250000e-09  0.00000000e+00  2.50000000e+00 -3.24911173e-05 
 3.98350000e-09  3.98350000e-09  0.00000000e+00  2.50000000e+00  3.24910922e-05 
 3.98450000e-09  3.98450000e-09  0.00000000e+00  2.50000000e+00 -3.24911173e-05 
 3.98550000e-09  3.98550000e-09  0.00000000e+00  2.50000000e+00  3.24910922e-05 
 3.98650000e-09  3.98650000e-09  0.00000000e+00  2.50000000e+00 -3.24911173e-05 
 3.98750000e-09  3.98750000e-09  0.00000000e+00  2.50000000e+00  3.24910922e-05 
 3.98850000e-09  3.98850000e-09  0.00000000e+00  2.50000000e+00 -3.24911173e-05 
 3.98950000e-09  3.98950000e-09  0.00000000e+00  2.50000000e+00  3.24910922e-05 
 3.99050000e-09  3.99050000e-09  0.00000000e+00  2.50000000e+00 -3.24911173e-05 
 3.99150000e-09  3.99150000e-09  0.00000000e+00  2.50000000e+00  3.24910922e-05 
 3.99250000e-09  3.99250000e-09  0.00000000e+00  2.50000000e+00 -3.24911173e-05 
 3.99350000e-09  3.99350000e-09  0.00000000e+00  2.50000000e+00  3.24910922e-05 
 3.99450000e-09  3.99450000e-09  0.00000000e+00  2.50000000e+00 -3.24911173e-05 
 3.99550000e-09  3.99550000e-09  0.00000000e+00  2.50000000e+00  3.24910922e-05 
 3.99650000e-09  3.99650000e-09  0.00000000e+00  2.50000000e+00 -3.24911173e-05 
 3.99750000e-09  3.99750000e-09  0.00000000e+00  2.50000000e+00  3.24910922e-05 
 3.99850000e-09  3.99850000e-09  0.00000000e+00  2.50000000e+00 -3.24911173e-05 
 3.99950000e-09  3.99950000e-09  0.00000000e+00  2.50000000e+00  3.24910922e-05 
 4.00050000e-09  4.00050000e-09  0.00000000e+00  2.50000000e+00 -3.24911173e-05 
 4.00150000e-09  4.00150000e-09  0.00000000e+00  2.50000000e+00  3.24910922e-05 
 4.00250000e-09  4.00250000e-09  0.00000000e+00  2.50000000e+00 -3.24911173e-05 
 4.00350000e-09  4.00350000e-09  0.00000000e+00  2.50000000e+00  3.24910922e-05 
 4.00450000e-09  4.00450000e-09  0.00000000e+00  2.50000000e+00 -3.24911173e-05 
 4.00550000e-09  4.00550000e-09  0.00000000e+00  2.50000000e+00  3.24910922e-05 
 4.00650000e-09  4.00650000e-09  0.00000000e+00  2.50000000e+00 -3.24911173e-05 
 4.00750000e-09  4.00750000e-09  0.00000000e+00  2.50000000e+00  3.24910922e-05 
 4.00850000e-09  4.00850000e-09  0.00000000e+00  2.50000000e+00 -3.24911173e-05 
 4.00950000e-09  4.00950000e-09  0.00000000e+00  2.50000000e+00  3.24910922e-05 
 4.01050000e-09  4.01050000e-09  0.00000000e+00  2.50000000e+00 -3.24911173e-05 
 4.01150000e-09  4.01150000e-09  0.00000000e+00  2.50000000e+00  3.24910922e-05 
 4.01250000e-09  4.01250000e-09  0.00000000e+00  2.50000000e+00 -3.24911173e-05 
 4.01350000e-09  4.01350000e-09  0.00000000e+00  2.50000000e+00  3.24910922e-05 
 4.01450000e-09  4.01450000e-09  0.00000000e+00  2.50000000e+00 -3.24911173e-05 
 4.01550000e-09  4.01550000e-09  0.00000000e+00  2.50000000e+00  3.24910922e-05 
 4.01650000e-09  4.01650000e-09  0.00000000e+00  2.50000000e+00 -3.24911173e-05 
 4.01750000e-09  4.01750000e-09  0.00000000e+00  2.50000000e+00  3.24910922e-05 
 4.01850000e-09  4.01850000e-09  0.00000000e+00  2.50000000e+00 -3.24911173e-05 
 4.01950000e-09  4.01950000e-09  0.00000000e+00  2.50000000e+00  3.24910922e-05 
 4.02050000e-09  4.02050000e-09  0.00000000e+00  2.50000000e+00 -3.24911173e-05 
 4.02150000e-09  4.02150000e-09  0.00000000e+00  2.50000000e+00  3.24910922e-05 
 4.02250000e-09  4.02250000e-09  0.00000000e+00  2.50000000e+00 -3.24911173e-05 
 4.02350000e-09  4.02350000e-09  0.00000000e+00  2.50000000e+00  3.24910922e-05 
 4.02450000e-09  4.02450000e-09  0.00000000e+00  2.50000000e+00 -3.24911173e-05 
 4.02550000e-09  4.02550000e-09  0.00000000e+00  2.50000000e+00  3.24910922e-05 
 4.02650000e-09  4.02650000e-09  0.00000000e+00  2.50000000e+00 -3.24911173e-05 
 4.02750000e-09  4.02750000e-09  0.00000000e+00  2.50000000e+00  3.24910922e-05 
 4.02850000e-09  4.02850000e-09  0.00000000e+00  2.50000000e+00 -3.24911173e-05 
 4.02950000e-09  4.02950000e-09  0.00000000e+00  2.50000000e+00  3.24910922e-05 
 4.03050000e-09  4.03050000e-09  0.00000000e+00  2.50000000e+00 -3.24911173e-05 
 4.03150000e-09  4.03150000e-09  0.00000000e+00  2.50000000e+00  3.24910922e-05 
 4.03250000e-09  4.03250000e-09  0.00000000e+00  2.50000000e+00 -3.24911173e-05 
 4.03350000e-09  4.03350000e-09  0.00000000e+00  2.50000000e+00  3.24910922e-05 
 4.03450000e-09  4.03450000e-09  0.00000000e+00  2.50000000e+00 -3.24911173e-05 
 4.03550000e-09  4.03550000e-09  0.00000000e+00  2.50000000e+00  3.24910922e-05 
 4.03650000e-09  4.03650000e-09  0.00000000e+00  2.50000000e+00 -3.24911173e-05 
 4.03750000e-09  4.03750000e-09  0.00000000e+00  2.50000000e+00  3.24910922e-05 
 4.03850000e-09  4.03850000e-09  0.00000000e+00  2.50000000e+00 -3.24911173e-05 
 4.03950000e-09  4.03950000e-09  0.00000000e+00  2.50000000e+00  3.24910922e-05 
 4.04050000e-09  4.04050000e-09  0.00000000e+00  2.50000000e+00 -3.24911173e-05 
 4.04150000e-09  4.04150000e-09  0.00000000e+00  2.50000000e+00  3.24910922e-05 
 4.04250000e-09  4.04250000e-09  0.00000000e+00  2.50000000e+00 -3.24911173e-05 
 4.04350000e-09  4.04350000e-09  0.00000000e+00  2.50000000e+00  3.24910922e-05 
 4.04450000e-09  4.04450000e-09  0.00000000e+00  2.50000000e+00 -3.24911173e-05 
 4.04550000e-09  4.04550000e-09  0.00000000e+00  2.50000000e+00  3.24910922e-05 
 4.04650000e-09  4.04650000e-09  0.00000000e+00  2.50000000e+00 -3.24911173e-05 
 4.04750000e-09  4.04750000e-09  0.00000000e+00  2.50000000e+00  3.24910922e-05 
 4.04850000e-09  4.04850000e-09  0.00000000e+00  2.50000000e+00 -3.24911173e-05 
 4.04950000e-09  4.04950000e-09  0.00000000e+00  2.50000000e+00  3.24910922e-05 
 4.05050000e-09  4.05050000e-09  0.00000000e+00  2.50000000e+00 -3.24911173e-05 
 4.05150000e-09  4.05150000e-09  0.00000000e+00  2.50000000e+00  3.24910922e-05 
 4.05250000e-09  4.05250000e-09  0.00000000e+00  2.50000000e+00 -3.24911173e-05 
 4.05350000e-09  4.05350000e-09  0.00000000e+00  2.50000000e+00  3.24910922e-05 
 4.05450000e-09  4.05450000e-09  0.00000000e+00  2.50000000e+00 -3.24911173e-05 
 4.05550000e-09  4.05550000e-09  0.00000000e+00  2.50000000e+00  3.24910922e-05 
 4.05650000e-09  4.05650000e-09  0.00000000e+00  2.50000000e+00 -3.24911173e-05 
 4.05750000e-09  4.05750000e-09  0.00000000e+00  2.50000000e+00  3.24910922e-05 
 4.05850000e-09  4.05850000e-09  0.00000000e+00  2.50000000e+00 -3.24911173e-05 
 4.05950000e-09  4.05950000e-09  0.00000000e+00  2.50000000e+00  3.24910922e-05 
 4.06050000e-09  4.06050000e-09  0.00000000e+00  2.50000000e+00 -3.24911173e-05 
 4.06150000e-09  4.06150000e-09  0.00000000e+00  2.50000000e+00  3.24910922e-05 
 4.06250000e-09  4.06250000e-09  0.00000000e+00  2.50000000e+00 -3.24911173e-05 
 4.06350000e-09  4.06350000e-09  0.00000000e+00  2.50000000e+00  3.24910922e-05 
 4.06450000e-09  4.06450000e-09  0.00000000e+00  2.50000000e+00 -3.24911173e-05 
 4.06550000e-09  4.06550000e-09  0.00000000e+00  2.50000000e+00  3.24910922e-05 
 4.06650000e-09  4.06650000e-09  0.00000000e+00  2.50000000e+00 -3.24911173e-05 
 4.06750000e-09  4.06750000e-09  0.00000000e+00  2.50000000e+00  3.24910922e-05 
 4.06850000e-09  4.06850000e-09  0.00000000e+00  2.50000000e+00 -3.24911173e-05 
 4.06950000e-09  4.06950000e-09  0.00000000e+00  2.50000000e+00  3.24910922e-05 
 4.07050000e-09  4.07050000e-09  0.00000000e+00  2.50000000e+00 -3.24911173e-05 
 4.07150000e-09  4.07150000e-09  0.00000000e+00  2.50000000e+00  3.24910922e-05 
 4.07250000e-09  4.07250000e-09  0.00000000e+00  2.50000000e+00 -3.24911173e-05 
 4.07350000e-09  4.07350000e-09  0.00000000e+00  2.50000000e+00  3.24910922e-05 
 4.07450000e-09  4.07450000e-09  0.00000000e+00  2.50000000e+00 -3.24911173e-05 
 4.07550000e-09  4.07550000e-09  0.00000000e+00  2.50000000e+00  3.24910922e-05 
 4.07650000e-09  4.07650000e-09  0.00000000e+00  2.50000000e+00 -3.24911173e-05 
 4.07750000e-09  4.07750000e-09  0.00000000e+00  2.50000000e+00  3.24910922e-05 
 4.07850000e-09  4.07850000e-09  0.00000000e+00  2.50000000e+00 -3.24911173e-05 
 4.07950000e-09  4.07950000e-09  0.00000000e+00  2.50000000e+00  3.24910922e-05 
 4.08050000e-09  4.08050000e-09  0.00000000e+00  2.50000000e+00 -3.24911173e-05 
 4.08150000e-09  4.08150000e-09  0.00000000e+00  2.50000000e+00  3.24910922e-05 
 4.08250000e-09  4.08250000e-09  0.00000000e+00  2.50000000e+00 -3.24911173e-05 
 4.08350000e-09  4.08350000e-09  0.00000000e+00  2.50000000e+00  3.24910922e-05 
 4.08450000e-09  4.08450000e-09  0.00000000e+00  2.50000000e+00 -3.24911173e-05 
 4.08550000e-09  4.08550000e-09  0.00000000e+00  2.50000000e+00  3.24910922e-05 
 4.08650000e-09  4.08650000e-09  0.00000000e+00  2.50000000e+00 -3.24911173e-05 
 4.08750000e-09  4.08750000e-09  0.00000000e+00  2.50000000e+00  3.24910922e-05 
 4.08850000e-09  4.08850000e-09  0.00000000e+00  2.50000000e+00 -3.24911173e-05 
 4.08950000e-09  4.08950000e-09  0.00000000e+00  2.50000000e+00  3.24910922e-05 
 4.09050000e-09  4.09050000e-09  0.00000000e+00  2.50000000e+00 -3.24911173e-05 
 4.09150000e-09  4.09150000e-09  0.00000000e+00  2.50000000e+00  3.24910922e-05 
 4.09250000e-09  4.09250000e-09  0.00000000e+00  2.50000000e+00 -3.24911173e-05 
 4.09350000e-09  4.09350000e-09  0.00000000e+00  2.50000000e+00  3.24910922e-05 
 4.09450000e-09  4.09450000e-09  0.00000000e+00  2.50000000e+00 -3.24911173e-05 
 4.09550000e-09  4.09550000e-09  0.00000000e+00  2.50000000e+00  3.24910922e-05 
 4.09650000e-09  4.09650000e-09  0.00000000e+00  2.50000000e+00 -3.24911173e-05 
 4.09750000e-09  4.09750000e-09  0.00000000e+00  2.50000000e+00  3.24910922e-05 
 4.09850000e-09  4.09850000e-09  0.00000000e+00  2.50000000e+00 -3.24911173e-05 
 4.09950000e-09  4.09950000e-09  0.00000000e+00  2.50000000e+00  3.24910922e-05 
 4.10050000e-09  4.10050000e-09  0.00000000e+00  2.50000000e+00 -3.24911173e-05 
 4.10150000e-09  4.10150000e-09  0.00000000e+00  2.50000000e+00  3.24910922e-05 
 4.10250000e-09  4.10250000e-09  0.00000000e+00  2.50000000e+00 -3.24911173e-05 
 4.10350000e-09  4.10350000e-09  0.00000000e+00  2.50000000e+00  3.24910922e-05 
 4.10450000e-09  4.10450000e-09  0.00000000e+00  2.50000000e+00 -3.24911173e-05 
 4.10550000e-09  4.10550000e-09  0.00000000e+00  2.50000000e+00  3.24910922e-05 
 4.10650000e-09  4.10650000e-09  0.00000000e+00  2.50000000e+00 -3.24911173e-05 
 4.10750000e-09  4.10750000e-09  0.00000000e+00  2.50000000e+00  3.24910922e-05 
 4.10850000e-09  4.10850000e-09  0.00000000e+00  2.50000000e+00 -3.24911173e-05 
 4.10950000e-09  4.10950000e-09  0.00000000e+00  2.50000000e+00  3.24910922e-05 
 4.11050000e-09  4.11050000e-09  0.00000000e+00  2.50000000e+00 -3.24911173e-05 
 4.11150000e-09  4.11150000e-09  0.00000000e+00  2.50000000e+00  3.24910922e-05 
 4.11250000e-09  4.11250000e-09  0.00000000e+00  2.50000000e+00 -3.24911173e-05 
 4.11350000e-09  4.11350000e-09  0.00000000e+00  2.50000000e+00  3.24910922e-05 
 4.11450000e-09  4.11450000e-09  0.00000000e+00  2.50000000e+00 -3.24911173e-05 
 4.11550000e-09  4.11550000e-09  0.00000000e+00  2.50000000e+00  3.24910922e-05 
 4.11650000e-09  4.11650000e-09  0.00000000e+00  2.50000000e+00 -3.24911173e-05 
 4.11750000e-09  4.11750000e-09  0.00000000e+00  2.50000000e+00  3.24910922e-05 
 4.11850000e-09  4.11850000e-09  0.00000000e+00  2.50000000e+00 -3.24911173e-05 
 4.11950000e-09  4.11950000e-09  0.00000000e+00  2.50000000e+00  3.24910922e-05 
 4.12050000e-09  4.12050000e-09  0.00000000e+00  2.50000000e+00 -3.24911173e-05 
 4.12150000e-09  4.12150000e-09  0.00000000e+00  2.50000000e+00  3.24910922e-05 
 4.12250000e-09  4.12250000e-09  0.00000000e+00  2.50000000e+00 -3.24911173e-05 
 4.12350000e-09  4.12350000e-09  0.00000000e+00  2.50000000e+00  3.24910922e-05 
 4.12450000e-09  4.12450000e-09  0.00000000e+00  2.50000000e+00 -3.24911173e-05 
 4.12550000e-09  4.12550000e-09  0.00000000e+00  2.50000000e+00  3.24910922e-05 
 4.12650000e-09  4.12650000e-09  0.00000000e+00  2.50000000e+00 -3.24911173e-05 
 4.12750000e-09  4.12750000e-09  0.00000000e+00  2.50000000e+00  3.24910922e-05 
 4.12850000e-09  4.12850000e-09  0.00000000e+00  2.50000000e+00 -3.24911173e-05 
 4.12950000e-09  4.12950000e-09  0.00000000e+00  2.50000000e+00  3.24910922e-05 
 4.13050000e-09  4.13050000e-09  0.00000000e+00  2.50000000e+00 -3.24911173e-05 
 4.13150000e-09  4.13150000e-09  0.00000000e+00  2.50000000e+00  3.24910922e-05 
 4.13250000e-09  4.13250000e-09  0.00000000e+00  2.50000000e+00 -3.24911173e-05 
 4.13350000e-09  4.13350000e-09  0.00000000e+00  2.50000000e+00  3.24910922e-05 
 4.13450000e-09  4.13450000e-09  0.00000000e+00  2.50000000e+00 -3.24911173e-05 
 4.13550000e-09  4.13550000e-09  0.00000000e+00  2.50000000e+00  3.24910922e-05 
 4.13650000e-09  4.13650000e-09  0.00000000e+00  2.50000000e+00 -3.24911173e-05 
 4.13750000e-09  4.13750000e-09  0.00000000e+00  2.50000000e+00  3.24910922e-05 
 4.13850000e-09  4.13850000e-09  0.00000000e+00  2.50000000e+00 -3.24911173e-05 
 4.13950000e-09  4.13950000e-09  0.00000000e+00  2.50000000e+00  3.24910922e-05 
 4.14050000e-09  4.14050000e-09  0.00000000e+00  2.50000000e+00 -3.24911173e-05 
 4.14150000e-09  4.14150000e-09  0.00000000e+00  2.50000000e+00  3.24910922e-05 
 4.14250000e-09  4.14250000e-09  0.00000000e+00  2.50000000e+00 -3.24911173e-05 
 4.14350000e-09  4.14350000e-09  0.00000000e+00  2.50000000e+00  3.24910922e-05 
 4.14450000e-09  4.14450000e-09  0.00000000e+00  2.50000000e+00 -3.24911173e-05 
 4.14550000e-09  4.14550000e-09  0.00000000e+00  2.50000000e+00  3.24910922e-05 
 4.14650000e-09  4.14650000e-09  0.00000000e+00  2.50000000e+00 -3.24911173e-05 
 4.14750000e-09  4.14750000e-09  0.00000000e+00  2.50000000e+00  3.24910922e-05 
 4.14850000e-09  4.14850000e-09  0.00000000e+00  2.50000000e+00 -3.24911173e-05 
 4.14950000e-09  4.14950000e-09  0.00000000e+00  2.50000000e+00  3.24910922e-05 
 4.15050000e-09  4.15050000e-09  0.00000000e+00  2.50000000e+00 -3.24911173e-05 
 4.15150000e-09  4.15150000e-09  0.00000000e+00  2.50000000e+00  3.24910922e-05 
 4.15250000e-09  4.15250000e-09  0.00000000e+00  2.50000000e+00 -3.24911173e-05 
 4.15350000e-09  4.15350000e-09  0.00000000e+00  2.50000000e+00  3.24910922e-05 
 4.15450000e-09  4.15450000e-09  0.00000000e+00  2.50000000e+00 -3.24911173e-05 
 4.15550000e-09  4.15550000e-09  0.00000000e+00  2.50000000e+00  3.24910922e-05 
 4.15650000e-09  4.15650000e-09  0.00000000e+00  2.50000000e+00 -3.24911173e-05 
 4.15750000e-09  4.15750000e-09  0.00000000e+00  2.50000000e+00  3.24910922e-05 
 4.15850000e-09  4.15850000e-09  0.00000000e+00  2.50000000e+00 -3.24911173e-05 
 4.15950000e-09  4.15950000e-09  0.00000000e+00  2.50000000e+00  3.24910922e-05 
 4.16050000e-09  4.16050000e-09  0.00000000e+00  2.50000000e+00 -3.24911173e-05 
 4.16150000e-09  4.16150000e-09  0.00000000e+00  2.50000000e+00  3.24910922e-05 
 4.16250000e-09  4.16250000e-09  0.00000000e+00  2.50000000e+00 -3.24911173e-05 
 4.16350000e-09  4.16350000e-09  0.00000000e+00  2.50000000e+00  3.24910922e-05 
 4.16450000e-09  4.16450000e-09  0.00000000e+00  2.50000000e+00 -3.24911173e-05 
 4.16550000e-09  4.16550000e-09  0.00000000e+00  2.50000000e+00  3.24910922e-05 
 4.16650000e-09  4.16650000e-09  0.00000000e+00  2.50000000e+00 -3.24911173e-05 
 4.16750000e-09  4.16750000e-09  0.00000000e+00  2.50000000e+00  3.24910922e-05 
 4.16850000e-09  4.16850000e-09  0.00000000e+00  2.50000000e+00 -3.24911173e-05 
 4.16950000e-09  4.16950000e-09  0.00000000e+00  2.50000000e+00  3.24910922e-05 
 4.17050000e-09  4.17050000e-09  0.00000000e+00  2.50000000e+00 -3.24911173e-05 
 4.17150000e-09  4.17150000e-09  0.00000000e+00  2.50000000e+00  3.24910922e-05 
 4.17250000e-09  4.17250000e-09  0.00000000e+00  2.50000000e+00 -3.24911173e-05 
 4.17350000e-09  4.17350000e-09  0.00000000e+00  2.50000000e+00  3.24910922e-05 
 4.17450000e-09  4.17450000e-09  0.00000000e+00  2.50000000e+00 -3.24911173e-05 
 4.17550000e-09  4.17550000e-09  0.00000000e+00  2.50000000e+00  3.24910922e-05 
 4.17650000e-09  4.17650000e-09  0.00000000e+00  2.50000000e+00 -3.24911173e-05 
 4.17750000e-09  4.17750000e-09  0.00000000e+00  2.50000000e+00  3.24910922e-05 
 4.17850000e-09  4.17850000e-09  0.00000000e+00  2.50000000e+00 -3.24911173e-05 
 4.17950000e-09  4.17950000e-09  0.00000000e+00  2.50000000e+00  3.24910922e-05 
 4.18050000e-09  4.18050000e-09  0.00000000e+00  2.50000000e+00 -3.24911173e-05 
 4.18150000e-09  4.18150000e-09  0.00000000e+00  2.50000000e+00  3.24910922e-05 
 4.18250000e-09  4.18250000e-09  0.00000000e+00  2.50000000e+00 -3.24911173e-05 
 4.18350000e-09  4.18350000e-09  0.00000000e+00  2.50000000e+00  3.24910922e-05 
 4.18450000e-09  4.18450000e-09  0.00000000e+00  2.50000000e+00 -3.24911173e-05 
 4.18550000e-09  4.18550000e-09  0.00000000e+00  2.50000000e+00  3.24910922e-05 
 4.18650000e-09  4.18650000e-09  0.00000000e+00  2.50000000e+00 -3.24911173e-05 
 4.18750000e-09  4.18750000e-09  0.00000000e+00  2.50000000e+00  3.24910922e-05 
 4.18850000e-09  4.18850000e-09  0.00000000e+00  2.50000000e+00 -3.24911173e-05 
 4.18950000e-09  4.18950000e-09  0.00000000e+00  2.50000000e+00  3.24910922e-05 
 4.19050000e-09  4.19050000e-09  0.00000000e+00  2.50000000e+00 -3.24911173e-05 
 4.19150000e-09  4.19150000e-09  0.00000000e+00  2.50000000e+00  3.24910922e-05 
 4.19250000e-09  4.19250000e-09  0.00000000e+00  2.50000000e+00 -3.24911173e-05 
 4.19350000e-09  4.19350000e-09  0.00000000e+00  2.50000000e+00  3.24910922e-05 
 4.19450000e-09  4.19450000e-09  0.00000000e+00  2.50000000e+00 -3.24911173e-05 
 4.19550000e-09  4.19550000e-09  0.00000000e+00  2.50000000e+00  3.24910922e-05 
 4.19650000e-09  4.19650000e-09  0.00000000e+00  2.50000000e+00 -3.24911173e-05 
 4.19750000e-09  4.19750000e-09  0.00000000e+00  2.50000000e+00  3.24910922e-05 
 4.19850000e-09  4.19850000e-09  0.00000000e+00  2.50000000e+00 -3.24911173e-05 
 4.19925000e-09  4.19925000e-09  0.00000000e+00  2.50000000e+00  3.24910922e-05 
 4.20000000e-09  4.20000000e-09  0.00000000e+00  2.50000000e+00 -3.24911173e-05 
 4.20010000e-09  4.20010000e-09  1.25000000e-02  2.50000037e+00  7.21801501e-04 
 4.20030000e-09  4.20030000e-09  3.75000000e-02  2.50000107e+00  7.23629807e-04 
 4.20070000e-09  4.20070000e-09  8.75000000e-02  2.50000231e+00  7.26435622e-04 
 4.20150000e-09  4.20150000e-09  1.87500000e-01  2.50000414e+00  7.31768884e-04 
 4.20250000e-09  4.20250000e-09  3.12500000e-01  2.50000549e+00  7.36459883e-04 
 4.20350000e-09  4.20350000e-09  4.37500000e-01  2.50000606e+00  7.40153428e-04 
 4.20450000e-09  4.20450000e-09  5.62500000e-01  2.50000604e+00  7.36233443e-04 
 4.20550000e-09  4.20550000e-09  6.87500000e-01  2.50000556e+00  7.20709104e-04 
 4.20650000e-09  4.20650000e-09  8.12500000e-01  2.50000469e+00  6.92694446e-04 
 4.20750000e-09  4.20750000e-09  9.37500000e-01  2.50000351e+00  6.53044096e-04 
 4.20850000e-09  4.20850000e-09  1.06250000e+00  2.50000207e+00  6.01050701e-04 
 4.20950000e-09  4.20950000e-09  1.18750000e+00  2.50000043e+00  5.37772588e-04 
 4.21050000e-09  4.21050000e-09  1.31250000e+00  2.49999864e+00  4.62729709e-04 
 4.21150000e-09  4.21150000e-09  1.43750000e+00  2.49999674e+00  3.77243922e-04 
 4.21250000e-09  4.21250000e-09  1.56250000e+00  2.49999474e+00  2.81148526e-04 
 4.21350000e-09  4.21350000e-09  1.68750000e+00  2.49999266e+00  1.76133155e-04 
 4.21450000e-09  4.21450000e-09  1.81250000e+00  2.49999050e+00  6.23849439e-05 
 4.21550000e-09  4.21550000e-09  1.93750000e+00  2.49998825e+00 -5.87351817e-05 
 4.21650000e-09  4.21650000e-09  2.06250000e+00  2.49998602e+00 -2.30195501e-04 
 4.21750000e-09  4.21750000e-09  2.18750000e+00  2.49998276e+00 -3.86997107e-04 
 4.21850000e-09  4.21850000e-09  2.31250000e+00  2.49997728e+00 -6.75466488e-04 
 4.21925000e-09  4.21925000e-09  2.40625000e+00  2.49997226e+00 -7.33220537e-04 
 4.22000000e-09  4.22000000e-09  2.50000000e+00  2.49996750e+00 -7.58583787e-04 
 4.22010000e-09  4.22010000e-09  2.50000000e+00  2.49996679e+00 -1.41557077e-03 
 4.22030000e-09  4.22030000e-09  2.50000000e+00  2.49996547e+00 -1.41797743e-03 
 4.22070000e-09  4.22070000e-09  2.50000000e+00  2.49996336e+00 -1.41595461e-03 
 4.22150000e-09  4.22150000e-09  2.50000000e+00  2.49996096e+00 -1.41934452e-03 
 4.22250000e-09  4.22250000e-09  2.50000000e+00  2.49996064e+00 -1.41861497e-03 
 4.22350000e-09  4.22350000e-09  2.50000000e+00  2.49996241e+00 -1.40720693e-03 
 4.22450000e-09  4.22450000e-09  2.50000000e+00  2.49996580e+00 -1.39042750e-03 
 4.22550000e-09  4.22550000e-09  2.50000000e+00  2.49997084e+00 -1.38359458e-03 
 4.22650000e-09  4.22650000e-09  2.50000000e+00  2.49997753e+00 -1.37835816e-03 
 4.22750000e-09  4.22750000e-09  2.50000000e+00  2.49998580e+00 -1.38289286e-03 
 4.22850000e-09  4.22850000e-09  2.50000000e+00  2.49999550e+00 -1.38844421e-03 
 4.22950000e-09  4.22950000e-09  2.50000000e+00  2.50000643e+00 -1.40284100e-03 
 4.23050000e-09  4.23050000e-09  2.50000000e+00  2.50001837e+00 -1.41702984e-03 
 4.23150000e-09  4.23150000e-09  2.50000000e+00  2.50003109e+00 -1.43858943e-03 
 4.23250000e-09  4.23250000e-09  2.50000000e+00  2.50004434e+00 -1.45826435e-03 
 4.23350000e-09  4.23350000e-09  2.50000000e+00  2.50005792e+00 -1.48347636e-03 
 4.23450000e-09  4.23450000e-09  2.50000000e+00  2.50007161e+00 -1.50485301e-03 
 4.23550000e-09  4.23550000e-09  2.50000000e+00  2.50008523e+00 -1.52972909e-03 
 4.23650000e-09  4.23650000e-09  2.50000000e+00  2.50009863e+00 -1.54867319e-03 
 4.23750000e-09  4.23750000e-09  2.50000000e+00  2.50011167e+00 -1.56915693e-03 
 4.23850000e-09  4.23850000e-09  2.50000000e+00  2.50012425e+00 -1.58191610e-03 
 4.23950000e-09  4.23950000e-09  2.50000000e+00  2.50013632e+00 -1.59433930e-03 
 4.24050000e-09  4.24050000e-09  2.50000000e+00  2.50014783e+00 -1.59705396e-03 
 4.24150000e-09  4.24150000e-09  2.50000000e+00  2.50015880e+00 -1.59738905e-03 
 4.24250000e-09  4.24250000e-09  2.50000000e+00  2.50016928e+00 -1.58583591e-03 
 4.24350000e-09  4.24350000e-09  2.50000000e+00  2.50017917e+00 -1.58146824e-03 
 4.24450000e-09  4.24450000e-09  2.50000000e+00  2.50018823e+00 -1.57707277e-03 
 4.24550000e-09  4.24550000e-09  2.50000000e+00  2.50019686e+00 -1.57080704e-03 
 4.24650000e-09  4.24650000e-09  2.50000000e+00  2.50020567e+00 -1.55949662e-03 
 4.24750000e-09  4.24750000e-09  2.50000000e+00  2.50021381e+00 -1.55952109e-03 
 4.24850000e-09  4.24850000e-09  2.50000000e+00  2.50022018e+00 -1.55976558e-03 
 4.24950000e-09  4.24950000e-09  2.50000000e+00  2.50022470e+00 -1.56767594e-03 
 4.25050000e-09  4.25050000e-09  2.50000000e+00  2.50022740e+00 -1.57497881e-03 
 4.25150000e-09  4.25150000e-09  2.50000000e+00  2.50022841e+00 -1.58653684e-03 
 4.25250000e-09  4.25250000e-09  2.50000000e+00  2.50022763e+00 -1.59630305e-03 
 4.25350000e-09  4.25350000e-09  2.50000000e+00  2.50022424e+00 -1.62663741e-03 
 4.25450000e-09  4.25450000e-09  2.50000000e+00  2.50021720e+00 -1.67191313e-03 
 4.25550000e-09  4.25550000e-09  2.50000000e+00  2.50020573e+00 -1.73981216e-03 
 4.25650000e-09  4.25650000e-09  2.50000000e+00  2.50018927e+00 -1.82371942e-03 
 4.25750000e-09  4.25750000e-09  2.50000000e+00  2.50016740e+00 -1.93203016e-03 
 4.25850000e-09  4.25850000e-09  2.50000000e+00  2.50013983e+00 -2.05817016e-03 
 4.25950000e-09  4.25950000e-09  2.50000000e+00  2.50010571e+00 -2.20815068e-03 
 4.26050000e-09  4.26050000e-09  2.50000000e+00  2.50006435e+00 -2.36998970e-03 
 4.26150000e-09  4.26150000e-09  2.50000000e+00  2.50001590e+00 -2.55096381e-03 
 4.26250000e-09  4.26250000e-09  2.50000000e+00  2.49996072e+00 -2.74270960e-03 
 4.26350000e-09  4.26350000e-09  2.50000000e+00  2.49989925e+00 -2.95164374e-03 
 4.26450000e-09  4.26450000e-09  2.50000000e+00  2.49983201e+00 -3.16865080e-03 
 4.26550000e-09  4.26550000e-09  2.50000000e+00  2.49975953e+00 -3.39961362e-03 
 4.26650000e-09  4.26650000e-09  2.50000000e+00  2.49968236e+00 -3.63504174e-03 
 4.26750000e-09  4.26750000e-09  2.50000000e+00  2.49960103e+00 -3.88049236e-03 
 4.26850000e-09  4.26850000e-09  2.50000000e+00  2.49951599e+00 -4.12625610e-03 
 4.26950000e-09  4.26950000e-09  2.50000000e+00  2.49942765e+00 -4.37773338e-03 
 4.27050000e-09  4.27050000e-09  2.50000000e+00  2.49933634e+00 -4.62510867e-03 
 4.27150000e-09  4.27150000e-09  2.50000000e+00  2.49924228e+00 -4.87371085e-03 
 4.27250000e-09  4.27250000e-09  2.50000000e+00  2.49914557e+00 -5.11366610e-03 
 4.27350000e-09  4.27350000e-09  2.50000000e+00  2.49904620e+00 -5.35041808e-03 
 4.27450000e-09  4.27450000e-09  2.50000000e+00  2.49894407e+00 -5.57431755e-03 
 4.27550000e-09  4.27550000e-09  2.50000000e+00  2.49883890e+00 -5.79068692e-03 
 4.27650000e-09  4.27650000e-09  2.50000000e+00  2.49873024e+00 -5.98960358e-03 
 4.27750000e-09  4.27750000e-09  2.50000000e+00  2.49861735e+00 -6.17620106e-03 
 4.27850000e-09  4.27850000e-09  2.50000000e+00  2.49849914e+00 -6.34023323e-03 
 4.27950000e-09  4.27950000e-09  2.50000000e+00  2.49837404e+00 -6.48629270e-03 
 4.28050000e-09  4.28050000e-09  2.50000000e+00  2.49824803e+00 -6.67109645e-03 
 4.28150000e-09  4.28150000e-09  2.50000000e+00  2.49812874e+00 -6.86875838e-03 
 4.28250000e-09  4.28250000e-09  2.50000000e+00  2.49801404e+00 -7.05191402e-03 
 4.28350000e-09  4.28350000e-09  2.50000000e+00  2.49789806e+00 -7.24082086e-03 
 4.28450000e-09  4.28450000e-09  2.50000000e+00  2.49776836e+00 -7.42674885e-03 
 4.28550000e-09  4.28550000e-09  2.50000000e+00  2.49761979e+00 -7.65848848e-03 
 4.28650000e-09  4.28650000e-09  2.50000000e+00  2.49746962e+00 -7.91282394e-03 
 4.28750000e-09  4.28750000e-09  2.50000000e+00  2.49733075e+00 -8.16955617e-03 
 4.28850000e-09  4.28850000e-09  2.50000000e+00  2.49720420e+00 -8.41731591e-03 
 4.28950000e-09  4.28950000e-09  2.50000000e+00  2.49708824e+00 -8.63877594e-03 
 4.29050000e-09  4.29050000e-09  2.50000000e+00  2.49698807e+00 -8.86747076e-03 
 4.29150000e-09  4.29150000e-09  2.50000000e+00  2.49691920e+00 -9.12776919e-03 
 4.29250000e-09  4.29250000e-09  2.50000000e+00  2.49689708e+00 -9.40989018e-03 
 4.29350000e-09  4.29350000e-09  2.50000000e+00  2.49693550e+00 -9.72748028e-03 
 4.29450000e-09  4.29450000e-09  2.50000000e+00  2.49704684e+00 -1.00704934e-02 
 4.29550000e-09  4.29550000e-09  2.50000000e+00  2.49724222e+00 -1.04521599e-02 
 4.29650000e-09  4.29650000e-09  2.50000000e+00  2.49753174e+00 -1.08618808e-02 
 4.29750000e-09  4.29750000e-09  2.50000000e+00  2.49792460e+00 -1.13139879e-02 
 4.29850000e-09  4.29850000e-09  2.50000000e+00  2.49843176e+00 -1.17799142e-02 
 4.29950000e-09  4.29950000e-09  2.50000000e+00  2.49906419e+00 -1.22473077e-02 
 4.30050000e-09  4.30050000e-09  2.50000000e+00  2.49982962e+00 -1.27044403e-02 
 4.30150000e-09  4.30150000e-09  2.50000000e+00  2.50073375e+00 -1.31625245e-02 
 4.30250000e-09  4.30250000e-09  2.50000000e+00  2.50178067e+00 -1.36083921e-02 
 4.30350000e-09  4.30350000e-09  2.50000000e+00  2.50297313e+00 -1.40514915e-02 
 4.30450000e-09  4.30450000e-09  2.50000000e+00  2.50431282e+00 -1.44771764e-02 
 4.30550000e-09  4.30550000e-09  2.50000000e+00  2.50580069e+00 -1.48935895e-02 
 4.30650000e-09  4.30650000e-09  2.50000000e+00  2.50743716e+00 -1.52851475e-02 
 4.30750000e-09  4.30750000e-09  2.50000000e+00  2.50922213e+00 -1.56599659e-02 
 4.30850000e-09  4.30850000e-09  2.50000000e+00  2.51115536e+00 -1.60020316e-02 
 4.30950000e-09  4.30950000e-09  2.50000000e+00  2.51323691e+00 -1.63184232e-02 
 4.31050000e-09  4.31050000e-09  2.50000000e+00  2.51546749e+00 -1.65926290e-02 
 4.31150000e-09  4.31150000e-09  2.50000000e+00  2.51784881e+00 -1.68313817e-02 
 4.31250000e-09  4.31250000e-09  2.50000000e+00  2.52038402e+00 -1.70178878e-02 
 4.31350000e-09  4.31350000e-09  2.50000000e+00  2.52307831e+00 -1.71586615e-02 
 4.31450000e-09  4.31450000e-09  2.50000000e+00  2.52593299e+00 -1.72579740e-02 
 4.31550000e-09  4.31550000e-09  2.50000000e+00  2.52892428e+00 -1.73978415e-02 
 4.31650000e-09  4.31650000e-09  2.50000000e+00  2.53203595e+00 -1.75082184e-02 
 4.31750000e-09  4.31750000e-09  2.50000000e+00  2.53528785e+00 -1.75969570e-02 
 4.31850000e-09  4.31850000e-09  2.50000000e+00  2.53871847e+00 -1.76771634e-02 
 4.31950000e-09  4.31950000e-09  2.50000000e+00  2.54241836e+00 -1.78184801e-02 
 4.32050000e-09  4.32050000e-09  2.50000000e+00  2.54635194e+00 -1.78247621e-02 
 4.32150000e-09  4.32150000e-09  2.50000000e+00  2.55039532e+00 -1.78325271e-02 
 4.32250000e-09  4.32250000e-09  2.50000000e+00  2.55452339e+00 -1.78717206e-02 
 4.32350000e-09  4.32350000e-09  2.50000000e+00  2.55871676e+00 -1.79169456e-02 
 4.32450000e-09  4.32450000e-09  2.50000000e+00  2.56296491e+00 -1.79572135e-02 
 4.32550000e-09  4.32550000e-09  2.50000000e+00  2.56721218e+00 -1.79949707e-02 
 4.32650000e-09  4.32650000e-09  2.50000000e+00  2.57133608e+00 -1.81065655e-02 
 4.32750000e-09  4.32750000e-09  2.50000000e+00  2.57520122e+00 -1.82823319e-02 
 4.32850000e-09  4.32850000e-09  2.50000000e+00  2.57867655e+00 -1.85652245e-02 
 4.32950000e-09  4.32950000e-09  2.50000000e+00  2.58163476e+00 -1.89405984e-02 
 4.33050000e-09  4.33050000e-09  2.50000000e+00  2.58395181e+00 -1.94496340e-02 
 4.33150000e-09  4.33150000e-09  2.50000000e+00  2.58550763e+00 -2.00685342e-02 
 4.33250000e-09  4.33250000e-09  2.50000000e+00  2.58618519e+00 -2.08264172e-02 
 4.33350000e-09  4.33350000e-09  2.50000000e+00  2.58580257e+00 -2.15667310e-02 
 4.33450000e-09  4.33450000e-09  2.50000000e+00  2.58417113e+00 -2.23803511e-02 
 4.33550000e-09  4.33550000e-09  2.50000000e+00  2.58117109e+00 -2.32484876e-02 
 4.33650000e-09  4.33650000e-09  2.50000000e+00  2.57670359e+00 -2.42026473e-02 
 4.33750000e-09  4.33750000e-09  2.50000000e+00  2.57068217e+00 -2.52049397e-02 
 4.33850000e-09  4.33850000e-09  2.50000000e+00  2.56303117e+00 -2.62797627e-02 
 4.33950000e-09  4.33950000e-09  2.50000000e+00  2.55368366e+00 -2.73811819e-02 
 4.34050000e-09  4.34050000e-09  2.50000000e+00  2.54257923e+00 -2.85277251e-02 
 4.34150000e-09  4.34150000e-09  2.50000000e+00  2.52966205e+00 -2.96687172e-02 
 4.34250000e-09  4.34250000e-09  2.50000000e+00  2.51487877e+00 -3.08185263e-02 
 4.34350000e-09  4.34350000e-09  2.50000000e+00  2.49817618e+00 -3.19228299e-02 
 4.34450000e-09  4.34450000e-09  2.50000000e+00  2.47950443e+00 -3.30050987e-02 
 4.34550000e-09  4.34550000e-09  2.50000000e+00  2.45881980e+00 -3.40200732e-02 
 4.34650000e-09  4.34650000e-09  2.50000000e+00  2.43607776e+00 -3.49806379e-02 
 4.34750000e-09  4.34750000e-09  2.50000000e+00  2.41122570e+00 -3.58308003e-02 
 4.34850000e-09  4.34850000e-09  2.50000000e+00  2.38419790e+00 -3.65786848e-02 
 4.34950000e-09  4.34950000e-09  2.50000000e+00  2.35490828e+00 -3.71608115e-02 
 4.35050000e-09  4.35050000e-09  2.50000000e+00  2.32323925e+00 -3.75728591e-02 
 4.35150000e-09  4.35150000e-09  2.50000000e+00  2.28902313e+00 -3.77293813e-02 
 4.35250000e-09  4.35250000e-09  2.50000000e+00  2.25200813e+00 -3.75842476e-02 
 4.35350000e-09  4.35350000e-09  2.50000000e+00  2.21178816e+00 -3.69635690e-02 
 4.35450000e-09  4.35450000e-09  2.50000000e+00  2.16760371e+00 -3.55614668e-02 
 4.35550000e-09  4.35550000e-09  2.50000000e+00  2.11774384e+00 -3.24336085e-02 
 4.35650000e-09  4.35650000e-09  2.50000000e+00  2.06055816e+00 -2.88632052e-02 
 4.35750000e-09  4.35750000e-09  2.50000000e+00  1.99722068e+00 -2.77535608e-02 
 4.35850000e-09  4.35850000e-09  2.50000000e+00  1.92950550e+00 -2.67634537e-02 
 4.35950000e-09  4.35950000e-09  2.50000000e+00  1.85774024e+00 -2.59045982e-02 
 4.36050000e-09  4.36050000e-09  2.50000000e+00  1.78223448e+00 -2.51316123e-02 
 4.36150000e-09  4.36150000e-09  2.50000000e+00  1.70328035e+00 -2.44607652e-02 
 4.36250000e-09  4.36250000e-09  2.50000000e+00  1.62115309e+00 -2.38505994e-02 
 4.36350000e-09  4.36350000e-09  2.50000000e+00  1.53611158e+00 -2.33207933e-02 
 4.36450000e-09  4.36450000e-09  2.50000000e+00  1.44844183e+00 -2.28894851e-02 
 4.36550000e-09  4.36550000e-09  2.50000000e+00  1.35934709e+00 -2.33428812e-02 
 4.36650000e-09  4.36650000e-09  2.50000000e+00  1.27035686e+00 -2.34871309e-02 
 4.36750000e-09  4.36750000e-09  2.50000000e+00  1.18242445e+00 -2.34699251e-02 
 4.36850000e-09  4.36850000e-09  2.50000000e+00  1.09638102e+00 -2.32471010e-02 
 4.36950000e-09  4.36950000e-09  2.50000000e+00  1.01292242e+00 -2.29232850e-02 
 4.37050000e-09  4.37050000e-09  2.50000000e+00  9.32613821e-01 -2.24441369e-02 
 4.37150000e-09  4.37150000e-09  2.50000000e+00  8.55897034e-01 -2.19086293e-02 
 4.37250000e-09  4.37250000e-09  2.50000000e+00  7.83099963e-01 -2.12586915e-02 
 4.37350000e-09  4.37350000e-09  2.50000000e+00  7.14447420e-01 -2.05902805e-02 
 4.37450000e-09  4.37450000e-09  2.50000000e+00  6.50072770e-01 -1.98424747e-02 
 4.37550000e-09  4.37550000e-09  2.50000000e+00  5.90029877e-01 -1.91083143e-02 
 4.37650000e-09  4.37650000e-09  2.50000000e+00  5.34304931e-01 -1.83238264e-02 
 4.37750000e-09  4.37750000e-09  2.50000000e+00  4.82827809e-01 -1.75788782e-02 
 4.37850000e-09  4.37850000e-09  2.50000000e+00  4.35482715e-01 -1.68062523e-02 
 4.37950000e-09  4.37950000e-09  2.50000000e+00  3.92119330e-01 -1.61000967e-02 
 4.38050000e-09  4.38050000e-09  2.50000000e+00  3.52555210e-01 -1.53782097e-02 
 4.38150000e-09  4.38150000e-09  2.50000000e+00  3.16578607e-01 -1.47102943e-02 
 4.38250000e-09  4.38250000e-09  2.50000000e+00  2.83962400e-01 -1.40219750e-02 
 4.38350000e-09  4.38350000e-09  2.50000000e+00  2.54474243e-01 -1.33932643e-02 
 4.38450000e-09  4.38450000e-09  2.50000000e+00  2.27881389e-01 -1.27481166e-02 
 4.38550000e-09  4.38550000e-09  2.50000000e+00  2.03954596e-01 -1.21651468e-02 
 4.38650000e-09  4.38650000e-09  2.50000000e+00  1.82471215e-01 -1.15671780e-02 
 4.38750000e-09  4.38750000e-09  2.50000000e+00  1.63217543e-01 -1.10319280e-02 
 4.38850000e-09  4.38850000e-09  2.50000000e+00  1.45990550e-01 -1.04815240e-02 
 4.38950000e-09  4.38950000e-09  2.50000000e+00  1.30599045e-01 -9.99315879e-03 
 4.39050000e-09  4.39050000e-09  2.50000000e+00  1.16864391e-01 -9.48857662e-03 
 4.39150000e-09  4.39150000e-09  2.50000000e+00  1.04620843e-01 -9.04470281e-03 
 4.39250000e-09  4.39250000e-09  2.50000000e+00  9.37155686e-02 -8.58310699e-03 
 4.39350000e-09  4.39350000e-09  2.50000000e+00  8.40084303e-02 -8.18061215e-03 
 4.39450000e-09  4.39450000e-09  2.50000000e+00  7.53715826e-02 -7.75874101e-03 
 4.39550000e-09  4.39550000e-09  2.50000000e+00  6.76889271e-02 -7.39431072e-03 
 4.39650000e-09  4.39650000e-09  2.50000000e+00  6.08554718e-02 -7.00886759e-03 
 4.39750000e-09  4.39750000e-09  2.50000000e+00  5.47766278e-02 -6.67927252e-03 
 4.39850000e-09  4.39850000e-09  2.50000000e+00  4.93674709e-02 -6.32712836e-03 
 4.39950000e-09  4.39950000e-09  2.50000000e+00  4.45519914e-02 -6.02935977e-03 
 4.40050000e-09  4.40050000e-09  2.50000000e+00  4.02623496e-02 -5.70763651e-03 
 4.40150000e-09  4.40150000e-09  2.50000000e+00  3.64381507e-02 -5.43895030e-03 
 4.40250000e-09  4.40250000e-09  2.50000000e+00  3.30257498e-02 -5.14503609e-03 
 4.40350000e-09  4.40350000e-09  2.50000000e+00  2.99775927e-02 -4.90294766e-03 
 4.40450000e-09  4.40450000e-09  2.50000000e+00  2.72462195e-02 -4.61329498e-03 
 4.40550000e-09  4.40550000e-09  2.50000000e+00  2.47899421e-02 -4.37400925e-03 
 4.40650000e-09  4.40650000e-09  2.50000000e+00  2.25787579e-02 -4.11169002e-03 
 4.40750000e-09  4.40750000e-09  2.50000000e+00  2.05874981e-02 -3.90436123e-03 
 4.40850000e-09  4.40850000e-09  2.50000000e+00  1.87933955e-02 -3.67150600e-03 
 4.40950000e-09  4.40950000e-09  2.50000000e+00  1.71759242e-02 -3.49141469e-03 
 4.41050000e-09  4.41050000e-09  2.50000000e+00  1.57166253e-02 -3.28377798e-03 
 4.41150000e-09  4.41150000e-09  2.50000000e+00  1.43989333e-02 -3.12707003e-03 
 4.41250000e-09  4.41250000e-09  2.50000000e+00  1.32080081e-02 -2.94114500e-03 
 4.41350000e-09  4.41350000e-09  2.50000000e+00  1.21305744e-02 -2.80462296e-03 
 4.41450000e-09  4.41450000e-09  2.50000000e+00  1.11547712e-02 -2.63748874e-03 
 4.41550000e-09  4.41550000e-09  2.50000000e+00  1.02700106e-02 -2.51847974e-03 
 4.41650000e-09  4.41650000e-09  2.50000000e+00  9.46684856e-03 -2.36768631e-03 
 4.41750000e-09  4.41750000e-09  2.50000000e+00  8.73686540e-03 -2.26394099e-03 
 4.41850000e-09  4.41850000e-09  2.50000000e+00  8.07255765e-03 -2.12742006e-03 
 4.41950000e-09  4.41950000e-09  2.50000000e+00  7.46723949e-03 -2.03703378e-03 
 4.42050000e-09  4.42050000e-09  2.50000000e+00  6.91495384e-03 -1.91302883e-03 
 4.42150000e-09  4.42150000e-09  2.50000000e+00  6.41039239e-03 -1.83437936e-03 
 4.42250000e-09  4.42250000e-09  2.50000000e+00  5.94882383e-03 -1.72139010e-03 
 4.42350000e-09  4.42350000e-09  2.50000000e+00  5.52602951e-03 -1.65308801e-03 
 4.42450000e-09  4.42450000e-09  2.50000000e+00  5.13824617e-03 -1.54982596e-03 
 4.42550000e-09  4.42550000e-09  2.50000000e+00  4.78211474e-03 -1.49067484e-03 
 4.42650000e-09  4.42650000e-09  2.50000000e+00  4.45463488e-03 -1.39602767e-03 
 4.42750000e-09  4.42750000e-09  2.50000000e+00  4.15312459e-03 -1.34499206e-03 
 4.42850000e-09  4.42850000e-09  2.50000000e+00  3.87518430e-03 -1.25799473e-03 
 4.42950000e-09  4.42950000e-09  2.50000000e+00  3.61889620e-03 -1.21532555e-03 
 4.43050000e-09  4.43050000e-09  2.50000000e+00  3.38225614e-03 -1.13496001e-03 
 4.43150000e-09  4.43150000e-09  2.50000000e+00  3.16324471e-03 -1.09741391e-03 
 4.43250000e-09  4.43250000e-09  2.50000000e+00  2.96034032e-03 -1.02315906e-03 
 4.43350000e-09  4.43350000e-09  2.50000000e+00  2.77217162e-03 -9.91387539e-04 
 4.43450000e-09  4.43450000e-09  2.50000000e+00  2.59750076e-03 -9.22590148e-04 
 4.43550000e-09  4.43550000e-09  2.50000000e+00  2.43520910e-03 -8.95978515e-04 
 4.43650000e-09  4.43650000e-09  2.50000000e+00  2.28428456e-03 -8.32061533e-04 
 4.43750000e-09  4.43750000e-09  2.50000000e+00  2.14381032e-03 -8.10067619e-04 
 4.43850000e-09  4.43850000e-09  2.50000000e+00  2.01295484e-03 -7.50521265e-04 
 4.43950000e-09  4.43950000e-09  2.50000000e+00  1.89096299e-03 -7.32665394e-04 
 4.44050000e-09  4.44050000e-09  2.50000000e+00  1.77714812e-03 -6.77038009e-04 
 4.44150000e-09  4.44150000e-09  2.50000000e+00  1.67088508e-03 -6.62894633e-04 
 4.44250000e-09  4.44250000e-09  2.50000000e+00  1.57160397e-03 -6.10785029e-04 
 4.44350000e-09  4.44350000e-09  2.50000000e+00  1.47878457e-03 -5.99975714e-04 
 4.44450000e-09  4.44450000e-09  2.50000000e+00  1.39195143e-03 -5.51026733e-04 
 4.44550000e-09  4.44550000e-09  2.50000000e+00  1.31066947e-03 -5.43214233e-04 
 4.44650000e-09  4.44650000e-09  2.50000000e+00  1.23454000e-03 -4.97107289e-04 
 4.44750000e-09  4.44750000e-09  2.50000000e+00  1.16319731e-03 -4.91990514e-04 
 4.44850000e-09  4.44850000e-09  2.50000000e+00  1.09630547e-03 -4.48440937e-04 
 4.44950000e-09  4.44950000e-09  2.50000000e+00  1.03355554e-03 -4.45750646e-04 
 4.45050000e-09  4.45050000e-09  2.50000000e+00  9.74663138e-04 -4.04503696e-04 
 4.45150000e-09  4.45150000e-09  2.50000000e+00  9.19366109e-04 -4.03998790e-04 
 4.45250000e-09  4.45250000e-09  2.50000000e+00  8.67422578e-04 -3.64826213e-04 
 4.45350000e-09  4.45350000e-09  2.50000000e+00  8.18609120e-04 -3.66290536e-04 
 4.45450000e-09  4.45450000e-09  2.50000000e+00  7.72719146e-04 -3.28987579e-04 
 4.45550000e-09  4.45550000e-09  2.50000000e+00  7.29561445e-04 -3.32227134e-04 
 4.45650000e-09  4.45650000e-09  2.50000000e+00  6.88958863e-04 -2.96609947e-04 
 4.45750000e-09  4.45750000e-09  2.50000000e+00  6.50747124e-04 -3.01450465e-04 
 4.45850000e-09  4.45850000e-09  2.50000000e+00  6.14773752e-04 -2.67353828e-04 
 4.45950000e-09  4.45950000e-09  2.50000000e+00  5.80897105e-04 -2.73638638e-04 
 4.46050000e-09  4.46050000e-09  2.50000000e+00  5.48985495e-04 -2.40913963e-04 
 4.46150000e-09  4.46150000e-09  2.50000000e+00  5.18916395e-04 -2.48502119e-04 
 4.46250000e-09  4.46250000e-09  2.50000000e+00  4.90575708e-04 -2.17015690e-04 
 4.46350000e-09  4.46350000e-09  2.50000000e+00  4.63857119e-04 -2.25780316e-04 
 4.46450000e-09  4.46450000e-09  2.50000000e+00  4.38661486e-04 -1.95411732e-04 
 4.46550000e-09  4.46550000e-09  2.50000000e+00  4.14896303e-04 -2.05238559e-04 
 4.46650000e-09  4.46650000e-09  2.50000000e+00  3.92475194e-04 -1.75879355e-04 
 4.46750000e-09  4.46750000e-09  2.50000000e+00  3.71317461e-04 -1.86665419e-04 
 4.46850000e-09  4.46850000e-09  2.50000000e+00  3.51347668e-04 -1.58217844e-04 
 4.46950000e-09  4.46950000e-09  2.50000000e+00  3.32495256e-04 -1.69870332e-04 
 4.47050000e-09  4.47050000e-09  2.50000000e+00  3.14694194e-04 -1.42246253e-04 
 4.47150000e-09  4.47150000e-09  2.50000000e+00  2.97882656e-04 -1.54681469e-04 
 4.47250000e-09  4.47250000e-09  2.50000000e+00  2.82002727e-04 -1.27801400e-04 
 4.47350000e-09  4.47350000e-09  2.50000000e+00  2.67000129e-04 -1.40943850e-04 
 4.47450000e-09  4.47450000e-09  2.50000000e+00  2.52823970e-04 -1.14736082e-04 
 4.47550000e-09  4.47550000e-09  2.50000000e+00  2.39426513e-04 -1.28517648e-04 
 4.47650000e-09  4.47650000e-09  2.50000000e+00  2.26762963e-04 -1.02917470e-04 
 4.47750000e-09  4.47750000e-09  2.50000000e+00  2.14791267e-04 -1.17276675e-04 
 4.47850000e-09  4.47850000e-09  2.50000000e+00  2.03471933e-04 -9.22256783e-05 
 4.47950000e-09  4.47950000e-09  2.50000000e+00  1.92767862e-04 -1.07107025e-04 
 4.48050000e-09  4.48050000e-09  2.50000000e+00  1.82644189e-04 -8.25524759e-05 
 4.48150000e-09  4.48150000e-09  2.50000000e+00  1.73068138e-04 -9.79058550e-05 
 4.48250000e-09  4.48250000e-09  2.50000000e+00  1.64008888e-04 -7.38001369e-05 
 4.48350000e-09  4.48350000e-09  2.50000000e+00  1.55437447e-04 -8.95802967e-05 
 4.48450000e-09  4.48450000e-09  2.50000000e+00  1.47326537e-04 -6.58804030e-05 
 4.48550000e-09  4.48550000e-09  2.50000000e+00  1.39650481e-04 -8.20464701e-05 
 4.48650000e-09  4.48650000e-09  2.50000000e+00  1.32385110e-04 -5.87135532e-05 
 4.48750000e-09  4.48750000e-09  2.50000000e+00  1.25507660e-04 -7.52286034e-05 
 4.48850000e-09  4.48850000e-09  2.50000000e+00  1.18996693e-04 -5.22275662e-05 
 4.48950000e-09  4.48950000e-09  2.50000000e+00  1.12832008e-04 -6.90582383e-05 
 4.49050000e-09  4.49050000e-09  2.50000000e+00  1.06994571e-04 -4.63573682e-05 
 4.49150000e-09  4.49150000e-09  2.50000000e+00  1.01466437e-04 -6.34735155e-05 
 4.49250000e-09  4.49250000e-09  2.50000000e+00  9.62306926e-05 -4.10441538e-05 
 4.49350000e-09  4.49350000e-09  2.50000000e+00  9.12713848e-05 -5.84185315e-05 
 4.49450000e-09  4.49450000e-09  2.50000000e+00  8.65734688e-05 -3.62347763e-05 
 4.49550000e-09  4.49550000e-09  2.50000000e+00  8.21227516e-05 -5.38427587e-05 
 4.49650000e-09  4.49650000e-09  2.50000000e+00  7.79058414e-05 -3.18811971e-05 
 4.49750000e-09  4.49750000e-09  2.50000000e+00  7.39101001e-05 -4.97005235e-05 
 4.49850000e-09  4.49850000e-09  2.50000000e+00  7.01235987e-05 -2.79399899e-05 
 4.49950000e-09  4.49950000e-09  2.50000000e+00  6.65350757e-05 -4.59505353e-05 
 4.50050000e-09  4.50050000e-09  2.50000000e+00  6.31338976e-05 -2.43718938e-05 
 4.50150000e-09  4.50150000e-09  2.50000000e+00  5.99100226e-05 -4.25554621e-05 
 4.50250000e-09  4.50250000e-09  2.50000000e+00  5.68539659e-05 -2.11414099e-05 
 4.50350000e-09  4.50350000e-09  2.50000000e+00  5.39567675e-05 -3.94815478e-05 
 4.50450000e-09  4.50450000e-09  2.50000000e+00  5.12099620e-05 -1.82164385e-05 
 4.50550000e-09  4.50550000e-09  2.50000000e+00  4.86055497e-05 -3.66982665e-05 
 4.50650000e-09  4.50650000e-09  2.50000000e+00  4.61359704e-05 -1.55679500e-05 
 4.50750000e-09  4.50750000e-09  2.50000000e+00  4.37940779e-05 -3.41780112e-05 
 4.50850000e-09  4.50850000e-09  2.50000000e+00  4.15731165e-05 -1.31696895e-05 
 4.50950000e-09  4.50950000e-09  2.50000000e+00  3.94666990e-05 -3.18958125e-05 
 4.51050000e-09  4.51050000e-09  2.50000000e+00  3.74687855e-05 -1.09979098e-05 
 4.51150000e-09  4.51150000e-09  2.50000000e+00  3.55736638e-05 -2.98290848e-05 
 4.51250000e-09  4.51250000e-09  2.50000000e+00  3.37759313e-05 -9.03112946e-06 
 4.51350000e-09  4.51350000e-09  2.50000000e+00  3.20704772e-05 -2.79573968e-05 
 4.51450000e-09  4.51450000e-09  2.50000000e+00  3.04524665e-05 -7.24991576e-06 
 4.51550000e-09  4.51550000e-09  2.50000000e+00  2.89173243e-05 -2.62622649e-05 
 4.51650000e-09  4.51650000e-09  2.50000000e+00  2.74607215e-05 -5.63668762e-06 
 4.51750000e-09  4.51750000e-09  2.50000000e+00  2.60785610e-05 -2.47269663e-05 
 4.51850000e-09  4.51850000e-09  2.50000000e+00  2.47669649e-05 -4.17553814e-06 
 4.51950000e-09  4.51950000e-09  2.50000000e+00  2.35222627e-05 -2.33363699e-05 
 4.52050000e-09  4.52050000e-09  2.50000000e+00  2.23409791e-05 -2.85207414e-06 
 4.52150000e-09  4.52150000e-09  2.50000000e+00  2.12198242e-05 -2.20767842e-05 
 4.52250000e-09  4.52250000e-09  2.50000000e+00  2.01556824e-05 -1.65327121e-06 
 4.52350000e-09  4.52350000e-09  2.50000000e+00  1.91456038e-05 -2.09358193e-05 
 4.52450000e-09  4.52450000e-09  2.50000000e+00  1.81867942e-05 -5.67342809e-07 
 4.52550000e-09  4.52550000e-09  2.50000000e+00  1.72766074e-05 -1.99022623e-05 
 4.52650000e-09  4.52650000e-09  2.50000000e+00  1.64125367e-05  4.16378126e-07 
 4.52750000e-09  4.52750000e-09  2.50000000e+00  1.55922073e-05 -1.89659653e-05 
 4.52850000e-09  4.52850000e-09  2.50000000e+00  1.48133695e-05  1.30754606e-06 
 4.52950000e-09  4.52950000e-09  2.50000000e+00  1.40738918e-05 -1.81177432e-05 
 4.53050000e-09  4.53050000e-09  2.50000000e+00  1.33717542e-05  2.11489953e-06 
 4.53150000e-09  4.53150000e-09  2.50000000e+00  1.27050427e-05 -1.73492821e-05 
 4.53250000e-09  4.53250000e-09  2.50000000e+00  1.20719433e-05  2.84634852e-06 
 4.53350000e-09  4.53350000e-09  2.50000000e+00  1.14707366e-05 -1.66530562e-05 
 4.53450000e-09  4.53450000e-09  2.50000000e+00  1.08997929e-05  3.50905339e-06 
 4.53550000e-09  4.53550000e-09  2.50000000e+00  1.03575675e-05 -1.60222528e-05 
 4.53650000e-09  4.53650000e-09  2.50000000e+00  9.84259575e-06  4.10949630e-06 
 4.53750000e-09  4.53750000e-09  2.50000000e+00  9.35348926e-06 -1.54507042e-05 
 4.53850000e-09  4.53850000e-09  2.50000000e+00  8.88893152e-06  4.65354577e-06 
 4.53950000e-09  4.53950000e-09  2.50000000e+00  8.44767424e-06 -1.49328264e-05 
 4.54050000e-09  4.54050000e-09  2.50000000e+00  8.02853369e-06  5.14651506e-06 
 4.54150000e-09  4.54150000e-09  2.50000000e+00  7.63038731e-06 -1.44635637e-05 
 4.54250000e-09  4.54250000e-09  2.50000000e+00  7.25217045e-06  5.59321489e-06 
 4.54350000e-09  4.54350000e-09  2.50000000e+00  6.89287332e-06 -1.40383384e-05 
 4.54450000e-09  4.54450000e-09  2.50000000e+00  6.55153815e-06  5.99800127e-06 
 4.54550000e-09  4.54550000e-09  2.50000000e+00  6.22725638e-06 -1.36530054e-05 
 4.54650000e-09  4.54650000e-09  2.50000000e+00  5.91916614e-06  6.36481862e-06 
 4.54750000e-09  4.54750000e-09  2.50000000e+00  5.62644977e-06 -1.33038113e-05 
 4.54850000e-09  4.54850000e-09  2.50000000e+00  5.34833153e-06  6.69723885e-06 
 4.54950000e-09  4.54950000e-09  2.50000000e+00  5.08407538e-06 -1.29873568e-05 
 4.55050000e-09  4.55050000e-09  2.50000000e+00  4.83298293e-06  6.99849668e-06 
 4.55150000e-09  4.55150000e-09  2.50000000e+00  4.59439149e-06 -1.27005637e-05 
 4.55250000e-09  4.55250000e-09  2.50000000e+00  4.36767217e-06  7.27152162e-06 
 4.55350000e-09  4.55350000e-09  2.50000000e+00  4.15222816e-06 -1.24406440e-05 
 4.55450000e-09  4.55450000e-09  2.50000000e+00  3.94749306e-06  7.51896684e-06 
 4.55550000e-09  4.55550000e-09  2.50000000e+00  3.75292928e-06 -1.22050728e-05 
 4.55650000e-09  4.55650000e-09  2.50000000e+00  3.56802660e-06  7.74323540e-06 
 4.55750000e-09  4.55750000e-09  2.50000000e+00  3.39230068e-06 -1.19915631e-05 
 4.55850000e-09  4.55850000e-09  2.50000000e+00  3.22529178e-06  7.94650388e-06 
 4.55950000e-09  4.55950000e-09  2.50000000e+00  3.06656349e-06 -1.17980433e-05 
 4.56050000e-09  4.56050000e-09  2.50000000e+00  2.91570149e-06  8.13074382e-06 
 4.56150000e-09  4.56150000e-09  2.50000000e+00  2.77231245e-06 -1.16226370e-05 
 4.56250000e-09  4.56250000e-09  2.50000000e+00  2.63602293e-06  8.29774110e-06 
 4.56350000e-09  4.56350000e-09  2.50000000e+00  2.50647836e-06 -1.14636445e-05 
 4.56450000e-09  4.56450000e-09  2.50000000e+00  2.38334210e-06  8.44911349e-06 
 4.56550000e-09  4.56550000e-09  2.50000000e+00  2.26629447e-06 -1.13195261e-05 
 4.56650000e-09  4.56650000e-09  2.50000000e+00  2.15503193e-06  8.58632652e-06 
 4.56750000e-09  4.56750000e-09  2.50000000e+00  2.04926622e-06 -1.11888867e-05 
 4.56850000e-09  4.56850000e-09  2.50000000e+00  1.94872361e-06  8.71070789e-06 
 4.56950000e-09  4.56950000e-09  2.50000000e+00  1.85314412e-06 -1.10704628e-05 
 4.57050000e-09  4.57050000e-09  2.50000000e+00  1.76228087e-06  8.82346043e-06 
 4.57150000e-09  4.57150000e-09  2.50000000e+00  1.67589936e-06 -1.09631094e-05 
 4.57250000e-09  4.57250000e-09  2.50000000e+00  1.59377688e-06  8.92567391e-06 
 4.57350000e-09  4.57350000e-09  2.50000000e+00  1.51570188e-06 -1.08657892e-05 
 4.57450000e-09  4.57450000e-09  2.50000000e+00  1.44147342e-06  9.01833572e-06 
 4.57550000e-09  4.57550000e-09  2.50000000e+00  1.37090065e-06 -1.07775623e-05 
 4.57650000e-09  4.57650000e-09  2.50000000e+00  1.30380224e-06  9.10234046e-06 
 4.57750000e-09  4.57750000e-09  2.50000000e+00  1.24000597e-06 -1.06975771e-05 
 4.57850000e-09  4.57850000e-09  2.50000000e+00  1.17934821e-06  9.17849875e-06 
 4.57950000e-09  4.57950000e-09  2.50000000e+00  1.12167351e-06 -1.06250622e-05 
 4.58050000e-09  4.58050000e-09  2.50000000e+00  1.06683421e-06  9.24754510e-06 
 4.58150000e-09  4.58150000e-09  2.50000000e+00  1.01468999e-06 -1.05593181e-05 
 4.58250000e-09  4.58250000e-09  2.50000000e+00  9.65107551e-07  9.31014510e-06 
 4.58350000e-09  4.58350000e-09  2.50000000e+00  9.17960232e-07 -1.04997115e-05 
 4.58450000e-09  4.58450000e-09  2.50000000e+00  8.73127691e-07  9.36690187e-06 
 4.58550000e-09  4.58550000e-09  2.50000000e+00  8.30495576e-07 -1.04456680e-05 
 4.58650000e-09  4.58650000e-09  2.50000000e+00  7.89955231e-07  9.41836199e-06 
 4.58750000e-09  4.58750000e-09  2.50000000e+00  7.51403406e-07 -1.03966675e-05 
 4.58850000e-09  4.58850000e-09  2.50000000e+00  7.14741985e-07  9.46502079e-06 
 4.58950000e-09  4.58950000e-09  2.50000000e+00  6.79877731e-07 -1.03522383e-05 
 4.59050000e-09  4.59050000e-09  2.50000000e+00  6.46722037e-07  9.50732714e-06 
 4.59150000e-09  4.59150000e-09  2.50000000e+00  6.15190697e-07 -1.03119531e-05 
 4.59250000e-09  4.59250000e-09  2.50000000e+00  5.85203687e-07  9.54568787e-06 
 4.59350000e-09  4.59350000e-09  2.50000000e+00  5.56684951e-07 -1.02754247e-05 
 4.59450000e-09  4.59450000e-09  2.50000000e+00  5.29562203e-07  9.58047171e-06 
 4.59550000e-09  4.59550000e-09  2.50000000e+00  5.03766743e-07 -1.02423020e-05 
 4.59650000e-09  4.59650000e-09  2.50000000e+00  4.79233274e-07  9.61201281e-06 
 4.59750000e-09  4.59750000e-09  2.50000000e+00  4.55899730e-07 -1.02122668e-05 
 4.59850000e-09  4.59850000e-09  2.50000000e+00  4.33707120e-07  9.64061408e-06 
 4.59950000e-09  4.59950000e-09  2.50000000e+00  4.12599371e-07 -1.01850308e-05 
 4.60050000e-09  4.60050000e-09  2.50000000e+00  3.92523183e-07  9.66655005e-06 
 4.60150000e-09  4.60150000e-09  2.50000000e+00  3.73427892e-07 -1.01603327e-05 
 4.60250000e-09  4.60250000e-09  2.50000000e+00  3.55265335e-07  9.69006956e-06 
 4.60350000e-09  4.60350000e-09  2.50000000e+00  3.37989731e-07 -1.01379355e-05 
 4.60450000e-09  4.60450000e-09  2.50000000e+00  3.21557559e-07  9.71139818e-06 
 4.60550000e-09  4.60550000e-09  2.50000000e+00  3.05927445e-07 -1.01176244e-05 
 4.60650000e-09  4.60650000e-09  2.50000000e+00  2.91060056e-07  9.73074036e-06 
 4.60750000e-09  4.60750000e-09  2.50000000e+00  2.76918001e-07 -1.00992048e-05 
 4.60850000e-09  4.60850000e-09  2.50000000e+00  2.63465731e-07  9.74828144e-06 
 4.60950000e-09  4.60950000e-09  2.50000000e+00  2.50669449e-07 -1.00825002e-05 
 4.61050000e-09  4.61050000e-09  2.50000000e+00  2.38497023e-07  9.76418944e-06 
 4.61150000e-09  4.61150000e-09  2.50000000e+00  2.26917905e-07 -1.00673507e-05 
 4.61250000e-09  4.61250000e-09  2.50000000e+00  2.15903048e-07  9.77861668e-06 
 4.61350000e-09  4.61350000e-09  2.50000000e+00  2.05424836e-07 -1.00536113e-05 
 4.61450000e-09  4.61450000e-09  2.50000000e+00  1.95457013e-07  9.79170122e-06 
 4.61550000e-09  4.61550000e-09  2.50000000e+00  1.85974613e-07 -1.00411504e-05 
 4.61650000e-09  4.61650000e-09  2.50000000e+00  1.76953897e-07  9.80356823e-06 
 4.61750000e-09  4.61750000e-09  2.50000000e+00  1.68372294e-07 -1.00298489e-05 
 4.61850000e-09  4.61850000e-09  2.50000000e+00  1.60208340e-07  9.81433122e-06 
 4.61950000e-09  4.61950000e-09  2.50000000e+00  1.52441628e-07 -1.00195987e-05 
 4.62050000e-09  4.62050000e-09  2.50000000e+00  1.45052750e-07  9.82409306e-06 
 4.62150000e-09  4.62150000e-09  2.50000000e+00  1.38023254e-07 -1.00103019e-05 
 4.62250000e-09  4.62250000e-09  2.50000000e+00  1.31335590e-07  9.83294702e-06 
 4.62350000e-09  4.62350000e-09  2.50000000e+00  1.24973071e-07 -1.00018696e-05 
 4.62450000e-09  4.62450000e-09  2.50000000e+00  1.18919829e-07  9.84097769e-06 
 4.62550000e-09  4.62550000e-09  2.50000000e+00  1.13160773e-07 -9.99422140e-06 
 4.62650000e-09  4.62650000e-09  2.50000000e+00  1.07681550e-07  9.84826175e-06 
 4.62750000e-09  4.62750000e-09  2.50000000e+00  1.02468513e-07 -9.98728417e-06 
 4.62850000e-09  4.62850000e-09  2.50000000e+00  9.75086834e-08  9.85486871e-06 
 4.62950000e-09  4.62950000e-09  2.50000000e+00  9.27897165e-08 -9.98099173e-06 
 4.63050000e-09  4.63050000e-09  2.50000000e+00  8.82998729e-08  9.86086162e-06 
 4.63150000e-09  4.63150000e-09  2.50000000e+00  8.40279878e-08 -9.97528406e-06 
 4.63250000e-09  4.63250000e-09  2.50000000e+00  7.99634428e-08  9.86629764e-06 
 4.63350000e-09  4.63350000e-09  2.50000000e+00  7.60961391e-08 -9.97010674e-06 
 4.63450000e-09  4.63450000e-09  2.50000000e+00  7.24164710e-08  9.87122859e-06 
 4.63550000e-09  4.63550000e-09  2.50000000e+00  6.89153033e-08 -9.96541041e-06 
 4.63650000e-09  4.63650000e-09  2.50000000e+00  6.55839475e-08  9.87570149e-06 
 4.63750000e-09  4.63750000e-09  2.50000000e+00  6.24141395e-08 -9.96115031e-06 
 4.63850000e-09  4.63850000e-09  2.50000000e+00  5.93980185e-08  9.87975893e-06 
 4.63950000e-09  4.63950000e-09  2.50000000e+00  5.65281078e-08 -9.95728586e-06 
 4.64050000e-09  4.64050000e-09  2.50000000e+00  5.37972964e-08  9.88343958e-06 
 4.64150000e-09  4.64150000e-09  2.50000000e+00  5.11988202e-08 -9.95378026e-06 
 4.64250000e-09  4.64250000e-09  2.50000000e+00  4.87262452e-08  9.88677847e-06 
 4.64350000e-09  4.64350000e-09  2.50000000e+00  4.63734515e-08 -9.95060014e-06 
 4.64450000e-09  4.64450000e-09  2.50000000e+00  4.41346175e-08  9.88980738e-06 
 4.64550000e-09  4.64550000e-09  2.50000000e+00  4.20042059e-08 -9.94771524e-06 
 4.64650000e-09  4.64650000e-09  2.50000000e+00  3.99769494e-08  9.89255514e-06 
 4.64750000e-09  4.64750000e-09  2.50000000e+00  3.80478378e-08 -9.94509810e-06 
 4.64850000e-09  4.64850000e-09  2.50000000e+00  3.62121047e-08  9.89504787e-06 
 4.64950000e-09  4.64950000e-09  2.50000000e+00  3.44652159e-08 -9.94272384e-06 
 4.65050000e-09  4.65050000e-09  2.50000000e+00  3.28028583e-08  9.89730929e-06 
 4.65150000e-09  4.65150000e-09  2.50000000e+00  3.12209291e-08 -9.94056990e-06 
 4.65250000e-09  4.65250000e-09  2.50000000e+00  2.97155253e-08  9.89936088e-06 
 4.65350000e-09  4.65350000e-09  2.50000000e+00  2.82829339e-08 -9.93861579e-06 
 4.65450000e-09  4.65450000e-09  2.50000000e+00  2.69196224e-08  9.90122215e-06 
 4.65550000e-09  4.65550000e-09  2.50000000e+00  2.56222310e-08 -9.93684294e-06 
 4.65650000e-09  4.65650000e-09  2.50000000e+00  2.43875624e-08  9.90291077e-06 
 4.65750000e-09  4.65750000e-09  2.50000000e+00  2.32125755e-08 -9.93523453e-06 
 4.65850000e-09  4.65850000e-09  2.50000000e+00  2.20943769e-08  9.90444278e-06 
 4.65950000e-09  4.65950000e-09  2.50000000e+00  2.10302140e-08 -9.93377528e-06 
 4.66050000e-09  4.66050000e-09  2.50000000e+00  2.00174686e-08  9.90583273e-06 
 4.66150000e-09  4.66150000e-09  2.50000000e+00  1.90536491e-08 -9.93245134e-06 
 4.66250000e-09  4.66250000e-09  2.50000000e+00  1.81363851e-08  9.90709381e-06 
 4.66350000e-09  4.66350000e-09  2.50000000e+00  1.72634216e-08 -9.93125014e-06 
 4.66450000e-09  4.66450000e-09  2.50000000e+00  1.64326127e-08  9.90823797e-06 
 4.66550000e-09  4.66550000e-09  2.50000000e+00  1.56419174e-08 -9.93016030e-06 
 4.66650000e-09  4.66650000e-09  2.50000000e+00  1.48893937e-08  9.90927609e-06 
 4.66750000e-09  4.66750000e-09  2.50000000e+00  1.41731937e-08 -9.92917146e-06 
 4.66850000e-09  4.66850000e-09  2.50000000e+00  1.34915594e-08  9.91021798e-06 
 4.66950000e-09  4.66950000e-09  2.50000000e+00  1.28428180e-08 -9.92827427e-06 
 4.67050000e-09  4.67050000e-09  2.50000000e+00  1.22253775e-08  9.91107260e-06 
 4.67150000e-09  4.67150000e-09  2.50000000e+00  1.16377238e-08 -9.92746021e-06 
 4.67250000e-09  4.67250000e-09  2.50000000e+00  1.10784165e-08  9.91184803e-06 
 4.67350000e-09  4.67350000e-09  2.50000000e+00  1.05460846e-08 -9.92672157e-06 
 4.67450000e-09  4.67450000e-09  2.50000000e+00  1.00394233e-08  9.91255162e-06 
 4.67550000e-09  4.67550000e-09  2.50000000e+00  9.55719165e-09 -9.92605136e-06 
 4.67650000e-09  4.67650000e-09  2.50000000e+00  9.09820895e-09  9.91319004e-06 
 4.67750000e-09  4.67750000e-09  2.50000000e+00  8.66135114e-09 -9.92544323e-06 
 4.67850000e-09  4.67850000e-09  2.50000000e+00  8.24554918e-09  9.91376933e-06 
 4.67950000e-09  4.67950000e-09  2.50000000e+00  7.84978546e-09 -9.92489142e-06 
 4.68050000e-09  4.68050000e-09  2.50000000e+00  7.47309158e-09  9.91429496e-06 
 4.68150000e-09  4.68150000e-09  2.50000000e+00  7.11454661e-09 -9.92439070e-06 
 4.68250000e-09  4.68250000e-09  2.50000000e+00  6.77327391e-09  9.91477193e-06 
 4.68350000e-09  4.68350000e-09  2.50000000e+00  6.44843941e-09 -9.92393635e-06 
 4.68450000e-09  4.68450000e-09  2.50000000e+00  6.13924939e-09  9.91520474e-06 
 4.68550000e-09  4.68550000e-09  2.50000000e+00  5.84494847e-09 -9.92352406e-06 
 4.68650000e-09  4.68650000e-09  2.50000000e+00  5.56481793e-09  9.91559748e-06 
 4.68750000e-09  4.68750000e-09  2.50000000e+00  5.29817381e-09 -9.92314994e-06 
 4.68850000e-09  4.68850000e-09  2.50000000e+00  5.04436522e-09  9.91595387e-06 
 4.68950000e-09  4.68950000e-09  2.50000000e+00  4.80277259e-09 -9.92281045e-06 
 4.69050000e-09  4.69050000e-09  2.50000000e+00  4.57280660e-09  9.91627728e-06 
 4.69150000e-09  4.69150000e-09  2.50000000e+00  4.35390675e-09 -9.92250237e-06 
 4.69250000e-09  4.69250000e-09  2.50000000e+00  4.14553872e-09  9.91657076e-06 
 4.69350000e-09  4.69350000e-09  2.50000000e+00  3.94719490e-09 -9.92222280e-06 
 4.69450000e-09  4.69450000e-09  2.50000000e+00  3.75839206e-09  9.91683708e-06 
 4.69550000e-09  4.69550000e-09  2.50000000e+00  3.57866994e-09 -9.92196909e-06 
 4.69650000e-09  4.69650000e-09  2.50000000e+00  3.40759076e-09  9.91707876e-06 
 4.69750000e-09  4.69750000e-09  2.50000000e+00  3.24473797e-09 -9.92173886e-06 
 4.69850000e-09  4.69850000e-09  2.50000000e+00  3.08971535e-09  9.91729809e-06 
 4.69950000e-09  4.69950000e-09  2.50000000e+00  2.94214504e-09 -9.92152993e-06 
 4.70050000e-09  4.70050000e-09  2.50000000e+00  2.80166821e-09  9.91749713e-06 
 4.70150000e-09  4.70150000e-09  2.50000000e+00  2.66794324e-09 -9.92134031e-06 
 4.70250000e-09  4.70250000e-09  2.50000000e+00  2.54064454e-09  9.91767776e-06 
 4.70350000e-09  4.70350000e-09  2.50000000e+00  2.41946277e-09 -9.92116824e-06 
 4.70450000e-09  4.70450000e-09  2.50000000e+00  2.30410349e-09  9.91784168e-06 
 4.70550000e-09  4.70550000e-09  2.50000000e+00  2.19428623e-09 -9.92101207e-06 
 4.70650000e-09  4.70650000e-09  2.50000000e+00  2.08974391e-09  9.91799045e-06 
 4.70750000e-09  4.70750000e-09  2.50000000e+00  1.99022291e-09 -9.92087035e-06 
 4.70850000e-09  4.70850000e-09  2.50000000e+00  1.89548144e-09  9.91812547e-06 
 4.70950000e-09  4.70950000e-09  2.50000000e+00  1.80528919e-09 -9.92074173e-06 
 4.71050000e-09  4.71050000e-09  2.50000000e+00  1.71942762e-09  9.91824800e-06 
 4.71150000e-09  4.71150000e-09  2.50000000e+00  1.63768827e-09 -9.92062499e-06 
 4.71250000e-09  4.71250000e-09  2.50000000e+00  1.55987253e-09  9.91835921e-06 
 4.71350000e-09  4.71350000e-09  2.50000000e+00  1.48579202e-09 -9.92051905e-06 
 4.71450000e-09  4.71450000e-09  2.50000000e+00  1.41526681e-09  9.91846014e-06 
 4.71550000e-09  4.71550000e-09  2.50000000e+00  1.34812599e-09 -9.92042289e-06 
 4.71650000e-09  4.71650000e-09  2.50000000e+00  1.28420665e-09  9.91855174e-06 
 4.71750000e-09  4.71750000e-09  2.50000000e+00  1.22335374e-09 -9.92033563e-06 
 4.71850000e-09  4.71850000e-09  2.50000000e+00  1.16542025e-09  9.91863488e-06 
 4.71950000e-09  4.71950000e-09  2.50000000e+00  1.11026561e-09 -9.92025642e-06 
 4.72050000e-09  4.72050000e-09  2.50000000e+00  1.05775622e-09  9.91871034e-06 
 4.72150000e-09  4.72150000e-09  2.50000000e+00  1.00776520e-09 -9.92018454e-06 
 4.72250000e-09  4.72250000e-09  2.50000000e+00  9.60171401e-10  9.91877882e-06 
 4.72350000e-09  4.72350000e-09  2.50000000e+00  9.14859277e-10 -9.92011929e-06 
 4.72450000e-09  4.72450000e-09  2.50000000e+00  8.71719336e-10  9.91884098e-06 
 4.72550000e-09  4.72550000e-09  2.50000000e+00  8.30647528e-10 -9.92006007e-06 
 4.72650000e-09  4.72650000e-09  2.50000000e+00  7.91544538e-10  9.91889740e-06 
 4.72750000e-09  4.72750000e-09  2.50000000e+00  7.54315614e-10 -9.92000632e-06 
 4.72850000e-09  4.72850000e-09  2.50000000e+00  7.18870918e-10  9.91894861e-06 
 4.72950000e-09  4.72950000e-09  2.50000000e+00  6.85124560e-10 -9.91995754e-06 
 4.73050000e-09  4.73050000e-09  2.50000000e+00  6.52995123e-10  9.91899509e-06 
 4.73150000e-09  4.73150000e-09  2.50000000e+00  6.22404787e-10 -9.91991326e-06 
 4.73250000e-09  4.73250000e-09  2.50000000e+00  5.93279857e-10  9.91903727e-06 
 4.73350000e-09  4.73350000e-09  2.50000000e+00  5.65550058e-10 -9.91987306e-06 
 4.73450000e-09  4.73450000e-09  2.50000000e+00  5.39148276e-10  9.91907556e-06 
 4.73550000e-09  4.73550000e-09  2.50000000e+00  5.14010815e-10 -9.91983658e-06 
 4.73650000e-09  4.73650000e-09  2.50000000e+00  4.90077139e-10  9.91911032e-06 
 4.73750000e-09  4.73750000e-09  2.50000000e+00  4.67289434e-10 -9.91980347e-06 
 4.73850000e-09  4.73850000e-09  2.50000000e+00  4.45592338e-10  9.91914187e-06 
 4.73950000e-09  4.73950000e-09  2.50000000e+00  4.24934003e-10 -9.91977341e-06 
 4.74050000e-09  4.74050000e-09  2.50000000e+00  4.05264682e-10  9.91917051e-06 
 4.74150000e-09  4.74150000e-09  2.50000000e+00  3.86536474e-10 -9.91974613e-06 
 4.74250000e-09  4.74250000e-09  2.50000000e+00  3.68704460e-10  9.91919650e-06 
 4.74350000e-09  4.74350000e-09  2.50000000e+00  3.51725738e-10 -9.91972136e-06 
 4.74450000e-09  4.74450000e-09  2.50000000e+00  3.35559161e-10  9.91922010e-06 
 4.74550000e-09  4.74550000e-09  2.50000000e+00  3.20166215e-10 -9.91969888e-06 
 4.74650000e-09  4.74650000e-09  2.50000000e+00  3.05509875e-10  9.91924151e-06 
 4.74750000e-09  4.74750000e-09  2.50000000e+00  2.91554436e-10 -9.91967848e-06 
 4.74850000e-09  4.74850000e-09  2.50000000e+00  2.78266294e-10  9.91926096e-06 
 4.74950000e-09  4.74950000e-09  2.50000000e+00  2.65613778e-10 -9.91965995e-06 
 4.75050000e-09  4.75050000e-09  2.50000000e+00  2.53566358e-10  9.91927860e-06 
 4.75150000e-09  4.75150000e-09  2.50000000e+00  2.42094817e-10 -9.91964314e-06 
 4.75250000e-09  4.75250000e-09  2.50000000e+00  2.31171609e-10  9.91929462e-06 
 4.75350000e-09  4.75350000e-09  2.50000000e+00  2.20770675e-10 -9.91962788e-06 
 4.75450000e-09  4.75450000e-09  2.50000000e+00  2.10867013e-10  9.91930917e-06 
 4.75550000e-09  4.75550000e-09  2.50000000e+00  2.01436846e-10 -9.91961402e-06 
 4.75650000e-09  4.75650000e-09  2.50000000e+00  1.92457364e-10  9.91932237e-06 
 4.75750000e-09  4.75750000e-09  2.50000000e+00  1.83906897e-10 -9.91960144e-06 
 4.75850000e-09  4.75850000e-09  2.50000000e+00  1.75765091e-10  9.91933435e-06 
 4.75950000e-09  4.75950000e-09  2.50000000e+00  1.68012380e-10 -9.91959003e-06 
 4.76050000e-09  4.76050000e-09  2.50000000e+00  1.60629904e-10  9.91934523e-06 
 4.76150000e-09  4.76150000e-09  2.50000000e+00  1.53599851e-10 -9.91957966e-06 
 4.76250000e-09  4.76250000e-09  2.50000000e+00  1.46905553e-10  9.91935510e-06 
 4.76350000e-09  4.76350000e-09  2.50000000e+00  1.40531218e-10 -9.91957025e-06 
 4.76450000e-09  4.76450000e-09  2.50000000e+00  1.34461228e-10  9.91936407e-06 
 4.76550000e-09  4.76550000e-09  2.50000000e+00  1.28681021e-10 -9.91956171e-06 
 4.76650000e-09  4.76650000e-09  2.50000000e+00  1.23176910e-10  9.91937221e-06 
 4.76750000e-09  4.76750000e-09  2.50000000e+00  1.17935648e-10 -9.91955396e-06 
 4.76850000e-09  4.76850000e-09  2.50000000e+00  1.12944424e-10  9.91937960e-06 
 4.76950000e-09  4.76950000e-09  2.50000000e+00  1.08191572e-10 -9.91954692e-06 
 4.77050000e-09  4.77050000e-09  2.50000000e+00  1.03665772e-10  9.91938630e-06 
 4.77150000e-09  4.77150000e-09  2.50000000e+00  9.93559720e-11 -9.91954053e-06 
 4.77250000e-09  4.77250000e-09  2.50000000e+00  9.52518179e-11  9.91939239e-06 
 4.77350000e-09  4.77350000e-09  2.50000000e+00  9.13435719e-11 -9.91953472e-06 
 4.77450000e-09  4.77450000e-09  2.50000000e+00  8.76217586e-11  9.91939792e-06 
 4.77550000e-09  4.77550000e-09  2.50000000e+00  8.40775172e-11 -9.91952946e-06 
 4.77650000e-09  4.77650000e-09  2.50000000e+00  8.07022497e-11  9.91940294e-06 
 4.77750000e-09  4.77750000e-09  2.50000000e+00  7.74881479e-11 -9.91952467e-06 
 4.77850000e-09  4.77850000e-09  2.50000000e+00  7.44274912e-11  9.91940749e-06 
 4.77950000e-09  4.77950000e-09  2.50000000e+00  7.15123838e-11 -9.91952033e-06 
 4.78050000e-09  4.78050000e-09  2.50000000e+00  6.87364210e-11  9.91941163e-06 
 4.78150000e-09  4.78150000e-09  2.50000000e+00  6.60930229e-11 -9.91951639e-06 
 4.78250000e-09  4.78250000e-09  2.50000000e+00  6.35756096e-11  9.91941539e-06 
 4.78350000e-09  4.78350000e-09  2.50000000e+00  6.11783029e-11 -9.91951281e-06 
 4.78450000e-09  4.78450000e-09  2.50000000e+00  5.88950491e-11  9.91941880e-06 
 4.78550000e-09  4.78550000e-09  2.50000000e+00  5.67204967e-11 -9.91950957e-06 
 4.78650000e-09  4.78650000e-09  2.50000000e+00  5.46495571e-11  9.91942189e-06 
 4.78750000e-09  4.78750000e-09  2.50000000e+00  5.26775804e-11 -9.91950662e-06 
 4.78850000e-09  4.78850000e-09  2.50000000e+00  5.07996536e-11  9.91942470e-06 
 4.78950000e-09  4.78950000e-09  2.50000000e+00  4.90113022e-11 -9.91950394e-06 
 4.79050000e-09  4.79050000e-09  2.50000000e+00  4.73081397e-11  9.91942725e-06 
 4.79150000e-09  4.79150000e-09  2.50000000e+00  4.56860426e-11 -9.91950151e-06 
 4.79250000e-09  4.79250000e-09  2.50000000e+00  4.41413260e-11  9.91942957e-06 
 4.79350000e-09  4.79350000e-09  2.50000000e+00  4.26699543e-11 -9.91949930e-06 
 4.79450000e-09  4.79450000e-09  2.50000000e+00  4.12685936e-11  9.91943167e-06 
 4.79550000e-09  4.79550000e-09  2.50000000e+00  3.99340856e-11 -9.91949730e-06 
 4.79650000e-09  4.79650000e-09  2.50000000e+00  3.86631840e-11  9.91943358e-06 
 4.79750000e-09  4.79750000e-09  2.50000000e+00  3.74528183e-11 -9.91949548e-06 
 4.79850000e-09  4.79850000e-09  2.50000000e+00  3.63000932e-11  9.91943531e-06 
 4.79950000e-09  4.79950000e-09  2.50000000e+00  3.52022013e-11 -9.91949383e-06 
 4.80050000e-09  4.80050000e-09  2.50000000e+00  3.41564228e-11  9.91943689e-06 
 4.80150000e-09  4.80150000e-09  2.50000000e+00  3.31606522e-11 -9.91949233e-06 
 4.80250000e-09  4.80250000e-09  2.50000000e+00  3.22124330e-11  9.91943832e-06 
 4.80350000e-09  4.80350000e-09  2.50000000e+00  3.13093085e-11 -9.91949097e-06 
 4.80450000e-09  4.80450000e-09  2.50000000e+00  3.04492610e-11  9.91943962e-06 
 4.80550000e-09  4.80550000e-09  2.50000000e+00  2.96301849e-11 -9.91948973e-06 
 4.80650000e-09  4.80650000e-09  2.50000000e+00  2.88498868e-11  9.91944079e-06 
 4.80750000e-09  4.80750000e-09  2.50000000e+00  2.81066997e-11 -9.91948861e-06 
 4.80850000e-09  4.80850000e-09  2.50000000e+00  2.73989569e-11  9.91944186e-06 
 4.80950000e-09  4.80950000e-09  2.50000000e+00  2.67249913e-11 -9.91948759e-06 
 4.81050000e-09  4.81050000e-09  2.50000000e+00  2.60829605e-11  9.91944284e-06 
 4.81150000e-09  4.81150000e-09  2.50000000e+00  2.54715486e-11 -9.91948666e-06 
 4.81250000e-09  4.81250000e-09  2.50000000e+00  2.48892640e-11  9.91944372e-06 
 4.81350000e-09  4.81350000e-09  2.50000000e+00  2.43347032e-11 -9.91948582e-06 
 4.81450000e-09  4.81450000e-09  2.50000000e+00  2.38062868e-11  9.91944452e-06 
 4.81550000e-09  4.81550000e-09  2.50000000e+00  2.33029620e-11 -9.91948506e-06 
 4.81650000e-09  4.81650000e-09  2.50000000e+00  2.28235884e-11  9.91944524e-06 
 4.81750000e-09  4.81750000e-09  2.50000000e+00  2.23667622e-11 -9.91948437e-06 
 4.81850000e-09  4.81850000e-09  2.50000000e+00  2.19317815e-11  9.91944591e-06 
 4.81950000e-09  4.81950000e-09  2.50000000e+00  2.15177691e-11 -9.91948374e-06 
 4.82050000e-09  4.82050000e-09  2.50000000e+00  2.11234088e-11  9.91944650e-06 
 4.82150000e-09  4.82150000e-09  2.50000000e+00  2.07477357e-11 -9.91948317e-06 
 4.82250000e-09  4.82250000e-09  2.50000000e+00  2.03900479e-11  9.91944705e-06 
 4.82350000e-09  4.82350000e-09  2.50000000e+00  2.00492048e-11 -9.91948265e-06 
 4.82450000e-09  4.82450000e-09  2.50000000e+00  1.97246801e-11  9.91944754e-06 
 4.82550000e-09  4.82550000e-09  2.50000000e+00  1.94155087e-11 -9.91948217e-06 
 4.82650000e-09  4.82650000e-09  2.50000000e+00  1.91209887e-11  9.91944799e-06 
 4.82750000e-09  4.82750000e-09  2.50000000e+00  1.88406815e-11 -9.91948175e-06 
 4.82850000e-09  4.82850000e-09  2.50000000e+00  1.85735342e-11  9.91944840e-06 
 4.82950000e-09  4.82950000e-09  2.50000000e+00  1.83191083e-11 -9.91948136e-06 
 4.83050000e-09  4.83050000e-09  2.50000000e+00  1.80767895e-11  9.91944877e-06 
 4.83150000e-09  4.83150000e-09  2.50000000e+00  1.78458760e-11 -9.91948101e-06 
 4.83250000e-09  4.83250000e-09  2.50000000e+00  1.76258414e-11  9.91944910e-06 
 4.83350000e-09  4.83350000e-09  2.50000000e+00  1.74163347e-11 -9.91948069e-06 
 4.83450000e-09  4.83450000e-09  2.50000000e+00  1.72167420e-11  9.91944941e-06 
 4.83550000e-09  4.83550000e-09  2.50000000e+00  1.70266244e-11 -9.91948040e-06 
 4.83650000e-09  4.83650000e-09  2.50000000e+00  1.68456310e-11  9.91944969e-06 
 4.83750000e-09  4.83750000e-09  2.50000000e+00  1.66732355e-11 -9.91948013e-06 
 4.83850000e-09  4.83850000e-09  2.50000000e+00  1.65090868e-11  9.91944994e-06 
 4.83950000e-09  4.83950000e-09  2.50000000e+00  1.63526587e-11 -9.91947989e-06 
 4.84050000e-09  4.84050000e-09  2.50000000e+00  1.62036002e-11  9.91945017e-06 
 4.84150000e-09  4.84150000e-09  2.50000000e+00  1.60618235e-11 -9.91947967e-06 
 4.84250000e-09  4.84250000e-09  2.50000000e+00  1.59268900e-11  9.91945037e-06 
 4.84350000e-09  4.84350000e-09  2.50000000e+00  1.57980979e-11 -9.91947948e-06 
 4.84450000e-09  4.84450000e-09  2.50000000e+00  1.56753593e-11  9.91945056e-06 
 4.84550000e-09  4.84550000e-09  2.50000000e+00  1.55584988e-11 -9.91947930e-06 
 4.84650000e-09  4.84650000e-09  2.50000000e+00  1.54471655e-11  9.91945073e-06 
 4.84750000e-09  4.84750000e-09  2.50000000e+00  1.53410962e-11 -9.91947913e-06 
 4.84850000e-09  4.84850000e-09  2.50000000e+00  1.52401154e-11  9.91945089e-06 
 4.84950000e-09  4.84950000e-09  2.50000000e+00  1.51439599e-11 -9.91947899e-06 
 4.85050000e-09  4.85050000e-09  2.50000000e+00  1.50522788e-11  9.91945103e-06 
 4.85150000e-09  4.85150000e-09  2.50000000e+00  1.49650722e-11 -9.91947885e-06 
 4.85250000e-09  4.85250000e-09  2.50000000e+00  1.48819012e-11  9.91945116e-06 
 4.85350000e-09  4.85350000e-09  2.50000000e+00  1.48028537e-11 -9.91947873e-06 
 4.85450000e-09  4.85450000e-09  2.50000000e+00  1.47275787e-11  9.91945127e-06 
 4.85550000e-09  4.85550000e-09  2.50000000e+00  1.46559007e-11 -9.91947862e-06 
 4.85650000e-09  4.85650000e-09  2.50000000e+00  1.45875567e-11  9.91945138e-06 
 4.85750000e-09  4.85750000e-09  2.50000000e+00  1.45225464e-11 -9.91947852e-06 
 4.85850000e-09  4.85850000e-09  2.50000000e+00  1.44605191e-11  9.91945148e-06 
 4.85950000e-09  4.85950000e-09  2.50000000e+00  1.44010361e-11 -9.91947843e-06 
 4.86050000e-09  4.86050000e-09  2.50000000e+00  1.43444483e-11  9.91945156e-06 
 4.86150000e-09  4.86150000e-09  2.50000000e+00  1.42906679e-11 -9.91947834e-06 
 4.86250000e-09  4.86250000e-09  2.50000000e+00  1.42393440e-11  9.91945164e-06 
 4.86350000e-09  4.86350000e-09  2.50000000e+00  1.41906522e-11 -9.91947827e-06 
 4.86450000e-09  4.86450000e-09  2.50000000e+00  1.41443291e-11  9.91945171e-06 
 4.86550000e-09  4.86550000e-09  2.50000000e+00  1.40998484e-11 -9.91947820e-06 
 4.86650000e-09  4.86650000e-09  2.50000000e+00  1.40577365e-11  9.91945178e-06 
 4.86750000e-09  4.86750000e-09  2.50000000e+00  1.40177302e-11 -9.91947814e-06 
 4.86850000e-09  4.86850000e-09  2.50000000e+00  1.39796541e-11  9.91945184e-06 
 4.86950000e-09  4.86950000e-09  2.50000000e+00  1.39433326e-11 -9.91947808e-06 
 4.87050000e-09  4.87050000e-09  2.50000000e+00  1.39085903e-11  9.91945189e-06 
 4.87150000e-09  4.87150000e-09  2.50000000e+00  1.38753394e-11 -9.91947803e-06 
 4.87250000e-09  4.87250000e-09  2.50000000e+00  1.38437555e-11  9.91945194e-06 
 4.87350000e-09  4.87350000e-09  2.50000000e+00  1.38138385e-11 -9.91947798e-06 
 4.87450000e-09  4.87450000e-09  2.50000000e+00  1.37854130e-11  9.91945199e-06 
 4.87550000e-09  4.87550000e-09  2.50000000e+00  1.37583035e-11 -9.91947794e-06 
 4.87650000e-09  4.87650000e-09  2.50000000e+00  1.37325099e-11  9.91945202e-06 
 4.87750000e-09  4.87750000e-09  2.50000000e+00  1.37080324e-11 -9.91947790e-06 
 4.87850000e-09  4.87850000e-09  2.50000000e+00  1.36846954e-11  9.91945206e-06 
 4.87950000e-09  4.87950000e-09  2.50000000e+00  1.36622357e-11 -9.91947787e-06 
 4.88050000e-09  4.88050000e-09  2.50000000e+00  1.36408289e-11  9.91945210e-06 
 4.88150000e-09  4.88150000e-09  2.50000000e+00  1.36203871e-11 -9.91947784e-06 
 4.88250000e-09  4.88250000e-09  2.50000000e+00  1.36010858e-11  9.91945213e-06 
 4.88350000e-09  4.88350000e-09  2.50000000e+00  1.35826618e-11 -9.91947781e-06 
 4.88450000e-09  4.88450000e-09  2.50000000e+00  1.35647643e-11  9.91945215e-06 
 4.88550000e-09  4.88550000e-09  2.50000000e+00  1.35479195e-11 -9.91947778e-06 
 4.88650000e-09  4.88650000e-09  2.50000000e+00  1.35323030e-11  9.91945218e-06 
 4.88750000e-09  4.88750000e-09  2.50000000e+00  1.35171252e-11 -9.91947776e-06 
 4.88850000e-09  4.88850000e-09  2.50000000e+00  1.35023860e-11  9.91945220e-06 
 4.88950000e-09  4.88950000e-09  2.50000000e+00  1.34885242e-11 -9.91947774e-06 
 4.89050000e-09  4.89050000e-09  2.50000000e+00  1.34752765e-11  9.91945222e-06 
 4.89150000e-09  4.89150000e-09  2.50000000e+00  1.34627307e-11 -9.91947772e-06 
 4.89250000e-09  4.89250000e-09  2.50000000e+00  1.34506235e-11  9.91945224e-06 
 4.89350000e-09  4.89350000e-09  2.50000000e+00  1.34392182e-11 -9.91947770e-06 
 4.89450000e-09  4.89450000e-09  2.50000000e+00  1.34283393e-11  9.91945226e-06 
 4.89550000e-09  4.89550000e-09  2.50000000e+00  1.34182500e-11 -9.91947768e-06 
 4.89650000e-09  4.89650000e-09  2.50000000e+00  1.34085994e-11  9.91945227e-06 
 4.89750000e-09  4.89750000e-09  2.50000000e+00  1.33992997e-11 -9.91947767e-06 
 4.89850000e-09  4.89850000e-09  2.50000000e+00  1.33906141e-11  9.91945229e-06 
 4.89950000e-09  4.89950000e-09  2.50000000e+00  1.33821040e-11 -9.91947766e-06 
 4.90050000e-09  4.90050000e-09  2.50000000e+00  1.33737693e-11  9.91945230e-06 
 4.90150000e-09  4.90150000e-09  2.50000000e+00  1.33657856e-11 -9.91947764e-06 
 4.90250000e-09  4.90250000e-09  2.50000000e+00  1.33585915e-11  9.91945231e-06 
 4.90350000e-09  4.90350000e-09  2.50000000e+00  1.33517483e-11 -9.91947763e-06 
 4.90450000e-09  4.90450000e-09  2.50000000e+00  1.33450806e-11  9.91945232e-06 
 4.90550000e-09  4.90550000e-09  2.50000000e+00  1.33387638e-11 -9.91947762e-06 
 4.90650000e-09  4.90650000e-09  2.50000000e+00  1.33325348e-11  9.91945233e-06 
 4.90750000e-09  4.90750000e-09  2.50000000e+00  1.33266567e-11 -9.91947761e-06 
 4.90850000e-09  4.90850000e-09  2.50000000e+00  1.33212172e-11  9.91945234e-06 
 4.90950000e-09  4.90950000e-09  2.50000000e+00  1.33161287e-11 -9.91947760e-06 
 4.91050000e-09  4.91050000e-09  2.50000000e+00  1.33113034e-11  9.91945235e-06 
 4.91150000e-09  4.91150000e-09  2.50000000e+00  1.33065658e-11 -9.91947760e-06 
 4.91250000e-09  4.91250000e-09  2.50000000e+00  1.33020037e-11  9.91945235e-06 
 4.91350000e-09  4.91350000e-09  2.50000000e+00  1.32976170e-11 -9.91947759e-06 
 4.91450000e-09  4.91450000e-09  2.50000000e+00  1.32934936e-11  9.91945236e-06 
 4.91550000e-09  4.91550000e-09  2.50000000e+00  1.32894578e-11 -9.91947758e-06 
 4.91650000e-09  4.91650000e-09  2.50000000e+00  1.32857730e-11  9.91945237e-06 
 4.91750000e-09  4.91750000e-09  2.50000000e+00  1.32824392e-11 -9.91947758e-06 
 4.91850000e-09  4.91850000e-09  2.50000000e+00  1.32791053e-11  9.91945237e-06 
 4.91950000e-09  4.91950000e-09  2.50000000e+00  1.32759469e-11 -9.91947757e-06 
 4.92050000e-09  4.92050000e-09  2.50000000e+00  1.32729640e-11  9.91945238e-06 
 4.92150000e-09  4.92150000e-09  2.50000000e+00  1.32700688e-11 -9.91947757e-06 
 4.92250000e-09  4.92250000e-09  2.50000000e+00  1.32674368e-11  9.91945238e-06 
 4.92350000e-09  4.92350000e-09  2.50000000e+00  1.32648048e-11 -9.91947756e-06 
 4.92450000e-09  4.92450000e-09  2.50000000e+00  1.32621728e-11  9.91945238e-06 
 4.92550000e-09  4.92550000e-09  2.50000000e+00  1.32596286e-11 -9.91947756e-06 
 4.92650000e-09  4.92650000e-09  2.50000000e+00  1.32569966e-11  9.91945239e-06 
 4.92750000e-09  4.92750000e-09  2.50000000e+00  1.32544523e-11 -9.91947756e-06 
 4.92850000e-09  4.92850000e-09  2.50000000e+00  1.32520835e-11  9.91945239e-06 
 4.92950000e-09  4.92950000e-09  2.50000000e+00  1.32499779e-11 -9.91947755e-06 
 4.93050000e-09  4.93050000e-09  2.50000000e+00  1.32480478e-11  9.91945239e-06 
 4.93150000e-09  4.93150000e-09  2.50000000e+00  1.32462932e-11 -9.91947755e-06 
 4.93250000e-09  4.93250000e-09  2.50000000e+00  1.32446262e-11  9.91945240e-06 
 4.93350000e-09  4.93350000e-09  2.50000000e+00  1.32430470e-11 -9.91947755e-06 
 4.93450000e-09  4.93450000e-09  2.50000000e+00  1.32416433e-11  9.91945240e-06 
 4.93550000e-09  4.93550000e-09  2.50000000e+00  1.32402396e-11 -9.91947755e-06 
 4.93650000e-09  4.93650000e-09  2.50000000e+00  1.32386604e-11  9.91945240e-06 
 4.93750000e-09  4.93750000e-09  2.50000000e+00  1.32371689e-11 -9.91947755e-06 
 4.93850000e-09  4.93850000e-09  2.50000000e+00  1.32356774e-11  9.91945240e-06 
 4.93950000e-09  4.93950000e-09  2.50000000e+00  1.32344492e-11 -9.91947754e-06 
 4.94050000e-09  4.94050000e-09  2.50000000e+00  1.32334841e-11  9.91945241e-06 
 4.94150000e-09  4.94150000e-09  2.50000000e+00  1.32323436e-11 -9.91947754e-06 
 4.94250000e-09  4.94250000e-09  2.50000000e+00  1.32312908e-11  9.91945241e-06 
 4.94350000e-09  4.94350000e-09  2.50000000e+00  1.32304135e-11 -9.91947754e-06 
 4.94450000e-09  4.94450000e-09  2.50000000e+00  1.32295361e-11  9.91945241e-06 
 4.94550000e-09  4.94550000e-09  2.50000000e+00  1.32286588e-11 -9.91947754e-06 
 4.94650000e-09  4.94650000e-09  2.50000000e+00  1.32277815e-11  9.91945241e-06 
 4.94750000e-09  4.94750000e-09  2.50000000e+00  1.32270796e-11 -9.91947754e-06 
 4.94850000e-09  4.94850000e-09  2.50000000e+00  1.32265532e-11  9.91945241e-06 
 4.94950000e-09  4.94950000e-09  2.50000000e+00  1.32259391e-11 -9.91947753e-06 
 4.95050000e-09  4.95050000e-09  2.50000000e+00  1.32251495e-11  9.91945241e-06 
 4.95150000e-09  4.95150000e-09  2.50000000e+00  1.32243599e-11 -9.91947753e-06 
 4.95250000e-09  4.95250000e-09  2.50000000e+00  1.32237457e-11  9.91945241e-06 
 4.95350000e-09  4.95350000e-09  2.50000000e+00  1.32232193e-11 -9.91947753e-06 
 4.95450000e-09  4.95450000e-09  2.50000000e+00  1.32226930e-11  9.91945241e-06 
 4.95550000e-09  4.95550000e-09  2.50000000e+00  1.32220788e-11 -9.91947753e-06 
 4.95650000e-09  4.95650000e-09  2.50000000e+00  1.32214647e-11  9.91945242e-06 
 4.95750000e-09  4.95750000e-09  2.50000000e+00  1.32208506e-11 -9.91947753e-06 
 4.95850000e-09  4.95850000e-09  2.50000000e+00  1.32203242e-11  9.91945242e-06 
 4.95950000e-09  4.95950000e-09  2.50000000e+00  1.32199732e-11 -9.91947753e-06 
 4.96050000e-09  4.96050000e-09  2.50000000e+00  1.32195346e-11  9.91945242e-06 
 4.96150000e-09  4.96150000e-09  2.50000000e+00  1.32189204e-11 -9.91947753e-06 
 4.96250000e-09  4.96250000e-09  2.50000000e+00  1.32183063e-11  9.91945242e-06 
 4.96350000e-09  4.96350000e-09  2.50000000e+00  1.32178676e-11 -9.91947753e-06 
 4.96450000e-09  4.96450000e-09  2.50000000e+00  1.32176044e-11  9.91945242e-06 
 4.96550000e-09  4.96550000e-09  2.50000000e+00  1.32172535e-11 -9.91947753e-06 
 4.96650000e-09  4.96650000e-09  2.50000000e+00  1.32169903e-11  9.91945242e-06 
 4.96750000e-09  4.96750000e-09  2.50000000e+00  1.32167271e-11 -9.91947753e-06 
 4.96850000e-09  4.96850000e-09  2.50000000e+00  1.32163762e-11  9.91945242e-06 
 4.96950000e-09  4.96950000e-09  2.50000000e+00  1.32162007e-11 -9.91947753e-06 
 4.97050000e-09  4.97050000e-09  2.50000000e+00  1.32157620e-11  9.91945242e-06 
 4.97150000e-09  4.97150000e-09  2.50000000e+00  1.32154111e-11 -9.91947753e-06 
 4.97250000e-09  4.97250000e-09  2.50000000e+00  1.32152356e-11  9.91945242e-06 
 4.97350000e-09  4.97350000e-09  2.50000000e+00  1.32150602e-11 -9.91947753e-06 
 4.97450000e-09  4.97450000e-09  2.50000000e+00  1.32148847e-11  9.91945242e-06 
 4.97550000e-09  4.97550000e-09  2.50000000e+00  1.32147092e-11 -9.91947753e-06 
 4.97650000e-09  4.97650000e-09  2.50000000e+00  1.32145338e-11  9.91945242e-06 
 4.97750000e-09  4.97750000e-09  2.50000000e+00  1.32140951e-11 -9.91947753e-06 
 4.97850000e-09  4.97850000e-09  2.50000000e+00  1.32139196e-11  9.91945242e-06 
 4.97950000e-09  4.97950000e-09  2.50000000e+00  1.32139196e-11 -9.91947753e-06 
 4.98050000e-09  4.98050000e-09  2.50000000e+00  1.32137442e-11  9.91945242e-06 
 4.98150000e-09  4.98150000e-09  2.50000000e+00  1.32136564e-11 -9.91947753e-06 
 4.98250000e-09  4.98250000e-09  2.50000000e+00  1.32137442e-11  9.91945242e-06 
 4.98350000e-09  4.98350000e-09  2.50000000e+00  1.32138319e-11 -9.91947753e-06 
 4.98450000e-09  4.98450000e-09  2.50000000e+00  1.32138319e-11  9.91945242e-06 
 4.98550000e-09  4.98550000e-09  2.50000000e+00  1.32138319e-11 -9.91947753e-06 
 4.98650000e-09  4.98650000e-09  2.50000000e+00  1.32136564e-11  9.91945242e-06 
 4.98750000e-09  4.98750000e-09  2.50000000e+00  1.32135687e-11 -9.91947753e-06 
 4.98850000e-09  4.98850000e-09  2.50000000e+00  1.32134810e-11  9.91945242e-06 
 4.98950000e-09  4.98950000e-09  2.50000000e+00  1.32133932e-11 -9.91947753e-06 
 4.99050000e-09  4.99050000e-09  2.50000000e+00  1.32132178e-11  9.91945242e-06 
 4.99150000e-09  4.99150000e-09  2.50000000e+00  1.32132178e-11 -9.91947753e-06 
 4.99250000e-09  4.99250000e-09  2.50000000e+00  1.32133932e-11  9.91945242e-06 
 4.99350000e-09  4.99350000e-09  2.50000000e+00  1.32133055e-11 -9.91947753e-06 
 4.99450000e-09  4.99450000e-09  2.50000000e+00  1.32130423e-11  9.91945242e-06 
 4.99550000e-09  4.99550000e-09  2.50000000e+00  1.32127791e-11 -9.91947752e-06 
 4.99650000e-09  4.99650000e-09  2.50000000e+00  1.32126914e-11  9.91945242e-06 
 4.99750000e-09  4.99750000e-09  2.50000000e+00  1.32125159e-11 -9.91947752e-06 
 4.99850000e-09  4.99850000e-09  2.50000000e+00  1.32124282e-11  9.91945242e-06 
 4.99950000e-09  4.99950000e-09  2.50000000e+00  1.32124282e-11 -9.91947752e-06 
 5.00050000e-09  5.00050000e-09  2.50000000e+00  1.32124282e-11  9.91945242e-06 
 5.00150000e-09  5.00150000e-09  2.50000000e+00  1.32122527e-11 -9.91947752e-06 
 5.00250000e-09  5.00250000e-09  2.50000000e+00  1.32119895e-11  9.91945242e-06 
 5.00350000e-09  5.00350000e-09  2.50000000e+00  1.32119018e-11 -9.91947752e-06 
 5.00450000e-09  5.00450000e-09  2.50000000e+00  1.32119895e-11  9.91945242e-06 
 5.00550000e-09  5.00550000e-09  2.50000000e+00  1.32120772e-11 -9.91947752e-06 
 5.00650000e-09  5.00650000e-09  2.50000000e+00  1.32119018e-11  9.91945242e-06 
 5.00750000e-09  5.00750000e-09  2.50000000e+00  1.32118140e-11 -9.91947752e-06 
 5.00850000e-09  5.00850000e-09  2.50000000e+00  1.32115508e-11  9.91945242e-06 
 5.00950000e-09  5.00950000e-09  2.50000000e+00  1.32111999e-11 -9.91947752e-06 
 5.01050000e-09  5.01050000e-09  2.50000000e+00  1.32111122e-11  9.91945242e-06 
 5.01150000e-09  5.01150000e-09  2.50000000e+00  1.32110244e-11 -9.91947752e-06 
 5.01250000e-09  5.01250000e-09  2.50000000e+00  1.32108490e-11  9.91945242e-06 
 5.01350000e-09  5.01350000e-09  2.50000000e+00  1.32107612e-11 -9.91947752e-06 
 5.01450000e-09  5.01450000e-09  2.50000000e+00  1.32108490e-11  9.91945242e-06 
 5.01550000e-09  5.01550000e-09  2.50000000e+00  1.32110244e-11 -9.91947752e-06 
 5.01650000e-09  5.01650000e-09  2.50000000e+00  1.32111122e-11  9.91945242e-06 
 5.01750000e-09  5.01750000e-09  2.50000000e+00  1.32110244e-11 -9.91947752e-06 
 5.01850000e-09  5.01850000e-09  2.50000000e+00  1.32108490e-11  9.91945242e-06 
 5.01950000e-09  5.01950000e-09  2.50000000e+00  1.32108490e-11 -9.91947752e-06 
 5.02050000e-09  5.02050000e-09  2.50000000e+00  1.32109367e-11  9.91945242e-06 
 5.02150000e-09  5.02150000e-09  2.50000000e+00  1.32107612e-11 -9.91947752e-06 
 5.02250000e-09  5.02250000e-09  2.50000000e+00  1.32107612e-11  9.91945242e-06 
 5.02350000e-09  5.02350000e-09  2.50000000e+00  1.32108490e-11 -9.91947752e-06 
 5.02450000e-09  5.02450000e-09  2.50000000e+00  1.32109367e-11  9.91945242e-06 
 5.02550000e-09  5.02550000e-09  2.50000000e+00  1.32109367e-11 -9.91947752e-06 
 5.02650000e-09  5.02650000e-09  2.50000000e+00  1.32110244e-11  9.91945242e-06 
 5.02750000e-09  5.02750000e-09  2.50000000e+00  1.32111999e-11 -9.91947752e-06 
 5.02850000e-09  5.02850000e-09  2.50000000e+00  1.32110244e-11  9.91945242e-06 
 5.02950000e-09  5.02950000e-09  2.50000000e+00  1.32109367e-11 -9.91947752e-06 
 5.03050000e-09  5.03050000e-09  2.50000000e+00  1.32109367e-11  9.91945243e-06 
 5.03150000e-09  5.03150000e-09  2.50000000e+00  1.32107612e-11 -9.91947752e-06 
 5.03250000e-09  5.03250000e-09  2.50000000e+00  1.32104103e-11  9.91945242e-06 
 5.03350000e-09  5.03350000e-09  2.50000000e+00  1.32104103e-11 -9.91947752e-06 
 5.03450000e-09  5.03450000e-09  2.50000000e+00  1.32105858e-11  9.91945242e-06 
 5.03550000e-09  5.03550000e-09  2.50000000e+00  1.32105858e-11 -9.91947752e-06 
 5.03650000e-09  5.03650000e-09  2.50000000e+00  1.32104981e-11  9.91945242e-06 
 5.03750000e-09  5.03750000e-09  2.50000000e+00  1.32104981e-11 -9.91947752e-06 
 5.03850000e-09  5.03850000e-09  2.50000000e+00  1.32104981e-11  9.91945242e-06 
 5.03950000e-09  5.03950000e-09  2.50000000e+00  1.32104103e-11 -9.91947752e-06 
 5.04050000e-09  5.04050000e-09  2.50000000e+00  1.32104103e-11  9.91945242e-06 
 5.04150000e-09  5.04150000e-09  2.50000000e+00  1.32104981e-11 -9.91947752e-06 
 5.04250000e-09  5.04250000e-09  2.50000000e+00  1.32104981e-11  9.91945242e-06 
 5.04350000e-09  5.04350000e-09  2.50000000e+00  1.32104103e-11 -9.91947752e-06 
 5.04450000e-09  5.04450000e-09  2.50000000e+00  1.32104103e-11  9.91945242e-06 
 5.04550000e-09  5.04550000e-09  2.50000000e+00  1.32104981e-11 -9.91947752e-06 
 5.04650000e-09  5.04650000e-09  2.50000000e+00  1.32104981e-11  9.91945242e-06 
 5.04750000e-09  5.04750000e-09  2.50000000e+00  1.32104103e-11 -9.91947752e-06 
 5.04850000e-09  5.04850000e-09  2.50000000e+00  1.32104103e-11  9.91945242e-06 
 5.04950000e-09  5.04950000e-09  2.50000000e+00  1.32105858e-11 -9.91947752e-06 
 5.05050000e-09  5.05050000e-09  2.50000000e+00  1.32108490e-11  9.91945242e-06 
 5.05150000e-09  5.05150000e-09  2.50000000e+00  1.32107612e-11 -9.91947752e-06 
 5.05250000e-09  5.05250000e-09  2.50000000e+00  1.32108490e-11  9.91945243e-06 
 5.05350000e-09  5.05350000e-09  2.50000000e+00  1.32108490e-11 -9.91947752e-06 
 5.05450000e-09  5.05450000e-09  2.50000000e+00  1.32108490e-11  9.91945243e-06 
 5.05550000e-09  5.05550000e-09  2.50000000e+00  1.32110244e-11 -9.91947752e-06 
 5.05650000e-09  5.05650000e-09  2.50000000e+00  1.32111122e-11  9.91945242e-06 
 5.05750000e-09  5.05750000e-09  2.50000000e+00  1.32109367e-11 -9.91947752e-06 
 5.05850000e-09  5.05850000e-09  2.50000000e+00  1.32105858e-11  9.91945242e-06 
 5.05950000e-09  5.05950000e-09  2.50000000e+00  1.32105858e-11 -9.91947752e-06 
 5.06050000e-09  5.06050000e-09  2.50000000e+00  1.32105858e-11  9.91945242e-06 
 5.06150000e-09  5.06150000e-09  2.50000000e+00  1.32105858e-11 -9.91947752e-06 
 5.06250000e-09  5.06250000e-09  2.50000000e+00  1.32106735e-11  9.91945242e-06 
 5.06350000e-09  5.06350000e-09  2.50000000e+00  1.32107612e-11 -9.91947752e-06 
 5.06450000e-09  5.06450000e-09  2.50000000e+00  1.32107612e-11  9.91945242e-06 
 5.06550000e-09  5.06550000e-09  2.50000000e+00  1.32107612e-11 -9.91947752e-06 
 5.06650000e-09  5.06650000e-09  2.50000000e+00  1.32107612e-11  9.91945242e-06 
 5.06750000e-09  5.06750000e-09  2.50000000e+00  1.32107612e-11 -9.91947752e-06 
 5.06850000e-09  5.06850000e-09  2.50000000e+00  1.32107612e-11  9.91945242e-06 
 5.06950000e-09  5.06950000e-09  2.50000000e+00  1.32107612e-11 -9.91947752e-06 
 5.07050000e-09  5.07050000e-09  2.50000000e+00  1.32107612e-11  9.91945242e-06 
 5.07150000e-09  5.07150000e-09  2.50000000e+00  1.32107612e-11 -9.91947752e-06 
 5.07250000e-09  5.07250000e-09  2.50000000e+00  1.32107612e-11  9.91945242e-06 
 5.07350000e-09  5.07350000e-09  2.50000000e+00  1.32107612e-11 -9.91947752e-06 
 5.07450000e-09  5.07450000e-09  2.50000000e+00  1.32107612e-11  9.91945242e-06 
 5.07550000e-09  5.07550000e-09  2.50000000e+00  1.32107612e-11 -9.91947752e-06 
 5.07650000e-09  5.07650000e-09  2.50000000e+00  1.32107612e-11  9.91945242e-06 
 5.07750000e-09  5.07750000e-09  2.50000000e+00  1.32107612e-11 -9.91947752e-06 
 5.07850000e-09  5.07850000e-09  2.50000000e+00  1.32107612e-11  9.91945242e-06 
 5.07950000e-09  5.07950000e-09  2.50000000e+00  1.32107612e-11 -9.91947752e-06 
 5.08050000e-09  5.08050000e-09  2.50000000e+00  1.32107612e-11  9.91945242e-06 
 5.08150000e-09  5.08150000e-09  2.50000000e+00  1.32107612e-11 -9.91947752e-06 
 5.08250000e-09  5.08250000e-09  2.50000000e+00  1.32107612e-11  9.91945242e-06 
 5.08350000e-09  5.08350000e-09  2.50000000e+00  1.32107612e-11 -9.91947752e-06 
 5.08450000e-09  5.08450000e-09  2.50000000e+00  1.32107612e-11  9.91945242e-06 
 5.08550000e-09  5.08550000e-09  2.50000000e+00  1.32107612e-11 -9.91947752e-06 
 5.08650000e-09  5.08650000e-09  2.50000000e+00  1.32107612e-11  9.91945242e-06 
 5.08750000e-09  5.08750000e-09  2.50000000e+00  1.32107612e-11 -9.91947752e-06 
 5.08850000e-09  5.08850000e-09  2.50000000e+00  1.32107612e-11  9.91945242e-06 
 5.08950000e-09  5.08950000e-09  2.50000000e+00  1.32107612e-11 -9.91947752e-06 
 5.09050000e-09  5.09050000e-09  2.50000000e+00  1.32107612e-11  9.91945242e-06 
 5.09150000e-09  5.09150000e-09  2.50000000e+00  1.32107612e-11 -9.91947752e-06 
 5.09250000e-09  5.09250000e-09  2.50000000e+00  1.32107612e-11  9.91945242e-06 
 5.09350000e-09  5.09350000e-09  2.50000000e+00  1.32107612e-11 -9.91947752e-06 
 5.09450000e-09  5.09450000e-09  2.50000000e+00  1.32107612e-11  9.91945242e-06 
 5.09550000e-09  5.09550000e-09  2.50000000e+00  1.32107612e-11 -9.91947752e-06 
 5.09650000e-09  5.09650000e-09  2.50000000e+00  1.32107612e-11  9.91945242e-06 
 5.09750000e-09  5.09750000e-09  2.50000000e+00  1.32107612e-11 -9.91947752e-06 
 5.09850000e-09  5.09850000e-09  2.50000000e+00  1.32107612e-11  9.91945242e-06 
 5.09950000e-09  5.09950000e-09  2.50000000e+00  1.32107612e-11 -9.91947752e-06 
 5.10050000e-09  5.10050000e-09  2.50000000e+00  1.32107612e-11  9.91945242e-06 
 5.10150000e-09  5.10150000e-09  2.50000000e+00  1.32107612e-11 -9.91947752e-06 
 5.10250000e-09  5.10250000e-09  2.50000000e+00  1.32107612e-11  9.91945242e-06 
 5.10350000e-09  5.10350000e-09  2.50000000e+00  1.32107612e-11 -9.91947752e-06 
 5.10450000e-09  5.10450000e-09  2.50000000e+00  1.32107612e-11  9.91945242e-06 
 5.10550000e-09  5.10550000e-09  2.50000000e+00  1.32107612e-11 -9.91947752e-06 
 5.10650000e-09  5.10650000e-09  2.50000000e+00  1.32107612e-11  9.91945242e-06 
 5.10750000e-09  5.10750000e-09  2.50000000e+00  1.32107612e-11 -9.91947752e-06 
 5.10850000e-09  5.10850000e-09  2.50000000e+00  1.32107612e-11  9.91945242e-06 
 5.10950000e-09  5.10950000e-09  2.50000000e+00  1.32107612e-11 -9.91947752e-06 
 5.11050000e-09  5.11050000e-09  2.50000000e+00  1.32107612e-11  9.91945242e-06 
 5.11150000e-09  5.11150000e-09  2.50000000e+00  1.32107612e-11 -9.91947752e-06 
 5.11250000e-09  5.11250000e-09  2.50000000e+00  1.32107612e-11  9.91945242e-06 
 5.11350000e-09  5.11350000e-09  2.50000000e+00  1.32107612e-11 -9.91947752e-06 
 5.11450000e-09  5.11450000e-09  2.50000000e+00  1.32107612e-11  9.91945242e-06 
 5.11550000e-09  5.11550000e-09  2.50000000e+00  1.32107612e-11 -9.91947752e-06 
 5.11650000e-09  5.11650000e-09  2.50000000e+00  1.32107612e-11  9.91945242e-06 
 5.11750000e-09  5.11750000e-09  2.50000000e+00  1.32107612e-11 -9.91947752e-06 
 5.11850000e-09  5.11850000e-09  2.50000000e+00  1.32107612e-11  9.91945242e-06 
 5.11950000e-09  5.11950000e-09  2.50000000e+00  1.32107612e-11 -9.91947752e-06 
 5.12050000e-09  5.12050000e-09  2.50000000e+00  1.32107612e-11  9.91945242e-06 
 5.12150000e-09  5.12150000e-09  2.50000000e+00  1.32107612e-11 -9.91947752e-06 
 5.12250000e-09  5.12250000e-09  2.50000000e+00  1.32107612e-11  9.91945242e-06 
 5.12350000e-09  5.12350000e-09  2.50000000e+00  1.32107612e-11 -9.91947752e-06 
 5.12450000e-09  5.12450000e-09  2.50000000e+00  1.32107612e-11  9.91945242e-06 
 5.12550000e-09  5.12550000e-09  2.50000000e+00  1.32107612e-11 -9.91947752e-06 
 5.12650000e-09  5.12650000e-09  2.50000000e+00  1.32107612e-11  9.91945242e-06 
 5.12750000e-09  5.12750000e-09  2.50000000e+00  1.32107612e-11 -9.91947752e-06 
 5.12850000e-09  5.12850000e-09  2.50000000e+00  1.32107612e-11  9.91945242e-06 
 5.12950000e-09  5.12950000e-09  2.50000000e+00  1.32107612e-11 -9.91947752e-06 
 5.13050000e-09  5.13050000e-09  2.50000000e+00  1.32107612e-11  9.91945242e-06 
 5.13150000e-09  5.13150000e-09  2.50000000e+00  1.32107612e-11 -9.91947752e-06 
 5.13250000e-09  5.13250000e-09  2.50000000e+00  1.32107612e-11  9.91945242e-06 
 5.13350000e-09  5.13350000e-09  2.50000000e+00  1.32107612e-11 -9.91947752e-06 
 5.13450000e-09  5.13450000e-09  2.50000000e+00  1.32107612e-11  9.91945242e-06 
 5.13550000e-09  5.13550000e-09  2.50000000e+00  1.32107612e-11 -9.91947752e-06 
 5.13650000e-09  5.13650000e-09  2.50000000e+00  1.32107612e-11  9.91945242e-06 
 5.13750000e-09  5.13750000e-09  2.50000000e+00  1.32107612e-11 -9.91947752e-06 
 5.13850000e-09  5.13850000e-09  2.50000000e+00  1.32107612e-11  9.91945242e-06 
 5.13950000e-09  5.13950000e-09  2.50000000e+00  1.32107612e-11 -9.91947752e-06 
 5.14050000e-09  5.14050000e-09  2.50000000e+00  1.32107612e-11  9.91945242e-06 
 5.14150000e-09  5.14150000e-09  2.50000000e+00  1.32107612e-11 -9.91947752e-06 
 5.14250000e-09  5.14250000e-09  2.50000000e+00  1.32107612e-11  9.91945242e-06 
 5.14350000e-09  5.14350000e-09  2.50000000e+00  1.32107612e-11 -9.91947752e-06 
 5.14450000e-09  5.14450000e-09  2.50000000e+00  1.32107612e-11  9.91945242e-06 
 5.14550000e-09  5.14550000e-09  2.50000000e+00  1.32107612e-11 -9.91947752e-06 
 5.14650000e-09  5.14650000e-09  2.50000000e+00  1.32107612e-11  9.91945242e-06 
 5.14750000e-09  5.14750000e-09  2.50000000e+00  1.32107612e-11 -9.91947752e-06 
 5.14850000e-09  5.14850000e-09  2.50000000e+00  1.32107612e-11  9.91945242e-06 
 5.14950000e-09  5.14950000e-09  2.50000000e+00  1.32107612e-11 -9.91947752e-06 
 5.15050000e-09  5.15050000e-09  2.50000000e+00  1.32107612e-11  9.91945242e-06 
 5.15150000e-09  5.15150000e-09  2.50000000e+00  1.32107612e-11 -9.91947752e-06 
 5.15250000e-09  5.15250000e-09  2.50000000e+00  1.32107612e-11  9.91945242e-06 
 5.15350000e-09  5.15350000e-09  2.50000000e+00  1.32107612e-11 -9.91947752e-06 
 5.15450000e-09  5.15450000e-09  2.50000000e+00  1.32107612e-11  9.91945242e-06 
 5.15550000e-09  5.15550000e-09  2.50000000e+00  1.32107612e-11 -9.91947752e-06 
 5.15650000e-09  5.15650000e-09  2.50000000e+00  1.32107612e-11  9.91945242e-06 
 5.15750000e-09  5.15750000e-09  2.50000000e+00  1.32107612e-11 -9.91947752e-06 
 5.15850000e-09  5.15850000e-09  2.50000000e+00  1.32107612e-11  9.91945242e-06 
 5.15950000e-09  5.15950000e-09  2.50000000e+00  1.32107612e-11 -9.91947752e-06 
 5.16050000e-09  5.16050000e-09  2.50000000e+00  1.32107612e-11  9.91945242e-06 
 5.16150000e-09  5.16150000e-09  2.50000000e+00  1.32107612e-11 -9.91947752e-06 
 5.16250000e-09  5.16250000e-09  2.50000000e+00  1.32107612e-11  9.91945242e-06 
 5.16350000e-09  5.16350000e-09  2.50000000e+00  1.32107612e-11 -9.91947752e-06 
 5.16450000e-09  5.16450000e-09  2.50000000e+00  1.32107612e-11  9.91945242e-06 
 5.16550000e-09  5.16550000e-09  2.50000000e+00  1.32107612e-11 -9.91947752e-06 
 5.16650000e-09  5.16650000e-09  2.50000000e+00  1.32107612e-11  9.91945242e-06 
 5.16750000e-09  5.16750000e-09  2.50000000e+00  1.32107612e-11 -9.91947752e-06 
 5.16850000e-09  5.16850000e-09  2.50000000e+00  1.32107612e-11  9.91945242e-06 
 5.16950000e-09  5.16950000e-09  2.50000000e+00  1.32107612e-11 -9.91947752e-06 
 5.17050000e-09  5.17050000e-09  2.50000000e+00  1.32107612e-11  9.91945242e-06 
 5.17150000e-09  5.17150000e-09  2.50000000e+00  1.32107612e-11 -9.91947752e-06 
 5.17250000e-09  5.17250000e-09  2.50000000e+00  1.32107612e-11  9.91945242e-06 
 5.17350000e-09  5.17350000e-09  2.50000000e+00  1.32107612e-11 -9.91947752e-06 
 5.17450000e-09  5.17450000e-09  2.50000000e+00  1.32107612e-11  9.91945242e-06 
 5.17550000e-09  5.17550000e-09  2.50000000e+00  1.32107612e-11 -9.91947752e-06 
 5.17650000e-09  5.17650000e-09  2.50000000e+00  1.32107612e-11  9.91945242e-06 
 5.17750000e-09  5.17750000e-09  2.50000000e+00  1.32107612e-11 -9.91947752e-06 
 5.17850000e-09  5.17850000e-09  2.50000000e+00  1.32107612e-11  9.91945242e-06 
 5.17950000e-09  5.17950000e-09  2.50000000e+00  1.32107612e-11 -9.91947752e-06 
 5.18050000e-09  5.18050000e-09  2.50000000e+00  1.32107612e-11  9.91945242e-06 
 5.18150000e-09  5.18150000e-09  2.50000000e+00  1.32107612e-11 -9.91947752e-06 
 5.18250000e-09  5.18250000e-09  2.50000000e+00  1.32107612e-11  9.91945242e-06 
 5.18350000e-09  5.18350000e-09  2.50000000e+00  1.32107612e-11 -9.91947752e-06 
 5.18450000e-09  5.18450000e-09  2.50000000e+00  1.32107612e-11  9.91945242e-06 
 5.18550000e-09  5.18550000e-09  2.50000000e+00  1.32107612e-11 -9.91947752e-06 
 5.18650000e-09  5.18650000e-09  2.50000000e+00  1.32107612e-11  9.91945242e-06 
 5.18750000e-09  5.18750000e-09  2.50000000e+00  1.32107612e-11 -9.91947752e-06 
 5.18850000e-09  5.18850000e-09  2.50000000e+00  1.32107612e-11  9.91945242e-06 
 5.18950000e-09  5.18950000e-09  2.50000000e+00  1.32107612e-11 -9.91947752e-06 
 5.19050000e-09  5.19050000e-09  2.50000000e+00  1.32107612e-11  9.91945242e-06 
 5.19150000e-09  5.19150000e-09  2.50000000e+00  1.32107612e-11 -9.91947752e-06 
 5.19250000e-09  5.19250000e-09  2.50000000e+00  1.32107612e-11  9.91945242e-06 
 5.19350000e-09  5.19350000e-09  2.50000000e+00  1.32107612e-11 -9.91947752e-06 
 5.19450000e-09  5.19450000e-09  2.50000000e+00  1.32107612e-11  9.91945242e-06 
 5.19550000e-09  5.19550000e-09  2.50000000e+00  1.32107612e-11 -9.91947752e-06 
 5.19650000e-09  5.19650000e-09  2.50000000e+00  1.32107612e-11  9.91945242e-06 
 5.19750000e-09  5.19750000e-09  2.50000000e+00  1.32107612e-11 -9.91947752e-06 
 5.19850000e-09  5.19850000e-09  2.50000000e+00  1.32107612e-11  9.91945242e-06 
 5.19950000e-09  5.19950000e-09  2.50000000e+00  1.32107612e-11 -9.91947752e-06 
 5.20050000e-09  5.20050000e-09  2.50000000e+00  1.32107612e-11  9.91945242e-06 
 5.20150000e-09  5.20150000e-09  2.50000000e+00  1.32107612e-11 -9.91947752e-06 
 5.20250000e-09  5.20250000e-09  2.50000000e+00  1.32107612e-11  9.91945242e-06 
 5.20350000e-09  5.20350000e-09  2.50000000e+00  1.32107612e-11 -9.91947752e-06 
 5.20450000e-09  5.20450000e-09  2.50000000e+00  1.32107612e-11  9.91945242e-06 
 5.20550000e-09  5.20550000e-09  2.50000000e+00  1.32107612e-11 -9.91947752e-06 
 5.20650000e-09  5.20650000e-09  2.50000000e+00  1.32107612e-11  9.91945242e-06 
 5.20750000e-09  5.20750000e-09  2.50000000e+00  1.32107612e-11 -9.91947752e-06 
 5.20850000e-09  5.20850000e-09  2.50000000e+00  1.32107612e-11  9.91945242e-06 
 5.20950000e-09  5.20950000e-09  2.50000000e+00  1.32107612e-11 -9.91947752e-06 
 5.21050000e-09  5.21050000e-09  2.50000000e+00  1.32107612e-11  9.91945242e-06 
 5.21150000e-09  5.21150000e-09  2.50000000e+00  1.32107612e-11 -9.91947752e-06 
 5.21250000e-09  5.21250000e-09  2.50000000e+00  1.32107612e-11  9.91945242e-06 
 5.21350000e-09  5.21350000e-09  2.50000000e+00  1.32107612e-11 -9.91947752e-06 
 5.21450000e-09  5.21450000e-09  2.50000000e+00  1.32107612e-11  9.91945242e-06 
 5.21550000e-09  5.21550000e-09  2.50000000e+00  1.32107612e-11 -9.91947752e-06 
 5.21650000e-09  5.21650000e-09  2.50000000e+00  1.32107612e-11  9.91945242e-06 
 5.21750000e-09  5.21750000e-09  2.50000000e+00  1.32107612e-11 -9.91947752e-06 
 5.21850000e-09  5.21850000e-09  2.50000000e+00  1.32107612e-11  9.91945242e-06 
 5.21925000e-09  5.21925000e-09  2.50000000e+00  1.32107227e-11 -9.91947752e-06 
 5.22000000e-09  5.22000000e-09  2.50000000e+00  1.32107227e-11  9.91945243e-06 
 5.22010000e-09  5.22010000e-09  2.48750000e+00 -2.37086020e-07 -7.16753750e-04 
 5.22030000e-09  5.22030000e-09  2.46250000e+00 -6.90923822e-07 -6.77520722e-04 
 5.22070000e-09  5.22070000e-09  2.41250000e+00 -1.48342181e-06 -6.36538829e-04 
 5.22150000e-09  5.22150000e-09  2.31250000e+00 -2.66938224e-06 -5.94092131e-04 
 5.22250000e-09  5.22250000e-09  2.18750000e+00 -3.54436737e-06 -6.40614868e-04 
 5.22350000e-09  5.22350000e-09  2.06250000e+00 -3.91417852e-06 -6.61408381e-04 
 5.22450000e-09  5.22450000e-09  1.93750000e+00 -3.89673672e-06 -6.72967833e-04 
 5.22550000e-09  5.22550000e-09  1.81250000e+00 -3.53003158e-06 -6.67104673e-04 
 5.22650000e-09  5.22650000e-09  1.68750000e+00 -2.83087164e-06 -6.93649036e-04 
 5.22750000e-09  5.22750000e-09  1.56250000e+00 -1.82702404e-06 -7.02961030e-04 
 5.22850000e-09  5.22850000e-09  1.43750000e+00 -5.51686523e-07 -7.44535171e-04 
 5.22950000e-09  5.22950000e-09  1.31250000e+00  9.60805296e-07 -7.68365317e-04 
 5.23050000e-09  5.23050000e-09  1.18750000e+00  2.67835301e-06 -8.23535681e-04 
 5.23150000e-09  5.23150000e-09  1.06250000e+00  4.57387260e-06 -8.59557510e-04 
 5.23250000e-09  5.23250000e-09  9.37500000e-01  6.62784259e-06 -9.24908923e-04 
 5.23350000e-09  5.23350000e-09  8.12500000e-01  8.83128701e-06 -9.68247200e-04 
 5.23450000e-09  5.23450000e-09  6.87500000e-01  1.11915866e-05 -1.03646635e-03 
 5.23550000e-09  5.23550000e-09  5.62500000e-01  1.37628106e-05 -1.07199919e-03 
 5.23650000e-09  5.23650000e-09  4.37500000e-01  1.70286539e-05 -1.05258455e-03 
 5.23750000e-09  5.23750000e-09  3.12500000e-01  2.08345272e-05 -1.07766427e-03 
 5.23850000e-09  5.23850000e-09  1.87500000e-01  2.44060007e-05 -1.15968087e-03 
 5.23925000e-09  5.23925000e-09  9.37500000e-02  2.68488431e-05 -1.19797168e-03 
 5.24000000e-09  5.24000000e-09  3.41948692e-14  2.90872832e-05 -1.27651108e-03 
 5.24010000e-09  5.24010000e-09  0.00000000e+00  2.94966855e-05 -6.35863448e-04 
 5.24030000e-09  5.24030000e-09  0.00000000e+00  3.02482630e-05 -6.38838789e-04 
 5.24070000e-09  5.24070000e-09  0.00000000e+00  3.13934796e-05 -6.39949294e-04 
 5.24150000e-09  5.24150000e-09  0.00000000e+00  3.24707360e-05 -6.46136949e-04 
 5.24250000e-09  5.24250000e-09  0.00000000e+00  3.19868934e-05 -6.53132827e-04 
 5.24350000e-09  5.24350000e-09  0.00000000e+00  2.98537958e-05 -6.72860310e-04 
 5.24450000e-09  5.24450000e-09  0.00000000e+00  2.63007936e-05 -7.01205611e-04 
 5.24550000e-09  5.24550000e-09  0.00000000e+00  2.15388204e-05 -7.42516893e-04 
 5.24650000e-09  5.24650000e-09  0.00000000e+00  1.57798263e-05 -7.91176985e-04 
 5.24750000e-09  5.24750000e-09  0.00000000e+00  9.22996338e-06 -8.51258843e-04 
 5.24850000e-09  5.24850000e-09  0.00000000e+00  2.08426502e-06 -9.16922310e-04 
 5.24950000e-09  5.24950000e-09  0.00000000e+00 -5.47718596e-06 -9.92064620e-04 
 5.25050000e-09  5.25050000e-09  0.00000000e+00 -1.32918877e-05 -1.07071472e-03 
 5.25150000e-09  5.25150000e-09  0.00000000e+00 -2.12165959e-05 -1.15668034e-03 
 5.25250000e-09  5.25250000e-09  0.00000000e+00 -2.91282560e-05 -1.24393804e-03 
 5.25350000e-09  5.25350000e-09  0.00000000e+00 -3.69243682e-05 -1.33627540e-03 
 5.25450000e-09  5.25450000e-09  0.00000000e+00 -4.45229375e-05 -1.42767574e-03 
 5.25550000e-09  5.25550000e-09  0.00000000e+00 -5.18621690e-05 -1.52195451e-03 
 5.25650000e-09  5.25650000e-09  0.00000000e+00 -5.89000615e-05 -1.61313799e-03 
 5.25750000e-09  5.25750000e-09  0.00000000e+00 -6.56139197e-05 -1.70509185e-03 
 5.25850000e-09  5.25850000e-09  0.00000000e+00 -7.19999987e-05 -1.79189393e-03 
 5.25950000e-09  5.25950000e-09  0.00000000e+00 -7.80738258e-05 -1.87746121e-03 
 5.26050000e-09  5.26050000e-09  0.00000000e+00 -8.38709090e-05 -1.95592386e-03 
 5.26150000e-09  5.26150000e-09  0.00000000e+00 -8.94435848e-05 -2.03136458e-03 
 5.26250000e-09  5.26250000e-09  0.00000000e+00 -9.48627071e-05 -2.09801321e-03 
 5.26350000e-09  5.26350000e-09  0.00000000e+00 -1.00228411e-04 -2.15987414e-03 
 5.26450000e-09  5.26450000e-09  0.00000000e+00 -1.05683169e-04 -2.21111531e-03 
 5.26550000e-09  5.26550000e-09  0.00000000e+00 -1.11434661e-04 -2.25567669e-03 
 5.26650000e-09  5.26650000e-09  0.00000000e+00 -1.17168528e-04 -2.30546276e-03 
 5.26750000e-09  5.26750000e-09  0.00000000e+00 -1.22177155e-04 -2.36973489e-03 
 5.26850000e-09  5.26850000e-09  0.00000000e+00 -1.26874942e-04 -2.43563384e-03 
 5.26950000e-09  5.26950000e-09  0.00000000e+00 -1.32902488e-04 -2.52204198e-03 
 5.27050000e-09  5.27050000e-09  0.00000000e+00 -1.39276356e-04 -2.60353200e-03 
 5.27150000e-09  5.27150000e-09  0.00000000e+00 -1.43676369e-04 -2.68330338e-03 
 5.27250000e-09  5.27250000e-09  0.00000000e+00 -1.46218138e-04 -2.76225126e-03 
 5.27350000e-09  5.27350000e-09  0.00000000e+00 -1.47045783e-04 -2.83944081e-03 
 5.27450000e-09  5.27450000e-09  0.00000000e+00 -1.46547991e-04 -2.90585649e-03 
 5.27550000e-09  5.27550000e-09  0.00000000e+00 -1.44380778e-04 -2.97370472e-03 
 5.27650000e-09  5.27650000e-09  0.00000000e+00 -1.39195143e-04 -3.04868194e-03 
 5.27750000e-09  5.27750000e-09  0.00000000e+00 -1.29744684e-04 -3.13106995e-03 
 5.27850000e-09  5.27850000e-09  0.00000000e+00 -1.15040668e-04 -3.22334440e-03 
 5.27950000e-09  5.27950000e-09  0.00000000e+00 -9.43209460e-05 -3.32582274e-03 
 5.28050000e-09  5.28050000e-09  0.00000000e+00 -6.70169986e-05 -3.43939651e-03 
 5.28150000e-09  5.28150000e-09  0.00000000e+00 -3.26451739e-05 -3.56234428e-03 
 5.28250000e-09  5.28250000e-09  0.00000000e+00  9.37799452e-06 -3.68618016e-03 
 5.28350000e-09  5.28350000e-09  0.00000000e+00  5.94791472e-05 -3.80864571e-03 
 5.28450000e-09  5.28450000e-09  0.00000000e+00  1.17727943e-04 -3.93120617e-03 
 5.28550000e-09  5.28550000e-09  0.00000000e+00  1.83998498e-04 -4.05309358e-03 
 5.28650000e-09  5.28650000e-09  0.00000000e+00  2.58006125e-04 -4.17492069e-03 
 5.28750000e-09  5.28750000e-09  0.00000000e+00  3.39344358e-04 -4.29517531e-03 
 5.28850000e-09  5.28850000e-09  0.00000000e+00  4.27519136e-04 -4.41380942e-03 
 5.28950000e-09  5.28950000e-09  0.00000000e+00  5.21981831e-04 -4.52873352e-03 
 5.29050000e-09  5.29050000e-09  0.00000000e+00  6.22161439e-04 -4.63941037e-03 
 5.29150000e-09  5.29150000e-09  0.00000000e+00  7.27475926e-04 -4.74362895e-03 
 5.29250000e-09  5.29250000e-09  0.00000000e+00  8.37346840e-04 -4.84077195e-03 
 5.29350000e-09  5.29350000e-09  0.00000000e+00  9.51239234e-04 -4.92820877e-03 
 5.29450000e-09  5.29450000e-09  0.00000000e+00  1.06869524e-03 -5.00498154e-03 
 5.29550000e-09  5.29550000e-09  0.00000000e+00  1.18935924e-03 -5.06825977e-03 
 5.29650000e-09  5.29650000e-09  0.00000000e+00  1.31300627e-03 -5.11688940e-03 
 5.29750000e-09  5.29750000e-09  0.00000000e+00  1.43957834e-03 -5.14782417e-03 
 5.29850000e-09  5.29850000e-09  0.00000000e+00  1.56923757e-03 -5.15964392e-03 
 5.29950000e-09  5.29950000e-09  0.00000000e+00  1.69971226e-03 -5.19485166e-03 
 5.30050000e-09  5.30050000e-09  0.00000000e+00  1.82875927e-03 -5.22416729e-03 
 5.30150000e-09  5.30150000e-09  0.00000000e+00  1.95777556e-03 -5.23721176e-03 
 5.30250000e-09  5.30250000e-09  0.00000000e+00  2.08994637e-03 -5.24239247e-03 
 5.30350000e-09  5.30350000e-09  0.00000000e+00  2.23119009e-03 -5.23926811e-03 
 5.30450000e-09  5.30450000e-09  0.00000000e+00  2.37674471e-03 -5.23971596e-03 
 5.30550000e-09  5.30550000e-09  0.00000000e+00  2.51649842e-03 -5.24440551e-03 
 5.30650000e-09  5.30650000e-09  0.00000000e+00  2.64870771e-03 -5.26204591e-03 
 5.30750000e-09  5.30750000e-09  0.00000000e+00  2.77224288e-03 -5.28263180e-03 
 5.30850000e-09  5.30850000e-09  0.00000000e+00  2.88685770e-03 -5.30235872e-03 
 5.30950000e-09  5.30950000e-09  0.00000000e+00  2.98917397e-03 -5.33459643e-03 
 5.31050000e-09  5.31050000e-09  0.00000000e+00  3.07086334e-03 -5.41299710e-03 
 5.31150000e-09  5.31150000e-09  0.00000000e+00  3.12304851e-03 -5.53221186e-03 
 5.31250000e-09  5.31250000e-09  0.00000000e+00  3.13813586e-03 -5.70494978e-03 
 5.31350000e-09  5.31350000e-09  0.00000000e+00  3.10963923e-03 -5.92537537e-03 
 5.31450000e-09  5.31450000e-09  0.00000000e+00  3.03208313e-03 -6.20594214e-03 
 5.31550000e-09  5.31550000e-09  0.00000000e+00  2.90089265e-03 -6.53662705e-03 
 5.31650000e-09  5.31650000e-09  0.00000000e+00  2.71178235e-03 -6.92814571e-03 
 5.31750000e-09  5.31750000e-09  0.00000000e+00  2.45555470e-03 -7.35400855e-03 
 5.31850000e-09  5.31850000e-09  0.00000000e+00  2.12431273e-03 -7.82359332e-03 
 5.31950000e-09  5.31950000e-09  0.00000000e+00  1.71652729e-03 -8.32650637e-03 
 5.32050000e-09  5.32050000e-09  0.00000000e+00  1.23179170e-03 -8.87045410e-03 
 5.32150000e-09  5.32150000e-09  0.00000000e+00  6.70428860e-04 -9.44253912e-03 
 5.32250000e-09  5.32250000e-09  0.00000000e+00  3.33106637e-05 -1.00484760e-02 
 5.32350000e-09  5.32350000e-09  0.00000000e+00 -6.78371564e-04 -1.06737776e-02 
 5.32450000e-09  5.32450000e-09  0.00000000e+00 -1.46330921e-03 -1.13228649e-02 
 5.32550000e-09  5.32550000e-09  0.00000000e+00 -2.32027878e-03 -1.19801993e-02 
 5.32650000e-09  5.32650000e-09  0.00000000e+00 -3.24833466e-03 -1.26493361e-02 
 5.32750000e-09  5.32750000e-09  0.00000000e+00 -4.24698382e-03 -1.33140028e-02 
 5.32850000e-09  5.32850000e-09  0.00000000e+00 -5.31636073e-03 -1.39771054e-02 
 5.32950000e-09  5.32950000e-09  0.00000000e+00 -6.45741286e-03 -1.46217531e-02 
 5.33050000e-09  5.33050000e-09  0.00000000e+00 -7.67199736e-03 -1.52506481e-02 
 5.33150000e-09  5.33150000e-09  0.00000000e+00 -8.96282925e-03 -1.58474184e-02 
 5.33250000e-09  5.33250000e-09  0.00000000e+00 -1.03338015e-02 -1.64140904e-02 
 5.33350000e-09  5.33350000e-09  0.00000000e+00 -1.17905740e-02 -1.69326251e-02 
 5.33450000e-09  5.33450000e-09  0.00000000e+00 -1.33410766e-02 -1.74037129e-02 
 5.33550000e-09  5.33550000e-09  0.00000000e+00 -1.49962297e-02 -1.78073918e-02 
 5.33650000e-09  5.33650000e-09  0.00000000e+00 -1.67710577e-02 -1.81414171e-02 
 5.33750000e-09  5.33750000e-09  0.00000000e+00 -1.86514095e-02 -1.85199034e-02 
 5.33850000e-09  5.33850000e-09  0.00000000e+00 -2.05764063e-02 -1.90379120e-02 
 5.33950000e-09  5.33950000e-09  0.00000000e+00 -2.25223036e-02 -1.95226797e-02 
 5.34050000e-09  5.34050000e-09  0.00000000e+00 -2.45233231e-02 -1.99847425e-02 
 5.34150000e-09  5.34150000e-09  0.00000000e+00 -2.66413865e-02 -2.03981935e-02 
 5.34250000e-09  5.34250000e-09  0.00000000e+00 -2.90356652e-02 -2.07392583e-02 
 5.34350000e-09  5.34350000e-09  0.00000000e+00 -3.16654332e-02 -2.13784478e-02 
 5.34450000e-09  5.34450000e-09  0.00000000e+00 -3.43188035e-02 -2.20919358e-02 
 5.34550000e-09  5.34550000e-09  0.00000000e+00 -3.69791191e-02 -2.27495534e-02 
 5.34650000e-09  5.34650000e-09  0.00000000e+00 -3.96452487e-02 -2.34303498e-02 
 5.34750000e-09  5.34750000e-09  0.00000000e+00 -4.23054073e-02 -2.40169780e-02 
 5.34850000e-09  5.34850000e-09  0.00000000e+00 -4.48644184e-02 -2.48259046e-02 
 5.34950000e-09  5.34950000e-09  0.00000000e+00 -4.71674075e-02 -2.57549291e-02 
 5.35050000e-09  5.35050000e-09  0.00000000e+00 -4.90625811e-02 -2.69413155e-02 
 5.35150000e-09  5.35150000e-09  0.00000000e+00 -5.04002670e-02 -2.82792164e-02 
 5.35250000e-09  5.35250000e-09  0.00000000e+00 -5.10319694e-02 -2.99020356e-02 
 5.35350000e-09  5.35350000e-09  0.00000000e+00 -5.08094082e-02 -3.16998847e-02 
 5.35450000e-09  5.35450000e-09  0.00000000e+00 -4.95835144e-02 -3.38019723e-02 
 5.35550000e-09  5.35550000e-09  0.00000000e+00 -4.71990384e-02 -3.60997101e-02 
 5.35650000e-09  5.35650000e-09  0.00000000e+00 -4.34773807e-02 -3.86509867e-02 
 5.35750000e-09  5.35750000e-09  0.00000000e+00 -3.82380384e-02 -4.12800453e-02 
 5.35850000e-09  5.35850000e-09  0.00000000e+00 -3.13198978e-02 -4.41059656e-02 
 5.35950000e-09  5.35950000e-09  0.00000000e+00 -2.25697800e-02 -4.69993790e-02 
 5.36050000e-09  5.36050000e-09  0.00000000e+00 -1.18414752e-02 -5.00696210e-02 
 5.36150000e-09  5.36150000e-09  0.00000000e+00  1.00585575e-03 -5.31803818e-02 
 5.36250000e-09  5.36250000e-09  0.00000000e+00  1.61057324e-02 -5.64358505e-02 
 5.36350000e-09  5.36350000e-09  0.00000000e+00  3.35819999e-02 -5.96966259e-02 
 5.36450000e-09  5.36450000e-09  0.00000000e+00  5.35528204e-02 -6.30639073e-02 
 5.36550000e-09  5.36550000e-09  0.00000000e+00  7.61358005e-02 -6.63964449e-02 
 5.36650000e-09  5.36650000e-09  0.00000000e+00  1.01451595e-01 -6.97961357e-02 
 5.36750000e-09  5.36750000e-09  0.00000000e+00  1.29628820e-01 -7.31251364e-02 
 5.36850000e-09  5.36850000e-09  0.00000000e+00  1.60811099e-01 -7.64911424e-02 
 5.36950000e-09  5.36950000e-09  0.00000000e+00  1.95167829e-01 -7.97667499e-02 
 5.37050000e-09  5.37050000e-09  0.00000000e+00  2.32912108e-01 -8.30798405e-02 
 5.37150000e-09  5.37150000e-09  0.00000000e+00  2.74334077e-01 -8.63437360e-02 
 5.37250000e-09  5.37250000e-09  0.00000000e+00  3.19872489e-01 -8.97796500e-02 
 5.37350000e-09  5.37350000e-09  0.00000000e+00  3.70321804e-01 -9.35865073e-02 
 5.37450000e-09  5.37450000e-09  0.00000000e+00  4.26741957e-01 -9.79002283e-02 
 5.37550000e-09  5.37550000e-09  0.00000000e+00  4.88845676e-01 -1.00937906e-01 
 5.37650000e-09  5.37650000e-09  0.00000000e+00  5.55568594e-01 -1.03762423e-01 
 5.37750000e-09  5.37750000e-09  0.00000000e+00  6.26584865e-01 -1.06473529e-01 
 5.37850000e-09  5.37850000e-09  0.00000000e+00  7.01585262e-01 -1.08950867e-01 
 5.37950000e-09  5.37950000e-09  0.00000000e+00  7.80273373e-01 -1.11331694e-01 
 5.38050000e-09  5.38050000e-09  0.00000000e+00  8.62362760e-01 -1.13491694e-01 
 5.38150000e-09  5.38150000e-09  0.00000000e+00  9.47576748e-01 -1.15542319e-01 
 5.38250000e-09  5.38250000e-09  0.00000000e+00  1.03566074e+00 -1.17368187e-01 
 5.38350000e-09  5.38350000e-09  0.00000000e+00  1.12438735e+00 -1.16066032e-01 
 5.38450000e-09  5.38450000e-09  0.00000000e+00  1.21140633e+00 -1.14115027e-01 
 5.38550000e-09  5.38550000e-09  0.00000000e+00  1.29609547e+00 -1.11454937e-01 
 5.38650000e-09  5.38650000e-09  0.00000000e+00  1.37797585e+00 -1.08428302e-01 
 5.38750000e-09  5.38750000e-09  0.00000000e+00  1.45667817e+00 -1.04907093e-01 
 5.38850000e-09  5.38850000e-09  0.00000000e+00  1.53192483e+00 -1.01201507e-01 
 5.38950000e-09  5.38950000e-09  0.00000000e+00  1.60351473e+00 -9.71559655e-02 
 5.39050000e-09  5.39050000e-09  0.00000000e+00  1.67132891e+00 -9.30845266e-02 
 5.39150000e-09  5.39150000e-09  0.00000000e+00  1.73530958e+00 -8.88028356e-02 
 5.39250000e-09  5.39250000e-09  0.00000000e+00  1.79545509e+00 -8.46157455e-02 
 5.39350000e-09  5.39350000e-09  0.00000000e+00  1.85180530e+00 -8.03113241e-02 
 5.39450000e-09  5.39450000e-09  0.00000000e+00  1.90443699e+00 -7.61848715e-02 
 5.39550000e-09  5.39550000e-09  0.00000000e+00  1.95345362e+00 -7.20067988e-02 
 5.39650000e-09  5.39650000e-09  0.00000000e+00  1.99897992e+00 -6.80619340e-02 
 5.39750000e-09  5.39750000e-09  0.00000000e+00  2.04115640e+00 -6.41102582e-02 
 5.39850000e-09  5.39850000e-09  0.00000000e+00  2.08013484e+00 -6.04274554e-02 
 5.39950000e-09  5.39950000e-09  0.00000000e+00  2.11607436e+00 -5.67655089e-02 
 5.40050000e-09  5.40050000e-09  0.00000000e+00  2.14913830e+00 -5.33931261e-02 
 5.40150000e-09  5.40150000e-09  0.00000000e+00  2.17949152e+00 -5.00562237e-02 
 5.40250000e-09  5.40250000e-09  0.00000000e+00  2.20729814e+00 -4.70227475e-02 
 5.40350000e-09  5.40350000e-09  0.00000000e+00  2.23272538e+00 -4.40301218e-02 
 5.40450000e-09  5.40450000e-09  0.00000000e+00  2.25594334e+00 -4.13331248e-02 
 5.40550000e-09  5.40550000e-09  0.00000000e+00  2.27711784e+00 -3.86681090e-02 
 5.40650000e-09  5.40650000e-09  0.00000000e+00  2.29640781e+00 -3.62900507e-02 
 5.40750000e-09  5.40750000e-09  0.00000000e+00  2.31396462e+00 -3.39333357e-02 
 5.40850000e-09  5.40850000e-09  0.00000000e+00  2.32993152e+00 -3.18514566e-02 
 5.40950000e-09  5.40950000e-09  0.00000000e+00  2.34444335e+00 -2.97777364e-02 
 5.41050000e-09  5.41050000e-09  0.00000000e+00  2.35762638e+00 -2.79649672e-02 
 5.41150000e-09  5.41150000e-09  0.00000000e+00  2.36959833e+00 -2.61460798e-02 
 5.41250000e-09  5.41250000e-09  0.00000000e+00  2.38046846e+00 -2.45737333e-02 
 5.41350000e-09  5.41350000e-09  0.00000000e+00  2.39033779e+00 -2.29809392e-02 
 5.41450000e-09  5.41450000e-09  0.00000000e+00  2.39929937e+00 -2.16206103e-02 
 5.41550000e-09  5.41550000e-09  0.00000000e+00  2.40743863e+00 -2.02261484e-02 
 5.41650000e-09  5.41650000e-09  0.00000000e+00  2.41483375e+00 -1.90509617e-02 
 5.41750000e-09  5.41750000e-09  0.00000000e+00  2.42155611e+00 -1.78290240e-02 
 5.41850000e-09  5.41850000e-09  0.00000000e+00  2.42767065e+00 -1.68143687e-02 
 5.41950000e-09  5.41950000e-09  0.00000000e+00  2.43323636e+00 -1.57416279e-02 
 5.42050000e-09  5.42050000e-09  0.00000000e+00  2.43830670e+00 -1.48655091e-02 
 5.42150000e-09  5.42150000e-09  0.00000000e+00  2.44293001e+00 -1.39213209e-02 
 5.42250000e-09  5.42250000e-09  0.00000000e+00  2.44714992e+00 -1.31644384e-02 
 5.42350000e-09  5.42350000e-09  0.00000000e+00  2.45100578e+00 -1.23308206e-02 
 5.42450000e-09  5.42450000e-09  0.00000000e+00  2.45453584e+00 -1.16774794e-02 
 5.42550000e-09  5.42550000e-09  0.00000000e+00  2.45776865e+00 -1.09373129e-02 
 5.42650000e-09  5.42650000e-09  0.00000000e+00  2.46073228e+00 -1.03718323e-02 
 5.42750000e-09  5.42750000e-09  0.00000000e+00  2.46345316e+00 -9.71423254e-03 
 5.42850000e-09  5.42850000e-09  0.00000000e+00  2.46595391e+00 -9.22455181e-03 
 5.42950000e-09  5.42950000e-09  0.00000000e+00  2.46825732e+00 -8.63819527e-03 
 5.43050000e-09  5.43050000e-09  0.00000000e+00  2.47038235e+00 -8.20082521e-03 
 5.43150000e-09  5.43150000e-09  0.00000000e+00  2.47234747e+00 -7.66892856e-03 
 5.43250000e-09  5.43250000e-09  0.00000000e+00  2.47416500e+00 -7.30232416e-03 
 5.43350000e-09  5.43350000e-09  0.00000000e+00  2.47584749e+00 -6.82476658e-03 
 5.43450000e-09  5.43450000e-09  0.00000000e+00  2.47740743e+00 -6.50205183e-03 
 5.43550000e-09  5.43550000e-09  0.00000000e+00  2.47885482e+00 -6.07265262e-03 
 5.43650000e-09  5.43650000e-09  0.00000000e+00  2.48019876e+00 -5.79499355e-03 
 5.43750000e-09  5.43750000e-09  0.00000000e+00  2.48144758e+00 -5.40774299e-03 
 5.43850000e-09  5.43850000e-09  0.00000000e+00  2.48260887e+00 -5.16952231e-03 
 5.43950000e-09  5.43950000e-09  0.00000000e+00  2.48368955e+00 -4.81918452e-03 
 5.44050000e-09  5.44050000e-09  0.00000000e+00  2.48469595e+00 -4.61552374e-03 
 5.44150000e-09  5.44150000e-09  0.00000000e+00  2.48563384e+00 -4.29755426e-03 
 5.44250000e-09  5.44250000e-09  0.00000000e+00  2.48650849e+00 -4.12422053e-03 
 5.44350000e-09  5.44350000e-09  0.00000000e+00  2.48732472e+00 -3.83467668e-03 
 5.44450000e-09  5.44450000e-09  0.00000000e+00  2.48808693e+00 -3.68799716e-03 
 5.44550000e-09  5.44550000e-09  0.00000000e+00  2.48879916e+00 -3.42345681e-03 
 5.44650000e-09  5.44650000e-09  0.00000000e+00  2.48946509e+00 -3.30024208e-03 
 5.44750000e-09  5.44750000e-09  0.00000000e+00  2.49008811e+00 -3.05773169e-03 
 5.44850000e-09  5.44850000e-09  0.00000000e+00  2.49067131e+00 -2.95520838e-03 
 5.44950000e-09  5.44950000e-09  0.00000000e+00  2.49121755e+00 -2.73214016e-03 
 5.45050000e-09  5.45050000e-09  0.00000000e+00  2.49172943e+00 -2.64789254e-03 
 5.45150000e-09  5.45150000e-09  0.00000000e+00  2.49220936e+00 -2.44201025e-03 
 5.45250000e-09  5.45250000e-09  0.00000000e+00  2.49265956e+00 -2.37392994e-03 
 5.45350000e-09  5.45350000e-09  0.00000000e+00  2.49308206e+00 -2.18326234e-03 
 5.45450000e-09  5.45450000e-09  0.00000000e+00  2.49347874e+00 -2.12950535e-03 
 5.45550000e-09  5.45550000e-09  0.00000000e+00  2.49385133e+00 -1.95232654e-03 
 5.45650000e-09  5.45650000e-09  0.00000000e+00  2.49420145e+00 -1.91127662e-03 
 5.45750000e-09  5.45750000e-09  0.00000000e+00  2.49453055e+00 -1.74607225e-03 
 5.45850000e-09  5.45850000e-09  0.00000000e+00  2.49484003e+00 -1.71630978e-03 
 5.45950000e-09  5.45950000e-09  0.00000000e+00  2.49513115e+00 -1.56174835e-03 
 5.46050000e-09  5.46050000e-09  0.00000000e+00  2.49540508e+00 -1.54202384e-03 
 5.46150000e-09  5.46150000e-09  0.00000000e+00  2.49566292e+00 -1.39693224e-03 
 5.46250000e-09  5.46250000e-09  0.00000000e+00  2.49590569e+00 -1.38614379e-03 
 5.46350000e-09  5.46350000e-09  0.00000000e+00  2.49613433e+00 -1.24948654e-03 
 5.46450000e-09  5.46450000e-09  0.00000000e+00  2.49634971e+00 -1.24666067e-03 
 5.46550000e-09  5.46550000e-09  0.00000000e+00  2.49655266e+00 -1.11752217e-03 
 5.46650000e-09  5.46650000e-09  0.00000000e+00  2.49674394e+00 -1.12179737e-03 
 5.46750000e-09  5.46750000e-09  0.00000000e+00  2.49692426e+00 -9.99366717e-04 
 5.46850000e-09  5.46850000e-09  0.00000000e+00  2.49709428e+00 -1.00997943e-03 
 5.46950000e-09  5.46950000e-09  0.00000000e+00  2.49725461e+00 -8.93537404e-04 
 5.47050000e-09  5.47050000e-09  0.00000000e+00  2.49740585e+00 -9.09809945e-04 
 5.47150000e-09  5.47150000e-09  0.00000000e+00  2.49754853e+00 -7.98717800e-04 
 5.47250000e-09  5.47250000e-09  0.00000000e+00  2.49768316e+00 -8.20047951e-04 
 5.47350000e-09  5.47350000e-09  0.00000000e+00  2.49781022e+00 -7.13737743e-04 
 5.47450000e-09  5.47450000e-09  0.00000000e+00  2.49793013e+00 -7.39589749e-04 
 5.47550000e-09  5.47550000e-09  0.00000000e+00  2.49804334e+00 -6.37555961e-04 
 5.47650000e-09  5.47650000e-09  0.00000000e+00  2.49815021e+00 -6.67452723e-04 
 5.47750000e-09  5.47750000e-09  0.00000000e+00  2.49825113e+00 -5.69244979e-04 
 5.47850000e-09  5.47850000e-09  0.00000000e+00  2.49834643e+00 -6.02761258e-04 
 5.47950000e-09  5.47950000e-09  0.00000000e+00  2.49843643e+00 -5.07977977e-04 
 5.48050000e-09  5.48050000e-09  0.00000000e+00  2.49852145e+00 -5.44734463e-04 
 5.48150000e-09  5.48150000e-09  0.00000000e+00  2.49860176e+00 -4.53017305e-04 
 5.48250000e-09  5.48250000e-09  0.00000000e+00  2.49867763e+00 -4.92675418e-04 
 5.48350000e-09  5.48350000e-09  0.00000000e+00  2.49874931e+00 -4.03704425e-04 
 5.48450000e-09  5.48450000e-09  0.00000000e+00  2.49881705e+00 -4.45961759e-04 
 5.48550000e-09  5.48550000e-09  0.00000000e+00  2.49888106e+00 -3.59451076e-04 
 5.48650000e-09  5.48650000e-09  0.00000000e+00  2.49894156e+00 -4.04037385e-04 
 5.48750000e-09  5.48750000e-09  0.00000000e+00  2.49899873e+00 -3.19731493e-04 
 5.48850000e-09  5.48850000e-09  0.00000000e+00  2.49905278e+00 -3.66405157e-04 
 5.48950000e-09  5.48950000e-09  0.00000000e+00  2.49910386e+00 -2.84075552e-04 
 5.49050000e-09  5.49050000e-09  0.00000000e+00  2.49915216e+00 -3.32620449e-04 
 5.49150000e-09  5.49150000e-09  0.00000000e+00  2.49919782e+00 -2.52062702e-04 
 5.49250000e-09  5.49250000e-09  0.00000000e+00  2.49924098e+00 -3.02285445e-04 
 5.49350000e-09  5.49350000e-09  0.00000000e+00  2.49928180e+00 -2.23316598e-04 
 5.49450000e-09  5.49450000e-09  0.00000000e+00  2.49932040e+00 -2.75044083e-04 
 5.49550000e-09  5.49550000e-09  0.00000000e+00  2.49935689e+00 -1.97500342e-04 
 5.49650000e-09  5.49650000e-09  0.00000000e+00  2.49939140e+00 -2.50577571e-04 
 5.49750000e-09  5.49750000e-09  0.00000000e+00  2.49942405e+00 -1.74312254e-04 
 5.49850000e-09  5.49850000e-09  0.00000000e+00  2.49945492e+00 -2.28600406e-04 
 5.49950000e-09  5.49950000e-09  0.00000000e+00  2.49948411e+00 -1.53482121e-04 
 5.50050000e-09  5.50050000e-09  0.00000000e+00  2.49951173e+00 -2.08856827e-04 
 5.50150000e-09  5.50150000e-09  0.00000000e+00  2.49953785e+00 -1.34767849e-04 
 5.50250000e-09  5.50250000e-09  0.00000000e+00  2.49956256e+00 -1.91117667e-04 
 5.50350000e-09  5.50350000e-09  0.00000000e+00  2.49958594e+00 -1.17952492e-04 
 5.50450000e-09  5.50450000e-09  0.00000000e+00  2.49960806e+00 -1.75177536e-04 
 5.50550000e-09  5.50550000e-09  0.00000000e+00  2.49962898e+00 -1.02841594e-04 
 5.50650000e-09  5.50650000e-09  0.00000000e+00  2.49964877e+00 -1.60852323e-04 
 5.50750000e-09  5.50750000e-09  0.00000000e+00  2.49966750e+00 -8.92608285e-05 
 5.50850000e-09  5.50850000e-09  0.00000000e+00  2.49968522e+00 -1.47976955e-04 
 5.50950000e-09  5.50950000e-09  0.00000000e+00  2.49970199e+00 -7.70538800e-05 
 5.51050000e-09  5.51050000e-09  0.00000000e+00  2.49971785e+00 -1.36403406e-04 
 5.51150000e-09  5.51150000e-09  0.00000000e+00  2.49973287e+00 -6.60805639e-05 
 5.51250000e-09  5.51250000e-09  0.00000000e+00  2.49974707e+00 -1.25998911e-04 
 5.51350000e-09  5.51350000e-09  0.00000000e+00  2.49976052e+00 -5.62151393e-05 
 5.51450000e-09  5.51450000e-09  0.00000000e+00  2.49977324e+00 -1.16644377e-04 
 5.51550000e-09  5.51550000e-09  0.00000000e+00  2.49978529e+00 -4.73448036e-05 
 5.51650000e-09  5.51650000e-09  0.00000000e+00  2.49979668e+00 -1.08232956e-04 
 5.51750000e-09  5.51750000e-09  0.00000000e+00  2.49980747e+00 -3.93683466e-05 
 5.51850000e-09  5.51850000e-09  0.00000000e+00  2.49981768e+00 -1.00668775e-04 
 5.51950000e-09  5.51950000e-09  0.00000000e+00  2.49982734e+00 -3.21949460e-05 
 5.52050000e-09  5.52050000e-09  0.00000000e+00  2.49983649e+00 -9.38657922e-05 
 5.52150000e-09  5.52150000e-09  0.00000000e+00  2.49984515e+00 -2.57430901e-05 
 5.52250000e-09  5.52250000e-09  0.00000000e+00  2.49985335e+00 -8.77467851e-05 
 5.52350000e-09  5.52350000e-09  0.00000000e+00  2.49986110e+00 -1.99396140e-05 
 5.52450000e-09  5.52450000e-09  0.00000000e+00  2.49986845e+00 -8.22424317e-05 
 5.52550000e-09  5.52550000e-09  0.00000000e+00  2.49987540e+00 -1.47188362e-05 
 5.52650000e-09  5.52650000e-09  0.00000000e+00  2.49988199e+00 -7.72904975e-05 
 5.52750000e-09  5.52750000e-09  0.00000000e+00  2.49988822e+00 -1.00217858e-05 
 5.52850000e-09  5.52850000e-09  0.00000000e+00  2.49989412e+00 -7.28351025e-05 
 5.52950000e-09  5.52950000e-09  0.00000000e+00  2.49989971e+00 -5.79551055e-06 
 5.53050000e-09  5.53050000e-09  0.00000000e+00  2.49990500e+00 -6.88260673e-05 
 5.53150000e-09  5.53150000e-09  0.00000000e+00  2.49991000e+00 -1.99245705e-06 
 5.53250000e-09  5.53250000e-09  0.00000000e+00  2.49991475e+00 -6.52183257e-05 
 5.53350000e-09  5.53350000e-09  0.00000000e+00  2.49991924e+00  1.43008497e-06 
 5.53450000e-09  5.53450000e-09  0.00000000e+00  2.49992349e+00 -6.19713991e-05 
 5.53550000e-09  5.53550000e-09  0.00000000e+00  2.49992752e+00  4.51048012e-06 
 5.53650000e-09  5.53650000e-09  0.00000000e+00  2.49993133e+00 -5.90489254e-05 
 5.53750000e-09  5.53750000e-09  0.00000000e+00  2.49993494e+00  7.28319348e-06 
 5.53850000e-09  5.53850000e-09  0.00000000e+00  2.49993836e+00 -5.64182366e-05 
 5.53950000e-09  5.53950000e-09  0.00000000e+00  2.49994160e+00  9.77919037e-06 
 5.54050000e-09  5.54050000e-09  0.00000000e+00  2.49994467e+00 -5.40499806e-05 
 5.54150000e-09  5.54150000e-09  0.00000000e+00  2.49994757e+00  1.20262948e-05 
 5.54250000e-09  5.54250000e-09  0.00000000e+00  2.49995032e+00 -5.19177813e-05 
 5.54350000e-09  5.54350000e-09  0.00000000e+00  2.49995293e+00  1.40495108e-05 
 5.54450000e-09  5.54450000e-09  0.00000000e+00  2.49995539e+00 -4.99979345e-05 
 5.54550000e-09  5.54550000e-09  0.00000000e+00  2.49995773e+00  1.58713108e-05 
 5.54650000e-09  5.54650000e-09  0.00000000e+00  2.49995995e+00 -4.82691351e-05 
 5.54750000e-09  5.54750000e-09  0.00000000e+00  2.49996204e+00  1.75118939e-05 
 5.54850000e-09  5.54850000e-09  0.00000000e+00  2.49996403e+00 -4.67122322e-05 
 5.54950000e-09  5.54950000e-09  0.00000000e+00  2.49996591e+00  1.89894176e-05 
 5.55050000e-09  5.55050000e-09  0.00000000e+00  2.49996770e+00 -4.53100094e-05 
 5.55150000e-09  5.55150000e-09  0.00000000e+00  2.49996938e+00  2.03202064e-05 
 5.55250000e-09  5.55250000e-09  0.00000000e+00  2.49997098e+00 -4.40469879e-05 
 5.55350000e-09  5.55350000e-09  0.00000000e+00  2.49997250e+00  2.15189377e-05 
 5.55450000e-09  5.55450000e-09  0.00000000e+00  2.49997394e+00 -4.29092495e-05 
 5.55550000e-09  5.55550000e-09  0.00000000e+00  2.49997530e+00  2.25988099e-05 
 5.55650000e-09  5.55650000e-09  0.00000000e+00  2.49997659e+00 -4.18842785e-05 
 5.55750000e-09  5.55750000e-09  0.00000000e+00  2.49997781e+00  2.35716919e-05 
 5.55850000e-09  5.55850000e-09  0.00000000e+00  2.49997896e+00 -4.09608185e-05 
 5.55950000e-09  5.55950000e-09  0.00000000e+00  2.49998006e+00  2.44482590e-05 
 5.56050000e-09  5.56050000e-09  0.00000000e+00  2.49998110e+00 -4.01287455e-05 
 5.56150000e-09  5.56150000e-09  0.00000000e+00  2.49998208e+00  2.52381132e-05 
 5.56250000e-09  5.56250000e-09  0.00000000e+00  2.49998302e+00 -3.93789523e-05 
 5.56350000e-09  5.56350000e-09  0.00000000e+00  2.49998390e+00  2.59498921e-05 
 5.56450000e-09  5.56450000e-09  0.00000000e+00  2.49998474e+00 -3.87032464e-05 
 5.56550000e-09  5.56550000e-09  0.00000000e+00  2.49998553e+00  2.65913666e-05 
 5.56650000e-09  5.56650000e-09  0.00000000e+00  2.49998628e+00 -3.80942565e-05 
 5.56750000e-09  5.56750000e-09  0.00000000e+00  2.49998700e+00  2.71695286e-05 
 5.56850000e-09  5.56850000e-09  0.00000000e+00  2.49998767e+00 -3.75453505e-05 
 5.56950000e-09  5.56950000e-09  0.00000000e+00  2.49998831e+00  2.76906696e-05 
 5.57050000e-09  5.57050000e-09  0.00000000e+00  2.49998892e+00 -3.70505601e-05 
 5.57150000e-09  5.57150000e-09  0.00000000e+00  2.49998949e+00  2.81604514e-05 
 5.57250000e-09  5.57250000e-09  0.00000000e+00  2.49999004e+00 -3.66045140e-05 
 5.57350000e-09  5.57350000e-09  0.00000000e+00  2.49999055e+00  2.85839695e-05 
 5.57450000e-09  5.57450000e-09  0.00000000e+00  2.49999104e+00 -3.62023781e-05 
 5.57550000e-09  5.57550000e-09  0.00000000e+00  2.49999151e+00  2.89658103e-05 
 5.57650000e-09  5.57650000e-09  0.00000000e+00  2.49999195e+00 -3.58398009e-05 
 5.57750000e-09  5.57750000e-09  0.00000000e+00  2.49999236e+00  2.93101025e-05 
 5.57850000e-09  5.57850000e-09  0.00000000e+00  2.49999276e+00 -3.55128653e-05 
 5.57950000e-09  5.57950000e-09  0.00000000e+00  2.49999313e+00  2.96205626e-05 
 5.58050000e-09  5.58050000e-09  0.00000000e+00  2.49999349e+00 -3.52180446e-05 
 5.58150000e-09  5.58150000e-09  0.00000000e+00  2.49999382e+00  2.99005371e-05 
 5.58250000e-09  5.58250000e-09  0.00000000e+00  2.49999414e+00 -3.49521637e-05 
 5.58350000e-09  5.58350000e-09  0.00000000e+00  2.49999445e+00  3.01530388e-05 
 5.58450000e-09  5.58450000e-09  0.00000000e+00  2.49999473e+00 -3.47123634e-05 
 5.58550000e-09  5.58550000e-09  0.00000000e+00  2.49999500e+00  3.03807809e-05 
 5.58650000e-09  5.58650000e-09  0.00000000e+00  2.49999526e+00 -3.44960690e-05 
 5.58750000e-09  5.58750000e-09  0.00000000e+00  2.49999551e+00  3.05862068e-05 
 5.58850000e-09  5.58850000e-09  0.00000000e+00  2.49999574e+00 -3.43009617e-05 
 5.58950000e-09  5.58950000e-09  0.00000000e+00  2.49999596e+00  3.07715172e-05 
 5.59050000e-09  5.59050000e-09  0.00000000e+00  2.49999617e+00 -3.41249530e-05 
 5.59150000e-09  5.59150000e-09  0.00000000e+00  2.49999636e+00  3.09386942e-05 
 5.59250000e-09  5.59250000e-09  0.00000000e+00  2.49999655e+00 -3.39661616e-05 
 5.59350000e-09  5.59350000e-09  0.00000000e+00  2.49999673e+00  3.10895234e-05 
 5.59450000e-09  5.59450000e-09  0.00000000e+00  2.49999690e+00 -3.38228928e-05 
 5.59550000e-09  5.59550000e-09  0.00000000e+00  2.49999706e+00  3.12256133e-05 
 5.59650000e-09  5.59650000e-09  0.00000000e+00  2.49999721e+00 -3.36936197e-05 
 5.59750000e-09  5.59750000e-09  0.00000000e+00  2.49999735e+00  3.13484132e-05 
 5.59850000e-09  5.59850000e-09  0.00000000e+00  2.49999749e+00 -3.35769668e-05 
 5.59950000e-09  5.59950000e-09  0.00000000e+00  2.49999762e+00  3.14592288e-05 
 5.60050000e-09  5.60050000e-09  0.00000000e+00  2.49999774e+00 -3.34716945e-05 
 5.60150000e-09  5.60150000e-09  0.00000000e+00  2.49999785e+00  3.15592369e-05 
 5.60250000e-09  5.60250000e-09  0.00000000e+00  2.49999796e+00 -3.33766858e-05 
 5.60350000e-09  5.60350000e-09  0.00000000e+00  2.49999807e+00  3.16494978e-05 
 5.60450000e-09  5.60450000e-09  0.00000000e+00  2.49999817e+00 -3.32909339e-05 
 5.60550000e-09  5.60550000e-09  0.00000000e+00  2.49999826e+00  3.17309672e-05 
 5.60650000e-09  5.60650000e-09  0.00000000e+00  2.49999835e+00 -3.32135317e-05 
 5.60750000e-09  5.60750000e-09  0.00000000e+00  2.49999843e+00  3.18045065e-05 
 5.60850000e-09  5.60850000e-09  0.00000000e+00  2.49999851e+00 -3.31436613e-05 
 5.60950000e-09  5.60950000e-09  0.00000000e+00  2.49999859e+00  3.18708923e-05 
 5.61050000e-09  5.61050000e-09  0.00000000e+00  2.49999866e+00 -3.30805854e-05 
 5.61150000e-09  5.61150000e-09  0.00000000e+00  2.49999873e+00  3.19308243e-05 
 5.61250000e-09  5.61250000e-09  0.00000000e+00  2.49999880e+00 -3.30236395e-05 
 5.61350000e-09  5.61350000e-09  0.00000000e+00  2.49999886e+00  3.19849337e-05 
 5.61450000e-09  5.61450000e-09  0.00000000e+00  2.49999892e+00 -3.29722245e-05 
 5.61550000e-09  5.61550000e-09  0.00000000e+00  2.49999897e+00  3.20337894e-05 
 5.61650000e-09  5.61650000e-09  0.00000000e+00  2.49999902e+00 -3.29257999e-05 
 5.61750000e-09  5.61750000e-09  0.00000000e+00  2.49999907e+00  3.20779045e-05 
 5.61850000e-09  5.61850000e-09  0.00000000e+00  2.49999912e+00 -3.28838787e-05 
 5.61950000e-09  5.61950000e-09  0.00000000e+00  2.49999917e+00  3.21177415e-05 
 5.62050000e-09  5.62050000e-09  0.00000000e+00  2.49999921e+00 -3.28460216e-05 
 5.62150000e-09  5.62150000e-09  0.00000000e+00  2.49999925e+00  3.21537177e-05 
 5.62250000e-09  5.62250000e-09  0.00000000e+00  2.49999929e+00 -3.28118324e-05 
 5.62350000e-09  5.62350000e-09  0.00000000e+00  2.49999932e+00  3.21862093e-05 
 5.62450000e-09  5.62450000e-09  0.00000000e+00  2.49999936e+00 -3.27809536e-05 
 5.62550000e-09  5.62550000e-09  0.00000000e+00  2.49999939e+00  3.22155557e-05 
 5.62650000e-09  5.62650000e-09  0.00000000e+00  2.49999942e+00 -3.27530631e-05 
 5.62750000e-09  5.62750000e-09  0.00000000e+00  2.49999945e+00  3.22420631e-05 
 5.62850000e-09  5.62850000e-09  0.00000000e+00  2.49999948e+00 -3.27278700e-05 
 5.62950000e-09  5.62950000e-09  0.00000000e+00  2.49999950e+00  3.22660075e-05 
 5.63050000e-09  5.63050000e-09  0.00000000e+00  2.49999953e+00 -3.27051120e-05 
 5.63150000e-09  5.63150000e-09  0.00000000e+00  2.49999955e+00  3.22876382e-05 
 5.63250000e-09  5.63250000e-09  0.00000000e+00  2.49999958e+00 -3.26845525e-05 
 5.63350000e-09  5.63350000e-09  0.00000000e+00  2.49999960e+00  3.23071799e-05 
 5.63450000e-09  5.63450000e-09  0.00000000e+00  2.49999962e+00 -3.26659779e-05 
 5.63550000e-09  5.63550000e-09  0.00000000e+00  2.49999964e+00  3.23248354e-05 
 5.63650000e-09  5.63650000e-09  0.00000000e+00  2.49999966e+00 -3.26491957e-05 
 5.63750000e-09  5.63750000e-09  0.00000000e+00  2.49999967e+00  3.23407877e-05 
 5.63850000e-09  5.63850000e-09  0.00000000e+00  2.49999969e+00 -3.26340319e-05 
 5.63950000e-09  5.63950000e-09  0.00000000e+00  2.49999971e+00  3.23552021e-05 
 5.64050000e-09  5.64050000e-09  0.00000000e+00  2.49999972e+00 -3.26203297e-05 
 5.64150000e-09  5.64150000e-09  0.00000000e+00  2.49999973e+00  3.23682275e-05 
 5.64250000e-09  5.64250000e-09  0.00000000e+00  2.49999975e+00 -3.26079475e-05 
 5.64350000e-09  5.64350000e-09  0.00000000e+00  2.49999976e+00  3.23799986e-05 
 5.64450000e-09  5.64450000e-09  0.00000000e+00  2.49999977e+00 -3.25967574e-05 
 5.64550000e-09  5.64550000e-09  0.00000000e+00  2.49999978e+00  3.23906366e-05 
 5.64650000e-09  5.64650000e-09  0.00000000e+00  2.49999980e+00 -3.25866441e-05 
 5.64750000e-09  5.64750000e-09  0.00000000e+00  2.49999981e+00  3.24002512e-05 
 5.64850000e-09  5.64850000e-09  0.00000000e+00  2.49999982e+00 -3.25775034e-05 
 5.64950000e-09  5.64950000e-09  0.00000000e+00  2.49999982e+00  3.24089414e-05 
 5.65050000e-09  5.65050000e-09  0.00000000e+00  2.49999983e+00 -3.25692414e-05 
 5.65150000e-09  5.65150000e-09  0.00000000e+00  2.49999984e+00  3.24167964e-05 
 5.65250000e-09  5.65250000e-09  0.00000000e+00  2.49999985e+00 -3.25617731e-05 
 5.65350000e-09  5.65350000e-09  0.00000000e+00  2.49999986e+00  3.24238970e-05 
 5.65450000e-09  5.65450000e-09  0.00000000e+00  2.49999986e+00 -3.25550220e-05 
 5.65550000e-09  5.65550000e-09  0.00000000e+00  2.49999987e+00  3.24303160e-05 
 5.65650000e-09  5.65650000e-09  0.00000000e+00  2.49999988e+00 -3.25489188e-05 
 5.65750000e-09  5.65750000e-09  0.00000000e+00  2.49999988e+00  3.24361190e-05 
 5.65850000e-09  5.65850000e-09  0.00000000e+00  2.49999989e+00 -3.25434011e-05 
 5.65950000e-09  5.65950000e-09  0.00000000e+00  2.49999990e+00  3.24413656e-05 
 5.66050000e-09  5.66050000e-09  0.00000000e+00  2.49999990e+00 -3.25384123e-05 
 5.66150000e-09  5.66150000e-09  0.00000000e+00  2.49999991e+00  3.24461092e-05 
 5.66250000e-09  5.66250000e-09  0.00000000e+00  2.49999991e+00 -3.25339017e-05 
 5.66350000e-09  5.66350000e-09  0.00000000e+00  2.49999991e+00  3.24503984e-05 
 5.66450000e-09  5.66450000e-09  0.00000000e+00  2.49999992e+00 -3.25298230e-05 
 5.66550000e-09  5.66550000e-09  0.00000000e+00  2.49999992e+00  3.24542769e-05 
 5.66650000e-09  5.66650000e-09  0.00000000e+00  2.49999993e+00 -3.25261349e-05 
 5.66750000e-09  5.66750000e-09  0.00000000e+00  2.49999993e+00  3.24577841e-05 
 5.66850000e-09  5.66850000e-09  0.00000000e+00  2.49999993e+00 -3.25227996e-05 
 5.66950000e-09  5.66950000e-09  0.00000000e+00  2.49999994e+00  3.24609559e-05 
 5.67050000e-09  5.67050000e-09  0.00000000e+00  2.49999994e+00 -3.25197833e-05 
 5.67150000e-09  5.67150000e-09  0.00000000e+00  2.49999994e+00  3.24638243e-05 
 5.67250000e-09  5.67250000e-09  0.00000000e+00  2.49999995e+00 -3.25170554e-05 
 5.67350000e-09  5.67350000e-09  0.00000000e+00  2.49999995e+00  3.24664187e-05 
 5.67450000e-09  5.67450000e-09  0.00000000e+00  2.49999995e+00 -3.25145881e-05 
 5.67550000e-09  5.67550000e-09  0.00000000e+00  2.49999995e+00  3.24687651e-05 
 5.67650000e-09  5.67650000e-09  0.00000000e+00  2.49999996e+00 -3.25123564e-05 
 5.67750000e-09  5.67750000e-09  0.00000000e+00  2.49999996e+00  3.24708876e-05 
 5.67850000e-09  5.67850000e-09  0.00000000e+00  2.49999996e+00 -3.25103378e-05 
 5.67950000e-09  5.67950000e-09  0.00000000e+00  2.49999996e+00  3.24728075e-05 
 5.68050000e-09  5.68050000e-09  0.00000000e+00  2.49999996e+00 -3.25085118e-05 
 5.68150000e-09  5.68150000e-09  0.00000000e+00  2.49999997e+00  3.24745442e-05 
 5.68250000e-09  5.68250000e-09  0.00000000e+00  2.49999997e+00 -3.25068600e-05 
 5.68350000e-09  5.68350000e-09  0.00000000e+00  2.49999997e+00  3.24761154e-05 
 5.68450000e-09  5.68450000e-09  0.00000000e+00  2.49999997e+00 -3.25053656e-05 
 5.68550000e-09  5.68550000e-09  0.00000000e+00  2.49999997e+00  3.24775367e-05 
 5.68650000e-09  5.68650000e-09  0.00000000e+00  2.49999997e+00 -3.25040136e-05 
 5.68750000e-09  5.68750000e-09  0.00000000e+00  2.49999998e+00  3.24788227e-05 
 5.68850000e-09  5.68850000e-09  0.00000000e+00  2.49999998e+00 -3.25027904e-05 
 5.68950000e-09  5.68950000e-09  0.00000000e+00  2.49999998e+00  3.24799862e-05 
 5.69050000e-09  5.69050000e-09  0.00000000e+00  2.49999998e+00 -3.25016836e-05 
 5.69150000e-09  5.69150000e-09  0.00000000e+00  2.49999998e+00  3.24810390e-05 
 5.69250000e-09  5.69250000e-09  0.00000000e+00  2.49999998e+00 -3.25006822e-05 
 5.69350000e-09  5.69350000e-09  0.00000000e+00  2.49999998e+00  3.24819916e-05 
 5.69450000e-09  5.69450000e-09  0.00000000e+00  2.49999998e+00 -3.24997760e-05 
 5.69550000e-09  5.69550000e-09  0.00000000e+00  2.49999998e+00  3.24828536e-05 
 5.69650000e-09  5.69650000e-09  0.00000000e+00  2.49999998e+00 -3.24989560e-05 
 5.69750000e-09  5.69750000e-09  0.00000000e+00  2.49999999e+00  3.24836337e-05 
 5.69850000e-09  5.69850000e-09  0.00000000e+00  2.49999999e+00 -3.24982139e-05 
 5.69950000e-09  5.69950000e-09  0.00000000e+00  2.49999999e+00  3.24843397e-05 
 5.70050000e-09  5.70050000e-09  0.00000000e+00  2.49999999e+00 -3.24975424e-05 
 5.70150000e-09  5.70150000e-09  0.00000000e+00  2.49999999e+00  3.24849786e-05 
 5.70250000e-09  5.70250000e-09  0.00000000e+00  2.49999999e+00 -3.24969345e-05 
 5.70350000e-09  5.70350000e-09  0.00000000e+00  2.49999999e+00  3.24855568e-05 
 5.70450000e-09  5.70450000e-09  0.00000000e+00  2.49999999e+00 -3.24963844e-05 
 5.70550000e-09  5.70550000e-09  0.00000000e+00  2.49999999e+00  3.24860801e-05 
 5.70650000e-09  5.70650000e-09  0.00000000e+00  2.49999999e+00 -3.24958865e-05 
 5.70750000e-09  5.70750000e-09  0.00000000e+00  2.49999999e+00  3.24865538e-05 
 5.70850000e-09  5.70850000e-09  0.00000000e+00  2.49999999e+00 -3.24954359e-05 
 5.70950000e-09  5.70950000e-09  0.00000000e+00  2.49999999e+00  3.24869826e-05 
 5.71050000e-09  5.71050000e-09  0.00000000e+00  2.49999999e+00 -3.24950279e-05 
 5.71150000e-09  5.71150000e-09  0.00000000e+00  2.49999999e+00  3.24873708e-05 
 5.71250000e-09  5.71250000e-09  0.00000000e+00  2.49999999e+00 -3.24946586e-05 
 5.71350000e-09  5.71350000e-09  0.00000000e+00  2.49999999e+00  3.24877221e-05 
 5.71450000e-09  5.71450000e-09  0.00000000e+00  2.49999999e+00 -3.24943243e-05 
 5.71550000e-09  5.71550000e-09  0.00000000e+00  2.49999999e+00  3.24880402e-05 
 5.71650000e-09  5.71650000e-09  0.00000000e+00  2.49999999e+00 -3.24940217e-05 
 5.71750000e-09  5.71750000e-09  0.00000000e+00  2.49999999e+00  3.24883282e-05 
 5.71850000e-09  5.71850000e-09  0.00000000e+00  2.49999999e+00 -3.24937477e-05 
 5.71950000e-09  5.71950000e-09  0.00000000e+00  2.50000000e+00  3.24885889e-05 
 5.72050000e-09  5.72050000e-09  0.00000000e+00  2.50000000e+00 -3.24934996e-05 
 5.72150000e-09  5.72150000e-09  0.00000000e+00  2.50000000e+00  3.24888249e-05 
 5.72250000e-09  5.72250000e-09  0.00000000e+00  2.50000000e+00 -3.24932750e-05 
 5.72350000e-09  5.72350000e-09  0.00000000e+00  2.50000000e+00  3.24890386e-05 
 5.72450000e-09  5.72450000e-09  0.00000000e+00  2.50000000e+00 -3.24930717e-05 
 5.72550000e-09  5.72550000e-09  0.00000000e+00  2.50000000e+00  3.24892321e-05 
 5.72650000e-09  5.72650000e-09  0.00000000e+00  2.50000000e+00 -3.24928875e-05 
 5.72750000e-09  5.72750000e-09  0.00000000e+00  2.50000000e+00  3.24894073e-05 
 5.72850000e-09  5.72850000e-09  0.00000000e+00  2.50000000e+00 -3.24927208e-05 
 5.72950000e-09  5.72950000e-09  0.00000000e+00  2.50000000e+00  3.24895660e-05 
 5.73050000e-09  5.73050000e-09  0.00000000e+00  2.50000000e+00 -3.24925698e-05 
 5.73150000e-09  5.73150000e-09  0.00000000e+00  2.50000000e+00  3.24897097e-05 
 5.73250000e-09  5.73250000e-09  0.00000000e+00  2.50000000e+00 -3.24924331e-05 
 5.73350000e-09  5.73350000e-09  0.00000000e+00  2.50000000e+00  3.24898398e-05 
 5.73450000e-09  5.73450000e-09  0.00000000e+00  2.50000000e+00 -3.24923093e-05 
 5.73550000e-09  5.73550000e-09  0.00000000e+00  2.50000000e+00  3.24899576e-05 
 5.73650000e-09  5.73650000e-09  0.00000000e+00  2.50000000e+00 -3.24921972e-05 
 5.73750000e-09  5.73750000e-09  0.00000000e+00  2.50000000e+00  3.24900643e-05 
 5.73850000e-09  5.73850000e-09  0.00000000e+00  2.50000000e+00 -3.24920956e-05 
 5.73950000e-09  5.73950000e-09  0.00000000e+00  2.50000000e+00  3.24901610e-05 
 5.74050000e-09  5.74050000e-09  0.00000000e+00  2.50000000e+00 -3.24920036e-05 
 5.74150000e-09  5.74150000e-09  0.00000000e+00  2.50000000e+00  3.24902485e-05 
 5.74250000e-09  5.74250000e-09  0.00000000e+00  2.50000000e+00 -3.24919203e-05 
 5.74350000e-09  5.74350000e-09  0.00000000e+00  2.50000000e+00  3.24903278e-05 
 5.74450000e-09  5.74450000e-09  0.00000000e+00  2.50000000e+00 -3.24918449e-05 
 5.74550000e-09  5.74550000e-09  0.00000000e+00  2.50000000e+00  3.24903996e-05 
 5.74650000e-09  5.74650000e-09  0.00000000e+00  2.50000000e+00 -3.24917765e-05 
 5.74750000e-09  5.74750000e-09  0.00000000e+00  2.50000000e+00  3.24904646e-05 
 5.74850000e-09  5.74850000e-09  0.00000000e+00  2.50000000e+00 -3.24917146e-05 
 5.74950000e-09  5.74950000e-09  0.00000000e+00  2.50000000e+00  3.24905236e-05 
 5.75050000e-09  5.75050000e-09  0.00000000e+00  2.50000000e+00 -3.24916585e-05 
 5.75150000e-09  5.75150000e-09  0.00000000e+00  2.50000000e+00  3.24905769e-05 
 5.75250000e-09  5.75250000e-09  0.00000000e+00  2.50000000e+00 -3.24916077e-05 
 5.75350000e-09  5.75350000e-09  0.00000000e+00  2.50000000e+00  3.24906253e-05 
 5.75450000e-09  5.75450000e-09  0.00000000e+00  2.50000000e+00 -3.24915617e-05 
 5.75550000e-09  5.75550000e-09  0.00000000e+00  2.50000000e+00  3.24906691e-05 
 5.75650000e-09  5.75650000e-09  0.00000000e+00  2.50000000e+00 -3.24915200e-05 
 5.75750000e-09  5.75750000e-09  0.00000000e+00  2.50000000e+00  3.24907088e-05 
 5.75850000e-09  5.75850000e-09  0.00000000e+00  2.50000000e+00 -3.24914822e-05 
 5.75950000e-09  5.75950000e-09  0.00000000e+00  2.50000000e+00  3.24907447e-05 
 5.76050000e-09  5.76050000e-09  0.00000000e+00  2.50000000e+00 -3.24914480e-05 
 5.76150000e-09  5.76150000e-09  0.00000000e+00  2.50000000e+00  3.24907773e-05 
 5.76250000e-09  5.76250000e-09  0.00000000e+00  2.50000000e+00 -3.24914170e-05 
 5.76350000e-09  5.76350000e-09  0.00000000e+00  2.50000000e+00  3.24908068e-05 
 5.76450000e-09  5.76450000e-09  0.00000000e+00  2.50000000e+00 -3.24913889e-05 
 5.76550000e-09  5.76550000e-09  0.00000000e+00  2.50000000e+00  3.24908335e-05 
 5.76650000e-09  5.76650000e-09  0.00000000e+00  2.50000000e+00 -3.24913635e-05 
 5.76750000e-09  5.76750000e-09  0.00000000e+00  2.50000000e+00  3.24908578e-05 
 5.76850000e-09  5.76850000e-09  0.00000000e+00  2.50000000e+00 -3.24913404e-05 
 5.76950000e-09  5.76950000e-09  0.00000000e+00  2.50000000e+00  3.24908797e-05 
 5.77050000e-09  5.77050000e-09  0.00000000e+00  2.50000000e+00 -3.24913195e-05 
 5.77150000e-09  5.77150000e-09  0.00000000e+00  2.50000000e+00  3.24908996e-05 
 5.77250000e-09  5.77250000e-09  0.00000000e+00  2.50000000e+00 -3.24913006e-05 
 5.77350000e-09  5.77350000e-09  0.00000000e+00  2.50000000e+00  3.24909176e-05 
 5.77450000e-09  5.77450000e-09  0.00000000e+00  2.50000000e+00 -3.24912834e-05 
 5.77550000e-09  5.77550000e-09  0.00000000e+00  2.50000000e+00  3.24909340e-05 
 5.77650000e-09  5.77650000e-09  0.00000000e+00  2.50000000e+00 -3.24912679e-05 
 5.77750000e-09  5.77750000e-09  0.00000000e+00  2.50000000e+00  3.24909488e-05 
 5.77850000e-09  5.77850000e-09  0.00000000e+00  2.50000000e+00 -3.24912538e-05 
 5.77950000e-09  5.77950000e-09  0.00000000e+00  2.50000000e+00  3.24909622e-05 
 5.78050000e-09  5.78050000e-09  0.00000000e+00  2.50000000e+00 -3.24912410e-05 
 5.78150000e-09  5.78150000e-09  0.00000000e+00  2.50000000e+00  3.24909743e-05 
 5.78250000e-09  5.78250000e-09  0.00000000e+00  2.50000000e+00 -3.24912294e-05 
 5.78350000e-09  5.78350000e-09  0.00000000e+00  2.50000000e+00  3.24909854e-05 
 5.78450000e-09  5.78450000e-09  0.00000000e+00  2.50000000e+00 -3.24912190e-05 
 5.78550000e-09  5.78550000e-09  0.00000000e+00  2.50000000e+00  3.24909953e-05 
 5.78650000e-09  5.78650000e-09  0.00000000e+00  2.50000000e+00 -3.24912095e-05 
 5.78750000e-09  5.78750000e-09  0.00000000e+00  2.50000000e+00  3.24910044e-05 
 5.78850000e-09  5.78850000e-09  0.00000000e+00  2.50000000e+00 -3.24912008e-05 
 5.78950000e-09  5.78950000e-09  0.00000000e+00  2.50000000e+00  3.24910126e-05 
 5.79050000e-09  5.79050000e-09  0.00000000e+00  2.50000000e+00 -3.24911930e-05 
 5.79150000e-09  5.79150000e-09  0.00000000e+00  2.50000000e+00  3.24910200e-05 
 5.79250000e-09  5.79250000e-09  0.00000000e+00  2.50000000e+00 -3.24911860e-05 
 5.79350000e-09  5.79350000e-09  0.00000000e+00  2.50000000e+00  3.24910268e-05 
 5.79450000e-09  5.79450000e-09  0.00000000e+00  2.50000000e+00 -3.24911795e-05 
 5.79550000e-09  5.79550000e-09  0.00000000e+00  2.50000000e+00  3.24910329e-05 
 5.79650000e-09  5.79650000e-09  0.00000000e+00  2.50000000e+00 -3.24911737e-05 
 5.79750000e-09  5.79750000e-09  0.00000000e+00  2.50000000e+00  3.24910384e-05 
 5.79850000e-09  5.79850000e-09  0.00000000e+00  2.50000000e+00 -3.24911685e-05 
 5.79950000e-09  5.79950000e-09  0.00000000e+00  2.50000000e+00  3.24910434e-05 
 5.80050000e-09  5.80050000e-09  0.00000000e+00  2.50000000e+00 -3.24911637e-05 
 5.80150000e-09  5.80150000e-09  0.00000000e+00  2.50000000e+00  3.24910480e-05 
 5.80250000e-09  5.80250000e-09  0.00000000e+00  2.50000000e+00 -3.24911593e-05 
 5.80350000e-09  5.80350000e-09  0.00000000e+00  2.50000000e+00  3.24910521e-05 
 5.80450000e-09  5.80450000e-09  0.00000000e+00  2.50000000e+00 -3.24911554e-05 
 5.80550000e-09  5.80550000e-09  0.00000000e+00  2.50000000e+00  3.24910558e-05 
 5.80650000e-09  5.80650000e-09  0.00000000e+00  2.50000000e+00 -3.24911519e-05 
 5.80750000e-09  5.80750000e-09  0.00000000e+00  2.50000000e+00  3.24910592e-05 
 5.80850000e-09  5.80850000e-09  0.00000000e+00  2.50000000e+00 -3.24911486e-05 
 5.80950000e-09  5.80950000e-09  0.00000000e+00  2.50000000e+00  3.24910623e-05 
 5.81050000e-09  5.81050000e-09  0.00000000e+00  2.50000000e+00 -3.24911457e-05 
 5.81150000e-09  5.81150000e-09  0.00000000e+00  2.50000000e+00  3.24910651e-05 
 5.81250000e-09  5.81250000e-09  0.00000000e+00  2.50000000e+00 -3.24911431e-05 
 5.81350000e-09  5.81350000e-09  0.00000000e+00  2.50000000e+00  3.24910676e-05 
 5.81450000e-09  5.81450000e-09  0.00000000e+00  2.50000000e+00 -3.24911406e-05 
 5.81550000e-09  5.81550000e-09  0.00000000e+00  2.50000000e+00  3.24910699e-05 
 5.81650000e-09  5.81650000e-09  0.00000000e+00  2.50000000e+00 -3.24911385e-05 
 5.81750000e-09  5.81750000e-09  0.00000000e+00  2.50000000e+00  3.24910720e-05 
 5.81850000e-09  5.81850000e-09  0.00000000e+00  2.50000000e+00 -3.24911365e-05 
 5.81950000e-09  5.81950000e-09  0.00000000e+00  2.50000000e+00  3.24910739e-05 
 5.82050000e-09  5.82050000e-09  0.00000000e+00  2.50000000e+00 -3.24911347e-05 
 5.82150000e-09  5.82150000e-09  0.00000000e+00  2.50000000e+00  3.24910756e-05 
 5.82250000e-09  5.82250000e-09  0.00000000e+00  2.50000000e+00 -3.24911331e-05 
 5.82350000e-09  5.82350000e-09  0.00000000e+00  2.50000000e+00  3.24910771e-05 
 5.82450000e-09  5.82450000e-09  0.00000000e+00  2.50000000e+00 -3.24911316e-05 
 5.82550000e-09  5.82550000e-09  0.00000000e+00  2.50000000e+00  3.24910785e-05 
 5.82650000e-09  5.82650000e-09  0.00000000e+00  2.50000000e+00 -3.24911303e-05 
 5.82750000e-09  5.82750000e-09  0.00000000e+00  2.50000000e+00  3.24910798e-05 
 5.82850000e-09  5.82850000e-09  0.00000000e+00  2.50000000e+00 -3.24911291e-05 
 5.82950000e-09  5.82950000e-09  0.00000000e+00  2.50000000e+00  3.24910809e-05 
 5.83050000e-09  5.83050000e-09  0.00000000e+00  2.50000000e+00 -3.24911280e-05 
 5.83150000e-09  5.83150000e-09  0.00000000e+00  2.50000000e+00  3.24910820e-05 
 5.83250000e-09  5.83250000e-09  0.00000000e+00  2.50000000e+00 -3.24911270e-05 
 5.83350000e-09  5.83350000e-09  0.00000000e+00  2.50000000e+00  3.24910829e-05 
 5.83450000e-09  5.83450000e-09  0.00000000e+00  2.50000000e+00 -3.24911261e-05 
 5.83550000e-09  5.83550000e-09  0.00000000e+00  2.50000000e+00  3.24910838e-05 
 5.83650000e-09  5.83650000e-09  0.00000000e+00  2.50000000e+00 -3.24911252e-05 
 5.83750000e-09  5.83750000e-09  0.00000000e+00  2.50000000e+00  3.24910846e-05 
 5.83850000e-09  5.83850000e-09  0.00000000e+00  2.50000000e+00 -3.24911245e-05 
 5.83950000e-09  5.83950000e-09  0.00000000e+00  2.50000000e+00  3.24910853e-05 
 5.84050000e-09  5.84050000e-09  0.00000000e+00  2.50000000e+00 -3.24911238e-05 
 5.84150000e-09  5.84150000e-09  0.00000000e+00  2.50000000e+00  3.24910859e-05 
 5.84250000e-09  5.84250000e-09  0.00000000e+00  2.50000000e+00 -3.24911232e-05 
 5.84350000e-09  5.84350000e-09  0.00000000e+00  2.50000000e+00  3.24910865e-05 
 5.84450000e-09  5.84450000e-09  0.00000000e+00  2.50000000e+00 -3.24911227e-05 
 5.84550000e-09  5.84550000e-09  0.00000000e+00  2.50000000e+00  3.24910870e-05 
 5.84650000e-09  5.84650000e-09  0.00000000e+00  2.50000000e+00 -3.24911222e-05 
 5.84750000e-09  5.84750000e-09  0.00000000e+00  2.50000000e+00  3.24910875e-05 
 5.84850000e-09  5.84850000e-09  0.00000000e+00  2.50000000e+00 -3.24911217e-05 
 5.84950000e-09  5.84950000e-09  0.00000000e+00  2.50000000e+00  3.24910879e-05 
 5.85050000e-09  5.85050000e-09  0.00000000e+00  2.50000000e+00 -3.24911213e-05 
 5.85150000e-09  5.85150000e-09  0.00000000e+00  2.50000000e+00  3.24910883e-05 
 5.85250000e-09  5.85250000e-09  0.00000000e+00  2.50000000e+00 -3.24911209e-05 
 5.85350000e-09  5.85350000e-09  0.00000000e+00  2.50000000e+00  3.24910887e-05 
 5.85450000e-09  5.85450000e-09  0.00000000e+00  2.50000000e+00 -3.24911206e-05 
 5.85550000e-09  5.85550000e-09  0.00000000e+00  2.50000000e+00  3.24910890e-05 
 5.85650000e-09  5.85650000e-09  0.00000000e+00  2.50000000e+00 -3.24911203e-05 
 5.85750000e-09  5.85750000e-09  0.00000000e+00  2.50000000e+00  3.24910893e-05 
 5.85850000e-09  5.85850000e-09  0.00000000e+00  2.50000000e+00 -3.24911200e-05 
 5.85950000e-09  5.85950000e-09  0.00000000e+00  2.50000000e+00  3.24910896e-05 
 5.86050000e-09  5.86050000e-09  0.00000000e+00  2.50000000e+00 -3.24911197e-05 
 5.86150000e-09  5.86150000e-09  0.00000000e+00  2.50000000e+00  3.24910898e-05 
 5.86250000e-09  5.86250000e-09  0.00000000e+00  2.50000000e+00 -3.24911195e-05 
 5.86350000e-09  5.86350000e-09  0.00000000e+00  2.50000000e+00  3.24910900e-05 
 5.86450000e-09  5.86450000e-09  0.00000000e+00  2.50000000e+00 -3.24911193e-05 
 5.86550000e-09  5.86550000e-09  0.00000000e+00  2.50000000e+00  3.24910902e-05 
 5.86650000e-09  5.86650000e-09  0.00000000e+00  2.50000000e+00 -3.24911191e-05 
 5.86750000e-09  5.86750000e-09  0.00000000e+00  2.50000000e+00  3.24910904e-05 
 5.86850000e-09  5.86850000e-09  0.00000000e+00  2.50000000e+00 -3.24911189e-05 
 5.86950000e-09  5.86950000e-09  0.00000000e+00  2.50000000e+00  3.24910906e-05 
 5.87050000e-09  5.87050000e-09  0.00000000e+00  2.50000000e+00 -3.24911188e-05 
 5.87150000e-09  5.87150000e-09  0.00000000e+00  2.50000000e+00  3.24910907e-05 
 5.87250000e-09  5.87250000e-09  0.00000000e+00  2.50000000e+00 -3.24911186e-05 
 5.87350000e-09  5.87350000e-09  0.00000000e+00  2.50000000e+00  3.24910909e-05 
 5.87450000e-09  5.87450000e-09  0.00000000e+00  2.50000000e+00 -3.24911185e-05 
 5.87550000e-09  5.87550000e-09  0.00000000e+00  2.50000000e+00  3.24910910e-05 
 5.87650000e-09  5.87650000e-09  0.00000000e+00  2.50000000e+00 -3.24911184e-05 
 5.87750000e-09  5.87750000e-09  0.00000000e+00  2.50000000e+00  3.24910911e-05 
 5.87850000e-09  5.87850000e-09  0.00000000e+00  2.50000000e+00 -3.24911183e-05 
 5.87950000e-09  5.87950000e-09  0.00000000e+00  2.50000000e+00  3.24910912e-05 
 5.88050000e-09  5.88050000e-09  0.00000000e+00  2.50000000e+00 -3.24911182e-05 
 5.88150000e-09  5.88150000e-09  0.00000000e+00  2.50000000e+00  3.24910913e-05 
 5.88250000e-09  5.88250000e-09  0.00000000e+00  2.50000000e+00 -3.24911181e-05 
 5.88350000e-09  5.88350000e-09  0.00000000e+00  2.50000000e+00  3.24910914e-05 
 5.88450000e-09  5.88450000e-09  0.00000000e+00  2.50000000e+00 -3.24911180e-05 
 5.88550000e-09  5.88550000e-09  0.00000000e+00  2.50000000e+00  3.24910914e-05 
 5.88650000e-09  5.88650000e-09  0.00000000e+00  2.50000000e+00 -3.24911180e-05 
 5.88750000e-09  5.88750000e-09  0.00000000e+00  2.50000000e+00  3.24910915e-05 
 5.88850000e-09  5.88850000e-09  0.00000000e+00  2.50000000e+00 -3.24911179e-05 
 5.88950000e-09  5.88950000e-09  0.00000000e+00  2.50000000e+00  3.24910916e-05 
 5.89050000e-09  5.89050000e-09  0.00000000e+00  2.50000000e+00 -3.24911178e-05 
 5.89150000e-09  5.89150000e-09  0.00000000e+00  2.50000000e+00  3.24910916e-05 
 5.89250000e-09  5.89250000e-09  0.00000000e+00  2.50000000e+00 -3.24911178e-05 
 5.89350000e-09  5.89350000e-09  0.00000000e+00  2.50000000e+00  3.24910917e-05 
 5.89450000e-09  5.89450000e-09  0.00000000e+00  2.50000000e+00 -3.24911177e-05 
 5.89550000e-09  5.89550000e-09  0.00000000e+00  2.50000000e+00  3.24910917e-05 
 5.89650000e-09  5.89650000e-09  0.00000000e+00  2.50000000e+00 -3.24911177e-05 
 5.89750000e-09  5.89750000e-09  0.00000000e+00  2.50000000e+00  3.24910918e-05 
 5.89850000e-09  5.89850000e-09  0.00000000e+00  2.50000000e+00 -3.24911177e-05 
 5.89950000e-09  5.89950000e-09  0.00000000e+00  2.50000000e+00  3.24910918e-05 
 5.90050000e-09  5.90050000e-09  0.00000000e+00  2.50000000e+00 -3.24911176e-05 
 5.90150000e-09  5.90150000e-09  0.00000000e+00  2.50000000e+00  3.24910918e-05 
 5.90250000e-09  5.90250000e-09  0.00000000e+00  2.50000000e+00 -3.24911176e-05 
 5.90350000e-09  5.90350000e-09  0.00000000e+00  2.50000000e+00  3.24910919e-05 
 5.90450000e-09  5.90450000e-09  0.00000000e+00  2.50000000e+00 -3.24911176e-05 
 5.90550000e-09  5.90550000e-09  0.00000000e+00  2.50000000e+00  3.24910919e-05 
 5.90650000e-09  5.90650000e-09  0.00000000e+00  2.50000000e+00 -3.24911175e-05 
 5.90750000e-09  5.90750000e-09  0.00000000e+00  2.50000000e+00  3.24910919e-05 
 5.90850000e-09  5.90850000e-09  0.00000000e+00  2.50000000e+00 -3.24911175e-05 
 5.90950000e-09  5.90950000e-09  0.00000000e+00  2.50000000e+00  3.24910919e-05 
 5.91050000e-09  5.91050000e-09  0.00000000e+00  2.50000000e+00 -3.24911175e-05 
 5.91150000e-09  5.91150000e-09  0.00000000e+00  2.50000000e+00  3.24910920e-05 
 5.91250000e-09  5.91250000e-09  0.00000000e+00  2.50000000e+00 -3.24911175e-05 
 5.91350000e-09  5.91350000e-09  0.00000000e+00  2.50000000e+00  3.24910920e-05 
 5.91450000e-09  5.91450000e-09  0.00000000e+00  2.50000000e+00 -3.24911174e-05 
 5.91550000e-09  5.91550000e-09  0.00000000e+00  2.50000000e+00  3.24910920e-05 
 5.91650000e-09  5.91650000e-09  0.00000000e+00  2.50000000e+00 -3.24911174e-05 
 5.91750000e-09  5.91750000e-09  0.00000000e+00  2.50000000e+00  3.24910920e-05 
 5.91850000e-09  5.91850000e-09  0.00000000e+00  2.50000000e+00 -3.24911174e-05 
 5.91950000e-09  5.91950000e-09  0.00000000e+00  2.50000000e+00  3.24910920e-05 
 5.92050000e-09  5.92050000e-09  0.00000000e+00  2.50000000e+00 -3.24911174e-05 
 5.92150000e-09  5.92150000e-09  0.00000000e+00  2.50000000e+00  3.24910920e-05 
 5.92250000e-09  5.92250000e-09  0.00000000e+00  2.50000000e+00 -3.24911174e-05 
 5.92350000e-09  5.92350000e-09  0.00000000e+00  2.50000000e+00  3.24910920e-05 
 5.92450000e-09  5.92450000e-09  0.00000000e+00  2.50000000e+00 -3.24911174e-05 
 5.92550000e-09  5.92550000e-09  0.00000000e+00  2.50000000e+00  3.24910921e-05 
 5.92650000e-09  5.92650000e-09  0.00000000e+00  2.50000000e+00 -3.24911174e-05 
 5.92750000e-09  5.92750000e-09  0.00000000e+00  2.50000000e+00  3.24910921e-05 
 5.92850000e-09  5.92850000e-09  0.00000000e+00  2.50000000e+00 -3.24911174e-05 
 5.92950000e-09  5.92950000e-09  0.00000000e+00  2.50000000e+00  3.24910921e-05 
 5.93050000e-09  5.93050000e-09  0.00000000e+00  2.50000000e+00 -3.24911173e-05 
 5.93150000e-09  5.93150000e-09  0.00000000e+00  2.50000000e+00  3.24910921e-05 
 5.93250000e-09  5.93250000e-09  0.00000000e+00  2.50000000e+00 -3.24911173e-05 
 5.93350000e-09  5.93350000e-09  0.00000000e+00  2.50000000e+00  3.24910921e-05 
 5.93450000e-09  5.93450000e-09  0.00000000e+00  2.50000000e+00 -3.24911173e-05 
 5.93550000e-09  5.93550000e-09  0.00000000e+00  2.50000000e+00  3.24910921e-05 
 5.93650000e-09  5.93650000e-09  0.00000000e+00  2.50000000e+00 -3.24911173e-05 
 5.93750000e-09  5.93750000e-09  0.00000000e+00  2.50000000e+00  3.24910921e-05 
 5.93850000e-09  5.93850000e-09  0.00000000e+00  2.50000000e+00 -3.24911173e-05 
 5.93950000e-09  5.93950000e-09  0.00000000e+00  2.50000000e+00  3.24910921e-05 
 5.94050000e-09  5.94050000e-09  0.00000000e+00  2.50000000e+00 -3.24911173e-05 
 5.94150000e-09  5.94150000e-09  0.00000000e+00  2.50000000e+00  3.24910921e-05 
 5.94250000e-09  5.94250000e-09  0.00000000e+00  2.50000000e+00 -3.24911173e-05 
 5.94350000e-09  5.94350000e-09  0.00000000e+00  2.50000000e+00  3.24910921e-05 
 5.94450000e-09  5.94450000e-09  0.00000000e+00  2.50000000e+00 -3.24911173e-05 
 5.94550000e-09  5.94550000e-09  0.00000000e+00  2.50000000e+00  3.24910921e-05 
 5.94650000e-09  5.94650000e-09  0.00000000e+00  2.50000000e+00 -3.24911173e-05 
 5.94750000e-09  5.94750000e-09  0.00000000e+00  2.50000000e+00  3.24910921e-05 
 5.94850000e-09  5.94850000e-09  0.00000000e+00  2.50000000e+00 -3.24911173e-05 
 5.94950000e-09  5.94950000e-09  0.00000000e+00  2.50000000e+00  3.24910921e-05 
 5.95050000e-09  5.95050000e-09  0.00000000e+00  2.50000000e+00 -3.24911173e-05 
 5.95150000e-09  5.95150000e-09  0.00000000e+00  2.50000000e+00  3.24910921e-05 
 5.95250000e-09  5.95250000e-09  0.00000000e+00  2.50000000e+00 -3.24911173e-05 
 5.95350000e-09  5.95350000e-09  0.00000000e+00  2.50000000e+00  3.24910921e-05 
 5.95450000e-09  5.95450000e-09  0.00000000e+00  2.50000000e+00 -3.24911173e-05 
 5.95550000e-09  5.95550000e-09  0.00000000e+00  2.50000000e+00  3.24910921e-05 
 5.95650000e-09  5.95650000e-09  0.00000000e+00  2.50000000e+00 -3.24911173e-05 
 5.95750000e-09  5.95750000e-09  0.00000000e+00  2.50000000e+00  3.24910921e-05 
 5.95850000e-09  5.95850000e-09  0.00000000e+00  2.50000000e+00 -3.24911173e-05 
 5.95950000e-09  5.95950000e-09  0.00000000e+00  2.50000000e+00  3.24910921e-05 
 5.96050000e-09  5.96050000e-09  0.00000000e+00  2.50000000e+00 -3.24911173e-05 
 5.96150000e-09  5.96150000e-09  0.00000000e+00  2.50000000e+00  3.24910921e-05 
 5.96250000e-09  5.96250000e-09  0.00000000e+00  2.50000000e+00 -3.24911173e-05 
 5.96350000e-09  5.96350000e-09  0.00000000e+00  2.50000000e+00  3.24910921e-05 
 5.96450000e-09  5.96450000e-09  0.00000000e+00  2.50000000e+00 -3.24911173e-05 
 5.96550000e-09  5.96550000e-09  0.00000000e+00  2.50000000e+00  3.24910922e-05 
 5.96650000e-09  5.96650000e-09  0.00000000e+00  2.50000000e+00 -3.24911173e-05 
 5.96750000e-09  5.96750000e-09  0.00000000e+00  2.50000000e+00  3.24910922e-05 
 5.96850000e-09  5.96850000e-09  0.00000000e+00  2.50000000e+00 -3.24911173e-05 
 5.96950000e-09  5.96950000e-09  0.00000000e+00  2.50000000e+00  3.24910922e-05 
 5.97050000e-09  5.97050000e-09  0.00000000e+00  2.50000000e+00 -3.24911173e-05 
 5.97150000e-09  5.97150000e-09  0.00000000e+00  2.50000000e+00  3.24910922e-05 
 5.97250000e-09  5.97250000e-09  0.00000000e+00  2.50000000e+00 -3.24911173e-05 
 5.97350000e-09  5.97350000e-09  0.00000000e+00  2.50000000e+00  3.24910922e-05 
 5.97450000e-09  5.97450000e-09  0.00000000e+00  2.50000000e+00 -3.24911173e-05 
 5.97550000e-09  5.97550000e-09  0.00000000e+00  2.50000000e+00  3.24910922e-05 
 5.97650000e-09  5.97650000e-09  0.00000000e+00  2.50000000e+00 -3.24911173e-05 
 5.97750000e-09  5.97750000e-09  0.00000000e+00  2.50000000e+00  3.24910922e-05 
 5.97850000e-09  5.97850000e-09  0.00000000e+00  2.50000000e+00 -3.24911173e-05 
 5.97950000e-09  5.97950000e-09  0.00000000e+00  2.50000000e+00  3.24910922e-05 
 5.98050000e-09  5.98050000e-09  0.00000000e+00  2.50000000e+00 -3.24911173e-05 
 5.98150000e-09  5.98150000e-09  0.00000000e+00  2.50000000e+00  3.24910922e-05 
 5.98250000e-09  5.98250000e-09  0.00000000e+00  2.50000000e+00 -3.24911173e-05 
 5.98350000e-09  5.98350000e-09  0.00000000e+00  2.50000000e+00  3.24910922e-05 
 5.98450000e-09  5.98450000e-09  0.00000000e+00  2.50000000e+00 -3.24911173e-05 
 5.98550000e-09  5.98550000e-09  0.00000000e+00  2.50000000e+00  3.24910922e-05 
 5.98650000e-09  5.98650000e-09  0.00000000e+00  2.50000000e+00 -3.24911173e-05 
 5.98750000e-09  5.98750000e-09  0.00000000e+00  2.50000000e+00  3.24910922e-05 
 5.98850000e-09  5.98850000e-09  0.00000000e+00  2.50000000e+00 -3.24911173e-05 
 5.98950000e-09  5.98950000e-09  0.00000000e+00  2.50000000e+00  3.24910922e-05 
 5.99050000e-09  5.99050000e-09  0.00000000e+00  2.50000000e+00 -3.24911173e-05 
 5.99150000e-09  5.99150000e-09  0.00000000e+00  2.50000000e+00  3.24910922e-05 
 5.99250000e-09  5.99250000e-09  0.00000000e+00  2.50000000e+00 -3.24911173e-05 
 5.99350000e-09  5.99350000e-09  0.00000000e+00  2.50000000e+00  3.24910922e-05 
 5.99450000e-09  5.99450000e-09  0.00000000e+00  2.50000000e+00 -3.24911173e-05 
 5.99550000e-09  5.99550000e-09  0.00000000e+00  2.50000000e+00  3.24910922e-05 
 5.99650000e-09  5.99650000e-09  0.00000000e+00  2.50000000e+00 -3.24911173e-05 
 5.99750000e-09  5.99750000e-09  0.00000000e+00  2.50000000e+00  3.24910922e-05 
 5.99850000e-09  5.99850000e-09  0.00000000e+00  2.50000000e+00 -3.24911173e-05 
 5.99950000e-09  5.99950000e-09  0.00000000e+00  2.50000000e+00  3.24910922e-05 
 6.00050000e-09  6.00050000e-09  0.00000000e+00  2.50000000e+00 -3.24911173e-05 
 6.00150000e-09  6.00150000e-09  0.00000000e+00  2.50000000e+00  3.24910922e-05 
 6.00250000e-09  6.00250000e-09  0.00000000e+00  2.50000000e+00 -3.24911173e-05 
 6.00350000e-09  6.00350000e-09  0.00000000e+00  2.50000000e+00  3.24910922e-05 
 6.00450000e-09  6.00450000e-09  0.00000000e+00  2.50000000e+00 -3.24911173e-05 
 6.00550000e-09  6.00550000e-09  0.00000000e+00  2.50000000e+00  3.24910922e-05 
 6.00650000e-09  6.00650000e-09  0.00000000e+00  2.50000000e+00 -3.24911173e-05 
 6.00750000e-09  6.00750000e-09  0.00000000e+00  2.50000000e+00  3.24910922e-05 
 6.00850000e-09  6.00850000e-09  0.00000000e+00  2.50000000e+00 -3.24911173e-05 
 6.00950000e-09  6.00950000e-09  0.00000000e+00  2.50000000e+00  3.24910922e-05 
 6.01050000e-09  6.01050000e-09  0.00000000e+00  2.50000000e+00 -3.24911173e-05 
 6.01150000e-09  6.01150000e-09  0.00000000e+00  2.50000000e+00  3.24910922e-05 
 6.01250000e-09  6.01250000e-09  0.00000000e+00  2.50000000e+00 -3.24911173e-05 
 6.01350000e-09  6.01350000e-09  0.00000000e+00  2.50000000e+00  3.24910922e-05 
 6.01450000e-09  6.01450000e-09  0.00000000e+00  2.50000000e+00 -3.24911173e-05 
 6.01550000e-09  6.01550000e-09  0.00000000e+00  2.50000000e+00  3.24910922e-05 
 6.01650000e-09  6.01650000e-09  0.00000000e+00  2.50000000e+00 -3.24911173e-05 
 6.01750000e-09  6.01750000e-09  0.00000000e+00  2.50000000e+00  3.24910922e-05 
 6.01850000e-09  6.01850000e-09  0.00000000e+00  2.50000000e+00 -3.24911173e-05 
 6.01950000e-09  6.01950000e-09  0.00000000e+00  2.50000000e+00  3.24910922e-05 
 6.02050000e-09  6.02050000e-09  0.00000000e+00  2.50000000e+00 -3.24911173e-05 
 6.02150000e-09  6.02150000e-09  0.00000000e+00  2.50000000e+00  3.24910922e-05 
 6.02250000e-09  6.02250000e-09  0.00000000e+00  2.50000000e+00 -3.24911173e-05 
 6.02350000e-09  6.02350000e-09  0.00000000e+00  2.50000000e+00  3.24910922e-05 
 6.02450000e-09  6.02450000e-09  0.00000000e+00  2.50000000e+00 -3.24911173e-05 
 6.02550000e-09  6.02550000e-09  0.00000000e+00  2.50000000e+00  3.24910922e-05 
 6.02650000e-09  6.02650000e-09  0.00000000e+00  2.50000000e+00 -3.24911173e-05 
 6.02750000e-09  6.02750000e-09  0.00000000e+00  2.50000000e+00  3.24910922e-05 
 6.02850000e-09  6.02850000e-09  0.00000000e+00  2.50000000e+00 -3.24911173e-05 
 6.02950000e-09  6.02950000e-09  0.00000000e+00  2.50000000e+00  3.24910922e-05 
 6.03050000e-09  6.03050000e-09  0.00000000e+00  2.50000000e+00 -3.24911173e-05 
 6.03150000e-09  6.03150000e-09  0.00000000e+00  2.50000000e+00  3.24910922e-05 
 6.03250000e-09  6.03250000e-09  0.00000000e+00  2.50000000e+00 -3.24911173e-05 
 6.03350000e-09  6.03350000e-09  0.00000000e+00  2.50000000e+00  3.24910922e-05 
 6.03450000e-09  6.03450000e-09  0.00000000e+00  2.50000000e+00 -3.24911173e-05 
 6.03550000e-09  6.03550000e-09  0.00000000e+00  2.50000000e+00  3.24910922e-05 
 6.03650000e-09  6.03650000e-09  0.00000000e+00  2.50000000e+00 -3.24911173e-05 
 6.03750000e-09  6.03750000e-09  0.00000000e+00  2.50000000e+00  3.24910922e-05 
 6.03850000e-09  6.03850000e-09  0.00000000e+00  2.50000000e+00 -3.24911173e-05 
 6.03950000e-09  6.03950000e-09  0.00000000e+00  2.50000000e+00  3.24910922e-05 
 6.04050000e-09  6.04050000e-09  0.00000000e+00  2.50000000e+00 -3.24911173e-05 
 6.04150000e-09  6.04150000e-09  0.00000000e+00  2.50000000e+00  3.24910922e-05 
 6.04250000e-09  6.04250000e-09  0.00000000e+00  2.50000000e+00 -3.24911173e-05 
 6.04350000e-09  6.04350000e-09  0.00000000e+00  2.50000000e+00  3.24910922e-05 
 6.04450000e-09  6.04450000e-09  0.00000000e+00  2.50000000e+00 -3.24911173e-05 
 6.04550000e-09  6.04550000e-09  0.00000000e+00  2.50000000e+00  3.24910922e-05 
 6.04650000e-09  6.04650000e-09  0.00000000e+00  2.50000000e+00 -3.24911173e-05 
 6.04750000e-09  6.04750000e-09  0.00000000e+00  2.50000000e+00  3.24910922e-05 
 6.04850000e-09  6.04850000e-09  0.00000000e+00  2.50000000e+00 -3.24911173e-05 
 6.04950000e-09  6.04950000e-09  0.00000000e+00  2.50000000e+00  3.24910922e-05 
 6.05050000e-09  6.05050000e-09  0.00000000e+00  2.50000000e+00 -3.24911173e-05 
 6.05150000e-09  6.05150000e-09  0.00000000e+00  2.50000000e+00  3.24910922e-05 
 6.05250000e-09  6.05250000e-09  0.00000000e+00  2.50000000e+00 -3.24911173e-05 
 6.05350000e-09  6.05350000e-09  0.00000000e+00  2.50000000e+00  3.24910922e-05 
 6.05450000e-09  6.05450000e-09  0.00000000e+00  2.50000000e+00 -3.24911173e-05 
 6.05550000e-09  6.05550000e-09  0.00000000e+00  2.50000000e+00  3.24910922e-05 
 6.05650000e-09  6.05650000e-09  0.00000000e+00  2.50000000e+00 -3.24911173e-05 
 6.05750000e-09  6.05750000e-09  0.00000000e+00  2.50000000e+00  3.24910922e-05 
 6.05850000e-09  6.05850000e-09  0.00000000e+00  2.50000000e+00 -3.24911173e-05 
 6.05950000e-09  6.05950000e-09  0.00000000e+00  2.50000000e+00  3.24910922e-05 
 6.06050000e-09  6.06050000e-09  0.00000000e+00  2.50000000e+00 -3.24911173e-05 
 6.06150000e-09  6.06150000e-09  0.00000000e+00  2.50000000e+00  3.24910922e-05 
 6.06250000e-09  6.06250000e-09  0.00000000e+00  2.50000000e+00 -3.24911173e-05 
 6.06350000e-09  6.06350000e-09  0.00000000e+00  2.50000000e+00  3.24910922e-05 
 6.06450000e-09  6.06450000e-09  0.00000000e+00  2.50000000e+00 -3.24911173e-05 
 6.06550000e-09  6.06550000e-09  0.00000000e+00  2.50000000e+00  3.24910922e-05 
 6.06650000e-09  6.06650000e-09  0.00000000e+00  2.50000000e+00 -3.24911173e-05 
 6.06750000e-09  6.06750000e-09  0.00000000e+00  2.50000000e+00  3.24910922e-05 
 6.06850000e-09  6.06850000e-09  0.00000000e+00  2.50000000e+00 -3.24911173e-05 
 6.06950000e-09  6.06950000e-09  0.00000000e+00  2.50000000e+00  3.24910922e-05 
 6.07050000e-09  6.07050000e-09  0.00000000e+00  2.50000000e+00 -3.24911173e-05 
 6.07150000e-09  6.07150000e-09  0.00000000e+00  2.50000000e+00  3.24910922e-05 
 6.07250000e-09  6.07250000e-09  0.00000000e+00  2.50000000e+00 -3.24911173e-05 
 6.07350000e-09  6.07350000e-09  0.00000000e+00  2.50000000e+00  3.24910922e-05 
 6.07450000e-09  6.07450000e-09  0.00000000e+00  2.50000000e+00 -3.24911173e-05 
 6.07550000e-09  6.07550000e-09  0.00000000e+00  2.50000000e+00  3.24910922e-05 
 6.07650000e-09  6.07650000e-09  0.00000000e+00  2.50000000e+00 -3.24911173e-05 
 6.07750000e-09  6.07750000e-09  0.00000000e+00  2.50000000e+00  3.24910922e-05 
 6.07850000e-09  6.07850000e-09  0.00000000e+00  2.50000000e+00 -3.24911173e-05 
 6.07950000e-09  6.07950000e-09  0.00000000e+00  2.50000000e+00  3.24910922e-05 
 6.08050000e-09  6.08050000e-09  0.00000000e+00  2.50000000e+00 -3.24911173e-05 
 6.08150000e-09  6.08150000e-09  0.00000000e+00  2.50000000e+00  3.24910922e-05 
 6.08250000e-09  6.08250000e-09  0.00000000e+00  2.50000000e+00 -3.24911173e-05 
 6.08350000e-09  6.08350000e-09  0.00000000e+00  2.50000000e+00  3.24910922e-05 
 6.08450000e-09  6.08450000e-09  0.00000000e+00  2.50000000e+00 -3.24911173e-05 
 6.08550000e-09  6.08550000e-09  0.00000000e+00  2.50000000e+00  3.24910922e-05 
 6.08650000e-09  6.08650000e-09  0.00000000e+00  2.50000000e+00 -3.24911173e-05 
 6.08750000e-09  6.08750000e-09  0.00000000e+00  2.50000000e+00  3.24910922e-05 
 6.08850000e-09  6.08850000e-09  0.00000000e+00  2.50000000e+00 -3.24911173e-05 
 6.08950000e-09  6.08950000e-09  0.00000000e+00  2.50000000e+00  3.24910922e-05 
 6.09050000e-09  6.09050000e-09  0.00000000e+00  2.50000000e+00 -3.24911173e-05 
 6.09150000e-09  6.09150000e-09  0.00000000e+00  2.50000000e+00  3.24910922e-05 
 6.09250000e-09  6.09250000e-09  0.00000000e+00  2.50000000e+00 -3.24911173e-05 
 6.09350000e-09  6.09350000e-09  0.00000000e+00  2.50000000e+00  3.24910922e-05 
 6.09450000e-09  6.09450000e-09  0.00000000e+00  2.50000000e+00 -3.24911173e-05 
 6.09550000e-09  6.09550000e-09  0.00000000e+00  2.50000000e+00  3.24910922e-05 
 6.09650000e-09  6.09650000e-09  0.00000000e+00  2.50000000e+00 -3.24911173e-05 
 6.09750000e-09  6.09750000e-09  0.00000000e+00  2.50000000e+00  3.24910922e-05 
 6.09850000e-09  6.09850000e-09  0.00000000e+00  2.50000000e+00 -3.24911173e-05 
 6.09950000e-09  6.09950000e-09  0.00000000e+00  2.50000000e+00  3.24910922e-05 
 6.10050000e-09  6.10050000e-09  0.00000000e+00  2.50000000e+00 -3.24911173e-05 
 6.10150000e-09  6.10150000e-09  0.00000000e+00  2.50000000e+00  3.24910922e-05 
 6.10250000e-09  6.10250000e-09  0.00000000e+00  2.50000000e+00 -3.24911173e-05 
 6.10350000e-09  6.10350000e-09  0.00000000e+00  2.50000000e+00  3.24910922e-05 
 6.10450000e-09  6.10450000e-09  0.00000000e+00  2.50000000e+00 -3.24911173e-05 
 6.10550000e-09  6.10550000e-09  0.00000000e+00  2.50000000e+00  3.24910922e-05 
 6.10650000e-09  6.10650000e-09  0.00000000e+00  2.50000000e+00 -3.24911173e-05 
 6.10750000e-09  6.10750000e-09  0.00000000e+00  2.50000000e+00  3.24910922e-05 
 6.10850000e-09  6.10850000e-09  0.00000000e+00  2.50000000e+00 -3.24911173e-05 
 6.10950000e-09  6.10950000e-09  0.00000000e+00  2.50000000e+00  3.24910922e-05 
 6.11050000e-09  6.11050000e-09  0.00000000e+00  2.50000000e+00 -3.24911173e-05 
 6.11150000e-09  6.11150000e-09  0.00000000e+00  2.50000000e+00  3.24910922e-05 
 6.11250000e-09  6.11250000e-09  0.00000000e+00  2.50000000e+00 -3.24911173e-05 
 6.11350000e-09  6.11350000e-09  0.00000000e+00  2.50000000e+00  3.24910922e-05 
 6.11450000e-09  6.11450000e-09  0.00000000e+00  2.50000000e+00 -3.24911173e-05 
 6.11550000e-09  6.11550000e-09  0.00000000e+00  2.50000000e+00  3.24910922e-05 
 6.11650000e-09  6.11650000e-09  0.00000000e+00  2.50000000e+00 -3.24911173e-05 
 6.11750000e-09  6.11750000e-09  0.00000000e+00  2.50000000e+00  3.24910922e-05 
 6.11850000e-09  6.11850000e-09  0.00000000e+00  2.50000000e+00 -3.24911173e-05 
 6.11950000e-09  6.11950000e-09  0.00000000e+00  2.50000000e+00  3.24910922e-05 
 6.12050000e-09  6.12050000e-09  0.00000000e+00  2.50000000e+00 -3.24911173e-05 
 6.12150000e-09  6.12150000e-09  0.00000000e+00  2.50000000e+00  3.24910922e-05 
 6.12250000e-09  6.12250000e-09  0.00000000e+00  2.50000000e+00 -3.24911173e-05 
 6.12350000e-09  6.12350000e-09  0.00000000e+00  2.50000000e+00  3.24910922e-05 
 6.12450000e-09  6.12450000e-09  0.00000000e+00  2.50000000e+00 -3.24911173e-05 
 6.12550000e-09  6.12550000e-09  0.00000000e+00  2.50000000e+00  3.24910922e-05 
 6.12650000e-09  6.12650000e-09  0.00000000e+00  2.50000000e+00 -3.24911173e-05 
 6.12750000e-09  6.12750000e-09  0.00000000e+00  2.50000000e+00  3.24910922e-05 
 6.12850000e-09  6.12850000e-09  0.00000000e+00  2.50000000e+00 -3.24911173e-05 
 6.12950000e-09  6.12950000e-09  0.00000000e+00  2.50000000e+00  3.24910922e-05 
 6.13050000e-09  6.13050000e-09  0.00000000e+00  2.50000000e+00 -3.24911173e-05 
 6.13150000e-09  6.13150000e-09  0.00000000e+00  2.50000000e+00  3.24910922e-05 
 6.13250000e-09  6.13250000e-09  0.00000000e+00  2.50000000e+00 -3.24911173e-05 
 6.13350000e-09  6.13350000e-09  0.00000000e+00  2.50000000e+00  3.24910922e-05 
 6.13450000e-09  6.13450000e-09  0.00000000e+00  2.50000000e+00 -3.24911173e-05 
 6.13550000e-09  6.13550000e-09  0.00000000e+00  2.50000000e+00  3.24910922e-05 
 6.13650000e-09  6.13650000e-09  0.00000000e+00  2.50000000e+00 -3.24911173e-05 
 6.13750000e-09  6.13750000e-09  0.00000000e+00  2.50000000e+00  3.24910922e-05 
 6.13850000e-09  6.13850000e-09  0.00000000e+00  2.50000000e+00 -3.24911173e-05 
 6.13950000e-09  6.13950000e-09  0.00000000e+00  2.50000000e+00  3.24910922e-05 
 6.14050000e-09  6.14050000e-09  0.00000000e+00  2.50000000e+00 -3.24911173e-05 
 6.14150000e-09  6.14150000e-09  0.00000000e+00  2.50000000e+00  3.24910922e-05 
 6.14250000e-09  6.14250000e-09  0.00000000e+00  2.50000000e+00 -3.24911173e-05 
 6.14350000e-09  6.14350000e-09  0.00000000e+00  2.50000000e+00  3.24910922e-05 
 6.14450000e-09  6.14450000e-09  0.00000000e+00  2.50000000e+00 -3.24911173e-05 
 6.14550000e-09  6.14550000e-09  0.00000000e+00  2.50000000e+00  3.24910922e-05 
 6.14650000e-09  6.14650000e-09  0.00000000e+00  2.50000000e+00 -3.24911173e-05 
 6.14750000e-09  6.14750000e-09  0.00000000e+00  2.50000000e+00  3.24910922e-05 
 6.14850000e-09  6.14850000e-09  0.00000000e+00  2.50000000e+00 -3.24911173e-05 
 6.14950000e-09  6.14950000e-09  0.00000000e+00  2.50000000e+00  3.24910922e-05 
 6.15050000e-09  6.15050000e-09  0.00000000e+00  2.50000000e+00 -3.24911173e-05 
 6.15150000e-09  6.15150000e-09  0.00000000e+00  2.50000000e+00  3.24910922e-05 
 6.15250000e-09  6.15250000e-09  0.00000000e+00  2.50000000e+00 -3.24911173e-05 
 6.15350000e-09  6.15350000e-09  0.00000000e+00  2.50000000e+00  3.24910922e-05 
 6.15450000e-09  6.15450000e-09  0.00000000e+00  2.50000000e+00 -3.24911173e-05 
 6.15550000e-09  6.15550000e-09  0.00000000e+00  2.50000000e+00  3.24910922e-05 
 6.15650000e-09  6.15650000e-09  0.00000000e+00  2.50000000e+00 -3.24911173e-05 
 6.15750000e-09  6.15750000e-09  0.00000000e+00  2.50000000e+00  3.24910922e-05 
 6.15850000e-09  6.15850000e-09  0.00000000e+00  2.50000000e+00 -3.24911173e-05 
 6.15950000e-09  6.15950000e-09  0.00000000e+00  2.50000000e+00  3.24910922e-05 
 6.16050000e-09  6.16050000e-09  0.00000000e+00  2.50000000e+00 -3.24911173e-05 
 6.16150000e-09  6.16150000e-09  0.00000000e+00  2.50000000e+00  3.24910922e-05 
 6.16250000e-09  6.16250000e-09  0.00000000e+00  2.50000000e+00 -3.24911173e-05 
 6.16350000e-09  6.16350000e-09  0.00000000e+00  2.50000000e+00  3.24910922e-05 
 6.16450000e-09  6.16450000e-09  0.00000000e+00  2.50000000e+00 -3.24911173e-05 
 6.16550000e-09  6.16550000e-09  0.00000000e+00  2.50000000e+00  3.24910922e-05 
 6.16650000e-09  6.16650000e-09  0.00000000e+00  2.50000000e+00 -3.24911173e-05 
 6.16750000e-09  6.16750000e-09  0.00000000e+00  2.50000000e+00  3.24910922e-05 
 6.16850000e-09  6.16850000e-09  0.00000000e+00  2.50000000e+00 -3.24911173e-05 
 6.16950000e-09  6.16950000e-09  0.00000000e+00  2.50000000e+00  3.24910922e-05 
 6.17050000e-09  6.17050000e-09  0.00000000e+00  2.50000000e+00 -3.24911173e-05 
 6.17150000e-09  6.17150000e-09  0.00000000e+00  2.50000000e+00  3.24910922e-05 
 6.17250000e-09  6.17250000e-09  0.00000000e+00  2.50000000e+00 -3.24911173e-05 
 6.17350000e-09  6.17350000e-09  0.00000000e+00  2.50000000e+00  3.24910922e-05 
 6.17450000e-09  6.17450000e-09  0.00000000e+00  2.50000000e+00 -3.24911173e-05 
 6.17550000e-09  6.17550000e-09  0.00000000e+00  2.50000000e+00  3.24910922e-05 
 6.17650000e-09  6.17650000e-09  0.00000000e+00  2.50000000e+00 -3.24911173e-05 
 6.17750000e-09  6.17750000e-09  0.00000000e+00  2.50000000e+00  3.24910922e-05 
 6.17850000e-09  6.17850000e-09  0.00000000e+00  2.50000000e+00 -3.24911173e-05 
 6.17950000e-09  6.17950000e-09  0.00000000e+00  2.50000000e+00  3.24910922e-05 
 6.18050000e-09  6.18050000e-09  0.00000000e+00  2.50000000e+00 -3.24911173e-05 
 6.18150000e-09  6.18150000e-09  0.00000000e+00  2.50000000e+00  3.24910922e-05 
 6.18250000e-09  6.18250000e-09  0.00000000e+00  2.50000000e+00 -3.24911173e-05 
 6.18350000e-09  6.18350000e-09  0.00000000e+00  2.50000000e+00  3.24910922e-05 
 6.18450000e-09  6.18450000e-09  0.00000000e+00  2.50000000e+00 -3.24911173e-05 
 6.18550000e-09  6.18550000e-09  0.00000000e+00  2.50000000e+00  3.24910922e-05 
 6.18650000e-09  6.18650000e-09  0.00000000e+00  2.50000000e+00 -3.24911173e-05 
 6.18750000e-09  6.18750000e-09  0.00000000e+00  2.50000000e+00  3.24910922e-05 
 6.18850000e-09  6.18850000e-09  0.00000000e+00  2.50000000e+00 -3.24911173e-05 
 6.18950000e-09  6.18950000e-09  0.00000000e+00  2.50000000e+00  3.24910922e-05 
 6.19050000e-09  6.19050000e-09  0.00000000e+00  2.50000000e+00 -3.24911173e-05 
 6.19150000e-09  6.19150000e-09  0.00000000e+00  2.50000000e+00  3.24910922e-05 
 6.19250000e-09  6.19250000e-09  0.00000000e+00  2.50000000e+00 -3.24911173e-05 
 6.19350000e-09  6.19350000e-09  0.00000000e+00  2.50000000e+00  3.24910922e-05 
 6.19450000e-09  6.19450000e-09  0.00000000e+00  2.50000000e+00 -3.24911173e-05 
 6.19550000e-09  6.19550000e-09  0.00000000e+00  2.50000000e+00  3.24910922e-05 
 6.19650000e-09  6.19650000e-09  0.00000000e+00  2.50000000e+00 -3.24911173e-05 
 6.19750000e-09  6.19750000e-09  0.00000000e+00  2.50000000e+00  3.24910922e-05 
 6.19850000e-09  6.19850000e-09  0.00000000e+00  2.50000000e+00 -3.24911173e-05 
 6.19925000e-09  6.19925000e-09  0.00000000e+00  2.50000000e+00  3.24910922e-05 
 6.20000000e-09  6.20000000e-09  0.00000000e+00  2.50000000e+00 -3.24911173e-05 
 6.20010000e-09  6.20010000e-09  1.25000000e-02  2.50000037e+00  7.21801501e-04 
 6.20030000e-09  6.20030000e-09  3.75000000e-02  2.50000107e+00  7.23629807e-04 
 6.20070000e-09  6.20070000e-09  8.75000000e-02  2.50000231e+00  7.26435622e-04 
 6.20150000e-09  6.20150000e-09  1.87500000e-01  2.50000414e+00  7.31768884e-04 
 6.20250000e-09  6.20250000e-09  3.12500000e-01  2.50000549e+00  7.36459883e-04 
 6.20350000e-09  6.20350000e-09  4.37500000e-01  2.50000606e+00  7.40153428e-04 
 6.20450000e-09  6.20450000e-09  5.62500000e-01  2.50000604e+00  7.36233443e-04 
 6.20550000e-09  6.20550000e-09  6.87500000e-01  2.50000556e+00  7.20709104e-04 
 6.20650000e-09  6.20650000e-09  8.12500000e-01  2.50000469e+00  6.92694446e-04 
 6.20750000e-09  6.20750000e-09  9.37500000e-01  2.50000351e+00  6.53044096e-04 
 6.20850000e-09  6.20850000e-09  1.06250000e+00  2.50000207e+00  6.01050701e-04 
 6.20950000e-09  6.20950000e-09  1.18750000e+00  2.50000043e+00  5.37772588e-04 
 6.21050000e-09  6.21050000e-09  1.31250000e+00  2.49999864e+00  4.62729709e-04 
 6.21150000e-09  6.21150000e-09  1.43750000e+00  2.49999674e+00  3.77243922e-04 
 6.21250000e-09  6.21250000e-09  1.56250000e+00  2.49999474e+00  2.81148526e-04 
 6.21350000e-09  6.21350000e-09  1.68750000e+00  2.49999266e+00  1.76133155e-04 
 6.21450000e-09  6.21450000e-09  1.81250000e+00  2.49999050e+00  6.23849439e-05 
 6.21550000e-09  6.21550000e-09  1.93750000e+00  2.49998825e+00 -5.87351817e-05 
 6.21650000e-09  6.21650000e-09  2.06250000e+00  2.49998602e+00 -2.30195501e-04 
 6.21750000e-09  6.21750000e-09  2.18750000e+00  2.49998276e+00 -3.86997107e-04 
 6.21850000e-09  6.21850000e-09  2.31250000e+00  2.49997728e+00 -6.75466488e-04 
 6.21925000e-09  6.21925000e-09  2.40625000e+00  2.49997226e+00 -7.33220537e-04 
 6.22000000e-09  6.22000000e-09  2.50000000e+00  2.49996750e+00 -7.58583787e-04 
 6.22010000e-09  6.22010000e-09  2.50000000e+00  2.49996679e+00 -1.41557077e-03 
 6.22030000e-09  6.22030000e-09  2.50000000e+00  2.49996547e+00 -1.41797743e-03 
 6.22070000e-09  6.22070000e-09  2.50000000e+00  2.49996336e+00 -1.41595461e-03 
 6.22150000e-09  6.22150000e-09  2.50000000e+00  2.49996096e+00 -1.41934452e-03 
 6.22250000e-09  6.22250000e-09  2.50000000e+00  2.49996064e+00 -1.41861497e-03 
 6.22350000e-09  6.22350000e-09  2.50000000e+00  2.49996241e+00 -1.40720693e-03 
 6.22450000e-09  6.22450000e-09  2.50000000e+00  2.49996580e+00 -1.39042750e-03 
 6.22550000e-09  6.22550000e-09  2.50000000e+00  2.49997084e+00 -1.38359458e-03 
 6.22650000e-09  6.22650000e-09  2.50000000e+00  2.49997753e+00 -1.37835816e-03 
 6.22750000e-09  6.22750000e-09  2.50000000e+00  2.49998580e+00 -1.38289286e-03 
 6.22850000e-09  6.22850000e-09  2.50000000e+00  2.49999550e+00 -1.38844421e-03 
 6.22950000e-09  6.22950000e-09  2.50000000e+00  2.50000643e+00 -1.40284100e-03 
 6.23050000e-09  6.23050000e-09  2.50000000e+00  2.50001837e+00 -1.41702984e-03 
 6.23150000e-09  6.23150000e-09  2.50000000e+00  2.50003109e+00 -1.43858943e-03 
 6.23250000e-09  6.23250000e-09  2.50000000e+00  2.50004434e+00 -1.45826435e-03 
 6.23350000e-09  6.23350000e-09  2.50000000e+00  2.50005792e+00 -1.48347636e-03 
 6.23450000e-09  6.23450000e-09  2.50000000e+00  2.50007161e+00 -1.50485301e-03 
 6.23550000e-09  6.23550000e-09  2.50000000e+00  2.50008523e+00 -1.52972909e-03 
 6.23650000e-09  6.23650000e-09  2.50000000e+00  2.50009863e+00 -1.54867319e-03 
 6.23750000e-09  6.23750000e-09  2.50000000e+00  2.50011167e+00 -1.56915693e-03 
 6.23850000e-09  6.23850000e-09  2.50000000e+00  2.50012425e+00 -1.58191610e-03 
 6.23950000e-09  6.23950000e-09  2.50000000e+00  2.50013632e+00 -1.59433930e-03 
 6.24050000e-09  6.24050000e-09  2.50000000e+00  2.50014783e+00 -1.59705396e-03 
 6.24150000e-09  6.24150000e-09  2.50000000e+00  2.50015880e+00 -1.59738905e-03 
 6.24250000e-09  6.24250000e-09  2.50000000e+00  2.50016928e+00 -1.58583591e-03 
 6.24350000e-09  6.24350000e-09  2.50000000e+00  2.50017917e+00 -1.58146824e-03 
 6.24450000e-09  6.24450000e-09  2.50000000e+00  2.50018823e+00 -1.57707277e-03 
 6.24550000e-09  6.24550000e-09  2.50000000e+00  2.50019686e+00 -1.57080704e-03 
 6.24650000e-09  6.24650000e-09  2.50000000e+00  2.50020567e+00 -1.55949662e-03 
 6.24750000e-09  6.24750000e-09  2.50000000e+00  2.50021381e+00 -1.55952109e-03 
 6.24850000e-09  6.24850000e-09  2.50000000e+00  2.50022018e+00 -1.55976558e-03 
 6.24950000e-09  6.24950000e-09  2.50000000e+00  2.50022470e+00 -1.56767594e-03 
 6.25050000e-09  6.25050000e-09  2.50000000e+00  2.50022740e+00 -1.57497881e-03 
 6.25150000e-09  6.25150000e-09  2.50000000e+00  2.50022841e+00 -1.58653684e-03 
 6.25250000e-09  6.25250000e-09  2.50000000e+00  2.50022763e+00 -1.59630305e-03 
 6.25350000e-09  6.25350000e-09  2.50000000e+00  2.50022424e+00 -1.62663741e-03 
 6.25450000e-09  6.25450000e-09  2.50000000e+00  2.50021720e+00 -1.67191313e-03 
 6.25550000e-09  6.25550000e-09  2.50000000e+00  2.50020573e+00 -1.73981216e-03 
 6.25650000e-09  6.25650000e-09  2.50000000e+00  2.50018927e+00 -1.82371942e-03 
 6.25750000e-09  6.25750000e-09  2.50000000e+00  2.50016740e+00 -1.93203016e-03 
 6.25850000e-09  6.25850000e-09  2.50000000e+00  2.50013983e+00 -2.05817016e-03 
 6.25950000e-09  6.25950000e-09  2.50000000e+00  2.50010571e+00 -2.20815068e-03 
 6.26050000e-09  6.26050000e-09  2.50000000e+00  2.50006435e+00 -2.36998970e-03 
 6.26150000e-09  6.26150000e-09  2.50000000e+00  2.50001590e+00 -2.55096381e-03 
 6.26250000e-09  6.26250000e-09  2.50000000e+00  2.49996072e+00 -2.74270960e-03 
 6.26350000e-09  6.26350000e-09  2.50000000e+00  2.49989925e+00 -2.95164374e-03 
 6.26450000e-09  6.26450000e-09  2.50000000e+00  2.49983201e+00 -3.16865080e-03 
 6.26550000e-09  6.26550000e-09  2.50000000e+00  2.49975953e+00 -3.39961362e-03 
 6.26650000e-09  6.26650000e-09  2.50000000e+00  2.49968236e+00 -3.63504174e-03 
 6.26750000e-09  6.26750000e-09  2.50000000e+00  2.49960103e+00 -3.88049236e-03 
 6.26850000e-09  6.26850000e-09  2.50000000e+00  2.49951599e+00 -4.12625610e-03 
 6.26950000e-09  6.26950000e-09  2.50000000e+00  2.49942765e+00 -4.37773338e-03 
 6.27050000e-09  6.27050000e-09  2.50000000e+00  2.49933634e+00 -4.62510867e-03 
 6.27150000e-09  6.27150000e-09  2.50000000e+00  2.49924228e+00 -4.87371085e-03 
 6.27250000e-09  6.27250000e-09  2.50000000e+00  2.49914557e+00 -5.11366610e-03 
 6.27350000e-09  6.27350000e-09  2.50000000e+00  2.49904620e+00 -5.35041808e-03 
 6.27450000e-09  6.27450000e-09  2.50000000e+00  2.49894407e+00 -5.57431755e-03 
 6.27550000e-09  6.27550000e-09  2.50000000e+00  2.49883890e+00 -5.79068692e-03 
 6.27650000e-09  6.27650000e-09  2.50000000e+00  2.49873024e+00 -5.98960358e-03 
 6.27750000e-09  6.27750000e-09  2.50000000e+00  2.49861735e+00 -6.17620106e-03 
 6.27850000e-09  6.27850000e-09  2.50000000e+00  2.49849914e+00 -6.34023323e-03 
 6.27950000e-09  6.27950000e-09  2.50000000e+00  2.49837404e+00 -6.48629270e-03 
 6.28050000e-09  6.28050000e-09  2.50000000e+00  2.49824803e+00 -6.67109645e-03 
 6.28150000e-09  6.28150000e-09  2.50000000e+00  2.49812874e+00 -6.86875838e-03 
 6.28250000e-09  6.28250000e-09  2.50000000e+00  2.49801404e+00 -7.05191402e-03 
 6.28350000e-09  6.28350000e-09  2.50000000e+00  2.49789806e+00 -7.24082086e-03 
 6.28450000e-09  6.28450000e-09  2.50000000e+00  2.49776836e+00 -7.42674885e-03 
 6.28550000e-09  6.28550000e-09  2.50000000e+00  2.49761979e+00 -7.65848848e-03 
 6.28650000e-09  6.28650000e-09  2.50000000e+00  2.49746962e+00 -7.91282394e-03 
 6.28750000e-09  6.28750000e-09  2.50000000e+00  2.49733075e+00 -8.16955617e-03 
 6.28850000e-09  6.28850000e-09  2.50000000e+00  2.49720420e+00 -8.41731591e-03 
 6.28950000e-09  6.28950000e-09  2.50000000e+00  2.49708824e+00 -8.63877594e-03 
 6.29050000e-09  6.29050000e-09  2.50000000e+00  2.49698807e+00 -8.86747076e-03 
 6.29150000e-09  6.29150000e-09  2.50000000e+00  2.49691920e+00 -9.12776919e-03 
 6.29250000e-09  6.29250000e-09  2.50000000e+00  2.49689708e+00 -9.40989018e-03 
 6.29350000e-09  6.29350000e-09  2.50000000e+00  2.49693550e+00 -9.72748028e-03 
 6.29450000e-09  6.29450000e-09  2.50000000e+00  2.49704684e+00 -1.00704934e-02 
 6.29550000e-09  6.29550000e-09  2.50000000e+00  2.49724222e+00 -1.04521599e-02 
 6.29650000e-09  6.29650000e-09  2.50000000e+00  2.49753174e+00 -1.08618808e-02 
 6.29750000e-09  6.29750000e-09  2.50000000e+00  2.49792460e+00 -1.13139879e-02 
 6.29850000e-09  6.29850000e-09  2.50000000e+00  2.49843176e+00 -1.17799142e-02 
 6.29950000e-09  6.29950000e-09  2.50000000e+00  2.49906419e+00 -1.22473077e-02 
 6.30050000e-09  6.30050000e-09  2.50000000e+00  2.49982962e+00 -1.27044403e-02 
 6.30150000e-09  6.30150000e-09  2.50000000e+00  2.50073375e+00 -1.31625245e-02 
 6.30250000e-09  6.30250000e-09  2.50000000e+00  2.50178067e+00 -1.36083921e-02 
 6.30350000e-09  6.30350000e-09  2.50000000e+00  2.50297313e+00 -1.40514915e-02 
 6.30450000e-09  6.30450000e-09  2.50000000e+00  2.50431282e+00 -1.44771764e-02 
 6.30550000e-09  6.30550000e-09  2.50000000e+00  2.50580069e+00 -1.48935895e-02 
 6.30650000e-09  6.30650000e-09  2.50000000e+00  2.50743716e+00 -1.52851475e-02 
 6.30750000e-09  6.30750000e-09  2.50000000e+00  2.50922213e+00 -1.56599659e-02 
 6.30850000e-09  6.30850000e-09  2.50000000e+00  2.51115536e+00 -1.60020316e-02 
 6.30950000e-09  6.30950000e-09  2.50000000e+00  2.51323691e+00 -1.63184232e-02 
 6.31050000e-09  6.31050000e-09  2.50000000e+00  2.51546749e+00 -1.65926290e-02 
 6.31150000e-09  6.31150000e-09  2.50000000e+00  2.51784881e+00 -1.68313817e-02 
 6.31250000e-09  6.31250000e-09  2.50000000e+00  2.52038402e+00 -1.70178878e-02 
 6.31350000e-09  6.31350000e-09  2.50000000e+00  2.52307831e+00 -1.71586615e-02 
 6.31450000e-09  6.31450000e-09  2.50000000e+00  2.52593299e+00 -1.72579740e-02 
 6.31550000e-09  6.31550000e-09  2.50000000e+00  2.52892428e+00 -1.73978415e-02 
 6.31650000e-09  6.31650000e-09  2.50000000e+00  2.53203595e+00 -1.75082184e-02 
 6.31750000e-09  6.31750000e-09  2.50000000e+00  2.53528785e+00 -1.75969570e-02 
 6.31850000e-09  6.31850000e-09  2.50000000e+00  2.53871847e+00 -1.76771634e-02 
 6.31950000e-09  6.31950000e-09  2.50000000e+00  2.54241836e+00 -1.78184801e-02 
 6.32050000e-09  6.32050000e-09  2.50000000e+00  2.54635194e+00 -1.78247621e-02 
 6.32150000e-09  6.32150000e-09  2.50000000e+00  2.55039532e+00 -1.78325271e-02 
 6.32250000e-09  6.32250000e-09  2.50000000e+00  2.55452339e+00 -1.78717206e-02 
 6.32350000e-09  6.32350000e-09  2.50000000e+00  2.55871676e+00 -1.79169456e-02 
 6.32450000e-09  6.32450000e-09  2.50000000e+00  2.56296491e+00 -1.79572135e-02 
 6.32550000e-09  6.32550000e-09  2.50000000e+00  2.56721218e+00 -1.79949707e-02 
 6.32650000e-09  6.32650000e-09  2.50000000e+00  2.57133608e+00 -1.81065655e-02 
 6.32750000e-09  6.32750000e-09  2.50000000e+00  2.57520122e+00 -1.82823319e-02 
 6.32850000e-09  6.32850000e-09  2.50000000e+00  2.57867655e+00 -1.85652245e-02 
 6.32950000e-09  6.32950000e-09  2.50000000e+00  2.58163476e+00 -1.89405984e-02 
 6.33050000e-09  6.33050000e-09  2.50000000e+00  2.58395181e+00 -1.94496340e-02 
 6.33150000e-09  6.33150000e-09  2.50000000e+00  2.58550763e+00 -2.00685342e-02 
 6.33250000e-09  6.33250000e-09  2.50000000e+00  2.58618519e+00 -2.08264172e-02 
 6.33350000e-09  6.33350000e-09  2.50000000e+00  2.58580257e+00 -2.15667310e-02 
 6.33450000e-09  6.33450000e-09  2.50000000e+00  2.58417113e+00 -2.23803511e-02 
 6.33550000e-09  6.33550000e-09  2.50000000e+00  2.58117109e+00 -2.32484876e-02 
 6.33650000e-09  6.33650000e-09  2.50000000e+00  2.57670359e+00 -2.42026473e-02 
 6.33750000e-09  6.33750000e-09  2.50000000e+00  2.57068217e+00 -2.52049397e-02 
 6.33850000e-09  6.33850000e-09  2.50000000e+00  2.56303117e+00 -2.62797627e-02 
 6.33950000e-09  6.33950000e-09  2.50000000e+00  2.55368366e+00 -2.73811819e-02 
 6.34050000e-09  6.34050000e-09  2.50000000e+00  2.54257923e+00 -2.85277251e-02 
 6.34150000e-09  6.34150000e-09  2.50000000e+00  2.52966205e+00 -2.96687172e-02 
 6.34250000e-09  6.34250000e-09  2.50000000e+00  2.51487877e+00 -3.08185263e-02 
 6.34350000e-09  6.34350000e-09  2.50000000e+00  2.49817618e+00 -3.19228299e-02 
 6.34450000e-09  6.34450000e-09  2.50000000e+00  2.47950443e+00 -3.30050987e-02 
 6.34550000e-09  6.34550000e-09  2.50000000e+00  2.45881980e+00 -3.40200732e-02 
 6.34650000e-09  6.34650000e-09  2.50000000e+00  2.43607776e+00 -3.49806379e-02 
 6.34750000e-09  6.34750000e-09  2.50000000e+00  2.41122570e+00 -3.58308003e-02 
 6.34850000e-09  6.34850000e-09  2.50000000e+00  2.38419790e+00 -3.65786848e-02 
 6.34950000e-09  6.34950000e-09  2.50000000e+00  2.35490828e+00 -3.71608115e-02 
 6.35050000e-09  6.35050000e-09  2.50000000e+00  2.32323925e+00 -3.75728591e-02 
 6.35150000e-09  6.35150000e-09  2.50000000e+00  2.28902313e+00 -3.77293813e-02 
 6.35250000e-09  6.35250000e-09  2.50000000e+00  2.25200813e+00 -3.75842476e-02 
 6.35350000e-09  6.35350000e-09  2.50000000e+00  2.21178816e+00 -3.69635690e-02 
 6.35450000e-09  6.35450000e-09  2.50000000e+00  2.16760371e+00 -3.55614668e-02 
 6.35550000e-09  6.35550000e-09  2.50000000e+00  2.11774384e+00 -3.24336085e-02 
 6.35650000e-09  6.35650000e-09  2.50000000e+00  2.06055816e+00 -2.88632052e-02 
 6.35750000e-09  6.35750000e-09  2.50000000e+00  1.99722068e+00 -2.77535608e-02 
 6.35850000e-09  6.35850000e-09  2.50000000e+00  1.92950550e+00 -2.67634537e-02 
 6.35950000e-09  6.35950000e-09  2.50000000e+00  1.85774024e+00 -2.59045982e-02 
 6.36050000e-09  6.36050000e-09  2.50000000e+00  1.78223448e+00 -2.51316123e-02 
 6.36150000e-09  6.36150000e-09  2.50000000e+00  1.70328035e+00 -2.44607652e-02 
 6.36250000e-09  6.36250000e-09  2.50000000e+00  1.62115309e+00 -2.38505994e-02 
 6.36350000e-09  6.36350000e-09  2.50000000e+00  1.53611158e+00 -2.33207933e-02 
 6.36450000e-09  6.36450000e-09  2.50000000e+00  1.44844183e+00 -2.28894851e-02 
 6.36550000e-09  6.36550000e-09  2.50000000e+00  1.35934709e+00 -2.33428812e-02 
 6.36650000e-09  6.36650000e-09  2.50000000e+00  1.27035686e+00 -2.34871309e-02 
 6.36750000e-09  6.36750000e-09  2.50000000e+00  1.18242445e+00 -2.34699251e-02 
 6.36850000e-09  6.36850000e-09  2.50000000e+00  1.09638102e+00 -2.32471010e-02 
 6.36950000e-09  6.36950000e-09  2.50000000e+00  1.01292242e+00 -2.29232850e-02 
 6.37050000e-09  6.37050000e-09  2.50000000e+00  9.32613821e-01 -2.24441369e-02 
 6.37150000e-09  6.37150000e-09  2.50000000e+00  8.55897034e-01 -2.19086293e-02 
 6.37250000e-09  6.37250000e-09  2.50000000e+00  7.83099963e-01 -2.12586915e-02 
 6.37350000e-09  6.37350000e-09  2.50000000e+00  7.14447420e-01 -2.05902805e-02 
 6.37450000e-09  6.37450000e-09  2.50000000e+00  6.50072770e-01 -1.98424747e-02 
 6.37550000e-09  6.37550000e-09  2.50000000e+00  5.90029877e-01 -1.91083143e-02 
 6.37650000e-09  6.37650000e-09  2.50000000e+00  5.34304931e-01 -1.83238264e-02 
 6.37750000e-09  6.37750000e-09  2.50000000e+00  4.82827809e-01 -1.75788782e-02 
 6.37850000e-09  6.37850000e-09  2.50000000e+00  4.35482715e-01 -1.68062523e-02 
 6.37950000e-09  6.37950000e-09  2.50000000e+00  3.92119330e-01 -1.61000967e-02 
 6.38050000e-09  6.38050000e-09  2.50000000e+00  3.52555210e-01 -1.53782097e-02 
 6.38150000e-09  6.38150000e-09  2.50000000e+00  3.16578607e-01 -1.47102943e-02 
 6.38250000e-09  6.38250000e-09  2.50000000e+00  2.83962400e-01 -1.40219750e-02 
 6.38350000e-09  6.38350000e-09  2.50000000e+00  2.54474243e-01 -1.33932643e-02 
 6.38450000e-09  6.38450000e-09  2.50000000e+00  2.27881389e-01 -1.27481166e-02 
 6.38550000e-09  6.38550000e-09  2.50000000e+00  2.03954596e-01 -1.21651468e-02 
 6.38650000e-09  6.38650000e-09  2.50000000e+00  1.82471215e-01 -1.15671780e-02 
 6.38750000e-09  6.38750000e-09  2.50000000e+00  1.63217543e-01 -1.10319280e-02 
 6.38850000e-09  6.38850000e-09  2.50000000e+00  1.45990550e-01 -1.04815240e-02 
 6.38950000e-09  6.38950000e-09  2.50000000e+00  1.30599045e-01 -9.99315879e-03 
 6.39050000e-09  6.39050000e-09  2.50000000e+00  1.16864391e-01 -9.48857662e-03 
 6.39150000e-09  6.39150000e-09  2.50000000e+00  1.04620843e-01 -9.04470281e-03 
 6.39250000e-09  6.39250000e-09  2.50000000e+00  9.37155686e-02 -8.58310699e-03 
 6.39350000e-09  6.39350000e-09  2.50000000e+00  8.40084303e-02 -8.18061215e-03 
 6.39450000e-09  6.39450000e-09  2.50000000e+00  7.53715826e-02 -7.75874101e-03 
 6.39550000e-09  6.39550000e-09  2.50000000e+00  6.76889271e-02 -7.39431072e-03 
 6.39650000e-09  6.39650000e-09  2.50000000e+00  6.08554718e-02 -7.00886759e-03 
 6.39750000e-09  6.39750000e-09  2.50000000e+00  5.47766278e-02 -6.67927252e-03 
 6.39850000e-09  6.39850000e-09  2.50000000e+00  4.93674709e-02 -6.32712836e-03 
 6.39950000e-09  6.39950000e-09  2.50000000e+00  4.45519914e-02 -6.02935977e-03 
 6.40050000e-09  6.40050000e-09  2.50000000e+00  4.02623496e-02 -5.70763651e-03 
 6.40150000e-09  6.40150000e-09  2.50000000e+00  3.64381507e-02 -5.43895030e-03 
 6.40250000e-09  6.40250000e-09  2.50000000e+00  3.30257498e-02 -5.14503609e-03 
 6.40350000e-09  6.40350000e-09  2.50000000e+00  2.99775927e-02 -4.90294766e-03 
 6.40450000e-09  6.40450000e-09  2.50000000e+00  2.72462195e-02 -4.61329498e-03 
 6.40550000e-09  6.40550000e-09  2.50000000e+00  2.47899421e-02 -4.37400925e-03 
 6.40650000e-09  6.40650000e-09  2.50000000e+00  2.25787579e-02 -4.11169002e-03 
 6.40750000e-09  6.40750000e-09  2.50000000e+00  2.05874981e-02 -3.90436123e-03 
 6.40850000e-09  6.40850000e-09  2.50000000e+00  1.87933955e-02 -3.67150600e-03 
 6.40950000e-09  6.40950000e-09  2.50000000e+00  1.71759242e-02 -3.49141469e-03 
 6.41050000e-09  6.41050000e-09  2.50000000e+00  1.57166253e-02 -3.28377798e-03 
 6.41150000e-09  6.41150000e-09  2.50000000e+00  1.43989333e-02 -3.12707003e-03 
 6.41250000e-09  6.41250000e-09  2.50000000e+00  1.32080081e-02 -2.94114500e-03 
 6.41350000e-09  6.41350000e-09  2.50000000e+00  1.21305744e-02 -2.80462296e-03 
 6.41450000e-09  6.41450000e-09  2.50000000e+00  1.11547712e-02 -2.63748874e-03 
 6.41550000e-09  6.41550000e-09  2.50000000e+00  1.02700106e-02 -2.51847974e-03 
 6.41650000e-09  6.41650000e-09  2.50000000e+00  9.46684856e-03 -2.36768631e-03 
 6.41750000e-09  6.41750000e-09  2.50000000e+00  8.73686540e-03 -2.26394099e-03 
 6.41850000e-09  6.41850000e-09  2.50000000e+00  8.07255765e-03 -2.12742006e-03 
 6.41950000e-09  6.41950000e-09  2.50000000e+00  7.46723949e-03 -2.03703378e-03 
 6.42050000e-09  6.42050000e-09  2.50000000e+00  6.91495384e-03 -1.91302883e-03 
 6.42150000e-09  6.42150000e-09  2.50000000e+00  6.41039239e-03 -1.83437936e-03 
 6.42250000e-09  6.42250000e-09  2.50000000e+00  5.94882383e-03 -1.72139010e-03 
 6.42350000e-09  6.42350000e-09  2.50000000e+00  5.52602951e-03 -1.65308801e-03 
 6.42450000e-09  6.42450000e-09  2.50000000e+00  5.13824617e-03 -1.54982596e-03 
 6.42550000e-09  6.42550000e-09  2.50000000e+00  4.78211474e-03 -1.49067484e-03 
 6.42650000e-09  6.42650000e-09  2.50000000e+00  4.45463488e-03 -1.39602767e-03 
 6.42750000e-09  6.42750000e-09  2.50000000e+00  4.15312459e-03 -1.34499206e-03 
 6.42850000e-09  6.42850000e-09  2.50000000e+00  3.87518430e-03 -1.25799473e-03 
 6.42950000e-09  6.42950000e-09  2.50000000e+00  3.61889620e-03 -1.21532555e-03 
 6.43050000e-09  6.43050000e-09  2.50000000e+00  3.38225614e-03 -1.13496001e-03 
 6.43150000e-09  6.43150000e-09  2.50000000e+00  3.16324471e-03 -1.09741391e-03 
 6.43250000e-09  6.43250000e-09  2.50000000e+00  2.96034032e-03 -1.02315906e-03 
 6.43350000e-09  6.43350000e-09  2.50000000e+00  2.77217162e-03 -9.91387539e-04 
 6.43450000e-09  6.43450000e-09  2.50000000e+00  2.59750076e-03 -9.22590148e-04 
 6.43550000e-09  6.43550000e-09  2.50000000e+00  2.43520910e-03 -8.95978515e-04 
 6.43650000e-09  6.43650000e-09  2.50000000e+00  2.28428456e-03 -8.32061533e-04 
 6.43750000e-09  6.43750000e-09  2.50000000e+00  2.14381032e-03 -8.10067619e-04 
 6.43850000e-09  6.43850000e-09  2.50000000e+00  2.01295484e-03 -7.50521265e-04 
 6.43950000e-09  6.43950000e-09  2.50000000e+00  1.89096299e-03 -7.32665394e-04 
 6.44050000e-09  6.44050000e-09  2.50000000e+00  1.77714812e-03 -6.77038009e-04 
 6.44150000e-09  6.44150000e-09  2.50000000e+00  1.67088508e-03 -6.62894633e-04 
 6.44250000e-09  6.44250000e-09  2.50000000e+00  1.57160397e-03 -6.10785029e-04 
 6.44350000e-09  6.44350000e-09  2.50000000e+00  1.47878457e-03 -5.99975714e-04 
 6.44450000e-09  6.44450000e-09  2.50000000e+00  1.39195143e-03 -5.51026733e-04 
 6.44550000e-09  6.44550000e-09  2.50000000e+00  1.31066947e-03 -5.43214233e-04 
 6.44650000e-09  6.44650000e-09  2.50000000e+00  1.23454000e-03 -4.97107289e-04 
 6.44750000e-09  6.44750000e-09  2.50000000e+00  1.16319731e-03 -4.91990514e-04 
 6.44850000e-09  6.44850000e-09  2.50000000e+00  1.09630547e-03 -4.48440937e-04 
 6.44950000e-09  6.44950000e-09  2.50000000e+00  1.03355554e-03 -4.45750646e-04 
 6.45050000e-09  6.45050000e-09  2.50000000e+00  9.74663138e-04 -4.04503696e-04 
 6.45150000e-09  6.45150000e-09  2.50000000e+00  9.19366109e-04 -4.03998790e-04 
 6.45250000e-09  6.45250000e-09  2.50000000e+00  8.67422578e-04 -3.64826213e-04 
 6.45350000e-09  6.45350000e-09  2.50000000e+00  8.18609120e-04 -3.66290536e-04 
 6.45450000e-09  6.45450000e-09  2.50000000e+00  7.72719146e-04 -3.28987579e-04 
 6.45550000e-09  6.45550000e-09  2.50000000e+00  7.29561445e-04 -3.32227134e-04 
 6.45650000e-09  6.45650000e-09  2.50000000e+00  6.88958863e-04 -2.96609947e-04 
 6.45750000e-09  6.45750000e-09  2.50000000e+00  6.50747124e-04 -3.01450465e-04 
 6.45850000e-09  6.45850000e-09  2.50000000e+00  6.14773752e-04 -2.67353828e-04 
 6.45950000e-09  6.45950000e-09  2.50000000e+00  5.80897105e-04 -2.73638638e-04 
 6.46050000e-09  6.46050000e-09  2.50000000e+00  5.48985495e-04 -2.40913963e-04 
 6.46150000e-09  6.46150000e-09  2.50000000e+00  5.18916395e-04 -2.48502119e-04 
 6.46250000e-09  6.46250000e-09  2.50000000e+00  4.90575708e-04 -2.17015690e-04 
 6.46350000e-09  6.46350000e-09  2.50000000e+00  4.63857119e-04 -2.25780316e-04 
 6.46450000e-09  6.46450000e-09  2.50000000e+00  4.38661486e-04 -1.95411732e-04 
 6.46550000e-09  6.46550000e-09  2.50000000e+00  4.14896303e-04 -2.05238559e-04 
 6.46650000e-09  6.46650000e-09  2.50000000e+00  3.92475194e-04 -1.75879355e-04 
 6.46750000e-09  6.46750000e-09  2.50000000e+00  3.71317461e-04 -1.86665419e-04 
 6.46850000e-09  6.46850000e-09  2.50000000e+00  3.51347668e-04 -1.58217844e-04 
 6.46950000e-09  6.46950000e-09  2.50000000e+00  3.32495256e-04 -1.69870332e-04 
 6.47050000e-09  6.47050000e-09  2.50000000e+00  3.14694194e-04 -1.42246253e-04 
 6.47150000e-09  6.47150000e-09  2.50000000e+00  2.97882656e-04 -1.54681469e-04 
 6.47250000e-09  6.47250000e-09  2.50000000e+00  2.82002727e-04 -1.27801400e-04 
 6.47350000e-09  6.47350000e-09  2.50000000e+00  2.67000129e-04 -1.40943850e-04 
 6.47450000e-09  6.47450000e-09  2.50000000e+00  2.52823970e-04 -1.14736082e-04 
 6.47550000e-09  6.47550000e-09  2.50000000e+00  2.39426513e-04 -1.28517648e-04 
 6.47650000e-09  6.47650000e-09  2.50000000e+00  2.26762963e-04 -1.02917470e-04 
 6.47750000e-09  6.47750000e-09  2.50000000e+00  2.14791267e-04 -1.17276675e-04 
 6.47850000e-09  6.47850000e-09  2.50000000e+00  2.03471933e-04 -9.22256783e-05 
 6.47950000e-09  6.47950000e-09  2.50000000e+00  1.92767862e-04 -1.07107025e-04 
 6.48050000e-09  6.48050000e-09  2.50000000e+00  1.82644189e-04 -8.25524759e-05 
 6.48150000e-09  6.48150000e-09  2.50000000e+00  1.73068138e-04 -9.79058550e-05 
 6.48250000e-09  6.48250000e-09  2.50000000e+00  1.64008888e-04 -7.38001369e-05 
 6.48350000e-09  6.48350000e-09  2.50000000e+00  1.55437447e-04 -8.95802967e-05 
 6.48450000e-09  6.48450000e-09  2.50000000e+00  1.47326537e-04 -6.58804030e-05 
 6.48550000e-09  6.48550000e-09  2.50000000e+00  1.39650481e-04 -8.20464701e-05 
 6.48650000e-09  6.48650000e-09  2.50000000e+00  1.32385110e-04 -5.87135532e-05 
 6.48750000e-09  6.48750000e-09  2.50000000e+00  1.25507660e-04 -7.52286034e-05 
 6.48850000e-09  6.48850000e-09  2.50000000e+00  1.18996693e-04 -5.22275662e-05 
 6.48950000e-09  6.48950000e-09  2.50000000e+00  1.12832008e-04 -6.90582383e-05 
 6.49050000e-09  6.49050000e-09  2.50000000e+00  1.06994571e-04 -4.63573682e-05 
 6.49150000e-09  6.49150000e-09  2.50000000e+00  1.01466437e-04 -6.34735155e-05 
 6.49250000e-09  6.49250000e-09  2.50000000e+00  9.62306926e-05 -4.10441538e-05 
 6.49350000e-09  6.49350000e-09  2.50000000e+00  9.12713848e-05 -5.84185315e-05 
 6.49450000e-09  6.49450000e-09  2.50000000e+00  8.65734688e-05 -3.62347763e-05 
 6.49550000e-09  6.49550000e-09  2.50000000e+00  8.21227516e-05 -5.38427587e-05 
 6.49650000e-09  6.49650000e-09  2.50000000e+00  7.79058414e-05 -3.18811972e-05 
 6.49750000e-09  6.49750000e-09  2.50000000e+00  7.39101001e-05 -4.97005235e-05 
 6.49850000e-09  6.49850000e-09  2.50000000e+00  7.01235987e-05 -2.79399899e-05 
 6.49950000e-09  6.49950000e-09  2.50000000e+00  6.65350757e-05 -4.59505353e-05 
 6.50050000e-09  6.50050000e-09  2.50000000e+00  6.31338976e-05 -2.43718938e-05 
 6.50150000e-09  6.50150000e-09  2.50000000e+00  5.99100226e-05 -4.25554621e-05 
 6.50250000e-09  6.50250000e-09  2.50000000e+00  5.68539659e-05 -2.11414100e-05 
 6.50350000e-09  6.50350000e-09  2.50000000e+00  5.39567675e-05 -3.94815478e-05 
 6.50450000e-09  6.50450000e-09  2.50000000e+00  5.12099620e-05 -1.82164385e-05 
 6.50550000e-09  6.50550000e-09  2.50000000e+00  4.86055497e-05 -3.66982665e-05 
 6.50650000e-09  6.50650000e-09  2.50000000e+00  4.61359704e-05 -1.55679500e-05 
 6.50750000e-09  6.50750000e-09  2.50000000e+00  4.37940779e-05 -3.41780112e-05 
 6.50850000e-09  6.50850000e-09  2.50000000e+00  4.15731165e-05 -1.31696895e-05 
 6.50950000e-09  6.50950000e-09  2.50000000e+00  3.94666990e-05 -3.18958125e-05 
 6.51050000e-09  6.51050000e-09  2.50000000e+00  3.74687855e-05 -1.09979098e-05 
 6.51150000e-09  6.51150000e-09  2.50000000e+00  3.55736638e-05 -2.98290848e-05 
 6.51250000e-09  6.51250000e-09  2.50000000e+00  3.37759313e-05 -9.03112947e-06 
 6.51350000e-09  6.51350000e-09  2.50000000e+00  3.20704772e-05 -2.79573968e-05 
 6.51450000e-09  6.51450000e-09  2.50000000e+00  3.04524665e-05 -7.24991576e-06 
 6.51550000e-09  6.51550000e-09  2.50000000e+00  2.89173243e-05 -2.62622649e-05 
 6.51650000e-09  6.51650000e-09  2.50000000e+00  2.74607215e-05 -5.63668762e-06 
 6.51750000e-09  6.51750000e-09  2.50000000e+00  2.60785610e-05 -2.47269663e-05 
 6.51850000e-09  6.51850000e-09  2.50000000e+00  2.47669649e-05 -4.17553814e-06 
 6.51950000e-09  6.51950000e-09  2.50000000e+00  2.35222627e-05 -2.33363699e-05 
 6.52050000e-09  6.52050000e-09  2.50000000e+00  2.23409791e-05 -2.85207414e-06 
 6.52150000e-09  6.52150000e-09  2.50000000e+00  2.12198242e-05 -2.20767842e-05 
 6.52250000e-09  6.52250000e-09  2.50000000e+00  2.01556824e-05 -1.65327122e-06 
 6.52350000e-09  6.52350000e-09  2.50000000e+00  1.91456038e-05 -2.09358193e-05 
 6.52450000e-09  6.52450000e-09  2.50000000e+00  1.81867942e-05 -5.67342813e-07 
 6.52550000e-09  6.52550000e-09  2.50000000e+00  1.72766074e-05 -1.99022623e-05 
 6.52650000e-09  6.52650000e-09  2.50000000e+00  1.64125367e-05  4.16378121e-07 
 6.52750000e-09  6.52750000e-09  2.50000000e+00  1.55922073e-05 -1.89659653e-05 
 6.52850000e-09  6.52850000e-09  2.50000000e+00  1.48133695e-05  1.30754605e-06 
 6.52950000e-09  6.52950000e-09  2.50000000e+00  1.40738918e-05 -1.81177432e-05 
 6.53050000e-09  6.53050000e-09  2.50000000e+00  1.33717542e-05  2.11489953e-06 
 6.53150000e-09  6.53150000e-09  2.50000000e+00  1.27050427e-05 -1.73492821e-05 
 6.53250000e-09  6.53250000e-09  2.50000000e+00  1.20719433e-05  2.84634852e-06 
 6.53350000e-09  6.53350000e-09  2.50000000e+00  1.14707366e-05 -1.66530562e-05 
 6.53450000e-09  6.53450000e-09  2.50000000e+00  1.08997929e-05  3.50905338e-06 
 6.53550000e-09  6.53550000e-09  2.50000000e+00  1.03575675e-05 -1.60222528e-05 
 6.53650000e-09  6.53650000e-09  2.50000000e+00  9.84259575e-06  4.10949629e-06 
 6.53750000e-09  6.53750000e-09  2.50000000e+00  9.35348926e-06 -1.54507042e-05 
 6.53850000e-09  6.53850000e-09  2.50000000e+00  8.88893152e-06  4.65354577e-06 
 6.53950000e-09  6.53950000e-09  2.50000000e+00  8.44767424e-06 -1.49328264e-05 
 6.54050000e-09  6.54050000e-09  2.50000000e+00  8.02853369e-06  5.14651505e-06 
 6.54150000e-09  6.54150000e-09  2.50000000e+00  7.63038731e-06 -1.44635637e-05 
 6.54250000e-09  6.54250000e-09  2.50000000e+00  7.25217045e-06  5.59321488e-06 
 6.54350000e-09  6.54350000e-09  2.50000000e+00  6.89287332e-06 -1.40383384e-05 
 6.54450000e-09  6.54450000e-09  2.50000000e+00  6.55153815e-06  5.99800126e-06 
 6.54550000e-09  6.54550000e-09  2.50000000e+00  6.22725638e-06 -1.36530054e-05 
 6.54650000e-09  6.54650000e-09  2.50000000e+00  5.91916614e-06  6.36481862e-06 
 6.54750000e-09  6.54750000e-09  2.50000000e+00  5.62644977e-06 -1.33038112e-05 
 6.54850000e-09  6.54850000e-09  2.50000000e+00  5.34833153e-06  6.69723885e-06 
 6.54950000e-09  6.54950000e-09  2.50000000e+00  5.08407538e-06 -1.29873568e-05 
 6.55050000e-09  6.55050000e-09  2.50000000e+00  4.83298293e-06  6.99849668e-06 
 6.55150000e-09  6.55150000e-09  2.50000000e+00  4.59439149e-06 -1.27005637e-05 
 6.55250000e-09  6.55250000e-09  2.50000000e+00  4.36767217e-06  7.27152161e-06 
 6.55350000e-09  6.55350000e-09  2.50000000e+00  4.15222816e-06 -1.24406440e-05 
 6.55450000e-09  6.55450000e-09  2.50000000e+00  3.94749306e-06  7.51896683e-06 
 6.55550000e-09  6.55550000e-09  2.50000000e+00  3.75292928e-06 -1.22050728e-05 
 6.55650000e-09  6.55650000e-09  2.50000000e+00  3.56802660e-06  7.74323540e-06 
 6.55750000e-09  6.55750000e-09  2.50000000e+00  3.39230068e-06 -1.19915631e-05 
 6.55850000e-09  6.55850000e-09  2.50000000e+00  3.22529178e-06  7.94650388e-06 
 6.55950000e-09  6.55950000e-09  2.50000000e+00  3.06656349e-06 -1.17980433e-05 
 6.56050000e-09  6.56050000e-09  2.50000000e+00  2.91570149e-06  8.13074382e-06 
 6.56150000e-09  6.56150000e-09  2.50000000e+00  2.77231245e-06 -1.16226370e-05 
 6.56250000e-09  6.56250000e-09  2.50000000e+00  2.63602293e-06  8.29774110e-06 
 6.56350000e-09  6.56350000e-09  2.50000000e+00  2.50647836e-06 -1.14636445e-05 
 6.56450000e-09  6.56450000e-09  2.50000000e+00  2.38334210e-06  8.44911348e-06 
 6.56550000e-09  6.56550000e-09  2.50000000e+00  2.26629447e-06 -1.13195261e-05 
 6.56650000e-09  6.56650000e-09  2.50000000e+00  2.15503193e-06  8.58632652e-06 
 6.56750000e-09  6.56750000e-09  2.50000000e+00  2.04926622e-06 -1.11888867e-05 
 6.56850000e-09  6.56850000e-09  2.50000000e+00  1.94872361e-06  8.71070788e-06 
 6.56950000e-09  6.56950000e-09  2.50000000e+00  1.85314412e-06 -1.10704628e-05 
 6.57050000e-09  6.57050000e-09  2.50000000e+00  1.76228087e-06  8.82346042e-06 
 6.57150000e-09  6.57150000e-09  2.50000000e+00  1.67589936e-06 -1.09631094e-05 
 6.57250000e-09  6.57250000e-09  2.50000000e+00  1.59377688e-06  8.92567391e-06 
 6.57350000e-09  6.57350000e-09  2.50000000e+00  1.51570188e-06 -1.08657891e-05 
 6.57450000e-09  6.57450000e-09  2.50000000e+00  1.44147342e-06  9.01833571e-06 
 6.57550000e-09  6.57550000e-09  2.50000000e+00  1.37090065e-06 -1.07775623e-05 
 6.57650000e-09  6.57650000e-09  2.50000000e+00  1.30380224e-06  9.10234045e-06 
 6.57750000e-09  6.57750000e-09  2.50000000e+00  1.24000597e-06 -1.06975771e-05 
 6.57850000e-09  6.57850000e-09  2.50000000e+00  1.17934821e-06  9.17849874e-06 
 6.57950000e-09  6.57950000e-09  2.50000000e+00  1.12167351e-06 -1.06250622e-05 
 6.58050000e-09  6.58050000e-09  2.50000000e+00  1.06683421e-06  9.24754510e-06 
 6.58150000e-09  6.58150000e-09  2.50000000e+00  1.01468999e-06 -1.05593181e-05 
 6.58250000e-09  6.58250000e-09  2.50000000e+00  9.65107551e-07  9.31014509e-06 
 6.58350000e-09  6.58350000e-09  2.50000000e+00  9.17960232e-07 -1.04997115e-05 
 6.58450000e-09  6.58450000e-09  2.50000000e+00  8.73127691e-07  9.36690186e-06 
 6.58550000e-09  6.58550000e-09  2.50000000e+00  8.30495576e-07 -1.04456680e-05 
 6.58650000e-09  6.58650000e-09  2.50000000e+00  7.89955232e-07  9.41836199e-06 
 6.58750000e-09  6.58750000e-09  2.50000000e+00  7.51403407e-07 -1.03966675e-05 
 6.58850000e-09  6.58850000e-09  2.50000000e+00  7.14741986e-07  9.46502078e-06 
 6.58950000e-09  6.58950000e-09  2.50000000e+00  6.79877731e-07 -1.03522383e-05 
 6.59050000e-09  6.59050000e-09  2.50000000e+00  6.46722037e-07  9.50732713e-06 
 6.59150000e-09  6.59150000e-09  2.50000000e+00  6.15190698e-07 -1.03119531e-05 
 6.59250000e-09  6.59250000e-09  2.50000000e+00  5.85203688e-07  9.54568787e-06 
 6.59350000e-09  6.59350000e-09  2.50000000e+00  5.56684951e-07 -1.02754247e-05 
 6.59450000e-09  6.59450000e-09  2.50000000e+00  5.29562203e-07  9.58047170e-06 
 6.59550000e-09  6.59550000e-09  2.50000000e+00  5.03766743e-07 -1.02423020e-05 
 6.59650000e-09  6.59650000e-09  2.50000000e+00  4.79233273e-07  9.61201281e-06 
 6.59750000e-09  6.59750000e-09  2.50000000e+00  4.55899729e-07 -1.02122668e-05 
 6.59850000e-09  6.59850000e-09  2.50000000e+00  4.33707120e-07  9.64061408e-06 
 6.59950000e-09  6.59950000e-09  2.50000000e+00  4.12599371e-07 -1.01850308e-05 
 6.60050000e-09  6.60050000e-09  2.50000000e+00  3.92523183e-07  9.66655005e-06 
 6.60150000e-09  6.60150000e-09  2.50000000e+00  3.73427891e-07 -1.01603327e-05 
 6.60250000e-09  6.60250000e-09  2.50000000e+00  3.55265335e-07  9.69006956e-06 
 6.60350000e-09  6.60350000e-09  2.50000000e+00  3.37989731e-07 -1.01379355e-05 
 6.60450000e-09  6.60450000e-09  2.50000000e+00  3.21557559e-07  9.71139817e-06 
 6.60550000e-09  6.60550000e-09  2.50000000e+00  3.05927445e-07 -1.01176244e-05 
 6.60650000e-09  6.60650000e-09  2.50000000e+00  2.91060056e-07  9.73074035e-06 
 6.60750000e-09  6.60750000e-09  2.50000000e+00  2.76918001e-07 -1.00992048e-05 
 6.60850000e-09  6.60850000e-09  2.50000000e+00  2.63465731e-07  9.74828144e-06 
 6.60950000e-09  6.60950000e-09  2.50000000e+00  2.50669449e-07 -1.00825002e-05 
 6.61050000e-09  6.61050000e-09  2.50000000e+00  2.38497023e-07  9.76418944e-06 
 6.61150000e-09  6.61150000e-09  2.50000000e+00  2.26917904e-07 -1.00673507e-05 
 6.61250000e-09  6.61250000e-09  2.50000000e+00  2.15903047e-07  9.77861667e-06 
 6.61350000e-09  6.61350000e-09  2.50000000e+00  2.05424836e-07 -1.00536113e-05 
 6.61450000e-09  6.61450000e-09  2.50000000e+00  1.95457014e-07  9.79170121e-06 
 6.61550000e-09  6.61550000e-09  2.50000000e+00  1.85974614e-07 -1.00411504e-05 
 6.61650000e-09  6.61650000e-09  2.50000000e+00  1.76953898e-07  9.80356823e-06 
 6.61750000e-09  6.61750000e-09  2.50000000e+00  1.68372295e-07 -1.00298489e-05 
 6.61850000e-09  6.61850000e-09  2.50000000e+00  1.60208341e-07  9.81433122e-06 
 6.61950000e-09  6.61950000e-09  2.50000000e+00  1.52441628e-07 -1.00195987e-05 
 6.62050000e-09  6.62050000e-09  2.50000000e+00  1.45052751e-07  9.82409305e-06 
 6.62150000e-09  6.62150000e-09  2.50000000e+00  1.38023254e-07 -1.00103019e-05 
 6.62250000e-09  6.62250000e-09  2.50000000e+00  1.31335590e-07  9.83294702e-06 
 6.62350000e-09  6.62350000e-09  2.50000000e+00  1.24973071e-07 -1.00018696e-05 
 6.62450000e-09  6.62450000e-09  2.50000000e+00  1.18919829e-07  9.84097769e-06 
 6.62550000e-09  6.62550000e-09  2.50000000e+00  1.13160773e-07 -9.99422140e-06 
 6.62650000e-09  6.62650000e-09  2.50000000e+00  1.07681550e-07  9.84826174e-06 
 6.62750000e-09  6.62750000e-09  2.50000000e+00  1.02468514e-07 -9.98728416e-06 
 6.62850000e-09  6.62850000e-09  2.50000000e+00  9.75086838e-08  9.85486870e-06 
 6.62950000e-09  6.62950000e-09  2.50000000e+00  9.27897167e-08 -9.98099173e-06 
 6.63050000e-09  6.63050000e-09  2.50000000e+00  8.82998733e-08  9.86086161e-06 
 6.63150000e-09  6.63150000e-09  2.50000000e+00  8.40279882e-08 -9.97528406e-06 
 6.63250000e-09  6.63250000e-09  2.50000000e+00  7.99634431e-08  9.86629763e-06 
 6.63350000e-09  6.63350000e-09  2.50000000e+00  7.60961391e-08 -9.97010674e-06 
 6.63450000e-09  6.63450000e-09  2.50000000e+00  7.24164711e-08  9.87122859e-06 
 6.63550000e-09  6.63550000e-09  2.50000000e+00  6.89153038e-08 -9.96541040e-06 
 6.63650000e-09  6.63650000e-09  2.50000000e+00  6.55839481e-08  9.87570149e-06 
 6.63750000e-09  6.63750000e-09  2.50000000e+00  6.24141397e-08 -9.96115030e-06 
 6.63850000e-09  6.63850000e-09  2.50000000e+00  5.93980185e-08  9.87975893e-06 
 6.63950000e-09  6.63950000e-09  2.50000000e+00  5.65281079e-08 -9.95728585e-06 
 6.64050000e-09  6.64050000e-09  2.50000000e+00  5.37972964e-08  9.88343958e-06 
 6.64150000e-09  6.64150000e-09  2.50000000e+00  5.11988201e-08 -9.95378025e-06 
 6.64250000e-09  6.64250000e-09  2.50000000e+00  4.87262451e-08  9.88677847e-06 
 6.64350000e-09  6.64350000e-09  2.50000000e+00  4.63734514e-08 -9.95060013e-06 
 6.64450000e-09  6.64450000e-09  2.50000000e+00  4.41346174e-08  9.88980738e-06 
 6.64550000e-09  6.64550000e-09  2.50000000e+00  4.20042059e-08 -9.94771523e-06 
 6.64650000e-09  6.64650000e-09  2.50000000e+00  3.99769495e-08  9.89255513e-06 
 6.64750000e-09  6.64750000e-09  2.50000000e+00  3.80478379e-08 -9.94509809e-06 
 6.64850000e-09  6.64850000e-09  2.50000000e+00  3.62121043e-08  9.89504787e-06 
 6.64950000e-09  6.64950000e-09  2.50000000e+00  3.44652153e-08 -9.94272384e-06 
 6.65050000e-09  6.65050000e-09  2.50000000e+00  3.28028577e-08  9.89730928e-06 
 6.65150000e-09  6.65150000e-09  2.50000000e+00  3.12209288e-08 -9.94056989e-06 
 6.65250000e-09  6.65250000e-09  2.50000000e+00  2.97155250e-08  9.89936088e-06 
 6.65350000e-09  6.65350000e-09  2.50000000e+00  2.82829336e-08 -9.93861578e-06 
 6.65450000e-09  6.65450000e-09  2.50000000e+00  2.69196223e-08  9.90122214e-06 
 6.65550000e-09  6.65550000e-09  2.50000000e+00  2.56222308e-08 -9.93684294e-06 
 6.65650000e-09  6.65650000e-09  2.50000000e+00  2.43875623e-08  9.90291077e-06 
 6.65750000e-09  6.65750000e-09  2.50000000e+00  2.32125754e-08 -9.93523453e-06 
 6.65850000e-09  6.65850000e-09  2.50000000e+00  2.20943770e-08  9.90444278e-06 
 6.65950000e-09  6.65950000e-09  2.50000000e+00  2.10302144e-08 -9.93377528e-06 
 6.66050000e-09  6.66050000e-09  2.50000000e+00  2.00174692e-08  9.90583273e-06 
 6.66150000e-09  6.66150000e-09  2.50000000e+00  1.90536495e-08 -9.93245134e-06 
 6.66250000e-09  6.66250000e-09  2.50000000e+00  1.81363851e-08  9.90709380e-06 
 6.66350000e-09  6.66350000e-09  2.50000000e+00  1.72634213e-08 -9.93125014e-06 
 6.66450000e-09  6.66450000e-09  2.50000000e+00  1.64326121e-08  9.90823797e-06 
 6.66550000e-09  6.66550000e-09  2.50000000e+00  1.56419169e-08 -9.93016029e-06 
 6.66650000e-09  6.66650000e-09  2.50000000e+00  1.48893934e-08  9.90927608e-06 
 6.66750000e-09  6.66750000e-09  2.50000000e+00  1.41731932e-08 -9.92917146e-06 
 6.66850000e-09  6.66850000e-09  2.50000000e+00  1.34915587e-08  9.91021798e-06 
 6.66950000e-09  6.66950000e-09  2.50000000e+00  1.28428170e-08 -9.92827426e-06 
 6.67050000e-09  6.67050000e-09  2.50000000e+00  1.22253766e-08  9.91107259e-06 
 6.67150000e-09  6.67150000e-09  2.50000000e+00  1.16377234e-08 -9.92746020e-06 
 6.67250000e-09  6.67250000e-09  2.50000000e+00  1.10784162e-08  9.91184802e-06 
 6.67350000e-09  6.67350000e-09  2.50000000e+00  1.05460842e-08 -9.92672157e-06 
 6.67450000e-09  6.67450000e-09  2.50000000e+00  1.00394227e-08  9.91255162e-06 
 6.67550000e-09  6.67550000e-09  2.50000000e+00  9.55719113e-09 -9.92605136e-06 
 6.67650000e-09  6.67650000e-09  2.50000000e+00  9.09820834e-09  9.91319003e-06 
 6.67750000e-09  6.67750000e-09  2.50000000e+00  8.66135061e-09 -9.92544322e-06 
 6.67850000e-09  6.67850000e-09  2.50000000e+00  8.24554848e-09  9.91376932e-06 
 6.67950000e-09  6.67950000e-09  2.50000000e+00  7.84978458e-09 -9.92489141e-06 
 6.68050000e-09  6.68050000e-09  2.50000000e+00  7.47309061e-09  9.91429496e-06 
 6.68150000e-09  6.68150000e-09  2.50000000e+00  7.11454555e-09 -9.92439070e-06 
 6.68250000e-09  6.68250000e-09  2.50000000e+00  6.77327294e-09  9.91477193e-06 
 6.68350000e-09  6.68350000e-09  2.50000000e+00  6.44843854e-09 -9.92393635e-06 
 6.68450000e-09  6.68450000e-09  2.50000000e+00  6.13924852e-09  9.91520474e-06 
 6.68550000e-09  6.68550000e-09  2.50000000e+00  5.84494786e-09 -9.92352406e-06 
 6.68650000e-09  6.68650000e-09  2.50000000e+00  5.56481749e-09  9.91559748e-06 
 6.68750000e-09  6.68750000e-09  2.50000000e+00  5.29817346e-09 -9.92314994e-06 
 6.68850000e-09  6.68850000e-09  2.50000000e+00  5.04436496e-09  9.91595387e-06 
 6.68950000e-09  6.68950000e-09  2.50000000e+00  4.80277250e-09 -9.92281044e-06 
 6.69050000e-09  6.69050000e-09  2.50000000e+00  4.57280660e-09  9.91627727e-06 
 6.69150000e-09  6.69150000e-09  2.50000000e+00  4.35390666e-09 -9.92250236e-06 
 6.69250000e-09  6.69250000e-09  2.50000000e+00  4.14553899e-09  9.91657075e-06 
 6.69350000e-09  6.69350000e-09  2.50000000e+00  3.94719526e-09 -9.92222279e-06 
 6.69450000e-09  6.69450000e-09  2.50000000e+00  3.75839232e-09  9.91683707e-06 
 6.69550000e-09  6.69550000e-09  2.50000000e+00  3.57867021e-09 -9.92196909e-06 
 6.69650000e-09  6.69650000e-09  2.50000000e+00  3.40759112e-09  9.91707876e-06 
 6.69750000e-09  6.69750000e-09  2.50000000e+00  3.24473832e-09 -9.92173886e-06 
 6.69850000e-09  6.69850000e-09  2.50000000e+00  3.08971535e-09  9.91729808e-06 
 6.69950000e-09  6.69950000e-09  2.50000000e+00  2.94214504e-09 -9.92152992e-06 
 6.70050000e-09  6.70050000e-09  2.50000000e+00  2.80166857e-09  9.91749712e-06 
 6.70150000e-09  6.70150000e-09  2.50000000e+00  2.66794368e-09 -9.92134031e-06 
 6.70250000e-09  6.70250000e-09  2.50000000e+00  2.54064498e-09  9.91767775e-06 
 6.70350000e-09  6.70350000e-09  2.50000000e+00  2.41946330e-09 -9.92116823e-06 
 6.70450000e-09  6.70450000e-09  2.50000000e+00  2.30410402e-09  9.91784168e-06 
 6.70550000e-09  6.70550000e-09  2.50000000e+00  2.19428675e-09 -9.92101207e-06 
 6.70650000e-09  6.70650000e-09  2.50000000e+00  2.08974444e-09  9.91799045e-06 
 6.70750000e-09  6.70750000e-09  2.50000000e+00  1.99022326e-09 -9.92087034e-06 
 6.70850000e-09  6.70850000e-09  2.50000000e+00  1.89548170e-09  9.91812546e-06 
 6.70950000e-09  6.70950000e-09  2.50000000e+00  1.80528945e-09 -9.92074172e-06 
 6.71050000e-09  6.71050000e-09  2.50000000e+00  1.71942762e-09  9.91824800e-06 
 6.71150000e-09  6.71150000e-09  2.50000000e+00  1.63768819e-09 -9.92062499e-06 
 6.71250000e-09  6.71250000e-09  2.50000000e+00  1.55987236e-09  9.91835920e-06 
 6.71350000e-09  6.71350000e-09  2.50000000e+00  1.48579167e-09 -9.92051904e-06 
 6.71450000e-09  6.71450000e-09  2.50000000e+00  1.41526637e-09  9.91846013e-06 
 6.71550000e-09  6.71550000e-09  2.50000000e+00  1.34812529e-09 -9.92042289e-06 
 6.71650000e-09  6.71650000e-09  2.50000000e+00  1.28420586e-09  9.91855174e-06 
 6.71750000e-09  6.71750000e-09  2.50000000e+00  1.22335331e-09 -9.92033562e-06 
 6.71850000e-09  6.71850000e-09  2.50000000e+00  1.16541990e-09  9.91863488e-06 
 6.71950000e-09  6.71950000e-09  2.50000000e+00  1.11026535e-09 -9.92025642e-06 
 6.72050000e-09  6.72050000e-09  2.50000000e+00  1.05775604e-09  9.91871033e-06 
 6.72150000e-09  6.72150000e-09  2.50000000e+00  1.00776485e-09 -9.92018453e-06 
 6.72250000e-09  6.72250000e-09  2.50000000e+00  9.60171050e-10  9.91877882e-06 
 6.72350000e-09  6.72350000e-09  2.50000000e+00  9.14859101e-10 -9.92011929e-06 
 6.72450000e-09  6.72450000e-09  2.50000000e+00  8.71719424e-10  9.91884098e-06 
 6.72550000e-09  6.72550000e-09  2.50000000e+00  8.30647879e-10 -9.92006007e-06 
 6.72650000e-09  6.72650000e-09  2.50000000e+00  7.91544801e-10  9.91889739e-06 
 6.72750000e-09  6.72750000e-09  2.50000000e+00  7.54315614e-10 -9.92000632e-06 
 6.72850000e-09  6.72850000e-09  2.50000000e+00  7.18871006e-10  9.91894860e-06 
 6.72950000e-09  6.72950000e-09  2.50000000e+00  6.85124911e-10 -9.91995753e-06 
 6.73050000e-09  6.73050000e-09  2.50000000e+00  6.52995298e-10  9.91899508e-06 
 6.73150000e-09  6.73150000e-09  2.50000000e+00  6.22405050e-10 -9.91991325e-06 
 6.73250000e-09  6.73250000e-09  2.50000000e+00  5.93280295e-10  9.91903727e-06 
 6.73350000e-09  6.73350000e-09  2.50000000e+00  5.65550409e-10 -9.91987306e-06 
 6.73450000e-09  6.73450000e-09  2.50000000e+00  5.39148539e-10  9.91907556e-06 
 6.73550000e-09  6.73550000e-09  2.50000000e+00  5.14011078e-10 -9.91983658e-06 
 6.73650000e-09  6.73650000e-09  2.50000000e+00  4.90077139e-10  9.91911032e-06 
 6.73750000e-09  6.73750000e-09  2.50000000e+00  4.67289083e-10 -9.91980346e-06 
 6.73850000e-09  6.73850000e-09  2.50000000e+00  4.45592075e-10  9.91914187e-06 
 6.73950000e-09  6.73950000e-09  2.50000000e+00  4.24933739e-10 -9.91977341e-06 
 6.74050000e-09  6.74050000e-09  2.50000000e+00  4.05264331e-10  9.91917050e-06 
 6.74150000e-09  6.74150000e-09  2.50000000e+00  3.86536211e-10 -9.91974612e-06 
 6.74250000e-09  6.74250000e-09  2.50000000e+00  3.68704373e-10  9.91919650e-06 
 6.74350000e-09  6.74350000e-09  2.50000000e+00  3.51725738e-10 -9.91972136e-06 
 6.74450000e-09  6.74450000e-09  2.50000000e+00  3.35559425e-10  9.91922009e-06 
 6.74550000e-09  6.74550000e-09  2.50000000e+00  3.20166741e-10 -9.91969888e-06 
 6.74650000e-09  6.74650000e-09  2.50000000e+00  3.05510139e-10  9.91924151e-06 
 6.74750000e-09  6.74750000e-09  2.50000000e+00  2.91554436e-10 -9.91967847e-06 
 6.74850000e-09  6.74850000e-09  2.50000000e+00  2.78266382e-10  9.91926095e-06 
 6.74950000e-09  6.74950000e-09  2.50000000e+00  2.65613691e-10 -9.91965995e-06 
 6.75050000e-09  6.75050000e-09  2.50000000e+00  2.53566007e-10  9.91927860e-06 
 6.75150000e-09  6.75150000e-09  2.50000000e+00  2.42094642e-10 -9.91964314e-06 
 6.75250000e-09  6.75250000e-09  2.50000000e+00  2.31171784e-10  9.91929462e-06 
 6.75350000e-09  6.75350000e-09  2.50000000e+00  2.20771026e-10 -9.91962787e-06 
 6.75450000e-09  6.75450000e-09  2.50000000e+00  2.10867188e-10  9.91930916e-06 
 6.75550000e-09  6.75550000e-09  2.50000000e+00  2.01436846e-10 -9.91961402e-06 
 6.75650000e-09  6.75650000e-09  2.50000000e+00  1.92457189e-10  9.91932236e-06 
 6.75750000e-09  6.75750000e-09  2.50000000e+00  1.83906721e-10 -9.91960144e-06 
 6.75850000e-09  6.75850000e-09  2.50000000e+00  1.75764827e-10  9.91933435e-06 
 6.75950000e-09  6.75950000e-09  2.50000000e+00  1.68011942e-10 -9.91959002e-06 
 6.76050000e-09  6.76050000e-09  2.50000000e+00  1.60629465e-10  9.91934523e-06 
 6.76150000e-09  6.76150000e-09  2.50000000e+00  1.53599764e-10 -9.91957966e-06 
 6.76250000e-09  6.76250000e-09  2.50000000e+00  1.46905729e-10  9.91935510e-06 
 6.76350000e-09  6.76350000e-09  2.50000000e+00  1.40531305e-10 -9.91957025e-06 
 6.76450000e-09  6.76450000e-09  2.50000000e+00  1.34461491e-10  9.91936406e-06 
 6.76550000e-09  6.76550000e-09  2.50000000e+00  1.28681635e-10 -9.91956170e-06 
 6.76650000e-09  6.76650000e-09  2.50000000e+00  1.23177700e-10  9.91937220e-06 
 6.76750000e-09  6.76750000e-09  2.50000000e+00  1.17936525e-10 -9.91955395e-06 
 6.76850000e-09  6.76850000e-09  2.50000000e+00  1.12945477e-10  9.91937959e-06 
 6.76950000e-09  6.76950000e-09  2.50000000e+00  1.08192712e-10 -9.91954691e-06 
 6.77050000e-09  6.77050000e-09  2.50000000e+00  1.03666650e-10  9.91938630e-06 
 6.77150000e-09  6.77150000e-09  2.50000000e+00  9.93565861e-11 -9.91954052e-06 
 6.77250000e-09  6.77250000e-09  2.50000000e+00  9.52521688e-11  9.91939239e-06 
 6.77350000e-09  6.77350000e-09  2.50000000e+00  9.13438351e-11 -9.91953472e-06 
 6.77450000e-09  6.77450000e-09  2.50000000e+00  8.76220218e-11  9.91939792e-06 
 6.77550000e-09  6.77550000e-09  2.50000000e+00  8.40776927e-11 -9.91952945e-06 
 6.77650000e-09  6.77650000e-09  2.50000000e+00  8.07022497e-11  9.91940294e-06 
 6.77750000e-09  6.77750000e-09  2.50000000e+00  7.74877969e-11 -9.91952467e-06 
 6.77850000e-09  6.77850000e-09  2.50000000e+00  7.44268771e-11  9.91940749e-06 
 6.77950000e-09  6.77950000e-09  2.50000000e+00  7.15117696e-11 -9.91952033e-06 
 6.78050000e-09  6.78050000e-09  2.50000000e+00  6.87358069e-11  9.91941163e-06 
 6.78150000e-09  6.78150000e-09  2.50000000e+00  6.60923211e-11 -9.91951639e-06 
 6.78250000e-09  6.78250000e-09  2.50000000e+00  6.35749077e-11  9.91941538e-06 
 6.78350000e-09  6.78350000e-09  2.50000000e+00  6.11773378e-11 -9.91951281e-06 
 6.78450000e-09  6.78450000e-09  2.50000000e+00  5.88939964e-11  9.91941879e-06 
 6.78550000e-09  6.78550000e-09  2.50000000e+00  5.67194439e-11 -9.91950956e-06 
 6.78650000e-09  6.78650000e-09  2.50000000e+00  5.46485920e-11  9.91942189e-06 
 6.78750000e-09  6.78750000e-09  2.50000000e+00  5.26767031e-11 -9.91950661e-06 
 6.78850000e-09  6.78850000e-09  2.50000000e+00  5.07990394e-11  9.91942470e-06 
 6.78950000e-09  6.78950000e-09  2.50000000e+00  4.90107758e-11 -9.91950394e-06 
 6.79050000e-09  6.79050000e-09  2.50000000e+00  4.73074378e-11  9.91942725e-06 
 6.79150000e-09  6.79150000e-09  2.50000000e+00  4.56854284e-11 -9.91950150e-06 
 6.79250000e-09  6.79250000e-09  2.50000000e+00  4.41406241e-11  9.91942956e-06 
 6.79350000e-09  6.79350000e-09  2.50000000e+00  4.26696034e-11 -9.91949930e-06 
 6.79450000e-09  6.79450000e-09  2.50000000e+00  4.12685059e-11  9.91943167e-06 
 6.79550000e-09  6.79550000e-09  2.50000000e+00  3.99339101e-11 -9.91949729e-06 
 6.79650000e-09  6.79650000e-09  2.50000000e+00  3.86628331e-11  9.91943358e-06 
 6.79750000e-09  6.79750000e-09  2.50000000e+00  3.74523796e-11 -9.91949547e-06 
 6.79850000e-09  6.79850000e-09  2.50000000e+00  3.62997423e-11  9.91943531e-06 
 6.79950000e-09  6.79950000e-09  2.50000000e+00  3.52019381e-11 -9.91949382e-06 
 6.80050000e-09  6.80050000e-09  2.50000000e+00  3.41564228e-11  9.91943688e-06 
 6.80150000e-09  6.80150000e-09  2.50000000e+00  3.31609154e-11 -9.91949232e-06 
 6.80250000e-09  6.80250000e-09  2.50000000e+00  3.22129594e-11  9.91943831e-06 
 6.80350000e-09  6.80350000e-09  2.50000000e+00  3.13097472e-11 -9.91949096e-06 
 6.80450000e-09  6.80450000e-09  2.50000000e+00  3.04493488e-11  9.91943961e-06 
 6.80550000e-09  6.80550000e-09  2.50000000e+00  2.96300094e-11 -9.91948972e-06 
 6.80650000e-09  6.80650000e-09  2.50000000e+00  2.88497990e-11  9.91944079e-06 
 6.80750000e-09  6.80750000e-09  2.50000000e+00  2.81067875e-11 -9.91948860e-06 
 6.80850000e-09  6.80850000e-09  2.50000000e+00  2.73991323e-11  9.91944186e-06 
 6.80950000e-09  6.80950000e-09  2.50000000e+00  2.67249913e-11 -9.91948758e-06 
 6.81050000e-09  6.81050000e-09  2.50000000e+00  2.60829605e-11  9.91944283e-06 
 6.81150000e-09  6.81150000e-09  2.50000000e+00  2.54715486e-11 -9.91948666e-06 
 6.81250000e-09  6.81250000e-09  2.50000000e+00  2.48892640e-11  9.91944371e-06 
 6.81350000e-09  6.81350000e-09  2.50000000e+00  2.43345277e-11 -9.91948582e-06 
 6.81450000e-09  6.81450000e-09  2.50000000e+00  2.38059358e-11  9.91944451e-06 
 6.81550000e-09  6.81550000e-09  2.50000000e+00  2.33026988e-11 -9.91948505e-06 
 6.81650000e-09  6.81650000e-09  2.50000000e+00  2.28234129e-11  9.91944524e-06 
 6.81750000e-09  6.81750000e-09  2.50000000e+00  2.23669377e-11 -9.91948436e-06 
 6.81850000e-09  6.81850000e-09  2.50000000e+00  2.19322202e-11  9.91944590e-06 
 6.81950000e-09  6.81950000e-09  2.50000000e+00  2.15180323e-11 -9.91948373e-06 
 6.82050000e-09  6.82050000e-09  2.50000000e+00  2.11234088e-11  9.91944650e-06 
 6.82150000e-09  6.82150000e-09  2.50000000e+00  2.07477357e-11 -9.91948316e-06 
 6.82250000e-09  6.82250000e-09  2.50000000e+00  2.03899602e-11  9.91944704e-06 
 6.82350000e-09  6.82350000e-09  2.50000000e+00  2.00490294e-11 -9.91948264e-06 
 6.82450000e-09  6.82450000e-09  2.50000000e+00  1.97243292e-11  9.91944754e-06 
 6.82550000e-09  6.82550000e-09  2.50000000e+00  1.94153332e-11 -9.91948217e-06 
 6.82650000e-09  6.82650000e-09  2.50000000e+00  1.91208133e-11  9.91944799e-06 
 6.82750000e-09  6.82750000e-09  2.50000000e+00  1.88402428e-11 -9.91948174e-06 
 6.82850000e-09  6.82850000e-09  2.50000000e+00  1.85730956e-11  9.91944839e-06 
 6.82950000e-09  6.82950000e-09  2.50000000e+00  1.83185819e-11 -9.91948136e-06 
 6.83050000e-09  6.83050000e-09  2.50000000e+00  1.80760876e-11  9.91944876e-06 
 6.83150000e-09  6.83150000e-09  2.50000000e+00  1.78452618e-11 -9.91948100e-06 
 6.83250000e-09  6.83250000e-09  2.50000000e+00  1.76254904e-11  9.91944910e-06 
 6.83350000e-09  6.83350000e-09  2.50000000e+00  1.74160715e-11 -9.91948068e-06 
 6.83450000e-09  6.83450000e-09  2.50000000e+00  1.72165665e-11  9.91944940e-06 
 6.83550000e-09  6.83550000e-09  2.50000000e+00  1.70265366e-11 -9.91948039e-06 
 6.83650000e-09  6.83650000e-09  2.50000000e+00  1.68455432e-11  9.91944968e-06 
 6.83750000e-09  6.83750000e-09  2.50000000e+00  1.66733232e-11 -9.91948013e-06 
 6.83850000e-09  6.83850000e-09  2.50000000e+00  1.65093500e-11  9.91944993e-06 
 6.83950000e-09  6.83950000e-09  2.50000000e+00  1.63530097e-11 -9.91947989e-06 
 6.84050000e-09  6.84050000e-09  2.50000000e+00  1.62039511e-11  9.91945016e-06 
 6.84150000e-09  6.84150000e-09  2.50000000e+00  1.60619990e-11 -9.91947967e-06 
 6.84250000e-09  6.84250000e-09  2.50000000e+00  1.59268900e-11  9.91945037e-06 
 6.84350000e-09  6.84350000e-09  2.50000000e+00  1.57981856e-11 -9.91947947e-06 
 6.84450000e-09  6.84450000e-09  2.50000000e+00  1.56756225e-11  9.91945056e-06 
 6.84550000e-09  6.84550000e-09  2.50000000e+00  1.55589375e-11 -9.91947929e-06 
 6.84650000e-09  6.84650000e-09  2.50000000e+00  1.54476042e-11  9.91945073e-06 
 6.84750000e-09  6.84750000e-09  2.50000000e+00  1.53415349e-11 -9.91947913e-06 
 6.84850000e-09  6.84850000e-09  2.50000000e+00  1.52407295e-11  9.91945088e-06 
 6.84950000e-09  6.84950000e-09  2.50000000e+00  1.51445741e-11 -9.91947898e-06 
 6.85050000e-09  6.85050000e-09  2.50000000e+00  1.50528052e-11  9.91945102e-06 
 6.85150000e-09  6.85150000e-09  2.50000000e+00  1.49653354e-11 -9.91947885e-06 
 6.85250000e-09  6.85250000e-09  2.50000000e+00  1.48820767e-11  9.91945115e-06 
 6.85350000e-09  6.85350000e-09  2.50000000e+00  1.48026782e-11 -9.91947873e-06 
 6.85450000e-09  6.85450000e-09  2.50000000e+00  1.47271400e-11  9.91945127e-06 
 6.85550000e-09  6.85550000e-09  2.50000000e+00  1.46553743e-11 -9.91947861e-06 
 6.85650000e-09  6.85650000e-09  2.50000000e+00  1.45869425e-11  9.91945138e-06 
 6.85750000e-09  6.85750000e-09  2.50000000e+00  1.45218446e-11 -9.91947851e-06 
 6.85850000e-09  6.85850000e-09  2.50000000e+00  1.44599050e-11  9.91945147e-06 
 6.85950000e-09  6.85950000e-09  2.50000000e+00  1.44006852e-11 -9.91947842e-06 
 6.86050000e-09  6.86050000e-09  2.50000000e+00  1.43440096e-11  9.91945156e-06 
 6.86150000e-09  6.86150000e-09  2.50000000e+00  1.42900537e-11 -9.91947834e-06 
 6.86250000e-09  6.86250000e-09  2.50000000e+00  1.42389054e-11  9.91945164e-06 
 6.86350000e-09  6.86350000e-09  2.50000000e+00  1.41903890e-11 -9.91947826e-06 
 6.86450000e-09  6.86450000e-09  2.50000000e+00  1.41441536e-11  9.91945171e-06 
 6.86550000e-09  6.86550000e-09  2.50000000e+00  1.41000239e-11 -9.91947820e-06 
 6.86650000e-09  6.86650000e-09  2.50000000e+00  1.40577365e-11  9.91945177e-06 
 6.86750000e-09  6.86750000e-09  2.50000000e+00  1.40174670e-11 -9.91947813e-06 
 6.86850000e-09  6.86850000e-09  2.50000000e+00  1.39793031e-11  9.91945183e-06 
 6.86950000e-09  6.86950000e-09  2.50000000e+00  1.39429816e-11 -9.91947808e-06 
 6.87050000e-09  6.87050000e-09  2.50000000e+00  1.39084148e-11  9.91945189e-06 
 6.87150000e-09  6.87150000e-09  2.50000000e+00  1.38755149e-11 -9.91947803e-06 
 6.87250000e-09  6.87250000e-09  2.50000000e+00  1.38440187e-11  9.91945194e-06 
 6.87350000e-09  6.87350000e-09  2.50000000e+00  1.38139263e-11 -9.91947798e-06 
 6.87450000e-09  6.87450000e-09  2.50000000e+00  1.37853253e-11  9.91945198e-06 
 6.87550000e-09  6.87550000e-09  2.50000000e+00  1.37582157e-11 -9.91947794e-06 
 6.87650000e-09  6.87650000e-09  2.50000000e+00  1.37322467e-11  9.91945202e-06 
 6.87750000e-09  6.87750000e-09  2.50000000e+00  1.37075060e-11 -9.91947790e-06 
 6.87850000e-09  6.87850000e-09  2.50000000e+00  1.36840813e-11  9.91945206e-06 
 6.87950000e-09  6.87950000e-09  2.50000000e+00  1.36617093e-11 -9.91947786e-06 
 6.88050000e-09  6.88050000e-09  2.50000000e+00  1.36403902e-11  9.91945209e-06 
 6.88150000e-09  6.88150000e-09  2.50000000e+00  1.36201239e-11 -9.91947783e-06 
 6.88250000e-09  6.88250000e-09  2.50000000e+00  1.36006471e-11  9.91945212e-06 
 6.88350000e-09  6.88350000e-09  2.50000000e+00  1.35821354e-11 -9.91947780e-06 
 6.88450000e-09  6.88450000e-09  2.50000000e+00  1.35646765e-11  9.91945215e-06 
 6.88550000e-09  6.88550000e-09  2.50000000e+00  1.35480073e-11 -9.91947778e-06 
 6.88650000e-09  6.88650000e-09  2.50000000e+00  1.35320398e-11  9.91945217e-06 
 6.88750000e-09  6.88750000e-09  2.50000000e+00  1.35167743e-11 -9.91947775e-06 
 6.88850000e-09  6.88850000e-09  2.50000000e+00  1.35022106e-11  9.91945220e-06 
 6.88950000e-09  6.88950000e-09  2.50000000e+00  1.34883488e-11 -9.91947773e-06 
 6.89050000e-09  6.89050000e-09  2.50000000e+00  1.34753643e-11  9.91945222e-06 
 6.89150000e-09  6.89150000e-09  2.50000000e+00  1.34629939e-11 -9.91947771e-06 
 6.89250000e-09  6.89250000e-09  2.50000000e+00  1.34509745e-11  9.91945224e-06 
 6.89350000e-09  6.89350000e-09  2.50000000e+00  1.34394814e-11 -9.91947769e-06 
 6.89450000e-09  6.89450000e-09  2.50000000e+00  1.34285148e-11  9.91945225e-06 
 6.89550000e-09  6.89550000e-09  2.50000000e+00  1.34179868e-11 -9.91947768e-06 
 6.89650000e-09  6.89650000e-09  2.50000000e+00  1.34082484e-11  9.91945227e-06 
 6.89750000e-09  6.89750000e-09  2.50000000e+00  1.33992119e-11 -9.91947766e-06 
 6.89850000e-09  6.89850000e-09  2.50000000e+00  1.33902632e-11  9.91945228e-06 
 6.89950000e-09  6.89950000e-09  2.50000000e+00  1.33814898e-11 -9.91947765e-06 
 6.90050000e-09  6.90050000e-09  2.50000000e+00  1.33733307e-11  9.91945230e-06 
 6.90150000e-09  6.90150000e-09  2.50000000e+00  1.33657856e-11 -9.91947764e-06 
 6.90250000e-09  6.90250000e-09  2.50000000e+00  1.33586792e-11  9.91945231e-06 
 6.90350000e-09  6.90350000e-09  2.50000000e+00  1.33518361e-11 -9.91947763e-06 
 6.90450000e-09  6.90450000e-09  2.50000000e+00  1.33452561e-11  9.91945232e-06 
 6.90550000e-09  6.90550000e-09  2.50000000e+00  1.33388516e-11 -9.91947762e-06 
 6.90650000e-09  6.90650000e-09  2.50000000e+00  1.33325348e-11  9.91945232e-06 
 6.90750000e-09  6.90750000e-09  2.50000000e+00  1.33265689e-11 -9.91947761e-06 
 6.90850000e-09  6.90850000e-09  2.50000000e+00  1.33209540e-11  9.91945233e-06 
 6.90950000e-09  6.90950000e-09  2.50000000e+00  1.33156900e-11 -9.91947760e-06 
 6.91050000e-09  6.91050000e-09  2.50000000e+00  1.33108647e-11  9.91945234e-06 
 6.91150000e-09  6.91150000e-09  2.50000000e+00  1.33062149e-11 -9.91947759e-06 
 6.91250000e-09  6.91250000e-09  2.50000000e+00  1.33019159e-11  9.91945235e-06 
 6.91350000e-09  6.91350000e-09  2.50000000e+00  1.32977047e-11 -9.91947759e-06 
 6.91450000e-09  6.91450000e-09  2.50000000e+00  1.32936690e-11  9.91945236e-06 
 6.91550000e-09  6.91550000e-09  2.50000000e+00  1.32900720e-11 -9.91947758e-06 
 6.91650000e-09  6.91650000e-09  2.50000000e+00  1.32864749e-11  9.91945236e-06 
 6.91750000e-09  6.91750000e-09  2.50000000e+00  1.32826147e-11 -9.91947757e-06 
 6.91850000e-09  6.91850000e-09  2.50000000e+00  1.32793685e-11  9.91945237e-06 
 6.91950000e-09  6.91950000e-09  2.50000000e+00  1.32762101e-11 -9.91947757e-06 
 6.92050000e-09  6.92050000e-09  2.50000000e+00  1.32731395e-11  9.91945237e-06 
 6.92150000e-09  6.92150000e-09  2.50000000e+00  1.32700688e-11 -9.91947756e-06 
 6.92250000e-09  6.92250000e-09  2.50000000e+00  1.32670859e-11  9.91945238e-06 
 6.92350000e-09  6.92350000e-09  2.50000000e+00  1.32643662e-11 -9.91947756e-06 
 6.92450000e-09  6.92450000e-09  2.50000000e+00  1.32616464e-11  9.91945238e-06 
 6.92550000e-09  6.92550000e-09  2.50000000e+00  1.32591022e-11 -9.91947756e-06 
 6.92650000e-09  6.92650000e-09  2.50000000e+00  1.32565579e-11  9.91945238e-06 
 6.92750000e-09  6.92750000e-09  2.50000000e+00  1.32541014e-11 -9.91947755e-06 
 6.92850000e-09  6.92850000e-09  2.50000000e+00  1.32520835e-11  9.91945239e-06 
 6.92950000e-09  6.92950000e-09  2.50000000e+00  1.32501534e-11 -9.91947755e-06 
 6.93050000e-09  6.93050000e-09  2.50000000e+00  1.32483987e-11  9.91945239e-06 
 6.93150000e-09  6.93150000e-09  2.50000000e+00  1.32466441e-11 -9.91947755e-06 
 6.93250000e-09  6.93250000e-09  2.50000000e+00  1.32448017e-11  9.91945239e-06 
 6.93350000e-09  6.93350000e-09  2.50000000e+00  1.32433980e-11 -9.91947754e-06 
 6.93450000e-09  6.93450000e-09  2.50000000e+00  1.32420820e-11  9.91945240e-06 
 6.93550000e-09  6.93550000e-09  2.50000000e+00  1.32408537e-11 -9.91947754e-06 
 6.93650000e-09  6.93650000e-09  2.50000000e+00  1.32395377e-11  9.91945240e-06 
 6.93750000e-09  6.93750000e-09  2.50000000e+00  1.32380462e-11 -9.91947754e-06 
 6.93850000e-09  6.93850000e-09  2.50000000e+00  1.32364670e-11  9.91945240e-06 
 6.93950000e-09  6.93950000e-09  2.50000000e+00  1.32348001e-11 -9.91947754e-06 
 6.94050000e-09  6.94050000e-09  2.50000000e+00  1.32334841e-11  9.91945240e-06 
 6.94150000e-09  6.94150000e-09  2.50000000e+00  1.32326068e-11 -9.91947753e-06 
 6.94250000e-09  6.94250000e-09  2.50000000e+00  1.32316417e-11  9.91945240e-06 
 6.94350000e-09  6.94350000e-09  2.50000000e+00  1.32306767e-11 -9.91947753e-06 
 6.94450000e-09  6.94450000e-09  2.50000000e+00  1.32297116e-11  9.91945240e-06 
 6.94550000e-09  6.94550000e-09  2.50000000e+00  1.32286588e-11 -9.91947753e-06 
 6.94650000e-09  6.94650000e-09  2.50000000e+00  1.32276937e-11  9.91945241e-06 
 6.94750000e-09  6.94750000e-09  2.50000000e+00  1.32269041e-11 -9.91947753e-06 
 6.94850000e-09  6.94850000e-09  2.50000000e+00  1.32262023e-11  9.91945241e-06 
 6.94950000e-09  6.94950000e-09  2.50000000e+00  1.32256759e-11 -9.91947753e-06 
 6.95050000e-09  6.95050000e-09  2.50000000e+00  1.32251495e-11  9.91945241e-06 
 6.95150000e-09  6.95150000e-09  2.50000000e+00  1.32244476e-11 -9.91947753e-06 
 6.95250000e-09  6.95250000e-09  2.50000000e+00  1.32236580e-11  9.91945241e-06 
 6.95350000e-09  6.95350000e-09  2.50000000e+00  1.32230439e-11 -9.91947753e-06 
 6.95450000e-09  6.95450000e-09  2.50000000e+00  1.32225175e-11  9.91945241e-06 
 6.95550000e-09  6.95550000e-09  2.50000000e+00  1.32218156e-11 -9.91947753e-06 
 6.95650000e-09  6.95650000e-09  2.50000000e+00  1.32213770e-11  9.91945241e-06 
 6.95750000e-09  6.95750000e-09  2.50000000e+00  1.32208506e-11 -9.91947753e-06 
 6.95850000e-09  6.95850000e-09  2.50000000e+00  1.32201487e-11  9.91945241e-06 
 6.95950000e-09  6.95950000e-09  2.50000000e+00  1.32196223e-11 -9.91947753e-06 
 6.96050000e-09  6.96050000e-09  2.50000000e+00  1.32192714e-11  9.91945241e-06 
 6.96150000e-09  6.96150000e-09  2.50000000e+00  1.32189204e-11 -9.91947753e-06 
 6.96250000e-09  6.96250000e-09  2.50000000e+00  1.32187450e-11  9.91945241e-06 
 6.96350000e-09  6.96350000e-09  2.50000000e+00  1.32185695e-11 -9.91947753e-06 
 6.96450000e-09  6.96450000e-09  2.50000000e+00  1.32182186e-11  9.91945241e-06 
 6.96550000e-09  6.96550000e-09  2.50000000e+00  1.32177799e-11 -9.91947752e-06 
 6.96650000e-09  6.96650000e-09  2.50000000e+00  1.32173412e-11  9.91945241e-06 
 6.96750000e-09  6.96750000e-09  2.50000000e+00  1.32169903e-11 -9.91947752e-06 
 6.96850000e-09  6.96850000e-09  2.50000000e+00  1.32167271e-11  9.91945242e-06 
 6.96950000e-09  6.96950000e-09  2.50000000e+00  1.32164639e-11 -9.91947752e-06 
 6.97050000e-09  6.97050000e-09  2.50000000e+00  1.32162007e-11  9.91945242e-06 
 6.97150000e-09  6.97150000e-09  2.50000000e+00  1.32157620e-11 -9.91947752e-06 
 6.97250000e-09  6.97250000e-09  2.50000000e+00  1.32154988e-11  9.91945242e-06 
 6.97350000e-09  6.97350000e-09  2.50000000e+00  1.32154111e-11 -9.91947752e-06 
 6.97450000e-09  6.97450000e-09  2.50000000e+00  1.32152356e-11  9.91945242e-06 
 6.97550000e-09  6.97550000e-09  2.50000000e+00  1.32152356e-11 -9.91947752e-06 
 6.97650000e-09  6.97650000e-09  2.50000000e+00  1.32151479e-11  9.91945242e-06 
 6.97750000e-09  6.97750000e-09  2.50000000e+00  1.32149724e-11 -9.91947752e-06 
 6.97850000e-09  6.97850000e-09  2.50000000e+00  1.32147092e-11  9.91945242e-06 
 6.97950000e-09  6.97950000e-09  2.50000000e+00  1.32145338e-11 -9.91947752e-06 
 6.98050000e-09  6.98050000e-09  2.50000000e+00  1.32143583e-11  9.91945242e-06 
 6.98150000e-09  6.98150000e-09  2.50000000e+00  1.32141828e-11 -9.91947752e-06 
 6.98250000e-09  6.98250000e-09  2.50000000e+00  1.32140074e-11  9.91945242e-06 
 6.98350000e-09  6.98350000e-09  2.50000000e+00  1.32138319e-11 -9.91947752e-06 
 6.98450000e-09  6.98450000e-09  2.50000000e+00  1.32136564e-11  9.91945242e-06 
 6.98550000e-09  6.98550000e-09  2.50000000e+00  1.32134810e-11 -9.91947752e-06 
 6.98650000e-09  6.98650000e-09  2.50000000e+00  1.32132178e-11  9.91945242e-06 
 6.98750000e-09  6.98750000e-09  2.50000000e+00  1.32133055e-11 -9.91947752e-06 
 6.98850000e-09  6.98850000e-09  2.50000000e+00  1.32134810e-11  9.91945242e-06 
 6.98950000e-09  6.98950000e-09  2.50000000e+00  1.32133932e-11 -9.91947752e-06 
 6.99050000e-09  6.99050000e-09  2.50000000e+00  1.32132178e-11  9.91945242e-06 
 6.99150000e-09  6.99150000e-09  2.50000000e+00  1.32131300e-11 -9.91947752e-06 
 6.99250000e-09  6.99250000e-09  2.50000000e+00  1.32130423e-11  9.91945242e-06 
 6.99350000e-09  6.99350000e-09  2.50000000e+00  1.32126036e-11 -9.91947752e-06 
 6.99450000e-09  6.99450000e-09  2.50000000e+00  1.32121650e-11  9.91945242e-06 
 6.99550000e-09  6.99550000e-09  2.50000000e+00  1.32121650e-11 -9.91947752e-06 
 6.99650000e-09  6.99650000e-09  2.50000000e+00  1.32120772e-11  9.91945242e-06 
 6.99750000e-09  6.99750000e-09  2.50000000e+00  1.32119895e-11 -9.91947752e-06 
 6.99850000e-09  6.99850000e-09  2.50000000e+00  1.32121650e-11  9.91945242e-06 
 6.99950000e-09  6.99950000e-09  2.50000000e+00  1.32122527e-11 -9.91947752e-06 
 7.00050000e-09  7.00050000e-09  2.50000000e+00  1.32121650e-11  9.91945242e-06 
 7.00150000e-09  7.00150000e-09  2.50000000e+00  1.32121650e-11 -9.91947752e-06 
 7.00250000e-09  7.00250000e-09  2.50000000e+00  1.32121650e-11  9.91945242e-06 
 7.00350000e-09  7.00350000e-09  2.50000000e+00  1.32120772e-11 -9.91947752e-06 
 7.00450000e-09  7.00450000e-09  2.50000000e+00  1.32119895e-11  9.91945242e-06 
 7.00550000e-09  7.00550000e-09  2.50000000e+00  1.32119018e-11 -9.91947752e-06 
 7.00650000e-09  7.00650000e-09  2.50000000e+00  1.32119895e-11  9.91945242e-06 
 7.00750000e-09  7.00750000e-09  2.50000000e+00  1.32122527e-11 -9.91947752e-06 
 7.00850000e-09  7.00850000e-09  2.50000000e+00  1.32123404e-11  9.91945242e-06 
 7.00950000e-09  7.00950000e-09  2.50000000e+00  1.32124282e-11 -9.91947752e-06 
 7.01050000e-09  7.01050000e-09  2.50000000e+00  1.32123404e-11  9.91945242e-06 
 7.01150000e-09  7.01150000e-09  2.50000000e+00  1.32122527e-11 -9.91947752e-06 
 7.01250000e-09  7.01250000e-09  2.50000000e+00  1.32120772e-11  9.91945242e-06 
 7.01350000e-09  7.01350000e-09  2.50000000e+00  1.32118140e-11 -9.91947752e-06 
 7.01450000e-09  7.01450000e-09  2.50000000e+00  1.32116386e-11  9.91945242e-06 
 7.01550000e-09  7.01550000e-09  2.50000000e+00  1.32114631e-11 -9.91947752e-06 
 7.01650000e-09  7.01650000e-09  2.50000000e+00  1.32113754e-11  9.91945242e-06 
 7.01750000e-09  7.01750000e-09  2.50000000e+00  1.32112876e-11 -9.91947752e-06 
 7.01850000e-09  7.01850000e-09  2.50000000e+00  1.32111999e-11  9.91945242e-06 
 7.01950000e-09  7.01950000e-09  2.50000000e+00  1.32112876e-11 -9.91947752e-06 
 7.02050000e-09  7.02050000e-09  2.50000000e+00  1.32111999e-11  9.91945242e-06 
 7.02150000e-09  7.02150000e-09  2.50000000e+00  1.32111122e-11 -9.91947752e-06 
 7.02250000e-09  7.02250000e-09  2.50000000e+00  1.32111999e-11  9.91945242e-06 
 7.02350000e-09  7.02350000e-09  2.50000000e+00  1.32111999e-11 -9.91947752e-06 
 7.02450000e-09  7.02450000e-09  2.50000000e+00  1.32111999e-11  9.91945242e-06 
 7.02550000e-09  7.02550000e-09  2.50000000e+00  1.32110244e-11 -9.91947752e-06 
 7.02650000e-09  7.02650000e-09  2.50000000e+00  1.32106735e-11  9.91945242e-06 
 7.02750000e-09  7.02750000e-09  2.50000000e+00  1.32105858e-11 -9.91947752e-06 
 7.02850000e-09  7.02850000e-09  2.50000000e+00  1.32107612e-11  9.91945242e-06 
 7.02950000e-09  7.02950000e-09  2.50000000e+00  1.32106735e-11 -9.91947752e-06 
 7.03050000e-09  7.03050000e-09  2.50000000e+00  1.32104981e-11  9.91945242e-06 
 7.03150000e-09  7.03150000e-09  2.50000000e+00  1.32103226e-11 -9.91947752e-06 
 7.03250000e-09  7.03250000e-09  2.50000000e+00  1.32103226e-11  9.91945242e-06 
 7.03350000e-09  7.03350000e-09  2.50000000e+00  1.32104103e-11 -9.91947752e-06 
 7.03450000e-09  7.03450000e-09  2.50000000e+00  1.32103226e-11  9.91945242e-06 
 7.03550000e-09  7.03550000e-09  2.50000000e+00  1.32101471e-11 -9.91947752e-06 
 7.03650000e-09  7.03650000e-09  2.50000000e+00  1.32102349e-11  9.91945242e-06 
 7.03750000e-09  7.03750000e-09  2.50000000e+00  1.32104981e-11 -9.91947752e-06 
 7.03850000e-09  7.03850000e-09  2.50000000e+00  1.32106735e-11  9.91945242e-06 
 7.03950000e-09  7.03950000e-09  2.50000000e+00  1.32106735e-11 -9.91947752e-06 
 7.04050000e-09  7.04050000e-09  2.50000000e+00  1.32104103e-11  9.91945242e-06 
 7.04150000e-09  7.04150000e-09  2.50000000e+00  1.32101471e-11 -9.91947752e-06 
 7.04250000e-09  7.04250000e-09  2.50000000e+00  1.32100594e-11  9.91945242e-06 
 7.04350000e-09  7.04350000e-09  2.50000000e+00  1.32100594e-11 -9.91947752e-06 
 7.04450000e-09  7.04450000e-09  2.50000000e+00  1.32101471e-11  9.91945242e-06 
 7.04550000e-09  7.04550000e-09  2.50000000e+00  1.32101471e-11 -9.91947752e-06 
 7.04650000e-09  7.04650000e-09  2.50000000e+00  1.32101471e-11  9.91945242e-06 
 7.04750000e-09  7.04750000e-09  2.50000000e+00  1.32103226e-11 -9.91947752e-06 
 7.04850000e-09  7.04850000e-09  2.50000000e+00  1.32104981e-11  9.91945242e-06 
 7.04950000e-09  7.04950000e-09  2.50000000e+00  1.32105858e-11 -9.91947752e-06 
 7.05050000e-09  7.05050000e-09  2.50000000e+00  1.32106735e-11  9.91945242e-06 
 7.05150000e-09  7.05150000e-09  2.50000000e+00  1.32106735e-11 -9.91947752e-06 
 7.05250000e-09  7.05250000e-09  2.50000000e+00  1.32105858e-11  9.91945242e-06 
 7.05350000e-09  7.05350000e-09  2.50000000e+00  1.32104981e-11 -9.91947752e-06 
 7.05450000e-09  7.05450000e-09  2.50000000e+00  1.32104981e-11  9.91945242e-06 
 7.05550000e-09  7.05550000e-09  2.50000000e+00  1.32104981e-11 -9.91947752e-06 
 7.05650000e-09  7.05650000e-09  2.50000000e+00  1.32104103e-11  9.91945242e-06 
 7.05750000e-09  7.05750000e-09  2.50000000e+00  1.32102349e-11 -9.91947752e-06 
 7.05850000e-09  7.05850000e-09  2.50000000e+00  1.32100594e-11  9.91945242e-06 
 7.05950000e-09  7.05950000e-09  2.50000000e+00  1.32100594e-11 -9.91947752e-06 
 7.06050000e-09  7.06050000e-09  2.50000000e+00  1.32100594e-11  9.91945242e-06 
 7.06150000e-09  7.06150000e-09  2.50000000e+00  1.32099717e-11 -9.91947752e-06 
 7.06250000e-09  7.06250000e-09  2.50000000e+00  1.32099717e-11  9.91945242e-06 
 7.06350000e-09  7.06350000e-09  2.50000000e+00  1.32100594e-11 -9.91947752e-06 
 7.06450000e-09  7.06450000e-09  2.50000000e+00  1.32101471e-11  9.91945242e-06 
 7.06550000e-09  7.06550000e-09  2.50000000e+00  1.32103226e-11 -9.91947752e-06 
 7.06650000e-09  7.06650000e-09  2.50000000e+00  1.32104981e-11  9.91945242e-06 
 7.06750000e-09  7.06750000e-09  2.50000000e+00  1.32105858e-11 -9.91947752e-06 
 7.06850000e-09  7.06850000e-09  2.50000000e+00  1.32106735e-11  9.91945242e-06 
 7.06950000e-09  7.06950000e-09  2.50000000e+00  1.32106735e-11 -9.91947752e-06 
 7.07050000e-09  7.07050000e-09  2.50000000e+00  1.32105858e-11  9.91945242e-06 
 7.07150000e-09  7.07150000e-09  2.50000000e+00  1.32104103e-11 -9.91947752e-06 
 7.07250000e-09  7.07250000e-09  2.50000000e+00  1.32103226e-11  9.91945242e-06 
 7.07350000e-09  7.07350000e-09  2.50000000e+00  1.32104981e-11 -9.91947752e-06 
 7.07450000e-09  7.07450000e-09  2.50000000e+00  1.32104981e-11  9.91945242e-06 
 7.07550000e-09  7.07550000e-09  2.50000000e+00  1.32104103e-11 -9.91947752e-06 
 7.07650000e-09  7.07650000e-09  2.50000000e+00  1.32104981e-11  9.91945242e-06 
 7.07750000e-09  7.07750000e-09  2.50000000e+00  1.32105858e-11 -9.91947752e-06 
 7.07850000e-09  7.07850000e-09  2.50000000e+00  1.32106735e-11  9.91945242e-06 
 7.07950000e-09  7.07950000e-09  2.50000000e+00  1.32105858e-11 -9.91947752e-06 
 7.08050000e-09  7.08050000e-09  2.50000000e+00  1.32104981e-11  9.91945242e-06 
 7.08150000e-09  7.08150000e-09  2.50000000e+00  1.32104103e-11 -9.91947752e-06 
 7.08250000e-09  7.08250000e-09  2.50000000e+00  1.32103226e-11  9.91945242e-06 
 7.08350000e-09  7.08350000e-09  2.50000000e+00  1.32104103e-11 -9.91947752e-06 
 7.08450000e-09  7.08450000e-09  2.50000000e+00  1.32105858e-11  9.91945242e-06 
 7.08550000e-09  7.08550000e-09  2.50000000e+00  1.32106735e-11 -9.91947752e-06 
 7.08650000e-09  7.08650000e-09  2.50000000e+00  1.32106735e-11  9.91945242e-06 
 7.08750000e-09  7.08750000e-09  2.50000000e+00  1.32106735e-11 -9.91947752e-06 
 7.08850000e-09  7.08850000e-09  2.50000000e+00  1.32105858e-11  9.91945242e-06 
 7.08950000e-09  7.08950000e-09  2.50000000e+00  1.32104981e-11 -9.91947752e-06 
 7.09050000e-09  7.09050000e-09  2.50000000e+00  1.32104103e-11  9.91945242e-06 
 7.09150000e-09  7.09150000e-09  2.50000000e+00  1.32102349e-11 -9.91947752e-06 
 7.09250000e-09  7.09250000e-09  2.50000000e+00  1.32102349e-11  9.91945242e-06 
 7.09350000e-09  7.09350000e-09  2.50000000e+00  1.32104981e-11 -9.91947752e-06 
 7.09450000e-09  7.09450000e-09  2.50000000e+00  1.32105858e-11  9.91945242e-06 
 7.09550000e-09  7.09550000e-09  2.50000000e+00  1.32105858e-11 -9.91947752e-06 
 7.09650000e-09  7.09650000e-09  2.50000000e+00  1.32105858e-11  9.91945242e-06 
 7.09750000e-09  7.09750000e-09  2.50000000e+00  1.32104981e-11 -9.91947752e-06 
 7.09850000e-09  7.09850000e-09  2.50000000e+00  1.32103226e-11  9.91945242e-06 
 7.09950000e-09  7.09950000e-09  2.50000000e+00  1.32103226e-11 -9.91947752e-06 
 7.10050000e-09  7.10050000e-09  2.50000000e+00  1.32102349e-11  9.91945242e-06 
 7.10150000e-09  7.10150000e-09  2.50000000e+00  1.32103226e-11 -9.91947752e-06 
 7.10250000e-09  7.10250000e-09  2.50000000e+00  1.32104103e-11  9.91945242e-06 
 7.10350000e-09  7.10350000e-09  2.50000000e+00  1.32103226e-11 -9.91947752e-06 
 7.10450000e-09  7.10450000e-09  2.50000000e+00  1.32104103e-11  9.91945242e-06 
 7.10550000e-09  7.10550000e-09  2.50000000e+00  1.32104981e-11 -9.91947752e-06 
 7.10650000e-09  7.10650000e-09  2.50000000e+00  1.32104103e-11  9.91945242e-06 
 7.10750000e-09  7.10750000e-09  2.50000000e+00  1.32104103e-11 -9.91947752e-06 
 7.10850000e-09  7.10850000e-09  2.50000000e+00  1.32102349e-11  9.91945242e-06 
 7.10950000e-09  7.10950000e-09  2.50000000e+00  1.32100594e-11 -9.91947752e-06 
 7.11050000e-09  7.11050000e-09  2.50000000e+00  1.32099717e-11  9.91945242e-06 
 7.11150000e-09  7.11150000e-09  2.50000000e+00  1.32099717e-11 -9.91947752e-06 
 7.11250000e-09  7.11250000e-09  2.50000000e+00  1.32099717e-11  9.91945242e-06 
 7.11350000e-09  7.11350000e-09  2.50000000e+00  1.32100594e-11 -9.91947752e-06 
 7.11450000e-09  7.11450000e-09  2.50000000e+00  1.32102349e-11  9.91945242e-06 
 7.11550000e-09  7.11550000e-09  2.50000000e+00  1.32103226e-11 -9.91947752e-06 
 7.11650000e-09  7.11650000e-09  2.50000000e+00  1.32104103e-11  9.91945242e-06 
 7.11750000e-09  7.11750000e-09  2.50000000e+00  1.32105858e-11 -9.91947752e-06 
 7.11850000e-09  7.11850000e-09  2.50000000e+00  1.32107612e-11  9.91945242e-06 
 7.11950000e-09  7.11950000e-09  2.50000000e+00  1.32107612e-11 -9.91947752e-06 
 7.12050000e-09  7.12050000e-09  2.50000000e+00  1.32105858e-11  9.91945242e-06 
 7.12150000e-09  7.12150000e-09  2.50000000e+00  1.32104981e-11 -9.91947752e-06 
 7.12250000e-09  7.12250000e-09  2.50000000e+00  1.32103226e-11  9.91945242e-06 
 7.12350000e-09  7.12350000e-09  2.50000000e+00  1.32101471e-11 -9.91947752e-06 
 7.12450000e-09  7.12450000e-09  2.50000000e+00  1.32101471e-11  9.91945242e-06 
 7.12550000e-09  7.12550000e-09  2.50000000e+00  1.32101471e-11 -9.91947752e-06 
 7.12650000e-09  7.12650000e-09  2.50000000e+00  1.32101471e-11  9.91945242e-06 
 7.12750000e-09  7.12750000e-09  2.50000000e+00  1.32102349e-11 -9.91947752e-06 
 7.12850000e-09  7.12850000e-09  2.50000000e+00  1.32103226e-11  9.91945242e-06 
 7.12950000e-09  7.12950000e-09  2.50000000e+00  1.32104103e-11 -9.91947752e-06 
 7.13050000e-09  7.13050000e-09  2.50000000e+00  1.32104103e-11  9.91945242e-06 
 7.13150000e-09  7.13150000e-09  2.50000000e+00  1.32104103e-11 -9.91947752e-06 
 7.13250000e-09  7.13250000e-09  2.50000000e+00  1.32105858e-11  9.91945242e-06 
 7.13350000e-09  7.13350000e-09  2.50000000e+00  1.32106735e-11 -9.91947752e-06 
 7.13450000e-09  7.13450000e-09  2.50000000e+00  1.32106735e-11  9.91945242e-06 
 7.13550000e-09  7.13550000e-09  2.50000000e+00  1.32105858e-11 -9.91947752e-06 
 7.13650000e-09  7.13650000e-09  2.50000000e+00  1.32104103e-11  9.91945242e-06 
 7.13750000e-09  7.13750000e-09  2.50000000e+00  1.32104103e-11 -9.91947752e-06 
 7.13850000e-09  7.13850000e-09  2.50000000e+00  1.32104981e-11  9.91945242e-06 
 7.13950000e-09  7.13950000e-09  2.50000000e+00  1.32105858e-11 -9.91947752e-06 
 7.14050000e-09  7.14050000e-09  2.50000000e+00  1.32106735e-11  9.91945242e-06 
 7.14150000e-09  7.14150000e-09  2.50000000e+00  1.32105858e-11 -9.91947752e-06 
 7.14250000e-09  7.14250000e-09  2.50000000e+00  1.32105858e-11  9.91945242e-06 
 7.14350000e-09  7.14350000e-09  2.50000000e+00  1.32106735e-11 -9.91947752e-06 
 7.14450000e-09  7.14450000e-09  2.50000000e+00  1.32107612e-11  9.91945242e-06 
 7.14550000e-09  7.14550000e-09  2.50000000e+00  1.32107612e-11 -9.91947752e-06 
 7.14650000e-09  7.14650000e-09  2.50000000e+00  1.32107612e-11  9.91945242e-06 
 7.14750000e-09  7.14750000e-09  2.50000000e+00  1.32107612e-11 -9.91947752e-06 
 7.14850000e-09  7.14850000e-09  2.50000000e+00  1.32107612e-11  9.91945242e-06 
 7.14950000e-09  7.14950000e-09  2.50000000e+00  1.32107612e-11 -9.91947752e-06 
 7.15050000e-09  7.15050000e-09  2.50000000e+00  1.32107612e-11  9.91945242e-06 
 7.15150000e-09  7.15150000e-09  2.50000000e+00  1.32107612e-11 -9.91947752e-06 
 7.15250000e-09  7.15250000e-09  2.50000000e+00  1.32107612e-11  9.91945242e-06 
 7.15350000e-09  7.15350000e-09  2.50000000e+00  1.32107612e-11 -9.91947752e-06 
 7.15450000e-09  7.15450000e-09  2.50000000e+00  1.32107612e-11  9.91945242e-06 
 7.15550000e-09  7.15550000e-09  2.50000000e+00  1.32107612e-11 -9.91947752e-06 
 7.15650000e-09  7.15650000e-09  2.50000000e+00  1.32107612e-11  9.91945242e-06 
 7.15750000e-09  7.15750000e-09  2.50000000e+00  1.32107612e-11 -9.91947752e-06 
 7.15850000e-09  7.15850000e-09  2.50000000e+00  1.32107612e-11  9.91945242e-06 
 7.15950000e-09  7.15950000e-09  2.50000000e+00  1.32107612e-11 -9.91947752e-06 
 7.16050000e-09  7.16050000e-09  2.50000000e+00  1.32107612e-11  9.91945242e-06 
 7.16150000e-09  7.16150000e-09  2.50000000e+00  1.32107612e-11 -9.91947752e-06 
 7.16250000e-09  7.16250000e-09  2.50000000e+00  1.32107612e-11  9.91945242e-06 
 7.16350000e-09  7.16350000e-09  2.50000000e+00  1.32107612e-11 -9.91947752e-06 
 7.16450000e-09  7.16450000e-09  2.50000000e+00  1.32107612e-11  9.91945242e-06 
 7.16550000e-09  7.16550000e-09  2.50000000e+00  1.32107612e-11 -9.91947752e-06 
 7.16650000e-09  7.16650000e-09  2.50000000e+00  1.32107612e-11  9.91945242e-06 
 7.16750000e-09  7.16750000e-09  2.50000000e+00  1.32107612e-11 -9.91947752e-06 
 7.16850000e-09  7.16850000e-09  2.50000000e+00  1.32107612e-11  9.91945242e-06 
 7.16950000e-09  7.16950000e-09  2.50000000e+00  1.32107612e-11 -9.91947752e-06 
 7.17050000e-09  7.17050000e-09  2.50000000e+00  1.32107612e-11  9.91945242e-06 
 7.17150000e-09  7.17150000e-09  2.50000000e+00  1.32107612e-11 -9.91947752e-06 
 7.17250000e-09  7.17250000e-09  2.50000000e+00  1.32107612e-11  9.91945242e-06 
 7.17350000e-09  7.17350000e-09  2.50000000e+00  1.32107612e-11 -9.91947752e-06 
 7.17450000e-09  7.17450000e-09  2.50000000e+00  1.32107612e-11  9.91945242e-06 
 7.17550000e-09  7.17550000e-09  2.50000000e+00  1.32107612e-11 -9.91947752e-06 
 7.17650000e-09  7.17650000e-09  2.50000000e+00  1.32107612e-11  9.91945242e-06 
 7.17750000e-09  7.17750000e-09  2.50000000e+00  1.32107612e-11 -9.91947752e-06 
 7.17850000e-09  7.17850000e-09  2.50000000e+00  1.32107612e-11  9.91945242e-06 
 7.17950000e-09  7.17950000e-09  2.50000000e+00  1.32107612e-11 -9.91947752e-06 
 7.18050000e-09  7.18050000e-09  2.50000000e+00  1.32107612e-11  9.91945242e-06 
 7.18150000e-09  7.18150000e-09  2.50000000e+00  1.32107612e-11 -9.91947752e-06 
 7.18250000e-09  7.18250000e-09  2.50000000e+00  1.32107612e-11  9.91945242e-06 
 7.18350000e-09  7.18350000e-09  2.50000000e+00  1.32107612e-11 -9.91947752e-06 
 7.18450000e-09  7.18450000e-09  2.50000000e+00  1.32107612e-11  9.91945242e-06 
 7.18550000e-09  7.18550000e-09  2.50000000e+00  1.32107612e-11 -9.91947752e-06 
 7.18650000e-09  7.18650000e-09  2.50000000e+00  1.32107612e-11  9.91945242e-06 
 7.18750000e-09  7.18750000e-09  2.50000000e+00  1.32107612e-11 -9.91947752e-06 
 7.18850000e-09  7.18850000e-09  2.50000000e+00  1.32107612e-11  9.91945242e-06 
 7.18950000e-09  7.18950000e-09  2.50000000e+00  1.32107612e-11 -9.91947752e-06 
 7.19050000e-09  7.19050000e-09  2.50000000e+00  1.32107612e-11  9.91945242e-06 
 7.19150000e-09  7.19150000e-09  2.50000000e+00  1.32107612e-11 -9.91947752e-06 
 7.19250000e-09  7.19250000e-09  2.50000000e+00  1.32107612e-11  9.91945242e-06 
 7.19350000e-09  7.19350000e-09  2.50000000e+00  1.32107612e-11 -9.91947752e-06 
 7.19450000e-09  7.19450000e-09  2.50000000e+00  1.32107612e-11  9.91945242e-06 
 7.19550000e-09  7.19550000e-09  2.50000000e+00  1.32107612e-11 -9.91947752e-06 
 7.19650000e-09  7.19650000e-09  2.50000000e+00  1.32107612e-11  9.91945242e-06 
 7.19750000e-09  7.19750000e-09  2.50000000e+00  1.32107612e-11 -9.91947752e-06 
 7.19850000e-09  7.19850000e-09  2.50000000e+00  1.32107612e-11  9.91945242e-06 
 7.19950000e-09  7.19950000e-09  2.50000000e+00  1.32107612e-11 -9.91947752e-06 
 7.20050000e-09  7.20050000e-09  2.50000000e+00  1.32107612e-11  9.91945242e-06 
 7.20150000e-09  7.20150000e-09  2.50000000e+00  1.32107612e-11 -9.91947752e-06 
 7.20250000e-09  7.20250000e-09  2.50000000e+00  1.32107612e-11  9.91945242e-06 
 7.20350000e-09  7.20350000e-09  2.50000000e+00  1.32107612e-11 -9.91947752e-06 
 7.20450000e-09  7.20450000e-09  2.50000000e+00  1.32107612e-11  9.91945242e-06 
 7.20550000e-09  7.20550000e-09  2.50000000e+00  1.32107612e-11 -9.91947752e-06 
 7.20650000e-09  7.20650000e-09  2.50000000e+00  1.32107612e-11  9.91945242e-06 
 7.20750000e-09  7.20750000e-09  2.50000000e+00  1.32107612e-11 -9.91947752e-06 
 7.20850000e-09  7.20850000e-09  2.50000000e+00  1.32107612e-11  9.91945242e-06 
 7.20950000e-09  7.20950000e-09  2.50000000e+00  1.32107612e-11 -9.91947752e-06 
 7.21050000e-09  7.21050000e-09  2.50000000e+00  1.32107612e-11  9.91945242e-06 
 7.21150000e-09  7.21150000e-09  2.50000000e+00  1.32107612e-11 -9.91947752e-06 
 7.21250000e-09  7.21250000e-09  2.50000000e+00  1.32107612e-11  9.91945242e-06 
 7.21350000e-09  7.21350000e-09  2.50000000e+00  1.32107612e-11 -9.91947752e-06 
 7.21450000e-09  7.21450000e-09  2.50000000e+00  1.32107612e-11  9.91945242e-06 
 7.21550000e-09  7.21550000e-09  2.50000000e+00  1.32107612e-11 -9.91947752e-06 
 7.21650000e-09  7.21650000e-09  2.50000000e+00  1.32107612e-11  9.91945242e-06 
 7.21750000e-09  7.21750000e-09  2.50000000e+00  1.32107612e-11 -9.91947752e-06 
 7.21850000e-09  7.21850000e-09  2.50000000e+00  1.32107612e-11  9.91945242e-06 
 7.21925000e-09  7.21925000e-09  2.50000000e+00  1.32107898e-11 -9.91947752e-06 
 7.22000000e-09  7.22000000e-09  2.50000000e+00  1.32107227e-11  9.91945242e-06 
 7.22010000e-09  7.22010000e-09  2.48750000e+00 -2.37086020e-07 -7.16753750e-04 
 7.22030000e-09  7.22030000e-09  2.46250000e+00 -6.90923822e-07 -6.77520722e-04 
 7.22070000e-09  7.22070000e-09  2.41250000e+00 -1.48342181e-06 -6.36538829e-04 
 7.22150000e-09  7.22150000e-09  2.31250000e+00 -2.66938224e-06 -5.94092131e-04 
 7.22250000e-09  7.22250000e-09  2.18750000e+00 -3.54436737e-06 -6.40614868e-04 
 7.22350000e-09  7.22350000e-09  2.06250000e+00 -3.91417852e-06 -6.61408381e-04 
 7.22450000e-09  7.22450000e-09  1.93750000e+00 -3.89673672e-06 -6.72967833e-04 
 7.22550000e-09  7.22550000e-09  1.81250000e+00 -3.53003158e-06 -6.67104673e-04 
 7.22650000e-09  7.22650000e-09  1.68750000e+00 -2.83087164e-06 -6.93649036e-04 
 7.22750000e-09  7.22750000e-09  1.56250000e+00 -1.82702404e-06 -7.02961030e-04 
 7.22850000e-09  7.22850000e-09  1.43750000e+00 -5.51686523e-07 -7.44535171e-04 
 7.22950000e-09  7.22950000e-09  1.31250000e+00  9.60805296e-07 -7.68365317e-04 
 7.23050000e-09  7.23050000e-09  1.18750000e+00  2.67835301e-06 -8.23535681e-04 
 7.23150000e-09  7.23150000e-09  1.06250000e+00  4.57387260e-06 -8.59557510e-04 
 7.23250000e-09  7.23250000e-09  9.37500000e-01  6.62784259e-06 -9.24908923e-04 
 7.23350000e-09  7.23350000e-09  8.12500000e-01  8.83128701e-06 -9.68247200e-04 
 7.23450000e-09  7.23450000e-09  6.87500000e-01  1.11915866e-05 -1.03646635e-03 
 7.23550000e-09  7.23550000e-09  5.62500000e-01  1.37628106e-05 -1.07199919e-03 
 7.23650000e-09  7.23650000e-09  4.37500000e-01  1.70286539e-05 -1.05258455e-03 
 7.23750000e-09  7.23750000e-09  3.12500000e-01  2.08345272e-05 -1.07766427e-03 
 7.23850000e-09  7.23850000e-09  1.87500000e-01  2.44060008e-05 -1.15968087e-03 
 7.23925000e-09  7.23925000e-09  9.37500000e-02  2.68488431e-05 -1.19797168e-03 
 7.24000000e-09  7.24000000e-09  3.41948692e-14  2.90872832e-05 -1.27651108e-03 
 7.24010000e-09  7.24010000e-09  0.00000000e+00  2.94966855e-05 -6.35863448e-04 
 7.24030000e-09  7.24030000e-09  0.00000000e+00  3.02482630e-05 -6.38838789e-04 
 7.24070000e-09  7.24070000e-09  0.00000000e+00  3.13934796e-05 -6.39949294e-04 
 7.24150000e-09  7.24150000e-09  0.00000000e+00  3.24707360e-05 -6.46136949e-04 
 7.24250000e-09  7.24250000e-09  0.00000000e+00  3.19868934e-05 -6.53132827e-04 
 7.24350000e-09  7.24350000e-09  0.00000000e+00  2.98537958e-05 -6.72860310e-04 
 7.24450000e-09  7.24450000e-09  0.00000000e+00  2.63007936e-05 -7.01205611e-04 
 7.24550000e-09  7.24550000e-09  0.00000000e+00  2.15388204e-05 -7.42516893e-04 
 7.24650000e-09  7.24650000e-09  0.00000000e+00  1.57798263e-05 -7.91176985e-04 
 7.24750000e-09  7.24750000e-09  0.00000000e+00  9.22996338e-06 -8.51258843e-04 
 7.24850000e-09  7.24850000e-09  0.00000000e+00  2.08426502e-06 -9.16922310e-04 
 7.24950000e-09  7.24950000e-09  0.00000000e+00 -5.47718596e-06 -9.92064620e-04 
 7.25050000e-09  7.25050000e-09  0.00000000e+00 -1.32918877e-05 -1.07071472e-03 
 7.25150000e-09  7.25150000e-09  0.00000000e+00 -2.12165959e-05 -1.15668034e-03 
 7.25250000e-09  7.25250000e-09  0.00000000e+00 -2.91282560e-05 -1.24393804e-03 
 7.25350000e-09  7.25350000e-09  0.00000000e+00 -3.69243682e-05 -1.33627540e-03 
 7.25450000e-09  7.25450000e-09  0.00000000e+00 -4.45229375e-05 -1.42767574e-03 
 7.25550000e-09  7.25550000e-09  0.00000000e+00 -5.18621690e-05 -1.52195451e-03 
 7.25650000e-09  7.25650000e-09  0.00000000e+00 -5.89000615e-05 -1.61313799e-03 
 7.25750000e-09  7.25750000e-09  0.00000000e+00 -6.56139197e-05 -1.70509185e-03 
 7.25850000e-09  7.25850000e-09  0.00000000e+00 -7.19999987e-05 -1.79189393e-03 
 7.25950000e-09  7.25950000e-09  0.00000000e+00 -7.80738258e-05 -1.87746121e-03 
 7.26050000e-09  7.26050000e-09  0.00000000e+00 -8.38709090e-05 -1.95592386e-03 
 7.26150000e-09  7.26150000e-09  0.00000000e+00 -8.94435848e-05 -2.03136458e-03 
 7.26250000e-09  7.26250000e-09  0.00000000e+00 -9.48627071e-05 -2.09801321e-03 
 7.26350000e-09  7.26350000e-09  0.00000000e+00 -1.00228411e-04 -2.15987414e-03 
 7.26450000e-09  7.26450000e-09  0.00000000e+00 -1.05683169e-04 -2.21111531e-03 
 7.26550000e-09  7.26550000e-09  0.00000000e+00 -1.11434661e-04 -2.25567669e-03 
 7.26650000e-09  7.26650000e-09  0.00000000e+00 -1.17168528e-04 -2.30546276e-03 
 7.26750000e-09  7.26750000e-09  0.00000000e+00 -1.22177155e-04 -2.36973489e-03 
 7.26850000e-09  7.26850000e-09  0.00000000e+00 -1.26874942e-04 -2.43563384e-03 
 7.26950000e-09  7.26950000e-09  0.00000000e+00 -1.32902488e-04 -2.52204198e-03 
 7.27050000e-09  7.27050000e-09  0.00000000e+00 -1.39276356e-04 -2.60353200e-03 
 7.27150000e-09  7.27150000e-09  0.00000000e+00 -1.43676369e-04 -2.68330338e-03 
 7.27250000e-09  7.27250000e-09  0.00000000e+00 -1.46218138e-04 -2.76225126e-03 
 7.27350000e-09  7.27350000e-09  0.00000000e+00 -1.47045783e-04 -2.83944081e-03 
 7.27450000e-09  7.27450000e-09  0.00000000e+00 -1.46547991e-04 -2.90585649e-03 
 7.27550000e-09  7.27550000e-09  0.00000000e+00 -1.44380778e-04 -2.97370472e-03 
 7.27650000e-09  7.27650000e-09  0.00000000e+00 -1.39195143e-04 -3.04868194e-03 
 7.27750000e-09  7.27750000e-09  0.00000000e+00 -1.29744684e-04 -3.13106995e-03 
 7.27850000e-09  7.27850000e-09  0.00000000e+00 -1.15040668e-04 -3.22334440e-03 
 7.27950000e-09  7.27950000e-09  0.00000000e+00 -9.43209460e-05 -3.32582274e-03 
 7.28050000e-09  7.28050000e-09  0.00000000e+00 -6.70169986e-05 -3.43939651e-03 
 7.28150000e-09  7.28150000e-09  0.00000000e+00 -3.26451739e-05 -3.56234428e-03 
 7.28250000e-09  7.28250000e-09  0.00000000e+00  9.37799452e-06 -3.68618016e-03 
 7.28350000e-09  7.28350000e-09  0.00000000e+00  5.94791472e-05 -3.80864571e-03 
 7.28450000e-09  7.28450000e-09  0.00000000e+00  1.17727943e-04 -3.93120617e-03 
 7.28550000e-09  7.28550000e-09  0.00000000e+00  1.83998498e-04 -4.05309358e-03 
 7.28650000e-09  7.28650000e-09  0.00000000e+00  2.58006125e-04 -4.17492069e-03 
 7.28750000e-09  7.28750000e-09  0.00000000e+00  3.39344358e-04 -4.29517531e-03 
 7.28850000e-09  7.28850000e-09  0.00000000e+00  4.27519136e-04 -4.41380942e-03 
 7.28950000e-09  7.28950000e-09  0.00000000e+00  5.21981831e-04 -4.52873352e-03 
 7.29050000e-09  7.29050000e-09  0.00000000e+00  6.22161439e-04 -4.63941037e-03 
 7.29150000e-09  7.29150000e-09  0.00000000e+00  7.27475926e-04 -4.74362895e-03 
 7.29250000e-09  7.29250000e-09  0.00000000e+00  8.37346840e-04 -4.84077195e-03 
 7.29350000e-09  7.29350000e-09  0.00000000e+00  9.51239234e-04 -4.92820877e-03 
 7.29450000e-09  7.29450000e-09  0.00000000e+00  1.06869524e-03 -5.00498154e-03 
 7.29550000e-09  7.29550000e-09  0.00000000e+00  1.18935924e-03 -5.06825977e-03 
 7.29650000e-09  7.29650000e-09  0.00000000e+00  1.31300627e-03 -5.11688940e-03 
 7.29750000e-09  7.29750000e-09  0.00000000e+00  1.43957834e-03 -5.14782417e-03 
 7.29850000e-09  7.29850000e-09  0.00000000e+00  1.56923757e-03 -5.15964392e-03 
 7.29950000e-09  7.29950000e-09  0.00000000e+00  1.69971226e-03 -5.19485166e-03 
 7.30050000e-09  7.30050000e-09  0.00000000e+00  1.82875927e-03 -5.22416729e-03 
 7.30150000e-09  7.30150000e-09  0.00000000e+00  1.95777556e-03 -5.23721176e-03 
 7.30250000e-09  7.30250000e-09  0.00000000e+00  2.08994637e-03 -5.24239247e-03 
 7.30350000e-09  7.30350000e-09  0.00000000e+00  2.23119009e-03 -5.23926811e-03 
 7.30450000e-09  7.30450000e-09  0.00000000e+00  2.37674471e-03 -5.23971596e-03 
 7.30550000e-09  7.30550000e-09  0.00000000e+00  2.51649842e-03 -5.24440551e-03 
 7.30650000e-09  7.30650000e-09  0.00000000e+00  2.64870771e-03 -5.26204591e-03 
 7.30750000e-09  7.30750000e-09  0.00000000e+00  2.77224288e-03 -5.28263180e-03 
 7.30850000e-09  7.30850000e-09  0.00000000e+00  2.88685770e-03 -5.30235872e-03 
 7.30950000e-09  7.30950000e-09  0.00000000e+00  2.98917397e-03 -5.33459643e-03 
 7.31050000e-09  7.31050000e-09  0.00000000e+00  3.07086334e-03 -5.41299710e-03 
 7.31150000e-09  7.31150000e-09  0.00000000e+00  3.12304851e-03 -5.53221186e-03 
 7.31250000e-09  7.31250000e-09  0.00000000e+00  3.13813586e-03 -5.70494978e-03 
 7.31350000e-09  7.31350000e-09  0.00000000e+00  3.10963923e-03 -5.92537537e-03 
 7.31450000e-09  7.31450000e-09  0.00000000e+00  3.03208313e-03 -6.20594214e-03 
 7.31550000e-09  7.31550000e-09  0.00000000e+00  2.90089265e-03 -6.53662705e-03 
 7.31650000e-09  7.31650000e-09  0.00000000e+00  2.71178235e-03 -6.92814571e-03 
 7.31750000e-09  7.31750000e-09  0.00000000e+00  2.45555470e-03 -7.35400855e-03 
 7.31850000e-09  7.31850000e-09  0.00000000e+00  2.12431273e-03 -7.82359332e-03 
 7.31950000e-09  7.31950000e-09  0.00000000e+00  1.71652729e-03 -8.32650637e-03 
 7.32050000e-09  7.32050000e-09  0.00000000e+00  1.23179170e-03 -8.87045410e-03 
 7.32150000e-09  7.32150000e-09  0.00000000e+00  6.70428860e-04 -9.44253912e-03 
 7.32250000e-09  7.32250000e-09  0.00000000e+00  3.33106637e-05 -1.00484760e-02 
 7.32350000e-09  7.32350000e-09  0.00000000e+00 -6.78371564e-04 -1.06737776e-02 
 7.32450000e-09  7.32450000e-09  0.00000000e+00 -1.46330921e-03 -1.13228649e-02 
 7.32550000e-09  7.32550000e-09  0.00000000e+00 -2.32027878e-03 -1.19801993e-02 
 7.32650000e-09  7.32650000e-09  0.00000000e+00 -3.24833466e-03 -1.26493361e-02 
 7.32750000e-09  7.32750000e-09  0.00000000e+00 -4.24698382e-03 -1.33140028e-02 
 7.32850000e-09  7.32850000e-09  0.00000000e+00 -5.31636073e-03 -1.39771054e-02 
 7.32950000e-09  7.32950000e-09  0.00000000e+00 -6.45741286e-03 -1.46217531e-02 
 7.33050000e-09  7.33050000e-09  0.00000000e+00 -7.67199736e-03 -1.52506481e-02 
 7.33150000e-09  7.33150000e-09  0.00000000e+00 -8.96282925e-03 -1.58474184e-02 
 7.33250000e-09  7.33250000e-09  0.00000000e+00 -1.03338015e-02 -1.64140904e-02 
 7.33350000e-09  7.33350000e-09  0.00000000e+00 -1.17905740e-02 -1.69326251e-02 
 7.33450000e-09  7.33450000e-09  0.00000000e+00 -1.33410766e-02 -1.74037129e-02 
 7.33550000e-09  7.33550000e-09  0.00000000e+00 -1.49962297e-02 -1.78073918e-02 
 7.33650000e-09  7.33650000e-09  0.00000000e+00 -1.67710577e-02 -1.81414171e-02 
 7.33750000e-09  7.33750000e-09  0.00000000e+00 -1.86514095e-02 -1.85199034e-02 
 7.33850000e-09  7.33850000e-09  0.00000000e+00 -2.05764063e-02 -1.90379120e-02 
 7.33950000e-09  7.33950000e-09  0.00000000e+00 -2.25223036e-02 -1.95226797e-02 
 7.34050000e-09  7.34050000e-09  0.00000000e+00 -2.45233231e-02 -1.99847425e-02 
 7.34150000e-09  7.34150000e-09  0.00000000e+00 -2.66413865e-02 -2.03981935e-02 
 7.34250000e-09  7.34250000e-09  0.00000000e+00 -2.90356652e-02 -2.07392583e-02 
 7.34350000e-09  7.34350000e-09  0.00000000e+00 -3.16654332e-02 -2.13784478e-02 
 7.34450000e-09  7.34450000e-09  0.00000000e+00 -3.43188035e-02 -2.20919358e-02 
 7.34550000e-09  7.34550000e-09  0.00000000e+00 -3.69791191e-02 -2.27495534e-02 
 7.34650000e-09  7.34650000e-09  0.00000000e+00 -3.96452487e-02 -2.34303498e-02 
 7.34750000e-09  7.34750000e-09  0.00000000e+00 -4.23054073e-02 -2.40169780e-02 
 7.34850000e-09  7.34850000e-09  0.00000000e+00 -4.48644184e-02 -2.48259046e-02 
 7.34950000e-09  7.34950000e-09  0.00000000e+00 -4.71674075e-02 -2.57549291e-02 
 7.35050000e-09  7.35050000e-09  0.00000000e+00 -4.90625811e-02 -2.69413155e-02 
 7.35150000e-09  7.35150000e-09  0.00000000e+00 -5.04002670e-02 -2.82792164e-02 
 7.35250000e-09  7.35250000e-09  0.00000000e+00 -5.10319694e-02 -2.99020356e-02 
 7.35350000e-09  7.35350000e-09  0.00000000e+00 -5.08094082e-02 -3.16998847e-02 
 7.35450000e-09  7.35450000e-09  0.00000000e+00 -4.95835144e-02 -3.38019723e-02 
 7.35550000e-09  7.35550000e-09  0.00000000e+00 -4.71990384e-02 -3.60997101e-02 
 7.35650000e-09  7.35650000e-09  0.00000000e+00 -4.34773807e-02 -3.86509867e-02 
 7.35750000e-09  7.35750000e-09  0.00000000e+00 -3.82380384e-02 -4.12800453e-02 
 7.35850000e-09  7.35850000e-09  0.00000000e+00 -3.13198978e-02 -4.41059656e-02 
 7.35950000e-09  7.35950000e-09  0.00000000e+00 -2.25697800e-02 -4.69993790e-02 
 7.36050000e-09  7.36050000e-09  0.00000000e+00 -1.18414752e-02 -5.00696210e-02 
 7.36150000e-09  7.36150000e-09  0.00000000e+00  1.00585575e-03 -5.31803818e-02 
 7.36250000e-09  7.36250000e-09  0.00000000e+00  1.61057324e-02 -5.64358505e-02 
 7.36350000e-09  7.36350000e-09  0.00000000e+00  3.35819999e-02 -5.96966259e-02 
 7.36450000e-09  7.36450000e-09  0.00000000e+00  5.35528204e-02 -6.30639073e-02 
 7.36550000e-09  7.36550000e-09  0.00000000e+00  7.61358005e-02 -6.63964449e-02 
 7.36650000e-09  7.36650000e-09  0.00000000e+00  1.01451595e-01 -6.97961357e-02 
 7.36750000e-09  7.36750000e-09  0.00000000e+00  1.29628820e-01 -7.31251364e-02 
 7.36850000e-09  7.36850000e-09  0.00000000e+00  1.60811099e-01 -7.64911424e-02 
 7.36950000e-09  7.36950000e-09  0.00000000e+00  1.95167829e-01 -7.97667499e-02 
 7.37050000e-09  7.37050000e-09  0.00000000e+00  2.32912108e-01 -8.30798405e-02 
 7.37150000e-09  7.37150000e-09  0.00000000e+00  2.74334077e-01 -8.63437360e-02 
 7.37250000e-09  7.37250000e-09  0.00000000e+00  3.19872489e-01 -8.97796500e-02 
 7.37350000e-09  7.37350000e-09  0.00000000e+00  3.70321804e-01 -9.35865073e-02 
 7.37450000e-09  7.37450000e-09  0.00000000e+00  4.26741957e-01 -9.79002283e-02 
 7.37550000e-09  7.37550000e-09  0.00000000e+00  4.88845676e-01 -1.00937906e-01 
 7.37650000e-09  7.37650000e-09  0.00000000e+00  5.55568594e-01 -1.03762423e-01 
 7.37750000e-09  7.37750000e-09  0.00000000e+00  6.26584865e-01 -1.06473529e-01 
 7.37850000e-09  7.37850000e-09  0.00000000e+00  7.01585262e-01 -1.08950867e-01 
 7.37950000e-09  7.37950000e-09  0.00000000e+00  7.80273373e-01 -1.11331694e-01 
 7.38050000e-09  7.38050000e-09  0.00000000e+00  8.62362760e-01 -1.13491694e-01 
 7.38150000e-09  7.38150000e-09  0.00000000e+00  9.47576748e-01 -1.15542319e-01 
 7.38250000e-09  7.38250000e-09  0.00000000e+00  1.03566074e+00 -1.17368187e-01 
 7.38350000e-09  7.38350000e-09  0.00000000e+00  1.12438735e+00 -1.16066032e-01 
 7.38450000e-09  7.38450000e-09  0.00000000e+00  1.21140633e+00 -1.14115027e-01 
 7.38550000e-09  7.38550000e-09  0.00000000e+00  1.29609547e+00 -1.11454937e-01 
 7.38650000e-09  7.38650000e-09  0.00000000e+00  1.37797585e+00 -1.08428302e-01 
 7.38750000e-09  7.38750000e-09  0.00000000e+00  1.45667817e+00 -1.04907093e-01 
 7.38850000e-09  7.38850000e-09  0.00000000e+00  1.53192483e+00 -1.01201507e-01 
 7.38950000e-09  7.38950000e-09  0.00000000e+00  1.60351473e+00 -9.71559655e-02 
 7.39050000e-09  7.39050000e-09  0.00000000e+00  1.67132891e+00 -9.30845266e-02 
 7.39150000e-09  7.39150000e-09  0.00000000e+00  1.73530958e+00 -8.88028356e-02 
 7.39250000e-09  7.39250000e-09  0.00000000e+00  1.79545509e+00 -8.46157455e-02 
 7.39350000e-09  7.39350000e-09  0.00000000e+00  1.85180530e+00 -8.03113241e-02 
 7.39450000e-09  7.39450000e-09  0.00000000e+00  1.90443699e+00 -7.61848715e-02 
 7.39550000e-09  7.39550000e-09  0.00000000e+00  1.95345362e+00 -7.20067988e-02 
 7.39650000e-09  7.39650000e-09  0.00000000e+00  1.99897992e+00 -6.80619340e-02 
 7.39750000e-09  7.39750000e-09  0.00000000e+00  2.04115640e+00 -6.41102582e-02 
 7.39850000e-09  7.39850000e-09  0.00000000e+00  2.08013484e+00 -6.04274554e-02 
 7.39950000e-09  7.39950000e-09  0.00000000e+00  2.11607436e+00 -5.67655089e-02 
 7.40050000e-09  7.40050000e-09  0.00000000e+00  2.14913830e+00 -5.33931261e-02 
 7.40150000e-09  7.40150000e-09  0.00000000e+00  2.17949152e+00 -5.00562237e-02 
 7.40250000e-09  7.40250000e-09  0.00000000e+00  2.20729814e+00 -4.70227475e-02 
 7.40350000e-09  7.40350000e-09  0.00000000e+00  2.23272538e+00 -4.40301218e-02 
 7.40450000e-09  7.40450000e-09  0.00000000e+00  2.25594334e+00 -4.13331248e-02 
 7.40550000e-09  7.40550000e-09  0.00000000e+00  2.27711784e+00 -3.86681090e-02 
 7.40650000e-09  7.40650000e-09  0.00000000e+00  2.29640781e+00 -3.62900507e-02 
 7.40750000e-09  7.40750000e-09  0.00000000e+00  2.31396462e+00 -3.39333357e-02 
 7.40850000e-09  7.40850000e-09  0.00000000e+00  2.32993152e+00 -3.18514566e-02 
 7.40950000e-09  7.40950000e-09  0.00000000e+00  2.34444335e+00 -2.97777364e-02 
 7.41050000e-09  7.41050000e-09  0.00000000e+00  2.35762638e+00 -2.79649672e-02 
 7.41150000e-09  7.41150000e-09  0.00000000e+00  2.36959833e+00 -2.61460798e-02 
 7.41250000e-09  7.41250000e-09  0.00000000e+00  2.38046846e+00 -2.45737333e-02 
 7.41350000e-09  7.41350000e-09  0.00000000e+00  2.39033779e+00 -2.29809392e-02 
 7.41450000e-09  7.41450000e-09  0.00000000e+00  2.39929937e+00 -2.16206103e-02 
 7.41550000e-09  7.41550000e-09  0.00000000e+00  2.40743863e+00 -2.02261484e-02 
 7.41650000e-09  7.41650000e-09  0.00000000e+00  2.41483375e+00 -1.90509617e-02 
 7.41750000e-09  7.41750000e-09  0.00000000e+00  2.42155611e+00 -1.78290240e-02 
 7.41850000e-09  7.41850000e-09  0.00000000e+00  2.42767065e+00 -1.68143687e-02 
 7.41950000e-09  7.41950000e-09  0.00000000e+00  2.43323636e+00 -1.57416279e-02 
 7.42050000e-09  7.42050000e-09  0.00000000e+00  2.43830670e+00 -1.48655091e-02 
 7.42150000e-09  7.42150000e-09  0.00000000e+00  2.44293001e+00 -1.39213209e-02 
 7.42250000e-09  7.42250000e-09  0.00000000e+00  2.44714992e+00 -1.31644384e-02 
 7.42350000e-09  7.42350000e-09  0.00000000e+00  2.45100578e+00 -1.23308206e-02 
 7.42450000e-09  7.42450000e-09  0.00000000e+00  2.45453584e+00 -1.16774794e-02 
 7.42550000e-09  7.42550000e-09  0.00000000e+00  2.45776865e+00 -1.09373129e-02 
 7.42650000e-09  7.42650000e-09  0.00000000e+00  2.46073228e+00 -1.03718323e-02 
 7.42750000e-09  7.42750000e-09  0.00000000e+00  2.46345316e+00 -9.71423254e-03 
 7.42850000e-09  7.42850000e-09  0.00000000e+00  2.46595391e+00 -9.22455181e-03 
 7.42950000e-09  7.42950000e-09  0.00000000e+00  2.46825732e+00 -8.63819527e-03 
 7.43050000e-09  7.43050000e-09  0.00000000e+00  2.47038235e+00 -8.20082521e-03 
 7.43150000e-09  7.43150000e-09  0.00000000e+00  2.47234747e+00 -7.66892856e-03 
 7.43250000e-09  7.43250000e-09  0.00000000e+00  2.47416500e+00 -7.30232416e-03 
 7.43350000e-09  7.43350000e-09  0.00000000e+00  2.47584749e+00 -6.82476658e-03 
 7.43450000e-09  7.43450000e-09  0.00000000e+00  2.47740743e+00 -6.50205183e-03 
 7.43550000e-09  7.43550000e-09  0.00000000e+00  2.47885482e+00 -6.07265262e-03 
 7.43650000e-09  7.43650000e-09  0.00000000e+00  2.48019876e+00 -5.79499355e-03 
 7.43750000e-09  7.43750000e-09  0.00000000e+00  2.48144758e+00 -5.40774299e-03 
 7.43850000e-09  7.43850000e-09  0.00000000e+00  2.48260887e+00 -5.16952231e-03 
 7.43950000e-09  7.43950000e-09  0.00000000e+00  2.48368955e+00 -4.81918452e-03 
 7.44050000e-09  7.44050000e-09  0.00000000e+00  2.48469595e+00 -4.61552374e-03 
 7.44150000e-09  7.44150000e-09  0.00000000e+00  2.48563384e+00 -4.29755426e-03 
 7.44250000e-09  7.44250000e-09  0.00000000e+00  2.48650849e+00 -4.12422053e-03 
 7.44350000e-09  7.44350000e-09  0.00000000e+00  2.48732472e+00 -3.83467668e-03 
 7.44450000e-09  7.44450000e-09  0.00000000e+00  2.48808693e+00 -3.68799716e-03 
 7.44550000e-09  7.44550000e-09  0.00000000e+00  2.48879916e+00 -3.42345681e-03 
 7.44650000e-09  7.44650000e-09  0.00000000e+00  2.48946509e+00 -3.30024208e-03 
 7.44750000e-09  7.44750000e-09  0.00000000e+00  2.49008811e+00 -3.05773169e-03 
 7.44850000e-09  7.44850000e-09  0.00000000e+00  2.49067131e+00 -2.95520838e-03 
 7.44950000e-09  7.44950000e-09  0.00000000e+00  2.49121755e+00 -2.73214016e-03 
 7.45050000e-09  7.45050000e-09  0.00000000e+00  2.49172943e+00 -2.64789254e-03 
 7.45150000e-09  7.45150000e-09  0.00000000e+00  2.49220936e+00 -2.44201025e-03 
 7.45250000e-09  7.45250000e-09  0.00000000e+00  2.49265956e+00 -2.37392994e-03 
 7.45350000e-09  7.45350000e-09  0.00000000e+00  2.49308206e+00 -2.18326234e-03 
 7.45450000e-09  7.45450000e-09  0.00000000e+00  2.49347874e+00 -2.12950535e-03 
 7.45550000e-09  7.45550000e-09  0.00000000e+00  2.49385133e+00 -1.95232654e-03 
 7.45650000e-09  7.45650000e-09  0.00000000e+00  2.49420145e+00 -1.91127662e-03 
 7.45750000e-09  7.45750000e-09  0.00000000e+00  2.49453055e+00 -1.74607225e-03 
 7.45850000e-09  7.45850000e-09  0.00000000e+00  2.49484003e+00 -1.71630978e-03 
 7.45950000e-09  7.45950000e-09  0.00000000e+00  2.49513115e+00 -1.56174835e-03 
 7.46050000e-09  7.46050000e-09  0.00000000e+00  2.49540508e+00 -1.54202384e-03 
 7.46150000e-09  7.46150000e-09  0.00000000e+00  2.49566292e+00 -1.39693224e-03 
 7.46250000e-09  7.46250000e-09  0.00000000e+00  2.49590569e+00 -1.38614379e-03 
 7.46350000e-09  7.46350000e-09  0.00000000e+00  2.49613433e+00 -1.24948654e-03 
 7.46450000e-09  7.46450000e-09  0.00000000e+00  2.49634971e+00 -1.24666067e-03 
 7.46550000e-09  7.46550000e-09  0.00000000e+00  2.49655266e+00 -1.11752217e-03 
 7.46650000e-09  7.46650000e-09  0.00000000e+00  2.49674394e+00 -1.12179737e-03 
 7.46750000e-09  7.46750000e-09  0.00000000e+00  2.49692426e+00 -9.99366717e-04 
 7.46850000e-09  7.46850000e-09  0.00000000e+00  2.49709428e+00 -1.00997943e-03 
 7.46950000e-09  7.46950000e-09  0.00000000e+00  2.49725461e+00 -8.93537404e-04 
 7.47050000e-09  7.47050000e-09  0.00000000e+00  2.49740585e+00 -9.09809945e-04 
 7.47150000e-09  7.47150000e-09  0.00000000e+00  2.49754853e+00 -7.98717800e-04 
 7.47250000e-09  7.47250000e-09  0.00000000e+00  2.49768316e+00 -8.20047951e-04 
 7.47350000e-09  7.47350000e-09  0.00000000e+00  2.49781022e+00 -7.13737743e-04 
 7.47450000e-09  7.47450000e-09  0.00000000e+00  2.49793013e+00 -7.39589749e-04 
 7.47550000e-09  7.47550000e-09  0.00000000e+00  2.49804334e+00 -6.37555961e-04 
 7.47650000e-09  7.47650000e-09  0.00000000e+00  2.49815021e+00 -6.67452723e-04 
 7.47750000e-09  7.47750000e-09  0.00000000e+00  2.49825113e+00 -5.69244979e-04 
 7.47850000e-09  7.47850000e-09  0.00000000e+00  2.49834643e+00 -6.02761258e-04 
 7.47950000e-09  7.47950000e-09  0.00000000e+00  2.49843643e+00 -5.07977977e-04 
 7.48050000e-09  7.48050000e-09  0.00000000e+00  2.49852145e+00 -5.44734463e-04 
 7.48150000e-09  7.48150000e-09  0.00000000e+00  2.49860176e+00 -4.53017305e-04 
 7.48250000e-09  7.48250000e-09  0.00000000e+00  2.49867763e+00 -4.92675418e-04 
 7.48350000e-09  7.48350000e-09  0.00000000e+00  2.49874931e+00 -4.03704425e-04 
 7.48450000e-09  7.48450000e-09  0.00000000e+00  2.49881705e+00 -4.45961759e-04 
 7.48550000e-09  7.48550000e-09  0.00000000e+00  2.49888106e+00 -3.59451076e-04 
 7.48650000e-09  7.48650000e-09  0.00000000e+00  2.49894156e+00 -4.04037385e-04 
 7.48750000e-09  7.48750000e-09  0.00000000e+00  2.49899873e+00 -3.19731493e-04 
 7.48850000e-09  7.48850000e-09  0.00000000e+00  2.49905278e+00 -3.66405157e-04 
 7.48950000e-09  7.48950000e-09  0.00000000e+00  2.49910386e+00 -2.84075552e-04 
 7.49050000e-09  7.49050000e-09  0.00000000e+00  2.49915216e+00 -3.32620449e-04 
 7.49150000e-09  7.49150000e-09  0.00000000e+00  2.49919782e+00 -2.52062702e-04 
 7.49250000e-09  7.49250000e-09  0.00000000e+00  2.49924098e+00 -3.02285445e-04 
 7.49350000e-09  7.49350000e-09  0.00000000e+00  2.49928180e+00 -2.23316598e-04 
 7.49450000e-09  7.49450000e-09  0.00000000e+00  2.49932040e+00 -2.75044083e-04 
 7.49550000e-09  7.49550000e-09  0.00000000e+00  2.49935689e+00 -1.97500342e-04 
 7.49650000e-09  7.49650000e-09  0.00000000e+00  2.49939140e+00 -2.50577571e-04 
 7.49750000e-09  7.49750000e-09  0.00000000e+00  2.49942405e+00 -1.74312254e-04 
 7.49850000e-09  7.49850000e-09  0.00000000e+00  2.49945492e+00 -2.28600406e-04 
 7.49950000e-09  7.49950000e-09  0.00000000e+00  2.49948411e+00 -1.53482121e-04 
 7.50050000e-09  7.50050000e-09  0.00000000e+00  2.49951173e+00 -2.08856827e-04 
 7.50150000e-09  7.50150000e-09  0.00000000e+00  2.49953785e+00 -1.34767849e-04 
 7.50250000e-09  7.50250000e-09  0.00000000e+00  2.49956256e+00 -1.91117667e-04 
 7.50350000e-09  7.50350000e-09  0.00000000e+00  2.49958594e+00 -1.17952492e-04 
 7.50450000e-09  7.50450000e-09  0.00000000e+00  2.49960806e+00 -1.75177536e-04 
 7.50550000e-09  7.50550000e-09  0.00000000e+00  2.49962898e+00 -1.02841594e-04 
 7.50650000e-09  7.50650000e-09  0.00000000e+00  2.49964877e+00 -1.60852323e-04 
 7.50750000e-09  7.50750000e-09  0.00000000e+00  2.49966750e+00 -8.92608285e-05 
 7.50850000e-09  7.50850000e-09  0.00000000e+00  2.49968522e+00 -1.47976955e-04 
 7.50950000e-09  7.50950000e-09  0.00000000e+00  2.49970199e+00 -7.70538800e-05 
 7.51050000e-09  7.51050000e-09  0.00000000e+00  2.49971785e+00 -1.36403406e-04 
 7.51150000e-09  7.51150000e-09  0.00000000e+00  2.49973287e+00 -6.60805639e-05 
 7.51250000e-09  7.51250000e-09  0.00000000e+00  2.49974707e+00 -1.25998911e-04 
 7.51350000e-09  7.51350000e-09  0.00000000e+00  2.49976052e+00 -5.62151393e-05 
 7.51450000e-09  7.51450000e-09  0.00000000e+00  2.49977324e+00 -1.16644377e-04 
 7.51550000e-09  7.51550000e-09  0.00000000e+00  2.49978529e+00 -4.73448036e-05 
 7.51650000e-09  7.51650000e-09  0.00000000e+00  2.49979668e+00 -1.08232956e-04 
 7.51750000e-09  7.51750000e-09  0.00000000e+00  2.49980747e+00 -3.93683466e-05 
 7.51850000e-09  7.51850000e-09  0.00000000e+00  2.49981768e+00 -1.00668775e-04 
 7.51950000e-09  7.51950000e-09  0.00000000e+00  2.49982734e+00 -3.21949460e-05 
 7.52050000e-09  7.52050000e-09  0.00000000e+00  2.49983649e+00 -9.38657923e-05 
 7.52150000e-09  7.52150000e-09  0.00000000e+00  2.49984515e+00 -2.57430901e-05 
 7.52250000e-09  7.52250000e-09  0.00000000e+00  2.49985335e+00 -8.77467851e-05 
 7.52350000e-09  7.52350000e-09  0.00000000e+00  2.49986110e+00 -1.99396140e-05 
 7.52450000e-09  7.52450000e-09  0.00000000e+00  2.49986845e+00 -8.22424317e-05 
 7.52550000e-09  7.52550000e-09  0.00000000e+00  2.49987540e+00 -1.47188362e-05 
 7.52650000e-09  7.52650000e-09  0.00000000e+00  2.49988199e+00 -7.72904975e-05 
 7.52750000e-09  7.52750000e-09  0.00000000e+00  2.49988822e+00 -1.00217858e-05 
 7.52850000e-09  7.52850000e-09  0.00000000e+00  2.49989412e+00 -7.28351025e-05 
 7.52950000e-09  7.52950000e-09  0.00000000e+00  2.49989971e+00 -5.79551055e-06 
 7.53050000e-09  7.53050000e-09  0.00000000e+00  2.49990500e+00 -6.88260673e-05 
 7.53150000e-09  7.53150000e-09  0.00000000e+00  2.49991000e+00 -1.99245705e-06 
 7.53250000e-09  7.53250000e-09  0.00000000e+00  2.49991475e+00 -6.52183257e-05 
 7.53350000e-09  7.53350000e-09  0.00000000e+00  2.49991924e+00  1.43008497e-06 
 7.53450000e-09  7.53450000e-09  0.00000000e+00  2.49992349e+00 -6.19713991e-05 
 7.53550000e-09  7.53550000e-09  0.00000000e+00  2.49992752e+00  4.51048012e-06 
 7.53650000e-09  7.53650000e-09  0.00000000e+00  2.49993133e+00 -5.90489254e-05 
 7.53750000e-09  7.53750000e-09  0.00000000e+00  2.49993494e+00  7.28319349e-06 
 7.53850000e-09  7.53850000e-09  0.00000000e+00  2.49993836e+00 -5.64182366e-05 
 7.53950000e-09  7.53950000e-09  0.00000000e+00  2.49994160e+00  9.77919038e-06 
 7.54050000e-09  7.54050000e-09  0.00000000e+00  2.49994467e+00 -5.40499806e-05 
 7.54150000e-09  7.54150000e-09  0.00000000e+00  2.49994757e+00  1.20262948e-05 
 7.54250000e-09  7.54250000e-09  0.00000000e+00  2.49995032e+00 -5.19177813e-05 
 7.54350000e-09  7.54350000e-09  0.00000000e+00  2.49995293e+00  1.40495108e-05 
 7.54450000e-09  7.54450000e-09  0.00000000e+00  2.49995539e+00 -4.99979345e-05 
 7.54550000e-09  7.54550000e-09  0.00000000e+00  2.49995773e+00  1.58713108e-05 
 7.54650000e-09  7.54650000e-09  0.00000000e+00  2.49995995e+00 -4.82691351e-05 
 7.54750000e-09  7.54750000e-09  0.00000000e+00  2.49996204e+00  1.75118939e-05 
 7.54850000e-09  7.54850000e-09  0.00000000e+00  2.49996403e+00 -4.67122322e-05 
 7.54950000e-09  7.54950000e-09  0.00000000e+00  2.49996591e+00  1.89894176e-05 
 7.55050000e-09  7.55050000e-09  0.00000000e+00  2.49996770e+00 -4.53100094e-05 
 7.55150000e-09  7.55150000e-09  0.00000000e+00  2.49996938e+00  2.03202064e-05 
 7.55250000e-09  7.55250000e-09  0.00000000e+00  2.49997098e+00 -4.40469879e-05 
 7.55350000e-09  7.55350000e-09  0.00000000e+00  2.49997250e+00  2.15189377e-05 
 7.55450000e-09  7.55450000e-09  0.00000000e+00  2.49997394e+00 -4.29092495e-05 
 7.55550000e-09  7.55550000e-09  0.00000000e+00  2.49997530e+00  2.25988099e-05 
 7.55650000e-09  7.55650000e-09  0.00000000e+00  2.49997659e+00 -4.18842785e-05 
 7.55750000e-09  7.55750000e-09  0.00000000e+00  2.49997781e+00  2.35716919e-05 
 7.55850000e-09  7.55850000e-09  0.00000000e+00  2.49997896e+00 -4.09608185e-05 
 7.55950000e-09  7.55950000e-09  0.00000000e+00  2.49998006e+00  2.44482590e-05 
 7.56050000e-09  7.56050000e-09  0.00000000e+00  2.49998110e+00 -4.01287455e-05 
 7.56150000e-09  7.56150000e-09  0.00000000e+00  2.49998208e+00  2.52381132e-05 
 7.56250000e-09  7.56250000e-09  0.00000000e+00  2.49998302e+00 -3.93789523e-05 
 7.56350000e-09  7.56350000e-09  0.00000000e+00  2.49998390e+00  2.59498921e-05 
 7.56450000e-09  7.56450000e-09  0.00000000e+00  2.49998474e+00 -3.87032464e-05 
 7.56550000e-09  7.56550000e-09  0.00000000e+00  2.49998553e+00  2.65913666e-05 
 7.56650000e-09  7.56650000e-09  0.00000000e+00  2.49998628e+00 -3.80942565e-05 
 7.56750000e-09  7.56750000e-09  0.00000000e+00  2.49998700e+00  2.71695286e-05 
 7.56850000e-09  7.56850000e-09  0.00000000e+00  2.49998767e+00 -3.75453505e-05 
 7.56950000e-09  7.56950000e-09  0.00000000e+00  2.49998831e+00  2.76906696e-05 
 7.57050000e-09  7.57050000e-09  0.00000000e+00  2.49998892e+00 -3.70505601e-05 
 7.57150000e-09  7.57150000e-09  0.00000000e+00  2.49998949e+00  2.81604514e-05 
 7.57250000e-09  7.57250000e-09  0.00000000e+00  2.49999004e+00 -3.66045140e-05 
 7.57350000e-09  7.57350000e-09  0.00000000e+00  2.49999055e+00  2.85839695e-05 
 7.57450000e-09  7.57450000e-09  0.00000000e+00  2.49999104e+00 -3.62023781e-05 
 7.57550000e-09  7.57550000e-09  0.00000000e+00  2.49999151e+00  2.89658103e-05 
 7.57650000e-09  7.57650000e-09  0.00000000e+00  2.49999195e+00 -3.58398009e-05 
 7.57750000e-09  7.57750000e-09  0.00000000e+00  2.49999236e+00  2.93101025e-05 
 7.57850000e-09  7.57850000e-09  0.00000000e+00  2.49999276e+00 -3.55128653e-05 
 7.57950000e-09  7.57950000e-09  0.00000000e+00  2.49999313e+00  2.96205626e-05 
 7.58050000e-09  7.58050000e-09  0.00000000e+00  2.49999349e+00 -3.52180446e-05 
 7.58150000e-09  7.58150000e-09  0.00000000e+00  2.49999382e+00  2.99005371e-05 
 7.58250000e-09  7.58250000e-09  0.00000000e+00  2.49999414e+00 -3.49521637e-05 
 7.58350000e-09  7.58350000e-09  0.00000000e+00  2.49999445e+00  3.01530388e-05 
 7.58450000e-09  7.58450000e-09  0.00000000e+00  2.49999473e+00 -3.47123634e-05 
 7.58550000e-09  7.58550000e-09  0.00000000e+00  2.49999500e+00  3.03807809e-05 
 7.58650000e-09  7.58650000e-09  0.00000000e+00  2.49999526e+00 -3.44960690e-05 
 7.58750000e-09  7.58750000e-09  0.00000000e+00  2.49999551e+00  3.05862068e-05 
 7.58850000e-09  7.58850000e-09  0.00000000e+00  2.49999574e+00 -3.43009617e-05 
 7.58950000e-09  7.58950000e-09  0.00000000e+00  2.49999596e+00  3.07715172e-05 
 7.59050000e-09  7.59050000e-09  0.00000000e+00  2.49999617e+00 -3.41249530e-05 
 7.59150000e-09  7.59150000e-09  0.00000000e+00  2.49999636e+00  3.09386942e-05 
 7.59250000e-09  7.59250000e-09  0.00000000e+00  2.49999655e+00 -3.39661616e-05 
 7.59350000e-09  7.59350000e-09  0.00000000e+00  2.49999673e+00  3.10895234e-05 
 7.59450000e-09  7.59450000e-09  0.00000000e+00  2.49999690e+00 -3.38228928e-05 
 7.59550000e-09  7.59550000e-09  0.00000000e+00  2.49999706e+00  3.12256133e-05 
 7.59650000e-09  7.59650000e-09  0.00000000e+00  2.49999721e+00 -3.36936197e-05 
 7.59750000e-09  7.59750000e-09  0.00000000e+00  2.49999735e+00  3.13484132e-05 
 7.59850000e-09  7.59850000e-09  0.00000000e+00  2.49999749e+00 -3.35769668e-05 
 7.59950000e-09  7.59950000e-09  0.00000000e+00  2.49999762e+00  3.14592288e-05 
 7.60050000e-09  7.60050000e-09  0.00000000e+00  2.49999774e+00 -3.34716945e-05 
 7.60150000e-09  7.60150000e-09  0.00000000e+00  2.49999785e+00  3.15592369e-05 
 7.60250000e-09  7.60250000e-09  0.00000000e+00  2.49999796e+00 -3.33766858e-05 
 7.60350000e-09  7.60350000e-09  0.00000000e+00  2.49999807e+00  3.16494978e-05 
 7.60450000e-09  7.60450000e-09  0.00000000e+00  2.49999817e+00 -3.32909339e-05 
 7.60550000e-09  7.60550000e-09  0.00000000e+00  2.49999826e+00  3.17309672e-05 
 7.60650000e-09  7.60650000e-09  0.00000000e+00  2.49999835e+00 -3.32135317e-05 
 7.60750000e-09  7.60750000e-09  0.00000000e+00  2.49999843e+00  3.18045066e-05 
 7.60850000e-09  7.60850000e-09  0.00000000e+00  2.49999851e+00 -3.31436613e-05 
 7.60950000e-09  7.60950000e-09  0.00000000e+00  2.49999859e+00  3.18708923e-05 
 7.61050000e-09  7.61050000e-09  0.00000000e+00  2.49999866e+00 -3.30805854e-05 
 7.61150000e-09  7.61150000e-09  0.00000000e+00  2.49999873e+00  3.19308243e-05 
 7.61250000e-09  7.61250000e-09  0.00000000e+00  2.49999880e+00 -3.30236395e-05 
 7.61350000e-09  7.61350000e-09  0.00000000e+00  2.49999886e+00  3.19849337e-05 
 7.61450000e-09  7.61450000e-09  0.00000000e+00  2.49999892e+00 -3.29722245e-05 
 7.61550000e-09  7.61550000e-09  0.00000000e+00  2.49999897e+00  3.20337894e-05 
 7.61650000e-09  7.61650000e-09  0.00000000e+00  2.49999902e+00 -3.29257999e-05 
 7.61750000e-09  7.61750000e-09  0.00000000e+00  2.49999907e+00  3.20779045e-05 
 7.61850000e-09  7.61850000e-09  0.00000000e+00  2.49999912e+00 -3.28838787e-05 
 7.61950000e-09  7.61950000e-09  0.00000000e+00  2.49999917e+00  3.21177415e-05 
 7.62050000e-09  7.62050000e-09  0.00000000e+00  2.49999921e+00 -3.28460216e-05 
 7.62150000e-09  7.62150000e-09  0.00000000e+00  2.49999925e+00  3.21537177e-05 
 7.62250000e-09  7.62250000e-09  0.00000000e+00  2.49999929e+00 -3.28118324e-05 
 7.62350000e-09  7.62350000e-09  0.00000000e+00  2.49999932e+00  3.21862093e-05 
 7.62450000e-09  7.62450000e-09  0.00000000e+00  2.49999936e+00 -3.27809536e-05 
 7.62550000e-09  7.62550000e-09  0.00000000e+00  2.49999939e+00  3.22155557e-05 
 7.62650000e-09  7.62650000e-09  0.00000000e+00  2.49999942e+00 -3.27530631e-05 
 7.62750000e-09  7.62750000e-09  0.00000000e+00  2.49999945e+00  3.22420631e-05 
 7.62850000e-09  7.62850000e-09  0.00000000e+00  2.49999948e+00 -3.27278700e-05 
 7.62950000e-09  7.62950000e-09  0.00000000e+00  2.49999950e+00  3.22660075e-05 
 7.63050000e-09  7.63050000e-09  0.00000000e+00  2.49999953e+00 -3.27051120e-05 
 7.63150000e-09  7.63150000e-09  0.00000000e+00  2.49999955e+00  3.22876382e-05 
 7.63250000e-09  7.63250000e-09  0.00000000e+00  2.49999958e+00 -3.26845525e-05 
 7.63350000e-09  7.63350000e-09  0.00000000e+00  2.49999960e+00  3.23071799e-05 
 7.63450000e-09  7.63450000e-09  0.00000000e+00  2.49999962e+00 -3.26659779e-05 
 7.63550000e-09  7.63550000e-09  0.00000000e+00  2.49999964e+00  3.23248354e-05 
 7.63650000e-09  7.63650000e-09  0.00000000e+00  2.49999966e+00 -3.26491957e-05 
 7.63750000e-09  7.63750000e-09  0.00000000e+00  2.49999967e+00  3.23407877e-05 
 7.63850000e-09  7.63850000e-09  0.00000000e+00  2.49999969e+00 -3.26340319e-05 
 7.63950000e-09  7.63950000e-09  0.00000000e+00  2.49999971e+00  3.23552021e-05 
 7.64050000e-09  7.64050000e-09  0.00000000e+00  2.49999972e+00 -3.26203297e-05 
 7.64150000e-09  7.64150000e-09  0.00000000e+00  2.49999973e+00  3.23682276e-05 
 7.64250000e-09  7.64250000e-09  0.00000000e+00  2.49999975e+00 -3.26079475e-05 
 7.64350000e-09  7.64350000e-09  0.00000000e+00  2.49999976e+00  3.23799986e-05 
 7.64450000e-09  7.64450000e-09  0.00000000e+00  2.49999977e+00 -3.25967574e-05 
 7.64550000e-09  7.64550000e-09  0.00000000e+00  2.49999978e+00  3.23906366e-05 
 7.64650000e-09  7.64650000e-09  0.00000000e+00  2.49999980e+00 -3.25866441e-05 
 7.64750000e-09  7.64750000e-09  0.00000000e+00  2.49999981e+00  3.24002512e-05 
 7.64850000e-09  7.64850000e-09  0.00000000e+00  2.49999982e+00 -3.25775034e-05 
 7.64950000e-09  7.64950000e-09  0.00000000e+00  2.49999982e+00  3.24089414e-05 
 7.65050000e-09  7.65050000e-09  0.00000000e+00  2.49999983e+00 -3.25692414e-05 
 7.65150000e-09  7.65150000e-09  0.00000000e+00  2.49999984e+00  3.24167964e-05 
 7.65250000e-09  7.65250000e-09  0.00000000e+00  2.49999985e+00 -3.25617731e-05 
 7.65350000e-09  7.65350000e-09  0.00000000e+00  2.49999986e+00  3.24238970e-05 
 7.65450000e-09  7.65450000e-09  0.00000000e+00  2.49999986e+00 -3.25550220e-05 
 7.65550000e-09  7.65550000e-09  0.00000000e+00  2.49999987e+00  3.24303160e-05 
 7.65650000e-09  7.65650000e-09  0.00000000e+00  2.49999988e+00 -3.25489188e-05 
 7.65750000e-09  7.65750000e-09  0.00000000e+00  2.49999988e+00  3.24361190e-05 
 7.65850000e-09  7.65850000e-09  0.00000000e+00  2.49999989e+00 -3.25434011e-05 
 7.65950000e-09  7.65950000e-09  0.00000000e+00  2.49999990e+00  3.24413656e-05 
 7.66050000e-09  7.66050000e-09  0.00000000e+00  2.49999990e+00 -3.25384123e-05 
 7.66150000e-09  7.66150000e-09  0.00000000e+00  2.49999991e+00  3.24461092e-05 
 7.66250000e-09  7.66250000e-09  0.00000000e+00  2.49999991e+00 -3.25339017e-05 
 7.66350000e-09  7.66350000e-09  0.00000000e+00  2.49999991e+00  3.24503984e-05 
 7.66450000e-09  7.66450000e-09  0.00000000e+00  2.49999992e+00 -3.25298230e-05 
 7.66550000e-09  7.66550000e-09  0.00000000e+00  2.49999992e+00  3.24542769e-05 
 7.66650000e-09  7.66650000e-09  0.00000000e+00  2.49999993e+00 -3.25261349e-05 
 7.66750000e-09  7.66750000e-09  0.00000000e+00  2.49999993e+00  3.24577841e-05 
 7.66850000e-09  7.66850000e-09  0.00000000e+00  2.49999993e+00 -3.25227996e-05 
 7.66950000e-09  7.66950000e-09  0.00000000e+00  2.49999994e+00  3.24609559e-05 
 7.67050000e-09  7.67050000e-09  0.00000000e+00  2.49999994e+00 -3.25197833e-05 
 7.67150000e-09  7.67150000e-09  0.00000000e+00  2.49999994e+00  3.24638243e-05 
 7.67250000e-09  7.67250000e-09  0.00000000e+00  2.49999995e+00 -3.25170554e-05 
 7.67350000e-09  7.67350000e-09  0.00000000e+00  2.49999995e+00  3.24664187e-05 
 7.67450000e-09  7.67450000e-09  0.00000000e+00  2.49999995e+00 -3.25145881e-05 
 7.67550000e-09  7.67550000e-09  0.00000000e+00  2.49999995e+00  3.24687651e-05 
 7.67650000e-09  7.67650000e-09  0.00000000e+00  2.49999996e+00 -3.25123565e-05 
 7.67750000e-09  7.67750000e-09  0.00000000e+00  2.49999996e+00  3.24708876e-05 
 7.67850000e-09  7.67850000e-09  0.00000000e+00  2.49999996e+00 -3.25103378e-05 
 7.67950000e-09  7.67950000e-09  0.00000000e+00  2.49999996e+00  3.24728075e-05 
 7.68050000e-09  7.68050000e-09  0.00000000e+00  2.49999996e+00 -3.25085118e-05 
 7.68150000e-09  7.68150000e-09  0.00000000e+00  2.49999997e+00  3.24745442e-05 
 7.68250000e-09  7.68250000e-09  0.00000000e+00  2.49999997e+00 -3.25068600e-05 
 7.68350000e-09  7.68350000e-09  0.00000000e+00  2.49999997e+00  3.24761154e-05 
 7.68450000e-09  7.68450000e-09  0.00000000e+00  2.49999997e+00 -3.25053656e-05 
 7.68550000e-09  7.68550000e-09  0.00000000e+00  2.49999997e+00  3.24775367e-05 
 7.68650000e-09  7.68650000e-09  0.00000000e+00  2.49999997e+00 -3.25040136e-05 
 7.68750000e-09  7.68750000e-09  0.00000000e+00  2.49999998e+00  3.24788227e-05 
 7.68850000e-09  7.68850000e-09  0.00000000e+00  2.49999998e+00 -3.25027904e-05 
 7.68950000e-09  7.68950000e-09  0.00000000e+00  2.49999998e+00  3.24799863e-05 
 7.69050000e-09  7.69050000e-09  0.00000000e+00  2.49999998e+00 -3.25016836e-05 
 7.69150000e-09  7.69150000e-09  0.00000000e+00  2.49999998e+00  3.24810390e-05 
 7.69250000e-09  7.69250000e-09  0.00000000e+00  2.49999998e+00 -3.25006822e-05 
 7.69350000e-09  7.69350000e-09  0.00000000e+00  2.49999998e+00  3.24819916e-05 
 7.69450000e-09  7.69450000e-09  0.00000000e+00  2.49999998e+00 -3.24997760e-05 
 7.69550000e-09  7.69550000e-09  0.00000000e+00  2.49999998e+00  3.24828537e-05 
 7.69650000e-09  7.69650000e-09  0.00000000e+00  2.49999998e+00 -3.24989560e-05 
 7.69750000e-09  7.69750000e-09  0.00000000e+00  2.49999999e+00  3.24836337e-05 
 7.69850000e-09  7.69850000e-09  0.00000000e+00  2.49999999e+00 -3.24982139e-05 
 7.69950000e-09  7.69950000e-09  0.00000000e+00  2.49999999e+00  3.24843397e-05 
 7.70050000e-09  7.70050000e-09  0.00000000e+00  2.49999999e+00 -3.24975424e-05 
 7.70150000e-09  7.70150000e-09  0.00000000e+00  2.49999999e+00  3.24849786e-05 
 7.70250000e-09  7.70250000e-09  0.00000000e+00  2.49999999e+00 -3.24969346e-05 
 7.70350000e-09  7.70350000e-09  0.00000000e+00  2.49999999e+00  3.24855568e-05 
 7.70450000e-09  7.70450000e-09  0.00000000e+00  2.49999999e+00 -3.24963844e-05 
 7.70550000e-09  7.70550000e-09  0.00000000e+00  2.49999999e+00  3.24860801e-05 
 7.70650000e-09  7.70650000e-09  0.00000000e+00  2.49999999e+00 -3.24958865e-05 
 7.70750000e-09  7.70750000e-09  0.00000000e+00  2.49999999e+00  3.24865539e-05 
 7.70850000e-09  7.70850000e-09  0.00000000e+00  2.49999999e+00 -3.24954359e-05 
 7.70950000e-09  7.70950000e-09  0.00000000e+00  2.49999999e+00  3.24869826e-05 
 7.71050000e-09  7.71050000e-09  0.00000000e+00  2.49999999e+00 -3.24950279e-05 
 7.71150000e-09  7.71150000e-09  0.00000000e+00  2.49999999e+00  3.24873708e-05 
 7.71250000e-09  7.71250000e-09  0.00000000e+00  2.49999999e+00 -3.24946586e-05 
 7.71350000e-09  7.71350000e-09  0.00000000e+00  2.49999999e+00  3.24877221e-05 
 7.71450000e-09  7.71450000e-09  0.00000000e+00  2.49999999e+00 -3.24943243e-05 
 7.71550000e-09  7.71550000e-09  0.00000000e+00  2.49999999e+00  3.24880402e-05 
 7.71650000e-09  7.71650000e-09  0.00000000e+00  2.49999999e+00 -3.24940217e-05 
 7.71750000e-09  7.71750000e-09  0.00000000e+00  2.49999999e+00  3.24883282e-05 
 7.71850000e-09  7.71850000e-09  0.00000000e+00  2.49999999e+00 -3.24937477e-05 
 7.71950000e-09  7.71950000e-09  0.00000000e+00  2.50000000e+00  3.24885889e-05 
 7.72050000e-09  7.72050000e-09  0.00000000e+00  2.50000000e+00 -3.24934996e-05 
 7.72150000e-09  7.72150000e-09  0.00000000e+00  2.50000000e+00  3.24888249e-05 
 7.72250000e-09  7.72250000e-09  0.00000000e+00  2.50000000e+00 -3.24932750e-05 
 7.72350000e-09  7.72350000e-09  0.00000000e+00  2.50000000e+00  3.24890386e-05 
 7.72450000e-09  7.72450000e-09  0.00000000e+00  2.50000000e+00 -3.24930717e-05 
 7.72550000e-09  7.72550000e-09  0.00000000e+00  2.50000000e+00  3.24892321e-05 
 7.72650000e-09  7.72650000e-09  0.00000000e+00  2.50000000e+00 -3.24928875e-05 
 7.72750000e-09  7.72750000e-09  0.00000000e+00  2.50000000e+00  3.24894073e-05 
 7.72850000e-09  7.72850000e-09  0.00000000e+00  2.50000000e+00 -3.24927208e-05 
 7.72950000e-09  7.72950000e-09  0.00000000e+00  2.50000000e+00  3.24895660e-05 
 7.73050000e-09  7.73050000e-09  0.00000000e+00  2.50000000e+00 -3.24925698e-05 
 7.73150000e-09  7.73150000e-09  0.00000000e+00  2.50000000e+00  3.24897097e-05 
 7.73250000e-09  7.73250000e-09  0.00000000e+00  2.50000000e+00 -3.24924331e-05 
 7.73350000e-09  7.73350000e-09  0.00000000e+00  2.50000000e+00  3.24898398e-05 
 7.73450000e-09  7.73450000e-09  0.00000000e+00  2.50000000e+00 -3.24923093e-05 
 7.73550000e-09  7.73550000e-09  0.00000000e+00  2.50000000e+00  3.24899576e-05 
 7.73650000e-09  7.73650000e-09  0.00000000e+00  2.50000000e+00 -3.24921972e-05 
 7.73750000e-09  7.73750000e-09  0.00000000e+00  2.50000000e+00  3.24900643e-05 
 7.73850000e-09  7.73850000e-09  0.00000000e+00  2.50000000e+00 -3.24920956e-05 
 7.73950000e-09  7.73950000e-09  0.00000000e+00  2.50000000e+00  3.24901610e-05 
 7.74050000e-09  7.74050000e-09  0.00000000e+00  2.50000000e+00 -3.24920036e-05 
 7.74150000e-09  7.74150000e-09  0.00000000e+00  2.50000000e+00  3.24902485e-05 
 7.74250000e-09  7.74250000e-09  0.00000000e+00  2.50000000e+00 -3.24919203e-05 
 7.74350000e-09  7.74350000e-09  0.00000000e+00  2.50000000e+00  3.24903278e-05 
 7.74450000e-09  7.74450000e-09  0.00000000e+00  2.50000000e+00 -3.24918449e-05 
 7.74550000e-09  7.74550000e-09  0.00000000e+00  2.50000000e+00  3.24903996e-05 
 7.74650000e-09  7.74650000e-09  0.00000000e+00  2.50000000e+00 -3.24917765e-05 
 7.74750000e-09  7.74750000e-09  0.00000000e+00  2.50000000e+00  3.24904646e-05 
 7.74850000e-09  7.74850000e-09  0.00000000e+00  2.50000000e+00 -3.24917146e-05 
 7.74950000e-09  7.74950000e-09  0.00000000e+00  2.50000000e+00  3.24905236e-05 
 7.75050000e-09  7.75050000e-09  0.00000000e+00  2.50000000e+00 -3.24916585e-05 
 7.75150000e-09  7.75150000e-09  0.00000000e+00  2.50000000e+00  3.24905769e-05 
 7.75250000e-09  7.75250000e-09  0.00000000e+00  2.50000000e+00 -3.24916077e-05 
 7.75350000e-09  7.75350000e-09  0.00000000e+00  2.50000000e+00  3.24906253e-05 
 7.75450000e-09  7.75450000e-09  0.00000000e+00  2.50000000e+00 -3.24915617e-05 
 7.75550000e-09  7.75550000e-09  0.00000000e+00  2.50000000e+00  3.24906691e-05 
 7.75650000e-09  7.75650000e-09  0.00000000e+00  2.50000000e+00 -3.24915200e-05 
 7.75750000e-09  7.75750000e-09  0.00000000e+00  2.50000000e+00  3.24907088e-05 
 7.75850000e-09  7.75850000e-09  0.00000000e+00  2.50000000e+00 -3.24914822e-05 
 7.75950000e-09  7.75950000e-09  0.00000000e+00  2.50000000e+00  3.24907447e-05 
 7.76050000e-09  7.76050000e-09  0.00000000e+00  2.50000000e+00 -3.24914480e-05 
 7.76150000e-09  7.76150000e-09  0.00000000e+00  2.50000000e+00  3.24907773e-05 
 7.76250000e-09  7.76250000e-09  0.00000000e+00  2.50000000e+00 -3.24914170e-05 
 7.76350000e-09  7.76350000e-09  0.00000000e+00  2.50000000e+00  3.24908068e-05 
 7.76450000e-09  7.76450000e-09  0.00000000e+00  2.50000000e+00 -3.24913889e-05 
 7.76550000e-09  7.76550000e-09  0.00000000e+00  2.50000000e+00  3.24908335e-05 
 7.76650000e-09  7.76650000e-09  0.00000000e+00  2.50000000e+00 -3.24913635e-05 
 7.76750000e-09  7.76750000e-09  0.00000000e+00  2.50000000e+00  3.24908578e-05 
 7.76850000e-09  7.76850000e-09  0.00000000e+00  2.50000000e+00 -3.24913404e-05 
 7.76950000e-09  7.76950000e-09  0.00000000e+00  2.50000000e+00  3.24908797e-05 
 7.77050000e-09  7.77050000e-09  0.00000000e+00  2.50000000e+00 -3.24913195e-05 
 7.77150000e-09  7.77150000e-09  0.00000000e+00  2.50000000e+00  3.24908996e-05 
 7.77250000e-09  7.77250000e-09  0.00000000e+00  2.50000000e+00 -3.24913006e-05 
 7.77350000e-09  7.77350000e-09  0.00000000e+00  2.50000000e+00  3.24909176e-05 
 7.77450000e-09  7.77450000e-09  0.00000000e+00  2.50000000e+00 -3.24912834e-05 
 7.77550000e-09  7.77550000e-09  0.00000000e+00  2.50000000e+00  3.24909340e-05 
 7.77650000e-09  7.77650000e-09  0.00000000e+00  2.50000000e+00 -3.24912679e-05 
 7.77750000e-09  7.77750000e-09  0.00000000e+00  2.50000000e+00  3.24909488e-05 
 7.77850000e-09  7.77850000e-09  0.00000000e+00  2.50000000e+00 -3.24912538e-05 
 7.77950000e-09  7.77950000e-09  0.00000000e+00  2.50000000e+00  3.24909622e-05 
 7.78050000e-09  7.78050000e-09  0.00000000e+00  2.50000000e+00 -3.24912410e-05 
 7.78150000e-09  7.78150000e-09  0.00000000e+00  2.50000000e+00  3.24909743e-05 
 7.78250000e-09  7.78250000e-09  0.00000000e+00  2.50000000e+00 -3.24912294e-05 
 7.78350000e-09  7.78350000e-09  0.00000000e+00  2.50000000e+00  3.24909854e-05 
 7.78450000e-09  7.78450000e-09  0.00000000e+00  2.50000000e+00 -3.24912190e-05 
 7.78550000e-09  7.78550000e-09  0.00000000e+00  2.50000000e+00  3.24909953e-05 
 7.78650000e-09  7.78650000e-09  0.00000000e+00  2.50000000e+00 -3.24912095e-05 
 7.78750000e-09  7.78750000e-09  0.00000000e+00  2.50000000e+00  3.24910044e-05 
 7.78850000e-09  7.78850000e-09  0.00000000e+00  2.50000000e+00 -3.24912008e-05 
 7.78950000e-09  7.78950000e-09  0.00000000e+00  2.50000000e+00  3.24910126e-05 
 7.79050000e-09  7.79050000e-09  0.00000000e+00  2.50000000e+00 -3.24911930e-05 
 7.79150000e-09  7.79150000e-09  0.00000000e+00  2.50000000e+00  3.24910200e-05 
 7.79250000e-09  7.79250000e-09  0.00000000e+00  2.50000000e+00 -3.24911860e-05 
 7.79350000e-09  7.79350000e-09  0.00000000e+00  2.50000000e+00  3.24910268e-05 
 7.79450000e-09  7.79450000e-09  0.00000000e+00  2.50000000e+00 -3.24911795e-05 
 7.79550000e-09  7.79550000e-09  0.00000000e+00  2.50000000e+00  3.24910329e-05 
 7.79650000e-09  7.79650000e-09  0.00000000e+00  2.50000000e+00 -3.24911737e-05 
 7.79750000e-09  7.79750000e-09  0.00000000e+00  2.50000000e+00  3.24910384e-05 
 7.79850000e-09  7.79850000e-09  0.00000000e+00  2.50000000e+00 -3.24911685e-05 
 7.79950000e-09  7.79950000e-09  0.00000000e+00  2.50000000e+00  3.24910434e-05 
 7.80050000e-09  7.80050000e-09  0.00000000e+00  2.50000000e+00 -3.24911637e-05 
 7.80150000e-09  7.80150000e-09  0.00000000e+00  2.50000000e+00  3.24910480e-05 
 7.80250000e-09  7.80250000e-09  0.00000000e+00  2.50000000e+00 -3.24911593e-05 
 7.80350000e-09  7.80350000e-09  0.00000000e+00  2.50000000e+00  3.24910521e-05 
 7.80450000e-09  7.80450000e-09  0.00000000e+00  2.50000000e+00 -3.24911554e-05 
 7.80550000e-09  7.80550000e-09  0.00000000e+00  2.50000000e+00  3.24910558e-05 
 7.80650000e-09  7.80650000e-09  0.00000000e+00  2.50000000e+00 -3.24911519e-05 
 7.80750000e-09  7.80750000e-09  0.00000000e+00  2.50000000e+00  3.24910592e-05 
 7.80850000e-09  7.80850000e-09  0.00000000e+00  2.50000000e+00 -3.24911486e-05 
 7.80950000e-09  7.80950000e-09  0.00000000e+00  2.50000000e+00  3.24910623e-05 
 7.81050000e-09  7.81050000e-09  0.00000000e+00  2.50000000e+00 -3.24911457e-05 
 7.81150000e-09  7.81150000e-09  0.00000000e+00  2.50000000e+00  3.24910651e-05 
 7.81250000e-09  7.81250000e-09  0.00000000e+00  2.50000000e+00 -3.24911431e-05 
 7.81350000e-09  7.81350000e-09  0.00000000e+00  2.50000000e+00  3.24910676e-05 
 7.81450000e-09  7.81450000e-09  0.00000000e+00  2.50000000e+00 -3.24911407e-05 
 7.81550000e-09  7.81550000e-09  0.00000000e+00  2.50000000e+00  3.24910699e-05 
 7.81650000e-09  7.81650000e-09  0.00000000e+00  2.50000000e+00 -3.24911385e-05 
 7.81750000e-09  7.81750000e-09  0.00000000e+00  2.50000000e+00  3.24910720e-05 
 7.81850000e-09  7.81850000e-09  0.00000000e+00  2.50000000e+00 -3.24911365e-05 
 7.81950000e-09  7.81950000e-09  0.00000000e+00  2.50000000e+00  3.24910739e-05 
 7.82050000e-09  7.82050000e-09  0.00000000e+00  2.50000000e+00 -3.24911347e-05 
 7.82150000e-09  7.82150000e-09  0.00000000e+00  2.50000000e+00  3.24910756e-05 
 7.82250000e-09  7.82250000e-09  0.00000000e+00  2.50000000e+00 -3.24911331e-05 
 7.82350000e-09  7.82350000e-09  0.00000000e+00  2.50000000e+00  3.24910771e-05 
 7.82450000e-09  7.82450000e-09  0.00000000e+00  2.50000000e+00 -3.24911316e-05 
 7.82550000e-09  7.82550000e-09  0.00000000e+00  2.50000000e+00  3.24910785e-05 
 7.82650000e-09  7.82650000e-09  0.00000000e+00  2.50000000e+00 -3.24911303e-05 
 7.82750000e-09  7.82750000e-09  0.00000000e+00  2.50000000e+00  3.24910798e-05 
 7.82850000e-09  7.82850000e-09  0.00000000e+00  2.50000000e+00 -3.24911291e-05 
 7.82950000e-09  7.82950000e-09  0.00000000e+00  2.50000000e+00  3.24910809e-05 
 7.83050000e-09  7.83050000e-09  0.00000000e+00  2.50000000e+00 -3.24911280e-05 
 7.83150000e-09  7.83150000e-09  0.00000000e+00  2.50000000e+00  3.24910820e-05 
 7.83250000e-09  7.83250000e-09  0.00000000e+00  2.50000000e+00 -3.24911270e-05 
 7.83350000e-09  7.83350000e-09  0.00000000e+00  2.50000000e+00  3.24910829e-05 
 7.83450000e-09  7.83450000e-09  0.00000000e+00  2.50000000e+00 -3.24911261e-05 
 7.83550000e-09  7.83550000e-09  0.00000000e+00  2.50000000e+00  3.24910838e-05 
 7.83650000e-09  7.83650000e-09  0.00000000e+00  2.50000000e+00 -3.24911252e-05 
 7.83750000e-09  7.83750000e-09  0.00000000e+00  2.50000000e+00  3.24910846e-05 
 7.83850000e-09  7.83850000e-09  0.00000000e+00  2.50000000e+00 -3.24911245e-05 
 7.83950000e-09  7.83950000e-09  0.00000000e+00  2.50000000e+00  3.24910853e-05 
 7.84050000e-09  7.84050000e-09  0.00000000e+00  2.50000000e+00 -3.24911238e-05 
 7.84150000e-09  7.84150000e-09  0.00000000e+00  2.50000000e+00  3.24910859e-05 
 7.84250000e-09  7.84250000e-09  0.00000000e+00  2.50000000e+00 -3.24911232e-05 
 7.84350000e-09  7.84350000e-09  0.00000000e+00  2.50000000e+00  3.24910865e-05 
 7.84450000e-09  7.84450000e-09  0.00000000e+00  2.50000000e+00 -3.24911227e-05 
 7.84550000e-09  7.84550000e-09  0.00000000e+00  2.50000000e+00  3.24910870e-05 
 7.84650000e-09  7.84650000e-09  0.00000000e+00  2.50000000e+00 -3.24911222e-05 
 7.84750000e-09  7.84750000e-09  0.00000000e+00  2.50000000e+00  3.24910875e-05 
 7.84850000e-09  7.84850000e-09  0.00000000e+00  2.50000000e+00 -3.24911217e-05 
 7.84950000e-09  7.84950000e-09  0.00000000e+00  2.50000000e+00  3.24910879e-05 
 7.85050000e-09  7.85050000e-09  0.00000000e+00  2.50000000e+00 -3.24911213e-05 
 7.85150000e-09  7.85150000e-09  0.00000000e+00  2.50000000e+00  3.24910883e-05 
 7.85250000e-09  7.85250000e-09  0.00000000e+00  2.50000000e+00 -3.24911209e-05 
 7.85350000e-09  7.85350000e-09  0.00000000e+00  2.50000000e+00  3.24910887e-05 
 7.85450000e-09  7.85450000e-09  0.00000000e+00  2.50000000e+00 -3.24911206e-05 
 7.85550000e-09  7.85550000e-09  0.00000000e+00  2.50000000e+00  3.24910890e-05 
 7.85650000e-09  7.85650000e-09  0.00000000e+00  2.50000000e+00 -3.24911203e-05 
 7.85750000e-09  7.85750000e-09  0.00000000e+00  2.50000000e+00  3.24910893e-05 
 7.85850000e-09  7.85850000e-09  0.00000000e+00  2.50000000e+00 -3.24911200e-05 
 7.85950000e-09  7.85950000e-09  0.00000000e+00  2.50000000e+00  3.24910896e-05 
 7.86050000e-09  7.86050000e-09  0.00000000e+00  2.50000000e+00 -3.24911197e-05 
 7.86150000e-09  7.86150000e-09  0.00000000e+00  2.50000000e+00  3.24910898e-05 
 7.86250000e-09  7.86250000e-09  0.00000000e+00  2.50000000e+00 -3.24911195e-05 
 7.86350000e-09  7.86350000e-09  0.00000000e+00  2.50000000e+00  3.24910900e-05 
 7.86450000e-09  7.86450000e-09  0.00000000e+00  2.50000000e+00 -3.24911193e-05 
 7.86550000e-09  7.86550000e-09  0.00000000e+00  2.50000000e+00  3.24910902e-05 
 7.86650000e-09  7.86650000e-09  0.00000000e+00  2.50000000e+00 -3.24911191e-05 
 7.86750000e-09  7.86750000e-09  0.00000000e+00  2.50000000e+00  3.24910904e-05 
 7.86850000e-09  7.86850000e-09  0.00000000e+00  2.50000000e+00 -3.24911189e-05 
 7.86950000e-09  7.86950000e-09  0.00000000e+00  2.50000000e+00  3.24910906e-05 
 7.87050000e-09  7.87050000e-09  0.00000000e+00  2.50000000e+00 -3.24911188e-05 
 7.87150000e-09  7.87150000e-09  0.00000000e+00  2.50000000e+00  3.24910907e-05 
 7.87250000e-09  7.87250000e-09  0.00000000e+00  2.50000000e+00 -3.24911186e-05 
 7.87350000e-09  7.87350000e-09  0.00000000e+00  2.50000000e+00  3.24910909e-05 
 7.87450000e-09  7.87450000e-09  0.00000000e+00  2.50000000e+00 -3.24911185e-05 
 7.87550000e-09  7.87550000e-09  0.00000000e+00  2.50000000e+00  3.24910910e-05 
 7.87650000e-09  7.87650000e-09  0.00000000e+00  2.50000000e+00 -3.24911184e-05 
 7.87750000e-09  7.87750000e-09  0.00000000e+00  2.50000000e+00  3.24910911e-05 
 7.87850000e-09  7.87850000e-09  0.00000000e+00  2.50000000e+00 -3.24911183e-05 
 7.87950000e-09  7.87950000e-09  0.00000000e+00  2.50000000e+00  3.24910912e-05 
 7.88050000e-09  7.88050000e-09  0.00000000e+00  2.50000000e+00 -3.24911182e-05 
 7.88150000e-09  7.88150000e-09  0.00000000e+00  2.50000000e+00  3.24910913e-05 
 7.88250000e-09  7.88250000e-09  0.00000000e+00  2.50000000e+00 -3.24911181e-05 
 7.88350000e-09  7.88350000e-09  0.00000000e+00  2.50000000e+00  3.24910914e-05 
 7.88450000e-09  7.88450000e-09  0.00000000e+00  2.50000000e+00 -3.24911180e-05 
 7.88550000e-09  7.88550000e-09  0.00000000e+00  2.50000000e+00  3.24910914e-05 
 7.88650000e-09  7.88650000e-09  0.00000000e+00  2.50000000e+00 -3.24911180e-05 
 7.88750000e-09  7.88750000e-09  0.00000000e+00  2.50000000e+00  3.24910915e-05 
 7.88850000e-09  7.88850000e-09  0.00000000e+00  2.50000000e+00 -3.24911179e-05 
 7.88950000e-09  7.88950000e-09  0.00000000e+00  2.50000000e+00  3.24910916e-05 
 7.89050000e-09  7.89050000e-09  0.00000000e+00  2.50000000e+00 -3.24911178e-05 
 7.89150000e-09  7.89150000e-09  0.00000000e+00  2.50000000e+00  3.24910916e-05 
 7.89250000e-09  7.89250000e-09  0.00000000e+00  2.50000000e+00 -3.24911178e-05 
 7.89350000e-09  7.89350000e-09  0.00000000e+00  2.50000000e+00  3.24910917e-05 
 7.89450000e-09  7.89450000e-09  0.00000000e+00  2.50000000e+00 -3.24911177e-05 
 7.89550000e-09  7.89550000e-09  0.00000000e+00  2.50000000e+00  3.24910917e-05 
 7.89650000e-09  7.89650000e-09  0.00000000e+00  2.50000000e+00 -3.24911177e-05 
 7.89750000e-09  7.89750000e-09  0.00000000e+00  2.50000000e+00  3.24910918e-05 
 7.89850000e-09  7.89850000e-09  0.00000000e+00  2.50000000e+00 -3.24911177e-05 
 7.89950000e-09  7.89950000e-09  0.00000000e+00  2.50000000e+00  3.24910918e-05 
 7.90050000e-09  7.90050000e-09  0.00000000e+00  2.50000000e+00 -3.24911176e-05 
 7.90150000e-09  7.90150000e-09  0.00000000e+00  2.50000000e+00  3.24910918e-05 
 7.90250000e-09  7.90250000e-09  0.00000000e+00  2.50000000e+00 -3.24911176e-05 
 7.90350000e-09  7.90350000e-09  0.00000000e+00  2.50000000e+00  3.24910919e-05 
 7.90450000e-09  7.90450000e-09  0.00000000e+00  2.50000000e+00 -3.24911176e-05 
 7.90550000e-09  7.90550000e-09  0.00000000e+00  2.50000000e+00  3.24910919e-05 
 7.90650000e-09  7.90650000e-09  0.00000000e+00  2.50000000e+00 -3.24911175e-05 
 7.90750000e-09  7.90750000e-09  0.00000000e+00  2.50000000e+00  3.24910919e-05 
 7.90850000e-09  7.90850000e-09  0.00000000e+00  2.50000000e+00 -3.24911175e-05 
 7.90950000e-09  7.90950000e-09  0.00000000e+00  2.50000000e+00  3.24910919e-05 
 7.91050000e-09  7.91050000e-09  0.00000000e+00  2.50000000e+00 -3.24911175e-05 
 7.91150000e-09  7.91150000e-09  0.00000000e+00  2.50000000e+00  3.24910920e-05 
 7.91250000e-09  7.91250000e-09  0.00000000e+00  2.50000000e+00 -3.24911175e-05 
 7.91350000e-09  7.91350000e-09  0.00000000e+00  2.50000000e+00  3.24910920e-05 
 7.91450000e-09  7.91450000e-09  0.00000000e+00  2.50000000e+00 -3.24911174e-05 
 7.91550000e-09  7.91550000e-09  0.00000000e+00  2.50000000e+00  3.24910920e-05 
 7.91650000e-09  7.91650000e-09  0.00000000e+00  2.50000000e+00 -3.24911174e-05 
 7.91750000e-09  7.91750000e-09  0.00000000e+00  2.50000000e+00  3.24910920e-05 
 7.91850000e-09  7.91850000e-09  0.00000000e+00  2.50000000e+00 -3.24911174e-05 
 7.91950000e-09  7.91950000e-09  0.00000000e+00  2.50000000e+00  3.24910920e-05 
 7.92050000e-09  7.92050000e-09  0.00000000e+00  2.50000000e+00 -3.24911174e-05 
 7.92150000e-09  7.92150000e-09  0.00000000e+00  2.50000000e+00  3.24910920e-05 
 7.92250000e-09  7.92250000e-09  0.00000000e+00  2.50000000e+00 -3.24911174e-05 
 7.92350000e-09  7.92350000e-09  0.00000000e+00  2.50000000e+00  3.24910921e-05 
 7.92450000e-09  7.92450000e-09  0.00000000e+00  2.50000000e+00 -3.24911174e-05 
 7.92550000e-09  7.92550000e-09  0.00000000e+00  2.50000000e+00  3.24910921e-05 
 7.92650000e-09  7.92650000e-09  0.00000000e+00  2.50000000e+00 -3.24911174e-05 
 7.92750000e-09  7.92750000e-09  0.00000000e+00  2.50000000e+00  3.24910921e-05 
 7.92850000e-09  7.92850000e-09  0.00000000e+00  2.50000000e+00 -3.24911174e-05 
 7.92950000e-09  7.92950000e-09  0.00000000e+00  2.50000000e+00  3.24910921e-05 
 7.93050000e-09  7.93050000e-09  0.00000000e+00  2.50000000e+00 -3.24911173e-05 
 7.93150000e-09  7.93150000e-09  0.00000000e+00  2.50000000e+00  3.24910921e-05 
 7.93250000e-09  7.93250000e-09  0.00000000e+00  2.50000000e+00 -3.24911173e-05 
 7.93350000e-09  7.93350000e-09  0.00000000e+00  2.50000000e+00  3.24910921e-05 
 7.93450000e-09  7.93450000e-09  0.00000000e+00  2.50000000e+00 -3.24911173e-05 
 7.93550000e-09  7.93550000e-09  0.00000000e+00  2.50000000e+00  3.24910921e-05 
 7.93650000e-09  7.93650000e-09  0.00000000e+00  2.50000000e+00 -3.24911173e-05 
 7.93750000e-09  7.93750000e-09  0.00000000e+00  2.50000000e+00  3.24910921e-05 
 7.93850000e-09  7.93850000e-09  0.00000000e+00  2.50000000e+00 -3.24911173e-05 
 7.93950000e-09  7.93950000e-09  0.00000000e+00  2.50000000e+00  3.24910921e-05 
 7.94050000e-09  7.94050000e-09  0.00000000e+00  2.50000000e+00 -3.24911173e-05 
 7.94150000e-09  7.94150000e-09  0.00000000e+00  2.50000000e+00  3.24910921e-05 
 7.94250000e-09  7.94250000e-09  0.00000000e+00  2.50000000e+00 -3.24911173e-05 
 7.94350000e-09  7.94350000e-09  0.00000000e+00  2.50000000e+00  3.24910921e-05 
 7.94450000e-09  7.94450000e-09  0.00000000e+00  2.50000000e+00 -3.24911173e-05 
 7.94550000e-09  7.94550000e-09  0.00000000e+00  2.50000000e+00  3.24910921e-05 
 7.94650000e-09  7.94650000e-09  0.00000000e+00  2.50000000e+00 -3.24911173e-05 
 7.94750000e-09  7.94750000e-09  0.00000000e+00  2.50000000e+00  3.24910921e-05 
 7.94850000e-09  7.94850000e-09  0.00000000e+00  2.50000000e+00 -3.24911173e-05 
 7.94950000e-09  7.94950000e-09  0.00000000e+00  2.50000000e+00  3.24910921e-05 
 7.95050000e-09  7.95050000e-09  0.00000000e+00  2.50000000e+00 -3.24911173e-05 
 7.95150000e-09  7.95150000e-09  0.00000000e+00  2.50000000e+00  3.24910921e-05 
 7.95250000e-09  7.95250000e-09  0.00000000e+00  2.50000000e+00 -3.24911173e-05 
 7.95350000e-09  7.95350000e-09  0.00000000e+00  2.50000000e+00  3.24910921e-05 
 7.95450000e-09  7.95450000e-09  0.00000000e+00  2.50000000e+00 -3.24911173e-05 
 7.95550000e-09  7.95550000e-09  0.00000000e+00  2.50000000e+00  3.24910921e-05 
 7.95650000e-09  7.95650000e-09  0.00000000e+00  2.50000000e+00 -3.24911173e-05 
 7.95750000e-09  7.95750000e-09  0.00000000e+00  2.50000000e+00  3.24910921e-05 
 7.95850000e-09  7.95850000e-09  0.00000000e+00  2.50000000e+00 -3.24911173e-05 
 7.95950000e-09  7.95950000e-09  0.00000000e+00  2.50000000e+00  3.24910921e-05 
 7.96050000e-09  7.96050000e-09  0.00000000e+00  2.50000000e+00 -3.24911173e-05 
 7.96150000e-09  7.96150000e-09  0.00000000e+00  2.50000000e+00  3.24910922e-05 
 7.96250000e-09  7.96250000e-09  0.00000000e+00  2.50000000e+00 -3.24911173e-05 
 7.96350000e-09  7.96350000e-09  0.00000000e+00  2.50000000e+00  3.24910922e-05 
 7.96450000e-09  7.96450000e-09  0.00000000e+00  2.50000000e+00 -3.24911173e-05 
 7.96550000e-09  7.96550000e-09  0.00000000e+00  2.50000000e+00  3.24910922e-05 
 7.96650000e-09  7.96650000e-09  0.00000000e+00  2.50000000e+00 -3.24911173e-05 
 7.96750000e-09  7.96750000e-09  0.00000000e+00  2.50000000e+00  3.24910922e-05 
 7.96850000e-09  7.96850000e-09  0.00000000e+00  2.50000000e+00 -3.24911173e-05 
 7.96950000e-09  7.96950000e-09  0.00000000e+00  2.50000000e+00  3.24910922e-05 
 7.97050000e-09  7.97050000e-09  0.00000000e+00  2.50000000e+00 -3.24911173e-05 
 7.97150000e-09  7.97150000e-09  0.00000000e+00  2.50000000e+00  3.24910922e-05 
 7.97250000e-09  7.97250000e-09  0.00000000e+00  2.50000000e+00 -3.24911173e-05 
 7.97350000e-09  7.97350000e-09  0.00000000e+00  2.50000000e+00  3.24910922e-05 
 7.97450000e-09  7.97450000e-09  0.00000000e+00  2.50000000e+00 -3.24911173e-05 
 7.97550000e-09  7.97550000e-09  0.00000000e+00  2.50000000e+00  3.24910922e-05 
 7.97650000e-09  7.97650000e-09  0.00000000e+00  2.50000000e+00 -3.24911173e-05 
 7.97750000e-09  7.97750000e-09  0.00000000e+00  2.50000000e+00  3.24910922e-05 
 7.97850000e-09  7.97850000e-09  0.00000000e+00  2.50000000e+00 -3.24911173e-05 
 7.97950000e-09  7.97950000e-09  0.00000000e+00  2.50000000e+00  3.24910922e-05 
 7.98050000e-09  7.98050000e-09  0.00000000e+00  2.50000000e+00 -3.24911173e-05 
 7.98150000e-09  7.98150000e-09  0.00000000e+00  2.50000000e+00  3.24910922e-05 
 7.98250000e-09  7.98250000e-09  0.00000000e+00  2.50000000e+00 -3.24911173e-05 
 7.98350000e-09  7.98350000e-09  0.00000000e+00  2.50000000e+00  3.24910922e-05 
 7.98450000e-09  7.98450000e-09  0.00000000e+00  2.50000000e+00 -3.24911173e-05 
 7.98550000e-09  7.98550000e-09  0.00000000e+00  2.50000000e+00  3.24910922e-05 
 7.98650000e-09  7.98650000e-09  0.00000000e+00  2.50000000e+00 -3.24911173e-05 
 7.98750000e-09  7.98750000e-09  0.00000000e+00  2.50000000e+00  3.24910922e-05 
 7.98850000e-09  7.98850000e-09  0.00000000e+00  2.50000000e+00 -3.24911173e-05 
 7.98950000e-09  7.98950000e-09  0.00000000e+00  2.50000000e+00  3.24910922e-05 
 7.99050000e-09  7.99050000e-09  0.00000000e+00  2.50000000e+00 -3.24911173e-05 
 7.99150000e-09  7.99150000e-09  0.00000000e+00  2.50000000e+00  3.24910922e-05 
 7.99250000e-09  7.99250000e-09  0.00000000e+00  2.50000000e+00 -3.24911173e-05 
 7.99350000e-09  7.99350000e-09  0.00000000e+00  2.50000000e+00  3.24910922e-05 
 7.99450000e-09  7.99450000e-09  0.00000000e+00  2.50000000e+00 -3.24911173e-05 
 7.99550000e-09  7.99550000e-09  0.00000000e+00  2.50000000e+00  3.24910922e-05 
 7.99650000e-09  7.99650000e-09  0.00000000e+00  2.50000000e+00 -3.24911173e-05 
 7.99750000e-09  7.99750000e-09  0.00000000e+00  2.50000000e+00  3.24910922e-05 
 7.99850000e-09  7.99850000e-09  0.00000000e+00  2.50000000e+00 -3.24911173e-05 
 7.99950000e-09  7.99950000e-09  0.00000000e+00  2.50000000e+00  3.24910922e-05 
 8.00050000e-09  8.00050000e-09  0.00000000e+00  2.50000000e+00 -3.24911173e-05 
 8.00150000e-09  8.00150000e-09  0.00000000e+00  2.50000000e+00  3.24910922e-05 
 8.00250000e-09  8.00250000e-09  0.00000000e+00  2.50000000e+00 -3.24911173e-05 
 8.00350000e-09  8.00350000e-09  0.00000000e+00  2.50000000e+00  3.24910922e-05 
 8.00450000e-09  8.00450000e-09  0.00000000e+00  2.50000000e+00 -3.24911173e-05 
 8.00550000e-09  8.00550000e-09  0.00000000e+00  2.50000000e+00  3.24910922e-05 
 8.00650000e-09  8.00650000e-09  0.00000000e+00  2.50000000e+00 -3.24911173e-05 
 8.00750000e-09  8.00750000e-09  0.00000000e+00  2.50000000e+00  3.24910922e-05 
 8.00850000e-09  8.00850000e-09  0.00000000e+00  2.50000000e+00 -3.24911173e-05 
 8.00950000e-09  8.00950000e-09  0.00000000e+00  2.50000000e+00  3.24910922e-05 
 8.01050000e-09  8.01050000e-09  0.00000000e+00  2.50000000e+00 -3.24911173e-05 
 8.01150000e-09  8.01150000e-09  0.00000000e+00  2.50000000e+00  3.24910922e-05 
 8.01250000e-09  8.01250000e-09  0.00000000e+00  2.50000000e+00 -3.24911173e-05 
 8.01350000e-09  8.01350000e-09  0.00000000e+00  2.50000000e+00  3.24910922e-05 
 8.01450000e-09  8.01450000e-09  0.00000000e+00  2.50000000e+00 -3.24911173e-05 
 8.01550000e-09  8.01550000e-09  0.00000000e+00  2.50000000e+00  3.24910922e-05 
 8.01650000e-09  8.01650000e-09  0.00000000e+00  2.50000000e+00 -3.24911173e-05 
 8.01750000e-09  8.01750000e-09  0.00000000e+00  2.50000000e+00  3.24910922e-05 
 8.01850000e-09  8.01850000e-09  0.00000000e+00  2.50000000e+00 -3.24911173e-05 
 8.01950000e-09  8.01950000e-09  0.00000000e+00  2.50000000e+00  3.24910922e-05 
 8.02050000e-09  8.02050000e-09  0.00000000e+00  2.50000000e+00 -3.24911173e-05 
 8.02150000e-09  8.02150000e-09  0.00000000e+00  2.50000000e+00  3.24910922e-05 
 8.02250000e-09  8.02250000e-09  0.00000000e+00  2.50000000e+00 -3.24911173e-05 
 8.02350000e-09  8.02350000e-09  0.00000000e+00  2.50000000e+00  3.24910922e-05 
 8.02450000e-09  8.02450000e-09  0.00000000e+00  2.50000000e+00 -3.24911173e-05 
 8.02550000e-09  8.02550000e-09  0.00000000e+00  2.50000000e+00  3.24910922e-05 
 8.02650000e-09  8.02650000e-09  0.00000000e+00  2.50000000e+00 -3.24911173e-05 
 8.02750000e-09  8.02750000e-09  0.00000000e+00  2.50000000e+00  3.24910922e-05 
 8.02850000e-09  8.02850000e-09  0.00000000e+00  2.50000000e+00 -3.24911173e-05 
 8.02950000e-09  8.02950000e-09  0.00000000e+00  2.50000000e+00  3.24910922e-05 
 8.03050000e-09  8.03050000e-09  0.00000000e+00  2.50000000e+00 -3.24911173e-05 
 8.03150000e-09  8.03150000e-09  0.00000000e+00  2.50000000e+00  3.24910922e-05 
 8.03250000e-09  8.03250000e-09  0.00000000e+00  2.50000000e+00 -3.24911173e-05 
 8.03350000e-09  8.03350000e-09  0.00000000e+00  2.50000000e+00  3.24910922e-05 
 8.03450000e-09  8.03450000e-09  0.00000000e+00  2.50000000e+00 -3.24911173e-05 
 8.03550000e-09  8.03550000e-09  0.00000000e+00  2.50000000e+00  3.24910922e-05 
 8.03650000e-09  8.03650000e-09  0.00000000e+00  2.50000000e+00 -3.24911173e-05 
 8.03750000e-09  8.03750000e-09  0.00000000e+00  2.50000000e+00  3.24910922e-05 
 8.03850000e-09  8.03850000e-09  0.00000000e+00  2.50000000e+00 -3.24911173e-05 
 8.03950000e-09  8.03950000e-09  0.00000000e+00  2.50000000e+00  3.24910922e-05 
 8.04050000e-09  8.04050000e-09  0.00000000e+00  2.50000000e+00 -3.24911173e-05 
 8.04150000e-09  8.04150000e-09  0.00000000e+00  2.50000000e+00  3.24910922e-05 
 8.04250000e-09  8.04250000e-09  0.00000000e+00  2.50000000e+00 -3.24911173e-05 
 8.04350000e-09  8.04350000e-09  0.00000000e+00  2.50000000e+00  3.24910922e-05 
 8.04450000e-09  8.04450000e-09  0.00000000e+00  2.50000000e+00 -3.24911173e-05 
 8.04550000e-09  8.04550000e-09  0.00000000e+00  2.50000000e+00  3.24910922e-05 
 8.04650000e-09  8.04650000e-09  0.00000000e+00  2.50000000e+00 -3.24911173e-05 
 8.04750000e-09  8.04750000e-09  0.00000000e+00  2.50000000e+00  3.24910922e-05 
 8.04850000e-09  8.04850000e-09  0.00000000e+00  2.50000000e+00 -3.24911173e-05 
 8.04950000e-09  8.04950000e-09  0.00000000e+00  2.50000000e+00  3.24910922e-05 
 8.05050000e-09  8.05050000e-09  0.00000000e+00  2.50000000e+00 -3.24911173e-05 
 8.05150000e-09  8.05150000e-09  0.00000000e+00  2.50000000e+00  3.24910922e-05 
 8.05250000e-09  8.05250000e-09  0.00000000e+00  2.50000000e+00 -3.24911173e-05 
 8.05350000e-09  8.05350000e-09  0.00000000e+00  2.50000000e+00  3.24910922e-05 
 8.05450000e-09  8.05450000e-09  0.00000000e+00  2.50000000e+00 -3.24911173e-05 
 8.05550000e-09  8.05550000e-09  0.00000000e+00  2.50000000e+00  3.24910922e-05 
 8.05650000e-09  8.05650000e-09  0.00000000e+00  2.50000000e+00 -3.24911173e-05 
 8.05750000e-09  8.05750000e-09  0.00000000e+00  2.50000000e+00  3.24910922e-05 
 8.05850000e-09  8.05850000e-09  0.00000000e+00  2.50000000e+00 -3.24911173e-05 
 8.05950000e-09  8.05950000e-09  0.00000000e+00  2.50000000e+00  3.24910922e-05 
 8.06050000e-09  8.06050000e-09  0.00000000e+00  2.50000000e+00 -3.24911173e-05 
 8.06150000e-09  8.06150000e-09  0.00000000e+00  2.50000000e+00  3.24910922e-05 
 8.06250000e-09  8.06250000e-09  0.00000000e+00  2.50000000e+00 -3.24911173e-05 
 8.06350000e-09  8.06350000e-09  0.00000000e+00  2.50000000e+00  3.24910922e-05 
 8.06450000e-09  8.06450000e-09  0.00000000e+00  2.50000000e+00 -3.24911173e-05 
 8.06550000e-09  8.06550000e-09  0.00000000e+00  2.50000000e+00  3.24910922e-05 
 8.06650000e-09  8.06650000e-09  0.00000000e+00  2.50000000e+00 -3.24911173e-05 
 8.06750000e-09  8.06750000e-09  0.00000000e+00  2.50000000e+00  3.24910922e-05 
 8.06850000e-09  8.06850000e-09  0.00000000e+00  2.50000000e+00 -3.24911173e-05 
 8.06950000e-09  8.06950000e-09  0.00000000e+00  2.50000000e+00  3.24910922e-05 
 8.07050000e-09  8.07050000e-09  0.00000000e+00  2.50000000e+00 -3.24911173e-05 
 8.07150000e-09  8.07150000e-09  0.00000000e+00  2.50000000e+00  3.24910922e-05 
 8.07250000e-09  8.07250000e-09  0.00000000e+00  2.50000000e+00 -3.24911173e-05 
 8.07350000e-09  8.07350000e-09  0.00000000e+00  2.50000000e+00  3.24910922e-05 
 8.07450000e-09  8.07450000e-09  0.00000000e+00  2.50000000e+00 -3.24911173e-05 
 8.07550000e-09  8.07550000e-09  0.00000000e+00  2.50000000e+00  3.24910922e-05 
 8.07650000e-09  8.07650000e-09  0.00000000e+00  2.50000000e+00 -3.24911173e-05 
 8.07750000e-09  8.07750000e-09  0.00000000e+00  2.50000000e+00  3.24910922e-05 
 8.07850000e-09  8.07850000e-09  0.00000000e+00  2.50000000e+00 -3.24911173e-05 
 8.07950000e-09  8.07950000e-09  0.00000000e+00  2.50000000e+00  3.24910922e-05 
 8.08050000e-09  8.08050000e-09  0.00000000e+00  2.50000000e+00 -3.24911173e-05 
 8.08150000e-09  8.08150000e-09  0.00000000e+00  2.50000000e+00  3.24910922e-05 
 8.08250000e-09  8.08250000e-09  0.00000000e+00  2.50000000e+00 -3.24911173e-05 
 8.08350000e-09  8.08350000e-09  0.00000000e+00  2.50000000e+00  3.24910922e-05 
 8.08450000e-09  8.08450000e-09  0.00000000e+00  2.50000000e+00 -3.24911173e-05 
 8.08550000e-09  8.08550000e-09  0.00000000e+00  2.50000000e+00  3.24910922e-05 
 8.08650000e-09  8.08650000e-09  0.00000000e+00  2.50000000e+00 -3.24911173e-05 
 8.08750000e-09  8.08750000e-09  0.00000000e+00  2.50000000e+00  3.24910922e-05 
 8.08850000e-09  8.08850000e-09  0.00000000e+00  2.50000000e+00 -3.24911173e-05 
 8.08950000e-09  8.08950000e-09  0.00000000e+00  2.50000000e+00  3.24910922e-05 
 8.09050000e-09  8.09050000e-09  0.00000000e+00  2.50000000e+00 -3.24911173e-05 
 8.09150000e-09  8.09150000e-09  0.00000000e+00  2.50000000e+00  3.24910922e-05 
 8.09250000e-09  8.09250000e-09  0.00000000e+00  2.50000000e+00 -3.24911173e-05 
 8.09350000e-09  8.09350000e-09  0.00000000e+00  2.50000000e+00  3.24910922e-05 
 8.09450000e-09  8.09450000e-09  0.00000000e+00  2.50000000e+00 -3.24911173e-05 
 8.09550000e-09  8.09550000e-09  0.00000000e+00  2.50000000e+00  3.24910922e-05 
 8.09650000e-09  8.09650000e-09  0.00000000e+00  2.50000000e+00 -3.24911173e-05 
 8.09750000e-09  8.09750000e-09  0.00000000e+00  2.50000000e+00  3.24910922e-05 
 8.09850000e-09  8.09850000e-09  0.00000000e+00  2.50000000e+00 -3.24911173e-05 
 8.09950000e-09  8.09950000e-09  0.00000000e+00  2.50000000e+00  3.24910922e-05 
 8.10050000e-09  8.10050000e-09  0.00000000e+00  2.50000000e+00 -3.24911173e-05 
 8.10150000e-09  8.10150000e-09  0.00000000e+00  2.50000000e+00  3.24910922e-05 
 8.10250000e-09  8.10250000e-09  0.00000000e+00  2.50000000e+00 -3.24911173e-05 
 8.10350000e-09  8.10350000e-09  0.00000000e+00  2.50000000e+00  3.24910922e-05 
 8.10450000e-09  8.10450000e-09  0.00000000e+00  2.50000000e+00 -3.24911173e-05 
 8.10550000e-09  8.10550000e-09  0.00000000e+00  2.50000000e+00  3.24910922e-05 
 8.10650000e-09  8.10650000e-09  0.00000000e+00  2.50000000e+00 -3.24911173e-05 
 8.10750000e-09  8.10750000e-09  0.00000000e+00  2.50000000e+00  3.24910922e-05 
 8.10850000e-09  8.10850000e-09  0.00000000e+00  2.50000000e+00 -3.24911173e-05 
 8.10950000e-09  8.10950000e-09  0.00000000e+00  2.50000000e+00  3.24910922e-05 
 8.11050000e-09  8.11050000e-09  0.00000000e+00  2.50000000e+00 -3.24911173e-05 
 8.11150000e-09  8.11150000e-09  0.00000000e+00  2.50000000e+00  3.24910922e-05 
 8.11250000e-09  8.11250000e-09  0.00000000e+00  2.50000000e+00 -3.24911173e-05 
 8.11350000e-09  8.11350000e-09  0.00000000e+00  2.50000000e+00  3.24910922e-05 
 8.11450000e-09  8.11450000e-09  0.00000000e+00  2.50000000e+00 -3.24911173e-05 
 8.11550000e-09  8.11550000e-09  0.00000000e+00  2.50000000e+00  3.24910922e-05 
 8.11650000e-09  8.11650000e-09  0.00000000e+00  2.50000000e+00 -3.24911173e-05 
 8.11750000e-09  8.11750000e-09  0.00000000e+00  2.50000000e+00  3.24910922e-05 
 8.11850000e-09  8.11850000e-09  0.00000000e+00  2.50000000e+00 -3.24911173e-05 
 8.11950000e-09  8.11950000e-09  0.00000000e+00  2.50000000e+00  3.24910922e-05 
 8.12050000e-09  8.12050000e-09  0.00000000e+00  2.50000000e+00 -3.24911173e-05 
 8.12150000e-09  8.12150000e-09  0.00000000e+00  2.50000000e+00  3.24910922e-05 
 8.12250000e-09  8.12250000e-09  0.00000000e+00  2.50000000e+00 -3.24911173e-05 
 8.12350000e-09  8.12350000e-09  0.00000000e+00  2.50000000e+00  3.24910922e-05 
 8.12450000e-09  8.12450000e-09  0.00000000e+00  2.50000000e+00 -3.24911173e-05 
 8.12550000e-09  8.12550000e-09  0.00000000e+00  2.50000000e+00  3.24910922e-05 
 8.12650000e-09  8.12650000e-09  0.00000000e+00  2.50000000e+00 -3.24911173e-05 
 8.12750000e-09  8.12750000e-09  0.00000000e+00  2.50000000e+00  3.24910922e-05 
 8.12850000e-09  8.12850000e-09  0.00000000e+00  2.50000000e+00 -3.24911173e-05 
 8.12950000e-09  8.12950000e-09  0.00000000e+00  2.50000000e+00  3.24910922e-05 
 8.13050000e-09  8.13050000e-09  0.00000000e+00  2.50000000e+00 -3.24911173e-05 
 8.13150000e-09  8.13150000e-09  0.00000000e+00  2.50000000e+00  3.24910922e-05 
 8.13250000e-09  8.13250000e-09  0.00000000e+00  2.50000000e+00 -3.24911173e-05 
 8.13350000e-09  8.13350000e-09  0.00000000e+00  2.50000000e+00  3.24910922e-05 
 8.13450000e-09  8.13450000e-09  0.00000000e+00  2.50000000e+00 -3.24911173e-05 
 8.13550000e-09  8.13550000e-09  0.00000000e+00  2.50000000e+00  3.24910922e-05 
 8.13650000e-09  8.13650000e-09  0.00000000e+00  2.50000000e+00 -3.24911173e-05 
 8.13750000e-09  8.13750000e-09  0.00000000e+00  2.50000000e+00  3.24910922e-05 
 8.13850000e-09  8.13850000e-09  0.00000000e+00  2.50000000e+00 -3.24911173e-05 
 8.13950000e-09  8.13950000e-09  0.00000000e+00  2.50000000e+00  3.24910922e-05 
 8.14050000e-09  8.14050000e-09  0.00000000e+00  2.50000000e+00 -3.24911173e-05 
 8.14150000e-09  8.14150000e-09  0.00000000e+00  2.50000000e+00  3.24910922e-05 
 8.14250000e-09  8.14250000e-09  0.00000000e+00  2.50000000e+00 -3.24911173e-05 
 8.14350000e-09  8.14350000e-09  0.00000000e+00  2.50000000e+00  3.24910922e-05 
 8.14450000e-09  8.14450000e-09  0.00000000e+00  2.50000000e+00 -3.24911173e-05 
 8.14550000e-09  8.14550000e-09  0.00000000e+00  2.50000000e+00  3.24910922e-05 
 8.14650000e-09  8.14650000e-09  0.00000000e+00  2.50000000e+00 -3.24911173e-05 
 8.14750000e-09  8.14750000e-09  0.00000000e+00  2.50000000e+00  3.24910922e-05 
 8.14850000e-09  8.14850000e-09  0.00000000e+00  2.50000000e+00 -3.24911173e-05 
 8.14950000e-09  8.14950000e-09  0.00000000e+00  2.50000000e+00  3.24910922e-05 
 8.15050000e-09  8.15050000e-09  0.00000000e+00  2.50000000e+00 -3.24911173e-05 
 8.15150000e-09  8.15150000e-09  0.00000000e+00  2.50000000e+00  3.24910922e-05 
 8.15250000e-09  8.15250000e-09  0.00000000e+00  2.50000000e+00 -3.24911173e-05 
 8.15350000e-09  8.15350000e-09  0.00000000e+00  2.50000000e+00  3.24910922e-05 
 8.15450000e-09  8.15450000e-09  0.00000000e+00  2.50000000e+00 -3.24911173e-05 
 8.15550000e-09  8.15550000e-09  0.00000000e+00  2.50000000e+00  3.24910922e-05 
 8.15650000e-09  8.15650000e-09  0.00000000e+00  2.50000000e+00 -3.24911173e-05 
 8.15750000e-09  8.15750000e-09  0.00000000e+00  2.50000000e+00  3.24910922e-05 
 8.15850000e-09  8.15850000e-09  0.00000000e+00  2.50000000e+00 -3.24911173e-05 
 8.15950000e-09  8.15950000e-09  0.00000000e+00  2.50000000e+00  3.24910922e-05 
 8.16050000e-09  8.16050000e-09  0.00000000e+00  2.50000000e+00 -3.24911173e-05 
 8.16150000e-09  8.16150000e-09  0.00000000e+00  2.50000000e+00  3.24910922e-05 
 8.16250000e-09  8.16250000e-09  0.00000000e+00  2.50000000e+00 -3.24911173e-05 
 8.16350000e-09  8.16350000e-09  0.00000000e+00  2.50000000e+00  3.24910922e-05 
 8.16450000e-09  8.16450000e-09  0.00000000e+00  2.50000000e+00 -3.24911173e-05 
 8.16550000e-09  8.16550000e-09  0.00000000e+00  2.50000000e+00  3.24910922e-05 
 8.16650000e-09  8.16650000e-09  0.00000000e+00  2.50000000e+00 -3.24911173e-05 
 8.16750000e-09  8.16750000e-09  0.00000000e+00  2.50000000e+00  3.24910922e-05 
 8.16850000e-09  8.16850000e-09  0.00000000e+00  2.50000000e+00 -3.24911173e-05 
 8.16950000e-09  8.16950000e-09  0.00000000e+00  2.50000000e+00  3.24910922e-05 
 8.17050000e-09  8.17050000e-09  0.00000000e+00  2.50000000e+00 -3.24911173e-05 
 8.17150000e-09  8.17150000e-09  0.00000000e+00  2.50000000e+00  3.24910922e-05 
 8.17250000e-09  8.17250000e-09  0.00000000e+00  2.50000000e+00 -3.24911173e-05 
 8.17350000e-09  8.17350000e-09  0.00000000e+00  2.50000000e+00  3.24910922e-05 
 8.17450000e-09  8.17450000e-09  0.00000000e+00  2.50000000e+00 -3.24911173e-05 
 8.17550000e-09  8.17550000e-09  0.00000000e+00  2.50000000e+00  3.24910922e-05 
 8.17650000e-09  8.17650000e-09  0.00000000e+00  2.50000000e+00 -3.24911173e-05 
 8.17750000e-09  8.17750000e-09  0.00000000e+00  2.50000000e+00  3.24910922e-05 
 8.17850000e-09  8.17850000e-09  0.00000000e+00  2.50000000e+00 -3.24911173e-05 
 8.17950000e-09  8.17950000e-09  0.00000000e+00  2.50000000e+00  3.24910922e-05 
 8.18050000e-09  8.18050000e-09  0.00000000e+00  2.50000000e+00 -3.24911173e-05 
 8.18150000e-09  8.18150000e-09  0.00000000e+00  2.50000000e+00  3.24910922e-05 
 8.18250000e-09  8.18250000e-09  0.00000000e+00  2.50000000e+00 -3.24911173e-05 
 8.18350000e-09  8.18350000e-09  0.00000000e+00  2.50000000e+00  3.24910922e-05 
 8.18450000e-09  8.18450000e-09  0.00000000e+00  2.50000000e+00 -3.24911173e-05 
 8.18550000e-09  8.18550000e-09  0.00000000e+00  2.50000000e+00  3.24910922e-05 
 8.18650000e-09  8.18650000e-09  0.00000000e+00  2.50000000e+00 -3.24911173e-05 
 8.18750000e-09  8.18750000e-09  0.00000000e+00  2.50000000e+00  3.24910922e-05 
 8.18850000e-09  8.18850000e-09  0.00000000e+00  2.50000000e+00 -3.24911173e-05 
 8.18950000e-09  8.18950000e-09  0.00000000e+00  2.50000000e+00  3.24910922e-05 
 8.19050000e-09  8.19050000e-09  0.00000000e+00  2.50000000e+00 -3.24911173e-05 
 8.19150000e-09  8.19150000e-09  0.00000000e+00  2.50000000e+00  3.24910922e-05 
 8.19250000e-09  8.19250000e-09  0.00000000e+00  2.50000000e+00 -3.24911173e-05 
 8.19350000e-09  8.19350000e-09  0.00000000e+00  2.50000000e+00  3.24910922e-05 
 8.19450000e-09  8.19450000e-09  0.00000000e+00  2.50000000e+00 -3.24911173e-05 
 8.19550000e-09  8.19550000e-09  0.00000000e+00  2.50000000e+00  3.24910922e-05 
 8.19650000e-09  8.19650000e-09  0.00000000e+00  2.50000000e+00 -3.24911173e-05 
 8.19750000e-09  8.19750000e-09  0.00000000e+00  2.50000000e+00  3.24910922e-05 
 8.19850000e-09  8.19850000e-09  0.00000000e+00  2.50000000e+00 -3.24911173e-05 
 8.19925000e-09  8.19925000e-09  0.00000000e+00  2.50000000e+00  3.24910922e-05 
 8.20000000e-09  8.20000000e-09  0.00000000e+00  2.50000000e+00 -3.24911173e-05 
 8.20010000e-09  8.20010000e-09  1.25000000e-02  2.50000037e+00  7.21801501e-04 
 8.20030000e-09  8.20030000e-09  3.75000000e-02  2.50000107e+00  7.23629807e-04 
 8.20070000e-09  8.20070000e-09  8.75000000e-02  2.50000231e+00  7.26435622e-04 
 8.20150000e-09  8.20150000e-09  1.87500000e-01  2.50000414e+00  7.31768884e-04 
 8.20250000e-09  8.20250000e-09  3.12500000e-01  2.50000549e+00  7.36459883e-04 
 8.20350000e-09  8.20350000e-09  4.37500000e-01  2.50000606e+00  7.40153428e-04 
 8.20450000e-09  8.20450000e-09  5.62500000e-01  2.50000604e+00  7.36233443e-04 
 8.20550000e-09  8.20550000e-09  6.87500000e-01  2.50000556e+00  7.20709104e-04 
 8.20650000e-09  8.20650000e-09  8.12500000e-01  2.50000469e+00  6.92694446e-04 
 8.20750000e-09  8.20750000e-09  9.37500000e-01  2.50000351e+00  6.53044096e-04 
 8.20850000e-09  8.20850000e-09  1.06250000e+00  2.50000207e+00  6.01050701e-04 
 8.20950000e-09  8.20950000e-09  1.18750000e+00  2.50000043e+00  5.37772588e-04 
 8.21050000e-09  8.21050000e-09  1.31250000e+00  2.49999864e+00  4.62729709e-04 
 8.21150000e-09  8.21150000e-09  1.43750000e+00  2.49999674e+00  3.77243922e-04 
 8.21250000e-09  8.21250000e-09  1.56250000e+00  2.49999474e+00  2.81148526e-04 
 8.21350000e-09  8.21350000e-09  1.68750000e+00  2.49999266e+00  1.76133155e-04 
 8.21450000e-09  8.21450000e-09  1.81250000e+00  2.49999050e+00  6.23849439e-05 
 8.21550000e-09  8.21550000e-09  1.93750000e+00  2.49998825e+00 -5.87351817e-05 
 8.21650000e-09  8.21650000e-09  2.06250000e+00  2.49998602e+00 -2.30195501e-04 
 8.21750000e-09  8.21750000e-09  2.18750000e+00  2.49998276e+00 -3.86997107e-04 
 8.21850000e-09  8.21850000e-09  2.31250000e+00  2.49997728e+00 -6.75466488e-04 
 8.21925000e-09  8.21925000e-09  2.40625000e+00  2.49997226e+00 -7.33220537e-04 
 8.22000000e-09  8.22000000e-09  2.50000000e+00  2.49996750e+00 -7.58583787e-04 
 8.22010000e-09  8.22010000e-09  2.50000000e+00  2.49996679e+00 -1.41557077e-03 
 8.22030000e-09  8.22030000e-09  2.50000000e+00  2.49996547e+00 -1.41797743e-03 
 8.22070000e-09  8.22070000e-09  2.50000000e+00  2.49996336e+00 -1.41595461e-03 
 8.22150000e-09  8.22150000e-09  2.50000000e+00  2.49996096e+00 -1.41934452e-03 
 8.22250000e-09  8.22250000e-09  2.50000000e+00  2.49996064e+00 -1.41861497e-03 
 8.22350000e-09  8.22350000e-09  2.50000000e+00  2.49996241e+00 -1.40720693e-03 
 8.22450000e-09  8.22450000e-09  2.50000000e+00  2.49996580e+00 -1.39042750e-03 
 8.22550000e-09  8.22550000e-09  2.50000000e+00  2.49997084e+00 -1.38359458e-03 
 8.22650000e-09  8.22650000e-09  2.50000000e+00  2.49997753e+00 -1.37835816e-03 
 8.22750000e-09  8.22750000e-09  2.50000000e+00  2.49998580e+00 -1.38289286e-03 
 8.22850000e-09  8.22850000e-09  2.50000000e+00  2.49999550e+00 -1.38844421e-03 
 8.22950000e-09  8.22950000e-09  2.50000000e+00  2.50000643e+00 -1.40284100e-03 
 8.23050000e-09  8.23050000e-09  2.50000000e+00  2.50001837e+00 -1.41702984e-03 
 8.23150000e-09  8.23150000e-09  2.50000000e+00  2.50003109e+00 -1.43858943e-03 
 8.23250000e-09  8.23250000e-09  2.50000000e+00  2.50004434e+00 -1.45826435e-03 
 8.23350000e-09  8.23350000e-09  2.50000000e+00  2.50005792e+00 -1.48347636e-03 
 8.23450000e-09  8.23450000e-09  2.50000000e+00  2.50007161e+00 -1.50485301e-03 
 8.23550000e-09  8.23550000e-09  2.50000000e+00  2.50008523e+00 -1.52972909e-03 
 8.23650000e-09  8.23650000e-09  2.50000000e+00  2.50009863e+00 -1.54867319e-03 
 8.23750000e-09  8.23750000e-09  2.50000000e+00  2.50011167e+00 -1.56915693e-03 
 8.23850000e-09  8.23850000e-09  2.50000000e+00  2.50012425e+00 -1.58191610e-03 
 8.23950000e-09  8.23950000e-09  2.50000000e+00  2.50013632e+00 -1.59433930e-03 
 8.24050000e-09  8.24050000e-09  2.50000000e+00  2.50014783e+00 -1.59705396e-03 
 8.24150000e-09  8.24150000e-09  2.50000000e+00  2.50015880e+00 -1.59738905e-03 
 8.24250000e-09  8.24250000e-09  2.50000000e+00  2.50016928e+00 -1.58583591e-03 
 8.24350000e-09  8.24350000e-09  2.50000000e+00  2.50017917e+00 -1.58146824e-03 
 8.24450000e-09  8.24450000e-09  2.50000000e+00  2.50018823e+00 -1.57707277e-03 
 8.24550000e-09  8.24550000e-09  2.50000000e+00  2.50019686e+00 -1.57080704e-03 
 8.24650000e-09  8.24650000e-09  2.50000000e+00  2.50020567e+00 -1.55949662e-03 
 8.24750000e-09  8.24750000e-09  2.50000000e+00  2.50021381e+00 -1.55952109e-03 
 8.24850000e-09  8.24850000e-09  2.50000000e+00  2.50022018e+00 -1.55976558e-03 
 8.24950000e-09  8.24950000e-09  2.50000000e+00  2.50022470e+00 -1.56767594e-03 
 8.25050000e-09  8.25050000e-09  2.50000000e+00  2.50022740e+00 -1.57497881e-03 
 8.25150000e-09  8.25150000e-09  2.50000000e+00  2.50022841e+00 -1.58653684e-03 
 8.25250000e-09  8.25250000e-09  2.50000000e+00  2.50022763e+00 -1.59630305e-03 
 8.25350000e-09  8.25350000e-09  2.50000000e+00  2.50022424e+00 -1.62663741e-03 
 8.25450000e-09  8.25450000e-09  2.50000000e+00  2.50021720e+00 -1.67191313e-03 
 8.25550000e-09  8.25550000e-09  2.50000000e+00  2.50020573e+00 -1.73981216e-03 
 8.25650000e-09  8.25650000e-09  2.50000000e+00  2.50018927e+00 -1.82371942e-03 
 8.25750000e-09  8.25750000e-09  2.50000000e+00  2.50016740e+00 -1.93203016e-03 
 8.25850000e-09  8.25850000e-09  2.50000000e+00  2.50013983e+00 -2.05817016e-03 
 8.25950000e-09  8.25950000e-09  2.50000000e+00  2.50010571e+00 -2.20815068e-03 
 8.26050000e-09  8.26050000e-09  2.50000000e+00  2.50006435e+00 -2.36998970e-03 
 8.26150000e-09  8.26150000e-09  2.50000000e+00  2.50001590e+00 -2.55096381e-03 
 8.26250000e-09  8.26250000e-09  2.50000000e+00  2.49996072e+00 -2.74270960e-03 
 8.26350000e-09  8.26350000e-09  2.50000000e+00  2.49989925e+00 -2.95164374e-03 
 8.26450000e-09  8.26450000e-09  2.50000000e+00  2.49983201e+00 -3.16865080e-03 
 8.26550000e-09  8.26550000e-09  2.50000000e+00  2.49975953e+00 -3.39961362e-03 
 8.26650000e-09  8.26650000e-09  2.50000000e+00  2.49968236e+00 -3.63504174e-03 
 8.26750000e-09  8.26750000e-09  2.50000000e+00  2.49960103e+00 -3.88049236e-03 
 8.26850000e-09  8.26850000e-09  2.50000000e+00  2.49951599e+00 -4.12625610e-03 
 8.26950000e-09  8.26950000e-09  2.50000000e+00  2.49942765e+00 -4.37773338e-03 
 8.27050000e-09  8.27050000e-09  2.50000000e+00  2.49933634e+00 -4.62510867e-03 
 8.27150000e-09  8.27150000e-09  2.50000000e+00  2.49924228e+00 -4.87371085e-03 
 8.27250000e-09  8.27250000e-09  2.50000000e+00  2.49914557e+00 -5.11366610e-03 
 8.27350000e-09  8.27350000e-09  2.50000000e+00  2.49904620e+00 -5.35041808e-03 
 8.27450000e-09  8.27450000e-09  2.50000000e+00  2.49894407e+00 -5.57431755e-03 
 8.27550000e-09  8.27550000e-09  2.50000000e+00  2.49883890e+00 -5.79068692e-03 
 8.27650000e-09  8.27650000e-09  2.50000000e+00  2.49873024e+00 -5.98960358e-03 
 8.27750000e-09  8.27750000e-09  2.50000000e+00  2.49861735e+00 -6.17620106e-03 
 8.27850000e-09  8.27850000e-09  2.50000000e+00  2.49849914e+00 -6.34023323e-03 
 8.27950000e-09  8.27950000e-09  2.50000000e+00  2.49837404e+00 -6.48629270e-03 
 8.28050000e-09  8.28050000e-09  2.50000000e+00  2.49824803e+00 -6.67109645e-03 
 8.28150000e-09  8.28150000e-09  2.50000000e+00  2.49812874e+00 -6.86875838e-03 
 8.28250000e-09  8.28250000e-09  2.50000000e+00  2.49801404e+00 -7.05191402e-03 
 8.28350000e-09  8.28350000e-09  2.50000000e+00  2.49789806e+00 -7.24082086e-03 
 8.28450000e-09  8.28450000e-09  2.50000000e+00  2.49776836e+00 -7.42674885e-03 
 8.28550000e-09  8.28550000e-09  2.50000000e+00  2.49761979e+00 -7.65848848e-03 
 8.28650000e-09  8.28650000e-09  2.50000000e+00  2.49746962e+00 -7.91282394e-03 
 8.28750000e-09  8.28750000e-09  2.50000000e+00  2.49733075e+00 -8.16955617e-03 
 8.28850000e-09  8.28850000e-09  2.50000000e+00  2.49720420e+00 -8.41731591e-03 
 8.28950000e-09  8.28950000e-09  2.50000000e+00  2.49708824e+00 -8.63877594e-03 
 8.29050000e-09  8.29050000e-09  2.50000000e+00  2.49698807e+00 -8.86747076e-03 
 8.29150000e-09  8.29150000e-09  2.50000000e+00  2.49691920e+00 -9.12776919e-03 
 8.29250000e-09  8.29250000e-09  2.50000000e+00  2.49689708e+00 -9.40989018e-03 
 8.29350000e-09  8.29350000e-09  2.50000000e+00  2.49693550e+00 -9.72748028e-03 
 8.29450000e-09  8.29450000e-09  2.50000000e+00  2.49704684e+00 -1.00704934e-02 
 8.29550000e-09  8.29550000e-09  2.50000000e+00  2.49724222e+00 -1.04521599e-02 
 8.29650000e-09  8.29650000e-09  2.50000000e+00  2.49753174e+00 -1.08618808e-02 
 8.29750000e-09  8.29750000e-09  2.50000000e+00  2.49792460e+00 -1.13139879e-02 
 8.29850000e-09  8.29850000e-09  2.50000000e+00  2.49843176e+00 -1.17799142e-02 
 8.29950000e-09  8.29950000e-09  2.50000000e+00  2.49906419e+00 -1.22473077e-02 
 8.30050000e-09  8.30050000e-09  2.50000000e+00  2.49982962e+00 -1.27044403e-02 
 8.30150000e-09  8.30150000e-09  2.50000000e+00  2.50073375e+00 -1.31625245e-02 
 8.30250000e-09  8.30250000e-09  2.50000000e+00  2.50178067e+00 -1.36083921e-02 
 8.30350000e-09  8.30350000e-09  2.50000000e+00  2.50297313e+00 -1.40514915e-02 
 8.30450000e-09  8.30450000e-09  2.50000000e+00  2.50431282e+00 -1.44771764e-02 
 8.30550000e-09  8.30550000e-09  2.50000000e+00  2.50580069e+00 -1.48935895e-02 
 8.30650000e-09  8.30650000e-09  2.50000000e+00  2.50743716e+00 -1.52851475e-02 
 8.30750000e-09  8.30750000e-09  2.50000000e+00  2.50922213e+00 -1.56599659e-02 
 8.30850000e-09  8.30850000e-09  2.50000000e+00  2.51115536e+00 -1.60020316e-02 
 8.30950000e-09  8.30950000e-09  2.50000000e+00  2.51323691e+00 -1.63184232e-02 
 8.31050000e-09  8.31050000e-09  2.50000000e+00  2.51546749e+00 -1.65926290e-02 
 8.31150000e-09  8.31150000e-09  2.50000000e+00  2.51784881e+00 -1.68313817e-02 
 8.31250000e-09  8.31250000e-09  2.50000000e+00  2.52038402e+00 -1.70178878e-02 
 8.31350000e-09  8.31350000e-09  2.50000000e+00  2.52307831e+00 -1.71586615e-02 
 8.31450000e-09  8.31450000e-09  2.50000000e+00  2.52593299e+00 -1.72579740e-02 
 8.31550000e-09  8.31550000e-09  2.50000000e+00  2.52892428e+00 -1.73978415e-02 
 8.31650000e-09  8.31650000e-09  2.50000000e+00  2.53203595e+00 -1.75082184e-02 
 8.31750000e-09  8.31750000e-09  2.50000000e+00  2.53528785e+00 -1.75969570e-02 
 8.31850000e-09  8.31850000e-09  2.50000000e+00  2.53871847e+00 -1.76771634e-02 
 8.31950000e-09  8.31950000e-09  2.50000000e+00  2.54241836e+00 -1.78184801e-02 
 8.32050000e-09  8.32050000e-09  2.50000000e+00  2.54635194e+00 -1.78247621e-02 
 8.32150000e-09  8.32150000e-09  2.50000000e+00  2.55039532e+00 -1.78325271e-02 
 8.32250000e-09  8.32250000e-09  2.50000000e+00  2.55452339e+00 -1.78717206e-02 
 8.32350000e-09  8.32350000e-09  2.50000000e+00  2.55871676e+00 -1.79169456e-02 
 8.32450000e-09  8.32450000e-09  2.50000000e+00  2.56296491e+00 -1.79572135e-02 
 8.32550000e-09  8.32550000e-09  2.50000000e+00  2.56721218e+00 -1.79949707e-02 
 8.32650000e-09  8.32650000e-09  2.50000000e+00  2.57133608e+00 -1.81065655e-02 
 8.32750000e-09  8.32750000e-09  2.50000000e+00  2.57520122e+00 -1.82823319e-02 
 8.32850000e-09  8.32850000e-09  2.50000000e+00  2.57867655e+00 -1.85652245e-02 
 8.32950000e-09  8.32950000e-09  2.50000000e+00  2.58163476e+00 -1.89405984e-02 
 8.33050000e-09  8.33050000e-09  2.50000000e+00  2.58395181e+00 -1.94496340e-02 
 8.33150000e-09  8.33150000e-09  2.50000000e+00  2.58550763e+00 -2.00685342e-02 
 8.33250000e-09  8.33250000e-09  2.50000000e+00  2.58618519e+00 -2.08264172e-02 
 8.33350000e-09  8.33350000e-09  2.50000000e+00  2.58580257e+00 -2.15667310e-02 
 8.33450000e-09  8.33450000e-09  2.50000000e+00  2.58417113e+00 -2.23803511e-02 
 8.33550000e-09  8.33550000e-09  2.50000000e+00  2.58117109e+00 -2.32484876e-02 
 8.33650000e-09  8.33650000e-09  2.50000000e+00  2.57670359e+00 -2.42026473e-02 
 8.33750000e-09  8.33750000e-09  2.50000000e+00  2.57068217e+00 -2.52049397e-02 
 8.33850000e-09  8.33850000e-09  2.50000000e+00  2.56303117e+00 -2.62797627e-02 
 8.33950000e-09  8.33950000e-09  2.50000000e+00  2.55368366e+00 -2.73811819e-02 
 8.34050000e-09  8.34050000e-09  2.50000000e+00  2.54257923e+00 -2.85277251e-02 
 8.34150000e-09  8.34150000e-09  2.50000000e+00  2.52966205e+00 -2.96687172e-02 
 8.34250000e-09  8.34250000e-09  2.50000000e+00  2.51487877e+00 -3.08185263e-02 
 8.34350000e-09  8.34350000e-09  2.50000000e+00  2.49817618e+00 -3.19228299e-02 
 8.34450000e-09  8.34450000e-09  2.50000000e+00  2.47950443e+00 -3.30050987e-02 
 8.34550000e-09  8.34550000e-09  2.50000000e+00  2.45881980e+00 -3.40200732e-02 
 8.34650000e-09  8.34650000e-09  2.50000000e+00  2.43607776e+00 -3.49806379e-02 
 8.34750000e-09  8.34750000e-09  2.50000000e+00  2.41122570e+00 -3.58308003e-02 
 8.34850000e-09  8.34850000e-09  2.50000000e+00  2.38419790e+00 -3.65786848e-02 
 8.34950000e-09  8.34950000e-09  2.50000000e+00  2.35490828e+00 -3.71608115e-02 
 8.35050000e-09  8.35050000e-09  2.50000000e+00  2.32323925e+00 -3.75728591e-02 
 8.35150000e-09  8.35150000e-09  2.50000000e+00  2.28902313e+00 -3.77293813e-02 
 8.35250000e-09  8.35250000e-09  2.50000000e+00  2.25200813e+00 -3.75842476e-02 
 8.35350000e-09  8.35350000e-09  2.50000000e+00  2.21178816e+00 -3.69635690e-02 
 8.35450000e-09  8.35450000e-09  2.50000000e+00  2.16760371e+00 -3.55614668e-02 
 8.35550000e-09  8.35550000e-09  2.50000000e+00  2.11774384e+00 -3.24336085e-02 
 8.35650000e-09  8.35650000e-09  2.50000000e+00  2.06055816e+00 -2.88632052e-02 
 8.35750000e-09  8.35750000e-09  2.50000000e+00  1.99722068e+00 -2.77535608e-02 
 8.35850000e-09  8.35850000e-09  2.50000000e+00  1.92950550e+00 -2.67634537e-02 
 8.35950000e-09  8.35950000e-09  2.50000000e+00  1.85774024e+00 -2.59045982e-02 
 8.36050000e-09  8.36050000e-09  2.50000000e+00  1.78223448e+00 -2.51316123e-02 
 8.36150000e-09  8.36150000e-09  2.50000000e+00  1.70328035e+00 -2.44607652e-02 
 8.36250000e-09  8.36250000e-09  2.50000000e+00  1.62115309e+00 -2.38505994e-02 
 8.36350000e-09  8.36350000e-09  2.50000000e+00  1.53611158e+00 -2.33207933e-02 
 8.36450000e-09  8.36450000e-09  2.50000000e+00  1.44844183e+00 -2.28894851e-02 
 8.36550000e-09  8.36550000e-09  2.50000000e+00  1.35934709e+00 -2.33428812e-02 
 8.36650000e-09  8.36650000e-09  2.50000000e+00  1.27035686e+00 -2.34871309e-02 
 8.36750000e-09  8.36750000e-09  2.50000000e+00  1.18242445e+00 -2.34699251e-02 
 8.36850000e-09  8.36850000e-09  2.50000000e+00  1.09638102e+00 -2.32471010e-02 
 8.36950000e-09  8.36950000e-09  2.50000000e+00  1.01292242e+00 -2.29232850e-02 
 8.37050000e-09  8.37050000e-09  2.50000000e+00  9.32613821e-01 -2.24441369e-02 
 8.37150000e-09  8.37150000e-09  2.50000000e+00  8.55897034e-01 -2.19086293e-02 
 8.37250000e-09  8.37250000e-09  2.50000000e+00  7.83099963e-01 -2.12586915e-02 
 8.37350000e-09  8.37350000e-09  2.50000000e+00  7.14447420e-01 -2.05902805e-02 
 8.37450000e-09  8.37450000e-09  2.50000000e+00  6.50072770e-01 -1.98424747e-02 
 8.37550000e-09  8.37550000e-09  2.50000000e+00  5.90029877e-01 -1.91083143e-02 
 8.37650000e-09  8.37650000e-09  2.50000000e+00  5.34304931e-01 -1.83238264e-02 
 8.37750000e-09  8.37750000e-09  2.50000000e+00  4.82827809e-01 -1.75788782e-02 
 8.37850000e-09  8.37850000e-09  2.50000000e+00  4.35482715e-01 -1.68062523e-02 
 8.37950000e-09  8.37950000e-09  2.50000000e+00  3.92119330e-01 -1.61000967e-02 
 8.38050000e-09  8.38050000e-09  2.50000000e+00  3.52555210e-01 -1.53782097e-02 
 8.38150000e-09  8.38150000e-09  2.50000000e+00  3.16578607e-01 -1.47102943e-02 
 8.38250000e-09  8.38250000e-09  2.50000000e+00  2.83962400e-01 -1.40219750e-02 
 8.38350000e-09  8.38350000e-09  2.50000000e+00  2.54474243e-01 -1.33932643e-02 
 8.38450000e-09  8.38450000e-09  2.50000000e+00  2.27881389e-01 -1.27481166e-02 
 8.38550000e-09  8.38550000e-09  2.50000000e+00  2.03954596e-01 -1.21651468e-02 
 8.38650000e-09  8.38650000e-09  2.50000000e+00  1.82471215e-01 -1.15671780e-02 
 8.38750000e-09  8.38750000e-09  2.50000000e+00  1.63217543e-01 -1.10319280e-02 
 8.38850000e-09  8.38850000e-09  2.50000000e+00  1.45990550e-01 -1.04815240e-02 
 8.38950000e-09  8.38950000e-09  2.50000000e+00  1.30599045e-01 -9.99315879e-03 
 8.39050000e-09  8.39050000e-09  2.50000000e+00  1.16864391e-01 -9.48857662e-03 
 8.39150000e-09  8.39150000e-09  2.50000000e+00  1.04620843e-01 -9.04470281e-03 
 8.39250000e-09  8.39250000e-09  2.50000000e+00  9.37155686e-02 -8.58310699e-03 
 8.39350000e-09  8.39350000e-09  2.50000000e+00  8.40084303e-02 -8.18061215e-03 
 8.39450000e-09  8.39450000e-09  2.50000000e+00  7.53715826e-02 -7.75874101e-03 
 8.39550000e-09  8.39550000e-09  2.50000000e+00  6.76889271e-02 -7.39431072e-03 
 8.39650000e-09  8.39650000e-09  2.50000000e+00  6.08554718e-02 -7.00886759e-03 
 8.39750000e-09  8.39750000e-09  2.50000000e+00  5.47766278e-02 -6.67927252e-03 
 8.39850000e-09  8.39850000e-09  2.50000000e+00  4.93674709e-02 -6.32712836e-03 
 8.39950000e-09  8.39950000e-09  2.50000000e+00  4.45519914e-02 -6.02935977e-03 
 8.40050000e-09  8.40050000e-09  2.50000000e+00  4.02623496e-02 -5.70763651e-03 
 8.40150000e-09  8.40150000e-09  2.50000000e+00  3.64381507e-02 -5.43895030e-03 
 8.40250000e-09  8.40250000e-09  2.50000000e+00  3.30257498e-02 -5.14503609e-03 
 8.40350000e-09  8.40350000e-09  2.50000000e+00  2.99775927e-02 -4.90294766e-03 
 8.40450000e-09  8.40450000e-09  2.50000000e+00  2.72462195e-02 -4.61329498e-03 
 8.40550000e-09  8.40550000e-09  2.50000000e+00  2.47899421e-02 -4.37400925e-03 
 8.40650000e-09  8.40650000e-09  2.50000000e+00  2.25787579e-02 -4.11169002e-03 
 8.40750000e-09  8.40750000e-09  2.50000000e+00  2.05874981e-02 -3.90436123e-03 
 8.40850000e-09  8.40850000e-09  2.50000000e+00  1.87933955e-02 -3.67150600e-03 
 8.40950000e-09  8.40950000e-09  2.50000000e+00  1.71759242e-02 -3.49141469e-03 
 8.41050000e-09  8.41050000e-09  2.50000000e+00  1.57166253e-02 -3.28377798e-03 
 8.41150000e-09  8.41150000e-09  2.50000000e+00  1.43989333e-02 -3.12707003e-03 
 8.41250000e-09  8.41250000e-09  2.50000000e+00  1.32080081e-02 -2.94114500e-03 
 8.41350000e-09  8.41350000e-09  2.50000000e+00  1.21305744e-02 -2.80462296e-03 
 8.41450000e-09  8.41450000e-09  2.50000000e+00  1.11547712e-02 -2.63748874e-03 
 8.41550000e-09  8.41550000e-09  2.50000000e+00  1.02700106e-02 -2.51847974e-03 
 8.41650000e-09  8.41650000e-09  2.50000000e+00  9.46684856e-03 -2.36768631e-03 
 8.41750000e-09  8.41750000e-09  2.50000000e+00  8.73686540e-03 -2.26394099e-03 
 8.41850000e-09  8.41850000e-09  2.50000000e+00  8.07255765e-03 -2.12742006e-03 
 8.41950000e-09  8.41950000e-09  2.50000000e+00  7.46723949e-03 -2.03703378e-03 
 8.42050000e-09  8.42050000e-09  2.50000000e+00  6.91495384e-03 -1.91302883e-03 
 8.42150000e-09  8.42150000e-09  2.50000000e+00  6.41039239e-03 -1.83437936e-03 
 8.42250000e-09  8.42250000e-09  2.50000000e+00  5.94882383e-03 -1.72139010e-03 
 8.42350000e-09  8.42350000e-09  2.50000000e+00  5.52602951e-03 -1.65308801e-03 
 8.42450000e-09  8.42450000e-09  2.50000000e+00  5.13824617e-03 -1.54982596e-03 
 8.42550000e-09  8.42550000e-09  2.50000000e+00  4.78211474e-03 -1.49067484e-03 
 8.42650000e-09  8.42650000e-09  2.50000000e+00  4.45463488e-03 -1.39602767e-03 
 8.42750000e-09  8.42750000e-09  2.50000000e+00  4.15312459e-03 -1.34499206e-03 
 8.42850000e-09  8.42850000e-09  2.50000000e+00  3.87518430e-03 -1.25799473e-03 
 8.42950000e-09  8.42950000e-09  2.50000000e+00  3.61889620e-03 -1.21532555e-03 
 8.43050000e-09  8.43050000e-09  2.50000000e+00  3.38225614e-03 -1.13496001e-03 
 8.43150000e-09  8.43150000e-09  2.50000000e+00  3.16324471e-03 -1.09741391e-03 
 8.43250000e-09  8.43250000e-09  2.50000000e+00  2.96034032e-03 -1.02315906e-03 
 8.43350000e-09  8.43350000e-09  2.50000000e+00  2.77217162e-03 -9.91387539e-04 
 8.43450000e-09  8.43450000e-09  2.50000000e+00  2.59750076e-03 -9.22590148e-04 
 8.43550000e-09  8.43550000e-09  2.50000000e+00  2.43520910e-03 -8.95978515e-04 
 8.43650000e-09  8.43650000e-09  2.50000000e+00  2.28428456e-03 -8.32061533e-04 
 8.43750000e-09  8.43750000e-09  2.50000000e+00  2.14381032e-03 -8.10067619e-04 
 8.43850000e-09  8.43850000e-09  2.50000000e+00  2.01295484e-03 -7.50521265e-04 
 8.43950000e-09  8.43950000e-09  2.50000000e+00  1.89096299e-03 -7.32665394e-04 
 8.44050000e-09  8.44050000e-09  2.50000000e+00  1.77714812e-03 -6.77038009e-04 
 8.44150000e-09  8.44150000e-09  2.50000000e+00  1.67088508e-03 -6.62894633e-04 
 8.44250000e-09  8.44250000e-09  2.50000000e+00  1.57160397e-03 -6.10785029e-04 
 8.44350000e-09  8.44350000e-09  2.50000000e+00  1.47878457e-03 -5.99975714e-04 
 8.44450000e-09  8.44450000e-09  2.50000000e+00  1.39195143e-03 -5.51026733e-04 
 8.44550000e-09  8.44550000e-09  2.50000000e+00  1.31066947e-03 -5.43214233e-04 
 8.44650000e-09  8.44650000e-09  2.50000000e+00  1.23454000e-03 -4.97107289e-04 
 8.44750000e-09  8.44750000e-09  2.50000000e+00  1.16319731e-03 -4.91990514e-04 
 8.44850000e-09  8.44850000e-09  2.50000000e+00  1.09630547e-03 -4.48440937e-04 
 8.44950000e-09  8.44950000e-09  2.50000000e+00  1.03355554e-03 -4.45750646e-04 
 8.45050000e-09  8.45050000e-09  2.50000000e+00  9.74663138e-04 -4.04503696e-04 
 8.45150000e-09  8.45150000e-09  2.50000000e+00  9.19366109e-04 -4.03998790e-04 
 8.45250000e-09  8.45250000e-09  2.50000000e+00  8.67422578e-04 -3.64826213e-04 
 8.45350000e-09  8.45350000e-09  2.50000000e+00  8.18609120e-04 -3.66290536e-04 
 8.45450000e-09  8.45450000e-09  2.50000000e+00  7.72719146e-04 -3.28987579e-04 
 8.45550000e-09  8.45550000e-09  2.50000000e+00  7.29561445e-04 -3.32227134e-04 
 8.45650000e-09  8.45650000e-09  2.50000000e+00  6.88958863e-04 -2.96609947e-04 
 8.45750000e-09  8.45750000e-09  2.50000000e+00  6.50747124e-04 -3.01450465e-04 
 8.45850000e-09  8.45850000e-09  2.50000000e+00  6.14773752e-04 -2.67353828e-04 
 8.45950000e-09  8.45950000e-09  2.50000000e+00  5.80897105e-04 -2.73638638e-04 
 8.46050000e-09  8.46050000e-09  2.50000000e+00  5.48985495e-04 -2.40913963e-04 
 8.46150000e-09  8.46150000e-09  2.50000000e+00  5.18916395e-04 -2.48502119e-04 
 8.46250000e-09  8.46250000e-09  2.50000000e+00  4.90575708e-04 -2.17015690e-04 
 8.46350000e-09  8.46350000e-09  2.50000000e+00  4.63857119e-04 -2.25780316e-04 
 8.46450000e-09  8.46450000e-09  2.50000000e+00  4.38661486e-04 -1.95411732e-04 
 8.46550000e-09  8.46550000e-09  2.50000000e+00  4.14896303e-04 -2.05238559e-04 
 8.46650000e-09  8.46650000e-09  2.50000000e+00  3.92475194e-04 -1.75879355e-04 
 8.46750000e-09  8.46750000e-09  2.50000000e+00  3.71317461e-04 -1.86665419e-04 
 8.46850000e-09  8.46850000e-09  2.50000000e+00  3.51347668e-04 -1.58217844e-04 
 8.46950000e-09  8.46950000e-09  2.50000000e+00  3.32495256e-04 -1.69870332e-04 
 8.47050000e-09  8.47050000e-09  2.50000000e+00  3.14694194e-04 -1.42246253e-04 
 8.47150000e-09  8.47150000e-09  2.50000000e+00  2.97882656e-04 -1.54681469e-04 
 8.47250000e-09  8.47250000e-09  2.50000000e+00  2.82002727e-04 -1.27801400e-04 
 8.47350000e-09  8.47350000e-09  2.50000000e+00  2.67000129e-04 -1.40943850e-04 
 8.47450000e-09  8.47450000e-09  2.50000000e+00  2.52823970e-04 -1.14736082e-04 
 8.47550000e-09  8.47550000e-09  2.50000000e+00  2.39426513e-04 -1.28517648e-04 
 8.47650000e-09  8.47650000e-09  2.50000000e+00  2.26762963e-04 -1.02917470e-04 
 8.47750000e-09  8.47750000e-09  2.50000000e+00  2.14791267e-04 -1.17276675e-04 
 8.47850000e-09  8.47850000e-09  2.50000000e+00  2.03471933e-04 -9.22256783e-05 
 8.47950000e-09  8.47950000e-09  2.50000000e+00  1.92767862e-04 -1.07107025e-04 
 8.48050000e-09  8.48050000e-09  2.50000000e+00  1.82644189e-04 -8.25524759e-05 
 8.48150000e-09  8.48150000e-09  2.50000000e+00  1.73068138e-04 -9.79058550e-05 
 8.48250000e-09  8.48250000e-09  2.50000000e+00  1.64008888e-04 -7.38001369e-05 
 8.48350000e-09  8.48350000e-09  2.50000000e+00  1.55437447e-04 -8.95802967e-05 
 8.48450000e-09  8.48450000e-09  2.50000000e+00  1.47326537e-04 -6.58804030e-05 
 8.48550000e-09  8.48550000e-09  2.50000000e+00  1.39650481e-04 -8.20464701e-05 
 8.48650000e-09  8.48650000e-09  2.50000000e+00  1.32385110e-04 -5.87135532e-05 
 8.48750000e-09  8.48750000e-09  2.50000000e+00  1.25507660e-04 -7.52286034e-05 
 8.48850000e-09  8.48850000e-09  2.50000000e+00  1.18996693e-04 -5.22275662e-05 
 8.48950000e-09  8.48950000e-09  2.50000000e+00  1.12832008e-04 -6.90582383e-05 
 8.49050000e-09  8.49050000e-09  2.50000000e+00  1.06994571e-04 -4.63573682e-05 
 8.49150000e-09  8.49150000e-09  2.50000000e+00  1.01466437e-04 -6.34735155e-05 
 8.49250000e-09  8.49250000e-09  2.50000000e+00  9.62306926e-05 -4.10441538e-05 
 8.49350000e-09  8.49350000e-09  2.50000000e+00  9.12713848e-05 -5.84185315e-05 
 8.49450000e-09  8.49450000e-09  2.50000000e+00  8.65734688e-05 -3.62347763e-05 
 8.49550000e-09  8.49550000e-09  2.50000000e+00  8.21227516e-05 -5.38427587e-05 
 8.49650000e-09  8.49650000e-09  2.50000000e+00  7.79058414e-05 -3.18811971e-05 
 8.49750000e-09  8.49750000e-09  2.50000000e+00  7.39101001e-05 -4.97005235e-05 
 8.49850000e-09  8.49850000e-09  2.50000000e+00  7.01235987e-05 -2.79399899e-05 
 8.49950000e-09  8.49950000e-09  2.50000000e+00  6.65350757e-05 -4.59505353e-05 
 8.50050000e-09  8.50050000e-09  2.50000000e+00  6.31338976e-05 -2.43718938e-05 
 8.50150000e-09  8.50150000e-09  2.50000000e+00  5.99100226e-05 -4.25554621e-05 
 8.50250000e-09  8.50250000e-09  2.50000000e+00  5.68539659e-05 -2.11414099e-05 
 8.50350000e-09  8.50350000e-09  2.50000000e+00  5.39567675e-05 -3.94815478e-05 
 8.50450000e-09  8.50450000e-09  2.50000000e+00  5.12099620e-05 -1.82164385e-05 
 8.50550000e-09  8.50550000e-09  2.50000000e+00  4.86055497e-05 -3.66982665e-05 
 8.50650000e-09  8.50650000e-09  2.50000000e+00  4.61359704e-05 -1.55679500e-05 
 8.50750000e-09  8.50750000e-09  2.50000000e+00  4.37940779e-05 -3.41780112e-05 
 8.50850000e-09  8.50850000e-09  2.50000000e+00  4.15731165e-05 -1.31696895e-05 
 8.50950000e-09  8.50950000e-09  2.50000000e+00  3.94666990e-05 -3.18958125e-05 
 8.51050000e-09  8.51050000e-09  2.50000000e+00  3.74687855e-05 -1.09979098e-05 
 8.51150000e-09  8.51150000e-09  2.50000000e+00  3.55736638e-05 -2.98290848e-05 
 8.51250000e-09  8.51250000e-09  2.50000000e+00  3.37759313e-05 -9.03112946e-06 
 8.51350000e-09  8.51350000e-09  2.50000000e+00  3.20704772e-05 -2.79573968e-05 
 8.51450000e-09  8.51450000e-09  2.50000000e+00  3.04524665e-05 -7.24991576e-06 
 8.51550000e-09  8.51550000e-09  2.50000000e+00  2.89173243e-05 -2.62622649e-05 
 8.51650000e-09  8.51650000e-09  2.50000000e+00  2.74607215e-05 -5.63668762e-06 
 8.51750000e-09  8.51750000e-09  2.50000000e+00  2.60785610e-05 -2.47269663e-05 
 8.51850000e-09  8.51850000e-09  2.50000000e+00  2.47669649e-05 -4.17553814e-06 
 8.51950000e-09  8.51950000e-09  2.50000000e+00  2.35222627e-05 -2.33363699e-05 
 8.52050000e-09  8.52050000e-09  2.50000000e+00  2.23409791e-05 -2.85207414e-06 
 8.52150000e-09  8.52150000e-09  2.50000000e+00  2.12198242e-05 -2.20767842e-05 
 8.52250000e-09  8.52250000e-09  2.50000000e+00  2.01556824e-05 -1.65327121e-06 
 8.52350000e-09  8.52350000e-09  2.50000000e+00  1.91456038e-05 -2.09358193e-05 
 8.52450000e-09  8.52450000e-09  2.50000000e+00  1.81867942e-05 -5.67342807e-07 
 8.52550000e-09  8.52550000e-09  2.50000000e+00  1.72766074e-05 -1.99022623e-05 
 8.52650000e-09  8.52650000e-09  2.50000000e+00  1.64125367e-05  4.16378128e-07 
 8.52750000e-09  8.52750000e-09  2.50000000e+00  1.55922073e-05 -1.89659653e-05 
 8.52850000e-09  8.52850000e-09  2.50000000e+00  1.48133695e-05  1.30754606e-06 
 8.52950000e-09  8.52950000e-09  2.50000000e+00  1.40738918e-05 -1.81177432e-05 
 8.53050000e-09  8.53050000e-09  2.50000000e+00  1.33717542e-05  2.11489953e-06 
 8.53150000e-09  8.53150000e-09  2.50000000e+00  1.27050427e-05 -1.73492821e-05 
 8.53250000e-09  8.53250000e-09  2.50000000e+00  1.20719433e-05  2.84634852e-06 
 8.53350000e-09  8.53350000e-09  2.50000000e+00  1.14707366e-05 -1.66530562e-05 
 8.53450000e-09  8.53450000e-09  2.50000000e+00  1.08997929e-05  3.50905339e-06 
 8.53550000e-09  8.53550000e-09  2.50000000e+00  1.03575675e-05 -1.60222528e-05 
 8.53650000e-09  8.53650000e-09  2.50000000e+00  9.84259575e-06  4.10949630e-06 
 8.53750000e-09  8.53750000e-09  2.50000000e+00  9.35348926e-06 -1.54507042e-05 
 8.53850000e-09  8.53850000e-09  2.50000000e+00  8.88893152e-06  4.65354578e-06 
 8.53950000e-09  8.53950000e-09  2.50000000e+00  8.44767424e-06 -1.49328264e-05 
 8.54050000e-09  8.54050000e-09  2.50000000e+00  8.02853369e-06  5.14651506e-06 
 8.54150000e-09  8.54150000e-09  2.50000000e+00  7.63038731e-06 -1.44635637e-05 
 8.54250000e-09  8.54250000e-09  2.50000000e+00  7.25217045e-06  5.59321489e-06 
 8.54350000e-09  8.54350000e-09  2.50000000e+00  6.89287332e-06 -1.40383384e-05 
 8.54450000e-09  8.54450000e-09  2.50000000e+00  6.55153815e-06  5.99800127e-06 
 8.54550000e-09  8.54550000e-09  2.50000000e+00  6.22725638e-06 -1.36530054e-05 
 8.54650000e-09  8.54650000e-09  2.50000000e+00  5.91916614e-06  6.36481862e-06 
 8.54750000e-09  8.54750000e-09  2.50000000e+00  5.62644977e-06 -1.33038113e-05 
 8.54850000e-09  8.54850000e-09  2.50000000e+00  5.34833153e-06  6.69723885e-06 
 8.54950000e-09  8.54950000e-09  2.50000000e+00  5.08407538e-06 -1.29873568e-05 
 8.55050000e-09  8.55050000e-09  2.50000000e+00  4.83298293e-06  6.99849668e-06 
 8.55150000e-09  8.55150000e-09  2.50000000e+00  4.59439149e-06 -1.27005637e-05 
 8.55250000e-09  8.55250000e-09  2.50000000e+00  4.36767217e-06  7.27152162e-06 
 8.55350000e-09  8.55350000e-09  2.50000000e+00  4.15222816e-06 -1.24406440e-05 
 8.55450000e-09  8.55450000e-09  2.50000000e+00  3.94749306e-06  7.51896684e-06 
 8.55550000e-09  8.55550000e-09  2.50000000e+00  3.75292928e-06 -1.22050728e-05 
 8.55650000e-09  8.55650000e-09  2.50000000e+00  3.56802660e-06  7.74323540e-06 
 8.55750000e-09  8.55750000e-09  2.50000000e+00  3.39230068e-06 -1.19915631e-05 
 8.55850000e-09  8.55850000e-09  2.50000000e+00  3.22529178e-06  7.94650388e-06 
 8.55950000e-09  8.55950000e-09  2.50000000e+00  3.06656349e-06 -1.17980433e-05 
 8.56050000e-09  8.56050000e-09  2.50000000e+00  2.91570149e-06  8.13074382e-06 
 8.56150000e-09  8.56150000e-09  2.50000000e+00  2.77231245e-06 -1.16226370e-05 
 8.56250000e-09  8.56250000e-09  2.50000000e+00  2.63602293e-06  8.29774110e-06 
 8.56350000e-09  8.56350000e-09  2.50000000e+00  2.50647836e-06 -1.14636445e-05 
 8.56450000e-09  8.56450000e-09  2.50000000e+00  2.38334210e-06  8.44911349e-06 
 8.56550000e-09  8.56550000e-09  2.50000000e+00  2.26629447e-06 -1.13195261e-05 
 8.56650000e-09  8.56650000e-09  2.50000000e+00  2.15503193e-06  8.58632652e-06 
 8.56750000e-09  8.56750000e-09  2.50000000e+00  2.04926622e-06 -1.11888867e-05 
 8.56850000e-09  8.56850000e-09  2.50000000e+00  1.94872360e-06  8.71070789e-06 
 8.56950000e-09  8.56950000e-09  2.50000000e+00  1.85314412e-06 -1.10704628e-05 
 8.57050000e-09  8.57050000e-09  2.50000000e+00  1.76228087e-06  8.82346043e-06 
 8.57150000e-09  8.57150000e-09  2.50000000e+00  1.67589936e-06 -1.09631094e-05 
 8.57250000e-09  8.57250000e-09  2.50000000e+00  1.59377688e-06  8.92567391e-06 
 8.57350000e-09  8.57350000e-09  2.50000000e+00  1.51570188e-06 -1.08657892e-05 
 8.57450000e-09  8.57450000e-09  2.50000000e+00  1.44147342e-06  9.01833571e-06 
 8.57550000e-09  8.57550000e-09  2.50000000e+00  1.37090065e-06 -1.07775623e-05 
 8.57650000e-09  8.57650000e-09  2.50000000e+00  1.30380224e-06  9.10234046e-06 
 8.57750000e-09  8.57750000e-09  2.50000000e+00  1.24000597e-06 -1.06975771e-05 
 8.57850000e-09  8.57850000e-09  2.50000000e+00  1.17934821e-06  9.17849875e-06 
 8.57950000e-09  8.57950000e-09  2.50000000e+00  1.12167351e-06 -1.06250622e-05 
 8.58050000e-09  8.58050000e-09  2.50000000e+00  1.06683421e-06  9.24754510e-06 
 8.58150000e-09  8.58150000e-09  2.50000000e+00  1.01468999e-06 -1.05593181e-05 
 8.58250000e-09  8.58250000e-09  2.50000000e+00  9.65107550e-07  9.31014509e-06 
 8.58350000e-09  8.58350000e-09  2.50000000e+00  9.17960232e-07 -1.04997115e-05 
 8.58450000e-09  8.58450000e-09  2.50000000e+00  8.73127691e-07  9.36690187e-06 
 8.58550000e-09  8.58550000e-09  2.50000000e+00  8.30495576e-07 -1.04456680e-05 
 8.58650000e-09  8.58650000e-09  2.50000000e+00  7.89955232e-07  9.41836199e-06 
 8.58750000e-09  8.58750000e-09  2.50000000e+00  7.51403407e-07 -1.03966675e-05 
 8.58850000e-09  8.58850000e-09  2.50000000e+00  7.14741986e-07  9.46502079e-06 
 8.58950000e-09  8.58950000e-09  2.50000000e+00  6.79877731e-07 -1.03522383e-05 
 8.59050000e-09  8.59050000e-09  2.50000000e+00  6.46722037e-07  9.50732714e-06 
 8.59150000e-09  8.59150000e-09  2.50000000e+00  6.15190698e-07 -1.03119531e-05 
 8.59250000e-09  8.59250000e-09  2.50000000e+00  5.85203688e-07  9.54568787e-06 
 8.59350000e-09  8.59350000e-09  2.50000000e+00  5.56684952e-07 -1.02754247e-05 
 8.59450000e-09  8.59450000e-09  2.50000000e+00  5.29562204e-07  9.58047170e-06 
 8.59550000e-09  8.59550000e-09  2.50000000e+00  5.03766744e-07 -1.02423020e-05 
 8.59650000e-09  8.59650000e-09  2.50000000e+00  4.79233274e-07  9.61201281e-06 
 8.59750000e-09  8.59750000e-09  2.50000000e+00  4.55899730e-07 -1.02122668e-05 
 8.59850000e-09  8.59850000e-09  2.50000000e+00  4.33707120e-07  9.64061408e-06 
 8.59950000e-09  8.59950000e-09  2.50000000e+00  4.12599372e-07 -1.01850308e-05 
 8.60050000e-09  8.60050000e-09  2.50000000e+00  3.92523184e-07  9.66655005e-06 
 8.60150000e-09  8.60150000e-09  2.50000000e+00  3.73427892e-07 -1.01603327e-05 
 8.60250000e-09  8.60250000e-09  2.50000000e+00  3.55265335e-07  9.69006956e-06 
 8.60350000e-09  8.60350000e-09  2.50000000e+00  3.37989731e-07 -1.01379355e-05 
 8.60450000e-09  8.60450000e-09  2.50000000e+00  3.21557559e-07  9.71139818e-06 
 8.60550000e-09  8.60550000e-09  2.50000000e+00  3.05927445e-07 -1.01176244e-05 
 8.60650000e-09  8.60650000e-09  2.50000000e+00  2.91060056e-07  9.73074036e-06 
 8.60750000e-09  8.60750000e-09  2.50000000e+00  2.76918001e-07 -1.00992048e-05 
 8.60850000e-09  8.60850000e-09  2.50000000e+00  2.63465731e-07  9.74828144e-06 
 8.60950000e-09  8.60950000e-09  2.50000000e+00  2.50669449e-07 -1.00825002e-05 
 8.61050000e-09  8.61050000e-09  2.50000000e+00  2.38497023e-07  9.76418944e-06 
 8.61150000e-09  8.61150000e-09  2.50000000e+00  2.26917904e-07 -1.00673507e-05 
 8.61250000e-09  8.61250000e-09  2.50000000e+00  2.15903047e-07  9.77861668e-06 
 8.61350000e-09  8.61350000e-09  2.50000000e+00  2.05424836e-07 -1.00536113e-05 
 8.61450000e-09  8.61450000e-09  2.50000000e+00  1.95457013e-07  9.79170122e-06 
 8.61550000e-09  8.61550000e-09  2.50000000e+00  1.85974613e-07 -1.00411504e-05 
 8.61650000e-09  8.61650000e-09  2.50000000e+00  1.76953897e-07  9.80356824e-06 
 8.61750000e-09  8.61750000e-09  2.50000000e+00  1.68372294e-07 -1.00298489e-05 
 8.61850000e-09  8.61850000e-09  2.50000000e+00  1.60208340e-07  9.81433122e-06 
 8.61950000e-09  8.61950000e-09  2.50000000e+00  1.52441628e-07 -1.00195987e-05 
 8.62050000e-09  8.62050000e-09  2.50000000e+00  1.45052750e-07  9.82409306e-06 
 8.62150000e-09  8.62150000e-09  2.50000000e+00  1.38023254e-07 -1.00103019e-05 
 8.62250000e-09  8.62250000e-09  2.50000000e+00  1.31335590e-07  9.83294702e-06 
 8.62350000e-09  8.62350000e-09  2.50000000e+00  1.24973071e-07 -1.00018696e-05 
 8.62450000e-09  8.62450000e-09  2.50000000e+00  1.18919829e-07  9.84097769e-06 
 8.62550000e-09  8.62550000e-09  2.50000000e+00  1.13160772e-07 -9.99422140e-06 
 8.62650000e-09  8.62650000e-09  2.50000000e+00  1.07681550e-07  9.84826175e-06 
 8.62750000e-09  8.62750000e-09  2.50000000e+00  1.02468514e-07 -9.98728417e-06 
 8.62850000e-09  8.62850000e-09  2.50000000e+00  9.75086836e-08  9.85486871e-06 
 8.62950000e-09  8.62950000e-09  2.50000000e+00  9.27897165e-08 -9.98099173e-06 
 8.63050000e-09  8.63050000e-09  2.50000000e+00  8.82998728e-08  9.86086162e-06 
 8.63150000e-09  8.63150000e-09  2.50000000e+00  8.40279878e-08 -9.97528406e-06 
 8.63250000e-09  8.63250000e-09  2.50000000e+00  7.99634428e-08  9.86629764e-06 
 8.63350000e-09  8.63350000e-09  2.50000000e+00  7.60961389e-08 -9.97010674e-06 
 8.63450000e-09  8.63450000e-09  2.50000000e+00  7.24164710e-08  9.87122859e-06 
 8.63550000e-09  8.63550000e-09  2.50000000e+00  6.89153037e-08 -9.96541041e-06 
 8.63650000e-09  8.63650000e-09  2.50000000e+00  6.55839482e-08  9.87570149e-06 
 8.63750000e-09  8.63750000e-09  2.50000000e+00  6.24141399e-08 -9.96115031e-06 
 8.63850000e-09  8.63850000e-09  2.50000000e+00  5.93980186e-08  9.87975893e-06 
 8.63950000e-09  8.63950000e-09  2.50000000e+00  5.65281079e-08 -9.95728586e-06 
 8.64050000e-09  8.64050000e-09  2.50000000e+00  5.37972963e-08  9.88343958e-06 
 8.64150000e-09  8.64150000e-09  2.50000000e+00  5.11988197e-08 -9.95378026e-06 
 8.64250000e-09  8.64250000e-09  2.50000000e+00  4.87262445e-08  9.88677847e-06 
 8.64350000e-09  8.64350000e-09  2.50000000e+00  4.63734506e-08 -9.95060014e-06 
 8.64450000e-09  8.64450000e-09  2.50000000e+00  4.41346167e-08  9.88980738e-06 
 8.64550000e-09  8.64550000e-09  2.50000000e+00  4.20042053e-08 -9.94771523e-06 
 8.64650000e-09  8.64650000e-09  2.50000000e+00  3.99769490e-08  9.89255514e-06 
 8.64750000e-09  8.64750000e-09  2.50000000e+00  3.80478373e-08 -9.94509810e-06 
 8.64850000e-09  8.64850000e-09  2.50000000e+00  3.62121040e-08  9.89504787e-06 
 8.64950000e-09  8.64950000e-09  2.50000000e+00  3.44652150e-08 -9.94272384e-06 
 8.65050000e-09  8.65050000e-09  2.50000000e+00  3.28028576e-08  9.89730929e-06 
 8.65150000e-09  8.65150000e-09  2.50000000e+00  3.12209287e-08 -9.94056989e-06 
 8.65250000e-09  8.65250000e-09  2.50000000e+00  2.97155249e-08  9.89936088e-06 
 8.65350000e-09  8.65350000e-09  2.50000000e+00  2.82829333e-08 -9.93861578e-06 
 8.65450000e-09  8.65450000e-09  2.50000000e+00  2.69196217e-08  9.90122215e-06 
 8.65550000e-09  8.65550000e-09  2.50000000e+00  2.56222300e-08 -9.93684294e-06 
 8.65650000e-09  8.65650000e-09  2.50000000e+00  2.43875617e-08  9.90291077e-06 
 8.65750000e-09  8.65750000e-09  2.50000000e+00  2.32125749e-08 -9.93523453e-06 
 8.65850000e-09  8.65850000e-09  2.50000000e+00  2.20943763e-08  9.90444278e-06 
 8.65950000e-09  8.65950000e-09  2.50000000e+00  2.10302139e-08 -9.93377528e-06 
 8.66050000e-09  8.66050000e-09  2.50000000e+00  2.00174688e-08  9.90583273e-06 
 8.66150000e-09  8.66150000e-09  2.50000000e+00  1.90536493e-08 -9.93245134e-06 
 8.66250000e-09  8.66250000e-09  2.50000000e+00  1.81363852e-08  9.90709381e-06 
 8.66350000e-09  8.66350000e-09  2.50000000e+00  1.72634214e-08 -9.93125014e-06 
 8.66450000e-09  8.66450000e-09  2.50000000e+00  1.64326126e-08  9.90823797e-06 
 8.66550000e-09  8.66550000e-09  2.50000000e+00  1.56419173e-08 -9.93016030e-06 
 8.66650000e-09  8.66650000e-09  2.50000000e+00  1.48893935e-08  9.90927608e-06 
 8.66750000e-09  8.66750000e-09  2.50000000e+00  1.41731933e-08 -9.92917146e-06 
 8.66850000e-09  8.66850000e-09  2.50000000e+00  1.34915588e-08  9.91021798e-06 
 8.66950000e-09  8.66950000e-09  2.50000000e+00  1.28428173e-08 -9.92827427e-06 
 8.67050000e-09  8.67050000e-09  2.50000000e+00  1.22253766e-08  9.91107260e-06 
 8.67150000e-09  8.67150000e-09  2.50000000e+00  1.16377233e-08 -9.92746021e-06 
 8.67250000e-09  8.67250000e-09  2.50000000e+00  1.10784161e-08  9.91184803e-06 
 8.67350000e-09  8.67350000e-09  2.50000000e+00  1.05460840e-08 -9.92672157e-06 
 8.67450000e-09  8.67450000e-09  2.50000000e+00  1.00394228e-08  9.91255162e-06 
 8.67550000e-09  8.67550000e-09  2.50000000e+00  9.55719121e-09 -9.92605136e-06 
 8.67650000e-09  8.67650000e-09  2.50000000e+00  9.09820816e-09  9.91319004e-06 
 8.67750000e-09  8.67750000e-09  2.50000000e+00  8.66135026e-09 -9.92544323e-06 
 8.67850000e-09  8.67850000e-09  2.50000000e+00  8.24554830e-09  9.91376932e-06 
 8.67950000e-09  8.67950000e-09  2.50000000e+00  7.84978449e-09 -9.92489142e-06 
 8.68050000e-09  8.68050000e-09  2.50000000e+00  7.47309061e-09  9.91429496e-06 
 8.68150000e-09  8.68150000e-09  2.50000000e+00  7.11454573e-09 -9.92439070e-06 
 8.68250000e-09  8.68250000e-09  2.50000000e+00  6.77327338e-09  9.91477193e-06 
 8.68350000e-09  8.68350000e-09  2.50000000e+00  6.44843906e-09 -9.92393635e-06 
 8.68450000e-09  8.68450000e-09  2.50000000e+00  6.13924904e-09  9.91520474e-06 
 8.68550000e-09  8.68550000e-09  2.50000000e+00  5.84494812e-09 -9.92352406e-06 
 8.68650000e-09  8.68650000e-09  2.50000000e+00  5.56481749e-09  9.91559748e-06 
 8.68750000e-09  8.68750000e-09  2.50000000e+00  5.29817311e-09 -9.92314994e-06 
 8.68850000e-09  8.68850000e-09  2.50000000e+00  5.04436426e-09  9.91595387e-06 
 8.68950000e-09  8.68950000e-09  2.50000000e+00  4.80277180e-09 -9.92281044e-06 
 8.69050000e-09  8.69050000e-09  2.50000000e+00  4.57280617e-09  9.91627728e-06 
 8.69150000e-09  8.69150000e-09  2.50000000e+00  4.35390613e-09 -9.92250237e-06 
 8.69250000e-09  8.69250000e-09  2.50000000e+00  4.14553828e-09  9.91657075e-06 
 8.69350000e-09  8.69350000e-09  2.50000000e+00  3.94719464e-09 -9.92222280e-06 
 8.69450000e-09  8.69450000e-09  2.50000000e+00  3.75839197e-09  9.91683708e-06 
 8.69550000e-09  8.69550000e-09  2.50000000e+00  3.57867012e-09 -9.92196909e-06 
 8.69650000e-09  8.69650000e-09  2.50000000e+00  3.40759112e-09  9.91707876e-06 
 8.69750000e-09  8.69750000e-09  2.50000000e+00  3.24473832e-09 -9.92173886e-06 
 8.69850000e-09  8.69850000e-09  2.50000000e+00  3.08971543e-09  9.91729808e-06 
 8.69950000e-09  8.69950000e-09  2.50000000e+00  2.94214539e-09 -9.92152992e-06 
 8.70050000e-09  8.70050000e-09  2.50000000e+00  2.80166865e-09  9.91749712e-06 
 8.70150000e-09  8.70150000e-09  2.50000000e+00  2.66794368e-09 -9.92134031e-06 
 8.70250000e-09  8.70250000e-09  2.50000000e+00  2.54064524e-09  9.91767775e-06 
 8.70350000e-09  8.70350000e-09  2.50000000e+00  2.41946365e-09 -9.92116823e-06 
 8.70450000e-09  8.70450000e-09  2.50000000e+00  2.30410428e-09  9.91784168e-06 
 8.70550000e-09  8.70550000e-09  2.50000000e+00  2.19428693e-09 -9.92101207e-06 
 8.70650000e-09  8.70650000e-09  2.50000000e+00  2.08974488e-09  9.91799045e-06 
 8.70750000e-09  8.70750000e-09  2.50000000e+00  1.99022388e-09 -9.92087035e-06 
 8.70850000e-09  8.70850000e-09  2.50000000e+00  1.89548232e-09  9.91812547e-06 
 8.70950000e-09  8.70950000e-09  2.50000000e+00  1.80529015e-09 -9.92074172e-06 
 8.71050000e-09  8.71050000e-09  2.50000000e+00  1.71942832e-09  9.91824800e-06 
 8.71150000e-09  8.71150000e-09  2.50000000e+00  1.63768871e-09 -9.92062499e-06 
 8.71250000e-09  8.71250000e-09  2.50000000e+00  1.55987288e-09  9.91835921e-06 
 8.71350000e-09  8.71350000e-09  2.50000000e+00  1.48579202e-09 -9.92051904e-06 
 8.71450000e-09  8.71450000e-09  2.50000000e+00  1.41526673e-09  9.91846014e-06 
 8.71550000e-09  8.71550000e-09  2.50000000e+00  1.34812573e-09 -9.92042289e-06 
 8.71650000e-09  8.71650000e-09  2.50000000e+00  1.28420621e-09  9.91855174e-06 
 8.71750000e-09  8.71750000e-09  2.50000000e+00  1.22335331e-09 -9.92033562e-06 
 8.71850000e-09  8.71850000e-09  2.50000000e+00  1.16541981e-09  9.91863488e-06 
 8.71950000e-09  8.71950000e-09  2.50000000e+00  1.11026517e-09 -9.92025642e-06 
 8.72050000e-09  8.72050000e-09  2.50000000e+00  1.05775578e-09  9.91871033e-06 
 8.72150000e-09  8.72150000e-09  2.50000000e+00  1.00776450e-09 -9.92018453e-06 
 8.72250000e-09  8.72250000e-09  2.50000000e+00  9.60170348e-10  9.91877882e-06 
 8.72350000e-09  8.72350000e-09  2.50000000e+00  9.14858224e-10 -9.92011929e-06 
 8.72450000e-09  8.72450000e-09  2.50000000e+00  8.71718722e-10  9.91884098e-06 
 8.72550000e-09  8.72550000e-09  2.50000000e+00  8.30647089e-10 -9.92006007e-06 
 8.72650000e-09  8.72650000e-09  2.50000000e+00  7.91544011e-10  9.91889740e-06 
 8.72750000e-09  8.72750000e-09  2.50000000e+00  7.54315088e-10 -9.92000632e-06 
 8.72850000e-09  8.72850000e-09  2.50000000e+00  7.18870217e-10  9.91894860e-06 
 8.72950000e-09  8.72950000e-09  2.50000000e+00  6.85123858e-10 -9.91995754e-06 
 8.73050000e-09  8.73050000e-09  2.50000000e+00  6.52994508e-10  9.91899508e-06 
 8.73150000e-09  8.73150000e-09  2.50000000e+00  6.22404524e-10 -9.91991325e-06 
 8.73250000e-09  8.73250000e-09  2.50000000e+00  5.93279857e-10  9.91903727e-06 
 8.73350000e-09  8.73350000e-09  2.50000000e+00  5.65549971e-10 -9.91987306e-06 
 8.73450000e-09  8.73450000e-09  2.50000000e+00  5.39148100e-10  9.91907556e-06 
 8.73550000e-09  8.73550000e-09  2.50000000e+00  5.14010815e-10 -9.91983658e-06 
 8.73650000e-09  8.73650000e-09  2.50000000e+00  4.90077052e-10  9.91911032e-06 
 8.73750000e-09  8.73750000e-09  2.50000000e+00  4.67289083e-10 -9.91980347e-06 
 8.73850000e-09  8.73850000e-09  2.50000000e+00  4.45591900e-10  9.91914187e-06 
 8.73950000e-09  8.73950000e-09  2.50000000e+00  4.24933389e-10 -9.91977341e-06 
 8.74050000e-09  8.74050000e-09  2.50000000e+00  4.05263893e-10  9.91917050e-06 
 8.74150000e-09  8.74150000e-09  2.50000000e+00  3.86536123e-10 -9.91974612e-06 
 8.74250000e-09  8.74250000e-09  2.50000000e+00  3.68704636e-10  9.91919650e-06 
 8.74350000e-09  8.74350000e-09  2.50000000e+00  3.51726089e-10 -9.91972136e-06 
 8.74450000e-09  8.74450000e-09  2.50000000e+00  3.35559775e-10  9.91922009e-06 
 8.74550000e-09  8.74550000e-09  2.50000000e+00  3.20166741e-10 -9.91969888e-06 
 8.74650000e-09  8.74650000e-09  2.50000000e+00  3.05510051e-10  9.91924151e-06 
 8.74750000e-09  8.74750000e-09  2.50000000e+00  2.91554436e-10 -9.91967847e-06 
 8.74850000e-09  8.74850000e-09  2.50000000e+00  2.78266382e-10  9.91926095e-06 
 8.74950000e-09  8.74950000e-09  2.50000000e+00  2.65613954e-10 -9.91965995e-06 
 8.75050000e-09  8.75050000e-09  2.50000000e+00  2.53566533e-10  9.91927860e-06 
 8.75150000e-09  8.75150000e-09  2.50000000e+00  2.42095168e-10 -9.91964314e-06 
 8.75250000e-09  8.75250000e-09  2.50000000e+00  2.31172223e-10  9.91929462e-06 
 8.75350000e-09  8.75350000e-09  2.50000000e+00  2.20771377e-10 -9.91962787e-06 
 8.75450000e-09  8.75450000e-09  2.50000000e+00  2.10867539e-10  9.91930916e-06 
 8.75550000e-09  8.75550000e-09  2.50000000e+00  2.01437285e-10 -9.91961402e-06 
 8.75650000e-09  8.75650000e-09  2.50000000e+00  1.92457803e-10  9.91932236e-06 
 8.75750000e-09  8.75750000e-09  2.50000000e+00  1.83907072e-10 -9.91960144e-06 
 8.75850000e-09  8.75850000e-09  2.50000000e+00  1.75765003e-10  9.91933435e-06 
 8.75950000e-09  8.75950000e-09  2.50000000e+00  1.68012205e-10 -9.91959002e-06 
 8.76050000e-09  8.76050000e-09  2.50000000e+00  1.60629728e-10  9.91934523e-06 
 8.76150000e-09  8.76150000e-09  2.50000000e+00  1.53599939e-10 -9.91957966e-06 
 8.76250000e-09  8.76250000e-09  2.50000000e+00  1.46905816e-10  9.91935510e-06 
 8.76350000e-09  8.76350000e-09  2.50000000e+00  1.40531130e-10 -9.91957025e-06 
 8.76450000e-09  8.76450000e-09  2.50000000e+00  1.34461053e-10  9.91936407e-06 
 8.76550000e-09  8.76550000e-09  2.50000000e+00  1.28681021e-10 -9.91956171e-06 
 8.76650000e-09  8.76650000e-09  2.50000000e+00  1.23177173e-10  9.91937221e-06 
 8.76750000e-09  8.76750000e-09  2.50000000e+00  1.17935735e-10 -9.91955395e-06 
 8.76850000e-09  8.76850000e-09  2.50000000e+00  1.12944512e-10  9.91937959e-06 
 8.76950000e-09  8.76950000e-09  2.50000000e+00  1.08191835e-10 -9.91954691e-06 
 8.77050000e-09  8.77050000e-09  2.50000000e+00  1.03666036e-10  9.91938630e-06 
 8.77150000e-09  8.77150000e-09  2.50000000e+00  9.93561474e-11 -9.91954052e-06 
 8.77250000e-09  8.77250000e-09  2.50000000e+00  9.52518179e-11  9.91939239e-06 
 8.77350000e-09  8.77350000e-09  2.50000000e+00  9.13433087e-11 -9.91953472e-06 
 8.77450000e-09  8.77450000e-09  2.50000000e+00  8.76213200e-11  9.91939792e-06 
 8.77550000e-09  8.77550000e-09  2.50000000e+00  8.40769031e-11 -9.91952945e-06 
 8.77650000e-09  8.77650000e-09  2.50000000e+00  8.07016355e-11  9.91940294e-06 
 8.77750000e-09  8.77750000e-09  2.50000000e+00  7.74874460e-11 -9.91952467e-06 
 8.77850000e-09  8.77850000e-09  2.50000000e+00  7.44264384e-11  9.91940749e-06 
 8.77950000e-09  8.77950000e-09  2.50000000e+00  7.15114187e-11 -9.91952033e-06 
 8.78050000e-09  8.78050000e-09  2.50000000e+00  6.87356314e-11  9.91941163e-06 
 8.78150000e-09  8.78150000e-09  2.50000000e+00  6.60923211e-11 -9.91951639e-06 
 8.78250000e-09  8.78250000e-09  2.50000000e+00  6.35748200e-11  9.91941538e-06 
 8.78350000e-09  8.78350000e-09  2.50000000e+00  6.11771623e-11 -9.91951281e-06 
 8.78450000e-09  8.78450000e-09  2.50000000e+00  5.88941718e-11  9.91941879e-06 
 8.78550000e-09  8.78550000e-09  2.50000000e+00  5.67201458e-11 -9.91950956e-06 
 8.78650000e-09  8.78650000e-09  2.50000000e+00  5.46492939e-11  9.91942189e-06 
 8.78750000e-09  8.78750000e-09  2.50000000e+00  5.26770540e-11 -9.91950661e-06 
 8.78850000e-09  8.78850000e-09  2.50000000e+00  5.07988640e-11  9.91942470e-06 
 8.78950000e-09  8.78950000e-09  2.50000000e+00  4.90103371e-11 -9.91950394e-06 
 8.79050000e-09  8.79050000e-09  2.50000000e+00  4.73071746e-11  9.91942725e-06 
 8.79150000e-09  8.79150000e-09  2.50000000e+00  4.56850775e-11 -9.91950151e-06 
 8.79250000e-09  8.79250000e-09  2.50000000e+00  4.41403609e-11  9.91942957e-06 
 8.79350000e-09  8.79350000e-09  2.50000000e+00  4.26692525e-11 -9.91949930e-06 
 8.79450000e-09  8.79450000e-09  2.50000000e+00  4.12682427e-11  9.91943167e-06 
 8.79550000e-09  8.79550000e-09  2.50000000e+00  3.99339101e-11 -9.91949729e-06 
 8.79650000e-09  8.79650000e-09  2.50000000e+00  3.86629208e-11  9.91943358e-06 
 8.79750000e-09  8.79750000e-09  2.50000000e+00  3.74523796e-11 -9.91949548e-06 
 8.79850000e-09  8.79850000e-09  2.50000000e+00  3.62995668e-11  9.91943531e-06 
 8.79950000e-09  8.79950000e-09  2.50000000e+00  3.52016749e-11 -9.91949382e-06 
 8.80050000e-09  8.80050000e-09  2.50000000e+00  3.41562474e-11  9.91943689e-06 
 8.80150000e-09  8.80150000e-09  2.50000000e+00  3.31607400e-11 -9.91949232e-06 
 8.80250000e-09  8.80250000e-09  2.50000000e+00  3.22125207e-11  9.91943831e-06 
 8.80350000e-09  8.80350000e-09  2.50000000e+00  3.13092208e-11 -9.91949096e-06 
 8.80450000e-09  8.80450000e-09  2.50000000e+00  3.04489101e-11  9.91943961e-06 
 8.80550000e-09  8.80550000e-09  2.50000000e+00  2.96297462e-11 -9.91948972e-06 
 8.80650000e-09  8.80650000e-09  2.50000000e+00  2.88495358e-11  9.91944079e-06 
 8.80750000e-09  8.80750000e-09  2.50000000e+00  2.81062611e-11 -9.91948860e-06 
 8.80850000e-09  8.80850000e-09  2.50000000e+00  2.73984305e-11  9.91944186e-06 
 8.80950000e-09  8.80950000e-09  2.50000000e+00  2.67243771e-11 -9.91948758e-06 
 8.81050000e-09  8.81050000e-09  2.50000000e+00  2.60825218e-11  9.91944283e-06 
 8.81150000e-09  8.81150000e-09  2.50000000e+00  2.54712854e-11 -9.91948666e-06 
 8.81250000e-09  8.81250000e-09  2.50000000e+00  2.48888254e-11  9.91944371e-06 
 8.81350000e-09  8.81350000e-09  2.50000000e+00  2.43342645e-11 -9.91948582e-06 
 8.81450000e-09  8.81450000e-09  2.50000000e+00  2.38061113e-11  9.91944451e-06 
 8.81550000e-09  8.81550000e-09  2.50000000e+00  2.33028743e-11 -9.91948505e-06 
 8.81650000e-09  8.81650000e-09  2.50000000e+00  2.28235007e-11  9.91944524e-06 
 8.81750000e-09  8.81750000e-09  2.50000000e+00  2.23671131e-11 -9.91948436e-06 
 8.81850000e-09  8.81850000e-09  2.50000000e+00  2.19324834e-11  9.91944590e-06 
 8.81950000e-09  8.81950000e-09  2.50000000e+00  2.15185587e-11 -9.91948373e-06 
 8.82050000e-09  8.82050000e-09  2.50000000e+00  2.11240229e-11  9.91944650e-06 
 8.82150000e-09  8.82150000e-09  2.50000000e+00  2.07483498e-11 -9.91948316e-06 
 8.82250000e-09  8.82250000e-09  2.50000000e+00  2.03904866e-11  9.91944704e-06 
 8.82350000e-09  8.82350000e-09  2.50000000e+00  2.00495558e-11 -9.91948264e-06 
 8.82450000e-09  8.82450000e-09  2.50000000e+00  1.97250311e-11  9.91944754e-06 
 8.82550000e-09  8.82550000e-09  2.50000000e+00  1.94158596e-11 -9.91948217e-06 
 8.82650000e-09  8.82650000e-09  2.50000000e+00  1.91213397e-11  9.91944799e-06 
 8.82750000e-09  8.82750000e-09  2.50000000e+00  1.88407692e-11 -9.91948174e-06 
 8.82850000e-09  8.82850000e-09  2.50000000e+00  1.85736220e-11  9.91944840e-06 
 8.82950000e-09  8.82950000e-09  2.50000000e+00  1.83191083e-11 -9.91948135e-06 
 8.83050000e-09  8.83050000e-09  2.50000000e+00  1.80768772e-11  9.91944876e-06 
 8.83150000e-09  8.83150000e-09  2.50000000e+00  1.78461392e-11 -9.91948100e-06 
 8.83250000e-09  8.83250000e-09  2.50000000e+00  1.76261046e-11  9.91944910e-06 
 8.83350000e-09  8.83350000e-09  2.50000000e+00  1.74164225e-11 -9.91948068e-06 
 8.83450000e-09  8.83450000e-09  2.50000000e+00  1.72167420e-11  9.91944941e-06 
 8.83550000e-09  8.83550000e-09  2.50000000e+00  1.70266244e-11 -9.91948039e-06 
 8.83650000e-09  8.83650000e-09  2.50000000e+00  1.68454555e-11  9.91944968e-06 
 8.83750000e-09  8.83750000e-09  2.50000000e+00  1.66729723e-11 -9.91948013e-06 
 8.83850000e-09  8.83850000e-09  2.50000000e+00  1.65087359e-11  9.91944993e-06 
 8.83950000e-09  8.83950000e-09  2.50000000e+00  1.63523078e-11 -9.91947989e-06 
 8.84050000e-09  8.84050000e-09  2.50000000e+00  1.62033370e-11  9.91945016e-06 
 8.84150000e-09  8.84150000e-09  2.50000000e+00  1.60613849e-11 -9.91947967e-06 
 8.84250000e-09  8.84250000e-09  2.50000000e+00  1.59261882e-11  9.91945037e-06 
 8.84350000e-09  8.84350000e-09  2.50000000e+00  1.57977469e-11 -9.91947947e-06 
 8.84450000e-09  8.84450000e-09  2.50000000e+00  1.56751838e-11  9.91945056e-06 
 8.84550000e-09  8.84550000e-09  2.50000000e+00  1.55581479e-11 -9.91947929e-06 
 8.84650000e-09  8.84650000e-09  2.50000000e+00  1.54468146e-11  9.91945073e-06 
 8.84750000e-09  8.84750000e-09  2.50000000e+00  1.53409207e-11 -9.91947913e-06 
 8.84850000e-09  8.84850000e-09  2.50000000e+00  1.52402909e-11  9.91945089e-06 
 8.84950000e-09  8.84950000e-09  2.50000000e+00  1.51441354e-11 -9.91947898e-06 
 8.85050000e-09  8.85050000e-09  2.50000000e+00  1.50525420e-11  9.91945103e-06 
 8.85150000e-09  8.85150000e-09  2.50000000e+00  1.49654231e-11 -9.91947885e-06 
 8.85250000e-09  8.85250000e-09  2.50000000e+00  1.48823399e-11  9.91945115e-06 
 8.85350000e-09  8.85350000e-09  2.50000000e+00  1.48030291e-11 -9.91947873e-06 
 8.85450000e-09  8.85450000e-09  2.50000000e+00  1.47273155e-11  9.91945127e-06 
 8.85550000e-09  8.85550000e-09  2.50000000e+00  1.46553743e-11 -9.91947861e-06 
 8.85650000e-09  8.85650000e-09  2.50000000e+00  1.45869425e-11  9.91945138e-06 
 8.85750000e-09  8.85750000e-09  2.50000000e+00  1.45216691e-11 -9.91947852e-06 
 8.85850000e-09  8.85850000e-09  2.50000000e+00  1.44595541e-11  9.91945147e-06 
 8.85950000e-09  8.85950000e-09  2.50000000e+00  1.44001588e-11 -9.91947842e-06 
 8.86050000e-09  8.86050000e-09  2.50000000e+00  1.43437464e-11  9.91945156e-06 
 8.86150000e-09  8.86150000e-09  2.50000000e+00  1.42902292e-11 -9.91947834e-06 
 8.86250000e-09  8.86250000e-09  2.50000000e+00  1.42391686e-11  9.91945164e-06 
 8.86350000e-09  8.86350000e-09  2.50000000e+00  1.41904767e-11 -9.91947827e-06 
 8.86450000e-09  8.86450000e-09  2.50000000e+00  1.41442413e-11  9.91945171e-06 
 8.86550000e-09  8.86550000e-09  2.50000000e+00  1.41000239e-11 -9.91947820e-06 
 8.86650000e-09  8.86650000e-09  2.50000000e+00  1.40578243e-11  9.91945178e-06 
 8.86750000e-09  8.86750000e-09  2.50000000e+00  1.40175548e-11 -9.91947813e-06 
 8.86850000e-09  8.86850000e-09  2.50000000e+00  1.39792154e-11  9.91945183e-06 
 8.86950000e-09  8.86950000e-09  2.50000000e+00  1.39428062e-11 -9.91947808e-06 
 8.87050000e-09  8.87050000e-09  2.50000000e+00  1.39081516e-11  9.91945189e-06 
 8.87150000e-09  8.87150000e-09  2.50000000e+00  1.38751640e-11 -9.91947803e-06 
 8.87250000e-09  8.87250000e-09  2.50000000e+00  1.38436678e-11  9.91945194e-06 
 8.87350000e-09  8.87350000e-09  2.50000000e+00  1.38138385e-11 -9.91947798e-06 
 8.87450000e-09  8.87450000e-09  2.50000000e+00  1.37853253e-11  9.91945198e-06 
 8.87550000e-09  8.87550000e-09  2.50000000e+00  1.37580403e-11 -9.91947794e-06 
 8.87650000e-09  8.87650000e-09  2.50000000e+00  1.37320713e-11  9.91945202e-06 
 8.87750000e-09  8.87750000e-09  2.50000000e+00  1.37074183e-11 -9.91947790e-06 
 8.87850000e-09  8.87850000e-09  2.50000000e+00  1.36838181e-11  9.91945206e-06 
 8.87950000e-09  8.87950000e-09  2.50000000e+00  1.36615339e-11 -9.91947786e-06 
 8.88050000e-09  8.88050000e-09  2.50000000e+00  1.36403902e-11  9.91945209e-06 
 8.88150000e-09  8.88150000e-09  2.50000000e+00  1.36199484e-11 -9.91947783e-06 
 8.88250000e-09  8.88250000e-09  2.50000000e+00  1.36004716e-11  9.91945212e-06 
 8.88350000e-09  8.88350000e-09  2.50000000e+00  1.35819600e-11 -9.91947781e-06 
 8.88450000e-09  8.88450000e-09  2.50000000e+00  1.35643256e-11  9.91945215e-06 
 8.88550000e-09  8.88550000e-09  2.50000000e+00  1.35474809e-11 -9.91947778e-06 
 8.88650000e-09  8.88650000e-09  2.50000000e+00  1.35315134e-11  9.91945217e-06 
 8.88750000e-09  8.88750000e-09  2.50000000e+00  1.35163356e-11 -9.91947775e-06 
 8.88850000e-09  8.88850000e-09  2.50000000e+00  1.35018596e-11  9.91945220e-06 
 8.88950000e-09  8.88950000e-09  2.50000000e+00  1.34879978e-11 -9.91947773e-06 
 8.89050000e-09  8.89050000e-09  2.50000000e+00  1.34748379e-11  9.91945222e-06 
 8.89150000e-09  8.89150000e-09  2.50000000e+00  1.34624675e-11 -9.91947771e-06 
 8.89250000e-09  8.89250000e-09  2.50000000e+00  1.34506235e-11  9.91945224e-06 
 8.89350000e-09  8.89350000e-09  2.50000000e+00  1.34393060e-11 -9.91947770e-06 
 8.89450000e-09  8.89450000e-09  2.50000000e+00  1.34284271e-11  9.91945225e-06 
 8.89550000e-09  8.89550000e-09  2.50000000e+00  1.34180745e-11 -9.91947768e-06 
 8.89650000e-09  8.89650000e-09  2.50000000e+00  1.34084239e-11  9.91945227e-06 
 8.89750000e-09  8.89750000e-09  2.50000000e+00  1.33992119e-11 -9.91947766e-06 
 8.89850000e-09  8.89850000e-09  2.50000000e+00  1.33902632e-11  9.91945228e-06 
 8.89950000e-09  8.89950000e-09  2.50000000e+00  1.33817530e-11 -9.91947765e-06 
 8.90050000e-09  8.90050000e-09  2.50000000e+00  1.33736816e-11  9.91945230e-06 
 8.90150000e-09  8.90150000e-09  2.50000000e+00  1.33659611e-11 -9.91947764e-06 
 8.90250000e-09  8.90250000e-09  2.50000000e+00  1.33586792e-11  9.91945231e-06 
 8.90350000e-09  8.90350000e-09  2.50000000e+00  1.33517483e-11 -9.91947763e-06 
 8.90450000e-09  8.90450000e-09  2.50000000e+00  1.33449929e-11  9.91945232e-06 
 8.90550000e-09  8.90550000e-09  2.50000000e+00  1.33384129e-11 -9.91947762e-06 
 8.90650000e-09  8.90650000e-09  2.50000000e+00  1.33320961e-11  9.91945233e-06 
 8.90750000e-09  8.90750000e-09  2.50000000e+00  1.33263935e-11 -9.91947761e-06 
 8.90850000e-09  8.90850000e-09  2.50000000e+00  1.33209540e-11  9.91945233e-06 
 8.90950000e-09  8.90950000e-09  2.50000000e+00  1.33157778e-11 -9.91947760e-06 
 8.91050000e-09  8.91050000e-09  2.50000000e+00  1.33107770e-11  9.91945234e-06 
 8.91150000e-09  8.91150000e-09  2.50000000e+00  1.33061271e-11 -9.91947759e-06 
 8.91250000e-09  8.91250000e-09  2.50000000e+00  1.33018282e-11  9.91945235e-06 
 8.91350000e-09  8.91350000e-09  2.50000000e+00  1.32977047e-11 -9.91947759e-06 
 8.91450000e-09  8.91450000e-09  2.50000000e+00  1.32937568e-11  9.91945236e-06 
 8.91550000e-09  8.91550000e-09  2.50000000e+00  1.32898965e-11 -9.91947758e-06 
 8.91650000e-09  8.91650000e-09  2.50000000e+00  1.32860362e-11  9.91945236e-06 
 8.91750000e-09  8.91750000e-09  2.50000000e+00  1.32823515e-11 -9.91947757e-06 
 8.91850000e-09  8.91850000e-09  2.50000000e+00  1.32790176e-11  9.91945237e-06 
 8.91950000e-09  8.91950000e-09  2.50000000e+00  1.32757715e-11 -9.91947757e-06 
 8.92050000e-09  8.92050000e-09  2.50000000e+00  1.32725253e-11  9.91945237e-06 
 8.92150000e-09  8.92150000e-09  2.50000000e+00  1.32695424e-11 -9.91947757e-06 
 8.92250000e-09  8.92250000e-09  2.50000000e+00  1.32667350e-11  9.91945238e-06 
 8.92350000e-09  8.92350000e-09  2.50000000e+00  1.32640152e-11 -9.91947756e-06 
 8.92450000e-09  8.92450000e-09  2.50000000e+00  1.32614710e-11  9.91945238e-06 
 8.92550000e-09  8.92550000e-09  2.50000000e+00  1.32590145e-11 -9.91947756e-06 
 8.92650000e-09  8.92650000e-09  2.50000000e+00  1.32567334e-11  9.91945238e-06 
 8.92750000e-09  8.92750000e-09  2.50000000e+00  1.32545401e-11 -9.91947755e-06 
 8.92850000e-09  8.92850000e-09  2.50000000e+00  1.32522590e-11  9.91945239e-06 
 8.92950000e-09  8.92950000e-09  2.50000000e+00  1.32500657e-11 -9.91947755e-06 
 8.93050000e-09  8.93050000e-09  2.50000000e+00  1.32480478e-11  9.91945239e-06 
 8.93150000e-09  8.93150000e-09  2.50000000e+00  1.32461177e-11 -9.91947755e-06 
 8.93250000e-09  8.93250000e-09  2.50000000e+00  1.32444508e-11  9.91945239e-06 
 8.93350000e-09  8.93350000e-09  2.50000000e+00  1.32428716e-11 -9.91947754e-06 
 8.93450000e-09  8.93450000e-09  2.50000000e+00  1.32414678e-11  9.91945240e-06 
 8.93550000e-09  8.93550000e-09  2.50000000e+00  1.32403273e-11 -9.91947754e-06 
 8.93650000e-09  8.93650000e-09  2.50000000e+00  1.32390990e-11  9.91945240e-06 
 8.93750000e-09  8.93750000e-09  2.50000000e+00  1.32375198e-11 -9.91947754e-06 
 8.93850000e-09  8.93850000e-09  2.50000000e+00  1.32360284e-11  9.91945240e-06 
 8.93950000e-09  8.93950000e-09  2.50000000e+00  1.32348878e-11 -9.91947754e-06 
 8.94050000e-09  8.94050000e-09  2.50000000e+00  1.32337473e-11  9.91945240e-06 
 8.94150000e-09  8.94150000e-09  2.50000000e+00  1.32327823e-11 -9.91947754e-06 
 8.94250000e-09  8.94250000e-09  2.50000000e+00  1.32318172e-11  9.91945240e-06 
 8.94350000e-09  8.94350000e-09  2.50000000e+00  1.32306767e-11 -9.91947754e-06 
 8.94450000e-09  8.94450000e-09  2.50000000e+00  1.32297116e-11  9.91945240e-06 
 8.94550000e-09  8.94550000e-09  2.50000000e+00  1.32288343e-11 -9.91947753e-06 
 8.94650000e-09  8.94650000e-09  2.50000000e+00  1.32279569e-11  9.91945241e-06 
 8.94750000e-09  8.94750000e-09  2.50000000e+00  1.32272551e-11 -9.91947753e-06 
 8.94850000e-09  8.94850000e-09  2.50000000e+00  1.32265532e-11  9.91945241e-06 
 8.94950000e-09  8.94950000e-09  2.50000000e+00  1.32259391e-11 -9.91947753e-06 
 8.95050000e-09  8.95050000e-09  2.50000000e+00  1.32251495e-11  9.91945241e-06 
 8.95150000e-09  8.95150000e-09  2.50000000e+00  1.32243599e-11 -9.91947753e-06 
 8.95250000e-09  8.95250000e-09  2.50000000e+00  1.32238335e-11  9.91945241e-06 
 8.95350000e-09  8.95350000e-09  2.50000000e+00  1.32231316e-11 -9.91947753e-06 
 8.95450000e-09  8.95450000e-09  2.50000000e+00  1.32224298e-11  9.91945241e-06 
 8.95550000e-09  8.95550000e-09  2.50000000e+00  1.32217279e-11 -9.91947753e-06 
 8.95650000e-09  8.95650000e-09  2.50000000e+00  1.32211138e-11  9.91945241e-06 
 8.95750000e-09  8.95750000e-09  2.50000000e+00  1.32204119e-11 -9.91947753e-06 
 8.95850000e-09  8.95850000e-09  2.50000000e+00  1.32198855e-11  9.91945241e-06 
 8.95950000e-09  8.95950000e-09  2.50000000e+00  1.32197100e-11 -9.91947753e-06 
 8.96050000e-09  8.96050000e-09  2.50000000e+00  1.32193591e-11  9.91945241e-06 
 8.96150000e-09  8.96150000e-09  2.50000000e+00  1.32190082e-11 -9.91947753e-06 
 8.96250000e-09  8.96250000e-09  2.50000000e+00  1.32189204e-11  9.91945241e-06 
 8.96350000e-09  8.96350000e-09  2.50000000e+00  1.32184818e-11 -9.91947752e-06 
 8.96450000e-09  8.96450000e-09  2.50000000e+00  1.32179554e-11  9.91945242e-06 
 8.96550000e-09  8.96550000e-09  2.50000000e+00  1.32173412e-11 -9.91947753e-06 
 8.96650000e-09  8.96650000e-09  2.50000000e+00  1.32169903e-11  9.91945242e-06 
 8.96750000e-09  8.96750000e-09  2.50000000e+00  1.32169026e-11 -9.91947752e-06 
 8.96850000e-09  8.96850000e-09  2.50000000e+00  1.32166394e-11  9.91945241e-06 
 8.96950000e-09  8.96950000e-09  2.50000000e+00  1.32162007e-11 -9.91947752e-06 
 8.97050000e-09  8.97050000e-09  2.50000000e+00  1.32158498e-11  9.91945242e-06 
 8.97150000e-09  8.97150000e-09  2.50000000e+00  1.32155866e-11 -9.91947752e-06 
 8.97250000e-09  8.97250000e-09  2.50000000e+00  1.32154111e-11  9.91945242e-06 
 8.97350000e-09  8.97350000e-09  2.50000000e+00  1.32151479e-11 -9.91947752e-06 
 8.97450000e-09  8.97450000e-09  2.50000000e+00  1.32149724e-11  9.91945242e-06 
 8.97550000e-09  8.97550000e-09  2.50000000e+00  1.32147970e-11 -9.91947752e-06 
 8.97650000e-09  8.97650000e-09  2.50000000e+00  1.32147092e-11  9.91945242e-06 
 8.97750000e-09  8.97750000e-09  2.50000000e+00  1.32144460e-11 -9.91947752e-06 
 8.97850000e-09  8.97850000e-09  2.50000000e+00  1.32138319e-11  9.91945242e-06 
 8.97950000e-09  8.97950000e-09  2.50000000e+00  1.32133932e-11 -9.91947752e-06 
 8.98050000e-09  8.98050000e-09  2.50000000e+00  1.32134810e-11  9.91945242e-06 
 8.98150000e-09  8.98150000e-09  2.50000000e+00  1.32136564e-11 -9.91947752e-06 
 8.98250000e-09  8.98250000e-09  2.50000000e+00  1.32137442e-11  9.91945242e-06 
 8.98350000e-09  8.98350000e-09  2.50000000e+00  1.32137442e-11 -9.91947752e-06 
 8.98450000e-09  8.98450000e-09  2.50000000e+00  1.32137442e-11  9.91945242e-06 
 8.98550000e-09  8.98550000e-09  2.50000000e+00  1.32137442e-11 -9.91947752e-06 
 8.98650000e-09  8.98650000e-09  2.50000000e+00  1.32136564e-11  9.91945242e-06 
 8.98750000e-09  8.98750000e-09  2.50000000e+00  1.32135687e-11 -9.91947752e-06 
 8.98850000e-09  8.98850000e-09  2.50000000e+00  1.32133932e-11  9.91945242e-06 
 8.98950000e-09  8.98950000e-09  2.50000000e+00  1.32133932e-11 -9.91947752e-06 
 8.99050000e-09  8.99050000e-09  2.50000000e+00  1.32133932e-11  9.91945242e-06 
 8.99150000e-09  8.99150000e-09  2.50000000e+00  1.32130423e-11 -9.91947752e-06 
 8.99250000e-09  8.99250000e-09  2.50000000e+00  1.32125159e-11  9.91945242e-06 
 8.99350000e-09  8.99350000e-09  2.50000000e+00  1.32121650e-11 -9.91947752e-06 
 8.99450000e-09  8.99450000e-09  2.50000000e+00  1.32120772e-11  9.91945242e-06 
 8.99550000e-09  8.99550000e-09  2.50000000e+00  1.32120772e-11 -9.91947752e-06 
 8.99650000e-09  8.99650000e-09  2.50000000e+00  1.32120772e-11  9.91945242e-06 
 8.99750000e-09  8.99750000e-09  2.50000000e+00  1.32120772e-11 -9.91947752e-06 
 8.99850000e-09  8.99850000e-09  2.50000000e+00  1.32119018e-11  9.91945242e-06 
 8.99950000e-09  8.99950000e-09  2.50000000e+00  1.32119018e-11 -9.91947752e-06 
 9.00050000e-09  9.00050000e-09  2.50000000e+00  1.32120772e-11  9.91945242e-06 
 9.00150000e-09  9.00150000e-09  2.50000000e+00  1.32119895e-11 -9.91947752e-06 
 9.00250000e-09  9.00250000e-09  2.50000000e+00  1.32117263e-11  9.91945242e-06 
 9.00350000e-09  9.00350000e-09  2.50000000e+00  1.32114631e-11 -9.91947752e-06 
 9.00450000e-09  9.00450000e-09  2.50000000e+00  1.32114631e-11  9.91945242e-06 
 9.00550000e-09  9.00550000e-09  2.50000000e+00  1.32113754e-11 -9.91947752e-06 
 9.00650000e-09  9.00650000e-09  2.50000000e+00  1.32112876e-11  9.91945242e-06 
 9.00750000e-09  9.00750000e-09  2.50000000e+00  1.32112876e-11 -9.91947752e-06 
 9.00850000e-09  9.00850000e-09  2.50000000e+00  1.32111999e-11  9.91945242e-06 
 9.00950000e-09  9.00950000e-09  2.50000000e+00  1.32111999e-11 -9.91947752e-06 
 9.01050000e-09  9.01050000e-09  2.50000000e+00  1.32111122e-11  9.91945242e-06 
 9.01150000e-09  9.01150000e-09  2.50000000e+00  1.32110244e-11 -9.91947752e-06 
 9.01250000e-09  9.01250000e-09  2.50000000e+00  1.32109367e-11  9.91945242e-06 
 9.01350000e-09  9.01350000e-09  2.50000000e+00  1.32108490e-11 -9.91947752e-06 
 9.01450000e-09  9.01450000e-09  2.50000000e+00  1.32108490e-11  9.91945242e-06 
 9.01550000e-09  9.01550000e-09  2.50000000e+00  1.32108490e-11 -9.91947752e-06 
 9.01650000e-09  9.01650000e-09  2.50000000e+00  1.32109367e-11  9.91945242e-06 
 9.01750000e-09  9.01750000e-09  2.50000000e+00  1.32111122e-11 -9.91947752e-06 
 9.01850000e-09  9.01850000e-09  2.50000000e+00  1.32112876e-11  9.91945242e-06 
 9.01950000e-09  9.01950000e-09  2.50000000e+00  1.32111999e-11 -9.91947752e-06 
 9.02050000e-09  9.02050000e-09  2.50000000e+00  1.32111122e-11  9.91945242e-06 
 9.02150000e-09  9.02150000e-09  2.50000000e+00  1.32111122e-11 -9.91947752e-06 
 9.02250000e-09  9.02250000e-09  2.50000000e+00  1.32111999e-11  9.91945242e-06 
 9.02350000e-09  9.02350000e-09  2.50000000e+00  1.32111122e-11 -9.91947752e-06 
 9.02450000e-09  9.02450000e-09  2.50000000e+00  1.32109367e-11  9.91945242e-06 
 9.02550000e-09  9.02550000e-09  2.50000000e+00  1.32107612e-11 -9.91947752e-06 
 9.02650000e-09  9.02650000e-09  2.50000000e+00  1.32105858e-11  9.91945242e-06 
 9.02750000e-09  9.02750000e-09  2.50000000e+00  1.32104981e-11 -9.91947752e-06 
 9.02850000e-09  9.02850000e-09  2.50000000e+00  1.32104103e-11  9.91945242e-06 
 9.02950000e-09  9.02950000e-09  2.50000000e+00  1.32103226e-11 -9.91947752e-06 
 9.03050000e-09  9.03050000e-09  2.50000000e+00  1.32103226e-11  9.91945242e-06 
 9.03150000e-09  9.03150000e-09  2.50000000e+00  1.32104103e-11 -9.91947752e-06 
 9.03250000e-09  9.03250000e-09  2.50000000e+00  1.32104103e-11  9.91945242e-06 
 9.03350000e-09  9.03350000e-09  2.50000000e+00  1.32104981e-11 -9.91947752e-06 
 9.03450000e-09  9.03450000e-09  2.50000000e+00  1.32104981e-11  9.91945242e-06 
 9.03550000e-09  9.03550000e-09  2.50000000e+00  1.32103226e-11 -9.91947752e-06 
 9.03650000e-09  9.03650000e-09  2.50000000e+00  1.32103226e-11  9.91945242e-06 
 9.03750000e-09  9.03750000e-09  2.50000000e+00  1.32104981e-11 -9.91947752e-06 
 9.03850000e-09  9.03850000e-09  2.50000000e+00  1.32105858e-11  9.91945242e-06 
 9.03950000e-09  9.03950000e-09  2.50000000e+00  1.32105858e-11 -9.91947752e-06 
 9.04050000e-09  9.04050000e-09  2.50000000e+00  1.32107612e-11  9.91945242e-06 
 9.04150000e-09  9.04150000e-09  2.50000000e+00  1.32109367e-11 -9.91947752e-06 
 9.04250000e-09  9.04250000e-09  2.50000000e+00  1.32107612e-11  9.91945242e-06 
 9.04350000e-09  9.04350000e-09  2.50000000e+00  1.32105858e-11 -9.91947752e-06 
 9.04450000e-09  9.04450000e-09  2.50000000e+00  1.32106735e-11  9.91945242e-06 
 9.04550000e-09  9.04550000e-09  2.50000000e+00  1.32108490e-11 -9.91947752e-06 
 9.04650000e-09  9.04650000e-09  2.50000000e+00  1.32107612e-11  9.91945242e-06 
 9.04750000e-09  9.04750000e-09  2.50000000e+00  1.32106735e-11 -9.91947752e-06 
 9.04850000e-09  9.04850000e-09  2.50000000e+00  1.32107612e-11  9.91945242e-06 
 9.04950000e-09  9.04950000e-09  2.50000000e+00  1.32107612e-11 -9.91947752e-06 
 9.05050000e-09  9.05050000e-09  2.50000000e+00  1.32107612e-11  9.91945242e-06 
 9.05150000e-09  9.05150000e-09  2.50000000e+00  1.32107612e-11 -9.91947752e-06 
 9.05250000e-09  9.05250000e-09  2.50000000e+00  1.32107612e-11  9.91945242e-06 
 9.05350000e-09  9.05350000e-09  2.50000000e+00  1.32107612e-11 -9.91947752e-06 
 9.05450000e-09  9.05450000e-09  2.50000000e+00  1.32107612e-11  9.91945242e-06 
 9.05550000e-09  9.05550000e-09  2.50000000e+00  1.32107612e-11 -9.91947752e-06 
 9.05650000e-09  9.05650000e-09  2.50000000e+00  1.32107612e-11  9.91945242e-06 
 9.05750000e-09  9.05750000e-09  2.50000000e+00  1.32107612e-11 -9.91947752e-06 
 9.05850000e-09  9.05850000e-09  2.50000000e+00  1.32107612e-11  9.91945242e-06 
 9.05950000e-09  9.05950000e-09  2.50000000e+00  1.32107612e-11 -9.91947752e-06 
 9.06050000e-09  9.06050000e-09  2.50000000e+00  1.32107612e-11  9.91945242e-06 
 9.06150000e-09  9.06150000e-09  2.50000000e+00  1.32107612e-11 -9.91947752e-06 
 9.06250000e-09  9.06250000e-09  2.50000000e+00  1.32107612e-11  9.91945242e-06 
 9.06350000e-09  9.06350000e-09  2.50000000e+00  1.32107612e-11 -9.91947752e-06 
 9.06450000e-09  9.06450000e-09  2.50000000e+00  1.32107612e-11  9.91945242e-06 
 9.06550000e-09  9.06550000e-09  2.50000000e+00  1.32107612e-11 -9.91947752e-06 
 9.06650000e-09  9.06650000e-09  2.50000000e+00  1.32107612e-11  9.91945242e-06 
 9.06750000e-09  9.06750000e-09  2.50000000e+00  1.32107612e-11 -9.91947752e-06 
 9.06850000e-09  9.06850000e-09  2.50000000e+00  1.32107612e-11  9.91945242e-06 
 9.06950000e-09  9.06950000e-09  2.50000000e+00  1.32107612e-11 -9.91947752e-06 
 9.07050000e-09  9.07050000e-09  2.50000000e+00  1.32107612e-11  9.91945242e-06 
 9.07150000e-09  9.07150000e-09  2.50000000e+00  1.32107612e-11 -9.91947752e-06 
 9.07250000e-09  9.07250000e-09  2.50000000e+00  1.32107612e-11  9.91945242e-06 
 9.07350000e-09  9.07350000e-09  2.50000000e+00  1.32107612e-11 -9.91947752e-06 
 9.07450000e-09  9.07450000e-09  2.50000000e+00  1.32107612e-11  9.91945242e-06 
 9.07550000e-09  9.07550000e-09  2.50000000e+00  1.32107612e-11 -9.91947752e-06 
 9.07650000e-09  9.07650000e-09  2.50000000e+00  1.32107612e-11  9.91945242e-06 
 9.07750000e-09  9.07750000e-09  2.50000000e+00  1.32107612e-11 -9.91947752e-06 
 9.07850000e-09  9.07850000e-09  2.50000000e+00  1.32107612e-11  9.91945242e-06 
 9.07950000e-09  9.07950000e-09  2.50000000e+00  1.32107612e-11 -9.91947752e-06 
 9.08050000e-09  9.08050000e-09  2.50000000e+00  1.32107612e-11  9.91945242e-06 
 9.08150000e-09  9.08150000e-09  2.50000000e+00  1.32107612e-11 -9.91947752e-06 
 9.08250000e-09  9.08250000e-09  2.50000000e+00  1.32107612e-11  9.91945242e-06 
 9.08350000e-09  9.08350000e-09  2.50000000e+00  1.32107612e-11 -9.91947752e-06 
 9.08450000e-09  9.08450000e-09  2.50000000e+00  1.32106735e-11  9.91945242e-06 
 9.08550000e-09  9.08550000e-09  2.50000000e+00  1.32105858e-11 -9.91947752e-06 
 9.08650000e-09  9.08650000e-09  2.50000000e+00  1.32105858e-11  9.91945242e-06 
 9.08750000e-09  9.08750000e-09  2.50000000e+00  1.32105858e-11 -9.91947752e-06 
 9.08850000e-09  9.08850000e-09  2.50000000e+00  1.32105858e-11  9.91945242e-06 
 9.08950000e-09  9.08950000e-09  2.50000000e+00  1.32105858e-11 -9.91947752e-06 
 9.09050000e-09  9.09050000e-09  2.50000000e+00  1.32105858e-11  9.91945242e-06 
 9.09150000e-09  9.09150000e-09  2.50000000e+00  1.32105858e-11 -9.91947752e-06 
 9.09250000e-09  9.09250000e-09  2.50000000e+00  1.32105858e-11  9.91945242e-06 
 9.09350000e-09  9.09350000e-09  2.50000000e+00  1.32104981e-11 -9.91947752e-06 
 9.09450000e-09  9.09450000e-09  2.50000000e+00  1.32103226e-11  9.91945242e-06 
 9.09550000e-09  9.09550000e-09  2.50000000e+00  1.32102349e-11 -9.91947752e-06 
 9.09650000e-09  9.09650000e-09  2.50000000e+00  1.32102349e-11  9.91945242e-06 
 9.09750000e-09  9.09750000e-09  2.50000000e+00  1.32104103e-11 -9.91947752e-06 
 9.09850000e-09  9.09850000e-09  2.50000000e+00  1.32104103e-11  9.91945242e-06 
 9.09950000e-09  9.09950000e-09  2.50000000e+00  1.32104981e-11 -9.91947752e-06 
 9.10050000e-09  9.10050000e-09  2.50000000e+00  1.32107612e-11  9.91945242e-06 
 9.10150000e-09  9.10150000e-09  2.50000000e+00  1.32107612e-11 -9.91947752e-06 
 9.10250000e-09  9.10250000e-09  2.50000000e+00  1.32107612e-11  9.91945242e-06 
 9.10350000e-09  9.10350000e-09  2.50000000e+00  1.32107612e-11 -9.91947752e-06 
 9.10450000e-09  9.10450000e-09  2.50000000e+00  1.32106735e-11  9.91945242e-06 
 9.10550000e-09  9.10550000e-09  2.50000000e+00  1.32104981e-11 -9.91947752e-06 
 9.10650000e-09  9.10650000e-09  2.50000000e+00  1.32104103e-11  9.91945242e-06 
 9.10750000e-09  9.10750000e-09  2.50000000e+00  1.32103226e-11 -9.91947752e-06 
 9.10850000e-09  9.10850000e-09  2.50000000e+00  1.32102349e-11  9.91945242e-06 
 9.10950000e-09  9.10950000e-09  2.50000000e+00  1.32103226e-11 -9.91947752e-06 
 9.11050000e-09  9.11050000e-09  2.50000000e+00  1.32104981e-11  9.91945242e-06 
 9.11150000e-09  9.11150000e-09  2.50000000e+00  1.32105858e-11 -9.91947752e-06 
 9.11250000e-09  9.11250000e-09  2.50000000e+00  1.32105858e-11  9.91945242e-06 
 9.11350000e-09  9.11350000e-09  2.50000000e+00  1.32105858e-11 -9.91947752e-06 
 9.11450000e-09  9.11450000e-09  2.50000000e+00  1.32105858e-11  9.91945242e-06 
 9.11550000e-09  9.11550000e-09  2.50000000e+00  1.32105858e-11 -9.91947752e-06 
 9.11650000e-09  9.11650000e-09  2.50000000e+00  1.32105858e-11  9.91945242e-06 
 9.11750000e-09  9.11750000e-09  2.50000000e+00  1.32104981e-11 -9.91947752e-06 
 9.11850000e-09  9.11850000e-09  2.50000000e+00  1.32103226e-11  9.91945242e-06 
 9.11950000e-09  9.11950000e-09  2.50000000e+00  1.32102349e-11 -9.91947752e-06 
 9.12050000e-09  9.12050000e-09  2.50000000e+00  1.32102349e-11  9.91945242e-06 
 9.12150000e-09  9.12150000e-09  2.50000000e+00  1.32104103e-11 -9.91947752e-06 
 9.12250000e-09  9.12250000e-09  2.50000000e+00  1.32105858e-11  9.91945242e-06 
 9.12350000e-09  9.12350000e-09  2.50000000e+00  1.32107612e-11 -9.91947752e-06 
 9.12450000e-09  9.12450000e-09  2.50000000e+00  1.32109367e-11  9.91945242e-06 
 9.12550000e-09  9.12550000e-09  2.50000000e+00  1.32111122e-11 -9.91947752e-06 
 9.12650000e-09  9.12650000e-09  2.50000000e+00  1.32111122e-11  9.91945242e-06 
 9.12750000e-09  9.12750000e-09  2.50000000e+00  1.32110244e-11 -9.91947752e-06 
 9.12850000e-09  9.12850000e-09  2.50000000e+00  1.32110244e-11  9.91945242e-06 
 9.12950000e-09  9.12950000e-09  2.50000000e+00  1.32110244e-11 -9.91947752e-06 
 9.13050000e-09  9.13050000e-09  2.50000000e+00  1.32109367e-11  9.91945242e-06 
 9.13150000e-09  9.13150000e-09  2.50000000e+00  1.32109367e-11 -9.91947752e-06 
 9.13250000e-09  9.13250000e-09  2.50000000e+00  1.32110244e-11  9.91945242e-06 
 9.13350000e-09  9.13350000e-09  2.50000000e+00  1.32111999e-11 -9.91947752e-06 
 9.13450000e-09  9.13450000e-09  2.50000000e+00  1.32112876e-11  9.91945242e-06 
 9.13550000e-09  9.13550000e-09  2.50000000e+00  1.32112876e-11 -9.91947752e-06 
 9.13650000e-09  9.13650000e-09  2.50000000e+00  1.32111122e-11  9.91945242e-06 
 9.13750000e-09  9.13750000e-09  2.50000000e+00  1.32109367e-11 -9.91947752e-06 
 9.13850000e-09  9.13850000e-09  2.50000000e+00  1.32108490e-11  9.91945242e-06 
 9.13950000e-09  9.13950000e-09  2.50000000e+00  1.32107612e-11 -9.91947752e-06 
 9.14050000e-09  9.14050000e-09  2.50000000e+00  1.32104981e-11  9.91945242e-06 
 9.14150000e-09  9.14150000e-09  2.50000000e+00  1.32103226e-11 -9.91947752e-06 
 9.14250000e-09  9.14250000e-09  2.50000000e+00  1.32103226e-11  9.91945242e-06 
 9.14350000e-09  9.14350000e-09  2.50000000e+00  1.32103226e-11 -9.91947752e-06 
 9.14450000e-09  9.14450000e-09  2.50000000e+00  1.32103226e-11  9.91945242e-06 
 9.14550000e-09  9.14550000e-09  2.50000000e+00  1.32104103e-11 -9.91947752e-06 
 9.14650000e-09  9.14650000e-09  2.50000000e+00  1.32103226e-11  9.91945242e-06 
 9.14750000e-09  9.14750000e-09  2.50000000e+00  1.32101471e-11 -9.91947752e-06 
 9.14850000e-09  9.14850000e-09  2.50000000e+00  1.32102349e-11  9.91945242e-06 
 9.14950000e-09  9.14950000e-09  2.50000000e+00  1.32103226e-11 -9.91947752e-06 
 9.15050000e-09  9.15050000e-09  2.50000000e+00  1.32103226e-11  9.91945242e-06 
 9.15150000e-09  9.15150000e-09  2.50000000e+00  1.32104103e-11 -9.91947752e-06 
 9.15250000e-09  9.15250000e-09  2.50000000e+00  1.32104981e-11  9.91945242e-06 
 9.15350000e-09  9.15350000e-09  2.50000000e+00  1.32103226e-11 -9.91947752e-06 
 9.15450000e-09  9.15450000e-09  2.50000000e+00  1.32102349e-11  9.91945242e-06 
 9.15550000e-09  9.15550000e-09  2.50000000e+00  1.32103226e-11 -9.91947752e-06 
 9.15650000e-09  9.15650000e-09  2.50000000e+00  1.32104103e-11  9.91945242e-06 
 9.15750000e-09  9.15750000e-09  2.50000000e+00  1.32104981e-11 -9.91947752e-06 
 9.15850000e-09  9.15850000e-09  2.50000000e+00  1.32104103e-11  9.91945242e-06 
 9.15950000e-09  9.15950000e-09  2.50000000e+00  1.32103226e-11 -9.91947752e-06 
 9.16050000e-09  9.16050000e-09  2.50000000e+00  1.32103226e-11  9.91945242e-06 
 9.16150000e-09  9.16150000e-09  2.50000000e+00  1.32104103e-11 -9.91947752e-06 
 9.16250000e-09  9.16250000e-09  2.50000000e+00  1.32104981e-11  9.91945242e-06 
 9.16350000e-09  9.16350000e-09  2.50000000e+00  1.32103226e-11 -9.91947752e-06 
 9.16450000e-09  9.16450000e-09  2.50000000e+00  1.32102349e-11  9.91945242e-06 
 9.16550000e-09  9.16550000e-09  2.50000000e+00  1.32104103e-11 -9.91947752e-06 
 9.16650000e-09  9.16650000e-09  2.50000000e+00  1.32104981e-11  9.91945242e-06 
 9.16750000e-09  9.16750000e-09  2.50000000e+00  1.32104103e-11 -9.91947752e-06 
 9.16850000e-09  9.16850000e-09  2.50000000e+00  1.32104103e-11  9.91945242e-06 
 9.16950000e-09  9.16950000e-09  2.50000000e+00  1.32104103e-11 -9.91947752e-06 
 9.17050000e-09  9.17050000e-09  2.50000000e+00  1.32103226e-11  9.91945242e-06 
 9.17150000e-09  9.17150000e-09  2.50000000e+00  1.32102349e-11 -9.91947752e-06 
 9.17250000e-09  9.17250000e-09  2.50000000e+00  1.32104103e-11  9.91945242e-06 
 9.17350000e-09  9.17350000e-09  2.50000000e+00  1.32105858e-11 -9.91947752e-06 
 9.17450000e-09  9.17450000e-09  2.50000000e+00  1.32107612e-11  9.91945242e-06 
 9.17550000e-09  9.17550000e-09  2.50000000e+00  1.32107612e-11 -9.91947752e-06 
 9.17650000e-09  9.17650000e-09  2.50000000e+00  1.32104981e-11  9.91945242e-06 
 9.17750000e-09  9.17750000e-09  2.50000000e+00  1.32102349e-11 -9.91947752e-06 
 9.17850000e-09  9.17850000e-09  2.50000000e+00  1.32101471e-11  9.91945242e-06 
 9.17950000e-09  9.17950000e-09  2.50000000e+00  1.32101471e-11 -9.91947752e-06 
 9.18050000e-09  9.18050000e-09  2.50000000e+00  1.32103226e-11  9.91945242e-06 
 9.18150000e-09  9.18150000e-09  2.50000000e+00  1.32104103e-11 -9.91947752e-06 
 9.18250000e-09  9.18250000e-09  2.50000000e+00  1.32104103e-11  9.91945242e-06 
 9.18350000e-09  9.18350000e-09  2.50000000e+00  1.32104103e-11 -9.91947752e-06 
 9.18450000e-09  9.18450000e-09  2.50000000e+00  1.32104103e-11  9.91945242e-06 
 9.18550000e-09  9.18550000e-09  2.50000000e+00  1.32104103e-11 -9.91947752e-06 
 9.18650000e-09  9.18650000e-09  2.50000000e+00  1.32104103e-11  9.91945242e-06 
 9.18750000e-09  9.18750000e-09  2.50000000e+00  1.32104103e-11 -9.91947752e-06 
 9.18850000e-09  9.18850000e-09  2.50000000e+00  1.32104103e-11  9.91945242e-06 
 9.18950000e-09  9.18950000e-09  2.50000000e+00  1.32104103e-11 -9.91947752e-06 
 9.19050000e-09  9.19050000e-09  2.50000000e+00  1.32104103e-11  9.91945242e-06 
 9.19150000e-09  9.19150000e-09  2.50000000e+00  1.32104103e-11 -9.91947752e-06 
 9.19250000e-09  9.19250000e-09  2.50000000e+00  1.32104103e-11  9.91945242e-06 
 9.19350000e-09  9.19350000e-09  2.50000000e+00  1.32104103e-11 -9.91947752e-06 
 9.19450000e-09  9.19450000e-09  2.50000000e+00  1.32104103e-11  9.91945242e-06 
 9.19550000e-09  9.19550000e-09  2.50000000e+00  1.32104103e-11 -9.91947752e-06 
 9.19650000e-09  9.19650000e-09  2.50000000e+00  1.32104103e-11  9.91945242e-06 
 9.19750000e-09  9.19750000e-09  2.50000000e+00  1.32104103e-11 -9.91947752e-06 
 9.19850000e-09  9.19850000e-09  2.50000000e+00  1.32104103e-11  9.91945242e-06 
 9.19950000e-09  9.19950000e-09  2.50000000e+00  1.32104103e-11 -9.91947752e-06 
 9.20050000e-09  9.20050000e-09  2.50000000e+00  1.32104103e-11  9.91945242e-06 
 9.20150000e-09  9.20150000e-09  2.50000000e+00  1.32104103e-11 -9.91947752e-06 
 9.20250000e-09  9.20250000e-09  2.50000000e+00  1.32104103e-11  9.91945242e-06 
 9.20350000e-09  9.20350000e-09  2.50000000e+00  1.32104103e-11 -9.91947752e-06 
 9.20450000e-09  9.20450000e-09  2.50000000e+00  1.32104103e-11  9.91945242e-06 
 9.20550000e-09  9.20550000e-09  2.50000000e+00  1.32104103e-11 -9.91947752e-06 
 9.20650000e-09  9.20650000e-09  2.50000000e+00  1.32104103e-11  9.91945242e-06 
 9.20750000e-09  9.20750000e-09  2.50000000e+00  1.32104103e-11 -9.91947752e-06 
 9.20850000e-09  9.20850000e-09  2.50000000e+00  1.32104103e-11  9.91945242e-06 
 9.20950000e-09  9.20950000e-09  2.50000000e+00  1.32104103e-11 -9.91947752e-06 
 9.21050000e-09  9.21050000e-09  2.50000000e+00  1.32104103e-11  9.91945242e-06 
 9.21150000e-09  9.21150000e-09  2.50000000e+00  1.32104103e-11 -9.91947752e-06 
 9.21250000e-09  9.21250000e-09  2.50000000e+00  1.32104103e-11  9.91945242e-06 
 9.21350000e-09  9.21350000e-09  2.50000000e+00  1.32104103e-11 -9.91947752e-06 
 9.21450000e-09  9.21450000e-09  2.50000000e+00  1.32104103e-11  9.91945242e-06 
 9.21550000e-09  9.21550000e-09  2.50000000e+00  1.32104103e-11 -9.91947752e-06 
 9.21650000e-09  9.21650000e-09  2.50000000e+00  1.32104103e-11  9.91945242e-06 
 9.21750000e-09  9.21750000e-09  2.50000000e+00  1.32104103e-11 -9.91947752e-06 
 9.21850000e-09  9.21850000e-09  2.50000000e+00  1.32104103e-11  9.91945242e-06 
 9.21925000e-09  9.21925000e-09  2.50000000e+00  1.32105214e-11 -9.91947752e-06 
 9.22000000e-09  9.22000000e-09  2.50000000e+00  1.32105885e-11  9.91945242e-06 
 9.22010000e-09  9.22010000e-09  2.48750000e+00 -2.37086020e-07 -7.16753750e-04 
 9.22030000e-09  9.22030000e-09  2.46250000e+00 -6.90923822e-07 -6.77520722e-04 
 9.22070000e-09  9.22070000e-09  2.41250000e+00 -1.48342181e-06 -6.36538829e-04 
 9.22150000e-09  9.22150000e-09  2.31250000e+00 -2.66938224e-06 -5.94092131e-04 
 9.22250000e-09  9.22250000e-09  2.18750000e+00 -3.54436737e-06 -6.40614868e-04 
 9.22350000e-09  9.22350000e-09  2.06250000e+00 -3.91417852e-06 -6.61408381e-04 
 9.22450000e-09  9.22450000e-09  1.93750000e+00 -3.89673672e-06 -6.72967833e-04 
 9.22550000e-09  9.22550000e-09  1.81250000e+00 -3.53003158e-06 -6.67104673e-04 
 9.22650000e-09  9.22650000e-09  1.68750000e+00 -2.83087164e-06 -6.93649036e-04 
 9.22750000e-09  9.22750000e-09  1.56250000e+00 -1.82702404e-06 -7.02961030e-04 
 9.22850000e-09  9.22850000e-09  1.43750000e+00 -5.51686524e-07 -7.44535171e-04 
 9.22950000e-09  9.22950000e-09  1.31250000e+00  9.60805296e-07 -7.68365317e-04 
 9.23050000e-09  9.23050000e-09  1.18750000e+00  2.67835301e-06 -8.23535681e-04 
 9.23150000e-09  9.23150000e-09  1.06250000e+00  4.57387260e-06 -8.59557510e-04 
 9.23250000e-09  9.23250000e-09  9.37500000e-01  6.62784259e-06 -9.24908923e-04 
 9.23350000e-09  9.23350000e-09  8.12500000e-01  8.83128701e-06 -9.68247200e-04 
 9.23450000e-09  9.23450000e-09  6.87500000e-01  1.11915866e-05 -1.03646635e-03 
 9.23550000e-09  9.23550000e-09  5.62500000e-01  1.37628106e-05 -1.07199919e-03 
 9.23650000e-09  9.23650000e-09  4.37500000e-01  1.70286539e-05 -1.05258455e-03 
 9.23750000e-09  9.23750000e-09  3.12500000e-01  2.08345272e-05 -1.07766427e-03 
 9.23850000e-09  9.23850000e-09  1.87500000e-01  2.44060008e-05 -1.15968087e-03 
 9.23925000e-09  9.23925000e-09  9.37500000e-02  2.68488431e-05 -1.19797168e-03 
 9.24000000e-09  9.24000000e-09  3.41948692e-14  2.90872832e-05 -1.27651108e-03 
 9.24010000e-09  9.24010000e-09  0.00000000e+00  2.94966855e-05 -6.35863448e-04 
 9.24030000e-09  9.24030000e-09  0.00000000e+00  3.02482630e-05 -6.38838789e-04 
 9.24070000e-09  9.24070000e-09  0.00000000e+00  3.13934796e-05 -6.39949294e-04 
 9.24150000e-09  9.24150000e-09  0.00000000e+00  3.24707360e-05 -6.46136949e-04 
 9.24250000e-09  9.24250000e-09  0.00000000e+00  3.19868934e-05 -6.53132827e-04 
 9.24350000e-09  9.24350000e-09  0.00000000e+00  2.98537958e-05 -6.72860310e-04 
 9.24450000e-09  9.24450000e-09  0.00000000e+00  2.63007936e-05 -7.01205611e-04 
 9.24550000e-09  9.24550000e-09  0.00000000e+00  2.15388204e-05 -7.42516893e-04 
 9.24650000e-09  9.24650000e-09  0.00000000e+00  1.57798263e-05 -7.91176985e-04 
 9.24750000e-09  9.24750000e-09  0.00000000e+00  9.22996338e-06 -8.51258843e-04 
 9.24850000e-09  9.24850000e-09  0.00000000e+00  2.08426502e-06 -9.16922310e-04 
 9.24950000e-09  9.24950000e-09  0.00000000e+00 -5.47718596e-06 -9.92064620e-04 
 9.25050000e-09  9.25050000e-09  0.00000000e+00 -1.32918877e-05 -1.07071472e-03 
 9.25150000e-09  9.25150000e-09  0.00000000e+00 -2.12165959e-05 -1.15668034e-03 
 9.25250000e-09  9.25250000e-09  0.00000000e+00 -2.91282560e-05 -1.24393804e-03 
 9.25350000e-09  9.25350000e-09  0.00000000e+00 -3.69243682e-05 -1.33627540e-03 
 9.25450000e-09  9.25450000e-09  0.00000000e+00 -4.45229375e-05 -1.42767574e-03 
 9.25550000e-09  9.25550000e-09  0.00000000e+00 -5.18621690e-05 -1.52195451e-03 
 9.25650000e-09  9.25650000e-09  0.00000000e+00 -5.89000615e-05 -1.61313799e-03 
 9.25750000e-09  9.25750000e-09  0.00000000e+00 -6.56139197e-05 -1.70509185e-03 
 9.25850000e-09  9.25850000e-09  0.00000000e+00 -7.19999987e-05 -1.79189393e-03 
 9.25950000e-09  9.25950000e-09  0.00000000e+00 -7.80738258e-05 -1.87746121e-03 
 9.26050000e-09  9.26050000e-09  0.00000000e+00 -8.38709090e-05 -1.95592386e-03 
 9.26150000e-09  9.26150000e-09  0.00000000e+00 -8.94435848e-05 -2.03136458e-03 
 9.26250000e-09  9.26250000e-09  0.00000000e+00 -9.48627071e-05 -2.09801321e-03 
 9.26350000e-09  9.26350000e-09  0.00000000e+00 -1.00228411e-04 -2.15987414e-03 
 9.26450000e-09  9.26450000e-09  0.00000000e+00 -1.05683169e-04 -2.21111531e-03 
 9.26550000e-09  9.26550000e-09  0.00000000e+00 -1.11434661e-04 -2.25567669e-03 
 9.26650000e-09  9.26650000e-09  0.00000000e+00 -1.17168528e-04 -2.30546276e-03 
 9.26750000e-09  9.26750000e-09  0.00000000e+00 -1.22177155e-04 -2.36973489e-03 
 9.26850000e-09  9.26850000e-09  0.00000000e+00 -1.26874942e-04 -2.43563384e-03 
 9.26950000e-09  9.26950000e-09  0.00000000e+00 -1.32902488e-04 -2.52204198e-03 
 9.27050000e-09  9.27050000e-09  0.00000000e+00 -1.39276356e-04 -2.60353200e-03 
 9.27150000e-09  9.27150000e-09  0.00000000e+00 -1.43676369e-04 -2.68330338e-03 
 9.27250000e-09  9.27250000e-09  0.00000000e+00 -1.46218138e-04 -2.76225126e-03 
 9.27350000e-09  9.27350000e-09  0.00000000e+00 -1.47045783e-04 -2.83944081e-03 
 9.27450000e-09  9.27450000e-09  0.00000000e+00 -1.46547991e-04 -2.90585649e-03 
 9.27550000e-09  9.27550000e-09  0.00000000e+00 -1.44380778e-04 -2.97370472e-03 
 9.27650000e-09  9.27650000e-09  0.00000000e+00 -1.39195143e-04 -3.04868194e-03 
 9.27750000e-09  9.27750000e-09  0.00000000e+00 -1.29744684e-04 -3.13106995e-03 
 9.27850000e-09  9.27850000e-09  0.00000000e+00 -1.15040668e-04 -3.22334440e-03 
 9.27950000e-09  9.27950000e-09  0.00000000e+00 -9.43209460e-05 -3.32582274e-03 
 9.28050000e-09  9.28050000e-09  0.00000000e+00 -6.70169986e-05 -3.43939651e-03 
 9.28150000e-09  9.28150000e-09  0.00000000e+00 -3.26451739e-05 -3.56234428e-03 
 9.28250000e-09  9.28250000e-09  0.00000000e+00  9.37799452e-06 -3.68618016e-03 
 9.28350000e-09  9.28350000e-09  0.00000000e+00  5.94791472e-05 -3.80864571e-03 
 9.28450000e-09  9.28450000e-09  0.00000000e+00  1.17727943e-04 -3.93120617e-03 
 9.28550000e-09  9.28550000e-09  0.00000000e+00  1.83998498e-04 -4.05309358e-03 
 9.28650000e-09  9.28650000e-09  0.00000000e+00  2.58006125e-04 -4.17492069e-03 
 9.28750000e-09  9.28750000e-09  0.00000000e+00  3.39344358e-04 -4.29517531e-03 
 9.28850000e-09  9.28850000e-09  0.00000000e+00  4.27519136e-04 -4.41380942e-03 
 9.28950000e-09  9.28950000e-09  0.00000000e+00  5.21981831e-04 -4.52873352e-03 
 9.29050000e-09  9.29050000e-09  0.00000000e+00  6.22161439e-04 -4.63941037e-03 
 9.29150000e-09  9.29150000e-09  0.00000000e+00  7.27475926e-04 -4.74362895e-03 
 9.29250000e-09  9.29250000e-09  0.00000000e+00  8.37346840e-04 -4.84077195e-03 
 9.29350000e-09  9.29350000e-09  0.00000000e+00  9.51239234e-04 -4.92820877e-03 
 9.29450000e-09  9.29450000e-09  0.00000000e+00  1.06869524e-03 -5.00498154e-03 
 9.29550000e-09  9.29550000e-09  0.00000000e+00  1.18935924e-03 -5.06825977e-03 
 9.29650000e-09  9.29650000e-09  0.00000000e+00  1.31300627e-03 -5.11688940e-03 
 9.29750000e-09  9.29750000e-09  0.00000000e+00  1.43957834e-03 -5.14782417e-03 
 9.29850000e-09  9.29850000e-09  0.00000000e+00  1.56923757e-03 -5.15964392e-03 
 9.29950000e-09  9.29950000e-09  0.00000000e+00  1.69971226e-03 -5.19485166e-03 
 9.30050000e-09  9.30050000e-09  0.00000000e+00  1.82875927e-03 -5.22416729e-03 
 9.30150000e-09  9.30150000e-09  0.00000000e+00  1.95777556e-03 -5.23721176e-03 
 9.30250000e-09  9.30250000e-09  0.00000000e+00  2.08994637e-03 -5.24239247e-03 
 9.30350000e-09  9.30350000e-09  0.00000000e+00  2.23119009e-03 -5.23926811e-03 
 9.30450000e-09  9.30450000e-09  0.00000000e+00  2.37674471e-03 -5.23971596e-03 
 9.30550000e-09  9.30550000e-09  0.00000000e+00  2.51649842e-03 -5.24440551e-03 
 9.30650000e-09  9.30650000e-09  0.00000000e+00  2.64870771e-03 -5.26204591e-03 
 9.30750000e-09  9.30750000e-09  0.00000000e+00  2.77224288e-03 -5.28263180e-03 
 9.30850000e-09  9.30850000e-09  0.00000000e+00  2.88685770e-03 -5.30235872e-03 
 9.30950000e-09  9.30950000e-09  0.00000000e+00  2.98917397e-03 -5.33459643e-03 
 9.31050000e-09  9.31050000e-09  0.00000000e+00  3.07086334e-03 -5.41299710e-03 
 9.31150000e-09  9.31150000e-09  0.00000000e+00  3.12304851e-03 -5.53221186e-03 
 9.31250000e-09  9.31250000e-09  0.00000000e+00  3.13813586e-03 -5.70494978e-03 
 9.31350000e-09  9.31350000e-09  0.00000000e+00  3.10963923e-03 -5.92537537e-03 
 9.31450000e-09  9.31450000e-09  0.00000000e+00  3.03208313e-03 -6.20594214e-03 
 9.31550000e-09  9.31550000e-09  0.00000000e+00  2.90089265e-03 -6.53662705e-03 
 9.31650000e-09  9.31650000e-09  0.00000000e+00  2.71178235e-03 -6.92814571e-03 
 9.31750000e-09  9.31750000e-09  0.00000000e+00  2.45555470e-03 -7.35400855e-03 
 9.31850000e-09  9.31850000e-09  0.00000000e+00  2.12431273e-03 -7.82359332e-03 
 9.31950000e-09  9.31950000e-09  0.00000000e+00  1.71652729e-03 -8.32650637e-03 
 9.32050000e-09  9.32050000e-09  0.00000000e+00  1.23179170e-03 -8.87045410e-03 
 9.32150000e-09  9.32150000e-09  0.00000000e+00  6.70428860e-04 -9.44253912e-03 
 9.32250000e-09  9.32250000e-09  0.00000000e+00  3.33106637e-05 -1.00484760e-02 
 9.32350000e-09  9.32350000e-09  0.00000000e+00 -6.78371564e-04 -1.06737776e-02 
 9.32450000e-09  9.32450000e-09  0.00000000e+00 -1.46330921e-03 -1.13228649e-02 
 9.32550000e-09  9.32550000e-09  0.00000000e+00 -2.32027878e-03 -1.19801993e-02 
 9.32650000e-09  9.32650000e-09  0.00000000e+00 -3.24833466e-03 -1.26493361e-02 
 9.32750000e-09  9.32750000e-09  0.00000000e+00 -4.24698382e-03 -1.33140028e-02 
 9.32850000e-09  9.32850000e-09  0.00000000e+00 -5.31636073e-03 -1.39771054e-02 
 9.32950000e-09  9.32950000e-09  0.00000000e+00 -6.45741286e-03 -1.46217531e-02 
 9.33050000e-09  9.33050000e-09  0.00000000e+00 -7.67199736e-03 -1.52506481e-02 
 9.33150000e-09  9.33150000e-09  0.00000000e+00 -8.96282925e-03 -1.58474184e-02 
 9.33250000e-09  9.33250000e-09  0.00000000e+00 -1.03338015e-02 -1.64140904e-02 
 9.33350000e-09  9.33350000e-09  0.00000000e+00 -1.17905740e-02 -1.69326251e-02 
 9.33450000e-09  9.33450000e-09  0.00000000e+00 -1.33410766e-02 -1.74037129e-02 
 9.33550000e-09  9.33550000e-09  0.00000000e+00 -1.49962297e-02 -1.78073918e-02 
 9.33650000e-09  9.33650000e-09  0.00000000e+00 -1.67710577e-02 -1.81414171e-02 
 9.33750000e-09  9.33750000e-09  0.00000000e+00 -1.86514095e-02 -1.85199034e-02 
 9.33850000e-09  9.33850000e-09  0.00000000e+00 -2.05764063e-02 -1.90379120e-02 
 9.33950000e-09  9.33950000e-09  0.00000000e+00 -2.25223036e-02 -1.95226797e-02 
 9.34050000e-09  9.34050000e-09  0.00000000e+00 -2.45233231e-02 -1.99847425e-02 
 9.34150000e-09  9.34150000e-09  0.00000000e+00 -2.66413865e-02 -2.03981935e-02 
 9.34250000e-09  9.34250000e-09  0.00000000e+00 -2.90356652e-02 -2.07392583e-02 
 9.34350000e-09  9.34350000e-09  0.00000000e+00 -3.16654332e-02 -2.13784478e-02 
 9.34450000e-09  9.34450000e-09  0.00000000e+00 -3.43188035e-02 -2.20919358e-02 
 9.34550000e-09  9.34550000e-09  0.00000000e+00 -3.69791191e-02 -2.27495534e-02 
 9.34650000e-09  9.34650000e-09  0.00000000e+00 -3.96452487e-02 -2.34303498e-02 
 9.34750000e-09  9.34750000e-09  0.00000000e+00 -4.23054073e-02 -2.40169780e-02 
 9.34850000e-09  9.34850000e-09  0.00000000e+00 -4.48644184e-02 -2.48259046e-02 
 9.34950000e-09  9.34950000e-09  0.00000000e+00 -4.71674075e-02 -2.57549291e-02 
 9.35050000e-09  9.35050000e-09  0.00000000e+00 -4.90625811e-02 -2.69413155e-02 
 9.35150000e-09  9.35150000e-09  0.00000000e+00 -5.04002670e-02 -2.82792164e-02 
 9.35250000e-09  9.35250000e-09  0.00000000e+00 -5.10319694e-02 -2.99020356e-02 
 9.35350000e-09  9.35350000e-09  0.00000000e+00 -5.08094082e-02 -3.16998847e-02 
 9.35450000e-09  9.35450000e-09  0.00000000e+00 -4.95835144e-02 -3.38019723e-02 
 9.35550000e-09  9.35550000e-09  0.00000000e+00 -4.71990384e-02 -3.60997101e-02 
 9.35650000e-09  9.35650000e-09  0.00000000e+00 -4.34773807e-02 -3.86509867e-02 
 9.35750000e-09  9.35750000e-09  0.00000000e+00 -3.82380384e-02 -4.12800453e-02 
 9.35850000e-09  9.35850000e-09  0.00000000e+00 -3.13198978e-02 -4.41059656e-02 
 9.35950000e-09  9.35950000e-09  0.00000000e+00 -2.25697800e-02 -4.69993790e-02 
 9.36050000e-09  9.36050000e-09  0.00000000e+00 -1.18414752e-02 -5.00696210e-02 
 9.36150000e-09  9.36150000e-09  0.00000000e+00  1.00585575e-03 -5.31803818e-02 
 9.36250000e-09  9.36250000e-09  0.00000000e+00  1.61057324e-02 -5.64358505e-02 
 9.36350000e-09  9.36350000e-09  0.00000000e+00  3.35819999e-02 -5.96966259e-02 
 9.36450000e-09  9.36450000e-09  0.00000000e+00  5.35528204e-02 -6.30639073e-02 
 9.36550000e-09  9.36550000e-09  0.00000000e+00  7.61358005e-02 -6.63964449e-02 
 9.36650000e-09  9.36650000e-09  0.00000000e+00  1.01451595e-01 -6.97961357e-02 
 9.36750000e-09  9.36750000e-09  0.00000000e+00  1.29628820e-01 -7.31251364e-02 
 9.36850000e-09  9.36850000e-09  0.00000000e+00  1.60811099e-01 -7.64911424e-02 
 9.36950000e-09  9.36950000e-09  0.00000000e+00  1.95167829e-01 -7.97667499e-02 
 9.37050000e-09  9.37050000e-09  0.00000000e+00  2.32912108e-01 -8.30798405e-02 
 9.37150000e-09  9.37150000e-09  0.00000000e+00  2.74334077e-01 -8.63437360e-02 
 9.37250000e-09  9.37250000e-09  0.00000000e+00  3.19872489e-01 -8.97796500e-02 
 9.37350000e-09  9.37350000e-09  0.00000000e+00  3.70321804e-01 -9.35865073e-02 
 9.37450000e-09  9.37450000e-09  0.00000000e+00  4.26741957e-01 -9.79002283e-02 
 9.37550000e-09  9.37550000e-09  0.00000000e+00  4.88845676e-01 -1.00937906e-01 
 9.37650000e-09  9.37650000e-09  0.00000000e+00  5.55568594e-01 -1.03762423e-01 
 9.37750000e-09  9.37750000e-09  0.00000000e+00  6.26584865e-01 -1.06473529e-01 
 9.37850000e-09  9.37850000e-09  0.00000000e+00  7.01585262e-01 -1.08950867e-01 
 9.37950000e-09  9.37950000e-09  0.00000000e+00  7.80273373e-01 -1.11331694e-01 
 9.38050000e-09  9.38050000e-09  0.00000000e+00  8.62362760e-01 -1.13491694e-01 
 9.38150000e-09  9.38150000e-09  0.00000000e+00  9.47576748e-01 -1.15542319e-01 
 9.38250000e-09  9.38250000e-09  0.00000000e+00  1.03566074e+00 -1.17368187e-01 
 9.38350000e-09  9.38350000e-09  0.00000000e+00  1.12438735e+00 -1.16066032e-01 
 9.38450000e-09  9.38450000e-09  0.00000000e+00  1.21140633e+00 -1.14115027e-01 
 9.38550000e-09  9.38550000e-09  0.00000000e+00  1.29609547e+00 -1.11454937e-01 
 9.38650000e-09  9.38650000e-09  0.00000000e+00  1.37797585e+00 -1.08428302e-01 
 9.38750000e-09  9.38750000e-09  0.00000000e+00  1.45667817e+00 -1.04907093e-01 
 9.38850000e-09  9.38850000e-09  0.00000000e+00  1.53192483e+00 -1.01201507e-01 
 9.38950000e-09  9.38950000e-09  0.00000000e+00  1.60351473e+00 -9.71559655e-02 
 9.39050000e-09  9.39050000e-09  0.00000000e+00  1.67132891e+00 -9.30845266e-02 
 9.39150000e-09  9.39150000e-09  0.00000000e+00  1.73530958e+00 -8.88028356e-02 
 9.39250000e-09  9.39250000e-09  0.00000000e+00  1.79545509e+00 -8.46157455e-02 
 9.39350000e-09  9.39350000e-09  0.00000000e+00  1.85180530e+00 -8.03113241e-02 
 9.39450000e-09  9.39450000e-09  0.00000000e+00  1.90443699e+00 -7.61848715e-02 
 9.39550000e-09  9.39550000e-09  0.00000000e+00  1.95345362e+00 -7.20067988e-02 
 9.39650000e-09  9.39650000e-09  0.00000000e+00  1.99897992e+00 -6.80619340e-02 
 9.39750000e-09  9.39750000e-09  0.00000000e+00  2.04115640e+00 -6.41102582e-02 
 9.39850000e-09  9.39850000e-09  0.00000000e+00  2.08013484e+00 -6.04274554e-02 
 9.39950000e-09  9.39950000e-09  0.00000000e+00  2.11607436e+00 -5.67655089e-02 
 9.40050000e-09  9.40050000e-09  0.00000000e+00  2.14913830e+00 -5.33931261e-02 
 9.40150000e-09  9.40150000e-09  0.00000000e+00  2.17949152e+00 -5.00562237e-02 
 9.40250000e-09  9.40250000e-09  0.00000000e+00  2.20729814e+00 -4.70227475e-02 
 9.40350000e-09  9.40350000e-09  0.00000000e+00  2.23272538e+00 -4.40301218e-02 
 9.40450000e-09  9.40450000e-09  0.00000000e+00  2.25594334e+00 -4.13331248e-02 
 9.40550000e-09  9.40550000e-09  0.00000000e+00  2.27711784e+00 -3.86681090e-02 
 9.40650000e-09  9.40650000e-09  0.00000000e+00  2.29640781e+00 -3.62900507e-02 
 9.40750000e-09  9.40750000e-09  0.00000000e+00  2.31396462e+00 -3.39333357e-02 
 9.40850000e-09  9.40850000e-09  0.00000000e+00  2.32993152e+00 -3.18514566e-02 
 9.40950000e-09  9.40950000e-09  0.00000000e+00  2.34444335e+00 -2.97777364e-02 
 9.41050000e-09  9.41050000e-09  0.00000000e+00  2.35762638e+00 -2.79649672e-02 
 9.41150000e-09  9.41150000e-09  0.00000000e+00  2.36959833e+00 -2.61460798e-02 
 9.41250000e-09  9.41250000e-09  0.00000000e+00  2.38046846e+00 -2.45737333e-02 
 9.41350000e-09  9.41350000e-09  0.00000000e+00  2.39033779e+00 -2.29809392e-02 
 9.41450000e-09  9.41450000e-09  0.00000000e+00  2.39929937e+00 -2.16206103e-02 
 9.41550000e-09  9.41550000e-09  0.00000000e+00  2.40743863e+00 -2.02261484e-02 
 9.41650000e-09  9.41650000e-09  0.00000000e+00  2.41483375e+00 -1.90509617e-02 
 9.41750000e-09  9.41750000e-09  0.00000000e+00  2.42155611e+00 -1.78290240e-02 
 9.41850000e-09  9.41850000e-09  0.00000000e+00  2.42767065e+00 -1.68143687e-02 
 9.41950000e-09  9.41950000e-09  0.00000000e+00  2.43323636e+00 -1.57416279e-02 
 9.42050000e-09  9.42050000e-09  0.00000000e+00  2.43830670e+00 -1.48655091e-02 
 9.42150000e-09  9.42150000e-09  0.00000000e+00  2.44293001e+00 -1.39213209e-02 
 9.42250000e-09  9.42250000e-09  0.00000000e+00  2.44714992e+00 -1.31644384e-02 
 9.42350000e-09  9.42350000e-09  0.00000000e+00  2.45100578e+00 -1.23308206e-02 
 9.42450000e-09  9.42450000e-09  0.00000000e+00  2.45453584e+00 -1.16774794e-02 
 9.42550000e-09  9.42550000e-09  0.00000000e+00  2.45776865e+00 -1.09373129e-02 
 9.42650000e-09  9.42650000e-09  0.00000000e+00  2.46073228e+00 -1.03718323e-02 
 9.42750000e-09  9.42750000e-09  0.00000000e+00  2.46345316e+00 -9.71423254e-03 
 9.42850000e-09  9.42850000e-09  0.00000000e+00  2.46595391e+00 -9.22455181e-03 
 9.42950000e-09  9.42950000e-09  0.00000000e+00  2.46825732e+00 -8.63819527e-03 
 9.43050000e-09  9.43050000e-09  0.00000000e+00  2.47038235e+00 -8.20082521e-03 
 9.43150000e-09  9.43150000e-09  0.00000000e+00  2.47234747e+00 -7.66892856e-03 
 9.43250000e-09  9.43250000e-09  0.00000000e+00  2.47416500e+00 -7.30232416e-03 
 9.43350000e-09  9.43350000e-09  0.00000000e+00  2.47584749e+00 -6.82476658e-03 
 9.43450000e-09  9.43450000e-09  0.00000000e+00  2.47740743e+00 -6.50205183e-03 
 9.43550000e-09  9.43550000e-09  0.00000000e+00  2.47885482e+00 -6.07265262e-03 
 9.43650000e-09  9.43650000e-09  0.00000000e+00  2.48019876e+00 -5.79499355e-03 
 9.43750000e-09  9.43750000e-09  0.00000000e+00  2.48144758e+00 -5.40774299e-03 
 9.43850000e-09  9.43850000e-09  0.00000000e+00  2.48260887e+00 -5.16952231e-03 
 9.43950000e-09  9.43950000e-09  0.00000000e+00  2.48368955e+00 -4.81918452e-03 
 9.44050000e-09  9.44050000e-09  0.00000000e+00  2.48469595e+00 -4.61552374e-03 
 9.44150000e-09  9.44150000e-09  0.00000000e+00  2.48563384e+00 -4.29755426e-03 
 9.44250000e-09  9.44250000e-09  0.00000000e+00  2.48650849e+00 -4.12422053e-03 
 9.44350000e-09  9.44350000e-09  0.00000000e+00  2.48732472e+00 -3.83467668e-03 
 9.44450000e-09  9.44450000e-09  0.00000000e+00  2.48808693e+00 -3.68799716e-03 
 9.44550000e-09  9.44550000e-09  0.00000000e+00  2.48879916e+00 -3.42345681e-03 
 9.44650000e-09  9.44650000e-09  0.00000000e+00  2.48946509e+00 -3.30024208e-03 
 9.44750000e-09  9.44750000e-09  0.00000000e+00  2.49008811e+00 -3.05773169e-03 
 9.44850000e-09  9.44850000e-09  0.00000000e+00  2.49067131e+00 -2.95520838e-03 
 9.44950000e-09  9.44950000e-09  0.00000000e+00  2.49121755e+00 -2.73214016e-03 
 9.45050000e-09  9.45050000e-09  0.00000000e+00  2.49172943e+00 -2.64789254e-03 
 9.45150000e-09  9.45150000e-09  0.00000000e+00  2.49220936e+00 -2.44201025e-03 
 9.45250000e-09  9.45250000e-09  0.00000000e+00  2.49265956e+00 -2.37392994e-03 
 9.45350000e-09  9.45350000e-09  0.00000000e+00  2.49308206e+00 -2.18326234e-03 
 9.45450000e-09  9.45450000e-09  0.00000000e+00  2.49347874e+00 -2.12950535e-03 
 9.45550000e-09  9.45550000e-09  0.00000000e+00  2.49385133e+00 -1.95232654e-03 
 9.45650000e-09  9.45650000e-09  0.00000000e+00  2.49420145e+00 -1.91127662e-03 
 9.45750000e-09  9.45750000e-09  0.00000000e+00  2.49453055e+00 -1.74607225e-03 
 9.45850000e-09  9.45850000e-09  0.00000000e+00  2.49484003e+00 -1.71630978e-03 
 9.45950000e-09  9.45950000e-09  0.00000000e+00  2.49513115e+00 -1.56174835e-03 
 9.46050000e-09  9.46050000e-09  0.00000000e+00  2.49540508e+00 -1.54202384e-03 
 9.46150000e-09  9.46150000e-09  0.00000000e+00  2.49566292e+00 -1.39693224e-03 
 9.46250000e-09  9.46250000e-09  0.00000000e+00  2.49590569e+00 -1.38614379e-03 
 9.46350000e-09  9.46350000e-09  0.00000000e+00  2.49613433e+00 -1.24948654e-03 
 9.46450000e-09  9.46450000e-09  0.00000000e+00  2.49634971e+00 -1.24666067e-03 
 9.46550000e-09  9.46550000e-09  0.00000000e+00  2.49655266e+00 -1.11752217e-03 
 9.46650000e-09  9.46650000e-09  0.00000000e+00  2.49674394e+00 -1.12179737e-03 
 9.46750000e-09  9.46750000e-09  0.00000000e+00  2.49692426e+00 -9.99366717e-04 
 9.46850000e-09  9.46850000e-09  0.00000000e+00  2.49709428e+00 -1.00997943e-03 
 9.46950000e-09  9.46950000e-09  0.00000000e+00  2.49725461e+00 -8.93537404e-04 
 9.47050000e-09  9.47050000e-09  0.00000000e+00  2.49740585e+00 -9.09809945e-04 
 9.47150000e-09  9.47150000e-09  0.00000000e+00  2.49754853e+00 -7.98717800e-04 
 9.47250000e-09  9.47250000e-09  0.00000000e+00  2.49768316e+00 -8.20047951e-04 
 9.47350000e-09  9.47350000e-09  0.00000000e+00  2.49781022e+00 -7.13737743e-04 
 9.47450000e-09  9.47450000e-09  0.00000000e+00  2.49793013e+00 -7.39589749e-04 
 9.47550000e-09  9.47550000e-09  0.00000000e+00  2.49804334e+00 -6.37555961e-04 
 9.47650000e-09  9.47650000e-09  0.00000000e+00  2.49815021e+00 -6.67452723e-04 
 9.47750000e-09  9.47750000e-09  0.00000000e+00  2.49825113e+00 -5.69244979e-04 
 9.47850000e-09  9.47850000e-09  0.00000000e+00  2.49834643e+00 -6.02761258e-04 
 9.47950000e-09  9.47950000e-09  0.00000000e+00  2.49843643e+00 -5.07977977e-04 
 9.48050000e-09  9.48050000e-09  0.00000000e+00  2.49852145e+00 -5.44734463e-04 
 9.48150000e-09  9.48150000e-09  0.00000000e+00  2.49860176e+00 -4.53017305e-04 
 9.48250000e-09  9.48250000e-09  0.00000000e+00  2.49867763e+00 -4.92675418e-04 
 9.48350000e-09  9.48350000e-09  0.00000000e+00  2.49874931e+00 -4.03704425e-04 
 9.48450000e-09  9.48450000e-09  0.00000000e+00  2.49881705e+00 -4.45961759e-04 
 9.48550000e-09  9.48550000e-09  0.00000000e+00  2.49888106e+00 -3.59451076e-04 
 9.48650000e-09  9.48650000e-09  0.00000000e+00  2.49894156e+00 -4.04037385e-04 
 9.48750000e-09  9.48750000e-09  0.00000000e+00  2.49899873e+00 -3.19731493e-04 
 9.48850000e-09  9.48850000e-09  0.00000000e+00  2.49905278e+00 -3.66405157e-04 
 9.48950000e-09  9.48950000e-09  0.00000000e+00  2.49910386e+00 -2.84075552e-04 
 9.49050000e-09  9.49050000e-09  0.00000000e+00  2.49915216e+00 -3.32620449e-04 
 9.49150000e-09  9.49150000e-09  0.00000000e+00  2.49919782e+00 -2.52062702e-04 
 9.49250000e-09  9.49250000e-09  0.00000000e+00  2.49924098e+00 -3.02285445e-04 
 9.49350000e-09  9.49350000e-09  0.00000000e+00  2.49928180e+00 -2.23316598e-04 
 9.49450000e-09  9.49450000e-09  0.00000000e+00  2.49932040e+00 -2.75044083e-04 
 9.49550000e-09  9.49550000e-09  0.00000000e+00  2.49935689e+00 -1.97500342e-04 
 9.49650000e-09  9.49650000e-09  0.00000000e+00  2.49939140e+00 -2.50577571e-04 
 9.49750000e-09  9.49750000e-09  0.00000000e+00  2.49942405e+00 -1.74312254e-04 
 9.49850000e-09  9.49850000e-09  0.00000000e+00  2.49945492e+00 -2.28600406e-04 
 9.49950000e-09  9.49950000e-09  0.00000000e+00  2.49948411e+00 -1.53482121e-04 
 9.50050000e-09  9.50050000e-09  0.00000000e+00  2.49951173e+00 -2.08856827e-04 
 9.50150000e-09  9.50150000e-09  0.00000000e+00  2.49953785e+00 -1.34767849e-04 
 9.50250000e-09  9.50250000e-09  0.00000000e+00  2.49956256e+00 -1.91117667e-04 
 9.50350000e-09  9.50350000e-09  0.00000000e+00  2.49958594e+00 -1.17952492e-04 
 9.50450000e-09  9.50450000e-09  0.00000000e+00  2.49960806e+00 -1.75177536e-04 
 9.50550000e-09  9.50550000e-09  0.00000000e+00  2.49962898e+00 -1.02841594e-04 
 9.50650000e-09  9.50650000e-09  0.00000000e+00  2.49964877e+00 -1.60852323e-04 
 9.50750000e-09  9.50750000e-09  0.00000000e+00  2.49966750e+00 -8.92608285e-05 
 9.50850000e-09  9.50850000e-09  0.00000000e+00  2.49968522e+00 -1.47976955e-04 
 9.50950000e-09  9.50950000e-09  0.00000000e+00  2.49970199e+00 -7.70538800e-05 
 9.51050000e-09  9.51050000e-09  0.00000000e+00  2.49971785e+00 -1.36403406e-04 
 9.51150000e-09  9.51150000e-09  0.00000000e+00  2.49973287e+00 -6.60805639e-05 
 9.51250000e-09  9.51250000e-09  0.00000000e+00  2.49974707e+00 -1.25998912e-04 
 9.51350000e-09  9.51350000e-09  0.00000000e+00  2.49976052e+00 -5.62151393e-05 
 9.51450000e-09  9.51450000e-09  0.00000000e+00  2.49977324e+00 -1.16644377e-04 
 9.51550000e-09  9.51550000e-09  0.00000000e+00  2.49978529e+00 -4.73448036e-05 
 9.51650000e-09  9.51650000e-09  0.00000000e+00  2.49979668e+00 -1.08232956e-04 
 9.51750000e-09  9.51750000e-09  0.00000000e+00  2.49980747e+00 -3.93683466e-05 
 9.51850000e-09  9.51850000e-09  0.00000000e+00  2.49981768e+00 -1.00668775e-04 
 9.51950000e-09  9.51950000e-09  0.00000000e+00  2.49982734e+00 -3.21949460e-05 
 9.52050000e-09  9.52050000e-09  0.00000000e+00  2.49983649e+00 -9.38657923e-05 
 9.52150000e-09  9.52150000e-09  0.00000000e+00  2.49984515e+00 -2.57430901e-05 
 9.52250000e-09  9.52250000e-09  0.00000000e+00  2.49985335e+00 -8.77467851e-05 
 9.52350000e-09  9.52350000e-09  0.00000000e+00  2.49986110e+00 -1.99396140e-05 
 9.52450000e-09  9.52450000e-09  0.00000000e+00  2.49986845e+00 -8.22424317e-05 
 9.52550000e-09  9.52550000e-09  0.00000000e+00  2.49987540e+00 -1.47188362e-05 
 9.52650000e-09  9.52650000e-09  0.00000000e+00  2.49988199e+00 -7.72904975e-05 
 9.52750000e-09  9.52750000e-09  0.00000000e+00  2.49988822e+00 -1.00217858e-05 
 9.52850000e-09  9.52850000e-09  0.00000000e+00  2.49989412e+00 -7.28351025e-05 
 9.52950000e-09  9.52950000e-09  0.00000000e+00  2.49989971e+00 -5.79551055e-06 
 9.53050000e-09  9.53050000e-09  0.00000000e+00  2.49990500e+00 -6.88260673e-05 
 9.53150000e-09  9.53150000e-09  0.00000000e+00  2.49991000e+00 -1.99245705e-06 
 9.53250000e-09  9.53250000e-09  0.00000000e+00  2.49991475e+00 -6.52183257e-05 
 9.53350000e-09  9.53350000e-09  0.00000000e+00  2.49991924e+00  1.43008497e-06 
 9.53450000e-09  9.53450000e-09  0.00000000e+00  2.49992349e+00 -6.19713991e-05 
 9.53550000e-09  9.53550000e-09  0.00000000e+00  2.49992752e+00  4.51048012e-06 
 9.53650000e-09  9.53650000e-09  0.00000000e+00  2.49993133e+00 -5.90489254e-05 
 9.53750000e-09  9.53750000e-09  0.00000000e+00  2.49993494e+00  7.28319349e-06 
 9.53850000e-09  9.53850000e-09  0.00000000e+00  2.49993836e+00 -5.64182366e-05 
 9.53950000e-09  9.53950000e-09  0.00000000e+00  2.49994160e+00  9.77919038e-06 
 9.54050000e-09  9.54050000e-09  0.00000000e+00  2.49994467e+00 -5.40499806e-05 
 9.54150000e-09  9.54150000e-09  0.00000000e+00  2.49994757e+00  1.20262948e-05 
 9.54250000e-09  9.54250000e-09  0.00000000e+00  2.49995032e+00 -5.19177813e-05 
 9.54350000e-09  9.54350000e-09  0.00000000e+00  2.49995293e+00  1.40495108e-05 
 9.54450000e-09  9.54450000e-09  0.00000000e+00  2.49995539e+00 -4.99979345e-05 
 9.54550000e-09  9.54550000e-09  0.00000000e+00  2.49995773e+00  1.58713108e-05 
 9.54650000e-09  9.54650000e-09  0.00000000e+00  2.49995995e+00 -4.82691351e-05 
 9.54750000e-09  9.54750000e-09  0.00000000e+00  2.49996204e+00  1.75118939e-05 
 9.54850000e-09  9.54850000e-09  0.00000000e+00  2.49996403e+00 -4.67122322e-05 
 9.54950000e-09  9.54950000e-09  0.00000000e+00  2.49996591e+00  1.89894176e-05 
 9.55050000e-09  9.55050000e-09  0.00000000e+00  2.49996770e+00 -4.53100094e-05 
 9.55150000e-09  9.55150000e-09  0.00000000e+00  2.49996938e+00  2.03202064e-05 
 9.55250000e-09  9.55250000e-09  0.00000000e+00  2.49997098e+00 -4.40469879e-05 
 9.55350000e-09  9.55350000e-09  0.00000000e+00  2.49997250e+00  2.15189378e-05 
 9.55450000e-09  9.55450000e-09  0.00000000e+00  2.49997394e+00 -4.29092495e-05 
 9.55550000e-09  9.55550000e-09  0.00000000e+00  2.49997530e+00  2.25988099e-05 
 9.55650000e-09  9.55650000e-09  0.00000000e+00  2.49997659e+00 -4.18842785e-05 
 9.55750000e-09  9.55750000e-09  0.00000000e+00  2.49997781e+00  2.35716919e-05 
 9.55850000e-09  9.55850000e-09  0.00000000e+00  2.49997896e+00 -4.09608185e-05 
 9.55950000e-09  9.55950000e-09  0.00000000e+00  2.49998006e+00  2.44482590e-05 
 9.56050000e-09  9.56050000e-09  0.00000000e+00  2.49998110e+00 -4.01287455e-05 
 9.56150000e-09  9.56150000e-09  0.00000000e+00  2.49998208e+00  2.52381132e-05 
 9.56250000e-09  9.56250000e-09  0.00000000e+00  2.49998302e+00 -3.93789523e-05 
 9.56350000e-09  9.56350000e-09  0.00000000e+00  2.49998390e+00  2.59498921e-05 
 9.56450000e-09  9.56450000e-09  0.00000000e+00  2.49998474e+00 -3.87032464e-05 
 9.56550000e-09  9.56550000e-09  0.00000000e+00  2.49998553e+00  2.65913666e-05 
 9.56650000e-09  9.56650000e-09  0.00000000e+00  2.49998628e+00 -3.80942565e-05 
 9.56750000e-09  9.56750000e-09  0.00000000e+00  2.49998700e+00  2.71695286e-05 
 9.56850000e-09  9.56850000e-09  0.00000000e+00  2.49998767e+00 -3.75453505e-05 
 9.56950000e-09  9.56950000e-09  0.00000000e+00  2.49998831e+00  2.76906696e-05 
 9.57050000e-09  9.57050000e-09  0.00000000e+00  2.49998892e+00 -3.70505601e-05 
 9.57150000e-09  9.57150000e-09  0.00000000e+00  2.49998949e+00  2.81604514e-05 
 9.57250000e-09  9.57250000e-09  0.00000000e+00  2.49999004e+00 -3.66045140e-05 
 9.57350000e-09  9.57350000e-09  0.00000000e+00  2.49999055e+00  2.85839695e-05 
 9.57450000e-09  9.57450000e-09  0.00000000e+00  2.49999104e+00 -3.62023781e-05 
 9.57550000e-09  9.57550000e-09  0.00000000e+00  2.49999151e+00  2.89658103e-05 
 9.57650000e-09  9.57650000e-09  0.00000000e+00  2.49999195e+00 -3.58398009e-05 
 9.57750000e-09  9.57750000e-09  0.00000000e+00  2.49999236e+00  2.93101025e-05 
 9.57850000e-09  9.57850000e-09  0.00000000e+00  2.49999276e+00 -3.55128653e-05 
 9.57950000e-09  9.57950000e-09  0.00000000e+00  2.49999313e+00  2.96205626e-05 
 9.58050000e-09  9.58050000e-09  0.00000000e+00  2.49999349e+00 -3.52180446e-05 
 9.58150000e-09  9.58150000e-09  0.00000000e+00  2.49999382e+00  2.99005371e-05 
 9.58250000e-09  9.58250000e-09  0.00000000e+00  2.49999414e+00 -3.49521637e-05 
 9.58350000e-09  9.58350000e-09  0.00000000e+00  2.49999445e+00  3.01530388e-05 
 9.58450000e-09  9.58450000e-09  0.00000000e+00  2.49999473e+00 -3.47123634e-05 
 9.58550000e-09  9.58550000e-09  0.00000000e+00  2.49999500e+00  3.03807809e-05 
 9.58650000e-09  9.58650000e-09  0.00000000e+00  2.49999526e+00 -3.44960690e-05 
 9.58750000e-09  9.58750000e-09  0.00000000e+00  2.49999551e+00  3.05862068e-05 
 9.58850000e-09  9.58850000e-09  0.00000000e+00  2.49999574e+00 -3.43009617e-05 
 9.58950000e-09  9.58950000e-09  0.00000000e+00  2.49999596e+00  3.07715172e-05 
 9.59050000e-09  9.59050000e-09  0.00000000e+00  2.49999617e+00 -3.41249530e-05 
 9.59150000e-09  9.59150000e-09  0.00000000e+00  2.49999636e+00  3.09386942e-05 
 9.59250000e-09  9.59250000e-09  0.00000000e+00  2.49999655e+00 -3.39661616e-05 
 9.59350000e-09  9.59350000e-09  0.00000000e+00  2.49999673e+00  3.10895234e-05 
 9.59450000e-09  9.59450000e-09  0.00000000e+00  2.49999690e+00 -3.38228928e-05 
 9.59550000e-09  9.59550000e-09  0.00000000e+00  2.49999706e+00  3.12256133e-05 
 9.59650000e-09  9.59650000e-09  0.00000000e+00  2.49999721e+00 -3.36936197e-05 
 9.59750000e-09  9.59750000e-09  0.00000000e+00  2.49999735e+00  3.13484132e-05 
 9.59850000e-09  9.59850000e-09  0.00000000e+00  2.49999749e+00 -3.35769668e-05 
 9.59950000e-09  9.59950000e-09  0.00000000e+00  2.49999762e+00  3.14592288e-05 
 9.60050000e-09  9.60050000e-09  0.00000000e+00  2.49999774e+00 -3.34716945e-05 
 9.60150000e-09  9.60150000e-09  0.00000000e+00  2.49999785e+00  3.15592369e-05 
 9.60250000e-09  9.60250000e-09  0.00000000e+00  2.49999796e+00 -3.33766858e-05 
 9.60350000e-09  9.60350000e-09  0.00000000e+00  2.49999807e+00  3.16494978e-05 
 9.60450000e-09  9.60450000e-09  0.00000000e+00  2.49999817e+00 -3.32909339e-05 
 9.60550000e-09  9.60550000e-09  0.00000000e+00  2.49999826e+00  3.17309672e-05 
 9.60650000e-09  9.60650000e-09  0.00000000e+00  2.49999835e+00 -3.32135317e-05 
 9.60750000e-09  9.60750000e-09  0.00000000e+00  2.49999843e+00  3.18045066e-05 
 9.60850000e-09  9.60850000e-09  0.00000000e+00  2.49999851e+00 -3.31436613e-05 
 9.60950000e-09  9.60950000e-09  0.00000000e+00  2.49999859e+00  3.18708923e-05 
 9.61050000e-09  9.61050000e-09  0.00000000e+00  2.49999866e+00 -3.30805854e-05 
 9.61150000e-09  9.61150000e-09  0.00000000e+00  2.49999873e+00  3.19308243e-05 
 9.61250000e-09  9.61250000e-09  0.00000000e+00  2.49999880e+00 -3.30236395e-05 
 9.61350000e-09  9.61350000e-09  0.00000000e+00  2.49999886e+00  3.19849337e-05 
 9.61450000e-09  9.61450000e-09  0.00000000e+00  2.49999892e+00 -3.29722245e-05 
 9.61550000e-09  9.61550000e-09  0.00000000e+00  2.49999897e+00  3.20337894e-05 
 9.61650000e-09  9.61650000e-09  0.00000000e+00  2.49999902e+00 -3.29257999e-05 
 9.61750000e-09  9.61750000e-09  0.00000000e+00  2.49999907e+00  3.20779045e-05 
 9.61850000e-09  9.61850000e-09  0.00000000e+00  2.49999912e+00 -3.28838787e-05 
 9.61950000e-09  9.61950000e-09  0.00000000e+00  2.49999917e+00  3.21177415e-05 
 9.62050000e-09  9.62050000e-09  0.00000000e+00  2.49999921e+00 -3.28460216e-05 
 9.62150000e-09  9.62150000e-09  0.00000000e+00  2.49999925e+00  3.21537177e-05 
 9.62250000e-09  9.62250000e-09  0.00000000e+00  2.49999929e+00 -3.28118324e-05 
 9.62350000e-09  9.62350000e-09  0.00000000e+00  2.49999932e+00  3.21862093e-05 
 9.62450000e-09  9.62450000e-09  0.00000000e+00  2.49999936e+00 -3.27809536e-05 
 9.62550000e-09  9.62550000e-09  0.00000000e+00  2.49999939e+00  3.22155557e-05 
 9.62650000e-09  9.62650000e-09  0.00000000e+00  2.49999942e+00 -3.27530631e-05 
 9.62750000e-09  9.62750000e-09  0.00000000e+00  2.49999945e+00  3.22420631e-05 
 9.62850000e-09  9.62850000e-09  0.00000000e+00  2.49999948e+00 -3.27278700e-05 
 9.62950000e-09  9.62950000e-09  0.00000000e+00  2.49999950e+00  3.22660075e-05 
 9.63050000e-09  9.63050000e-09  0.00000000e+00  2.49999953e+00 -3.27051120e-05 
 9.63150000e-09  9.63150000e-09  0.00000000e+00  2.49999955e+00  3.22876382e-05 
 9.63250000e-09  9.63250000e-09  0.00000000e+00  2.49999958e+00 -3.26845525e-05 
 9.63350000e-09  9.63350000e-09  0.00000000e+00  2.49999960e+00  3.23071799e-05 
 9.63450000e-09  9.63450000e-09  0.00000000e+00  2.49999962e+00 -3.26659779e-05 
 9.63550000e-09  9.63550000e-09  0.00000000e+00  2.49999964e+00  3.23248354e-05 
 9.63650000e-09  9.63650000e-09  0.00000000e+00  2.49999966e+00 -3.26491957e-05 
 9.63750000e-09  9.63750000e-09  0.00000000e+00  2.49999967e+00  3.23407878e-05 
 9.63850000e-09  9.63850000e-09  0.00000000e+00  2.49999969e+00 -3.26340319e-05 
 9.63950000e-09  9.63950000e-09  0.00000000e+00  2.49999971e+00  3.23552021e-05 
 9.64050000e-09  9.64050000e-09  0.00000000e+00  2.49999972e+00 -3.26203297e-05 
 9.64150000e-09  9.64150000e-09  0.00000000e+00  2.49999973e+00  3.23682275e-05 
 9.64250000e-09  9.64250000e-09  0.00000000e+00  2.49999975e+00 -3.26079475e-05 
 9.64350000e-09  9.64350000e-09  0.00000000e+00  2.49999976e+00  3.23799986e-05 
 9.64450000e-09  9.64450000e-09  0.00000000e+00  2.49999977e+00 -3.25967574e-05 
 9.64550000e-09  9.64550000e-09  0.00000000e+00  2.49999978e+00  3.23906366e-05 
 9.64650000e-09  9.64650000e-09  0.00000000e+00  2.49999980e+00 -3.25866441e-05 
 9.64750000e-09  9.64750000e-09  0.00000000e+00  2.49999981e+00  3.24002512e-05 
 9.64850000e-09  9.64850000e-09  0.00000000e+00  2.49999982e+00 -3.25775034e-05 
 9.64950000e-09  9.64950000e-09  0.00000000e+00  2.49999982e+00  3.24089414e-05 
 9.65050000e-09  9.65050000e-09  0.00000000e+00  2.49999983e+00 -3.25692414e-05 
 9.65150000e-09  9.65150000e-09  0.00000000e+00  2.49999984e+00  3.24167964e-05 
 9.65250000e-09  9.65250000e-09  0.00000000e+00  2.49999985e+00 -3.25617731e-05 
 9.65350000e-09  9.65350000e-09  0.00000000e+00  2.49999986e+00  3.24238970e-05 
 9.65450000e-09  9.65450000e-09  0.00000000e+00  2.49999986e+00 -3.25550220e-05 
 9.65550000e-09  9.65550000e-09  0.00000000e+00  2.49999987e+00  3.24303160e-05 
 9.65650000e-09  9.65650000e-09  0.00000000e+00  2.49999988e+00 -3.25489188e-05 
 9.65750000e-09  9.65750000e-09  0.00000000e+00  2.49999988e+00  3.24361190e-05 
 9.65850000e-09  9.65850000e-09  0.00000000e+00  2.49999989e+00 -3.25434011e-05 
 9.65950000e-09  9.65950000e-09  0.00000000e+00  2.49999990e+00  3.24413656e-05 
 9.66050000e-09  9.66050000e-09  0.00000000e+00  2.49999990e+00 -3.25384123e-05 
 9.66150000e-09  9.66150000e-09  0.00000000e+00  2.49999991e+00  3.24461092e-05 
 9.66250000e-09  9.66250000e-09  0.00000000e+00  2.49999991e+00 -3.25339017e-05 
 9.66350000e-09  9.66350000e-09  0.00000000e+00  2.49999991e+00  3.24503984e-05 
 9.66450000e-09  9.66450000e-09  0.00000000e+00  2.49999992e+00 -3.25298230e-05 
 9.66550000e-09  9.66550000e-09  0.00000000e+00  2.49999992e+00  3.24542769e-05 
 9.66650000e-09  9.66650000e-09  0.00000000e+00  2.49999993e+00 -3.25261349e-05 
 9.66750000e-09  9.66750000e-09  0.00000000e+00  2.49999993e+00  3.24577841e-05 
 9.66850000e-09  9.66850000e-09  0.00000000e+00  2.49999993e+00 -3.25227996e-05 
 9.66950000e-09  9.66950000e-09  0.00000000e+00  2.49999994e+00  3.24609559e-05 
 9.67050000e-09  9.67050000e-09  0.00000000e+00  2.49999994e+00 -3.25197833e-05 
 9.67150000e-09  9.67150000e-09  0.00000000e+00  2.49999994e+00  3.24638243e-05 
 9.67250000e-09  9.67250000e-09  0.00000000e+00  2.49999995e+00 -3.25170554e-05 
 9.67350000e-09  9.67350000e-09  0.00000000e+00  2.49999995e+00  3.24664187e-05 
 9.67450000e-09  9.67450000e-09  0.00000000e+00  2.49999995e+00 -3.25145881e-05 
 9.67550000e-09  9.67550000e-09  0.00000000e+00  2.49999995e+00  3.24687652e-05 
 9.67650000e-09  9.67650000e-09  0.00000000e+00  2.49999996e+00 -3.25123565e-05 
 9.67750000e-09  9.67750000e-09  0.00000000e+00  2.49999996e+00  3.24708876e-05 
 9.67850000e-09  9.67850000e-09  0.00000000e+00  2.49999996e+00 -3.25103378e-05 
 9.67950000e-09  9.67950000e-09  0.00000000e+00  2.49999996e+00  3.24728075e-05 
 9.68050000e-09  9.68050000e-09  0.00000000e+00  2.49999996e+00 -3.25085118e-05 
 9.68150000e-09  9.68150000e-09  0.00000000e+00  2.49999997e+00  3.24745442e-05 
 9.68250000e-09  9.68250000e-09  0.00000000e+00  2.49999997e+00 -3.25068600e-05 
 9.68350000e-09  9.68350000e-09  0.00000000e+00  2.49999997e+00  3.24761154e-05 
 9.68450000e-09  9.68450000e-09  0.00000000e+00  2.49999997e+00 -3.25053656e-05 
 9.68550000e-09  9.68550000e-09  0.00000000e+00  2.49999997e+00  3.24775367e-05 
 9.68650000e-09  9.68650000e-09  0.00000000e+00  2.49999997e+00 -3.25040136e-05 
 9.68750000e-09  9.68750000e-09  0.00000000e+00  2.49999998e+00  3.24788227e-05 
 9.68850000e-09  9.68850000e-09  0.00000000e+00  2.49999998e+00 -3.25027904e-05 
 9.68950000e-09  9.68950000e-09  0.00000000e+00  2.49999998e+00  3.24799863e-05 
 9.69050000e-09  9.69050000e-09  0.00000000e+00  2.49999998e+00 -3.25016836e-05 
 9.69150000e-09  9.69150000e-09  0.00000000e+00  2.49999998e+00  3.24810390e-05 
 9.69250000e-09  9.69250000e-09  0.00000000e+00  2.49999998e+00 -3.25006822e-05 
 9.69350000e-09  9.69350000e-09  0.00000000e+00  2.49999998e+00  3.24819916e-05 
 9.69450000e-09  9.69450000e-09  0.00000000e+00  2.49999998e+00 -3.24997760e-05 
 9.69550000e-09  9.69550000e-09  0.00000000e+00  2.49999998e+00  3.24828537e-05 
 9.69650000e-09  9.69650000e-09  0.00000000e+00  2.49999998e+00 -3.24989560e-05 
 9.69750000e-09  9.69750000e-09  0.00000000e+00  2.49999999e+00  3.24836337e-05 
 9.69850000e-09  9.69850000e-09  0.00000000e+00  2.49999999e+00 -3.24982139e-05 
 9.69950000e-09  9.69950000e-09  0.00000000e+00  2.49999999e+00  3.24843397e-05 
 9.70050000e-09  9.70050000e-09  0.00000000e+00  2.49999999e+00 -3.24975424e-05 
 9.70150000e-09  9.70150000e-09  0.00000000e+00  2.49999999e+00  3.24849786e-05 
 9.70250000e-09  9.70250000e-09  0.00000000e+00  2.49999999e+00 -3.24969346e-05 
 9.70350000e-09  9.70350000e-09  0.00000000e+00  2.49999999e+00  3.24855568e-05 
 9.70450000e-09  9.70450000e-09  0.00000000e+00  2.49999999e+00 -3.24963844e-05 
 9.70550000e-09  9.70550000e-09  0.00000000e+00  2.49999999e+00  3.24860801e-05 
 9.70650000e-09  9.70650000e-09  0.00000000e+00  2.49999999e+00 -3.24958865e-05 
 9.70750000e-09  9.70750000e-09  0.00000000e+00  2.49999999e+00  3.24865539e-05 
 9.70850000e-09  9.70850000e-09  0.00000000e+00  2.49999999e+00 -3.24954359e-05 
 9.70950000e-09  9.70950000e-09  0.00000000e+00  2.49999999e+00  3.24869826e-05 
 9.71050000e-09  9.71050000e-09  0.00000000e+00  2.49999999e+00 -3.24950279e-05 
 9.71150000e-09  9.71150000e-09  0.00000000e+00  2.49999999e+00  3.24873708e-05 
 9.71250000e-09  9.71250000e-09  0.00000000e+00  2.49999999e+00 -3.24946586e-05 
 9.71350000e-09  9.71350000e-09  0.00000000e+00  2.49999999e+00  3.24877221e-05 
 9.71450000e-09  9.71450000e-09  0.00000000e+00  2.49999999e+00 -3.24943243e-05 
 9.71550000e-09  9.71550000e-09  0.00000000e+00  2.49999999e+00  3.24880402e-05 
 9.71650000e-09  9.71650000e-09  0.00000000e+00  2.49999999e+00 -3.24940217e-05 
 9.71750000e-09  9.71750000e-09  0.00000000e+00  2.49999999e+00  3.24883282e-05 
 9.71850000e-09  9.71850000e-09  0.00000000e+00  2.49999999e+00 -3.24937477e-05 
 9.71950000e-09  9.71950000e-09  0.00000000e+00  2.50000000e+00  3.24885889e-05 
 9.72050000e-09  9.72050000e-09  0.00000000e+00  2.50000000e+00 -3.24934996e-05 
 9.72150000e-09  9.72150000e-09  0.00000000e+00  2.50000000e+00  3.24888249e-05 
 9.72250000e-09  9.72250000e-09  0.00000000e+00  2.50000000e+00 -3.24932750e-05 
 9.72350000e-09  9.72350000e-09  0.00000000e+00  2.50000000e+00  3.24890386e-05 
 9.72450000e-09  9.72450000e-09  0.00000000e+00  2.50000000e+00 -3.24930717e-05 
 9.72550000e-09  9.72550000e-09  0.00000000e+00  2.50000000e+00  3.24892321e-05 
 9.72650000e-09  9.72650000e-09  0.00000000e+00  2.50000000e+00 -3.24928876e-05 
 9.72750000e-09  9.72750000e-09  0.00000000e+00  2.50000000e+00  3.24894073e-05 
 9.72850000e-09  9.72850000e-09  0.00000000e+00  2.50000000e+00 -3.24927208e-05 
 9.72950000e-09  9.72950000e-09  0.00000000e+00  2.50000000e+00  3.24895660e-05 
 9.73050000e-09  9.73050000e-09  0.00000000e+00  2.50000000e+00 -3.24925698e-05 
 9.73150000e-09  9.73150000e-09  0.00000000e+00  2.50000000e+00  3.24897097e-05 
 9.73250000e-09  9.73250000e-09  0.00000000e+00  2.50000000e+00 -3.24924331e-05 
 9.73350000e-09  9.73350000e-09  0.00000000e+00  2.50000000e+00  3.24898398e-05 
 9.73450000e-09  9.73450000e-09  0.00000000e+00  2.50000000e+00 -3.24923093e-05 
 9.73550000e-09  9.73550000e-09  0.00000000e+00  2.50000000e+00  3.24899576e-05 
 9.73650000e-09  9.73650000e-09  0.00000000e+00  2.50000000e+00 -3.24921972e-05 
 9.73750000e-09  9.73750000e-09  0.00000000e+00  2.50000000e+00  3.24900643e-05 
 9.73850000e-09  9.73850000e-09  0.00000000e+00  2.50000000e+00 -3.24920956e-05 
 9.73950000e-09  9.73950000e-09  0.00000000e+00  2.50000000e+00  3.24901610e-05 
 9.74050000e-09  9.74050000e-09  0.00000000e+00  2.50000000e+00 -3.24920036e-05 
 9.74150000e-09  9.74150000e-09  0.00000000e+00  2.50000000e+00  3.24902485e-05 
 9.74250000e-09  9.74250000e-09  0.00000000e+00  2.50000000e+00 -3.24919203e-05 
 9.74350000e-09  9.74350000e-09  0.00000000e+00  2.50000000e+00  3.24903278e-05 
 9.74450000e-09  9.74450000e-09  0.00000000e+00  2.50000000e+00 -3.24918449e-05 
 9.74550000e-09  9.74550000e-09  0.00000000e+00  2.50000000e+00  3.24903996e-05 
 9.74650000e-09  9.74650000e-09  0.00000000e+00  2.50000000e+00 -3.24917765e-05 
 9.74750000e-09  9.74750000e-09  0.00000000e+00  2.50000000e+00  3.24904646e-05 
 9.74850000e-09  9.74850000e-09  0.00000000e+00  2.50000000e+00 -3.24917146e-05 
 9.74950000e-09  9.74950000e-09  0.00000000e+00  2.50000000e+00  3.24905236e-05 
 9.75050000e-09  9.75050000e-09  0.00000000e+00  2.50000000e+00 -3.24916585e-05 
 9.75150000e-09  9.75150000e-09  0.00000000e+00  2.50000000e+00  3.24905769e-05 
 9.75250000e-09  9.75250000e-09  0.00000000e+00  2.50000000e+00 -3.24916077e-05 
 9.75350000e-09  9.75350000e-09  0.00000000e+00  2.50000000e+00  3.24906253e-05 
 9.75450000e-09  9.75450000e-09  0.00000000e+00  2.50000000e+00 -3.24915617e-05 
 9.75550000e-09  9.75550000e-09  0.00000000e+00  2.50000000e+00  3.24906691e-05 
 9.75650000e-09  9.75650000e-09  0.00000000e+00  2.50000000e+00 -3.24915200e-05 
 9.75750000e-09  9.75750000e-09  0.00000000e+00  2.50000000e+00  3.24907088e-05 
 9.75850000e-09  9.75850000e-09  0.00000000e+00  2.50000000e+00 -3.24914822e-05 
 9.75950000e-09  9.75950000e-09  0.00000000e+00  2.50000000e+00  3.24907447e-05 
 9.76050000e-09  9.76050000e-09  0.00000000e+00  2.50000000e+00 -3.24914480e-05 
 9.76150000e-09  9.76150000e-09  0.00000000e+00  2.50000000e+00  3.24907773e-05 
 9.76250000e-09  9.76250000e-09  0.00000000e+00  2.50000000e+00 -3.24914170e-05 
 9.76350000e-09  9.76350000e-09  0.00000000e+00  2.50000000e+00  3.24908068e-05 
 9.76450000e-09  9.76450000e-09  0.00000000e+00  2.50000000e+00 -3.24913889e-05 
 9.76550000e-09  9.76550000e-09  0.00000000e+00  2.50000000e+00  3.24908335e-05 
 9.76650000e-09  9.76650000e-09  0.00000000e+00  2.50000000e+00 -3.24913635e-05 
 9.76750000e-09  9.76750000e-09  0.00000000e+00  2.50000000e+00  3.24908578e-05 
 9.76850000e-09  9.76850000e-09  0.00000000e+00  2.50000000e+00 -3.24913404e-05 
 9.76950000e-09  9.76950000e-09  0.00000000e+00  2.50000000e+00  3.24908797e-05 
 9.77050000e-09  9.77050000e-09  0.00000000e+00  2.50000000e+00 -3.24913195e-05 
 9.77150000e-09  9.77150000e-09  0.00000000e+00  2.50000000e+00  3.24908996e-05 
 9.77250000e-09  9.77250000e-09  0.00000000e+00  2.50000000e+00 -3.24913006e-05 
 9.77350000e-09  9.77350000e-09  0.00000000e+00  2.50000000e+00  3.24909176e-05 
 9.77450000e-09  9.77450000e-09  0.00000000e+00  2.50000000e+00 -3.24912834e-05 
 9.77550000e-09  9.77550000e-09  0.00000000e+00  2.50000000e+00  3.24909340e-05 
 9.77650000e-09  9.77650000e-09  0.00000000e+00  2.50000000e+00 -3.24912679e-05 
 9.77750000e-09  9.77750000e-09  0.00000000e+00  2.50000000e+00  3.24909488e-05 
 9.77850000e-09  9.77850000e-09  0.00000000e+00  2.50000000e+00 -3.24912538e-05 
 9.77950000e-09  9.77950000e-09  0.00000000e+00  2.50000000e+00  3.24909622e-05 
 9.78050000e-09  9.78050000e-09  0.00000000e+00  2.50000000e+00 -3.24912410e-05 
 9.78150000e-09  9.78150000e-09  0.00000000e+00  2.50000000e+00  3.24909743e-05 
 9.78250000e-09  9.78250000e-09  0.00000000e+00  2.50000000e+00 -3.24912294e-05 
 9.78350000e-09  9.78350000e-09  0.00000000e+00  2.50000000e+00  3.24909854e-05 
 9.78450000e-09  9.78450000e-09  0.00000000e+00  2.50000000e+00 -3.24912190e-05 
 9.78550000e-09  9.78550000e-09  0.00000000e+00  2.50000000e+00  3.24909953e-05 
 9.78650000e-09  9.78650000e-09  0.00000000e+00  2.50000000e+00 -3.24912095e-05 
 9.78750000e-09  9.78750000e-09  0.00000000e+00  2.50000000e+00  3.24910044e-05 
 9.78850000e-09  9.78850000e-09  0.00000000e+00  2.50000000e+00 -3.24912008e-05 
 9.78950000e-09  9.78950000e-09  0.00000000e+00  2.50000000e+00  3.24910126e-05 
 9.79050000e-09  9.79050000e-09  0.00000000e+00  2.50000000e+00 -3.24911930e-05 
 9.79150000e-09  9.79150000e-09  0.00000000e+00  2.50000000e+00  3.24910200e-05 
 9.79250000e-09  9.79250000e-09  0.00000000e+00  2.50000000e+00 -3.24911860e-05 
 9.79350000e-09  9.79350000e-09  0.00000000e+00  2.50000000e+00  3.24910268e-05 
 9.79450000e-09  9.79450000e-09  0.00000000e+00  2.50000000e+00 -3.24911795e-05 
 9.79550000e-09  9.79550000e-09  0.00000000e+00  2.50000000e+00  3.24910329e-05 
 9.79650000e-09  9.79650000e-09  0.00000000e+00  2.50000000e+00 -3.24911737e-05 
 9.79750000e-09  9.79750000e-09  0.00000000e+00  2.50000000e+00  3.24910384e-05 
 9.79850000e-09  9.79850000e-09  0.00000000e+00  2.50000000e+00 -3.24911685e-05 
 9.79950000e-09  9.79950000e-09  0.00000000e+00  2.50000000e+00  3.24910434e-05 
 9.80050000e-09  9.80050000e-09  0.00000000e+00  2.50000000e+00 -3.24911637e-05 
 9.80150000e-09  9.80150000e-09  0.00000000e+00  2.50000000e+00  3.24910480e-05 
 9.80250000e-09  9.80250000e-09  0.00000000e+00  2.50000000e+00 -3.24911593e-05 
 9.80350000e-09  9.80350000e-09  0.00000000e+00  2.50000000e+00  3.24910521e-05 
 9.80450000e-09  9.80450000e-09  0.00000000e+00  2.50000000e+00 -3.24911554e-05 
 9.80550000e-09  9.80550000e-09  0.00000000e+00  2.50000000e+00  3.24910558e-05 
 9.80650000e-09  9.80650000e-09  0.00000000e+00  2.50000000e+00 -3.24911519e-05 
 9.80750000e-09  9.80750000e-09  0.00000000e+00  2.50000000e+00  3.24910592e-05 
 9.80850000e-09  9.80850000e-09  0.00000000e+00  2.50000000e+00 -3.24911486e-05 
 9.80950000e-09  9.80950000e-09  0.00000000e+00  2.50000000e+00  3.24910623e-05 
 9.81050000e-09  9.81050000e-09  0.00000000e+00  2.50000000e+00 -3.24911457e-05 
 9.81150000e-09  9.81150000e-09  0.00000000e+00  2.50000000e+00  3.24910651e-05 
 9.81250000e-09  9.81250000e-09  0.00000000e+00  2.50000000e+00 -3.24911431e-05 
 9.81350000e-09  9.81350000e-09  0.00000000e+00  2.50000000e+00  3.24910676e-05 
 9.81450000e-09  9.81450000e-09  0.00000000e+00  2.50000000e+00 -3.24911407e-05 
 9.81550000e-09  9.81550000e-09  0.00000000e+00  2.50000000e+00  3.24910699e-05 
 9.81650000e-09  9.81650000e-09  0.00000000e+00  2.50000000e+00 -3.24911385e-05 
 9.81750000e-09  9.81750000e-09  0.00000000e+00  2.50000000e+00  3.24910720e-05 
 9.81850000e-09  9.81850000e-09  0.00000000e+00  2.50000000e+00 -3.24911365e-05 
 9.81950000e-09  9.81950000e-09  0.00000000e+00  2.50000000e+00  3.24910739e-05 
 9.82050000e-09  9.82050000e-09  0.00000000e+00  2.50000000e+00 -3.24911347e-05 
 9.82150000e-09  9.82150000e-09  0.00000000e+00  2.50000000e+00  3.24910756e-05 
 9.82250000e-09  9.82250000e-09  0.00000000e+00  2.50000000e+00 -3.24911331e-05 
 9.82350000e-09  9.82350000e-09  0.00000000e+00  2.50000000e+00  3.24910771e-05 
 9.82450000e-09  9.82450000e-09  0.00000000e+00  2.50000000e+00 -3.24911316e-05 
 9.82550000e-09  9.82550000e-09  0.00000000e+00  2.50000000e+00  3.24910785e-05 
 9.82650000e-09  9.82650000e-09  0.00000000e+00  2.50000000e+00 -3.24911303e-05 
 9.82750000e-09  9.82750000e-09  0.00000000e+00  2.50000000e+00  3.24910798e-05 
 9.82850000e-09  9.82850000e-09  0.00000000e+00  2.50000000e+00 -3.24911291e-05 
 9.82950000e-09  9.82950000e-09  0.00000000e+00  2.50000000e+00  3.24910809e-05 
 9.83050000e-09  9.83050000e-09  0.00000000e+00  2.50000000e+00 -3.24911280e-05 
 9.83150000e-09  9.83150000e-09  0.00000000e+00  2.50000000e+00  3.24910820e-05 
 9.83250000e-09  9.83250000e-09  0.00000000e+00  2.50000000e+00 -3.24911270e-05 
 9.83350000e-09  9.83350000e-09  0.00000000e+00  2.50000000e+00  3.24910829e-05 
 9.83450000e-09  9.83450000e-09  0.00000000e+00  2.50000000e+00 -3.24911261e-05 
 9.83550000e-09  9.83550000e-09  0.00000000e+00  2.50000000e+00  3.24910838e-05 
 9.83650000e-09  9.83650000e-09  0.00000000e+00  2.50000000e+00 -3.24911252e-05 
 9.83750000e-09  9.83750000e-09  0.00000000e+00  2.50000000e+00  3.24910846e-05 
 9.83850000e-09  9.83850000e-09  0.00000000e+00  2.50000000e+00 -3.24911245e-05 
 9.83950000e-09  9.83950000e-09  0.00000000e+00  2.50000000e+00  3.24910853e-05 
 9.84050000e-09  9.84050000e-09  0.00000000e+00  2.50000000e+00 -3.24911238e-05 
 9.84150000e-09  9.84150000e-09  0.00000000e+00  2.50000000e+00  3.24910859e-05 
 9.84250000e-09  9.84250000e-09  0.00000000e+00  2.50000000e+00 -3.24911232e-05 
 9.84350000e-09  9.84350000e-09  0.00000000e+00  2.50000000e+00  3.24910865e-05 
 9.84450000e-09  9.84450000e-09  0.00000000e+00  2.50000000e+00 -3.24911227e-05 
 9.84550000e-09  9.84550000e-09  0.00000000e+00  2.50000000e+00  3.24910870e-05 
 9.84650000e-09  9.84650000e-09  0.00000000e+00  2.50000000e+00 -3.24911222e-05 
 9.84750000e-09  9.84750000e-09  0.00000000e+00  2.50000000e+00  3.24910875e-05 
 9.84850000e-09  9.84850000e-09  0.00000000e+00  2.50000000e+00 -3.24911217e-05 
 9.84950000e-09  9.84950000e-09  0.00000000e+00  2.50000000e+00  3.24910879e-05 
 9.85050000e-09  9.85050000e-09  0.00000000e+00  2.50000000e+00 -3.24911213e-05 
 9.85150000e-09  9.85150000e-09  0.00000000e+00  2.50000000e+00  3.24910883e-05 
 9.85250000e-09  9.85250000e-09  0.00000000e+00  2.50000000e+00 -3.24911209e-05 
 9.85350000e-09  9.85350000e-09  0.00000000e+00  2.50000000e+00  3.24910887e-05 
 9.85450000e-09  9.85450000e-09  0.00000000e+00  2.50000000e+00 -3.24911206e-05 
 9.85550000e-09  9.85550000e-09  0.00000000e+00  2.50000000e+00  3.24910890e-05 
 9.85650000e-09  9.85650000e-09  0.00000000e+00  2.50000000e+00 -3.24911203e-05 
 9.85750000e-09  9.85750000e-09  0.00000000e+00  2.50000000e+00  3.24910893e-05 
 9.85850000e-09  9.85850000e-09  0.00000000e+00  2.50000000e+00 -3.24911200e-05 
 9.85950000e-09  9.85950000e-09  0.00000000e+00  2.50000000e+00  3.24910896e-05 
 9.86050000e-09  9.86050000e-09  0.00000000e+00  2.50000000e+00 -3.24911197e-05 
 9.86150000e-09  9.86150000e-09  0.00000000e+00  2.50000000e+00  3.24910898e-05 
 9.86250000e-09  9.86250000e-09  0.00000000e+00  2.50000000e+00 -3.24911195e-05 
 9.86350000e-09  9.86350000e-09  0.00000000e+00  2.50000000e+00  3.24910900e-05 
 9.86450000e-09  9.86450000e-09  0.00000000e+00  2.50000000e+00 -3.24911193e-05 
 9.86550000e-09  9.86550000e-09  0.00000000e+00  2.50000000e+00  3.24910902e-05 
 9.86650000e-09  9.86650000e-09  0.00000000e+00  2.50000000e+00 -3.24911191e-05 
 9.86750000e-09  9.86750000e-09  0.00000000e+00  2.50000000e+00  3.24910904e-05 
 9.86850000e-09  9.86850000e-09  0.00000000e+00  2.50000000e+00 -3.24911189e-05 
 9.86950000e-09  9.86950000e-09  0.00000000e+00  2.50000000e+00  3.24910906e-05 
 9.87050000e-09  9.87050000e-09  0.00000000e+00  2.50000000e+00 -3.24911188e-05 
 9.87150000e-09  9.87150000e-09  0.00000000e+00  2.50000000e+00  3.24910907e-05 
 9.87250000e-09  9.87250000e-09  0.00000000e+00  2.50000000e+00 -3.24911186e-05 
 9.87350000e-09  9.87350000e-09  0.00000000e+00  2.50000000e+00  3.24910909e-05 
 9.87450000e-09  9.87450000e-09  0.00000000e+00  2.50000000e+00 -3.24911185e-05 
 9.87550000e-09  9.87550000e-09  0.00000000e+00  2.50000000e+00  3.24910910e-05 
 9.87650000e-09  9.87650000e-09  0.00000000e+00  2.50000000e+00 -3.24911184e-05 
 9.87750000e-09  9.87750000e-09  0.00000000e+00  2.50000000e+00  3.24910911e-05 
 9.87850000e-09  9.87850000e-09  0.00000000e+00  2.50000000e+00 -3.24911183e-05 
 9.87950000e-09  9.87950000e-09  0.00000000e+00  2.50000000e+00  3.24910912e-05 
 9.88050000e-09  9.88050000e-09  0.00000000e+00  2.50000000e+00 -3.24911182e-05 
 9.88150000e-09  9.88150000e-09  0.00000000e+00  2.50000000e+00  3.24910913e-05 
 9.88250000e-09  9.88250000e-09  0.00000000e+00  2.50000000e+00 -3.24911181e-05 
 9.88350000e-09  9.88350000e-09  0.00000000e+00  2.50000000e+00  3.24910914e-05 
 9.88450000e-09  9.88450000e-09  0.00000000e+00  2.50000000e+00 -3.24911180e-05 
 9.88550000e-09  9.88550000e-09  0.00000000e+00  2.50000000e+00  3.24910914e-05 
 9.88650000e-09  9.88650000e-09  0.00000000e+00  2.50000000e+00 -3.24911180e-05 
 9.88750000e-09  9.88750000e-09  0.00000000e+00  2.50000000e+00  3.24910915e-05 
 9.88850000e-09  9.88850000e-09  0.00000000e+00  2.50000000e+00 -3.24911179e-05 
 9.88950000e-09  9.88950000e-09  0.00000000e+00  2.50000000e+00  3.24910916e-05 
 9.89050000e-09  9.89050000e-09  0.00000000e+00  2.50000000e+00 -3.24911178e-05 
 9.89150000e-09  9.89150000e-09  0.00000000e+00  2.50000000e+00  3.24910916e-05 
 9.89250000e-09  9.89250000e-09  0.00000000e+00  2.50000000e+00 -3.24911178e-05 
 9.89350000e-09  9.89350000e-09  0.00000000e+00  2.50000000e+00  3.24910917e-05 
 9.89450000e-09  9.89450000e-09  0.00000000e+00  2.50000000e+00 -3.24911177e-05 
 9.89550000e-09  9.89550000e-09  0.00000000e+00  2.50000000e+00  3.24910917e-05 
 9.89650000e-09  9.89650000e-09  0.00000000e+00  2.50000000e+00 -3.24911177e-05 
 9.89750000e-09  9.89750000e-09  0.00000000e+00  2.50000000e+00  3.24910918e-05 
 9.89850000e-09  9.89850000e-09  0.00000000e+00  2.50000000e+00 -3.24911177e-05 
 9.89950000e-09  9.89950000e-09  0.00000000e+00  2.50000000e+00  3.24910918e-05 
 9.90050000e-09  9.90050000e-09  0.00000000e+00  2.50000000e+00 -3.24911176e-05 
 9.90150000e-09  9.90150000e-09  0.00000000e+00  2.50000000e+00  3.24910918e-05 
 9.90250000e-09  9.90250000e-09  0.00000000e+00  2.50000000e+00 -3.24911176e-05 
 9.90350000e-09  9.90350000e-09  0.00000000e+00  2.50000000e+00  3.24910919e-05 
 9.90450000e-09  9.90450000e-09  0.00000000e+00  2.50000000e+00 -3.24911176e-05 
 9.90550000e-09  9.90550000e-09  0.00000000e+00  2.50000000e+00  3.24910919e-05 
 9.90650000e-09  9.90650000e-09  0.00000000e+00  2.50000000e+00 -3.24911175e-05 
 9.90750000e-09  9.90750000e-09  0.00000000e+00  2.50000000e+00  3.24910919e-05 
 9.90850000e-09  9.90850000e-09  0.00000000e+00  2.50000000e+00 -3.24911175e-05 
 9.90950000e-09  9.90950000e-09  0.00000000e+00  2.50000000e+00  3.24910919e-05 
 9.91050000e-09  9.91050000e-09  0.00000000e+00  2.50000000e+00 -3.24911175e-05 
 9.91150000e-09  9.91150000e-09  0.00000000e+00  2.50000000e+00  3.24910920e-05 
 9.91250000e-09  9.91250000e-09  0.00000000e+00  2.50000000e+00 -3.24911175e-05 
 9.91350000e-09  9.91350000e-09  0.00000000e+00  2.50000000e+00  3.24910920e-05 
 9.91450000e-09  9.91450000e-09  0.00000000e+00  2.50000000e+00 -3.24911174e-05 
 9.91550000e-09  9.91550000e-09  0.00000000e+00  2.50000000e+00  3.24910920e-05 
 9.91650000e-09  9.91650000e-09  0.00000000e+00  2.50000000e+00 -3.24911174e-05 
 9.91750000e-09  9.91750000e-09  0.00000000e+00  2.50000000e+00  3.24910920e-05 
 9.91850000e-09  9.91850000e-09  0.00000000e+00  2.50000000e+00 -3.24911174e-05 
 9.91950000e-09  9.91950000e-09  0.00000000e+00  2.50000000e+00  3.24910920e-05 
 9.92050000e-09  9.92050000e-09  0.00000000e+00  2.50000000e+00 -3.24911174e-05 
 9.92150000e-09  9.92150000e-09  0.00000000e+00  2.50000000e+00  3.24910920e-05 
 9.92250000e-09  9.92250000e-09  0.00000000e+00  2.50000000e+00 -3.24911174e-05 
 9.92350000e-09  9.92350000e-09  0.00000000e+00  2.50000000e+00  3.24910921e-05 
 9.92450000e-09  9.92450000e-09  0.00000000e+00  2.50000000e+00 -3.24911174e-05 
 9.92550000e-09  9.92550000e-09  0.00000000e+00  2.50000000e+00  3.24910921e-05 
 9.92650000e-09  9.92650000e-09  0.00000000e+00  2.50000000e+00 -3.24911174e-05 
 9.92750000e-09  9.92750000e-09  0.00000000e+00  2.50000000e+00  3.24910921e-05 
 9.92850000e-09  9.92850000e-09  0.00000000e+00  2.50000000e+00 -3.24911174e-05 
 9.92950000e-09  9.92950000e-09  0.00000000e+00  2.50000000e+00  3.24910921e-05 
 9.93050000e-09  9.93050000e-09  0.00000000e+00  2.50000000e+00 -3.24911174e-05 
 9.93150000e-09  9.93150000e-09  0.00000000e+00  2.50000000e+00  3.24910921e-05 
 9.93250000e-09  9.93250000e-09  0.00000000e+00  2.50000000e+00 -3.24911173e-05 
 9.93350000e-09  9.93350000e-09  0.00000000e+00  2.50000000e+00  3.24910921e-05 
 9.93450000e-09  9.93450000e-09  0.00000000e+00  2.50000000e+00 -3.24911173e-05 
 9.93550000e-09  9.93550000e-09  0.00000000e+00  2.50000000e+00  3.24910921e-05 
 9.93650000e-09  9.93650000e-09  0.00000000e+00  2.50000000e+00 -3.24911173e-05 
 9.93750000e-09  9.93750000e-09  0.00000000e+00  2.50000000e+00  3.24910921e-05 
 9.93850000e-09  9.93850000e-09  0.00000000e+00  2.50000000e+00 -3.24911173e-05 
 9.93950000e-09  9.93950000e-09  0.00000000e+00  2.50000000e+00  3.24910921e-05 
 9.94050000e-09  9.94050000e-09  0.00000000e+00  2.50000000e+00 -3.24911173e-05 
 9.94150000e-09  9.94150000e-09  0.00000000e+00  2.50000000e+00  3.24910921e-05 
 9.94250000e-09  9.94250000e-09  0.00000000e+00  2.50000000e+00 -3.24911173e-05 
 9.94350000e-09  9.94350000e-09  0.00000000e+00  2.50000000e+00  3.24910921e-05 
 9.94450000e-09  9.94450000e-09  0.00000000e+00  2.50000000e+00 -3.24911173e-05 
 9.94550000e-09  9.94550000e-09  0.00000000e+00  2.50000000e+00  3.24910921e-05 
 9.94650000e-09  9.94650000e-09  0.00000000e+00  2.50000000e+00 -3.24911173e-05 
 9.94750000e-09  9.94750000e-09  0.00000000e+00  2.50000000e+00  3.24910921e-05 
 9.94850000e-09  9.94850000e-09  0.00000000e+00  2.50000000e+00 -3.24911173e-05 
 9.94950000e-09  9.94950000e-09  0.00000000e+00  2.50000000e+00  3.24910921e-05 
 9.95050000e-09  9.95050000e-09  0.00000000e+00  2.50000000e+00 -3.24911173e-05 
 9.95150000e-09  9.95150000e-09  0.00000000e+00  2.50000000e+00  3.24910921e-05 
 9.95250000e-09  9.95250000e-09  0.00000000e+00  2.50000000e+00 -3.24911173e-05 
 9.95350000e-09  9.95350000e-09  0.00000000e+00  2.50000000e+00  3.24910921e-05 
 9.95450000e-09  9.95450000e-09  0.00000000e+00  2.50000000e+00 -3.24911173e-05 
 9.95550000e-09  9.95550000e-09  0.00000000e+00  2.50000000e+00  3.24910921e-05 
 9.95650000e-09  9.95650000e-09  0.00000000e+00  2.50000000e+00 -3.24911173e-05 
 9.95750000e-09  9.95750000e-09  0.00000000e+00  2.50000000e+00  3.24910922e-05 
 9.95850000e-09  9.95850000e-09  0.00000000e+00  2.50000000e+00 -3.24911173e-05 
 9.95950000e-09  9.95950000e-09  0.00000000e+00  2.50000000e+00  3.24910922e-05 
 9.96050000e-09  9.96050000e-09  0.00000000e+00  2.50000000e+00 -3.24911173e-05 
 9.96150000e-09  9.96150000e-09  0.00000000e+00  2.50000000e+00  3.24910922e-05 
 9.96250000e-09  9.96250000e-09  0.00000000e+00  2.50000000e+00 -3.24911173e-05 
 9.96350000e-09  9.96350000e-09  0.00000000e+00  2.50000000e+00  3.24910922e-05 
 9.96450000e-09  9.96450000e-09  0.00000000e+00  2.50000000e+00 -3.24911173e-05 
 9.96550000e-09  9.96550000e-09  0.00000000e+00  2.50000000e+00  3.24910922e-05 
 9.96650000e-09  9.96650000e-09  0.00000000e+00  2.50000000e+00 -3.24911173e-05 
 9.96750000e-09  9.96750000e-09  0.00000000e+00  2.50000000e+00  3.24910922e-05 
 9.96850000e-09  9.96850000e-09  0.00000000e+00  2.50000000e+00 -3.24911173e-05 
 9.96950000e-09  9.96950000e-09  0.00000000e+00  2.50000000e+00  3.24910922e-05 
 9.97050000e-09  9.97050000e-09  0.00000000e+00  2.50000000e+00 -3.24911173e-05 
 9.97150000e-09  9.97150000e-09  0.00000000e+00  2.50000000e+00  3.24910922e-05 
 9.97250000e-09  9.97250000e-09  0.00000000e+00  2.50000000e+00 -3.24911173e-05 
 9.97350000e-09  9.97350000e-09  0.00000000e+00  2.50000000e+00  3.24910922e-05 
 9.97450000e-09  9.97450000e-09  0.00000000e+00  2.50000000e+00 -3.24911173e-05 
 9.97550000e-09  9.97550000e-09  0.00000000e+00  2.50000000e+00  3.24910922e-05 
 9.97650000e-09  9.97650000e-09  0.00000000e+00  2.50000000e+00 -3.24911173e-05 
 9.97750000e-09  9.97750000e-09  0.00000000e+00  2.50000000e+00  3.24910922e-05 
 9.97850000e-09  9.97850000e-09  0.00000000e+00  2.50000000e+00 -3.24911173e-05 
 9.97950000e-09  9.97950000e-09  0.00000000e+00  2.50000000e+00  3.24910922e-05 
 9.98050000e-09  9.98050000e-09  0.00000000e+00  2.50000000e+00 -3.24911173e-05 
 9.98150000e-09  9.98150000e-09  0.00000000e+00  2.50000000e+00  3.24910922e-05 
 9.98250000e-09  9.98250000e-09  0.00000000e+00  2.50000000e+00 -3.24911173e-05 
 9.98350000e-09  9.98350000e-09  0.00000000e+00  2.50000000e+00  3.24910922e-05 
 9.98450000e-09  9.98450000e-09  0.00000000e+00  2.50000000e+00 -3.24911173e-05 
 9.98550000e-09  9.98550000e-09  0.00000000e+00  2.50000000e+00  3.24910922e-05 
 9.98650000e-09  9.98650000e-09  0.00000000e+00  2.50000000e+00 -3.24911173e-05 
 9.98750000e-09  9.98750000e-09  0.00000000e+00  2.50000000e+00  3.24910922e-05 
 9.98850000e-09  9.98850000e-09  0.00000000e+00  2.50000000e+00 -3.24911173e-05 
 9.98950000e-09  9.98950000e-09  0.00000000e+00  2.50000000e+00  3.24910922e-05 
 9.99050000e-09  9.99050000e-09  0.00000000e+00  2.50000000e+00 -3.24911173e-05 
 9.99150000e-09  9.99150000e-09  0.00000000e+00  2.50000000e+00  3.24910922e-05 
 9.99250000e-09  9.99250000e-09  0.00000000e+00  2.50000000e+00 -3.24911173e-05 
 9.99350000e-09  9.99350000e-09  0.00000000e+00  2.50000000e+00  3.24910922e-05 
 9.99450000e-09  9.99450000e-09  0.00000000e+00  2.50000000e+00 -3.24911173e-05 
 9.99550000e-09  9.99550000e-09  0.00000000e+00  2.50000000e+00  3.24910922e-05 
 9.99650000e-09  9.99650000e-09  0.00000000e+00  2.50000000e+00 -3.24911173e-05 
 9.99750000e-09  9.99750000e-09  0.00000000e+00  2.50000000e+00  3.24910922e-05 
 9.99850000e-09  9.99850000e-09  0.00000000e+00  2.50000000e+00 -3.24911173e-05 
 9.99925000e-09  9.99925000e-09  0.00000000e+00  2.50000000e+00  3.24910922e-05 
 1.00000000e-08  1.00000000e-08  0.00000000e+00  2.50000000e+00 -3.24911173e-05 
