 time            time            v(in)           v(out)          i(vdd)         
 0.00000000e+00  0.00000000e+00  0.00000000e+00  2.50000000e+00 -2.51000176e-12 
 1.00000000e-14  1.00000000e-14  0.00000000e+00  2.50000000e+00  3.58130279e-12 
 2.00000000e-14  2.00000000e-14  0.00000000e+00  2.50000000e+00  3.57325280e-12 
 4.00000000e-14  4.00000000e-14  0.00000000e+00  2.50000000e+00  3.55729248e-12 
 8.00000000e-14  8.00000000e-14  0.00000000e+00  2.50000000e+00  3.52482540e-12 
 1.60000000e-13  1.60000000e-13  0.00000000e+00  2.50000000e+00  3.46093293e-12 
 3.20000000e-13  3.20000000e-13  0.00000000e+00  2.50000000e+00  3.33508655e-12 
 6.40000000e-13  6.40000000e-13  0.00000000e+00  2.50000000e+00  3.09131973e-12 
 1.28000000e-12  1.28000000e-12  0.00000000e+00  2.50000000e+00  2.63369188e-12 
 2.28000000e-12  2.28000000e-12  0.00000000e+00  2.50000000e+00  1.99180863e-12 
 3.28000000e-12  3.28000000e-12  0.00000000e+00  2.50000000e+00  1.43003664e-12 
 4.28000000e-12  4.28000000e-12  0.00000000e+00  2.50000000e+00  9.38347490e-13 
 5.28000000e-12  5.28000000e-12  0.00000000e+00  2.50000000e+00  5.08031985e-13 
 6.28000000e-12  6.28000000e-12  0.00000000e+00  2.50000000e+00  1.31413977e-13 
 7.28000000e-12  7.28000000e-12  0.00000000e+00  2.50000000e+00 -1.98207770e-13 
 8.28000000e-12  8.28000000e-12  0.00000000e+00  2.50000000e+00 -4.86698355e-13 
 9.28000000e-12  9.28000000e-12  0.00000000e+00  2.50000000e+00 -7.39189959e-13 
 1.02800000e-11  1.02800000e-11  0.00000000e+00  2.50000000e+00 -9.60165107e-13 
 1.12800000e-11  1.12800000e-11  0.00000000e+00  2.50000000e+00 -1.15357203e-12 
 1.22800000e-11  1.22800000e-11  0.00000000e+00  2.50000000e+00 -1.32284027e-12 
 1.32800000e-11  1.32800000e-11  0.00000000e+00  2.50000000e+00 -1.47097959e-12 
 1.42800000e-11  1.42800000e-11  0.00000000e+00  2.50000000e+00 -1.60064670e-12 
 1.52800000e-11  1.52800000e-11  0.00000000e+00  2.50000000e+00 -1.71412710e-12 
 1.62800000e-11  1.62800000e-11  0.00000000e+00  2.50000000e+00 -1.81344263e-12 
 1.72800000e-11  1.72800000e-11  0.00000000e+00  2.50000000e+00 -1.90036094e-12 
 1.82800000e-11  1.82800000e-11  0.00000000e+00  2.50000000e+00 -1.97643811e-12 
 1.92800000e-11  1.92800000e-11  0.00000000e+00  2.50000000e+00 -2.04302287e-12 
 2.02800000e-11  2.02800000e-11  0.00000000e+00  2.50000000e+00 -2.10129310e-12 
 2.12800000e-11  2.12800000e-11  0.00000000e+00  2.50000000e+00 -2.15229570e-12 
 2.22800000e-11  2.22800000e-11  0.00000000e+00  2.50000000e+00 -2.19694488e-12 
 2.32800000e-11  2.32800000e-11  0.00000000e+00  2.50000000e+00 -2.23600218e-12 
 2.42800000e-11  2.42800000e-11  0.00000000e+00  2.50000000e+00 -2.27020052e-12 
 2.52800000e-11  2.52800000e-11  0.00000000e+00  2.50000000e+00 -2.30012450e-12 
 2.62800000e-11  2.62800000e-11  0.00000000e+00  2.50000000e+00 -2.32631622e-12 
 2.72800000e-11  2.72800000e-11  0.00000000e+00  2.50000000e+00 -2.34924580e-12 
 2.82800000e-11  2.82800000e-11  0.00000000e+00  2.50000000e+00 -2.36930180e-12 
 2.92800000e-11  2.92800000e-11  0.00000000e+00  2.50000000e+00 -2.38687022e-12 
 3.02800000e-11  3.02800000e-11  0.00000000e+00  2.50000000e+00 -2.40222859e-12 
 3.12800000e-11  3.12800000e-11  0.00000000e+00  2.50000000e+00 -2.41567790e-12 
 3.22800000e-11  3.22800000e-11  0.00000000e+00  2.50000000e+00 -2.42745234e-12 
 3.32800000e-11  3.32800000e-11  0.00000000e+00  2.50000000e+00 -2.43775746e-12 
 3.42800000e-11  3.42800000e-11  0.00000000e+00  2.50000000e+00 -2.44677629e-12 
 3.52800000e-11  3.52800000e-11  0.00000000e+00  2.50000000e+00 -2.45466061e-12 
 3.62800000e-11  3.62800000e-11  0.00000000e+00  2.50000000e+00 -2.46156654e-12 
 3.72800000e-11  3.72800000e-11  0.00000000e+00  2.50000000e+00 -2.46760598e-12 
 3.82800000e-11  3.82800000e-11  0.00000000e+00  2.50000000e+00 -2.47290209e-12 
 3.92800000e-11  3.92800000e-11  0.00000000e+00  2.50000000e+00 -2.47752773e-12 
 4.02800000e-11  4.02800000e-11  0.00000000e+00  2.50000000e+00 -2.48158265e-12 
 4.12800000e-11  4.12800000e-11  0.00000000e+00  2.50000000e+00 -2.48513536e-12 
 4.22800000e-11  4.22800000e-11  0.00000000e+00  2.50000000e+00 -2.48823618e-12 
 4.32800000e-11  4.32800000e-11  0.00000000e+00  2.50000000e+00 -2.49095189e-12 
 4.42800000e-11  4.42800000e-11  0.00000000e+00  2.50000000e+00 -2.49332499e-12 
 4.52800000e-11  4.52800000e-11  0.00000000e+00  2.50000000e+00 -2.49541100e-12 
 4.62800000e-11  4.62800000e-11  0.00000000e+00  2.50000000e+00 -2.49722552e-12 
 4.72800000e-11  4.72800000e-11  0.00000000e+00  2.50000000e+00 -2.49882320e-12 
 4.82800000e-11  4.82800000e-11  0.00000000e+00  2.50000000e+00 -2.50021184e-12 
 4.92800000e-11  4.92800000e-11  0.00000000e+00  2.50000000e+00 -2.50143916e-12 
 5.02800000e-11  5.02800000e-11  0.00000000e+00  2.50000000e+00 -2.50250428e-12 
 5.12800000e-11  5.12800000e-11  0.00000000e+00  2.50000000e+00 -2.50344537e-12 
 5.22800000e-11  5.22800000e-11  0.00000000e+00  2.50000000e+00 -2.50425895e-12 
 5.32800000e-11  5.32800000e-11  0.00000000e+00  2.50000000e+00 -2.50498580e-12 
 5.42800000e-11  5.42800000e-11  0.00000000e+00  2.50000000e+00 -2.50561637e-12 
 5.52800000e-11  5.52800000e-11  0.00000000e+00  2.50000000e+00 -2.50615587e-12 
 5.62800000e-11  5.62800000e-11  0.00000000e+00  2.50000000e+00 -2.50663726e-12 
 5.72800000e-11  5.72800000e-11  0.00000000e+00  2.50000000e+00 -2.50705793e-12 
 5.82800000e-11  5.82800000e-11  0.00000000e+00  2.50000000e+00 -2.50742309e-12 
 5.92800000e-11  5.92800000e-11  0.00000000e+00  2.50000000e+00 -2.50775095e-12 
 6.02800000e-11  6.02800000e-11  0.00000000e+00  2.50000000e+00 -2.50802504e-12 
 6.12800000e-11  6.12800000e-11  0.00000000e+00  2.50000000e+00 -2.50828091e-12 
 6.22800000e-11  6.22800000e-11  0.00000000e+00  2.50000000e+00 -2.50849255e-12 
 6.32800000e-11  6.32800000e-11  0.00000000e+00  2.50000000e+00 -2.50867209e-12 
 6.42800000e-11  6.42800000e-11  0.00000000e+00  2.50000000e+00 -2.50884556e-12 
 6.52800000e-11  6.52800000e-11  0.00000000e+00  2.50000000e+00 -2.50899215e-12 
 6.62800000e-11  6.62800000e-11  0.00000000e+00  2.50000000e+00 -2.50911705e-12 
 6.72800000e-11  6.72800000e-11  0.00000000e+00  2.50000000e+00 -2.50923327e-12 
 6.82800000e-11  6.82800000e-11  0.00000000e+00  2.50000000e+00 -2.50932435e-12 
 6.92800000e-11  6.92800000e-11  0.00000000e+00  2.50000000e+00 -2.50941282e-12 
 7.02800000e-11  7.02800000e-11  0.00000000e+00  2.50000000e+00 -2.50949001e-12 
 7.12800000e-11  7.12800000e-11  0.00000000e+00  2.50000000e+00 -2.50954986e-12 
 7.22800000e-11  7.22800000e-11  0.00000000e+00  2.50000000e+00 -2.50960971e-12 
 7.32800000e-11  7.32800000e-11  0.00000000e+00  2.50000000e+00 -2.50965915e-12 
 7.42800000e-11  7.42800000e-11  0.00000000e+00  2.50000000e+00 -2.50970252e-12 
 7.52800000e-11  7.52800000e-11  0.00000000e+00  2.50000000e+00 -2.50973981e-12 
 7.62800000e-11  7.62800000e-11  0.00000000e+00  2.50000000e+00 -2.50977017e-12 
 7.72800000e-11  7.72800000e-11  0.00000000e+00  2.50000000e+00 -2.50979879e-12 
 7.82800000e-11  7.82800000e-11  0.00000000e+00  2.50000000e+00 -2.50982655e-12 
 7.92800000e-11  7.92800000e-11  0.00000000e+00  2.50000000e+00 -2.50984216e-12 
 8.02800000e-11  8.02800000e-11  0.00000000e+00  2.50000000e+00 -2.50987339e-12 
 8.12800000e-11  8.12800000e-11  0.00000000e+00  2.50000000e+00 -2.50987685e-12 
 8.22800000e-11  8.22800000e-11  0.00000000e+00  2.50000000e+00 -2.50990461e-12 
 8.32800000e-11  8.32800000e-11  0.00000000e+00  2.50000000e+00 -2.50991849e-12 
 8.42800000e-11  8.42800000e-11  0.00000000e+00  2.50000000e+00 -2.50992369e-12 
 8.52800000e-11  8.52800000e-11  0.00000000e+00  2.50000000e+00 -2.50993844e-12 
 8.62800000e-11  8.62800000e-11  0.00000000e+00  2.50000000e+00 -2.50994798e-12 
 8.72800000e-11  8.72800000e-11  0.00000000e+00  2.50000000e+00 -2.50994624e-12 
 8.82800000e-11  8.82800000e-11  0.00000000e+00  2.50000000e+00 -2.50995318e-12 
 8.92800000e-11  8.92800000e-11  0.00000000e+00  2.50000000e+00 -2.50995839e-12 
 9.02800000e-11  9.02800000e-11  0.00000000e+00  2.50000000e+00 -2.50997140e-12 
 9.12800000e-11  9.12800000e-11  0.00000000e+00  2.50000000e+00 -2.50997400e-12 
 9.22800000e-11  9.22800000e-11  0.00000000e+00  2.50000000e+00 -2.50997834e-12 
 9.32800000e-11  9.32800000e-11  0.00000000e+00  2.50000000e+00 -2.50998528e-12 
 9.42800000e-11  9.42800000e-11  0.00000000e+00  2.50000000e+00 -2.50999048e-12 
 9.52800000e-11  9.52800000e-11  0.00000000e+00  2.50000000e+00 -2.50998874e-12 
 9.62800000e-11  9.62800000e-11  0.00000000e+00  2.50000000e+00 -2.50999482e-12 
 9.72800000e-11  9.72800000e-11  0.00000000e+00  2.50000000e+00 -2.50999482e-12 
 9.82800000e-11  9.82800000e-11  0.00000000e+00  2.50000000e+00 -2.50999482e-12 
 9.92800000e-11  9.92800000e-11  0.00000000e+00  2.50000000e+00 -2.50999482e-12 
 1.00280000e-10  1.00280000e-10  0.00000000e+00  2.50000000e+00 -2.50999482e-12 
 1.01280000e-10  1.01280000e-10  0.00000000e+00  2.50000000e+00 -2.50999482e-12 
 1.02280000e-10  1.02280000e-10  0.00000000e+00  2.50000000e+00 -2.50999482e-12 
 1.03280000e-10  1.03280000e-10  0.00000000e+00  2.50000000e+00 -2.50999482e-12 
 1.04280000e-10  1.04280000e-10  0.00000000e+00  2.50000000e+00 -2.50999482e-12 
 1.05280000e-10  1.05280000e-10  0.00000000e+00  2.50000000e+00 -2.50999482e-12 
 1.06280000e-10  1.06280000e-10  0.00000000e+00  2.50000000e+00 -2.50999482e-12 
 1.07280000e-10  1.07280000e-10  0.00000000e+00  2.50000000e+00 -2.50999482e-12 
 1.08280000e-10  1.08280000e-10  0.00000000e+00  2.50000000e+00 -2.50999482e-12 
 1.09280000e-10  1.09280000e-10  0.00000000e+00  2.50000000e+00 -2.50999482e-12 
 1.10280000e-10  1.10280000e-10  0.00000000e+00  2.50000000e+00 -2.50999482e-12 
 1.11280000e-10  1.11280000e-10  0.00000000e+00  2.50000000e+00 -2.50999482e-12 
 1.12280000e-10  1.12280000e-10  0.00000000e+00  2.50000000e+00 -2.50999482e-12 
 1.13280000e-10  1.13280000e-10  0.00000000e+00  2.50000000e+00 -2.50999482e-12 
 1.14280000e-10  1.14280000e-10  0.00000000e+00  2.50000000e+00 -2.50999482e-12 
 1.15280000e-10  1.15280000e-10  0.00000000e+00  2.50000000e+00 -2.50999482e-12 
 1.16280000e-10  1.16280000e-10  0.00000000e+00  2.50000000e+00 -2.50999482e-12 
 1.17280000e-10  1.17280000e-10  0.00000000e+00  2.50000000e+00 -2.50999482e-12 
 1.18280000e-10  1.18280000e-10  0.00000000e+00  2.50000000e+00 -2.50999482e-12 
 1.19280000e-10  1.19280000e-10  0.00000000e+00  2.50000000e+00 -2.50999482e-12 
 1.20280000e-10  1.20280000e-10  0.00000000e+00  2.50000000e+00 -2.50999482e-12 
 1.21280000e-10  1.21280000e-10  0.00000000e+00  2.50000000e+00 -2.50999482e-12 
 1.22280000e-10  1.22280000e-10  0.00000000e+00  2.50000000e+00 -2.50999482e-12 
 1.23280000e-10  1.23280000e-10  0.00000000e+00  2.50000000e+00 -2.50999482e-12 
 1.24280000e-10  1.24280000e-10  0.00000000e+00  2.50000000e+00 -2.50999482e-12 
 1.25280000e-10  1.25280000e-10  0.00000000e+00  2.50000000e+00 -2.50999482e-12 
 1.26280000e-10  1.26280000e-10  0.00000000e+00  2.50000000e+00 -2.50999482e-12 
 1.27280000e-10  1.27280000e-10  0.00000000e+00  2.50000000e+00 -2.50999482e-12 
 1.28280000e-10  1.28280000e-10  0.00000000e+00  2.50000000e+00 -2.50999482e-12 
 1.29280000e-10  1.29280000e-10  0.00000000e+00  2.50000000e+00 -2.50999482e-12 
 1.30280000e-10  1.30280000e-10  0.00000000e+00  2.50000000e+00 -2.50999482e-12 
 1.31280000e-10  1.31280000e-10  0.00000000e+00  2.50000000e+00 -2.50999482e-12 
 1.32280000e-10  1.32280000e-10  0.00000000e+00  2.50000000e+00 -2.50999482e-12 
 1.33280000e-10  1.33280000e-10  0.00000000e+00  2.50000000e+00 -2.50999482e-12 
 1.34280000e-10  1.34280000e-10  0.00000000e+00  2.50000000e+00 -2.50999482e-12 
 1.35280000e-10  1.35280000e-10  0.00000000e+00  2.50000000e+00 -2.50999482e-12 
 1.36280000e-10  1.36280000e-10  0.00000000e+00  2.50000000e+00 -2.50999482e-12 
 1.37280000e-10  1.37280000e-10  0.00000000e+00  2.50000000e+00 -2.50999482e-12 
 1.38280000e-10  1.38280000e-10  0.00000000e+00  2.50000000e+00 -2.50999482e-12 
 1.39280000e-10  1.39280000e-10  0.00000000e+00  2.50000000e+00 -2.50999482e-12 
 1.40280000e-10  1.40280000e-10  0.00000000e+00  2.50000000e+00 -2.50999482e-12 
 1.41280000e-10  1.41280000e-10  0.00000000e+00  2.50000000e+00 -2.50999482e-12 
 1.42280000e-10  1.42280000e-10  0.00000000e+00  2.50000000e+00 -2.50999482e-12 
 1.43280000e-10  1.43280000e-10  0.00000000e+00  2.50000000e+00 -2.50999482e-12 
 1.44280000e-10  1.44280000e-10  0.00000000e+00  2.50000000e+00 -2.50999482e-12 
 1.45280000e-10  1.45280000e-10  0.00000000e+00  2.50000000e+00 -2.50999482e-12 
 1.46280000e-10  1.46280000e-10  0.00000000e+00  2.50000000e+00 -2.50999482e-12 
 1.47280000e-10  1.47280000e-10  0.00000000e+00  2.50000000e+00 -2.50999482e-12 
 1.48280000e-10  1.48280000e-10  0.00000000e+00  2.50000000e+00 -2.50999482e-12 
 1.49280000e-10  1.49280000e-10  0.00000000e+00  2.50000000e+00 -2.50999482e-12 
 1.50280000e-10  1.50280000e-10  0.00000000e+00  2.50000000e+00 -2.50999482e-12 
 1.51280000e-10  1.51280000e-10  0.00000000e+00  2.50000000e+00 -2.50999482e-12 
 1.52280000e-10  1.52280000e-10  0.00000000e+00  2.50000000e+00 -2.50999482e-12 
 1.53280000e-10  1.53280000e-10  0.00000000e+00  2.50000000e+00 -2.50999482e-12 
 1.54280000e-10  1.54280000e-10  0.00000000e+00  2.50000000e+00 -2.50999482e-12 
 1.55280000e-10  1.55280000e-10  0.00000000e+00  2.50000000e+00 -2.50999482e-12 
 1.56280000e-10  1.56280000e-10  0.00000000e+00  2.50000000e+00 -2.50999482e-12 
 1.57280000e-10  1.57280000e-10  0.00000000e+00  2.50000000e+00 -2.50999482e-12 
 1.58280000e-10  1.58280000e-10  0.00000000e+00  2.50000000e+00 -2.50999482e-12 
 1.59280000e-10  1.59280000e-10  0.00000000e+00  2.50000000e+00 -2.50999482e-12 
 1.60280000e-10  1.60280000e-10  0.00000000e+00  2.50000000e+00 -2.50999482e-12 
 1.61280000e-10  1.61280000e-10  0.00000000e+00  2.50000000e+00 -2.50999482e-12 
 1.62280000e-10  1.62280000e-10  0.00000000e+00  2.50000000e+00 -2.50999482e-12 
 1.63280000e-10  1.63280000e-10  0.00000000e+00  2.50000000e+00 -2.50999482e-12 
 1.64280000e-10  1.64280000e-10  0.00000000e+00  2.50000000e+00 -2.50999482e-12 
 1.65280000e-10  1.65280000e-10  0.00000000e+00  2.50000000e+00 -2.50999482e-12 
 1.66280000e-10  1.66280000e-10  0.00000000e+00  2.50000000e+00 -2.50999482e-12 
 1.67280000e-10  1.67280000e-10  0.00000000e+00  2.50000000e+00 -2.50999482e-12 
 1.68280000e-10  1.68280000e-10  0.00000000e+00  2.50000000e+00 -2.50999482e-12 
 1.69280000e-10  1.69280000e-10  0.00000000e+00  2.50000000e+00 -2.50999482e-12 
 1.70280000e-10  1.70280000e-10  0.00000000e+00  2.50000000e+00 -2.50999482e-12 
 1.71280000e-10  1.71280000e-10  0.00000000e+00  2.50000000e+00 -2.50999482e-12 
 1.72280000e-10  1.72280000e-10  0.00000000e+00  2.50000000e+00 -2.50999482e-12 
 1.73280000e-10  1.73280000e-10  0.00000000e+00  2.50000000e+00 -2.50999482e-12 
 1.74280000e-10  1.74280000e-10  0.00000000e+00  2.50000000e+00 -2.50999482e-12 
 1.75280000e-10  1.75280000e-10  0.00000000e+00  2.50000000e+00 -2.50999482e-12 
 1.76280000e-10  1.76280000e-10  0.00000000e+00  2.50000000e+00 -2.50999482e-12 
 1.77280000e-10  1.77280000e-10  0.00000000e+00  2.50000000e+00 -2.50999482e-12 
 1.78280000e-10  1.78280000e-10  0.00000000e+00  2.50000000e+00 -2.50999482e-12 
 1.79280000e-10  1.79280000e-10  0.00000000e+00  2.50000000e+00 -2.50999482e-12 
 1.80280000e-10  1.80280000e-10  0.00000000e+00  2.50000000e+00 -2.50999482e-12 
 1.81280000e-10  1.81280000e-10  0.00000000e+00  2.50000000e+00 -2.50999482e-12 
 1.82280000e-10  1.82280000e-10  0.00000000e+00  2.50000000e+00 -2.50999482e-12 
 1.83280000e-10  1.83280000e-10  0.00000000e+00  2.50000000e+00 -2.50999482e-12 
 1.84280000e-10  1.84280000e-10  0.00000000e+00  2.50000000e+00 -2.50999482e-12 
 1.85280000e-10  1.85280000e-10  0.00000000e+00  2.50000000e+00 -2.50999482e-12 
 1.86280000e-10  1.86280000e-10  0.00000000e+00  2.50000000e+00 -2.50999482e-12 
 1.87280000e-10  1.87280000e-10  0.00000000e+00  2.50000000e+00 -2.50999482e-12 
 1.88280000e-10  1.88280000e-10  0.00000000e+00  2.50000000e+00 -2.50999482e-12 
 1.89280000e-10  1.89280000e-10  0.00000000e+00  2.50000000e+00 -2.50999482e-12 
 1.90280000e-10  1.90280000e-10  0.00000000e+00  2.50000000e+00 -2.50999482e-12 
 1.91280000e-10  1.91280000e-10  0.00000000e+00  2.50000000e+00 -2.50999482e-12 
 1.92280000e-10  1.92280000e-10  0.00000000e+00  2.50000000e+00 -2.50999482e-12 
 1.93280000e-10  1.93280000e-10  0.00000000e+00  2.50000000e+00 -2.50999482e-12 
 1.94280000e-10  1.94280000e-10  0.00000000e+00  2.50000000e+00 -2.50999482e-12 
 1.95280000e-10  1.95280000e-10  0.00000000e+00  2.50000000e+00 -2.50999482e-12 
 1.96280000e-10  1.96280000e-10  0.00000000e+00  2.50000000e+00 -2.50999482e-12 
 1.97280000e-10  1.97280000e-10  0.00000000e+00  2.50000000e+00 -2.50999482e-12 
 1.98280000e-10  1.98280000e-10  0.00000000e+00  2.50000000e+00 -2.50999482e-12 
 1.99140000e-10  1.99140000e-10  0.00000000e+00  2.50000000e+00 -2.50999482e-12 
 2.00000000e-10  2.00000000e-10  0.00000000e+00  2.50000000e+00 -2.50999048e-12 
 2.00100000e-10  2.00100000e-10  1.25000000e-02  2.50332333e+00  4.24575854e-04 
 2.00300000e-10  2.00300000e-10  3.75000000e-02  2.50988684e+00  4.35832061e-04 
 2.00700000e-10  2.00700000e-10  8.75000000e-02  2.52253201e+00  4.57308745e-04 
 2.01500000e-10  2.01500000e-10  1.87500000e-01  2.54610267e+00  4.94230196e-04 
 2.02500000e-10  2.02500000e-10  3.12500000e-01  2.57283203e+00  5.31547446e-04 
 2.03500000e-10  2.03500000e-10  4.37500000e-01  2.59714114e+00  5.59824057e-04 
 2.04500000e-10  2.04500000e-10  5.62500000e-01  2.61930982e+00  5.80576905e-04 
 2.05500000e-10  2.05500000e-10  6.87500000e-01  2.63900544e+00  5.93188482e-04 
 2.06500000e-10  2.06500000e-10  8.12500000e-01  2.65564550e+00  5.98085426e-04 
 2.07500000e-10  2.07500000e-10  9.37500000e-01  2.66865302e+00  5.94684031e-04 
 2.08500000e-10  2.08500000e-10  1.06250000e+00  2.67743921e+00  5.83936788e-04 
 2.09500000e-10  2.09500000e-10  1.18750000e+00  2.68138590e+00  5.65800626e-04 
 2.10500000e-10  2.10500000e-10  1.31250000e+00  2.67982636e+00  5.41828682e-04 
 2.11500000e-10  2.11500000e-10  1.43750000e+00  2.67202329e+00  5.12672362e-04 
 2.12500000e-10  2.12500000e-10  1.56250000e+00  2.65714262e+00  4.80715696e-04 
 2.13500000e-10  2.13500000e-10  1.68750000e+00  2.63422141e+00  4.47632301e-04 
 2.14500000e-10  2.14500000e-10  1.81250000e+00  2.60212748e+00  4.17086465e-04 
 2.15500000e-10  2.15500000e-10  1.93750000e+00  2.55951075e+00  3.92309711e-04 
 2.16500000e-10  2.16500000e-10  2.06250000e+00  2.50386315e+00  4.01235102e-04 
 2.17500000e-10  2.17500000e-10  2.18750000e+00  2.41377035e+00  4.78724954e-04 
 2.18500000e-10  2.18500000e-10  2.31250000e+00  2.28115286e+00  4.37668681e-04 
 2.19250000e-10  2.19250000e-10  2.40625000e+00  2.16888849e+00  4.54407568e-04 
 2.20000000e-10  2.20000000e-10  2.50000000e+00  2.04548764e+00  5.47302999e-04 
 2.20100000e-10  2.20100000e-10  2.50000000e+00  2.02686318e+00 -4.83115152e-13 
 2.20300000e-10  2.20300000e-10  2.50000000e+00  1.98976519e+00 -5.20213147e-13 
 2.20700000e-10  2.20700000e-10  2.50000000e+00  1.91632287e+00 -5.93676280e-13 
 2.21500000e-10  2.21500000e-10  2.50000000e+00  1.77286475e+00 -7.37134402e-13 
 2.22500000e-10  2.22500000e-10  2.50000000e+00  1.60092907e+00 -9.09070087e-13 
 2.23500000e-10  2.23500000e-10  2.50000000e+00  1.43838771e+00 -1.07161144e-12 
 2.24500000e-10  2.24500000e-10  2.50000000e+00  1.28626786e+00 -1.22373129e-12 
 2.25500000e-10  2.25500000e-10  2.50000000e+00  1.14524112e+00 -1.36475803e-12 
 2.26500000e-10  2.26500000e-10  2.50000000e+00  1.01563226e+00 -1.49436689e-12 
 2.27500000e-10  2.27500000e-10  2.50000000e+00  8.97456878e-01 -1.61254227e-12 
 2.28500000e-10  2.28500000e-10  2.50000000e+00  7.90472614e-01 -1.71952654e-12 
 2.29500000e-10  2.29500000e-10  2.50000000e+00  6.94235404e-01 -1.81576375e-12 
 2.30500000e-10  2.30500000e-10  2.50000000e+00  6.08154449e-01 -1.90184470e-12 
 2.31500000e-10  2.31500000e-10  2.50000000e+00  5.31541968e-01 -1.97845718e-12 
 2.32500000e-10  2.32500000e-10  2.50000000e+00  4.63655600e-01 -2.04634355e-12 
 2.33500000e-10  2.33500000e-10  2.50000000e+00  4.03732701e-01 -2.10626645e-12 
 2.34500000e-10  2.34500000e-10  2.50000000e+00  3.51016773e-01 -2.15898238e-12 
 2.35500000e-10  2.35500000e-10  2.50000000e+00  3.04776793e-01 -2.20522236e-12 
 2.36500000e-10  2.36500000e-10  2.50000000e+00  2.64320492e-01 -2.24567866e-12 
 2.37500000e-10  2.37500000e-10  2.50000000e+00  2.29002709e-01 -2.28099644e-12 
 2.38500000e-10  2.38500000e-10  2.50000000e+00  1.98229891e-01 -2.31176926e-12 
 2.39500000e-10  2.39500000e-10  2.50000000e+00  1.71447744e-01 -2.33855141e-12 
 2.40500000e-10  2.40500000e-10  2.50000000e+00  1.48173962e-01 -2.36182519e-12 
 2.41500000e-10  2.41500000e-10  2.50000000e+00  1.27989300e-01 -2.38200985e-12 
 2.42500000e-10  2.42500000e-10  2.50000000e+00  1.10501826e-01 -2.39949733e-12 
 2.43500000e-10  2.43500000e-10  2.50000000e+00  9.53646231e-02 -2.41463453e-12 
 2.44500000e-10  2.44500000e-10  2.50000000e+00  8.22718923e-02 -2.42772726e-12 
 2.45500000e-10  2.45500000e-10  2.50000000e+00  7.09550092e-02 -2.43904414e-12 
 2.46500000e-10  2.46500000e-10  2.50000000e+00  6.11786966e-02 -2.44882046e-12 
 2.47500000e-10  2.47500000e-10  2.50000000e+00  5.27373981e-02 -2.45726175e-12 
 2.48500000e-10  2.48500000e-10  2.50000000e+00  4.54519051e-02 -2.46454725e-12 
 2.49500000e-10  2.49500000e-10  2.50000000e+00  3.91662630e-02 -2.47083289e-12 
 2.50500000e-10  2.50500000e-10  2.50000000e+00  3.37449636e-02 -2.47625419e-12 
 2.51500000e-10  2.51500000e-10  2.50000000e+00  2.90704208e-02 -2.48092873e-12 
 2.52500000e-10  2.52500000e-10  2.50000000e+00  2.50407157e-02 -2.48495844e-12 
 2.53500000e-10  2.53500000e-10  2.50000000e+00  2.15675953e-02 -2.48843156e-12 
 2.54500000e-10  2.54500000e-10  2.50000000e+00  1.85747033e-02 -2.49142445e-12 
 2.55500000e-10  2.55500000e-10  2.50000000e+00  1.59960241e-02 -2.49400313e-12 
 2.56500000e-10  2.56500000e-10  2.50000000e+00  1.37745169e-02 -2.49622464e-12 
 2.57500000e-10  2.57500000e-10  2.50000000e+00  1.18609222e-02 -2.49813823e-12 
 2.58500000e-10  2.58500000e-10  2.50000000e+00  1.02127190e-02 -2.49978643e-12 
 2.59500000e-10  2.59500000e-10  2.50000000e+00  8.79321740e-03 -2.50120594e-12 
 2.60500000e-10  2.60500000e-10  2.50000000e+00  7.57076971e-03 -2.50242838e-12 
 2.61500000e-10  2.61500000e-10  2.50000000e+00  6.51808520e-03 -2.50348107e-12 
 2.62500000e-10  2.62500000e-10  2.50000000e+00  5.61163612e-03 -2.50438752e-12 
 2.63500000e-10  2.63500000e-10  2.50000000e+00  4.83114317e-03 -2.50516801e-12 
 2.64500000e-10  2.64500000e-10  2.50000000e+00  4.15913016e-03 -2.50584002e-12 
 2.65500000e-10  2.65500000e-10  2.50000000e+00  3.58053892e-03 -2.50641861e-12 
 2.66500000e-10  2.66500000e-10  2.50000000e+00  3.08239651e-03 -2.50691676e-12 
 2.67500000e-10  2.67500000e-10  2.50000000e+00  2.65352776e-03 -2.50734563e-12 
 2.68500000e-10  2.68500000e-10  2.50000000e+00  2.28430707e-03 -2.50771485e-12 
 2.69500000e-10  2.69500000e-10  2.50000000e+00  1.96644429e-03 -2.50803271e-12 
 2.70500000e-10  2.70500000e-10  2.50000000e+00  1.69279996e-03 -2.50830635e-12 
 2.71500000e-10  2.71500000e-10  2.50000000e+00  1.45722599e-03 -2.50854193e-12 
 2.72500000e-10  2.72500000e-10  2.50000000e+00  1.25442826e-03 -2.50874472e-12 
 2.73500000e-10  2.73500000e-10  2.50000000e+00  1.07984826e-03 -2.50891930e-12 
 2.74500000e-10  2.74500000e-10  2.50000000e+00  9.29561026e-04 -2.50906959e-12 
 2.75500000e-10  2.75500000e-10  2.50000000e+00  8.00187186e-04 -2.50919897e-12 
 2.76500000e-10  2.76500000e-10  2.50000000e+00  6.88817229e-04 -2.50931034e-12 
 2.77500000e-10  2.77500000e-10  2.50000000e+00  5.92946237e-04 -2.50940621e-12 
 2.78500000e-10  2.78500000e-10  2.50000000e+00  5.10417667e-04 -2.50948874e-12 
 2.79500000e-10  2.79500000e-10  2.50000000e+00  4.39374937e-04 -2.50955978e-12 
 2.80500000e-10  2.80500000e-10  2.50000000e+00  3.78219733e-04 -2.50962093e-12 
 2.81500000e-10  2.81500000e-10  2.50000000e+00  3.25576096e-04 -2.50967358e-12 
 2.82500000e-10  2.82500000e-10  2.50000000e+00  2.80259507e-04 -2.50971889e-12 
 2.83500000e-10  2.83500000e-10  2.50000000e+00  2.41250261e-04 -2.50975790e-12 
 2.84500000e-10  2.84500000e-10  2.50000000e+00  2.07670542e-04 -2.50979148e-12 
 2.85500000e-10  2.85500000e-10  2.50000000e+00  1.78764686e-04 -2.50982039e-12 
 2.86500000e-10  2.86500000e-10  2.50000000e+00  1.53882187e-04 -2.50984527e-12 
 2.87500000e-10  2.87500000e-10  2.50000000e+00  1.32463068e-04 -2.50986669e-12 
 2.88500000e-10  2.88500000e-10  2.50000000e+00  1.14025282e-04 -2.50988513e-12 
 2.89500000e-10  2.89500000e-10  2.50000000e+00  9.81538719e-05 -2.50990100e-12 
 2.90500000e-10  2.90500000e-10  2.50000000e+00  8.44916312e-05 -2.50991466e-12 
 2.91500000e-10  2.91500000e-10  2.50000000e+00  7.27310700e-05 -2.50992642e-12 
 2.92500000e-10  2.92500000e-10  2.50000000e+00  6.26074949e-05 -2.50993655e-12 
 2.93500000e-10  2.93500000e-10  2.50000000e+00  5.38930534e-05 -2.50994526e-12 
 2.94500000e-10  2.94500000e-10  2.50000000e+00  4.63916070e-05 -2.50995276e-12 
 2.95500000e-10  2.95500000e-10  2.50000000e+00  3.99343168e-05 -2.50995922e-12 
 2.96500000e-10  2.96500000e-10  2.50000000e+00  3.43758443e-05 -2.50996478e-12 
 2.97500000e-10  2.97500000e-10  2.50000000e+00  2.95910805e-05 -2.50996956e-12 
 2.98500000e-10  2.98500000e-10  2.50000000e+00  2.54723306e-05 -2.50997368e-12 
 2.99500000e-10  2.99500000e-10  2.50000000e+00  2.19268895e-05 -2.50997723e-12 
 3.00500000e-10  3.00500000e-10  2.50000000e+00  1.88749562e-05 -2.50998028e-12 
 3.01500000e-10  3.01500000e-10  2.50000000e+00  1.62478373e-05 -2.50998291e-12 
 3.02500000e-10  3.02500000e-10  2.50000000e+00  1.39864009e-05 -2.50998517e-12 
 3.03500000e-10  3.03500000e-10  2.50000000e+00  1.20397459e-05 -2.50998711e-12 
 3.04500000e-10  3.04500000e-10  2.50000000e+00  1.03640565e-05 -2.50998879e-12 
 3.05500000e-10  3.05500000e-10  2.50000000e+00  8.92161555e-06 -2.50999023e-12 
 3.06500000e-10  3.06500000e-10  2.50000000e+00  7.67995601e-06 -2.50999147e-12 
 3.07500000e-10  3.07500000e-10  2.50000000e+00  6.61113006e-06 -2.50999254e-12 
 3.08500000e-10  3.08500000e-10  2.50000000e+00  5.69108008e-06 -2.50999346e-12 
 3.09500000e-10  3.09500000e-10  2.50000000e+00  4.89909712e-06 -2.50999425e-12 
 3.10500000e-10  3.10500000e-10  2.50000000e+00  4.21735482e-06 -2.50999494e-12 
 3.11500000e-10  3.11500000e-10  2.50000000e+00  3.63050819e-06 -2.50999552e-12 
 3.12500000e-10  3.12500000e-10  2.50000000e+00  3.12534815e-06 -2.50999603e-12 
 3.13500000e-10  3.13500000e-10  2.50000000e+00  2.69050428e-06 -2.50999646e-12 
 3.14500000e-10  3.14500000e-10  2.50000000e+00  2.31618887e-06 -2.50999684e-12 
 3.15500000e-10  3.15500000e-10  2.50000000e+00  1.99397663e-06 -2.50999716e-12 
 3.16500000e-10  3.16500000e-10  2.50000000e+00  1.71661500e-06 -2.50999744e-12 
 3.17500000e-10  3.17500000e-10  2.50000000e+00  1.47786097e-06 -2.50999768e-12 
 3.18500000e-10  3.18500000e-10  2.50000000e+00  1.27234052e-06 -2.50999788e-12 
 3.19500000e-10  3.19500000e-10  2.50000000e+00  1.09542768e-06 -2.50999806e-12 
 3.20500000e-10  3.20500000e-10  2.50000000e+00  9.43140389e-07 -2.50999821e-12 
 3.21500000e-10  3.21500000e-10  2.50000000e+00  8.12050867e-07 -2.50999834e-12 
 3.22500000e-10  3.22500000e-10  2.50000000e+00  6.99208473e-07 -2.50999845e-12 
 3.23500000e-10  3.23500000e-10  2.50000000e+00  6.02073282e-07 -2.50999855e-12 
 3.24500000e-10  3.24500000e-10  2.50000000e+00  5.18458915e-07 -2.50999863e-12 
 3.25500000e-10  3.25500000e-10  2.50000000e+00  4.46483329e-07 -2.50999871e-12 
 3.26500000e-10  3.26500000e-10  2.50000000e+00  3.84526453e-07 -2.50999877e-12 
 3.27500000e-10  3.27500000e-10  2.50000000e+00  3.31193724e-07 -2.50999882e-12 
 3.28500000e-10  3.28500000e-10  2.50000000e+00  2.85284694e-07 -2.50999887e-12 
 3.29500000e-10  3.29500000e-10  2.50000000e+00  2.45766016e-07 -2.50999891e-12 
 3.30500000e-10  3.30500000e-10  2.50000000e+00  2.11748178e-07 -2.50999894e-12 
 3.31500000e-10  3.31500000e-10  2.50000000e+00  1.82465486e-07 -2.50999897e-12 
 3.32500000e-10  3.32500000e-10  2.50000000e+00  1.57258826e-07 -2.50999900e-12 
 3.33500000e-10  3.33500000e-10  2.50000000e+00  1.35560831e-07 -2.50999902e-12 
 3.34500000e-10  3.34500000e-10  2.50000000e+00  1.16883110e-07 -2.50999904e-12 
 3.35500000e-10  3.35500000e-10  2.50000000e+00  1.00805252e-07 -2.50999905e-12 
 3.36500000e-10  3.36500000e-10  2.50000000e+00  8.69653671e-08 -2.50999907e-12 
 3.37500000e-10  3.37500000e-10  2.50000000e+00  7.50519384e-08 -2.50999908e-12 
 3.38500000e-10  3.38500000e-10  2.50000000e+00  6.47968107e-08 -2.50999909e-12 
 3.39500000e-10  3.39500000e-10  2.50000000e+00  5.59691553e-08 -2.50999910e-12 
 3.40500000e-10  3.40500000e-10  2.50000000e+00  4.83702739e-08 -2.50999910e-12 
 3.41500000e-10  3.41500000e-10  2.50000000e+00  4.18291263e-08 -2.50999911e-12 
 3.42500000e-10  3.42500000e-10  2.50000000e+00  3.61984800e-08 -2.50999912e-12 
 3.43500000e-10  3.43500000e-10  2.50000000e+00  3.13515970e-08 -2.50999912e-12 
 3.44500000e-10  3.44500000e-10  2.50000000e+00  2.71793806e-08 -2.50999913e-12 
 3.45500000e-10  3.45500000e-10  2.50000000e+00  2.35879200e-08 -2.50999913e-12 
 3.46500000e-10  3.46500000e-10  2.50000000e+00  2.04963761e-08 -2.50999913e-12 
 3.47500000e-10  3.47500000e-10  2.50000000e+00  1.78351626e-08 -2.50999914e-12 
 3.48500000e-10  3.48500000e-10  2.50000000e+00  1.55443794e-08 -2.50999914e-12 
 3.49500000e-10  3.49500000e-10  2.50000000e+00  1.35724640e-08 -2.50999914e-12 
 3.50500000e-10  3.50500000e-10  2.50000000e+00  1.18750312e-08 -2.50999914e-12 
 3.51500000e-10  3.51500000e-10  2.50000000e+00  1.04138742e-08 -2.50999914e-12 
 3.52500000e-10  3.52500000e-10  2.50000000e+00  9.15610439e-09 -2.50999914e-12 
 3.53500000e-10  3.53500000e-10  2.50000000e+00  8.07341114e-09 -2.50999914e-12 
 3.54500000e-10  3.54500000e-10  2.50000000e+00  7.14142437e-09 -2.50999915e-12 
 3.55500000e-10  3.55500000e-10  2.50000000e+00  6.33916632e-09 -2.50999915e-12 
 3.56500000e-10  3.56500000e-10  2.50000000e+00  5.64857952e-09 -2.50999915e-12 
 3.57500000e-10  3.57500000e-10  2.50000000e+00  5.05411948e-09 -2.50999915e-12 
 3.58500000e-10  3.58500000e-10  2.50000000e+00  4.54240599e-09 -2.50999915e-12 
 3.59500000e-10  3.59500000e-10  2.50000000e+00  4.10192095e-09 -2.50999915e-12 
 3.60500000e-10  3.60500000e-10  2.50000000e+00  3.72274953e-09 -2.50999915e-12 
 3.61500000e-10  3.61500000e-10  2.50000000e+00  3.39635735e-09 -2.50999915e-12 
 3.62500000e-10  3.62500000e-10  2.50000000e+00  3.11539762e-09 -2.50999915e-12 
 3.63500000e-10  3.63500000e-10  2.50000000e+00  2.87354636e-09 -2.50999915e-12 
 3.64500000e-10  3.64500000e-10  2.50000000e+00  2.66535970e-09 -2.50999915e-12 
 3.65500000e-10  3.65500000e-10  2.50000000e+00  2.48615167e-09 -2.50999915e-12 
 3.66500000e-10  3.66500000e-10  2.50000000e+00  2.33188895e-09 -2.50999915e-12 
 3.67500000e-10  3.67500000e-10  2.50000000e+00  2.19909901e-09 -2.50999915e-12 
 3.68500000e-10  3.68500000e-10  2.50000000e+00  2.08479280e-09 -2.50999915e-12 
 3.69500000e-10  3.69500000e-10  2.50000000e+00  1.98639751e-09 -2.50999915e-12 
 3.70500000e-10  3.70500000e-10  2.50000000e+00  1.90169858e-09 -2.50999915e-12 
 3.71500000e-10  3.71500000e-10  2.50000000e+00  1.82878938e-09 -2.50999915e-12 
 3.72500000e-10  3.72500000e-10  2.50000000e+00  1.76602876e-09 -2.50999915e-12 
 3.73500000e-10  3.73500000e-10  2.50000000e+00  1.71200401e-09 -2.50999915e-12 
 3.74500000e-10  3.74500000e-10  2.50000000e+00  1.66549917e-09 -2.50999915e-12 
 3.75500000e-10  3.75500000e-10  2.50000000e+00  1.62546777e-09 -2.50999915e-12 
 3.76500000e-10  3.76500000e-10  2.50000000e+00  1.59100869e-09 -2.50999915e-12 
 3.77500000e-10  3.77500000e-10  2.50000000e+00  1.56134612e-09 -2.50999915e-12 
 3.78500000e-10  3.78500000e-10  2.50000000e+00  1.53581246e-09 -2.50999915e-12 
 3.79500000e-10  3.79500000e-10  2.50000000e+00  1.51383292e-09 -2.50999915e-12 
 3.80500000e-10  3.80500000e-10  2.50000000e+00  1.49491294e-09 -2.50999915e-12 
 3.81500000e-10  3.81500000e-10  2.50000000e+00  1.47862648e-09 -2.50999915e-12 
 3.82500000e-10  3.82500000e-10  2.50000000e+00  1.46460701e-09 -2.50999915e-12 
 3.83500000e-10  3.83500000e-10  2.50000000e+00  1.45253906e-09 -2.50999915e-12 
 3.84500000e-10  3.84500000e-10  2.50000000e+00  1.44215080e-09 -2.50999915e-12 
 3.85500000e-10  3.85500000e-10  2.50000000e+00  1.43320861e-09 -2.50999915e-12 
 3.86500000e-10  3.86500000e-10  2.50000000e+00  1.42551114e-09 -2.50999915e-12 
 3.87500000e-10  3.87500000e-10  2.50000000e+00  1.41888506e-09 -2.50999915e-12 
 3.88500000e-10  3.88500000e-10  2.50000000e+00  1.41318131e-09 -2.50999915e-12 
 3.89500000e-10  3.89500000e-10  2.50000000e+00  1.40827165e-09 -2.50999915e-12 
 3.90500000e-10  3.90500000e-10  2.50000000e+00  1.40404546e-09 -2.50999915e-12 
 3.91500000e-10  3.91500000e-10  2.50000000e+00  1.40040749e-09 -2.50999915e-12 
 3.92500000e-10  3.92500000e-10  2.50000000e+00  1.39727589e-09 -2.50999915e-12 
 3.93500000e-10  3.93500000e-10  2.50000000e+00  1.39458033e-09 -2.50999915e-12 
 3.94500000e-10  3.94500000e-10  2.50000000e+00  1.39225985e-09 -2.50999915e-12 
 3.95500000e-10  3.95500000e-10  2.50000000e+00  1.39026227e-09 -2.50999915e-12 
 3.96500000e-10  3.96500000e-10  2.50000000e+00  1.38854281e-09 -2.50999915e-12 
 3.97500000e-10  3.97500000e-10  2.50000000e+00  1.38706261e-09 -2.50999915e-12 
 3.98500000e-10  3.98500000e-10  2.50000000e+00  1.38578853e-09 -2.50999915e-12 
 3.99500000e-10  3.99500000e-10  2.50000000e+00  1.38469175e-09 -2.50999915e-12 
 4.00500000e-10  4.00500000e-10  2.50000000e+00  1.38374768e-09 -2.50999915e-12 
 4.01500000e-10  4.01500000e-10  2.50000000e+00  1.38293510e-09 -2.50999915e-12 
 4.02500000e-10  4.02500000e-10  2.50000000e+00  1.38223553e-09 -2.50999915e-12 
 4.03500000e-10  4.03500000e-10  2.50000000e+00  1.38163339e-09 -2.50999915e-12 
 4.04500000e-10  4.04500000e-10  2.50000000e+00  1.38111522e-09 -2.50999915e-12 
 4.05500000e-10  4.05500000e-10  2.50000000e+00  1.38066910e-09 -2.50999915e-12 
 4.06500000e-10  4.06500000e-10  2.50000000e+00  1.38028501e-09 -2.50999915e-12 
 4.07500000e-10  4.07500000e-10  2.50000000e+00  1.37995441e-09 -2.50999915e-12 
 4.08500000e-10  4.08500000e-10  2.50000000e+00  1.37966968e-09 -2.50999915e-12 
 4.09500000e-10  4.09500000e-10  2.50000000e+00  1.37942465e-09 -2.50999915e-12 
 4.10500000e-10  4.10500000e-10  2.50000000e+00  1.37921375e-09 -2.50999915e-12 
 4.11500000e-10  4.11500000e-10  2.50000000e+00  1.37903228e-09 -2.50999915e-12 
 4.12500000e-10  4.12500000e-10  2.50000000e+00  1.37887619e-09 -2.50999915e-12 
 4.13500000e-10  4.13500000e-10  2.50000000e+00  1.37874178e-09 -2.50999915e-12 
 4.14500000e-10  4.14500000e-10  2.50000000e+00  1.37862586e-09 -2.50999915e-12 
 4.15500000e-10  4.15500000e-10  2.50000000e+00  1.37852598e-09 -2.50999915e-12 
 4.16500000e-10  4.16500000e-10  2.50000000e+00  1.37844021e-09 -2.50999915e-12 
 4.17500000e-10  4.17500000e-10  2.50000000e+00  1.37836624e-09 -2.50999915e-12 
 4.18500000e-10  4.18500000e-10  2.50000000e+00  1.37830275e-09 -2.50999915e-12 
 4.19500000e-10  4.19500000e-10  2.50000000e+00  1.37824807e-09 -2.50999915e-12 
 4.20500000e-10  4.20500000e-10  2.50000000e+00  1.37820095e-09 -2.50999915e-12 
 4.21500000e-10  4.21500000e-10  2.50000000e+00  1.37816045e-09 -2.50999915e-12 
 4.22500000e-10  4.22500000e-10  2.50000000e+00  1.37812552e-09 -2.50999915e-12 
 4.23500000e-10  4.23500000e-10  2.50000000e+00  1.37809543e-09 -2.50999915e-12 
 4.24500000e-10  4.24500000e-10  2.50000000e+00  1.37806952e-09 -2.50999915e-12 
 4.25500000e-10  4.25500000e-10  2.50000000e+00  1.37804738e-09 -2.50999915e-12 
 4.26500000e-10  4.26500000e-10  2.50000000e+00  1.37802829e-09 -2.50999915e-12 
 4.27500000e-10  4.27500000e-10  2.50000000e+00  1.37801185e-09 -2.50999915e-12 
 4.28500000e-10  4.28500000e-10  2.50000000e+00  1.37799774e-09 -2.50999915e-12 
 4.29500000e-10  4.29500000e-10  2.50000000e+00  1.37798547e-09 -2.50999915e-12 
 4.30500000e-10  4.30500000e-10  2.50000000e+00  1.37797494e-09 -2.50999915e-12 
 4.31500000e-10  4.31500000e-10  2.50000000e+00  1.37796605e-09 -2.50999915e-12 
 4.32500000e-10  4.32500000e-10  2.50000000e+00  1.37795830e-09 -2.50999915e-12 
 4.33500000e-10  4.33500000e-10  2.50000000e+00  1.37795141e-09 -2.50999915e-12 
 4.34500000e-10  4.34500000e-10  2.50000000e+00  1.37794564e-09 -2.50999915e-12 
 4.35500000e-10  4.35500000e-10  2.50000000e+00  1.37794067e-09 -2.50999915e-12 
 4.36500000e-10  4.36500000e-10  2.50000000e+00  1.37793643e-09 -2.50999915e-12 
 4.37500000e-10  4.37500000e-10  2.50000000e+00  1.37793278e-09 -2.50999915e-12 
 4.38500000e-10  4.38500000e-10  2.50000000e+00  1.37792967e-09 -2.50999915e-12 
 4.39500000e-10  4.39500000e-10  2.50000000e+00  1.37792688e-09 -2.50999915e-12 
 4.40500000e-10  4.40500000e-10  2.50000000e+00  1.37792436e-09 -2.50999915e-12 
 4.41500000e-10  4.41500000e-10  2.50000000e+00  1.37792224e-09 -2.50999915e-12 
 4.42500000e-10  4.42500000e-10  2.50000000e+00  1.37792026e-09 -2.50999915e-12 
 4.43500000e-10  4.43500000e-10  2.50000000e+00  1.37791873e-09 -2.50999915e-12 
 4.44500000e-10  4.44500000e-10  2.50000000e+00  1.37791747e-09 -2.50999915e-12 
 4.45500000e-10  4.45500000e-10  2.50000000e+00  1.37791635e-09 -2.50999915e-12 
 4.46500000e-10  4.46500000e-10  2.50000000e+00  1.37791535e-09 -2.50999915e-12 
 4.47500000e-10  4.47500000e-10  2.50000000e+00  1.37791456e-09 -2.50999915e-12 
 4.48500000e-10  4.48500000e-10  2.50000000e+00  1.37791389e-09 -2.50999915e-12 
 4.49500000e-10  4.49500000e-10  2.50000000e+00  1.37791323e-09 -2.50999915e-12 
 4.50500000e-10  4.50500000e-10  2.50000000e+00  1.37791283e-09 -2.50999915e-12 
 4.51500000e-10  4.51500000e-10  2.50000000e+00  1.37791250e-09 -2.50999915e-12 
 4.52500000e-10  4.52500000e-10  2.50000000e+00  1.37791210e-09 -2.50999915e-12 
 4.53500000e-10  4.53500000e-10  2.50000000e+00  1.37791164e-09 -2.50999915e-12 
 4.54500000e-10  4.54500000e-10  2.50000000e+00  1.37791124e-09 -2.50999915e-12 
 4.55500000e-10  4.55500000e-10  2.50000000e+00  1.37791091e-09 -2.50999915e-12 
 4.56500000e-10  4.56500000e-10  2.50000000e+00  1.37791071e-09 -2.50999915e-12 
 4.57500000e-10  4.57500000e-10  2.50000000e+00  1.37791051e-09 -2.50999915e-12 
 4.58500000e-10  4.58500000e-10  2.50000000e+00  1.37791045e-09 -2.50999915e-12 
 4.59500000e-10  4.59500000e-10  2.50000000e+00  1.37791031e-09 -2.50999915e-12 
 4.60500000e-10  4.60500000e-10  2.50000000e+00  1.37791031e-09 -2.50999915e-12 
 4.61500000e-10  4.61500000e-10  2.50000000e+00  1.37791031e-09 -2.50999915e-12 
 4.62500000e-10  4.62500000e-10  2.50000000e+00  1.37791031e-09 -2.50999915e-12 
 4.63500000e-10  4.63500000e-10  2.50000000e+00  1.37791031e-09 -2.50999915e-12 
 4.64500000e-10  4.64500000e-10  2.50000000e+00  1.37791031e-09 -2.50999915e-12 
 4.65500000e-10  4.65500000e-10  2.50000000e+00  1.37791031e-09 -2.50999915e-12 
 4.66500000e-10  4.66500000e-10  2.50000000e+00  1.37791031e-09 -2.50999915e-12 
 4.67500000e-10  4.67500000e-10  2.50000000e+00  1.37791031e-09 -2.50999915e-12 
 4.68500000e-10  4.68500000e-10  2.50000000e+00  1.37791031e-09 -2.50999915e-12 
 4.69500000e-10  4.69500000e-10  2.50000000e+00  1.37791031e-09 -2.50999915e-12 
 4.70500000e-10  4.70500000e-10  2.50000000e+00  1.37791031e-09 -2.50999915e-12 
 4.71500000e-10  4.71500000e-10  2.50000000e+00  1.37791031e-09 -2.50999915e-12 
 4.72500000e-10  4.72500000e-10  2.50000000e+00  1.37791031e-09 -2.50999915e-12 
 4.73500000e-10  4.73500000e-10  2.50000000e+00  1.37791031e-09 -2.50999915e-12 
 4.74500000e-10  4.74500000e-10  2.50000000e+00  1.37791031e-09 -2.50999915e-12 
 4.75500000e-10  4.75500000e-10  2.50000000e+00  1.37791031e-09 -2.50999915e-12 
 4.76500000e-10  4.76500000e-10  2.50000000e+00  1.37791031e-09 -2.50999915e-12 
 4.77500000e-10  4.77500000e-10  2.50000000e+00  1.37791031e-09 -2.50999915e-12 
 4.78500000e-10  4.78500000e-10  2.50000000e+00  1.37791031e-09 -2.50999915e-12 
 4.79500000e-10  4.79500000e-10  2.50000000e+00  1.37791031e-09 -2.50999915e-12 
 4.80500000e-10  4.80500000e-10  2.50000000e+00  1.37791031e-09 -2.50999915e-12 
 4.81500000e-10  4.81500000e-10  2.50000000e+00  1.37791031e-09 -2.50999915e-12 
 4.82500000e-10  4.82500000e-10  2.50000000e+00  1.37791031e-09 -2.50999915e-12 
 4.83500000e-10  4.83500000e-10  2.50000000e+00  1.37791031e-09 -2.50999915e-12 
 4.84500000e-10  4.84500000e-10  2.50000000e+00  1.37791031e-09 -2.50999915e-12 
 4.85500000e-10  4.85500000e-10  2.50000000e+00  1.37791031e-09 -2.50999915e-12 
 4.86500000e-10  4.86500000e-10  2.50000000e+00  1.37791031e-09 -2.50999915e-12 
 4.87500000e-10  4.87500000e-10  2.50000000e+00  1.37791031e-09 -2.50999915e-12 
 4.88500000e-10  4.88500000e-10  2.50000000e+00  1.37791031e-09 -2.50999915e-12 
 4.89500000e-10  4.89500000e-10  2.50000000e+00  1.37791031e-09 -2.50999915e-12 
 4.90500000e-10  4.90500000e-10  2.50000000e+00  1.37791031e-09 -2.50999915e-12 
 4.91500000e-10  4.91500000e-10  2.50000000e+00  1.37791031e-09 -2.50999915e-12 
 4.92500000e-10  4.92500000e-10  2.50000000e+00  1.37791031e-09 -2.50999915e-12 
 4.93500000e-10  4.93500000e-10  2.50000000e+00  1.37791031e-09 -2.50999915e-12 
 4.94500000e-10  4.94500000e-10  2.50000000e+00  1.37791031e-09 -2.50999915e-12 
 4.95500000e-10  4.95500000e-10  2.50000000e+00  1.37791031e-09 -2.50999915e-12 
 4.96500000e-10  4.96500000e-10  2.50000000e+00  1.37791031e-09 -2.50999915e-12 
 4.97500000e-10  4.97500000e-10  2.50000000e+00  1.37791031e-09 -2.50999915e-12 
 4.98500000e-10  4.98500000e-10  2.50000000e+00  1.37791031e-09 -2.50999915e-12 
 4.99500000e-10  4.99500000e-10  2.50000000e+00  1.37791031e-09 -2.50999915e-12 
 5.00500000e-10  5.00500000e-10  2.50000000e+00  1.37791031e-09 -2.50999915e-12 
 5.01500000e-10  5.01500000e-10  2.50000000e+00  1.37791031e-09 -2.50999915e-12 
 5.02500000e-10  5.02500000e-10  2.50000000e+00  1.37791031e-09 -2.50999915e-12 
 5.03500000e-10  5.03500000e-10  2.50000000e+00  1.37791031e-09 -2.50999915e-12 
 5.04500000e-10  5.04500000e-10  2.50000000e+00  1.37791031e-09 -2.50999915e-12 
 5.05500000e-10  5.05500000e-10  2.50000000e+00  1.37791031e-09 -2.50999915e-12 
 5.06500000e-10  5.06500000e-10  2.50000000e+00  1.37791031e-09 -2.50999915e-12 
 5.07500000e-10  5.07500000e-10  2.50000000e+00  1.37791031e-09 -2.50999915e-12 
 5.08500000e-10  5.08500000e-10  2.50000000e+00  1.37791031e-09 -2.50999915e-12 
 5.09500000e-10  5.09500000e-10  2.50000000e+00  1.37791031e-09 -2.50999915e-12 
 5.10500000e-10  5.10500000e-10  2.50000000e+00  1.37791031e-09 -2.50999915e-12 
 5.11500000e-10  5.11500000e-10  2.50000000e+00  1.37791031e-09 -2.50999915e-12 
 5.12500000e-10  5.12500000e-10  2.50000000e+00  1.37791031e-09 -2.50999915e-12 
 5.13500000e-10  5.13500000e-10  2.50000000e+00  1.37791031e-09 -2.50999915e-12 
 5.14500000e-10  5.14500000e-10  2.50000000e+00  1.37791031e-09 -2.50999915e-12 
 5.15500000e-10  5.15500000e-10  2.50000000e+00  1.37791031e-09 -2.50999915e-12 
 5.16500000e-10  5.16500000e-10  2.50000000e+00  1.37791031e-09 -2.50999915e-12 
 5.17500000e-10  5.17500000e-10  2.50000000e+00  1.37791031e-09 -2.50999915e-12 
 5.18500000e-10  5.18500000e-10  2.50000000e+00  1.37791031e-09 -2.50999915e-12 
 5.19500000e-10  5.19500000e-10  2.50000000e+00  1.37791031e-09 -2.50999915e-12 
 5.20500000e-10  5.20500000e-10  2.50000000e+00  1.37791031e-09 -2.50999915e-12 
 5.21500000e-10  5.21500000e-10  2.50000000e+00  1.37791031e-09 -2.50999915e-12 
 5.22500000e-10  5.22500000e-10  2.50000000e+00  1.37791031e-09 -2.50999915e-12 
 5.23500000e-10  5.23500000e-10  2.50000000e+00  1.37791031e-09 -2.50999915e-12 
 5.24500000e-10  5.24500000e-10  2.50000000e+00  1.37791031e-09 -2.50999915e-12 
 5.25500000e-10  5.25500000e-10  2.50000000e+00  1.37791031e-09 -2.50999915e-12 
 5.26500000e-10  5.26500000e-10  2.50000000e+00  1.37791031e-09 -2.50999915e-12 
 5.27500000e-10  5.27500000e-10  2.50000000e+00  1.37791031e-09 -2.50999915e-12 
 5.28500000e-10  5.28500000e-10  2.50000000e+00  1.37791031e-09 -2.50999915e-12 
 5.29500000e-10  5.29500000e-10  2.50000000e+00  1.37791031e-09 -2.50999915e-12 
 5.30500000e-10  5.30500000e-10  2.50000000e+00  1.37791031e-09 -2.50999915e-12 
 5.31500000e-10  5.31500000e-10  2.50000000e+00  1.37791031e-09 -2.50999915e-12 
 5.32500000e-10  5.32500000e-10  2.50000000e+00  1.37791031e-09 -2.50999915e-12 
 5.33500000e-10  5.33500000e-10  2.50000000e+00  1.37791031e-09 -2.50999915e-12 
 5.34500000e-10  5.34500000e-10  2.50000000e+00  1.37791031e-09 -2.50999915e-12 
 5.35500000e-10  5.35500000e-10  2.50000000e+00  1.37791031e-09 -2.50999915e-12 
 5.36500000e-10  5.36500000e-10  2.50000000e+00  1.37791031e-09 -2.50999915e-12 
 5.37500000e-10  5.37500000e-10  2.50000000e+00  1.37791031e-09 -2.50999915e-12 
 5.38500000e-10  5.38500000e-10  2.50000000e+00  1.37791031e-09 -2.50999915e-12 
 5.39500000e-10  5.39500000e-10  2.50000000e+00  1.37791031e-09 -2.50999915e-12 
 5.40500000e-10  5.40500000e-10  2.50000000e+00  1.37791031e-09 -2.50999915e-12 
 5.41500000e-10  5.41500000e-10  2.50000000e+00  1.37791031e-09 -2.50999915e-12 
 5.42500000e-10  5.42500000e-10  2.50000000e+00  1.37791031e-09 -2.50999915e-12 
 5.43500000e-10  5.43500000e-10  2.50000000e+00  1.37791031e-09 -2.50999915e-12 
 5.44500000e-10  5.44500000e-10  2.50000000e+00  1.37791031e-09 -2.50999915e-12 
 5.45500000e-10  5.45500000e-10  2.50000000e+00  1.37791031e-09 -2.50999915e-12 
 5.46500000e-10  5.46500000e-10  2.50000000e+00  1.37791031e-09 -2.50999915e-12 
 5.47500000e-10  5.47500000e-10  2.50000000e+00  1.37791031e-09 -2.50999915e-12 
 5.48500000e-10  5.48500000e-10  2.50000000e+00  1.37791031e-09 -2.50999915e-12 
 5.49500000e-10  5.49500000e-10  2.50000000e+00  1.37791031e-09 -2.50999915e-12 
 5.50500000e-10  5.50500000e-10  2.50000000e+00  1.37791031e-09 -2.50999915e-12 
 5.51500000e-10  5.51500000e-10  2.50000000e+00  1.37791031e-09 -2.50999915e-12 
 5.52500000e-10  5.52500000e-10  2.50000000e+00  1.37791031e-09 -2.50999915e-12 
 5.53500000e-10  5.53500000e-10  2.50000000e+00  1.37791031e-09 -2.50999915e-12 
 5.54500000e-10  5.54500000e-10  2.50000000e+00  1.37791031e-09 -2.50999915e-12 
 5.55500000e-10  5.55500000e-10  2.50000000e+00  1.37791031e-09 -2.50999915e-12 
 5.56500000e-10  5.56500000e-10  2.50000000e+00  1.37791031e-09 -2.50999915e-12 
 5.57500000e-10  5.57500000e-10  2.50000000e+00  1.37791031e-09 -2.50999915e-12 
 5.58500000e-10  5.58500000e-10  2.50000000e+00  1.37791031e-09 -2.50999915e-12 
 5.59500000e-10  5.59500000e-10  2.50000000e+00  1.37791031e-09 -2.50999915e-12 
 5.60500000e-10  5.60500000e-10  2.50000000e+00  1.37791031e-09 -2.50999915e-12 
 5.61500000e-10  5.61500000e-10  2.50000000e+00  1.37791031e-09 -2.50999915e-12 
 5.62500000e-10  5.62500000e-10  2.50000000e+00  1.37791031e-09 -2.50999915e-12 
 5.63500000e-10  5.63500000e-10  2.50000000e+00  1.37791031e-09 -2.50999915e-12 
 5.64500000e-10  5.64500000e-10  2.50000000e+00  1.37791031e-09 -2.50999915e-12 
 5.65500000e-10  5.65500000e-10  2.50000000e+00  1.37791031e-09 -2.50999915e-12 
 5.66500000e-10  5.66500000e-10  2.50000000e+00  1.37791031e-09 -2.50999915e-12 
 5.67500000e-10  5.67500000e-10  2.50000000e+00  1.37791031e-09 -2.50999915e-12 
 5.68500000e-10  5.68500000e-10  2.50000000e+00  1.37791031e-09 -2.50999915e-12 
 5.69500000e-10  5.69500000e-10  2.50000000e+00  1.37791031e-09 -2.50999915e-12 
 5.70500000e-10  5.70500000e-10  2.50000000e+00  1.37791031e-09 -2.50999915e-12 
 5.71500000e-10  5.71500000e-10  2.50000000e+00  1.37791031e-09 -2.50999915e-12 
 5.72500000e-10  5.72500000e-10  2.50000000e+00  1.37791031e-09 -2.50999915e-12 
 5.73500000e-10  5.73500000e-10  2.50000000e+00  1.37791031e-09 -2.50999915e-12 
 5.74500000e-10  5.74500000e-10  2.50000000e+00  1.37791031e-09 -2.50999915e-12 
 5.75500000e-10  5.75500000e-10  2.50000000e+00  1.37791031e-09 -2.50999915e-12 
 5.76500000e-10  5.76500000e-10  2.50000000e+00  1.37791031e-09 -2.50999915e-12 
 5.77500000e-10  5.77500000e-10  2.50000000e+00  1.37791031e-09 -2.50999915e-12 
 5.78500000e-10  5.78500000e-10  2.50000000e+00  1.37791031e-09 -2.50999915e-12 
 5.79500000e-10  5.79500000e-10  2.50000000e+00  1.37791031e-09 -2.50999915e-12 
 5.80500000e-10  5.80500000e-10  2.50000000e+00  1.37791031e-09 -2.50999915e-12 
 5.81500000e-10  5.81500000e-10  2.50000000e+00  1.37791031e-09 -2.50999915e-12 
 5.82500000e-10  5.82500000e-10  2.50000000e+00  1.37791031e-09 -2.50999915e-12 
 5.83500000e-10  5.83500000e-10  2.50000000e+00  1.37791031e-09 -2.50999915e-12 
 5.84500000e-10  5.84500000e-10  2.50000000e+00  1.37791031e-09 -2.50999915e-12 
 5.85500000e-10  5.85500000e-10  2.50000000e+00  1.37791031e-09 -2.50999915e-12 
 5.86500000e-10  5.86500000e-10  2.50000000e+00  1.37791031e-09 -2.50999915e-12 
 5.87500000e-10  5.87500000e-10  2.50000000e+00  1.37791031e-09 -2.50999915e-12 
 5.88500000e-10  5.88500000e-10  2.50000000e+00  1.37791031e-09 -2.50999915e-12 
 5.89500000e-10  5.89500000e-10  2.50000000e+00  1.37791031e-09 -2.50999915e-12 
 5.90500000e-10  5.90500000e-10  2.50000000e+00  1.37791031e-09 -2.50999915e-12 
 5.91500000e-10  5.91500000e-10  2.50000000e+00  1.37791031e-09 -2.50999915e-12 
 5.92500000e-10  5.92500000e-10  2.50000000e+00  1.37791031e-09 -2.50999915e-12 
 5.93500000e-10  5.93500000e-10  2.50000000e+00  1.37791031e-09 -2.50999915e-12 
 5.94500000e-10  5.94500000e-10  2.50000000e+00  1.37791031e-09 -2.50999915e-12 
 5.95500000e-10  5.95500000e-10  2.50000000e+00  1.37791031e-09 -2.50999915e-12 
 5.96500000e-10  5.96500000e-10  2.50000000e+00  1.37791031e-09 -2.50999915e-12 
 5.97500000e-10  5.97500000e-10  2.50000000e+00  1.37791031e-09 -2.50999915e-12 
 5.98500000e-10  5.98500000e-10  2.50000000e+00  1.37791031e-09 -2.50999915e-12 
 5.99500000e-10  5.99500000e-10  2.50000000e+00  1.37791031e-09 -2.50999915e-12 
 6.00500000e-10  6.00500000e-10  2.50000000e+00  1.37791031e-09 -2.50999915e-12 
 6.01500000e-10  6.01500000e-10  2.50000000e+00  1.37791031e-09 -2.50999915e-12 
 6.02500000e-10  6.02500000e-10  2.50000000e+00  1.37791031e-09 -2.50999915e-12 
 6.03500000e-10  6.03500000e-10  2.50000000e+00  1.37791031e-09 -2.50999915e-12 
 6.04500000e-10  6.04500000e-10  2.50000000e+00  1.37791031e-09 -2.50999915e-12 
 6.05500000e-10  6.05500000e-10  2.50000000e+00  1.37791031e-09 -2.50999915e-12 
 6.06500000e-10  6.06500000e-10  2.50000000e+00  1.37791031e-09 -2.50999915e-12 
 6.07500000e-10  6.07500000e-10  2.50000000e+00  1.37791031e-09 -2.50999915e-12 
 6.08500000e-10  6.08500000e-10  2.50000000e+00  1.37791031e-09 -2.50999915e-12 
 6.09500000e-10  6.09500000e-10  2.50000000e+00  1.37791031e-09 -2.50999915e-12 
 6.10500000e-10  6.10500000e-10  2.50000000e+00  1.37791031e-09 -2.50999915e-12 
 6.11500000e-10  6.11500000e-10  2.50000000e+00  1.37791031e-09 -2.50999915e-12 
 6.12500000e-10  6.12500000e-10  2.50000000e+00  1.37791031e-09 -2.50999915e-12 
 6.13500000e-10  6.13500000e-10  2.50000000e+00  1.37791031e-09 -2.50999915e-12 
 6.14500000e-10  6.14500000e-10  2.50000000e+00  1.37791031e-09 -2.50999915e-12 
 6.15500000e-10  6.15500000e-10  2.50000000e+00  1.37791031e-09 -2.50999915e-12 
 6.16500000e-10  6.16500000e-10  2.50000000e+00  1.37791031e-09 -2.50999915e-12 
 6.17500000e-10  6.17500000e-10  2.50000000e+00  1.37791031e-09 -2.50999915e-12 
 6.18500000e-10  6.18500000e-10  2.50000000e+00  1.37791031e-09 -2.50999915e-12 
 6.19500000e-10  6.19500000e-10  2.50000000e+00  1.37791031e-09 -2.50999915e-12 
 6.20500000e-10  6.20500000e-10  2.50000000e+00  1.37791031e-09 -2.50999915e-12 
 6.21500000e-10  6.21500000e-10  2.50000000e+00  1.37791031e-09 -2.50999915e-12 
 6.22500000e-10  6.22500000e-10  2.50000000e+00  1.37791031e-09 -2.50999915e-12 
 6.23500000e-10  6.23500000e-10  2.50000000e+00  1.37791031e-09 -2.50999915e-12 
 6.24500000e-10  6.24500000e-10  2.50000000e+00  1.37791031e-09 -2.50999915e-12 
 6.25500000e-10  6.25500000e-10  2.50000000e+00  1.37791031e-09 -2.50999915e-12 
 6.26500000e-10  6.26500000e-10  2.50000000e+00  1.37791031e-09 -2.50999915e-12 
 6.27500000e-10  6.27500000e-10  2.50000000e+00  1.37791031e-09 -2.50999915e-12 
 6.28500000e-10  6.28500000e-10  2.50000000e+00  1.37791031e-09 -2.50999915e-12 
 6.29500000e-10  6.29500000e-10  2.50000000e+00  1.37791031e-09 -2.50999915e-12 
 6.30500000e-10  6.30500000e-10  2.50000000e+00  1.37791031e-09 -2.50999915e-12 
 6.31500000e-10  6.31500000e-10  2.50000000e+00  1.37791031e-09 -2.50999915e-12 
 6.32500000e-10  6.32500000e-10  2.50000000e+00  1.37791031e-09 -2.50999915e-12 
 6.33500000e-10  6.33500000e-10  2.50000000e+00  1.37791031e-09 -2.50999915e-12 
 6.34500000e-10  6.34500000e-10  2.50000000e+00  1.37791031e-09 -2.50999915e-12 
 6.35500000e-10  6.35500000e-10  2.50000000e+00  1.37791031e-09 -2.50999915e-12 
 6.36500000e-10  6.36500000e-10  2.50000000e+00  1.37791031e-09 -2.50999915e-12 
 6.37500000e-10  6.37500000e-10  2.50000000e+00  1.37791031e-09 -2.50999915e-12 
 6.38500000e-10  6.38500000e-10  2.50000000e+00  1.37791031e-09 -2.50999915e-12 
 6.39500000e-10  6.39500000e-10  2.50000000e+00  1.37791031e-09 -2.50999915e-12 
 6.40500000e-10  6.40500000e-10  2.50000000e+00  1.37791031e-09 -2.50999915e-12 
 6.41500000e-10  6.41500000e-10  2.50000000e+00  1.37791031e-09 -2.50999915e-12 
 6.42500000e-10  6.42500000e-10  2.50000000e+00  1.37791031e-09 -2.50999915e-12 
 6.43500000e-10  6.43500000e-10  2.50000000e+00  1.37791031e-09 -2.50999915e-12 
 6.44500000e-10  6.44500000e-10  2.50000000e+00  1.37791031e-09 -2.50999915e-12 
 6.45500000e-10  6.45500000e-10  2.50000000e+00  1.37791031e-09 -2.50999915e-12 
 6.46500000e-10  6.46500000e-10  2.50000000e+00  1.37791031e-09 -2.50999915e-12 
 6.47500000e-10  6.47500000e-10  2.50000000e+00  1.37791031e-09 -2.50999915e-12 
 6.48500000e-10  6.48500000e-10  2.50000000e+00  1.37791031e-09 -2.50999915e-12 
 6.49500000e-10  6.49500000e-10  2.50000000e+00  1.37791031e-09 -2.50999915e-12 
 6.50500000e-10  6.50500000e-10  2.50000000e+00  1.37791031e-09 -2.50999915e-12 
 6.51500000e-10  6.51500000e-10  2.50000000e+00  1.37791031e-09 -2.50999915e-12 
 6.52500000e-10  6.52500000e-10  2.50000000e+00  1.37791031e-09 -2.50999915e-12 
 6.53500000e-10  6.53500000e-10  2.50000000e+00  1.37791031e-09 -2.50999915e-12 
 6.54500000e-10  6.54500000e-10  2.50000000e+00  1.37791031e-09 -2.50999915e-12 
 6.55500000e-10  6.55500000e-10  2.50000000e+00  1.37791031e-09 -2.50999915e-12 
 6.56500000e-10  6.56500000e-10  2.50000000e+00  1.37791031e-09 -2.50999915e-12 
 6.57500000e-10  6.57500000e-10  2.50000000e+00  1.37791031e-09 -2.50999915e-12 
 6.58500000e-10  6.58500000e-10  2.50000000e+00  1.37791031e-09 -2.50999915e-12 
 6.59500000e-10  6.59500000e-10  2.50000000e+00  1.37791031e-09 -2.50999915e-12 
 6.60500000e-10  6.60500000e-10  2.50000000e+00  1.37791031e-09 -2.50999915e-12 
 6.61500000e-10  6.61500000e-10  2.50000000e+00  1.37791031e-09 -2.50999915e-12 
 6.62500000e-10  6.62500000e-10  2.50000000e+00  1.37791031e-09 -2.50999915e-12 
 6.63500000e-10  6.63500000e-10  2.50000000e+00  1.37791031e-09 -2.50999915e-12 
 6.64500000e-10  6.64500000e-10  2.50000000e+00  1.37791031e-09 -2.50999915e-12 
 6.65500000e-10  6.65500000e-10  2.50000000e+00  1.37791031e-09 -2.50999915e-12 
 6.66500000e-10  6.66500000e-10  2.50000000e+00  1.37791031e-09 -2.50999915e-12 
 6.67500000e-10  6.67500000e-10  2.50000000e+00  1.37791031e-09 -2.50999915e-12 
 6.68500000e-10  6.68500000e-10  2.50000000e+00  1.37791031e-09 -2.50999915e-12 
 6.69500000e-10  6.69500000e-10  2.50000000e+00  1.37791031e-09 -2.50999915e-12 
 6.70500000e-10  6.70500000e-10  2.50000000e+00  1.37791031e-09 -2.50999915e-12 
 6.71500000e-10  6.71500000e-10  2.50000000e+00  1.37791031e-09 -2.50999915e-12 
 6.72500000e-10  6.72500000e-10  2.50000000e+00  1.37791031e-09 -2.50999915e-12 
 6.73500000e-10  6.73500000e-10  2.50000000e+00  1.37791031e-09 -2.50999915e-12 
 6.74500000e-10  6.74500000e-10  2.50000000e+00  1.37791031e-09 -2.50999915e-12 
 6.75500000e-10  6.75500000e-10  2.50000000e+00  1.37791031e-09 -2.50999915e-12 
 6.76500000e-10  6.76500000e-10  2.50000000e+00  1.37791031e-09 -2.50999915e-12 
 6.77500000e-10  6.77500000e-10  2.50000000e+00  1.37791031e-09 -2.50999915e-12 
 6.78500000e-10  6.78500000e-10  2.50000000e+00  1.37791031e-09 -2.50999915e-12 
 6.79500000e-10  6.79500000e-10  2.50000000e+00  1.37791031e-09 -2.50999915e-12 
 6.80500000e-10  6.80500000e-10  2.50000000e+00  1.37791031e-09 -2.50999915e-12 
 6.81500000e-10  6.81500000e-10  2.50000000e+00  1.37791031e-09 -2.50999915e-12 
 6.82500000e-10  6.82500000e-10  2.50000000e+00  1.37791031e-09 -2.50999915e-12 
 6.83500000e-10  6.83500000e-10  2.50000000e+00  1.37791031e-09 -2.50999915e-12 
 6.84500000e-10  6.84500000e-10  2.50000000e+00  1.37791031e-09 -2.50999915e-12 
 6.85500000e-10  6.85500000e-10  2.50000000e+00  1.37791031e-09 -2.50999915e-12 
 6.86500000e-10  6.86500000e-10  2.50000000e+00  1.37791031e-09 -2.50999915e-12 
 6.87500000e-10  6.87500000e-10  2.50000000e+00  1.37791031e-09 -2.50999915e-12 
 6.88500000e-10  6.88500000e-10  2.50000000e+00  1.37791031e-09 -2.50999915e-12 
 6.89500000e-10  6.89500000e-10  2.50000000e+00  1.37791031e-09 -2.50999915e-12 
 6.90500000e-10  6.90500000e-10  2.50000000e+00  1.37791031e-09 -2.50999915e-12 
 6.91500000e-10  6.91500000e-10  2.50000000e+00  1.37791031e-09 -2.50999915e-12 
 6.92500000e-10  6.92500000e-10  2.50000000e+00  1.37791031e-09 -2.50999915e-12 
 6.93500000e-10  6.93500000e-10  2.50000000e+00  1.37791031e-09 -2.50999915e-12 
 6.94500000e-10  6.94500000e-10  2.50000000e+00  1.37791031e-09 -2.50999915e-12 
 6.95500000e-10  6.95500000e-10  2.50000000e+00  1.37791031e-09 -2.50999915e-12 
 6.96500000e-10  6.96500000e-10  2.50000000e+00  1.37791031e-09 -2.50999915e-12 
 6.97500000e-10  6.97500000e-10  2.50000000e+00  1.37791031e-09 -2.50999915e-12 
 6.98500000e-10  6.98500000e-10  2.50000000e+00  1.37791031e-09 -2.50999915e-12 
 6.99500000e-10  6.99500000e-10  2.50000000e+00  1.37791031e-09 -2.50999915e-12 
 7.00500000e-10  7.00500000e-10  2.50000000e+00  1.37791031e-09 -2.50999915e-12 
 7.01500000e-10  7.01500000e-10  2.50000000e+00  1.37791031e-09 -2.50999915e-12 
 7.02500000e-10  7.02500000e-10  2.50000000e+00  1.37791031e-09 -2.50999915e-12 
 7.03500000e-10  7.03500000e-10  2.50000000e+00  1.37791031e-09 -2.50999915e-12 
 7.04500000e-10  7.04500000e-10  2.50000000e+00  1.37791031e-09 -2.50999915e-12 
 7.05500000e-10  7.05500000e-10  2.50000000e+00  1.37791031e-09 -2.50999915e-12 
 7.06500000e-10  7.06500000e-10  2.50000000e+00  1.37791031e-09 -2.50999915e-12 
 7.07500000e-10  7.07500000e-10  2.50000000e+00  1.37791031e-09 -2.50999915e-12 
 7.08500000e-10  7.08500000e-10  2.50000000e+00  1.37791031e-09 -2.50999915e-12 
 7.09500000e-10  7.09500000e-10  2.50000000e+00  1.37791031e-09 -2.50999915e-12 
 7.10500000e-10  7.10500000e-10  2.50000000e+00  1.37791031e-09 -2.50999915e-12 
 7.11500000e-10  7.11500000e-10  2.50000000e+00  1.37791031e-09 -2.50999915e-12 
 7.12500000e-10  7.12500000e-10  2.50000000e+00  1.37791031e-09 -2.50999915e-12 
 7.13500000e-10  7.13500000e-10  2.50000000e+00  1.37791031e-09 -2.50999915e-12 
 7.14500000e-10  7.14500000e-10  2.50000000e+00  1.37791031e-09 -2.50999915e-12 
 7.15500000e-10  7.15500000e-10  2.50000000e+00  1.37791031e-09 -2.50999915e-12 
 7.16500000e-10  7.16500000e-10  2.50000000e+00  1.37791031e-09 -2.50999915e-12 
 7.17500000e-10  7.17500000e-10  2.50000000e+00  1.37791031e-09 -2.50999915e-12 
 7.18500000e-10  7.18500000e-10  2.50000000e+00  1.37791031e-09 -2.50999915e-12 
 7.19500000e-10  7.19500000e-10  2.50000000e+00  1.37791031e-09 -2.50999915e-12 
 7.20500000e-10  7.20500000e-10  2.50000000e+00  1.37791031e-09 -2.50999915e-12 
 7.21500000e-10  7.21500000e-10  2.50000000e+00  1.37791031e-09 -2.50999915e-12 
 7.22500000e-10  7.22500000e-10  2.50000000e+00  1.37791031e-09 -2.50999915e-12 
 7.23500000e-10  7.23500000e-10  2.50000000e+00  1.37791031e-09 -2.50999915e-12 
 7.24500000e-10  7.24500000e-10  2.50000000e+00  1.37791031e-09 -2.50999915e-12 
 7.25500000e-10  7.25500000e-10  2.50000000e+00  1.37791031e-09 -2.50999915e-12 
 7.26500000e-10  7.26500000e-10  2.50000000e+00  1.37791031e-09 -2.50999915e-12 
 7.27500000e-10  7.27500000e-10  2.50000000e+00  1.37791031e-09 -2.50999915e-12 
 7.28500000e-10  7.28500000e-10  2.50000000e+00  1.37791031e-09 -2.50999915e-12 
 7.29500000e-10  7.29500000e-10  2.50000000e+00  1.37791031e-09 -2.50999915e-12 
 7.30500000e-10  7.30500000e-10  2.50000000e+00  1.37791031e-09 -2.50999915e-12 
 7.31500000e-10  7.31500000e-10  2.50000000e+00  1.37791031e-09 -2.50999915e-12 
 7.32500000e-10  7.32500000e-10  2.50000000e+00  1.37791031e-09 -2.50999915e-12 
 7.33500000e-10  7.33500000e-10  2.50000000e+00  1.37791031e-09 -2.50999915e-12 
 7.34500000e-10  7.34500000e-10  2.50000000e+00  1.37791031e-09 -2.50999915e-12 
 7.35500000e-10  7.35500000e-10  2.50000000e+00  1.37791031e-09 -2.50999915e-12 
 7.36500000e-10  7.36500000e-10  2.50000000e+00  1.37791031e-09 -2.50999915e-12 
 7.37500000e-10  7.37500000e-10  2.50000000e+00  1.37791031e-09 -2.50999915e-12 
 7.38500000e-10  7.38500000e-10  2.50000000e+00  1.37791031e-09 -2.50999915e-12 
 7.39500000e-10  7.39500000e-10  2.50000000e+00  1.37791031e-09 -2.50999915e-12 
 7.40500000e-10  7.40500000e-10  2.50000000e+00  1.37791031e-09 -2.50999915e-12 
 7.41500000e-10  7.41500000e-10  2.50000000e+00  1.37791031e-09 -2.50999915e-12 
 7.42500000e-10  7.42500000e-10  2.50000000e+00  1.37791031e-09 -2.50999915e-12 
 7.43500000e-10  7.43500000e-10  2.50000000e+00  1.37791031e-09 -2.50999915e-12 
 7.44500000e-10  7.44500000e-10  2.50000000e+00  1.37791031e-09 -2.50999915e-12 
 7.45500000e-10  7.45500000e-10  2.50000000e+00  1.37791031e-09 -2.50999915e-12 
 7.46500000e-10  7.46500000e-10  2.50000000e+00  1.37791031e-09 -2.50999915e-12 
 7.47500000e-10  7.47500000e-10  2.50000000e+00  1.37791031e-09 -2.50999915e-12 
 7.48500000e-10  7.48500000e-10  2.50000000e+00  1.37791031e-09 -2.50999915e-12 
 7.49500000e-10  7.49500000e-10  2.50000000e+00  1.37791031e-09 -2.50999915e-12 
 7.50500000e-10  7.50500000e-10  2.50000000e+00  1.37791031e-09 -2.50999915e-12 
 7.51500000e-10  7.51500000e-10  2.50000000e+00  1.37791031e-09 -2.50999915e-12 
 7.52500000e-10  7.52500000e-10  2.50000000e+00  1.37791031e-09 -2.50999915e-12 
 7.53500000e-10  7.53500000e-10  2.50000000e+00  1.37791031e-09 -2.50999915e-12 
 7.54500000e-10  7.54500000e-10  2.50000000e+00  1.37791031e-09 -2.50999915e-12 
 7.55500000e-10  7.55500000e-10  2.50000000e+00  1.37791031e-09 -2.50999915e-12 
 7.56500000e-10  7.56500000e-10  2.50000000e+00  1.37791031e-09 -2.50999915e-12 
 7.57500000e-10  7.57500000e-10  2.50000000e+00  1.37791031e-09 -2.50999915e-12 
 7.58500000e-10  7.58500000e-10  2.50000000e+00  1.37791031e-09 -2.50999915e-12 
 7.59500000e-10  7.59500000e-10  2.50000000e+00  1.37791031e-09 -2.50999915e-12 
 7.60500000e-10  7.60500000e-10  2.50000000e+00  1.37791031e-09 -2.50999915e-12 
 7.61500000e-10  7.61500000e-10  2.50000000e+00  1.37791031e-09 -2.50999915e-12 
 7.62500000e-10  7.62500000e-10  2.50000000e+00  1.37791031e-09 -2.50999915e-12 
 7.63500000e-10  7.63500000e-10  2.50000000e+00  1.37791031e-09 -2.50999915e-12 
 7.64500000e-10  7.64500000e-10  2.50000000e+00  1.37791031e-09 -2.50999915e-12 
 7.65500000e-10  7.65500000e-10  2.50000000e+00  1.37791031e-09 -2.50999915e-12 
 7.66500000e-10  7.66500000e-10  2.50000000e+00  1.37791031e-09 -2.50999915e-12 
 7.67500000e-10  7.67500000e-10  2.50000000e+00  1.37791031e-09 -2.50999915e-12 
 7.68500000e-10  7.68500000e-10  2.50000000e+00  1.37791031e-09 -2.50999915e-12 
 7.69500000e-10  7.69500000e-10  2.50000000e+00  1.37791031e-09 -2.50999915e-12 
 7.70500000e-10  7.70500000e-10  2.50000000e+00  1.37791031e-09 -2.50999915e-12 
 7.71500000e-10  7.71500000e-10  2.50000000e+00  1.37791031e-09 -2.50999915e-12 
 7.72500000e-10  7.72500000e-10  2.50000000e+00  1.37791031e-09 -2.50999915e-12 
 7.73500000e-10  7.73500000e-10  2.50000000e+00  1.37791031e-09 -2.50999915e-12 
 7.74500000e-10  7.74500000e-10  2.50000000e+00  1.37791031e-09 -2.50999915e-12 
 7.75500000e-10  7.75500000e-10  2.50000000e+00  1.37791031e-09 -2.50999915e-12 
 7.76500000e-10  7.76500000e-10  2.50000000e+00  1.37791031e-09 -2.50999915e-12 
 7.77500000e-10  7.77500000e-10  2.50000000e+00  1.37791031e-09 -2.50999915e-12 
 7.78500000e-10  7.78500000e-10  2.50000000e+00  1.37791031e-09 -2.50999915e-12 
 7.79500000e-10  7.79500000e-10  2.50000000e+00  1.37791031e-09 -2.50999915e-12 
 7.80500000e-10  7.80500000e-10  2.50000000e+00  1.37791031e-09 -2.50999915e-12 
 7.81500000e-10  7.81500000e-10  2.50000000e+00  1.37791031e-09 -2.50999915e-12 
 7.82500000e-10  7.82500000e-10  2.50000000e+00  1.37791031e-09 -2.50999915e-12 
 7.83500000e-10  7.83500000e-10  2.50000000e+00  1.37791031e-09 -2.50999915e-12 
 7.84500000e-10  7.84500000e-10  2.50000000e+00  1.37791031e-09 -2.50999915e-12 
 7.85500000e-10  7.85500000e-10  2.50000000e+00  1.37791031e-09 -2.50999915e-12 
 7.86500000e-10  7.86500000e-10  2.50000000e+00  1.37791031e-09 -2.50999915e-12 
 7.87500000e-10  7.87500000e-10  2.50000000e+00  1.37791031e-09 -2.50999915e-12 
 7.88500000e-10  7.88500000e-10  2.50000000e+00  1.37791031e-09 -2.50999915e-12 
 7.89500000e-10  7.89500000e-10  2.50000000e+00  1.37791031e-09 -2.50999915e-12 
 7.90500000e-10  7.90500000e-10  2.50000000e+00  1.37791031e-09 -2.50999915e-12 
 7.91500000e-10  7.91500000e-10  2.50000000e+00  1.37791031e-09 -2.50999915e-12 
 7.92500000e-10  7.92500000e-10  2.50000000e+00  1.37791031e-09 -2.50999915e-12 
 7.93500000e-10  7.93500000e-10  2.50000000e+00  1.37791031e-09 -2.50999915e-12 
 7.94500000e-10  7.94500000e-10  2.50000000e+00  1.37791031e-09 -2.50999915e-12 
 7.95500000e-10  7.95500000e-10  2.50000000e+00  1.37791031e-09 -2.50999915e-12 
 7.96500000e-10  7.96500000e-10  2.50000000e+00  1.37791031e-09 -2.50999915e-12 
 7.97500000e-10  7.97500000e-10  2.50000000e+00  1.37791031e-09 -2.50999915e-12 
 7.98500000e-10  7.98500000e-10  2.50000000e+00  1.37791031e-09 -2.50999915e-12 
 7.99500000e-10  7.99500000e-10  2.50000000e+00  1.37791031e-09 -2.50999915e-12 
 8.00500000e-10  8.00500000e-10  2.50000000e+00  1.37791031e-09 -2.50999915e-12 
 8.01500000e-10  8.01500000e-10  2.50000000e+00  1.37791031e-09 -2.50999915e-12 
 8.02500000e-10  8.02500000e-10  2.50000000e+00  1.37791031e-09 -2.50999915e-12 
 8.03500000e-10  8.03500000e-10  2.50000000e+00  1.37791031e-09 -2.50999915e-12 
 8.04500000e-10  8.04500000e-10  2.50000000e+00  1.37791031e-09 -2.50999915e-12 
 8.05500000e-10  8.05500000e-10  2.50000000e+00  1.37791031e-09 -2.50999915e-12 
 8.06500000e-10  8.06500000e-10  2.50000000e+00  1.37791031e-09 -2.50999915e-12 
 8.07500000e-10  8.07500000e-10  2.50000000e+00  1.37791031e-09 -2.50999915e-12 
 8.08500000e-10  8.08500000e-10  2.50000000e+00  1.37791031e-09 -2.50999915e-12 
 8.09500000e-10  8.09500000e-10  2.50000000e+00  1.37791031e-09 -2.50999915e-12 
 8.10500000e-10  8.10500000e-10  2.50000000e+00  1.37791031e-09 -2.50999915e-12 
 8.11500000e-10  8.11500000e-10  2.50000000e+00  1.37791031e-09 -2.50999915e-12 
 8.12500000e-10  8.12500000e-10  2.50000000e+00  1.37791031e-09 -2.50999915e-12 
 8.13500000e-10  8.13500000e-10  2.50000000e+00  1.37791031e-09 -2.50999915e-12 
 8.14500000e-10  8.14500000e-10  2.50000000e+00  1.37791031e-09 -2.50999915e-12 
 8.15500000e-10  8.15500000e-10  2.50000000e+00  1.37791031e-09 -2.50999915e-12 
 8.16500000e-10  8.16500000e-10  2.50000000e+00  1.37791031e-09 -2.50999915e-12 
 8.17500000e-10  8.17500000e-10  2.50000000e+00  1.37791031e-09 -2.50999915e-12 
 8.18500000e-10  8.18500000e-10  2.50000000e+00  1.37791031e-09 -2.50999915e-12 
 8.19500000e-10  8.19500000e-10  2.50000000e+00  1.37791031e-09 -2.50999915e-12 
 8.20500000e-10  8.20500000e-10  2.50000000e+00  1.37791031e-09 -2.50999915e-12 
 8.21500000e-10  8.21500000e-10  2.50000000e+00  1.37791031e-09 -2.50999915e-12 
 8.22500000e-10  8.22500000e-10  2.50000000e+00  1.37791031e-09 -2.50999915e-12 
 8.23500000e-10  8.23500000e-10  2.50000000e+00  1.37791031e-09 -2.50999915e-12 
 8.24500000e-10  8.24500000e-10  2.50000000e+00  1.37791031e-09 -2.50999915e-12 
 8.25500000e-10  8.25500000e-10  2.50000000e+00  1.37791031e-09 -2.50999915e-12 
 8.26500000e-10  8.26500000e-10  2.50000000e+00  1.37791031e-09 -2.50999915e-12 
 8.27500000e-10  8.27500000e-10  2.50000000e+00  1.37791031e-09 -2.50999915e-12 
 8.28500000e-10  8.28500000e-10  2.50000000e+00  1.37791031e-09 -2.50999915e-12 
 8.29500000e-10  8.29500000e-10  2.50000000e+00  1.37791031e-09 -2.50999915e-12 
 8.30500000e-10  8.30500000e-10  2.50000000e+00  1.37791031e-09 -2.50999915e-12 
 8.31500000e-10  8.31500000e-10  2.50000000e+00  1.37791031e-09 -2.50999915e-12 
 8.32500000e-10  8.32500000e-10  2.50000000e+00  1.37791031e-09 -2.50999915e-12 
 8.33500000e-10  8.33500000e-10  2.50000000e+00  1.37791031e-09 -2.50999915e-12 
 8.34500000e-10  8.34500000e-10  2.50000000e+00  1.37791031e-09 -2.50999915e-12 
 8.35500000e-10  8.35500000e-10  2.50000000e+00  1.37791031e-09 -2.50999915e-12 
 8.36500000e-10  8.36500000e-10  2.50000000e+00  1.37791031e-09 -2.50999915e-12 
 8.37500000e-10  8.37500000e-10  2.50000000e+00  1.37791031e-09 -2.50999915e-12 
 8.38500000e-10  8.38500000e-10  2.50000000e+00  1.37791031e-09 -2.50999915e-12 
 8.39500000e-10  8.39500000e-10  2.50000000e+00  1.37791031e-09 -2.50999915e-12 
 8.40500000e-10  8.40500000e-10  2.50000000e+00  1.37791031e-09 -2.50999915e-12 
 8.41500000e-10  8.41500000e-10  2.50000000e+00  1.37791031e-09 -2.50999915e-12 
 8.42500000e-10  8.42500000e-10  2.50000000e+00  1.37791031e-09 -2.50999915e-12 
 8.43500000e-10  8.43500000e-10  2.50000000e+00  1.37791031e-09 -2.50999915e-12 
 8.44500000e-10  8.44500000e-10  2.50000000e+00  1.37791031e-09 -2.50999915e-12 
 8.45500000e-10  8.45500000e-10  2.50000000e+00  1.37791031e-09 -2.50999915e-12 
 8.46500000e-10  8.46500000e-10  2.50000000e+00  1.37791031e-09 -2.50999915e-12 
 8.47500000e-10  8.47500000e-10  2.50000000e+00  1.37791031e-09 -2.50999915e-12 
 8.48500000e-10  8.48500000e-10  2.50000000e+00  1.37791031e-09 -2.50999915e-12 
 8.49500000e-10  8.49500000e-10  2.50000000e+00  1.37791031e-09 -2.50999915e-12 
 8.50500000e-10  8.50500000e-10  2.50000000e+00  1.37791031e-09 -2.50999915e-12 
 8.51500000e-10  8.51500000e-10  2.50000000e+00  1.37791031e-09 -2.50999915e-12 
 8.52500000e-10  8.52500000e-10  2.50000000e+00  1.37791031e-09 -2.50999915e-12 
 8.53500000e-10  8.53500000e-10  2.50000000e+00  1.37791031e-09 -2.50999915e-12 
 8.54500000e-10  8.54500000e-10  2.50000000e+00  1.37791031e-09 -2.50999915e-12 
 8.55500000e-10  8.55500000e-10  2.50000000e+00  1.37791031e-09 -2.50999915e-12 
 8.56500000e-10  8.56500000e-10  2.50000000e+00  1.37791031e-09 -2.50999915e-12 
 8.57500000e-10  8.57500000e-10  2.50000000e+00  1.37791031e-09 -2.50999915e-12 
 8.58500000e-10  8.58500000e-10  2.50000000e+00  1.37791031e-09 -2.50999915e-12 
 8.59500000e-10  8.59500000e-10  2.50000000e+00  1.37791031e-09 -2.50999915e-12 
 8.60500000e-10  8.60500000e-10  2.50000000e+00  1.37791031e-09 -2.50999915e-12 
 8.61500000e-10  8.61500000e-10  2.50000000e+00  1.37791031e-09 -2.50999915e-12 
 8.62500000e-10  8.62500000e-10  2.50000000e+00  1.37791031e-09 -2.50999915e-12 
 8.63500000e-10  8.63500000e-10  2.50000000e+00  1.37791031e-09 -2.50999915e-12 
 8.64500000e-10  8.64500000e-10  2.50000000e+00  1.37791031e-09 -2.50999915e-12 
 8.65500000e-10  8.65500000e-10  2.50000000e+00  1.37791031e-09 -2.50999915e-12 
 8.66500000e-10  8.66500000e-10  2.50000000e+00  1.37791031e-09 -2.50999915e-12 
 8.67500000e-10  8.67500000e-10  2.50000000e+00  1.37791031e-09 -2.50999915e-12 
 8.68500000e-10  8.68500000e-10  2.50000000e+00  1.37791031e-09 -2.50999915e-12 
 8.69500000e-10  8.69500000e-10  2.50000000e+00  1.37791031e-09 -2.50999915e-12 
 8.70500000e-10  8.70500000e-10  2.50000000e+00  1.37791031e-09 -2.50999915e-12 
 8.71500000e-10  8.71500000e-10  2.50000000e+00  1.37791031e-09 -2.50999915e-12 
 8.72500000e-10  8.72500000e-10  2.50000000e+00  1.37791031e-09 -2.50999915e-12 
 8.73500000e-10  8.73500000e-10  2.50000000e+00  1.37791031e-09 -2.50999915e-12 
 8.74500000e-10  8.74500000e-10  2.50000000e+00  1.37791031e-09 -2.50999915e-12 
 8.75500000e-10  8.75500000e-10  2.50000000e+00  1.37791031e-09 -2.50999915e-12 
 8.76500000e-10  8.76500000e-10  2.50000000e+00  1.37791031e-09 -2.50999915e-12 
 8.77500000e-10  8.77500000e-10  2.50000000e+00  1.37791031e-09 -2.50999915e-12 
 8.78500000e-10  8.78500000e-10  2.50000000e+00  1.37791031e-09 -2.50999915e-12 
 8.79500000e-10  8.79500000e-10  2.50000000e+00  1.37791031e-09 -2.50999915e-12 
 8.80500000e-10  8.80500000e-10  2.50000000e+00  1.37791031e-09 -2.50999915e-12 
 8.81500000e-10  8.81500000e-10  2.50000000e+00  1.37791031e-09 -2.50999915e-12 
 8.82500000e-10  8.82500000e-10  2.50000000e+00  1.37791031e-09 -2.50999915e-12 
 8.83500000e-10  8.83500000e-10  2.50000000e+00  1.37791031e-09 -2.50999915e-12 
 8.84500000e-10  8.84500000e-10  2.50000000e+00  1.37791031e-09 -2.50999915e-12 
 8.85500000e-10  8.85500000e-10  2.50000000e+00  1.37791031e-09 -2.50999915e-12 
 8.86500000e-10  8.86500000e-10  2.50000000e+00  1.37791031e-09 -2.50999915e-12 
 8.87500000e-10  8.87500000e-10  2.50000000e+00  1.37791031e-09 -2.50999915e-12 
 8.88500000e-10  8.88500000e-10  2.50000000e+00  1.37791031e-09 -2.50999915e-12 
 8.89500000e-10  8.89500000e-10  2.50000000e+00  1.37791031e-09 -2.50999915e-12 
 8.90500000e-10  8.90500000e-10  2.50000000e+00  1.37791031e-09 -2.50999915e-12 
 8.91500000e-10  8.91500000e-10  2.50000000e+00  1.37791031e-09 -2.50999915e-12 
 8.92500000e-10  8.92500000e-10  2.50000000e+00  1.37791031e-09 -2.50999915e-12 
 8.93500000e-10  8.93500000e-10  2.50000000e+00  1.37791031e-09 -2.50999915e-12 
 8.94500000e-10  8.94500000e-10  2.50000000e+00  1.37791031e-09 -2.50999915e-12 
 8.95500000e-10  8.95500000e-10  2.50000000e+00  1.37791031e-09 -2.50999915e-12 
 8.96500000e-10  8.96500000e-10  2.50000000e+00  1.37791031e-09 -2.50999915e-12 
 8.97500000e-10  8.97500000e-10  2.50000000e+00  1.37791031e-09 -2.50999915e-12 
 8.98500000e-10  8.98500000e-10  2.50000000e+00  1.37791031e-09 -2.50999915e-12 
 8.99500000e-10  8.99500000e-10  2.50000000e+00  1.37791031e-09 -2.50999915e-12 
 9.00500000e-10  9.00500000e-10  2.50000000e+00  1.37791031e-09 -2.50999915e-12 
 9.01500000e-10  9.01500000e-10  2.50000000e+00  1.37791031e-09 -2.50999915e-12 
 9.02500000e-10  9.02500000e-10  2.50000000e+00  1.37791031e-09 -2.50999915e-12 
 9.03500000e-10  9.03500000e-10  2.50000000e+00  1.37791031e-09 -2.50999915e-12 
 9.04500000e-10  9.04500000e-10  2.50000000e+00  1.37791031e-09 -2.50999915e-12 
 9.05500000e-10  9.05500000e-10  2.50000000e+00  1.37791031e-09 -2.50999915e-12 
 9.06500000e-10  9.06500000e-10  2.50000000e+00  1.37791031e-09 -2.50999915e-12 
 9.07500000e-10  9.07500000e-10  2.50000000e+00  1.37791031e-09 -2.50999915e-12 
 9.08500000e-10  9.08500000e-10  2.50000000e+00  1.37791031e-09 -2.50999915e-12 
 9.09500000e-10  9.09500000e-10  2.50000000e+00  1.37791031e-09 -2.50999915e-12 
 9.10500000e-10  9.10500000e-10  2.50000000e+00  1.37791031e-09 -2.50999915e-12 
 9.11500000e-10  9.11500000e-10  2.50000000e+00  1.37791031e-09 -2.50999915e-12 
 9.12500000e-10  9.12500000e-10  2.50000000e+00  1.37791031e-09 -2.50999915e-12 
 9.13500000e-10  9.13500000e-10  2.50000000e+00  1.37791031e-09 -2.50999915e-12 
 9.14500000e-10  9.14500000e-10  2.50000000e+00  1.37791031e-09 -2.50999915e-12 
 9.15500000e-10  9.15500000e-10  2.50000000e+00  1.37791031e-09 -2.50999915e-12 
 9.16500000e-10  9.16500000e-10  2.50000000e+00  1.37791031e-09 -2.50999915e-12 
 9.17500000e-10  9.17500000e-10  2.50000000e+00  1.37791031e-09 -2.50999915e-12 
 9.18500000e-10  9.18500000e-10  2.50000000e+00  1.37791031e-09 -2.50999915e-12 
 9.19500000e-10  9.19500000e-10  2.50000000e+00  1.37791031e-09 -2.50999915e-12 
 9.20500000e-10  9.20500000e-10  2.50000000e+00  1.37791031e-09 -2.50999915e-12 
 9.21500000e-10  9.21500000e-10  2.50000000e+00  1.37791031e-09 -2.50999915e-12 
 9.22500000e-10  9.22500000e-10  2.50000000e+00  1.37791031e-09 -2.50999915e-12 
 9.23500000e-10  9.23500000e-10  2.50000000e+00  1.37791031e-09 -2.50999915e-12 
 9.24500000e-10  9.24500000e-10  2.50000000e+00  1.37791031e-09 -2.50999915e-12 
 9.25500000e-10  9.25500000e-10  2.50000000e+00  1.37791031e-09 -2.50999915e-12 
 9.26500000e-10  9.26500000e-10  2.50000000e+00  1.37791031e-09 -2.50999915e-12 
 9.27500000e-10  9.27500000e-10  2.50000000e+00  1.37791031e-09 -2.50999915e-12 
 9.28500000e-10  9.28500000e-10  2.50000000e+00  1.37791031e-09 -2.50999915e-12 
 9.29500000e-10  9.29500000e-10  2.50000000e+00  1.37791031e-09 -2.50999915e-12 
 9.30500000e-10  9.30500000e-10  2.50000000e+00  1.37791031e-09 -2.50999915e-12 
 9.31500000e-10  9.31500000e-10  2.50000000e+00  1.37791031e-09 -2.50999915e-12 
 9.32500000e-10  9.32500000e-10  2.50000000e+00  1.37791031e-09 -2.50999915e-12 
 9.33500000e-10  9.33500000e-10  2.50000000e+00  1.37791031e-09 -2.50999915e-12 
 9.34500000e-10  9.34500000e-10  2.50000000e+00  1.37791031e-09 -2.50999915e-12 
 9.35500000e-10  9.35500000e-10  2.50000000e+00  1.37791031e-09 -2.50999915e-12 
 9.36500000e-10  9.36500000e-10  2.50000000e+00  1.37791031e-09 -2.50999915e-12 
 9.37500000e-10  9.37500000e-10  2.50000000e+00  1.37791031e-09 -2.50999915e-12 
 9.38500000e-10  9.38500000e-10  2.50000000e+00  1.37791031e-09 -2.50999915e-12 
 9.39500000e-10  9.39500000e-10  2.50000000e+00  1.37791031e-09 -2.50999915e-12 
 9.40500000e-10  9.40500000e-10  2.50000000e+00  1.37791031e-09 -2.50999915e-12 
 9.41500000e-10  9.41500000e-10  2.50000000e+00  1.37791031e-09 -2.50999915e-12 
 9.42500000e-10  9.42500000e-10  2.50000000e+00  1.37791031e-09 -2.50999915e-12 
 9.43500000e-10  9.43500000e-10  2.50000000e+00  1.37791031e-09 -2.50999915e-12 
 9.44500000e-10  9.44500000e-10  2.50000000e+00  1.37791031e-09 -2.50999915e-12 
 9.45500000e-10  9.45500000e-10  2.50000000e+00  1.37791031e-09 -2.50999915e-12 
 9.46500000e-10  9.46500000e-10  2.50000000e+00  1.37791031e-09 -2.50999915e-12 
 9.47500000e-10  9.47500000e-10  2.50000000e+00  1.37791031e-09 -2.50999915e-12 
 9.48500000e-10  9.48500000e-10  2.50000000e+00  1.37791031e-09 -2.50999915e-12 
 9.49500000e-10  9.49500000e-10  2.50000000e+00  1.37791031e-09 -2.50999915e-12 
 9.50500000e-10  9.50500000e-10  2.50000000e+00  1.37791031e-09 -2.50999915e-12 
 9.51500000e-10  9.51500000e-10  2.50000000e+00  1.37791031e-09 -2.50999915e-12 
 9.52500000e-10  9.52500000e-10  2.50000000e+00  1.37791031e-09 -2.50999915e-12 
 9.53500000e-10  9.53500000e-10  2.50000000e+00  1.37791031e-09 -2.50999915e-12 
 9.54500000e-10  9.54500000e-10  2.50000000e+00  1.37791031e-09 -2.50999915e-12 
 9.55500000e-10  9.55500000e-10  2.50000000e+00  1.37791031e-09 -2.50999915e-12 
 9.56500000e-10  9.56500000e-10  2.50000000e+00  1.37791031e-09 -2.50999915e-12 
 9.57500000e-10  9.57500000e-10  2.50000000e+00  1.37791031e-09 -2.50999915e-12 
 9.58500000e-10  9.58500000e-10  2.50000000e+00  1.37791031e-09 -2.50999915e-12 
 9.59500000e-10  9.59500000e-10  2.50000000e+00  1.37791031e-09 -2.50999915e-12 
 9.60500000e-10  9.60500000e-10  2.50000000e+00  1.37791031e-09 -2.50999915e-12 
 9.61500000e-10  9.61500000e-10  2.50000000e+00  1.37791031e-09 -2.50999915e-12 
 9.62500000e-10  9.62500000e-10  2.50000000e+00  1.37791031e-09 -2.50999915e-12 
 9.63500000e-10  9.63500000e-10  2.50000000e+00  1.37791031e-09 -2.50999915e-12 
 9.64500000e-10  9.64500000e-10  2.50000000e+00  1.37791031e-09 -2.50999915e-12 
 9.65500000e-10  9.65500000e-10  2.50000000e+00  1.37791031e-09 -2.50999915e-12 
 9.66500000e-10  9.66500000e-10  2.50000000e+00  1.37791031e-09 -2.50999915e-12 
 9.67500000e-10  9.67500000e-10  2.50000000e+00  1.37791031e-09 -2.50999915e-12 
 9.68500000e-10  9.68500000e-10  2.50000000e+00  1.37791031e-09 -2.50999915e-12 
 9.69500000e-10  9.69500000e-10  2.50000000e+00  1.37791031e-09 -2.50999915e-12 
 9.70500000e-10  9.70500000e-10  2.50000000e+00  1.37791031e-09 -2.50999915e-12 
 9.71500000e-10  9.71500000e-10  2.50000000e+00  1.37791031e-09 -2.50999915e-12 
 9.72500000e-10  9.72500000e-10  2.50000000e+00  1.37791031e-09 -2.50999915e-12 
 9.73500000e-10  9.73500000e-10  2.50000000e+00  1.37791031e-09 -2.50999915e-12 
 9.74500000e-10  9.74500000e-10  2.50000000e+00  1.37791031e-09 -2.50999915e-12 
 9.75500000e-10  9.75500000e-10  2.50000000e+00  1.37791031e-09 -2.50999915e-12 
 9.76500000e-10  9.76500000e-10  2.50000000e+00  1.37791031e-09 -2.50999915e-12 
 9.77500000e-10  9.77500000e-10  2.50000000e+00  1.37791031e-09 -2.50999915e-12 
 9.78500000e-10  9.78500000e-10  2.50000000e+00  1.37791031e-09 -2.50999915e-12 
 9.79500000e-10  9.79500000e-10  2.50000000e+00  1.37791031e-09 -2.50999915e-12 
 9.80500000e-10  9.80500000e-10  2.50000000e+00  1.37791031e-09 -2.50999915e-12 
 9.81500000e-10  9.81500000e-10  2.50000000e+00  1.37791031e-09 -2.50999915e-12 
 9.82500000e-10  9.82500000e-10  2.50000000e+00  1.37791031e-09 -2.50999915e-12 
 9.83500000e-10  9.83500000e-10  2.50000000e+00  1.37791031e-09 -2.50999915e-12 
 9.84500000e-10  9.84500000e-10  2.50000000e+00  1.37791031e-09 -2.50999915e-12 
 9.85500000e-10  9.85500000e-10  2.50000000e+00  1.37791031e-09 -2.50999915e-12 
 9.86500000e-10  9.86500000e-10  2.50000000e+00  1.37791031e-09 -2.50999915e-12 
 9.87500000e-10  9.87500000e-10  2.50000000e+00  1.37791031e-09 -2.50999915e-12 
 9.88500000e-10  9.88500000e-10  2.50000000e+00  1.37791031e-09 -2.50999915e-12 
 9.89500000e-10  9.89500000e-10  2.50000000e+00  1.37791031e-09 -2.50999915e-12 
 9.90500000e-10  9.90500000e-10  2.50000000e+00  1.37791031e-09 -2.50999915e-12 
 9.91500000e-10  9.91500000e-10  2.50000000e+00  1.37791031e-09 -2.50999915e-12 
 9.92500000e-10  9.92500000e-10  2.50000000e+00  1.37791031e-09 -2.50999915e-12 
 9.93500000e-10  9.93500000e-10  2.50000000e+00  1.37791031e-09 -2.50999915e-12 
 9.94500000e-10  9.94500000e-10  2.50000000e+00  1.37791031e-09 -2.50999915e-12 
 9.95500000e-10  9.95500000e-10  2.50000000e+00  1.37791031e-09 -2.50999915e-12 
 9.96500000e-10  9.96500000e-10  2.50000000e+00  1.37791031e-09 -2.50999915e-12 
 9.97500000e-10  9.97500000e-10  2.50000000e+00  1.37791031e-09 -2.50999915e-12 
 9.98500000e-10  9.98500000e-10  2.50000000e+00  1.37791031e-09 -2.50999915e-12 
 9.99500000e-10  9.99500000e-10  2.50000000e+00  1.37791031e-09 -2.50999915e-12 
 1.00050000e-09  1.00050000e-09  2.50000000e+00  1.37791031e-09 -2.50999915e-12 
 1.00150000e-09  1.00150000e-09  2.50000000e+00  1.37791031e-09 -2.50999915e-12 
 1.00250000e-09  1.00250000e-09  2.50000000e+00  1.37791031e-09 -2.50999915e-12 
 1.00350000e-09  1.00350000e-09  2.50000000e+00  1.37791031e-09 -2.50999915e-12 
 1.00450000e-09  1.00450000e-09  2.50000000e+00  1.37791031e-09 -2.50999915e-12 
 1.00550000e-09  1.00550000e-09  2.50000000e+00  1.37791031e-09 -2.50999915e-12 
 1.00650000e-09  1.00650000e-09  2.50000000e+00  1.37791031e-09 -2.50999915e-12 
 1.00750000e-09  1.00750000e-09  2.50000000e+00  1.37791031e-09 -2.50999915e-12 
 1.00850000e-09  1.00850000e-09  2.50000000e+00  1.37791031e-09 -2.50999915e-12 
 1.00950000e-09  1.00950000e-09  2.50000000e+00  1.37791031e-09 -2.50999915e-12 
 1.01050000e-09  1.01050000e-09  2.50000000e+00  1.37791031e-09 -2.50999915e-12 
 1.01150000e-09  1.01150000e-09  2.50000000e+00  1.37791031e-09 -2.50999915e-12 
 1.01250000e-09  1.01250000e-09  2.50000000e+00  1.37791031e-09 -2.50999915e-12 
 1.01350000e-09  1.01350000e-09  2.50000000e+00  1.37791031e-09 -2.50999915e-12 
 1.01450000e-09  1.01450000e-09  2.50000000e+00  1.37791031e-09 -2.50999915e-12 
 1.01550000e-09  1.01550000e-09  2.50000000e+00  1.37791031e-09 -2.50999915e-12 
 1.01650000e-09  1.01650000e-09  2.50000000e+00  1.37791031e-09 -2.50999915e-12 
 1.01750000e-09  1.01750000e-09  2.50000000e+00  1.37791031e-09 -2.50999915e-12 
 1.01850000e-09  1.01850000e-09  2.50000000e+00  1.37791031e-09 -2.50999915e-12 
 1.01950000e-09  1.01950000e-09  2.50000000e+00  1.37791031e-09 -2.50999915e-12 
 1.02050000e-09  1.02050000e-09  2.50000000e+00  1.37791031e-09 -2.50999915e-12 
 1.02150000e-09  1.02150000e-09  2.50000000e+00  1.37791031e-09 -2.50999915e-12 
 1.02250000e-09  1.02250000e-09  2.50000000e+00  1.37791031e-09 -2.50999915e-12 
 1.02350000e-09  1.02350000e-09  2.50000000e+00  1.37791031e-09 -2.50999915e-12 
 1.02450000e-09  1.02450000e-09  2.50000000e+00  1.37791031e-09 -2.50999915e-12 
 1.02550000e-09  1.02550000e-09  2.50000000e+00  1.37791031e-09 -2.50999915e-12 
 1.02650000e-09  1.02650000e-09  2.50000000e+00  1.37791031e-09 -2.50999915e-12 
 1.02750000e-09  1.02750000e-09  2.50000000e+00  1.37791031e-09 -2.50999915e-12 
 1.02850000e-09  1.02850000e-09  2.50000000e+00  1.37791031e-09 -2.50999915e-12 
 1.02950000e-09  1.02950000e-09  2.50000000e+00  1.37791031e-09 -2.50999915e-12 
 1.03050000e-09  1.03050000e-09  2.50000000e+00  1.37791031e-09 -2.50999915e-12 
 1.03150000e-09  1.03150000e-09  2.50000000e+00  1.37791031e-09 -2.50999915e-12 
 1.03250000e-09  1.03250000e-09  2.50000000e+00  1.37791031e-09 -2.50999915e-12 
 1.03350000e-09  1.03350000e-09  2.50000000e+00  1.37791031e-09 -2.50999915e-12 
 1.03450000e-09  1.03450000e-09  2.50000000e+00  1.37791031e-09 -2.50999915e-12 
 1.03550000e-09  1.03550000e-09  2.50000000e+00  1.37791031e-09 -2.50999915e-12 
 1.03650000e-09  1.03650000e-09  2.50000000e+00  1.37791031e-09 -2.50999915e-12 
 1.03750000e-09  1.03750000e-09  2.50000000e+00  1.37791031e-09 -2.50999915e-12 
 1.03850000e-09  1.03850000e-09  2.50000000e+00  1.37791031e-09 -2.50999915e-12 
 1.03950000e-09  1.03950000e-09  2.50000000e+00  1.37791031e-09 -2.50999915e-12 
 1.04050000e-09  1.04050000e-09  2.50000000e+00  1.37791031e-09 -2.50999915e-12 
 1.04150000e-09  1.04150000e-09  2.50000000e+00  1.37791031e-09 -2.50999915e-12 
 1.04250000e-09  1.04250000e-09  2.50000000e+00  1.37791031e-09 -2.50999915e-12 
 1.04350000e-09  1.04350000e-09  2.50000000e+00  1.37791031e-09 -2.50999915e-12 
 1.04450000e-09  1.04450000e-09  2.50000000e+00  1.37791031e-09 -2.50999915e-12 
 1.04550000e-09  1.04550000e-09  2.50000000e+00  1.37791031e-09 -2.50999915e-12 
 1.04650000e-09  1.04650000e-09  2.50000000e+00  1.37791031e-09 -2.50999915e-12 
 1.04750000e-09  1.04750000e-09  2.50000000e+00  1.37791031e-09 -2.50999915e-12 
 1.04850000e-09  1.04850000e-09  2.50000000e+00  1.37791031e-09 -2.50999915e-12 
 1.04950000e-09  1.04950000e-09  2.50000000e+00  1.37791031e-09 -2.50999915e-12 
 1.05050000e-09  1.05050000e-09  2.50000000e+00  1.37791031e-09 -2.50999915e-12 
 1.05150000e-09  1.05150000e-09  2.50000000e+00  1.37791031e-09 -2.50999915e-12 
 1.05250000e-09  1.05250000e-09  2.50000000e+00  1.37791031e-09 -2.50999915e-12 
 1.05350000e-09  1.05350000e-09  2.50000000e+00  1.37791031e-09 -2.50999915e-12 
 1.05450000e-09  1.05450000e-09  2.50000000e+00  1.37791031e-09 -2.50999915e-12 
 1.05550000e-09  1.05550000e-09  2.50000000e+00  1.37791031e-09 -2.50999915e-12 
 1.05650000e-09  1.05650000e-09  2.50000000e+00  1.37791031e-09 -2.50999915e-12 
 1.05750000e-09  1.05750000e-09  2.50000000e+00  1.37791031e-09 -2.50999915e-12 
 1.05850000e-09  1.05850000e-09  2.50000000e+00  1.37791031e-09 -2.50999915e-12 
 1.05950000e-09  1.05950000e-09  2.50000000e+00  1.37791031e-09 -2.50999915e-12 
 1.06050000e-09  1.06050000e-09  2.50000000e+00  1.37791031e-09 -2.50999915e-12 
 1.06150000e-09  1.06150000e-09  2.50000000e+00  1.37791031e-09 -2.50999915e-12 
 1.06250000e-09  1.06250000e-09  2.50000000e+00  1.37791031e-09 -2.50999915e-12 
 1.06350000e-09  1.06350000e-09  2.50000000e+00  1.37791031e-09 -2.50999915e-12 
 1.06450000e-09  1.06450000e-09  2.50000000e+00  1.37791031e-09 -2.50999915e-12 
 1.06550000e-09  1.06550000e-09  2.50000000e+00  1.37791031e-09 -2.50999915e-12 
 1.06650000e-09  1.06650000e-09  2.50000000e+00  1.37791031e-09 -2.50999915e-12 
 1.06750000e-09  1.06750000e-09  2.50000000e+00  1.37791031e-09 -2.50999915e-12 
 1.06850000e-09  1.06850000e-09  2.50000000e+00  1.37791031e-09 -2.50999915e-12 
 1.06950000e-09  1.06950000e-09  2.50000000e+00  1.37791031e-09 -2.50999915e-12 
 1.07050000e-09  1.07050000e-09  2.50000000e+00  1.37791031e-09 -2.50999915e-12 
 1.07150000e-09  1.07150000e-09  2.50000000e+00  1.37791031e-09 -2.50999915e-12 
 1.07250000e-09  1.07250000e-09  2.50000000e+00  1.37791031e-09 -2.50999915e-12 
 1.07350000e-09  1.07350000e-09  2.50000000e+00  1.37791031e-09 -2.50999915e-12 
 1.07450000e-09  1.07450000e-09  2.50000000e+00  1.37791031e-09 -2.50999915e-12 
 1.07550000e-09  1.07550000e-09  2.50000000e+00  1.37791031e-09 -2.50999915e-12 
 1.07650000e-09  1.07650000e-09  2.50000000e+00  1.37791031e-09 -2.50999915e-12 
 1.07750000e-09  1.07750000e-09  2.50000000e+00  1.37791031e-09 -2.50999915e-12 
 1.07850000e-09  1.07850000e-09  2.50000000e+00  1.37791031e-09 -2.50999915e-12 
 1.07950000e-09  1.07950000e-09  2.50000000e+00  1.37791031e-09 -2.50999915e-12 
 1.08050000e-09  1.08050000e-09  2.50000000e+00  1.37791031e-09 -2.50999915e-12 
 1.08150000e-09  1.08150000e-09  2.50000000e+00  1.37791031e-09 -2.50999915e-12 
 1.08250000e-09  1.08250000e-09  2.50000000e+00  1.37791031e-09 -2.50999915e-12 
 1.08350000e-09  1.08350000e-09  2.50000000e+00  1.37791031e-09 -2.50999915e-12 
 1.08450000e-09  1.08450000e-09  2.50000000e+00  1.37791031e-09 -2.50999915e-12 
 1.08550000e-09  1.08550000e-09  2.50000000e+00  1.37791031e-09 -2.50999915e-12 
 1.08650000e-09  1.08650000e-09  2.50000000e+00  1.37791031e-09 -2.50999915e-12 
 1.08750000e-09  1.08750000e-09  2.50000000e+00  1.37791031e-09 -2.50999915e-12 
 1.08850000e-09  1.08850000e-09  2.50000000e+00  1.37791031e-09 -2.50999915e-12 
 1.08950000e-09  1.08950000e-09  2.50000000e+00  1.37791031e-09 -2.50999915e-12 
 1.09050000e-09  1.09050000e-09  2.50000000e+00  1.37791031e-09 -2.50999915e-12 
 1.09150000e-09  1.09150000e-09  2.50000000e+00  1.37791031e-09 -2.50999915e-12 
 1.09250000e-09  1.09250000e-09  2.50000000e+00  1.37791031e-09 -2.50999915e-12 
 1.09350000e-09  1.09350000e-09  2.50000000e+00  1.37791031e-09 -2.50999915e-12 
 1.09450000e-09  1.09450000e-09  2.50000000e+00  1.37791031e-09 -2.50999915e-12 
 1.09550000e-09  1.09550000e-09  2.50000000e+00  1.37791031e-09 -2.50999915e-12 
 1.09650000e-09  1.09650000e-09  2.50000000e+00  1.37791031e-09 -2.50999915e-12 
 1.09750000e-09  1.09750000e-09  2.50000000e+00  1.37791031e-09 -2.50999915e-12 
 1.09850000e-09  1.09850000e-09  2.50000000e+00  1.37791031e-09 -2.50999915e-12 
 1.09950000e-09  1.09950000e-09  2.50000000e+00  1.37791031e-09 -2.50999915e-12 
 1.10050000e-09  1.10050000e-09  2.50000000e+00  1.37791031e-09 -2.50999915e-12 
 1.10150000e-09  1.10150000e-09  2.50000000e+00  1.37791031e-09 -2.50999915e-12 
 1.10250000e-09  1.10250000e-09  2.50000000e+00  1.37791031e-09 -2.50999915e-12 
 1.10350000e-09  1.10350000e-09  2.50000000e+00  1.37791031e-09 -2.50999915e-12 
 1.10450000e-09  1.10450000e-09  2.50000000e+00  1.37791031e-09 -2.50999915e-12 
 1.10550000e-09  1.10550000e-09  2.50000000e+00  1.37791031e-09 -2.50999915e-12 
 1.10650000e-09  1.10650000e-09  2.50000000e+00  1.37791031e-09 -2.50999915e-12 
 1.10750000e-09  1.10750000e-09  2.50000000e+00  1.37791031e-09 -2.50999915e-12 
 1.10850000e-09  1.10850000e-09  2.50000000e+00  1.37791031e-09 -2.50999915e-12 
 1.10950000e-09  1.10950000e-09  2.50000000e+00  1.37791031e-09 -2.50999915e-12 
 1.11050000e-09  1.11050000e-09  2.50000000e+00  1.37791031e-09 -2.50999915e-12 
 1.11150000e-09  1.11150000e-09  2.50000000e+00  1.37791031e-09 -2.50999915e-12 
 1.11250000e-09  1.11250000e-09  2.50000000e+00  1.37791031e-09 -2.50999915e-12 
 1.11350000e-09  1.11350000e-09  2.50000000e+00  1.37791031e-09 -2.50999915e-12 
 1.11450000e-09  1.11450000e-09  2.50000000e+00  1.37791031e-09 -2.50999915e-12 
 1.11550000e-09  1.11550000e-09  2.50000000e+00  1.37791031e-09 -2.50999915e-12 
 1.11650000e-09  1.11650000e-09  2.50000000e+00  1.37791031e-09 -2.50999915e-12 
 1.11750000e-09  1.11750000e-09  2.50000000e+00  1.37791031e-09 -2.50999915e-12 
 1.11850000e-09  1.11850000e-09  2.50000000e+00  1.37791031e-09 -2.50999915e-12 
 1.11925000e-09  1.11925000e-09  2.50000000e+00  1.37791029e-09 -2.51000262e-12 
 1.12000000e-09  1.12000000e-09  2.50000000e+00  1.37791023e-09 -2.50999915e-12 
 1.12010000e-09  1.12010000e-09  2.48750000e+00 -2.20108764e-03 -5.41040798e-04 
 1.12030000e-09  1.12030000e-09  2.46250000e+00 -6.54045245e-03 -5.03946480e-04 
 1.12070000e-09  1.12070000e-09  2.41250000e+00 -1.48591406e-02 -4.66852161e-04 
 1.12150000e-09  1.12150000e-09  2.31250000e+00 -3.02258102e-02 -4.31406480e-04 
 1.12250000e-09  1.12250000e-09  2.18750000e+00 -4.74441187e-02 -4.84987161e-04 
 1.12350000e-09  1.12350000e-09  2.06250000e+00 -6.29352953e-02 -5.11393899e-04 
 1.12450000e-09  1.12450000e-09  1.93750000e+00 -7.68043907e-02 -5.32649176e-04 
 1.12550000e-09  1.12550000e-09  1.81250000e+00 -8.84945848e-02 -5.45071214e-04 
 1.12650000e-09  1.12650000e-09  1.68750000e+00 -9.71901336e-02 -5.98136474e-04 
 1.12750000e-09  1.12750000e-09  1.56250000e+00 -1.02093465e-01 -6.42382989e-04 
 1.12850000e-09  1.12850000e-09  1.43750000e+00 -1.02395074e-01 -7.27240023e-04 
 1.12950000e-09  1.12950000e-09  1.31250000e+00 -9.72424179e-02 -8.03184381e-04 
 1.13050000e-09  1.13050000e-09  1.18750000e+00 -8.57046599e-02 -9.19568208e-04 
 1.13150000e-09  1.13150000e-09  1.06250000e+00 -6.67287722e-02 -1.02677197e-03 
 1.13250000e-09  1.13250000e-09  9.37500000e-01 -3.90775493e-02 -1.17402672e-03 
 1.13350000e-09  1.13350000e-09  8.12500000e-01 -1.21616329e-03 -1.31155708e-03 
 1.13450000e-09  1.13450000e-09  6.87500000e-01  4.89636360e-02 -1.48838045e-03 
 1.13550000e-09  1.13550000e-09  5.62500000e-01  1.18055380e-01 -1.65419602e-03 
 1.13650000e-09  1.13650000e-09  4.37500000e-01  2.10551985e-01 -1.85743467e-03 
 1.13750000e-09  1.13750000e-09  3.12500000e-01  3.22912591e-01 -2.04796956e-03 
 1.13850000e-09  1.13850000e-09  1.87500000e-01  4.53705876e-01 -2.27444895e-03 
 1.13925000e-09  1.13925000e-09  9.37500000e-02  5.63289465e-01 -2.42857422e-03 
 1.14000000e-09  1.14000000e-09  0.00000000e+00  6.77287339e-01 -2.58092226e-03 
 1.14010000e-09  1.14010000e-09  0.00000000e+00  6.94458566e-01 -2.05549474e-03 
 1.14030000e-09  1.14030000e-09  0.00000000e+00  7.28537153e-01 -2.04236350e-03 
 1.14070000e-09  1.14070000e-09  0.00000000e+00  7.95430279e-01 -2.01341268e-03 
 1.14150000e-09  1.14150000e-09  0.00000000e+00  9.24144388e-01 -1.94602277e-03 
 1.14250000e-09  1.14250000e-09  0.00000000e+00  1.07553096e+00 -1.84747195e-03 
 1.14350000e-09  1.14350000e-09  0.00000000e+00  1.21635105e+00 -1.73753696e-03 
 1.14450000e-09  1.14450000e-09  0.00000000e+00  1.34663355e+00 -1.62054761e-03 
 1.14550000e-09  1.14550000e-09  0.00000000e+00  1.46651821e+00 -1.50022927e-03 
 1.14650000e-09  1.14650000e-09  0.00000000e+00  1.57626941e+00 -1.37967680e-03 
 1.14750000e-09  1.14750000e-09  0.00000000e+00  1.67626306e+00 -1.26136651e-03 
 1.14850000e-09  1.14850000e-09  0.00000000e+00  1.76696558e+00 -1.14719659e-03 
 1.14950000e-09  1.14950000e-09  0.00000000e+00  1.84891026e+00 -1.03854715e-03 
 1.15050000e-09  1.15050000e-09  0.00000000e+00  1.92267426e+00 -9.36351247e-04 
 1.15150000e-09  1.15150000e-09  0.00000000e+00  1.98885789e+00 -8.41169119e-04 
 1.15250000e-09  1.15250000e-09  0.00000000e+00  2.04806702e+00 -7.53260178e-04 
 1.15350000e-09  1.15350000e-09  0.00000000e+00  2.10089901e+00 -6.72649079e-04 
 1.15450000e-09  1.15450000e-09  0.00000000e+00  2.14793188e+00 -5.99183800e-04 
 1.15550000e-09  1.15550000e-09  0.00000000e+00  2.18971650e+00 -5.32584975e-04 
 1.15650000e-09  1.15650000e-09  0.00000000e+00  2.22677132e+00 -4.72486528e-04 
 1.15750000e-09  1.15750000e-09  0.00000000e+00  2.25957919e+00 -4.18468266e-04 
 1.15850000e-09  1.15850000e-09  0.00000000e+00  2.28858592e+00 -3.70081301e-04 
 1.15950000e-09  1.15950000e-09  0.00000000e+00  2.31420008e+00 -3.26867372e-04 
 1.16050000e-09  1.16050000e-09  0.00000000e+00  2.33679372e+00 -2.88373065e-04 
 1.16150000e-09  1.16150000e-09  0.00000000e+00  2.35670389e+00 -2.54159909e-04 
 1.16250000e-09  1.16250000e-09  0.00000000e+00  2.37423449e+00 -2.23811197e-04 
 1.16350000e-09  1.16350000e-09  0.00000000e+00  2.38966469e+00 -1.97006410e-04 
 1.16450000e-09  1.16450000e-09  0.00000000e+00  2.40323658e+00 -1.73206354e-04 
 1.16550000e-09  1.16550000e-09  0.00000000e+00  2.41516041e+00 -1.52195418e-04 
 1.16650000e-09  1.16650000e-09  0.00000000e+00  2.42563133e+00 -1.33667057e-04 
 1.16750000e-09  1.16750000e-09  0.00000000e+00  2.43482255e+00 -1.17343484e-04 
 1.16850000e-09  1.16850000e-09  0.00000000e+00  2.44288753e+00 -1.02974284e-04 
 1.16950000e-09  1.16950000e-09  0.00000000e+00  2.44996202e+00 -9.03346361e-05 
 1.17050000e-09  1.17050000e-09  0.00000000e+00  2.45616591e+00 -7.92234050e-05 
 1.17150000e-09  1.17150000e-09  0.00000000e+00  2.46160502e+00 -6.94611755e-05 
 1.17250000e-09  1.17250000e-09  0.00000000e+00  2.46637259e+00 -6.08883141e-05 
 1.17350000e-09  1.17350000e-09  0.00000000e+00  2.47055075e+00 -5.33630975e-05 
 1.17450000e-09  1.17450000e-09  0.00000000e+00  2.47421176e+00 -4.67599387e-05 
 1.17550000e-09  1.17550000e-09  0.00000000e+00  2.47741917e+00 -4.09677304e-05 
 1.17650000e-09  1.17650000e-09  0.00000000e+00  2.48022883e+00 -3.58883128e-05 
 1.17750000e-09  1.17750000e-09  0.00000000e+00  2.48268978e+00 -3.14350698e-05 
 1.17850000e-09  1.17850000e-09  0.00000000e+00  2.48484511e+00 -2.75316521e-05 
 1.17950000e-09  1.17950000e-09  0.00000000e+00  2.48673259e+00 -2.41108212e-05 
 1.18050000e-09  1.18050000e-09  0.00000000e+00  2.48838540e+00 -2.11134096e-05 
 1.18150000e-09  1.18150000e-09  0.00000000e+00  2.48983262e+00 -1.84873875e-05 
 1.18250000e-09  1.18250000e-09  0.00000000e+00  2.49109974e+00 -1.61870296e-05 
 1.18350000e-09  1.18350000e-09  0.00000000e+00  2.49220913e+00 -1.41721718e-05 
 1.18450000e-09  1.18450000e-09  0.00000000e+00  2.49318038e+00 -1.24075513e-05 
 1.18550000e-09  1.18550000e-09  0.00000000e+00  2.49403065e+00 -1.08622205e-05 
 1.18650000e-09  1.18650000e-09  0.00000000e+00  2.49477499e+00 -9.50902866e-06 
 1.18750000e-09  1.18750000e-09  0.00000000e+00  2.49542658e+00 -8.32416293e-06 
 1.18850000e-09  1.18850000e-09  0.00000000e+00  2.49599696e+00 -7.28674382e-06 
 1.18950000e-09  1.18950000e-09  0.00000000e+00  2.49649624e+00 -6.37846795e-06 
 1.19050000e-09  1.19050000e-09  0.00000000e+00  2.49693328e+00 -5.58329348e-06 
 1.19150000e-09  1.19150000e-09  0.00000000e+00  2.49731582e+00 -4.88716313e-06 
 1.19250000e-09  1.19250000e-09  0.00000000e+00  2.49765066e+00 -4.27776062e-06 
 1.19350000e-09  1.19350000e-09  0.00000000e+00  2.49794375e+00 -3.74429643e-06 
 1.19450000e-09  1.19450000e-09  0.00000000e+00  2.49820028e+00 -3.27731972e-06 
 1.19550000e-09  1.19550000e-09  0.00000000e+00  2.49842481e+00 -2.86855304e-06 
 1.19650000e-09  1.19650000e-09  0.00000000e+00  2.49862134e+00 -2.51074732e-06 
 1.19750000e-09  1.19750000e-09  0.00000000e+00  2.49879335e+00 -2.19755462e-06 
 1.19850000e-09  1.19850000e-09  0.00000000e+00  2.49894391e+00 -1.92341645e-06 
 1.19950000e-09  1.19950000e-09  0.00000000e+00  2.49907568e+00 -1.68346594e-06 
 1.20050000e-09  1.20050000e-09  0.00000000e+00  2.49919101e+00 -1.47344195e-06 
 1.20150000e-09  1.20150000e-09  0.00000000e+00  2.49929195e+00 -1.28961391e-06 
 1.20250000e-09  1.20250000e-09  0.00000000e+00  2.49938030e+00 -1.12871585e-06 
 1.20350000e-09  1.20350000e-09  0.00000000e+00  2.49945763e+00 -9.87888664e-07 
 1.20450000e-09  1.20450000e-09  0.00000000e+00  2.49952531e+00 -8.64629476e-07 
 1.20550000e-09  1.20550000e-09  0.00000000e+00  2.49958454e+00 -7.56747338e-07 
 1.20650000e-09  1.20650000e-09  0.00000000e+00  2.49963638e+00 -6.62324392e-07 
 1.20750000e-09  1.20750000e-09  0.00000000e+00  2.49968176e+00 -5.79681864e-07 
 1.20850000e-09  1.20850000e-09  0.00000000e+00  2.49972147e+00 -5.07350288e-07 
 1.20950000e-09  1.20950000e-09  0.00000000e+00  2.49975622e+00 -4.44043430e-07 
 1.21050000e-09  1.21050000e-09  0.00000000e+00  2.49978664e+00 -3.88635454e-07 
 1.21150000e-09  1.21150000e-09  0.00000000e+00  2.49981327e+00 -3.40140934e-07 
 1.21250000e-09  1.21250000e-09  0.00000000e+00  2.49983657e+00 -2.97697352e-07 
 1.21350000e-09  1.21350000e-09  0.00000000e+00  2.49985696e+00 -2.60549772e-07 
 1.21450000e-09  1.21450000e-09  0.00000000e+00  2.49987481e+00 -2.28037430e-07 
 1.21550000e-09  1.21550000e-09  0.00000000e+00  2.49989043e+00 -1.99581991e-07 
 1.21650000e-09  1.21650000e-09  0.00000000e+00  2.49990411e+00 -1.74677265e-07 
 1.21750000e-09  1.21750000e-09  0.00000000e+00  2.49991607e+00 -1.52880216e-07 
 1.21850000e-09  1.21850000e-09  0.00000000e+00  2.49992655e+00 -1.33803079e-07 
 1.21950000e-09  1.21950000e-09  0.00000000e+00  2.49993571e+00 -1.17106470e-07 
 1.22050000e-09  1.22050000e-09  0.00000000e+00  2.49994373e+00 -1.02493347e-07 
 1.22150000e-09  1.22150000e-09  0.00000000e+00  2.49995076e+00 -8.97037310e-08 
 1.22250000e-09  1.22250000e-09  0.00000000e+00  2.49995690e+00 -7.85100823e-08 
 1.22350000e-09  1.22350000e-09  0.00000000e+00  2.49996228e+00 -6.87132510e-08 
 1.22450000e-09  1.22450000e-09  0.00000000e+00  2.49996699e+00 -6.01389372e-08 
 1.22550000e-09  1.22550000e-09  0.00000000e+00  2.49997111e+00 -5.26345895e-08 
 1.22650000e-09  1.22650000e-09  0.00000000e+00  2.49997471e+00 -4.60666920e-08 
 1.22750000e-09  1.22750000e-09  0.00000000e+00  2.49997787e+00 -4.03183892e-08 
 1.22850000e-09  1.22850000e-09  0.00000000e+00  2.49998063e+00 -3.52874067e-08 
 1.22950000e-09  1.22950000e-09  0.00000000e+00  2.49998305e+00 -3.08842326e-08 
 1.23050000e-09  1.23050000e-09  0.00000000e+00  2.49998516e+00 -2.70305244e-08 
 1.23150000e-09  1.23150000e-09  0.00000000e+00  2.49998701e+00 -2.36577157e-08 
 1.23250000e-09  1.23250000e-09  0.00000000e+00  2.49998863e+00 -2.07057960e-08 
 1.23350000e-09  1.23350000e-09  0.00000000e+00  2.49999005e+00 -1.81222436e-08 
 1.23450000e-09  1.23450000e-09  0.00000000e+00  2.49999129e+00 -1.58610904e-08 
 1.23550000e-09  1.23550000e-09  0.00000000e+00  2.49999238e+00 -1.38821048e-08 
 1.23650000e-09  1.23650000e-09  0.00000000e+00  2.49999333e+00 -1.21500755e-08 
 1.23750000e-09  1.23750000e-09  0.00000000e+00  2.49999416e+00 -1.06341850e-08 
 1.23850000e-09  1.23850000e-09  0.00000000e+00  2.49999489e+00 -9.30746163e-09 
 1.23950000e-09  1.23950000e-09  0.00000000e+00  2.49999553e+00 -8.14629942e-09 
 1.24050000e-09  1.24050000e-09  0.00000000e+00  2.49999609e+00 -7.13003813e-09 
 1.24150000e-09  1.24150000e-09  0.00000000e+00  2.49999657e+00 -6.24059567e-09 
 1.24250000e-09  1.24250000e-09  0.00000000e+00  2.49999700e+00 -5.46214641e-09 
 1.24350000e-09  1.24350000e-09  0.00000000e+00  2.49999738e+00 -4.78083956e-09 
 1.24450000e-09  1.24450000e-09  0.00000000e+00  2.49999770e+00 -4.18455278e-09 
 1.24550000e-09  1.24550000e-09  0.00000000e+00  2.49999799e+00 -3.66267646e-09 
 1.24650000e-09  1.24650000e-09  0.00000000e+00  2.49999824e+00 -3.20592496e-09 
 1.24750000e-09  1.24750000e-09  0.00000000e+00  2.49999846e+00 -2.80617136e-09 
 1.24850000e-09  1.24850000e-09  0.00000000e+00  2.49999865e+00 -2.45630292e-09 
 1.24950000e-09  1.24950000e-09  0.00000000e+00  2.49999882e+00 -2.15009448e-09 
 1.25050000e-09  1.25050000e-09  0.00000000e+00  2.49999897e+00 -1.88209774e-09 
 1.25150000e-09  1.25150000e-09  0.00000000e+00  2.49999910e+00 -1.64754427e-09 
 1.25250000e-09  1.25250000e-09  0.00000000e+00  2.49999921e+00 -1.44226068e-09 
 1.25350000e-09  1.25350000e-09  0.00000000e+00  2.49999931e+00 -1.26259439e-09 
 1.25450000e-09  1.25450000e-09  0.00000000e+00  2.49999939e+00 -1.10534863e-09 
 1.25550000e-09  1.25550000e-09  0.00000000e+00  2.49999947e+00 -9.67725541e-10 
 1.25650000e-09  1.25650000e-09  0.00000000e+00  2.49999953e+00 -8.47276418e-10 
 1.25750000e-09  1.25750000e-09  0.00000000e+00  2.49999959e+00 -7.41858130e-10 
 1.25850000e-09  1.25850000e-09  0.00000000e+00  2.49999964e+00 -6.49594968e-10 
 1.25950000e-09  1.25950000e-09  0.00000000e+00  2.49999969e+00 -5.68845316e-10 
 1.26050000e-09  1.26050000e-09  0.00000000e+00  2.49999973e+00 -4.98172397e-10 
 1.26150000e-09  1.26150000e-09  0.00000000e+00  2.49999976e+00 -4.36318747e-10 
 1.26250000e-09  1.26250000e-09  0.00000000e+00  2.49999979e+00 -3.82183807e-10 
 1.26350000e-09  1.26350000e-09  0.00000000e+00  2.49999982e+00 -3.34804359e-10 
 1.26450000e-09  1.26450000e-09  0.00000000e+00  2.49999984e+00 -2.93337380e-10 
 1.26550000e-09  1.26550000e-09  0.00000000e+00  2.49999986e+00 -2.57045064e-10 
 1.26650000e-09  1.26650000e-09  0.00000000e+00  2.49999988e+00 -2.25281665e-10 
 1.26750000e-09  1.26750000e-09  0.00000000e+00  2.49999989e+00 -1.97482015e-10 
 1.26850000e-09  1.26850000e-09  0.00000000e+00  2.49999990e+00 -1.73151475e-10 
 1.26950000e-09  1.26950000e-09  0.00000000e+00  2.49999992e+00 -1.51857145e-10 
 1.27050000e-09  1.27050000e-09  0.00000000e+00  2.49999993e+00 -1.33220141e-10 
 1.27150000e-09  1.27150000e-09  0.00000000e+00  2.49999994e+00 -1.16908834e-10 
 1.27250000e-09  1.27250000e-09  0.00000000e+00  2.49999994e+00 -1.02633015e-10 
 1.27350000e-09  1.27350000e-09  0.00000000e+00  2.49999995e+00 -9.01386838e-11 
 1.27450000e-09  1.27450000e-09  0.00000000e+00  2.49999996e+00 -7.92035075e-11 
 1.27550000e-09  1.27550000e-09  0.00000000e+00  2.49999996e+00 -6.96329314e-11 
 1.27650000e-09  1.27650000e-09  0.00000000e+00  2.49999997e+00 -6.12566725e-11 
 1.27750000e-09  1.27750000e-09  0.00000000e+00  2.49999997e+00 -5.39256721e-11 
 1.27850000e-09  1.27850000e-09  0.00000000e+00  2.49999997e+00 -4.75095267e-11 
 1.27950000e-09  1.27950000e-09  0.00000000e+00  2.49999998e+00 -4.18940403e-11 
 1.28050000e-09  1.28050000e-09  0.00000000e+00  2.49999998e+00 -3.69793137e-11 
 1.28150000e-09  1.28150000e-09  0.00000000e+00  2.49999998e+00 -3.26778847e-11 
 1.28250000e-09  1.28250000e-09  0.00000000e+00  2.49999998e+00 -2.89132442e-11 
 1.28350000e-09  1.28350000e-09  0.00000000e+00  2.49999999e+00 -2.56183798e-11 
 1.28450000e-09  1.28450000e-09  0.00000000e+00  2.49999999e+00 -2.27346909e-11 
 1.28550000e-09  1.28550000e-09  0.00000000e+00  2.49999999e+00 -2.02108512e-11 
 1.28650000e-09  1.28650000e-09  0.00000000e+00  2.49999999e+00 -1.80019654e-11 
 1.28750000e-09  1.28750000e-09  0.00000000e+00  2.49999999e+00 -1.60687314e-11 
 1.28850000e-09  1.28850000e-09  0.00000000e+00  2.49999999e+00 -1.43767350e-11 
 1.28950000e-09  1.28950000e-09  0.00000000e+00  2.49999999e+00 -1.28958840e-11 
 1.29050000e-09  1.29050000e-09  0.00000000e+00  2.49999999e+00 -1.15998339e-11 
 1.29150000e-09  1.29150000e-09  0.00000000e+00  2.49999999e+00 -1.04655113e-11 
 1.29250000e-09  1.29250000e-09  0.00000000e+00  2.49999999e+00 -9.47275071e-12 
 1.29350000e-09  1.29350000e-09  0.00000000e+00  2.50000000e+00 -8.60386762e-12 
 1.29450000e-09  1.29450000e-09  0.00000000e+00  2.50000000e+00 -7.84341082e-12 
 1.29550000e-09  1.29550000e-09  0.00000000e+00  2.50000000e+00 -7.17785727e-12 
 1.29650000e-09  1.29650000e-09  0.00000000e+00  2.50000000e+00 -6.59535707e-12 
 1.29750000e-09  1.29750000e-09  0.00000000e+00  2.50000000e+00 -6.08554266e-12 
 1.29850000e-09  1.29850000e-09  0.00000000e+00  2.50000000e+00 -5.63935010e-12 
 1.29950000e-09  1.29950000e-09  0.00000000e+00  2.50000000e+00 -5.24884042e-12 
 1.30050000e-09  1.30050000e-09  0.00000000e+00  2.50000000e+00 -4.90705913e-12 
 1.30150000e-09  1.30150000e-09  0.00000000e+00  2.50000000e+00 -4.60793209e-12 
 1.30250000e-09  1.30250000e-09  0.00000000e+00  2.50000000e+00 -4.34613196e-12 
 1.30350000e-09  1.30350000e-09  0.00000000e+00  2.50000000e+00 -4.11700188e-12 
 1.30450000e-09  1.30450000e-09  0.00000000e+00  2.50000000e+00 -3.91645830e-12 
 1.30550000e-09  1.30550000e-09  0.00000000e+00  2.50000000e+00 -3.74095546e-12 
 1.30650000e-09  1.30650000e-09  0.00000000e+00  2.50000000e+00 -3.58734570e-12 
 1.30750000e-09  1.30750000e-09  0.00000000e+00  2.50000000e+00 -3.45290550e-12 
 1.30850000e-09  1.30850000e-09  0.00000000e+00  2.50000000e+00 -3.33523834e-12 
 1.30950000e-09  1.30950000e-09  0.00000000e+00  2.50000000e+00 -3.23225474e-12 
 1.31050000e-09  1.31050000e-09  0.00000000e+00  2.50000000e+00 -3.14212892e-12 
 1.31150000e-09  1.31150000e-09  0.00000000e+00  2.50000000e+00 -3.06323977e-12 
 1.31250000e-09  1.31250000e-09  0.00000000e+00  2.50000000e+00 -2.99419777e-12 
 1.31350000e-09  1.31350000e-09  0.00000000e+00  2.50000000e+00 -2.93378429e-12 
 1.31450000e-09  1.31450000e-09  0.00000000e+00  2.50000000e+00 -2.88090472e-12 
 1.31550000e-09  1.31550000e-09  0.00000000e+00  2.50000000e+00 -2.83462056e-12 
 1.31650000e-09  1.31650000e-09  0.00000000e+00  2.50000000e+00 -2.79411130e-12 
 1.31750000e-09  1.31750000e-09  0.00000000e+00  2.50000000e+00 -2.75865528e-12 
 1.31850000e-09  1.31850000e-09  0.00000000e+00  2.50000000e+00 -2.72763669e-12 
 1.31950000e-09  1.31950000e-09  0.00000000e+00  2.50000000e+00 -2.70047960e-12 
 1.32050000e-09  1.32050000e-09  0.00000000e+00  2.50000000e+00 -2.67670348e-12 
 1.32150000e-09  1.32150000e-09  0.00000000e+00  2.50000000e+00 -2.65590241e-12 
 1.32250000e-09  1.32250000e-09  0.00000000e+00  2.50000000e+00 -2.63769388e-12 
 1.32350000e-09  1.32350000e-09  0.00000000e+00  2.50000000e+00 -2.62176565e-12 
 1.32450000e-09  1.32450000e-09  0.00000000e+00  2.50000000e+00 -2.60781934e-12 
 1.32550000e-09  1.32550000e-09  0.00000000e+00  2.50000000e+00 -2.59560429e-12 
 1.32650000e-09  1.32650000e-09  0.00000000e+00  2.50000000e+00 -2.58492446e-12 
 1.32750000e-09  1.32750000e-09  0.00000000e+00  2.50000000e+00 -2.57557864e-12 
 1.32850000e-09  1.32850000e-09  0.00000000e+00  2.50000000e+00 -2.56739508e-12 
 1.32950000e-09  1.32950000e-09  0.00000000e+00  2.50000000e+00 -2.56022981e-12 
 1.33050000e-09  1.33050000e-09  0.00000000e+00  2.50000000e+00 -2.55396052e-12 
 1.33150000e-09  1.33150000e-09  0.00000000e+00  2.50000000e+00 -2.54847445e-12 
 1.33250000e-09  1.33250000e-09  0.00000000e+00  2.50000000e+00 -2.54367447e-12 
 1.33350000e-09  1.33350000e-09  0.00000000e+00  2.50000000e+00 -2.53946950e-12 
 1.33450000e-09  1.33450000e-09  0.00000000e+00  2.50000000e+00 -2.53579189e-12 
 1.33550000e-09  1.33550000e-09  0.00000000e+00  2.50000000e+00 -2.53258439e-12 
 1.33650000e-09  1.33650000e-09  0.00000000e+00  2.50000000e+00 -2.52976026e-12 
 1.33750000e-09  1.33750000e-09  0.00000000e+00  2.50000000e+00 -2.52729868e-12 
 1.33850000e-09  1.33850000e-09  0.00000000e+00  2.50000000e+00 -2.52513635e-12 
 1.33950000e-09  1.33950000e-09  0.00000000e+00  2.50000000e+00 -2.52326285e-12 
 1.34050000e-09  1.34050000e-09  0.00000000e+00  2.50000000e+00 -2.52159404e-12 
 1.34150000e-09  1.34150000e-09  0.00000000e+00  2.50000000e+00 -2.52014989e-12 
 1.34250000e-09  1.34250000e-09  0.00000000e+00  2.50000000e+00 -2.51888007e-12 
 1.34350000e-09  1.34350000e-09  0.00000000e+00  2.50000000e+00 -2.51778026e-12 
 1.34450000e-09  1.34450000e-09  0.00000000e+00  2.50000000e+00 -2.51680794e-12 
 1.34550000e-09  1.34550000e-09  0.00000000e+00  2.50000000e+00 -2.51595793e-12 
 1.34650000e-09  1.34650000e-09  0.00000000e+00  2.50000000e+00 -2.51520766e-12 
 1.34750000e-09  1.34750000e-09  0.00000000e+00  2.50000000e+00 -2.51456841e-12 
 1.34850000e-09  1.34850000e-09  0.00000000e+00  2.50000000e+00 -2.51399596e-12 
 1.34950000e-09  1.34950000e-09  0.00000000e+00  2.50000000e+00 -2.51349202e-12 
 1.35050000e-09  1.35050000e-09  0.00000000e+00  2.50000000e+00 -2.51306094e-12 
 1.35150000e-09  1.35150000e-09  0.00000000e+00  2.50000000e+00 -2.51267930e-12 
 1.35250000e-09  1.35250000e-09  0.00000000e+00  2.50000000e+00 -2.51234884e-12 
 1.35350000e-09  1.35350000e-09  0.00000000e+00  2.50000000e+00 -2.51205307e-12 
 1.35450000e-09  1.35450000e-09  0.00000000e+00  2.50000000e+00 -2.51179459e-12 
 1.35550000e-09  1.35550000e-09  0.00000000e+00  2.50000000e+00 -2.51157949e-12 
 1.35650000e-09  1.35650000e-09  0.00000000e+00  2.50000000e+00 -2.51137566e-12 
 1.35750000e-09  1.35750000e-09  0.00000000e+00  2.50000000e+00 -2.51120479e-12 
 1.35850000e-09  1.35850000e-09  0.00000000e+00  2.50000000e+00 -2.51105733e-12 
 1.35950000e-09  1.35950000e-09  0.00000000e+00  2.50000000e+00 -2.51092376e-12 
 1.36050000e-09  1.36050000e-09  0.00000000e+00  2.50000000e+00 -2.51080927e-12 
 1.36150000e-09  1.36150000e-09  0.00000000e+00  2.50000000e+00 -2.51071386e-12 
 1.36250000e-09  1.36250000e-09  0.00000000e+00  2.50000000e+00 -2.51062626e-12 
 1.36350000e-09  1.36350000e-09  0.00000000e+00  2.50000000e+00 -2.51054039e-12 
 1.36450000e-09  1.36450000e-09  0.00000000e+00  2.50000000e+00 -2.51047360e-12 
 1.36550000e-09  1.36550000e-09  0.00000000e+00  2.50000000e+00 -2.51042503e-12 
 1.36650000e-09  1.36650000e-09  0.00000000e+00  2.50000000e+00 -2.51037646e-12 
 1.36750000e-09  1.36750000e-09  0.00000000e+00  2.50000000e+00 -2.51032615e-12 
 1.36850000e-09  1.36850000e-09  0.00000000e+00  2.50000000e+00 -2.51028278e-12 
 1.36950000e-09  1.36950000e-09  0.00000000e+00  2.50000000e+00 -2.51024982e-12 
 1.37050000e-09  1.37050000e-09  0.00000000e+00  2.50000000e+00 -2.51022380e-12 
 1.37150000e-09  1.37150000e-09  0.00000000e+00  2.50000000e+00 -2.51019257e-12 
 1.37250000e-09  1.37250000e-09  0.00000000e+00  2.50000000e+00 -2.51017089e-12 
 1.37350000e-09  1.37350000e-09  0.00000000e+00  2.50000000e+00 -2.51014574e-12 
 1.37450000e-09  1.37450000e-09  0.00000000e+00  2.50000000e+00 -2.51012839e-12 
 1.37550000e-09  1.37550000e-09  0.00000000e+00  2.50000000e+00 -2.51011798e-12 
 1.37650000e-09  1.37650000e-09  0.00000000e+00  2.50000000e+00 -2.51010324e-12 
 1.37750000e-09  1.37750000e-09  0.00000000e+00  2.50000000e+00 -2.51008762e-12 
 1.37850000e-09  1.37850000e-09  0.00000000e+00  2.50000000e+00 -2.51007201e-12 
 1.37950000e-09  1.37950000e-09  0.00000000e+00  2.50000000e+00 -2.51007201e-12 
 1.38050000e-09  1.38050000e-09  0.00000000e+00  2.50000000e+00 -2.51005553e-12 
 1.38150000e-09  1.38150000e-09  0.00000000e+00  2.50000000e+00 -2.51005033e-12 
 1.38250000e-09  1.38250000e-09  0.00000000e+00  2.50000000e+00 -2.51005119e-12 
 1.38350000e-09  1.38350000e-09  0.00000000e+00  2.50000000e+00 -2.51004339e-12 
 1.38450000e-09  1.38450000e-09  0.00000000e+00  2.50000000e+00 -2.51003558e-12 
 1.38550000e-09  1.38550000e-09  0.00000000e+00  2.50000000e+00 -2.51002691e-12 
 1.38650000e-09  1.38650000e-09  0.00000000e+00  2.50000000e+00 -2.51002431e-12 
 1.38750000e-09  1.38750000e-09  0.00000000e+00  2.50000000e+00 -2.51002604e-12 
 1.38850000e-09  1.38850000e-09  0.00000000e+00  2.50000000e+00 -2.51002344e-12 
 1.38950000e-09  1.38950000e-09  0.00000000e+00  2.50000000e+00 -2.51002431e-12 
 1.39050000e-09  1.39050000e-09  0.00000000e+00  2.50000000e+00 -2.51001477e-12 
 1.39150000e-09  1.39150000e-09  0.00000000e+00  2.50000000e+00 -2.51001563e-12 
 1.39250000e-09  1.39250000e-09  0.00000000e+00  2.50000000e+00 -2.51001303e-12 
 1.39350000e-09  1.39350000e-09  0.00000000e+00  2.50000000e+00 -2.51001043e-12 
 1.39450000e-09  1.39450000e-09  0.00000000e+00  2.50000000e+00 -2.51000869e-12 
 1.39550000e-09  1.39550000e-09  0.00000000e+00  2.50000000e+00 -2.51000869e-12 
 1.39650000e-09  1.39650000e-09  0.00000000e+00  2.50000000e+00 -2.51001043e-12 
 1.39750000e-09  1.39750000e-09  0.00000000e+00  2.50000000e+00 -2.51001043e-12 
 1.39850000e-09  1.39850000e-09  0.00000000e+00  2.50000000e+00 -2.51000783e-12 
 1.39950000e-09  1.39950000e-09  0.00000000e+00  2.50000000e+00 -2.51001737e-12 
 1.40050000e-09  1.40050000e-09  0.00000000e+00  2.50000000e+00 -2.51000956e-12 
 1.40150000e-09  1.40150000e-09  0.00000000e+00  2.50000000e+00 -2.51001216e-12 
 1.40250000e-09  1.40250000e-09  0.00000000e+00  2.50000000e+00 -2.51001216e-12 
 1.40350000e-09  1.40350000e-09  0.00000000e+00  2.50000000e+00 -2.51001043e-12 
 1.40450000e-09  1.40450000e-09  0.00000000e+00  2.50000000e+00 -2.51000869e-12 
 1.40550000e-09  1.40550000e-09  0.00000000e+00  2.50000000e+00 -2.51000869e-12 
 1.40650000e-09  1.40650000e-09  0.00000000e+00  2.50000000e+00 -2.51000956e-12 
 1.40750000e-09  1.40750000e-09  0.00000000e+00  2.50000000e+00 -2.51000869e-12 
 1.40850000e-09  1.40850000e-09  0.00000000e+00  2.50000000e+00 -2.51000869e-12 
 1.40950000e-09  1.40950000e-09  0.00000000e+00  2.50000000e+00 -2.51001043e-12 
 1.41050000e-09  1.41050000e-09  0.00000000e+00  2.50000000e+00 -2.51001043e-12 
 1.41150000e-09  1.41150000e-09  0.00000000e+00  2.50000000e+00 -2.51000783e-12 
 1.41250000e-09  1.41250000e-09  0.00000000e+00  2.50000000e+00 -2.51001737e-12 
 1.41350000e-09  1.41350000e-09  0.00000000e+00  2.50000000e+00 -2.51000956e-12 
 1.41450000e-09  1.41450000e-09  0.00000000e+00  2.50000000e+00 -2.51001216e-12 
 1.41550000e-09  1.41550000e-09  0.00000000e+00  2.50000000e+00 -2.51001216e-12 
 1.41650000e-09  1.41650000e-09  0.00000000e+00  2.50000000e+00 -2.51001043e-12 
 1.41750000e-09  1.41750000e-09  0.00000000e+00  2.50000000e+00 -2.51000869e-12 
 1.41850000e-09  1.41850000e-09  0.00000000e+00  2.50000000e+00 -2.51000869e-12 
 1.41950000e-09  1.41950000e-09  0.00000000e+00  2.50000000e+00 -2.51000956e-12 
 1.42050000e-09  1.42050000e-09  0.00000000e+00  2.50000000e+00 -2.51000869e-12 
 1.42150000e-09  1.42150000e-09  0.00000000e+00  2.50000000e+00 -2.51000869e-12 
 1.42250000e-09  1.42250000e-09  0.00000000e+00  2.50000000e+00 -2.51001043e-12 
 1.42350000e-09  1.42350000e-09  0.00000000e+00  2.50000000e+00 -2.51001043e-12 
 1.42450000e-09  1.42450000e-09  0.00000000e+00  2.50000000e+00 -2.51000783e-12 
 1.42550000e-09  1.42550000e-09  0.00000000e+00  2.50000000e+00 -2.51001737e-12 
 1.42650000e-09  1.42650000e-09  0.00000000e+00  2.50000000e+00 -2.51000956e-12 
 1.42750000e-09  1.42750000e-09  0.00000000e+00  2.50000000e+00 -2.51001216e-12 
 1.42850000e-09  1.42850000e-09  0.00000000e+00  2.50000000e+00 -2.51001216e-12 
 1.42950000e-09  1.42950000e-09  0.00000000e+00  2.50000000e+00 -2.51001043e-12 
 1.43050000e-09  1.43050000e-09  0.00000000e+00  2.50000000e+00 -2.51000869e-12 
 1.43150000e-09  1.43150000e-09  0.00000000e+00  2.50000000e+00 -2.51000869e-12 
 1.43250000e-09  1.43250000e-09  0.00000000e+00  2.50000000e+00 -2.51000956e-12 
 1.43350000e-09  1.43350000e-09  0.00000000e+00  2.50000000e+00 -2.51000869e-12 
 1.43450000e-09  1.43450000e-09  0.00000000e+00  2.50000000e+00 -2.51000869e-12 
 1.43550000e-09  1.43550000e-09  0.00000000e+00  2.50000000e+00 -2.51001043e-12 
 1.43650000e-09  1.43650000e-09  0.00000000e+00  2.50000000e+00 -2.51001043e-12 
 1.43750000e-09  1.43750000e-09  0.00000000e+00  2.50000000e+00 -2.51000783e-12 
 1.43850000e-09  1.43850000e-09  0.00000000e+00  2.50000000e+00 -2.51001737e-12 
 1.43950000e-09  1.43950000e-09  0.00000000e+00  2.50000000e+00 -2.51000956e-12 
 1.44050000e-09  1.44050000e-09  0.00000000e+00  2.50000000e+00 -2.51001216e-12 
 1.44150000e-09  1.44150000e-09  0.00000000e+00  2.50000000e+00 -2.51001216e-12 
 1.44250000e-09  1.44250000e-09  0.00000000e+00  2.50000000e+00 -2.51001043e-12 
 1.44350000e-09  1.44350000e-09  0.00000000e+00  2.50000000e+00 -2.51000869e-12 
 1.44450000e-09  1.44450000e-09  0.00000000e+00  2.50000000e+00 -2.51000869e-12 
 1.44550000e-09  1.44550000e-09  0.00000000e+00  2.50000000e+00 -2.51000956e-12 
 1.44650000e-09  1.44650000e-09  0.00000000e+00  2.50000000e+00 -2.51000869e-12 
 1.44750000e-09  1.44750000e-09  0.00000000e+00  2.50000000e+00 -2.51000869e-12 
 1.44850000e-09  1.44850000e-09  0.00000000e+00  2.50000000e+00 -2.51001043e-12 
 1.44950000e-09  1.44950000e-09  0.00000000e+00  2.50000000e+00 -2.51001043e-12 
 1.45050000e-09  1.45050000e-09  0.00000000e+00  2.50000000e+00 -2.51000783e-12 
 1.45150000e-09  1.45150000e-09  0.00000000e+00  2.50000000e+00 -2.51001737e-12 
 1.45250000e-09  1.45250000e-09  0.00000000e+00  2.50000000e+00 -2.51000956e-12 
 1.45350000e-09  1.45350000e-09  0.00000000e+00  2.50000000e+00 -2.51001216e-12 
 1.45450000e-09  1.45450000e-09  0.00000000e+00  2.50000000e+00 -2.51001216e-12 
 1.45550000e-09  1.45550000e-09  0.00000000e+00  2.50000000e+00 -2.51001043e-12 
 1.45650000e-09  1.45650000e-09  0.00000000e+00  2.50000000e+00 -2.51000869e-12 
 1.45750000e-09  1.45750000e-09  0.00000000e+00  2.50000000e+00 -2.51000869e-12 
 1.45850000e-09  1.45850000e-09  0.00000000e+00  2.50000000e+00 -2.51000956e-12 
 1.45950000e-09  1.45950000e-09  0.00000000e+00  2.50000000e+00 -2.51000869e-12 
 1.46050000e-09  1.46050000e-09  0.00000000e+00  2.50000000e+00 -2.51000869e-12 
 1.46150000e-09  1.46150000e-09  0.00000000e+00  2.50000000e+00 -2.51001043e-12 
 1.46250000e-09  1.46250000e-09  0.00000000e+00  2.50000000e+00 -2.51001043e-12 
 1.46350000e-09  1.46350000e-09  0.00000000e+00  2.50000000e+00 -2.51000783e-12 
 1.46450000e-09  1.46450000e-09  0.00000000e+00  2.50000000e+00 -2.51001737e-12 
 1.46550000e-09  1.46550000e-09  0.00000000e+00  2.50000000e+00 -2.51000956e-12 
 1.46650000e-09  1.46650000e-09  0.00000000e+00  2.50000000e+00 -2.51001216e-12 
 1.46750000e-09  1.46750000e-09  0.00000000e+00  2.50000000e+00 -2.51001216e-12 
 1.46850000e-09  1.46850000e-09  0.00000000e+00  2.50000000e+00 -2.51001043e-12 
 1.46950000e-09  1.46950000e-09  0.00000000e+00  2.50000000e+00 -2.51000869e-12 
 1.47050000e-09  1.47050000e-09  0.00000000e+00  2.50000000e+00 -2.51000869e-12 
 1.47150000e-09  1.47150000e-09  0.00000000e+00  2.50000000e+00 -2.51000956e-12 
 1.47250000e-09  1.47250000e-09  0.00000000e+00  2.50000000e+00 -2.51000869e-12 
 1.47350000e-09  1.47350000e-09  0.00000000e+00  2.50000000e+00 -2.51000869e-12 
 1.47450000e-09  1.47450000e-09  0.00000000e+00  2.50000000e+00 -2.51001043e-12 
 1.47550000e-09  1.47550000e-09  0.00000000e+00  2.50000000e+00 -2.51001043e-12 
 1.47650000e-09  1.47650000e-09  0.00000000e+00  2.50000000e+00 -2.51000783e-12 
 1.47750000e-09  1.47750000e-09  0.00000000e+00  2.50000000e+00 -2.51001737e-12 
 1.47850000e-09  1.47850000e-09  0.00000000e+00  2.50000000e+00 -2.51000956e-12 
 1.47950000e-09  1.47950000e-09  0.00000000e+00  2.50000000e+00 -2.51001216e-12 
 1.48050000e-09  1.48050000e-09  0.00000000e+00  2.50000000e+00 -2.51001216e-12 
 1.48150000e-09  1.48150000e-09  0.00000000e+00  2.50000000e+00 -2.51001043e-12 
 1.48250000e-09  1.48250000e-09  0.00000000e+00  2.50000000e+00 -2.51000869e-12 
 1.48350000e-09  1.48350000e-09  0.00000000e+00  2.50000000e+00 -2.51000869e-12 
 1.48450000e-09  1.48450000e-09  0.00000000e+00  2.50000000e+00 -2.51000956e-12 
 1.48550000e-09  1.48550000e-09  0.00000000e+00  2.50000000e+00 -2.51000869e-12 
 1.48650000e-09  1.48650000e-09  0.00000000e+00  2.50000000e+00 -2.51000869e-12 
 1.48750000e-09  1.48750000e-09  0.00000000e+00  2.50000000e+00 -2.51001043e-12 
 1.48850000e-09  1.48850000e-09  0.00000000e+00  2.50000000e+00 -2.51001043e-12 
 1.48950000e-09  1.48950000e-09  0.00000000e+00  2.50000000e+00 -2.51000783e-12 
 1.49050000e-09  1.49050000e-09  0.00000000e+00  2.50000000e+00 -2.51001737e-12 
 1.49150000e-09  1.49150000e-09  0.00000000e+00  2.50000000e+00 -2.51000956e-12 
 1.49250000e-09  1.49250000e-09  0.00000000e+00  2.50000000e+00 -2.51001216e-12 
 1.49350000e-09  1.49350000e-09  0.00000000e+00  2.50000000e+00 -2.51001216e-12 
 1.49450000e-09  1.49450000e-09  0.00000000e+00  2.50000000e+00 -2.51001043e-12 
 1.49550000e-09  1.49550000e-09  0.00000000e+00  2.50000000e+00 -2.51000869e-12 
 1.49650000e-09  1.49650000e-09  0.00000000e+00  2.50000000e+00 -2.51000869e-12 
 1.49750000e-09  1.49750000e-09  0.00000000e+00  2.50000000e+00 -2.51000956e-12 
 1.49850000e-09  1.49850000e-09  0.00000000e+00  2.50000000e+00 -2.51000869e-12 
 1.49950000e-09  1.49950000e-09  0.00000000e+00  2.50000000e+00 -2.51000869e-12 
 1.50050000e-09  1.50050000e-09  0.00000000e+00  2.50000000e+00 -2.51001043e-12 
 1.50150000e-09  1.50150000e-09  0.00000000e+00  2.50000000e+00 -2.51001043e-12 
 1.50250000e-09  1.50250000e-09  0.00000000e+00  2.50000000e+00 -2.51000783e-12 
 1.50350000e-09  1.50350000e-09  0.00000000e+00  2.50000000e+00 -2.51001737e-12 
 1.50450000e-09  1.50450000e-09  0.00000000e+00  2.50000000e+00 -2.51000956e-12 
 1.50550000e-09  1.50550000e-09  0.00000000e+00  2.50000000e+00 -2.51001216e-12 
 1.50650000e-09  1.50650000e-09  0.00000000e+00  2.50000000e+00 -2.51001216e-12 
 1.50750000e-09  1.50750000e-09  0.00000000e+00  2.50000000e+00 -2.51001043e-12 
 1.50850000e-09  1.50850000e-09  0.00000000e+00  2.50000000e+00 -2.51000869e-12 
 1.50950000e-09  1.50950000e-09  0.00000000e+00  2.50000000e+00 -2.51000869e-12 
 1.51050000e-09  1.51050000e-09  0.00000000e+00  2.50000000e+00 -2.51000956e-12 
 1.51150000e-09  1.51150000e-09  0.00000000e+00  2.50000000e+00 -2.51000869e-12 
 1.51250000e-09  1.51250000e-09  0.00000000e+00  2.50000000e+00 -2.51000869e-12 
 1.51350000e-09  1.51350000e-09  0.00000000e+00  2.50000000e+00 -2.51001043e-12 
 1.51450000e-09  1.51450000e-09  0.00000000e+00  2.50000000e+00 -2.51001043e-12 
 1.51550000e-09  1.51550000e-09  0.00000000e+00  2.50000000e+00 -2.51000783e-12 
 1.51650000e-09  1.51650000e-09  0.00000000e+00  2.50000000e+00 -2.51001737e-12 
 1.51750000e-09  1.51750000e-09  0.00000000e+00  2.50000000e+00 -2.51000956e-12 
 1.51850000e-09  1.51850000e-09  0.00000000e+00  2.50000000e+00 -2.51001216e-12 
 1.51950000e-09  1.51950000e-09  0.00000000e+00  2.50000000e+00 -2.51001216e-12 
 1.52050000e-09  1.52050000e-09  0.00000000e+00  2.50000000e+00 -2.51001043e-12 
 1.52150000e-09  1.52150000e-09  0.00000000e+00  2.50000000e+00 -2.51000869e-12 
 1.52250000e-09  1.52250000e-09  0.00000000e+00  2.50000000e+00 -2.51000869e-12 
 1.52350000e-09  1.52350000e-09  0.00000000e+00  2.50000000e+00 -2.51000956e-12 
 1.52450000e-09  1.52450000e-09  0.00000000e+00  2.50000000e+00 -2.51000869e-12 
 1.52550000e-09  1.52550000e-09  0.00000000e+00  2.50000000e+00 -2.51000869e-12 
 1.52650000e-09  1.52650000e-09  0.00000000e+00  2.50000000e+00 -2.51001043e-12 
 1.52750000e-09  1.52750000e-09  0.00000000e+00  2.50000000e+00 -2.51001043e-12 
 1.52850000e-09  1.52850000e-09  0.00000000e+00  2.50000000e+00 -2.51000783e-12 
 1.52950000e-09  1.52950000e-09  0.00000000e+00  2.50000000e+00 -2.51001737e-12 
 1.53050000e-09  1.53050000e-09  0.00000000e+00  2.50000000e+00 -2.51000956e-12 
 1.53150000e-09  1.53150000e-09  0.00000000e+00  2.50000000e+00 -2.51001216e-12 
 1.53250000e-09  1.53250000e-09  0.00000000e+00  2.50000000e+00 -2.51001216e-12 
 1.53350000e-09  1.53350000e-09  0.00000000e+00  2.50000000e+00 -2.51001043e-12 
 1.53450000e-09  1.53450000e-09  0.00000000e+00  2.50000000e+00 -2.51000869e-12 
 1.53550000e-09  1.53550000e-09  0.00000000e+00  2.50000000e+00 -2.51000869e-12 
 1.53650000e-09  1.53650000e-09  0.00000000e+00  2.50000000e+00 -2.51000956e-12 
 1.53750000e-09  1.53750000e-09  0.00000000e+00  2.50000000e+00 -2.51000869e-12 
 1.53850000e-09  1.53850000e-09  0.00000000e+00  2.50000000e+00 -2.51000869e-12 
 1.53950000e-09  1.53950000e-09  0.00000000e+00  2.50000000e+00 -2.51001043e-12 
 1.54050000e-09  1.54050000e-09  0.00000000e+00  2.50000000e+00 -2.51001043e-12 
 1.54150000e-09  1.54150000e-09  0.00000000e+00  2.50000000e+00 -2.51000783e-12 
 1.54250000e-09  1.54250000e-09  0.00000000e+00  2.50000000e+00 -2.51001737e-12 
 1.54350000e-09  1.54350000e-09  0.00000000e+00  2.50000000e+00 -2.51000956e-12 
 1.54450000e-09  1.54450000e-09  0.00000000e+00  2.50000000e+00 -2.51001216e-12 
 1.54550000e-09  1.54550000e-09  0.00000000e+00  2.50000000e+00 -2.51001216e-12 
 1.54650000e-09  1.54650000e-09  0.00000000e+00  2.50000000e+00 -2.51001043e-12 
 1.54750000e-09  1.54750000e-09  0.00000000e+00  2.50000000e+00 -2.51000869e-12 
 1.54850000e-09  1.54850000e-09  0.00000000e+00  2.50000000e+00 -2.51000869e-12 
 1.54950000e-09  1.54950000e-09  0.00000000e+00  2.50000000e+00 -2.51000956e-12 
 1.55050000e-09  1.55050000e-09  0.00000000e+00  2.50000000e+00 -2.51000869e-12 
 1.55150000e-09  1.55150000e-09  0.00000000e+00  2.50000000e+00 -2.51000869e-12 
 1.55250000e-09  1.55250000e-09  0.00000000e+00  2.50000000e+00 -2.51001043e-12 
 1.55350000e-09  1.55350000e-09  0.00000000e+00  2.50000000e+00 -2.51001043e-12 
 1.55450000e-09  1.55450000e-09  0.00000000e+00  2.50000000e+00 -2.51000783e-12 
 1.55550000e-09  1.55550000e-09  0.00000000e+00  2.50000000e+00 -2.51001737e-12 
 1.55650000e-09  1.55650000e-09  0.00000000e+00  2.50000000e+00 -2.51000956e-12 
 1.55750000e-09  1.55750000e-09  0.00000000e+00  2.50000000e+00 -2.51001216e-12 
 1.55850000e-09  1.55850000e-09  0.00000000e+00  2.50000000e+00 -2.51001216e-12 
 1.55950000e-09  1.55950000e-09  0.00000000e+00  2.50000000e+00 -2.51001043e-12 
 1.56050000e-09  1.56050000e-09  0.00000000e+00  2.50000000e+00 -2.51000869e-12 
 1.56150000e-09  1.56150000e-09  0.00000000e+00  2.50000000e+00 -2.51000869e-12 
 1.56250000e-09  1.56250000e-09  0.00000000e+00  2.50000000e+00 -2.51000956e-12 
 1.56350000e-09  1.56350000e-09  0.00000000e+00  2.50000000e+00 -2.51000869e-12 
 1.56450000e-09  1.56450000e-09  0.00000000e+00  2.50000000e+00 -2.51000869e-12 
 1.56550000e-09  1.56550000e-09  0.00000000e+00  2.50000000e+00 -2.51001043e-12 
 1.56650000e-09  1.56650000e-09  0.00000000e+00  2.50000000e+00 -2.51001043e-12 
 1.56750000e-09  1.56750000e-09  0.00000000e+00  2.50000000e+00 -2.51000783e-12 
 1.56850000e-09  1.56850000e-09  0.00000000e+00  2.50000000e+00 -2.51001737e-12 
 1.56950000e-09  1.56950000e-09  0.00000000e+00  2.50000000e+00 -2.51000956e-12 
 1.57050000e-09  1.57050000e-09  0.00000000e+00  2.50000000e+00 -2.51001216e-12 
 1.57150000e-09  1.57150000e-09  0.00000000e+00  2.50000000e+00 -2.51001216e-12 
 1.57250000e-09  1.57250000e-09  0.00000000e+00  2.50000000e+00 -2.51001043e-12 
 1.57350000e-09  1.57350000e-09  0.00000000e+00  2.50000000e+00 -2.51000869e-12 
 1.57450000e-09  1.57450000e-09  0.00000000e+00  2.50000000e+00 -2.51000869e-12 
 1.57550000e-09  1.57550000e-09  0.00000000e+00  2.50000000e+00 -2.51000956e-12 
 1.57650000e-09  1.57650000e-09  0.00000000e+00  2.50000000e+00 -2.51000869e-12 
 1.57750000e-09  1.57750000e-09  0.00000000e+00  2.50000000e+00 -2.51000869e-12 
 1.57850000e-09  1.57850000e-09  0.00000000e+00  2.50000000e+00 -2.51001043e-12 
 1.57950000e-09  1.57950000e-09  0.00000000e+00  2.50000000e+00 -2.51001043e-12 
 1.58050000e-09  1.58050000e-09  0.00000000e+00  2.50000000e+00 -2.51000783e-12 
 1.58150000e-09  1.58150000e-09  0.00000000e+00  2.50000000e+00 -2.51001737e-12 
 1.58250000e-09  1.58250000e-09  0.00000000e+00  2.50000000e+00 -2.51000956e-12 
 1.58350000e-09  1.58350000e-09  0.00000000e+00  2.50000000e+00 -2.51001216e-12 
 1.58450000e-09  1.58450000e-09  0.00000000e+00  2.50000000e+00 -2.51001216e-12 
 1.58550000e-09  1.58550000e-09  0.00000000e+00  2.50000000e+00 -2.51001043e-12 
 1.58650000e-09  1.58650000e-09  0.00000000e+00  2.50000000e+00 -2.51000869e-12 
 1.58750000e-09  1.58750000e-09  0.00000000e+00  2.50000000e+00 -2.51000869e-12 
 1.58850000e-09  1.58850000e-09  0.00000000e+00  2.50000000e+00 -2.51000956e-12 
 1.58950000e-09  1.58950000e-09  0.00000000e+00  2.50000000e+00 -2.51000869e-12 
 1.59050000e-09  1.59050000e-09  0.00000000e+00  2.50000000e+00 -2.51000869e-12 
 1.59150000e-09  1.59150000e-09  0.00000000e+00  2.50000000e+00 -2.51001043e-12 
 1.59250000e-09  1.59250000e-09  0.00000000e+00  2.50000000e+00 -2.51001043e-12 
 1.59350000e-09  1.59350000e-09  0.00000000e+00  2.50000000e+00 -2.51000783e-12 
 1.59450000e-09  1.59450000e-09  0.00000000e+00  2.50000000e+00 -2.51001737e-12 
 1.59550000e-09  1.59550000e-09  0.00000000e+00  2.50000000e+00 -2.51000956e-12 
 1.59650000e-09  1.59650000e-09  0.00000000e+00  2.50000000e+00 -2.51001216e-12 
 1.59750000e-09  1.59750000e-09  0.00000000e+00  2.50000000e+00 -2.51001216e-12 
 1.59850000e-09  1.59850000e-09  0.00000000e+00  2.50000000e+00 -2.51001043e-12 
 1.59950000e-09  1.59950000e-09  0.00000000e+00  2.50000000e+00 -2.51000869e-12 
 1.60050000e-09  1.60050000e-09  0.00000000e+00  2.50000000e+00 -2.51000869e-12 
 1.60150000e-09  1.60150000e-09  0.00000000e+00  2.50000000e+00 -2.51000956e-12 
 1.60250000e-09  1.60250000e-09  0.00000000e+00  2.50000000e+00 -2.51000869e-12 
 1.60350000e-09  1.60350000e-09  0.00000000e+00  2.50000000e+00 -2.51000869e-12 
 1.60450000e-09  1.60450000e-09  0.00000000e+00  2.50000000e+00 -2.51001043e-12 
 1.60550000e-09  1.60550000e-09  0.00000000e+00  2.50000000e+00 -2.51001043e-12 
 1.60650000e-09  1.60650000e-09  0.00000000e+00  2.50000000e+00 -2.51000783e-12 
 1.60750000e-09  1.60750000e-09  0.00000000e+00  2.50000000e+00 -2.51001737e-12 
 1.60850000e-09  1.60850000e-09  0.00000000e+00  2.50000000e+00 -2.51000956e-12 
 1.60950000e-09  1.60950000e-09  0.00000000e+00  2.50000000e+00 -2.51001216e-12 
 1.61050000e-09  1.61050000e-09  0.00000000e+00  2.50000000e+00 -2.51001216e-12 
 1.61150000e-09  1.61150000e-09  0.00000000e+00  2.50000000e+00 -2.51001043e-12 
 1.61250000e-09  1.61250000e-09  0.00000000e+00  2.50000000e+00 -2.51000869e-12 
 1.61350000e-09  1.61350000e-09  0.00000000e+00  2.50000000e+00 -2.51000869e-12 
 1.61450000e-09  1.61450000e-09  0.00000000e+00  2.50000000e+00 -2.51000956e-12 
 1.61550000e-09  1.61550000e-09  0.00000000e+00  2.50000000e+00 -2.51000869e-12 
 1.61650000e-09  1.61650000e-09  0.00000000e+00  2.50000000e+00 -2.51000869e-12 
 1.61750000e-09  1.61750000e-09  0.00000000e+00  2.50000000e+00 -2.51001043e-12 
 1.61850000e-09  1.61850000e-09  0.00000000e+00  2.50000000e+00 -2.51001043e-12 
 1.61950000e-09  1.61950000e-09  0.00000000e+00  2.50000000e+00 -2.51000783e-12 
 1.62050000e-09  1.62050000e-09  0.00000000e+00  2.50000000e+00 -2.51001737e-12 
 1.62150000e-09  1.62150000e-09  0.00000000e+00  2.50000000e+00 -2.51000956e-12 
 1.62250000e-09  1.62250000e-09  0.00000000e+00  2.50000000e+00 -2.51001216e-12 
 1.62350000e-09  1.62350000e-09  0.00000000e+00  2.50000000e+00 -2.51001216e-12 
 1.62450000e-09  1.62450000e-09  0.00000000e+00  2.50000000e+00 -2.51001043e-12 
 1.62550000e-09  1.62550000e-09  0.00000000e+00  2.50000000e+00 -2.51000869e-12 
 1.62650000e-09  1.62650000e-09  0.00000000e+00  2.50000000e+00 -2.51000869e-12 
 1.62750000e-09  1.62750000e-09  0.00000000e+00  2.50000000e+00 -2.51000956e-12 
 1.62850000e-09  1.62850000e-09  0.00000000e+00  2.50000000e+00 -2.51000869e-12 
 1.62950000e-09  1.62950000e-09  0.00000000e+00  2.50000000e+00 -2.51000869e-12 
 1.63050000e-09  1.63050000e-09  0.00000000e+00  2.50000000e+00 -2.51001043e-12 
 1.63150000e-09  1.63150000e-09  0.00000000e+00  2.50000000e+00 -2.51001043e-12 
 1.63250000e-09  1.63250000e-09  0.00000000e+00  2.50000000e+00 -2.51000783e-12 
 1.63350000e-09  1.63350000e-09  0.00000000e+00  2.50000000e+00 -2.51001737e-12 
 1.63450000e-09  1.63450000e-09  0.00000000e+00  2.50000000e+00 -2.51000956e-12 
 1.63550000e-09  1.63550000e-09  0.00000000e+00  2.50000000e+00 -2.51001216e-12 
 1.63650000e-09  1.63650000e-09  0.00000000e+00  2.50000000e+00 -2.51001216e-12 
 1.63750000e-09  1.63750000e-09  0.00000000e+00  2.50000000e+00 -2.51001043e-12 
 1.63850000e-09  1.63850000e-09  0.00000000e+00  2.50000000e+00 -2.51000869e-12 
 1.63950000e-09  1.63950000e-09  0.00000000e+00  2.50000000e+00 -2.51000869e-12 
 1.64050000e-09  1.64050000e-09  0.00000000e+00  2.50000000e+00 -2.51000956e-12 
 1.64150000e-09  1.64150000e-09  0.00000000e+00  2.50000000e+00 -2.51000869e-12 
 1.64250000e-09  1.64250000e-09  0.00000000e+00  2.50000000e+00 -2.51000869e-12 
 1.64350000e-09  1.64350000e-09  0.00000000e+00  2.50000000e+00 -2.51001043e-12 
 1.64450000e-09  1.64450000e-09  0.00000000e+00  2.50000000e+00 -2.51001043e-12 
 1.64550000e-09  1.64550000e-09  0.00000000e+00  2.50000000e+00 -2.51000783e-12 
 1.64650000e-09  1.64650000e-09  0.00000000e+00  2.50000000e+00 -2.51001737e-12 
 1.64750000e-09  1.64750000e-09  0.00000000e+00  2.50000000e+00 -2.51000956e-12 
 1.64850000e-09  1.64850000e-09  0.00000000e+00  2.50000000e+00 -2.51001216e-12 
 1.64950000e-09  1.64950000e-09  0.00000000e+00  2.50000000e+00 -2.51001216e-12 
 1.65050000e-09  1.65050000e-09  0.00000000e+00  2.50000000e+00 -2.51001043e-12 
 1.65150000e-09  1.65150000e-09  0.00000000e+00  2.50000000e+00 -2.51000869e-12 
 1.65250000e-09  1.65250000e-09  0.00000000e+00  2.50000000e+00 -2.51000869e-12 
 1.65350000e-09  1.65350000e-09  0.00000000e+00  2.50000000e+00 -2.51000956e-12 
 1.65450000e-09  1.65450000e-09  0.00000000e+00  2.50000000e+00 -2.51000869e-12 
 1.65550000e-09  1.65550000e-09  0.00000000e+00  2.50000000e+00 -2.51000869e-12 
 1.65650000e-09  1.65650000e-09  0.00000000e+00  2.50000000e+00 -2.51001043e-12 
 1.65750000e-09  1.65750000e-09  0.00000000e+00  2.50000000e+00 -2.51001043e-12 
 1.65850000e-09  1.65850000e-09  0.00000000e+00  2.50000000e+00 -2.51000783e-12 
 1.65950000e-09  1.65950000e-09  0.00000000e+00  2.50000000e+00 -2.51001737e-12 
 1.66050000e-09  1.66050000e-09  0.00000000e+00  2.50000000e+00 -2.51000956e-12 
 1.66150000e-09  1.66150000e-09  0.00000000e+00  2.50000000e+00 -2.51001216e-12 
 1.66250000e-09  1.66250000e-09  0.00000000e+00  2.50000000e+00 -2.51001216e-12 
 1.66350000e-09  1.66350000e-09  0.00000000e+00  2.50000000e+00 -2.51001043e-12 
 1.66450000e-09  1.66450000e-09  0.00000000e+00  2.50000000e+00 -2.51000869e-12 
 1.66550000e-09  1.66550000e-09  0.00000000e+00  2.50000000e+00 -2.51000869e-12 
 1.66650000e-09  1.66650000e-09  0.00000000e+00  2.50000000e+00 -2.51000956e-12 
 1.66750000e-09  1.66750000e-09  0.00000000e+00  2.50000000e+00 -2.51000869e-12 
 1.66850000e-09  1.66850000e-09  0.00000000e+00  2.50000000e+00 -2.51000869e-12 
 1.66950000e-09  1.66950000e-09  0.00000000e+00  2.50000000e+00 -2.51001043e-12 
 1.67050000e-09  1.67050000e-09  0.00000000e+00  2.50000000e+00 -2.51001043e-12 
 1.67150000e-09  1.67150000e-09  0.00000000e+00  2.50000000e+00 -2.51000783e-12 
 1.67250000e-09  1.67250000e-09  0.00000000e+00  2.50000000e+00 -2.51001737e-12 
 1.67350000e-09  1.67350000e-09  0.00000000e+00  2.50000000e+00 -2.51000956e-12 
 1.67450000e-09  1.67450000e-09  0.00000000e+00  2.50000000e+00 -2.51001216e-12 
 1.67550000e-09  1.67550000e-09  0.00000000e+00  2.50000000e+00 -2.51001216e-12 
 1.67650000e-09  1.67650000e-09  0.00000000e+00  2.50000000e+00 -2.51001043e-12 
 1.67750000e-09  1.67750000e-09  0.00000000e+00  2.50000000e+00 -2.51000869e-12 
 1.67850000e-09  1.67850000e-09  0.00000000e+00  2.50000000e+00 -2.51000869e-12 
 1.67950000e-09  1.67950000e-09  0.00000000e+00  2.50000000e+00 -2.51000956e-12 
 1.68050000e-09  1.68050000e-09  0.00000000e+00  2.50000000e+00 -2.51000869e-12 
 1.68150000e-09  1.68150000e-09  0.00000000e+00  2.50000000e+00 -2.51000869e-12 
 1.68250000e-09  1.68250000e-09  0.00000000e+00  2.50000000e+00 -2.51001043e-12 
 1.68350000e-09  1.68350000e-09  0.00000000e+00  2.50000000e+00 -2.51001043e-12 
 1.68450000e-09  1.68450000e-09  0.00000000e+00  2.50000000e+00 -2.51000783e-12 
 1.68550000e-09  1.68550000e-09  0.00000000e+00  2.50000000e+00 -2.51001737e-12 
 1.68650000e-09  1.68650000e-09  0.00000000e+00  2.50000000e+00 -2.51000956e-12 
 1.68750000e-09  1.68750000e-09  0.00000000e+00  2.50000000e+00 -2.51001216e-12 
 1.68850000e-09  1.68850000e-09  0.00000000e+00  2.50000000e+00 -2.51001216e-12 
 1.68950000e-09  1.68950000e-09  0.00000000e+00  2.50000000e+00 -2.51001043e-12 
 1.69050000e-09  1.69050000e-09  0.00000000e+00  2.50000000e+00 -2.51000869e-12 
 1.69150000e-09  1.69150000e-09  0.00000000e+00  2.50000000e+00 -2.51000869e-12 
 1.69250000e-09  1.69250000e-09  0.00000000e+00  2.50000000e+00 -2.51000956e-12 
 1.69350000e-09  1.69350000e-09  0.00000000e+00  2.50000000e+00 -2.51000869e-12 
 1.69450000e-09  1.69450000e-09  0.00000000e+00  2.50000000e+00 -2.51000869e-12 
 1.69550000e-09  1.69550000e-09  0.00000000e+00  2.50000000e+00 -2.51001043e-12 
 1.69650000e-09  1.69650000e-09  0.00000000e+00  2.50000000e+00 -2.51001043e-12 
 1.69750000e-09  1.69750000e-09  0.00000000e+00  2.50000000e+00 -2.51000783e-12 
 1.69850000e-09  1.69850000e-09  0.00000000e+00  2.50000000e+00 -2.51001737e-12 
 1.69950000e-09  1.69950000e-09  0.00000000e+00  2.50000000e+00 -2.51000956e-12 
 1.70050000e-09  1.70050000e-09  0.00000000e+00  2.50000000e+00 -2.51001216e-12 
 1.70150000e-09  1.70150000e-09  0.00000000e+00  2.50000000e+00 -2.51001216e-12 
 1.70250000e-09  1.70250000e-09  0.00000000e+00  2.50000000e+00 -2.51001043e-12 
 1.70350000e-09  1.70350000e-09  0.00000000e+00  2.50000000e+00 -2.51000869e-12 
 1.70450000e-09  1.70450000e-09  0.00000000e+00  2.50000000e+00 -2.51000869e-12 
 1.70550000e-09  1.70550000e-09  0.00000000e+00  2.50000000e+00 -2.51000956e-12 
 1.70650000e-09  1.70650000e-09  0.00000000e+00  2.50000000e+00 -2.51000869e-12 
 1.70750000e-09  1.70750000e-09  0.00000000e+00  2.50000000e+00 -2.51000869e-12 
 1.70850000e-09  1.70850000e-09  0.00000000e+00  2.50000000e+00 -2.51001043e-12 
 1.70950000e-09  1.70950000e-09  0.00000000e+00  2.50000000e+00 -2.51001043e-12 
 1.71050000e-09  1.71050000e-09  0.00000000e+00  2.50000000e+00 -2.51000783e-12 
 1.71150000e-09  1.71150000e-09  0.00000000e+00  2.50000000e+00 -2.51001737e-12 
 1.71250000e-09  1.71250000e-09  0.00000000e+00  2.50000000e+00 -2.51000956e-12 
 1.71350000e-09  1.71350000e-09  0.00000000e+00  2.50000000e+00 -2.51001216e-12 
 1.71450000e-09  1.71450000e-09  0.00000000e+00  2.50000000e+00 -2.51001216e-12 
 1.71550000e-09  1.71550000e-09  0.00000000e+00  2.50000000e+00 -2.51001043e-12 
 1.71650000e-09  1.71650000e-09  0.00000000e+00  2.50000000e+00 -2.51000869e-12 
 1.71750000e-09  1.71750000e-09  0.00000000e+00  2.50000000e+00 -2.51000869e-12 
 1.71850000e-09  1.71850000e-09  0.00000000e+00  2.50000000e+00 -2.51000956e-12 
 1.71950000e-09  1.71950000e-09  0.00000000e+00  2.50000000e+00 -2.51000869e-12 
 1.72050000e-09  1.72050000e-09  0.00000000e+00  2.50000000e+00 -2.51000869e-12 
 1.72150000e-09  1.72150000e-09  0.00000000e+00  2.50000000e+00 -2.51001043e-12 
 1.72250000e-09  1.72250000e-09  0.00000000e+00  2.50000000e+00 -2.51001043e-12 
 1.72350000e-09  1.72350000e-09  0.00000000e+00  2.50000000e+00 -2.51000783e-12 
 1.72450000e-09  1.72450000e-09  0.00000000e+00  2.50000000e+00 -2.51001737e-12 
 1.72550000e-09  1.72550000e-09  0.00000000e+00  2.50000000e+00 -2.51000956e-12 
 1.72650000e-09  1.72650000e-09  0.00000000e+00  2.50000000e+00 -2.51001216e-12 
 1.72750000e-09  1.72750000e-09  0.00000000e+00  2.50000000e+00 -2.51001216e-12 
 1.72850000e-09  1.72850000e-09  0.00000000e+00  2.50000000e+00 -2.51001043e-12 
 1.72950000e-09  1.72950000e-09  0.00000000e+00  2.50000000e+00 -2.51000869e-12 
 1.73050000e-09  1.73050000e-09  0.00000000e+00  2.50000000e+00 -2.51000869e-12 
 1.73150000e-09  1.73150000e-09  0.00000000e+00  2.50000000e+00 -2.51000956e-12 
 1.73250000e-09  1.73250000e-09  0.00000000e+00  2.50000000e+00 -2.51000869e-12 
 1.73350000e-09  1.73350000e-09  0.00000000e+00  2.50000000e+00 -2.51000869e-12 
 1.73450000e-09  1.73450000e-09  0.00000000e+00  2.50000000e+00 -2.51001043e-12 
 1.73550000e-09  1.73550000e-09  0.00000000e+00  2.50000000e+00 -2.51001043e-12 
 1.73650000e-09  1.73650000e-09  0.00000000e+00  2.50000000e+00 -2.51000783e-12 
 1.73750000e-09  1.73750000e-09  0.00000000e+00  2.50000000e+00 -2.51001737e-12 
 1.73850000e-09  1.73850000e-09  0.00000000e+00  2.50000000e+00 -2.51000956e-12 
 1.73950000e-09  1.73950000e-09  0.00000000e+00  2.50000000e+00 -2.51001216e-12 
 1.74050000e-09  1.74050000e-09  0.00000000e+00  2.50000000e+00 -2.51001216e-12 
 1.74150000e-09  1.74150000e-09  0.00000000e+00  2.50000000e+00 -2.51001043e-12 
 1.74250000e-09  1.74250000e-09  0.00000000e+00  2.50000000e+00 -2.51000869e-12 
 1.74350000e-09  1.74350000e-09  0.00000000e+00  2.50000000e+00 -2.51000869e-12 
 1.74450000e-09  1.74450000e-09  0.00000000e+00  2.50000000e+00 -2.51000956e-12 
 1.74550000e-09  1.74550000e-09  0.00000000e+00  2.50000000e+00 -2.51000869e-12 
 1.74650000e-09  1.74650000e-09  0.00000000e+00  2.50000000e+00 -2.51000869e-12 
 1.74750000e-09  1.74750000e-09  0.00000000e+00  2.50000000e+00 -2.51001043e-12 
 1.74850000e-09  1.74850000e-09  0.00000000e+00  2.50000000e+00 -2.51001043e-12 
 1.74950000e-09  1.74950000e-09  0.00000000e+00  2.50000000e+00 -2.51000783e-12 
 1.75050000e-09  1.75050000e-09  0.00000000e+00  2.50000000e+00 -2.51001737e-12 
 1.75150000e-09  1.75150000e-09  0.00000000e+00  2.50000000e+00 -2.51000956e-12 
 1.75250000e-09  1.75250000e-09  0.00000000e+00  2.50000000e+00 -2.51001216e-12 
 1.75350000e-09  1.75350000e-09  0.00000000e+00  2.50000000e+00 -2.51001216e-12 
 1.75450000e-09  1.75450000e-09  0.00000000e+00  2.50000000e+00 -2.51001043e-12 
 1.75550000e-09  1.75550000e-09  0.00000000e+00  2.50000000e+00 -2.51000869e-12 
 1.75650000e-09  1.75650000e-09  0.00000000e+00  2.50000000e+00 -2.51000869e-12 
 1.75750000e-09  1.75750000e-09  0.00000000e+00  2.50000000e+00 -2.51000956e-12 
 1.75850000e-09  1.75850000e-09  0.00000000e+00  2.50000000e+00 -2.51000869e-12 
 1.75950000e-09  1.75950000e-09  0.00000000e+00  2.50000000e+00 -2.51000869e-12 
 1.76050000e-09  1.76050000e-09  0.00000000e+00  2.50000000e+00 -2.51001043e-12 
 1.76150000e-09  1.76150000e-09  0.00000000e+00  2.50000000e+00 -2.51001043e-12 
 1.76250000e-09  1.76250000e-09  0.00000000e+00  2.50000000e+00 -2.51000783e-12 
 1.76350000e-09  1.76350000e-09  0.00000000e+00  2.50000000e+00 -2.51001737e-12 
 1.76450000e-09  1.76450000e-09  0.00000000e+00  2.50000000e+00 -2.51000956e-12 
 1.76550000e-09  1.76550000e-09  0.00000000e+00  2.50000000e+00 -2.51001216e-12 
 1.76650000e-09  1.76650000e-09  0.00000000e+00  2.50000000e+00 -2.51001216e-12 
 1.76750000e-09  1.76750000e-09  0.00000000e+00  2.50000000e+00 -2.51001043e-12 
 1.76850000e-09  1.76850000e-09  0.00000000e+00  2.50000000e+00 -2.51000869e-12 
 1.76950000e-09  1.76950000e-09  0.00000000e+00  2.50000000e+00 -2.51000869e-12 
 1.77050000e-09  1.77050000e-09  0.00000000e+00  2.50000000e+00 -2.51000956e-12 
 1.77150000e-09  1.77150000e-09  0.00000000e+00  2.50000000e+00 -2.51000869e-12 
 1.77250000e-09  1.77250000e-09  0.00000000e+00  2.50000000e+00 -2.51000869e-12 
 1.77350000e-09  1.77350000e-09  0.00000000e+00  2.50000000e+00 -2.51001043e-12 
 1.77450000e-09  1.77450000e-09  0.00000000e+00  2.50000000e+00 -2.51001043e-12 
 1.77550000e-09  1.77550000e-09  0.00000000e+00  2.50000000e+00 -2.51000783e-12 
 1.77650000e-09  1.77650000e-09  0.00000000e+00  2.50000000e+00 -2.51001737e-12 
 1.77750000e-09  1.77750000e-09  0.00000000e+00  2.50000000e+00 -2.51000956e-12 
 1.77850000e-09  1.77850000e-09  0.00000000e+00  2.50000000e+00 -2.51001216e-12 
 1.77950000e-09  1.77950000e-09  0.00000000e+00  2.50000000e+00 -2.51001216e-12 
 1.78050000e-09  1.78050000e-09  0.00000000e+00  2.50000000e+00 -2.51001043e-12 
 1.78150000e-09  1.78150000e-09  0.00000000e+00  2.50000000e+00 -2.51000869e-12 
 1.78250000e-09  1.78250000e-09  0.00000000e+00  2.50000000e+00 -2.51000869e-12 
 1.78350000e-09  1.78350000e-09  0.00000000e+00  2.50000000e+00 -2.51000956e-12 
 1.78450000e-09  1.78450000e-09  0.00000000e+00  2.50000000e+00 -2.51000869e-12 
 1.78550000e-09  1.78550000e-09  0.00000000e+00  2.50000000e+00 -2.51000869e-12 
 1.78650000e-09  1.78650000e-09  0.00000000e+00  2.50000000e+00 -2.51001043e-12 
 1.78750000e-09  1.78750000e-09  0.00000000e+00  2.50000000e+00 -2.51001043e-12 
 1.78850000e-09  1.78850000e-09  0.00000000e+00  2.50000000e+00 -2.51000783e-12 
 1.78950000e-09  1.78950000e-09  0.00000000e+00  2.50000000e+00 -2.51001737e-12 
 1.79050000e-09  1.79050000e-09  0.00000000e+00  2.50000000e+00 -2.51000956e-12 
 1.79150000e-09  1.79150000e-09  0.00000000e+00  2.50000000e+00 -2.51001216e-12 
 1.79250000e-09  1.79250000e-09  0.00000000e+00  2.50000000e+00 -2.51001216e-12 
 1.79350000e-09  1.79350000e-09  0.00000000e+00  2.50000000e+00 -2.51001043e-12 
 1.79450000e-09  1.79450000e-09  0.00000000e+00  2.50000000e+00 -2.51000869e-12 
 1.79550000e-09  1.79550000e-09  0.00000000e+00  2.50000000e+00 -2.51000869e-12 
 1.79650000e-09  1.79650000e-09  0.00000000e+00  2.50000000e+00 -2.51000956e-12 
 1.79750000e-09  1.79750000e-09  0.00000000e+00  2.50000000e+00 -2.51000869e-12 
 1.79850000e-09  1.79850000e-09  0.00000000e+00  2.50000000e+00 -2.51000869e-12 
 1.79950000e-09  1.79950000e-09  0.00000000e+00  2.50000000e+00 -2.51001043e-12 
 1.80050000e-09  1.80050000e-09  0.00000000e+00  2.50000000e+00 -2.51001043e-12 
 1.80150000e-09  1.80150000e-09  0.00000000e+00  2.50000000e+00 -2.51000783e-12 
 1.80250000e-09  1.80250000e-09  0.00000000e+00  2.50000000e+00 -2.51001737e-12 
 1.80350000e-09  1.80350000e-09  0.00000000e+00  2.50000000e+00 -2.51000956e-12 
 1.80450000e-09  1.80450000e-09  0.00000000e+00  2.50000000e+00 -2.51001216e-12 
 1.80550000e-09  1.80550000e-09  0.00000000e+00  2.50000000e+00 -2.51001216e-12 
 1.80650000e-09  1.80650000e-09  0.00000000e+00  2.50000000e+00 -2.51001043e-12 
 1.80750000e-09  1.80750000e-09  0.00000000e+00  2.50000000e+00 -2.51000869e-12 
 1.80850000e-09  1.80850000e-09  0.00000000e+00  2.50000000e+00 -2.51000869e-12 
 1.80950000e-09  1.80950000e-09  0.00000000e+00  2.50000000e+00 -2.51000956e-12 
 1.81050000e-09  1.81050000e-09  0.00000000e+00  2.50000000e+00 -2.51000869e-12 
 1.81150000e-09  1.81150000e-09  0.00000000e+00  2.50000000e+00 -2.51000869e-12 
 1.81250000e-09  1.81250000e-09  0.00000000e+00  2.50000000e+00 -2.51001043e-12 
 1.81350000e-09  1.81350000e-09  0.00000000e+00  2.50000000e+00 -2.51001043e-12 
 1.81450000e-09  1.81450000e-09  0.00000000e+00  2.50000000e+00 -2.51000783e-12 
 1.81550000e-09  1.81550000e-09  0.00000000e+00  2.50000000e+00 -2.51001737e-12 
 1.81650000e-09  1.81650000e-09  0.00000000e+00  2.50000000e+00 -2.51000956e-12 
 1.81750000e-09  1.81750000e-09  0.00000000e+00  2.50000000e+00 -2.51001216e-12 
 1.81850000e-09  1.81850000e-09  0.00000000e+00  2.50000000e+00 -2.51001216e-12 
 1.81950000e-09  1.81950000e-09  0.00000000e+00  2.50000000e+00 -2.51001043e-12 
 1.82050000e-09  1.82050000e-09  0.00000000e+00  2.50000000e+00 -2.51000869e-12 
 1.82150000e-09  1.82150000e-09  0.00000000e+00  2.50000000e+00 -2.51000869e-12 
 1.82250000e-09  1.82250000e-09  0.00000000e+00  2.50000000e+00 -2.51000956e-12 
 1.82350000e-09  1.82350000e-09  0.00000000e+00  2.50000000e+00 -2.51000869e-12 
 1.82450000e-09  1.82450000e-09  0.00000000e+00  2.50000000e+00 -2.51000869e-12 
 1.82550000e-09  1.82550000e-09  0.00000000e+00  2.50000000e+00 -2.51001043e-12 
 1.82650000e-09  1.82650000e-09  0.00000000e+00  2.50000000e+00 -2.51001043e-12 
 1.82750000e-09  1.82750000e-09  0.00000000e+00  2.50000000e+00 -2.51000783e-12 
 1.82850000e-09  1.82850000e-09  0.00000000e+00  2.50000000e+00 -2.51001737e-12 
 1.82950000e-09  1.82950000e-09  0.00000000e+00  2.50000000e+00 -2.51000956e-12 
 1.83050000e-09  1.83050000e-09  0.00000000e+00  2.50000000e+00 -2.51001216e-12 
 1.83150000e-09  1.83150000e-09  0.00000000e+00  2.50000000e+00 -2.51001216e-12 
 1.83250000e-09  1.83250000e-09  0.00000000e+00  2.50000000e+00 -2.51001043e-12 
 1.83350000e-09  1.83350000e-09  0.00000000e+00  2.50000000e+00 -2.51000869e-12 
 1.83450000e-09  1.83450000e-09  0.00000000e+00  2.50000000e+00 -2.51000869e-12 
 1.83550000e-09  1.83550000e-09  0.00000000e+00  2.50000000e+00 -2.51000956e-12 
 1.83650000e-09  1.83650000e-09  0.00000000e+00  2.50000000e+00 -2.51000869e-12 
 1.83750000e-09  1.83750000e-09  0.00000000e+00  2.50000000e+00 -2.51000869e-12 
 1.83850000e-09  1.83850000e-09  0.00000000e+00  2.50000000e+00 -2.51001043e-12 
 1.83950000e-09  1.83950000e-09  0.00000000e+00  2.50000000e+00 -2.51001043e-12 
 1.84050000e-09  1.84050000e-09  0.00000000e+00  2.50000000e+00 -2.51000783e-12 
 1.84150000e-09  1.84150000e-09  0.00000000e+00  2.50000000e+00 -2.51001737e-12 
 1.84250000e-09  1.84250000e-09  0.00000000e+00  2.50000000e+00 -2.51000956e-12 
 1.84350000e-09  1.84350000e-09  0.00000000e+00  2.50000000e+00 -2.51001216e-12 
 1.84450000e-09  1.84450000e-09  0.00000000e+00  2.50000000e+00 -2.51001216e-12 
 1.84550000e-09  1.84550000e-09  0.00000000e+00  2.50000000e+00 -2.51001043e-12 
 1.84650000e-09  1.84650000e-09  0.00000000e+00  2.50000000e+00 -2.51000869e-12 
 1.84750000e-09  1.84750000e-09  0.00000000e+00  2.50000000e+00 -2.51000869e-12 
 1.84850000e-09  1.84850000e-09  0.00000000e+00  2.50000000e+00 -2.51000956e-12 
 1.84950000e-09  1.84950000e-09  0.00000000e+00  2.50000000e+00 -2.51000869e-12 
 1.85050000e-09  1.85050000e-09  0.00000000e+00  2.50000000e+00 -2.51000869e-12 
 1.85150000e-09  1.85150000e-09  0.00000000e+00  2.50000000e+00 -2.51001043e-12 
 1.85250000e-09  1.85250000e-09  0.00000000e+00  2.50000000e+00 -2.51001043e-12 
 1.85350000e-09  1.85350000e-09  0.00000000e+00  2.50000000e+00 -2.51000783e-12 
 1.85450000e-09  1.85450000e-09  0.00000000e+00  2.50000000e+00 -2.51001737e-12 
 1.85550000e-09  1.85550000e-09  0.00000000e+00  2.50000000e+00 -2.51000956e-12 
 1.85650000e-09  1.85650000e-09  0.00000000e+00  2.50000000e+00 -2.51001216e-12 
 1.85750000e-09  1.85750000e-09  0.00000000e+00  2.50000000e+00 -2.51001216e-12 
 1.85850000e-09  1.85850000e-09  0.00000000e+00  2.50000000e+00 -2.51001043e-12 
 1.85950000e-09  1.85950000e-09  0.00000000e+00  2.50000000e+00 -2.51000869e-12 
 1.86050000e-09  1.86050000e-09  0.00000000e+00  2.50000000e+00 -2.51000869e-12 
 1.86150000e-09  1.86150000e-09  0.00000000e+00  2.50000000e+00 -2.51000956e-12 
 1.86250000e-09  1.86250000e-09  0.00000000e+00  2.50000000e+00 -2.51000869e-12 
 1.86350000e-09  1.86350000e-09  0.00000000e+00  2.50000000e+00 -2.51000869e-12 
 1.86450000e-09  1.86450000e-09  0.00000000e+00  2.50000000e+00 -2.51001043e-12 
 1.86550000e-09  1.86550000e-09  0.00000000e+00  2.50000000e+00 -2.51001043e-12 
 1.86650000e-09  1.86650000e-09  0.00000000e+00  2.50000000e+00 -2.51000783e-12 
 1.86750000e-09  1.86750000e-09  0.00000000e+00  2.50000000e+00 -2.51001737e-12 
 1.86850000e-09  1.86850000e-09  0.00000000e+00  2.50000000e+00 -2.51000956e-12 
 1.86950000e-09  1.86950000e-09  0.00000000e+00  2.50000000e+00 -2.51001216e-12 
 1.87050000e-09  1.87050000e-09  0.00000000e+00  2.50000000e+00 -2.51001216e-12 
 1.87150000e-09  1.87150000e-09  0.00000000e+00  2.50000000e+00 -2.51001043e-12 
 1.87250000e-09  1.87250000e-09  0.00000000e+00  2.50000000e+00 -2.51000869e-12 
 1.87350000e-09  1.87350000e-09  0.00000000e+00  2.50000000e+00 -2.51000869e-12 
 1.87450000e-09  1.87450000e-09  0.00000000e+00  2.50000000e+00 -2.51000956e-12 
 1.87550000e-09  1.87550000e-09  0.00000000e+00  2.50000000e+00 -2.51000869e-12 
 1.87650000e-09  1.87650000e-09  0.00000000e+00  2.50000000e+00 -2.51000869e-12 
 1.87750000e-09  1.87750000e-09  0.00000000e+00  2.50000000e+00 -2.51001043e-12 
 1.87850000e-09  1.87850000e-09  0.00000000e+00  2.50000000e+00 -2.51001043e-12 
 1.87950000e-09  1.87950000e-09  0.00000000e+00  2.50000000e+00 -2.51000783e-12 
 1.88050000e-09  1.88050000e-09  0.00000000e+00  2.50000000e+00 -2.51001737e-12 
 1.88150000e-09  1.88150000e-09  0.00000000e+00  2.50000000e+00 -2.51000956e-12 
 1.88250000e-09  1.88250000e-09  0.00000000e+00  2.50000000e+00 -2.51001216e-12 
 1.88350000e-09  1.88350000e-09  0.00000000e+00  2.50000000e+00 -2.51001216e-12 
 1.88450000e-09  1.88450000e-09  0.00000000e+00  2.50000000e+00 -2.51001043e-12 
 1.88550000e-09  1.88550000e-09  0.00000000e+00  2.50000000e+00 -2.51000869e-12 
 1.88650000e-09  1.88650000e-09  0.00000000e+00  2.50000000e+00 -2.51000869e-12 
 1.88750000e-09  1.88750000e-09  0.00000000e+00  2.50000000e+00 -2.51000956e-12 
 1.88850000e-09  1.88850000e-09  0.00000000e+00  2.50000000e+00 -2.51000869e-12 
 1.88950000e-09  1.88950000e-09  0.00000000e+00  2.50000000e+00 -2.51000869e-12 
 1.89050000e-09  1.89050000e-09  0.00000000e+00  2.50000000e+00 -2.51001043e-12 
 1.89150000e-09  1.89150000e-09  0.00000000e+00  2.50000000e+00 -2.51001043e-12 
 1.89250000e-09  1.89250000e-09  0.00000000e+00  2.50000000e+00 -2.51000783e-12 
 1.89350000e-09  1.89350000e-09  0.00000000e+00  2.50000000e+00 -2.51001737e-12 
 1.89450000e-09  1.89450000e-09  0.00000000e+00  2.50000000e+00 -2.51000956e-12 
 1.89550000e-09  1.89550000e-09  0.00000000e+00  2.50000000e+00 -2.51001216e-12 
 1.89650000e-09  1.89650000e-09  0.00000000e+00  2.50000000e+00 -2.51001216e-12 
 1.89750000e-09  1.89750000e-09  0.00000000e+00  2.50000000e+00 -2.51001043e-12 
 1.89850000e-09  1.89850000e-09  0.00000000e+00  2.50000000e+00 -2.51000869e-12 
 1.89950000e-09  1.89950000e-09  0.00000000e+00  2.50000000e+00 -2.51000869e-12 
 1.90050000e-09  1.90050000e-09  0.00000000e+00  2.50000000e+00 -2.51000956e-12 
 1.90150000e-09  1.90150000e-09  0.00000000e+00  2.50000000e+00 -2.51000869e-12 
 1.90250000e-09  1.90250000e-09  0.00000000e+00  2.50000000e+00 -2.51000869e-12 
 1.90350000e-09  1.90350000e-09  0.00000000e+00  2.50000000e+00 -2.51001043e-12 
 1.90450000e-09  1.90450000e-09  0.00000000e+00  2.50000000e+00 -2.51001043e-12 
 1.90550000e-09  1.90550000e-09  0.00000000e+00  2.50000000e+00 -2.51000783e-12 
 1.90650000e-09  1.90650000e-09  0.00000000e+00  2.50000000e+00 -2.51001737e-12 
 1.90750000e-09  1.90750000e-09  0.00000000e+00  2.50000000e+00 -2.51000956e-12 
 1.90850000e-09  1.90850000e-09  0.00000000e+00  2.50000000e+00 -2.51001216e-12 
 1.90950000e-09  1.90950000e-09  0.00000000e+00  2.50000000e+00 -2.51001216e-12 
 1.91050000e-09  1.91050000e-09  0.00000000e+00  2.50000000e+00 -2.51001043e-12 
 1.91150000e-09  1.91150000e-09  0.00000000e+00  2.50000000e+00 -2.51000869e-12 
 1.91250000e-09  1.91250000e-09  0.00000000e+00  2.50000000e+00 -2.51000869e-12 
 1.91350000e-09  1.91350000e-09  0.00000000e+00  2.50000000e+00 -2.51000956e-12 
 1.91450000e-09  1.91450000e-09  0.00000000e+00  2.50000000e+00 -2.51000869e-12 
 1.91550000e-09  1.91550000e-09  0.00000000e+00  2.50000000e+00 -2.51000869e-12 
 1.91650000e-09  1.91650000e-09  0.00000000e+00  2.50000000e+00 -2.51001043e-12 
 1.91750000e-09  1.91750000e-09  0.00000000e+00  2.50000000e+00 -2.51001043e-12 
 1.91850000e-09  1.91850000e-09  0.00000000e+00  2.50000000e+00 -2.51000783e-12 
 1.91950000e-09  1.91950000e-09  0.00000000e+00  2.50000000e+00 -2.51001737e-12 
 1.92050000e-09  1.92050000e-09  0.00000000e+00  2.50000000e+00 -2.51000956e-12 
 1.92150000e-09  1.92150000e-09  0.00000000e+00  2.50000000e+00 -2.51001216e-12 
 1.92250000e-09  1.92250000e-09  0.00000000e+00  2.50000000e+00 -2.51001216e-12 
 1.92350000e-09  1.92350000e-09  0.00000000e+00  2.50000000e+00 -2.51001043e-12 
 1.92450000e-09  1.92450000e-09  0.00000000e+00  2.50000000e+00 -2.51000869e-12 
 1.92550000e-09  1.92550000e-09  0.00000000e+00  2.50000000e+00 -2.51000869e-12 
 1.92650000e-09  1.92650000e-09  0.00000000e+00  2.50000000e+00 -2.51000956e-12 
 1.92750000e-09  1.92750000e-09  0.00000000e+00  2.50000000e+00 -2.51000869e-12 
 1.92850000e-09  1.92850000e-09  0.00000000e+00  2.50000000e+00 -2.51000869e-12 
 1.92950000e-09  1.92950000e-09  0.00000000e+00  2.50000000e+00 -2.51001043e-12 
 1.93050000e-09  1.93050000e-09  0.00000000e+00  2.50000000e+00 -2.51001043e-12 
 1.93150000e-09  1.93150000e-09  0.00000000e+00  2.50000000e+00 -2.51000783e-12 
 1.93250000e-09  1.93250000e-09  0.00000000e+00  2.50000000e+00 -2.51001737e-12 
 1.93350000e-09  1.93350000e-09  0.00000000e+00  2.50000000e+00 -2.51000956e-12 
 1.93450000e-09  1.93450000e-09  0.00000000e+00  2.50000000e+00 -2.51001216e-12 
 1.93550000e-09  1.93550000e-09  0.00000000e+00  2.50000000e+00 -2.51001216e-12 
 1.93650000e-09  1.93650000e-09  0.00000000e+00  2.50000000e+00 -2.51001043e-12 
 1.93750000e-09  1.93750000e-09  0.00000000e+00  2.50000000e+00 -2.51000869e-12 
 1.93850000e-09  1.93850000e-09  0.00000000e+00  2.50000000e+00 -2.51000869e-12 
 1.93950000e-09  1.93950000e-09  0.00000000e+00  2.50000000e+00 -2.51000956e-12 
 1.94050000e-09  1.94050000e-09  0.00000000e+00  2.50000000e+00 -2.51000869e-12 
 1.94150000e-09  1.94150000e-09  0.00000000e+00  2.50000000e+00 -2.51000869e-12 
 1.94250000e-09  1.94250000e-09  0.00000000e+00  2.50000000e+00 -2.51001043e-12 
 1.94350000e-09  1.94350000e-09  0.00000000e+00  2.50000000e+00 -2.51001043e-12 
 1.94450000e-09  1.94450000e-09  0.00000000e+00  2.50000000e+00 -2.51000783e-12 
 1.94550000e-09  1.94550000e-09  0.00000000e+00  2.50000000e+00 -2.51001737e-12 
 1.94650000e-09  1.94650000e-09  0.00000000e+00  2.50000000e+00 -2.51000956e-12 
 1.94750000e-09  1.94750000e-09  0.00000000e+00  2.50000000e+00 -2.51001216e-12 
 1.94850000e-09  1.94850000e-09  0.00000000e+00  2.50000000e+00 -2.51001216e-12 
 1.94950000e-09  1.94950000e-09  0.00000000e+00  2.50000000e+00 -2.51001043e-12 
 1.95050000e-09  1.95050000e-09  0.00000000e+00  2.50000000e+00 -2.51000869e-12 
 1.95150000e-09  1.95150000e-09  0.00000000e+00  2.50000000e+00 -2.51000869e-12 
 1.95250000e-09  1.95250000e-09  0.00000000e+00  2.50000000e+00 -2.51000956e-12 
 1.95350000e-09  1.95350000e-09  0.00000000e+00  2.50000000e+00 -2.51000869e-12 
 1.95450000e-09  1.95450000e-09  0.00000000e+00  2.50000000e+00 -2.51000869e-12 
 1.95550000e-09  1.95550000e-09  0.00000000e+00  2.50000000e+00 -2.51001043e-12 
 1.95650000e-09  1.95650000e-09  0.00000000e+00  2.50000000e+00 -2.51001043e-12 
 1.95750000e-09  1.95750000e-09  0.00000000e+00  2.50000000e+00 -2.51000783e-12 
 1.95850000e-09  1.95850000e-09  0.00000000e+00  2.50000000e+00 -2.51001737e-12 
 1.95950000e-09  1.95950000e-09  0.00000000e+00  2.50000000e+00 -2.51000956e-12 
 1.96050000e-09  1.96050000e-09  0.00000000e+00  2.50000000e+00 -2.51001216e-12 
 1.96150000e-09  1.96150000e-09  0.00000000e+00  2.50000000e+00 -2.51001216e-12 
 1.96250000e-09  1.96250000e-09  0.00000000e+00  2.50000000e+00 -2.51001043e-12 
 1.96350000e-09  1.96350000e-09  0.00000000e+00  2.50000000e+00 -2.51000869e-12 
 1.96450000e-09  1.96450000e-09  0.00000000e+00  2.50000000e+00 -2.51000869e-12 
 1.96550000e-09  1.96550000e-09  0.00000000e+00  2.50000000e+00 -2.51000956e-12 
 1.96650000e-09  1.96650000e-09  0.00000000e+00  2.50000000e+00 -2.51000869e-12 
 1.96750000e-09  1.96750000e-09  0.00000000e+00  2.50000000e+00 -2.51000869e-12 
 1.96850000e-09  1.96850000e-09  0.00000000e+00  2.50000000e+00 -2.51001043e-12 
 1.96950000e-09  1.96950000e-09  0.00000000e+00  2.50000000e+00 -2.51001043e-12 
 1.97050000e-09  1.97050000e-09  0.00000000e+00  2.50000000e+00 -2.51000783e-12 
 1.97150000e-09  1.97150000e-09  0.00000000e+00  2.50000000e+00 -2.51001737e-12 
 1.97250000e-09  1.97250000e-09  0.00000000e+00  2.50000000e+00 -2.51000956e-12 
 1.97350000e-09  1.97350000e-09  0.00000000e+00  2.50000000e+00 -2.51001216e-12 
 1.97450000e-09  1.97450000e-09  0.00000000e+00  2.50000000e+00 -2.51001216e-12 
 1.97550000e-09  1.97550000e-09  0.00000000e+00  2.50000000e+00 -2.51001043e-12 
 1.97650000e-09  1.97650000e-09  0.00000000e+00  2.50000000e+00 -2.51000869e-12 
 1.97750000e-09  1.97750000e-09  0.00000000e+00  2.50000000e+00 -2.51000869e-12 
 1.97850000e-09  1.97850000e-09  0.00000000e+00  2.50000000e+00 -2.51000956e-12 
 1.97950000e-09  1.97950000e-09  0.00000000e+00  2.50000000e+00 -2.51000869e-12 
 1.98050000e-09  1.98050000e-09  0.00000000e+00  2.50000000e+00 -2.51000869e-12 
 1.98150000e-09  1.98150000e-09  0.00000000e+00  2.50000000e+00 -2.51001043e-12 
 1.98250000e-09  1.98250000e-09  0.00000000e+00  2.50000000e+00 -2.51001043e-12 
 1.98350000e-09  1.98350000e-09  0.00000000e+00  2.50000000e+00 -2.51000783e-12 
 1.98450000e-09  1.98450000e-09  0.00000000e+00  2.50000000e+00 -2.51001737e-12 
 1.98550000e-09  1.98550000e-09  0.00000000e+00  2.50000000e+00 -2.51000956e-12 
 1.98650000e-09  1.98650000e-09  0.00000000e+00  2.50000000e+00 -2.51001216e-12 
 1.98750000e-09  1.98750000e-09  0.00000000e+00  2.50000000e+00 -2.51001216e-12 
 1.98850000e-09  1.98850000e-09  0.00000000e+00  2.50000000e+00 -2.51001043e-12 
 1.98950000e-09  1.98950000e-09  0.00000000e+00  2.50000000e+00 -2.51000869e-12 
 1.99050000e-09  1.99050000e-09  0.00000000e+00  2.50000000e+00 -2.51000869e-12 
 1.99150000e-09  1.99150000e-09  0.00000000e+00  2.50000000e+00 -2.51000956e-12 
 1.99250000e-09  1.99250000e-09  0.00000000e+00  2.50000000e+00 -2.51000869e-12 
 1.99350000e-09  1.99350000e-09  0.00000000e+00  2.50000000e+00 -2.51000869e-12 
 1.99450000e-09  1.99450000e-09  0.00000000e+00  2.50000000e+00 -2.51001043e-12 
 1.99550000e-09  1.99550000e-09  0.00000000e+00  2.50000000e+00 -2.51001043e-12 
 1.99650000e-09  1.99650000e-09  0.00000000e+00  2.50000000e+00 -2.51000783e-12 
 1.99750000e-09  1.99750000e-09  0.00000000e+00  2.50000000e+00 -2.51001737e-12 
 1.99850000e-09  1.99850000e-09  0.00000000e+00  2.50000000e+00 -2.51000956e-12 
 1.99950000e-09  1.99950000e-09  0.00000000e+00  2.50000000e+00 -2.51001216e-12 
 2.00050000e-09  2.00050000e-09  0.00000000e+00  2.50000000e+00 -2.51001216e-12 
 2.00150000e-09  2.00150000e-09  0.00000000e+00  2.50000000e+00 -2.51001043e-12 
 2.00250000e-09  2.00250000e-09  0.00000000e+00  2.50000000e+00 -2.51000869e-12 
 2.00350000e-09  2.00350000e-09  0.00000000e+00  2.50000000e+00 -2.51000869e-12 
 2.00450000e-09  2.00450000e-09  0.00000000e+00  2.50000000e+00 -2.51000956e-12 
 2.00550000e-09  2.00550000e-09  0.00000000e+00  2.50000000e+00 -2.51000869e-12 
 2.00650000e-09  2.00650000e-09  0.00000000e+00  2.50000000e+00 -2.51000869e-12 
 2.00750000e-09  2.00750000e-09  0.00000000e+00  2.50000000e+00 -2.51001043e-12 
 2.00850000e-09  2.00850000e-09  0.00000000e+00  2.50000000e+00 -2.51001043e-12 
 2.00950000e-09  2.00950000e-09  0.00000000e+00  2.50000000e+00 -2.51000783e-12 
 2.01050000e-09  2.01050000e-09  0.00000000e+00  2.50000000e+00 -2.51001737e-12 
 2.01150000e-09  2.01150000e-09  0.00000000e+00  2.50000000e+00 -2.51000956e-12 
 2.01250000e-09  2.01250000e-09  0.00000000e+00  2.50000000e+00 -2.51001216e-12 
 2.01350000e-09  2.01350000e-09  0.00000000e+00  2.50000000e+00 -2.51001216e-12 
 2.01450000e-09  2.01450000e-09  0.00000000e+00  2.50000000e+00 -2.51001043e-12 
 2.01550000e-09  2.01550000e-09  0.00000000e+00  2.50000000e+00 -2.51000869e-12 
 2.01650000e-09  2.01650000e-09  0.00000000e+00  2.50000000e+00 -2.51000869e-12 
 2.01750000e-09  2.01750000e-09  0.00000000e+00  2.50000000e+00 -2.51000956e-12 
 2.01850000e-09  2.01850000e-09  0.00000000e+00  2.50000000e+00 -2.51000869e-12 
 2.01950000e-09  2.01950000e-09  0.00000000e+00  2.50000000e+00 -2.51000869e-12 
 2.02050000e-09  2.02050000e-09  0.00000000e+00  2.50000000e+00 -2.51001043e-12 
 2.02150000e-09  2.02150000e-09  0.00000000e+00  2.50000000e+00 -2.51001043e-12 
 2.02250000e-09  2.02250000e-09  0.00000000e+00  2.50000000e+00 -2.51000783e-12 
 2.02350000e-09  2.02350000e-09  0.00000000e+00  2.50000000e+00 -2.51001737e-12 
 2.02450000e-09  2.02450000e-09  0.00000000e+00  2.50000000e+00 -2.51000956e-12 
 2.02550000e-09  2.02550000e-09  0.00000000e+00  2.50000000e+00 -2.51001216e-12 
 2.02650000e-09  2.02650000e-09  0.00000000e+00  2.50000000e+00 -2.51001216e-12 
 2.02750000e-09  2.02750000e-09  0.00000000e+00  2.50000000e+00 -2.51001043e-12 
 2.02850000e-09  2.02850000e-09  0.00000000e+00  2.50000000e+00 -2.51000869e-12 
 2.02950000e-09  2.02950000e-09  0.00000000e+00  2.50000000e+00 -2.51000869e-12 
 2.03050000e-09  2.03050000e-09  0.00000000e+00  2.50000000e+00 -2.51000956e-12 
 2.03150000e-09  2.03150000e-09  0.00000000e+00  2.50000000e+00 -2.51000869e-12 
 2.03250000e-09  2.03250000e-09  0.00000000e+00  2.50000000e+00 -2.51000869e-12 
 2.03350000e-09  2.03350000e-09  0.00000000e+00  2.50000000e+00 -2.51001043e-12 
 2.03450000e-09  2.03450000e-09  0.00000000e+00  2.50000000e+00 -2.51001043e-12 
 2.03550000e-09  2.03550000e-09  0.00000000e+00  2.50000000e+00 -2.51000783e-12 
 2.03650000e-09  2.03650000e-09  0.00000000e+00  2.50000000e+00 -2.51001737e-12 
 2.03750000e-09  2.03750000e-09  0.00000000e+00  2.50000000e+00 -2.51000956e-12 
 2.03850000e-09  2.03850000e-09  0.00000000e+00  2.50000000e+00 -2.51001216e-12 
 2.03950000e-09  2.03950000e-09  0.00000000e+00  2.50000000e+00 -2.51001216e-12 
 2.04050000e-09  2.04050000e-09  0.00000000e+00  2.50000000e+00 -2.51001043e-12 
 2.04150000e-09  2.04150000e-09  0.00000000e+00  2.50000000e+00 -2.51000869e-12 
 2.04250000e-09  2.04250000e-09  0.00000000e+00  2.50000000e+00 -2.51000869e-12 
 2.04350000e-09  2.04350000e-09  0.00000000e+00  2.50000000e+00 -2.51000956e-12 
 2.04450000e-09  2.04450000e-09  0.00000000e+00  2.50000000e+00 -2.51000869e-12 
 2.04550000e-09  2.04550000e-09  0.00000000e+00  2.50000000e+00 -2.51000869e-12 
 2.04650000e-09  2.04650000e-09  0.00000000e+00  2.50000000e+00 -2.51001043e-12 
 2.04750000e-09  2.04750000e-09  0.00000000e+00  2.50000000e+00 -2.51001043e-12 
 2.04850000e-09  2.04850000e-09  0.00000000e+00  2.50000000e+00 -2.51000783e-12 
 2.04950000e-09  2.04950000e-09  0.00000000e+00  2.50000000e+00 -2.51001737e-12 
 2.05050000e-09  2.05050000e-09  0.00000000e+00  2.50000000e+00 -2.51000956e-12 
 2.05150000e-09  2.05150000e-09  0.00000000e+00  2.50000000e+00 -2.51001216e-12 
 2.05250000e-09  2.05250000e-09  0.00000000e+00  2.50000000e+00 -2.51001216e-12 
 2.05350000e-09  2.05350000e-09  0.00000000e+00  2.50000000e+00 -2.51001043e-12 
 2.05450000e-09  2.05450000e-09  0.00000000e+00  2.50000000e+00 -2.51000869e-12 
 2.05550000e-09  2.05550000e-09  0.00000000e+00  2.50000000e+00 -2.51000869e-12 
 2.05650000e-09  2.05650000e-09  0.00000000e+00  2.50000000e+00 -2.51000956e-12 
 2.05750000e-09  2.05750000e-09  0.00000000e+00  2.50000000e+00 -2.51000869e-12 
 2.05850000e-09  2.05850000e-09  0.00000000e+00  2.50000000e+00 -2.51000869e-12 
 2.05950000e-09  2.05950000e-09  0.00000000e+00  2.50000000e+00 -2.51001043e-12 
 2.06050000e-09  2.06050000e-09  0.00000000e+00  2.50000000e+00 -2.51001043e-12 
 2.06150000e-09  2.06150000e-09  0.00000000e+00  2.50000000e+00 -2.51000783e-12 
 2.06250000e-09  2.06250000e-09  0.00000000e+00  2.50000000e+00 -2.51001737e-12 
 2.06350000e-09  2.06350000e-09  0.00000000e+00  2.50000000e+00 -2.51000956e-12 
 2.06450000e-09  2.06450000e-09  0.00000000e+00  2.50000000e+00 -2.51001216e-12 
 2.06550000e-09  2.06550000e-09  0.00000000e+00  2.50000000e+00 -2.51001216e-12 
 2.06650000e-09  2.06650000e-09  0.00000000e+00  2.50000000e+00 -2.51001043e-12 
 2.06750000e-09  2.06750000e-09  0.00000000e+00  2.50000000e+00 -2.51000869e-12 
 2.06850000e-09  2.06850000e-09  0.00000000e+00  2.50000000e+00 -2.51000869e-12 
 2.06950000e-09  2.06950000e-09  0.00000000e+00  2.50000000e+00 -2.51000956e-12 
 2.07050000e-09  2.07050000e-09  0.00000000e+00  2.50000000e+00 -2.51000869e-12 
 2.07150000e-09  2.07150000e-09  0.00000000e+00  2.50000000e+00 -2.51000869e-12 
 2.07250000e-09  2.07250000e-09  0.00000000e+00  2.50000000e+00 -2.51001043e-12 
 2.07350000e-09  2.07350000e-09  0.00000000e+00  2.50000000e+00 -2.51001043e-12 
 2.07450000e-09  2.07450000e-09  0.00000000e+00  2.50000000e+00 -2.51000783e-12 
 2.07550000e-09  2.07550000e-09  0.00000000e+00  2.50000000e+00 -2.51001737e-12 
 2.07650000e-09  2.07650000e-09  0.00000000e+00  2.50000000e+00 -2.51000956e-12 
 2.07750000e-09  2.07750000e-09  0.00000000e+00  2.50000000e+00 -2.51001216e-12 
 2.07850000e-09  2.07850000e-09  0.00000000e+00  2.50000000e+00 -2.51001216e-12 
 2.07950000e-09  2.07950000e-09  0.00000000e+00  2.50000000e+00 -2.51001043e-12 
 2.08050000e-09  2.08050000e-09  0.00000000e+00  2.50000000e+00 -2.51000869e-12 
 2.08150000e-09  2.08150000e-09  0.00000000e+00  2.50000000e+00 -2.51000869e-12 
 2.08250000e-09  2.08250000e-09  0.00000000e+00  2.50000000e+00 -2.51000956e-12 
 2.08350000e-09  2.08350000e-09  0.00000000e+00  2.50000000e+00 -2.51000869e-12 
 2.08450000e-09  2.08450000e-09  0.00000000e+00  2.50000000e+00 -2.51000869e-12 
 2.08550000e-09  2.08550000e-09  0.00000000e+00  2.50000000e+00 -2.51001043e-12 
 2.08650000e-09  2.08650000e-09  0.00000000e+00  2.50000000e+00 -2.51001043e-12 
 2.08750000e-09  2.08750000e-09  0.00000000e+00  2.50000000e+00 -2.51000783e-12 
 2.08850000e-09  2.08850000e-09  0.00000000e+00  2.50000000e+00 -2.51001737e-12 
 2.08950000e-09  2.08950000e-09  0.00000000e+00  2.50000000e+00 -2.51000956e-12 
 2.09050000e-09  2.09050000e-09  0.00000000e+00  2.50000000e+00 -2.51001216e-12 
 2.09150000e-09  2.09150000e-09  0.00000000e+00  2.50000000e+00 -2.51001216e-12 
 2.09250000e-09  2.09250000e-09  0.00000000e+00  2.50000000e+00 -2.51001043e-12 
 2.09350000e-09  2.09350000e-09  0.00000000e+00  2.50000000e+00 -2.51000869e-12 
 2.09450000e-09  2.09450000e-09  0.00000000e+00  2.50000000e+00 -2.51000869e-12 
 2.09550000e-09  2.09550000e-09  0.00000000e+00  2.50000000e+00 -2.51000956e-12 
 2.09650000e-09  2.09650000e-09  0.00000000e+00  2.50000000e+00 -2.51000869e-12 
 2.09750000e-09  2.09750000e-09  0.00000000e+00  2.50000000e+00 -2.51000869e-12 
 2.09850000e-09  2.09850000e-09  0.00000000e+00  2.50000000e+00 -2.51001043e-12 
 2.09950000e-09  2.09950000e-09  0.00000000e+00  2.50000000e+00 -2.51001043e-12 
 2.10050000e-09  2.10050000e-09  0.00000000e+00  2.50000000e+00 -2.51000783e-12 
 2.10150000e-09  2.10150000e-09  0.00000000e+00  2.50000000e+00 -2.51001737e-12 
 2.10250000e-09  2.10250000e-09  0.00000000e+00  2.50000000e+00 -2.51000956e-12 
 2.10350000e-09  2.10350000e-09  0.00000000e+00  2.50000000e+00 -2.51001216e-12 
 2.10450000e-09  2.10450000e-09  0.00000000e+00  2.50000000e+00 -2.51001216e-12 
 2.10550000e-09  2.10550000e-09  0.00000000e+00  2.50000000e+00 -2.51001043e-12 
 2.10650000e-09  2.10650000e-09  0.00000000e+00  2.50000000e+00 -2.51000869e-12 
 2.10750000e-09  2.10750000e-09  0.00000000e+00  2.50000000e+00 -2.51000869e-12 
 2.10850000e-09  2.10850000e-09  0.00000000e+00  2.50000000e+00 -2.51000956e-12 
 2.10950000e-09  2.10950000e-09  0.00000000e+00  2.50000000e+00 -2.51000869e-12 
 2.11050000e-09  2.11050000e-09  0.00000000e+00  2.50000000e+00 -2.51000869e-12 
 2.11150000e-09  2.11150000e-09  0.00000000e+00  2.50000000e+00 -2.51001043e-12 
 2.11250000e-09  2.11250000e-09  0.00000000e+00  2.50000000e+00 -2.51001043e-12 
 2.11350000e-09  2.11350000e-09  0.00000000e+00  2.50000000e+00 -2.51000783e-12 
 2.11450000e-09  2.11450000e-09  0.00000000e+00  2.50000000e+00 -2.51001737e-12 
 2.11550000e-09  2.11550000e-09  0.00000000e+00  2.50000000e+00 -2.51000956e-12 
 2.11650000e-09  2.11650000e-09  0.00000000e+00  2.50000000e+00 -2.51001216e-12 
 2.11750000e-09  2.11750000e-09  0.00000000e+00  2.50000000e+00 -2.51001216e-12 
 2.11850000e-09  2.11850000e-09  0.00000000e+00  2.50000000e+00 -2.51001043e-12 
 2.11950000e-09  2.11950000e-09  0.00000000e+00  2.50000000e+00 -2.51000869e-12 
 2.12050000e-09  2.12050000e-09  0.00000000e+00  2.50000000e+00 -2.51000869e-12 
 2.12150000e-09  2.12150000e-09  0.00000000e+00  2.50000000e+00 -2.51000956e-12 
 2.12250000e-09  2.12250000e-09  0.00000000e+00  2.50000000e+00 -2.51000869e-12 
 2.12350000e-09  2.12350000e-09  0.00000000e+00  2.50000000e+00 -2.51000869e-12 
 2.12450000e-09  2.12450000e-09  0.00000000e+00  2.50000000e+00 -2.51001043e-12 
 2.12550000e-09  2.12550000e-09  0.00000000e+00  2.50000000e+00 -2.51001043e-12 
 2.12650000e-09  2.12650000e-09  0.00000000e+00  2.50000000e+00 -2.51000783e-12 
 2.12750000e-09  2.12750000e-09  0.00000000e+00  2.50000000e+00 -2.51001737e-12 
 2.12850000e-09  2.12850000e-09  0.00000000e+00  2.50000000e+00 -2.51000956e-12 
 2.12950000e-09  2.12950000e-09  0.00000000e+00  2.50000000e+00 -2.51001216e-12 
 2.13050000e-09  2.13050000e-09  0.00000000e+00  2.50000000e+00 -2.51001216e-12 
 2.13150000e-09  2.13150000e-09  0.00000000e+00  2.50000000e+00 -2.51001043e-12 
 2.13250000e-09  2.13250000e-09  0.00000000e+00  2.50000000e+00 -2.51000869e-12 
 2.13350000e-09  2.13350000e-09  0.00000000e+00  2.50000000e+00 -2.51000869e-12 
 2.13450000e-09  2.13450000e-09  0.00000000e+00  2.50000000e+00 -2.51000956e-12 
 2.13550000e-09  2.13550000e-09  0.00000000e+00  2.50000000e+00 -2.51000869e-12 
 2.13650000e-09  2.13650000e-09  0.00000000e+00  2.50000000e+00 -2.51000869e-12 
 2.13750000e-09  2.13750000e-09  0.00000000e+00  2.50000000e+00 -2.51001043e-12 
 2.13850000e-09  2.13850000e-09  0.00000000e+00  2.50000000e+00 -2.51001043e-12 
 2.13950000e-09  2.13950000e-09  0.00000000e+00  2.50000000e+00 -2.51000783e-12 
 2.14050000e-09  2.14050000e-09  0.00000000e+00  2.50000000e+00 -2.51001737e-12 
 2.14150000e-09  2.14150000e-09  0.00000000e+00  2.50000000e+00 -2.51000956e-12 
 2.14250000e-09  2.14250000e-09  0.00000000e+00  2.50000000e+00 -2.51001216e-12 
 2.14350000e-09  2.14350000e-09  0.00000000e+00  2.50000000e+00 -2.51001216e-12 
 2.14450000e-09  2.14450000e-09  0.00000000e+00  2.50000000e+00 -2.51001043e-12 
 2.14550000e-09  2.14550000e-09  0.00000000e+00  2.50000000e+00 -2.51000869e-12 
 2.14650000e-09  2.14650000e-09  0.00000000e+00  2.50000000e+00 -2.51000869e-12 
 2.14750000e-09  2.14750000e-09  0.00000000e+00  2.50000000e+00 -2.51000956e-12 
 2.14850000e-09  2.14850000e-09  0.00000000e+00  2.50000000e+00 -2.51000869e-12 
 2.14950000e-09  2.14950000e-09  0.00000000e+00  2.50000000e+00 -2.51000869e-12 
 2.15050000e-09  2.15050000e-09  0.00000000e+00  2.50000000e+00 -2.51001043e-12 
 2.15150000e-09  2.15150000e-09  0.00000000e+00  2.50000000e+00 -2.51001043e-12 
 2.15250000e-09  2.15250000e-09  0.00000000e+00  2.50000000e+00 -2.51000783e-12 
 2.15350000e-09  2.15350000e-09  0.00000000e+00  2.50000000e+00 -2.51001737e-12 
 2.15450000e-09  2.15450000e-09  0.00000000e+00  2.50000000e+00 -2.51000956e-12 
 2.15550000e-09  2.15550000e-09  0.00000000e+00  2.50000000e+00 -2.51001216e-12 
 2.15650000e-09  2.15650000e-09  0.00000000e+00  2.50000000e+00 -2.51001216e-12 
 2.15750000e-09  2.15750000e-09  0.00000000e+00  2.50000000e+00 -2.51001043e-12 
 2.15850000e-09  2.15850000e-09  0.00000000e+00  2.50000000e+00 -2.51000869e-12 
 2.15950000e-09  2.15950000e-09  0.00000000e+00  2.50000000e+00 -2.51000869e-12 
 2.16050000e-09  2.16050000e-09  0.00000000e+00  2.50000000e+00 -2.51000956e-12 
 2.16150000e-09  2.16150000e-09  0.00000000e+00  2.50000000e+00 -2.51000869e-12 
 2.16250000e-09  2.16250000e-09  0.00000000e+00  2.50000000e+00 -2.51000869e-12 
 2.16350000e-09  2.16350000e-09  0.00000000e+00  2.50000000e+00 -2.51001043e-12 
 2.16450000e-09  2.16450000e-09  0.00000000e+00  2.50000000e+00 -2.51001043e-12 
 2.16550000e-09  2.16550000e-09  0.00000000e+00  2.50000000e+00 -2.51000783e-12 
 2.16650000e-09  2.16650000e-09  0.00000000e+00  2.50000000e+00 -2.51001737e-12 
 2.16750000e-09  2.16750000e-09  0.00000000e+00  2.50000000e+00 -2.51000956e-12 
 2.16850000e-09  2.16850000e-09  0.00000000e+00  2.50000000e+00 -2.51001216e-12 
 2.16950000e-09  2.16950000e-09  0.00000000e+00  2.50000000e+00 -2.51001216e-12 
 2.17050000e-09  2.17050000e-09  0.00000000e+00  2.50000000e+00 -2.51001043e-12 
 2.17150000e-09  2.17150000e-09  0.00000000e+00  2.50000000e+00 -2.51000869e-12 
 2.17250000e-09  2.17250000e-09  0.00000000e+00  2.50000000e+00 -2.51000869e-12 
 2.17350000e-09  2.17350000e-09  0.00000000e+00  2.50000000e+00 -2.51000956e-12 
 2.17450000e-09  2.17450000e-09  0.00000000e+00  2.50000000e+00 -2.51000869e-12 
 2.17550000e-09  2.17550000e-09  0.00000000e+00  2.50000000e+00 -2.51000869e-12 
 2.17650000e-09  2.17650000e-09  0.00000000e+00  2.50000000e+00 -2.51001043e-12 
 2.17750000e-09  2.17750000e-09  0.00000000e+00  2.50000000e+00 -2.51001043e-12 
 2.17850000e-09  2.17850000e-09  0.00000000e+00  2.50000000e+00 -2.51000783e-12 
 2.17950000e-09  2.17950000e-09  0.00000000e+00  2.50000000e+00 -2.51001737e-12 
 2.18050000e-09  2.18050000e-09  0.00000000e+00  2.50000000e+00 -2.51000956e-12 
 2.18150000e-09  2.18150000e-09  0.00000000e+00  2.50000000e+00 -2.51001216e-12 
 2.18250000e-09  2.18250000e-09  0.00000000e+00  2.50000000e+00 -2.51001216e-12 
 2.18350000e-09  2.18350000e-09  0.00000000e+00  2.50000000e+00 -2.51001043e-12 
 2.18450000e-09  2.18450000e-09  0.00000000e+00  2.50000000e+00 -2.51000869e-12 
 2.18550000e-09  2.18550000e-09  0.00000000e+00  2.50000000e+00 -2.51000869e-12 
 2.18650000e-09  2.18650000e-09  0.00000000e+00  2.50000000e+00 -2.51000956e-12 
 2.18750000e-09  2.18750000e-09  0.00000000e+00  2.50000000e+00 -2.51000869e-12 
 2.18850000e-09  2.18850000e-09  0.00000000e+00  2.50000000e+00 -2.51000869e-12 
 2.18950000e-09  2.18950000e-09  0.00000000e+00  2.50000000e+00 -2.51001043e-12 
 2.19050000e-09  2.19050000e-09  0.00000000e+00  2.50000000e+00 -2.51001043e-12 
 2.19150000e-09  2.19150000e-09  0.00000000e+00  2.50000000e+00 -2.51000783e-12 
 2.19250000e-09  2.19250000e-09  0.00000000e+00  2.50000000e+00 -2.51001737e-12 
 2.19350000e-09  2.19350000e-09  0.00000000e+00  2.50000000e+00 -2.51000956e-12 
 2.19450000e-09  2.19450000e-09  0.00000000e+00  2.50000000e+00 -2.51001216e-12 
 2.19550000e-09  2.19550000e-09  0.00000000e+00  2.50000000e+00 -2.51001216e-12 
 2.19650000e-09  2.19650000e-09  0.00000000e+00  2.50000000e+00 -2.51001043e-12 
 2.19750000e-09  2.19750000e-09  0.00000000e+00  2.50000000e+00 -2.51000869e-12 
 2.19850000e-09  2.19850000e-09  0.00000000e+00  2.50000000e+00 -2.51000869e-12 
 2.19925000e-09  2.19925000e-09  0.00000000e+00  2.50000000e+00 -2.51001130e-12 
 2.20000000e-09  2.20000000e-09  0.00000000e+00  2.50000000e+00 -2.51000783e-12 
 2.20010000e-09  2.20010000e-09  1.25000000e-02  2.50332333e+00  4.24575854e-04 
 2.20030000e-09  2.20030000e-09  3.75000000e-02  2.50988684e+00  4.35832061e-04 
 2.20070000e-09  2.20070000e-09  8.75000000e-02  2.52253201e+00  4.57308745e-04 
 2.20150000e-09  2.20150000e-09  1.87500000e-01  2.54610267e+00  4.94230196e-04 
 2.20250000e-09  2.20250000e-09  3.12500000e-01  2.57283203e+00  5.31547446e-04 
 2.20350000e-09  2.20350000e-09  4.37500000e-01  2.59714114e+00  5.59824057e-04 
 2.20450000e-09  2.20450000e-09  5.62500000e-01  2.61930982e+00  5.80576905e-04 
 2.20550000e-09  2.20550000e-09  6.87500000e-01  2.63900544e+00  5.93188482e-04 
 2.20650000e-09  2.20650000e-09  8.12500000e-01  2.65564550e+00  5.98085426e-04 
 2.20750000e-09  2.20750000e-09  9.37500000e-01  2.66865302e+00  5.94684031e-04 
 2.20850000e-09  2.20850000e-09  1.06250000e+00  2.67743921e+00  5.83936788e-04 
 2.20950000e-09  2.20950000e-09  1.18750000e+00  2.68138590e+00  5.65800626e-04 
 2.21050000e-09  2.21050000e-09  1.31250000e+00  2.67982636e+00  5.41828682e-04 
 2.21150000e-09  2.21150000e-09  1.43750000e+00  2.67202329e+00  5.12672362e-04 
 2.21250000e-09  2.21250000e-09  1.56250000e+00  2.65714262e+00  4.80715696e-04 
 2.21350000e-09  2.21350000e-09  1.68750000e+00  2.63422141e+00  4.47632301e-04 
 2.21450000e-09  2.21450000e-09  1.81250000e+00  2.60212748e+00  4.17086465e-04 
 2.21550000e-09  2.21550000e-09  1.93750000e+00  2.55951075e+00  3.92309711e-04 
 2.21650000e-09  2.21650000e-09  2.06250000e+00  2.50386315e+00  4.01235102e-04 
 2.21750000e-09  2.21750000e-09  2.18750000e+00  2.41377035e+00  4.78724954e-04 
 2.21850000e-09  2.21850000e-09  2.31250000e+00  2.28115286e+00  4.37668681e-04 
 2.21925000e-09  2.21925000e-09  2.40625000e+00  2.16888849e+00  4.54407568e-04 
 2.22000000e-09  2.22000000e-09  2.50000000e+00  2.04548764e+00  5.47302999e-04 
 2.22010000e-09  2.22010000e-09  2.50000000e+00  2.02686318e+00 -4.82740452e-13 
 2.22030000e-09  2.22030000e-09  2.50000000e+00  1.98976519e+00 -5.20573970e-13 
 2.22070000e-09  2.22070000e-09  2.50000000e+00  1.91632287e+00 -5.93308518e-13 
 2.22150000e-09  2.22150000e-09  2.50000000e+00  1.77286475e+00 -7.37502163e-13 
 2.22250000e-09  2.22250000e-09  2.50000000e+00  1.60092907e+00 -9.08702326e-13 
 2.22350000e-09  2.22350000e-09  2.50000000e+00  1.43838771e+00 -1.07197920e-12 
 2.22450000e-09  2.22450000e-09  2.50000000e+00  1.28626786e+00 -1.22336353e-12 
 2.22550000e-09  2.22550000e-09  2.50000000e+00  1.14524112e+00 -1.36512579e-12 
 2.22650000e-09  2.22650000e-09  2.50000000e+00  1.01563226e+00 -1.49399913e-12 
 2.22750000e-09  2.22750000e-09  2.50000000e+00  8.97456878e-01 -1.61291004e-12 
 2.22850000e-09  2.22850000e-09  2.50000000e+00  7.90472614e-01 -1.71915878e-12 
 2.22950000e-09  2.22950000e-09  2.50000000e+00  6.94235404e-01 -1.81613151e-12 
 2.23050000e-09  2.23050000e-09  2.50000000e+00  6.08154449e-01 -1.90147694e-12 
 2.23150000e-09  2.23150000e-09  2.50000000e+00  5.31541968e-01 -1.97882495e-12 
 2.23250000e-09  2.23250000e-09  2.50000000e+00  4.63655600e-01 -2.04597579e-12 
 2.23350000e-09  2.23350000e-09  2.50000000e+00  4.03732701e-01 -2.10663421e-12 
 2.23450000e-09  2.23450000e-09  2.50000000e+00  3.51016773e-01 -2.15861462e-12 
 2.23550000e-09  2.23550000e-09  2.50000000e+00  3.04776793e-01 -2.20559012e-12 
 2.23650000e-09  2.23650000e-09  2.50000000e+00  2.64320492e-01 -2.24531090e-12 
 2.23750000e-09  2.23750000e-09  2.50000000e+00  2.29002709e-01 -2.28136421e-12 
 2.23850000e-09  2.23850000e-09  2.50000000e+00  1.98229891e-01 -2.31140150e-12 
 2.23950000e-09  2.23950000e-09  2.50000000e+00  1.71447744e-01 -2.33891917e-12 
 2.24050000e-09  2.24050000e-09  2.50000000e+00  1.48173962e-01 -2.36145743e-12 
 2.24150000e-09  2.24150000e-09  2.50000000e+00  1.27989300e-01 -2.38237761e-12 
 2.24250000e-09  2.24250000e-09  2.50000000e+00  1.10501826e-01 -2.39912957e-12 
 2.24350000e-09  2.24350000e-09  2.50000000e+00  9.53646231e-02 -2.41500229e-12 
 2.24450000e-09  2.24450000e-09  2.50000000e+00  8.22718923e-02 -2.42735950e-12 
 2.24550000e-09  2.24550000e-09  2.50000000e+00  7.09550092e-02 -2.43941191e-12 
 2.24650000e-09  2.24650000e-09  2.50000000e+00  6.11786966e-02 -2.44845270e-12 
 2.24750000e-09  2.24750000e-09  2.50000000e+00  5.27373981e-02 -2.45762952e-12 
 2.24850000e-09  2.24850000e-09  2.50000000e+00  4.54519051e-02 -2.46417949e-12 
 2.24950000e-09  2.24950000e-09  2.50000000e+00  3.91662630e-02 -2.47120065e-12 
 2.25050000e-09  2.25050000e-09  2.50000000e+00  3.37449636e-02 -2.47588643e-12 
 2.25150000e-09  2.25150000e-09  2.50000000e+00  2.90704208e-02 -2.48129649e-12 
 2.25250000e-09  2.25250000e-09  2.50000000e+00  2.50407157e-02 -2.48459068e-12 
 2.25350000e-09  2.25350000e-09  2.50000000e+00  2.15675953e-02 -2.48879932e-12 
 2.25450000e-09  2.25450000e-09  2.50000000e+00  1.85747033e-02 -2.49105669e-12 
 2.25550000e-09  2.25550000e-09  2.50000000e+00  1.59960241e-02 -2.49437089e-12 
 2.25650000e-09  2.25650000e-09  2.50000000e+00  1.37745169e-02 -2.49585687e-12 
 2.25750000e-09  2.25750000e-09  2.50000000e+00  1.18609222e-02 -2.49850599e-12 
 2.25850000e-09  2.25850000e-09  2.50000000e+00  1.02127190e-02 -2.49941867e-12 
 2.25950000e-09  2.25950000e-09  2.50000000e+00  8.79321740e-03 -2.50157370e-12 
 2.26050000e-09  2.26050000e-09  2.50000000e+00  7.57076971e-03 -2.50206062e-12 
 2.26150000e-09  2.26150000e-09  2.50000000e+00  6.51808520e-03 -2.50384883e-12 
 2.26250000e-09  2.26250000e-09  2.50000000e+00  5.61163612e-03 -2.50401976e-12 
 2.26350000e-09  2.26350000e-09  2.50000000e+00  4.83114317e-03 -2.50553577e-12 
 2.26450000e-09  2.26450000e-09  2.50000000e+00  4.15913016e-03 -2.50547226e-12 
 2.26550000e-09  2.26550000e-09  2.50000000e+00  3.58053892e-03 -2.50678638e-12 
 2.26650000e-09  2.26650000e-09  2.50000000e+00  3.08239651e-03 -2.50654900e-12 
 2.26750000e-09  2.26750000e-09  2.50000000e+00  2.65352776e-03 -2.50771339e-12 
 2.26850000e-09  2.26850000e-09  2.50000000e+00  2.28430707e-03 -2.50734708e-12 
 2.26950000e-09  2.26950000e-09  2.50000000e+00  1.96644429e-03 -2.50840047e-12 
 2.27050000e-09  2.27050000e-09  2.50000000e+00  1.69279996e-03 -2.50793859e-12 
 2.27150000e-09  2.27150000e-09  2.50000000e+00  1.45722599e-03 -2.50890969e-12 
 2.27250000e-09  2.27250000e-09  2.50000000e+00  1.25442826e-03 -2.50837696e-12 
 2.27350000e-09  2.27350000e-09  2.50000000e+00  1.07984826e-03 -2.50928707e-12 
 2.27450000e-09  2.27450000e-09  2.50000000e+00  9.29561026e-04 -2.50870183e-12 
 2.27550000e-09  2.27550000e-09  2.50000000e+00  8.00187186e-04 -2.50956673e-12 
 2.27650000e-09  2.27650000e-09  2.50000000e+00  6.88817229e-04 -2.50894257e-12 
 2.27750000e-09  2.27750000e-09  2.50000000e+00  5.92946237e-04 -2.50977397e-12 
 2.27850000e-09  2.27850000e-09  2.50000000e+00  5.10417667e-04 -2.50912097e-12 
 2.27950000e-09  2.27950000e-09  2.50000000e+00  4.39374937e-04 -2.50992754e-12 
 2.28050000e-09  2.28050000e-09  2.50000000e+00  3.78219733e-04 -2.50925317e-12 
 2.28150000e-09  2.28150000e-09  2.50000000e+00  3.25576096e-04 -2.51004134e-12 
 2.28250000e-09  2.28250000e-09  2.50000000e+00  2.80259507e-04 -2.50935113e-12 
 2.28350000e-09  2.28350000e-09  2.50000000e+00  2.41250261e-04 -2.51012566e-12 
 2.28450000e-09  2.28450000e-09  2.50000000e+00  2.07670542e-04 -2.50942372e-12 
 2.28550000e-09  2.28550000e-09  2.50000000e+00  1.78764686e-04 -2.51018815e-12 
 2.28650000e-09  2.28650000e-09  2.50000000e+00  1.53882187e-04 -2.50947751e-12 
 2.28750000e-09  2.28750000e-09  2.50000000e+00  1.32463068e-04 -2.51023445e-12 
 2.28850000e-09  2.28850000e-09  2.50000000e+00  1.14025282e-04 -2.50951737e-12 
 2.28950000e-09  2.28950000e-09  2.50000000e+00  9.81538719e-05 -2.51026876e-12 
 2.29050000e-09  2.29050000e-09  2.50000000e+00  8.44916312e-05 -2.50954690e-12 
 2.29150000e-09  2.29150000e-09  2.50000000e+00  7.27310700e-05 -2.51029418e-12 
 2.29250000e-09  2.29250000e-09  2.50000000e+00  6.26074949e-05 -2.50956878e-12 
 2.29350000e-09  2.29350000e-09  2.50000000e+00  5.38930534e-05 -2.51031302e-12 
 2.29450000e-09  2.29450000e-09  2.50000000e+00  4.63916070e-05 -2.50958500e-12 
 2.29550000e-09  2.29550000e-09  2.50000000e+00  3.99343168e-05 -2.51032698e-12 
 2.29650000e-09  2.29650000e-09  2.50000000e+00  3.43758443e-05 -2.50959702e-12 
 2.29750000e-09  2.29750000e-09  2.50000000e+00  2.95910805e-05 -2.51033732e-12 
 2.29850000e-09  2.29850000e-09  2.50000000e+00  2.54723306e-05 -2.50960592e-12 
 2.29950000e-09  2.29950000e-09  2.50000000e+00  2.19268895e-05 -2.51034499e-12 
 2.30050000e-09  2.30050000e-09  2.50000000e+00  1.88749562e-05 -2.50961252e-12 
 2.30150000e-09  2.30150000e-09  2.50000000e+00  1.62478373e-05 -2.51035067e-12 
 2.30250000e-09  2.30250000e-09  2.50000000e+00  1.39864009e-05 -2.50961741e-12 
 2.30350000e-09  2.30350000e-09  2.50000000e+00  1.20397459e-05 -2.51035487e-12 
 2.30450000e-09  2.30450000e-09  2.50000000e+00  1.03640565e-05 -2.50962103e-12 
 2.30550000e-09  2.30550000e-09  2.50000000e+00  8.92161554e-06 -2.51035799e-12 
 2.30650000e-09  2.30650000e-09  2.50000000e+00  7.67995601e-06 -2.50962371e-12 
 2.30750000e-09  2.30750000e-09  2.50000000e+00  6.61113006e-06 -2.51036030e-12 
 2.30850000e-09  2.30850000e-09  2.50000000e+00  5.69108008e-06 -2.50962570e-12 
 2.30950000e-09  2.30950000e-09  2.50000000e+00  4.89909712e-06 -2.51036202e-12 
 2.31050000e-09  2.31050000e-09  2.50000000e+00  4.21735482e-06 -2.50962717e-12 
 2.31150000e-09  2.31150000e-09  2.50000000e+00  3.63050819e-06 -2.51036328e-12 
 2.31250000e-09  2.31250000e-09  2.50000000e+00  3.12534815e-06 -2.50962827e-12 
 2.31350000e-09  2.31350000e-09  2.50000000e+00  2.69050428e-06 -2.51036422e-12 
 2.31450000e-09  2.31450000e-09  2.50000000e+00  2.31618887e-06 -2.50962908e-12 
 2.31550000e-09  2.31550000e-09  2.50000000e+00  1.99397663e-06 -2.51036492e-12 
 2.31650000e-09  2.31650000e-09  2.50000000e+00  1.71661500e-06 -2.50962967e-12 
 2.31750000e-09  2.31750000e-09  2.50000000e+00  1.47786097e-06 -2.51036544e-12 
 2.31850000e-09  2.31850000e-09  2.50000000e+00  1.27234052e-06 -2.50963012e-12 
 2.31950000e-09  2.31950000e-09  2.50000000e+00  1.09542768e-06 -2.51036582e-12 
 2.32050000e-09  2.32050000e-09  2.50000000e+00  9.43140389e-07 -2.50963045e-12 
 2.32150000e-09  2.32150000e-09  2.50000000e+00  8.12050866e-07 -2.51036610e-12 
 2.32250000e-09  2.32250000e-09  2.50000000e+00  6.99208472e-07 -2.50963069e-12 
 2.32350000e-09  2.32350000e-09  2.50000000e+00  6.02073281e-07 -2.51036631e-12 
 2.32450000e-09  2.32450000e-09  2.50000000e+00  5.18458914e-07 -2.50963087e-12 
 2.32550000e-09  2.32550000e-09  2.50000000e+00  4.46483328e-07 -2.51036647e-12 
 2.32650000e-09  2.32650000e-09  2.50000000e+00  3.84526453e-07 -2.50963101e-12 
 2.32750000e-09  2.32750000e-09  2.50000000e+00  3.31193723e-07 -2.51036658e-12 
 2.32850000e-09  2.32850000e-09  2.50000000e+00  2.85284694e-07 -2.50963111e-12 
 2.32950000e-09  2.32950000e-09  2.50000000e+00  2.45766016e-07 -2.51036667e-12 
 2.33050000e-09  2.33050000e-09  2.50000000e+00  2.11748177e-07 -2.50963118e-12 
 2.33150000e-09  2.33150000e-09  2.50000000e+00  1.82465485e-07 -2.51036673e-12 
 2.33250000e-09  2.33250000e-09  2.50000000e+00  1.57258825e-07 -2.50963123e-12 
 2.33350000e-09  2.33350000e-09  2.50000000e+00  1.35560831e-07 -2.51036678e-12 
 2.33450000e-09  2.33450000e-09  2.50000000e+00  1.16883110e-07 -2.50963127e-12 
 2.33550000e-09  2.33550000e-09  2.50000000e+00  1.00805252e-07 -2.51036681e-12 
 2.33650000e-09  2.33650000e-09  2.50000000e+00  8.69653668e-08 -2.50963130e-12 
 2.33750000e-09  2.33750000e-09  2.50000000e+00  7.50519380e-08 -2.51036684e-12 
 2.33850000e-09  2.33850000e-09  2.50000000e+00  6.47968104e-08 -2.50963133e-12 
 2.33950000e-09  2.33950000e-09  2.50000000e+00  5.59691554e-08 -2.51036686e-12 
 2.34050000e-09  2.34050000e-09  2.50000000e+00  4.83702742e-08 -2.50963134e-12 
 2.34150000e-09  2.34150000e-09  2.50000000e+00  4.18291266e-08 -2.51036687e-12 
 2.34250000e-09  2.34250000e-09  2.50000000e+00  3.61984803e-08 -2.50963136e-12 
 2.34350000e-09  2.34350000e-09  2.50000000e+00  3.13515972e-08 -2.51036688e-12 
 2.34450000e-09  2.34450000e-09  2.50000000e+00  2.71793807e-08 -2.50963136e-12 
 2.34550000e-09  2.34550000e-09  2.50000000e+00  2.35879198e-08 -2.51036689e-12 
 2.34650000e-09  2.34650000e-09  2.50000000e+00  2.04963758e-08 -2.50963137e-12 
 2.34750000e-09  2.34750000e-09  2.50000000e+00  1.78351624e-08 -2.51036690e-12 
 2.34850000e-09  2.34850000e-09  2.50000000e+00  1.55443790e-08 -2.50963138e-12 
 2.34950000e-09  2.34950000e-09  2.50000000e+00  1.35724637e-08 -2.51036690e-12 
 2.35050000e-09  2.35050000e-09  2.50000000e+00  1.18750309e-08 -2.50963138e-12 
 2.35150000e-09  2.35150000e-09  2.50000000e+00  1.04138738e-08 -2.51036690e-12 
 2.35250000e-09  2.35250000e-09  2.50000000e+00  9.15610406e-09 -2.50963138e-12 
 2.35350000e-09  2.35350000e-09  2.50000000e+00  8.07341075e-09 -2.51036691e-12 
 2.35450000e-09  2.35450000e-09  2.50000000e+00  7.14142390e-09 -2.50963138e-12 
 2.35550000e-09  2.35550000e-09  2.50000000e+00  6.33916593e-09 -2.51036691e-12 
 2.35650000e-09  2.35650000e-09  2.50000000e+00  5.64857906e-09 -2.50963139e-12 
 2.35750000e-09  2.35750000e-09  2.50000000e+00  5.05411888e-09 -2.51036691e-12 
 2.35850000e-09  2.35850000e-09  2.50000000e+00  4.54240526e-09 -2.50963139e-12 
 2.35950000e-09  2.35950000e-09  2.50000000e+00  4.10192009e-09 -2.51036691e-12 
 2.36050000e-09  2.36050000e-09  2.50000000e+00  3.72274873e-09 -2.50963139e-12 
 2.36150000e-09  2.36150000e-09  2.50000000e+00  3.39635662e-09 -2.51036691e-12 
 2.36250000e-09  2.36250000e-09  2.50000000e+00  3.11539682e-09 -2.50963139e-12 
 2.36350000e-09  2.36350000e-09  2.50000000e+00  2.87354549e-09 -2.51036691e-12 
 2.36450000e-09  2.36450000e-09  2.50000000e+00  2.66535897e-09 -2.50963139e-12 
 2.36550000e-09  2.36550000e-09  2.50000000e+00  2.48615121e-09 -2.51036691e-12 
 2.36650000e-09  2.36650000e-09  2.50000000e+00  2.33188842e-09 -2.50963139e-12 
 2.36750000e-09  2.36750000e-09  2.50000000e+00  2.19909841e-09 -2.51036691e-12 
 2.36850000e-09  2.36850000e-09  2.50000000e+00  2.08479213e-09 -2.50963139e-12 
 2.36950000e-09  2.36950000e-09  2.50000000e+00  1.98639691e-09 -2.51036691e-12 
 2.37050000e-09  2.37050000e-09  2.50000000e+00  1.90169786e-09 -2.50963139e-12 
 2.37150000e-09  2.37150000e-09  2.50000000e+00  1.82878871e-09 -2.51036691e-12 
 2.37250000e-09  2.37250000e-09  2.50000000e+00  1.76602810e-09 -2.50963139e-12 
 2.37350000e-09  2.37350000e-09  2.50000000e+00  1.71200355e-09 -2.51036691e-12 
 2.37450000e-09  2.37450000e-09  2.50000000e+00  1.66549891e-09 -2.50963139e-12 
 2.37550000e-09  2.37550000e-09  2.50000000e+00  1.62546757e-09 -2.51036691e-12 
 2.37650000e-09  2.37650000e-09  2.50000000e+00  1.59100862e-09 -2.50963139e-12 
 2.37750000e-09  2.37750000e-09  2.50000000e+00  1.56134612e-09 -2.51036691e-12 
 2.37850000e-09  2.37850000e-09  2.50000000e+00  1.53581253e-09 -2.50963139e-12 
 2.37950000e-09  2.37950000e-09  2.50000000e+00  1.51383299e-09 -2.51036691e-12 
 2.38050000e-09  2.38050000e-09  2.50000000e+00  1.49491294e-09 -2.50963139e-12 
 2.38150000e-09  2.38150000e-09  2.50000000e+00  1.47862635e-09 -2.51036691e-12 
 2.38250000e-09  2.38250000e-09  2.50000000e+00  1.46460688e-09 -2.50963139e-12 
 2.38350000e-09  2.38350000e-09  2.50000000e+00  1.45253879e-09 -2.51036691e-12 
 2.38450000e-09  2.38450000e-09  2.50000000e+00  1.44215067e-09 -2.50963139e-12 
 2.38550000e-09  2.38550000e-09  2.50000000e+00  1.43320848e-09 -2.51036691e-12 
 2.38650000e-09  2.38650000e-09  2.50000000e+00  1.42551120e-09 -2.50963139e-12 
 2.38750000e-09  2.38750000e-09  2.50000000e+00  1.41888519e-09 -2.51036691e-12 
 2.38850000e-09  2.38850000e-09  2.50000000e+00  1.41318125e-09 -2.50963139e-12 
 2.38950000e-09  2.38950000e-09  2.50000000e+00  1.40827145e-09 -2.51036691e-12 
 2.39050000e-09  2.39050000e-09  2.50000000e+00  1.40404513e-09 -2.50963139e-12 
 2.39150000e-09  2.39150000e-09  2.50000000e+00  1.40040729e-09 -2.51036691e-12 
 2.39250000e-09  2.39250000e-09  2.50000000e+00  1.39727582e-09 -2.50963139e-12 
 2.39350000e-09  2.39350000e-09  2.50000000e+00  1.39458020e-09 -2.51036691e-12 
 2.39450000e-09  2.39450000e-09  2.50000000e+00  1.39225978e-09 -2.50963139e-12 
 2.39550000e-09  2.39550000e-09  2.50000000e+00  1.39026227e-09 -2.51036691e-12 
 2.39650000e-09  2.39650000e-09  2.50000000e+00  1.38854267e-09 -2.50963139e-12 
 2.39750000e-09  2.39750000e-09  2.50000000e+00  1.38706254e-09 -2.51036691e-12 
 2.39850000e-09  2.39850000e-09  2.50000000e+00  1.38578853e-09 -2.50963139e-12 
 2.39950000e-09  2.39950000e-09  2.50000000e+00  1.38469175e-09 -2.51036691e-12 
 2.40050000e-09  2.40050000e-09  2.50000000e+00  1.38374768e-09 -2.50963139e-12 
 2.40150000e-09  2.40150000e-09  2.50000000e+00  1.38293497e-09 -2.51036691e-12 
 2.40250000e-09  2.40250000e-09  2.50000000e+00  1.38223546e-09 -2.50963139e-12 
 2.40350000e-09  2.40350000e-09  2.50000000e+00  1.38163359e-09 -2.51036691e-12 
 2.40450000e-09  2.40450000e-09  2.50000000e+00  1.38111529e-09 -2.50963139e-12 
 2.40550000e-09  2.40550000e-09  2.50000000e+00  1.38066903e-09 -2.51036691e-12 
 2.40650000e-09  2.40650000e-09  2.50000000e+00  1.38028475e-09 -2.50963139e-12 
 2.40750000e-09  2.40750000e-09  2.50000000e+00  1.37995395e-09 -2.51036691e-12 
 2.40850000e-09  2.40850000e-09  2.50000000e+00  1.37966915e-09 -2.50963139e-12 
 2.40950000e-09  2.40950000e-09  2.50000000e+00  1.37942412e-09 -2.51036691e-12 
 2.41050000e-09  2.41050000e-09  2.50000000e+00  1.37921322e-09 -2.50963139e-12 
 2.41150000e-09  2.41150000e-09  2.50000000e+00  1.37903168e-09 -2.51036691e-12 
 2.41250000e-09  2.41250000e-09  2.50000000e+00  1.37887533e-09 -2.50963139e-12 
 2.41350000e-09  2.41350000e-09  2.50000000e+00  1.37874092e-09 -2.51036691e-12 
 2.41450000e-09  2.41450000e-09  2.50000000e+00  1.37862539e-09 -2.50963139e-12 
 2.41550000e-09  2.41550000e-09  2.50000000e+00  1.37852578e-09 -2.51036691e-12 
 2.41650000e-09  2.41650000e-09  2.50000000e+00  1.37843988e-09 -2.50963139e-12 
 2.41750000e-09  2.41750000e-09  2.50000000e+00  1.37836598e-09 -2.51036691e-12 
 2.41850000e-09  2.41850000e-09  2.50000000e+00  1.37830242e-09 -2.50963139e-12 
 2.41950000e-09  2.41950000e-09  2.50000000e+00  1.37824774e-09 -2.51036691e-12 
 2.42050000e-09  2.42050000e-09  2.50000000e+00  1.37820068e-09 -2.50963139e-12 
 2.42150000e-09  2.42150000e-09  2.50000000e+00  1.37816012e-09 -2.51036691e-12 
 2.42250000e-09  2.42250000e-09  2.50000000e+00  1.37812519e-09 -2.50963139e-12 
 2.42350000e-09  2.42350000e-09  2.50000000e+00  1.37809503e-09 -2.51036691e-12 
 2.42450000e-09  2.42450000e-09  2.50000000e+00  1.37806918e-09 -2.50963139e-12 
 2.42550000e-09  2.42550000e-09  2.50000000e+00  1.37804705e-09 -2.51036691e-12 
 2.42650000e-09  2.42650000e-09  2.50000000e+00  1.37802776e-09 -2.50963139e-12 
 2.42750000e-09  2.42750000e-09  2.50000000e+00  1.37801145e-09 -2.51036691e-12 
 2.42850000e-09  2.42850000e-09  2.50000000e+00  1.37799747e-09 -2.50963139e-12 
 2.42950000e-09  2.42950000e-09  2.50000000e+00  1.37798521e-09 -2.51036691e-12 
 2.43050000e-09  2.43050000e-09  2.50000000e+00  1.37797460e-09 -2.50963139e-12 
 2.43150000e-09  2.43150000e-09  2.50000000e+00  1.37796546e-09 -2.51036691e-12 
 2.43250000e-09  2.43250000e-09  2.50000000e+00  1.37795757e-09 -2.50963139e-12 
 2.43350000e-09  2.43350000e-09  2.50000000e+00  1.37795088e-09 -2.51036691e-12 
 2.43450000e-09  2.43450000e-09  2.50000000e+00  1.37794524e-09 -2.50963139e-12 
 2.43550000e-09  2.43550000e-09  2.50000000e+00  1.37794027e-09 -2.51036691e-12 
 2.43650000e-09  2.43650000e-09  2.50000000e+00  1.37793596e-09 -2.50963139e-12 
 2.43750000e-09  2.43750000e-09  2.50000000e+00  1.37793225e-09 -2.51036691e-12 
 2.43850000e-09  2.43850000e-09  2.50000000e+00  1.37792920e-09 -2.50963139e-12 
 2.43950000e-09  2.43950000e-09  2.50000000e+00  1.37792655e-09 -2.51036691e-12 
 2.44050000e-09  2.44050000e-09  2.50000000e+00  1.37792423e-09 -2.50963139e-12 
 2.44150000e-09  2.44150000e-09  2.50000000e+00  1.37792218e-09 -2.51036691e-12 
 2.44250000e-09  2.44250000e-09  2.50000000e+00  1.37792026e-09 -2.50963139e-12 
 2.44350000e-09  2.44350000e-09  2.50000000e+00  1.37791880e-09 -2.51036691e-12 
 2.44450000e-09  2.44450000e-09  2.50000000e+00  1.37791754e-09 -2.50963139e-12 
 2.44550000e-09  2.44550000e-09  2.50000000e+00  1.37791635e-09 -2.51036691e-12 
 2.44650000e-09  2.44650000e-09  2.50000000e+00  1.37791535e-09 -2.50963139e-12 
 2.44750000e-09  2.44750000e-09  2.50000000e+00  1.37791462e-09 -2.51036691e-12 
 2.44850000e-09  2.44850000e-09  2.50000000e+00  1.37791396e-09 -2.50963139e-12 
 2.44950000e-09  2.44950000e-09  2.50000000e+00  1.37791330e-09 -2.51036691e-12 
 2.45050000e-09  2.45050000e-09  2.50000000e+00  1.37791283e-09 -2.50963139e-12 
 2.45150000e-09  2.45150000e-09  2.50000000e+00  1.37791243e-09 -2.51036691e-12 
 2.45250000e-09  2.45250000e-09  2.50000000e+00  1.37791210e-09 -2.50963139e-12 
 2.45350000e-09  2.45350000e-09  2.50000000e+00  1.37791171e-09 -2.51036691e-12 
 2.45450000e-09  2.45450000e-09  2.50000000e+00  1.37791118e-09 -2.50963139e-12 
 2.45550000e-09  2.45550000e-09  2.50000000e+00  1.37791078e-09 -2.51036691e-12 
 2.45650000e-09  2.45650000e-09  2.50000000e+00  1.37791058e-09 -2.50963139e-12 
 2.45750000e-09  2.45750000e-09  2.50000000e+00  1.37791051e-09 -2.51036691e-12 
 2.45850000e-09  2.45850000e-09  2.50000000e+00  1.37791045e-09 -2.50963139e-12 
 2.45950000e-09  2.45950000e-09  2.50000000e+00  1.37791018e-09 -2.51036691e-12 
 2.46050000e-09  2.46050000e-09  2.50000000e+00  1.37790998e-09 -2.50963139e-12 
 2.46150000e-09  2.46150000e-09  2.50000000e+00  1.37790972e-09 -2.51036691e-12 
 2.46250000e-09  2.46250000e-09  2.50000000e+00  1.37790972e-09 -2.50963139e-12 
 2.46350000e-09  2.46350000e-09  2.50000000e+00  1.37790972e-09 -2.51036691e-12 
 2.46450000e-09  2.46450000e-09  2.50000000e+00  1.37790972e-09 -2.50963139e-12 
 2.46550000e-09  2.46550000e-09  2.50000000e+00  1.37790972e-09 -2.51036691e-12 
 2.46650000e-09  2.46650000e-09  2.50000000e+00  1.37790972e-09 -2.50963139e-12 
 2.46750000e-09  2.46750000e-09  2.50000000e+00  1.37790972e-09 -2.51036691e-12 
 2.46850000e-09  2.46850000e-09  2.50000000e+00  1.37790972e-09 -2.50963139e-12 
 2.46950000e-09  2.46950000e-09  2.50000000e+00  1.37790972e-09 -2.51036691e-12 
 2.47050000e-09  2.47050000e-09  2.50000000e+00  1.37790972e-09 -2.50963139e-12 
 2.47150000e-09  2.47150000e-09  2.50000000e+00  1.37790972e-09 -2.51036691e-12 
 2.47250000e-09  2.47250000e-09  2.50000000e+00  1.37790972e-09 -2.50963139e-12 
 2.47350000e-09  2.47350000e-09  2.50000000e+00  1.37790972e-09 -2.51036691e-12 
 2.47450000e-09  2.47450000e-09  2.50000000e+00  1.37790972e-09 -2.50963139e-12 
 2.47550000e-09  2.47550000e-09  2.50000000e+00  1.37790972e-09 -2.51036691e-12 
 2.47650000e-09  2.47650000e-09  2.50000000e+00  1.37790972e-09 -2.50963139e-12 
 2.47750000e-09  2.47750000e-09  2.50000000e+00  1.37790972e-09 -2.51036691e-12 
 2.47850000e-09  2.47850000e-09  2.50000000e+00  1.37790972e-09 -2.50963139e-12 
 2.47950000e-09  2.47950000e-09  2.50000000e+00  1.37790972e-09 -2.51036691e-12 
 2.48050000e-09  2.48050000e-09  2.50000000e+00  1.37790972e-09 -2.50963139e-12 
 2.48150000e-09  2.48150000e-09  2.50000000e+00  1.37790972e-09 -2.51036691e-12 
 2.48250000e-09  2.48250000e-09  2.50000000e+00  1.37790972e-09 -2.50963139e-12 
 2.48350000e-09  2.48350000e-09  2.50000000e+00  1.37790972e-09 -2.51036691e-12 
 2.48450000e-09  2.48450000e-09  2.50000000e+00  1.37790972e-09 -2.50963139e-12 
 2.48550000e-09  2.48550000e-09  2.50000000e+00  1.37790972e-09 -2.51036691e-12 
 2.48650000e-09  2.48650000e-09  2.50000000e+00  1.37790972e-09 -2.50963139e-12 
 2.48750000e-09  2.48750000e-09  2.50000000e+00  1.37790972e-09 -2.51036691e-12 
 2.48850000e-09  2.48850000e-09  2.50000000e+00  1.37790972e-09 -2.50963139e-12 
 2.48950000e-09  2.48950000e-09  2.50000000e+00  1.37790972e-09 -2.51036691e-12 
 2.49050000e-09  2.49050000e-09  2.50000000e+00  1.37790972e-09 -2.50963139e-12 
 2.49150000e-09  2.49150000e-09  2.50000000e+00  1.37790972e-09 -2.51036691e-12 
 2.49250000e-09  2.49250000e-09  2.50000000e+00  1.37790972e-09 -2.50963139e-12 
 2.49350000e-09  2.49350000e-09  2.50000000e+00  1.37790972e-09 -2.51036691e-12 
 2.49450000e-09  2.49450000e-09  2.50000000e+00  1.37790972e-09 -2.50963139e-12 
 2.49550000e-09  2.49550000e-09  2.50000000e+00  1.37790972e-09 -2.51036691e-12 
 2.49650000e-09  2.49650000e-09  2.50000000e+00  1.37790972e-09 -2.50963139e-12 
 2.49750000e-09  2.49750000e-09  2.50000000e+00  1.37790972e-09 -2.51036691e-12 
 2.49850000e-09  2.49850000e-09  2.50000000e+00  1.37790972e-09 -2.50963139e-12 
 2.49950000e-09  2.49950000e-09  2.50000000e+00  1.37790972e-09 -2.51036691e-12 
 2.50050000e-09  2.50050000e-09  2.50000000e+00  1.37790972e-09 -2.50963139e-12 
 2.50150000e-09  2.50150000e-09  2.50000000e+00  1.37790972e-09 -2.51036691e-12 
 2.50250000e-09  2.50250000e-09  2.50000000e+00  1.37790972e-09 -2.50963139e-12 
 2.50350000e-09  2.50350000e-09  2.50000000e+00  1.37790972e-09 -2.51036691e-12 
 2.50450000e-09  2.50450000e-09  2.50000000e+00  1.37790972e-09 -2.50963139e-12 
 2.50550000e-09  2.50550000e-09  2.50000000e+00  1.37790972e-09 -2.51036691e-12 
 2.50650000e-09  2.50650000e-09  2.50000000e+00  1.37790972e-09 -2.50963139e-12 
 2.50750000e-09  2.50750000e-09  2.50000000e+00  1.37790972e-09 -2.51036691e-12 
 2.50850000e-09  2.50850000e-09  2.50000000e+00  1.37790972e-09 -2.50963139e-12 
 2.50950000e-09  2.50950000e-09  2.50000000e+00  1.37790972e-09 -2.51036691e-12 
 2.51050000e-09  2.51050000e-09  2.50000000e+00  1.37790972e-09 -2.50963139e-12 
 2.51150000e-09  2.51150000e-09  2.50000000e+00  1.37790972e-09 -2.51036691e-12 
 2.51250000e-09  2.51250000e-09  2.50000000e+00  1.37790972e-09 -2.50963139e-12 
 2.51350000e-09  2.51350000e-09  2.50000000e+00  1.37790972e-09 -2.51036691e-12 
 2.51450000e-09  2.51450000e-09  2.50000000e+00  1.37790972e-09 -2.50963139e-12 
 2.51550000e-09  2.51550000e-09  2.50000000e+00  1.37790972e-09 -2.51036691e-12 
 2.51650000e-09  2.51650000e-09  2.50000000e+00  1.37790972e-09 -2.50963139e-12 
 2.51750000e-09  2.51750000e-09  2.50000000e+00  1.37790972e-09 -2.51036691e-12 
 2.51850000e-09  2.51850000e-09  2.50000000e+00  1.37790972e-09 -2.50963139e-12 
 2.51950000e-09  2.51950000e-09  2.50000000e+00  1.37790972e-09 -2.51036691e-12 
 2.52050000e-09  2.52050000e-09  2.50000000e+00  1.37790972e-09 -2.50963139e-12 
 2.52150000e-09  2.52150000e-09  2.50000000e+00  1.37790972e-09 -2.51036691e-12 
 2.52250000e-09  2.52250000e-09  2.50000000e+00  1.37790972e-09 -2.50963139e-12 
 2.52350000e-09  2.52350000e-09  2.50000000e+00  1.37790972e-09 -2.51036691e-12 
 2.52450000e-09  2.52450000e-09  2.50000000e+00  1.37790972e-09 -2.50963139e-12 
 2.52550000e-09  2.52550000e-09  2.50000000e+00  1.37790972e-09 -2.51036691e-12 
 2.52650000e-09  2.52650000e-09  2.50000000e+00  1.37790972e-09 -2.50963139e-12 
 2.52750000e-09  2.52750000e-09  2.50000000e+00  1.37790972e-09 -2.51036691e-12 
 2.52850000e-09  2.52850000e-09  2.50000000e+00  1.37790972e-09 -2.50963139e-12 
 2.52950000e-09  2.52950000e-09  2.50000000e+00  1.37790972e-09 -2.51036691e-12 
 2.53050000e-09  2.53050000e-09  2.50000000e+00  1.37790972e-09 -2.50963139e-12 
 2.53150000e-09  2.53150000e-09  2.50000000e+00  1.37790972e-09 -2.51036691e-12 
 2.53250000e-09  2.53250000e-09  2.50000000e+00  1.37790972e-09 -2.50963139e-12 
 2.53350000e-09  2.53350000e-09  2.50000000e+00  1.37790972e-09 -2.51036691e-12 
 2.53450000e-09  2.53450000e-09  2.50000000e+00  1.37790972e-09 -2.50963139e-12 
 2.53550000e-09  2.53550000e-09  2.50000000e+00  1.37790972e-09 -2.51036691e-12 
 2.53650000e-09  2.53650000e-09  2.50000000e+00  1.37790972e-09 -2.50963139e-12 
 2.53750000e-09  2.53750000e-09  2.50000000e+00  1.37790972e-09 -2.51036691e-12 
 2.53850000e-09  2.53850000e-09  2.50000000e+00  1.37790972e-09 -2.50963139e-12 
 2.53950000e-09  2.53950000e-09  2.50000000e+00  1.37790972e-09 -2.51036691e-12 
 2.54050000e-09  2.54050000e-09  2.50000000e+00  1.37790972e-09 -2.50963139e-12 
 2.54150000e-09  2.54150000e-09  2.50000000e+00  1.37790972e-09 -2.51036691e-12 
 2.54250000e-09  2.54250000e-09  2.50000000e+00  1.37790972e-09 -2.50963139e-12 
 2.54350000e-09  2.54350000e-09  2.50000000e+00  1.37790972e-09 -2.51036691e-12 
 2.54450000e-09  2.54450000e-09  2.50000000e+00  1.37790972e-09 -2.50963139e-12 
 2.54550000e-09  2.54550000e-09  2.50000000e+00  1.37790972e-09 -2.51036691e-12 
 2.54650000e-09  2.54650000e-09  2.50000000e+00  1.37790972e-09 -2.50963139e-12 
 2.54750000e-09  2.54750000e-09  2.50000000e+00  1.37790972e-09 -2.51036691e-12 
 2.54850000e-09  2.54850000e-09  2.50000000e+00  1.37790972e-09 -2.50963139e-12 
 2.54950000e-09  2.54950000e-09  2.50000000e+00  1.37790972e-09 -2.51036691e-12 
 2.55050000e-09  2.55050000e-09  2.50000000e+00  1.37790972e-09 -2.50963139e-12 
 2.55150000e-09  2.55150000e-09  2.50000000e+00  1.37790972e-09 -2.51036691e-12 
 2.55250000e-09  2.55250000e-09  2.50000000e+00  1.37790972e-09 -2.50963139e-12 
 2.55350000e-09  2.55350000e-09  2.50000000e+00  1.37790972e-09 -2.51036691e-12 
 2.55450000e-09  2.55450000e-09  2.50000000e+00  1.37790972e-09 -2.50963139e-12 
 2.55550000e-09  2.55550000e-09  2.50000000e+00  1.37790972e-09 -2.51036691e-12 
 2.55650000e-09  2.55650000e-09  2.50000000e+00  1.37790972e-09 -2.50963139e-12 
 2.55750000e-09  2.55750000e-09  2.50000000e+00  1.37790972e-09 -2.51036691e-12 
 2.55850000e-09  2.55850000e-09  2.50000000e+00  1.37790972e-09 -2.50963139e-12 
 2.55950000e-09  2.55950000e-09  2.50000000e+00  1.37790972e-09 -2.51036691e-12 
 2.56050000e-09  2.56050000e-09  2.50000000e+00  1.37790972e-09 -2.50963139e-12 
 2.56150000e-09  2.56150000e-09  2.50000000e+00  1.37790972e-09 -2.51036691e-12 
 2.56250000e-09  2.56250000e-09  2.50000000e+00  1.37790972e-09 -2.50963139e-12 
 2.56350000e-09  2.56350000e-09  2.50000000e+00  1.37790972e-09 -2.51036691e-12 
 2.56450000e-09  2.56450000e-09  2.50000000e+00  1.37790972e-09 -2.50963139e-12 
 2.56550000e-09  2.56550000e-09  2.50000000e+00  1.37790972e-09 -2.51036691e-12 
 2.56650000e-09  2.56650000e-09  2.50000000e+00  1.37790972e-09 -2.50963139e-12 
 2.56750000e-09  2.56750000e-09  2.50000000e+00  1.37790972e-09 -2.51036691e-12 
 2.56850000e-09  2.56850000e-09  2.50000000e+00  1.37790972e-09 -2.50963139e-12 
 2.56950000e-09  2.56950000e-09  2.50000000e+00  1.37790972e-09 -2.51036691e-12 
 2.57050000e-09  2.57050000e-09  2.50000000e+00  1.37790972e-09 -2.50963139e-12 
 2.57150000e-09  2.57150000e-09  2.50000000e+00  1.37790972e-09 -2.51036691e-12 
 2.57250000e-09  2.57250000e-09  2.50000000e+00  1.37790972e-09 -2.50963139e-12 
 2.57350000e-09  2.57350000e-09  2.50000000e+00  1.37790972e-09 -2.51036691e-12 
 2.57450000e-09  2.57450000e-09  2.50000000e+00  1.37790972e-09 -2.50963139e-12 
 2.57550000e-09  2.57550000e-09  2.50000000e+00  1.37790972e-09 -2.51036691e-12 
 2.57650000e-09  2.57650000e-09  2.50000000e+00  1.37790972e-09 -2.50963139e-12 
 2.57750000e-09  2.57750000e-09  2.50000000e+00  1.37790972e-09 -2.51036691e-12 
 2.57850000e-09  2.57850000e-09  2.50000000e+00  1.37790972e-09 -2.50963139e-12 
 2.57950000e-09  2.57950000e-09  2.50000000e+00  1.37790972e-09 -2.51036691e-12 
 2.58050000e-09  2.58050000e-09  2.50000000e+00  1.37790972e-09 -2.50963139e-12 
 2.58150000e-09  2.58150000e-09  2.50000000e+00  1.37790972e-09 -2.51036691e-12 
 2.58250000e-09  2.58250000e-09  2.50000000e+00  1.37790972e-09 -2.50963139e-12 
 2.58350000e-09  2.58350000e-09  2.50000000e+00  1.37790972e-09 -2.51036691e-12 
 2.58450000e-09  2.58450000e-09  2.50000000e+00  1.37790972e-09 -2.50963139e-12 
 2.58550000e-09  2.58550000e-09  2.50000000e+00  1.37790972e-09 -2.51036691e-12 
 2.58650000e-09  2.58650000e-09  2.50000000e+00  1.37790972e-09 -2.50963139e-12 
 2.58750000e-09  2.58750000e-09  2.50000000e+00  1.37790972e-09 -2.51036691e-12 
 2.58850000e-09  2.58850000e-09  2.50000000e+00  1.37790972e-09 -2.50963139e-12 
 2.58950000e-09  2.58950000e-09  2.50000000e+00  1.37790972e-09 -2.51036691e-12 
 2.59050000e-09  2.59050000e-09  2.50000000e+00  1.37790972e-09 -2.50963139e-12 
 2.59150000e-09  2.59150000e-09  2.50000000e+00  1.37790972e-09 -2.51036691e-12 
 2.59250000e-09  2.59250000e-09  2.50000000e+00  1.37790972e-09 -2.50963139e-12 
 2.59350000e-09  2.59350000e-09  2.50000000e+00  1.37790972e-09 -2.51036691e-12 
 2.59450000e-09  2.59450000e-09  2.50000000e+00  1.37790972e-09 -2.50963139e-12 
 2.59550000e-09  2.59550000e-09  2.50000000e+00  1.37790972e-09 -2.51036691e-12 
 2.59650000e-09  2.59650000e-09  2.50000000e+00  1.37790972e-09 -2.50963139e-12 
 2.59750000e-09  2.59750000e-09  2.50000000e+00  1.37790972e-09 -2.51036691e-12 
 2.59850000e-09  2.59850000e-09  2.50000000e+00  1.37790972e-09 -2.50963139e-12 
 2.59950000e-09  2.59950000e-09  2.50000000e+00  1.37790972e-09 -2.51036691e-12 
 2.60050000e-09  2.60050000e-09  2.50000000e+00  1.37790972e-09 -2.50963139e-12 
 2.60150000e-09  2.60150000e-09  2.50000000e+00  1.37790972e-09 -2.51036691e-12 
 2.60250000e-09  2.60250000e-09  2.50000000e+00  1.37790972e-09 -2.50963139e-12 
 2.60350000e-09  2.60350000e-09  2.50000000e+00  1.37790972e-09 -2.51036691e-12 
 2.60450000e-09  2.60450000e-09  2.50000000e+00  1.37790972e-09 -2.50963139e-12 
 2.60550000e-09  2.60550000e-09  2.50000000e+00  1.37790972e-09 -2.51036691e-12 
 2.60650000e-09  2.60650000e-09  2.50000000e+00  1.37790972e-09 -2.50963139e-12 
 2.60750000e-09  2.60750000e-09  2.50000000e+00  1.37790972e-09 -2.51036691e-12 
 2.60850000e-09  2.60850000e-09  2.50000000e+00  1.37790972e-09 -2.50963139e-12 
 2.60950000e-09  2.60950000e-09  2.50000000e+00  1.37790972e-09 -2.51036691e-12 
 2.61050000e-09  2.61050000e-09  2.50000000e+00  1.37790972e-09 -2.50963139e-12 
 2.61150000e-09  2.61150000e-09  2.50000000e+00  1.37790972e-09 -2.51036691e-12 
 2.61250000e-09  2.61250000e-09  2.50000000e+00  1.37790972e-09 -2.50963139e-12 
 2.61350000e-09  2.61350000e-09  2.50000000e+00  1.37790972e-09 -2.51036691e-12 
 2.61450000e-09  2.61450000e-09  2.50000000e+00  1.37790972e-09 -2.50963139e-12 
 2.61550000e-09  2.61550000e-09  2.50000000e+00  1.37790972e-09 -2.51036691e-12 
 2.61650000e-09  2.61650000e-09  2.50000000e+00  1.37790972e-09 -2.50963139e-12 
 2.61750000e-09  2.61750000e-09  2.50000000e+00  1.37790972e-09 -2.51036691e-12 
 2.61850000e-09  2.61850000e-09  2.50000000e+00  1.37790972e-09 -2.50963139e-12 
 2.61950000e-09  2.61950000e-09  2.50000000e+00  1.37790972e-09 -2.51036691e-12 
 2.62050000e-09  2.62050000e-09  2.50000000e+00  1.37790972e-09 -2.50963139e-12 
 2.62150000e-09  2.62150000e-09  2.50000000e+00  1.37790972e-09 -2.51036691e-12 
 2.62250000e-09  2.62250000e-09  2.50000000e+00  1.37790972e-09 -2.50963139e-12 
 2.62350000e-09  2.62350000e-09  2.50000000e+00  1.37790972e-09 -2.51036691e-12 
 2.62450000e-09  2.62450000e-09  2.50000000e+00  1.37790972e-09 -2.50963139e-12 
 2.62550000e-09  2.62550000e-09  2.50000000e+00  1.37790972e-09 -2.51036691e-12 
 2.62650000e-09  2.62650000e-09  2.50000000e+00  1.37790972e-09 -2.50963139e-12 
 2.62750000e-09  2.62750000e-09  2.50000000e+00  1.37790972e-09 -2.51036691e-12 
 2.62850000e-09  2.62850000e-09  2.50000000e+00  1.37790972e-09 -2.50963139e-12 
 2.62950000e-09  2.62950000e-09  2.50000000e+00  1.37790972e-09 -2.51036691e-12 
 2.63050000e-09  2.63050000e-09  2.50000000e+00  1.37790972e-09 -2.50963139e-12 
 2.63150000e-09  2.63150000e-09  2.50000000e+00  1.37790972e-09 -2.51036691e-12 
 2.63250000e-09  2.63250000e-09  2.50000000e+00  1.37790972e-09 -2.50963139e-12 
 2.63350000e-09  2.63350000e-09  2.50000000e+00  1.37790972e-09 -2.51036691e-12 
 2.63450000e-09  2.63450000e-09  2.50000000e+00  1.37790972e-09 -2.50963139e-12 
 2.63550000e-09  2.63550000e-09  2.50000000e+00  1.37790972e-09 -2.51036691e-12 
 2.63650000e-09  2.63650000e-09  2.50000000e+00  1.37790972e-09 -2.50963139e-12 
 2.63750000e-09  2.63750000e-09  2.50000000e+00  1.37790972e-09 -2.51036691e-12 
 2.63850000e-09  2.63850000e-09  2.50000000e+00  1.37790972e-09 -2.50963139e-12 
 2.63950000e-09  2.63950000e-09  2.50000000e+00  1.37790972e-09 -2.51036691e-12 
 2.64050000e-09  2.64050000e-09  2.50000000e+00  1.37790972e-09 -2.50963139e-12 
 2.64150000e-09  2.64150000e-09  2.50000000e+00  1.37790972e-09 -2.51036691e-12 
 2.64250000e-09  2.64250000e-09  2.50000000e+00  1.37790972e-09 -2.50963139e-12 
 2.64350000e-09  2.64350000e-09  2.50000000e+00  1.37790972e-09 -2.51036691e-12 
 2.64450000e-09  2.64450000e-09  2.50000000e+00  1.37790972e-09 -2.50963139e-12 
 2.64550000e-09  2.64550000e-09  2.50000000e+00  1.37790972e-09 -2.51036691e-12 
 2.64650000e-09  2.64650000e-09  2.50000000e+00  1.37790972e-09 -2.50963139e-12 
 2.64750000e-09  2.64750000e-09  2.50000000e+00  1.37790972e-09 -2.51036691e-12 
 2.64850000e-09  2.64850000e-09  2.50000000e+00  1.37790972e-09 -2.50963139e-12 
 2.64950000e-09  2.64950000e-09  2.50000000e+00  1.37790972e-09 -2.51036691e-12 
 2.65050000e-09  2.65050000e-09  2.50000000e+00  1.37790972e-09 -2.50963139e-12 
 2.65150000e-09  2.65150000e-09  2.50000000e+00  1.37790972e-09 -2.51036691e-12 
 2.65250000e-09  2.65250000e-09  2.50000000e+00  1.37790972e-09 -2.50963139e-12 
 2.65350000e-09  2.65350000e-09  2.50000000e+00  1.37790972e-09 -2.51036691e-12 
 2.65450000e-09  2.65450000e-09  2.50000000e+00  1.37790972e-09 -2.50963139e-12 
 2.65550000e-09  2.65550000e-09  2.50000000e+00  1.37790972e-09 -2.51036691e-12 
 2.65650000e-09  2.65650000e-09  2.50000000e+00  1.37790972e-09 -2.50963139e-12 
 2.65750000e-09  2.65750000e-09  2.50000000e+00  1.37790972e-09 -2.51036691e-12 
 2.65850000e-09  2.65850000e-09  2.50000000e+00  1.37790972e-09 -2.50963139e-12 
 2.65950000e-09  2.65950000e-09  2.50000000e+00  1.37790972e-09 -2.51036691e-12 
 2.66050000e-09  2.66050000e-09  2.50000000e+00  1.37790972e-09 -2.50963139e-12 
 2.66150000e-09  2.66150000e-09  2.50000000e+00  1.37790972e-09 -2.51036691e-12 
 2.66250000e-09  2.66250000e-09  2.50000000e+00  1.37790972e-09 -2.50963139e-12 
 2.66350000e-09  2.66350000e-09  2.50000000e+00  1.37790972e-09 -2.51036691e-12 
 2.66450000e-09  2.66450000e-09  2.50000000e+00  1.37790972e-09 -2.50963139e-12 
 2.66550000e-09  2.66550000e-09  2.50000000e+00  1.37790972e-09 -2.51036691e-12 
 2.66650000e-09  2.66650000e-09  2.50000000e+00  1.37790972e-09 -2.50963139e-12 
 2.66750000e-09  2.66750000e-09  2.50000000e+00  1.37790972e-09 -2.51036691e-12 
 2.66850000e-09  2.66850000e-09  2.50000000e+00  1.37790972e-09 -2.50963139e-12 
 2.66950000e-09  2.66950000e-09  2.50000000e+00  1.37790972e-09 -2.51036691e-12 
 2.67050000e-09  2.67050000e-09  2.50000000e+00  1.37790972e-09 -2.50963139e-12 
 2.67150000e-09  2.67150000e-09  2.50000000e+00  1.37790972e-09 -2.51036691e-12 
 2.67250000e-09  2.67250000e-09  2.50000000e+00  1.37790972e-09 -2.50963139e-12 
 2.67350000e-09  2.67350000e-09  2.50000000e+00  1.37790972e-09 -2.51036691e-12 
 2.67450000e-09  2.67450000e-09  2.50000000e+00  1.37790972e-09 -2.50963139e-12 
 2.67550000e-09  2.67550000e-09  2.50000000e+00  1.37790972e-09 -2.51036691e-12 
 2.67650000e-09  2.67650000e-09  2.50000000e+00  1.37790972e-09 -2.50963139e-12 
 2.67750000e-09  2.67750000e-09  2.50000000e+00  1.37790972e-09 -2.51036691e-12 
 2.67850000e-09  2.67850000e-09  2.50000000e+00  1.37790972e-09 -2.50963139e-12 
 2.67950000e-09  2.67950000e-09  2.50000000e+00  1.37790972e-09 -2.51036691e-12 
 2.68050000e-09  2.68050000e-09  2.50000000e+00  1.37790972e-09 -2.50963139e-12 
 2.68150000e-09  2.68150000e-09  2.50000000e+00  1.37790972e-09 -2.51036691e-12 
 2.68250000e-09  2.68250000e-09  2.50000000e+00  1.37790972e-09 -2.50963139e-12 
 2.68350000e-09  2.68350000e-09  2.50000000e+00  1.37790972e-09 -2.51036691e-12 
 2.68450000e-09  2.68450000e-09  2.50000000e+00  1.37790972e-09 -2.50963139e-12 
 2.68550000e-09  2.68550000e-09  2.50000000e+00  1.37790972e-09 -2.51036691e-12 
 2.68650000e-09  2.68650000e-09  2.50000000e+00  1.37790972e-09 -2.50963139e-12 
 2.68750000e-09  2.68750000e-09  2.50000000e+00  1.37790972e-09 -2.51036691e-12 
 2.68850000e-09  2.68850000e-09  2.50000000e+00  1.37790972e-09 -2.50963139e-12 
 2.68950000e-09  2.68950000e-09  2.50000000e+00  1.37790972e-09 -2.51036691e-12 
 2.69050000e-09  2.69050000e-09  2.50000000e+00  1.37790972e-09 -2.50963139e-12 
 2.69150000e-09  2.69150000e-09  2.50000000e+00  1.37790972e-09 -2.51036691e-12 
 2.69250000e-09  2.69250000e-09  2.50000000e+00  1.37790972e-09 -2.50963139e-12 
 2.69350000e-09  2.69350000e-09  2.50000000e+00  1.37790972e-09 -2.51036691e-12 
 2.69450000e-09  2.69450000e-09  2.50000000e+00  1.37790972e-09 -2.50963139e-12 
 2.69550000e-09  2.69550000e-09  2.50000000e+00  1.37790972e-09 -2.51036691e-12 
 2.69650000e-09  2.69650000e-09  2.50000000e+00  1.37790972e-09 -2.50963139e-12 
 2.69750000e-09  2.69750000e-09  2.50000000e+00  1.37790972e-09 -2.51036691e-12 
 2.69850000e-09  2.69850000e-09  2.50000000e+00  1.37790972e-09 -2.50963139e-12 
 2.69950000e-09  2.69950000e-09  2.50000000e+00  1.37790972e-09 -2.51036691e-12 
 2.70050000e-09  2.70050000e-09  2.50000000e+00  1.37790972e-09 -2.50963139e-12 
 2.70150000e-09  2.70150000e-09  2.50000000e+00  1.37790972e-09 -2.51036691e-12 
 2.70250000e-09  2.70250000e-09  2.50000000e+00  1.37790972e-09 -2.50963139e-12 
 2.70350000e-09  2.70350000e-09  2.50000000e+00  1.37790972e-09 -2.51036691e-12 
 2.70450000e-09  2.70450000e-09  2.50000000e+00  1.37790972e-09 -2.50963139e-12 
 2.70550000e-09  2.70550000e-09  2.50000000e+00  1.37790972e-09 -2.51036691e-12 
 2.70650000e-09  2.70650000e-09  2.50000000e+00  1.37790972e-09 -2.50963139e-12 
 2.70750000e-09  2.70750000e-09  2.50000000e+00  1.37790972e-09 -2.51036691e-12 
 2.70850000e-09  2.70850000e-09  2.50000000e+00  1.37790972e-09 -2.50963139e-12 
 2.70950000e-09  2.70950000e-09  2.50000000e+00  1.37790972e-09 -2.51036691e-12 
 2.71050000e-09  2.71050000e-09  2.50000000e+00  1.37790972e-09 -2.50963139e-12 
 2.71150000e-09  2.71150000e-09  2.50000000e+00  1.37790972e-09 -2.51036691e-12 
 2.71250000e-09  2.71250000e-09  2.50000000e+00  1.37790972e-09 -2.50963139e-12 
 2.71350000e-09  2.71350000e-09  2.50000000e+00  1.37790972e-09 -2.51036691e-12 
 2.71450000e-09  2.71450000e-09  2.50000000e+00  1.37790972e-09 -2.50963139e-12 
 2.71550000e-09  2.71550000e-09  2.50000000e+00  1.37790972e-09 -2.51036691e-12 
 2.71650000e-09  2.71650000e-09  2.50000000e+00  1.37790972e-09 -2.50963139e-12 
 2.71750000e-09  2.71750000e-09  2.50000000e+00  1.37790972e-09 -2.51036691e-12 
 2.71850000e-09  2.71850000e-09  2.50000000e+00  1.37790972e-09 -2.50963139e-12 
 2.71950000e-09  2.71950000e-09  2.50000000e+00  1.37790972e-09 -2.51036691e-12 
 2.72050000e-09  2.72050000e-09  2.50000000e+00  1.37790972e-09 -2.50963139e-12 
 2.72150000e-09  2.72150000e-09  2.50000000e+00  1.37790972e-09 -2.51036691e-12 
 2.72250000e-09  2.72250000e-09  2.50000000e+00  1.37790972e-09 -2.50963139e-12 
 2.72350000e-09  2.72350000e-09  2.50000000e+00  1.37790972e-09 -2.51036691e-12 
 2.72450000e-09  2.72450000e-09  2.50000000e+00  1.37790972e-09 -2.50963139e-12 
 2.72550000e-09  2.72550000e-09  2.50000000e+00  1.37790972e-09 -2.51036691e-12 
 2.72650000e-09  2.72650000e-09  2.50000000e+00  1.37790972e-09 -2.50963139e-12 
 2.72750000e-09  2.72750000e-09  2.50000000e+00  1.37790972e-09 -2.51036691e-12 
 2.72850000e-09  2.72850000e-09  2.50000000e+00  1.37790972e-09 -2.50963139e-12 
 2.72950000e-09  2.72950000e-09  2.50000000e+00  1.37790972e-09 -2.51036691e-12 
 2.73050000e-09  2.73050000e-09  2.50000000e+00  1.37790972e-09 -2.50963139e-12 
 2.73150000e-09  2.73150000e-09  2.50000000e+00  1.37790972e-09 -2.51036691e-12 
 2.73250000e-09  2.73250000e-09  2.50000000e+00  1.37790972e-09 -2.50963139e-12 
 2.73350000e-09  2.73350000e-09  2.50000000e+00  1.37790972e-09 -2.51036691e-12 
 2.73450000e-09  2.73450000e-09  2.50000000e+00  1.37790972e-09 -2.50963139e-12 
 2.73550000e-09  2.73550000e-09  2.50000000e+00  1.37790972e-09 -2.51036691e-12 
 2.73650000e-09  2.73650000e-09  2.50000000e+00  1.37790972e-09 -2.50963139e-12 
 2.73750000e-09  2.73750000e-09  2.50000000e+00  1.37790972e-09 -2.51036691e-12 
 2.73850000e-09  2.73850000e-09  2.50000000e+00  1.37790972e-09 -2.50963139e-12 
 2.73950000e-09  2.73950000e-09  2.50000000e+00  1.37790972e-09 -2.51036691e-12 
 2.74050000e-09  2.74050000e-09  2.50000000e+00  1.37790972e-09 -2.50963139e-12 
 2.74150000e-09  2.74150000e-09  2.50000000e+00  1.37790972e-09 -2.51036691e-12 
 2.74250000e-09  2.74250000e-09  2.50000000e+00  1.37790972e-09 -2.50963139e-12 
 2.74350000e-09  2.74350000e-09  2.50000000e+00  1.37790972e-09 -2.51036691e-12 
 2.74450000e-09  2.74450000e-09  2.50000000e+00  1.37790972e-09 -2.50963139e-12 
 2.74550000e-09  2.74550000e-09  2.50000000e+00  1.37790972e-09 -2.51036691e-12 
 2.74650000e-09  2.74650000e-09  2.50000000e+00  1.37790972e-09 -2.50963139e-12 
 2.74750000e-09  2.74750000e-09  2.50000000e+00  1.37790972e-09 -2.51036691e-12 
 2.74850000e-09  2.74850000e-09  2.50000000e+00  1.37790972e-09 -2.50963139e-12 
 2.74950000e-09  2.74950000e-09  2.50000000e+00  1.37790972e-09 -2.51036691e-12 
 2.75050000e-09  2.75050000e-09  2.50000000e+00  1.37790972e-09 -2.50963139e-12 
 2.75150000e-09  2.75150000e-09  2.50000000e+00  1.37790972e-09 -2.51036691e-12 
 2.75250000e-09  2.75250000e-09  2.50000000e+00  1.37790972e-09 -2.50963139e-12 
 2.75350000e-09  2.75350000e-09  2.50000000e+00  1.37790972e-09 -2.51036691e-12 
 2.75450000e-09  2.75450000e-09  2.50000000e+00  1.37790972e-09 -2.50963139e-12 
 2.75550000e-09  2.75550000e-09  2.50000000e+00  1.37790972e-09 -2.51036691e-12 
 2.75650000e-09  2.75650000e-09  2.50000000e+00  1.37790972e-09 -2.50963139e-12 
 2.75750000e-09  2.75750000e-09  2.50000000e+00  1.37790972e-09 -2.51036691e-12 
 2.75850000e-09  2.75850000e-09  2.50000000e+00  1.37790972e-09 -2.50963139e-12 
 2.75950000e-09  2.75950000e-09  2.50000000e+00  1.37790972e-09 -2.51036691e-12 
 2.76050000e-09  2.76050000e-09  2.50000000e+00  1.37790972e-09 -2.50963139e-12 
 2.76150000e-09  2.76150000e-09  2.50000000e+00  1.37790972e-09 -2.51036691e-12 
 2.76250000e-09  2.76250000e-09  2.50000000e+00  1.37790972e-09 -2.50963139e-12 
 2.76350000e-09  2.76350000e-09  2.50000000e+00  1.37790972e-09 -2.51036691e-12 
 2.76450000e-09  2.76450000e-09  2.50000000e+00  1.37790972e-09 -2.50963139e-12 
 2.76550000e-09  2.76550000e-09  2.50000000e+00  1.37790972e-09 -2.51036691e-12 
 2.76650000e-09  2.76650000e-09  2.50000000e+00  1.37790972e-09 -2.50963139e-12 
 2.76750000e-09  2.76750000e-09  2.50000000e+00  1.37790972e-09 -2.51036691e-12 
 2.76850000e-09  2.76850000e-09  2.50000000e+00  1.37790972e-09 -2.50963139e-12 
 2.76950000e-09  2.76950000e-09  2.50000000e+00  1.37790972e-09 -2.51036691e-12 
 2.77050000e-09  2.77050000e-09  2.50000000e+00  1.37790972e-09 -2.50963139e-12 
 2.77150000e-09  2.77150000e-09  2.50000000e+00  1.37790972e-09 -2.51036691e-12 
 2.77250000e-09  2.77250000e-09  2.50000000e+00  1.37790972e-09 -2.50963139e-12 
 2.77350000e-09  2.77350000e-09  2.50000000e+00  1.37790972e-09 -2.51036691e-12 
 2.77450000e-09  2.77450000e-09  2.50000000e+00  1.37790972e-09 -2.50963139e-12 
 2.77550000e-09  2.77550000e-09  2.50000000e+00  1.37790972e-09 -2.51036691e-12 
 2.77650000e-09  2.77650000e-09  2.50000000e+00  1.37790972e-09 -2.50963139e-12 
 2.77750000e-09  2.77750000e-09  2.50000000e+00  1.37790972e-09 -2.51036691e-12 
 2.77850000e-09  2.77850000e-09  2.50000000e+00  1.37790972e-09 -2.50963139e-12 
 2.77950000e-09  2.77950000e-09  2.50000000e+00  1.37790972e-09 -2.51036691e-12 
 2.78050000e-09  2.78050000e-09  2.50000000e+00  1.37790972e-09 -2.50963139e-12 
 2.78150000e-09  2.78150000e-09  2.50000000e+00  1.37790972e-09 -2.51036691e-12 
 2.78250000e-09  2.78250000e-09  2.50000000e+00  1.37790972e-09 -2.50963139e-12 
 2.78350000e-09  2.78350000e-09  2.50000000e+00  1.37790972e-09 -2.51036691e-12 
 2.78450000e-09  2.78450000e-09  2.50000000e+00  1.37790972e-09 -2.50963139e-12 
 2.78550000e-09  2.78550000e-09  2.50000000e+00  1.37790972e-09 -2.51036691e-12 
 2.78650000e-09  2.78650000e-09  2.50000000e+00  1.37790972e-09 -2.50963139e-12 
 2.78750000e-09  2.78750000e-09  2.50000000e+00  1.37790972e-09 -2.51036691e-12 
 2.78850000e-09  2.78850000e-09  2.50000000e+00  1.37790972e-09 -2.50963139e-12 
 2.78950000e-09  2.78950000e-09  2.50000000e+00  1.37790972e-09 -2.51036691e-12 
 2.79050000e-09  2.79050000e-09  2.50000000e+00  1.37790972e-09 -2.50963139e-12 
 2.79150000e-09  2.79150000e-09  2.50000000e+00  1.37790972e-09 -2.51036691e-12 
 2.79250000e-09  2.79250000e-09  2.50000000e+00  1.37790972e-09 -2.50963139e-12 
 2.79350000e-09  2.79350000e-09  2.50000000e+00  1.37790972e-09 -2.51036691e-12 
 2.79450000e-09  2.79450000e-09  2.50000000e+00  1.37790972e-09 -2.50963139e-12 
 2.79550000e-09  2.79550000e-09  2.50000000e+00  1.37790972e-09 -2.51036691e-12 
 2.79650000e-09  2.79650000e-09  2.50000000e+00  1.37790972e-09 -2.50963139e-12 
 2.79750000e-09  2.79750000e-09  2.50000000e+00  1.37790972e-09 -2.51036691e-12 
 2.79850000e-09  2.79850000e-09  2.50000000e+00  1.37790972e-09 -2.50963139e-12 
 2.79950000e-09  2.79950000e-09  2.50000000e+00  1.37790972e-09 -2.51036691e-12 
 2.80050000e-09  2.80050000e-09  2.50000000e+00  1.37790972e-09 -2.50963139e-12 
 2.80150000e-09  2.80150000e-09  2.50000000e+00  1.37790972e-09 -2.51036691e-12 
 2.80250000e-09  2.80250000e-09  2.50000000e+00  1.37790972e-09 -2.50963139e-12 
 2.80350000e-09  2.80350000e-09  2.50000000e+00  1.37790972e-09 -2.51036691e-12 
 2.80450000e-09  2.80450000e-09  2.50000000e+00  1.37790972e-09 -2.50963139e-12 
 2.80550000e-09  2.80550000e-09  2.50000000e+00  1.37790972e-09 -2.51036691e-12 
 2.80650000e-09  2.80650000e-09  2.50000000e+00  1.37790972e-09 -2.50963139e-12 
 2.80750000e-09  2.80750000e-09  2.50000000e+00  1.37790972e-09 -2.51036691e-12 
 2.80850000e-09  2.80850000e-09  2.50000000e+00  1.37790972e-09 -2.50963139e-12 
 2.80950000e-09  2.80950000e-09  2.50000000e+00  1.37790972e-09 -2.51036691e-12 
 2.81050000e-09  2.81050000e-09  2.50000000e+00  1.37790972e-09 -2.50963139e-12 
 2.81150000e-09  2.81150000e-09  2.50000000e+00  1.37790972e-09 -2.51036691e-12 
 2.81250000e-09  2.81250000e-09  2.50000000e+00  1.37790972e-09 -2.50963139e-12 
 2.81350000e-09  2.81350000e-09  2.50000000e+00  1.37790972e-09 -2.51036691e-12 
 2.81450000e-09  2.81450000e-09  2.50000000e+00  1.37790972e-09 -2.50963139e-12 
 2.81550000e-09  2.81550000e-09  2.50000000e+00  1.37790972e-09 -2.51036691e-12 
 2.81650000e-09  2.81650000e-09  2.50000000e+00  1.37790972e-09 -2.50963139e-12 
 2.81750000e-09  2.81750000e-09  2.50000000e+00  1.37790972e-09 -2.51036691e-12 
 2.81850000e-09  2.81850000e-09  2.50000000e+00  1.37790972e-09 -2.50963139e-12 
 2.81950000e-09  2.81950000e-09  2.50000000e+00  1.37790972e-09 -2.51036691e-12 
 2.82050000e-09  2.82050000e-09  2.50000000e+00  1.37790972e-09 -2.50963139e-12 
 2.82150000e-09  2.82150000e-09  2.50000000e+00  1.37790972e-09 -2.51036691e-12 
 2.82250000e-09  2.82250000e-09  2.50000000e+00  1.37790972e-09 -2.50963139e-12 
 2.82350000e-09  2.82350000e-09  2.50000000e+00  1.37790972e-09 -2.51036691e-12 
 2.82450000e-09  2.82450000e-09  2.50000000e+00  1.37790972e-09 -2.50963139e-12 
 2.82550000e-09  2.82550000e-09  2.50000000e+00  1.37790972e-09 -2.51036691e-12 
 2.82650000e-09  2.82650000e-09  2.50000000e+00  1.37790972e-09 -2.50963139e-12 
 2.82750000e-09  2.82750000e-09  2.50000000e+00  1.37790972e-09 -2.51036691e-12 
 2.82850000e-09  2.82850000e-09  2.50000000e+00  1.37790972e-09 -2.50963139e-12 
 2.82950000e-09  2.82950000e-09  2.50000000e+00  1.37790972e-09 -2.51036691e-12 
 2.83050000e-09  2.83050000e-09  2.50000000e+00  1.37790972e-09 -2.50963139e-12 
 2.83150000e-09  2.83150000e-09  2.50000000e+00  1.37790972e-09 -2.51036691e-12 
 2.83250000e-09  2.83250000e-09  2.50000000e+00  1.37790972e-09 -2.50963139e-12 
 2.83350000e-09  2.83350000e-09  2.50000000e+00  1.37790972e-09 -2.51036691e-12 
 2.83450000e-09  2.83450000e-09  2.50000000e+00  1.37790972e-09 -2.50963139e-12 
 2.83550000e-09  2.83550000e-09  2.50000000e+00  1.37790972e-09 -2.51036691e-12 
 2.83650000e-09  2.83650000e-09  2.50000000e+00  1.37790972e-09 -2.50963139e-12 
 2.83750000e-09  2.83750000e-09  2.50000000e+00  1.37790972e-09 -2.51036691e-12 
 2.83850000e-09  2.83850000e-09  2.50000000e+00  1.37790972e-09 -2.50963139e-12 
 2.83950000e-09  2.83950000e-09  2.50000000e+00  1.37790972e-09 -2.51036691e-12 
 2.84050000e-09  2.84050000e-09  2.50000000e+00  1.37790972e-09 -2.50963139e-12 
 2.84150000e-09  2.84150000e-09  2.50000000e+00  1.37790972e-09 -2.51036691e-12 
 2.84250000e-09  2.84250000e-09  2.50000000e+00  1.37790972e-09 -2.50963139e-12 
 2.84350000e-09  2.84350000e-09  2.50000000e+00  1.37790972e-09 -2.51036691e-12 
 2.84450000e-09  2.84450000e-09  2.50000000e+00  1.37790972e-09 -2.50963139e-12 
 2.84550000e-09  2.84550000e-09  2.50000000e+00  1.37790972e-09 -2.51036691e-12 
 2.84650000e-09  2.84650000e-09  2.50000000e+00  1.37790972e-09 -2.50963139e-12 
 2.84750000e-09  2.84750000e-09  2.50000000e+00  1.37790972e-09 -2.51036691e-12 
 2.84850000e-09  2.84850000e-09  2.50000000e+00  1.37790972e-09 -2.50963139e-12 
 2.84950000e-09  2.84950000e-09  2.50000000e+00  1.37790972e-09 -2.51036691e-12 
 2.85050000e-09  2.85050000e-09  2.50000000e+00  1.37790972e-09 -2.50963139e-12 
 2.85150000e-09  2.85150000e-09  2.50000000e+00  1.37790972e-09 -2.51036691e-12 
 2.85250000e-09  2.85250000e-09  2.50000000e+00  1.37790972e-09 -2.50963139e-12 
 2.85350000e-09  2.85350000e-09  2.50000000e+00  1.37790972e-09 -2.51036691e-12 
 2.85450000e-09  2.85450000e-09  2.50000000e+00  1.37790972e-09 -2.50963139e-12 
 2.85550000e-09  2.85550000e-09  2.50000000e+00  1.37790972e-09 -2.51036691e-12 
 2.85650000e-09  2.85650000e-09  2.50000000e+00  1.37790972e-09 -2.50963139e-12 
 2.85750000e-09  2.85750000e-09  2.50000000e+00  1.37790972e-09 -2.51036691e-12 
 2.85850000e-09  2.85850000e-09  2.50000000e+00  1.37790972e-09 -2.50963139e-12 
 2.85950000e-09  2.85950000e-09  2.50000000e+00  1.37790972e-09 -2.51036691e-12 
 2.86050000e-09  2.86050000e-09  2.50000000e+00  1.37790972e-09 -2.50963139e-12 
 2.86150000e-09  2.86150000e-09  2.50000000e+00  1.37790972e-09 -2.51036691e-12 
 2.86250000e-09  2.86250000e-09  2.50000000e+00  1.37790972e-09 -2.50963139e-12 
 2.86350000e-09  2.86350000e-09  2.50000000e+00  1.37790972e-09 -2.51036691e-12 
 2.86450000e-09  2.86450000e-09  2.50000000e+00  1.37790972e-09 -2.50963139e-12 
 2.86550000e-09  2.86550000e-09  2.50000000e+00  1.37790972e-09 -2.51036691e-12 
 2.86650000e-09  2.86650000e-09  2.50000000e+00  1.37790972e-09 -2.50963139e-12 
 2.86750000e-09  2.86750000e-09  2.50000000e+00  1.37790972e-09 -2.51036691e-12 
 2.86850000e-09  2.86850000e-09  2.50000000e+00  1.37790972e-09 -2.50963139e-12 
 2.86950000e-09  2.86950000e-09  2.50000000e+00  1.37790972e-09 -2.51036691e-12 
 2.87050000e-09  2.87050000e-09  2.50000000e+00  1.37790972e-09 -2.50963139e-12 
 2.87150000e-09  2.87150000e-09  2.50000000e+00  1.37790972e-09 -2.51036691e-12 
 2.87250000e-09  2.87250000e-09  2.50000000e+00  1.37790972e-09 -2.50963139e-12 
 2.87350000e-09  2.87350000e-09  2.50000000e+00  1.37790972e-09 -2.51036691e-12 
 2.87450000e-09  2.87450000e-09  2.50000000e+00  1.37790972e-09 -2.50963139e-12 
 2.87550000e-09  2.87550000e-09  2.50000000e+00  1.37790972e-09 -2.51036691e-12 
 2.87650000e-09  2.87650000e-09  2.50000000e+00  1.37790972e-09 -2.50963139e-12 
 2.87750000e-09  2.87750000e-09  2.50000000e+00  1.37790972e-09 -2.51036691e-12 
 2.87850000e-09  2.87850000e-09  2.50000000e+00  1.37790972e-09 -2.50963139e-12 
 2.87950000e-09  2.87950000e-09  2.50000000e+00  1.37790972e-09 -2.51036691e-12 
 2.88050000e-09  2.88050000e-09  2.50000000e+00  1.37790972e-09 -2.50963139e-12 
 2.88150000e-09  2.88150000e-09  2.50000000e+00  1.37790972e-09 -2.51036691e-12 
 2.88250000e-09  2.88250000e-09  2.50000000e+00  1.37790972e-09 -2.50963139e-12 
 2.88350000e-09  2.88350000e-09  2.50000000e+00  1.37790972e-09 -2.51036691e-12 
 2.88450000e-09  2.88450000e-09  2.50000000e+00  1.37790972e-09 -2.50963139e-12 
 2.88550000e-09  2.88550000e-09  2.50000000e+00  1.37790972e-09 -2.51036691e-12 
 2.88650000e-09  2.88650000e-09  2.50000000e+00  1.37790972e-09 -2.50963139e-12 
 2.88750000e-09  2.88750000e-09  2.50000000e+00  1.37790972e-09 -2.51036691e-12 
 2.88850000e-09  2.88850000e-09  2.50000000e+00  1.37790972e-09 -2.50963139e-12 
 2.88950000e-09  2.88950000e-09  2.50000000e+00  1.37790972e-09 -2.51036691e-12 
 2.89050000e-09  2.89050000e-09  2.50000000e+00  1.37790972e-09 -2.50963139e-12 
 2.89150000e-09  2.89150000e-09  2.50000000e+00  1.37790972e-09 -2.51036691e-12 
 2.89250000e-09  2.89250000e-09  2.50000000e+00  1.37790972e-09 -2.50963139e-12 
 2.89350000e-09  2.89350000e-09  2.50000000e+00  1.37790972e-09 -2.51036691e-12 
 2.89450000e-09  2.89450000e-09  2.50000000e+00  1.37790972e-09 -2.50963139e-12 
 2.89550000e-09  2.89550000e-09  2.50000000e+00  1.37790972e-09 -2.51036691e-12 
 2.89650000e-09  2.89650000e-09  2.50000000e+00  1.37790972e-09 -2.50963139e-12 
 2.89750000e-09  2.89750000e-09  2.50000000e+00  1.37790972e-09 -2.51036691e-12 
 2.89850000e-09  2.89850000e-09  2.50000000e+00  1.37790972e-09 -2.50963139e-12 
 2.89950000e-09  2.89950000e-09  2.50000000e+00  1.37790972e-09 -2.51036691e-12 
 2.90050000e-09  2.90050000e-09  2.50000000e+00  1.37790972e-09 -2.50963139e-12 
 2.90150000e-09  2.90150000e-09  2.50000000e+00  1.37790972e-09 -2.51036691e-12 
 2.90250000e-09  2.90250000e-09  2.50000000e+00  1.37790972e-09 -2.50963139e-12 
 2.90350000e-09  2.90350000e-09  2.50000000e+00  1.37790972e-09 -2.51036691e-12 
 2.90450000e-09  2.90450000e-09  2.50000000e+00  1.37790972e-09 -2.50963139e-12 
 2.90550000e-09  2.90550000e-09  2.50000000e+00  1.37790972e-09 -2.51036691e-12 
 2.90650000e-09  2.90650000e-09  2.50000000e+00  1.37790972e-09 -2.50963139e-12 
 2.90750000e-09  2.90750000e-09  2.50000000e+00  1.37790972e-09 -2.51036691e-12 
 2.90850000e-09  2.90850000e-09  2.50000000e+00  1.37790972e-09 -2.50963139e-12 
 2.90950000e-09  2.90950000e-09  2.50000000e+00  1.37790972e-09 -2.51036691e-12 
 2.91050000e-09  2.91050000e-09  2.50000000e+00  1.37790972e-09 -2.50963139e-12 
 2.91150000e-09  2.91150000e-09  2.50000000e+00  1.37790972e-09 -2.51036691e-12 
 2.91250000e-09  2.91250000e-09  2.50000000e+00  1.37790972e-09 -2.50963139e-12 
 2.91350000e-09  2.91350000e-09  2.50000000e+00  1.37790972e-09 -2.51036691e-12 
 2.91450000e-09  2.91450000e-09  2.50000000e+00  1.37790972e-09 -2.50963139e-12 
 2.91550000e-09  2.91550000e-09  2.50000000e+00  1.37790972e-09 -2.51036691e-12 
 2.91650000e-09  2.91650000e-09  2.50000000e+00  1.37790972e-09 -2.50963139e-12 
 2.91750000e-09  2.91750000e-09  2.50000000e+00  1.37790972e-09 -2.51036691e-12 
 2.91850000e-09  2.91850000e-09  2.50000000e+00  1.37790972e-09 -2.50963139e-12 
 2.91950000e-09  2.91950000e-09  2.50000000e+00  1.37790972e-09 -2.51036691e-12 
 2.92050000e-09  2.92050000e-09  2.50000000e+00  1.37790972e-09 -2.50963139e-12 
 2.92150000e-09  2.92150000e-09  2.50000000e+00  1.37790972e-09 -2.51036691e-12 
 2.92250000e-09  2.92250000e-09  2.50000000e+00  1.37790972e-09 -2.50963139e-12 
 2.92350000e-09  2.92350000e-09  2.50000000e+00  1.37790972e-09 -2.51036691e-12 
 2.92450000e-09  2.92450000e-09  2.50000000e+00  1.37790972e-09 -2.50963139e-12 
 2.92550000e-09  2.92550000e-09  2.50000000e+00  1.37790972e-09 -2.51036691e-12 
 2.92650000e-09  2.92650000e-09  2.50000000e+00  1.37790972e-09 -2.50963139e-12 
 2.92750000e-09  2.92750000e-09  2.50000000e+00  1.37790972e-09 -2.51036691e-12 
 2.92850000e-09  2.92850000e-09  2.50000000e+00  1.37790972e-09 -2.50963139e-12 
 2.92950000e-09  2.92950000e-09  2.50000000e+00  1.37790972e-09 -2.51036691e-12 
 2.93050000e-09  2.93050000e-09  2.50000000e+00  1.37790972e-09 -2.50963139e-12 
 2.93150000e-09  2.93150000e-09  2.50000000e+00  1.37790972e-09 -2.51036691e-12 
 2.93250000e-09  2.93250000e-09  2.50000000e+00  1.37790972e-09 -2.50963139e-12 
 2.93350000e-09  2.93350000e-09  2.50000000e+00  1.37790972e-09 -2.51036691e-12 
 2.93450000e-09  2.93450000e-09  2.50000000e+00  1.37790972e-09 -2.50963139e-12 
 2.93550000e-09  2.93550000e-09  2.50000000e+00  1.37790972e-09 -2.51036691e-12 
 2.93650000e-09  2.93650000e-09  2.50000000e+00  1.37790972e-09 -2.50963139e-12 
 2.93750000e-09  2.93750000e-09  2.50000000e+00  1.37790972e-09 -2.51036691e-12 
 2.93850000e-09  2.93850000e-09  2.50000000e+00  1.37790972e-09 -2.50963139e-12 
 2.93950000e-09  2.93950000e-09  2.50000000e+00  1.37790972e-09 -2.51036691e-12 
 2.94050000e-09  2.94050000e-09  2.50000000e+00  1.37790972e-09 -2.50963139e-12 
 2.94150000e-09  2.94150000e-09  2.50000000e+00  1.37790972e-09 -2.51036691e-12 
 2.94250000e-09  2.94250000e-09  2.50000000e+00  1.37790972e-09 -2.50963139e-12 
 2.94350000e-09  2.94350000e-09  2.50000000e+00  1.37790972e-09 -2.51036691e-12 
 2.94450000e-09  2.94450000e-09  2.50000000e+00  1.37790972e-09 -2.50963139e-12 
 2.94550000e-09  2.94550000e-09  2.50000000e+00  1.37790972e-09 -2.51036691e-12 
 2.94650000e-09  2.94650000e-09  2.50000000e+00  1.37790972e-09 -2.50963139e-12 
 2.94750000e-09  2.94750000e-09  2.50000000e+00  1.37790972e-09 -2.51036691e-12 
 2.94850000e-09  2.94850000e-09  2.50000000e+00  1.37790972e-09 -2.50963139e-12 
 2.94950000e-09  2.94950000e-09  2.50000000e+00  1.37790972e-09 -2.51036691e-12 
 2.95050000e-09  2.95050000e-09  2.50000000e+00  1.37790972e-09 -2.50963139e-12 
 2.95150000e-09  2.95150000e-09  2.50000000e+00  1.37790972e-09 -2.51036691e-12 
 2.95250000e-09  2.95250000e-09  2.50000000e+00  1.37790972e-09 -2.50963139e-12 
 2.95350000e-09  2.95350000e-09  2.50000000e+00  1.37790972e-09 -2.51036691e-12 
 2.95450000e-09  2.95450000e-09  2.50000000e+00  1.37790972e-09 -2.50963139e-12 
 2.95550000e-09  2.95550000e-09  2.50000000e+00  1.37790972e-09 -2.51036691e-12 
 2.95650000e-09  2.95650000e-09  2.50000000e+00  1.37790972e-09 -2.50963139e-12 
 2.95750000e-09  2.95750000e-09  2.50000000e+00  1.37790972e-09 -2.51036691e-12 
 2.95850000e-09  2.95850000e-09  2.50000000e+00  1.37790972e-09 -2.50963139e-12 
 2.95950000e-09  2.95950000e-09  2.50000000e+00  1.37790972e-09 -2.51036691e-12 
 2.96050000e-09  2.96050000e-09  2.50000000e+00  1.37790972e-09 -2.50963139e-12 
 2.96150000e-09  2.96150000e-09  2.50000000e+00  1.37790972e-09 -2.51036691e-12 
 2.96250000e-09  2.96250000e-09  2.50000000e+00  1.37790972e-09 -2.50963139e-12 
 2.96350000e-09  2.96350000e-09  2.50000000e+00  1.37790972e-09 -2.51036691e-12 
 2.96450000e-09  2.96450000e-09  2.50000000e+00  1.37790972e-09 -2.50963139e-12 
 2.96550000e-09  2.96550000e-09  2.50000000e+00  1.37790972e-09 -2.51036691e-12 
 2.96650000e-09  2.96650000e-09  2.50000000e+00  1.37790972e-09 -2.50963139e-12 
 2.96750000e-09  2.96750000e-09  2.50000000e+00  1.37790972e-09 -2.51036691e-12 
 2.96850000e-09  2.96850000e-09  2.50000000e+00  1.37790972e-09 -2.50963139e-12 
 2.96950000e-09  2.96950000e-09  2.50000000e+00  1.37790972e-09 -2.51036691e-12 
 2.97050000e-09  2.97050000e-09  2.50000000e+00  1.37790972e-09 -2.50963139e-12 
 2.97150000e-09  2.97150000e-09  2.50000000e+00  1.37790972e-09 -2.51036691e-12 
 2.97250000e-09  2.97250000e-09  2.50000000e+00  1.37790972e-09 -2.50963139e-12 
 2.97350000e-09  2.97350000e-09  2.50000000e+00  1.37790972e-09 -2.51036691e-12 
 2.97450000e-09  2.97450000e-09  2.50000000e+00  1.37790972e-09 -2.50963139e-12 
 2.97550000e-09  2.97550000e-09  2.50000000e+00  1.37790972e-09 -2.51036691e-12 
 2.97650000e-09  2.97650000e-09  2.50000000e+00  1.37790972e-09 -2.50963139e-12 
 2.97750000e-09  2.97750000e-09  2.50000000e+00  1.37790972e-09 -2.51036691e-12 
 2.97850000e-09  2.97850000e-09  2.50000000e+00  1.37790972e-09 -2.50963139e-12 
 2.97950000e-09  2.97950000e-09  2.50000000e+00  1.37790972e-09 -2.51036691e-12 
 2.98050000e-09  2.98050000e-09  2.50000000e+00  1.37790972e-09 -2.50963139e-12 
 2.98150000e-09  2.98150000e-09  2.50000000e+00  1.37790972e-09 -2.51036691e-12 
 2.98250000e-09  2.98250000e-09  2.50000000e+00  1.37790972e-09 -2.50963139e-12 
 2.98350000e-09  2.98350000e-09  2.50000000e+00  1.37790972e-09 -2.51036691e-12 
 2.98450000e-09  2.98450000e-09  2.50000000e+00  1.37790972e-09 -2.50963139e-12 
 2.98550000e-09  2.98550000e-09  2.50000000e+00  1.37790972e-09 -2.51036691e-12 
 2.98650000e-09  2.98650000e-09  2.50000000e+00  1.37790972e-09 -2.50963139e-12 
 2.98750000e-09  2.98750000e-09  2.50000000e+00  1.37790972e-09 -2.51036691e-12 
 2.98850000e-09  2.98850000e-09  2.50000000e+00  1.37790972e-09 -2.50963139e-12 
 2.98950000e-09  2.98950000e-09  2.50000000e+00  1.37790972e-09 -2.51036691e-12 
 2.99050000e-09  2.99050000e-09  2.50000000e+00  1.37790972e-09 -2.50963139e-12 
 2.99150000e-09  2.99150000e-09  2.50000000e+00  1.37790972e-09 -2.51036691e-12 
 2.99250000e-09  2.99250000e-09  2.50000000e+00  1.37790972e-09 -2.50963139e-12 
 2.99350000e-09  2.99350000e-09  2.50000000e+00  1.37790972e-09 -2.51036691e-12 
 2.99450000e-09  2.99450000e-09  2.50000000e+00  1.37790972e-09 -2.50963139e-12 
 2.99550000e-09  2.99550000e-09  2.50000000e+00  1.37790972e-09 -2.51036691e-12 
 2.99650000e-09  2.99650000e-09  2.50000000e+00  1.37790972e-09 -2.50963139e-12 
 2.99750000e-09  2.99750000e-09  2.50000000e+00  1.37790972e-09 -2.51036691e-12 
 2.99850000e-09  2.99850000e-09  2.50000000e+00  1.37790972e-09 -2.50963139e-12 
 2.99950000e-09  2.99950000e-09  2.50000000e+00  1.37790972e-09 -2.51036691e-12 
 3.00050000e-09  3.00050000e-09  2.50000000e+00  1.37790972e-09 -2.50963139e-12 
 3.00150000e-09  3.00150000e-09  2.50000000e+00  1.37790972e-09 -2.51036691e-12 
 3.00250000e-09  3.00250000e-09  2.50000000e+00  1.37790972e-09 -2.50963139e-12 
 3.00350000e-09  3.00350000e-09  2.50000000e+00  1.37790972e-09 -2.51036691e-12 
 3.00450000e-09  3.00450000e-09  2.50000000e+00  1.37790972e-09 -2.50963139e-12 
 3.00550000e-09  3.00550000e-09  2.50000000e+00  1.37790972e-09 -2.51036691e-12 
 3.00650000e-09  3.00650000e-09  2.50000000e+00  1.37790972e-09 -2.50963139e-12 
 3.00750000e-09  3.00750000e-09  2.50000000e+00  1.37790972e-09 -2.51036691e-12 
 3.00850000e-09  3.00850000e-09  2.50000000e+00  1.37790972e-09 -2.50963139e-12 
 3.00950000e-09  3.00950000e-09  2.50000000e+00  1.37790972e-09 -2.51036691e-12 
 3.01050000e-09  3.01050000e-09  2.50000000e+00  1.37790972e-09 -2.50963139e-12 
 3.01150000e-09  3.01150000e-09  2.50000000e+00  1.37790972e-09 -2.51036691e-12 
 3.01250000e-09  3.01250000e-09  2.50000000e+00  1.37790972e-09 -2.50963139e-12 
 3.01350000e-09  3.01350000e-09  2.50000000e+00  1.37790972e-09 -2.51036691e-12 
 3.01450000e-09  3.01450000e-09  2.50000000e+00  1.37790972e-09 -2.50963139e-12 
 3.01550000e-09  3.01550000e-09  2.50000000e+00  1.37790972e-09 -2.51036691e-12 
 3.01650000e-09  3.01650000e-09  2.50000000e+00  1.37790972e-09 -2.50963139e-12 
 3.01750000e-09  3.01750000e-09  2.50000000e+00  1.37790972e-09 -2.51036691e-12 
 3.01850000e-09  3.01850000e-09  2.50000000e+00  1.37790972e-09 -2.50963139e-12 
 3.01950000e-09  3.01950000e-09  2.50000000e+00  1.37790972e-09 -2.51036691e-12 
 3.02050000e-09  3.02050000e-09  2.50000000e+00  1.37790972e-09 -2.50963139e-12 
 3.02150000e-09  3.02150000e-09  2.50000000e+00  1.37790972e-09 -2.51036691e-12 
 3.02250000e-09  3.02250000e-09  2.50000000e+00  1.37790972e-09 -2.50963139e-12 
 3.02350000e-09  3.02350000e-09  2.50000000e+00  1.37790972e-09 -2.51036691e-12 
 3.02450000e-09  3.02450000e-09  2.50000000e+00  1.37790972e-09 -2.50963139e-12 
 3.02550000e-09  3.02550000e-09  2.50000000e+00  1.37790972e-09 -2.51036691e-12 
 3.02650000e-09  3.02650000e-09  2.50000000e+00  1.37790972e-09 -2.50963139e-12 
 3.02750000e-09  3.02750000e-09  2.50000000e+00  1.37790972e-09 -2.51036691e-12 
 3.02850000e-09  3.02850000e-09  2.50000000e+00  1.37790972e-09 -2.50963139e-12 
 3.02950000e-09  3.02950000e-09  2.50000000e+00  1.37790972e-09 -2.51036691e-12 
 3.03050000e-09  3.03050000e-09  2.50000000e+00  1.37790972e-09 -2.50963139e-12 
 3.03150000e-09  3.03150000e-09  2.50000000e+00  1.37790972e-09 -2.51036691e-12 
 3.03250000e-09  3.03250000e-09  2.50000000e+00  1.37790972e-09 -2.50963139e-12 
 3.03350000e-09  3.03350000e-09  2.50000000e+00  1.37790972e-09 -2.51036691e-12 
 3.03450000e-09  3.03450000e-09  2.50000000e+00  1.37790972e-09 -2.50963139e-12 
 3.03550000e-09  3.03550000e-09  2.50000000e+00  1.37790972e-09 -2.51036691e-12 
 3.03650000e-09  3.03650000e-09  2.50000000e+00  1.37790972e-09 -2.50963139e-12 
 3.03750000e-09  3.03750000e-09  2.50000000e+00  1.37790972e-09 -2.51036691e-12 
 3.03850000e-09  3.03850000e-09  2.50000000e+00  1.37790972e-09 -2.50963139e-12 
 3.03950000e-09  3.03950000e-09  2.50000000e+00  1.37790972e-09 -2.51036691e-12 
 3.04050000e-09  3.04050000e-09  2.50000000e+00  1.37790972e-09 -2.50963139e-12 
 3.04150000e-09  3.04150000e-09  2.50000000e+00  1.37790972e-09 -2.51036691e-12 
 3.04250000e-09  3.04250000e-09  2.50000000e+00  1.37790972e-09 -2.50963139e-12 
 3.04350000e-09  3.04350000e-09  2.50000000e+00  1.37790972e-09 -2.51036691e-12 
 3.04450000e-09  3.04450000e-09  2.50000000e+00  1.37790972e-09 -2.50963139e-12 
 3.04550000e-09  3.04550000e-09  2.50000000e+00  1.37790972e-09 -2.51036691e-12 
 3.04650000e-09  3.04650000e-09  2.50000000e+00  1.37790972e-09 -2.50963139e-12 
 3.04750000e-09  3.04750000e-09  2.50000000e+00  1.37790972e-09 -2.51036691e-12 
 3.04850000e-09  3.04850000e-09  2.50000000e+00  1.37790972e-09 -2.50963139e-12 
 3.04950000e-09  3.04950000e-09  2.50000000e+00  1.37790972e-09 -2.51036691e-12 
 3.05050000e-09  3.05050000e-09  2.50000000e+00  1.37790972e-09 -2.50963139e-12 
 3.05150000e-09  3.05150000e-09  2.50000000e+00  1.37790972e-09 -2.51036691e-12 
 3.05250000e-09  3.05250000e-09  2.50000000e+00  1.37790972e-09 -2.50963139e-12 
 3.05350000e-09  3.05350000e-09  2.50000000e+00  1.37790972e-09 -2.51036691e-12 
 3.05450000e-09  3.05450000e-09  2.50000000e+00  1.37790972e-09 -2.50963139e-12 
 3.05550000e-09  3.05550000e-09  2.50000000e+00  1.37790972e-09 -2.51036691e-12 
 3.05650000e-09  3.05650000e-09  2.50000000e+00  1.37790972e-09 -2.50963139e-12 
 3.05750000e-09  3.05750000e-09  2.50000000e+00  1.37790972e-09 -2.51036691e-12 
 3.05850000e-09  3.05850000e-09  2.50000000e+00  1.37790972e-09 -2.50963139e-12 
 3.05950000e-09  3.05950000e-09  2.50000000e+00  1.37790972e-09 -2.51036691e-12 
 3.06050000e-09  3.06050000e-09  2.50000000e+00  1.37790972e-09 -2.50963139e-12 
 3.06150000e-09  3.06150000e-09  2.50000000e+00  1.37790972e-09 -2.51036691e-12 
 3.06250000e-09  3.06250000e-09  2.50000000e+00  1.37790972e-09 -2.50963139e-12 
 3.06350000e-09  3.06350000e-09  2.50000000e+00  1.37790972e-09 -2.51036691e-12 
 3.06450000e-09  3.06450000e-09  2.50000000e+00  1.37790972e-09 -2.50963139e-12 
 3.06550000e-09  3.06550000e-09  2.50000000e+00  1.37790972e-09 -2.51036691e-12 
 3.06650000e-09  3.06650000e-09  2.50000000e+00  1.37790972e-09 -2.50963139e-12 
 3.06750000e-09  3.06750000e-09  2.50000000e+00  1.37790972e-09 -2.51036691e-12 
 3.06850000e-09  3.06850000e-09  2.50000000e+00  1.37790972e-09 -2.50963139e-12 
 3.06950000e-09  3.06950000e-09  2.50000000e+00  1.37790972e-09 -2.51036691e-12 
 3.07050000e-09  3.07050000e-09  2.50000000e+00  1.37790972e-09 -2.50963139e-12 
 3.07150000e-09  3.07150000e-09  2.50000000e+00  1.37790972e-09 -2.51036691e-12 
 3.07250000e-09  3.07250000e-09  2.50000000e+00  1.37790972e-09 -2.50963139e-12 
 3.07350000e-09  3.07350000e-09  2.50000000e+00  1.37790972e-09 -2.51036691e-12 
 3.07450000e-09  3.07450000e-09  2.50000000e+00  1.37790972e-09 -2.50963139e-12 
 3.07550000e-09  3.07550000e-09  2.50000000e+00  1.37790972e-09 -2.51036691e-12 
 3.07650000e-09  3.07650000e-09  2.50000000e+00  1.37790972e-09 -2.50963139e-12 
 3.07750000e-09  3.07750000e-09  2.50000000e+00  1.37790972e-09 -2.51036691e-12 
 3.07850000e-09  3.07850000e-09  2.50000000e+00  1.37790972e-09 -2.50963139e-12 
 3.07950000e-09  3.07950000e-09  2.50000000e+00  1.37790972e-09 -2.51036691e-12 
 3.08050000e-09  3.08050000e-09  2.50000000e+00  1.37790972e-09 -2.50963139e-12 
 3.08150000e-09  3.08150000e-09  2.50000000e+00  1.37790972e-09 -2.51036691e-12 
 3.08250000e-09  3.08250000e-09  2.50000000e+00  1.37790972e-09 -2.50963139e-12 
 3.08350000e-09  3.08350000e-09  2.50000000e+00  1.37790972e-09 -2.51036691e-12 
 3.08450000e-09  3.08450000e-09  2.50000000e+00  1.37790972e-09 -2.50963139e-12 
 3.08550000e-09  3.08550000e-09  2.50000000e+00  1.37790972e-09 -2.51036691e-12 
 3.08650000e-09  3.08650000e-09  2.50000000e+00  1.37790972e-09 -2.50963139e-12 
 3.08750000e-09  3.08750000e-09  2.50000000e+00  1.37790972e-09 -2.51036691e-12 
 3.08850000e-09  3.08850000e-09  2.50000000e+00  1.37790972e-09 -2.50963139e-12 
 3.08950000e-09  3.08950000e-09  2.50000000e+00  1.37790972e-09 -2.51036691e-12 
 3.09050000e-09  3.09050000e-09  2.50000000e+00  1.37790972e-09 -2.50963139e-12 
 3.09150000e-09  3.09150000e-09  2.50000000e+00  1.37790972e-09 -2.51036691e-12 
 3.09250000e-09  3.09250000e-09  2.50000000e+00  1.37790972e-09 -2.50963139e-12 
 3.09350000e-09  3.09350000e-09  2.50000000e+00  1.37790972e-09 -2.51036691e-12 
 3.09450000e-09  3.09450000e-09  2.50000000e+00  1.37790972e-09 -2.50963139e-12 
 3.09550000e-09  3.09550000e-09  2.50000000e+00  1.37790972e-09 -2.51036691e-12 
 3.09650000e-09  3.09650000e-09  2.50000000e+00  1.37790972e-09 -2.50963139e-12 
 3.09750000e-09  3.09750000e-09  2.50000000e+00  1.37790972e-09 -2.51036691e-12 
 3.09850000e-09  3.09850000e-09  2.50000000e+00  1.37790972e-09 -2.50963139e-12 
 3.09950000e-09  3.09950000e-09  2.50000000e+00  1.37790972e-09 -2.51036691e-12 
 3.10050000e-09  3.10050000e-09  2.50000000e+00  1.37790972e-09 -2.50963139e-12 
 3.10150000e-09  3.10150000e-09  2.50000000e+00  1.37790972e-09 -2.51036691e-12 
 3.10250000e-09  3.10250000e-09  2.50000000e+00  1.37790972e-09 -2.50963139e-12 
 3.10350000e-09  3.10350000e-09  2.50000000e+00  1.37790972e-09 -2.51036691e-12 
 3.10450000e-09  3.10450000e-09  2.50000000e+00  1.37790972e-09 -2.50963139e-12 
 3.10550000e-09  3.10550000e-09  2.50000000e+00  1.37790972e-09 -2.51036691e-12 
 3.10650000e-09  3.10650000e-09  2.50000000e+00  1.37790972e-09 -2.50963139e-12 
 3.10750000e-09  3.10750000e-09  2.50000000e+00  1.37790972e-09 -2.51036691e-12 
 3.10850000e-09  3.10850000e-09  2.50000000e+00  1.37790972e-09 -2.50963139e-12 
 3.10950000e-09  3.10950000e-09  2.50000000e+00  1.37790972e-09 -2.51036691e-12 
 3.11050000e-09  3.11050000e-09  2.50000000e+00  1.37790972e-09 -2.50963139e-12 
 3.11150000e-09  3.11150000e-09  2.50000000e+00  1.37790972e-09 -2.51036691e-12 
 3.11250000e-09  3.11250000e-09  2.50000000e+00  1.37790972e-09 -2.50963139e-12 
 3.11350000e-09  3.11350000e-09  2.50000000e+00  1.37790972e-09 -2.51036691e-12 
 3.11450000e-09  3.11450000e-09  2.50000000e+00  1.37790972e-09 -2.50963139e-12 
 3.11550000e-09  3.11550000e-09  2.50000000e+00  1.37790972e-09 -2.51036691e-12 
 3.11650000e-09  3.11650000e-09  2.50000000e+00  1.37790972e-09 -2.50963139e-12 
 3.11750000e-09  3.11750000e-09  2.50000000e+00  1.37790972e-09 -2.51036691e-12 
 3.11850000e-09  3.11850000e-09  2.50000000e+00  1.37790972e-09 -2.50963139e-12 
 3.11925000e-09  3.11925000e-09  2.50000000e+00  1.37790988e-09 -2.51037385e-12 
 3.12000000e-09  3.12000000e-09  2.50000000e+00  1.37790791e-09 -2.50978752e-12 
 3.12010000e-09  3.12010000e-09  2.48750000e+00 -2.20108764e-03 -5.41040798e-04 
 3.12030000e-09  3.12030000e-09  2.46250000e+00 -6.54045245e-03 -5.03946480e-04 
 3.12070000e-09  3.12070000e-09  2.41250000e+00 -1.48591406e-02 -4.66852161e-04 
 3.12150000e-09  3.12150000e-09  2.31250000e+00 -3.02258102e-02 -4.31406480e-04 
 3.12250000e-09  3.12250000e-09  2.18750000e+00 -4.74441187e-02 -4.84987161e-04 
 3.12350000e-09  3.12350000e-09  2.06250000e+00 -6.29352953e-02 -5.11393899e-04 
 3.12450000e-09  3.12450000e-09  1.93750000e+00 -7.68043907e-02 -5.32649176e-04 
 3.12550000e-09  3.12550000e-09  1.81250000e+00 -8.84945848e-02 -5.45071214e-04 
 3.12650000e-09  3.12650000e-09  1.68750000e+00 -9.71901336e-02 -5.98136474e-04 
 3.12750000e-09  3.12750000e-09  1.56250000e+00 -1.02093465e-01 -6.42382989e-04 
 3.12850000e-09  3.12850000e-09  1.43750000e+00 -1.02395074e-01 -7.27240023e-04 
 3.12950000e-09  3.12950000e-09  1.31250000e+00 -9.72424179e-02 -8.03184381e-04 
 3.13050000e-09  3.13050000e-09  1.18750000e+00 -8.57046599e-02 -9.19568208e-04 
 3.13150000e-09  3.13150000e-09  1.06250000e+00 -6.67287722e-02 -1.02677197e-03 
 3.13250000e-09  3.13250000e-09  9.37500000e-01 -3.90775493e-02 -1.17402672e-03 
 3.13350000e-09  3.13350000e-09  8.12500000e-01 -1.21616329e-03 -1.31155708e-03 
 3.13450000e-09  3.13450000e-09  6.87500000e-01  4.89636360e-02 -1.48838045e-03 
 3.13550000e-09  3.13550000e-09  5.62500000e-01  1.18055380e-01 -1.65419602e-03 
 3.13650000e-09  3.13650000e-09  4.37500000e-01  2.10551985e-01 -1.85743467e-03 
 3.13750000e-09  3.13750000e-09  3.12500000e-01  3.22912591e-01 -2.04796956e-03 
 3.13850000e-09  3.13850000e-09  1.87500000e-01  4.53705876e-01 -2.27444895e-03 
 3.13925000e-09  3.13925000e-09  9.37500000e-02  5.63289465e-01 -2.42857422e-03 
 3.14000000e-09  3.14000000e-09  0.00000000e+00  6.77287339e-01 -2.58092226e-03 
 3.14010000e-09  3.14010000e-09  0.00000000e+00  6.94458566e-01 -2.05549474e-03 
 3.14030000e-09  3.14030000e-09  0.00000000e+00  7.28537153e-01 -2.04236350e-03 
 3.14070000e-09  3.14070000e-09  0.00000000e+00  7.95430279e-01 -2.01341268e-03 
 3.14150000e-09  3.14150000e-09  0.00000000e+00  9.24144388e-01 -1.94602277e-03 
 3.14250000e-09  3.14250000e-09  0.00000000e+00  1.07553096e+00 -1.84747195e-03 
 3.14350000e-09  3.14350000e-09  0.00000000e+00  1.21635105e+00 -1.73753696e-03 
 3.14450000e-09  3.14450000e-09  0.00000000e+00  1.34663355e+00 -1.62054761e-03 
 3.14550000e-09  3.14550000e-09  0.00000000e+00  1.46651821e+00 -1.50022927e-03 
 3.14650000e-09  3.14650000e-09  0.00000000e+00  1.57626941e+00 -1.37967680e-03 
 3.14750000e-09  3.14750000e-09  0.00000000e+00  1.67626306e+00 -1.26136651e-03 
 3.14850000e-09  3.14850000e-09  0.00000000e+00  1.76696558e+00 -1.14719659e-03 
 3.14950000e-09  3.14950000e-09  0.00000000e+00  1.84891026e+00 -1.03854715e-03 
 3.15050000e-09  3.15050000e-09  0.00000000e+00  1.92267426e+00 -9.36351247e-04 
 3.15150000e-09  3.15150000e-09  0.00000000e+00  1.98885789e+00 -8.41169119e-04 
 3.15250000e-09  3.15250000e-09  0.00000000e+00  2.04806702e+00 -7.53260178e-04 
 3.15350000e-09  3.15350000e-09  0.00000000e+00  2.10089901e+00 -6.72649079e-04 
 3.15450000e-09  3.15450000e-09  0.00000000e+00  2.14793188e+00 -5.99183800e-04 
 3.15550000e-09  3.15550000e-09  0.00000000e+00  2.18971650e+00 -5.32584975e-04 
 3.15650000e-09  3.15650000e-09  0.00000000e+00  2.22677132e+00 -4.72486528e-04 
 3.15750000e-09  3.15750000e-09  0.00000000e+00  2.25957919e+00 -4.18468266e-04 
 3.15850000e-09  3.15850000e-09  0.00000000e+00  2.28858592e+00 -3.70081301e-04 
 3.15950000e-09  3.15950000e-09  0.00000000e+00  2.31420008e+00 -3.26867372e-04 
 3.16050000e-09  3.16050000e-09  0.00000000e+00  2.33679372e+00 -2.88373065e-04 
 3.16150000e-09  3.16150000e-09  0.00000000e+00  2.35670389e+00 -2.54159909e-04 
 3.16250000e-09  3.16250000e-09  0.00000000e+00  2.37423449e+00 -2.23811197e-04 
 3.16350000e-09  3.16350000e-09  0.00000000e+00  2.38966469e+00 -1.97006410e-04 
 3.16450000e-09  3.16450000e-09  0.00000000e+00  2.40323658e+00 -1.73206354e-04 
 3.16550000e-09  3.16550000e-09  0.00000000e+00  2.41516041e+00 -1.52195418e-04 
 3.16650000e-09  3.16650000e-09  0.00000000e+00  2.42563133e+00 -1.33667057e-04 
 3.16750000e-09  3.16750000e-09  0.00000000e+00  2.43482255e+00 -1.17343484e-04 
 3.16850000e-09  3.16850000e-09  0.00000000e+00  2.44288753e+00 -1.02974284e-04 
 3.16950000e-09  3.16950000e-09  0.00000000e+00  2.44996202e+00 -9.03346361e-05 
 3.17050000e-09  3.17050000e-09  0.00000000e+00  2.45616591e+00 -7.92234050e-05 
 3.17150000e-09  3.17150000e-09  0.00000000e+00  2.46160502e+00 -6.94611755e-05 
 3.17250000e-09  3.17250000e-09  0.00000000e+00  2.46637259e+00 -6.08883141e-05 
 3.17350000e-09  3.17350000e-09  0.00000000e+00  2.47055075e+00 -5.33630975e-05 
 3.17450000e-09  3.17450000e-09  0.00000000e+00  2.47421176e+00 -4.67599387e-05 
 3.17550000e-09  3.17550000e-09  0.00000000e+00  2.47741917e+00 -4.09677304e-05 
 3.17650000e-09  3.17650000e-09  0.00000000e+00  2.48022883e+00 -3.58883128e-05 
 3.17750000e-09  3.17750000e-09  0.00000000e+00  2.48268978e+00 -3.14350698e-05 
 3.17850000e-09  3.17850000e-09  0.00000000e+00  2.48484511e+00 -2.75316521e-05 
 3.17950000e-09  3.17950000e-09  0.00000000e+00  2.48673259e+00 -2.41108212e-05 
 3.18050000e-09  3.18050000e-09  0.00000000e+00  2.48838540e+00 -2.11134096e-05 
 3.18150000e-09  3.18150000e-09  0.00000000e+00  2.48983262e+00 -1.84873875e-05 
 3.18250000e-09  3.18250000e-09  0.00000000e+00  2.49109974e+00 -1.61870296e-05 
 3.18350000e-09  3.18350000e-09  0.00000000e+00  2.49220913e+00 -1.41721718e-05 
 3.18450000e-09  3.18450000e-09  0.00000000e+00  2.49318038e+00 -1.24075513e-05 
 3.18550000e-09  3.18550000e-09  0.00000000e+00  2.49403065e+00 -1.08622205e-05 
 3.18650000e-09  3.18650000e-09  0.00000000e+00  2.49477499e+00 -9.50902866e-06 
 3.18750000e-09  3.18750000e-09  0.00000000e+00  2.49542658e+00 -8.32416293e-06 
 3.18850000e-09  3.18850000e-09  0.00000000e+00  2.49599696e+00 -7.28674382e-06 
 3.18950000e-09  3.18950000e-09  0.00000000e+00  2.49649624e+00 -6.37846795e-06 
 3.19050000e-09  3.19050000e-09  0.00000000e+00  2.49693328e+00 -5.58329348e-06 
 3.19150000e-09  3.19150000e-09  0.00000000e+00  2.49731582e+00 -4.88716313e-06 
 3.19250000e-09  3.19250000e-09  0.00000000e+00  2.49765066e+00 -4.27776062e-06 
 3.19350000e-09  3.19350000e-09  0.00000000e+00  2.49794375e+00 -3.74429643e-06 
 3.19450000e-09  3.19450000e-09  0.00000000e+00  2.49820028e+00 -3.27731972e-06 
 3.19550000e-09  3.19550000e-09  0.00000000e+00  2.49842481e+00 -2.86855304e-06 
 3.19650000e-09  3.19650000e-09  0.00000000e+00  2.49862134e+00 -2.51074732e-06 
 3.19750000e-09  3.19750000e-09  0.00000000e+00  2.49879335e+00 -2.19755462e-06 
 3.19850000e-09  3.19850000e-09  0.00000000e+00  2.49894391e+00 -1.92341645e-06 
 3.19950000e-09  3.19950000e-09  0.00000000e+00  2.49907568e+00 -1.68346594e-06 
 3.20050000e-09  3.20050000e-09  0.00000000e+00  2.49919101e+00 -1.47344195e-06 
 3.20150000e-09  3.20150000e-09  0.00000000e+00  2.49929195e+00 -1.28961391e-06 
 3.20250000e-09  3.20250000e-09  0.00000000e+00  2.49938030e+00 -1.12871585e-06 
 3.20350000e-09  3.20350000e-09  0.00000000e+00  2.49945763e+00 -9.87888664e-07 
 3.20450000e-09  3.20450000e-09  0.00000000e+00  2.49952531e+00 -8.64629476e-07 
 3.20550000e-09  3.20550000e-09  0.00000000e+00  2.49958454e+00 -7.56747338e-07 
 3.20650000e-09  3.20650000e-09  0.00000000e+00  2.49963638e+00 -6.62324392e-07 
 3.20750000e-09  3.20750000e-09  0.00000000e+00  2.49968176e+00 -5.79681864e-07 
 3.20850000e-09  3.20850000e-09  0.00000000e+00  2.49972147e+00 -5.07350288e-07 
 3.20950000e-09  3.20950000e-09  0.00000000e+00  2.49975622e+00 -4.44043430e-07 
 3.21050000e-09  3.21050000e-09  0.00000000e+00  2.49978664e+00 -3.88635454e-07 
 3.21150000e-09  3.21150000e-09  0.00000000e+00  2.49981327e+00 -3.40140934e-07 
 3.21250000e-09  3.21250000e-09  0.00000000e+00  2.49983657e+00 -2.97697352e-07 
 3.21350000e-09  3.21350000e-09  0.00000000e+00  2.49985696e+00 -2.60549772e-07 
 3.21450000e-09  3.21450000e-09  0.00000000e+00  2.49987481e+00 -2.28037430e-07 
 3.21550000e-09  3.21550000e-09  0.00000000e+00  2.49989043e+00 -1.99581991e-07 
 3.21650000e-09  3.21650000e-09  0.00000000e+00  2.49990411e+00 -1.74677265e-07 
 3.21750000e-09  3.21750000e-09  0.00000000e+00  2.49991607e+00 -1.52880216e-07 
 3.21850000e-09  3.21850000e-09  0.00000000e+00  2.49992655e+00 -1.33803079e-07 
 3.21950000e-09  3.21950000e-09  0.00000000e+00  2.49993571e+00 -1.17106470e-07 
 3.22050000e-09  3.22050000e-09  0.00000000e+00  2.49994373e+00 -1.02493347e-07 
 3.22150000e-09  3.22150000e-09  0.00000000e+00  2.49995076e+00 -8.97037310e-08 
 3.22250000e-09  3.22250000e-09  0.00000000e+00  2.49995690e+00 -7.85100823e-08 
 3.22350000e-09  3.22350000e-09  0.00000000e+00  2.49996228e+00 -6.87132510e-08 
 3.22450000e-09  3.22450000e-09  0.00000000e+00  2.49996699e+00 -6.01389372e-08 
 3.22550000e-09  3.22550000e-09  0.00000000e+00  2.49997111e+00 -5.26345895e-08 
 3.22650000e-09  3.22650000e-09  0.00000000e+00  2.49997471e+00 -4.60666920e-08 
 3.22750000e-09  3.22750000e-09  0.00000000e+00  2.49997787e+00 -4.03183892e-08 
 3.22850000e-09  3.22850000e-09  0.00000000e+00  2.49998063e+00 -3.52874067e-08 
 3.22950000e-09  3.22950000e-09  0.00000000e+00  2.49998305e+00 -3.08842326e-08 
 3.23050000e-09  3.23050000e-09  0.00000000e+00  2.49998516e+00 -2.70305244e-08 
 3.23150000e-09  3.23150000e-09  0.00000000e+00  2.49998701e+00 -2.36577157e-08 
 3.23250000e-09  3.23250000e-09  0.00000000e+00  2.49998863e+00 -2.07057961e-08 
 3.23350000e-09  3.23350000e-09  0.00000000e+00  2.49999005e+00 -1.81222436e-08 
 3.23450000e-09  3.23450000e-09  0.00000000e+00  2.49999129e+00 -1.58610904e-08 
 3.23550000e-09  3.23550000e-09  0.00000000e+00  2.49999238e+00 -1.38821048e-08 
 3.23650000e-09  3.23650000e-09  0.00000000e+00  2.49999333e+00 -1.21500755e-08 
 3.23750000e-09  3.23750000e-09  0.00000000e+00  2.49999416e+00 -1.06341850e-08 
 3.23850000e-09  3.23850000e-09  0.00000000e+00  2.49999489e+00 -9.30746163e-09 
 3.23950000e-09  3.23950000e-09  0.00000000e+00  2.49999553e+00 -8.14629942e-09 
 3.24050000e-09  3.24050000e-09  0.00000000e+00  2.49999609e+00 -7.13003813e-09 
 3.24150000e-09  3.24150000e-09  0.00000000e+00  2.49999657e+00 -6.24059567e-09 
 3.24250000e-09  3.24250000e-09  0.00000000e+00  2.49999700e+00 -5.46214640e-09 
 3.24350000e-09  3.24350000e-09  0.00000000e+00  2.49999738e+00 -4.78083956e-09 
 3.24450000e-09  3.24450000e-09  0.00000000e+00  2.49999770e+00 -4.18455278e-09 
 3.24550000e-09  3.24550000e-09  0.00000000e+00  2.49999799e+00 -3.66267646e-09 
 3.24650000e-09  3.24650000e-09  0.00000000e+00  2.49999824e+00 -3.20592495e-09 
 3.24750000e-09  3.24750000e-09  0.00000000e+00  2.49999846e+00 -2.80617136e-09 
 3.24850000e-09  3.24850000e-09  0.00000000e+00  2.49999865e+00 -2.45630292e-09 
 3.24950000e-09  3.24950000e-09  0.00000000e+00  2.49999882e+00 -2.15009449e-09 
 3.25050000e-09  3.25050000e-09  0.00000000e+00  2.49999897e+00 -1.88209774e-09 
 3.25150000e-09  3.25150000e-09  0.00000000e+00  2.49999910e+00 -1.64754426e-09 
 3.25250000e-09  3.25250000e-09  0.00000000e+00  2.49999921e+00 -1.44226067e-09 
 3.25350000e-09  3.25350000e-09  0.00000000e+00  2.49999931e+00 -1.26259438e-09 
 3.25450000e-09  3.25450000e-09  0.00000000e+00  2.49999939e+00 -1.10534862e-09 
 3.25550000e-09  3.25550000e-09  0.00000000e+00  2.49999947e+00 -9.67725537e-10 
 3.25650000e-09  3.25650000e-09  0.00000000e+00  2.49999953e+00 -8.47276412e-10 
 3.25750000e-09  3.25750000e-09  0.00000000e+00  2.49999959e+00 -7.41858117e-10 
 3.25850000e-09  3.25850000e-09  0.00000000e+00  2.49999964e+00 -6.49594962e-10 
 3.25950000e-09  3.25950000e-09  0.00000000e+00  2.49999969e+00 -5.68845302e-10 
 3.26050000e-09  3.26050000e-09  0.00000000e+00  2.49999973e+00 -4.98172392e-10 
 3.26150000e-09  3.26150000e-09  0.00000000e+00  2.49999976e+00 -4.36318741e-10 
 3.26250000e-09  3.26250000e-09  0.00000000e+00  2.49999979e+00 -3.82183809e-10 
 3.26350000e-09  3.26350000e-09  0.00000000e+00  2.49999982e+00 -3.34804359e-10 
 3.26450000e-09  3.26450000e-09  0.00000000e+00  2.49999984e+00 -2.93337381e-10 
 3.26550000e-09  3.26550000e-09  0.00000000e+00  2.49999986e+00 -2.57045065e-10 
 3.26650000e-09  3.26650000e-09  0.00000000e+00  2.49999988e+00 -2.25281667e-10 
 3.26750000e-09  3.26750000e-09  0.00000000e+00  2.49999989e+00 -1.97482014e-10 
 3.26850000e-09  3.26850000e-09  0.00000000e+00  2.49999990e+00 -1.73151483e-10 
 3.26950000e-09  3.26950000e-09  0.00000000e+00  2.49999992e+00 -1.51857158e-10 
 3.27050000e-09  3.27050000e-09  0.00000000e+00  2.49999993e+00 -1.33220141e-10 
 3.27150000e-09  3.27150000e-09  0.00000000e+00  2.49999994e+00 -1.16908833e-10 
 3.27250000e-09  3.27250000e-09  0.00000000e+00  2.49999994e+00 -1.02633021e-10 
 3.27350000e-09  3.27350000e-09  0.00000000e+00  2.49999995e+00 -9.01386847e-11 
 3.27450000e-09  3.27450000e-09  0.00000000e+00  2.49999996e+00 -7.92035092e-11 
 3.27550000e-09  3.27550000e-09  0.00000000e+00  2.49999996e+00 -6.96329357e-11 
 3.27650000e-09  3.27650000e-09  0.00000000e+00  2.49999997e+00 -6.12566716e-11 
 3.27750000e-09  3.27750000e-09  0.00000000e+00  2.49999997e+00 -5.39256721e-11 
 3.27850000e-09  3.27850000e-09  0.00000000e+00  2.49999997e+00 -4.75095267e-11 
 3.27950000e-09  3.27950000e-09  0.00000000e+00  2.49999998e+00 -4.18940403e-11 
 3.28050000e-09  3.28050000e-09  0.00000000e+00  2.49999998e+00 -3.69793137e-11 
 3.28150000e-09  3.28150000e-09  0.00000000e+00  2.49999998e+00 -3.26778856e-11 
 3.28250000e-09  3.28250000e-09  0.00000000e+00  2.49999998e+00 -2.89132485e-11 
 3.28350000e-09  3.28350000e-09  0.00000000e+00  2.49999999e+00 -2.56183824e-11 
 3.28450000e-09  3.28450000e-09  0.00000000e+00  2.49999999e+00 -2.27346995e-11 
 3.28550000e-09  3.28550000e-09  0.00000000e+00  2.49999999e+00 -2.02108625e-11 
 3.28650000e-09  3.28650000e-09  0.00000000e+00  2.49999999e+00 -1.80019732e-11 
 3.28750000e-09  3.28750000e-09  0.00000000e+00  2.49999999e+00 -1.60687375e-11 
 3.28850000e-09  3.28850000e-09  0.00000000e+00  2.49999999e+00 -1.43767394e-11 
 3.28950000e-09  3.28950000e-09  0.00000000e+00  2.49999999e+00 -1.28958936e-11 
 3.29050000e-09  3.29050000e-09  0.00000000e+00  2.49999999e+00 -1.15998417e-11 
 3.29150000e-09  3.29150000e-09  0.00000000e+00  2.49999999e+00 -1.04655243e-11 
 3.29250000e-09  3.29250000e-09  0.00000000e+00  2.49999999e+00 -9.47274377e-12 
 3.29350000e-09  3.29350000e-09  0.00000000e+00  2.50000000e+00 -8.60387022e-12 
 3.29450000e-09  3.29450000e-09  0.00000000e+00  2.50000000e+00 -7.84340908e-12 
 3.29550000e-09  3.29550000e-09  0.00000000e+00  2.50000000e+00 -7.17786074e-12 
 3.29650000e-09  3.29650000e-09  0.00000000e+00  2.50000000e+00 -6.59535968e-12 
 3.29750000e-09  3.29750000e-09  0.00000000e+00  2.50000000e+00 -6.08554786e-12 
 3.29850000e-09  3.29850000e-09  0.00000000e+00  2.50000000e+00 -5.63935617e-12 
 3.29950000e-09  3.29950000e-09  0.00000000e+00  2.50000000e+00 -5.24885170e-12 
 3.30050000e-09  3.30050000e-09  0.00000000e+00  2.50000000e+00 -4.90706174e-12 
 3.30150000e-09  3.30150000e-09  0.00000000e+00  2.50000000e+00 -4.60794510e-12 
 3.30250000e-09  3.30250000e-09  0.00000000e+00  2.50000000e+00 -4.34613543e-12 
 3.30350000e-09  3.30350000e-09  0.00000000e+00  2.50000000e+00 -4.11701315e-12 
 3.30450000e-09  3.30450000e-09  0.00000000e+00  2.50000000e+00 -3.91647392e-12 
 3.30550000e-09  3.30550000e-09  0.00000000e+00  2.50000000e+00 -3.74095806e-12 
 3.30650000e-09  3.30650000e-09  0.00000000e+00  2.50000000e+00 -3.58734743e-12 
 3.30750000e-09  3.30750000e-09  0.00000000e+00  2.50000000e+00 -3.45290723e-12 
 3.30850000e-09  3.30850000e-09  0.00000000e+00  2.50000000e+00 -3.33524094e-12 
 3.30950000e-09  3.30950000e-09  0.00000000e+00  2.50000000e+00 -3.23225995e-12 
 3.31050000e-09  3.31050000e-09  0.00000000e+00  2.50000000e+00 -3.14213412e-12 
 3.31150000e-09  3.31150000e-09  0.00000000e+00  2.50000000e+00 -3.06325191e-12 
 3.31250000e-09  3.31250000e-09  0.00000000e+00  2.50000000e+00 -2.99421165e-12 
 3.31350000e-09  3.31350000e-09  0.00000000e+00  2.50000000e+00 -2.93378603e-12 
 3.31450000e-09  3.31450000e-09  0.00000000e+00  2.50000000e+00 -2.88090558e-12 
 3.31550000e-09  3.31550000e-09  0.00000000e+00  2.50000000e+00 -2.83462490e-12 
 3.31650000e-09  3.31650000e-09  0.00000000e+00  2.50000000e+00 -2.79411043e-12 
 3.31750000e-09  3.31750000e-09  0.00000000e+00  2.50000000e+00 -2.75865442e-12 
 3.31850000e-09  3.31850000e-09  0.00000000e+00  2.50000000e+00 -2.72763236e-12 
 3.31950000e-09  3.31950000e-09  0.00000000e+00  2.50000000e+00 -2.70046485e-12 
 3.32050000e-09  3.32050000e-09  0.00000000e+00  2.50000000e+00 -2.67670348e-12 
 3.32150000e-09  3.32150000e-09  0.00000000e+00  2.50000000e+00 -2.65589634e-12 
 3.32250000e-09  3.32250000e-09  0.00000000e+00  2.50000000e+00 -2.63768781e-12 
 3.32350000e-09  3.32350000e-09  0.00000000e+00  2.50000000e+00 -2.62175264e-12 
 3.32450000e-09  3.32450000e-09  0.00000000e+00  2.50000000e+00 -2.60780980e-12 
 3.32550000e-09  3.32550000e-09  0.00000000e+00  2.50000000e+00 -2.59560429e-12 
 3.32650000e-09  3.32650000e-09  0.00000000e+00  2.50000000e+00 -2.58493053e-12 
 3.32750000e-09  3.32750000e-09  0.00000000e+00  2.50000000e+00 -2.57557690e-12 
 3.32850000e-09  3.32850000e-09  0.00000000e+00  2.50000000e+00 -2.56739421e-12 
 3.32950000e-09  3.32950000e-09  0.00000000e+00  2.50000000e+00 -2.56022807e-12 
 3.33050000e-09  3.33050000e-09  0.00000000e+00  2.50000000e+00 -2.55395878e-12 
 3.33150000e-09  3.33150000e-09  0.00000000e+00  2.50000000e+00 -2.54847358e-12 
 3.33250000e-09  3.33250000e-09  0.00000000e+00  2.50000000e+00 -2.54367447e-12 
 3.33350000e-09  3.33350000e-09  0.00000000e+00  2.50000000e+00 -2.53946864e-12 
 3.33450000e-09  3.33450000e-09  0.00000000e+00  2.50000000e+00 -2.53579015e-12 
 3.33550000e-09  3.33550000e-09  0.00000000e+00  2.50000000e+00 -2.53257831e-12 
 3.33650000e-09  3.33650000e-09  0.00000000e+00  2.50000000e+00 -2.52976199e-12 
 3.33750000e-09  3.33750000e-09  0.00000000e+00  2.50000000e+00 -2.52729955e-12 
 3.33850000e-09  3.33850000e-09  0.00000000e+00  2.50000000e+00 -2.52513895e-12 
 3.33950000e-09  3.33950000e-09  0.00000000e+00  2.50000000e+00 -2.52325418e-12 
 3.34050000e-09  3.34050000e-09  0.00000000e+00  2.50000000e+00 -2.52160706e-12 
 3.34150000e-09  3.34150000e-09  0.00000000e+00  2.50000000e+00 -2.52015162e-12 
 3.34250000e-09  3.34250000e-09  0.00000000e+00  2.50000000e+00 -2.51887920e-12 
 3.34350000e-09  3.34350000e-09  0.00000000e+00  2.50000000e+00 -2.51778026e-12 
 3.34450000e-09  3.34450000e-09  0.00000000e+00  2.50000000e+00 -2.51680794e-12 
 3.34550000e-09  3.34550000e-09  0.00000000e+00  2.50000000e+00 -2.51595793e-12 
 3.34650000e-09  3.34650000e-09  0.00000000e+00  2.50000000e+00 -2.51520766e-12 
 3.34750000e-09  3.34750000e-09  0.00000000e+00  2.50000000e+00 -2.51456755e-12 
 3.34850000e-09  3.34850000e-09  0.00000000e+00  2.50000000e+00 -2.51399335e-12 
 3.34950000e-09  3.34950000e-09  0.00000000e+00  2.50000000e+00 -2.51349115e-12 
 3.35050000e-09  3.35050000e-09  0.00000000e+00  2.50000000e+00 -2.51306007e-12 
 3.35150000e-09  3.35150000e-09  0.00000000e+00  2.50000000e+00 -2.51267930e-12 
 3.35250000e-09  3.35250000e-09  0.00000000e+00  2.50000000e+00 -2.51234884e-12 
 3.35350000e-09  3.35350000e-09  0.00000000e+00  2.50000000e+00 -2.51205307e-12 
 3.35450000e-09  3.35450000e-09  0.00000000e+00  2.50000000e+00 -2.51179286e-12 
 3.35550000e-09  3.35550000e-09  0.00000000e+00  2.50000000e+00 -2.51157602e-12 
 3.35650000e-09  3.35650000e-09  0.00000000e+00  2.50000000e+00 -2.51138086e-12 
 3.35750000e-09  3.35750000e-09  0.00000000e+00  2.50000000e+00 -2.51120392e-12 
 3.35850000e-09  3.35850000e-09  0.00000000e+00  2.50000000e+00 -2.51105560e-12 
 3.35950000e-09  3.35950000e-09  0.00000000e+00  2.50000000e+00 -2.51092029e-12 
 3.36050000e-09  3.36050000e-09  0.00000000e+00  2.50000000e+00 -2.51080667e-12 
 3.36150000e-09  3.36150000e-09  0.00000000e+00  2.50000000e+00 -2.51070865e-12 
 3.36250000e-09  3.36250000e-09  0.00000000e+00  2.50000000e+00 -2.51062626e-12 
 3.36350000e-09  3.36350000e-09  0.00000000e+00  2.50000000e+00 -2.51053865e-12 
 3.36450000e-09  3.36450000e-09  0.00000000e+00  2.50000000e+00 -2.51047187e-12 
 3.36550000e-09  3.36550000e-09  0.00000000e+00  2.50000000e+00 -2.51041549e-12 
 3.36650000e-09  3.36650000e-09  0.00000000e+00  2.50000000e+00 -2.51036865e-12 
 3.36750000e-09  3.36750000e-09  0.00000000e+00  2.50000000e+00 -2.51032268e-12 
 3.36850000e-09  3.36850000e-09  0.00000000e+00  2.50000000e+00 -2.51028278e-12 
 3.36950000e-09  3.36950000e-09  0.00000000e+00  2.50000000e+00 -2.51024982e-12 
 3.37050000e-09  3.37050000e-09  0.00000000e+00  2.50000000e+00 -2.51022206e-12 
 3.37150000e-09  3.37150000e-09  0.00000000e+00  2.50000000e+00 -2.51018997e-12 
 3.37250000e-09  3.37250000e-09  0.00000000e+00  2.50000000e+00 -2.51016916e-12 
 3.37350000e-09  3.37350000e-09  0.00000000e+00  2.50000000e+00 -2.51014834e-12 
 3.37450000e-09  3.37450000e-09  0.00000000e+00  2.50000000e+00 -2.51012839e-12 
 3.37550000e-09  3.37550000e-09  0.00000000e+00  2.50000000e+00 -2.51011798e-12 
 3.37650000e-09  3.37650000e-09  0.00000000e+00  2.50000000e+00 -2.51010324e-12 
 3.37750000e-09  3.37750000e-09  0.00000000e+00  2.50000000e+00 -2.51008762e-12 
 3.37850000e-09  3.37850000e-09  0.00000000e+00  2.50000000e+00 -2.51007288e-12 
 3.37950000e-09  3.37950000e-09  0.00000000e+00  2.50000000e+00 -2.51007114e-12 
 3.38050000e-09  3.38050000e-09  0.00000000e+00  2.50000000e+00 -2.51006247e-12 
 3.38150000e-09  3.38150000e-09  0.00000000e+00  2.50000000e+00 -2.51004946e-12 
 3.38250000e-09  3.38250000e-09  0.00000000e+00  2.50000000e+00 -2.51005466e-12 
 3.38350000e-09  3.38350000e-09  0.00000000e+00  2.50000000e+00 -2.51004773e-12 
 3.38450000e-09  3.38450000e-09  0.00000000e+00  2.50000000e+00 -2.51003818e-12 
 3.38550000e-09  3.38550000e-09  0.00000000e+00  2.50000000e+00 -2.51003732e-12 
 3.38650000e-09  3.38650000e-09  0.00000000e+00  2.50000000e+00 -2.51002431e-12 
 3.38750000e-09  3.38750000e-09  0.00000000e+00  2.50000000e+00 -2.51001823e-12 
 3.38850000e-09  3.38850000e-09  0.00000000e+00  2.50000000e+00 -2.51002344e-12 
 3.38950000e-09  3.38950000e-09  0.00000000e+00  2.50000000e+00 -2.51002431e-12 
 3.39050000e-09  3.39050000e-09  0.00000000e+00  2.50000000e+00 -2.51001737e-12 
 3.39150000e-09  3.39150000e-09  0.00000000e+00  2.50000000e+00 -2.51001390e-12 
 3.39250000e-09  3.39250000e-09  0.00000000e+00  2.50000000e+00 -2.51000956e-12 
 3.39350000e-09  3.39350000e-09  0.00000000e+00  2.50000000e+00 -2.51000869e-12 
 3.39450000e-09  3.39450000e-09  0.00000000e+00  2.50000000e+00 -2.51000956e-12 
 3.39550000e-09  3.39550000e-09  0.00000000e+00  2.50000000e+00 -2.51001216e-12 
 3.39650000e-09  3.39650000e-09  0.00000000e+00  2.50000000e+00 -2.51001130e-12 
 3.39750000e-09  3.39750000e-09  0.00000000e+00  2.50000000e+00 -2.51000783e-12 
 3.39850000e-09  3.39850000e-09  0.00000000e+00  2.50000000e+00 -2.51001650e-12 
 3.39950000e-09  3.39950000e-09  0.00000000e+00  2.50000000e+00 -2.51001737e-12 
 3.40050000e-09  3.40050000e-09  0.00000000e+00  2.50000000e+00 -2.51000869e-12 
 3.40150000e-09  3.40150000e-09  0.00000000e+00  2.50000000e+00 -2.51000956e-12 
 3.40250000e-09  3.40250000e-09  0.00000000e+00  2.50000000e+00 -2.51000956e-12 
 3.40350000e-09  3.40350000e-09  0.00000000e+00  2.50000000e+00 -2.51000956e-12 
 3.40450000e-09  3.40450000e-09  0.00000000e+00  2.50000000e+00 -2.51000956e-12 
 3.40550000e-09  3.40550000e-09  0.00000000e+00  2.50000000e+00 -2.51000956e-12 
 3.40650000e-09  3.40650000e-09  0.00000000e+00  2.50000000e+00 -2.51000956e-12 
 3.40750000e-09  3.40750000e-09  0.00000000e+00  2.50000000e+00 -2.51000956e-12 
 3.40850000e-09  3.40850000e-09  0.00000000e+00  2.50000000e+00 -2.51000956e-12 
 3.40950000e-09  3.40950000e-09  0.00000000e+00  2.50000000e+00 -2.51000956e-12 
 3.41050000e-09  3.41050000e-09  0.00000000e+00  2.50000000e+00 -2.51000956e-12 
 3.41150000e-09  3.41150000e-09  0.00000000e+00  2.50000000e+00 -2.51000956e-12 
 3.41250000e-09  3.41250000e-09  0.00000000e+00  2.50000000e+00 -2.51000956e-12 
 3.41350000e-09  3.41350000e-09  0.00000000e+00  2.50000000e+00 -2.51000956e-12 
 3.41450000e-09  3.41450000e-09  0.00000000e+00  2.50000000e+00 -2.51000956e-12 
 3.41550000e-09  3.41550000e-09  0.00000000e+00  2.50000000e+00 -2.51000956e-12 
 3.41650000e-09  3.41650000e-09  0.00000000e+00  2.50000000e+00 -2.51000956e-12 
 3.41750000e-09  3.41750000e-09  0.00000000e+00  2.50000000e+00 -2.51000956e-12 
 3.41850000e-09  3.41850000e-09  0.00000000e+00  2.50000000e+00 -2.51000956e-12 
 3.41950000e-09  3.41950000e-09  0.00000000e+00  2.50000000e+00 -2.51000956e-12 
 3.42050000e-09  3.42050000e-09  0.00000000e+00  2.50000000e+00 -2.51000956e-12 
 3.42150000e-09  3.42150000e-09  0.00000000e+00  2.50000000e+00 -2.51000956e-12 
 3.42250000e-09  3.42250000e-09  0.00000000e+00  2.50000000e+00 -2.51000956e-12 
 3.42350000e-09  3.42350000e-09  0.00000000e+00  2.50000000e+00 -2.51000956e-12 
 3.42450000e-09  3.42450000e-09  0.00000000e+00  2.50000000e+00 -2.51000956e-12 
 3.42550000e-09  3.42550000e-09  0.00000000e+00  2.50000000e+00 -2.51000956e-12 
 3.42650000e-09  3.42650000e-09  0.00000000e+00  2.50000000e+00 -2.51000956e-12 
 3.42750000e-09  3.42750000e-09  0.00000000e+00  2.50000000e+00 -2.51000956e-12 
 3.42850000e-09  3.42850000e-09  0.00000000e+00  2.50000000e+00 -2.51000956e-12 
 3.42950000e-09  3.42950000e-09  0.00000000e+00  2.50000000e+00 -2.51000956e-12 
 3.43050000e-09  3.43050000e-09  0.00000000e+00  2.50000000e+00 -2.51000956e-12 
 3.43150000e-09  3.43150000e-09  0.00000000e+00  2.50000000e+00 -2.51000956e-12 
 3.43250000e-09  3.43250000e-09  0.00000000e+00  2.50000000e+00 -2.51000956e-12 
 3.43350000e-09  3.43350000e-09  0.00000000e+00  2.50000000e+00 -2.51000956e-12 
 3.43450000e-09  3.43450000e-09  0.00000000e+00  2.50000000e+00 -2.51000956e-12 
 3.43550000e-09  3.43550000e-09  0.00000000e+00  2.50000000e+00 -2.51000956e-12 
 3.43650000e-09  3.43650000e-09  0.00000000e+00  2.50000000e+00 -2.51000956e-12 
 3.43750000e-09  3.43750000e-09  0.00000000e+00  2.50000000e+00 -2.51000956e-12 
 3.43850000e-09  3.43850000e-09  0.00000000e+00  2.50000000e+00 -2.51000956e-12 
 3.43950000e-09  3.43950000e-09  0.00000000e+00  2.50000000e+00 -2.51000956e-12 
 3.44050000e-09  3.44050000e-09  0.00000000e+00  2.50000000e+00 -2.51000956e-12 
 3.44150000e-09  3.44150000e-09  0.00000000e+00  2.50000000e+00 -2.51000956e-12 
 3.44250000e-09  3.44250000e-09  0.00000000e+00  2.50000000e+00 -2.51000956e-12 
 3.44350000e-09  3.44350000e-09  0.00000000e+00  2.50000000e+00 -2.51000956e-12 
 3.44450000e-09  3.44450000e-09  0.00000000e+00  2.50000000e+00 -2.51000956e-12 
 3.44550000e-09  3.44550000e-09  0.00000000e+00  2.50000000e+00 -2.51000956e-12 
 3.44650000e-09  3.44650000e-09  0.00000000e+00  2.50000000e+00 -2.51000956e-12 
 3.44750000e-09  3.44750000e-09  0.00000000e+00  2.50000000e+00 -2.51000956e-12 
 3.44850000e-09  3.44850000e-09  0.00000000e+00  2.50000000e+00 -2.51000956e-12 
 3.44950000e-09  3.44950000e-09  0.00000000e+00  2.50000000e+00 -2.51000956e-12 
 3.45050000e-09  3.45050000e-09  0.00000000e+00  2.50000000e+00 -2.51000956e-12 
 3.45150000e-09  3.45150000e-09  0.00000000e+00  2.50000000e+00 -2.51000956e-12 
 3.45250000e-09  3.45250000e-09  0.00000000e+00  2.50000000e+00 -2.51000956e-12 
 3.45350000e-09  3.45350000e-09  0.00000000e+00  2.50000000e+00 -2.51000956e-12 
 3.45450000e-09  3.45450000e-09  0.00000000e+00  2.50000000e+00 -2.51000956e-12 
 3.45550000e-09  3.45550000e-09  0.00000000e+00  2.50000000e+00 -2.51000956e-12 
 3.45650000e-09  3.45650000e-09  0.00000000e+00  2.50000000e+00 -2.51000956e-12 
 3.45750000e-09  3.45750000e-09  0.00000000e+00  2.50000000e+00 -2.51000956e-12 
 3.45850000e-09  3.45850000e-09  0.00000000e+00  2.50000000e+00 -2.51000956e-12 
 3.45950000e-09  3.45950000e-09  0.00000000e+00  2.50000000e+00 -2.51000956e-12 
 3.46050000e-09  3.46050000e-09  0.00000000e+00  2.50000000e+00 -2.51000956e-12 
 3.46150000e-09  3.46150000e-09  0.00000000e+00  2.50000000e+00 -2.51000956e-12 
 3.46250000e-09  3.46250000e-09  0.00000000e+00  2.50000000e+00 -2.51000956e-12 
 3.46350000e-09  3.46350000e-09  0.00000000e+00  2.50000000e+00 -2.51000956e-12 
 3.46450000e-09  3.46450000e-09  0.00000000e+00  2.50000000e+00 -2.51000956e-12 
 3.46550000e-09  3.46550000e-09  0.00000000e+00  2.50000000e+00 -2.51000956e-12 
 3.46650000e-09  3.46650000e-09  0.00000000e+00  2.50000000e+00 -2.51000956e-12 
 3.46750000e-09  3.46750000e-09  0.00000000e+00  2.50000000e+00 -2.51000956e-12 
 3.46850000e-09  3.46850000e-09  0.00000000e+00  2.50000000e+00 -2.51000956e-12 
 3.46950000e-09  3.46950000e-09  0.00000000e+00  2.50000000e+00 -2.51000956e-12 
 3.47050000e-09  3.47050000e-09  0.00000000e+00  2.50000000e+00 -2.51000956e-12 
 3.47150000e-09  3.47150000e-09  0.00000000e+00  2.50000000e+00 -2.51000956e-12 
 3.47250000e-09  3.47250000e-09  0.00000000e+00  2.50000000e+00 -2.51000956e-12 
 3.47350000e-09  3.47350000e-09  0.00000000e+00  2.50000000e+00 -2.51000956e-12 
 3.47450000e-09  3.47450000e-09  0.00000000e+00  2.50000000e+00 -2.51000956e-12 
 3.47550000e-09  3.47550000e-09  0.00000000e+00  2.50000000e+00 -2.51000956e-12 
 3.47650000e-09  3.47650000e-09  0.00000000e+00  2.50000000e+00 -2.51000956e-12 
 3.47750000e-09  3.47750000e-09  0.00000000e+00  2.50000000e+00 -2.51000956e-12 
 3.47850000e-09  3.47850000e-09  0.00000000e+00  2.50000000e+00 -2.51000956e-12 
 3.47950000e-09  3.47950000e-09  0.00000000e+00  2.50000000e+00 -2.51000956e-12 
 3.48050000e-09  3.48050000e-09  0.00000000e+00  2.50000000e+00 -2.51000956e-12 
 3.48150000e-09  3.48150000e-09  0.00000000e+00  2.50000000e+00 -2.51000956e-12 
 3.48250000e-09  3.48250000e-09  0.00000000e+00  2.50000000e+00 -2.51000956e-12 
 3.48350000e-09  3.48350000e-09  0.00000000e+00  2.50000000e+00 -2.51000956e-12 
 3.48450000e-09  3.48450000e-09  0.00000000e+00  2.50000000e+00 -2.51000956e-12 
 3.48550000e-09  3.48550000e-09  0.00000000e+00  2.50000000e+00 -2.51000956e-12 
 3.48650000e-09  3.48650000e-09  0.00000000e+00  2.50000000e+00 -2.51000956e-12 
 3.48750000e-09  3.48750000e-09  0.00000000e+00  2.50000000e+00 -2.51000956e-12 
 3.48850000e-09  3.48850000e-09  0.00000000e+00  2.50000000e+00 -2.51000956e-12 
 3.48950000e-09  3.48950000e-09  0.00000000e+00  2.50000000e+00 -2.51000956e-12 
 3.49050000e-09  3.49050000e-09  0.00000000e+00  2.50000000e+00 -2.51000956e-12 
 3.49150000e-09  3.49150000e-09  0.00000000e+00  2.50000000e+00 -2.51000956e-12 
 3.49250000e-09  3.49250000e-09  0.00000000e+00  2.50000000e+00 -2.51000956e-12 
 3.49350000e-09  3.49350000e-09  0.00000000e+00  2.50000000e+00 -2.51000956e-12 
 3.49450000e-09  3.49450000e-09  0.00000000e+00  2.50000000e+00 -2.51000956e-12 
 3.49550000e-09  3.49550000e-09  0.00000000e+00  2.50000000e+00 -2.51000956e-12 
 3.49650000e-09  3.49650000e-09  0.00000000e+00  2.50000000e+00 -2.51000956e-12 
 3.49750000e-09  3.49750000e-09  0.00000000e+00  2.50000000e+00 -2.51000956e-12 
 3.49850000e-09  3.49850000e-09  0.00000000e+00  2.50000000e+00 -2.51000956e-12 
 3.49950000e-09  3.49950000e-09  0.00000000e+00  2.50000000e+00 -2.51000956e-12 
 3.50050000e-09  3.50050000e-09  0.00000000e+00  2.50000000e+00 -2.51000956e-12 
 3.50150000e-09  3.50150000e-09  0.00000000e+00  2.50000000e+00 -2.51000956e-12 
 3.50250000e-09  3.50250000e-09  0.00000000e+00  2.50000000e+00 -2.51000956e-12 
 3.50350000e-09  3.50350000e-09  0.00000000e+00  2.50000000e+00 -2.51000956e-12 
 3.50450000e-09  3.50450000e-09  0.00000000e+00  2.50000000e+00 -2.51000956e-12 
 3.50550000e-09  3.50550000e-09  0.00000000e+00  2.50000000e+00 -2.51000956e-12 
 3.50650000e-09  3.50650000e-09  0.00000000e+00  2.50000000e+00 -2.51000956e-12 
 3.50750000e-09  3.50750000e-09  0.00000000e+00  2.50000000e+00 -2.51000956e-12 
 3.50850000e-09  3.50850000e-09  0.00000000e+00  2.50000000e+00 -2.51000956e-12 
 3.50950000e-09  3.50950000e-09  0.00000000e+00  2.50000000e+00 -2.51000956e-12 
 3.51050000e-09  3.51050000e-09  0.00000000e+00  2.50000000e+00 -2.51000956e-12 
 3.51150000e-09  3.51150000e-09  0.00000000e+00  2.50000000e+00 -2.51000956e-12 
 3.51250000e-09  3.51250000e-09  0.00000000e+00  2.50000000e+00 -2.51000956e-12 
 3.51350000e-09  3.51350000e-09  0.00000000e+00  2.50000000e+00 -2.51000956e-12 
 3.51450000e-09  3.51450000e-09  0.00000000e+00  2.50000000e+00 -2.51000956e-12 
 3.51550000e-09  3.51550000e-09  0.00000000e+00  2.50000000e+00 -2.51000956e-12 
 3.51650000e-09  3.51650000e-09  0.00000000e+00  2.50000000e+00 -2.51000956e-12 
 3.51750000e-09  3.51750000e-09  0.00000000e+00  2.50000000e+00 -2.51000956e-12 
 3.51850000e-09  3.51850000e-09  0.00000000e+00  2.50000000e+00 -2.51000956e-12 
 3.51950000e-09  3.51950000e-09  0.00000000e+00  2.50000000e+00 -2.51000956e-12 
 3.52050000e-09  3.52050000e-09  0.00000000e+00  2.50000000e+00 -2.51000956e-12 
 3.52150000e-09  3.52150000e-09  0.00000000e+00  2.50000000e+00 -2.51000956e-12 
 3.52250000e-09  3.52250000e-09  0.00000000e+00  2.50000000e+00 -2.51000956e-12 
 3.52350000e-09  3.52350000e-09  0.00000000e+00  2.50000000e+00 -2.51000956e-12 
 3.52450000e-09  3.52450000e-09  0.00000000e+00  2.50000000e+00 -2.51000956e-12 
 3.52550000e-09  3.52550000e-09  0.00000000e+00  2.50000000e+00 -2.51000956e-12 
 3.52650000e-09  3.52650000e-09  0.00000000e+00  2.50000000e+00 -2.51000956e-12 
 3.52750000e-09  3.52750000e-09  0.00000000e+00  2.50000000e+00 -2.51000956e-12 
 3.52850000e-09  3.52850000e-09  0.00000000e+00  2.50000000e+00 -2.51000956e-12 
 3.52950000e-09  3.52950000e-09  0.00000000e+00  2.50000000e+00 -2.51000956e-12 
 3.53050000e-09  3.53050000e-09  0.00000000e+00  2.50000000e+00 -2.51000956e-12 
 3.53150000e-09  3.53150000e-09  0.00000000e+00  2.50000000e+00 -2.51000956e-12 
 3.53250000e-09  3.53250000e-09  0.00000000e+00  2.50000000e+00 -2.51000956e-12 
 3.53350000e-09  3.53350000e-09  0.00000000e+00  2.50000000e+00 -2.51000956e-12 
 3.53450000e-09  3.53450000e-09  0.00000000e+00  2.50000000e+00 -2.51000956e-12 
 3.53550000e-09  3.53550000e-09  0.00000000e+00  2.50000000e+00 -2.51000956e-12 
 3.53650000e-09  3.53650000e-09  0.00000000e+00  2.50000000e+00 -2.51000956e-12 
 3.53750000e-09  3.53750000e-09  0.00000000e+00  2.50000000e+00 -2.51000956e-12 
 3.53850000e-09  3.53850000e-09  0.00000000e+00  2.50000000e+00 -2.51000956e-12 
 3.53950000e-09  3.53950000e-09  0.00000000e+00  2.50000000e+00 -2.51000956e-12 
 3.54050000e-09  3.54050000e-09  0.00000000e+00  2.50000000e+00 -2.51000956e-12 
 3.54150000e-09  3.54150000e-09  0.00000000e+00  2.50000000e+00 -2.51000956e-12 
 3.54250000e-09  3.54250000e-09  0.00000000e+00  2.50000000e+00 -2.51000956e-12 
 3.54350000e-09  3.54350000e-09  0.00000000e+00  2.50000000e+00 -2.51000956e-12 
 3.54450000e-09  3.54450000e-09  0.00000000e+00  2.50000000e+00 -2.51000956e-12 
 3.54550000e-09  3.54550000e-09  0.00000000e+00  2.50000000e+00 -2.51000956e-12 
 3.54650000e-09  3.54650000e-09  0.00000000e+00  2.50000000e+00 -2.51000956e-12 
 3.54750000e-09  3.54750000e-09  0.00000000e+00  2.50000000e+00 -2.51000956e-12 
 3.54850000e-09  3.54850000e-09  0.00000000e+00  2.50000000e+00 -2.51000956e-12 
 3.54950000e-09  3.54950000e-09  0.00000000e+00  2.50000000e+00 -2.51000956e-12 
 3.55050000e-09  3.55050000e-09  0.00000000e+00  2.50000000e+00 -2.51000956e-12 
 3.55150000e-09  3.55150000e-09  0.00000000e+00  2.50000000e+00 -2.51000956e-12 
 3.55250000e-09  3.55250000e-09  0.00000000e+00  2.50000000e+00 -2.51000956e-12 
 3.55350000e-09  3.55350000e-09  0.00000000e+00  2.50000000e+00 -2.51000956e-12 
 3.55450000e-09  3.55450000e-09  0.00000000e+00  2.50000000e+00 -2.51000956e-12 
 3.55550000e-09  3.55550000e-09  0.00000000e+00  2.50000000e+00 -2.51000956e-12 
 3.55650000e-09  3.55650000e-09  0.00000000e+00  2.50000000e+00 -2.51000956e-12 
 3.55750000e-09  3.55750000e-09  0.00000000e+00  2.50000000e+00 -2.51000956e-12 
 3.55850000e-09  3.55850000e-09  0.00000000e+00  2.50000000e+00 -2.51000956e-12 
 3.55950000e-09  3.55950000e-09  0.00000000e+00  2.50000000e+00 -2.51000956e-12 
 3.56050000e-09  3.56050000e-09  0.00000000e+00  2.50000000e+00 -2.51000956e-12 
 3.56150000e-09  3.56150000e-09  0.00000000e+00  2.50000000e+00 -2.51000956e-12 
 3.56250000e-09  3.56250000e-09  0.00000000e+00  2.50000000e+00 -2.51000956e-12 
 3.56350000e-09  3.56350000e-09  0.00000000e+00  2.50000000e+00 -2.51000956e-12 
 3.56450000e-09  3.56450000e-09  0.00000000e+00  2.50000000e+00 -2.51000956e-12 
 3.56550000e-09  3.56550000e-09  0.00000000e+00  2.50000000e+00 -2.51000956e-12 
 3.56650000e-09  3.56650000e-09  0.00000000e+00  2.50000000e+00 -2.51000956e-12 
 3.56750000e-09  3.56750000e-09  0.00000000e+00  2.50000000e+00 -2.51000956e-12 
 3.56850000e-09  3.56850000e-09  0.00000000e+00  2.50000000e+00 -2.51000956e-12 
 3.56950000e-09  3.56950000e-09  0.00000000e+00  2.50000000e+00 -2.51000956e-12 
 3.57050000e-09  3.57050000e-09  0.00000000e+00  2.50000000e+00 -2.51000956e-12 
 3.57150000e-09  3.57150000e-09  0.00000000e+00  2.50000000e+00 -2.51000956e-12 
 3.57250000e-09  3.57250000e-09  0.00000000e+00  2.50000000e+00 -2.51000956e-12 
 3.57350000e-09  3.57350000e-09  0.00000000e+00  2.50000000e+00 -2.51000956e-12 
 3.57450000e-09  3.57450000e-09  0.00000000e+00  2.50000000e+00 -2.51000956e-12 
 3.57550000e-09  3.57550000e-09  0.00000000e+00  2.50000000e+00 -2.51000956e-12 
 3.57650000e-09  3.57650000e-09  0.00000000e+00  2.50000000e+00 -2.51000956e-12 
 3.57750000e-09  3.57750000e-09  0.00000000e+00  2.50000000e+00 -2.51000956e-12 
 3.57850000e-09  3.57850000e-09  0.00000000e+00  2.50000000e+00 -2.51000956e-12 
 3.57950000e-09  3.57950000e-09  0.00000000e+00  2.50000000e+00 -2.51000956e-12 
 3.58050000e-09  3.58050000e-09  0.00000000e+00  2.50000000e+00 -2.51000956e-12 
 3.58150000e-09  3.58150000e-09  0.00000000e+00  2.50000000e+00 -2.51000956e-12 
 3.58250000e-09  3.58250000e-09  0.00000000e+00  2.50000000e+00 -2.51000956e-12 
 3.58350000e-09  3.58350000e-09  0.00000000e+00  2.50000000e+00 -2.51000956e-12 
 3.58450000e-09  3.58450000e-09  0.00000000e+00  2.50000000e+00 -2.51000956e-12 
 3.58550000e-09  3.58550000e-09  0.00000000e+00  2.50000000e+00 -2.51000956e-12 
 3.58650000e-09  3.58650000e-09  0.00000000e+00  2.50000000e+00 -2.51000956e-12 
 3.58750000e-09  3.58750000e-09  0.00000000e+00  2.50000000e+00 -2.51000956e-12 
 3.58850000e-09  3.58850000e-09  0.00000000e+00  2.50000000e+00 -2.51000956e-12 
 3.58950000e-09  3.58950000e-09  0.00000000e+00  2.50000000e+00 -2.51000956e-12 
 3.59050000e-09  3.59050000e-09  0.00000000e+00  2.50000000e+00 -2.51000956e-12 
 3.59150000e-09  3.59150000e-09  0.00000000e+00  2.50000000e+00 -2.51000956e-12 
 3.59250000e-09  3.59250000e-09  0.00000000e+00  2.50000000e+00 -2.51000956e-12 
 3.59350000e-09  3.59350000e-09  0.00000000e+00  2.50000000e+00 -2.51000956e-12 
 3.59450000e-09  3.59450000e-09  0.00000000e+00  2.50000000e+00 -2.51000956e-12 
 3.59550000e-09  3.59550000e-09  0.00000000e+00  2.50000000e+00 -2.51000956e-12 
 3.59650000e-09  3.59650000e-09  0.00000000e+00  2.50000000e+00 -2.51000956e-12 
 3.59750000e-09  3.59750000e-09  0.00000000e+00  2.50000000e+00 -2.51000956e-12 
 3.59850000e-09  3.59850000e-09  0.00000000e+00  2.50000000e+00 -2.51000956e-12 
 3.59950000e-09  3.59950000e-09  0.00000000e+00  2.50000000e+00 -2.51000956e-12 
 3.60050000e-09  3.60050000e-09  0.00000000e+00  2.50000000e+00 -2.51000956e-12 
 3.60150000e-09  3.60150000e-09  0.00000000e+00  2.50000000e+00 -2.51000956e-12 
 3.60250000e-09  3.60250000e-09  0.00000000e+00  2.50000000e+00 -2.51000956e-12 
 3.60350000e-09  3.60350000e-09  0.00000000e+00  2.50000000e+00 -2.51000956e-12 
 3.60450000e-09  3.60450000e-09  0.00000000e+00  2.50000000e+00 -2.51000956e-12 
 3.60550000e-09  3.60550000e-09  0.00000000e+00  2.50000000e+00 -2.51000956e-12 
 3.60650000e-09  3.60650000e-09  0.00000000e+00  2.50000000e+00 -2.51000956e-12 
 3.60750000e-09  3.60750000e-09  0.00000000e+00  2.50000000e+00 -2.51000956e-12 
 3.60850000e-09  3.60850000e-09  0.00000000e+00  2.50000000e+00 -2.51000956e-12 
 3.60950000e-09  3.60950000e-09  0.00000000e+00  2.50000000e+00 -2.51000956e-12 
 3.61050000e-09  3.61050000e-09  0.00000000e+00  2.50000000e+00 -2.51000956e-12 
 3.61150000e-09  3.61150000e-09  0.00000000e+00  2.50000000e+00 -2.51000956e-12 
 3.61250000e-09  3.61250000e-09  0.00000000e+00  2.50000000e+00 -2.51000956e-12 
 3.61350000e-09  3.61350000e-09  0.00000000e+00  2.50000000e+00 -2.51000956e-12 
 3.61450000e-09  3.61450000e-09  0.00000000e+00  2.50000000e+00 -2.51000956e-12 
 3.61550000e-09  3.61550000e-09  0.00000000e+00  2.50000000e+00 -2.51000956e-12 
 3.61650000e-09  3.61650000e-09  0.00000000e+00  2.50000000e+00 -2.51000956e-12 
 3.61750000e-09  3.61750000e-09  0.00000000e+00  2.50000000e+00 -2.51000956e-12 
 3.61850000e-09  3.61850000e-09  0.00000000e+00  2.50000000e+00 -2.51000956e-12 
 3.61950000e-09  3.61950000e-09  0.00000000e+00  2.50000000e+00 -2.51000956e-12 
 3.62050000e-09  3.62050000e-09  0.00000000e+00  2.50000000e+00 -2.51000956e-12 
 3.62150000e-09  3.62150000e-09  0.00000000e+00  2.50000000e+00 -2.51000956e-12 
 3.62250000e-09  3.62250000e-09  0.00000000e+00  2.50000000e+00 -2.51000956e-12 
 3.62350000e-09  3.62350000e-09  0.00000000e+00  2.50000000e+00 -2.51000956e-12 
 3.62450000e-09  3.62450000e-09  0.00000000e+00  2.50000000e+00 -2.51000956e-12 
 3.62550000e-09  3.62550000e-09  0.00000000e+00  2.50000000e+00 -2.51000956e-12 
 3.62650000e-09  3.62650000e-09  0.00000000e+00  2.50000000e+00 -2.51000956e-12 
 3.62750000e-09  3.62750000e-09  0.00000000e+00  2.50000000e+00 -2.51000956e-12 
 3.62850000e-09  3.62850000e-09  0.00000000e+00  2.50000000e+00 -2.51000956e-12 
 3.62950000e-09  3.62950000e-09  0.00000000e+00  2.50000000e+00 -2.51000956e-12 
 3.63050000e-09  3.63050000e-09  0.00000000e+00  2.50000000e+00 -2.51000956e-12 
 3.63150000e-09  3.63150000e-09  0.00000000e+00  2.50000000e+00 -2.51000956e-12 
 3.63250000e-09  3.63250000e-09  0.00000000e+00  2.50000000e+00 -2.51000956e-12 
 3.63350000e-09  3.63350000e-09  0.00000000e+00  2.50000000e+00 -2.51000956e-12 
 3.63450000e-09  3.63450000e-09  0.00000000e+00  2.50000000e+00 -2.51000956e-12 
 3.63550000e-09  3.63550000e-09  0.00000000e+00  2.50000000e+00 -2.51000956e-12 
 3.63650000e-09  3.63650000e-09  0.00000000e+00  2.50000000e+00 -2.51000956e-12 
 3.63750000e-09  3.63750000e-09  0.00000000e+00  2.50000000e+00 -2.51000956e-12 
 3.63850000e-09  3.63850000e-09  0.00000000e+00  2.50000000e+00 -2.51000956e-12 
 3.63950000e-09  3.63950000e-09  0.00000000e+00  2.50000000e+00 -2.51000956e-12 
 3.64050000e-09  3.64050000e-09  0.00000000e+00  2.50000000e+00 -2.51000956e-12 
 3.64150000e-09  3.64150000e-09  0.00000000e+00  2.50000000e+00 -2.51000956e-12 
 3.64250000e-09  3.64250000e-09  0.00000000e+00  2.50000000e+00 -2.51000956e-12 
 3.64350000e-09  3.64350000e-09  0.00000000e+00  2.50000000e+00 -2.51000956e-12 
 3.64450000e-09  3.64450000e-09  0.00000000e+00  2.50000000e+00 -2.51000956e-12 
 3.64550000e-09  3.64550000e-09  0.00000000e+00  2.50000000e+00 -2.51000956e-12 
 3.64650000e-09  3.64650000e-09  0.00000000e+00  2.50000000e+00 -2.51000956e-12 
 3.64750000e-09  3.64750000e-09  0.00000000e+00  2.50000000e+00 -2.51000956e-12 
 3.64850000e-09  3.64850000e-09  0.00000000e+00  2.50000000e+00 -2.51000956e-12 
 3.64950000e-09  3.64950000e-09  0.00000000e+00  2.50000000e+00 -2.51000956e-12 
 3.65050000e-09  3.65050000e-09  0.00000000e+00  2.50000000e+00 -2.51000956e-12 
 3.65150000e-09  3.65150000e-09  0.00000000e+00  2.50000000e+00 -2.51000956e-12 
 3.65250000e-09  3.65250000e-09  0.00000000e+00  2.50000000e+00 -2.51000956e-12 
 3.65350000e-09  3.65350000e-09  0.00000000e+00  2.50000000e+00 -2.51000956e-12 
 3.65450000e-09  3.65450000e-09  0.00000000e+00  2.50000000e+00 -2.51000956e-12 
 3.65550000e-09  3.65550000e-09  0.00000000e+00  2.50000000e+00 -2.51000956e-12 
 3.65650000e-09  3.65650000e-09  0.00000000e+00  2.50000000e+00 -2.51000956e-12 
 3.65750000e-09  3.65750000e-09  0.00000000e+00  2.50000000e+00 -2.51000956e-12 
 3.65850000e-09  3.65850000e-09  0.00000000e+00  2.50000000e+00 -2.51000956e-12 
 3.65950000e-09  3.65950000e-09  0.00000000e+00  2.50000000e+00 -2.51000956e-12 
 3.66050000e-09  3.66050000e-09  0.00000000e+00  2.50000000e+00 -2.51000956e-12 
 3.66150000e-09  3.66150000e-09  0.00000000e+00  2.50000000e+00 -2.51000956e-12 
 3.66250000e-09  3.66250000e-09  0.00000000e+00  2.50000000e+00 -2.51000956e-12 
 3.66350000e-09  3.66350000e-09  0.00000000e+00  2.50000000e+00 -2.51000956e-12 
 3.66450000e-09  3.66450000e-09  0.00000000e+00  2.50000000e+00 -2.51000956e-12 
 3.66550000e-09  3.66550000e-09  0.00000000e+00  2.50000000e+00 -2.51000956e-12 
 3.66650000e-09  3.66650000e-09  0.00000000e+00  2.50000000e+00 -2.51000956e-12 
 3.66750000e-09  3.66750000e-09  0.00000000e+00  2.50000000e+00 -2.51000956e-12 
 3.66850000e-09  3.66850000e-09  0.00000000e+00  2.50000000e+00 -2.51000956e-12 
 3.66950000e-09  3.66950000e-09  0.00000000e+00  2.50000000e+00 -2.51000956e-12 
 3.67050000e-09  3.67050000e-09  0.00000000e+00  2.50000000e+00 -2.51000956e-12 
 3.67150000e-09  3.67150000e-09  0.00000000e+00  2.50000000e+00 -2.51000956e-12 
 3.67250000e-09  3.67250000e-09  0.00000000e+00  2.50000000e+00 -2.51000956e-12 
 3.67350000e-09  3.67350000e-09  0.00000000e+00  2.50000000e+00 -2.51000956e-12 
 3.67450000e-09  3.67450000e-09  0.00000000e+00  2.50000000e+00 -2.51000956e-12 
 3.67550000e-09  3.67550000e-09  0.00000000e+00  2.50000000e+00 -2.51000956e-12 
 3.67650000e-09  3.67650000e-09  0.00000000e+00  2.50000000e+00 -2.51000956e-12 
 3.67750000e-09  3.67750000e-09  0.00000000e+00  2.50000000e+00 -2.51000956e-12 
 3.67850000e-09  3.67850000e-09  0.00000000e+00  2.50000000e+00 -2.51000956e-12 
 3.67950000e-09  3.67950000e-09  0.00000000e+00  2.50000000e+00 -2.51000956e-12 
 3.68050000e-09  3.68050000e-09  0.00000000e+00  2.50000000e+00 -2.51000956e-12 
 3.68150000e-09  3.68150000e-09  0.00000000e+00  2.50000000e+00 -2.51000956e-12 
 3.68250000e-09  3.68250000e-09  0.00000000e+00  2.50000000e+00 -2.51000956e-12 
 3.68350000e-09  3.68350000e-09  0.00000000e+00  2.50000000e+00 -2.51000956e-12 
 3.68450000e-09  3.68450000e-09  0.00000000e+00  2.50000000e+00 -2.51000956e-12 
 3.68550000e-09  3.68550000e-09  0.00000000e+00  2.50000000e+00 -2.51000956e-12 
 3.68650000e-09  3.68650000e-09  0.00000000e+00  2.50000000e+00 -2.51000956e-12 
 3.68750000e-09  3.68750000e-09  0.00000000e+00  2.50000000e+00 -2.51000956e-12 
 3.68850000e-09  3.68850000e-09  0.00000000e+00  2.50000000e+00 -2.51000956e-12 
 3.68950000e-09  3.68950000e-09  0.00000000e+00  2.50000000e+00 -2.51000956e-12 
 3.69050000e-09  3.69050000e-09  0.00000000e+00  2.50000000e+00 -2.51000956e-12 
 3.69150000e-09  3.69150000e-09  0.00000000e+00  2.50000000e+00 -2.51000956e-12 
 3.69250000e-09  3.69250000e-09  0.00000000e+00  2.50000000e+00 -2.51000956e-12 
 3.69350000e-09  3.69350000e-09  0.00000000e+00  2.50000000e+00 -2.51000956e-12 
 3.69450000e-09  3.69450000e-09  0.00000000e+00  2.50000000e+00 -2.51000956e-12 
 3.69550000e-09  3.69550000e-09  0.00000000e+00  2.50000000e+00 -2.51000956e-12 
 3.69650000e-09  3.69650000e-09  0.00000000e+00  2.50000000e+00 -2.51000956e-12 
 3.69750000e-09  3.69750000e-09  0.00000000e+00  2.50000000e+00 -2.51000956e-12 
 3.69850000e-09  3.69850000e-09  0.00000000e+00  2.50000000e+00 -2.51000956e-12 
 3.69950000e-09  3.69950000e-09  0.00000000e+00  2.50000000e+00 -2.51000956e-12 
 3.70050000e-09  3.70050000e-09  0.00000000e+00  2.50000000e+00 -2.51000956e-12 
 3.70150000e-09  3.70150000e-09  0.00000000e+00  2.50000000e+00 -2.51000956e-12 
 3.70250000e-09  3.70250000e-09  0.00000000e+00  2.50000000e+00 -2.51000956e-12 
 3.70350000e-09  3.70350000e-09  0.00000000e+00  2.50000000e+00 -2.51000956e-12 
 3.70450000e-09  3.70450000e-09  0.00000000e+00  2.50000000e+00 -2.51000956e-12 
 3.70550000e-09  3.70550000e-09  0.00000000e+00  2.50000000e+00 -2.51000956e-12 
 3.70650000e-09  3.70650000e-09  0.00000000e+00  2.50000000e+00 -2.51000956e-12 
 3.70750000e-09  3.70750000e-09  0.00000000e+00  2.50000000e+00 -2.51000956e-12 
 3.70850000e-09  3.70850000e-09  0.00000000e+00  2.50000000e+00 -2.51000956e-12 
 3.70950000e-09  3.70950000e-09  0.00000000e+00  2.50000000e+00 -2.51000956e-12 
 3.71050000e-09  3.71050000e-09  0.00000000e+00  2.50000000e+00 -2.51000956e-12 
 3.71150000e-09  3.71150000e-09  0.00000000e+00  2.50000000e+00 -2.51000956e-12 
 3.71250000e-09  3.71250000e-09  0.00000000e+00  2.50000000e+00 -2.51000956e-12 
 3.71350000e-09  3.71350000e-09  0.00000000e+00  2.50000000e+00 -2.51000956e-12 
 3.71450000e-09  3.71450000e-09  0.00000000e+00  2.50000000e+00 -2.51000956e-12 
 3.71550000e-09  3.71550000e-09  0.00000000e+00  2.50000000e+00 -2.51000956e-12 
 3.71650000e-09  3.71650000e-09  0.00000000e+00  2.50000000e+00 -2.51000956e-12 
 3.71750000e-09  3.71750000e-09  0.00000000e+00  2.50000000e+00 -2.51000956e-12 
 3.71850000e-09  3.71850000e-09  0.00000000e+00  2.50000000e+00 -2.51000956e-12 
 3.71950000e-09  3.71950000e-09  0.00000000e+00  2.50000000e+00 -2.51000956e-12 
 3.72050000e-09  3.72050000e-09  0.00000000e+00  2.50000000e+00 -2.51000956e-12 
 3.72150000e-09  3.72150000e-09  0.00000000e+00  2.50000000e+00 -2.51000956e-12 
 3.72250000e-09  3.72250000e-09  0.00000000e+00  2.50000000e+00 -2.51000956e-12 
 3.72350000e-09  3.72350000e-09  0.00000000e+00  2.50000000e+00 -2.51000956e-12 
 3.72450000e-09  3.72450000e-09  0.00000000e+00  2.50000000e+00 -2.51000956e-12 
 3.72550000e-09  3.72550000e-09  0.00000000e+00  2.50000000e+00 -2.51000956e-12 
 3.72650000e-09  3.72650000e-09  0.00000000e+00  2.50000000e+00 -2.51000956e-12 
 3.72750000e-09  3.72750000e-09  0.00000000e+00  2.50000000e+00 -2.51000956e-12 
 3.72850000e-09  3.72850000e-09  0.00000000e+00  2.50000000e+00 -2.51000956e-12 
 3.72950000e-09  3.72950000e-09  0.00000000e+00  2.50000000e+00 -2.51000956e-12 
 3.73050000e-09  3.73050000e-09  0.00000000e+00  2.50000000e+00 -2.51000956e-12 
 3.73150000e-09  3.73150000e-09  0.00000000e+00  2.50000000e+00 -2.51000956e-12 
 3.73250000e-09  3.73250000e-09  0.00000000e+00  2.50000000e+00 -2.51000956e-12 
 3.73350000e-09  3.73350000e-09  0.00000000e+00  2.50000000e+00 -2.51000956e-12 
 3.73450000e-09  3.73450000e-09  0.00000000e+00  2.50000000e+00 -2.51000956e-12 
 3.73550000e-09  3.73550000e-09  0.00000000e+00  2.50000000e+00 -2.51000956e-12 
 3.73650000e-09  3.73650000e-09  0.00000000e+00  2.50000000e+00 -2.51000956e-12 
 3.73750000e-09  3.73750000e-09  0.00000000e+00  2.50000000e+00 -2.51000956e-12 
 3.73850000e-09  3.73850000e-09  0.00000000e+00  2.50000000e+00 -2.51000956e-12 
 3.73950000e-09  3.73950000e-09  0.00000000e+00  2.50000000e+00 -2.51000956e-12 
 3.74050000e-09  3.74050000e-09  0.00000000e+00  2.50000000e+00 -2.51000956e-12 
 3.74150000e-09  3.74150000e-09  0.00000000e+00  2.50000000e+00 -2.51000956e-12 
 3.74250000e-09  3.74250000e-09  0.00000000e+00  2.50000000e+00 -2.51000956e-12 
 3.74350000e-09  3.74350000e-09  0.00000000e+00  2.50000000e+00 -2.51000956e-12 
 3.74450000e-09  3.74450000e-09  0.00000000e+00  2.50000000e+00 -2.51000956e-12 
 3.74550000e-09  3.74550000e-09  0.00000000e+00  2.50000000e+00 -2.51000956e-12 
 3.74650000e-09  3.74650000e-09  0.00000000e+00  2.50000000e+00 -2.51000956e-12 
 3.74750000e-09  3.74750000e-09  0.00000000e+00  2.50000000e+00 -2.51000956e-12 
 3.74850000e-09  3.74850000e-09  0.00000000e+00  2.50000000e+00 -2.51000956e-12 
 3.74950000e-09  3.74950000e-09  0.00000000e+00  2.50000000e+00 -2.51000956e-12 
 3.75050000e-09  3.75050000e-09  0.00000000e+00  2.50000000e+00 -2.51000956e-12 
 3.75150000e-09  3.75150000e-09  0.00000000e+00  2.50000000e+00 -2.51000956e-12 
 3.75250000e-09  3.75250000e-09  0.00000000e+00  2.50000000e+00 -2.51000956e-12 
 3.75350000e-09  3.75350000e-09  0.00000000e+00  2.50000000e+00 -2.51000956e-12 
 3.75450000e-09  3.75450000e-09  0.00000000e+00  2.50000000e+00 -2.51000956e-12 
 3.75550000e-09  3.75550000e-09  0.00000000e+00  2.50000000e+00 -2.51000956e-12 
 3.75650000e-09  3.75650000e-09  0.00000000e+00  2.50000000e+00 -2.51000956e-12 
 3.75750000e-09  3.75750000e-09  0.00000000e+00  2.50000000e+00 -2.51000956e-12 
 3.75850000e-09  3.75850000e-09  0.00000000e+00  2.50000000e+00 -2.51000956e-12 
 3.75950000e-09  3.75950000e-09  0.00000000e+00  2.50000000e+00 -2.51000956e-12 
 3.76050000e-09  3.76050000e-09  0.00000000e+00  2.50000000e+00 -2.51000956e-12 
 3.76150000e-09  3.76150000e-09  0.00000000e+00  2.50000000e+00 -2.51000956e-12 
 3.76250000e-09  3.76250000e-09  0.00000000e+00  2.50000000e+00 -2.51000956e-12 
 3.76350000e-09  3.76350000e-09  0.00000000e+00  2.50000000e+00 -2.51000956e-12 
 3.76450000e-09  3.76450000e-09  0.00000000e+00  2.50000000e+00 -2.51000956e-12 
 3.76550000e-09  3.76550000e-09  0.00000000e+00  2.50000000e+00 -2.51000956e-12 
 3.76650000e-09  3.76650000e-09  0.00000000e+00  2.50000000e+00 -2.51000956e-12 
 3.76750000e-09  3.76750000e-09  0.00000000e+00  2.50000000e+00 -2.51000956e-12 
 3.76850000e-09  3.76850000e-09  0.00000000e+00  2.50000000e+00 -2.51000956e-12 
 3.76950000e-09  3.76950000e-09  0.00000000e+00  2.50000000e+00 -2.51000956e-12 
 3.77050000e-09  3.77050000e-09  0.00000000e+00  2.50000000e+00 -2.51000956e-12 
 3.77150000e-09  3.77150000e-09  0.00000000e+00  2.50000000e+00 -2.51000956e-12 
 3.77250000e-09  3.77250000e-09  0.00000000e+00  2.50000000e+00 -2.51000956e-12 
 3.77350000e-09  3.77350000e-09  0.00000000e+00  2.50000000e+00 -2.51000956e-12 
 3.77450000e-09  3.77450000e-09  0.00000000e+00  2.50000000e+00 -2.51000956e-12 
 3.77550000e-09  3.77550000e-09  0.00000000e+00  2.50000000e+00 -2.51000956e-12 
 3.77650000e-09  3.77650000e-09  0.00000000e+00  2.50000000e+00 -2.51000956e-12 
 3.77750000e-09  3.77750000e-09  0.00000000e+00  2.50000000e+00 -2.51000956e-12 
 3.77850000e-09  3.77850000e-09  0.00000000e+00  2.50000000e+00 -2.51000956e-12 
 3.77950000e-09  3.77950000e-09  0.00000000e+00  2.50000000e+00 -2.51000956e-12 
 3.78050000e-09  3.78050000e-09  0.00000000e+00  2.50000000e+00 -2.51000956e-12 
 3.78150000e-09  3.78150000e-09  0.00000000e+00  2.50000000e+00 -2.51000956e-12 
 3.78250000e-09  3.78250000e-09  0.00000000e+00  2.50000000e+00 -2.51000956e-12 
 3.78350000e-09  3.78350000e-09  0.00000000e+00  2.50000000e+00 -2.51000956e-12 
 3.78450000e-09  3.78450000e-09  0.00000000e+00  2.50000000e+00 -2.51000956e-12 
 3.78550000e-09  3.78550000e-09  0.00000000e+00  2.50000000e+00 -2.51000956e-12 
 3.78650000e-09  3.78650000e-09  0.00000000e+00  2.50000000e+00 -2.51000956e-12 
 3.78750000e-09  3.78750000e-09  0.00000000e+00  2.50000000e+00 -2.51000956e-12 
 3.78850000e-09  3.78850000e-09  0.00000000e+00  2.50000000e+00 -2.51000956e-12 
 3.78950000e-09  3.78950000e-09  0.00000000e+00  2.50000000e+00 -2.51000956e-12 
 3.79050000e-09  3.79050000e-09  0.00000000e+00  2.50000000e+00 -2.51000956e-12 
 3.79150000e-09  3.79150000e-09  0.00000000e+00  2.50000000e+00 -2.51000956e-12 
 3.79250000e-09  3.79250000e-09  0.00000000e+00  2.50000000e+00 -2.51000956e-12 
 3.79350000e-09  3.79350000e-09  0.00000000e+00  2.50000000e+00 -2.51000956e-12 
 3.79450000e-09  3.79450000e-09  0.00000000e+00  2.50000000e+00 -2.51000956e-12 
 3.79550000e-09  3.79550000e-09  0.00000000e+00  2.50000000e+00 -2.51000956e-12 
 3.79650000e-09  3.79650000e-09  0.00000000e+00  2.50000000e+00 -2.51000956e-12 
 3.79750000e-09  3.79750000e-09  0.00000000e+00  2.50000000e+00 -2.51000956e-12 
 3.79850000e-09  3.79850000e-09  0.00000000e+00  2.50000000e+00 -2.51000956e-12 
 3.79950000e-09  3.79950000e-09  0.00000000e+00  2.50000000e+00 -2.51000956e-12 
 3.80050000e-09  3.80050000e-09  0.00000000e+00  2.50000000e+00 -2.51000956e-12 
 3.80150000e-09  3.80150000e-09  0.00000000e+00  2.50000000e+00 -2.51000956e-12 
 3.80250000e-09  3.80250000e-09  0.00000000e+00  2.50000000e+00 -2.51000956e-12 
 3.80350000e-09  3.80350000e-09  0.00000000e+00  2.50000000e+00 -2.51000956e-12 
 3.80450000e-09  3.80450000e-09  0.00000000e+00  2.50000000e+00 -2.51000956e-12 
 3.80550000e-09  3.80550000e-09  0.00000000e+00  2.50000000e+00 -2.51000956e-12 
 3.80650000e-09  3.80650000e-09  0.00000000e+00  2.50000000e+00 -2.51000956e-12 
 3.80750000e-09  3.80750000e-09  0.00000000e+00  2.50000000e+00 -2.51000956e-12 
 3.80850000e-09  3.80850000e-09  0.00000000e+00  2.50000000e+00 -2.51000956e-12 
 3.80950000e-09  3.80950000e-09  0.00000000e+00  2.50000000e+00 -2.51000956e-12 
 3.81050000e-09  3.81050000e-09  0.00000000e+00  2.50000000e+00 -2.51000956e-12 
 3.81150000e-09  3.81150000e-09  0.00000000e+00  2.50000000e+00 -2.51000956e-12 
 3.81250000e-09  3.81250000e-09  0.00000000e+00  2.50000000e+00 -2.51000956e-12 
 3.81350000e-09  3.81350000e-09  0.00000000e+00  2.50000000e+00 -2.51000956e-12 
 3.81450000e-09  3.81450000e-09  0.00000000e+00  2.50000000e+00 -2.51000956e-12 
 3.81550000e-09  3.81550000e-09  0.00000000e+00  2.50000000e+00 -2.51000956e-12 
 3.81650000e-09  3.81650000e-09  0.00000000e+00  2.50000000e+00 -2.51000956e-12 
 3.81750000e-09  3.81750000e-09  0.00000000e+00  2.50000000e+00 -2.51000956e-12 
 3.81850000e-09  3.81850000e-09  0.00000000e+00  2.50000000e+00 -2.51000956e-12 
 3.81950000e-09  3.81950000e-09  0.00000000e+00  2.50000000e+00 -2.51000956e-12 
 3.82050000e-09  3.82050000e-09  0.00000000e+00  2.50000000e+00 -2.51000956e-12 
 3.82150000e-09  3.82150000e-09  0.00000000e+00  2.50000000e+00 -2.51000956e-12 
 3.82250000e-09  3.82250000e-09  0.00000000e+00  2.50000000e+00 -2.51000956e-12 
 3.82350000e-09  3.82350000e-09  0.00000000e+00  2.50000000e+00 -2.51000956e-12 
 3.82450000e-09  3.82450000e-09  0.00000000e+00  2.50000000e+00 -2.51000956e-12 
 3.82550000e-09  3.82550000e-09  0.00000000e+00  2.50000000e+00 -2.51000956e-12 
 3.82650000e-09  3.82650000e-09  0.00000000e+00  2.50000000e+00 -2.51000956e-12 
 3.82750000e-09  3.82750000e-09  0.00000000e+00  2.50000000e+00 -2.51000956e-12 
 3.82850000e-09  3.82850000e-09  0.00000000e+00  2.50000000e+00 -2.51000956e-12 
 3.82950000e-09  3.82950000e-09  0.00000000e+00  2.50000000e+00 -2.51000956e-12 
 3.83050000e-09  3.83050000e-09  0.00000000e+00  2.50000000e+00 -2.51000956e-12 
 3.83150000e-09  3.83150000e-09  0.00000000e+00  2.50000000e+00 -2.51000956e-12 
 3.83250000e-09  3.83250000e-09  0.00000000e+00  2.50000000e+00 -2.51000956e-12 
 3.83350000e-09  3.83350000e-09  0.00000000e+00  2.50000000e+00 -2.51000956e-12 
 3.83450000e-09  3.83450000e-09  0.00000000e+00  2.50000000e+00 -2.51000956e-12 
 3.83550000e-09  3.83550000e-09  0.00000000e+00  2.50000000e+00 -2.51000956e-12 
 3.83650000e-09  3.83650000e-09  0.00000000e+00  2.50000000e+00 -2.51000956e-12 
 3.83750000e-09  3.83750000e-09  0.00000000e+00  2.50000000e+00 -2.51000956e-12 
 3.83850000e-09  3.83850000e-09  0.00000000e+00  2.50000000e+00 -2.51000956e-12 
 3.83950000e-09  3.83950000e-09  0.00000000e+00  2.50000000e+00 -2.51000956e-12 
 3.84050000e-09  3.84050000e-09  0.00000000e+00  2.50000000e+00 -2.51000956e-12 
 3.84150000e-09  3.84150000e-09  0.00000000e+00  2.50000000e+00 -2.51000956e-12 
 3.84250000e-09  3.84250000e-09  0.00000000e+00  2.50000000e+00 -2.51000956e-12 
 3.84350000e-09  3.84350000e-09  0.00000000e+00  2.50000000e+00 -2.51000956e-12 
 3.84450000e-09  3.84450000e-09  0.00000000e+00  2.50000000e+00 -2.51000956e-12 
 3.84550000e-09  3.84550000e-09  0.00000000e+00  2.50000000e+00 -2.51000956e-12 
 3.84650000e-09  3.84650000e-09  0.00000000e+00  2.50000000e+00 -2.51000956e-12 
 3.84750000e-09  3.84750000e-09  0.00000000e+00  2.50000000e+00 -2.51000956e-12 
 3.84850000e-09  3.84850000e-09  0.00000000e+00  2.50000000e+00 -2.51000956e-12 
 3.84950000e-09  3.84950000e-09  0.00000000e+00  2.50000000e+00 -2.51000956e-12 
 3.85050000e-09  3.85050000e-09  0.00000000e+00  2.50000000e+00 -2.51000956e-12 
 3.85150000e-09  3.85150000e-09  0.00000000e+00  2.50000000e+00 -2.51000956e-12 
 3.85250000e-09  3.85250000e-09  0.00000000e+00  2.50000000e+00 -2.51000956e-12 
 3.85350000e-09  3.85350000e-09  0.00000000e+00  2.50000000e+00 -2.51000956e-12 
 3.85450000e-09  3.85450000e-09  0.00000000e+00  2.50000000e+00 -2.51000956e-12 
 3.85550000e-09  3.85550000e-09  0.00000000e+00  2.50000000e+00 -2.51000956e-12 
 3.85650000e-09  3.85650000e-09  0.00000000e+00  2.50000000e+00 -2.51000956e-12 
 3.85750000e-09  3.85750000e-09  0.00000000e+00  2.50000000e+00 -2.51000956e-12 
 3.85850000e-09  3.85850000e-09  0.00000000e+00  2.50000000e+00 -2.51000956e-12 
 3.85950000e-09  3.85950000e-09  0.00000000e+00  2.50000000e+00 -2.51000956e-12 
 3.86050000e-09  3.86050000e-09  0.00000000e+00  2.50000000e+00 -2.51000956e-12 
 3.86150000e-09  3.86150000e-09  0.00000000e+00  2.50000000e+00 -2.51000956e-12 
 3.86250000e-09  3.86250000e-09  0.00000000e+00  2.50000000e+00 -2.51000956e-12 
 3.86350000e-09  3.86350000e-09  0.00000000e+00  2.50000000e+00 -2.51000956e-12 
 3.86450000e-09  3.86450000e-09  0.00000000e+00  2.50000000e+00 -2.51000956e-12 
 3.86550000e-09  3.86550000e-09  0.00000000e+00  2.50000000e+00 -2.51000956e-12 
 3.86650000e-09  3.86650000e-09  0.00000000e+00  2.50000000e+00 -2.51000956e-12 
 3.86750000e-09  3.86750000e-09  0.00000000e+00  2.50000000e+00 -2.51000956e-12 
 3.86850000e-09  3.86850000e-09  0.00000000e+00  2.50000000e+00 -2.51000956e-12 
 3.86950000e-09  3.86950000e-09  0.00000000e+00  2.50000000e+00 -2.51000956e-12 
 3.87050000e-09  3.87050000e-09  0.00000000e+00  2.50000000e+00 -2.51000956e-12 
 3.87150000e-09  3.87150000e-09  0.00000000e+00  2.50000000e+00 -2.51000956e-12 
 3.87250000e-09  3.87250000e-09  0.00000000e+00  2.50000000e+00 -2.51000956e-12 
 3.87350000e-09  3.87350000e-09  0.00000000e+00  2.50000000e+00 -2.51000956e-12 
 3.87450000e-09  3.87450000e-09  0.00000000e+00  2.50000000e+00 -2.51000956e-12 
 3.87550000e-09  3.87550000e-09  0.00000000e+00  2.50000000e+00 -2.51000956e-12 
 3.87650000e-09  3.87650000e-09  0.00000000e+00  2.50000000e+00 -2.51000956e-12 
 3.87750000e-09  3.87750000e-09  0.00000000e+00  2.50000000e+00 -2.51000956e-12 
 3.87850000e-09  3.87850000e-09  0.00000000e+00  2.50000000e+00 -2.51000956e-12 
 3.87950000e-09  3.87950000e-09  0.00000000e+00  2.50000000e+00 -2.51000956e-12 
 3.88050000e-09  3.88050000e-09  0.00000000e+00  2.50000000e+00 -2.51000956e-12 
 3.88150000e-09  3.88150000e-09  0.00000000e+00  2.50000000e+00 -2.51000956e-12 
 3.88250000e-09  3.88250000e-09  0.00000000e+00  2.50000000e+00 -2.51000956e-12 
 3.88350000e-09  3.88350000e-09  0.00000000e+00  2.50000000e+00 -2.51000956e-12 
 3.88450000e-09  3.88450000e-09  0.00000000e+00  2.50000000e+00 -2.51000956e-12 
 3.88550000e-09  3.88550000e-09  0.00000000e+00  2.50000000e+00 -2.51000956e-12 
 3.88650000e-09  3.88650000e-09  0.00000000e+00  2.50000000e+00 -2.51000956e-12 
 3.88750000e-09  3.88750000e-09  0.00000000e+00  2.50000000e+00 -2.51000956e-12 
 3.88850000e-09  3.88850000e-09  0.00000000e+00  2.50000000e+00 -2.51000956e-12 
 3.88950000e-09  3.88950000e-09  0.00000000e+00  2.50000000e+00 -2.51000956e-12 
 3.89050000e-09  3.89050000e-09  0.00000000e+00  2.50000000e+00 -2.51000956e-12 
 3.89150000e-09  3.89150000e-09  0.00000000e+00  2.50000000e+00 -2.51000956e-12 
 3.89250000e-09  3.89250000e-09  0.00000000e+00  2.50000000e+00 -2.51000956e-12 
 3.89350000e-09  3.89350000e-09  0.00000000e+00  2.50000000e+00 -2.51000956e-12 
 3.89450000e-09  3.89450000e-09  0.00000000e+00  2.50000000e+00 -2.51000956e-12 
 3.89550000e-09  3.89550000e-09  0.00000000e+00  2.50000000e+00 -2.51000956e-12 
 3.89650000e-09  3.89650000e-09  0.00000000e+00  2.50000000e+00 -2.51000956e-12 
 3.89750000e-09  3.89750000e-09  0.00000000e+00  2.50000000e+00 -2.51000956e-12 
 3.89850000e-09  3.89850000e-09  0.00000000e+00  2.50000000e+00 -2.51000956e-12 
 3.89950000e-09  3.89950000e-09  0.00000000e+00  2.50000000e+00 -2.51000956e-12 
 3.90050000e-09  3.90050000e-09  0.00000000e+00  2.50000000e+00 -2.51000956e-12 
 3.90150000e-09  3.90150000e-09  0.00000000e+00  2.50000000e+00 -2.51000956e-12 
 3.90250000e-09  3.90250000e-09  0.00000000e+00  2.50000000e+00 -2.51000956e-12 
 3.90350000e-09  3.90350000e-09  0.00000000e+00  2.50000000e+00 -2.51000956e-12 
 3.90450000e-09  3.90450000e-09  0.00000000e+00  2.50000000e+00 -2.51000956e-12 
 3.90550000e-09  3.90550000e-09  0.00000000e+00  2.50000000e+00 -2.51000956e-12 
 3.90650000e-09  3.90650000e-09  0.00000000e+00  2.50000000e+00 -2.51000956e-12 
 3.90750000e-09  3.90750000e-09  0.00000000e+00  2.50000000e+00 -2.51000956e-12 
 3.90850000e-09  3.90850000e-09  0.00000000e+00  2.50000000e+00 -2.51000956e-12 
 3.90950000e-09  3.90950000e-09  0.00000000e+00  2.50000000e+00 -2.51000956e-12 
 3.91050000e-09  3.91050000e-09  0.00000000e+00  2.50000000e+00 -2.51000956e-12 
 3.91150000e-09  3.91150000e-09  0.00000000e+00  2.50000000e+00 -2.51000956e-12 
 3.91250000e-09  3.91250000e-09  0.00000000e+00  2.50000000e+00 -2.51000956e-12 
 3.91350000e-09  3.91350000e-09  0.00000000e+00  2.50000000e+00 -2.51000956e-12 
 3.91450000e-09  3.91450000e-09  0.00000000e+00  2.50000000e+00 -2.51000956e-12 
 3.91550000e-09  3.91550000e-09  0.00000000e+00  2.50000000e+00 -2.51000956e-12 
 3.91650000e-09  3.91650000e-09  0.00000000e+00  2.50000000e+00 -2.51000956e-12 
 3.91750000e-09  3.91750000e-09  0.00000000e+00  2.50000000e+00 -2.51000956e-12 
 3.91850000e-09  3.91850000e-09  0.00000000e+00  2.50000000e+00 -2.51000956e-12 
 3.91950000e-09  3.91950000e-09  0.00000000e+00  2.50000000e+00 -2.51000956e-12 
 3.92050000e-09  3.92050000e-09  0.00000000e+00  2.50000000e+00 -2.51000956e-12 
 3.92150000e-09  3.92150000e-09  0.00000000e+00  2.50000000e+00 -2.51000956e-12 
 3.92250000e-09  3.92250000e-09  0.00000000e+00  2.50000000e+00 -2.51000956e-12 
 3.92350000e-09  3.92350000e-09  0.00000000e+00  2.50000000e+00 -2.51000956e-12 
 3.92450000e-09  3.92450000e-09  0.00000000e+00  2.50000000e+00 -2.51000956e-12 
 3.92550000e-09  3.92550000e-09  0.00000000e+00  2.50000000e+00 -2.51000956e-12 
 3.92650000e-09  3.92650000e-09  0.00000000e+00  2.50000000e+00 -2.51000956e-12 
 3.92750000e-09  3.92750000e-09  0.00000000e+00  2.50000000e+00 -2.51000956e-12 
 3.92850000e-09  3.92850000e-09  0.00000000e+00  2.50000000e+00 -2.51000956e-12 
 3.92950000e-09  3.92950000e-09  0.00000000e+00  2.50000000e+00 -2.51000956e-12 
 3.93050000e-09  3.93050000e-09  0.00000000e+00  2.50000000e+00 -2.51000956e-12 
 3.93150000e-09  3.93150000e-09  0.00000000e+00  2.50000000e+00 -2.51000956e-12 
 3.93250000e-09  3.93250000e-09  0.00000000e+00  2.50000000e+00 -2.51000956e-12 
 3.93350000e-09  3.93350000e-09  0.00000000e+00  2.50000000e+00 -2.51000956e-12 
 3.93450000e-09  3.93450000e-09  0.00000000e+00  2.50000000e+00 -2.51000956e-12 
 3.93550000e-09  3.93550000e-09  0.00000000e+00  2.50000000e+00 -2.51000956e-12 
 3.93650000e-09  3.93650000e-09  0.00000000e+00  2.50000000e+00 -2.51000956e-12 
 3.93750000e-09  3.93750000e-09  0.00000000e+00  2.50000000e+00 -2.51000956e-12 
 3.93850000e-09  3.93850000e-09  0.00000000e+00  2.50000000e+00 -2.51000956e-12 
 3.93950000e-09  3.93950000e-09  0.00000000e+00  2.50000000e+00 -2.51000956e-12 
 3.94050000e-09  3.94050000e-09  0.00000000e+00  2.50000000e+00 -2.51000956e-12 
 3.94150000e-09  3.94150000e-09  0.00000000e+00  2.50000000e+00 -2.51000956e-12 
 3.94250000e-09  3.94250000e-09  0.00000000e+00  2.50000000e+00 -2.51000956e-12 
 3.94350000e-09  3.94350000e-09  0.00000000e+00  2.50000000e+00 -2.51000956e-12 
 3.94450000e-09  3.94450000e-09  0.00000000e+00  2.50000000e+00 -2.51000956e-12 
 3.94550000e-09  3.94550000e-09  0.00000000e+00  2.50000000e+00 -2.51000956e-12 
 3.94650000e-09  3.94650000e-09  0.00000000e+00  2.50000000e+00 -2.51000956e-12 
 3.94750000e-09  3.94750000e-09  0.00000000e+00  2.50000000e+00 -2.51000956e-12 
 3.94850000e-09  3.94850000e-09  0.00000000e+00  2.50000000e+00 -2.51000956e-12 
 3.94950000e-09  3.94950000e-09  0.00000000e+00  2.50000000e+00 -2.51000956e-12 
 3.95050000e-09  3.95050000e-09  0.00000000e+00  2.50000000e+00 -2.51000956e-12 
 3.95150000e-09  3.95150000e-09  0.00000000e+00  2.50000000e+00 -2.51000956e-12 
 3.95250000e-09  3.95250000e-09  0.00000000e+00  2.50000000e+00 -2.51000956e-12 
 3.95350000e-09  3.95350000e-09  0.00000000e+00  2.50000000e+00 -2.51000956e-12 
 3.95450000e-09  3.95450000e-09  0.00000000e+00  2.50000000e+00 -2.51000956e-12 
 3.95550000e-09  3.95550000e-09  0.00000000e+00  2.50000000e+00 -2.51000956e-12 
 3.95650000e-09  3.95650000e-09  0.00000000e+00  2.50000000e+00 -2.51000956e-12 
 3.95750000e-09  3.95750000e-09  0.00000000e+00  2.50000000e+00 -2.51000956e-12 
 3.95850000e-09  3.95850000e-09  0.00000000e+00  2.50000000e+00 -2.51000956e-12 
 3.95950000e-09  3.95950000e-09  0.00000000e+00  2.50000000e+00 -2.51000956e-12 
 3.96050000e-09  3.96050000e-09  0.00000000e+00  2.50000000e+00 -2.51000956e-12 
 3.96150000e-09  3.96150000e-09  0.00000000e+00  2.50000000e+00 -2.51000956e-12 
 3.96250000e-09  3.96250000e-09  0.00000000e+00  2.50000000e+00 -2.51000956e-12 
 3.96350000e-09  3.96350000e-09  0.00000000e+00  2.50000000e+00 -2.51000956e-12 
 3.96450000e-09  3.96450000e-09  0.00000000e+00  2.50000000e+00 -2.51000956e-12 
 3.96550000e-09  3.96550000e-09  0.00000000e+00  2.50000000e+00 -2.51000956e-12 
 3.96650000e-09  3.96650000e-09  0.00000000e+00  2.50000000e+00 -2.51000956e-12 
 3.96750000e-09  3.96750000e-09  0.00000000e+00  2.50000000e+00 -2.51000956e-12 
 3.96850000e-09  3.96850000e-09  0.00000000e+00  2.50000000e+00 -2.51000956e-12 
 3.96950000e-09  3.96950000e-09  0.00000000e+00  2.50000000e+00 -2.51000956e-12 
 3.97050000e-09  3.97050000e-09  0.00000000e+00  2.50000000e+00 -2.51000956e-12 
 3.97150000e-09  3.97150000e-09  0.00000000e+00  2.50000000e+00 -2.51000956e-12 
 3.97250000e-09  3.97250000e-09  0.00000000e+00  2.50000000e+00 -2.51000956e-12 
 3.97350000e-09  3.97350000e-09  0.00000000e+00  2.50000000e+00 -2.51000956e-12 
 3.97450000e-09  3.97450000e-09  0.00000000e+00  2.50000000e+00 -2.51000956e-12 
 3.97550000e-09  3.97550000e-09  0.00000000e+00  2.50000000e+00 -2.51000956e-12 
 3.97650000e-09  3.97650000e-09  0.00000000e+00  2.50000000e+00 -2.51000956e-12 
 3.97750000e-09  3.97750000e-09  0.00000000e+00  2.50000000e+00 -2.51000956e-12 
 3.97850000e-09  3.97850000e-09  0.00000000e+00  2.50000000e+00 -2.51000956e-12 
 3.97950000e-09  3.97950000e-09  0.00000000e+00  2.50000000e+00 -2.51000956e-12 
 3.98050000e-09  3.98050000e-09  0.00000000e+00  2.50000000e+00 -2.51000956e-12 
 3.98150000e-09  3.98150000e-09  0.00000000e+00  2.50000000e+00 -2.51000956e-12 
 3.98250000e-09  3.98250000e-09  0.00000000e+00  2.50000000e+00 -2.51000956e-12 
 3.98350000e-09  3.98350000e-09  0.00000000e+00  2.50000000e+00 -2.51000956e-12 
 3.98450000e-09  3.98450000e-09  0.00000000e+00  2.50000000e+00 -2.51000956e-12 
 3.98550000e-09  3.98550000e-09  0.00000000e+00  2.50000000e+00 -2.51000956e-12 
 3.98650000e-09  3.98650000e-09  0.00000000e+00  2.50000000e+00 -2.51000956e-12 
 3.98750000e-09  3.98750000e-09  0.00000000e+00  2.50000000e+00 -2.51000956e-12 
 3.98850000e-09  3.98850000e-09  0.00000000e+00  2.50000000e+00 -2.51000956e-12 
 3.98950000e-09  3.98950000e-09  0.00000000e+00  2.50000000e+00 -2.51000956e-12 
 3.99050000e-09  3.99050000e-09  0.00000000e+00  2.50000000e+00 -2.51000956e-12 
 3.99150000e-09  3.99150000e-09  0.00000000e+00  2.50000000e+00 -2.51000956e-12 
 3.99250000e-09  3.99250000e-09  0.00000000e+00  2.50000000e+00 -2.51000956e-12 
 3.99350000e-09  3.99350000e-09  0.00000000e+00  2.50000000e+00 -2.51000956e-12 
 3.99450000e-09  3.99450000e-09  0.00000000e+00  2.50000000e+00 -2.51000956e-12 
 3.99550000e-09  3.99550000e-09  0.00000000e+00  2.50000000e+00 -2.51000956e-12 
 3.99650000e-09  3.99650000e-09  0.00000000e+00  2.50000000e+00 -2.51000956e-12 
 3.99750000e-09  3.99750000e-09  0.00000000e+00  2.50000000e+00 -2.51000956e-12 
 3.99850000e-09  3.99850000e-09  0.00000000e+00  2.50000000e+00 -2.51000956e-12 
 3.99950000e-09  3.99950000e-09  0.00000000e+00  2.50000000e+00 -2.51000956e-12 
 4.00050000e-09  4.00050000e-09  0.00000000e+00  2.50000000e+00 -2.51000956e-12 
 4.00150000e-09  4.00150000e-09  0.00000000e+00  2.50000000e+00 -2.51000956e-12 
 4.00250000e-09  4.00250000e-09  0.00000000e+00  2.50000000e+00 -2.51000956e-12 
 4.00350000e-09  4.00350000e-09  0.00000000e+00  2.50000000e+00 -2.51000956e-12 
 4.00450000e-09  4.00450000e-09  0.00000000e+00  2.50000000e+00 -2.51000956e-12 
 4.00550000e-09  4.00550000e-09  0.00000000e+00  2.50000000e+00 -2.51000956e-12 
 4.00650000e-09  4.00650000e-09  0.00000000e+00  2.50000000e+00 -2.51000956e-12 
 4.00750000e-09  4.00750000e-09  0.00000000e+00  2.50000000e+00 -2.51000956e-12 
 4.00850000e-09  4.00850000e-09  0.00000000e+00  2.50000000e+00 -2.51000956e-12 
 4.00950000e-09  4.00950000e-09  0.00000000e+00  2.50000000e+00 -2.51000956e-12 
 4.01050000e-09  4.01050000e-09  0.00000000e+00  2.50000000e+00 -2.51000956e-12 
 4.01150000e-09  4.01150000e-09  0.00000000e+00  2.50000000e+00 -2.51000956e-12 
 4.01250000e-09  4.01250000e-09  0.00000000e+00  2.50000000e+00 -2.51000956e-12 
 4.01350000e-09  4.01350000e-09  0.00000000e+00  2.50000000e+00 -2.51000956e-12 
 4.01450000e-09  4.01450000e-09  0.00000000e+00  2.50000000e+00 -2.51000956e-12 
 4.01550000e-09  4.01550000e-09  0.00000000e+00  2.50000000e+00 -2.51000956e-12 
 4.01650000e-09  4.01650000e-09  0.00000000e+00  2.50000000e+00 -2.51000956e-12 
 4.01750000e-09  4.01750000e-09  0.00000000e+00  2.50000000e+00 -2.51000956e-12 
 4.01850000e-09  4.01850000e-09  0.00000000e+00  2.50000000e+00 -2.51000956e-12 
 4.01950000e-09  4.01950000e-09  0.00000000e+00  2.50000000e+00 -2.51000956e-12 
 4.02050000e-09  4.02050000e-09  0.00000000e+00  2.50000000e+00 -2.51000956e-12 
 4.02150000e-09  4.02150000e-09  0.00000000e+00  2.50000000e+00 -2.51000956e-12 
 4.02250000e-09  4.02250000e-09  0.00000000e+00  2.50000000e+00 -2.51000956e-12 
 4.02350000e-09  4.02350000e-09  0.00000000e+00  2.50000000e+00 -2.51000956e-12 
 4.02450000e-09  4.02450000e-09  0.00000000e+00  2.50000000e+00 -2.51000956e-12 
 4.02550000e-09  4.02550000e-09  0.00000000e+00  2.50000000e+00 -2.51000956e-12 
 4.02650000e-09  4.02650000e-09  0.00000000e+00  2.50000000e+00 -2.51000956e-12 
 4.02750000e-09  4.02750000e-09  0.00000000e+00  2.50000000e+00 -2.51000956e-12 
 4.02850000e-09  4.02850000e-09  0.00000000e+00  2.50000000e+00 -2.51000956e-12 
 4.02950000e-09  4.02950000e-09  0.00000000e+00  2.50000000e+00 -2.51000956e-12 
 4.03050000e-09  4.03050000e-09  0.00000000e+00  2.50000000e+00 -2.51000956e-12 
 4.03150000e-09  4.03150000e-09  0.00000000e+00  2.50000000e+00 -2.51000956e-12 
 4.03250000e-09  4.03250000e-09  0.00000000e+00  2.50000000e+00 -2.51000956e-12 
 4.03350000e-09  4.03350000e-09  0.00000000e+00  2.50000000e+00 -2.51000956e-12 
 4.03450000e-09  4.03450000e-09  0.00000000e+00  2.50000000e+00 -2.51000956e-12 
 4.03550000e-09  4.03550000e-09  0.00000000e+00  2.50000000e+00 -2.51000956e-12 
 4.03650000e-09  4.03650000e-09  0.00000000e+00  2.50000000e+00 -2.51000956e-12 
 4.03750000e-09  4.03750000e-09  0.00000000e+00  2.50000000e+00 -2.51000956e-12 
 4.03850000e-09  4.03850000e-09  0.00000000e+00  2.50000000e+00 -2.51000956e-12 
 4.03950000e-09  4.03950000e-09  0.00000000e+00  2.50000000e+00 -2.51000956e-12 
 4.04050000e-09  4.04050000e-09  0.00000000e+00  2.50000000e+00 -2.51000956e-12 
 4.04150000e-09  4.04150000e-09  0.00000000e+00  2.50000000e+00 -2.51000956e-12 
 4.04250000e-09  4.04250000e-09  0.00000000e+00  2.50000000e+00 -2.51000956e-12 
 4.04350000e-09  4.04350000e-09  0.00000000e+00  2.50000000e+00 -2.51000956e-12 
 4.04450000e-09  4.04450000e-09  0.00000000e+00  2.50000000e+00 -2.51000956e-12 
 4.04550000e-09  4.04550000e-09  0.00000000e+00  2.50000000e+00 -2.51000956e-12 
 4.04650000e-09  4.04650000e-09  0.00000000e+00  2.50000000e+00 -2.51000956e-12 
 4.04750000e-09  4.04750000e-09  0.00000000e+00  2.50000000e+00 -2.51000956e-12 
 4.04850000e-09  4.04850000e-09  0.00000000e+00  2.50000000e+00 -2.51000956e-12 
 4.04950000e-09  4.04950000e-09  0.00000000e+00  2.50000000e+00 -2.51000956e-12 
 4.05050000e-09  4.05050000e-09  0.00000000e+00  2.50000000e+00 -2.51000956e-12 
 4.05150000e-09  4.05150000e-09  0.00000000e+00  2.50000000e+00 -2.51000956e-12 
 4.05250000e-09  4.05250000e-09  0.00000000e+00  2.50000000e+00 -2.51000956e-12 
 4.05350000e-09  4.05350000e-09  0.00000000e+00  2.50000000e+00 -2.51000956e-12 
 4.05450000e-09  4.05450000e-09  0.00000000e+00  2.50000000e+00 -2.51000956e-12 
 4.05550000e-09  4.05550000e-09  0.00000000e+00  2.50000000e+00 -2.51000956e-12 
 4.05650000e-09  4.05650000e-09  0.00000000e+00  2.50000000e+00 -2.51000956e-12 
 4.05750000e-09  4.05750000e-09  0.00000000e+00  2.50000000e+00 -2.51000956e-12 
 4.05850000e-09  4.05850000e-09  0.00000000e+00  2.50000000e+00 -2.51000956e-12 
 4.05950000e-09  4.05950000e-09  0.00000000e+00  2.50000000e+00 -2.51000956e-12 
 4.06050000e-09  4.06050000e-09  0.00000000e+00  2.50000000e+00 -2.51000956e-12 
 4.06150000e-09  4.06150000e-09  0.00000000e+00  2.50000000e+00 -2.51000956e-12 
 4.06250000e-09  4.06250000e-09  0.00000000e+00  2.50000000e+00 -2.51000956e-12 
 4.06350000e-09  4.06350000e-09  0.00000000e+00  2.50000000e+00 -2.51000956e-12 
 4.06450000e-09  4.06450000e-09  0.00000000e+00  2.50000000e+00 -2.51000956e-12 
 4.06550000e-09  4.06550000e-09  0.00000000e+00  2.50000000e+00 -2.51000956e-12 
 4.06650000e-09  4.06650000e-09  0.00000000e+00  2.50000000e+00 -2.51000956e-12 
 4.06750000e-09  4.06750000e-09  0.00000000e+00  2.50000000e+00 -2.51000956e-12 
 4.06850000e-09  4.06850000e-09  0.00000000e+00  2.50000000e+00 -2.51000956e-12 
 4.06950000e-09  4.06950000e-09  0.00000000e+00  2.50000000e+00 -2.51000956e-12 
 4.07050000e-09  4.07050000e-09  0.00000000e+00  2.50000000e+00 -2.51000956e-12 
 4.07150000e-09  4.07150000e-09  0.00000000e+00  2.50000000e+00 -2.51000956e-12 
 4.07250000e-09  4.07250000e-09  0.00000000e+00  2.50000000e+00 -2.51000956e-12 
 4.07350000e-09  4.07350000e-09  0.00000000e+00  2.50000000e+00 -2.51000956e-12 
 4.07450000e-09  4.07450000e-09  0.00000000e+00  2.50000000e+00 -2.51000956e-12 
 4.07550000e-09  4.07550000e-09  0.00000000e+00  2.50000000e+00 -2.51000956e-12 
 4.07650000e-09  4.07650000e-09  0.00000000e+00  2.50000000e+00 -2.51000956e-12 
 4.07750000e-09  4.07750000e-09  0.00000000e+00  2.50000000e+00 -2.51000956e-12 
 4.07850000e-09  4.07850000e-09  0.00000000e+00  2.50000000e+00 -2.51000956e-12 
 4.07950000e-09  4.07950000e-09  0.00000000e+00  2.50000000e+00 -2.51000956e-12 
 4.08050000e-09  4.08050000e-09  0.00000000e+00  2.50000000e+00 -2.51000956e-12 
 4.08150000e-09  4.08150000e-09  0.00000000e+00  2.50000000e+00 -2.51000956e-12 
 4.08250000e-09  4.08250000e-09  0.00000000e+00  2.50000000e+00 -2.51000956e-12 
 4.08350000e-09  4.08350000e-09  0.00000000e+00  2.50000000e+00 -2.51000956e-12 
 4.08450000e-09  4.08450000e-09  0.00000000e+00  2.50000000e+00 -2.51000956e-12 
 4.08550000e-09  4.08550000e-09  0.00000000e+00  2.50000000e+00 -2.51000956e-12 
 4.08650000e-09  4.08650000e-09  0.00000000e+00  2.50000000e+00 -2.51000956e-12 
 4.08750000e-09  4.08750000e-09  0.00000000e+00  2.50000000e+00 -2.51000956e-12 
 4.08850000e-09  4.08850000e-09  0.00000000e+00  2.50000000e+00 -2.51000956e-12 
 4.08950000e-09  4.08950000e-09  0.00000000e+00  2.50000000e+00 -2.51000956e-12 
 4.09050000e-09  4.09050000e-09  0.00000000e+00  2.50000000e+00 -2.51000956e-12 
 4.09150000e-09  4.09150000e-09  0.00000000e+00  2.50000000e+00 -2.51000956e-12 
 4.09250000e-09  4.09250000e-09  0.00000000e+00  2.50000000e+00 -2.51000956e-12 
 4.09350000e-09  4.09350000e-09  0.00000000e+00  2.50000000e+00 -2.51000956e-12 
 4.09450000e-09  4.09450000e-09  0.00000000e+00  2.50000000e+00 -2.51000956e-12 
 4.09550000e-09  4.09550000e-09  0.00000000e+00  2.50000000e+00 -2.51000956e-12 
 4.09650000e-09  4.09650000e-09  0.00000000e+00  2.50000000e+00 -2.51000956e-12 
 4.09750000e-09  4.09750000e-09  0.00000000e+00  2.50000000e+00 -2.51000956e-12 
 4.09850000e-09  4.09850000e-09  0.00000000e+00  2.50000000e+00 -2.51000956e-12 
 4.09950000e-09  4.09950000e-09  0.00000000e+00  2.50000000e+00 -2.51000956e-12 
 4.10050000e-09  4.10050000e-09  0.00000000e+00  2.50000000e+00 -2.51000956e-12 
 4.10150000e-09  4.10150000e-09  0.00000000e+00  2.50000000e+00 -2.51000956e-12 
 4.10250000e-09  4.10250000e-09  0.00000000e+00  2.50000000e+00 -2.51000956e-12 
 4.10350000e-09  4.10350000e-09  0.00000000e+00  2.50000000e+00 -2.51000956e-12 
 4.10450000e-09  4.10450000e-09  0.00000000e+00  2.50000000e+00 -2.51000956e-12 
 4.10550000e-09  4.10550000e-09  0.00000000e+00  2.50000000e+00 -2.51000956e-12 
 4.10650000e-09  4.10650000e-09  0.00000000e+00  2.50000000e+00 -2.51000956e-12 
 4.10750000e-09  4.10750000e-09  0.00000000e+00  2.50000000e+00 -2.51000956e-12 
 4.10850000e-09  4.10850000e-09  0.00000000e+00  2.50000000e+00 -2.51000956e-12 
 4.10950000e-09  4.10950000e-09  0.00000000e+00  2.50000000e+00 -2.51000956e-12 
 4.11050000e-09  4.11050000e-09  0.00000000e+00  2.50000000e+00 -2.51000956e-12 
 4.11150000e-09  4.11150000e-09  0.00000000e+00  2.50000000e+00 -2.51000956e-12 
 4.11250000e-09  4.11250000e-09  0.00000000e+00  2.50000000e+00 -2.51000956e-12 
 4.11350000e-09  4.11350000e-09  0.00000000e+00  2.50000000e+00 -2.51000956e-12 
 4.11450000e-09  4.11450000e-09  0.00000000e+00  2.50000000e+00 -2.51000956e-12 
 4.11550000e-09  4.11550000e-09  0.00000000e+00  2.50000000e+00 -2.51000956e-12 
 4.11650000e-09  4.11650000e-09  0.00000000e+00  2.50000000e+00 -2.51000956e-12 
 4.11750000e-09  4.11750000e-09  0.00000000e+00  2.50000000e+00 -2.51000956e-12 
 4.11850000e-09  4.11850000e-09  0.00000000e+00  2.50000000e+00 -2.51000956e-12 
 4.11950000e-09  4.11950000e-09  0.00000000e+00  2.50000000e+00 -2.51000956e-12 
 4.12050000e-09  4.12050000e-09  0.00000000e+00  2.50000000e+00 -2.51000956e-12 
 4.12150000e-09  4.12150000e-09  0.00000000e+00  2.50000000e+00 -2.51000956e-12 
 4.12250000e-09  4.12250000e-09  0.00000000e+00  2.50000000e+00 -2.51000956e-12 
 4.12350000e-09  4.12350000e-09  0.00000000e+00  2.50000000e+00 -2.51000956e-12 
 4.12450000e-09  4.12450000e-09  0.00000000e+00  2.50000000e+00 -2.51000956e-12 
 4.12550000e-09  4.12550000e-09  0.00000000e+00  2.50000000e+00 -2.51000956e-12 
 4.12650000e-09  4.12650000e-09  0.00000000e+00  2.50000000e+00 -2.51000956e-12 
 4.12750000e-09  4.12750000e-09  0.00000000e+00  2.50000000e+00 -2.51000956e-12 
 4.12850000e-09  4.12850000e-09  0.00000000e+00  2.50000000e+00 -2.51000956e-12 
 4.12950000e-09  4.12950000e-09  0.00000000e+00  2.50000000e+00 -2.51000956e-12 
 4.13050000e-09  4.13050000e-09  0.00000000e+00  2.50000000e+00 -2.51000956e-12 
 4.13150000e-09  4.13150000e-09  0.00000000e+00  2.50000000e+00 -2.51000956e-12 
 4.13250000e-09  4.13250000e-09  0.00000000e+00  2.50000000e+00 -2.51000956e-12 
 4.13350000e-09  4.13350000e-09  0.00000000e+00  2.50000000e+00 -2.51000956e-12 
 4.13450000e-09  4.13450000e-09  0.00000000e+00  2.50000000e+00 -2.51000956e-12 
 4.13550000e-09  4.13550000e-09  0.00000000e+00  2.50000000e+00 -2.51000956e-12 
 4.13650000e-09  4.13650000e-09  0.00000000e+00  2.50000000e+00 -2.51000956e-12 
 4.13750000e-09  4.13750000e-09  0.00000000e+00  2.50000000e+00 -2.51000956e-12 
 4.13850000e-09  4.13850000e-09  0.00000000e+00  2.50000000e+00 -2.51000956e-12 
 4.13950000e-09  4.13950000e-09  0.00000000e+00  2.50000000e+00 -2.51000956e-12 
 4.14050000e-09  4.14050000e-09  0.00000000e+00  2.50000000e+00 -2.51000956e-12 
 4.14150000e-09  4.14150000e-09  0.00000000e+00  2.50000000e+00 -2.51000956e-12 
 4.14250000e-09  4.14250000e-09  0.00000000e+00  2.50000000e+00 -2.51000956e-12 
 4.14350000e-09  4.14350000e-09  0.00000000e+00  2.50000000e+00 -2.51000956e-12 
 4.14450000e-09  4.14450000e-09  0.00000000e+00  2.50000000e+00 -2.51000956e-12 
 4.14550000e-09  4.14550000e-09  0.00000000e+00  2.50000000e+00 -2.51000956e-12 
 4.14650000e-09  4.14650000e-09  0.00000000e+00  2.50000000e+00 -2.51000956e-12 
 4.14750000e-09  4.14750000e-09  0.00000000e+00  2.50000000e+00 -2.51000956e-12 
 4.14850000e-09  4.14850000e-09  0.00000000e+00  2.50000000e+00 -2.51000956e-12 
 4.14950000e-09  4.14950000e-09  0.00000000e+00  2.50000000e+00 -2.51000956e-12 
 4.15050000e-09  4.15050000e-09  0.00000000e+00  2.50000000e+00 -2.51000956e-12 
 4.15150000e-09  4.15150000e-09  0.00000000e+00  2.50000000e+00 -2.51000956e-12 
 4.15250000e-09  4.15250000e-09  0.00000000e+00  2.50000000e+00 -2.51000956e-12 
 4.15350000e-09  4.15350000e-09  0.00000000e+00  2.50000000e+00 -2.51000956e-12 
 4.15450000e-09  4.15450000e-09  0.00000000e+00  2.50000000e+00 -2.51000956e-12 
 4.15550000e-09  4.15550000e-09  0.00000000e+00  2.50000000e+00 -2.51000956e-12 
 4.15650000e-09  4.15650000e-09  0.00000000e+00  2.50000000e+00 -2.51000956e-12 
 4.15750000e-09  4.15750000e-09  0.00000000e+00  2.50000000e+00 -2.51000956e-12 
 4.15850000e-09  4.15850000e-09  0.00000000e+00  2.50000000e+00 -2.51000956e-12 
 4.15950000e-09  4.15950000e-09  0.00000000e+00  2.50000000e+00 -2.51000956e-12 
 4.16050000e-09  4.16050000e-09  0.00000000e+00  2.50000000e+00 -2.51000956e-12 
 4.16150000e-09  4.16150000e-09  0.00000000e+00  2.50000000e+00 -2.51000956e-12 
 4.16250000e-09  4.16250000e-09  0.00000000e+00  2.50000000e+00 -2.51000956e-12 
 4.16350000e-09  4.16350000e-09  0.00000000e+00  2.50000000e+00 -2.51000956e-12 
 4.16450000e-09  4.16450000e-09  0.00000000e+00  2.50000000e+00 -2.51000956e-12 
 4.16550000e-09  4.16550000e-09  0.00000000e+00  2.50000000e+00 -2.51000956e-12 
 4.16650000e-09  4.16650000e-09  0.00000000e+00  2.50000000e+00 -2.51000956e-12 
 4.16750000e-09  4.16750000e-09  0.00000000e+00  2.50000000e+00 -2.51000956e-12 
 4.16850000e-09  4.16850000e-09  0.00000000e+00  2.50000000e+00 -2.51000956e-12 
 4.16950000e-09  4.16950000e-09  0.00000000e+00  2.50000000e+00 -2.51000956e-12 
 4.17050000e-09  4.17050000e-09  0.00000000e+00  2.50000000e+00 -2.51000956e-12 
 4.17150000e-09  4.17150000e-09  0.00000000e+00  2.50000000e+00 -2.51000956e-12 
 4.17250000e-09  4.17250000e-09  0.00000000e+00  2.50000000e+00 -2.51000956e-12 
 4.17350000e-09  4.17350000e-09  0.00000000e+00  2.50000000e+00 -2.51000956e-12 
 4.17450000e-09  4.17450000e-09  0.00000000e+00  2.50000000e+00 -2.51000956e-12 
 4.17550000e-09  4.17550000e-09  0.00000000e+00  2.50000000e+00 -2.51000956e-12 
 4.17650000e-09  4.17650000e-09  0.00000000e+00  2.50000000e+00 -2.51000956e-12 
 4.17750000e-09  4.17750000e-09  0.00000000e+00  2.50000000e+00 -2.51000956e-12 
 4.17850000e-09  4.17850000e-09  0.00000000e+00  2.50000000e+00 -2.51000956e-12 
 4.17950000e-09  4.17950000e-09  0.00000000e+00  2.50000000e+00 -2.51000956e-12 
 4.18050000e-09  4.18050000e-09  0.00000000e+00  2.50000000e+00 -2.51000956e-12 
 4.18150000e-09  4.18150000e-09  0.00000000e+00  2.50000000e+00 -2.51000956e-12 
 4.18250000e-09  4.18250000e-09  0.00000000e+00  2.50000000e+00 -2.51000956e-12 
 4.18350000e-09  4.18350000e-09  0.00000000e+00  2.50000000e+00 -2.51000956e-12 
 4.18450000e-09  4.18450000e-09  0.00000000e+00  2.50000000e+00 -2.51000956e-12 
 4.18550000e-09  4.18550000e-09  0.00000000e+00  2.50000000e+00 -2.51000956e-12 
 4.18650000e-09  4.18650000e-09  0.00000000e+00  2.50000000e+00 -2.51000956e-12 
 4.18750000e-09  4.18750000e-09  0.00000000e+00  2.50000000e+00 -2.51000956e-12 
 4.18850000e-09  4.18850000e-09  0.00000000e+00  2.50000000e+00 -2.51000956e-12 
 4.18950000e-09  4.18950000e-09  0.00000000e+00  2.50000000e+00 -2.51000956e-12 
 4.19050000e-09  4.19050000e-09  0.00000000e+00  2.50000000e+00 -2.51000956e-12 
 4.19150000e-09  4.19150000e-09  0.00000000e+00  2.50000000e+00 -2.51000956e-12 
 4.19250000e-09  4.19250000e-09  0.00000000e+00  2.50000000e+00 -2.51000956e-12 
 4.19350000e-09  4.19350000e-09  0.00000000e+00  2.50000000e+00 -2.51000956e-12 
 4.19450000e-09  4.19450000e-09  0.00000000e+00  2.50000000e+00 -2.51000956e-12 
 4.19550000e-09  4.19550000e-09  0.00000000e+00  2.50000000e+00 -2.51000956e-12 
 4.19650000e-09  4.19650000e-09  0.00000000e+00  2.50000000e+00 -2.51000956e-12 
 4.19750000e-09  4.19750000e-09  0.00000000e+00  2.50000000e+00 -2.51000956e-12 
 4.19850000e-09  4.19850000e-09  0.00000000e+00  2.50000000e+00 -2.51000956e-12 
 4.19925000e-09  4.19925000e-09  0.00000000e+00  2.50000000e+00 -2.51001043e-12 
 4.20000000e-09  4.20000000e-09  0.00000000e+00  2.50000000e+00 -2.51001130e-12 
 4.20010000e-09  4.20010000e-09  1.25000000e-02  2.50332333e+00  4.24575854e-04 
 4.20030000e-09  4.20030000e-09  3.75000000e-02  2.50988684e+00  4.35832061e-04 
 4.20070000e-09  4.20070000e-09  8.75000000e-02  2.52253201e+00  4.57308745e-04 
 4.20150000e-09  4.20150000e-09  1.87500000e-01  2.54610267e+00  4.94230196e-04 
 4.20250000e-09  4.20250000e-09  3.12500000e-01  2.57283203e+00  5.31547446e-04 
 4.20350000e-09  4.20350000e-09  4.37500000e-01  2.59714114e+00  5.59824057e-04 
 4.20450000e-09  4.20450000e-09  5.62500000e-01  2.61930982e+00  5.80576905e-04 
 4.20550000e-09  4.20550000e-09  6.87500000e-01  2.63900544e+00  5.93188482e-04 
 4.20650000e-09  4.20650000e-09  8.12500000e-01  2.65564550e+00  5.98085426e-04 
 4.20750000e-09  4.20750000e-09  9.37500000e-01  2.66865302e+00  5.94684031e-04 
 4.20850000e-09  4.20850000e-09  1.06250000e+00  2.67743921e+00  5.83936788e-04 
 4.20950000e-09  4.20950000e-09  1.18750000e+00  2.68138590e+00  5.65800626e-04 
 4.21050000e-09  4.21050000e-09  1.31250000e+00  2.67982636e+00  5.41828682e-04 
 4.21150000e-09  4.21150000e-09  1.43750000e+00  2.67202329e+00  5.12672362e-04 
 4.21250000e-09  4.21250000e-09  1.56250000e+00  2.65714262e+00  4.80715696e-04 
 4.21350000e-09  4.21350000e-09  1.68750000e+00  2.63422141e+00  4.47632301e-04 
 4.21450000e-09  4.21450000e-09  1.81250000e+00  2.60212748e+00  4.17086465e-04 
 4.21550000e-09  4.21550000e-09  1.93750000e+00  2.55951075e+00  3.92309711e-04 
 4.21650000e-09  4.21650000e-09  2.06250000e+00  2.50386315e+00  4.01235102e-04 
 4.21750000e-09  4.21750000e-09  2.18750000e+00  2.41377035e+00  4.78724954e-04 
 4.21850000e-09  4.21850000e-09  2.31250000e+00  2.28115286e+00  4.37668681e-04 
 4.21925000e-09  4.21925000e-09  2.40625000e+00  2.16888849e+00  4.54407568e-04 
 4.22000000e-09  4.22000000e-09  2.50000000e+00  2.04548764e+00  5.47302999e-04 
 4.22010000e-09  4.22010000e-09  2.50000000e+00  2.02686318e+00 -4.83115152e-13 
 4.22030000e-09  4.22030000e-09  2.50000000e+00  1.98976519e+00 -5.20213147e-13 
 4.22070000e-09  4.22070000e-09  2.50000000e+00  1.91632287e+00 -5.93676280e-13 
 4.22150000e-09  4.22150000e-09  2.50000000e+00  1.77286475e+00 -7.37134402e-13 
 4.22250000e-09  4.22250000e-09  2.50000000e+00  1.60092907e+00 -9.09070087e-13 
 4.22350000e-09  4.22350000e-09  2.50000000e+00  1.43838771e+00 -1.07161144e-12 
 4.22450000e-09  4.22450000e-09  2.50000000e+00  1.28626786e+00 -1.22373129e-12 
 4.22550000e-09  4.22550000e-09  2.50000000e+00  1.14524112e+00 -1.36475803e-12 
 4.22650000e-09  4.22650000e-09  2.50000000e+00  1.01563226e+00 -1.49436689e-12 
 4.22750000e-09  4.22750000e-09  2.50000000e+00  8.97456878e-01 -1.61254227e-12 
 4.22850000e-09  4.22850000e-09  2.50000000e+00  7.90472614e-01 -1.71952654e-12 
 4.22950000e-09  4.22950000e-09  2.50000000e+00  6.94235404e-01 -1.81576375e-12 
 4.23050000e-09  4.23050000e-09  2.50000000e+00  6.08154449e-01 -1.90184470e-12 
 4.23150000e-09  4.23150000e-09  2.50000000e+00  5.31541968e-01 -1.97845718e-12 
 4.23250000e-09  4.23250000e-09  2.50000000e+00  4.63655600e-01 -2.04634355e-12 
 4.23350000e-09  4.23350000e-09  2.50000000e+00  4.03732701e-01 -2.10626645e-12 
 4.23450000e-09  4.23450000e-09  2.50000000e+00  3.51016773e-01 -2.15898238e-12 
 4.23550000e-09  4.23550000e-09  2.50000000e+00  3.04776793e-01 -2.20522236e-12 
 4.23650000e-09  4.23650000e-09  2.50000000e+00  2.64320492e-01 -2.24567866e-12 
 4.23750000e-09  4.23750000e-09  2.50000000e+00  2.29002709e-01 -2.28099644e-12 
 4.23850000e-09  4.23850000e-09  2.50000000e+00  1.98229891e-01 -2.31176926e-12 
 4.23950000e-09  4.23950000e-09  2.50000000e+00  1.71447744e-01 -2.33855141e-12 
 4.24050000e-09  4.24050000e-09  2.50000000e+00  1.48173962e-01 -2.36182519e-12 
 4.24150000e-09  4.24150000e-09  2.50000000e+00  1.27989300e-01 -2.38200985e-12 
 4.24250000e-09  4.24250000e-09  2.50000000e+00  1.10501826e-01 -2.39949733e-12 
 4.24350000e-09  4.24350000e-09  2.50000000e+00  9.53646231e-02 -2.41463453e-12 
 4.24450000e-09  4.24450000e-09  2.50000000e+00  8.22718923e-02 -2.42772726e-12 
 4.24550000e-09  4.24550000e-09  2.50000000e+00  7.09550092e-02 -2.43904414e-12 
 4.24650000e-09  4.24650000e-09  2.50000000e+00  6.11786966e-02 -2.44882046e-12 
 4.24750000e-09  4.24750000e-09  2.50000000e+00  5.27373981e-02 -2.45726175e-12 
 4.24850000e-09  4.24850000e-09  2.50000000e+00  4.54519051e-02 -2.46454725e-12 
 4.24950000e-09  4.24950000e-09  2.50000000e+00  3.91662630e-02 -2.47083289e-12 
 4.25050000e-09  4.25050000e-09  2.50000000e+00  3.37449636e-02 -2.47625419e-12 
 4.25150000e-09  4.25150000e-09  2.50000000e+00  2.90704208e-02 -2.48092873e-12 
 4.25250000e-09  4.25250000e-09  2.50000000e+00  2.50407157e-02 -2.48495844e-12 
 4.25350000e-09  4.25350000e-09  2.50000000e+00  2.15675953e-02 -2.48843156e-12 
 4.25450000e-09  4.25450000e-09  2.50000000e+00  1.85747033e-02 -2.49142445e-12 
 4.25550000e-09  4.25550000e-09  2.50000000e+00  1.59960241e-02 -2.49400313e-12 
 4.25650000e-09  4.25650000e-09  2.50000000e+00  1.37745169e-02 -2.49622464e-12 
 4.25750000e-09  4.25750000e-09  2.50000000e+00  1.18609222e-02 -2.49813823e-12 
 4.25850000e-09  4.25850000e-09  2.50000000e+00  1.02127190e-02 -2.49978643e-12 
 4.25950000e-09  4.25950000e-09  2.50000000e+00  8.79321740e-03 -2.50120594e-12 
 4.26050000e-09  4.26050000e-09  2.50000000e+00  7.57076971e-03 -2.50242838e-12 
 4.26150000e-09  4.26150000e-09  2.50000000e+00  6.51808520e-03 -2.50348107e-12 
 4.26250000e-09  4.26250000e-09  2.50000000e+00  5.61163612e-03 -2.50438752e-12 
 4.26350000e-09  4.26350000e-09  2.50000000e+00  4.83114317e-03 -2.50516801e-12 
 4.26450000e-09  4.26450000e-09  2.50000000e+00  4.15913016e-03 -2.50584002e-12 
 4.26550000e-09  4.26550000e-09  2.50000000e+00  3.58053892e-03 -2.50641861e-12 
 4.26650000e-09  4.26650000e-09  2.50000000e+00  3.08239651e-03 -2.50691676e-12 
 4.26750000e-09  4.26750000e-09  2.50000000e+00  2.65352776e-03 -2.50734563e-12 
 4.26850000e-09  4.26850000e-09  2.50000000e+00  2.28430707e-03 -2.50771485e-12 
 4.26950000e-09  4.26950000e-09  2.50000000e+00  1.96644429e-03 -2.50803271e-12 
 4.27050000e-09  4.27050000e-09  2.50000000e+00  1.69279996e-03 -2.50830635e-12 
 4.27150000e-09  4.27150000e-09  2.50000000e+00  1.45722599e-03 -2.50854193e-12 
 4.27250000e-09  4.27250000e-09  2.50000000e+00  1.25442826e-03 -2.50874472e-12 
 4.27350000e-09  4.27350000e-09  2.50000000e+00  1.07984826e-03 -2.50891930e-12 
 4.27450000e-09  4.27450000e-09  2.50000000e+00  9.29561026e-04 -2.50906959e-12 
 4.27550000e-09  4.27550000e-09  2.50000000e+00  8.00187186e-04 -2.50919897e-12 
 4.27650000e-09  4.27650000e-09  2.50000000e+00  6.88817229e-04 -2.50931034e-12 
 4.27750000e-09  4.27750000e-09  2.50000000e+00  5.92946237e-04 -2.50940621e-12 
 4.27850000e-09  4.27850000e-09  2.50000000e+00  5.10417667e-04 -2.50948874e-12 
 4.27950000e-09  4.27950000e-09  2.50000000e+00  4.39374937e-04 -2.50955978e-12 
 4.28050000e-09  4.28050000e-09  2.50000000e+00  3.78219733e-04 -2.50962093e-12 
 4.28150000e-09  4.28150000e-09  2.50000000e+00  3.25576096e-04 -2.50967358e-12 
 4.28250000e-09  4.28250000e-09  2.50000000e+00  2.80259507e-04 -2.50971889e-12 
 4.28350000e-09  4.28350000e-09  2.50000000e+00  2.41250261e-04 -2.50975790e-12 
 4.28450000e-09  4.28450000e-09  2.50000000e+00  2.07670542e-04 -2.50979148e-12 
 4.28550000e-09  4.28550000e-09  2.50000000e+00  1.78764686e-04 -2.50982039e-12 
 4.28650000e-09  4.28650000e-09  2.50000000e+00  1.53882187e-04 -2.50984527e-12 
 4.28750000e-09  4.28750000e-09  2.50000000e+00  1.32463068e-04 -2.50986669e-12 
 4.28850000e-09  4.28850000e-09  2.50000000e+00  1.14025282e-04 -2.50988513e-12 
 4.28950000e-09  4.28950000e-09  2.50000000e+00  9.81538719e-05 -2.50990100e-12 
 4.29050000e-09  4.29050000e-09  2.50000000e+00  8.44916312e-05 -2.50991466e-12 
 4.29150000e-09  4.29150000e-09  2.50000000e+00  7.27310700e-05 -2.50992642e-12 
 4.29250000e-09  4.29250000e-09  2.50000000e+00  6.26074949e-05 -2.50993655e-12 
 4.29350000e-09  4.29350000e-09  2.50000000e+00  5.38930534e-05 -2.50994526e-12 
 4.29450000e-09  4.29450000e-09  2.50000000e+00  4.63916070e-05 -2.50995276e-12 
 4.29550000e-09  4.29550000e-09  2.50000000e+00  3.99343168e-05 -2.50995922e-12 
 4.29650000e-09  4.29650000e-09  2.50000000e+00  3.43758443e-05 -2.50996478e-12 
 4.29750000e-09  4.29750000e-09  2.50000000e+00  2.95910805e-05 -2.50996956e-12 
 4.29850000e-09  4.29850000e-09  2.50000000e+00  2.54723306e-05 -2.50997368e-12 
 4.29950000e-09  4.29950000e-09  2.50000000e+00  2.19268895e-05 -2.50997723e-12 
 4.30050000e-09  4.30050000e-09  2.50000000e+00  1.88749562e-05 -2.50998028e-12 
 4.30150000e-09  4.30150000e-09  2.50000000e+00  1.62478373e-05 -2.50998291e-12 
 4.30250000e-09  4.30250000e-09  2.50000000e+00  1.39864009e-05 -2.50998517e-12 
 4.30350000e-09  4.30350000e-09  2.50000000e+00  1.20397459e-05 -2.50998711e-12 
 4.30450000e-09  4.30450000e-09  2.50000000e+00  1.03640565e-05 -2.50998879e-12 
 4.30550000e-09  4.30550000e-09  2.50000000e+00  8.92161554e-06 -2.50999023e-12 
 4.30650000e-09  4.30650000e-09  2.50000000e+00  7.67995601e-06 -2.50999147e-12 
 4.30750000e-09  4.30750000e-09  2.50000000e+00  6.61113006e-06 -2.50999254e-12 
 4.30850000e-09  4.30850000e-09  2.50000000e+00  5.69108008e-06 -2.50999346e-12 
 4.30950000e-09  4.30950000e-09  2.50000000e+00  4.89909712e-06 -2.50999425e-12 
 4.31050000e-09  4.31050000e-09  2.50000000e+00  4.21735482e-06 -2.50999494e-12 
 4.31150000e-09  4.31150000e-09  2.50000000e+00  3.63050819e-06 -2.50999552e-12 
 4.31250000e-09  4.31250000e-09  2.50000000e+00  3.12534815e-06 -2.50999603e-12 
 4.31350000e-09  4.31350000e-09  2.50000000e+00  2.69050428e-06 -2.50999646e-12 
 4.31450000e-09  4.31450000e-09  2.50000000e+00  2.31618887e-06 -2.50999684e-12 
 4.31550000e-09  4.31550000e-09  2.50000000e+00  1.99397663e-06 -2.50999716e-12 
 4.31650000e-09  4.31650000e-09  2.50000000e+00  1.71661500e-06 -2.50999744e-12 
 4.31750000e-09  4.31750000e-09  2.50000000e+00  1.47786097e-06 -2.50999768e-12 
 4.31850000e-09  4.31850000e-09  2.50000000e+00  1.27234052e-06 -2.50999788e-12 
 4.31950000e-09  4.31950000e-09  2.50000000e+00  1.09542768e-06 -2.50999806e-12 
 4.32050000e-09  4.32050000e-09  2.50000000e+00  9.43140390e-07 -2.50999821e-12 
 4.32150000e-09  4.32150000e-09  2.50000000e+00  8.12050867e-07 -2.50999834e-12 
 4.32250000e-09  4.32250000e-09  2.50000000e+00  6.99208473e-07 -2.50999845e-12 
 4.32350000e-09  4.32350000e-09  2.50000000e+00  6.02073282e-07 -2.50999855e-12 
 4.32450000e-09  4.32450000e-09  2.50000000e+00  5.18458915e-07 -2.50999863e-12 
 4.32550000e-09  4.32550000e-09  2.50000000e+00  4.46483329e-07 -2.50999871e-12 
 4.32650000e-09  4.32650000e-09  2.50000000e+00  3.84526453e-07 -2.50999877e-12 
 4.32750000e-09  4.32750000e-09  2.50000000e+00  3.31193724e-07 -2.50999882e-12 
 4.32850000e-09  4.32850000e-09  2.50000000e+00  2.85284694e-07 -2.50999887e-12 
 4.32950000e-09  4.32950000e-09  2.50000000e+00  2.45766016e-07 -2.50999891e-12 
 4.33050000e-09  4.33050000e-09  2.50000000e+00  2.11748178e-07 -2.50999894e-12 
 4.33150000e-09  4.33150000e-09  2.50000000e+00  1.82465486e-07 -2.50999897e-12 
 4.33250000e-09  4.33250000e-09  2.50000000e+00  1.57258826e-07 -2.50999900e-12 
 4.33350000e-09  4.33350000e-09  2.50000000e+00  1.35560832e-07 -2.50999902e-12 
 4.33450000e-09  4.33450000e-09  2.50000000e+00  1.16883110e-07 -2.50999904e-12 
 4.33550000e-09  4.33550000e-09  2.50000000e+00  1.00805252e-07 -2.50999905e-12 
 4.33650000e-09  4.33650000e-09  2.50000000e+00  8.69653671e-08 -2.50999907e-12 
 4.33750000e-09  4.33750000e-09  2.50000000e+00  7.50519382e-08 -2.50999908e-12 
 4.33850000e-09  4.33850000e-09  2.50000000e+00  6.47968106e-08 -2.50999909e-12 
 4.33950000e-09  4.33950000e-09  2.50000000e+00  5.59691552e-08 -2.50999910e-12 
 4.34050000e-09  4.34050000e-09  2.50000000e+00  4.83702738e-08 -2.50999910e-12 
 4.34150000e-09  4.34150000e-09  2.50000000e+00  4.18291262e-08 -2.50999911e-12 
 4.34250000e-09  4.34250000e-09  2.50000000e+00  3.61984801e-08 -2.50999912e-12 
 4.34350000e-09  4.34350000e-09  2.50000000e+00  3.13515971e-08 -2.50999912e-12 
 4.34450000e-09  4.34450000e-09  2.50000000e+00  2.71793807e-08 -2.50999913e-12 
 4.34550000e-09  4.34550000e-09  2.50000000e+00  2.35879199e-08 -2.50999913e-12 
 4.34650000e-09  4.34650000e-09  2.50000000e+00  2.04963761e-08 -2.50999913e-12 
 4.34750000e-09  4.34750000e-09  2.50000000e+00  1.78351626e-08 -2.50999914e-12 
 4.34850000e-09  4.34850000e-09  2.50000000e+00  1.55443792e-08 -2.50999914e-12 
 4.34950000e-09  4.34950000e-09  2.50000000e+00  1.35724637e-08 -2.50999914e-12 
 4.35050000e-09  4.35050000e-09  2.50000000e+00  1.18750309e-08 -2.50999914e-12 
 4.35150000e-09  4.35150000e-09  2.50000000e+00  1.04138738e-08 -2.50999914e-12 
 4.35250000e-09  4.35250000e-09  2.50000000e+00  9.15610399e-09 -2.50999914e-12 
 4.35350000e-09  4.35350000e-09  2.50000000e+00  8.07341075e-09 -2.50999914e-12 
 4.35450000e-09  4.35450000e-09  2.50000000e+00  7.14142397e-09 -2.50999915e-12 
 4.35550000e-09  4.35550000e-09  2.50000000e+00  6.33916606e-09 -2.50999915e-12 
 4.35650000e-09  4.35650000e-09  2.50000000e+00  5.64857932e-09 -2.50999915e-12 
 4.35750000e-09  4.35750000e-09  2.50000000e+00  5.05411948e-09 -2.50999915e-12 
 4.35850000e-09  4.35850000e-09  2.50000000e+00  4.54240586e-09 -2.50999915e-12 
 4.35950000e-09  4.35950000e-09  2.50000000e+00  4.10192082e-09 -2.50999915e-12 
 4.36050000e-09  4.36050000e-09  2.50000000e+00  3.72274946e-09 -2.50999915e-12 
 4.36150000e-09  4.36150000e-09  2.50000000e+00  3.39635728e-09 -2.50999915e-12 
 4.36250000e-09  4.36250000e-09  2.50000000e+00  3.11539755e-09 -2.50999915e-12 
 4.36350000e-09  4.36350000e-09  2.50000000e+00  2.87354629e-09 -2.50999915e-12 
 4.36450000e-09  4.36450000e-09  2.50000000e+00  2.66535970e-09 -2.50999915e-12 
 4.36550000e-09  4.36550000e-09  2.50000000e+00  2.48615180e-09 -2.50999915e-12 
 4.36650000e-09  4.36650000e-09  2.50000000e+00  2.33188909e-09 -2.50999915e-12 
 4.36750000e-09  4.36750000e-09  2.50000000e+00  2.19909901e-09 -2.50999915e-12 
 4.36850000e-09  4.36850000e-09  2.50000000e+00  2.08479280e-09 -2.50999915e-12 
 4.36950000e-09  4.36950000e-09  2.50000000e+00  1.98639751e-09 -2.50999915e-12 
 4.37050000e-09  4.37050000e-09  2.50000000e+00  1.90169858e-09 -2.50999915e-12 
 4.37150000e-09  4.37150000e-09  2.50000000e+00  1.82878938e-09 -2.50999915e-12 
 4.37250000e-09  4.37250000e-09  2.50000000e+00  1.76602870e-09 -2.50999915e-12 
 4.37350000e-09  4.37350000e-09  2.50000000e+00  1.71200394e-09 -2.50999915e-12 
 4.37450000e-09  4.37450000e-09  2.50000000e+00  1.66549924e-09 -2.50999915e-12 
 4.37550000e-09  4.37550000e-09  2.50000000e+00  1.62546784e-09 -2.50999915e-12 
 4.37650000e-09  4.37650000e-09  2.50000000e+00  1.59100855e-09 -2.50999915e-12 
 4.37750000e-09  4.37750000e-09  2.50000000e+00  1.56134593e-09 -2.50999915e-12 
 4.37850000e-09  4.37850000e-09  2.50000000e+00  1.53581233e-09 -2.50999915e-12 
 4.37950000e-09  4.37950000e-09  2.50000000e+00  1.51383299e-09 -2.50999915e-12 
 4.38050000e-09  4.38050000e-09  2.50000000e+00  1.49491294e-09 -2.50999915e-12 
 4.38150000e-09  4.38150000e-09  2.50000000e+00  1.47862641e-09 -2.50999915e-12 
 4.38250000e-09  4.38250000e-09  2.50000000e+00  1.46460714e-09 -2.50999915e-12 
 4.38350000e-09  4.38350000e-09  2.50000000e+00  1.45253925e-09 -2.50999915e-12 
 4.38450000e-09  4.38450000e-09  2.50000000e+00  1.44215100e-09 -2.50999915e-12 
 4.38550000e-09  4.38550000e-09  2.50000000e+00  1.43320861e-09 -2.50999915e-12 
 4.38650000e-09  4.38650000e-09  2.50000000e+00  1.42551120e-09 -2.50999915e-12 
 4.38750000e-09  4.38750000e-09  2.50000000e+00  1.41888526e-09 -2.50999915e-12 
 4.38850000e-09  4.38850000e-09  2.50000000e+00  1.41318171e-09 -2.50999915e-12 
 4.38950000e-09  4.38950000e-09  2.50000000e+00  1.40827205e-09 -2.50999915e-12 
 4.39050000e-09  4.39050000e-09  2.50000000e+00  1.40404572e-09 -2.50999915e-12 
 4.39150000e-09  4.39150000e-09  2.50000000e+00  1.40040762e-09 -2.50999915e-12 
 4.39250000e-09  4.39250000e-09  2.50000000e+00  1.39727615e-09 -2.50999915e-12 
 4.39350000e-09  4.39350000e-09  2.50000000e+00  1.39458053e-09 -2.50999915e-12 
 4.39450000e-09  4.39450000e-09  2.50000000e+00  1.39226005e-09 -2.50999915e-12 
 4.39550000e-09  4.39550000e-09  2.50000000e+00  1.39026261e-09 -2.50999915e-12 
 4.39650000e-09  4.39650000e-09  2.50000000e+00  1.38854314e-09 -2.50999915e-12 
 4.39750000e-09  4.39750000e-09  2.50000000e+00  1.38706294e-09 -2.50999915e-12 
 4.39850000e-09  4.39850000e-09  2.50000000e+00  1.38578893e-09 -2.50999915e-12 
 4.39950000e-09  4.39950000e-09  2.50000000e+00  1.38469228e-09 -2.50999915e-12 
 4.40050000e-09  4.40050000e-09  2.50000000e+00  1.38374821e-09 -2.50999915e-12 
 4.40150000e-09  4.40150000e-09  2.50000000e+00  1.38293556e-09 -2.50999915e-12 
 4.40250000e-09  4.40250000e-09  2.50000000e+00  1.38223619e-09 -2.50999915e-12 
 4.40350000e-09  4.40350000e-09  2.50000000e+00  1.38163412e-09 -2.50999915e-12 
 4.40450000e-09  4.40450000e-09  2.50000000e+00  1.38111562e-09 -2.50999915e-12 
 4.40550000e-09  4.40550000e-09  2.50000000e+00  1.38066936e-09 -2.50999915e-12 
 4.40650000e-09  4.40650000e-09  2.50000000e+00  1.38028515e-09 -2.50999915e-12 
 4.40750000e-09  4.40750000e-09  2.50000000e+00  1.37995448e-09 -2.50999915e-12 
 4.40850000e-09  4.40850000e-09  2.50000000e+00  1.37966975e-09 -2.50999915e-12 
 4.40950000e-09  4.40950000e-09  2.50000000e+00  1.37942478e-09 -2.50999915e-12 
 4.41050000e-09  4.41050000e-09  2.50000000e+00  1.37921388e-09 -2.50999915e-12 
 4.41150000e-09  4.41150000e-09  2.50000000e+00  1.37903254e-09 -2.50999915e-12 
 4.41250000e-09  4.41250000e-09  2.50000000e+00  1.37887626e-09 -2.50999915e-12 
 4.41350000e-09  4.41350000e-09  2.50000000e+00  1.37874165e-09 -2.50999915e-12 
 4.41450000e-09  4.41450000e-09  2.50000000e+00  1.37862586e-09 -2.50999915e-12 
 4.41550000e-09  4.41550000e-09  2.50000000e+00  1.37852611e-09 -2.50999915e-12 
 4.41650000e-09  4.41650000e-09  2.50000000e+00  1.37844034e-09 -2.50999915e-12 
 4.41750000e-09  4.41750000e-09  2.50000000e+00  1.37836644e-09 -2.50999915e-12 
 4.41850000e-09  4.41850000e-09  2.50000000e+00  1.37830282e-09 -2.50999915e-12 
 4.41950000e-09  4.41950000e-09  2.50000000e+00  1.37824820e-09 -2.50999915e-12 
 4.42050000e-09  4.42050000e-09  2.50000000e+00  1.37820108e-09 -2.50999915e-12 
 4.42150000e-09  4.42150000e-09  2.50000000e+00  1.37816045e-09 -2.50999915e-12 
 4.42250000e-09  4.42250000e-09  2.50000000e+00  1.37812532e-09 -2.50999915e-12 
 4.42350000e-09  4.42350000e-09  2.50000000e+00  1.37809503e-09 -2.50999915e-12 
 4.42450000e-09  4.42450000e-09  2.50000000e+00  1.37806905e-09 -2.50999915e-12 
 4.42550000e-09  4.42550000e-09  2.50000000e+00  1.37804698e-09 -2.50999915e-12 
 4.42650000e-09  4.42650000e-09  2.50000000e+00  1.37802789e-09 -2.50999915e-12 
 4.42750000e-09  4.42750000e-09  2.50000000e+00  1.37801145e-09 -2.50999915e-12 
 4.42850000e-09  4.42850000e-09  2.50000000e+00  1.37799727e-09 -2.50999915e-12 
 4.42950000e-09  4.42950000e-09  2.50000000e+00  1.37798494e-09 -2.50999915e-12 
 4.43050000e-09  4.43050000e-09  2.50000000e+00  1.37797441e-09 -2.50999915e-12 
 4.43150000e-09  4.43150000e-09  2.50000000e+00  1.37796546e-09 -2.50999915e-12 
 4.43250000e-09  4.43250000e-09  2.50000000e+00  1.37795757e-09 -2.50999915e-12 
 4.43350000e-09  4.43350000e-09  2.50000000e+00  1.37795101e-09 -2.50999915e-12 
 4.43450000e-09  4.43450000e-09  2.50000000e+00  1.37794544e-09 -2.50999915e-12 
 4.43550000e-09  4.43550000e-09  2.50000000e+00  1.37794047e-09 -2.50999915e-12 
 4.43650000e-09  4.43650000e-09  2.50000000e+00  1.37793610e-09 -2.50999915e-12 
 4.43750000e-09  4.43750000e-09  2.50000000e+00  1.37793238e-09 -2.50999915e-12 
 4.43850000e-09  4.43850000e-09  2.50000000e+00  1.37792920e-09 -2.50999915e-12 
 4.43950000e-09  4.43950000e-09  2.50000000e+00  1.37792642e-09 -2.50999915e-12 
 4.44050000e-09  4.44050000e-09  2.50000000e+00  1.37792397e-09 -2.50999915e-12 
 4.44150000e-09  4.44150000e-09  2.50000000e+00  1.37792191e-09 -2.50999915e-12 
 4.44250000e-09  4.44250000e-09  2.50000000e+00  1.37792012e-09 -2.50999915e-12 
 4.44350000e-09  4.44350000e-09  2.50000000e+00  1.37791866e-09 -2.50999915e-12 
 4.44450000e-09  4.44450000e-09  2.50000000e+00  1.37791741e-09 -2.50999915e-12 
 4.44550000e-09  4.44550000e-09  2.50000000e+00  1.37791621e-09 -2.50999915e-12 
 4.44650000e-09  4.44650000e-09  2.50000000e+00  1.37791509e-09 -2.50999915e-12 
 4.44750000e-09  4.44750000e-09  2.50000000e+00  1.37791422e-09 -2.50999915e-12 
 4.44850000e-09  4.44850000e-09  2.50000000e+00  1.37791363e-09 -2.50999915e-12 
 4.44950000e-09  4.44950000e-09  2.50000000e+00  1.37791323e-09 -2.50999915e-12 
 4.45050000e-09  4.45050000e-09  2.50000000e+00  1.37791270e-09 -2.50999915e-12 
 4.45150000e-09  4.45150000e-09  2.50000000e+00  1.37791224e-09 -2.50999915e-12 
 4.45250000e-09  4.45250000e-09  2.50000000e+00  1.37791190e-09 -2.50999915e-12 
 4.45350000e-09  4.45350000e-09  2.50000000e+00  1.37791151e-09 -2.50999915e-12 
 4.45450000e-09  4.45450000e-09  2.50000000e+00  1.37791118e-09 -2.50999915e-12 
 4.45550000e-09  4.45550000e-09  2.50000000e+00  1.37791091e-09 -2.50999915e-12 
 4.45650000e-09  4.45650000e-09  2.50000000e+00  1.37791071e-09 -2.50999915e-12 
 4.45750000e-09  4.45750000e-09  2.50000000e+00  1.37791045e-09 -2.50999915e-12 
 4.45850000e-09  4.45850000e-09  2.50000000e+00  1.37791018e-09 -2.50999915e-12 
 4.45950000e-09  4.45950000e-09  2.50000000e+00  1.37791005e-09 -2.50999915e-12 
 4.46050000e-09  4.46050000e-09  2.50000000e+00  1.37790992e-09 -2.50999915e-12 
 4.46150000e-09  4.46150000e-09  2.50000000e+00  1.37790972e-09 -2.50999915e-12 
 4.46250000e-09  4.46250000e-09  2.50000000e+00  1.37790978e-09 -2.50999915e-12 
 4.46350000e-09  4.46350000e-09  2.50000000e+00  1.37790985e-09 -2.50999915e-12 
 4.46450000e-09  4.46450000e-09  2.50000000e+00  1.37790985e-09 -2.50999915e-12 
 4.46550000e-09  4.46550000e-09  2.50000000e+00  1.37790985e-09 -2.50999915e-12 
 4.46650000e-09  4.46650000e-09  2.50000000e+00  1.37790985e-09 -2.50999915e-12 
 4.46750000e-09  4.46750000e-09  2.50000000e+00  1.37790985e-09 -2.50999915e-12 
 4.46850000e-09  4.46850000e-09  2.50000000e+00  1.37790985e-09 -2.50999915e-12 
 4.46950000e-09  4.46950000e-09  2.50000000e+00  1.37790985e-09 -2.50999915e-12 
 4.47050000e-09  4.47050000e-09  2.50000000e+00  1.37790985e-09 -2.50999915e-12 
 4.47150000e-09  4.47150000e-09  2.50000000e+00  1.37790985e-09 -2.50999915e-12 
 4.47250000e-09  4.47250000e-09  2.50000000e+00  1.37790985e-09 -2.50999915e-12 
 4.47350000e-09  4.47350000e-09  2.50000000e+00  1.37790985e-09 -2.50999915e-12 
 4.47450000e-09  4.47450000e-09  2.50000000e+00  1.37790985e-09 -2.50999915e-12 
 4.47550000e-09  4.47550000e-09  2.50000000e+00  1.37790985e-09 -2.50999915e-12 
 4.47650000e-09  4.47650000e-09  2.50000000e+00  1.37790985e-09 -2.50999915e-12 
 4.47750000e-09  4.47750000e-09  2.50000000e+00  1.37790985e-09 -2.50999915e-12 
 4.47850000e-09  4.47850000e-09  2.50000000e+00  1.37790985e-09 -2.50999915e-12 
 4.47950000e-09  4.47950000e-09  2.50000000e+00  1.37790985e-09 -2.50999915e-12 
 4.48050000e-09  4.48050000e-09  2.50000000e+00  1.37790985e-09 -2.50999915e-12 
 4.48150000e-09  4.48150000e-09  2.50000000e+00  1.37790985e-09 -2.50999915e-12 
 4.48250000e-09  4.48250000e-09  2.50000000e+00  1.37790985e-09 -2.50999915e-12 
 4.48350000e-09  4.48350000e-09  2.50000000e+00  1.37790985e-09 -2.50999915e-12 
 4.48450000e-09  4.48450000e-09  2.50000000e+00  1.37790985e-09 -2.50999915e-12 
 4.48550000e-09  4.48550000e-09  2.50000000e+00  1.37790985e-09 -2.50999915e-12 
 4.48650000e-09  4.48650000e-09  2.50000000e+00  1.37790985e-09 -2.50999915e-12 
 4.48750000e-09  4.48750000e-09  2.50000000e+00  1.37790985e-09 -2.50999915e-12 
 4.48850000e-09  4.48850000e-09  2.50000000e+00  1.37790985e-09 -2.50999915e-12 
 4.48950000e-09  4.48950000e-09  2.50000000e+00  1.37790985e-09 -2.50999915e-12 
 4.49050000e-09  4.49050000e-09  2.50000000e+00  1.37790985e-09 -2.50999915e-12 
 4.49150000e-09  4.49150000e-09  2.50000000e+00  1.37790985e-09 -2.50999915e-12 
 4.49250000e-09  4.49250000e-09  2.50000000e+00  1.37790985e-09 -2.50999915e-12 
 4.49350000e-09  4.49350000e-09  2.50000000e+00  1.37790985e-09 -2.50999915e-12 
 4.49450000e-09  4.49450000e-09  2.50000000e+00  1.37790985e-09 -2.50999915e-12 
 4.49550000e-09  4.49550000e-09  2.50000000e+00  1.37790985e-09 -2.50999915e-12 
 4.49650000e-09  4.49650000e-09  2.50000000e+00  1.37790985e-09 -2.50999915e-12 
 4.49750000e-09  4.49750000e-09  2.50000000e+00  1.37790985e-09 -2.50999915e-12 
 4.49850000e-09  4.49850000e-09  2.50000000e+00  1.37790985e-09 -2.50999915e-12 
 4.49950000e-09  4.49950000e-09  2.50000000e+00  1.37790985e-09 -2.50999915e-12 
 4.50050000e-09  4.50050000e-09  2.50000000e+00  1.37790985e-09 -2.50999915e-12 
 4.50150000e-09  4.50150000e-09  2.50000000e+00  1.37790985e-09 -2.50999915e-12 
 4.50250000e-09  4.50250000e-09  2.50000000e+00  1.37790985e-09 -2.50999915e-12 
 4.50350000e-09  4.50350000e-09  2.50000000e+00  1.37790985e-09 -2.50999915e-12 
 4.50450000e-09  4.50450000e-09  2.50000000e+00  1.37790985e-09 -2.50999915e-12 
 4.50550000e-09  4.50550000e-09  2.50000000e+00  1.37790985e-09 -2.50999915e-12 
 4.50650000e-09  4.50650000e-09  2.50000000e+00  1.37790985e-09 -2.50999915e-12 
 4.50750000e-09  4.50750000e-09  2.50000000e+00  1.37790985e-09 -2.50999915e-12 
 4.50850000e-09  4.50850000e-09  2.50000000e+00  1.37790985e-09 -2.50999915e-12 
 4.50950000e-09  4.50950000e-09  2.50000000e+00  1.37790985e-09 -2.50999915e-12 
 4.51050000e-09  4.51050000e-09  2.50000000e+00  1.37790985e-09 -2.50999915e-12 
 4.51150000e-09  4.51150000e-09  2.50000000e+00  1.37790985e-09 -2.50999915e-12 
 4.51250000e-09  4.51250000e-09  2.50000000e+00  1.37790985e-09 -2.50999915e-12 
 4.51350000e-09  4.51350000e-09  2.50000000e+00  1.37790985e-09 -2.50999915e-12 
 4.51450000e-09  4.51450000e-09  2.50000000e+00  1.37790985e-09 -2.50999915e-12 
 4.51550000e-09  4.51550000e-09  2.50000000e+00  1.37790985e-09 -2.50999915e-12 
 4.51650000e-09  4.51650000e-09  2.50000000e+00  1.37790985e-09 -2.50999915e-12 
 4.51750000e-09  4.51750000e-09  2.50000000e+00  1.37790985e-09 -2.50999915e-12 
 4.51850000e-09  4.51850000e-09  2.50000000e+00  1.37790985e-09 -2.50999915e-12 
 4.51950000e-09  4.51950000e-09  2.50000000e+00  1.37790985e-09 -2.50999915e-12 
 4.52050000e-09  4.52050000e-09  2.50000000e+00  1.37790985e-09 -2.50999915e-12 
 4.52150000e-09  4.52150000e-09  2.50000000e+00  1.37790985e-09 -2.50999915e-12 
 4.52250000e-09  4.52250000e-09  2.50000000e+00  1.37790985e-09 -2.50999915e-12 
 4.52350000e-09  4.52350000e-09  2.50000000e+00  1.37790985e-09 -2.50999915e-12 
 4.52450000e-09  4.52450000e-09  2.50000000e+00  1.37790985e-09 -2.50999915e-12 
 4.52550000e-09  4.52550000e-09  2.50000000e+00  1.37790985e-09 -2.50999915e-12 
 4.52650000e-09  4.52650000e-09  2.50000000e+00  1.37790985e-09 -2.50999915e-12 
 4.52750000e-09  4.52750000e-09  2.50000000e+00  1.37790985e-09 -2.50999915e-12 
 4.52850000e-09  4.52850000e-09  2.50000000e+00  1.37790985e-09 -2.50999915e-12 
 4.52950000e-09  4.52950000e-09  2.50000000e+00  1.37790985e-09 -2.50999915e-12 
 4.53050000e-09  4.53050000e-09  2.50000000e+00  1.37790985e-09 -2.50999915e-12 
 4.53150000e-09  4.53150000e-09  2.50000000e+00  1.37790985e-09 -2.50999915e-12 
 4.53250000e-09  4.53250000e-09  2.50000000e+00  1.37790985e-09 -2.50999915e-12 
 4.53350000e-09  4.53350000e-09  2.50000000e+00  1.37790985e-09 -2.50999915e-12 
 4.53450000e-09  4.53450000e-09  2.50000000e+00  1.37790985e-09 -2.50999915e-12 
 4.53550000e-09  4.53550000e-09  2.50000000e+00  1.37790985e-09 -2.50999915e-12 
 4.53650000e-09  4.53650000e-09  2.50000000e+00  1.37790985e-09 -2.50999915e-12 
 4.53750000e-09  4.53750000e-09  2.50000000e+00  1.37790985e-09 -2.50999915e-12 
 4.53850000e-09  4.53850000e-09  2.50000000e+00  1.37790985e-09 -2.50999915e-12 
 4.53950000e-09  4.53950000e-09  2.50000000e+00  1.37790985e-09 -2.50999915e-12 
 4.54050000e-09  4.54050000e-09  2.50000000e+00  1.37790985e-09 -2.50999915e-12 
 4.54150000e-09  4.54150000e-09  2.50000000e+00  1.37790985e-09 -2.50999915e-12 
 4.54250000e-09  4.54250000e-09  2.50000000e+00  1.37790985e-09 -2.50999915e-12 
 4.54350000e-09  4.54350000e-09  2.50000000e+00  1.37790985e-09 -2.50999915e-12 
 4.54450000e-09  4.54450000e-09  2.50000000e+00  1.37790985e-09 -2.50999915e-12 
 4.54550000e-09  4.54550000e-09  2.50000000e+00  1.37790985e-09 -2.50999915e-12 
 4.54650000e-09  4.54650000e-09  2.50000000e+00  1.37790985e-09 -2.50999915e-12 
 4.54750000e-09  4.54750000e-09  2.50000000e+00  1.37790985e-09 -2.50999915e-12 
 4.54850000e-09  4.54850000e-09  2.50000000e+00  1.37790985e-09 -2.50999915e-12 
 4.54950000e-09  4.54950000e-09  2.50000000e+00  1.37790985e-09 -2.50999915e-12 
 4.55050000e-09  4.55050000e-09  2.50000000e+00  1.37790985e-09 -2.50999915e-12 
 4.55150000e-09  4.55150000e-09  2.50000000e+00  1.37790985e-09 -2.50999915e-12 
 4.55250000e-09  4.55250000e-09  2.50000000e+00  1.37790985e-09 -2.50999915e-12 
 4.55350000e-09  4.55350000e-09  2.50000000e+00  1.37790985e-09 -2.50999915e-12 
 4.55450000e-09  4.55450000e-09  2.50000000e+00  1.37790985e-09 -2.50999915e-12 
 4.55550000e-09  4.55550000e-09  2.50000000e+00  1.37790985e-09 -2.50999915e-12 
 4.55650000e-09  4.55650000e-09  2.50000000e+00  1.37790985e-09 -2.50999915e-12 
 4.55750000e-09  4.55750000e-09  2.50000000e+00  1.37790985e-09 -2.50999915e-12 
 4.55850000e-09  4.55850000e-09  2.50000000e+00  1.37790985e-09 -2.50999915e-12 
 4.55950000e-09  4.55950000e-09  2.50000000e+00  1.37790985e-09 -2.50999915e-12 
 4.56050000e-09  4.56050000e-09  2.50000000e+00  1.37790985e-09 -2.50999915e-12 
 4.56150000e-09  4.56150000e-09  2.50000000e+00  1.37790985e-09 -2.50999915e-12 
 4.56250000e-09  4.56250000e-09  2.50000000e+00  1.37790985e-09 -2.50999915e-12 
 4.56350000e-09  4.56350000e-09  2.50000000e+00  1.37790985e-09 -2.50999915e-12 
 4.56450000e-09  4.56450000e-09  2.50000000e+00  1.37790985e-09 -2.50999915e-12 
 4.56550000e-09  4.56550000e-09  2.50000000e+00  1.37790985e-09 -2.50999915e-12 
 4.56650000e-09  4.56650000e-09  2.50000000e+00  1.37790985e-09 -2.50999915e-12 
 4.56750000e-09  4.56750000e-09  2.50000000e+00  1.37790985e-09 -2.50999915e-12 
 4.56850000e-09  4.56850000e-09  2.50000000e+00  1.37790985e-09 -2.50999915e-12 
 4.56950000e-09  4.56950000e-09  2.50000000e+00  1.37790985e-09 -2.50999915e-12 
 4.57050000e-09  4.57050000e-09  2.50000000e+00  1.37790985e-09 -2.50999915e-12 
 4.57150000e-09  4.57150000e-09  2.50000000e+00  1.37790985e-09 -2.50999915e-12 
 4.57250000e-09  4.57250000e-09  2.50000000e+00  1.37790985e-09 -2.50999915e-12 
 4.57350000e-09  4.57350000e-09  2.50000000e+00  1.37790985e-09 -2.50999915e-12 
 4.57450000e-09  4.57450000e-09  2.50000000e+00  1.37790985e-09 -2.50999915e-12 
 4.57550000e-09  4.57550000e-09  2.50000000e+00  1.37790985e-09 -2.50999915e-12 
 4.57650000e-09  4.57650000e-09  2.50000000e+00  1.37790985e-09 -2.50999915e-12 
 4.57750000e-09  4.57750000e-09  2.50000000e+00  1.37790985e-09 -2.50999915e-12 
 4.57850000e-09  4.57850000e-09  2.50000000e+00  1.37790985e-09 -2.50999915e-12 
 4.57950000e-09  4.57950000e-09  2.50000000e+00  1.37790985e-09 -2.50999915e-12 
 4.58050000e-09  4.58050000e-09  2.50000000e+00  1.37790985e-09 -2.50999915e-12 
 4.58150000e-09  4.58150000e-09  2.50000000e+00  1.37790985e-09 -2.50999915e-12 
 4.58250000e-09  4.58250000e-09  2.50000000e+00  1.37790985e-09 -2.50999915e-12 
 4.58350000e-09  4.58350000e-09  2.50000000e+00  1.37790985e-09 -2.50999915e-12 
 4.58450000e-09  4.58450000e-09  2.50000000e+00  1.37790985e-09 -2.50999915e-12 
 4.58550000e-09  4.58550000e-09  2.50000000e+00  1.37790985e-09 -2.50999915e-12 
 4.58650000e-09  4.58650000e-09  2.50000000e+00  1.37790985e-09 -2.50999915e-12 
 4.58750000e-09  4.58750000e-09  2.50000000e+00  1.37790985e-09 -2.50999915e-12 
 4.58850000e-09  4.58850000e-09  2.50000000e+00  1.37790985e-09 -2.50999915e-12 
 4.58950000e-09  4.58950000e-09  2.50000000e+00  1.37790985e-09 -2.50999915e-12 
 4.59050000e-09  4.59050000e-09  2.50000000e+00  1.37790985e-09 -2.50999915e-12 
 4.59150000e-09  4.59150000e-09  2.50000000e+00  1.37790985e-09 -2.50999915e-12 
 4.59250000e-09  4.59250000e-09  2.50000000e+00  1.37790985e-09 -2.50999915e-12 
 4.59350000e-09  4.59350000e-09  2.50000000e+00  1.37790985e-09 -2.50999915e-12 
 4.59450000e-09  4.59450000e-09  2.50000000e+00  1.37790985e-09 -2.50999915e-12 
 4.59550000e-09  4.59550000e-09  2.50000000e+00  1.37790985e-09 -2.50999915e-12 
 4.59650000e-09  4.59650000e-09  2.50000000e+00  1.37790985e-09 -2.50999915e-12 
 4.59750000e-09  4.59750000e-09  2.50000000e+00  1.37790985e-09 -2.50999915e-12 
 4.59850000e-09  4.59850000e-09  2.50000000e+00  1.37790985e-09 -2.50999915e-12 
 4.59950000e-09  4.59950000e-09  2.50000000e+00  1.37790985e-09 -2.50999915e-12 
 4.60050000e-09  4.60050000e-09  2.50000000e+00  1.37790985e-09 -2.50999915e-12 
 4.60150000e-09  4.60150000e-09  2.50000000e+00  1.37790985e-09 -2.50999915e-12 
 4.60250000e-09  4.60250000e-09  2.50000000e+00  1.37790985e-09 -2.50999915e-12 
 4.60350000e-09  4.60350000e-09  2.50000000e+00  1.37790985e-09 -2.50999915e-12 
 4.60450000e-09  4.60450000e-09  2.50000000e+00  1.37790985e-09 -2.50999915e-12 
 4.60550000e-09  4.60550000e-09  2.50000000e+00  1.37790985e-09 -2.50999915e-12 
 4.60650000e-09  4.60650000e-09  2.50000000e+00  1.37790985e-09 -2.50999915e-12 
 4.60750000e-09  4.60750000e-09  2.50000000e+00  1.37790985e-09 -2.50999915e-12 
 4.60850000e-09  4.60850000e-09  2.50000000e+00  1.37790985e-09 -2.50999915e-12 
 4.60950000e-09  4.60950000e-09  2.50000000e+00  1.37790985e-09 -2.50999915e-12 
 4.61050000e-09  4.61050000e-09  2.50000000e+00  1.37790985e-09 -2.50999915e-12 
 4.61150000e-09  4.61150000e-09  2.50000000e+00  1.37790985e-09 -2.50999915e-12 
 4.61250000e-09  4.61250000e-09  2.50000000e+00  1.37790985e-09 -2.50999915e-12 
 4.61350000e-09  4.61350000e-09  2.50000000e+00  1.37790985e-09 -2.50999915e-12 
 4.61450000e-09  4.61450000e-09  2.50000000e+00  1.37790985e-09 -2.50999915e-12 
 4.61550000e-09  4.61550000e-09  2.50000000e+00  1.37790985e-09 -2.50999915e-12 
 4.61650000e-09  4.61650000e-09  2.50000000e+00  1.37790985e-09 -2.50999915e-12 
 4.61750000e-09  4.61750000e-09  2.50000000e+00  1.37790985e-09 -2.50999915e-12 
 4.61850000e-09  4.61850000e-09  2.50000000e+00  1.37790985e-09 -2.50999915e-12 
 4.61950000e-09  4.61950000e-09  2.50000000e+00  1.37790985e-09 -2.50999915e-12 
 4.62050000e-09  4.62050000e-09  2.50000000e+00  1.37790985e-09 -2.50999915e-12 
 4.62150000e-09  4.62150000e-09  2.50000000e+00  1.37790985e-09 -2.50999915e-12 
 4.62250000e-09  4.62250000e-09  2.50000000e+00  1.37790985e-09 -2.50999915e-12 
 4.62350000e-09  4.62350000e-09  2.50000000e+00  1.37790985e-09 -2.50999915e-12 
 4.62450000e-09  4.62450000e-09  2.50000000e+00  1.37790985e-09 -2.50999915e-12 
 4.62550000e-09  4.62550000e-09  2.50000000e+00  1.37790985e-09 -2.50999915e-12 
 4.62650000e-09  4.62650000e-09  2.50000000e+00  1.37790985e-09 -2.50999915e-12 
 4.62750000e-09  4.62750000e-09  2.50000000e+00  1.37790985e-09 -2.50999915e-12 
 4.62850000e-09  4.62850000e-09  2.50000000e+00  1.37790985e-09 -2.50999915e-12 
 4.62950000e-09  4.62950000e-09  2.50000000e+00  1.37790985e-09 -2.50999915e-12 
 4.63050000e-09  4.63050000e-09  2.50000000e+00  1.37790985e-09 -2.50999915e-12 
 4.63150000e-09  4.63150000e-09  2.50000000e+00  1.37790985e-09 -2.50999915e-12 
 4.63250000e-09  4.63250000e-09  2.50000000e+00  1.37790985e-09 -2.50999915e-12 
 4.63350000e-09  4.63350000e-09  2.50000000e+00  1.37790985e-09 -2.50999915e-12 
 4.63450000e-09  4.63450000e-09  2.50000000e+00  1.37790985e-09 -2.50999915e-12 
 4.63550000e-09  4.63550000e-09  2.50000000e+00  1.37790985e-09 -2.50999915e-12 
 4.63650000e-09  4.63650000e-09  2.50000000e+00  1.37790985e-09 -2.50999915e-12 
 4.63750000e-09  4.63750000e-09  2.50000000e+00  1.37790985e-09 -2.50999915e-12 
 4.63850000e-09  4.63850000e-09  2.50000000e+00  1.37790985e-09 -2.50999915e-12 
 4.63950000e-09  4.63950000e-09  2.50000000e+00  1.37790985e-09 -2.50999915e-12 
 4.64050000e-09  4.64050000e-09  2.50000000e+00  1.37790985e-09 -2.50999915e-12 
 4.64150000e-09  4.64150000e-09  2.50000000e+00  1.37790985e-09 -2.50999915e-12 
 4.64250000e-09  4.64250000e-09  2.50000000e+00  1.37790985e-09 -2.50999915e-12 
 4.64350000e-09  4.64350000e-09  2.50000000e+00  1.37790985e-09 -2.50999915e-12 
 4.64450000e-09  4.64450000e-09  2.50000000e+00  1.37790985e-09 -2.50999915e-12 
 4.64550000e-09  4.64550000e-09  2.50000000e+00  1.37790985e-09 -2.50999915e-12 
 4.64650000e-09  4.64650000e-09  2.50000000e+00  1.37790985e-09 -2.50999915e-12 
 4.64750000e-09  4.64750000e-09  2.50000000e+00  1.37790985e-09 -2.50999915e-12 
 4.64850000e-09  4.64850000e-09  2.50000000e+00  1.37790985e-09 -2.50999915e-12 
 4.64950000e-09  4.64950000e-09  2.50000000e+00  1.37790985e-09 -2.50999915e-12 
 4.65050000e-09  4.65050000e-09  2.50000000e+00  1.37790985e-09 -2.50999915e-12 
 4.65150000e-09  4.65150000e-09  2.50000000e+00  1.37790985e-09 -2.50999915e-12 
 4.65250000e-09  4.65250000e-09  2.50000000e+00  1.37790985e-09 -2.50999915e-12 
 4.65350000e-09  4.65350000e-09  2.50000000e+00  1.37790985e-09 -2.50999915e-12 
 4.65450000e-09  4.65450000e-09  2.50000000e+00  1.37790985e-09 -2.50999915e-12 
 4.65550000e-09  4.65550000e-09  2.50000000e+00  1.37790985e-09 -2.50999915e-12 
 4.65650000e-09  4.65650000e-09  2.50000000e+00  1.37790985e-09 -2.50999915e-12 
 4.65750000e-09  4.65750000e-09  2.50000000e+00  1.37790985e-09 -2.50999915e-12 
 4.65850000e-09  4.65850000e-09  2.50000000e+00  1.37790985e-09 -2.50999915e-12 
 4.65950000e-09  4.65950000e-09  2.50000000e+00  1.37790985e-09 -2.50999915e-12 
 4.66050000e-09  4.66050000e-09  2.50000000e+00  1.37790985e-09 -2.50999915e-12 
 4.66150000e-09  4.66150000e-09  2.50000000e+00  1.37790985e-09 -2.50999915e-12 
 4.66250000e-09  4.66250000e-09  2.50000000e+00  1.37790985e-09 -2.50999915e-12 
 4.66350000e-09  4.66350000e-09  2.50000000e+00  1.37790985e-09 -2.50999915e-12 
 4.66450000e-09  4.66450000e-09  2.50000000e+00  1.37790985e-09 -2.50999915e-12 
 4.66550000e-09  4.66550000e-09  2.50000000e+00  1.37790985e-09 -2.50999915e-12 
 4.66650000e-09  4.66650000e-09  2.50000000e+00  1.37790985e-09 -2.50999915e-12 
 4.66750000e-09  4.66750000e-09  2.50000000e+00  1.37790985e-09 -2.50999915e-12 
 4.66850000e-09  4.66850000e-09  2.50000000e+00  1.37790985e-09 -2.50999915e-12 
 4.66950000e-09  4.66950000e-09  2.50000000e+00  1.37790985e-09 -2.50999915e-12 
 4.67050000e-09  4.67050000e-09  2.50000000e+00  1.37790985e-09 -2.50999915e-12 
 4.67150000e-09  4.67150000e-09  2.50000000e+00  1.37790985e-09 -2.50999915e-12 
 4.67250000e-09  4.67250000e-09  2.50000000e+00  1.37790985e-09 -2.50999915e-12 
 4.67350000e-09  4.67350000e-09  2.50000000e+00  1.37790985e-09 -2.50999915e-12 
 4.67450000e-09  4.67450000e-09  2.50000000e+00  1.37790985e-09 -2.50999915e-12 
 4.67550000e-09  4.67550000e-09  2.50000000e+00  1.37790985e-09 -2.50999915e-12 
 4.67650000e-09  4.67650000e-09  2.50000000e+00  1.37790985e-09 -2.50999915e-12 
 4.67750000e-09  4.67750000e-09  2.50000000e+00  1.37790985e-09 -2.50999915e-12 
 4.67850000e-09  4.67850000e-09  2.50000000e+00  1.37790985e-09 -2.50999915e-12 
 4.67950000e-09  4.67950000e-09  2.50000000e+00  1.37790985e-09 -2.50999915e-12 
 4.68050000e-09  4.68050000e-09  2.50000000e+00  1.37790985e-09 -2.50999915e-12 
 4.68150000e-09  4.68150000e-09  2.50000000e+00  1.37790985e-09 -2.50999915e-12 
 4.68250000e-09  4.68250000e-09  2.50000000e+00  1.37790985e-09 -2.50999915e-12 
 4.68350000e-09  4.68350000e-09  2.50000000e+00  1.37790985e-09 -2.50999915e-12 
 4.68450000e-09  4.68450000e-09  2.50000000e+00  1.37790985e-09 -2.50999915e-12 
 4.68550000e-09  4.68550000e-09  2.50000000e+00  1.37790985e-09 -2.50999915e-12 
 4.68650000e-09  4.68650000e-09  2.50000000e+00  1.37790985e-09 -2.50999915e-12 
 4.68750000e-09  4.68750000e-09  2.50000000e+00  1.37790985e-09 -2.50999915e-12 
 4.68850000e-09  4.68850000e-09  2.50000000e+00  1.37790985e-09 -2.50999915e-12 
 4.68950000e-09  4.68950000e-09  2.50000000e+00  1.37790985e-09 -2.50999915e-12 
 4.69050000e-09  4.69050000e-09  2.50000000e+00  1.37790985e-09 -2.50999915e-12 
 4.69150000e-09  4.69150000e-09  2.50000000e+00  1.37790985e-09 -2.50999915e-12 
 4.69250000e-09  4.69250000e-09  2.50000000e+00  1.37790985e-09 -2.50999915e-12 
 4.69350000e-09  4.69350000e-09  2.50000000e+00  1.37790985e-09 -2.50999915e-12 
 4.69450000e-09  4.69450000e-09  2.50000000e+00  1.37790985e-09 -2.50999915e-12 
 4.69550000e-09  4.69550000e-09  2.50000000e+00  1.37790985e-09 -2.50999915e-12 
 4.69650000e-09  4.69650000e-09  2.50000000e+00  1.37790985e-09 -2.50999915e-12 
 4.69750000e-09  4.69750000e-09  2.50000000e+00  1.37790985e-09 -2.50999915e-12 
 4.69850000e-09  4.69850000e-09  2.50000000e+00  1.37790985e-09 -2.50999915e-12 
 4.69950000e-09  4.69950000e-09  2.50000000e+00  1.37790985e-09 -2.50999915e-12 
 4.70050000e-09  4.70050000e-09  2.50000000e+00  1.37790985e-09 -2.50999915e-12 
 4.70150000e-09  4.70150000e-09  2.50000000e+00  1.37790985e-09 -2.50999915e-12 
 4.70250000e-09  4.70250000e-09  2.50000000e+00  1.37790985e-09 -2.50999915e-12 
 4.70350000e-09  4.70350000e-09  2.50000000e+00  1.37790985e-09 -2.50999915e-12 
 4.70450000e-09  4.70450000e-09  2.50000000e+00  1.37790985e-09 -2.50999915e-12 
 4.70550000e-09  4.70550000e-09  2.50000000e+00  1.37790985e-09 -2.50999915e-12 
 4.70650000e-09  4.70650000e-09  2.50000000e+00  1.37790985e-09 -2.50999915e-12 
 4.70750000e-09  4.70750000e-09  2.50000000e+00  1.37790985e-09 -2.50999915e-12 
 4.70850000e-09  4.70850000e-09  2.50000000e+00  1.37790985e-09 -2.50999915e-12 
 4.70950000e-09  4.70950000e-09  2.50000000e+00  1.37790985e-09 -2.50999915e-12 
 4.71050000e-09  4.71050000e-09  2.50000000e+00  1.37790985e-09 -2.50999915e-12 
 4.71150000e-09  4.71150000e-09  2.50000000e+00  1.37790985e-09 -2.50999915e-12 
 4.71250000e-09  4.71250000e-09  2.50000000e+00  1.37790985e-09 -2.50999915e-12 
 4.71350000e-09  4.71350000e-09  2.50000000e+00  1.37790985e-09 -2.50999915e-12 
 4.71450000e-09  4.71450000e-09  2.50000000e+00  1.37790985e-09 -2.50999915e-12 
 4.71550000e-09  4.71550000e-09  2.50000000e+00  1.37790985e-09 -2.50999915e-12 
 4.71650000e-09  4.71650000e-09  2.50000000e+00  1.37790985e-09 -2.50999915e-12 
 4.71750000e-09  4.71750000e-09  2.50000000e+00  1.37790985e-09 -2.50999915e-12 
 4.71850000e-09  4.71850000e-09  2.50000000e+00  1.37790985e-09 -2.50999915e-12 
 4.71950000e-09  4.71950000e-09  2.50000000e+00  1.37790985e-09 -2.50999915e-12 
 4.72050000e-09  4.72050000e-09  2.50000000e+00  1.37790985e-09 -2.50999915e-12 
 4.72150000e-09  4.72150000e-09  2.50000000e+00  1.37790985e-09 -2.50999915e-12 
 4.72250000e-09  4.72250000e-09  2.50000000e+00  1.37790985e-09 -2.50999915e-12 
 4.72350000e-09  4.72350000e-09  2.50000000e+00  1.37790985e-09 -2.50999915e-12 
 4.72450000e-09  4.72450000e-09  2.50000000e+00  1.37790985e-09 -2.50999915e-12 
 4.72550000e-09  4.72550000e-09  2.50000000e+00  1.37790985e-09 -2.50999915e-12 
 4.72650000e-09  4.72650000e-09  2.50000000e+00  1.37790985e-09 -2.50999915e-12 
 4.72750000e-09  4.72750000e-09  2.50000000e+00  1.37790985e-09 -2.50999915e-12 
 4.72850000e-09  4.72850000e-09  2.50000000e+00  1.37790985e-09 -2.50999915e-12 
 4.72950000e-09  4.72950000e-09  2.50000000e+00  1.37790985e-09 -2.50999915e-12 
 4.73050000e-09  4.73050000e-09  2.50000000e+00  1.37790985e-09 -2.50999915e-12 
 4.73150000e-09  4.73150000e-09  2.50000000e+00  1.37790985e-09 -2.50999915e-12 
 4.73250000e-09  4.73250000e-09  2.50000000e+00  1.37790985e-09 -2.50999915e-12 
 4.73350000e-09  4.73350000e-09  2.50000000e+00  1.37790985e-09 -2.50999915e-12 
 4.73450000e-09  4.73450000e-09  2.50000000e+00  1.37790985e-09 -2.50999915e-12 
 4.73550000e-09  4.73550000e-09  2.50000000e+00  1.37790985e-09 -2.50999915e-12 
 4.73650000e-09  4.73650000e-09  2.50000000e+00  1.37790985e-09 -2.50999915e-12 
 4.73750000e-09  4.73750000e-09  2.50000000e+00  1.37790985e-09 -2.50999915e-12 
 4.73850000e-09  4.73850000e-09  2.50000000e+00  1.37790985e-09 -2.50999915e-12 
 4.73950000e-09  4.73950000e-09  2.50000000e+00  1.37790985e-09 -2.50999915e-12 
 4.74050000e-09  4.74050000e-09  2.50000000e+00  1.37790985e-09 -2.50999915e-12 
 4.74150000e-09  4.74150000e-09  2.50000000e+00  1.37790985e-09 -2.50999915e-12 
 4.74250000e-09  4.74250000e-09  2.50000000e+00  1.37790985e-09 -2.50999915e-12 
 4.74350000e-09  4.74350000e-09  2.50000000e+00  1.37790985e-09 -2.50999915e-12 
 4.74450000e-09  4.74450000e-09  2.50000000e+00  1.37790985e-09 -2.50999915e-12 
 4.74550000e-09  4.74550000e-09  2.50000000e+00  1.37790985e-09 -2.50999915e-12 
 4.74650000e-09  4.74650000e-09  2.50000000e+00  1.37790985e-09 -2.50999915e-12 
 4.74750000e-09  4.74750000e-09  2.50000000e+00  1.37790985e-09 -2.50999915e-12 
 4.74850000e-09  4.74850000e-09  2.50000000e+00  1.37790985e-09 -2.50999915e-12 
 4.74950000e-09  4.74950000e-09  2.50000000e+00  1.37790985e-09 -2.50999915e-12 
 4.75050000e-09  4.75050000e-09  2.50000000e+00  1.37790985e-09 -2.50999915e-12 
 4.75150000e-09  4.75150000e-09  2.50000000e+00  1.37790985e-09 -2.50999915e-12 
 4.75250000e-09  4.75250000e-09  2.50000000e+00  1.37790985e-09 -2.50999915e-12 
 4.75350000e-09  4.75350000e-09  2.50000000e+00  1.37790985e-09 -2.50999915e-12 
 4.75450000e-09  4.75450000e-09  2.50000000e+00  1.37790985e-09 -2.50999915e-12 
 4.75550000e-09  4.75550000e-09  2.50000000e+00  1.37790985e-09 -2.50999915e-12 
 4.75650000e-09  4.75650000e-09  2.50000000e+00  1.37790985e-09 -2.50999915e-12 
 4.75750000e-09  4.75750000e-09  2.50000000e+00  1.37790985e-09 -2.50999915e-12 
 4.75850000e-09  4.75850000e-09  2.50000000e+00  1.37790985e-09 -2.50999915e-12 
 4.75950000e-09  4.75950000e-09  2.50000000e+00  1.37790985e-09 -2.50999915e-12 
 4.76050000e-09  4.76050000e-09  2.50000000e+00  1.37790985e-09 -2.50999915e-12 
 4.76150000e-09  4.76150000e-09  2.50000000e+00  1.37790985e-09 -2.50999915e-12 
 4.76250000e-09  4.76250000e-09  2.50000000e+00  1.37790985e-09 -2.50999915e-12 
 4.76350000e-09  4.76350000e-09  2.50000000e+00  1.37790985e-09 -2.50999915e-12 
 4.76450000e-09  4.76450000e-09  2.50000000e+00  1.37790985e-09 -2.50999915e-12 
 4.76550000e-09  4.76550000e-09  2.50000000e+00  1.37790985e-09 -2.50999915e-12 
 4.76650000e-09  4.76650000e-09  2.50000000e+00  1.37790985e-09 -2.50999915e-12 
 4.76750000e-09  4.76750000e-09  2.50000000e+00  1.37790985e-09 -2.50999915e-12 
 4.76850000e-09  4.76850000e-09  2.50000000e+00  1.37790985e-09 -2.50999915e-12 
 4.76950000e-09  4.76950000e-09  2.50000000e+00  1.37790985e-09 -2.50999915e-12 
 4.77050000e-09  4.77050000e-09  2.50000000e+00  1.37790985e-09 -2.50999915e-12 
 4.77150000e-09  4.77150000e-09  2.50000000e+00  1.37790985e-09 -2.50999915e-12 
 4.77250000e-09  4.77250000e-09  2.50000000e+00  1.37790985e-09 -2.50999915e-12 
 4.77350000e-09  4.77350000e-09  2.50000000e+00  1.37790985e-09 -2.50999915e-12 
 4.77450000e-09  4.77450000e-09  2.50000000e+00  1.37790985e-09 -2.50999915e-12 
 4.77550000e-09  4.77550000e-09  2.50000000e+00  1.37790985e-09 -2.50999915e-12 
 4.77650000e-09  4.77650000e-09  2.50000000e+00  1.37790985e-09 -2.50999915e-12 
 4.77750000e-09  4.77750000e-09  2.50000000e+00  1.37790985e-09 -2.50999915e-12 
 4.77850000e-09  4.77850000e-09  2.50000000e+00  1.37790985e-09 -2.50999915e-12 
 4.77950000e-09  4.77950000e-09  2.50000000e+00  1.37790985e-09 -2.50999915e-12 
 4.78050000e-09  4.78050000e-09  2.50000000e+00  1.37790985e-09 -2.50999915e-12 
 4.78150000e-09  4.78150000e-09  2.50000000e+00  1.37790985e-09 -2.50999915e-12 
 4.78250000e-09  4.78250000e-09  2.50000000e+00  1.37790985e-09 -2.50999915e-12 
 4.78350000e-09  4.78350000e-09  2.50000000e+00  1.37790985e-09 -2.50999915e-12 
 4.78450000e-09  4.78450000e-09  2.50000000e+00  1.37790985e-09 -2.50999915e-12 
 4.78550000e-09  4.78550000e-09  2.50000000e+00  1.37790985e-09 -2.50999915e-12 
 4.78650000e-09  4.78650000e-09  2.50000000e+00  1.37790985e-09 -2.50999915e-12 
 4.78750000e-09  4.78750000e-09  2.50000000e+00  1.37790985e-09 -2.50999915e-12 
 4.78850000e-09  4.78850000e-09  2.50000000e+00  1.37790985e-09 -2.50999915e-12 
 4.78950000e-09  4.78950000e-09  2.50000000e+00  1.37790985e-09 -2.50999915e-12 
 4.79050000e-09  4.79050000e-09  2.50000000e+00  1.37790985e-09 -2.50999915e-12 
 4.79150000e-09  4.79150000e-09  2.50000000e+00  1.37790985e-09 -2.50999915e-12 
 4.79250000e-09  4.79250000e-09  2.50000000e+00  1.37790985e-09 -2.50999915e-12 
 4.79350000e-09  4.79350000e-09  2.50000000e+00  1.37790985e-09 -2.50999915e-12 
 4.79450000e-09  4.79450000e-09  2.50000000e+00  1.37790985e-09 -2.50999915e-12 
 4.79550000e-09  4.79550000e-09  2.50000000e+00  1.37790985e-09 -2.50999915e-12 
 4.79650000e-09  4.79650000e-09  2.50000000e+00  1.37790985e-09 -2.50999915e-12 
 4.79750000e-09  4.79750000e-09  2.50000000e+00  1.37790985e-09 -2.50999915e-12 
 4.79850000e-09  4.79850000e-09  2.50000000e+00  1.37790985e-09 -2.50999915e-12 
 4.79950000e-09  4.79950000e-09  2.50000000e+00  1.37790985e-09 -2.50999915e-12 
 4.80050000e-09  4.80050000e-09  2.50000000e+00  1.37790985e-09 -2.50999915e-12 
 4.80150000e-09  4.80150000e-09  2.50000000e+00  1.37790985e-09 -2.50999915e-12 
 4.80250000e-09  4.80250000e-09  2.50000000e+00  1.37790985e-09 -2.50999915e-12 
 4.80350000e-09  4.80350000e-09  2.50000000e+00  1.37790985e-09 -2.50999915e-12 
 4.80450000e-09  4.80450000e-09  2.50000000e+00  1.37790985e-09 -2.50999915e-12 
 4.80550000e-09  4.80550000e-09  2.50000000e+00  1.37790985e-09 -2.50999915e-12 
 4.80650000e-09  4.80650000e-09  2.50000000e+00  1.37790985e-09 -2.50999915e-12 
 4.80750000e-09  4.80750000e-09  2.50000000e+00  1.37790985e-09 -2.50999915e-12 
 4.80850000e-09  4.80850000e-09  2.50000000e+00  1.37790985e-09 -2.50999915e-12 
 4.80950000e-09  4.80950000e-09  2.50000000e+00  1.37790985e-09 -2.50999915e-12 
 4.81050000e-09  4.81050000e-09  2.50000000e+00  1.37790985e-09 -2.50999915e-12 
 4.81150000e-09  4.81150000e-09  2.50000000e+00  1.37790985e-09 -2.50999915e-12 
 4.81250000e-09  4.81250000e-09  2.50000000e+00  1.37790985e-09 -2.50999915e-12 
 4.81350000e-09  4.81350000e-09  2.50000000e+00  1.37790985e-09 -2.50999915e-12 
 4.81450000e-09  4.81450000e-09  2.50000000e+00  1.37790985e-09 -2.50999915e-12 
 4.81550000e-09  4.81550000e-09  2.50000000e+00  1.37790985e-09 -2.50999915e-12 
 4.81650000e-09  4.81650000e-09  2.50000000e+00  1.37790985e-09 -2.50999915e-12 
 4.81750000e-09  4.81750000e-09  2.50000000e+00  1.37790985e-09 -2.50999915e-12 
 4.81850000e-09  4.81850000e-09  2.50000000e+00  1.37790985e-09 -2.50999915e-12 
 4.81950000e-09  4.81950000e-09  2.50000000e+00  1.37790985e-09 -2.50999915e-12 
 4.82050000e-09  4.82050000e-09  2.50000000e+00  1.37790985e-09 -2.50999915e-12 
 4.82150000e-09  4.82150000e-09  2.50000000e+00  1.37790985e-09 -2.50999915e-12 
 4.82250000e-09  4.82250000e-09  2.50000000e+00  1.37790985e-09 -2.50999915e-12 
 4.82350000e-09  4.82350000e-09  2.50000000e+00  1.37790985e-09 -2.50999915e-12 
 4.82450000e-09  4.82450000e-09  2.50000000e+00  1.37790985e-09 -2.50999915e-12 
 4.82550000e-09  4.82550000e-09  2.50000000e+00  1.37790985e-09 -2.50999915e-12 
 4.82650000e-09  4.82650000e-09  2.50000000e+00  1.37790985e-09 -2.50999915e-12 
 4.82750000e-09  4.82750000e-09  2.50000000e+00  1.37790985e-09 -2.50999915e-12 
 4.82850000e-09  4.82850000e-09  2.50000000e+00  1.37790985e-09 -2.50999915e-12 
 4.82950000e-09  4.82950000e-09  2.50000000e+00  1.37790985e-09 -2.50999915e-12 
 4.83050000e-09  4.83050000e-09  2.50000000e+00  1.37790985e-09 -2.50999915e-12 
 4.83150000e-09  4.83150000e-09  2.50000000e+00  1.37790985e-09 -2.50999915e-12 
 4.83250000e-09  4.83250000e-09  2.50000000e+00  1.37790985e-09 -2.50999915e-12 
 4.83350000e-09  4.83350000e-09  2.50000000e+00  1.37790985e-09 -2.50999915e-12 
 4.83450000e-09  4.83450000e-09  2.50000000e+00  1.37790985e-09 -2.50999915e-12 
 4.83550000e-09  4.83550000e-09  2.50000000e+00  1.37790985e-09 -2.50999915e-12 
 4.83650000e-09  4.83650000e-09  2.50000000e+00  1.37790985e-09 -2.50999915e-12 
 4.83750000e-09  4.83750000e-09  2.50000000e+00  1.37790985e-09 -2.50999915e-12 
 4.83850000e-09  4.83850000e-09  2.50000000e+00  1.37790985e-09 -2.50999915e-12 
 4.83950000e-09  4.83950000e-09  2.50000000e+00  1.37790985e-09 -2.50999915e-12 
 4.84050000e-09  4.84050000e-09  2.50000000e+00  1.37790985e-09 -2.50999915e-12 
 4.84150000e-09  4.84150000e-09  2.50000000e+00  1.37790985e-09 -2.50999915e-12 
 4.84250000e-09  4.84250000e-09  2.50000000e+00  1.37790985e-09 -2.50999915e-12 
 4.84350000e-09  4.84350000e-09  2.50000000e+00  1.37790985e-09 -2.50999915e-12 
 4.84450000e-09  4.84450000e-09  2.50000000e+00  1.37790985e-09 -2.50999915e-12 
 4.84550000e-09  4.84550000e-09  2.50000000e+00  1.37790985e-09 -2.50999915e-12 
 4.84650000e-09  4.84650000e-09  2.50000000e+00  1.37790985e-09 -2.50999915e-12 
 4.84750000e-09  4.84750000e-09  2.50000000e+00  1.37790985e-09 -2.50999915e-12 
 4.84850000e-09  4.84850000e-09  2.50000000e+00  1.37790985e-09 -2.50999915e-12 
 4.84950000e-09  4.84950000e-09  2.50000000e+00  1.37790985e-09 -2.50999915e-12 
 4.85050000e-09  4.85050000e-09  2.50000000e+00  1.37790985e-09 -2.50999915e-12 
 4.85150000e-09  4.85150000e-09  2.50000000e+00  1.37790985e-09 -2.50999915e-12 
 4.85250000e-09  4.85250000e-09  2.50000000e+00  1.37790985e-09 -2.50999915e-12 
 4.85350000e-09  4.85350000e-09  2.50000000e+00  1.37790985e-09 -2.50999915e-12 
 4.85450000e-09  4.85450000e-09  2.50000000e+00  1.37790985e-09 -2.50999915e-12 
 4.85550000e-09  4.85550000e-09  2.50000000e+00  1.37790985e-09 -2.50999915e-12 
 4.85650000e-09  4.85650000e-09  2.50000000e+00  1.37790985e-09 -2.50999915e-12 
 4.85750000e-09  4.85750000e-09  2.50000000e+00  1.37790985e-09 -2.50999915e-12 
 4.85850000e-09  4.85850000e-09  2.50000000e+00  1.37790985e-09 -2.50999915e-12 
 4.85950000e-09  4.85950000e-09  2.50000000e+00  1.37790985e-09 -2.50999915e-12 
 4.86050000e-09  4.86050000e-09  2.50000000e+00  1.37790985e-09 -2.50999915e-12 
 4.86150000e-09  4.86150000e-09  2.50000000e+00  1.37790985e-09 -2.50999915e-12 
 4.86250000e-09  4.86250000e-09  2.50000000e+00  1.37790985e-09 -2.50999915e-12 
 4.86350000e-09  4.86350000e-09  2.50000000e+00  1.37790985e-09 -2.50999915e-12 
 4.86450000e-09  4.86450000e-09  2.50000000e+00  1.37790985e-09 -2.50999915e-12 
 4.86550000e-09  4.86550000e-09  2.50000000e+00  1.37790985e-09 -2.50999915e-12 
 4.86650000e-09  4.86650000e-09  2.50000000e+00  1.37790985e-09 -2.50999915e-12 
 4.86750000e-09  4.86750000e-09  2.50000000e+00  1.37790985e-09 -2.50999915e-12 
 4.86850000e-09  4.86850000e-09  2.50000000e+00  1.37790985e-09 -2.50999915e-12 
 4.86950000e-09  4.86950000e-09  2.50000000e+00  1.37790985e-09 -2.50999915e-12 
 4.87050000e-09  4.87050000e-09  2.50000000e+00  1.37790985e-09 -2.50999915e-12 
 4.87150000e-09  4.87150000e-09  2.50000000e+00  1.37790985e-09 -2.50999915e-12 
 4.87250000e-09  4.87250000e-09  2.50000000e+00  1.37790985e-09 -2.50999915e-12 
 4.87350000e-09  4.87350000e-09  2.50000000e+00  1.37790985e-09 -2.50999915e-12 
 4.87450000e-09  4.87450000e-09  2.50000000e+00  1.37790985e-09 -2.50999915e-12 
 4.87550000e-09  4.87550000e-09  2.50000000e+00  1.37790985e-09 -2.50999915e-12 
 4.87650000e-09  4.87650000e-09  2.50000000e+00  1.37790985e-09 -2.50999915e-12 
 4.87750000e-09  4.87750000e-09  2.50000000e+00  1.37790985e-09 -2.50999915e-12 
 4.87850000e-09  4.87850000e-09  2.50000000e+00  1.37790985e-09 -2.50999915e-12 
 4.87950000e-09  4.87950000e-09  2.50000000e+00  1.37790985e-09 -2.50999915e-12 
 4.88050000e-09  4.88050000e-09  2.50000000e+00  1.37790985e-09 -2.50999915e-12 
 4.88150000e-09  4.88150000e-09  2.50000000e+00  1.37790985e-09 -2.50999915e-12 
 4.88250000e-09  4.88250000e-09  2.50000000e+00  1.37790985e-09 -2.50999915e-12 
 4.88350000e-09  4.88350000e-09  2.50000000e+00  1.37790985e-09 -2.50999915e-12 
 4.88450000e-09  4.88450000e-09  2.50000000e+00  1.37790985e-09 -2.50999915e-12 
 4.88550000e-09  4.88550000e-09  2.50000000e+00  1.37790985e-09 -2.50999915e-12 
 4.88650000e-09  4.88650000e-09  2.50000000e+00  1.37790985e-09 -2.50999915e-12 
 4.88750000e-09  4.88750000e-09  2.50000000e+00  1.37790985e-09 -2.50999915e-12 
 4.88850000e-09  4.88850000e-09  2.50000000e+00  1.37790985e-09 -2.50999915e-12 
 4.88950000e-09  4.88950000e-09  2.50000000e+00  1.37790985e-09 -2.50999915e-12 
 4.89050000e-09  4.89050000e-09  2.50000000e+00  1.37790985e-09 -2.50999915e-12 
 4.89150000e-09  4.89150000e-09  2.50000000e+00  1.37790985e-09 -2.50999915e-12 
 4.89250000e-09  4.89250000e-09  2.50000000e+00  1.37790985e-09 -2.50999915e-12 
 4.89350000e-09  4.89350000e-09  2.50000000e+00  1.37790985e-09 -2.50999915e-12 
 4.89450000e-09  4.89450000e-09  2.50000000e+00  1.37790985e-09 -2.50999915e-12 
 4.89550000e-09  4.89550000e-09  2.50000000e+00  1.37790985e-09 -2.50999915e-12 
 4.89650000e-09  4.89650000e-09  2.50000000e+00  1.37790985e-09 -2.50999915e-12 
 4.89750000e-09  4.89750000e-09  2.50000000e+00  1.37790985e-09 -2.50999915e-12 
 4.89850000e-09  4.89850000e-09  2.50000000e+00  1.37790985e-09 -2.50999915e-12 
 4.89950000e-09  4.89950000e-09  2.50000000e+00  1.37790985e-09 -2.50999915e-12 
 4.90050000e-09  4.90050000e-09  2.50000000e+00  1.37790985e-09 -2.50999915e-12 
 4.90150000e-09  4.90150000e-09  2.50000000e+00  1.37790985e-09 -2.50999915e-12 
 4.90250000e-09  4.90250000e-09  2.50000000e+00  1.37790985e-09 -2.50999915e-12 
 4.90350000e-09  4.90350000e-09  2.50000000e+00  1.37790985e-09 -2.50999915e-12 
 4.90450000e-09  4.90450000e-09  2.50000000e+00  1.37790985e-09 -2.50999915e-12 
 4.90550000e-09  4.90550000e-09  2.50000000e+00  1.37790985e-09 -2.50999915e-12 
 4.90650000e-09  4.90650000e-09  2.50000000e+00  1.37790985e-09 -2.50999915e-12 
 4.90750000e-09  4.90750000e-09  2.50000000e+00  1.37790985e-09 -2.50999915e-12 
 4.90850000e-09  4.90850000e-09  2.50000000e+00  1.37790985e-09 -2.50999915e-12 
 4.90950000e-09  4.90950000e-09  2.50000000e+00  1.37790985e-09 -2.50999915e-12 
 4.91050000e-09  4.91050000e-09  2.50000000e+00  1.37790985e-09 -2.50999915e-12 
 4.91150000e-09  4.91150000e-09  2.50000000e+00  1.37790985e-09 -2.50999915e-12 
 4.91250000e-09  4.91250000e-09  2.50000000e+00  1.37790985e-09 -2.50999915e-12 
 4.91350000e-09  4.91350000e-09  2.50000000e+00  1.37790985e-09 -2.50999915e-12 
 4.91450000e-09  4.91450000e-09  2.50000000e+00  1.37790985e-09 -2.50999915e-12 
 4.91550000e-09  4.91550000e-09  2.50000000e+00  1.37790985e-09 -2.50999915e-12 
 4.91650000e-09  4.91650000e-09  2.50000000e+00  1.37790985e-09 -2.50999915e-12 
 4.91750000e-09  4.91750000e-09  2.50000000e+00  1.37790985e-09 -2.50999915e-12 
 4.91850000e-09  4.91850000e-09  2.50000000e+00  1.37790985e-09 -2.50999915e-12 
 4.91950000e-09  4.91950000e-09  2.50000000e+00  1.37790985e-09 -2.50999915e-12 
 4.92050000e-09  4.92050000e-09  2.50000000e+00  1.37790985e-09 -2.50999915e-12 
 4.92150000e-09  4.92150000e-09  2.50000000e+00  1.37790985e-09 -2.50999915e-12 
 4.92250000e-09  4.92250000e-09  2.50000000e+00  1.37790985e-09 -2.50999915e-12 
 4.92350000e-09  4.92350000e-09  2.50000000e+00  1.37790985e-09 -2.50999915e-12 
 4.92450000e-09  4.92450000e-09  2.50000000e+00  1.37790985e-09 -2.50999915e-12 
 4.92550000e-09  4.92550000e-09  2.50000000e+00  1.37790985e-09 -2.50999915e-12 
 4.92650000e-09  4.92650000e-09  2.50000000e+00  1.37790985e-09 -2.50999915e-12 
 4.92750000e-09  4.92750000e-09  2.50000000e+00  1.37790985e-09 -2.50999915e-12 
 4.92850000e-09  4.92850000e-09  2.50000000e+00  1.37790985e-09 -2.50999915e-12 
 4.92950000e-09  4.92950000e-09  2.50000000e+00  1.37790985e-09 -2.50999915e-12 
 4.93050000e-09  4.93050000e-09  2.50000000e+00  1.37790985e-09 -2.50999915e-12 
 4.93150000e-09  4.93150000e-09  2.50000000e+00  1.37790985e-09 -2.50999915e-12 
 4.93250000e-09  4.93250000e-09  2.50000000e+00  1.37790985e-09 -2.50999915e-12 
 4.93350000e-09  4.93350000e-09  2.50000000e+00  1.37790985e-09 -2.50999915e-12 
 4.93450000e-09  4.93450000e-09  2.50000000e+00  1.37790985e-09 -2.50999915e-12 
 4.93550000e-09  4.93550000e-09  2.50000000e+00  1.37790985e-09 -2.50999915e-12 
 4.93650000e-09  4.93650000e-09  2.50000000e+00  1.37790985e-09 -2.50999915e-12 
 4.93750000e-09  4.93750000e-09  2.50000000e+00  1.37790985e-09 -2.50999915e-12 
 4.93850000e-09  4.93850000e-09  2.50000000e+00  1.37790985e-09 -2.50999915e-12 
 4.93950000e-09  4.93950000e-09  2.50000000e+00  1.37790985e-09 -2.50999915e-12 
 4.94050000e-09  4.94050000e-09  2.50000000e+00  1.37790985e-09 -2.50999915e-12 
 4.94150000e-09  4.94150000e-09  2.50000000e+00  1.37790985e-09 -2.50999915e-12 
 4.94250000e-09  4.94250000e-09  2.50000000e+00  1.37790985e-09 -2.50999915e-12 
 4.94350000e-09  4.94350000e-09  2.50000000e+00  1.37790985e-09 -2.50999915e-12 
 4.94450000e-09  4.94450000e-09  2.50000000e+00  1.37790985e-09 -2.50999915e-12 
 4.94550000e-09  4.94550000e-09  2.50000000e+00  1.37790985e-09 -2.50999915e-12 
 4.94650000e-09  4.94650000e-09  2.50000000e+00  1.37790985e-09 -2.50999915e-12 
 4.94750000e-09  4.94750000e-09  2.50000000e+00  1.37790985e-09 -2.50999915e-12 
 4.94850000e-09  4.94850000e-09  2.50000000e+00  1.37790985e-09 -2.50999915e-12 
 4.94950000e-09  4.94950000e-09  2.50000000e+00  1.37790985e-09 -2.50999915e-12 
 4.95050000e-09  4.95050000e-09  2.50000000e+00  1.37790985e-09 -2.50999915e-12 
 4.95150000e-09  4.95150000e-09  2.50000000e+00  1.37790985e-09 -2.50999915e-12 
 4.95250000e-09  4.95250000e-09  2.50000000e+00  1.37790985e-09 -2.50999915e-12 
 4.95350000e-09  4.95350000e-09  2.50000000e+00  1.37790985e-09 -2.50999915e-12 
 4.95450000e-09  4.95450000e-09  2.50000000e+00  1.37790985e-09 -2.50999915e-12 
 4.95550000e-09  4.95550000e-09  2.50000000e+00  1.37790985e-09 -2.50999915e-12 
 4.95650000e-09  4.95650000e-09  2.50000000e+00  1.37790985e-09 -2.50999915e-12 
 4.95750000e-09  4.95750000e-09  2.50000000e+00  1.37790985e-09 -2.50999915e-12 
 4.95850000e-09  4.95850000e-09  2.50000000e+00  1.37790985e-09 -2.50999915e-12 
 4.95950000e-09  4.95950000e-09  2.50000000e+00  1.37790985e-09 -2.50999915e-12 
 4.96050000e-09  4.96050000e-09  2.50000000e+00  1.37790985e-09 -2.50999915e-12 
 4.96150000e-09  4.96150000e-09  2.50000000e+00  1.37790985e-09 -2.50999915e-12 
 4.96250000e-09  4.96250000e-09  2.50000000e+00  1.37790985e-09 -2.50999915e-12 
 4.96350000e-09  4.96350000e-09  2.50000000e+00  1.37790985e-09 -2.50999915e-12 
 4.96450000e-09  4.96450000e-09  2.50000000e+00  1.37790985e-09 -2.50999915e-12 
 4.96550000e-09  4.96550000e-09  2.50000000e+00  1.37790985e-09 -2.50999915e-12 
 4.96650000e-09  4.96650000e-09  2.50000000e+00  1.37790985e-09 -2.50999915e-12 
 4.96750000e-09  4.96750000e-09  2.50000000e+00  1.37790985e-09 -2.50999915e-12 
 4.96850000e-09  4.96850000e-09  2.50000000e+00  1.37790985e-09 -2.50999915e-12 
 4.96950000e-09  4.96950000e-09  2.50000000e+00  1.37790985e-09 -2.50999915e-12 
 4.97050000e-09  4.97050000e-09  2.50000000e+00  1.37790985e-09 -2.50999915e-12 
 4.97150000e-09  4.97150000e-09  2.50000000e+00  1.37790985e-09 -2.50999915e-12 
 4.97250000e-09  4.97250000e-09  2.50000000e+00  1.37790985e-09 -2.50999915e-12 
 4.97350000e-09  4.97350000e-09  2.50000000e+00  1.37790985e-09 -2.50999915e-12 
 4.97450000e-09  4.97450000e-09  2.50000000e+00  1.37790985e-09 -2.50999915e-12 
 4.97550000e-09  4.97550000e-09  2.50000000e+00  1.37790985e-09 -2.50999915e-12 
 4.97650000e-09  4.97650000e-09  2.50000000e+00  1.37790985e-09 -2.50999915e-12 
 4.97750000e-09  4.97750000e-09  2.50000000e+00  1.37790985e-09 -2.50999915e-12 
 4.97850000e-09  4.97850000e-09  2.50000000e+00  1.37790985e-09 -2.50999915e-12 
 4.97950000e-09  4.97950000e-09  2.50000000e+00  1.37790985e-09 -2.50999915e-12 
 4.98050000e-09  4.98050000e-09  2.50000000e+00  1.37790985e-09 -2.50999915e-12 
 4.98150000e-09  4.98150000e-09  2.50000000e+00  1.37790985e-09 -2.50999915e-12 
 4.98250000e-09  4.98250000e-09  2.50000000e+00  1.37790985e-09 -2.50999915e-12 
 4.98350000e-09  4.98350000e-09  2.50000000e+00  1.37790985e-09 -2.50999915e-12 
 4.98450000e-09  4.98450000e-09  2.50000000e+00  1.37790985e-09 -2.50999915e-12 
 4.98550000e-09  4.98550000e-09  2.50000000e+00  1.37790985e-09 -2.50999915e-12 
 4.98650000e-09  4.98650000e-09  2.50000000e+00  1.37790985e-09 -2.50999915e-12 
 4.98750000e-09  4.98750000e-09  2.50000000e+00  1.37790985e-09 -2.50999915e-12 
 4.98850000e-09  4.98850000e-09  2.50000000e+00  1.37790985e-09 -2.50999915e-12 
 4.98950000e-09  4.98950000e-09  2.50000000e+00  1.37790985e-09 -2.50999915e-12 
 4.99050000e-09  4.99050000e-09  2.50000000e+00  1.37790985e-09 -2.50999915e-12 
 4.99150000e-09  4.99150000e-09  2.50000000e+00  1.37790985e-09 -2.50999915e-12 
 4.99250000e-09  4.99250000e-09  2.50000000e+00  1.37790985e-09 -2.50999915e-12 
 4.99350000e-09  4.99350000e-09  2.50000000e+00  1.37790985e-09 -2.50999915e-12 
 4.99450000e-09  4.99450000e-09  2.50000000e+00  1.37790985e-09 -2.50999915e-12 
 4.99550000e-09  4.99550000e-09  2.50000000e+00  1.37790985e-09 -2.50999915e-12 
 4.99650000e-09  4.99650000e-09  2.50000000e+00  1.37790985e-09 -2.50999915e-12 
 4.99750000e-09  4.99750000e-09  2.50000000e+00  1.37790985e-09 -2.50999915e-12 
 4.99850000e-09  4.99850000e-09  2.50000000e+00  1.37790985e-09 -2.50999915e-12 
 4.99950000e-09  4.99950000e-09  2.50000000e+00  1.37790985e-09 -2.50999915e-12 
 5.00050000e-09  5.00050000e-09  2.50000000e+00  1.37790985e-09 -2.50999915e-12 
 5.00150000e-09  5.00150000e-09  2.50000000e+00  1.37790985e-09 -2.50999915e-12 
 5.00250000e-09  5.00250000e-09  2.50000000e+00  1.37790985e-09 -2.50999915e-12 
 5.00350000e-09  5.00350000e-09  2.50000000e+00  1.37790985e-09 -2.50999915e-12 
 5.00450000e-09  5.00450000e-09  2.50000000e+00  1.37790985e-09 -2.50999915e-12 
 5.00550000e-09  5.00550000e-09  2.50000000e+00  1.37790985e-09 -2.50999915e-12 
 5.00650000e-09  5.00650000e-09  2.50000000e+00  1.37790985e-09 -2.50999915e-12 
 5.00750000e-09  5.00750000e-09  2.50000000e+00  1.37790985e-09 -2.50999915e-12 
 5.00850000e-09  5.00850000e-09  2.50000000e+00  1.37790985e-09 -2.50999915e-12 
 5.00950000e-09  5.00950000e-09  2.50000000e+00  1.37790985e-09 -2.50999915e-12 
 5.01050000e-09  5.01050000e-09  2.50000000e+00  1.37790985e-09 -2.50999915e-12 
 5.01150000e-09  5.01150000e-09  2.50000000e+00  1.37790985e-09 -2.50999915e-12 
 5.01250000e-09  5.01250000e-09  2.50000000e+00  1.37790985e-09 -2.50999915e-12 
 5.01350000e-09  5.01350000e-09  2.50000000e+00  1.37790985e-09 -2.50999915e-12 
 5.01450000e-09  5.01450000e-09  2.50000000e+00  1.37790985e-09 -2.50999915e-12 
 5.01550000e-09  5.01550000e-09  2.50000000e+00  1.37790985e-09 -2.50999915e-12 
 5.01650000e-09  5.01650000e-09  2.50000000e+00  1.37790985e-09 -2.50999915e-12 
 5.01750000e-09  5.01750000e-09  2.50000000e+00  1.37790985e-09 -2.50999915e-12 
 5.01850000e-09  5.01850000e-09  2.50000000e+00  1.37790985e-09 -2.50999915e-12 
 5.01950000e-09  5.01950000e-09  2.50000000e+00  1.37790985e-09 -2.50999915e-12 
 5.02050000e-09  5.02050000e-09  2.50000000e+00  1.37790985e-09 -2.50999915e-12 
 5.02150000e-09  5.02150000e-09  2.50000000e+00  1.37790985e-09 -2.50999915e-12 
 5.02250000e-09  5.02250000e-09  2.50000000e+00  1.37790985e-09 -2.50999915e-12 
 5.02350000e-09  5.02350000e-09  2.50000000e+00  1.37790985e-09 -2.50999915e-12 
 5.02450000e-09  5.02450000e-09  2.50000000e+00  1.37790985e-09 -2.50999915e-12 
 5.02550000e-09  5.02550000e-09  2.50000000e+00  1.37790985e-09 -2.50999915e-12 
 5.02650000e-09  5.02650000e-09  2.50000000e+00  1.37790985e-09 -2.50999915e-12 
 5.02750000e-09  5.02750000e-09  2.50000000e+00  1.37790985e-09 -2.50999915e-12 
 5.02850000e-09  5.02850000e-09  2.50000000e+00  1.37790985e-09 -2.50999915e-12 
 5.02950000e-09  5.02950000e-09  2.50000000e+00  1.37790985e-09 -2.50999915e-12 
 5.03050000e-09  5.03050000e-09  2.50000000e+00  1.37790985e-09 -2.50999915e-12 
 5.03150000e-09  5.03150000e-09  2.50000000e+00  1.37790985e-09 -2.50999915e-12 
 5.03250000e-09  5.03250000e-09  2.50000000e+00  1.37790985e-09 -2.50999915e-12 
 5.03350000e-09  5.03350000e-09  2.50000000e+00  1.37790985e-09 -2.50999915e-12 
 5.03450000e-09  5.03450000e-09  2.50000000e+00  1.37790985e-09 -2.50999915e-12 
 5.03550000e-09  5.03550000e-09  2.50000000e+00  1.37790985e-09 -2.50999915e-12 
 5.03650000e-09  5.03650000e-09  2.50000000e+00  1.37790985e-09 -2.50999915e-12 
 5.03750000e-09  5.03750000e-09  2.50000000e+00  1.37790985e-09 -2.50999915e-12 
 5.03850000e-09  5.03850000e-09  2.50000000e+00  1.37790985e-09 -2.50999915e-12 
 5.03950000e-09  5.03950000e-09  2.50000000e+00  1.37790985e-09 -2.50999915e-12 
 5.04050000e-09  5.04050000e-09  2.50000000e+00  1.37790985e-09 -2.50999915e-12 
 5.04150000e-09  5.04150000e-09  2.50000000e+00  1.37790985e-09 -2.50999915e-12 
 5.04250000e-09  5.04250000e-09  2.50000000e+00  1.37790985e-09 -2.50999915e-12 
 5.04350000e-09  5.04350000e-09  2.50000000e+00  1.37790985e-09 -2.50999915e-12 
 5.04450000e-09  5.04450000e-09  2.50000000e+00  1.37790985e-09 -2.50999915e-12 
 5.04550000e-09  5.04550000e-09  2.50000000e+00  1.37790985e-09 -2.50999915e-12 
 5.04650000e-09  5.04650000e-09  2.50000000e+00  1.37790985e-09 -2.50999915e-12 
 5.04750000e-09  5.04750000e-09  2.50000000e+00  1.37790985e-09 -2.50999915e-12 
 5.04850000e-09  5.04850000e-09  2.50000000e+00  1.37790985e-09 -2.50999915e-12 
 5.04950000e-09  5.04950000e-09  2.50000000e+00  1.37790985e-09 -2.50999915e-12 
 5.05050000e-09  5.05050000e-09  2.50000000e+00  1.37790985e-09 -2.50999915e-12 
 5.05150000e-09  5.05150000e-09  2.50000000e+00  1.37790985e-09 -2.50999915e-12 
 5.05250000e-09  5.05250000e-09  2.50000000e+00  1.37790985e-09 -2.50999915e-12 
 5.05350000e-09  5.05350000e-09  2.50000000e+00  1.37790985e-09 -2.50999915e-12 
 5.05450000e-09  5.05450000e-09  2.50000000e+00  1.37790985e-09 -2.50999915e-12 
 5.05550000e-09  5.05550000e-09  2.50000000e+00  1.37790985e-09 -2.50999915e-12 
 5.05650000e-09  5.05650000e-09  2.50000000e+00  1.37790985e-09 -2.50999915e-12 
 5.05750000e-09  5.05750000e-09  2.50000000e+00  1.37790985e-09 -2.50999915e-12 
 5.05850000e-09  5.05850000e-09  2.50000000e+00  1.37790985e-09 -2.50999915e-12 
 5.05950000e-09  5.05950000e-09  2.50000000e+00  1.37790985e-09 -2.50999915e-12 
 5.06050000e-09  5.06050000e-09  2.50000000e+00  1.37790985e-09 -2.50999915e-12 
 5.06150000e-09  5.06150000e-09  2.50000000e+00  1.37790985e-09 -2.50999915e-12 
 5.06250000e-09  5.06250000e-09  2.50000000e+00  1.37790985e-09 -2.50999915e-12 
 5.06350000e-09  5.06350000e-09  2.50000000e+00  1.37790985e-09 -2.50999915e-12 
 5.06450000e-09  5.06450000e-09  2.50000000e+00  1.37790985e-09 -2.50999915e-12 
 5.06550000e-09  5.06550000e-09  2.50000000e+00  1.37790985e-09 -2.50999915e-12 
 5.06650000e-09  5.06650000e-09  2.50000000e+00  1.37790985e-09 -2.50999915e-12 
 5.06750000e-09  5.06750000e-09  2.50000000e+00  1.37790985e-09 -2.50999915e-12 
 5.06850000e-09  5.06850000e-09  2.50000000e+00  1.37790985e-09 -2.50999915e-12 
 5.06950000e-09  5.06950000e-09  2.50000000e+00  1.37790985e-09 -2.50999915e-12 
 5.07050000e-09  5.07050000e-09  2.50000000e+00  1.37790985e-09 -2.50999915e-12 
 5.07150000e-09  5.07150000e-09  2.50000000e+00  1.37790985e-09 -2.50999915e-12 
 5.07250000e-09  5.07250000e-09  2.50000000e+00  1.37790985e-09 -2.50999915e-12 
 5.07350000e-09  5.07350000e-09  2.50000000e+00  1.37790985e-09 -2.50999915e-12 
 5.07450000e-09  5.07450000e-09  2.50000000e+00  1.37790985e-09 -2.50999915e-12 
 5.07550000e-09  5.07550000e-09  2.50000000e+00  1.37790985e-09 -2.50999915e-12 
 5.07650000e-09  5.07650000e-09  2.50000000e+00  1.37790985e-09 -2.50999915e-12 
 5.07750000e-09  5.07750000e-09  2.50000000e+00  1.37790985e-09 -2.50999915e-12 
 5.07850000e-09  5.07850000e-09  2.50000000e+00  1.37790985e-09 -2.50999915e-12 
 5.07950000e-09  5.07950000e-09  2.50000000e+00  1.37790985e-09 -2.50999915e-12 
 5.08050000e-09  5.08050000e-09  2.50000000e+00  1.37790985e-09 -2.50999915e-12 
 5.08150000e-09  5.08150000e-09  2.50000000e+00  1.37790985e-09 -2.50999915e-12 
 5.08250000e-09  5.08250000e-09  2.50000000e+00  1.37790985e-09 -2.50999915e-12 
 5.08350000e-09  5.08350000e-09  2.50000000e+00  1.37790985e-09 -2.50999915e-12 
 5.08450000e-09  5.08450000e-09  2.50000000e+00  1.37790985e-09 -2.50999915e-12 
 5.08550000e-09  5.08550000e-09  2.50000000e+00  1.37790985e-09 -2.50999915e-12 
 5.08650000e-09  5.08650000e-09  2.50000000e+00  1.37790985e-09 -2.50999915e-12 
 5.08750000e-09  5.08750000e-09  2.50000000e+00  1.37790985e-09 -2.50999915e-12 
 5.08850000e-09  5.08850000e-09  2.50000000e+00  1.37790985e-09 -2.50999915e-12 
 5.08950000e-09  5.08950000e-09  2.50000000e+00  1.37790985e-09 -2.50999915e-12 
 5.09050000e-09  5.09050000e-09  2.50000000e+00  1.37790985e-09 -2.50999915e-12 
 5.09150000e-09  5.09150000e-09  2.50000000e+00  1.37790985e-09 -2.50999915e-12 
 5.09250000e-09  5.09250000e-09  2.50000000e+00  1.37790985e-09 -2.50999915e-12 
 5.09350000e-09  5.09350000e-09  2.50000000e+00  1.37790985e-09 -2.50999915e-12 
 5.09450000e-09  5.09450000e-09  2.50000000e+00  1.37790985e-09 -2.50999915e-12 
 5.09550000e-09  5.09550000e-09  2.50000000e+00  1.37790985e-09 -2.50999915e-12 
 5.09650000e-09  5.09650000e-09  2.50000000e+00  1.37790985e-09 -2.50999915e-12 
 5.09750000e-09  5.09750000e-09  2.50000000e+00  1.37790985e-09 -2.50999915e-12 
 5.09850000e-09  5.09850000e-09  2.50000000e+00  1.37790985e-09 -2.50999915e-12 
 5.09950000e-09  5.09950000e-09  2.50000000e+00  1.37790985e-09 -2.50999915e-12 
 5.10050000e-09  5.10050000e-09  2.50000000e+00  1.37790985e-09 -2.50999915e-12 
 5.10150000e-09  5.10150000e-09  2.50000000e+00  1.37790985e-09 -2.50999915e-12 
 5.10250000e-09  5.10250000e-09  2.50000000e+00  1.37790985e-09 -2.50999915e-12 
 5.10350000e-09  5.10350000e-09  2.50000000e+00  1.37790985e-09 -2.50999915e-12 
 5.10450000e-09  5.10450000e-09  2.50000000e+00  1.37790985e-09 -2.50999915e-12 
 5.10550000e-09  5.10550000e-09  2.50000000e+00  1.37790985e-09 -2.50999915e-12 
 5.10650000e-09  5.10650000e-09  2.50000000e+00  1.37790985e-09 -2.50999915e-12 
 5.10750000e-09  5.10750000e-09  2.50000000e+00  1.37790985e-09 -2.50999915e-12 
 5.10850000e-09  5.10850000e-09  2.50000000e+00  1.37790985e-09 -2.50999915e-12 
 5.10950000e-09  5.10950000e-09  2.50000000e+00  1.37790985e-09 -2.50999915e-12 
 5.11050000e-09  5.11050000e-09  2.50000000e+00  1.37790985e-09 -2.50999915e-12 
 5.11150000e-09  5.11150000e-09  2.50000000e+00  1.37790985e-09 -2.50999915e-12 
 5.11250000e-09  5.11250000e-09  2.50000000e+00  1.37790985e-09 -2.50999915e-12 
 5.11350000e-09  5.11350000e-09  2.50000000e+00  1.37790985e-09 -2.50999915e-12 
 5.11450000e-09  5.11450000e-09  2.50000000e+00  1.37790985e-09 -2.50999915e-12 
 5.11550000e-09  5.11550000e-09  2.50000000e+00  1.37790985e-09 -2.50999915e-12 
 5.11650000e-09  5.11650000e-09  2.50000000e+00  1.37790985e-09 -2.50999915e-12 
 5.11750000e-09  5.11750000e-09  2.50000000e+00  1.37790985e-09 -2.50999915e-12 
 5.11850000e-09  5.11850000e-09  2.50000000e+00  1.37790985e-09 -2.50999915e-12 
 5.11925000e-09  5.11925000e-09  2.50000000e+00  1.37790988e-09 -2.51000262e-12 
 5.12000000e-09  5.12000000e-09  2.50000000e+00  1.37790765e-09 -2.51015181e-12 
 5.12010000e-09  5.12010000e-09  2.48750000e+00 -2.20108764e-03 -5.41040798e-04 
 5.12030000e-09  5.12030000e-09  2.46250000e+00 -6.54045245e-03 -5.03946480e-04 
 5.12070000e-09  5.12070000e-09  2.41250000e+00 -1.48591406e-02 -4.66852161e-04 
 5.12150000e-09  5.12150000e-09  2.31250000e+00 -3.02258102e-02 -4.31406480e-04 
 5.12250000e-09  5.12250000e-09  2.18750000e+00 -4.74441187e-02 -4.84987161e-04 
 5.12350000e-09  5.12350000e-09  2.06250000e+00 -6.29352953e-02 -5.11393899e-04 
 5.12450000e-09  5.12450000e-09  1.93750000e+00 -7.68043907e-02 -5.32649176e-04 
 5.12550000e-09  5.12550000e-09  1.81250000e+00 -8.84945848e-02 -5.45071214e-04 
 5.12650000e-09  5.12650000e-09  1.68750000e+00 -9.71901336e-02 -5.98136474e-04 
 5.12750000e-09  5.12750000e-09  1.56250000e+00 -1.02093465e-01 -6.42382989e-04 
 5.12850000e-09  5.12850000e-09  1.43750000e+00 -1.02395074e-01 -7.27240023e-04 
 5.12950000e-09  5.12950000e-09  1.31250000e+00 -9.72424179e-02 -8.03184381e-04 
 5.13050000e-09  5.13050000e-09  1.18750000e+00 -8.57046599e-02 -9.19568208e-04 
 5.13150000e-09  5.13150000e-09  1.06250000e+00 -6.67287722e-02 -1.02677197e-03 
 5.13250000e-09  5.13250000e-09  9.37500000e-01 -3.90775493e-02 -1.17402672e-03 
 5.13350000e-09  5.13350000e-09  8.12500000e-01 -1.21616329e-03 -1.31155708e-03 
 5.13450000e-09  5.13450000e-09  6.87500000e-01  4.89636360e-02 -1.48838045e-03 
 5.13550000e-09  5.13550000e-09  5.62500000e-01  1.18055380e-01 -1.65419602e-03 
 5.13650000e-09  5.13650000e-09  4.37500000e-01  2.10551985e-01 -1.85743467e-03 
 5.13750000e-09  5.13750000e-09  3.12500000e-01  3.22912591e-01 -2.04796956e-03 
 5.13850000e-09  5.13850000e-09  1.87500000e-01  4.53705876e-01 -2.27444895e-03 
 5.13925000e-09  5.13925000e-09  9.37500000e-02  5.63289465e-01 -2.42857422e-03 
 5.14000000e-09  5.14000000e-09  4.70734562e-14  6.77287339e-01 -2.58092226e-03 
 5.14010000e-09  5.14010000e-09  0.00000000e+00  6.94458566e-01 -2.05549474e-03 
 5.14030000e-09  5.14030000e-09  0.00000000e+00  7.28537153e-01 -2.04236350e-03 
 5.14070000e-09  5.14070000e-09  0.00000000e+00  7.95430279e-01 -2.01341268e-03 
 5.14150000e-09  5.14150000e-09  0.00000000e+00  9.24144388e-01 -1.94602277e-03 
 5.14250000e-09  5.14250000e-09  0.00000000e+00  1.07553096e+00 -1.84747195e-03 
 5.14350000e-09  5.14350000e-09  0.00000000e+00  1.21635105e+00 -1.73753696e-03 
 5.14450000e-09  5.14450000e-09  0.00000000e+00  1.34663355e+00 -1.62054761e-03 
 5.14550000e-09  5.14550000e-09  0.00000000e+00  1.46651821e+00 -1.50022927e-03 
 5.14650000e-09  5.14650000e-09  0.00000000e+00  1.57626941e+00 -1.37967680e-03 
 5.14750000e-09  5.14750000e-09  0.00000000e+00  1.67626306e+00 -1.26136651e-03 
 5.14850000e-09  5.14850000e-09  0.00000000e+00  1.76696558e+00 -1.14719659e-03 
 5.14950000e-09  5.14950000e-09  0.00000000e+00  1.84891026e+00 -1.03854715e-03 
 5.15050000e-09  5.15050000e-09  0.00000000e+00  1.92267426e+00 -9.36351247e-04 
 5.15150000e-09  5.15150000e-09  0.00000000e+00  1.98885789e+00 -8.41169119e-04 
 5.15250000e-09  5.15250000e-09  0.00000000e+00  2.04806702e+00 -7.53260178e-04 
 5.15350000e-09  5.15350000e-09  0.00000000e+00  2.10089901e+00 -6.72649079e-04 
 5.15450000e-09  5.15450000e-09  0.00000000e+00  2.14793188e+00 -5.99183800e-04 
 5.15550000e-09  5.15550000e-09  0.00000000e+00  2.18971650e+00 -5.32584975e-04 
 5.15650000e-09  5.15650000e-09  0.00000000e+00  2.22677132e+00 -4.72486528e-04 
 5.15750000e-09  5.15750000e-09  0.00000000e+00  2.25957919e+00 -4.18468266e-04 
 5.15850000e-09  5.15850000e-09  0.00000000e+00  2.28858592e+00 -3.70081301e-04 
 5.15950000e-09  5.15950000e-09  0.00000000e+00  2.31420008e+00 -3.26867372e-04 
 5.16050000e-09  5.16050000e-09  0.00000000e+00  2.33679372e+00 -2.88373065e-04 
 5.16150000e-09  5.16150000e-09  0.00000000e+00  2.35670389e+00 -2.54159909e-04 
 5.16250000e-09  5.16250000e-09  0.00000000e+00  2.37423449e+00 -2.23811197e-04 
 5.16350000e-09  5.16350000e-09  0.00000000e+00  2.38966469e+00 -1.97006410e-04 
 5.16450000e-09  5.16450000e-09  0.00000000e+00  2.40323658e+00 -1.73206354e-04 
 5.16550000e-09  5.16550000e-09  0.00000000e+00  2.41516041e+00 -1.52195418e-04 
 5.16650000e-09  5.16650000e-09  0.00000000e+00  2.42563133e+00 -1.33667057e-04 
 5.16750000e-09  5.16750000e-09  0.00000000e+00  2.43482255e+00 -1.17343484e-04 
 5.16850000e-09  5.16850000e-09  0.00000000e+00  2.44288753e+00 -1.02974284e-04 
 5.16950000e-09  5.16950000e-09  0.00000000e+00  2.44996202e+00 -9.03346361e-05 
 5.17050000e-09  5.17050000e-09  0.00000000e+00  2.45616591e+00 -7.92234050e-05 
 5.17150000e-09  5.17150000e-09  0.00000000e+00  2.46160502e+00 -6.94611755e-05 
 5.17250000e-09  5.17250000e-09  0.00000000e+00  2.46637259e+00 -6.08883141e-05 
 5.17350000e-09  5.17350000e-09  0.00000000e+00  2.47055075e+00 -5.33630975e-05 
 5.17450000e-09  5.17450000e-09  0.00000000e+00  2.47421176e+00 -4.67599387e-05 
 5.17550000e-09  5.17550000e-09  0.00000000e+00  2.47741917e+00 -4.09677304e-05 
 5.17650000e-09  5.17650000e-09  0.00000000e+00  2.48022883e+00 -3.58883128e-05 
 5.17750000e-09  5.17750000e-09  0.00000000e+00  2.48268978e+00 -3.14350698e-05 
 5.17850000e-09  5.17850000e-09  0.00000000e+00  2.48484511e+00 -2.75316521e-05 
 5.17950000e-09  5.17950000e-09  0.00000000e+00  2.48673259e+00 -2.41108212e-05 
 5.18050000e-09  5.18050000e-09  0.00000000e+00  2.48838540e+00 -2.11134096e-05 
 5.18150000e-09  5.18150000e-09  0.00000000e+00  2.48983262e+00 -1.84873875e-05 
 5.18250000e-09  5.18250000e-09  0.00000000e+00  2.49109974e+00 -1.61870296e-05 
 5.18350000e-09  5.18350000e-09  0.00000000e+00  2.49220913e+00 -1.41721718e-05 
 5.18450000e-09  5.18450000e-09  0.00000000e+00  2.49318038e+00 -1.24075513e-05 
 5.18550000e-09  5.18550000e-09  0.00000000e+00  2.49403065e+00 -1.08622205e-05 
 5.18650000e-09  5.18650000e-09  0.00000000e+00  2.49477499e+00 -9.50902866e-06 
 5.18750000e-09  5.18750000e-09  0.00000000e+00  2.49542658e+00 -8.32416293e-06 
 5.18850000e-09  5.18850000e-09  0.00000000e+00  2.49599696e+00 -7.28674382e-06 
 5.18950000e-09  5.18950000e-09  0.00000000e+00  2.49649624e+00 -6.37846795e-06 
 5.19050000e-09  5.19050000e-09  0.00000000e+00  2.49693328e+00 -5.58329348e-06 
 5.19150000e-09  5.19150000e-09  0.00000000e+00  2.49731582e+00 -4.88716313e-06 
 5.19250000e-09  5.19250000e-09  0.00000000e+00  2.49765066e+00 -4.27776062e-06 
 5.19350000e-09  5.19350000e-09  0.00000000e+00  2.49794375e+00 -3.74429643e-06 
 5.19450000e-09  5.19450000e-09  0.00000000e+00  2.49820028e+00 -3.27731972e-06 
 5.19550000e-09  5.19550000e-09  0.00000000e+00  2.49842481e+00 -2.86855304e-06 
 5.19650000e-09  5.19650000e-09  0.00000000e+00  2.49862134e+00 -2.51074732e-06 
 5.19750000e-09  5.19750000e-09  0.00000000e+00  2.49879335e+00 -2.19755462e-06 
 5.19850000e-09  5.19850000e-09  0.00000000e+00  2.49894391e+00 -1.92341645e-06 
 5.19950000e-09  5.19950000e-09  0.00000000e+00  2.49907568e+00 -1.68346593e-06 
 5.20050000e-09  5.20050000e-09  0.00000000e+00  2.49919101e+00 -1.47344195e-06 
 5.20150000e-09  5.20150000e-09  0.00000000e+00  2.49929195e+00 -1.28961391e-06 
 5.20250000e-09  5.20250000e-09  0.00000000e+00  2.49938030e+00 -1.12871586e-06 
 5.20350000e-09  5.20350000e-09  0.00000000e+00  2.49945763e+00 -9.87888662e-07 
 5.20450000e-09  5.20450000e-09  0.00000000e+00  2.49952531e+00 -8.64629477e-07 
 5.20550000e-09  5.20550000e-09  0.00000000e+00  2.49958454e+00 -7.56747336e-07 
 5.20650000e-09  5.20650000e-09  0.00000000e+00  2.49963638e+00 -6.62324394e-07 
 5.20750000e-09  5.20750000e-09  0.00000000e+00  2.49968176e+00 -5.79681862e-07 
 5.20850000e-09  5.20850000e-09  0.00000000e+00  2.49972147e+00 -5.07350290e-07 
 5.20950000e-09  5.20950000e-09  0.00000000e+00  2.49975622e+00 -4.44043428e-07 
 5.21050000e-09  5.21050000e-09  0.00000000e+00  2.49978664e+00 -3.88635456e-07 
 5.21150000e-09  5.21150000e-09  0.00000000e+00  2.49981327e+00 -3.40140932e-07 
 5.21250000e-09  5.21250000e-09  0.00000000e+00  2.49983657e+00 -2.97697354e-07 
 5.21350000e-09  5.21350000e-09  0.00000000e+00  2.49985696e+00 -2.60549770e-07 
 5.21450000e-09  5.21450000e-09  0.00000000e+00  2.49987481e+00 -2.28037432e-07 
 5.21550000e-09  5.21550000e-09  0.00000000e+00  2.49989043e+00 -1.99581989e-07 
 5.21650000e-09  5.21650000e-09  0.00000000e+00  2.49990411e+00 -1.74677267e-07 
 5.21750000e-09  5.21750000e-09  0.00000000e+00  2.49991607e+00 -1.52880214e-07 
 5.21850000e-09  5.21850000e-09  0.00000000e+00  2.49992655e+00 -1.33803081e-07 
 5.21950000e-09  5.21950000e-09  0.00000000e+00  2.49993571e+00 -1.17106468e-07 
 5.22050000e-09  5.22050000e-09  0.00000000e+00  2.49994373e+00 -1.02493349e-07 
 5.22150000e-09  5.22150000e-09  0.00000000e+00  2.49995076e+00 -8.97037291e-08 
 5.22250000e-09  5.22250000e-09  0.00000000e+00  2.49995690e+00 -7.85100842e-08 
 5.22350000e-09  5.22350000e-09  0.00000000e+00  2.49996228e+00 -6.87132491e-08 
 5.22450000e-09  5.22450000e-09  0.00000000e+00  2.49996699e+00 -6.01389391e-08 
 5.22550000e-09  5.22550000e-09  0.00000000e+00  2.49997111e+00 -5.26345876e-08 
 5.22650000e-09  5.22650000e-09  0.00000000e+00  2.49997471e+00 -4.60666940e-08 
 5.22750000e-09  5.22750000e-09  0.00000000e+00  2.49997787e+00 -4.03183872e-08 
 5.22850000e-09  5.22850000e-09  0.00000000e+00  2.49998063e+00 -3.52874086e-08 
 5.22950000e-09  5.22950000e-09  0.00000000e+00  2.49998305e+00 -3.08842306e-08 
 5.23050000e-09  5.23050000e-09  0.00000000e+00  2.49998516e+00 -2.70305263e-08 
 5.23150000e-09  5.23150000e-09  0.00000000e+00  2.49998701e+00 -2.36577137e-08 
 5.23250000e-09  5.23250000e-09  0.00000000e+00  2.49998863e+00 -2.07057980e-08 
 5.23350000e-09  5.23350000e-09  0.00000000e+00  2.49999005e+00 -1.81222417e-08 
 5.23450000e-09  5.23450000e-09  0.00000000e+00  2.49999129e+00 -1.58610924e-08 
 5.23550000e-09  5.23550000e-09  0.00000000e+00  2.49999238e+00 -1.38821029e-08 
 5.23650000e-09  5.23650000e-09  0.00000000e+00  2.49999333e+00 -1.21500774e-08 
 5.23750000e-09  5.23750000e-09  0.00000000e+00  2.49999416e+00 -1.06341831e-08 
 5.23850000e-09  5.23850000e-09  0.00000000e+00  2.49999489e+00 -9.30746355e-09 
 5.23950000e-09  5.23950000e-09  0.00000000e+00  2.49999553e+00 -8.14629750e-09 
 5.24050000e-09  5.24050000e-09  0.00000000e+00  2.49999609e+00 -7.13004006e-09 
 5.24150000e-09  5.24150000e-09  0.00000000e+00  2.49999657e+00 -6.24059375e-09 
 5.24250000e-09  5.24250000e-09  0.00000000e+00  2.49999700e+00 -5.46214833e-09 
 5.24350000e-09  5.24350000e-09  0.00000000e+00  2.49999738e+00 -4.78083764e-09 
 5.24450000e-09  5.24450000e-09  0.00000000e+00  2.49999770e+00 -4.18455471e-09 
 5.24550000e-09  5.24550000e-09  0.00000000e+00  2.49999799e+00 -3.66267454e-09 
 5.24650000e-09  5.24650000e-09  0.00000000e+00  2.49999824e+00 -3.20592687e-09 
 5.24750000e-09  5.24750000e-09  0.00000000e+00  2.49999846e+00 -2.80616943e-09 
 5.24850000e-09  5.24850000e-09  0.00000000e+00  2.49999865e+00 -2.45630484e-09 
 5.24950000e-09  5.24950000e-09  0.00000000e+00  2.49999882e+00 -2.15009256e-09 
 5.25050000e-09  5.25050000e-09  0.00000000e+00  2.49999897e+00 -1.88209966e-09 
 5.25150000e-09  5.25150000e-09  0.00000000e+00  2.49999910e+00 -1.64754234e-09 
 5.25250000e-09  5.25250000e-09  0.00000000e+00  2.49999921e+00 -1.44226259e-09 
 5.25350000e-09  5.25350000e-09  0.00000000e+00  2.49999931e+00 -1.26259246e-09 
 5.25450000e-09  5.25450000e-09  0.00000000e+00  2.49999939e+00 -1.10535054e-09 
 5.25550000e-09  5.25550000e-09  0.00000000e+00  2.49999947e+00 -9.67723608e-10 
 5.25650000e-09  5.25650000e-09  0.00000000e+00  2.49999953e+00 -8.47278332e-10 
 5.25750000e-09  5.25750000e-09  0.00000000e+00  2.49999959e+00 -7.41856192e-10 
 5.25850000e-09  5.25850000e-09  0.00000000e+00  2.49999964e+00 -6.49596883e-10 
 5.25950000e-09  5.25950000e-09  0.00000000e+00  2.49999969e+00 -5.68843390e-10 
 5.26050000e-09  5.26050000e-09  0.00000000e+00  2.49999973e+00 -4.98174322e-10 
 5.26150000e-09  5.26150000e-09  0.00000000e+00  2.49999976e+00 -4.36316818e-10 
 5.26250000e-09  5.26250000e-09  0.00000000e+00  2.49999979e+00 -3.82185727e-10 
 5.26350000e-09  5.26350000e-09  0.00000000e+00  2.49999982e+00 -3.34802431e-10 
 5.26450000e-09  5.26450000e-09  0.00000000e+00  2.49999984e+00 -2.93339304e-10 
 5.26550000e-09  5.26550000e-09  0.00000000e+00  2.49999986e+00 -2.57043141e-10 
 5.26650000e-09  5.26650000e-09  0.00000000e+00  2.49999988e+00 -2.25283584e-10 
 5.26750000e-09  5.26750000e-09  0.00000000e+00  2.49999989e+00 -1.97480097e-10 
 5.26850000e-09  5.26850000e-09  0.00000000e+00  2.49999990e+00 -1.73153403e-10 
 5.26950000e-09  5.26950000e-09  0.00000000e+00  2.49999992e+00 -1.51855235e-10 
 5.27050000e-09  5.27050000e-09  0.00000000e+00  2.49999993e+00 -1.33222062e-10 
 5.27150000e-09  5.27150000e-09  0.00000000e+00  2.49999994e+00 -1.16906910e-10 
 5.27250000e-09  5.27250000e-09  0.00000000e+00  2.49999994e+00 -1.02634944e-10 
 5.27350000e-09  5.27350000e-09  0.00000000e+00  2.49999995e+00 -9.01367609e-11 
 5.27450000e-09  5.27450000e-09  0.00000000e+00  2.49999996e+00 -7.92054321e-11 
 5.27550000e-09  5.27550000e-09  0.00000000e+00  2.49999996e+00 -6.96310136e-11 
 5.27650000e-09  5.27650000e-09  0.00000000e+00  2.49999997e+00 -6.12585937e-11 
 5.27750000e-09  5.27750000e-09  0.00000000e+00  2.49999997e+00 -5.39237500e-11 
 5.27850000e-09  5.27850000e-09  0.00000000e+00  2.49999997e+00 -4.75114488e-11 
 5.27950000e-09  5.27950000e-09  0.00000000e+00  2.49999998e+00 -4.18921182e-11 
 5.28050000e-09  5.28050000e-09  0.00000000e+00  2.49999998e+00 -3.69812349e-11 
 5.28150000e-09  5.28150000e-09  0.00000000e+00  2.49999998e+00 -3.26759609e-11 
 5.28250000e-09  5.28250000e-09  0.00000000e+00  2.49999998e+00 -2.89151645e-11 
 5.28350000e-09  5.28350000e-09  0.00000000e+00  2.49999999e+00 -2.56164595e-11 
 5.28450000e-09  5.28450000e-09  0.00000000e+00  2.49999999e+00 -2.27366095e-11 
 5.28550000e-09  5.28550000e-09  0.00000000e+00  2.49999999e+00 -2.02089283e-11 
 5.28650000e-09  5.28650000e-09  0.00000000e+00  2.49999999e+00 -1.80038952e-11 
 5.28750000e-09  5.28750000e-09  0.00000000e+00  2.49999999e+00 -1.60668093e-11 
 5.28850000e-09  5.28850000e-09  0.00000000e+00  2.49999999e+00 -1.43786571e-11 
 5.28950000e-09  5.28950000e-09  0.00000000e+00  2.49999999e+00 -1.28939619e-11 
 5.29050000e-09  5.29050000e-09  0.00000000e+00  2.49999999e+00 -1.16017560e-11 
 5.29150000e-09  5.29150000e-09  0.00000000e+00  2.49999999e+00 -1.04635883e-11 
 5.29250000e-09  5.29250000e-09  0.00000000e+00  2.49999999e+00 -9.47467192e-12 
 5.29350000e-09  5.29350000e-09  0.00000000e+00  2.50000000e+00 -8.60193861e-12 
 5.29450000e-09  5.29450000e-09  0.00000000e+00  2.50000000e+00 -7.84533463e-12 
 5.29550000e-09  5.29550000e-09  0.00000000e+00  2.50000000e+00 -7.17593086e-12 
 5.29650000e-09  5.29650000e-09  0.00000000e+00  2.50000000e+00 -6.59727915e-12 
 5.29750000e-09  5.29750000e-09  0.00000000e+00  2.50000000e+00 -6.08362059e-12 
 5.29850000e-09  5.29850000e-09  0.00000000e+00  2.50000000e+00 -5.64127304e-12 
 5.29950000e-09  5.29950000e-09  0.00000000e+00  2.50000000e+00 -5.24692009e-12 
 5.30050000e-09  5.30050000e-09  0.00000000e+00  2.50000000e+00 -4.90898294e-12 
 5.30150000e-09  5.30150000e-09  0.00000000e+00  2.50000000e+00 -4.60601262e-12 
 5.30250000e-09  5.30250000e-09  0.00000000e+00  2.50000000e+00 -4.34806097e-12 
 5.30350000e-09  5.30350000e-09  0.00000000e+00  2.50000000e+00 -4.11507894e-12 
 5.30450000e-09  5.30450000e-09  0.00000000e+00  2.50000000e+00 -3.91838558e-12 
 5.30550000e-09  5.30550000e-09  0.00000000e+00  2.50000000e+00 -3.73903686e-12 
 5.30650000e-09  5.30650000e-09  0.00000000e+00  2.50000000e+00 -3.58926777e-12 
 5.30750000e-09  5.30750000e-09  0.00000000e+00  2.50000000e+00 -3.45098342e-12 
 5.30850000e-09  5.30850000e-09  0.00000000e+00  2.50000000e+00 -3.33716301e-12 
 5.30950000e-09  5.30950000e-09  0.00000000e+00  2.50000000e+00 -3.23033787e-12 
 5.31050000e-09  5.31050000e-09  0.00000000e+00  2.50000000e+00 -3.14405533e-12 
 5.31150000e-09  5.31150000e-09  0.00000000e+00  2.50000000e+00 -3.06132810e-12 
 5.31250000e-09  5.31250000e-09  0.00000000e+00  2.50000000e+00 -2.99613372e-12 
 5.31350000e-09  5.31350000e-09  0.00000000e+00  2.50000000e+00 -2.93186395e-12 
 5.31450000e-09  5.31450000e-09  0.00000000e+00  2.50000000e+00 -2.88282679e-12 
 5.31550000e-09  5.31550000e-09  0.00000000e+00  2.50000000e+00 -2.83269935e-12 
 5.31650000e-09  5.31650000e-09  0.00000000e+00  2.50000000e+00 -2.79603510e-12 
 5.31750000e-09  5.31750000e-09  0.00000000e+00  2.50000000e+00 -2.75673408e-12 
 5.31850000e-09  5.31850000e-09  0.00000000e+00  2.50000000e+00 -2.72955530e-12 
 5.31950000e-09  5.31950000e-09  0.00000000e+00  2.50000000e+00 -2.69855232e-12 
 5.32050000e-09  5.32050000e-09  0.00000000e+00  2.50000000e+00 -2.67863249e-12 
 5.32150000e-09  5.32150000e-09  0.00000000e+00  2.50000000e+00 -2.65397513e-12 
 5.32250000e-09  5.32250000e-09  0.00000000e+00  2.50000000e+00 -2.63961422e-12 
 5.32350000e-09  5.32350000e-09  0.00000000e+00  2.50000000e+00 -2.61983057e-12 
 5.32450000e-09  5.32450000e-09  0.00000000e+00  2.50000000e+00 -2.60973101e-12 
 5.32550000e-09  5.32550000e-09  0.00000000e+00  2.50000000e+00 -2.59368048e-12 
 5.32650000e-09  5.32650000e-09  0.00000000e+00  2.50000000e+00 -2.58685347e-12 
 5.32750000e-09  5.32750000e-09  0.00000000e+00  2.50000000e+00 -2.57365136e-12 
 5.32850000e-09  5.32850000e-09  0.00000000e+00  2.50000000e+00 -2.56931195e-12 
 5.32950000e-09  5.32950000e-09  0.00000000e+00  2.50000000e+00 -2.55830340e-12 
 5.33050000e-09  5.33050000e-09  0.00000000e+00  2.50000000e+00 -2.55587999e-12 
 5.33150000e-09  5.33150000e-09  0.00000000e+00  2.50000000e+00 -2.54654978e-12 
 5.33250000e-09  5.33250000e-09  0.00000000e+00  2.50000000e+00 -2.54558701e-12 
 5.33350000e-09  5.33350000e-09  0.00000000e+00  2.50000000e+00 -2.53754483e-12 
 5.33450000e-09  5.33450000e-09  0.00000000e+00  2.50000000e+00 -2.53771049e-12 
 5.33550000e-09  5.33550000e-09  0.00000000e+00  2.50000000e+00 -2.53064930e-12 
 5.33650000e-09  5.33650000e-09  0.00000000e+00  2.50000000e+00 -2.53167973e-12 
 5.33750000e-09  5.33750000e-09  0.00000000e+00  2.50000000e+00 -2.52537748e-12 
 5.33850000e-09  5.33850000e-09  0.00000000e+00  2.50000000e+00 -2.52705495e-12 
 5.33950000e-09  5.33950000e-09  0.00000000e+00  2.50000000e+00 -2.52132516e-12 
 5.34050000e-09  5.34050000e-09  0.00000000e+00  2.50000000e+00 -2.52351785e-12 
 5.34150000e-09  5.34150000e-09  0.00000000e+00  2.50000000e+00 -2.51822261e-12 
 5.34250000e-09  5.34250000e-09  0.00000000e+00  2.50000000e+00 -2.52080128e-12 
 5.34350000e-09  5.34350000e-09  0.00000000e+00  2.50000000e+00 -2.51584517e-12 
 5.34450000e-09  5.34450000e-09  0.00000000e+00  2.50000000e+00 -2.51872741e-12 
 5.34550000e-09  5.34550000e-09  0.00000000e+00  2.50000000e+00 -2.51403152e-12 
 5.34650000e-09  5.34650000e-09  0.00000000e+00  2.50000000e+00 -2.51712973e-12 
 5.34750000e-09  5.34750000e-09  0.00000000e+00  2.50000000e+00 -2.51264461e-12 
 5.34850000e-09  5.34850000e-09  0.00000000e+00  2.50000000e+00 -2.51591456e-12 
 5.34950000e-09  5.34950000e-09  0.00000000e+00  2.50000000e+00 -2.51157688e-12 
 5.35050000e-09  5.35050000e-09  0.00000000e+00  2.50000000e+00 -2.51497954e-12 
 5.35150000e-09  5.35150000e-09  0.00000000e+00  2.50000000e+00 -2.51075636e-12 
 5.35250000e-09  5.35250000e-09  0.00000000e+00  2.50000000e+00 -2.51427091e-12 
 5.35350000e-09  5.35350000e-09  0.00000000e+00  2.50000000e+00 -2.51012926e-12 
 5.35450000e-09  5.35450000e-09  0.00000000e+00  2.50000000e+00 -2.51371493e-12 
 5.35550000e-09  5.35550000e-09  0.00000000e+00  2.50000000e+00 -2.50965394e-12 
 5.35650000e-09  5.35650000e-09  0.00000000e+00  2.50000000e+00 -2.51330380e-12 
 5.35750000e-09  5.35750000e-09  0.00000000e+00  2.50000000e+00 -2.50928184e-12 
 5.35850000e-09  5.35850000e-09  0.00000000e+00  2.50000000e+00 -2.51297594e-12 
 5.35950000e-09  5.35950000e-09  0.00000000e+00  2.50000000e+00 -2.50900863e-12 
 5.36050000e-09  5.36050000e-09  0.00000000e+00  2.50000000e+00 -2.51273828e-12 
 5.36150000e-09  5.36150000e-09  0.00000000e+00  2.50000000e+00 -2.50878832e-12 
 5.36250000e-09  5.36250000e-09  0.00000000e+00  2.50000000e+00 -2.51254746e-12 
 5.36350000e-09  5.36350000e-09  0.00000000e+00  2.50000000e+00 -2.50861745e-12 
 5.36450000e-09  5.36450000e-09  0.00000000e+00  2.50000000e+00 -2.51239220e-12 
 5.36550000e-09  5.36550000e-09  0.00000000e+00  2.50000000e+00 -2.50849428e-12 
 5.36650000e-09  5.36650000e-09  0.00000000e+00  2.50000000e+00 -2.51229593e-12 
 5.36750000e-09  5.36750000e-09  0.00000000e+00  2.50000000e+00 -2.50840147e-12 
 5.36850000e-09  5.36850000e-09  0.00000000e+00  2.50000000e+00 -2.51220572e-12 
 5.36950000e-09  5.36950000e-09  0.00000000e+00  2.50000000e+00 -2.50832428e-12 
 5.37050000e-09  5.37050000e-09  0.00000000e+00  2.50000000e+00 -2.51214067e-12 
 5.37150000e-09  5.37150000e-09  0.00000000e+00  2.50000000e+00 -2.50826703e-12 
 5.37250000e-09  5.37250000e-09  0.00000000e+00  2.50000000e+00 -2.51209036e-12 
 5.37350000e-09  5.37350000e-09  0.00000000e+00  2.50000000e+00 -2.50822453e-12 
 5.37450000e-09  5.37450000e-09  0.00000000e+00  2.50000000e+00 -2.51205567e-12 
 5.37550000e-09  5.37550000e-09  0.00000000e+00  2.50000000e+00 -2.50819417e-12 
 5.37650000e-09  5.37650000e-09  0.00000000e+00  2.50000000e+00 -2.51202444e-12 
 5.37750000e-09  5.37750000e-09  0.00000000e+00  2.50000000e+00 -2.50816642e-12 
 5.37850000e-09  5.37850000e-09  0.00000000e+00  2.50000000e+00 -2.51199582e-12 
 5.37950000e-09  5.37950000e-09  0.00000000e+00  2.50000000e+00 -2.50814820e-12 
 5.38050000e-09  5.38050000e-09  0.00000000e+00  2.50000000e+00 -2.51197674e-12 
 5.38150000e-09  5.38150000e-09  0.00000000e+00  2.50000000e+00 -2.50812825e-12 
 5.38250000e-09  5.38250000e-09  0.00000000e+00  2.50000000e+00 -2.51197587e-12 
 5.38350000e-09  5.38350000e-09  0.00000000e+00  2.50000000e+00 -2.50812392e-12 
 5.38450000e-09  5.38450000e-09  0.00000000e+00  2.50000000e+00 -2.51196633e-12 
 5.38550000e-09  5.38550000e-09  0.00000000e+00  2.50000000e+00 -2.50811177e-12 
 5.38650000e-09  5.38650000e-09  0.00000000e+00  2.50000000e+00 -2.51195158e-12 
 5.38750000e-09  5.38750000e-09  0.00000000e+00  2.50000000e+00 -2.50810397e-12 
 5.38850000e-09  5.38850000e-09  0.00000000e+00  2.50000000e+00 -2.51194031e-12 
 5.38950000e-09  5.38950000e-09  0.00000000e+00  2.50000000e+00 -2.50810397e-12 
 5.39050000e-09  5.39050000e-09  0.00000000e+00  2.50000000e+00 -2.51194551e-12 
 5.39150000e-09  5.39150000e-09  0.00000000e+00  2.50000000e+00 -2.50810223e-12 
 5.39250000e-09  5.39250000e-09  0.00000000e+00  2.50000000e+00 -2.51193510e-12 
 5.39350000e-09  5.39350000e-09  0.00000000e+00  2.50000000e+00 -2.50809096e-12 
 5.39450000e-09  5.39450000e-09  0.00000000e+00  2.50000000e+00 -2.51193250e-12 
 5.39550000e-09  5.39550000e-09  0.00000000e+00  2.50000000e+00 -2.50808662e-12 
 5.39650000e-09  5.39650000e-09  0.00000000e+00  2.50000000e+00 -2.51193077e-12 
 5.39750000e-09  5.39750000e-09  0.00000000e+00  2.50000000e+00 -2.50808749e-12 
 5.39850000e-09  5.39850000e-09  0.00000000e+00  2.50000000e+00 -2.51193077e-12 
 5.39950000e-09  5.39950000e-09  0.00000000e+00  2.50000000e+00 -2.50808662e-12 
 5.40050000e-09  5.40050000e-09  0.00000000e+00  2.50000000e+00 -2.51193163e-12 
 5.40150000e-09  5.40150000e-09  0.00000000e+00  2.50000000e+00 -2.50808662e-12 
 5.40250000e-09  5.40250000e-09  0.00000000e+00  2.50000000e+00 -2.51193077e-12 
 5.40350000e-09  5.40350000e-09  0.00000000e+00  2.50000000e+00 -2.50808749e-12 
 5.40450000e-09  5.40450000e-09  0.00000000e+00  2.50000000e+00 -2.51193077e-12 
 5.40550000e-09  5.40550000e-09  0.00000000e+00  2.50000000e+00 -2.50808662e-12 
 5.40650000e-09  5.40650000e-09  0.00000000e+00  2.50000000e+00 -2.51193163e-12 
 5.40750000e-09  5.40750000e-09  0.00000000e+00  2.50000000e+00 -2.50808662e-12 
 5.40850000e-09  5.40850000e-09  0.00000000e+00  2.50000000e+00 -2.51193077e-12 
 5.40950000e-09  5.40950000e-09  0.00000000e+00  2.50000000e+00 -2.50808749e-12 
 5.41050000e-09  5.41050000e-09  0.00000000e+00  2.50000000e+00 -2.51193077e-12 
 5.41150000e-09  5.41150000e-09  0.00000000e+00  2.50000000e+00 -2.50808662e-12 
 5.41250000e-09  5.41250000e-09  0.00000000e+00  2.50000000e+00 -2.51193163e-12 
 5.41350000e-09  5.41350000e-09  0.00000000e+00  2.50000000e+00 -2.50808662e-12 
 5.41450000e-09  5.41450000e-09  0.00000000e+00  2.50000000e+00 -2.51193077e-12 
 5.41550000e-09  5.41550000e-09  0.00000000e+00  2.50000000e+00 -2.50808749e-12 
 5.41650000e-09  5.41650000e-09  0.00000000e+00  2.50000000e+00 -2.51193077e-12 
 5.41750000e-09  5.41750000e-09  0.00000000e+00  2.50000000e+00 -2.50808662e-12 
 5.41850000e-09  5.41850000e-09  0.00000000e+00  2.50000000e+00 -2.51193163e-12 
 5.41950000e-09  5.41950000e-09  0.00000000e+00  2.50000000e+00 -2.50808662e-12 
 5.42050000e-09  5.42050000e-09  0.00000000e+00  2.50000000e+00 -2.51193077e-12 
 5.42150000e-09  5.42150000e-09  0.00000000e+00  2.50000000e+00 -2.50808749e-12 
 5.42250000e-09  5.42250000e-09  0.00000000e+00  2.50000000e+00 -2.51193077e-12 
 5.42350000e-09  5.42350000e-09  0.00000000e+00  2.50000000e+00 -2.50808662e-12 
 5.42450000e-09  5.42450000e-09  0.00000000e+00  2.50000000e+00 -2.51193163e-12 
 5.42550000e-09  5.42550000e-09  0.00000000e+00  2.50000000e+00 -2.50808662e-12 
 5.42650000e-09  5.42650000e-09  0.00000000e+00  2.50000000e+00 -2.51193077e-12 
 5.42750000e-09  5.42750000e-09  0.00000000e+00  2.50000000e+00 -2.50808749e-12 
 5.42850000e-09  5.42850000e-09  0.00000000e+00  2.50000000e+00 -2.51193077e-12 
 5.42950000e-09  5.42950000e-09  0.00000000e+00  2.50000000e+00 -2.50808662e-12 
 5.43050000e-09  5.43050000e-09  0.00000000e+00  2.50000000e+00 -2.51193163e-12 
 5.43150000e-09  5.43150000e-09  0.00000000e+00  2.50000000e+00 -2.50808662e-12 
 5.43250000e-09  5.43250000e-09  0.00000000e+00  2.50000000e+00 -2.51193077e-12 
 5.43350000e-09  5.43350000e-09  0.00000000e+00  2.50000000e+00 -2.50808749e-12 
 5.43450000e-09  5.43450000e-09  0.00000000e+00  2.50000000e+00 -2.51193077e-12 
 5.43550000e-09  5.43550000e-09  0.00000000e+00  2.50000000e+00 -2.50808662e-12 
 5.43650000e-09  5.43650000e-09  0.00000000e+00  2.50000000e+00 -2.51193163e-12 
 5.43750000e-09  5.43750000e-09  0.00000000e+00  2.50000000e+00 -2.50808662e-12 
 5.43850000e-09  5.43850000e-09  0.00000000e+00  2.50000000e+00 -2.51193077e-12 
 5.43950000e-09  5.43950000e-09  0.00000000e+00  2.50000000e+00 -2.50808749e-12 
 5.44050000e-09  5.44050000e-09  0.00000000e+00  2.50000000e+00 -2.51193077e-12 
 5.44150000e-09  5.44150000e-09  0.00000000e+00  2.50000000e+00 -2.50808662e-12 
 5.44250000e-09  5.44250000e-09  0.00000000e+00  2.50000000e+00 -2.51193163e-12 
 5.44350000e-09  5.44350000e-09  0.00000000e+00  2.50000000e+00 -2.50808662e-12 
 5.44450000e-09  5.44450000e-09  0.00000000e+00  2.50000000e+00 -2.51193077e-12 
 5.44550000e-09  5.44550000e-09  0.00000000e+00  2.50000000e+00 -2.50808749e-12 
 5.44650000e-09  5.44650000e-09  0.00000000e+00  2.50000000e+00 -2.51193077e-12 
 5.44750000e-09  5.44750000e-09  0.00000000e+00  2.50000000e+00 -2.50808662e-12 
 5.44850000e-09  5.44850000e-09  0.00000000e+00  2.50000000e+00 -2.51193163e-12 
 5.44950000e-09  5.44950000e-09  0.00000000e+00  2.50000000e+00 -2.50808662e-12 
 5.45050000e-09  5.45050000e-09  0.00000000e+00  2.50000000e+00 -2.51193077e-12 
 5.45150000e-09  5.45150000e-09  0.00000000e+00  2.50000000e+00 -2.50808749e-12 
 5.45250000e-09  5.45250000e-09  0.00000000e+00  2.50000000e+00 -2.51193077e-12 
 5.45350000e-09  5.45350000e-09  0.00000000e+00  2.50000000e+00 -2.50808662e-12 
 5.45450000e-09  5.45450000e-09  0.00000000e+00  2.50000000e+00 -2.51193163e-12 
 5.45550000e-09  5.45550000e-09  0.00000000e+00  2.50000000e+00 -2.50808662e-12 
 5.45650000e-09  5.45650000e-09  0.00000000e+00  2.50000000e+00 -2.51193077e-12 
 5.45750000e-09  5.45750000e-09  0.00000000e+00  2.50000000e+00 -2.50808749e-12 
 5.45850000e-09  5.45850000e-09  0.00000000e+00  2.50000000e+00 -2.51193077e-12 
 5.45950000e-09  5.45950000e-09  0.00000000e+00  2.50000000e+00 -2.50808662e-12 
 5.46050000e-09  5.46050000e-09  0.00000000e+00  2.50000000e+00 -2.51193163e-12 
 5.46150000e-09  5.46150000e-09  0.00000000e+00  2.50000000e+00 -2.50808662e-12 
 5.46250000e-09  5.46250000e-09  0.00000000e+00  2.50000000e+00 -2.51193077e-12 
 5.46350000e-09  5.46350000e-09  0.00000000e+00  2.50000000e+00 -2.50808749e-12 
 5.46450000e-09  5.46450000e-09  0.00000000e+00  2.50000000e+00 -2.51193077e-12 
 5.46550000e-09  5.46550000e-09  0.00000000e+00  2.50000000e+00 -2.50808662e-12 
 5.46650000e-09  5.46650000e-09  0.00000000e+00  2.50000000e+00 -2.51193163e-12 
 5.46750000e-09  5.46750000e-09  0.00000000e+00  2.50000000e+00 -2.50808662e-12 
 5.46850000e-09  5.46850000e-09  0.00000000e+00  2.50000000e+00 -2.51193077e-12 
 5.46950000e-09  5.46950000e-09  0.00000000e+00  2.50000000e+00 -2.50808749e-12 
 5.47050000e-09  5.47050000e-09  0.00000000e+00  2.50000000e+00 -2.51193077e-12 
 5.47150000e-09  5.47150000e-09  0.00000000e+00  2.50000000e+00 -2.50808662e-12 
 5.47250000e-09  5.47250000e-09  0.00000000e+00  2.50000000e+00 -2.51193163e-12 
 5.47350000e-09  5.47350000e-09  0.00000000e+00  2.50000000e+00 -2.50808662e-12 
 5.47450000e-09  5.47450000e-09  0.00000000e+00  2.50000000e+00 -2.51193077e-12 
 5.47550000e-09  5.47550000e-09  0.00000000e+00  2.50000000e+00 -2.50808749e-12 
 5.47650000e-09  5.47650000e-09  0.00000000e+00  2.50000000e+00 -2.51193077e-12 
 5.47750000e-09  5.47750000e-09  0.00000000e+00  2.50000000e+00 -2.50808662e-12 
 5.47850000e-09  5.47850000e-09  0.00000000e+00  2.50000000e+00 -2.51193163e-12 
 5.47950000e-09  5.47950000e-09  0.00000000e+00  2.50000000e+00 -2.50808662e-12 
 5.48050000e-09  5.48050000e-09  0.00000000e+00  2.50000000e+00 -2.51193077e-12 
 5.48150000e-09  5.48150000e-09  0.00000000e+00  2.50000000e+00 -2.50808749e-12 
 5.48250000e-09  5.48250000e-09  0.00000000e+00  2.50000000e+00 -2.51193077e-12 
 5.48350000e-09  5.48350000e-09  0.00000000e+00  2.50000000e+00 -2.50808662e-12 
 5.48450000e-09  5.48450000e-09  0.00000000e+00  2.50000000e+00 -2.51193163e-12 
 5.48550000e-09  5.48550000e-09  0.00000000e+00  2.50000000e+00 -2.50808662e-12 
 5.48650000e-09  5.48650000e-09  0.00000000e+00  2.50000000e+00 -2.51193077e-12 
 5.48750000e-09  5.48750000e-09  0.00000000e+00  2.50000000e+00 -2.50808749e-12 
 5.48850000e-09  5.48850000e-09  0.00000000e+00  2.50000000e+00 -2.51193077e-12 
 5.48950000e-09  5.48950000e-09  0.00000000e+00  2.50000000e+00 -2.50808662e-12 
 5.49050000e-09  5.49050000e-09  0.00000000e+00  2.50000000e+00 -2.51193163e-12 
 5.49150000e-09  5.49150000e-09  0.00000000e+00  2.50000000e+00 -2.50808662e-12 
 5.49250000e-09  5.49250000e-09  0.00000000e+00  2.50000000e+00 -2.51193077e-12 
 5.49350000e-09  5.49350000e-09  0.00000000e+00  2.50000000e+00 -2.50808749e-12 
 5.49450000e-09  5.49450000e-09  0.00000000e+00  2.50000000e+00 -2.51193077e-12 
 5.49550000e-09  5.49550000e-09  0.00000000e+00  2.50000000e+00 -2.50808662e-12 
 5.49650000e-09  5.49650000e-09  0.00000000e+00  2.50000000e+00 -2.51193163e-12 
 5.49750000e-09  5.49750000e-09  0.00000000e+00  2.50000000e+00 -2.50808662e-12 
 5.49850000e-09  5.49850000e-09  0.00000000e+00  2.50000000e+00 -2.51193077e-12 
 5.49950000e-09  5.49950000e-09  0.00000000e+00  2.50000000e+00 -2.50808749e-12 
 5.50050000e-09  5.50050000e-09  0.00000000e+00  2.50000000e+00 -2.51193077e-12 
 5.50150000e-09  5.50150000e-09  0.00000000e+00  2.50000000e+00 -2.50808662e-12 
 5.50250000e-09  5.50250000e-09  0.00000000e+00  2.50000000e+00 -2.51193163e-12 
 5.50350000e-09  5.50350000e-09  0.00000000e+00  2.50000000e+00 -2.50808662e-12 
 5.50450000e-09  5.50450000e-09  0.00000000e+00  2.50000000e+00 -2.51193077e-12 
 5.50550000e-09  5.50550000e-09  0.00000000e+00  2.50000000e+00 -2.50808749e-12 
 5.50650000e-09  5.50650000e-09  0.00000000e+00  2.50000000e+00 -2.51193077e-12 
 5.50750000e-09  5.50750000e-09  0.00000000e+00  2.50000000e+00 -2.50808662e-12 
 5.50850000e-09  5.50850000e-09  0.00000000e+00  2.50000000e+00 -2.51193163e-12 
 5.50950000e-09  5.50950000e-09  0.00000000e+00  2.50000000e+00 -2.50808662e-12 
 5.51050000e-09  5.51050000e-09  0.00000000e+00  2.50000000e+00 -2.51193077e-12 
 5.51150000e-09  5.51150000e-09  0.00000000e+00  2.50000000e+00 -2.50808749e-12 
 5.51250000e-09  5.51250000e-09  0.00000000e+00  2.50000000e+00 -2.51193077e-12 
 5.51350000e-09  5.51350000e-09  0.00000000e+00  2.50000000e+00 -2.50808662e-12 
 5.51450000e-09  5.51450000e-09  0.00000000e+00  2.50000000e+00 -2.51193163e-12 
 5.51550000e-09  5.51550000e-09  0.00000000e+00  2.50000000e+00 -2.50808662e-12 
 5.51650000e-09  5.51650000e-09  0.00000000e+00  2.50000000e+00 -2.51193077e-12 
 5.51750000e-09  5.51750000e-09  0.00000000e+00  2.50000000e+00 -2.50808749e-12 
 5.51850000e-09  5.51850000e-09  0.00000000e+00  2.50000000e+00 -2.51193077e-12 
 5.51950000e-09  5.51950000e-09  0.00000000e+00  2.50000000e+00 -2.50808662e-12 
 5.52050000e-09  5.52050000e-09  0.00000000e+00  2.50000000e+00 -2.51193163e-12 
 5.52150000e-09  5.52150000e-09  0.00000000e+00  2.50000000e+00 -2.50808662e-12 
 5.52250000e-09  5.52250000e-09  0.00000000e+00  2.50000000e+00 -2.51193077e-12 
 5.52350000e-09  5.52350000e-09  0.00000000e+00  2.50000000e+00 -2.50808749e-12 
 5.52450000e-09  5.52450000e-09  0.00000000e+00  2.50000000e+00 -2.51193077e-12 
 5.52550000e-09  5.52550000e-09  0.00000000e+00  2.50000000e+00 -2.50808662e-12 
 5.52650000e-09  5.52650000e-09  0.00000000e+00  2.50000000e+00 -2.51193163e-12 
 5.52750000e-09  5.52750000e-09  0.00000000e+00  2.50000000e+00 -2.50808662e-12 
 5.52850000e-09  5.52850000e-09  0.00000000e+00  2.50000000e+00 -2.51193077e-12 
 5.52950000e-09  5.52950000e-09  0.00000000e+00  2.50000000e+00 -2.50808749e-12 
 5.53050000e-09  5.53050000e-09  0.00000000e+00  2.50000000e+00 -2.51193077e-12 
 5.53150000e-09  5.53150000e-09  0.00000000e+00  2.50000000e+00 -2.50808662e-12 
 5.53250000e-09  5.53250000e-09  0.00000000e+00  2.50000000e+00 -2.51193163e-12 
 5.53350000e-09  5.53350000e-09  0.00000000e+00  2.50000000e+00 -2.50808662e-12 
 5.53450000e-09  5.53450000e-09  0.00000000e+00  2.50000000e+00 -2.51193077e-12 
 5.53550000e-09  5.53550000e-09  0.00000000e+00  2.50000000e+00 -2.50808749e-12 
 5.53650000e-09  5.53650000e-09  0.00000000e+00  2.50000000e+00 -2.51193077e-12 
 5.53750000e-09  5.53750000e-09  0.00000000e+00  2.50000000e+00 -2.50808662e-12 
 5.53850000e-09  5.53850000e-09  0.00000000e+00  2.50000000e+00 -2.51193163e-12 
 5.53950000e-09  5.53950000e-09  0.00000000e+00  2.50000000e+00 -2.50808662e-12 
 5.54050000e-09  5.54050000e-09  0.00000000e+00  2.50000000e+00 -2.51193077e-12 
 5.54150000e-09  5.54150000e-09  0.00000000e+00  2.50000000e+00 -2.50808749e-12 
 5.54250000e-09  5.54250000e-09  0.00000000e+00  2.50000000e+00 -2.51193077e-12 
 5.54350000e-09  5.54350000e-09  0.00000000e+00  2.50000000e+00 -2.50808662e-12 
 5.54450000e-09  5.54450000e-09  0.00000000e+00  2.50000000e+00 -2.51193163e-12 
 5.54550000e-09  5.54550000e-09  0.00000000e+00  2.50000000e+00 -2.50808662e-12 
 5.54650000e-09  5.54650000e-09  0.00000000e+00  2.50000000e+00 -2.51193077e-12 
 5.54750000e-09  5.54750000e-09  0.00000000e+00  2.50000000e+00 -2.50808749e-12 
 5.54850000e-09  5.54850000e-09  0.00000000e+00  2.50000000e+00 -2.51193077e-12 
 5.54950000e-09  5.54950000e-09  0.00000000e+00  2.50000000e+00 -2.50808662e-12 
 5.55050000e-09  5.55050000e-09  0.00000000e+00  2.50000000e+00 -2.51193163e-12 
 5.55150000e-09  5.55150000e-09  0.00000000e+00  2.50000000e+00 -2.50808662e-12 
 5.55250000e-09  5.55250000e-09  0.00000000e+00  2.50000000e+00 -2.51193077e-12 
 5.55350000e-09  5.55350000e-09  0.00000000e+00  2.50000000e+00 -2.50808749e-12 
 5.55450000e-09  5.55450000e-09  0.00000000e+00  2.50000000e+00 -2.51193077e-12 
 5.55550000e-09  5.55550000e-09  0.00000000e+00  2.50000000e+00 -2.50808662e-12 
 5.55650000e-09  5.55650000e-09  0.00000000e+00  2.50000000e+00 -2.51193163e-12 
 5.55750000e-09  5.55750000e-09  0.00000000e+00  2.50000000e+00 -2.50808662e-12 
 5.55850000e-09  5.55850000e-09  0.00000000e+00  2.50000000e+00 -2.51193077e-12 
 5.55950000e-09  5.55950000e-09  0.00000000e+00  2.50000000e+00 -2.50808749e-12 
 5.56050000e-09  5.56050000e-09  0.00000000e+00  2.50000000e+00 -2.51193077e-12 
 5.56150000e-09  5.56150000e-09  0.00000000e+00  2.50000000e+00 -2.50808662e-12 
 5.56250000e-09  5.56250000e-09  0.00000000e+00  2.50000000e+00 -2.51193163e-12 
 5.56350000e-09  5.56350000e-09  0.00000000e+00  2.50000000e+00 -2.50808662e-12 
 5.56450000e-09  5.56450000e-09  0.00000000e+00  2.50000000e+00 -2.51193077e-12 
 5.56550000e-09  5.56550000e-09  0.00000000e+00  2.50000000e+00 -2.50808749e-12 
 5.56650000e-09  5.56650000e-09  0.00000000e+00  2.50000000e+00 -2.51193077e-12 
 5.56750000e-09  5.56750000e-09  0.00000000e+00  2.50000000e+00 -2.50808662e-12 
 5.56850000e-09  5.56850000e-09  0.00000000e+00  2.50000000e+00 -2.51193163e-12 
 5.56950000e-09  5.56950000e-09  0.00000000e+00  2.50000000e+00 -2.50808662e-12 
 5.57050000e-09  5.57050000e-09  0.00000000e+00  2.50000000e+00 -2.51193077e-12 
 5.57150000e-09  5.57150000e-09  0.00000000e+00  2.50000000e+00 -2.50808749e-12 
 5.57250000e-09  5.57250000e-09  0.00000000e+00  2.50000000e+00 -2.51193077e-12 
 5.57350000e-09  5.57350000e-09  0.00000000e+00  2.50000000e+00 -2.50808662e-12 
 5.57450000e-09  5.57450000e-09  0.00000000e+00  2.50000000e+00 -2.51193163e-12 
 5.57550000e-09  5.57550000e-09  0.00000000e+00  2.50000000e+00 -2.50808662e-12 
 5.57650000e-09  5.57650000e-09  0.00000000e+00  2.50000000e+00 -2.51193077e-12 
 5.57750000e-09  5.57750000e-09  0.00000000e+00  2.50000000e+00 -2.50808749e-12 
 5.57850000e-09  5.57850000e-09  0.00000000e+00  2.50000000e+00 -2.51193077e-12 
 5.57950000e-09  5.57950000e-09  0.00000000e+00  2.50000000e+00 -2.50808662e-12 
 5.58050000e-09  5.58050000e-09  0.00000000e+00  2.50000000e+00 -2.51193163e-12 
 5.58150000e-09  5.58150000e-09  0.00000000e+00  2.50000000e+00 -2.50808662e-12 
 5.58250000e-09  5.58250000e-09  0.00000000e+00  2.50000000e+00 -2.51193077e-12 
 5.58350000e-09  5.58350000e-09  0.00000000e+00  2.50000000e+00 -2.50808749e-12 
 5.58450000e-09  5.58450000e-09  0.00000000e+00  2.50000000e+00 -2.51193077e-12 
 5.58550000e-09  5.58550000e-09  0.00000000e+00  2.50000000e+00 -2.50808662e-12 
 5.58650000e-09  5.58650000e-09  0.00000000e+00  2.50000000e+00 -2.51193163e-12 
 5.58750000e-09  5.58750000e-09  0.00000000e+00  2.50000000e+00 -2.50808662e-12 
 5.58850000e-09  5.58850000e-09  0.00000000e+00  2.50000000e+00 -2.51193077e-12 
 5.58950000e-09  5.58950000e-09  0.00000000e+00  2.50000000e+00 -2.50808749e-12 
 5.59050000e-09  5.59050000e-09  0.00000000e+00  2.50000000e+00 -2.51193077e-12 
 5.59150000e-09  5.59150000e-09  0.00000000e+00  2.50000000e+00 -2.50808662e-12 
 5.59250000e-09  5.59250000e-09  0.00000000e+00  2.50000000e+00 -2.51193163e-12 
 5.59350000e-09  5.59350000e-09  0.00000000e+00  2.50000000e+00 -2.50808662e-12 
 5.59450000e-09  5.59450000e-09  0.00000000e+00  2.50000000e+00 -2.51193077e-12 
 5.59550000e-09  5.59550000e-09  0.00000000e+00  2.50000000e+00 -2.50808749e-12 
 5.59650000e-09  5.59650000e-09  0.00000000e+00  2.50000000e+00 -2.51193077e-12 
 5.59750000e-09  5.59750000e-09  0.00000000e+00  2.50000000e+00 -2.50808662e-12 
 5.59850000e-09  5.59850000e-09  0.00000000e+00  2.50000000e+00 -2.51193163e-12 
 5.59950000e-09  5.59950000e-09  0.00000000e+00  2.50000000e+00 -2.50808662e-12 
 5.60050000e-09  5.60050000e-09  0.00000000e+00  2.50000000e+00 -2.51193077e-12 
 5.60150000e-09  5.60150000e-09  0.00000000e+00  2.50000000e+00 -2.50808749e-12 
 5.60250000e-09  5.60250000e-09  0.00000000e+00  2.50000000e+00 -2.51193077e-12 
 5.60350000e-09  5.60350000e-09  0.00000000e+00  2.50000000e+00 -2.50808662e-12 
 5.60450000e-09  5.60450000e-09  0.00000000e+00  2.50000000e+00 -2.51193163e-12 
 5.60550000e-09  5.60550000e-09  0.00000000e+00  2.50000000e+00 -2.50808662e-12 
 5.60650000e-09  5.60650000e-09  0.00000000e+00  2.50000000e+00 -2.51193077e-12 
 5.60750000e-09  5.60750000e-09  0.00000000e+00  2.50000000e+00 -2.50808749e-12 
 5.60850000e-09  5.60850000e-09  0.00000000e+00  2.50000000e+00 -2.51193077e-12 
 5.60950000e-09  5.60950000e-09  0.00000000e+00  2.50000000e+00 -2.50808662e-12 
 5.61050000e-09  5.61050000e-09  0.00000000e+00  2.50000000e+00 -2.51193163e-12 
 5.61150000e-09  5.61150000e-09  0.00000000e+00  2.50000000e+00 -2.50808662e-12 
 5.61250000e-09  5.61250000e-09  0.00000000e+00  2.50000000e+00 -2.51193077e-12 
 5.61350000e-09  5.61350000e-09  0.00000000e+00  2.50000000e+00 -2.50808749e-12 
 5.61450000e-09  5.61450000e-09  0.00000000e+00  2.50000000e+00 -2.51193077e-12 
 5.61550000e-09  5.61550000e-09  0.00000000e+00  2.50000000e+00 -2.50808662e-12 
 5.61650000e-09  5.61650000e-09  0.00000000e+00  2.50000000e+00 -2.51193163e-12 
 5.61750000e-09  5.61750000e-09  0.00000000e+00  2.50000000e+00 -2.50808662e-12 
 5.61850000e-09  5.61850000e-09  0.00000000e+00  2.50000000e+00 -2.51193077e-12 
 5.61950000e-09  5.61950000e-09  0.00000000e+00  2.50000000e+00 -2.50808749e-12 
 5.62050000e-09  5.62050000e-09  0.00000000e+00  2.50000000e+00 -2.51193077e-12 
 5.62150000e-09  5.62150000e-09  0.00000000e+00  2.50000000e+00 -2.50808662e-12 
 5.62250000e-09  5.62250000e-09  0.00000000e+00  2.50000000e+00 -2.51193163e-12 
 5.62350000e-09  5.62350000e-09  0.00000000e+00  2.50000000e+00 -2.50808662e-12 
 5.62450000e-09  5.62450000e-09  0.00000000e+00  2.50000000e+00 -2.51193077e-12 
 5.62550000e-09  5.62550000e-09  0.00000000e+00  2.50000000e+00 -2.50808749e-12 
 5.62650000e-09  5.62650000e-09  0.00000000e+00  2.50000000e+00 -2.51193077e-12 
 5.62750000e-09  5.62750000e-09  0.00000000e+00  2.50000000e+00 -2.50808662e-12 
 5.62850000e-09  5.62850000e-09  0.00000000e+00  2.50000000e+00 -2.51193163e-12 
 5.62950000e-09  5.62950000e-09  0.00000000e+00  2.50000000e+00 -2.50808662e-12 
 5.63050000e-09  5.63050000e-09  0.00000000e+00  2.50000000e+00 -2.51193077e-12 
 5.63150000e-09  5.63150000e-09  0.00000000e+00  2.50000000e+00 -2.50808749e-12 
 5.63250000e-09  5.63250000e-09  0.00000000e+00  2.50000000e+00 -2.51193077e-12 
 5.63350000e-09  5.63350000e-09  0.00000000e+00  2.50000000e+00 -2.50808662e-12 
 5.63450000e-09  5.63450000e-09  0.00000000e+00  2.50000000e+00 -2.51193163e-12 
 5.63550000e-09  5.63550000e-09  0.00000000e+00  2.50000000e+00 -2.50808662e-12 
 5.63650000e-09  5.63650000e-09  0.00000000e+00  2.50000000e+00 -2.51193077e-12 
 5.63750000e-09  5.63750000e-09  0.00000000e+00  2.50000000e+00 -2.50808749e-12 
 5.63850000e-09  5.63850000e-09  0.00000000e+00  2.50000000e+00 -2.51193077e-12 
 5.63950000e-09  5.63950000e-09  0.00000000e+00  2.50000000e+00 -2.50808662e-12 
 5.64050000e-09  5.64050000e-09  0.00000000e+00  2.50000000e+00 -2.51193163e-12 
 5.64150000e-09  5.64150000e-09  0.00000000e+00  2.50000000e+00 -2.50808662e-12 
 5.64250000e-09  5.64250000e-09  0.00000000e+00  2.50000000e+00 -2.51193077e-12 
 5.64350000e-09  5.64350000e-09  0.00000000e+00  2.50000000e+00 -2.50808749e-12 
 5.64450000e-09  5.64450000e-09  0.00000000e+00  2.50000000e+00 -2.51193077e-12 
 5.64550000e-09  5.64550000e-09  0.00000000e+00  2.50000000e+00 -2.50808662e-12 
 5.64650000e-09  5.64650000e-09  0.00000000e+00  2.50000000e+00 -2.51193163e-12 
 5.64750000e-09  5.64750000e-09  0.00000000e+00  2.50000000e+00 -2.50808662e-12 
 5.64850000e-09  5.64850000e-09  0.00000000e+00  2.50000000e+00 -2.51193077e-12 
 5.64950000e-09  5.64950000e-09  0.00000000e+00  2.50000000e+00 -2.50808749e-12 
 5.65050000e-09  5.65050000e-09  0.00000000e+00  2.50000000e+00 -2.51193077e-12 
 5.65150000e-09  5.65150000e-09  0.00000000e+00  2.50000000e+00 -2.50808662e-12 
 5.65250000e-09  5.65250000e-09  0.00000000e+00  2.50000000e+00 -2.51193163e-12 
 5.65350000e-09  5.65350000e-09  0.00000000e+00  2.50000000e+00 -2.50808662e-12 
 5.65450000e-09  5.65450000e-09  0.00000000e+00  2.50000000e+00 -2.51193077e-12 
 5.65550000e-09  5.65550000e-09  0.00000000e+00  2.50000000e+00 -2.50808749e-12 
 5.65650000e-09  5.65650000e-09  0.00000000e+00  2.50000000e+00 -2.51193077e-12 
 5.65750000e-09  5.65750000e-09  0.00000000e+00  2.50000000e+00 -2.50808662e-12 
 5.65850000e-09  5.65850000e-09  0.00000000e+00  2.50000000e+00 -2.51193163e-12 
 5.65950000e-09  5.65950000e-09  0.00000000e+00  2.50000000e+00 -2.50808662e-12 
 5.66050000e-09  5.66050000e-09  0.00000000e+00  2.50000000e+00 -2.51193077e-12 
 5.66150000e-09  5.66150000e-09  0.00000000e+00  2.50000000e+00 -2.50808749e-12 
 5.66250000e-09  5.66250000e-09  0.00000000e+00  2.50000000e+00 -2.51193077e-12 
 5.66350000e-09  5.66350000e-09  0.00000000e+00  2.50000000e+00 -2.50808662e-12 
 5.66450000e-09  5.66450000e-09  0.00000000e+00  2.50000000e+00 -2.51193163e-12 
 5.66550000e-09  5.66550000e-09  0.00000000e+00  2.50000000e+00 -2.50808662e-12 
 5.66650000e-09  5.66650000e-09  0.00000000e+00  2.50000000e+00 -2.51193077e-12 
 5.66750000e-09  5.66750000e-09  0.00000000e+00  2.50000000e+00 -2.50808749e-12 
 5.66850000e-09  5.66850000e-09  0.00000000e+00  2.50000000e+00 -2.51193077e-12 
 5.66950000e-09  5.66950000e-09  0.00000000e+00  2.50000000e+00 -2.50808662e-12 
 5.67050000e-09  5.67050000e-09  0.00000000e+00  2.50000000e+00 -2.51193163e-12 
 5.67150000e-09  5.67150000e-09  0.00000000e+00  2.50000000e+00 -2.50808662e-12 
 5.67250000e-09  5.67250000e-09  0.00000000e+00  2.50000000e+00 -2.51193077e-12 
 5.67350000e-09  5.67350000e-09  0.00000000e+00  2.50000000e+00 -2.50808749e-12 
 5.67450000e-09  5.67450000e-09  0.00000000e+00  2.50000000e+00 -2.51193077e-12 
 5.67550000e-09  5.67550000e-09  0.00000000e+00  2.50000000e+00 -2.50808662e-12 
 5.67650000e-09  5.67650000e-09  0.00000000e+00  2.50000000e+00 -2.51193163e-12 
 5.67750000e-09  5.67750000e-09  0.00000000e+00  2.50000000e+00 -2.50808662e-12 
 5.67850000e-09  5.67850000e-09  0.00000000e+00  2.50000000e+00 -2.51193077e-12 
 5.67950000e-09  5.67950000e-09  0.00000000e+00  2.50000000e+00 -2.50808749e-12 
 5.68050000e-09  5.68050000e-09  0.00000000e+00  2.50000000e+00 -2.51193077e-12 
 5.68150000e-09  5.68150000e-09  0.00000000e+00  2.50000000e+00 -2.50808662e-12 
 5.68250000e-09  5.68250000e-09  0.00000000e+00  2.50000000e+00 -2.51193163e-12 
 5.68350000e-09  5.68350000e-09  0.00000000e+00  2.50000000e+00 -2.50808662e-12 
 5.68450000e-09  5.68450000e-09  0.00000000e+00  2.50000000e+00 -2.51193077e-12 
 5.68550000e-09  5.68550000e-09  0.00000000e+00  2.50000000e+00 -2.50808749e-12 
 5.68650000e-09  5.68650000e-09  0.00000000e+00  2.50000000e+00 -2.51193077e-12 
 5.68750000e-09  5.68750000e-09  0.00000000e+00  2.50000000e+00 -2.50808662e-12 
 5.68850000e-09  5.68850000e-09  0.00000000e+00  2.50000000e+00 -2.51193163e-12 
 5.68950000e-09  5.68950000e-09  0.00000000e+00  2.50000000e+00 -2.50808662e-12 
 5.69050000e-09  5.69050000e-09  0.00000000e+00  2.50000000e+00 -2.51193077e-12 
 5.69150000e-09  5.69150000e-09  0.00000000e+00  2.50000000e+00 -2.50808749e-12 
 5.69250000e-09  5.69250000e-09  0.00000000e+00  2.50000000e+00 -2.51193077e-12 
 5.69350000e-09  5.69350000e-09  0.00000000e+00  2.50000000e+00 -2.50808662e-12 
 5.69450000e-09  5.69450000e-09  0.00000000e+00  2.50000000e+00 -2.51193163e-12 
 5.69550000e-09  5.69550000e-09  0.00000000e+00  2.50000000e+00 -2.50808662e-12 
 5.69650000e-09  5.69650000e-09  0.00000000e+00  2.50000000e+00 -2.51193077e-12 
 5.69750000e-09  5.69750000e-09  0.00000000e+00  2.50000000e+00 -2.50808749e-12 
 5.69850000e-09  5.69850000e-09  0.00000000e+00  2.50000000e+00 -2.51193077e-12 
 5.69950000e-09  5.69950000e-09  0.00000000e+00  2.50000000e+00 -2.50808662e-12 
 5.70050000e-09  5.70050000e-09  0.00000000e+00  2.50000000e+00 -2.51193163e-12 
 5.70150000e-09  5.70150000e-09  0.00000000e+00  2.50000000e+00 -2.50808662e-12 
 5.70250000e-09  5.70250000e-09  0.00000000e+00  2.50000000e+00 -2.51193077e-12 
 5.70350000e-09  5.70350000e-09  0.00000000e+00  2.50000000e+00 -2.50808749e-12 
 5.70450000e-09  5.70450000e-09  0.00000000e+00  2.50000000e+00 -2.51193077e-12 
 5.70550000e-09  5.70550000e-09  0.00000000e+00  2.50000000e+00 -2.50808662e-12 
 5.70650000e-09  5.70650000e-09  0.00000000e+00  2.50000000e+00 -2.51193163e-12 
 5.70750000e-09  5.70750000e-09  0.00000000e+00  2.50000000e+00 -2.50808662e-12 
 5.70850000e-09  5.70850000e-09  0.00000000e+00  2.50000000e+00 -2.51193077e-12 
 5.70950000e-09  5.70950000e-09  0.00000000e+00  2.50000000e+00 -2.50808749e-12 
 5.71050000e-09  5.71050000e-09  0.00000000e+00  2.50000000e+00 -2.51193077e-12 
 5.71150000e-09  5.71150000e-09  0.00000000e+00  2.50000000e+00 -2.50808662e-12 
 5.71250000e-09  5.71250000e-09  0.00000000e+00  2.50000000e+00 -2.51193163e-12 
 5.71350000e-09  5.71350000e-09  0.00000000e+00  2.50000000e+00 -2.50808662e-12 
 5.71450000e-09  5.71450000e-09  0.00000000e+00  2.50000000e+00 -2.51193077e-12 
 5.71550000e-09  5.71550000e-09  0.00000000e+00  2.50000000e+00 -2.50808749e-12 
 5.71650000e-09  5.71650000e-09  0.00000000e+00  2.50000000e+00 -2.51193077e-12 
 5.71750000e-09  5.71750000e-09  0.00000000e+00  2.50000000e+00 -2.50808662e-12 
 5.71850000e-09  5.71850000e-09  0.00000000e+00  2.50000000e+00 -2.51193163e-12 
 5.71950000e-09  5.71950000e-09  0.00000000e+00  2.50000000e+00 -2.50808662e-12 
 5.72050000e-09  5.72050000e-09  0.00000000e+00  2.50000000e+00 -2.51193077e-12 
 5.72150000e-09  5.72150000e-09  0.00000000e+00  2.50000000e+00 -2.50808749e-12 
 5.72250000e-09  5.72250000e-09  0.00000000e+00  2.50000000e+00 -2.51193077e-12 
 5.72350000e-09  5.72350000e-09  0.00000000e+00  2.50000000e+00 -2.50808662e-12 
 5.72450000e-09  5.72450000e-09  0.00000000e+00  2.50000000e+00 -2.51193163e-12 
 5.72550000e-09  5.72550000e-09  0.00000000e+00  2.50000000e+00 -2.50808662e-12 
 5.72650000e-09  5.72650000e-09  0.00000000e+00  2.50000000e+00 -2.51193077e-12 
 5.72750000e-09  5.72750000e-09  0.00000000e+00  2.50000000e+00 -2.50808749e-12 
 5.72850000e-09  5.72850000e-09  0.00000000e+00  2.50000000e+00 -2.51193077e-12 
 5.72950000e-09  5.72950000e-09  0.00000000e+00  2.50000000e+00 -2.50808662e-12 
 5.73050000e-09  5.73050000e-09  0.00000000e+00  2.50000000e+00 -2.51193163e-12 
 5.73150000e-09  5.73150000e-09  0.00000000e+00  2.50000000e+00 -2.50808662e-12 
 5.73250000e-09  5.73250000e-09  0.00000000e+00  2.50000000e+00 -2.51193077e-12 
 5.73350000e-09  5.73350000e-09  0.00000000e+00  2.50000000e+00 -2.50808749e-12 
 5.73450000e-09  5.73450000e-09  0.00000000e+00  2.50000000e+00 -2.51193077e-12 
 5.73550000e-09  5.73550000e-09  0.00000000e+00  2.50000000e+00 -2.50808662e-12 
 5.73650000e-09  5.73650000e-09  0.00000000e+00  2.50000000e+00 -2.51193163e-12 
 5.73750000e-09  5.73750000e-09  0.00000000e+00  2.50000000e+00 -2.50808662e-12 
 5.73850000e-09  5.73850000e-09  0.00000000e+00  2.50000000e+00 -2.51193077e-12 
 5.73950000e-09  5.73950000e-09  0.00000000e+00  2.50000000e+00 -2.50808749e-12 
 5.74050000e-09  5.74050000e-09  0.00000000e+00  2.50000000e+00 -2.51193077e-12 
 5.74150000e-09  5.74150000e-09  0.00000000e+00  2.50000000e+00 -2.50808662e-12 
 5.74250000e-09  5.74250000e-09  0.00000000e+00  2.50000000e+00 -2.51193163e-12 
 5.74350000e-09  5.74350000e-09  0.00000000e+00  2.50000000e+00 -2.50808662e-12 
 5.74450000e-09  5.74450000e-09  0.00000000e+00  2.50000000e+00 -2.51193077e-12 
 5.74550000e-09  5.74550000e-09  0.00000000e+00  2.50000000e+00 -2.50808749e-12 
 5.74650000e-09  5.74650000e-09  0.00000000e+00  2.50000000e+00 -2.51193077e-12 
 5.74750000e-09  5.74750000e-09  0.00000000e+00  2.50000000e+00 -2.50808662e-12 
 5.74850000e-09  5.74850000e-09  0.00000000e+00  2.50000000e+00 -2.51193163e-12 
 5.74950000e-09  5.74950000e-09  0.00000000e+00  2.50000000e+00 -2.50808662e-12 
 5.75050000e-09  5.75050000e-09  0.00000000e+00  2.50000000e+00 -2.51193077e-12 
 5.75150000e-09  5.75150000e-09  0.00000000e+00  2.50000000e+00 -2.50808749e-12 
 5.75250000e-09  5.75250000e-09  0.00000000e+00  2.50000000e+00 -2.51193077e-12 
 5.75350000e-09  5.75350000e-09  0.00000000e+00  2.50000000e+00 -2.50808662e-12 
 5.75450000e-09  5.75450000e-09  0.00000000e+00  2.50000000e+00 -2.51193163e-12 
 5.75550000e-09  5.75550000e-09  0.00000000e+00  2.50000000e+00 -2.50808662e-12 
 5.75650000e-09  5.75650000e-09  0.00000000e+00  2.50000000e+00 -2.51193077e-12 
 5.75750000e-09  5.75750000e-09  0.00000000e+00  2.50000000e+00 -2.50808749e-12 
 5.75850000e-09  5.75850000e-09  0.00000000e+00  2.50000000e+00 -2.51193077e-12 
 5.75950000e-09  5.75950000e-09  0.00000000e+00  2.50000000e+00 -2.50808662e-12 
 5.76050000e-09  5.76050000e-09  0.00000000e+00  2.50000000e+00 -2.51193163e-12 
 5.76150000e-09  5.76150000e-09  0.00000000e+00  2.50000000e+00 -2.50808662e-12 
 5.76250000e-09  5.76250000e-09  0.00000000e+00  2.50000000e+00 -2.51193077e-12 
 5.76350000e-09  5.76350000e-09  0.00000000e+00  2.50000000e+00 -2.50808749e-12 
 5.76450000e-09  5.76450000e-09  0.00000000e+00  2.50000000e+00 -2.51193077e-12 
 5.76550000e-09  5.76550000e-09  0.00000000e+00  2.50000000e+00 -2.50808662e-12 
 5.76650000e-09  5.76650000e-09  0.00000000e+00  2.50000000e+00 -2.51193163e-12 
 5.76750000e-09  5.76750000e-09  0.00000000e+00  2.50000000e+00 -2.50808662e-12 
 5.76850000e-09  5.76850000e-09  0.00000000e+00  2.50000000e+00 -2.51193077e-12 
 5.76950000e-09  5.76950000e-09  0.00000000e+00  2.50000000e+00 -2.50808749e-12 
 5.77050000e-09  5.77050000e-09  0.00000000e+00  2.50000000e+00 -2.51193077e-12 
 5.77150000e-09  5.77150000e-09  0.00000000e+00  2.50000000e+00 -2.50808662e-12 
 5.77250000e-09  5.77250000e-09  0.00000000e+00  2.50000000e+00 -2.51193163e-12 
 5.77350000e-09  5.77350000e-09  0.00000000e+00  2.50000000e+00 -2.50808662e-12 
 5.77450000e-09  5.77450000e-09  0.00000000e+00  2.50000000e+00 -2.51193077e-12 
 5.77550000e-09  5.77550000e-09  0.00000000e+00  2.50000000e+00 -2.50808749e-12 
 5.77650000e-09  5.77650000e-09  0.00000000e+00  2.50000000e+00 -2.51193077e-12 
 5.77750000e-09  5.77750000e-09  0.00000000e+00  2.50000000e+00 -2.50808662e-12 
 5.77850000e-09  5.77850000e-09  0.00000000e+00  2.50000000e+00 -2.51193163e-12 
 5.77950000e-09  5.77950000e-09  0.00000000e+00  2.50000000e+00 -2.50808662e-12 
 5.78050000e-09  5.78050000e-09  0.00000000e+00  2.50000000e+00 -2.51193077e-12 
 5.78150000e-09  5.78150000e-09  0.00000000e+00  2.50000000e+00 -2.50808749e-12 
 5.78250000e-09  5.78250000e-09  0.00000000e+00  2.50000000e+00 -2.51193077e-12 
 5.78350000e-09  5.78350000e-09  0.00000000e+00  2.50000000e+00 -2.50808662e-12 
 5.78450000e-09  5.78450000e-09  0.00000000e+00  2.50000000e+00 -2.51193163e-12 
 5.78550000e-09  5.78550000e-09  0.00000000e+00  2.50000000e+00 -2.50808662e-12 
 5.78650000e-09  5.78650000e-09  0.00000000e+00  2.50000000e+00 -2.51193077e-12 
 5.78750000e-09  5.78750000e-09  0.00000000e+00  2.50000000e+00 -2.50808749e-12 
 5.78850000e-09  5.78850000e-09  0.00000000e+00  2.50000000e+00 -2.51193077e-12 
 5.78950000e-09  5.78950000e-09  0.00000000e+00  2.50000000e+00 -2.50808662e-12 
 5.79050000e-09  5.79050000e-09  0.00000000e+00  2.50000000e+00 -2.51193163e-12 
 5.79150000e-09  5.79150000e-09  0.00000000e+00  2.50000000e+00 -2.50808662e-12 
 5.79250000e-09  5.79250000e-09  0.00000000e+00  2.50000000e+00 -2.51193077e-12 
 5.79350000e-09  5.79350000e-09  0.00000000e+00  2.50000000e+00 -2.50808749e-12 
 5.79450000e-09  5.79450000e-09  0.00000000e+00  2.50000000e+00 -2.51193077e-12 
 5.79550000e-09  5.79550000e-09  0.00000000e+00  2.50000000e+00 -2.50808662e-12 
 5.79650000e-09  5.79650000e-09  0.00000000e+00  2.50000000e+00 -2.51193163e-12 
 5.79750000e-09  5.79750000e-09  0.00000000e+00  2.50000000e+00 -2.50808662e-12 
 5.79850000e-09  5.79850000e-09  0.00000000e+00  2.50000000e+00 -2.51193077e-12 
 5.79950000e-09  5.79950000e-09  0.00000000e+00  2.50000000e+00 -2.50808749e-12 
 5.80050000e-09  5.80050000e-09  0.00000000e+00  2.50000000e+00 -2.51193077e-12 
 5.80150000e-09  5.80150000e-09  0.00000000e+00  2.50000000e+00 -2.50808662e-12 
 5.80250000e-09  5.80250000e-09  0.00000000e+00  2.50000000e+00 -2.51193163e-12 
 5.80350000e-09  5.80350000e-09  0.00000000e+00  2.50000000e+00 -2.50808662e-12 
 5.80450000e-09  5.80450000e-09  0.00000000e+00  2.50000000e+00 -2.51193077e-12 
 5.80550000e-09  5.80550000e-09  0.00000000e+00  2.50000000e+00 -2.50808749e-12 
 5.80650000e-09  5.80650000e-09  0.00000000e+00  2.50000000e+00 -2.51193077e-12 
 5.80750000e-09  5.80750000e-09  0.00000000e+00  2.50000000e+00 -2.50808662e-12 
 5.80850000e-09  5.80850000e-09  0.00000000e+00  2.50000000e+00 -2.51193163e-12 
 5.80950000e-09  5.80950000e-09  0.00000000e+00  2.50000000e+00 -2.50808662e-12 
 5.81050000e-09  5.81050000e-09  0.00000000e+00  2.50000000e+00 -2.51193077e-12 
 5.81150000e-09  5.81150000e-09  0.00000000e+00  2.50000000e+00 -2.50808749e-12 
 5.81250000e-09  5.81250000e-09  0.00000000e+00  2.50000000e+00 -2.51193077e-12 
 5.81350000e-09  5.81350000e-09  0.00000000e+00  2.50000000e+00 -2.50808662e-12 
 5.81450000e-09  5.81450000e-09  0.00000000e+00  2.50000000e+00 -2.51193163e-12 
 5.81550000e-09  5.81550000e-09  0.00000000e+00  2.50000000e+00 -2.50808662e-12 
 5.81650000e-09  5.81650000e-09  0.00000000e+00  2.50000000e+00 -2.51193077e-12 
 5.81750000e-09  5.81750000e-09  0.00000000e+00  2.50000000e+00 -2.50808749e-12 
 5.81850000e-09  5.81850000e-09  0.00000000e+00  2.50000000e+00 -2.51193077e-12 
 5.81950000e-09  5.81950000e-09  0.00000000e+00  2.50000000e+00 -2.50808662e-12 
 5.82050000e-09  5.82050000e-09  0.00000000e+00  2.50000000e+00 -2.51193163e-12 
 5.82150000e-09  5.82150000e-09  0.00000000e+00  2.50000000e+00 -2.50808662e-12 
 5.82250000e-09  5.82250000e-09  0.00000000e+00  2.50000000e+00 -2.51193077e-12 
 5.82350000e-09  5.82350000e-09  0.00000000e+00  2.50000000e+00 -2.50808749e-12 
 5.82450000e-09  5.82450000e-09  0.00000000e+00  2.50000000e+00 -2.51193077e-12 
 5.82550000e-09  5.82550000e-09  0.00000000e+00  2.50000000e+00 -2.50808662e-12 
 5.82650000e-09  5.82650000e-09  0.00000000e+00  2.50000000e+00 -2.51193163e-12 
 5.82750000e-09  5.82750000e-09  0.00000000e+00  2.50000000e+00 -2.50808662e-12 
 5.82850000e-09  5.82850000e-09  0.00000000e+00  2.50000000e+00 -2.51193077e-12 
 5.82950000e-09  5.82950000e-09  0.00000000e+00  2.50000000e+00 -2.50808749e-12 
 5.83050000e-09  5.83050000e-09  0.00000000e+00  2.50000000e+00 -2.51193077e-12 
 5.83150000e-09  5.83150000e-09  0.00000000e+00  2.50000000e+00 -2.50808662e-12 
 5.83250000e-09  5.83250000e-09  0.00000000e+00  2.50000000e+00 -2.51193163e-12 
 5.83350000e-09  5.83350000e-09  0.00000000e+00  2.50000000e+00 -2.50808662e-12 
 5.83450000e-09  5.83450000e-09  0.00000000e+00  2.50000000e+00 -2.51193077e-12 
 5.83550000e-09  5.83550000e-09  0.00000000e+00  2.50000000e+00 -2.50808749e-12 
 5.83650000e-09  5.83650000e-09  0.00000000e+00  2.50000000e+00 -2.51193077e-12 
 5.83750000e-09  5.83750000e-09  0.00000000e+00  2.50000000e+00 -2.50808662e-12 
 5.83850000e-09  5.83850000e-09  0.00000000e+00  2.50000000e+00 -2.51193163e-12 
 5.83950000e-09  5.83950000e-09  0.00000000e+00  2.50000000e+00 -2.50808662e-12 
 5.84050000e-09  5.84050000e-09  0.00000000e+00  2.50000000e+00 -2.51193077e-12 
 5.84150000e-09  5.84150000e-09  0.00000000e+00  2.50000000e+00 -2.50808749e-12 
 5.84250000e-09  5.84250000e-09  0.00000000e+00  2.50000000e+00 -2.51193077e-12 
 5.84350000e-09  5.84350000e-09  0.00000000e+00  2.50000000e+00 -2.50808662e-12 
 5.84450000e-09  5.84450000e-09  0.00000000e+00  2.50000000e+00 -2.51193163e-12 
 5.84550000e-09  5.84550000e-09  0.00000000e+00  2.50000000e+00 -2.50808662e-12 
 5.84650000e-09  5.84650000e-09  0.00000000e+00  2.50000000e+00 -2.51193077e-12 
 5.84750000e-09  5.84750000e-09  0.00000000e+00  2.50000000e+00 -2.50808749e-12 
 5.84850000e-09  5.84850000e-09  0.00000000e+00  2.50000000e+00 -2.51193077e-12 
 5.84950000e-09  5.84950000e-09  0.00000000e+00  2.50000000e+00 -2.50808662e-12 
 5.85050000e-09  5.85050000e-09  0.00000000e+00  2.50000000e+00 -2.51193163e-12 
 5.85150000e-09  5.85150000e-09  0.00000000e+00  2.50000000e+00 -2.50808662e-12 
 5.85250000e-09  5.85250000e-09  0.00000000e+00  2.50000000e+00 -2.51193077e-12 
 5.85350000e-09  5.85350000e-09  0.00000000e+00  2.50000000e+00 -2.50808749e-12 
 5.85450000e-09  5.85450000e-09  0.00000000e+00  2.50000000e+00 -2.51193077e-12 
 5.85550000e-09  5.85550000e-09  0.00000000e+00  2.50000000e+00 -2.50808662e-12 
 5.85650000e-09  5.85650000e-09  0.00000000e+00  2.50000000e+00 -2.51193163e-12 
 5.85750000e-09  5.85750000e-09  0.00000000e+00  2.50000000e+00 -2.50808662e-12 
 5.85850000e-09  5.85850000e-09  0.00000000e+00  2.50000000e+00 -2.51193077e-12 
 5.85950000e-09  5.85950000e-09  0.00000000e+00  2.50000000e+00 -2.50808749e-12 
 5.86050000e-09  5.86050000e-09  0.00000000e+00  2.50000000e+00 -2.51193077e-12 
 5.86150000e-09  5.86150000e-09  0.00000000e+00  2.50000000e+00 -2.50808662e-12 
 5.86250000e-09  5.86250000e-09  0.00000000e+00  2.50000000e+00 -2.51193163e-12 
 5.86350000e-09  5.86350000e-09  0.00000000e+00  2.50000000e+00 -2.50808662e-12 
 5.86450000e-09  5.86450000e-09  0.00000000e+00  2.50000000e+00 -2.51193077e-12 
 5.86550000e-09  5.86550000e-09  0.00000000e+00  2.50000000e+00 -2.50808749e-12 
 5.86650000e-09  5.86650000e-09  0.00000000e+00  2.50000000e+00 -2.51193077e-12 
 5.86750000e-09  5.86750000e-09  0.00000000e+00  2.50000000e+00 -2.50808662e-12 
 5.86850000e-09  5.86850000e-09  0.00000000e+00  2.50000000e+00 -2.51193163e-12 
 5.86950000e-09  5.86950000e-09  0.00000000e+00  2.50000000e+00 -2.50808662e-12 
 5.87050000e-09  5.87050000e-09  0.00000000e+00  2.50000000e+00 -2.51193077e-12 
 5.87150000e-09  5.87150000e-09  0.00000000e+00  2.50000000e+00 -2.50808749e-12 
 5.87250000e-09  5.87250000e-09  0.00000000e+00  2.50000000e+00 -2.51193077e-12 
 5.87350000e-09  5.87350000e-09  0.00000000e+00  2.50000000e+00 -2.50808662e-12 
 5.87450000e-09  5.87450000e-09  0.00000000e+00  2.50000000e+00 -2.51193163e-12 
 5.87550000e-09  5.87550000e-09  0.00000000e+00  2.50000000e+00 -2.50808662e-12 
 5.87650000e-09  5.87650000e-09  0.00000000e+00  2.50000000e+00 -2.51193077e-12 
 5.87750000e-09  5.87750000e-09  0.00000000e+00  2.50000000e+00 -2.50808749e-12 
 5.87850000e-09  5.87850000e-09  0.00000000e+00  2.50000000e+00 -2.51193077e-12 
 5.87950000e-09  5.87950000e-09  0.00000000e+00  2.50000000e+00 -2.50808662e-12 
 5.88050000e-09  5.88050000e-09  0.00000000e+00  2.50000000e+00 -2.51193163e-12 
 5.88150000e-09  5.88150000e-09  0.00000000e+00  2.50000000e+00 -2.50808662e-12 
 5.88250000e-09  5.88250000e-09  0.00000000e+00  2.50000000e+00 -2.51193077e-12 
 5.88350000e-09  5.88350000e-09  0.00000000e+00  2.50000000e+00 -2.50808749e-12 
 5.88450000e-09  5.88450000e-09  0.00000000e+00  2.50000000e+00 -2.51193077e-12 
 5.88550000e-09  5.88550000e-09  0.00000000e+00  2.50000000e+00 -2.50808662e-12 
 5.88650000e-09  5.88650000e-09  0.00000000e+00  2.50000000e+00 -2.51193163e-12 
 5.88750000e-09  5.88750000e-09  0.00000000e+00  2.50000000e+00 -2.50808662e-12 
 5.88850000e-09  5.88850000e-09  0.00000000e+00  2.50000000e+00 -2.51193077e-12 
 5.88950000e-09  5.88950000e-09  0.00000000e+00  2.50000000e+00 -2.50808749e-12 
 5.89050000e-09  5.89050000e-09  0.00000000e+00  2.50000000e+00 -2.51193077e-12 
 5.89150000e-09  5.89150000e-09  0.00000000e+00  2.50000000e+00 -2.50808662e-12 
 5.89250000e-09  5.89250000e-09  0.00000000e+00  2.50000000e+00 -2.51193163e-12 
 5.89350000e-09  5.89350000e-09  0.00000000e+00  2.50000000e+00 -2.50808662e-12 
 5.89450000e-09  5.89450000e-09  0.00000000e+00  2.50000000e+00 -2.51193077e-12 
 5.89550000e-09  5.89550000e-09  0.00000000e+00  2.50000000e+00 -2.50808749e-12 
 5.89650000e-09  5.89650000e-09  0.00000000e+00  2.50000000e+00 -2.51193077e-12 
 5.89750000e-09  5.89750000e-09  0.00000000e+00  2.50000000e+00 -2.50808662e-12 
 5.89850000e-09  5.89850000e-09  0.00000000e+00  2.50000000e+00 -2.51193163e-12 
 5.89950000e-09  5.89950000e-09  0.00000000e+00  2.50000000e+00 -2.50808662e-12 
 5.90050000e-09  5.90050000e-09  0.00000000e+00  2.50000000e+00 -2.51193077e-12 
 5.90150000e-09  5.90150000e-09  0.00000000e+00  2.50000000e+00 -2.50808749e-12 
 5.90250000e-09  5.90250000e-09  0.00000000e+00  2.50000000e+00 -2.51193077e-12 
 5.90350000e-09  5.90350000e-09  0.00000000e+00  2.50000000e+00 -2.50808662e-12 
 5.90450000e-09  5.90450000e-09  0.00000000e+00  2.50000000e+00 -2.51193163e-12 
 5.90550000e-09  5.90550000e-09  0.00000000e+00  2.50000000e+00 -2.50808662e-12 
 5.90650000e-09  5.90650000e-09  0.00000000e+00  2.50000000e+00 -2.51193077e-12 
 5.90750000e-09  5.90750000e-09  0.00000000e+00  2.50000000e+00 -2.50808749e-12 
 5.90850000e-09  5.90850000e-09  0.00000000e+00  2.50000000e+00 -2.51193077e-12 
 5.90950000e-09  5.90950000e-09  0.00000000e+00  2.50000000e+00 -2.50808662e-12 
 5.91050000e-09  5.91050000e-09  0.00000000e+00  2.50000000e+00 -2.51193163e-12 
 5.91150000e-09  5.91150000e-09  0.00000000e+00  2.50000000e+00 -2.50808662e-12 
 5.91250000e-09  5.91250000e-09  0.00000000e+00  2.50000000e+00 -2.51193077e-12 
 5.91350000e-09  5.91350000e-09  0.00000000e+00  2.50000000e+00 -2.50808749e-12 
 5.91450000e-09  5.91450000e-09  0.00000000e+00  2.50000000e+00 -2.51193077e-12 
 5.91550000e-09  5.91550000e-09  0.00000000e+00  2.50000000e+00 -2.50808662e-12 
 5.91650000e-09  5.91650000e-09  0.00000000e+00  2.50000000e+00 -2.51193163e-12 
 5.91750000e-09  5.91750000e-09  0.00000000e+00  2.50000000e+00 -2.50808662e-12 
 5.91850000e-09  5.91850000e-09  0.00000000e+00  2.50000000e+00 -2.51193077e-12 
 5.91950000e-09  5.91950000e-09  0.00000000e+00  2.50000000e+00 -2.50808749e-12 
 5.92050000e-09  5.92050000e-09  0.00000000e+00  2.50000000e+00 -2.51193077e-12 
 5.92150000e-09  5.92150000e-09  0.00000000e+00  2.50000000e+00 -2.50808662e-12 
 5.92250000e-09  5.92250000e-09  0.00000000e+00  2.50000000e+00 -2.51193163e-12 
 5.92350000e-09  5.92350000e-09  0.00000000e+00  2.50000000e+00 -2.50808662e-12 
 5.92450000e-09  5.92450000e-09  0.00000000e+00  2.50000000e+00 -2.51193077e-12 
 5.92550000e-09  5.92550000e-09  0.00000000e+00  2.50000000e+00 -2.50808749e-12 
 5.92650000e-09  5.92650000e-09  0.00000000e+00  2.50000000e+00 -2.51193077e-12 
 5.92750000e-09  5.92750000e-09  0.00000000e+00  2.50000000e+00 -2.50808662e-12 
 5.92850000e-09  5.92850000e-09  0.00000000e+00  2.50000000e+00 -2.51193163e-12 
 5.92950000e-09  5.92950000e-09  0.00000000e+00  2.50000000e+00 -2.50808662e-12 
 5.93050000e-09  5.93050000e-09  0.00000000e+00  2.50000000e+00 -2.51193077e-12 
 5.93150000e-09  5.93150000e-09  0.00000000e+00  2.50000000e+00 -2.50808749e-12 
 5.93250000e-09  5.93250000e-09  0.00000000e+00  2.50000000e+00 -2.51193077e-12 
 5.93350000e-09  5.93350000e-09  0.00000000e+00  2.50000000e+00 -2.50808662e-12 
 5.93450000e-09  5.93450000e-09  0.00000000e+00  2.50000000e+00 -2.51193163e-12 
 5.93550000e-09  5.93550000e-09  0.00000000e+00  2.50000000e+00 -2.50808662e-12 
 5.93650000e-09  5.93650000e-09  0.00000000e+00  2.50000000e+00 -2.51193077e-12 
 5.93750000e-09  5.93750000e-09  0.00000000e+00  2.50000000e+00 -2.50808749e-12 
 5.93850000e-09  5.93850000e-09  0.00000000e+00  2.50000000e+00 -2.51193077e-12 
 5.93950000e-09  5.93950000e-09  0.00000000e+00  2.50000000e+00 -2.50808662e-12 
 5.94050000e-09  5.94050000e-09  0.00000000e+00  2.50000000e+00 -2.51193163e-12 
 5.94150000e-09  5.94150000e-09  0.00000000e+00  2.50000000e+00 -2.50808662e-12 
 5.94250000e-09  5.94250000e-09  0.00000000e+00  2.50000000e+00 -2.51193077e-12 
 5.94350000e-09  5.94350000e-09  0.00000000e+00  2.50000000e+00 -2.50808749e-12 
 5.94450000e-09  5.94450000e-09  0.00000000e+00  2.50000000e+00 -2.51193077e-12 
 5.94550000e-09  5.94550000e-09  0.00000000e+00  2.50000000e+00 -2.50808662e-12 
 5.94650000e-09  5.94650000e-09  0.00000000e+00  2.50000000e+00 -2.51193163e-12 
 5.94750000e-09  5.94750000e-09  0.00000000e+00  2.50000000e+00 -2.50808662e-12 
 5.94850000e-09  5.94850000e-09  0.00000000e+00  2.50000000e+00 -2.51193077e-12 
 5.94950000e-09  5.94950000e-09  0.00000000e+00  2.50000000e+00 -2.50808749e-12 
 5.95050000e-09  5.95050000e-09  0.00000000e+00  2.50000000e+00 -2.51193077e-12 
 5.95150000e-09  5.95150000e-09  0.00000000e+00  2.50000000e+00 -2.50808662e-12 
 5.95250000e-09  5.95250000e-09  0.00000000e+00  2.50000000e+00 -2.51193163e-12 
 5.95350000e-09  5.95350000e-09  0.00000000e+00  2.50000000e+00 -2.50808662e-12 
 5.95450000e-09  5.95450000e-09  0.00000000e+00  2.50000000e+00 -2.51193077e-12 
 5.95550000e-09  5.95550000e-09  0.00000000e+00  2.50000000e+00 -2.50808749e-12 
 5.95650000e-09  5.95650000e-09  0.00000000e+00  2.50000000e+00 -2.51193077e-12 
 5.95750000e-09  5.95750000e-09  0.00000000e+00  2.50000000e+00 -2.50808662e-12 
 5.95850000e-09  5.95850000e-09  0.00000000e+00  2.50000000e+00 -2.51193163e-12 
 5.95950000e-09  5.95950000e-09  0.00000000e+00  2.50000000e+00 -2.50808662e-12 
 5.96050000e-09  5.96050000e-09  0.00000000e+00  2.50000000e+00 -2.51193077e-12 
 5.96150000e-09  5.96150000e-09  0.00000000e+00  2.50000000e+00 -2.50808749e-12 
 5.96250000e-09  5.96250000e-09  0.00000000e+00  2.50000000e+00 -2.51193077e-12 
 5.96350000e-09  5.96350000e-09  0.00000000e+00  2.50000000e+00 -2.50808662e-12 
 5.96450000e-09  5.96450000e-09  0.00000000e+00  2.50000000e+00 -2.51193163e-12 
 5.96550000e-09  5.96550000e-09  0.00000000e+00  2.50000000e+00 -2.50808662e-12 
 5.96650000e-09  5.96650000e-09  0.00000000e+00  2.50000000e+00 -2.51193077e-12 
 5.96750000e-09  5.96750000e-09  0.00000000e+00  2.50000000e+00 -2.50808749e-12 
 5.96850000e-09  5.96850000e-09  0.00000000e+00  2.50000000e+00 -2.51193077e-12 
 5.96950000e-09  5.96950000e-09  0.00000000e+00  2.50000000e+00 -2.50808662e-12 
 5.97050000e-09  5.97050000e-09  0.00000000e+00  2.50000000e+00 -2.51193163e-12 
 5.97150000e-09  5.97150000e-09  0.00000000e+00  2.50000000e+00 -2.50808662e-12 
 5.97250000e-09  5.97250000e-09  0.00000000e+00  2.50000000e+00 -2.51193077e-12 
 5.97350000e-09  5.97350000e-09  0.00000000e+00  2.50000000e+00 -2.50808749e-12 
 5.97450000e-09  5.97450000e-09  0.00000000e+00  2.50000000e+00 -2.51193077e-12 
 5.97550000e-09  5.97550000e-09  0.00000000e+00  2.50000000e+00 -2.50808662e-12 
 5.97650000e-09  5.97650000e-09  0.00000000e+00  2.50000000e+00 -2.51193163e-12 
 5.97750000e-09  5.97750000e-09  0.00000000e+00  2.50000000e+00 -2.50808662e-12 
 5.97850000e-09  5.97850000e-09  0.00000000e+00  2.50000000e+00 -2.51193077e-12 
 5.97950000e-09  5.97950000e-09  0.00000000e+00  2.50000000e+00 -2.50808749e-12 
 5.98050000e-09  5.98050000e-09  0.00000000e+00  2.50000000e+00 -2.51193077e-12 
 5.98150000e-09  5.98150000e-09  0.00000000e+00  2.50000000e+00 -2.50808662e-12 
 5.98250000e-09  5.98250000e-09  0.00000000e+00  2.50000000e+00 -2.51193163e-12 
 5.98350000e-09  5.98350000e-09  0.00000000e+00  2.50000000e+00 -2.50808662e-12 
 5.98450000e-09  5.98450000e-09  0.00000000e+00  2.50000000e+00 -2.51193077e-12 
 5.98550000e-09  5.98550000e-09  0.00000000e+00  2.50000000e+00 -2.50808749e-12 
 5.98650000e-09  5.98650000e-09  0.00000000e+00  2.50000000e+00 -2.51193077e-12 
 5.98750000e-09  5.98750000e-09  0.00000000e+00  2.50000000e+00 -2.50808662e-12 
 5.98850000e-09  5.98850000e-09  0.00000000e+00  2.50000000e+00 -2.51193163e-12 
 5.98950000e-09  5.98950000e-09  0.00000000e+00  2.50000000e+00 -2.50808662e-12 
 5.99050000e-09  5.99050000e-09  0.00000000e+00  2.50000000e+00 -2.51193077e-12 
 5.99150000e-09  5.99150000e-09  0.00000000e+00  2.50000000e+00 -2.50808749e-12 
 5.99250000e-09  5.99250000e-09  0.00000000e+00  2.50000000e+00 -2.51193077e-12 
 5.99350000e-09  5.99350000e-09  0.00000000e+00  2.50000000e+00 -2.50808662e-12 
 5.99450000e-09  5.99450000e-09  0.00000000e+00  2.50000000e+00 -2.51193163e-12 
 5.99550000e-09  5.99550000e-09  0.00000000e+00  2.50000000e+00 -2.50808662e-12 
 5.99650000e-09  5.99650000e-09  0.00000000e+00  2.50000000e+00 -2.51193077e-12 
 5.99750000e-09  5.99750000e-09  0.00000000e+00  2.50000000e+00 -2.50808749e-12 
 5.99850000e-09  5.99850000e-09  0.00000000e+00  2.50000000e+00 -2.51193077e-12 
 5.99950000e-09  5.99950000e-09  0.00000000e+00  2.50000000e+00 -2.50808662e-12 
 6.00050000e-09  6.00050000e-09  0.00000000e+00  2.50000000e+00 -2.51193163e-12 
 6.00150000e-09  6.00150000e-09  0.00000000e+00  2.50000000e+00 -2.50808662e-12 
 6.00250000e-09  6.00250000e-09  0.00000000e+00  2.50000000e+00 -2.51193077e-12 
 6.00350000e-09  6.00350000e-09  0.00000000e+00  2.50000000e+00 -2.50808749e-12 
 6.00450000e-09  6.00450000e-09  0.00000000e+00  2.50000000e+00 -2.51193077e-12 
 6.00550000e-09  6.00550000e-09  0.00000000e+00  2.50000000e+00 -2.50808662e-12 
 6.00650000e-09  6.00650000e-09  0.00000000e+00  2.50000000e+00 -2.51193163e-12 
 6.00750000e-09  6.00750000e-09  0.00000000e+00  2.50000000e+00 -2.50808662e-12 
 6.00850000e-09  6.00850000e-09  0.00000000e+00  2.50000000e+00 -2.51193077e-12 
 6.00950000e-09  6.00950000e-09  0.00000000e+00  2.50000000e+00 -2.50808749e-12 
 6.01050000e-09  6.01050000e-09  0.00000000e+00  2.50000000e+00 -2.51193077e-12 
 6.01150000e-09  6.01150000e-09  0.00000000e+00  2.50000000e+00 -2.50808662e-12 
 6.01250000e-09  6.01250000e-09  0.00000000e+00  2.50000000e+00 -2.51193163e-12 
 6.01350000e-09  6.01350000e-09  0.00000000e+00  2.50000000e+00 -2.50808662e-12 
 6.01450000e-09  6.01450000e-09  0.00000000e+00  2.50000000e+00 -2.51193077e-12 
 6.01550000e-09  6.01550000e-09  0.00000000e+00  2.50000000e+00 -2.50808749e-12 
 6.01650000e-09  6.01650000e-09  0.00000000e+00  2.50000000e+00 -2.51193077e-12 
 6.01750000e-09  6.01750000e-09  0.00000000e+00  2.50000000e+00 -2.50808662e-12 
 6.01850000e-09  6.01850000e-09  0.00000000e+00  2.50000000e+00 -2.51193163e-12 
 6.01950000e-09  6.01950000e-09  0.00000000e+00  2.50000000e+00 -2.50808662e-12 
 6.02050000e-09  6.02050000e-09  0.00000000e+00  2.50000000e+00 -2.51193077e-12 
 6.02150000e-09  6.02150000e-09  0.00000000e+00  2.50000000e+00 -2.50808749e-12 
 6.02250000e-09  6.02250000e-09  0.00000000e+00  2.50000000e+00 -2.51193077e-12 
 6.02350000e-09  6.02350000e-09  0.00000000e+00  2.50000000e+00 -2.50808662e-12 
 6.02450000e-09  6.02450000e-09  0.00000000e+00  2.50000000e+00 -2.51193163e-12 
 6.02550000e-09  6.02550000e-09  0.00000000e+00  2.50000000e+00 -2.50808662e-12 
 6.02650000e-09  6.02650000e-09  0.00000000e+00  2.50000000e+00 -2.51193077e-12 
 6.02750000e-09  6.02750000e-09  0.00000000e+00  2.50000000e+00 -2.50808749e-12 
 6.02850000e-09  6.02850000e-09  0.00000000e+00  2.50000000e+00 -2.51193077e-12 
 6.02950000e-09  6.02950000e-09  0.00000000e+00  2.50000000e+00 -2.50808662e-12 
 6.03050000e-09  6.03050000e-09  0.00000000e+00  2.50000000e+00 -2.51193163e-12 
 6.03150000e-09  6.03150000e-09  0.00000000e+00  2.50000000e+00 -2.50808662e-12 
 6.03250000e-09  6.03250000e-09  0.00000000e+00  2.50000000e+00 -2.51193077e-12 
 6.03350000e-09  6.03350000e-09  0.00000000e+00  2.50000000e+00 -2.50808749e-12 
 6.03450000e-09  6.03450000e-09  0.00000000e+00  2.50000000e+00 -2.51193077e-12 
 6.03550000e-09  6.03550000e-09  0.00000000e+00  2.50000000e+00 -2.50808662e-12 
 6.03650000e-09  6.03650000e-09  0.00000000e+00  2.50000000e+00 -2.51193163e-12 
 6.03750000e-09  6.03750000e-09  0.00000000e+00  2.50000000e+00 -2.50808662e-12 
 6.03850000e-09  6.03850000e-09  0.00000000e+00  2.50000000e+00 -2.51193077e-12 
 6.03950000e-09  6.03950000e-09  0.00000000e+00  2.50000000e+00 -2.50808749e-12 
 6.04050000e-09  6.04050000e-09  0.00000000e+00  2.50000000e+00 -2.51193077e-12 
 6.04150000e-09  6.04150000e-09  0.00000000e+00  2.50000000e+00 -2.50808662e-12 
 6.04250000e-09  6.04250000e-09  0.00000000e+00  2.50000000e+00 -2.51193163e-12 
 6.04350000e-09  6.04350000e-09  0.00000000e+00  2.50000000e+00 -2.50808662e-12 
 6.04450000e-09  6.04450000e-09  0.00000000e+00  2.50000000e+00 -2.51193077e-12 
 6.04550000e-09  6.04550000e-09  0.00000000e+00  2.50000000e+00 -2.50808749e-12 
 6.04650000e-09  6.04650000e-09  0.00000000e+00  2.50000000e+00 -2.51193077e-12 
 6.04750000e-09  6.04750000e-09  0.00000000e+00  2.50000000e+00 -2.50808662e-12 
 6.04850000e-09  6.04850000e-09  0.00000000e+00  2.50000000e+00 -2.51193163e-12 
 6.04950000e-09  6.04950000e-09  0.00000000e+00  2.50000000e+00 -2.50808662e-12 
 6.05050000e-09  6.05050000e-09  0.00000000e+00  2.50000000e+00 -2.51193077e-12 
 6.05150000e-09  6.05150000e-09  0.00000000e+00  2.50000000e+00 -2.50808749e-12 
 6.05250000e-09  6.05250000e-09  0.00000000e+00  2.50000000e+00 -2.51193077e-12 
 6.05350000e-09  6.05350000e-09  0.00000000e+00  2.50000000e+00 -2.50808662e-12 
 6.05450000e-09  6.05450000e-09  0.00000000e+00  2.50000000e+00 -2.51193163e-12 
 6.05550000e-09  6.05550000e-09  0.00000000e+00  2.50000000e+00 -2.50808662e-12 
 6.05650000e-09  6.05650000e-09  0.00000000e+00  2.50000000e+00 -2.51193077e-12 
 6.05750000e-09  6.05750000e-09  0.00000000e+00  2.50000000e+00 -2.50808749e-12 
 6.05850000e-09  6.05850000e-09  0.00000000e+00  2.50000000e+00 -2.51193077e-12 
 6.05950000e-09  6.05950000e-09  0.00000000e+00  2.50000000e+00 -2.50808662e-12 
 6.06050000e-09  6.06050000e-09  0.00000000e+00  2.50000000e+00 -2.51193163e-12 
 6.06150000e-09  6.06150000e-09  0.00000000e+00  2.50000000e+00 -2.50808662e-12 
 6.06250000e-09  6.06250000e-09  0.00000000e+00  2.50000000e+00 -2.51193077e-12 
 6.06350000e-09  6.06350000e-09  0.00000000e+00  2.50000000e+00 -2.50808749e-12 
 6.06450000e-09  6.06450000e-09  0.00000000e+00  2.50000000e+00 -2.51193077e-12 
 6.06550000e-09  6.06550000e-09  0.00000000e+00  2.50000000e+00 -2.50808662e-12 
 6.06650000e-09  6.06650000e-09  0.00000000e+00  2.50000000e+00 -2.51193163e-12 
 6.06750000e-09  6.06750000e-09  0.00000000e+00  2.50000000e+00 -2.50808662e-12 
 6.06850000e-09  6.06850000e-09  0.00000000e+00  2.50000000e+00 -2.51193077e-12 
 6.06950000e-09  6.06950000e-09  0.00000000e+00  2.50000000e+00 -2.50808749e-12 
 6.07050000e-09  6.07050000e-09  0.00000000e+00  2.50000000e+00 -2.51193077e-12 
 6.07150000e-09  6.07150000e-09  0.00000000e+00  2.50000000e+00 -2.50808662e-12 
 6.07250000e-09  6.07250000e-09  0.00000000e+00  2.50000000e+00 -2.51193163e-12 
 6.07350000e-09  6.07350000e-09  0.00000000e+00  2.50000000e+00 -2.50808662e-12 
 6.07450000e-09  6.07450000e-09  0.00000000e+00  2.50000000e+00 -2.51193077e-12 
 6.07550000e-09  6.07550000e-09  0.00000000e+00  2.50000000e+00 -2.50808749e-12 
 6.07650000e-09  6.07650000e-09  0.00000000e+00  2.50000000e+00 -2.51193077e-12 
 6.07750000e-09  6.07750000e-09  0.00000000e+00  2.50000000e+00 -2.50808662e-12 
 6.07850000e-09  6.07850000e-09  0.00000000e+00  2.50000000e+00 -2.51193163e-12 
 6.07950000e-09  6.07950000e-09  0.00000000e+00  2.50000000e+00 -2.50808662e-12 
 6.08050000e-09  6.08050000e-09  0.00000000e+00  2.50000000e+00 -2.51193077e-12 
 6.08150000e-09  6.08150000e-09  0.00000000e+00  2.50000000e+00 -2.50808749e-12 
 6.08250000e-09  6.08250000e-09  0.00000000e+00  2.50000000e+00 -2.51193077e-12 
 6.08350000e-09  6.08350000e-09  0.00000000e+00  2.50000000e+00 -2.50808662e-12 
 6.08450000e-09  6.08450000e-09  0.00000000e+00  2.50000000e+00 -2.51193163e-12 
 6.08550000e-09  6.08550000e-09  0.00000000e+00  2.50000000e+00 -2.50808662e-12 
 6.08650000e-09  6.08650000e-09  0.00000000e+00  2.50000000e+00 -2.51193077e-12 
 6.08750000e-09  6.08750000e-09  0.00000000e+00  2.50000000e+00 -2.50808749e-12 
 6.08850000e-09  6.08850000e-09  0.00000000e+00  2.50000000e+00 -2.51193077e-12 
 6.08950000e-09  6.08950000e-09  0.00000000e+00  2.50000000e+00 -2.50808662e-12 
 6.09050000e-09  6.09050000e-09  0.00000000e+00  2.50000000e+00 -2.51193163e-12 
 6.09150000e-09  6.09150000e-09  0.00000000e+00  2.50000000e+00 -2.50808662e-12 
 6.09250000e-09  6.09250000e-09  0.00000000e+00  2.50000000e+00 -2.51193077e-12 
 6.09350000e-09  6.09350000e-09  0.00000000e+00  2.50000000e+00 -2.50808749e-12 
 6.09450000e-09  6.09450000e-09  0.00000000e+00  2.50000000e+00 -2.51193077e-12 
 6.09550000e-09  6.09550000e-09  0.00000000e+00  2.50000000e+00 -2.50808662e-12 
 6.09650000e-09  6.09650000e-09  0.00000000e+00  2.50000000e+00 -2.51193163e-12 
 6.09750000e-09  6.09750000e-09  0.00000000e+00  2.50000000e+00 -2.50808662e-12 
 6.09850000e-09  6.09850000e-09  0.00000000e+00  2.50000000e+00 -2.51193077e-12 
 6.09950000e-09  6.09950000e-09  0.00000000e+00  2.50000000e+00 -2.50808749e-12 
 6.10050000e-09  6.10050000e-09  0.00000000e+00  2.50000000e+00 -2.51193077e-12 
 6.10150000e-09  6.10150000e-09  0.00000000e+00  2.50000000e+00 -2.50808662e-12 
 6.10250000e-09  6.10250000e-09  0.00000000e+00  2.50000000e+00 -2.51193163e-12 
 6.10350000e-09  6.10350000e-09  0.00000000e+00  2.50000000e+00 -2.50808662e-12 
 6.10450000e-09  6.10450000e-09  0.00000000e+00  2.50000000e+00 -2.51193077e-12 
 6.10550000e-09  6.10550000e-09  0.00000000e+00  2.50000000e+00 -2.50808749e-12 
 6.10650000e-09  6.10650000e-09  0.00000000e+00  2.50000000e+00 -2.51193077e-12 
 6.10750000e-09  6.10750000e-09  0.00000000e+00  2.50000000e+00 -2.50808662e-12 
 6.10850000e-09  6.10850000e-09  0.00000000e+00  2.50000000e+00 -2.51193163e-12 
 6.10950000e-09  6.10950000e-09  0.00000000e+00  2.50000000e+00 -2.50808662e-12 
 6.11050000e-09  6.11050000e-09  0.00000000e+00  2.50000000e+00 -2.51193077e-12 
 6.11150000e-09  6.11150000e-09  0.00000000e+00  2.50000000e+00 -2.50808749e-12 
 6.11250000e-09  6.11250000e-09  0.00000000e+00  2.50000000e+00 -2.51193077e-12 
 6.11350000e-09  6.11350000e-09  0.00000000e+00  2.50000000e+00 -2.50808662e-12 
 6.11450000e-09  6.11450000e-09  0.00000000e+00  2.50000000e+00 -2.51193163e-12 
 6.11550000e-09  6.11550000e-09  0.00000000e+00  2.50000000e+00 -2.50808662e-12 
 6.11650000e-09  6.11650000e-09  0.00000000e+00  2.50000000e+00 -2.51193077e-12 
 6.11750000e-09  6.11750000e-09  0.00000000e+00  2.50000000e+00 -2.50808749e-12 
 6.11850000e-09  6.11850000e-09  0.00000000e+00  2.50000000e+00 -2.51193077e-12 
 6.11950000e-09  6.11950000e-09  0.00000000e+00  2.50000000e+00 -2.50808662e-12 
 6.12050000e-09  6.12050000e-09  0.00000000e+00  2.50000000e+00 -2.51193163e-12 
 6.12150000e-09  6.12150000e-09  0.00000000e+00  2.50000000e+00 -2.50808662e-12 
 6.12250000e-09  6.12250000e-09  0.00000000e+00  2.50000000e+00 -2.51193077e-12 
 6.12350000e-09  6.12350000e-09  0.00000000e+00  2.50000000e+00 -2.50808749e-12 
 6.12450000e-09  6.12450000e-09  0.00000000e+00  2.50000000e+00 -2.51193077e-12 
 6.12550000e-09  6.12550000e-09  0.00000000e+00  2.50000000e+00 -2.50808662e-12 
 6.12650000e-09  6.12650000e-09  0.00000000e+00  2.50000000e+00 -2.51193163e-12 
 6.12750000e-09  6.12750000e-09  0.00000000e+00  2.50000000e+00 -2.50808662e-12 
 6.12850000e-09  6.12850000e-09  0.00000000e+00  2.50000000e+00 -2.51193077e-12 
 6.12950000e-09  6.12950000e-09  0.00000000e+00  2.50000000e+00 -2.50808749e-12 
 6.13050000e-09  6.13050000e-09  0.00000000e+00  2.50000000e+00 -2.51193077e-12 
 6.13150000e-09  6.13150000e-09  0.00000000e+00  2.50000000e+00 -2.50808662e-12 
 6.13250000e-09  6.13250000e-09  0.00000000e+00  2.50000000e+00 -2.51193163e-12 
 6.13350000e-09  6.13350000e-09  0.00000000e+00  2.50000000e+00 -2.50808662e-12 
 6.13450000e-09  6.13450000e-09  0.00000000e+00  2.50000000e+00 -2.51193077e-12 
 6.13550000e-09  6.13550000e-09  0.00000000e+00  2.50000000e+00 -2.50808749e-12 
 6.13650000e-09  6.13650000e-09  0.00000000e+00  2.50000000e+00 -2.51193077e-12 
 6.13750000e-09  6.13750000e-09  0.00000000e+00  2.50000000e+00 -2.50808662e-12 
 6.13850000e-09  6.13850000e-09  0.00000000e+00  2.50000000e+00 -2.51193163e-12 
 6.13950000e-09  6.13950000e-09  0.00000000e+00  2.50000000e+00 -2.50808662e-12 
 6.14050000e-09  6.14050000e-09  0.00000000e+00  2.50000000e+00 -2.51193077e-12 
 6.14150000e-09  6.14150000e-09  0.00000000e+00  2.50000000e+00 -2.50808749e-12 
 6.14250000e-09  6.14250000e-09  0.00000000e+00  2.50000000e+00 -2.51193077e-12 
 6.14350000e-09  6.14350000e-09  0.00000000e+00  2.50000000e+00 -2.50808662e-12 
 6.14450000e-09  6.14450000e-09  0.00000000e+00  2.50000000e+00 -2.51193163e-12 
 6.14550000e-09  6.14550000e-09  0.00000000e+00  2.50000000e+00 -2.50808662e-12 
 6.14650000e-09  6.14650000e-09  0.00000000e+00  2.50000000e+00 -2.51193077e-12 
 6.14750000e-09  6.14750000e-09  0.00000000e+00  2.50000000e+00 -2.50808749e-12 
 6.14850000e-09  6.14850000e-09  0.00000000e+00  2.50000000e+00 -2.51193077e-12 
 6.14950000e-09  6.14950000e-09  0.00000000e+00  2.50000000e+00 -2.50808662e-12 
 6.15050000e-09  6.15050000e-09  0.00000000e+00  2.50000000e+00 -2.51193163e-12 
 6.15150000e-09  6.15150000e-09  0.00000000e+00  2.50000000e+00 -2.50808662e-12 
 6.15250000e-09  6.15250000e-09  0.00000000e+00  2.50000000e+00 -2.51193077e-12 
 6.15350000e-09  6.15350000e-09  0.00000000e+00  2.50000000e+00 -2.50808749e-12 
 6.15450000e-09  6.15450000e-09  0.00000000e+00  2.50000000e+00 -2.51193077e-12 
 6.15550000e-09  6.15550000e-09  0.00000000e+00  2.50000000e+00 -2.50808662e-12 
 6.15650000e-09  6.15650000e-09  0.00000000e+00  2.50000000e+00 -2.51193163e-12 
 6.15750000e-09  6.15750000e-09  0.00000000e+00  2.50000000e+00 -2.50808662e-12 
 6.15850000e-09  6.15850000e-09  0.00000000e+00  2.50000000e+00 -2.51193077e-12 
 6.15950000e-09  6.15950000e-09  0.00000000e+00  2.50000000e+00 -2.50808749e-12 
 6.16050000e-09  6.16050000e-09  0.00000000e+00  2.50000000e+00 -2.51193077e-12 
 6.16150000e-09  6.16150000e-09  0.00000000e+00  2.50000000e+00 -2.50808662e-12 
 6.16250000e-09  6.16250000e-09  0.00000000e+00  2.50000000e+00 -2.51193163e-12 
 6.16350000e-09  6.16350000e-09  0.00000000e+00  2.50000000e+00 -2.50808662e-12 
 6.16450000e-09  6.16450000e-09  0.00000000e+00  2.50000000e+00 -2.51193077e-12 
 6.16550000e-09  6.16550000e-09  0.00000000e+00  2.50000000e+00 -2.50808749e-12 
 6.16650000e-09  6.16650000e-09  0.00000000e+00  2.50000000e+00 -2.51193077e-12 
 6.16750000e-09  6.16750000e-09  0.00000000e+00  2.50000000e+00 -2.50808662e-12 
 6.16850000e-09  6.16850000e-09  0.00000000e+00  2.50000000e+00 -2.51193163e-12 
 6.16950000e-09  6.16950000e-09  0.00000000e+00  2.50000000e+00 -2.50808662e-12 
 6.17050000e-09  6.17050000e-09  0.00000000e+00  2.50000000e+00 -2.51193077e-12 
 6.17150000e-09  6.17150000e-09  0.00000000e+00  2.50000000e+00 -2.50808749e-12 
 6.17250000e-09  6.17250000e-09  0.00000000e+00  2.50000000e+00 -2.51193077e-12 
 6.17350000e-09  6.17350000e-09  0.00000000e+00  2.50000000e+00 -2.50808662e-12 
 6.17450000e-09  6.17450000e-09  0.00000000e+00  2.50000000e+00 -2.51193163e-12 
 6.17550000e-09  6.17550000e-09  0.00000000e+00  2.50000000e+00 -2.50808662e-12 
 6.17650000e-09  6.17650000e-09  0.00000000e+00  2.50000000e+00 -2.51193077e-12 
 6.17750000e-09  6.17750000e-09  0.00000000e+00  2.50000000e+00 -2.50808749e-12 
 6.17850000e-09  6.17850000e-09  0.00000000e+00  2.50000000e+00 -2.51193077e-12 
 6.17950000e-09  6.17950000e-09  0.00000000e+00  2.50000000e+00 -2.50808662e-12 
 6.18050000e-09  6.18050000e-09  0.00000000e+00  2.50000000e+00 -2.51193163e-12 
 6.18150000e-09  6.18150000e-09  0.00000000e+00  2.50000000e+00 -2.50808662e-12 
 6.18250000e-09  6.18250000e-09  0.00000000e+00  2.50000000e+00 -2.51193077e-12 
 6.18350000e-09  6.18350000e-09  0.00000000e+00  2.50000000e+00 -2.50808749e-12 
 6.18450000e-09  6.18450000e-09  0.00000000e+00  2.50000000e+00 -2.51193077e-12 
 6.18550000e-09  6.18550000e-09  0.00000000e+00  2.50000000e+00 -2.50808662e-12 
 6.18650000e-09  6.18650000e-09  0.00000000e+00  2.50000000e+00 -2.51193163e-12 
 6.18750000e-09  6.18750000e-09  0.00000000e+00  2.50000000e+00 -2.50808662e-12 
 6.18850000e-09  6.18850000e-09  0.00000000e+00  2.50000000e+00 -2.51193077e-12 
 6.18950000e-09  6.18950000e-09  0.00000000e+00  2.50000000e+00 -2.50808749e-12 
 6.19050000e-09  6.19050000e-09  0.00000000e+00  2.50000000e+00 -2.51193077e-12 
 6.19150000e-09  6.19150000e-09  0.00000000e+00  2.50000000e+00 -2.50808662e-12 
 6.19250000e-09  6.19250000e-09  0.00000000e+00  2.50000000e+00 -2.51193163e-12 
 6.19350000e-09  6.19350000e-09  0.00000000e+00  2.50000000e+00 -2.50808662e-12 
 6.19450000e-09  6.19450000e-09  0.00000000e+00  2.50000000e+00 -2.51193077e-12 
 6.19550000e-09  6.19550000e-09  0.00000000e+00  2.50000000e+00 -2.50808749e-12 
 6.19650000e-09  6.19650000e-09  0.00000000e+00  2.50000000e+00 -2.51193077e-12 
 6.19750000e-09  6.19750000e-09  0.00000000e+00  2.50000000e+00 -2.50808662e-12 
 6.19850000e-09  6.19850000e-09  0.00000000e+00  2.50000000e+00 -2.51193163e-12 
 6.19925000e-09  6.19925000e-09  0.00000000e+00  2.50000000e+00 -2.50807881e-12 
 6.20000000e-09  6.20000000e-09  0.00000000e+00  2.50000000e+00 -2.51193424e-12 
 6.20010000e-09  6.20010000e-09  1.25000000e-02  2.50332333e+00  4.24575854e-04 
 6.20030000e-09  6.20030000e-09  3.75000000e-02  2.50988684e+00  4.35832061e-04 
 6.20070000e-09  6.20070000e-09  8.75000000e-02  2.52253201e+00  4.57308745e-04 
 6.20150000e-09  6.20150000e-09  1.87500000e-01  2.54610267e+00  4.94230196e-04 
 6.20250000e-09  6.20250000e-09  3.12500000e-01  2.57283203e+00  5.31547446e-04 
 6.20350000e-09  6.20350000e-09  4.37500000e-01  2.59714114e+00  5.59824057e-04 
 6.20450000e-09  6.20450000e-09  5.62500000e-01  2.61930982e+00  5.80576905e-04 
 6.20550000e-09  6.20550000e-09  6.87500000e-01  2.63900544e+00  5.93188482e-04 
 6.20650000e-09  6.20650000e-09  8.12500000e-01  2.65564550e+00  5.98085426e-04 
 6.20750000e-09  6.20750000e-09  9.37500000e-01  2.66865302e+00  5.94684031e-04 
 6.20850000e-09  6.20850000e-09  1.06250000e+00  2.67743921e+00  5.83936788e-04 
 6.20950000e-09  6.20950000e-09  1.18750000e+00  2.68138590e+00  5.65800626e-04 
 6.21050000e-09  6.21050000e-09  1.31250000e+00  2.67982636e+00  5.41828682e-04 
 6.21150000e-09  6.21150000e-09  1.43750000e+00  2.67202329e+00  5.12672362e-04 
 6.21250000e-09  6.21250000e-09  1.56250000e+00  2.65714262e+00  4.80715696e-04 
 6.21350000e-09  6.21350000e-09  1.68750000e+00  2.63422141e+00  4.47632301e-04 
 6.21450000e-09  6.21450000e-09  1.81250000e+00  2.60212748e+00  4.17086465e-04 
 6.21550000e-09  6.21550000e-09  1.93750000e+00  2.55951075e+00  3.92309711e-04 
 6.21650000e-09  6.21650000e-09  2.06250000e+00  2.50386315e+00  4.01235102e-04 
 6.21750000e-09  6.21750000e-09  2.18750000e+00  2.41377035e+00  4.78724954e-04 
 6.21850000e-09  6.21850000e-09  2.31250000e+00  2.28115286e+00  4.37668681e-04 
 6.21925000e-09  6.21925000e-09  2.40625000e+00  2.16888849e+00  4.54407568e-04 
 6.22000000e-09  6.22000000e-09  2.50000000e+00  2.04548764e+00  5.47302999e-04 
 6.22010000e-09  6.22010000e-09  2.50000000e+00  2.02686318e+00 -4.83115152e-13 
 6.22030000e-09  6.22030000e-09  2.50000000e+00  1.98976519e+00 -5.20213147e-13 
 6.22070000e-09  6.22070000e-09  2.50000000e+00  1.91632287e+00 -5.93676280e-13 
 6.22150000e-09  6.22150000e-09  2.50000000e+00  1.77286475e+00 -7.37134402e-13 
 6.22250000e-09  6.22250000e-09  2.50000000e+00  1.60092907e+00 -9.09070087e-13 
 6.22350000e-09  6.22350000e-09  2.50000000e+00  1.43838771e+00 -1.07161144e-12 
 6.22450000e-09  6.22450000e-09  2.50000000e+00  1.28626786e+00 -1.22373129e-12 
 6.22550000e-09  6.22550000e-09  2.50000000e+00  1.14524112e+00 -1.36475803e-12 
 6.22650000e-09  6.22650000e-09  2.50000000e+00  1.01563226e+00 -1.49436689e-12 
 6.22750000e-09  6.22750000e-09  2.50000000e+00  8.97456878e-01 -1.61254227e-12 
 6.22850000e-09  6.22850000e-09  2.50000000e+00  7.90472614e-01 -1.71952654e-12 
 6.22950000e-09  6.22950000e-09  2.50000000e+00  6.94235404e-01 -1.81576375e-12 
 6.23050000e-09  6.23050000e-09  2.50000000e+00  6.08154449e-01 -1.90184470e-12 
 6.23150000e-09  6.23150000e-09  2.50000000e+00  5.31541968e-01 -1.97845718e-12 
 6.23250000e-09  6.23250000e-09  2.50000000e+00  4.63655600e-01 -2.04634355e-12 
 6.23350000e-09  6.23350000e-09  2.50000000e+00  4.03732701e-01 -2.10626645e-12 
 6.23450000e-09  6.23450000e-09  2.50000000e+00  3.51016773e-01 -2.15898238e-12 
 6.23550000e-09  6.23550000e-09  2.50000000e+00  3.04776793e-01 -2.20522236e-12 
 6.23650000e-09  6.23650000e-09  2.50000000e+00  2.64320492e-01 -2.24567866e-12 
 6.23750000e-09  6.23750000e-09  2.50000000e+00  2.29002709e-01 -2.28099644e-12 
 6.23850000e-09  6.23850000e-09  2.50000000e+00  1.98229891e-01 -2.31176926e-12 
 6.23950000e-09  6.23950000e-09  2.50000000e+00  1.71447744e-01 -2.33855141e-12 
 6.24050000e-09  6.24050000e-09  2.50000000e+00  1.48173962e-01 -2.36182519e-12 
 6.24150000e-09  6.24150000e-09  2.50000000e+00  1.27989300e-01 -2.38200985e-12 
 6.24250000e-09  6.24250000e-09  2.50000000e+00  1.10501826e-01 -2.39949733e-12 
 6.24350000e-09  6.24350000e-09  2.50000000e+00  9.53646231e-02 -2.41463453e-12 
 6.24450000e-09  6.24450000e-09  2.50000000e+00  8.22718923e-02 -2.42772726e-12 
 6.24550000e-09  6.24550000e-09  2.50000000e+00  7.09550092e-02 -2.43904414e-12 
 6.24650000e-09  6.24650000e-09  2.50000000e+00  6.11786966e-02 -2.44882046e-12 
 6.24750000e-09  6.24750000e-09  2.50000000e+00  5.27373981e-02 -2.45726175e-12 
 6.24850000e-09  6.24850000e-09  2.50000000e+00  4.54519051e-02 -2.46454725e-12 
 6.24950000e-09  6.24950000e-09  2.50000000e+00  3.91662630e-02 -2.47083289e-12 
 6.25050000e-09  6.25050000e-09  2.50000000e+00  3.37449636e-02 -2.47625419e-12 
 6.25150000e-09  6.25150000e-09  2.50000000e+00  2.90704208e-02 -2.48092873e-12 
 6.25250000e-09  6.25250000e-09  2.50000000e+00  2.50407157e-02 -2.48495844e-12 
 6.25350000e-09  6.25350000e-09  2.50000000e+00  2.15675953e-02 -2.48843156e-12 
 6.25450000e-09  6.25450000e-09  2.50000000e+00  1.85747033e-02 -2.49142445e-12 
 6.25550000e-09  6.25550000e-09  2.50000000e+00  1.59960241e-02 -2.49400313e-12 
 6.25650000e-09  6.25650000e-09  2.50000000e+00  1.37745169e-02 -2.49622464e-12 
 6.25750000e-09  6.25750000e-09  2.50000000e+00  1.18609222e-02 -2.49813823e-12 
 6.25850000e-09  6.25850000e-09  2.50000000e+00  1.02127190e-02 -2.49978643e-12 
 6.25950000e-09  6.25950000e-09  2.50000000e+00  8.79321740e-03 -2.50120594e-12 
 6.26050000e-09  6.26050000e-09  2.50000000e+00  7.57076971e-03 -2.50242838e-12 
 6.26150000e-09  6.26150000e-09  2.50000000e+00  6.51808520e-03 -2.50348107e-12 
 6.26250000e-09  6.26250000e-09  2.50000000e+00  5.61163612e-03 -2.50438752e-12 
 6.26350000e-09  6.26350000e-09  2.50000000e+00  4.83114317e-03 -2.50516801e-12 
 6.26450000e-09  6.26450000e-09  2.50000000e+00  4.15913016e-03 -2.50584002e-12 
 6.26550000e-09  6.26550000e-09  2.50000000e+00  3.58053892e-03 -2.50641861e-12 
 6.26650000e-09  6.26650000e-09  2.50000000e+00  3.08239651e-03 -2.50691676e-12 
 6.26750000e-09  6.26750000e-09  2.50000000e+00  2.65352776e-03 -2.50734563e-12 
 6.26850000e-09  6.26850000e-09  2.50000000e+00  2.28430707e-03 -2.50771485e-12 
 6.26950000e-09  6.26950000e-09  2.50000000e+00  1.96644429e-03 -2.50803271e-12 
 6.27050000e-09  6.27050000e-09  2.50000000e+00  1.69279996e-03 -2.50830635e-12 
 6.27150000e-09  6.27150000e-09  2.50000000e+00  1.45722599e-03 -2.50854193e-12 
 6.27250000e-09  6.27250000e-09  2.50000000e+00  1.25442826e-03 -2.50874472e-12 
 6.27350000e-09  6.27350000e-09  2.50000000e+00  1.07984826e-03 -2.50891930e-12 
 6.27450000e-09  6.27450000e-09  2.50000000e+00  9.29561026e-04 -2.50906959e-12 
 6.27550000e-09  6.27550000e-09  2.50000000e+00  8.00187186e-04 -2.50919897e-12 
 6.27650000e-09  6.27650000e-09  2.50000000e+00  6.88817229e-04 -2.50931034e-12 
 6.27750000e-09  6.27750000e-09  2.50000000e+00  5.92946237e-04 -2.50940621e-12 
 6.27850000e-09  6.27850000e-09  2.50000000e+00  5.10417667e-04 -2.50948874e-12 
 6.27950000e-09  6.27950000e-09  2.50000000e+00  4.39374937e-04 -2.50955978e-12 
 6.28050000e-09  6.28050000e-09  2.50000000e+00  3.78219733e-04 -2.50962093e-12 
 6.28150000e-09  6.28150000e-09  2.50000000e+00  3.25576096e-04 -2.50967358e-12 
 6.28250000e-09  6.28250000e-09  2.50000000e+00  2.80259507e-04 -2.50971889e-12 
 6.28350000e-09  6.28350000e-09  2.50000000e+00  2.41250261e-04 -2.50975790e-12 
 6.28450000e-09  6.28450000e-09  2.50000000e+00  2.07670542e-04 -2.50979148e-12 
 6.28550000e-09  6.28550000e-09  2.50000000e+00  1.78764686e-04 -2.50982039e-12 
 6.28650000e-09  6.28650000e-09  2.50000000e+00  1.53882187e-04 -2.50984527e-12 
 6.28750000e-09  6.28750000e-09  2.50000000e+00  1.32463068e-04 -2.50986669e-12 
 6.28850000e-09  6.28850000e-09  2.50000000e+00  1.14025282e-04 -2.50988513e-12 
 6.28950000e-09  6.28950000e-09  2.50000000e+00  9.81538719e-05 -2.50990100e-12 
 6.29050000e-09  6.29050000e-09  2.50000000e+00  8.44916312e-05 -2.50991466e-12 
 6.29150000e-09  6.29150000e-09  2.50000000e+00  7.27310700e-05 -2.50992642e-12 
 6.29250000e-09  6.29250000e-09  2.50000000e+00  6.26074949e-05 -2.50993655e-12 
 6.29350000e-09  6.29350000e-09  2.50000000e+00  5.38930534e-05 -2.50994526e-12 
 6.29450000e-09  6.29450000e-09  2.50000000e+00  4.63916070e-05 -2.50995276e-12 
 6.29550000e-09  6.29550000e-09  2.50000000e+00  3.99343168e-05 -2.50995922e-12 
 6.29650000e-09  6.29650000e-09  2.50000000e+00  3.43758443e-05 -2.50996478e-12 
 6.29750000e-09  6.29750000e-09  2.50000000e+00  2.95910805e-05 -2.50996956e-12 
 6.29850000e-09  6.29850000e-09  2.50000000e+00  2.54723306e-05 -2.50997368e-12 
 6.29950000e-09  6.29950000e-09  2.50000000e+00  2.19268895e-05 -2.50997723e-12 
 6.30050000e-09  6.30050000e-09  2.50000000e+00  1.88749562e-05 -2.50998028e-12 
 6.30150000e-09  6.30150000e-09  2.50000000e+00  1.62478373e-05 -2.50998291e-12 
 6.30250000e-09  6.30250000e-09  2.50000000e+00  1.39864009e-05 -2.50998517e-12 
 6.30350000e-09  6.30350000e-09  2.50000000e+00  1.20397459e-05 -2.50998711e-12 
 6.30450000e-09  6.30450000e-09  2.50000000e+00  1.03640565e-05 -2.50998879e-12 
 6.30550000e-09  6.30550000e-09  2.50000000e+00  8.92161555e-06 -2.50999023e-12 
 6.30650000e-09  6.30650000e-09  2.50000000e+00  7.67995601e-06 -2.50999147e-12 
 6.30750000e-09  6.30750000e-09  2.50000000e+00  6.61113006e-06 -2.50999254e-12 
 6.30850000e-09  6.30850000e-09  2.50000000e+00  5.69108008e-06 -2.50999346e-12 
 6.30950000e-09  6.30950000e-09  2.50000000e+00  4.89909712e-06 -2.50999425e-12 
 6.31050000e-09  6.31050000e-09  2.50000000e+00  4.21735483e-06 -2.50999494e-12 
 6.31150000e-09  6.31150000e-09  2.50000000e+00  3.63050819e-06 -2.50999552e-12 
 6.31250000e-09  6.31250000e-09  2.50000000e+00  3.12534815e-06 -2.50999603e-12 
 6.31350000e-09  6.31350000e-09  2.50000000e+00  2.69050428e-06 -2.50999646e-12 
 6.31450000e-09  6.31450000e-09  2.50000000e+00  2.31618887e-06 -2.50999684e-12 
 6.31550000e-09  6.31550000e-09  2.50000000e+00  1.99397663e-06 -2.50999716e-12 
 6.31650000e-09  6.31650000e-09  2.50000000e+00  1.71661500e-06 -2.50999744e-12 
 6.31750000e-09  6.31750000e-09  2.50000000e+00  1.47786097e-06 -2.50999768e-12 
 6.31850000e-09  6.31850000e-09  2.50000000e+00  1.27234052e-06 -2.50999788e-12 
 6.31950000e-09  6.31950000e-09  2.50000000e+00  1.09542768e-06 -2.50999806e-12 
 6.32050000e-09  6.32050000e-09  2.50000000e+00  9.43140389e-07 -2.50999821e-12 
 6.32150000e-09  6.32150000e-09  2.50000000e+00  8.12050867e-07 -2.50999834e-12 
 6.32250000e-09  6.32250000e-09  2.50000000e+00  6.99208473e-07 -2.50999845e-12 
 6.32350000e-09  6.32350000e-09  2.50000000e+00  6.02073282e-07 -2.50999855e-12 
 6.32450000e-09  6.32450000e-09  2.50000000e+00  5.18458915e-07 -2.50999863e-12 
 6.32550000e-09  6.32550000e-09  2.50000000e+00  4.46483329e-07 -2.50999871e-12 
 6.32650000e-09  6.32650000e-09  2.50000000e+00  3.84526454e-07 -2.50999877e-12 
 6.32750000e-09  6.32750000e-09  2.50000000e+00  3.31193724e-07 -2.50999882e-12 
 6.32850000e-09  6.32850000e-09  2.50000000e+00  2.85284695e-07 -2.50999887e-12 
 6.32950000e-09  6.32950000e-09  2.50000000e+00  2.45766016e-07 -2.50999891e-12 
 6.33050000e-09  6.33050000e-09  2.50000000e+00  2.11748179e-07 -2.50999894e-12 
 6.33150000e-09  6.33150000e-09  2.50000000e+00  1.82465486e-07 -2.50999897e-12 
 6.33250000e-09  6.33250000e-09  2.50000000e+00  1.57258826e-07 -2.50999900e-12 
 6.33350000e-09  6.33350000e-09  2.50000000e+00  1.35560832e-07 -2.50999902e-12 
 6.33450000e-09  6.33450000e-09  2.50000000e+00  1.16883110e-07 -2.50999904e-12 
 6.33550000e-09  6.33550000e-09  2.50000000e+00  1.00805252e-07 -2.50999905e-12 
 6.33650000e-09  6.33650000e-09  2.50000000e+00  8.69653671e-08 -2.50999907e-12 
 6.33750000e-09  6.33750000e-09  2.50000000e+00  7.50519382e-08 -2.50999908e-12 
 6.33850000e-09  6.33850000e-09  2.50000000e+00  6.47968105e-08 -2.50999909e-12 
 6.33950000e-09  6.33950000e-09  2.50000000e+00  5.59691553e-08 -2.50999910e-12 
 6.34050000e-09  6.34050000e-09  2.50000000e+00  4.83702740e-08 -2.50999910e-12 
 6.34150000e-09  6.34150000e-09  2.50000000e+00  4.18291264e-08 -2.50999911e-12 
 6.34250000e-09  6.34250000e-09  2.50000000e+00  3.61984801e-08 -2.50999912e-12 
 6.34350000e-09  6.34350000e-09  2.50000000e+00  3.13515972e-08 -2.50999912e-12 
 6.34450000e-09  6.34450000e-09  2.50000000e+00  2.71793808e-08 -2.50999913e-12 
 6.34550000e-09  6.34550000e-09  2.50000000e+00  2.35879201e-08 -2.50999913e-12 
 6.34650000e-09  6.34650000e-09  2.50000000e+00  2.04963762e-08 -2.50999913e-12 
 6.34750000e-09  6.34750000e-09  2.50000000e+00  1.78351626e-08 -2.50999914e-12 
 6.34850000e-09  6.34850000e-09  2.50000000e+00  1.55443792e-08 -2.50999914e-12 
 6.34950000e-09  6.34950000e-09  2.50000000e+00  1.35724638e-08 -2.50999914e-12 
 6.35050000e-09  6.35050000e-09  2.50000000e+00  1.18750314e-08 -2.50999914e-12 
 6.35150000e-09  6.35150000e-09  2.50000000e+00  1.04138746e-08 -2.50999914e-12 
 6.35250000e-09  6.35250000e-09  2.50000000e+00  9.15610459e-09 -2.50999914e-12 
 6.35350000e-09  6.35350000e-09  2.50000000e+00  8.07341128e-09 -2.50999914e-12 
 6.35450000e-09  6.35450000e-09  2.50000000e+00  7.14142443e-09 -2.50999915e-12 
 6.35550000e-09  6.35550000e-09  2.50000000e+00  6.33916652e-09 -2.50999915e-12 
 6.35650000e-09  6.35650000e-09  2.50000000e+00  5.64857965e-09 -2.50999915e-12 
 6.35750000e-09  6.35750000e-09  2.50000000e+00  5.05411968e-09 -2.50999915e-12 
 6.35850000e-09  6.35850000e-09  2.50000000e+00  4.54240612e-09 -2.50999915e-12 
 6.35950000e-09  6.35950000e-09  2.50000000e+00  4.10192095e-09 -2.50999915e-12 
 6.36050000e-09  6.36050000e-09  2.50000000e+00  3.72274973e-09 -2.50999915e-12 
 6.36150000e-09  6.36150000e-09  2.50000000e+00  3.39635761e-09 -2.50999915e-12 
 6.36250000e-09  6.36250000e-09  2.50000000e+00  3.11539768e-09 -2.50999915e-12 
 6.36350000e-09  6.36350000e-09  2.50000000e+00  2.87354629e-09 -2.50999915e-12 
 6.36450000e-09  6.36450000e-09  2.50000000e+00  2.66535956e-09 -2.50999915e-12 
 6.36550000e-09  6.36550000e-09  2.50000000e+00  2.48615174e-09 -2.50999915e-12 
 6.36650000e-09  6.36650000e-09  2.50000000e+00  2.33188895e-09 -2.50999915e-12 
 6.36750000e-09  6.36750000e-09  2.50000000e+00  2.19909887e-09 -2.50999915e-12 
 6.36850000e-09  6.36850000e-09  2.50000000e+00  2.08479266e-09 -2.50999915e-12 
 6.36950000e-09  6.36950000e-09  2.50000000e+00  1.98639758e-09 -2.50999915e-12 
 6.37050000e-09  6.37050000e-09  2.50000000e+00  1.90169852e-09 -2.50999915e-12 
 6.37150000e-09  6.37150000e-09  2.50000000e+00  1.82878911e-09 -2.50999915e-12 
 6.37250000e-09  6.37250000e-09  2.50000000e+00  1.76602836e-09 -2.50999915e-12 
 6.37350000e-09  6.37350000e-09  2.50000000e+00  1.71200368e-09 -2.50999915e-12 
 6.37450000e-09  6.37450000e-09  2.50000000e+00  1.66549911e-09 -2.50999915e-12 
 6.37550000e-09  6.37550000e-09  2.50000000e+00  1.62546784e-09 -2.50999915e-12 
 6.37650000e-09  6.37650000e-09  2.50000000e+00  1.59100882e-09 -2.50999915e-12 
 6.37750000e-09  6.37750000e-09  2.50000000e+00  1.56134632e-09 -2.50999915e-12 
 6.37850000e-09  6.37850000e-09  2.50000000e+00  1.53581259e-09 -2.50999915e-12 
 6.37950000e-09  6.37950000e-09  2.50000000e+00  1.51383319e-09 -2.50999915e-12 
 6.38050000e-09  6.38050000e-09  2.50000000e+00  1.49491307e-09 -2.50999915e-12 
 6.38150000e-09  6.38150000e-09  2.50000000e+00  1.47862661e-09 -2.50999915e-12 
 6.38250000e-09  6.38250000e-09  2.50000000e+00  1.46460714e-09 -2.50999915e-12 
 6.38350000e-09  6.38350000e-09  2.50000000e+00  1.45253912e-09 -2.50999915e-12 
 6.38450000e-09  6.38450000e-09  2.50000000e+00  1.44215080e-09 -2.50999915e-12 
 6.38550000e-09  6.38550000e-09  2.50000000e+00  1.43320854e-09 -2.50999915e-12 
 6.38650000e-09  6.38650000e-09  2.50000000e+00  1.42551120e-09 -2.50999915e-12 
 6.38750000e-09  6.38750000e-09  2.50000000e+00  1.41888519e-09 -2.50999915e-12 
 6.38850000e-09  6.38850000e-09  2.50000000e+00  1.41318125e-09 -2.50999915e-12 
 6.38950000e-09  6.38950000e-09  2.50000000e+00  1.40827145e-09 -2.50999915e-12 
 6.39050000e-09  6.39050000e-09  2.50000000e+00  1.40404533e-09 -2.50999915e-12 
 6.39150000e-09  6.39150000e-09  2.50000000e+00  1.40040742e-09 -2.50999915e-12 
 6.39250000e-09  6.39250000e-09  2.50000000e+00  1.39727589e-09 -2.50999915e-12 
 6.39350000e-09  6.39350000e-09  2.50000000e+00  1.39458033e-09 -2.50999915e-12 
 6.39450000e-09  6.39450000e-09  2.50000000e+00  1.39225991e-09 -2.50999915e-12 
 6.39550000e-09  6.39550000e-09  2.50000000e+00  1.39026234e-09 -2.50999915e-12 
 6.39650000e-09  6.39650000e-09  2.50000000e+00  1.38854281e-09 -2.50999915e-12 
 6.39750000e-09  6.39750000e-09  2.50000000e+00  1.38706261e-09 -2.50999915e-12 
 6.39850000e-09  6.39850000e-09  2.50000000e+00  1.38578853e-09 -2.50999915e-12 
 6.39950000e-09  6.39950000e-09  2.50000000e+00  1.38469175e-09 -2.50999915e-12 
 6.40050000e-09  6.40050000e-09  2.50000000e+00  1.38374761e-09 -2.50999915e-12 
 6.40150000e-09  6.40150000e-09  2.50000000e+00  1.38293510e-09 -2.50999915e-12 
 6.40250000e-09  6.40250000e-09  2.50000000e+00  1.38223566e-09 -2.50999915e-12 
 6.40350000e-09  6.40350000e-09  2.50000000e+00  1.38163359e-09 -2.50999915e-12 
 6.40450000e-09  6.40450000e-09  2.50000000e+00  1.38111529e-09 -2.50999915e-12 
 6.40550000e-09  6.40550000e-09  2.50000000e+00  1.38066897e-09 -2.50999915e-12 
 6.40650000e-09  6.40650000e-09  2.50000000e+00  1.38028462e-09 -2.50999915e-12 
 6.40750000e-09  6.40750000e-09  2.50000000e+00  1.37995382e-09 -2.50999915e-12 
 6.40850000e-09  6.40850000e-09  2.50000000e+00  1.37966922e-09 -2.50999915e-12 
 6.40950000e-09  6.40950000e-09  2.50000000e+00  1.37942425e-09 -2.50999915e-12 
 6.41050000e-09  6.41050000e-09  2.50000000e+00  1.37921322e-09 -2.50999915e-12 
 6.41150000e-09  6.41150000e-09  2.50000000e+00  1.37903162e-09 -2.50999915e-12 
 6.41250000e-09  6.41250000e-09  2.50000000e+00  1.37887533e-09 -2.50999915e-12 
 6.41350000e-09  6.41350000e-09  2.50000000e+00  1.37874092e-09 -2.50999915e-12 
 6.41450000e-09  6.41450000e-09  2.50000000e+00  1.37862546e-09 -2.50999915e-12 
 6.41550000e-09  6.41550000e-09  2.50000000e+00  1.37852624e-09 -2.50999915e-12 
 6.41650000e-09  6.41650000e-09  2.50000000e+00  1.37844054e-09 -2.50999915e-12 
 6.41750000e-09  6.41750000e-09  2.50000000e+00  1.37836677e-09 -2.50999915e-12 
 6.41850000e-09  6.41850000e-09  2.50000000e+00  1.37830315e-09 -2.50999915e-12 
 6.41950000e-09  6.41950000e-09  2.50000000e+00  1.37824833e-09 -2.50999915e-12 
 6.42050000e-09  6.42050000e-09  2.50000000e+00  1.37820114e-09 -2.50999915e-12 
 6.42150000e-09  6.42150000e-09  2.50000000e+00  1.37816058e-09 -2.50999915e-12 
 6.42250000e-09  6.42250000e-09  2.50000000e+00  1.37812552e-09 -2.50999915e-12 
 6.42350000e-09  6.42350000e-09  2.50000000e+00  1.37809536e-09 -2.50999915e-12 
 6.42450000e-09  6.42450000e-09  2.50000000e+00  1.37806938e-09 -2.50999915e-12 
 6.42550000e-09  6.42550000e-09  2.50000000e+00  1.37804685e-09 -2.50999915e-12 
 6.42650000e-09  6.42650000e-09  2.50000000e+00  1.37802763e-09 -2.50999915e-12 
 6.42750000e-09  6.42750000e-09  2.50000000e+00  1.37801112e-09 -2.50999915e-12 
 6.42850000e-09  6.42850000e-09  2.50000000e+00  1.37799707e-09 -2.50999915e-12 
 6.42950000e-09  6.42950000e-09  2.50000000e+00  1.37798508e-09 -2.50999915e-12 
 6.43050000e-09  6.43050000e-09  2.50000000e+00  1.37797474e-09 -2.50999915e-12 
 6.43150000e-09  6.43150000e-09  2.50000000e+00  1.37796572e-09 -2.50999915e-12 
 6.43250000e-09  6.43250000e-09  2.50000000e+00  1.37795803e-09 -2.50999915e-12 
 6.43350000e-09  6.43350000e-09  2.50000000e+00  1.37795141e-09 -2.50999915e-12 
 6.43450000e-09  6.43450000e-09  2.50000000e+00  1.37794571e-09 -2.50999915e-12 
 6.43550000e-09  6.43550000e-09  2.50000000e+00  1.37794054e-09 -2.50999915e-12 
 6.43650000e-09  6.43650000e-09  2.50000000e+00  1.37793596e-09 -2.50999915e-12 
 6.43750000e-09  6.43750000e-09  2.50000000e+00  1.37793199e-09 -2.50999915e-12 
 6.43850000e-09  6.43850000e-09  2.50000000e+00  1.37792887e-09 -2.50999915e-12 
 6.43950000e-09  6.43950000e-09  2.50000000e+00  1.37792622e-09 -2.50999915e-12 
 6.44050000e-09  6.44050000e-09  2.50000000e+00  1.37792383e-09 -2.50999915e-12 
 6.44150000e-09  6.44150000e-09  2.50000000e+00  1.37792198e-09 -2.50999915e-12 
 6.44250000e-09  6.44250000e-09  2.50000000e+00  1.37792019e-09 -2.50999915e-12 
 6.44350000e-09  6.44350000e-09  2.50000000e+00  1.37791860e-09 -2.50999915e-12 
 6.44450000e-09  6.44450000e-09  2.50000000e+00  1.37791747e-09 -2.50999915e-12 
 6.44550000e-09  6.44550000e-09  2.50000000e+00  1.37791635e-09 -2.50999915e-12 
 6.44650000e-09  6.44650000e-09  2.50000000e+00  1.37791522e-09 -2.50999915e-12 
 6.44750000e-09  6.44750000e-09  2.50000000e+00  1.37791436e-09 -2.50999915e-12 
 6.44850000e-09  6.44850000e-09  2.50000000e+00  1.37791376e-09 -2.50999915e-12 
 6.44950000e-09  6.44950000e-09  2.50000000e+00  1.37791336e-09 -2.50999915e-12 
 6.45050000e-09  6.45050000e-09  2.50000000e+00  1.37791283e-09 -2.50999915e-12 
 6.45150000e-09  6.45150000e-09  2.50000000e+00  1.37791237e-09 -2.50999915e-12 
 6.45250000e-09  6.45250000e-09  2.50000000e+00  1.37791204e-09 -2.50999915e-12 
 6.45350000e-09  6.45350000e-09  2.50000000e+00  1.37791177e-09 -2.50999915e-12 
 6.45450000e-09  6.45450000e-09  2.50000000e+00  1.37791157e-09 -2.50999915e-12 
 6.45550000e-09  6.45550000e-09  2.50000000e+00  1.37791144e-09 -2.50999915e-12 
 6.45650000e-09  6.45650000e-09  2.50000000e+00  1.37791144e-09 -2.50999915e-12 
 6.45750000e-09  6.45750000e-09  2.50000000e+00  1.37791144e-09 -2.50999915e-12 
 6.45850000e-09  6.45850000e-09  2.50000000e+00  1.37791144e-09 -2.50999915e-12 
 6.45950000e-09  6.45950000e-09  2.50000000e+00  1.37791144e-09 -2.50999915e-12 
 6.46050000e-09  6.46050000e-09  2.50000000e+00  1.37791144e-09 -2.50999915e-12 
 6.46150000e-09  6.46150000e-09  2.50000000e+00  1.37791144e-09 -2.50999915e-12 
 6.46250000e-09  6.46250000e-09  2.50000000e+00  1.37791144e-09 -2.50999915e-12 
 6.46350000e-09  6.46350000e-09  2.50000000e+00  1.37791144e-09 -2.50999915e-12 
 6.46450000e-09  6.46450000e-09  2.50000000e+00  1.37791144e-09 -2.50999915e-12 
 6.46550000e-09  6.46550000e-09  2.50000000e+00  1.37791144e-09 -2.50999915e-12 
 6.46650000e-09  6.46650000e-09  2.50000000e+00  1.37791144e-09 -2.50999915e-12 
 6.46750000e-09  6.46750000e-09  2.50000000e+00  1.37791144e-09 -2.50999915e-12 
 6.46850000e-09  6.46850000e-09  2.50000000e+00  1.37791144e-09 -2.50999915e-12 
 6.46950000e-09  6.46950000e-09  2.50000000e+00  1.37791144e-09 -2.50999915e-12 
 6.47050000e-09  6.47050000e-09  2.50000000e+00  1.37791144e-09 -2.50999915e-12 
 6.47150000e-09  6.47150000e-09  2.50000000e+00  1.37791144e-09 -2.50999915e-12 
 6.47250000e-09  6.47250000e-09  2.50000000e+00  1.37791144e-09 -2.50999915e-12 
 6.47350000e-09  6.47350000e-09  2.50000000e+00  1.37791144e-09 -2.50999915e-12 
 6.47450000e-09  6.47450000e-09  2.50000000e+00  1.37791144e-09 -2.50999915e-12 
 6.47550000e-09  6.47550000e-09  2.50000000e+00  1.37791144e-09 -2.50999915e-12 
 6.47650000e-09  6.47650000e-09  2.50000000e+00  1.37791144e-09 -2.50999915e-12 
 6.47750000e-09  6.47750000e-09  2.50000000e+00  1.37791144e-09 -2.50999915e-12 
 6.47850000e-09  6.47850000e-09  2.50000000e+00  1.37791144e-09 -2.50999915e-12 
 6.47950000e-09  6.47950000e-09  2.50000000e+00  1.37791144e-09 -2.50999915e-12 
 6.48050000e-09  6.48050000e-09  2.50000000e+00  1.37791144e-09 -2.50999915e-12 
 6.48150000e-09  6.48150000e-09  2.50000000e+00  1.37791144e-09 -2.50999915e-12 
 6.48250000e-09  6.48250000e-09  2.50000000e+00  1.37791144e-09 -2.50999915e-12 
 6.48350000e-09  6.48350000e-09  2.50000000e+00  1.37791144e-09 -2.50999915e-12 
 6.48450000e-09  6.48450000e-09  2.50000000e+00  1.37791144e-09 -2.50999915e-12 
 6.48550000e-09  6.48550000e-09  2.50000000e+00  1.37791144e-09 -2.50999915e-12 
 6.48650000e-09  6.48650000e-09  2.50000000e+00  1.37791144e-09 -2.50999915e-12 
 6.48750000e-09  6.48750000e-09  2.50000000e+00  1.37791144e-09 -2.50999915e-12 
 6.48850000e-09  6.48850000e-09  2.50000000e+00  1.37791144e-09 -2.50999915e-12 
 6.48950000e-09  6.48950000e-09  2.50000000e+00  1.37791144e-09 -2.50999915e-12 
 6.49050000e-09  6.49050000e-09  2.50000000e+00  1.37791144e-09 -2.50999915e-12 
 6.49150000e-09  6.49150000e-09  2.50000000e+00  1.37791144e-09 -2.50999915e-12 
 6.49250000e-09  6.49250000e-09  2.50000000e+00  1.37791144e-09 -2.50999915e-12 
 6.49350000e-09  6.49350000e-09  2.50000000e+00  1.37791144e-09 -2.50999915e-12 
 6.49450000e-09  6.49450000e-09  2.50000000e+00  1.37791144e-09 -2.50999915e-12 
 6.49550000e-09  6.49550000e-09  2.50000000e+00  1.37791144e-09 -2.50999915e-12 
 6.49650000e-09  6.49650000e-09  2.50000000e+00  1.37791144e-09 -2.50999915e-12 
 6.49750000e-09  6.49750000e-09  2.50000000e+00  1.37791144e-09 -2.50999915e-12 
 6.49850000e-09  6.49850000e-09  2.50000000e+00  1.37791144e-09 -2.50999915e-12 
 6.49950000e-09  6.49950000e-09  2.50000000e+00  1.37791144e-09 -2.50999915e-12 
 6.50050000e-09  6.50050000e-09  2.50000000e+00  1.37791144e-09 -2.50999915e-12 
 6.50150000e-09  6.50150000e-09  2.50000000e+00  1.37791144e-09 -2.50999915e-12 
 6.50250000e-09  6.50250000e-09  2.50000000e+00  1.37791144e-09 -2.50999915e-12 
 6.50350000e-09  6.50350000e-09  2.50000000e+00  1.37791144e-09 -2.50999915e-12 
 6.50450000e-09  6.50450000e-09  2.50000000e+00  1.37791144e-09 -2.50999915e-12 
 6.50550000e-09  6.50550000e-09  2.50000000e+00  1.37791144e-09 -2.50999915e-12 
 6.50650000e-09  6.50650000e-09  2.50000000e+00  1.37791144e-09 -2.50999915e-12 
 6.50750000e-09  6.50750000e-09  2.50000000e+00  1.37791144e-09 -2.50999915e-12 
 6.50850000e-09  6.50850000e-09  2.50000000e+00  1.37791144e-09 -2.50999915e-12 
 6.50950000e-09  6.50950000e-09  2.50000000e+00  1.37791144e-09 -2.50999915e-12 
 6.51050000e-09  6.51050000e-09  2.50000000e+00  1.37791144e-09 -2.50999915e-12 
 6.51150000e-09  6.51150000e-09  2.50000000e+00  1.37791144e-09 -2.50999915e-12 
 6.51250000e-09  6.51250000e-09  2.50000000e+00  1.37791144e-09 -2.50999915e-12 
 6.51350000e-09  6.51350000e-09  2.50000000e+00  1.37791144e-09 -2.50999915e-12 
 6.51450000e-09  6.51450000e-09  2.50000000e+00  1.37791144e-09 -2.50999915e-12 
 6.51550000e-09  6.51550000e-09  2.50000000e+00  1.37791144e-09 -2.50999915e-12 
 6.51650000e-09  6.51650000e-09  2.50000000e+00  1.37791144e-09 -2.50999915e-12 
 6.51750000e-09  6.51750000e-09  2.50000000e+00  1.37791144e-09 -2.50999915e-12 
 6.51850000e-09  6.51850000e-09  2.50000000e+00  1.37791144e-09 -2.50999915e-12 
 6.51950000e-09  6.51950000e-09  2.50000000e+00  1.37791144e-09 -2.50999915e-12 
 6.52050000e-09  6.52050000e-09  2.50000000e+00  1.37791144e-09 -2.50999915e-12 
 6.52150000e-09  6.52150000e-09  2.50000000e+00  1.37791144e-09 -2.50999915e-12 
 6.52250000e-09  6.52250000e-09  2.50000000e+00  1.37791144e-09 -2.50999915e-12 
 6.52350000e-09  6.52350000e-09  2.50000000e+00  1.37791144e-09 -2.50999915e-12 
 6.52450000e-09  6.52450000e-09  2.50000000e+00  1.37791144e-09 -2.50999915e-12 
 6.52550000e-09  6.52550000e-09  2.50000000e+00  1.37791144e-09 -2.50999915e-12 
 6.52650000e-09  6.52650000e-09  2.50000000e+00  1.37791144e-09 -2.50999915e-12 
 6.52750000e-09  6.52750000e-09  2.50000000e+00  1.37791144e-09 -2.50999915e-12 
 6.52850000e-09  6.52850000e-09  2.50000000e+00  1.37791144e-09 -2.50999915e-12 
 6.52950000e-09  6.52950000e-09  2.50000000e+00  1.37791144e-09 -2.50999915e-12 
 6.53050000e-09  6.53050000e-09  2.50000000e+00  1.37791144e-09 -2.50999915e-12 
 6.53150000e-09  6.53150000e-09  2.50000000e+00  1.37791144e-09 -2.50999915e-12 
 6.53250000e-09  6.53250000e-09  2.50000000e+00  1.37791144e-09 -2.50999915e-12 
 6.53350000e-09  6.53350000e-09  2.50000000e+00  1.37791144e-09 -2.50999915e-12 
 6.53450000e-09  6.53450000e-09  2.50000000e+00  1.37791144e-09 -2.50999915e-12 
 6.53550000e-09  6.53550000e-09  2.50000000e+00  1.37791144e-09 -2.50999915e-12 
 6.53650000e-09  6.53650000e-09  2.50000000e+00  1.37791144e-09 -2.50999915e-12 
 6.53750000e-09  6.53750000e-09  2.50000000e+00  1.37791144e-09 -2.50999915e-12 
 6.53850000e-09  6.53850000e-09  2.50000000e+00  1.37791144e-09 -2.50999915e-12 
 6.53950000e-09  6.53950000e-09  2.50000000e+00  1.37791144e-09 -2.50999915e-12 
 6.54050000e-09  6.54050000e-09  2.50000000e+00  1.37791144e-09 -2.50999915e-12 
 6.54150000e-09  6.54150000e-09  2.50000000e+00  1.37791144e-09 -2.50999915e-12 
 6.54250000e-09  6.54250000e-09  2.50000000e+00  1.37791144e-09 -2.50999915e-12 
 6.54350000e-09  6.54350000e-09  2.50000000e+00  1.37791144e-09 -2.50999915e-12 
 6.54450000e-09  6.54450000e-09  2.50000000e+00  1.37791144e-09 -2.50999915e-12 
 6.54550000e-09  6.54550000e-09  2.50000000e+00  1.37791144e-09 -2.50999915e-12 
 6.54650000e-09  6.54650000e-09  2.50000000e+00  1.37791144e-09 -2.50999915e-12 
 6.54750000e-09  6.54750000e-09  2.50000000e+00  1.37791144e-09 -2.50999915e-12 
 6.54850000e-09  6.54850000e-09  2.50000000e+00  1.37791144e-09 -2.50999915e-12 
 6.54950000e-09  6.54950000e-09  2.50000000e+00  1.37791144e-09 -2.50999915e-12 
 6.55050000e-09  6.55050000e-09  2.50000000e+00  1.37791144e-09 -2.50999915e-12 
 6.55150000e-09  6.55150000e-09  2.50000000e+00  1.37791144e-09 -2.50999915e-12 
 6.55250000e-09  6.55250000e-09  2.50000000e+00  1.37791144e-09 -2.50999915e-12 
 6.55350000e-09  6.55350000e-09  2.50000000e+00  1.37791144e-09 -2.50999915e-12 
 6.55450000e-09  6.55450000e-09  2.50000000e+00  1.37791144e-09 -2.50999915e-12 
 6.55550000e-09  6.55550000e-09  2.50000000e+00  1.37791144e-09 -2.50999915e-12 
 6.55650000e-09  6.55650000e-09  2.50000000e+00  1.37791144e-09 -2.50999915e-12 
 6.55750000e-09  6.55750000e-09  2.50000000e+00  1.37791144e-09 -2.50999915e-12 
 6.55850000e-09  6.55850000e-09  2.50000000e+00  1.37791144e-09 -2.50999915e-12 
 6.55950000e-09  6.55950000e-09  2.50000000e+00  1.37791144e-09 -2.50999915e-12 
 6.56050000e-09  6.56050000e-09  2.50000000e+00  1.37791144e-09 -2.50999915e-12 
 6.56150000e-09  6.56150000e-09  2.50000000e+00  1.37791144e-09 -2.50999915e-12 
 6.56250000e-09  6.56250000e-09  2.50000000e+00  1.37791144e-09 -2.50999915e-12 
 6.56350000e-09  6.56350000e-09  2.50000000e+00  1.37791144e-09 -2.50999915e-12 
 6.56450000e-09  6.56450000e-09  2.50000000e+00  1.37791144e-09 -2.50999915e-12 
 6.56550000e-09  6.56550000e-09  2.50000000e+00  1.37791144e-09 -2.50999915e-12 
 6.56650000e-09  6.56650000e-09  2.50000000e+00  1.37791144e-09 -2.50999915e-12 
 6.56750000e-09  6.56750000e-09  2.50000000e+00  1.37791144e-09 -2.50999915e-12 
 6.56850000e-09  6.56850000e-09  2.50000000e+00  1.37791144e-09 -2.50999915e-12 
 6.56950000e-09  6.56950000e-09  2.50000000e+00  1.37791144e-09 -2.50999915e-12 
 6.57050000e-09  6.57050000e-09  2.50000000e+00  1.37791144e-09 -2.50999915e-12 
 6.57150000e-09  6.57150000e-09  2.50000000e+00  1.37791144e-09 -2.50999915e-12 
 6.57250000e-09  6.57250000e-09  2.50000000e+00  1.37791144e-09 -2.50999915e-12 
 6.57350000e-09  6.57350000e-09  2.50000000e+00  1.37791144e-09 -2.50999915e-12 
 6.57450000e-09  6.57450000e-09  2.50000000e+00  1.37791144e-09 -2.50999915e-12 
 6.57550000e-09  6.57550000e-09  2.50000000e+00  1.37791144e-09 -2.50999915e-12 
 6.57650000e-09  6.57650000e-09  2.50000000e+00  1.37791144e-09 -2.50999915e-12 
 6.57750000e-09  6.57750000e-09  2.50000000e+00  1.37791144e-09 -2.50999915e-12 
 6.57850000e-09  6.57850000e-09  2.50000000e+00  1.37791144e-09 -2.50999915e-12 
 6.57950000e-09  6.57950000e-09  2.50000000e+00  1.37791144e-09 -2.50999915e-12 
 6.58050000e-09  6.58050000e-09  2.50000000e+00  1.37791144e-09 -2.50999915e-12 
 6.58150000e-09  6.58150000e-09  2.50000000e+00  1.37791144e-09 -2.50999915e-12 
 6.58250000e-09  6.58250000e-09  2.50000000e+00  1.37791144e-09 -2.50999915e-12 
 6.58350000e-09  6.58350000e-09  2.50000000e+00  1.37791144e-09 -2.50999915e-12 
 6.58450000e-09  6.58450000e-09  2.50000000e+00  1.37791144e-09 -2.50999915e-12 
 6.58550000e-09  6.58550000e-09  2.50000000e+00  1.37791144e-09 -2.50999915e-12 
 6.58650000e-09  6.58650000e-09  2.50000000e+00  1.37791144e-09 -2.50999915e-12 
 6.58750000e-09  6.58750000e-09  2.50000000e+00  1.37791144e-09 -2.50999915e-12 
 6.58850000e-09  6.58850000e-09  2.50000000e+00  1.37791144e-09 -2.50999915e-12 
 6.58950000e-09  6.58950000e-09  2.50000000e+00  1.37791144e-09 -2.50999915e-12 
 6.59050000e-09  6.59050000e-09  2.50000000e+00  1.37791144e-09 -2.50999915e-12 
 6.59150000e-09  6.59150000e-09  2.50000000e+00  1.37791144e-09 -2.50999915e-12 
 6.59250000e-09  6.59250000e-09  2.50000000e+00  1.37791144e-09 -2.50999915e-12 
 6.59350000e-09  6.59350000e-09  2.50000000e+00  1.37791144e-09 -2.50999915e-12 
 6.59450000e-09  6.59450000e-09  2.50000000e+00  1.37791144e-09 -2.50999915e-12 
 6.59550000e-09  6.59550000e-09  2.50000000e+00  1.37791144e-09 -2.50999915e-12 
 6.59650000e-09  6.59650000e-09  2.50000000e+00  1.37791144e-09 -2.50999915e-12 
 6.59750000e-09  6.59750000e-09  2.50000000e+00  1.37791144e-09 -2.50999915e-12 
 6.59850000e-09  6.59850000e-09  2.50000000e+00  1.37791144e-09 -2.50999915e-12 
 6.59950000e-09  6.59950000e-09  2.50000000e+00  1.37791144e-09 -2.50999915e-12 
 6.60050000e-09  6.60050000e-09  2.50000000e+00  1.37791144e-09 -2.50999915e-12 
 6.60150000e-09  6.60150000e-09  2.50000000e+00  1.37791144e-09 -2.50999915e-12 
 6.60250000e-09  6.60250000e-09  2.50000000e+00  1.37791144e-09 -2.50999915e-12 
 6.60350000e-09  6.60350000e-09  2.50000000e+00  1.37791144e-09 -2.50999915e-12 
 6.60450000e-09  6.60450000e-09  2.50000000e+00  1.37791144e-09 -2.50999915e-12 
 6.60550000e-09  6.60550000e-09  2.50000000e+00  1.37791144e-09 -2.50999915e-12 
 6.60650000e-09  6.60650000e-09  2.50000000e+00  1.37791144e-09 -2.50999915e-12 
 6.60750000e-09  6.60750000e-09  2.50000000e+00  1.37791144e-09 -2.50999915e-12 
 6.60850000e-09  6.60850000e-09  2.50000000e+00  1.37791144e-09 -2.50999915e-12 
 6.60950000e-09  6.60950000e-09  2.50000000e+00  1.37791144e-09 -2.50999915e-12 
 6.61050000e-09  6.61050000e-09  2.50000000e+00  1.37791144e-09 -2.50999915e-12 
 6.61150000e-09  6.61150000e-09  2.50000000e+00  1.37791144e-09 -2.50999915e-12 
 6.61250000e-09  6.61250000e-09  2.50000000e+00  1.37791144e-09 -2.50999915e-12 
 6.61350000e-09  6.61350000e-09  2.50000000e+00  1.37791144e-09 -2.50999915e-12 
 6.61450000e-09  6.61450000e-09  2.50000000e+00  1.37791144e-09 -2.50999915e-12 
 6.61550000e-09  6.61550000e-09  2.50000000e+00  1.37791144e-09 -2.50999915e-12 
 6.61650000e-09  6.61650000e-09  2.50000000e+00  1.37791144e-09 -2.50999915e-12 
 6.61750000e-09  6.61750000e-09  2.50000000e+00  1.37791144e-09 -2.50999915e-12 
 6.61850000e-09  6.61850000e-09  2.50000000e+00  1.37791144e-09 -2.50999915e-12 
 6.61950000e-09  6.61950000e-09  2.50000000e+00  1.37791144e-09 -2.50999915e-12 
 6.62050000e-09  6.62050000e-09  2.50000000e+00  1.37791144e-09 -2.50999915e-12 
 6.62150000e-09  6.62150000e-09  2.50000000e+00  1.37791144e-09 -2.50999915e-12 
 6.62250000e-09  6.62250000e-09  2.50000000e+00  1.37791144e-09 -2.50999915e-12 
 6.62350000e-09  6.62350000e-09  2.50000000e+00  1.37791144e-09 -2.50999915e-12 
 6.62450000e-09  6.62450000e-09  2.50000000e+00  1.37791144e-09 -2.50999915e-12 
 6.62550000e-09  6.62550000e-09  2.50000000e+00  1.37791144e-09 -2.50999915e-12 
 6.62650000e-09  6.62650000e-09  2.50000000e+00  1.37791144e-09 -2.50999915e-12 
 6.62750000e-09  6.62750000e-09  2.50000000e+00  1.37791144e-09 -2.50999915e-12 
 6.62850000e-09  6.62850000e-09  2.50000000e+00  1.37791144e-09 -2.50999915e-12 
 6.62950000e-09  6.62950000e-09  2.50000000e+00  1.37791144e-09 -2.50999915e-12 
 6.63050000e-09  6.63050000e-09  2.50000000e+00  1.37791144e-09 -2.50999915e-12 
 6.63150000e-09  6.63150000e-09  2.50000000e+00  1.37791144e-09 -2.50999915e-12 
 6.63250000e-09  6.63250000e-09  2.50000000e+00  1.37791144e-09 -2.50999915e-12 
 6.63350000e-09  6.63350000e-09  2.50000000e+00  1.37791144e-09 -2.50999915e-12 
 6.63450000e-09  6.63450000e-09  2.50000000e+00  1.37791144e-09 -2.50999915e-12 
 6.63550000e-09  6.63550000e-09  2.50000000e+00  1.37791144e-09 -2.50999915e-12 
 6.63650000e-09  6.63650000e-09  2.50000000e+00  1.37791144e-09 -2.50999915e-12 
 6.63750000e-09  6.63750000e-09  2.50000000e+00  1.37791144e-09 -2.50999915e-12 
 6.63850000e-09  6.63850000e-09  2.50000000e+00  1.37791144e-09 -2.50999915e-12 
 6.63950000e-09  6.63950000e-09  2.50000000e+00  1.37791144e-09 -2.50999915e-12 
 6.64050000e-09  6.64050000e-09  2.50000000e+00  1.37791144e-09 -2.50999915e-12 
 6.64150000e-09  6.64150000e-09  2.50000000e+00  1.37791144e-09 -2.50999915e-12 
 6.64250000e-09  6.64250000e-09  2.50000000e+00  1.37791144e-09 -2.50999915e-12 
 6.64350000e-09  6.64350000e-09  2.50000000e+00  1.37791144e-09 -2.50999915e-12 
 6.64450000e-09  6.64450000e-09  2.50000000e+00  1.37791144e-09 -2.50999915e-12 
 6.64550000e-09  6.64550000e-09  2.50000000e+00  1.37791144e-09 -2.50999915e-12 
 6.64650000e-09  6.64650000e-09  2.50000000e+00  1.37791144e-09 -2.50999915e-12 
 6.64750000e-09  6.64750000e-09  2.50000000e+00  1.37791144e-09 -2.50999915e-12 
 6.64850000e-09  6.64850000e-09  2.50000000e+00  1.37791144e-09 -2.50999915e-12 
 6.64950000e-09  6.64950000e-09  2.50000000e+00  1.37791144e-09 -2.50999915e-12 
 6.65050000e-09  6.65050000e-09  2.50000000e+00  1.37791144e-09 -2.50999915e-12 
 6.65150000e-09  6.65150000e-09  2.50000000e+00  1.37791144e-09 -2.50999915e-12 
 6.65250000e-09  6.65250000e-09  2.50000000e+00  1.37791144e-09 -2.50999915e-12 
 6.65350000e-09  6.65350000e-09  2.50000000e+00  1.37791144e-09 -2.50999915e-12 
 6.65450000e-09  6.65450000e-09  2.50000000e+00  1.37791144e-09 -2.50999915e-12 
 6.65550000e-09  6.65550000e-09  2.50000000e+00  1.37791144e-09 -2.50999915e-12 
 6.65650000e-09  6.65650000e-09  2.50000000e+00  1.37791144e-09 -2.50999915e-12 
 6.65750000e-09  6.65750000e-09  2.50000000e+00  1.37791144e-09 -2.50999915e-12 
 6.65850000e-09  6.65850000e-09  2.50000000e+00  1.37791144e-09 -2.50999915e-12 
 6.65950000e-09  6.65950000e-09  2.50000000e+00  1.37791144e-09 -2.50999915e-12 
 6.66050000e-09  6.66050000e-09  2.50000000e+00  1.37791144e-09 -2.50999915e-12 
 6.66150000e-09  6.66150000e-09  2.50000000e+00  1.37791144e-09 -2.50999915e-12 
 6.66250000e-09  6.66250000e-09  2.50000000e+00  1.37791144e-09 -2.50999915e-12 
 6.66350000e-09  6.66350000e-09  2.50000000e+00  1.37791144e-09 -2.50999915e-12 
 6.66450000e-09  6.66450000e-09  2.50000000e+00  1.37791144e-09 -2.50999915e-12 
 6.66550000e-09  6.66550000e-09  2.50000000e+00  1.37791144e-09 -2.50999915e-12 
 6.66650000e-09  6.66650000e-09  2.50000000e+00  1.37791144e-09 -2.50999915e-12 
 6.66750000e-09  6.66750000e-09  2.50000000e+00  1.37791144e-09 -2.50999915e-12 
 6.66850000e-09  6.66850000e-09  2.50000000e+00  1.37791144e-09 -2.50999915e-12 
 6.66950000e-09  6.66950000e-09  2.50000000e+00  1.37791144e-09 -2.50999915e-12 
 6.67050000e-09  6.67050000e-09  2.50000000e+00  1.37791144e-09 -2.50999915e-12 
 6.67150000e-09  6.67150000e-09  2.50000000e+00  1.37791144e-09 -2.50999915e-12 
 6.67250000e-09  6.67250000e-09  2.50000000e+00  1.37791144e-09 -2.50999915e-12 
 6.67350000e-09  6.67350000e-09  2.50000000e+00  1.37791144e-09 -2.50999915e-12 
 6.67450000e-09  6.67450000e-09  2.50000000e+00  1.37791144e-09 -2.50999915e-12 
 6.67550000e-09  6.67550000e-09  2.50000000e+00  1.37791144e-09 -2.50999915e-12 
 6.67650000e-09  6.67650000e-09  2.50000000e+00  1.37791144e-09 -2.50999915e-12 
 6.67750000e-09  6.67750000e-09  2.50000000e+00  1.37791144e-09 -2.50999915e-12 
 6.67850000e-09  6.67850000e-09  2.50000000e+00  1.37791144e-09 -2.50999915e-12 
 6.67950000e-09  6.67950000e-09  2.50000000e+00  1.37791144e-09 -2.50999915e-12 
 6.68050000e-09  6.68050000e-09  2.50000000e+00  1.37791144e-09 -2.50999915e-12 
 6.68150000e-09  6.68150000e-09  2.50000000e+00  1.37791144e-09 -2.50999915e-12 
 6.68250000e-09  6.68250000e-09  2.50000000e+00  1.37791144e-09 -2.50999915e-12 
 6.68350000e-09  6.68350000e-09  2.50000000e+00  1.37791144e-09 -2.50999915e-12 
 6.68450000e-09  6.68450000e-09  2.50000000e+00  1.37791144e-09 -2.50999915e-12 
 6.68550000e-09  6.68550000e-09  2.50000000e+00  1.37791144e-09 -2.50999915e-12 
 6.68650000e-09  6.68650000e-09  2.50000000e+00  1.37791144e-09 -2.50999915e-12 
 6.68750000e-09  6.68750000e-09  2.50000000e+00  1.37791144e-09 -2.50999915e-12 
 6.68850000e-09  6.68850000e-09  2.50000000e+00  1.37791144e-09 -2.50999915e-12 
 6.68950000e-09  6.68950000e-09  2.50000000e+00  1.37791144e-09 -2.50999915e-12 
 6.69050000e-09  6.69050000e-09  2.50000000e+00  1.37791144e-09 -2.50999915e-12 
 6.69150000e-09  6.69150000e-09  2.50000000e+00  1.37791144e-09 -2.50999915e-12 
 6.69250000e-09  6.69250000e-09  2.50000000e+00  1.37791144e-09 -2.50999915e-12 
 6.69350000e-09  6.69350000e-09  2.50000000e+00  1.37791144e-09 -2.50999915e-12 
 6.69450000e-09  6.69450000e-09  2.50000000e+00  1.37791144e-09 -2.50999915e-12 
 6.69550000e-09  6.69550000e-09  2.50000000e+00  1.37791144e-09 -2.50999915e-12 
 6.69650000e-09  6.69650000e-09  2.50000000e+00  1.37791144e-09 -2.50999915e-12 
 6.69750000e-09  6.69750000e-09  2.50000000e+00  1.37791144e-09 -2.50999915e-12 
 6.69850000e-09  6.69850000e-09  2.50000000e+00  1.37791144e-09 -2.50999915e-12 
 6.69950000e-09  6.69950000e-09  2.50000000e+00  1.37791144e-09 -2.50999915e-12 
 6.70050000e-09  6.70050000e-09  2.50000000e+00  1.37791144e-09 -2.50999915e-12 
 6.70150000e-09  6.70150000e-09  2.50000000e+00  1.37791144e-09 -2.50999915e-12 
 6.70250000e-09  6.70250000e-09  2.50000000e+00  1.37791144e-09 -2.50999915e-12 
 6.70350000e-09  6.70350000e-09  2.50000000e+00  1.37791144e-09 -2.50999915e-12 
 6.70450000e-09  6.70450000e-09  2.50000000e+00  1.37791144e-09 -2.50999915e-12 
 6.70550000e-09  6.70550000e-09  2.50000000e+00  1.37791144e-09 -2.50999915e-12 
 6.70650000e-09  6.70650000e-09  2.50000000e+00  1.37791144e-09 -2.50999915e-12 
 6.70750000e-09  6.70750000e-09  2.50000000e+00  1.37791144e-09 -2.50999915e-12 
 6.70850000e-09  6.70850000e-09  2.50000000e+00  1.37791144e-09 -2.50999915e-12 
 6.70950000e-09  6.70950000e-09  2.50000000e+00  1.37791144e-09 -2.50999915e-12 
 6.71050000e-09  6.71050000e-09  2.50000000e+00  1.37791144e-09 -2.50999915e-12 
 6.71150000e-09  6.71150000e-09  2.50000000e+00  1.37791144e-09 -2.50999915e-12 
 6.71250000e-09  6.71250000e-09  2.50000000e+00  1.37791144e-09 -2.50999915e-12 
 6.71350000e-09  6.71350000e-09  2.50000000e+00  1.37791144e-09 -2.50999915e-12 
 6.71450000e-09  6.71450000e-09  2.50000000e+00  1.37791144e-09 -2.50999915e-12 
 6.71550000e-09  6.71550000e-09  2.50000000e+00  1.37791144e-09 -2.50999915e-12 
 6.71650000e-09  6.71650000e-09  2.50000000e+00  1.37791144e-09 -2.50999915e-12 
 6.71750000e-09  6.71750000e-09  2.50000000e+00  1.37791144e-09 -2.50999915e-12 
 6.71850000e-09  6.71850000e-09  2.50000000e+00  1.37791144e-09 -2.50999915e-12 
 6.71950000e-09  6.71950000e-09  2.50000000e+00  1.37791144e-09 -2.50999915e-12 
 6.72050000e-09  6.72050000e-09  2.50000000e+00  1.37791144e-09 -2.50999915e-12 
 6.72150000e-09  6.72150000e-09  2.50000000e+00  1.37791144e-09 -2.50999915e-12 
 6.72250000e-09  6.72250000e-09  2.50000000e+00  1.37791144e-09 -2.50999915e-12 
 6.72350000e-09  6.72350000e-09  2.50000000e+00  1.37791144e-09 -2.50999915e-12 
 6.72450000e-09  6.72450000e-09  2.50000000e+00  1.37791144e-09 -2.50999915e-12 
 6.72550000e-09  6.72550000e-09  2.50000000e+00  1.37791144e-09 -2.50999915e-12 
 6.72650000e-09  6.72650000e-09  2.50000000e+00  1.37791144e-09 -2.50999915e-12 
 6.72750000e-09  6.72750000e-09  2.50000000e+00  1.37791144e-09 -2.50999915e-12 
 6.72850000e-09  6.72850000e-09  2.50000000e+00  1.37791144e-09 -2.50999915e-12 
 6.72950000e-09  6.72950000e-09  2.50000000e+00  1.37791144e-09 -2.50999915e-12 
 6.73050000e-09  6.73050000e-09  2.50000000e+00  1.37791144e-09 -2.50999915e-12 
 6.73150000e-09  6.73150000e-09  2.50000000e+00  1.37791144e-09 -2.50999915e-12 
 6.73250000e-09  6.73250000e-09  2.50000000e+00  1.37791144e-09 -2.50999915e-12 
 6.73350000e-09  6.73350000e-09  2.50000000e+00  1.37791144e-09 -2.50999915e-12 
 6.73450000e-09  6.73450000e-09  2.50000000e+00  1.37791144e-09 -2.50999915e-12 
 6.73550000e-09  6.73550000e-09  2.50000000e+00  1.37791144e-09 -2.50999915e-12 
 6.73650000e-09  6.73650000e-09  2.50000000e+00  1.37791144e-09 -2.50999915e-12 
 6.73750000e-09  6.73750000e-09  2.50000000e+00  1.37791144e-09 -2.50999915e-12 
 6.73850000e-09  6.73850000e-09  2.50000000e+00  1.37791144e-09 -2.50999915e-12 
 6.73950000e-09  6.73950000e-09  2.50000000e+00  1.37791144e-09 -2.50999915e-12 
 6.74050000e-09  6.74050000e-09  2.50000000e+00  1.37791144e-09 -2.50999915e-12 
 6.74150000e-09  6.74150000e-09  2.50000000e+00  1.37791144e-09 -2.50999915e-12 
 6.74250000e-09  6.74250000e-09  2.50000000e+00  1.37791144e-09 -2.50999915e-12 
 6.74350000e-09  6.74350000e-09  2.50000000e+00  1.37791144e-09 -2.50999915e-12 
 6.74450000e-09  6.74450000e-09  2.50000000e+00  1.37791144e-09 -2.50999915e-12 
 6.74550000e-09  6.74550000e-09  2.50000000e+00  1.37791144e-09 -2.50999915e-12 
 6.74650000e-09  6.74650000e-09  2.50000000e+00  1.37791144e-09 -2.50999915e-12 
 6.74750000e-09  6.74750000e-09  2.50000000e+00  1.37791144e-09 -2.50999915e-12 
 6.74850000e-09  6.74850000e-09  2.50000000e+00  1.37791144e-09 -2.50999915e-12 
 6.74950000e-09  6.74950000e-09  2.50000000e+00  1.37791144e-09 -2.50999915e-12 
 6.75050000e-09  6.75050000e-09  2.50000000e+00  1.37791144e-09 -2.50999915e-12 
 6.75150000e-09  6.75150000e-09  2.50000000e+00  1.37791144e-09 -2.50999915e-12 
 6.75250000e-09  6.75250000e-09  2.50000000e+00  1.37791144e-09 -2.50999915e-12 
 6.75350000e-09  6.75350000e-09  2.50000000e+00  1.37791144e-09 -2.50999915e-12 
 6.75450000e-09  6.75450000e-09  2.50000000e+00  1.37791144e-09 -2.50999915e-12 
 6.75550000e-09  6.75550000e-09  2.50000000e+00  1.37791144e-09 -2.50999915e-12 
 6.75650000e-09  6.75650000e-09  2.50000000e+00  1.37791144e-09 -2.50999915e-12 
 6.75750000e-09  6.75750000e-09  2.50000000e+00  1.37791144e-09 -2.50999915e-12 
 6.75850000e-09  6.75850000e-09  2.50000000e+00  1.37791144e-09 -2.50999915e-12 
 6.75950000e-09  6.75950000e-09  2.50000000e+00  1.37791144e-09 -2.50999915e-12 
 6.76050000e-09  6.76050000e-09  2.50000000e+00  1.37791144e-09 -2.50999915e-12 
 6.76150000e-09  6.76150000e-09  2.50000000e+00  1.37791144e-09 -2.50999915e-12 
 6.76250000e-09  6.76250000e-09  2.50000000e+00  1.37791144e-09 -2.50999915e-12 
 6.76350000e-09  6.76350000e-09  2.50000000e+00  1.37791144e-09 -2.50999915e-12 
 6.76450000e-09  6.76450000e-09  2.50000000e+00  1.37791144e-09 -2.50999915e-12 
 6.76550000e-09  6.76550000e-09  2.50000000e+00  1.37791144e-09 -2.50999915e-12 
 6.76650000e-09  6.76650000e-09  2.50000000e+00  1.37791144e-09 -2.50999915e-12 
 6.76750000e-09  6.76750000e-09  2.50000000e+00  1.37791144e-09 -2.50999915e-12 
 6.76850000e-09  6.76850000e-09  2.50000000e+00  1.37791144e-09 -2.50999915e-12 
 6.76950000e-09  6.76950000e-09  2.50000000e+00  1.37791144e-09 -2.50999915e-12 
 6.77050000e-09  6.77050000e-09  2.50000000e+00  1.37791144e-09 -2.50999915e-12 
 6.77150000e-09  6.77150000e-09  2.50000000e+00  1.37791144e-09 -2.50999915e-12 
 6.77250000e-09  6.77250000e-09  2.50000000e+00  1.37791144e-09 -2.50999915e-12 
 6.77350000e-09  6.77350000e-09  2.50000000e+00  1.37791144e-09 -2.50999915e-12 
 6.77450000e-09  6.77450000e-09  2.50000000e+00  1.37791144e-09 -2.50999915e-12 
 6.77550000e-09  6.77550000e-09  2.50000000e+00  1.37791144e-09 -2.50999915e-12 
 6.77650000e-09  6.77650000e-09  2.50000000e+00  1.37791144e-09 -2.50999915e-12 
 6.77750000e-09  6.77750000e-09  2.50000000e+00  1.37791144e-09 -2.50999915e-12 
 6.77850000e-09  6.77850000e-09  2.50000000e+00  1.37791144e-09 -2.50999915e-12 
 6.77950000e-09  6.77950000e-09  2.50000000e+00  1.37791144e-09 -2.50999915e-12 
 6.78050000e-09  6.78050000e-09  2.50000000e+00  1.37791144e-09 -2.50999915e-12 
 6.78150000e-09  6.78150000e-09  2.50000000e+00  1.37791144e-09 -2.50999915e-12 
 6.78250000e-09  6.78250000e-09  2.50000000e+00  1.37791144e-09 -2.50999915e-12 
 6.78350000e-09  6.78350000e-09  2.50000000e+00  1.37791144e-09 -2.50999915e-12 
 6.78450000e-09  6.78450000e-09  2.50000000e+00  1.37791144e-09 -2.50999915e-12 
 6.78550000e-09  6.78550000e-09  2.50000000e+00  1.37791144e-09 -2.50999915e-12 
 6.78650000e-09  6.78650000e-09  2.50000000e+00  1.37791144e-09 -2.50999915e-12 
 6.78750000e-09  6.78750000e-09  2.50000000e+00  1.37791144e-09 -2.50999915e-12 
 6.78850000e-09  6.78850000e-09  2.50000000e+00  1.37791144e-09 -2.50999915e-12 
 6.78950000e-09  6.78950000e-09  2.50000000e+00  1.37791144e-09 -2.50999915e-12 
 6.79050000e-09  6.79050000e-09  2.50000000e+00  1.37791144e-09 -2.50999915e-12 
 6.79150000e-09  6.79150000e-09  2.50000000e+00  1.37791144e-09 -2.50999915e-12 
 6.79250000e-09  6.79250000e-09  2.50000000e+00  1.37791144e-09 -2.50999915e-12 
 6.79350000e-09  6.79350000e-09  2.50000000e+00  1.37791144e-09 -2.50999915e-12 
 6.79450000e-09  6.79450000e-09  2.50000000e+00  1.37791144e-09 -2.50999915e-12 
 6.79550000e-09  6.79550000e-09  2.50000000e+00  1.37791144e-09 -2.50999915e-12 
 6.79650000e-09  6.79650000e-09  2.50000000e+00  1.37791144e-09 -2.50999915e-12 
 6.79750000e-09  6.79750000e-09  2.50000000e+00  1.37791144e-09 -2.50999915e-12 
 6.79850000e-09  6.79850000e-09  2.50000000e+00  1.37791144e-09 -2.50999915e-12 
 6.79950000e-09  6.79950000e-09  2.50000000e+00  1.37791144e-09 -2.50999915e-12 
 6.80050000e-09  6.80050000e-09  2.50000000e+00  1.37791144e-09 -2.50999915e-12 
 6.80150000e-09  6.80150000e-09  2.50000000e+00  1.37791144e-09 -2.50999915e-12 
 6.80250000e-09  6.80250000e-09  2.50000000e+00  1.37791144e-09 -2.50999915e-12 
 6.80350000e-09  6.80350000e-09  2.50000000e+00  1.37791144e-09 -2.50999915e-12 
 6.80450000e-09  6.80450000e-09  2.50000000e+00  1.37791144e-09 -2.50999915e-12 
 6.80550000e-09  6.80550000e-09  2.50000000e+00  1.37791144e-09 -2.50999915e-12 
 6.80650000e-09  6.80650000e-09  2.50000000e+00  1.37791144e-09 -2.50999915e-12 
 6.80750000e-09  6.80750000e-09  2.50000000e+00  1.37791144e-09 -2.50999915e-12 
 6.80850000e-09  6.80850000e-09  2.50000000e+00  1.37791144e-09 -2.50999915e-12 
 6.80950000e-09  6.80950000e-09  2.50000000e+00  1.37791144e-09 -2.50999915e-12 
 6.81050000e-09  6.81050000e-09  2.50000000e+00  1.37791144e-09 -2.50999915e-12 
 6.81150000e-09  6.81150000e-09  2.50000000e+00  1.37791144e-09 -2.50999915e-12 
 6.81250000e-09  6.81250000e-09  2.50000000e+00  1.37791144e-09 -2.50999915e-12 
 6.81350000e-09  6.81350000e-09  2.50000000e+00  1.37791144e-09 -2.50999915e-12 
 6.81450000e-09  6.81450000e-09  2.50000000e+00  1.37791144e-09 -2.50999915e-12 
 6.81550000e-09  6.81550000e-09  2.50000000e+00  1.37791144e-09 -2.50999915e-12 
 6.81650000e-09  6.81650000e-09  2.50000000e+00  1.37791144e-09 -2.50999915e-12 
 6.81750000e-09  6.81750000e-09  2.50000000e+00  1.37791144e-09 -2.50999915e-12 
 6.81850000e-09  6.81850000e-09  2.50000000e+00  1.37791144e-09 -2.50999915e-12 
 6.81950000e-09  6.81950000e-09  2.50000000e+00  1.37791144e-09 -2.50999915e-12 
 6.82050000e-09  6.82050000e-09  2.50000000e+00  1.37791144e-09 -2.50999915e-12 
 6.82150000e-09  6.82150000e-09  2.50000000e+00  1.37791144e-09 -2.50999915e-12 
 6.82250000e-09  6.82250000e-09  2.50000000e+00  1.37791144e-09 -2.50999915e-12 
 6.82350000e-09  6.82350000e-09  2.50000000e+00  1.37791144e-09 -2.50999915e-12 
 6.82450000e-09  6.82450000e-09  2.50000000e+00  1.37791144e-09 -2.50999915e-12 
 6.82550000e-09  6.82550000e-09  2.50000000e+00  1.37791144e-09 -2.50999915e-12 
 6.82650000e-09  6.82650000e-09  2.50000000e+00  1.37791144e-09 -2.50999915e-12 
 6.82750000e-09  6.82750000e-09  2.50000000e+00  1.37791144e-09 -2.50999915e-12 
 6.82850000e-09  6.82850000e-09  2.50000000e+00  1.37791144e-09 -2.50999915e-12 
 6.82950000e-09  6.82950000e-09  2.50000000e+00  1.37791144e-09 -2.50999915e-12 
 6.83050000e-09  6.83050000e-09  2.50000000e+00  1.37791144e-09 -2.50999915e-12 
 6.83150000e-09  6.83150000e-09  2.50000000e+00  1.37791144e-09 -2.50999915e-12 
 6.83250000e-09  6.83250000e-09  2.50000000e+00  1.37791144e-09 -2.50999915e-12 
 6.83350000e-09  6.83350000e-09  2.50000000e+00  1.37791144e-09 -2.50999915e-12 
 6.83450000e-09  6.83450000e-09  2.50000000e+00  1.37791144e-09 -2.50999915e-12 
 6.83550000e-09  6.83550000e-09  2.50000000e+00  1.37791144e-09 -2.50999915e-12 
 6.83650000e-09  6.83650000e-09  2.50000000e+00  1.37791144e-09 -2.50999915e-12 
 6.83750000e-09  6.83750000e-09  2.50000000e+00  1.37791144e-09 -2.50999915e-12 
 6.83850000e-09  6.83850000e-09  2.50000000e+00  1.37791144e-09 -2.50999915e-12 
 6.83950000e-09  6.83950000e-09  2.50000000e+00  1.37791144e-09 -2.50999915e-12 
 6.84050000e-09  6.84050000e-09  2.50000000e+00  1.37791144e-09 -2.50999915e-12 
 6.84150000e-09  6.84150000e-09  2.50000000e+00  1.37791144e-09 -2.50999915e-12 
 6.84250000e-09  6.84250000e-09  2.50000000e+00  1.37791144e-09 -2.50999915e-12 
 6.84350000e-09  6.84350000e-09  2.50000000e+00  1.37791144e-09 -2.50999915e-12 
 6.84450000e-09  6.84450000e-09  2.50000000e+00  1.37791144e-09 -2.50999915e-12 
 6.84550000e-09  6.84550000e-09  2.50000000e+00  1.37791144e-09 -2.50999915e-12 
 6.84650000e-09  6.84650000e-09  2.50000000e+00  1.37791144e-09 -2.50999915e-12 
 6.84750000e-09  6.84750000e-09  2.50000000e+00  1.37791144e-09 -2.50999915e-12 
 6.84850000e-09  6.84850000e-09  2.50000000e+00  1.37791144e-09 -2.50999915e-12 
 6.84950000e-09  6.84950000e-09  2.50000000e+00  1.37791144e-09 -2.50999915e-12 
 6.85050000e-09  6.85050000e-09  2.50000000e+00  1.37791144e-09 -2.50999915e-12 
 6.85150000e-09  6.85150000e-09  2.50000000e+00  1.37791144e-09 -2.50999915e-12 
 6.85250000e-09  6.85250000e-09  2.50000000e+00  1.37791144e-09 -2.50999915e-12 
 6.85350000e-09  6.85350000e-09  2.50000000e+00  1.37791144e-09 -2.50999915e-12 
 6.85450000e-09  6.85450000e-09  2.50000000e+00  1.37791144e-09 -2.50999915e-12 
 6.85550000e-09  6.85550000e-09  2.50000000e+00  1.37791144e-09 -2.50999915e-12 
 6.85650000e-09  6.85650000e-09  2.50000000e+00  1.37791144e-09 -2.50999915e-12 
 6.85750000e-09  6.85750000e-09  2.50000000e+00  1.37791144e-09 -2.50999915e-12 
 6.85850000e-09  6.85850000e-09  2.50000000e+00  1.37791144e-09 -2.50999915e-12 
 6.85950000e-09  6.85950000e-09  2.50000000e+00  1.37791144e-09 -2.50999915e-12 
 6.86050000e-09  6.86050000e-09  2.50000000e+00  1.37791144e-09 -2.50999915e-12 
 6.86150000e-09  6.86150000e-09  2.50000000e+00  1.37791144e-09 -2.50999915e-12 
 6.86250000e-09  6.86250000e-09  2.50000000e+00  1.37791144e-09 -2.50999915e-12 
 6.86350000e-09  6.86350000e-09  2.50000000e+00  1.37791144e-09 -2.50999915e-12 
 6.86450000e-09  6.86450000e-09  2.50000000e+00  1.37791144e-09 -2.50999915e-12 
 6.86550000e-09  6.86550000e-09  2.50000000e+00  1.37791144e-09 -2.50999915e-12 
 6.86650000e-09  6.86650000e-09  2.50000000e+00  1.37791144e-09 -2.50999915e-12 
 6.86750000e-09  6.86750000e-09  2.50000000e+00  1.37791144e-09 -2.50999915e-12 
 6.86850000e-09  6.86850000e-09  2.50000000e+00  1.37791144e-09 -2.50999915e-12 
 6.86950000e-09  6.86950000e-09  2.50000000e+00  1.37791144e-09 -2.50999915e-12 
 6.87050000e-09  6.87050000e-09  2.50000000e+00  1.37791144e-09 -2.50999915e-12 
 6.87150000e-09  6.87150000e-09  2.50000000e+00  1.37791144e-09 -2.50999915e-12 
 6.87250000e-09  6.87250000e-09  2.50000000e+00  1.37791144e-09 -2.50999915e-12 
 6.87350000e-09  6.87350000e-09  2.50000000e+00  1.37791144e-09 -2.50999915e-12 
 6.87450000e-09  6.87450000e-09  2.50000000e+00  1.37791144e-09 -2.50999915e-12 
 6.87550000e-09  6.87550000e-09  2.50000000e+00  1.37791144e-09 -2.50999915e-12 
 6.87650000e-09  6.87650000e-09  2.50000000e+00  1.37791144e-09 -2.50999915e-12 
 6.87750000e-09  6.87750000e-09  2.50000000e+00  1.37791144e-09 -2.50999915e-12 
 6.87850000e-09  6.87850000e-09  2.50000000e+00  1.37791144e-09 -2.50999915e-12 
 6.87950000e-09  6.87950000e-09  2.50000000e+00  1.37791144e-09 -2.50999915e-12 
 6.88050000e-09  6.88050000e-09  2.50000000e+00  1.37791144e-09 -2.50999915e-12 
 6.88150000e-09  6.88150000e-09  2.50000000e+00  1.37791144e-09 -2.50999915e-12 
 6.88250000e-09  6.88250000e-09  2.50000000e+00  1.37791144e-09 -2.50999915e-12 
 6.88350000e-09  6.88350000e-09  2.50000000e+00  1.37791144e-09 -2.50999915e-12 
 6.88450000e-09  6.88450000e-09  2.50000000e+00  1.37791144e-09 -2.50999915e-12 
 6.88550000e-09  6.88550000e-09  2.50000000e+00  1.37791144e-09 -2.50999915e-12 
 6.88650000e-09  6.88650000e-09  2.50000000e+00  1.37791144e-09 -2.50999915e-12 
 6.88750000e-09  6.88750000e-09  2.50000000e+00  1.37791144e-09 -2.50999915e-12 
 6.88850000e-09  6.88850000e-09  2.50000000e+00  1.37791144e-09 -2.50999915e-12 
 6.88950000e-09  6.88950000e-09  2.50000000e+00  1.37791144e-09 -2.50999915e-12 
 6.89050000e-09  6.89050000e-09  2.50000000e+00  1.37791144e-09 -2.50999915e-12 
 6.89150000e-09  6.89150000e-09  2.50000000e+00  1.37791144e-09 -2.50999915e-12 
 6.89250000e-09  6.89250000e-09  2.50000000e+00  1.37791144e-09 -2.50999915e-12 
 6.89350000e-09  6.89350000e-09  2.50000000e+00  1.37791144e-09 -2.50999915e-12 
 6.89450000e-09  6.89450000e-09  2.50000000e+00  1.37791144e-09 -2.50999915e-12 
 6.89550000e-09  6.89550000e-09  2.50000000e+00  1.37791144e-09 -2.50999915e-12 
 6.89650000e-09  6.89650000e-09  2.50000000e+00  1.37791144e-09 -2.50999915e-12 
 6.89750000e-09  6.89750000e-09  2.50000000e+00  1.37791144e-09 -2.50999915e-12 
 6.89850000e-09  6.89850000e-09  2.50000000e+00  1.37791144e-09 -2.50999915e-12 
 6.89950000e-09  6.89950000e-09  2.50000000e+00  1.37791144e-09 -2.50999915e-12 
 6.90050000e-09  6.90050000e-09  2.50000000e+00  1.37791144e-09 -2.50999915e-12 
 6.90150000e-09  6.90150000e-09  2.50000000e+00  1.37791144e-09 -2.50999915e-12 
 6.90250000e-09  6.90250000e-09  2.50000000e+00  1.37791144e-09 -2.50999915e-12 
 6.90350000e-09  6.90350000e-09  2.50000000e+00  1.37791144e-09 -2.50999915e-12 
 6.90450000e-09  6.90450000e-09  2.50000000e+00  1.37791144e-09 -2.50999915e-12 
 6.90550000e-09  6.90550000e-09  2.50000000e+00  1.37791144e-09 -2.50999915e-12 
 6.90650000e-09  6.90650000e-09  2.50000000e+00  1.37791144e-09 -2.50999915e-12 
 6.90750000e-09  6.90750000e-09  2.50000000e+00  1.37791144e-09 -2.50999915e-12 
 6.90850000e-09  6.90850000e-09  2.50000000e+00  1.37791144e-09 -2.50999915e-12 
 6.90950000e-09  6.90950000e-09  2.50000000e+00  1.37791144e-09 -2.50999915e-12 
 6.91050000e-09  6.91050000e-09  2.50000000e+00  1.37791144e-09 -2.50999915e-12 
 6.91150000e-09  6.91150000e-09  2.50000000e+00  1.37791144e-09 -2.50999915e-12 
 6.91250000e-09  6.91250000e-09  2.50000000e+00  1.37791144e-09 -2.50999915e-12 
 6.91350000e-09  6.91350000e-09  2.50000000e+00  1.37791144e-09 -2.50999915e-12 
 6.91450000e-09  6.91450000e-09  2.50000000e+00  1.37791144e-09 -2.50999915e-12 
 6.91550000e-09  6.91550000e-09  2.50000000e+00  1.37791144e-09 -2.50999915e-12 
 6.91650000e-09  6.91650000e-09  2.50000000e+00  1.37791144e-09 -2.50999915e-12 
 6.91750000e-09  6.91750000e-09  2.50000000e+00  1.37791144e-09 -2.50999915e-12 
 6.91850000e-09  6.91850000e-09  2.50000000e+00  1.37791144e-09 -2.50999915e-12 
 6.91950000e-09  6.91950000e-09  2.50000000e+00  1.37791144e-09 -2.50999915e-12 
 6.92050000e-09  6.92050000e-09  2.50000000e+00  1.37791144e-09 -2.50999915e-12 
 6.92150000e-09  6.92150000e-09  2.50000000e+00  1.37791144e-09 -2.50999915e-12 
 6.92250000e-09  6.92250000e-09  2.50000000e+00  1.37791144e-09 -2.50999915e-12 
 6.92350000e-09  6.92350000e-09  2.50000000e+00  1.37791144e-09 -2.50999915e-12 
 6.92450000e-09  6.92450000e-09  2.50000000e+00  1.37791144e-09 -2.50999915e-12 
 6.92550000e-09  6.92550000e-09  2.50000000e+00  1.37791144e-09 -2.50999915e-12 
 6.92650000e-09  6.92650000e-09  2.50000000e+00  1.37791144e-09 -2.50999915e-12 
 6.92750000e-09  6.92750000e-09  2.50000000e+00  1.37791144e-09 -2.50999915e-12 
 6.92850000e-09  6.92850000e-09  2.50000000e+00  1.37791144e-09 -2.50999915e-12 
 6.92950000e-09  6.92950000e-09  2.50000000e+00  1.37791144e-09 -2.50999915e-12 
 6.93050000e-09  6.93050000e-09  2.50000000e+00  1.37791144e-09 -2.50999915e-12 
 6.93150000e-09  6.93150000e-09  2.50000000e+00  1.37791144e-09 -2.50999915e-12 
 6.93250000e-09  6.93250000e-09  2.50000000e+00  1.37791144e-09 -2.50999915e-12 
 6.93350000e-09  6.93350000e-09  2.50000000e+00  1.37791144e-09 -2.50999915e-12 
 6.93450000e-09  6.93450000e-09  2.50000000e+00  1.37791144e-09 -2.50999915e-12 
 6.93550000e-09  6.93550000e-09  2.50000000e+00  1.37791144e-09 -2.50999915e-12 
 6.93650000e-09  6.93650000e-09  2.50000000e+00  1.37791144e-09 -2.50999915e-12 
 6.93750000e-09  6.93750000e-09  2.50000000e+00  1.37791144e-09 -2.50999915e-12 
 6.93850000e-09  6.93850000e-09  2.50000000e+00  1.37791144e-09 -2.50999915e-12 
 6.93950000e-09  6.93950000e-09  2.50000000e+00  1.37791144e-09 -2.50999915e-12 
 6.94050000e-09  6.94050000e-09  2.50000000e+00  1.37791144e-09 -2.50999915e-12 
 6.94150000e-09  6.94150000e-09  2.50000000e+00  1.37791144e-09 -2.50999915e-12 
 6.94250000e-09  6.94250000e-09  2.50000000e+00  1.37791144e-09 -2.50999915e-12 
 6.94350000e-09  6.94350000e-09  2.50000000e+00  1.37791144e-09 -2.50999915e-12 
 6.94450000e-09  6.94450000e-09  2.50000000e+00  1.37791144e-09 -2.50999915e-12 
 6.94550000e-09  6.94550000e-09  2.50000000e+00  1.37791144e-09 -2.50999915e-12 
 6.94650000e-09  6.94650000e-09  2.50000000e+00  1.37791144e-09 -2.50999915e-12 
 6.94750000e-09  6.94750000e-09  2.50000000e+00  1.37791144e-09 -2.50999915e-12 
 6.94850000e-09  6.94850000e-09  2.50000000e+00  1.37791144e-09 -2.50999915e-12 
 6.94950000e-09  6.94950000e-09  2.50000000e+00  1.37791144e-09 -2.50999915e-12 
 6.95050000e-09  6.95050000e-09  2.50000000e+00  1.37791144e-09 -2.50999915e-12 
 6.95150000e-09  6.95150000e-09  2.50000000e+00  1.37791144e-09 -2.50999915e-12 
 6.95250000e-09  6.95250000e-09  2.50000000e+00  1.37791144e-09 -2.50999915e-12 
 6.95350000e-09  6.95350000e-09  2.50000000e+00  1.37791144e-09 -2.50999915e-12 
 6.95450000e-09  6.95450000e-09  2.50000000e+00  1.37791144e-09 -2.50999915e-12 
 6.95550000e-09  6.95550000e-09  2.50000000e+00  1.37791144e-09 -2.50999915e-12 
 6.95650000e-09  6.95650000e-09  2.50000000e+00  1.37791144e-09 -2.50999915e-12 
 6.95750000e-09  6.95750000e-09  2.50000000e+00  1.37791144e-09 -2.50999915e-12 
 6.95850000e-09  6.95850000e-09  2.50000000e+00  1.37791144e-09 -2.50999915e-12 
 6.95950000e-09  6.95950000e-09  2.50000000e+00  1.37791144e-09 -2.50999915e-12 
 6.96050000e-09  6.96050000e-09  2.50000000e+00  1.37791144e-09 -2.50999915e-12 
 6.96150000e-09  6.96150000e-09  2.50000000e+00  1.37791144e-09 -2.50999915e-12 
 6.96250000e-09  6.96250000e-09  2.50000000e+00  1.37791144e-09 -2.50999915e-12 
 6.96350000e-09  6.96350000e-09  2.50000000e+00  1.37791144e-09 -2.50999915e-12 
 6.96450000e-09  6.96450000e-09  2.50000000e+00  1.37791144e-09 -2.50999915e-12 
 6.96550000e-09  6.96550000e-09  2.50000000e+00  1.37791144e-09 -2.50999915e-12 
 6.96650000e-09  6.96650000e-09  2.50000000e+00  1.37791144e-09 -2.50999915e-12 
 6.96750000e-09  6.96750000e-09  2.50000000e+00  1.37791144e-09 -2.50999915e-12 
 6.96850000e-09  6.96850000e-09  2.50000000e+00  1.37791144e-09 -2.50999915e-12 
 6.96950000e-09  6.96950000e-09  2.50000000e+00  1.37791144e-09 -2.50999915e-12 
 6.97050000e-09  6.97050000e-09  2.50000000e+00  1.37791144e-09 -2.50999915e-12 
 6.97150000e-09  6.97150000e-09  2.50000000e+00  1.37791144e-09 -2.50999915e-12 
 6.97250000e-09  6.97250000e-09  2.50000000e+00  1.37791144e-09 -2.50999915e-12 
 6.97350000e-09  6.97350000e-09  2.50000000e+00  1.37791144e-09 -2.50999915e-12 
 6.97450000e-09  6.97450000e-09  2.50000000e+00  1.37791144e-09 -2.50999915e-12 
 6.97550000e-09  6.97550000e-09  2.50000000e+00  1.37791144e-09 -2.50999915e-12 
 6.97650000e-09  6.97650000e-09  2.50000000e+00  1.37791144e-09 -2.50999915e-12 
 6.97750000e-09  6.97750000e-09  2.50000000e+00  1.37791144e-09 -2.50999915e-12 
 6.97850000e-09  6.97850000e-09  2.50000000e+00  1.37791144e-09 -2.50999915e-12 
 6.97950000e-09  6.97950000e-09  2.50000000e+00  1.37791144e-09 -2.50999915e-12 
 6.98050000e-09  6.98050000e-09  2.50000000e+00  1.37791144e-09 -2.50999915e-12 
 6.98150000e-09  6.98150000e-09  2.50000000e+00  1.37791144e-09 -2.50999915e-12 
 6.98250000e-09  6.98250000e-09  2.50000000e+00  1.37791144e-09 -2.50999915e-12 
 6.98350000e-09  6.98350000e-09  2.50000000e+00  1.37791144e-09 -2.50999915e-12 
 6.98450000e-09  6.98450000e-09  2.50000000e+00  1.37791144e-09 -2.50999915e-12 
 6.98550000e-09  6.98550000e-09  2.50000000e+00  1.37791144e-09 -2.50999915e-12 
 6.98650000e-09  6.98650000e-09  2.50000000e+00  1.37791144e-09 -2.50999915e-12 
 6.98750000e-09  6.98750000e-09  2.50000000e+00  1.37791144e-09 -2.50999915e-12 
 6.98850000e-09  6.98850000e-09  2.50000000e+00  1.37791144e-09 -2.50999915e-12 
 6.98950000e-09  6.98950000e-09  2.50000000e+00  1.37791144e-09 -2.50999915e-12 
 6.99050000e-09  6.99050000e-09  2.50000000e+00  1.37791144e-09 -2.50999915e-12 
 6.99150000e-09  6.99150000e-09  2.50000000e+00  1.37791144e-09 -2.50999915e-12 
 6.99250000e-09  6.99250000e-09  2.50000000e+00  1.37791144e-09 -2.50999915e-12 
 6.99350000e-09  6.99350000e-09  2.50000000e+00  1.37791144e-09 -2.50999915e-12 
 6.99450000e-09  6.99450000e-09  2.50000000e+00  1.37791144e-09 -2.50999915e-12 
 6.99550000e-09  6.99550000e-09  2.50000000e+00  1.37791144e-09 -2.50999915e-12 
 6.99650000e-09  6.99650000e-09  2.50000000e+00  1.37791144e-09 -2.50999915e-12 
 6.99750000e-09  6.99750000e-09  2.50000000e+00  1.37791144e-09 -2.50999915e-12 
 6.99850000e-09  6.99850000e-09  2.50000000e+00  1.37791144e-09 -2.50999915e-12 
 6.99950000e-09  6.99950000e-09  2.50000000e+00  1.37791144e-09 -2.50999915e-12 
 7.00050000e-09  7.00050000e-09  2.50000000e+00  1.37791144e-09 -2.50999915e-12 
 7.00150000e-09  7.00150000e-09  2.50000000e+00  1.37791144e-09 -2.50999915e-12 
 7.00250000e-09  7.00250000e-09  2.50000000e+00  1.37791144e-09 -2.50999915e-12 
 7.00350000e-09  7.00350000e-09  2.50000000e+00  1.37791144e-09 -2.50999915e-12 
 7.00450000e-09  7.00450000e-09  2.50000000e+00  1.37791144e-09 -2.50999915e-12 
 7.00550000e-09  7.00550000e-09  2.50000000e+00  1.37791144e-09 -2.50999915e-12 
 7.00650000e-09  7.00650000e-09  2.50000000e+00  1.37791144e-09 -2.50999915e-12 
 7.00750000e-09  7.00750000e-09  2.50000000e+00  1.37791144e-09 -2.50999915e-12 
 7.00850000e-09  7.00850000e-09  2.50000000e+00  1.37791144e-09 -2.50999915e-12 
 7.00950000e-09  7.00950000e-09  2.50000000e+00  1.37791144e-09 -2.50999915e-12 
 7.01050000e-09  7.01050000e-09  2.50000000e+00  1.37791144e-09 -2.50999915e-12 
 7.01150000e-09  7.01150000e-09  2.50000000e+00  1.37791144e-09 -2.50999915e-12 
 7.01250000e-09  7.01250000e-09  2.50000000e+00  1.37791144e-09 -2.50999915e-12 
 7.01350000e-09  7.01350000e-09  2.50000000e+00  1.37791144e-09 -2.50999915e-12 
 7.01450000e-09  7.01450000e-09  2.50000000e+00  1.37791144e-09 -2.50999915e-12 
 7.01550000e-09  7.01550000e-09  2.50000000e+00  1.37791144e-09 -2.50999915e-12 
 7.01650000e-09  7.01650000e-09  2.50000000e+00  1.37791144e-09 -2.50999915e-12 
 7.01750000e-09  7.01750000e-09  2.50000000e+00  1.37791144e-09 -2.50999915e-12 
 7.01850000e-09  7.01850000e-09  2.50000000e+00  1.37791144e-09 -2.50999915e-12 
 7.01950000e-09  7.01950000e-09  2.50000000e+00  1.37791144e-09 -2.50999915e-12 
 7.02050000e-09  7.02050000e-09  2.50000000e+00  1.37791144e-09 -2.50999915e-12 
 7.02150000e-09  7.02150000e-09  2.50000000e+00  1.37791144e-09 -2.50999915e-12 
 7.02250000e-09  7.02250000e-09  2.50000000e+00  1.37791144e-09 -2.50999915e-12 
 7.02350000e-09  7.02350000e-09  2.50000000e+00  1.37791144e-09 -2.50999915e-12 
 7.02450000e-09  7.02450000e-09  2.50000000e+00  1.37791144e-09 -2.50999915e-12 
 7.02550000e-09  7.02550000e-09  2.50000000e+00  1.37791144e-09 -2.50999915e-12 
 7.02650000e-09  7.02650000e-09  2.50000000e+00  1.37791144e-09 -2.50999915e-12 
 7.02750000e-09  7.02750000e-09  2.50000000e+00  1.37791144e-09 -2.50999915e-12 
 7.02850000e-09  7.02850000e-09  2.50000000e+00  1.37791144e-09 -2.50999915e-12 
 7.02950000e-09  7.02950000e-09  2.50000000e+00  1.37791144e-09 -2.50999915e-12 
 7.03050000e-09  7.03050000e-09  2.50000000e+00  1.37791144e-09 -2.50999915e-12 
 7.03150000e-09  7.03150000e-09  2.50000000e+00  1.37791144e-09 -2.50999915e-12 
 7.03250000e-09  7.03250000e-09  2.50000000e+00  1.37791144e-09 -2.50999915e-12 
 7.03350000e-09  7.03350000e-09  2.50000000e+00  1.37791144e-09 -2.50999915e-12 
 7.03450000e-09  7.03450000e-09  2.50000000e+00  1.37791144e-09 -2.50999915e-12 
 7.03550000e-09  7.03550000e-09  2.50000000e+00  1.37791144e-09 -2.50999915e-12 
 7.03650000e-09  7.03650000e-09  2.50000000e+00  1.37791144e-09 -2.50999915e-12 
 7.03750000e-09  7.03750000e-09  2.50000000e+00  1.37791144e-09 -2.50999915e-12 
 7.03850000e-09  7.03850000e-09  2.50000000e+00  1.37791144e-09 -2.50999915e-12 
 7.03950000e-09  7.03950000e-09  2.50000000e+00  1.37791144e-09 -2.50999915e-12 
 7.04050000e-09  7.04050000e-09  2.50000000e+00  1.37791144e-09 -2.50999915e-12 
 7.04150000e-09  7.04150000e-09  2.50000000e+00  1.37791144e-09 -2.50999915e-12 
 7.04250000e-09  7.04250000e-09  2.50000000e+00  1.37791144e-09 -2.50999915e-12 
 7.04350000e-09  7.04350000e-09  2.50000000e+00  1.37791144e-09 -2.50999915e-12 
 7.04450000e-09  7.04450000e-09  2.50000000e+00  1.37791144e-09 -2.50999915e-12 
 7.04550000e-09  7.04550000e-09  2.50000000e+00  1.37791144e-09 -2.50999915e-12 
 7.04650000e-09  7.04650000e-09  2.50000000e+00  1.37791144e-09 -2.50999915e-12 
 7.04750000e-09  7.04750000e-09  2.50000000e+00  1.37791144e-09 -2.50999915e-12 
 7.04850000e-09  7.04850000e-09  2.50000000e+00  1.37791144e-09 -2.50999915e-12 
 7.04950000e-09  7.04950000e-09  2.50000000e+00  1.37791144e-09 -2.50999915e-12 
 7.05050000e-09  7.05050000e-09  2.50000000e+00  1.37791144e-09 -2.50999915e-12 
 7.05150000e-09  7.05150000e-09  2.50000000e+00  1.37791144e-09 -2.50999915e-12 
 7.05250000e-09  7.05250000e-09  2.50000000e+00  1.37791144e-09 -2.50999915e-12 
 7.05350000e-09  7.05350000e-09  2.50000000e+00  1.37791144e-09 -2.50999915e-12 
 7.05450000e-09  7.05450000e-09  2.50000000e+00  1.37791144e-09 -2.50999915e-12 
 7.05550000e-09  7.05550000e-09  2.50000000e+00  1.37791144e-09 -2.50999915e-12 
 7.05650000e-09  7.05650000e-09  2.50000000e+00  1.37791144e-09 -2.50999915e-12 
 7.05750000e-09  7.05750000e-09  2.50000000e+00  1.37791144e-09 -2.50999915e-12 
 7.05850000e-09  7.05850000e-09  2.50000000e+00  1.37791144e-09 -2.50999915e-12 
 7.05950000e-09  7.05950000e-09  2.50000000e+00  1.37791144e-09 -2.50999915e-12 
 7.06050000e-09  7.06050000e-09  2.50000000e+00  1.37791144e-09 -2.50999915e-12 
 7.06150000e-09  7.06150000e-09  2.50000000e+00  1.37791144e-09 -2.50999915e-12 
 7.06250000e-09  7.06250000e-09  2.50000000e+00  1.37791144e-09 -2.50999915e-12 
 7.06350000e-09  7.06350000e-09  2.50000000e+00  1.37791144e-09 -2.50999915e-12 
 7.06450000e-09  7.06450000e-09  2.50000000e+00  1.37791144e-09 -2.50999915e-12 
 7.06550000e-09  7.06550000e-09  2.50000000e+00  1.37791144e-09 -2.50999915e-12 
 7.06650000e-09  7.06650000e-09  2.50000000e+00  1.37791144e-09 -2.50999915e-12 
 7.06750000e-09  7.06750000e-09  2.50000000e+00  1.37791144e-09 -2.50999915e-12 
 7.06850000e-09  7.06850000e-09  2.50000000e+00  1.37791144e-09 -2.50999915e-12 
 7.06950000e-09  7.06950000e-09  2.50000000e+00  1.37791144e-09 -2.50999915e-12 
 7.07050000e-09  7.07050000e-09  2.50000000e+00  1.37791144e-09 -2.50999915e-12 
 7.07150000e-09  7.07150000e-09  2.50000000e+00  1.37791144e-09 -2.50999915e-12 
 7.07250000e-09  7.07250000e-09  2.50000000e+00  1.37791144e-09 -2.50999915e-12 
 7.07350000e-09  7.07350000e-09  2.50000000e+00  1.37791144e-09 -2.50999915e-12 
 7.07450000e-09  7.07450000e-09  2.50000000e+00  1.37791144e-09 -2.50999915e-12 
 7.07550000e-09  7.07550000e-09  2.50000000e+00  1.37791144e-09 -2.50999915e-12 
 7.07650000e-09  7.07650000e-09  2.50000000e+00  1.37791144e-09 -2.50999915e-12 
 7.07750000e-09  7.07750000e-09  2.50000000e+00  1.37791144e-09 -2.50999915e-12 
 7.07850000e-09  7.07850000e-09  2.50000000e+00  1.37791144e-09 -2.50999915e-12 
 7.07950000e-09  7.07950000e-09  2.50000000e+00  1.37791144e-09 -2.50999915e-12 
 7.08050000e-09  7.08050000e-09  2.50000000e+00  1.37791144e-09 -2.50999915e-12 
 7.08150000e-09  7.08150000e-09  2.50000000e+00  1.37791144e-09 -2.50999915e-12 
 7.08250000e-09  7.08250000e-09  2.50000000e+00  1.37791144e-09 -2.50999915e-12 
 7.08350000e-09  7.08350000e-09  2.50000000e+00  1.37791144e-09 -2.50999915e-12 
 7.08450000e-09  7.08450000e-09  2.50000000e+00  1.37791144e-09 -2.50999915e-12 
 7.08550000e-09  7.08550000e-09  2.50000000e+00  1.37791144e-09 -2.50999915e-12 
 7.08650000e-09  7.08650000e-09  2.50000000e+00  1.37791144e-09 -2.50999915e-12 
 7.08750000e-09  7.08750000e-09  2.50000000e+00  1.37791144e-09 -2.50999915e-12 
 7.08850000e-09  7.08850000e-09  2.50000000e+00  1.37791144e-09 -2.50999915e-12 
 7.08950000e-09  7.08950000e-09  2.50000000e+00  1.37791144e-09 -2.50999915e-12 
 7.09050000e-09  7.09050000e-09  2.50000000e+00  1.37791144e-09 -2.50999915e-12 
 7.09150000e-09  7.09150000e-09  2.50000000e+00  1.37791144e-09 -2.50999915e-12 
 7.09250000e-09  7.09250000e-09  2.50000000e+00  1.37791144e-09 -2.50999915e-12 
 7.09350000e-09  7.09350000e-09  2.50000000e+00  1.37791144e-09 -2.50999915e-12 
 7.09450000e-09  7.09450000e-09  2.50000000e+00  1.37791144e-09 -2.50999915e-12 
 7.09550000e-09  7.09550000e-09  2.50000000e+00  1.37791144e-09 -2.50999915e-12 
 7.09650000e-09  7.09650000e-09  2.50000000e+00  1.37791144e-09 -2.50999915e-12 
 7.09750000e-09  7.09750000e-09  2.50000000e+00  1.37791144e-09 -2.50999915e-12 
 7.09850000e-09  7.09850000e-09  2.50000000e+00  1.37791144e-09 -2.50999915e-12 
 7.09950000e-09  7.09950000e-09  2.50000000e+00  1.37791144e-09 -2.50999915e-12 
 7.10050000e-09  7.10050000e-09  2.50000000e+00  1.37791144e-09 -2.50999915e-12 
 7.10150000e-09  7.10150000e-09  2.50000000e+00  1.37791144e-09 -2.50999915e-12 
 7.10250000e-09  7.10250000e-09  2.50000000e+00  1.37791144e-09 -2.50999915e-12 
 7.10350000e-09  7.10350000e-09  2.50000000e+00  1.37791144e-09 -2.50999915e-12 
 7.10450000e-09  7.10450000e-09  2.50000000e+00  1.37791144e-09 -2.50999915e-12 
 7.10550000e-09  7.10550000e-09  2.50000000e+00  1.37791144e-09 -2.50999915e-12 
 7.10650000e-09  7.10650000e-09  2.50000000e+00  1.37791144e-09 -2.50999915e-12 
 7.10750000e-09  7.10750000e-09  2.50000000e+00  1.37791144e-09 -2.50999915e-12 
 7.10850000e-09  7.10850000e-09  2.50000000e+00  1.37791144e-09 -2.50999915e-12 
 7.10950000e-09  7.10950000e-09  2.50000000e+00  1.37791144e-09 -2.50999915e-12 
 7.11050000e-09  7.11050000e-09  2.50000000e+00  1.37791144e-09 -2.50999915e-12 
 7.11150000e-09  7.11150000e-09  2.50000000e+00  1.37791144e-09 -2.50999915e-12 
 7.11250000e-09  7.11250000e-09  2.50000000e+00  1.37791144e-09 -2.50999915e-12 
 7.11350000e-09  7.11350000e-09  2.50000000e+00  1.37791144e-09 -2.50999915e-12 
 7.11450000e-09  7.11450000e-09  2.50000000e+00  1.37791144e-09 -2.50999915e-12 
 7.11550000e-09  7.11550000e-09  2.50000000e+00  1.37791144e-09 -2.50999915e-12 
 7.11650000e-09  7.11650000e-09  2.50000000e+00  1.37791144e-09 -2.50999915e-12 
 7.11750000e-09  7.11750000e-09  2.50000000e+00  1.37791144e-09 -2.50999915e-12 
 7.11850000e-09  7.11850000e-09  2.50000000e+00  1.37791144e-09 -2.50999915e-12 
 7.11925000e-09  7.11925000e-09  2.50000000e+00  1.37791145e-09 -2.51000262e-12 
 7.12000000e-09  7.12000000e-09  2.50000000e+00  1.37790917e-09 -2.51015181e-12 
 7.12010000e-09  7.12010000e-09  2.48750000e+00 -2.20108764e-03 -5.41040798e-04 
 7.12030000e-09  7.12030000e-09  2.46250000e+00 -6.54045245e-03 -5.03946480e-04 
 7.12070000e-09  7.12070000e-09  2.41250000e+00 -1.48591406e-02 -4.66852161e-04 
 7.12150000e-09  7.12150000e-09  2.31250000e+00 -3.02258102e-02 -4.31406480e-04 
 7.12250000e-09  7.12250000e-09  2.18750000e+00 -4.74441187e-02 -4.84987161e-04 
 7.12350000e-09  7.12350000e-09  2.06250000e+00 -6.29352953e-02 -5.11393899e-04 
 7.12450000e-09  7.12450000e-09  1.93750000e+00 -7.68043907e-02 -5.32649176e-04 
 7.12550000e-09  7.12550000e-09  1.81250000e+00 -8.84945848e-02 -5.45071214e-04 
 7.12650000e-09  7.12650000e-09  1.68750000e+00 -9.71901336e-02 -5.98136474e-04 
 7.12750000e-09  7.12750000e-09  1.56250000e+00 -1.02093465e-01 -6.42382989e-04 
 7.12850000e-09  7.12850000e-09  1.43750000e+00 -1.02395074e-01 -7.27240023e-04 
 7.12950000e-09  7.12950000e-09  1.31250000e+00 -9.72424179e-02 -8.03184381e-04 
 7.13050000e-09  7.13050000e-09  1.18750000e+00 -8.57046599e-02 -9.19568208e-04 
 7.13150000e-09  7.13150000e-09  1.06250000e+00 -6.67287722e-02 -1.02677197e-03 
 7.13250000e-09  7.13250000e-09  9.37500000e-01 -3.90775493e-02 -1.17402672e-03 
 7.13350000e-09  7.13350000e-09  8.12500000e-01 -1.21616329e-03 -1.31155708e-03 
 7.13450000e-09  7.13450000e-09  6.87500000e-01  4.89636360e-02 -1.48838045e-03 
 7.13550000e-09  7.13550000e-09  5.62500000e-01  1.18055380e-01 -1.65419602e-03 
 7.13650000e-09  7.13650000e-09  4.37500000e-01  2.10551985e-01 -1.85743467e-03 
 7.13750000e-09  7.13750000e-09  3.12500000e-01  3.22912591e-01 -2.04796956e-03 
 7.13850000e-09  7.13850000e-09  1.87500000e-01  4.53705876e-01 -2.27444895e-03 
 7.13925000e-09  7.13925000e-09  9.37500000e-02  5.63289465e-01 -2.42857422e-03 
 7.14000000e-09  7.14000000e-09  0.00000000e+00  6.77287339e-01 -2.58092226e-03 
 7.14010000e-09  7.14010000e-09  0.00000000e+00  6.94458566e-01 -2.05549474e-03 
 7.14030000e-09  7.14030000e-09  0.00000000e+00  7.28537153e-01 -2.04236350e-03 
 7.14070000e-09  7.14070000e-09  0.00000000e+00  7.95430279e-01 -2.01341268e-03 
 7.14150000e-09  7.14150000e-09  0.00000000e+00  9.24144388e-01 -1.94602277e-03 
 7.14250000e-09  7.14250000e-09  0.00000000e+00  1.07553096e+00 -1.84747195e-03 
 7.14350000e-09  7.14350000e-09  0.00000000e+00  1.21635105e+00 -1.73753696e-03 
 7.14450000e-09  7.14450000e-09  0.00000000e+00  1.34663355e+00 -1.62054761e-03 
 7.14550000e-09  7.14550000e-09  0.00000000e+00  1.46651821e+00 -1.50022927e-03 
 7.14650000e-09  7.14650000e-09  0.00000000e+00  1.57626941e+00 -1.37967680e-03 
 7.14750000e-09  7.14750000e-09  0.00000000e+00  1.67626306e+00 -1.26136651e-03 
 7.14850000e-09  7.14850000e-09  0.00000000e+00  1.76696558e+00 -1.14719659e-03 
 7.14950000e-09  7.14950000e-09  0.00000000e+00  1.84891026e+00 -1.03854715e-03 
 7.15050000e-09  7.15050000e-09  0.00000000e+00  1.92267426e+00 -9.36351247e-04 
 7.15150000e-09  7.15150000e-09  0.00000000e+00  1.98885789e+00 -8.41169119e-04 
 7.15250000e-09  7.15250000e-09  0.00000000e+00  2.04806702e+00 -7.53260178e-04 
 7.15350000e-09  7.15350000e-09  0.00000000e+00  2.10089901e+00 -6.72649079e-04 
 7.15450000e-09  7.15450000e-09  0.00000000e+00  2.14793188e+00 -5.99183800e-04 
 7.15550000e-09  7.15550000e-09  0.00000000e+00  2.18971650e+00 -5.32584975e-04 
 7.15650000e-09  7.15650000e-09  0.00000000e+00  2.22677132e+00 -4.72486528e-04 
 7.15750000e-09  7.15750000e-09  0.00000000e+00  2.25957919e+00 -4.18468266e-04 
 7.15850000e-09  7.15850000e-09  0.00000000e+00  2.28858592e+00 -3.70081301e-04 
 7.15950000e-09  7.15950000e-09  0.00000000e+00  2.31420008e+00 -3.26867372e-04 
 7.16050000e-09  7.16050000e-09  0.00000000e+00  2.33679372e+00 -2.88373065e-04 
 7.16150000e-09  7.16150000e-09  0.00000000e+00  2.35670389e+00 -2.54159909e-04 
 7.16250000e-09  7.16250000e-09  0.00000000e+00  2.37423449e+00 -2.23811197e-04 
 7.16350000e-09  7.16350000e-09  0.00000000e+00  2.38966469e+00 -1.97006410e-04 
 7.16450000e-09  7.16450000e-09  0.00000000e+00  2.40323658e+00 -1.73206354e-04 
 7.16550000e-09  7.16550000e-09  0.00000000e+00  2.41516041e+00 -1.52195418e-04 
 7.16650000e-09  7.16650000e-09  0.00000000e+00  2.42563133e+00 -1.33667057e-04 
 7.16750000e-09  7.16750000e-09  0.00000000e+00  2.43482255e+00 -1.17343484e-04 
 7.16850000e-09  7.16850000e-09  0.00000000e+00  2.44288753e+00 -1.02974284e-04 
 7.16950000e-09  7.16950000e-09  0.00000000e+00  2.44996202e+00 -9.03346361e-05 
 7.17050000e-09  7.17050000e-09  0.00000000e+00  2.45616591e+00 -7.92234050e-05 
 7.17150000e-09  7.17150000e-09  0.00000000e+00  2.46160502e+00 -6.94611755e-05 
 7.17250000e-09  7.17250000e-09  0.00000000e+00  2.46637259e+00 -6.08883141e-05 
 7.17350000e-09  7.17350000e-09  0.00000000e+00  2.47055075e+00 -5.33630975e-05 
 7.17450000e-09  7.17450000e-09  0.00000000e+00  2.47421176e+00 -4.67599387e-05 
 7.17550000e-09  7.17550000e-09  0.00000000e+00  2.47741917e+00 -4.09677304e-05 
 7.17650000e-09  7.17650000e-09  0.00000000e+00  2.48022883e+00 -3.58883128e-05 
 7.17750000e-09  7.17750000e-09  0.00000000e+00  2.48268978e+00 -3.14350698e-05 
 7.17850000e-09  7.17850000e-09  0.00000000e+00  2.48484511e+00 -2.75316521e-05 
 7.17950000e-09  7.17950000e-09  0.00000000e+00  2.48673259e+00 -2.41108212e-05 
 7.18050000e-09  7.18050000e-09  0.00000000e+00  2.48838540e+00 -2.11134096e-05 
 7.18150000e-09  7.18150000e-09  0.00000000e+00  2.48983262e+00 -1.84873875e-05 
 7.18250000e-09  7.18250000e-09  0.00000000e+00  2.49109974e+00 -1.61870296e-05 
 7.18350000e-09  7.18350000e-09  0.00000000e+00  2.49220913e+00 -1.41721718e-05 
 7.18450000e-09  7.18450000e-09  0.00000000e+00  2.49318038e+00 -1.24075513e-05 
 7.18550000e-09  7.18550000e-09  0.00000000e+00  2.49403065e+00 -1.08622205e-05 
 7.18650000e-09  7.18650000e-09  0.00000000e+00  2.49477499e+00 -9.50902866e-06 
 7.18750000e-09  7.18750000e-09  0.00000000e+00  2.49542658e+00 -8.32416293e-06 
 7.18850000e-09  7.18850000e-09  0.00000000e+00  2.49599696e+00 -7.28674382e-06 
 7.18950000e-09  7.18950000e-09  0.00000000e+00  2.49649624e+00 -6.37846795e-06 
 7.19050000e-09  7.19050000e-09  0.00000000e+00  2.49693328e+00 -5.58329348e-06 
 7.19150000e-09  7.19150000e-09  0.00000000e+00  2.49731582e+00 -4.88716313e-06 
 7.19250000e-09  7.19250000e-09  0.00000000e+00  2.49765066e+00 -4.27776062e-06 
 7.19350000e-09  7.19350000e-09  0.00000000e+00  2.49794375e+00 -3.74429643e-06 
 7.19450000e-09  7.19450000e-09  0.00000000e+00  2.49820028e+00 -3.27731972e-06 
 7.19550000e-09  7.19550000e-09  0.00000000e+00  2.49842481e+00 -2.86855304e-06 
 7.19650000e-09  7.19650000e-09  0.00000000e+00  2.49862134e+00 -2.51074732e-06 
 7.19750000e-09  7.19750000e-09  0.00000000e+00  2.49879335e+00 -2.19755462e-06 
 7.19850000e-09  7.19850000e-09  0.00000000e+00  2.49894391e+00 -1.92341645e-06 
 7.19950000e-09  7.19950000e-09  0.00000000e+00  2.49907568e+00 -1.68346594e-06 
 7.20050000e-09  7.20050000e-09  0.00000000e+00  2.49919101e+00 -1.47344195e-06 
 7.20150000e-09  7.20150000e-09  0.00000000e+00  2.49929195e+00 -1.28961391e-06 
 7.20250000e-09  7.20250000e-09  0.00000000e+00  2.49938030e+00 -1.12871585e-06 
 7.20350000e-09  7.20350000e-09  0.00000000e+00  2.49945763e+00 -9.87888664e-07 
 7.20450000e-09  7.20450000e-09  0.00000000e+00  2.49952531e+00 -8.64629476e-07 
 7.20550000e-09  7.20550000e-09  0.00000000e+00  2.49958454e+00 -7.56747338e-07 
 7.20650000e-09  7.20650000e-09  0.00000000e+00  2.49963638e+00 -6.62324392e-07 
 7.20750000e-09  7.20750000e-09  0.00000000e+00  2.49968176e+00 -5.79681864e-07 
 7.20850000e-09  7.20850000e-09  0.00000000e+00  2.49972147e+00 -5.07350288e-07 
 7.20950000e-09  7.20950000e-09  0.00000000e+00  2.49975622e+00 -4.44043430e-07 
 7.21050000e-09  7.21050000e-09  0.00000000e+00  2.49978664e+00 -3.88635454e-07 
 7.21150000e-09  7.21150000e-09  0.00000000e+00  2.49981327e+00 -3.40140934e-07 
 7.21250000e-09  7.21250000e-09  0.00000000e+00  2.49983657e+00 -2.97697352e-07 
 7.21350000e-09  7.21350000e-09  0.00000000e+00  2.49985696e+00 -2.60549772e-07 
 7.21450000e-09  7.21450000e-09  0.00000000e+00  2.49987481e+00 -2.28037430e-07 
 7.21550000e-09  7.21550000e-09  0.00000000e+00  2.49989043e+00 -1.99581991e-07 
 7.21650000e-09  7.21650000e-09  0.00000000e+00  2.49990411e+00 -1.74677265e-07 
 7.21750000e-09  7.21750000e-09  0.00000000e+00  2.49991607e+00 -1.52880216e-07 
 7.21850000e-09  7.21850000e-09  0.00000000e+00  2.49992655e+00 -1.33803079e-07 
 7.21950000e-09  7.21950000e-09  0.00000000e+00  2.49993571e+00 -1.17106470e-07 
 7.22050000e-09  7.22050000e-09  0.00000000e+00  2.49994373e+00 -1.02493347e-07 
 7.22150000e-09  7.22150000e-09  0.00000000e+00  2.49995076e+00 -8.97037310e-08 
 7.22250000e-09  7.22250000e-09  0.00000000e+00  2.49995690e+00 -7.85100823e-08 
 7.22350000e-09  7.22350000e-09  0.00000000e+00  2.49996228e+00 -6.87132510e-08 
 7.22450000e-09  7.22450000e-09  0.00000000e+00  2.49996699e+00 -6.01389372e-08 
 7.22550000e-09  7.22550000e-09  0.00000000e+00  2.49997111e+00 -5.26345895e-08 
 7.22650000e-09  7.22650000e-09  0.00000000e+00  2.49997471e+00 -4.60666920e-08 
 7.22750000e-09  7.22750000e-09  0.00000000e+00  2.49997787e+00 -4.03183892e-08 
 7.22850000e-09  7.22850000e-09  0.00000000e+00  2.49998063e+00 -3.52874067e-08 
 7.22950000e-09  7.22950000e-09  0.00000000e+00  2.49998305e+00 -3.08842326e-08 
 7.23050000e-09  7.23050000e-09  0.00000000e+00  2.49998516e+00 -2.70305244e-08 
 7.23150000e-09  7.23150000e-09  0.00000000e+00  2.49998701e+00 -2.36577157e-08 
 7.23250000e-09  7.23250000e-09  0.00000000e+00  2.49998863e+00 -2.07057961e-08 
 7.23350000e-09  7.23350000e-09  0.00000000e+00  2.49999005e+00 -1.81222436e-08 
 7.23450000e-09  7.23450000e-09  0.00000000e+00  2.49999129e+00 -1.58610904e-08 
 7.23550000e-09  7.23550000e-09  0.00000000e+00  2.49999238e+00 -1.38821048e-08 
 7.23650000e-09  7.23650000e-09  0.00000000e+00  2.49999333e+00 -1.21500755e-08 
 7.23750000e-09  7.23750000e-09  0.00000000e+00  2.49999416e+00 -1.06341850e-08 
 7.23850000e-09  7.23850000e-09  0.00000000e+00  2.49999489e+00 -9.30746163e-09 
 7.23950000e-09  7.23950000e-09  0.00000000e+00  2.49999553e+00 -8.14629943e-09 
 7.24050000e-09  7.24050000e-09  0.00000000e+00  2.49999609e+00 -7.13003814e-09 
 7.24150000e-09  7.24150000e-09  0.00000000e+00  2.49999657e+00 -6.24059567e-09 
 7.24250000e-09  7.24250000e-09  0.00000000e+00  2.49999700e+00 -5.46214641e-09 
 7.24350000e-09  7.24350000e-09  0.00000000e+00  2.49999738e+00 -4.78083955e-09 
 7.24450000e-09  7.24450000e-09  0.00000000e+00  2.49999770e+00 -4.18455279e-09 
 7.24550000e-09  7.24550000e-09  0.00000000e+00  2.49999799e+00 -3.66267646e-09 
 7.24650000e-09  7.24650000e-09  0.00000000e+00  2.49999824e+00 -3.20592496e-09 
 7.24750000e-09  7.24750000e-09  0.00000000e+00  2.49999846e+00 -2.80617136e-09 
 7.24850000e-09  7.24850000e-09  0.00000000e+00  2.49999865e+00 -2.45630292e-09 
 7.24950000e-09  7.24950000e-09  0.00000000e+00  2.49999882e+00 -2.15009449e-09 
 7.25050000e-09  7.25050000e-09  0.00000000e+00  2.49999897e+00 -1.88209775e-09 
 7.25150000e-09  7.25150000e-09  0.00000000e+00  2.49999910e+00 -1.64754427e-09 
 7.25250000e-09  7.25250000e-09  0.00000000e+00  2.49999921e+00 -1.44226067e-09 
 7.25350000e-09  7.25350000e-09  0.00000000e+00  2.49999931e+00 -1.26259439e-09 
 7.25450000e-09  7.25450000e-09  0.00000000e+00  2.49999939e+00 -1.10534862e-09 
 7.25550000e-09  7.25550000e-09  0.00000000e+00  2.49999947e+00 -9.67725540e-10 
 7.25650000e-09  7.25650000e-09  0.00000000e+00  2.49999953e+00 -8.47276413e-10 
 7.25750000e-09  7.25750000e-09  0.00000000e+00  2.49999959e+00 -7.41858124e-10 
 7.25850000e-09  7.25850000e-09  0.00000000e+00  2.49999964e+00 -6.49594963e-10 
 7.25950000e-09  7.25950000e-09  0.00000000e+00  2.49999969e+00 -5.68845307e-10 
 7.26050000e-09  7.26050000e-09  0.00000000e+00  2.49999973e+00 -4.98172394e-10 
 7.26150000e-09  7.26150000e-09  0.00000000e+00  2.49999976e+00 -4.36318752e-10 
 7.26250000e-09  7.26250000e-09  0.00000000e+00  2.49999979e+00 -3.82183804e-10 
 7.26350000e-09  7.26350000e-09  0.00000000e+00  2.49999982e+00 -3.34804355e-10 
 7.26450000e-09  7.26450000e-09  0.00000000e+00  2.49999984e+00 -2.93337385e-10 
 7.26550000e-09  7.26550000e-09  0.00000000e+00  2.49999986e+00 -2.57045068e-10 
 7.26650000e-09  7.26650000e-09  0.00000000e+00  2.49999988e+00 -2.25281669e-10 
 7.26750000e-09  7.26750000e-09  0.00000000e+00  2.49999989e+00 -1.97482016e-10 
 7.26850000e-09  7.26850000e-09  0.00000000e+00  2.49999990e+00 -1.73151486e-10 
 7.26950000e-09  7.26950000e-09  0.00000000e+00  2.49999992e+00 -1.51857155e-10 
 7.27050000e-09  7.27050000e-09  0.00000000e+00  2.49999993e+00 -1.33220135e-10 
 7.27150000e-09  7.27150000e-09  0.00000000e+00  2.49999994e+00 -1.16908836e-10 
 7.27250000e-09  7.27250000e-09  0.00000000e+00  2.49999994e+00 -1.02633019e-10 
 7.27350000e-09  7.27350000e-09  0.00000000e+00  2.49999995e+00 -9.01386838e-11 
 7.27450000e-09  7.27450000e-09  0.00000000e+00  2.49999996e+00 -7.92035135e-11 
 7.27550000e-09  7.27550000e-09  0.00000000e+00  2.49999996e+00 -6.96329392e-11 
 7.27650000e-09  7.27650000e-09  0.00000000e+00  2.49999997e+00 -6.12566759e-11 
 7.27750000e-09  7.27750000e-09  0.00000000e+00  2.49999997e+00 -5.39256808e-11 
 7.27850000e-09  7.27850000e-09  0.00000000e+00  2.49999997e+00 -4.75095146e-11 
 7.27950000e-09  7.27950000e-09  0.00000000e+00  2.49999998e+00 -4.18940386e-11 
 7.28050000e-09  7.28050000e-09  0.00000000e+00  2.49999998e+00 -3.69793111e-11 
 7.28150000e-09  7.28150000e-09  0.00000000e+00  2.49999998e+00 -3.26778882e-11 
 7.28250000e-09  7.28250000e-09  0.00000000e+00  2.49999998e+00 -2.89132407e-11 
 7.28350000e-09  7.28350000e-09  0.00000000e+00  2.49999999e+00 -2.56183833e-11 
 7.28450000e-09  7.28450000e-09  0.00000000e+00  2.49999999e+00 -2.27346943e-11 
 7.28550000e-09  7.28550000e-09  0.00000000e+00  2.49999999e+00 -2.02108478e-11 
 7.28650000e-09  7.28650000e-09  0.00000000e+00  2.49999999e+00 -1.80019619e-11 
 7.28750000e-09  7.28750000e-09  0.00000000e+00  2.49999999e+00 -1.60687349e-11 
 7.28850000e-09  7.28850000e-09  0.00000000e+00  2.49999999e+00 -1.43767316e-11 
 7.28950000e-09  7.28950000e-09  0.00000000e+00  2.49999999e+00 -1.28958875e-11 
 7.29050000e-09  7.29050000e-09  0.00000000e+00  2.49999999e+00 -1.15998383e-11 
 7.29150000e-09  7.29150000e-09  0.00000000e+00  2.49999999e+00 -1.04655052e-11 
 7.29250000e-09  7.29250000e-09  0.00000000e+00  2.49999999e+00 -9.47274637e-12 
 7.29350000e-09  7.29350000e-09  0.00000000e+00  2.50000000e+00 -8.60386415e-12 
 7.29450000e-09  7.29450000e-09  0.00000000e+00  2.50000000e+00 -7.84340821e-12 
 7.29550000e-09  7.29550000e-09  0.00000000e+00  2.50000000e+00 -7.17785727e-12 
 7.29650000e-09  7.29650000e-09  0.00000000e+00  2.50000000e+00 -6.59535621e-12 
 7.29750000e-09  7.29750000e-09  0.00000000e+00  2.50000000e+00 -6.08554613e-12 
 7.29850000e-09  7.29850000e-09  0.00000000e+00  2.50000000e+00 -5.63935443e-12 
 7.29950000e-09  7.29950000e-09  0.00000000e+00  2.50000000e+00 -5.24885517e-12 
 7.30050000e-09  7.30050000e-09  0.00000000e+00  2.50000000e+00 -4.90706087e-12 
 7.30150000e-09  7.30150000e-09  0.00000000e+00  2.50000000e+00 -4.60794423e-12 
 7.30250000e-09  7.30250000e-09  0.00000000e+00  2.50000000e+00 -4.34614324e-12 
 7.30350000e-09  7.30350000e-09  0.00000000e+00  2.50000000e+00 -4.11700795e-12 
 7.30450000e-09  7.30450000e-09  0.00000000e+00  2.50000000e+00 -3.91646871e-12 
 7.30550000e-09  7.30550000e-09  0.00000000e+00  2.50000000e+00 -3.74095546e-12 
 7.30650000e-09  7.30650000e-09  0.00000000e+00  2.50000000e+00 -3.58734136e-12 
 7.30750000e-09  7.30750000e-09  0.00000000e+00  2.50000000e+00 -3.45290550e-12 
 7.30850000e-09  7.30850000e-09  0.00000000e+00  2.50000000e+00 -3.33524267e-12 
 7.30950000e-09  7.30950000e-09  0.00000000e+00  2.50000000e+00 -3.23226081e-12 
 7.31050000e-09  7.31050000e-09  0.00000000e+00  2.50000000e+00 -3.14212545e-12 
 7.31150000e-09  7.31150000e-09  0.00000000e+00  2.50000000e+00 -3.06323977e-12 
 7.31250000e-09  7.31250000e-09  0.00000000e+00  2.50000000e+00 -2.99420384e-12 
 7.31350000e-09  7.31350000e-09  0.00000000e+00  2.50000000e+00 -2.93378169e-12 
 7.31450000e-09  7.31450000e-09  0.00000000e+00  2.50000000e+00 -2.88090558e-12 
 7.31550000e-09  7.31550000e-09  0.00000000e+00  2.50000000e+00 -2.83461362e-12 
 7.31650000e-09  7.31650000e-09  0.00000000e+00  2.50000000e+00 -2.79410783e-12 
 7.31750000e-09  7.31750000e-09  0.00000000e+00  2.50000000e+00 -2.75865702e-12 
 7.31850000e-09  7.31850000e-09  0.00000000e+00  2.50000000e+00 -2.72762195e-12 
 7.31950000e-09  7.31950000e-09  0.00000000e+00  2.50000000e+00 -2.70046832e-12 
 7.32050000e-09  7.32050000e-09  0.00000000e+00  2.50000000e+00 -2.67669654e-12 
 7.32150000e-09  7.32150000e-09  0.00000000e+00  2.50000000e+00 -2.65589894e-12 
 7.32250000e-09  7.32250000e-09  0.00000000e+00  2.50000000e+00 -2.63768521e-12 
 7.32350000e-09  7.32350000e-09  0.00000000e+00  2.50000000e+00 -2.62175524e-12 
 7.32450000e-09  7.32450000e-09  0.00000000e+00  2.50000000e+00 -2.60780980e-12 
 7.32550000e-09  7.32550000e-09  0.00000000e+00  2.50000000e+00 -2.59560342e-12 
 7.32650000e-09  7.32650000e-09  0.00000000e+00  2.50000000e+00 -2.58491926e-12 
 7.32750000e-09  7.32750000e-09  0.00000000e+00  2.50000000e+00 -2.57556563e-12 
 7.32850000e-09  7.32850000e-09  0.00000000e+00  2.50000000e+00 -2.56738641e-12 
 7.32950000e-09  7.32950000e-09  0.00000000e+00  2.50000000e+00 -2.56022894e-12 
 7.33050000e-09  7.33050000e-09  0.00000000e+00  2.50000000e+00 -2.55395184e-12 
 7.33150000e-09  7.33150000e-09  0.00000000e+00  2.50000000e+00 -2.54847012e-12 
 7.33250000e-09  7.33250000e-09  0.00000000e+00  2.50000000e+00 -2.54366927e-12 
 7.33350000e-09  7.33350000e-09  0.00000000e+00  2.50000000e+00 -2.53947471e-12 
 7.33450000e-09  7.33450000e-09  0.00000000e+00  2.50000000e+00 -2.53578842e-12 
 7.33550000e-09  7.33550000e-09  0.00000000e+00  2.50000000e+00 -2.53257484e-12 
 7.33650000e-09  7.33650000e-09  0.00000000e+00  2.50000000e+00 -2.52975592e-12 
 7.33750000e-09  7.33750000e-09  0.00000000e+00  2.50000000e+00 -2.52728741e-12 
 7.33850000e-09  7.33850000e-09  0.00000000e+00  2.50000000e+00 -2.52513288e-12 
 7.33950000e-09  7.33950000e-09  0.00000000e+00  2.50000000e+00 -2.52324290e-12 
 7.34050000e-09  7.34050000e-09  0.00000000e+00  2.50000000e+00 -2.52159144e-12 
 7.34150000e-09  7.34150000e-09  0.00000000e+00  2.50000000e+00 -2.52014815e-12 
 7.34250000e-09  7.34250000e-09  0.00000000e+00  2.50000000e+00 -2.51888267e-12 
 7.34350000e-09  7.34350000e-09  0.00000000e+00  2.50000000e+00 -2.51777158e-12 
 7.34450000e-09  7.34450000e-09  0.00000000e+00  2.50000000e+00 -2.51680534e-12 
 7.34550000e-09  7.34550000e-09  0.00000000e+00  2.50000000e+00 -2.51596573e-12 
 7.34650000e-09  7.34650000e-09  0.00000000e+00  2.50000000e+00 -2.51521113e-12 
 7.34750000e-09  7.34750000e-09  0.00000000e+00  2.50000000e+00 -2.51456495e-12 
 7.34850000e-09  7.34850000e-09  0.00000000e+00  2.50000000e+00 -2.51399943e-12 
 7.34950000e-09  7.34950000e-09  0.00000000e+00  2.50000000e+00 -2.51349549e-12 
 7.35050000e-09  7.35050000e-09  0.00000000e+00  2.50000000e+00 -2.51306354e-12 
 7.35150000e-09  7.35150000e-09  0.00000000e+00  2.50000000e+00 -2.51268104e-12 
 7.35250000e-09  7.35250000e-09  0.00000000e+00  2.50000000e+00 -2.51234623e-12 
 7.35350000e-09  7.35350000e-09  0.00000000e+00  2.50000000e+00 -2.51205480e-12 
 7.35450000e-09  7.35450000e-09  0.00000000e+00  2.50000000e+00 -2.51179546e-12 
 7.35550000e-09  7.35550000e-09  0.00000000e+00  2.50000000e+00 -2.51157862e-12 
 7.35650000e-09  7.35650000e-09  0.00000000e+00  2.50000000e+00 -2.51137999e-12 
 7.35750000e-09  7.35750000e-09  0.00000000e+00  2.50000000e+00 -2.51120912e-12 
 7.35850000e-09  7.35850000e-09  0.00000000e+00  2.50000000e+00 -2.51105994e-12 
 7.35950000e-09  7.35950000e-09  0.00000000e+00  2.50000000e+00 -2.51092463e-12 
 7.36050000e-09  7.36050000e-09  0.00000000e+00  2.50000000e+00 -2.51080927e-12 
 7.36150000e-09  7.36150000e-09  0.00000000e+00  2.50000000e+00 -2.51071559e-12 
 7.36250000e-09  7.36250000e-09  0.00000000e+00  2.50000000e+00 -2.51062886e-12 
 7.36350000e-09  7.36350000e-09  0.00000000e+00  2.50000000e+00 -2.51054472e-12 
 7.36450000e-09  7.36450000e-09  0.00000000e+00  2.50000000e+00 -2.51047620e-12 
 7.36550000e-09  7.36550000e-09  0.00000000e+00  2.50000000e+00 -2.51041809e-12 
 7.36650000e-09  7.36650000e-09  0.00000000e+00  2.50000000e+00 -2.51036344e-12 
 7.36750000e-09  7.36750000e-09  0.00000000e+00  2.50000000e+00 -2.51031747e-12 
 7.36850000e-09  7.36850000e-09  0.00000000e+00  2.50000000e+00 -2.51027931e-12 
 7.36950000e-09  7.36950000e-09  0.00000000e+00  2.50000000e+00 -2.51025156e-12 
 7.37050000e-09  7.37050000e-09  0.00000000e+00  2.50000000e+00 -2.51021339e-12 
 7.37150000e-09  7.37150000e-09  0.00000000e+00  2.50000000e+00 -2.51019344e-12 
 7.37250000e-09  7.37250000e-09  0.00000000e+00  2.50000000e+00 -2.51016395e-12 
 7.37350000e-09  7.37350000e-09  0.00000000e+00  2.50000000e+00 -2.51014400e-12 
 7.37450000e-09  7.37450000e-09  0.00000000e+00  2.50000000e+00 -2.51013186e-12 
 7.37550000e-09  7.37550000e-09  0.00000000e+00  2.50000000e+00 -2.51011364e-12 
 7.37650000e-09  7.37650000e-09  0.00000000e+00  2.50000000e+00 -2.51009803e-12 
 7.37750000e-09  7.37750000e-09  0.00000000e+00  2.50000000e+00 -2.51009023e-12 
 7.37850000e-09  7.37850000e-09  0.00000000e+00  2.50000000e+00 -2.51006767e-12 
 7.37950000e-09  7.37950000e-09  0.00000000e+00  2.50000000e+00 -2.51006334e-12 
 7.38050000e-09  7.38050000e-09  0.00000000e+00  2.50000000e+00 -2.51005727e-12 
 7.38150000e-09  7.38150000e-09  0.00000000e+00  2.50000000e+00 -2.51005119e-12 
 7.38250000e-09  7.38250000e-09  0.00000000e+00  2.50000000e+00 -2.51005206e-12 
 7.38350000e-09  7.38350000e-09  0.00000000e+00  2.50000000e+00 -2.51003992e-12 
 7.38450000e-09  7.38450000e-09  0.00000000e+00  2.50000000e+00 -2.51003645e-12 
 7.38550000e-09  7.38550000e-09  0.00000000e+00  2.50000000e+00 -2.51003558e-12 
 7.38650000e-09  7.38650000e-09  0.00000000e+00  2.50000000e+00 -2.51002604e-12 
 7.38750000e-09  7.38750000e-09  0.00000000e+00  2.50000000e+00 -2.51002604e-12 
 7.38850000e-09  7.38850000e-09  0.00000000e+00  2.50000000e+00 -2.51002084e-12 
 7.38950000e-09  7.38950000e-09  0.00000000e+00  2.50000000e+00 -2.51002691e-12 
 7.39050000e-09  7.39050000e-09  0.00000000e+00  2.50000000e+00 -2.51002084e-12 
 7.39150000e-09  7.39150000e-09  0.00000000e+00  2.50000000e+00 -2.51002084e-12 
 7.39250000e-09  7.39250000e-09  0.00000000e+00  2.50000000e+00 -2.51001737e-12 
 7.39350000e-09  7.39350000e-09  0.00000000e+00  2.50000000e+00 -2.51001303e-12 
 7.39450000e-09  7.39450000e-09  0.00000000e+00  2.50000000e+00 -2.51000522e-12 
 7.39550000e-09  7.39550000e-09  0.00000000e+00  2.50000000e+00 -2.51001390e-12 
 7.39650000e-09  7.39650000e-09  0.00000000e+00  2.50000000e+00 -2.51001477e-12 
 7.39750000e-09  7.39750000e-09  0.00000000e+00  2.50000000e+00 -2.51001477e-12 
 7.39850000e-09  7.39850000e-09  0.00000000e+00  2.50000000e+00 -2.51001477e-12 
 7.39950000e-09  7.39950000e-09  0.00000000e+00  2.50000000e+00 -2.51001477e-12 
 7.40050000e-09  7.40050000e-09  0.00000000e+00  2.50000000e+00 -2.51001477e-12 
 7.40150000e-09  7.40150000e-09  0.00000000e+00  2.50000000e+00 -2.51001477e-12 
 7.40250000e-09  7.40250000e-09  0.00000000e+00  2.50000000e+00 -2.51001477e-12 
 7.40350000e-09  7.40350000e-09  0.00000000e+00  2.50000000e+00 -2.51001477e-12 
 7.40450000e-09  7.40450000e-09  0.00000000e+00  2.50000000e+00 -2.51001477e-12 
 7.40550000e-09  7.40550000e-09  0.00000000e+00  2.50000000e+00 -2.51001477e-12 
 7.40650000e-09  7.40650000e-09  0.00000000e+00  2.50000000e+00 -2.51001477e-12 
 7.40750000e-09  7.40750000e-09  0.00000000e+00  2.50000000e+00 -2.51001477e-12 
 7.40850000e-09  7.40850000e-09  0.00000000e+00  2.50000000e+00 -2.51001477e-12 
 7.40950000e-09  7.40950000e-09  0.00000000e+00  2.50000000e+00 -2.51001477e-12 
 7.41050000e-09  7.41050000e-09  0.00000000e+00  2.50000000e+00 -2.51001477e-12 
 7.41150000e-09  7.41150000e-09  0.00000000e+00  2.50000000e+00 -2.51001477e-12 
 7.41250000e-09  7.41250000e-09  0.00000000e+00  2.50000000e+00 -2.51001477e-12 
 7.41350000e-09  7.41350000e-09  0.00000000e+00  2.50000000e+00 -2.51001477e-12 
 7.41450000e-09  7.41450000e-09  0.00000000e+00  2.50000000e+00 -2.51001477e-12 
 7.41550000e-09  7.41550000e-09  0.00000000e+00  2.50000000e+00 -2.51001477e-12 
 7.41650000e-09  7.41650000e-09  0.00000000e+00  2.50000000e+00 -2.51001477e-12 
 7.41750000e-09  7.41750000e-09  0.00000000e+00  2.50000000e+00 -2.51001477e-12 
 7.41850000e-09  7.41850000e-09  0.00000000e+00  2.50000000e+00 -2.51001477e-12 
 7.41950000e-09  7.41950000e-09  0.00000000e+00  2.50000000e+00 -2.51001477e-12 
 7.42050000e-09  7.42050000e-09  0.00000000e+00  2.50000000e+00 -2.51001477e-12 
 7.42150000e-09  7.42150000e-09  0.00000000e+00  2.50000000e+00 -2.51001477e-12 
 7.42250000e-09  7.42250000e-09  0.00000000e+00  2.50000000e+00 -2.51001477e-12 
 7.42350000e-09  7.42350000e-09  0.00000000e+00  2.50000000e+00 -2.51001477e-12 
 7.42450000e-09  7.42450000e-09  0.00000000e+00  2.50000000e+00 -2.51001477e-12 
 7.42550000e-09  7.42550000e-09  0.00000000e+00  2.50000000e+00 -2.51001477e-12 
 7.42650000e-09  7.42650000e-09  0.00000000e+00  2.50000000e+00 -2.51001477e-12 
 7.42750000e-09  7.42750000e-09  0.00000000e+00  2.50000000e+00 -2.51001477e-12 
 7.42850000e-09  7.42850000e-09  0.00000000e+00  2.50000000e+00 -2.51001477e-12 
 7.42950000e-09  7.42950000e-09  0.00000000e+00  2.50000000e+00 -2.51001477e-12 
 7.43050000e-09  7.43050000e-09  0.00000000e+00  2.50000000e+00 -2.51001477e-12 
 7.43150000e-09  7.43150000e-09  0.00000000e+00  2.50000000e+00 -2.51001477e-12 
 7.43250000e-09  7.43250000e-09  0.00000000e+00  2.50000000e+00 -2.51001477e-12 
 7.43350000e-09  7.43350000e-09  0.00000000e+00  2.50000000e+00 -2.51001477e-12 
 7.43450000e-09  7.43450000e-09  0.00000000e+00  2.50000000e+00 -2.51001477e-12 
 7.43550000e-09  7.43550000e-09  0.00000000e+00  2.50000000e+00 -2.51001477e-12 
 7.43650000e-09  7.43650000e-09  0.00000000e+00  2.50000000e+00 -2.51001477e-12 
 7.43750000e-09  7.43750000e-09  0.00000000e+00  2.50000000e+00 -2.51001477e-12 
 7.43850000e-09  7.43850000e-09  0.00000000e+00  2.50000000e+00 -2.51001477e-12 
 7.43950000e-09  7.43950000e-09  0.00000000e+00  2.50000000e+00 -2.51001477e-12 
 7.44050000e-09  7.44050000e-09  0.00000000e+00  2.50000000e+00 -2.51001477e-12 
 7.44150000e-09  7.44150000e-09  0.00000000e+00  2.50000000e+00 -2.51001477e-12 
 7.44250000e-09  7.44250000e-09  0.00000000e+00  2.50000000e+00 -2.51001477e-12 
 7.44350000e-09  7.44350000e-09  0.00000000e+00  2.50000000e+00 -2.51001477e-12 
 7.44450000e-09  7.44450000e-09  0.00000000e+00  2.50000000e+00 -2.51001477e-12 
 7.44550000e-09  7.44550000e-09  0.00000000e+00  2.50000000e+00 -2.51001477e-12 
 7.44650000e-09  7.44650000e-09  0.00000000e+00  2.50000000e+00 -2.51001477e-12 
 7.44750000e-09  7.44750000e-09  0.00000000e+00  2.50000000e+00 -2.51001477e-12 
 7.44850000e-09  7.44850000e-09  0.00000000e+00  2.50000000e+00 -2.51001477e-12 
 7.44950000e-09  7.44950000e-09  0.00000000e+00  2.50000000e+00 -2.51001477e-12 
 7.45050000e-09  7.45050000e-09  0.00000000e+00  2.50000000e+00 -2.51001477e-12 
 7.45150000e-09  7.45150000e-09  0.00000000e+00  2.50000000e+00 -2.51001477e-12 
 7.45250000e-09  7.45250000e-09  0.00000000e+00  2.50000000e+00 -2.51001477e-12 
 7.45350000e-09  7.45350000e-09  0.00000000e+00  2.50000000e+00 -2.51001477e-12 
 7.45450000e-09  7.45450000e-09  0.00000000e+00  2.50000000e+00 -2.51001477e-12 
 7.45550000e-09  7.45550000e-09  0.00000000e+00  2.50000000e+00 -2.51001477e-12 
 7.45650000e-09  7.45650000e-09  0.00000000e+00  2.50000000e+00 -2.51001477e-12 
 7.45750000e-09  7.45750000e-09  0.00000000e+00  2.50000000e+00 -2.51001477e-12 
 7.45850000e-09  7.45850000e-09  0.00000000e+00  2.50000000e+00 -2.51001477e-12 
 7.45950000e-09  7.45950000e-09  0.00000000e+00  2.50000000e+00 -2.51001477e-12 
 7.46050000e-09  7.46050000e-09  0.00000000e+00  2.50000000e+00 -2.51001477e-12 
 7.46150000e-09  7.46150000e-09  0.00000000e+00  2.50000000e+00 -2.51001477e-12 
 7.46250000e-09  7.46250000e-09  0.00000000e+00  2.50000000e+00 -2.51001477e-12 
 7.46350000e-09  7.46350000e-09  0.00000000e+00  2.50000000e+00 -2.51001477e-12 
 7.46450000e-09  7.46450000e-09  0.00000000e+00  2.50000000e+00 -2.51001477e-12 
 7.46550000e-09  7.46550000e-09  0.00000000e+00  2.50000000e+00 -2.51001477e-12 
 7.46650000e-09  7.46650000e-09  0.00000000e+00  2.50000000e+00 -2.51001477e-12 
 7.46750000e-09  7.46750000e-09  0.00000000e+00  2.50000000e+00 -2.51001477e-12 
 7.46850000e-09  7.46850000e-09  0.00000000e+00  2.50000000e+00 -2.51001477e-12 
 7.46950000e-09  7.46950000e-09  0.00000000e+00  2.50000000e+00 -2.51001477e-12 
 7.47050000e-09  7.47050000e-09  0.00000000e+00  2.50000000e+00 -2.51001477e-12 
 7.47150000e-09  7.47150000e-09  0.00000000e+00  2.50000000e+00 -2.51001477e-12 
 7.47250000e-09  7.47250000e-09  0.00000000e+00  2.50000000e+00 -2.51001477e-12 
 7.47350000e-09  7.47350000e-09  0.00000000e+00  2.50000000e+00 -2.51001477e-12 
 7.47450000e-09  7.47450000e-09  0.00000000e+00  2.50000000e+00 -2.51001477e-12 
 7.47550000e-09  7.47550000e-09  0.00000000e+00  2.50000000e+00 -2.51001477e-12 
 7.47650000e-09  7.47650000e-09  0.00000000e+00  2.50000000e+00 -2.51001477e-12 
 7.47750000e-09  7.47750000e-09  0.00000000e+00  2.50000000e+00 -2.51001477e-12 
 7.47850000e-09  7.47850000e-09  0.00000000e+00  2.50000000e+00 -2.51001477e-12 
 7.47950000e-09  7.47950000e-09  0.00000000e+00  2.50000000e+00 -2.51001477e-12 
 7.48050000e-09  7.48050000e-09  0.00000000e+00  2.50000000e+00 -2.51001477e-12 
 7.48150000e-09  7.48150000e-09  0.00000000e+00  2.50000000e+00 -2.51001477e-12 
 7.48250000e-09  7.48250000e-09  0.00000000e+00  2.50000000e+00 -2.51001477e-12 
 7.48350000e-09  7.48350000e-09  0.00000000e+00  2.50000000e+00 -2.51001477e-12 
 7.48450000e-09  7.48450000e-09  0.00000000e+00  2.50000000e+00 -2.51001477e-12 
 7.48550000e-09  7.48550000e-09  0.00000000e+00  2.50000000e+00 -2.51001477e-12 
 7.48650000e-09  7.48650000e-09  0.00000000e+00  2.50000000e+00 -2.51001477e-12 
 7.48750000e-09  7.48750000e-09  0.00000000e+00  2.50000000e+00 -2.51001477e-12 
 7.48850000e-09  7.48850000e-09  0.00000000e+00  2.50000000e+00 -2.51001477e-12 
 7.48950000e-09  7.48950000e-09  0.00000000e+00  2.50000000e+00 -2.51001477e-12 
 7.49050000e-09  7.49050000e-09  0.00000000e+00  2.50000000e+00 -2.51001477e-12 
 7.49150000e-09  7.49150000e-09  0.00000000e+00  2.50000000e+00 -2.51001477e-12 
 7.49250000e-09  7.49250000e-09  0.00000000e+00  2.50000000e+00 -2.51001477e-12 
 7.49350000e-09  7.49350000e-09  0.00000000e+00  2.50000000e+00 -2.51001477e-12 
 7.49450000e-09  7.49450000e-09  0.00000000e+00  2.50000000e+00 -2.51001477e-12 
 7.49550000e-09  7.49550000e-09  0.00000000e+00  2.50000000e+00 -2.51001477e-12 
 7.49650000e-09  7.49650000e-09  0.00000000e+00  2.50000000e+00 -2.51001477e-12 
 7.49750000e-09  7.49750000e-09  0.00000000e+00  2.50000000e+00 -2.51001477e-12 
 7.49850000e-09  7.49850000e-09  0.00000000e+00  2.50000000e+00 -2.51001477e-12 
 7.49950000e-09  7.49950000e-09  0.00000000e+00  2.50000000e+00 -2.51001477e-12 
 7.50050000e-09  7.50050000e-09  0.00000000e+00  2.50000000e+00 -2.51001477e-12 
 7.50150000e-09  7.50150000e-09  0.00000000e+00  2.50000000e+00 -2.51001477e-12 
 7.50250000e-09  7.50250000e-09  0.00000000e+00  2.50000000e+00 -2.51001477e-12 
 7.50350000e-09  7.50350000e-09  0.00000000e+00  2.50000000e+00 -2.51001477e-12 
 7.50450000e-09  7.50450000e-09  0.00000000e+00  2.50000000e+00 -2.51001477e-12 
 7.50550000e-09  7.50550000e-09  0.00000000e+00  2.50000000e+00 -2.51001477e-12 
 7.50650000e-09  7.50650000e-09  0.00000000e+00  2.50000000e+00 -2.51001477e-12 
 7.50750000e-09  7.50750000e-09  0.00000000e+00  2.50000000e+00 -2.51001477e-12 
 7.50850000e-09  7.50850000e-09  0.00000000e+00  2.50000000e+00 -2.51001477e-12 
 7.50950000e-09  7.50950000e-09  0.00000000e+00  2.50000000e+00 -2.51001477e-12 
 7.51050000e-09  7.51050000e-09  0.00000000e+00  2.50000000e+00 -2.51001477e-12 
 7.51150000e-09  7.51150000e-09  0.00000000e+00  2.50000000e+00 -2.51001477e-12 
 7.51250000e-09  7.51250000e-09  0.00000000e+00  2.50000000e+00 -2.51001477e-12 
 7.51350000e-09  7.51350000e-09  0.00000000e+00  2.50000000e+00 -2.51001477e-12 
 7.51450000e-09  7.51450000e-09  0.00000000e+00  2.50000000e+00 -2.51001477e-12 
 7.51550000e-09  7.51550000e-09  0.00000000e+00  2.50000000e+00 -2.51001477e-12 
 7.51650000e-09  7.51650000e-09  0.00000000e+00  2.50000000e+00 -2.51001477e-12 
 7.51750000e-09  7.51750000e-09  0.00000000e+00  2.50000000e+00 -2.51001477e-12 
 7.51850000e-09  7.51850000e-09  0.00000000e+00  2.50000000e+00 -2.51001477e-12 
 7.51950000e-09  7.51950000e-09  0.00000000e+00  2.50000000e+00 -2.51001477e-12 
 7.52050000e-09  7.52050000e-09  0.00000000e+00  2.50000000e+00 -2.51001477e-12 
 7.52150000e-09  7.52150000e-09  0.00000000e+00  2.50000000e+00 -2.51001477e-12 
 7.52250000e-09  7.52250000e-09  0.00000000e+00  2.50000000e+00 -2.51001477e-12 
 7.52350000e-09  7.52350000e-09  0.00000000e+00  2.50000000e+00 -2.51001477e-12 
 7.52450000e-09  7.52450000e-09  0.00000000e+00  2.50000000e+00 -2.51001477e-12 
 7.52550000e-09  7.52550000e-09  0.00000000e+00  2.50000000e+00 -2.51001477e-12 
 7.52650000e-09  7.52650000e-09  0.00000000e+00  2.50000000e+00 -2.51001477e-12 
 7.52750000e-09  7.52750000e-09  0.00000000e+00  2.50000000e+00 -2.51001477e-12 
 7.52850000e-09  7.52850000e-09  0.00000000e+00  2.50000000e+00 -2.51001477e-12 
 7.52950000e-09  7.52950000e-09  0.00000000e+00  2.50000000e+00 -2.51001477e-12 
 7.53050000e-09  7.53050000e-09  0.00000000e+00  2.50000000e+00 -2.51001477e-12 
 7.53150000e-09  7.53150000e-09  0.00000000e+00  2.50000000e+00 -2.51001477e-12 
 7.53250000e-09  7.53250000e-09  0.00000000e+00  2.50000000e+00 -2.51001477e-12 
 7.53350000e-09  7.53350000e-09  0.00000000e+00  2.50000000e+00 -2.51001477e-12 
 7.53450000e-09  7.53450000e-09  0.00000000e+00  2.50000000e+00 -2.51001477e-12 
 7.53550000e-09  7.53550000e-09  0.00000000e+00  2.50000000e+00 -2.51001477e-12 
 7.53650000e-09  7.53650000e-09  0.00000000e+00  2.50000000e+00 -2.51001477e-12 
 7.53750000e-09  7.53750000e-09  0.00000000e+00  2.50000000e+00 -2.51001477e-12 
 7.53850000e-09  7.53850000e-09  0.00000000e+00  2.50000000e+00 -2.51001477e-12 
 7.53950000e-09  7.53950000e-09  0.00000000e+00  2.50000000e+00 -2.51001477e-12 
 7.54050000e-09  7.54050000e-09  0.00000000e+00  2.50000000e+00 -2.51001477e-12 
 7.54150000e-09  7.54150000e-09  0.00000000e+00  2.50000000e+00 -2.51001477e-12 
 7.54250000e-09  7.54250000e-09  0.00000000e+00  2.50000000e+00 -2.51001477e-12 
 7.54350000e-09  7.54350000e-09  0.00000000e+00  2.50000000e+00 -2.51001477e-12 
 7.54450000e-09  7.54450000e-09  0.00000000e+00  2.50000000e+00 -2.51001477e-12 
 7.54550000e-09  7.54550000e-09  0.00000000e+00  2.50000000e+00 -2.51001477e-12 
 7.54650000e-09  7.54650000e-09  0.00000000e+00  2.50000000e+00 -2.51001477e-12 
 7.54750000e-09  7.54750000e-09  0.00000000e+00  2.50000000e+00 -2.51001477e-12 
 7.54850000e-09  7.54850000e-09  0.00000000e+00  2.50000000e+00 -2.51001477e-12 
 7.54950000e-09  7.54950000e-09  0.00000000e+00  2.50000000e+00 -2.51001477e-12 
 7.55050000e-09  7.55050000e-09  0.00000000e+00  2.50000000e+00 -2.51001477e-12 
 7.55150000e-09  7.55150000e-09  0.00000000e+00  2.50000000e+00 -2.51001477e-12 
 7.55250000e-09  7.55250000e-09  0.00000000e+00  2.50000000e+00 -2.51001477e-12 
 7.55350000e-09  7.55350000e-09  0.00000000e+00  2.50000000e+00 -2.51001477e-12 
 7.55450000e-09  7.55450000e-09  0.00000000e+00  2.50000000e+00 -2.51001477e-12 
 7.55550000e-09  7.55550000e-09  0.00000000e+00  2.50000000e+00 -2.51001477e-12 
 7.55650000e-09  7.55650000e-09  0.00000000e+00  2.50000000e+00 -2.51001477e-12 
 7.55750000e-09  7.55750000e-09  0.00000000e+00  2.50000000e+00 -2.51001477e-12 
 7.55850000e-09  7.55850000e-09  0.00000000e+00  2.50000000e+00 -2.51001477e-12 
 7.55950000e-09  7.55950000e-09  0.00000000e+00  2.50000000e+00 -2.51001477e-12 
 7.56050000e-09  7.56050000e-09  0.00000000e+00  2.50000000e+00 -2.51001477e-12 
 7.56150000e-09  7.56150000e-09  0.00000000e+00  2.50000000e+00 -2.51001477e-12 
 7.56250000e-09  7.56250000e-09  0.00000000e+00  2.50000000e+00 -2.51001477e-12 
 7.56350000e-09  7.56350000e-09  0.00000000e+00  2.50000000e+00 -2.51001477e-12 
 7.56450000e-09  7.56450000e-09  0.00000000e+00  2.50000000e+00 -2.51001477e-12 
 7.56550000e-09  7.56550000e-09  0.00000000e+00  2.50000000e+00 -2.51001477e-12 
 7.56650000e-09  7.56650000e-09  0.00000000e+00  2.50000000e+00 -2.51001477e-12 
 7.56750000e-09  7.56750000e-09  0.00000000e+00  2.50000000e+00 -2.51001477e-12 
 7.56850000e-09  7.56850000e-09  0.00000000e+00  2.50000000e+00 -2.51001477e-12 
 7.56950000e-09  7.56950000e-09  0.00000000e+00  2.50000000e+00 -2.51001477e-12 
 7.57050000e-09  7.57050000e-09  0.00000000e+00  2.50000000e+00 -2.51001477e-12 
 7.57150000e-09  7.57150000e-09  0.00000000e+00  2.50000000e+00 -2.51001477e-12 
 7.57250000e-09  7.57250000e-09  0.00000000e+00  2.50000000e+00 -2.51001477e-12 
 7.57350000e-09  7.57350000e-09  0.00000000e+00  2.50000000e+00 -2.51001477e-12 
 7.57450000e-09  7.57450000e-09  0.00000000e+00  2.50000000e+00 -2.51001477e-12 
 7.57550000e-09  7.57550000e-09  0.00000000e+00  2.50000000e+00 -2.51001477e-12 
 7.57650000e-09  7.57650000e-09  0.00000000e+00  2.50000000e+00 -2.51001477e-12 
 7.57750000e-09  7.57750000e-09  0.00000000e+00  2.50000000e+00 -2.51001477e-12 
 7.57850000e-09  7.57850000e-09  0.00000000e+00  2.50000000e+00 -2.51001477e-12 
 7.57950000e-09  7.57950000e-09  0.00000000e+00  2.50000000e+00 -2.51001477e-12 
 7.58050000e-09  7.58050000e-09  0.00000000e+00  2.50000000e+00 -2.51001477e-12 
 7.58150000e-09  7.58150000e-09  0.00000000e+00  2.50000000e+00 -2.51001477e-12 
 7.58250000e-09  7.58250000e-09  0.00000000e+00  2.50000000e+00 -2.51001477e-12 
 7.58350000e-09  7.58350000e-09  0.00000000e+00  2.50000000e+00 -2.51001477e-12 
 7.58450000e-09  7.58450000e-09  0.00000000e+00  2.50000000e+00 -2.51001477e-12 
 7.58550000e-09  7.58550000e-09  0.00000000e+00  2.50000000e+00 -2.51001477e-12 
 7.58650000e-09  7.58650000e-09  0.00000000e+00  2.50000000e+00 -2.51001477e-12 
 7.58750000e-09  7.58750000e-09  0.00000000e+00  2.50000000e+00 -2.51001477e-12 
 7.58850000e-09  7.58850000e-09  0.00000000e+00  2.50000000e+00 -2.51001477e-12 
 7.58950000e-09  7.58950000e-09  0.00000000e+00  2.50000000e+00 -2.51001477e-12 
 7.59050000e-09  7.59050000e-09  0.00000000e+00  2.50000000e+00 -2.51001477e-12 
 7.59150000e-09  7.59150000e-09  0.00000000e+00  2.50000000e+00 -2.51001477e-12 
 7.59250000e-09  7.59250000e-09  0.00000000e+00  2.50000000e+00 -2.51001477e-12 
 7.59350000e-09  7.59350000e-09  0.00000000e+00  2.50000000e+00 -2.51001477e-12 
 7.59450000e-09  7.59450000e-09  0.00000000e+00  2.50000000e+00 -2.51001477e-12 
 7.59550000e-09  7.59550000e-09  0.00000000e+00  2.50000000e+00 -2.51001477e-12 
 7.59650000e-09  7.59650000e-09  0.00000000e+00  2.50000000e+00 -2.51001477e-12 
 7.59750000e-09  7.59750000e-09  0.00000000e+00  2.50000000e+00 -2.51001477e-12 
 7.59850000e-09  7.59850000e-09  0.00000000e+00  2.50000000e+00 -2.51001477e-12 
 7.59950000e-09  7.59950000e-09  0.00000000e+00  2.50000000e+00 -2.51001477e-12 
 7.60050000e-09  7.60050000e-09  0.00000000e+00  2.50000000e+00 -2.51001477e-12 
 7.60150000e-09  7.60150000e-09  0.00000000e+00  2.50000000e+00 -2.51001477e-12 
 7.60250000e-09  7.60250000e-09  0.00000000e+00  2.50000000e+00 -2.51001477e-12 
 7.60350000e-09  7.60350000e-09  0.00000000e+00  2.50000000e+00 -2.51001477e-12 
 7.60450000e-09  7.60450000e-09  0.00000000e+00  2.50000000e+00 -2.51001477e-12 
 7.60550000e-09  7.60550000e-09  0.00000000e+00  2.50000000e+00 -2.51001477e-12 
 7.60650000e-09  7.60650000e-09  0.00000000e+00  2.50000000e+00 -2.51001477e-12 
 7.60750000e-09  7.60750000e-09  0.00000000e+00  2.50000000e+00 -2.51001477e-12 
 7.60850000e-09  7.60850000e-09  0.00000000e+00  2.50000000e+00 -2.51001477e-12 
 7.60950000e-09  7.60950000e-09  0.00000000e+00  2.50000000e+00 -2.51001477e-12 
 7.61050000e-09  7.61050000e-09  0.00000000e+00  2.50000000e+00 -2.51001477e-12 
 7.61150000e-09  7.61150000e-09  0.00000000e+00  2.50000000e+00 -2.51001477e-12 
 7.61250000e-09  7.61250000e-09  0.00000000e+00  2.50000000e+00 -2.51001477e-12 
 7.61350000e-09  7.61350000e-09  0.00000000e+00  2.50000000e+00 -2.51001477e-12 
 7.61450000e-09  7.61450000e-09  0.00000000e+00  2.50000000e+00 -2.51001477e-12 
 7.61550000e-09  7.61550000e-09  0.00000000e+00  2.50000000e+00 -2.51001477e-12 
 7.61650000e-09  7.61650000e-09  0.00000000e+00  2.50000000e+00 -2.51001477e-12 
 7.61750000e-09  7.61750000e-09  0.00000000e+00  2.50000000e+00 -2.51001477e-12 
 7.61850000e-09  7.61850000e-09  0.00000000e+00  2.50000000e+00 -2.51001477e-12 
 7.61950000e-09  7.61950000e-09  0.00000000e+00  2.50000000e+00 -2.51001477e-12 
 7.62050000e-09  7.62050000e-09  0.00000000e+00  2.50000000e+00 -2.51001477e-12 
 7.62150000e-09  7.62150000e-09  0.00000000e+00  2.50000000e+00 -2.51001477e-12 
 7.62250000e-09  7.62250000e-09  0.00000000e+00  2.50000000e+00 -2.51001477e-12 
 7.62350000e-09  7.62350000e-09  0.00000000e+00  2.50000000e+00 -2.51001477e-12 
 7.62450000e-09  7.62450000e-09  0.00000000e+00  2.50000000e+00 -2.51001477e-12 
 7.62550000e-09  7.62550000e-09  0.00000000e+00  2.50000000e+00 -2.51001477e-12 
 7.62650000e-09  7.62650000e-09  0.00000000e+00  2.50000000e+00 -2.51001477e-12 
 7.62750000e-09  7.62750000e-09  0.00000000e+00  2.50000000e+00 -2.51001477e-12 
 7.62850000e-09  7.62850000e-09  0.00000000e+00  2.50000000e+00 -2.51001477e-12 
 7.62950000e-09  7.62950000e-09  0.00000000e+00  2.50000000e+00 -2.51001477e-12 
 7.63050000e-09  7.63050000e-09  0.00000000e+00  2.50000000e+00 -2.51001477e-12 
 7.63150000e-09  7.63150000e-09  0.00000000e+00  2.50000000e+00 -2.51001477e-12 
 7.63250000e-09  7.63250000e-09  0.00000000e+00  2.50000000e+00 -2.51001477e-12 
 7.63350000e-09  7.63350000e-09  0.00000000e+00  2.50000000e+00 -2.51001477e-12 
 7.63450000e-09  7.63450000e-09  0.00000000e+00  2.50000000e+00 -2.51001477e-12 
 7.63550000e-09  7.63550000e-09  0.00000000e+00  2.50000000e+00 -2.51001477e-12 
 7.63650000e-09  7.63650000e-09  0.00000000e+00  2.50000000e+00 -2.51001477e-12 
 7.63750000e-09  7.63750000e-09  0.00000000e+00  2.50000000e+00 -2.51001477e-12 
 7.63850000e-09  7.63850000e-09  0.00000000e+00  2.50000000e+00 -2.51001477e-12 
 7.63950000e-09  7.63950000e-09  0.00000000e+00  2.50000000e+00 -2.51001477e-12 
 7.64050000e-09  7.64050000e-09  0.00000000e+00  2.50000000e+00 -2.51001477e-12 
 7.64150000e-09  7.64150000e-09  0.00000000e+00  2.50000000e+00 -2.51001477e-12 
 7.64250000e-09  7.64250000e-09  0.00000000e+00  2.50000000e+00 -2.51001477e-12 
 7.64350000e-09  7.64350000e-09  0.00000000e+00  2.50000000e+00 -2.51001477e-12 
 7.64450000e-09  7.64450000e-09  0.00000000e+00  2.50000000e+00 -2.51001477e-12 
 7.64550000e-09  7.64550000e-09  0.00000000e+00  2.50000000e+00 -2.51001477e-12 
 7.64650000e-09  7.64650000e-09  0.00000000e+00  2.50000000e+00 -2.51001477e-12 
 7.64750000e-09  7.64750000e-09  0.00000000e+00  2.50000000e+00 -2.51001477e-12 
 7.64850000e-09  7.64850000e-09  0.00000000e+00  2.50000000e+00 -2.51001477e-12 
 7.64950000e-09  7.64950000e-09  0.00000000e+00  2.50000000e+00 -2.51001477e-12 
 7.65050000e-09  7.65050000e-09  0.00000000e+00  2.50000000e+00 -2.51001477e-12 
 7.65150000e-09  7.65150000e-09  0.00000000e+00  2.50000000e+00 -2.51001477e-12 
 7.65250000e-09  7.65250000e-09  0.00000000e+00  2.50000000e+00 -2.51001477e-12 
 7.65350000e-09  7.65350000e-09  0.00000000e+00  2.50000000e+00 -2.51001477e-12 
 7.65450000e-09  7.65450000e-09  0.00000000e+00  2.50000000e+00 -2.51001477e-12 
 7.65550000e-09  7.65550000e-09  0.00000000e+00  2.50000000e+00 -2.51001477e-12 
 7.65650000e-09  7.65650000e-09  0.00000000e+00  2.50000000e+00 -2.51001477e-12 
 7.65750000e-09  7.65750000e-09  0.00000000e+00  2.50000000e+00 -2.51001477e-12 
 7.65850000e-09  7.65850000e-09  0.00000000e+00  2.50000000e+00 -2.51001477e-12 
 7.65950000e-09  7.65950000e-09  0.00000000e+00  2.50000000e+00 -2.51001477e-12 
 7.66050000e-09  7.66050000e-09  0.00000000e+00  2.50000000e+00 -2.51001477e-12 
 7.66150000e-09  7.66150000e-09  0.00000000e+00  2.50000000e+00 -2.51001477e-12 
 7.66250000e-09  7.66250000e-09  0.00000000e+00  2.50000000e+00 -2.51001477e-12 
 7.66350000e-09  7.66350000e-09  0.00000000e+00  2.50000000e+00 -2.51001477e-12 
 7.66450000e-09  7.66450000e-09  0.00000000e+00  2.50000000e+00 -2.51001477e-12 
 7.66550000e-09  7.66550000e-09  0.00000000e+00  2.50000000e+00 -2.51001477e-12 
 7.66650000e-09  7.66650000e-09  0.00000000e+00  2.50000000e+00 -2.51001477e-12 
 7.66750000e-09  7.66750000e-09  0.00000000e+00  2.50000000e+00 -2.51001477e-12 
 7.66850000e-09  7.66850000e-09  0.00000000e+00  2.50000000e+00 -2.51001477e-12 
 7.66950000e-09  7.66950000e-09  0.00000000e+00  2.50000000e+00 -2.51001477e-12 
 7.67050000e-09  7.67050000e-09  0.00000000e+00  2.50000000e+00 -2.51001477e-12 
 7.67150000e-09  7.67150000e-09  0.00000000e+00  2.50000000e+00 -2.51001477e-12 
 7.67250000e-09  7.67250000e-09  0.00000000e+00  2.50000000e+00 -2.51001477e-12 
 7.67350000e-09  7.67350000e-09  0.00000000e+00  2.50000000e+00 -2.51001477e-12 
 7.67450000e-09  7.67450000e-09  0.00000000e+00  2.50000000e+00 -2.51001477e-12 
 7.67550000e-09  7.67550000e-09  0.00000000e+00  2.50000000e+00 -2.51001477e-12 
 7.67650000e-09  7.67650000e-09  0.00000000e+00  2.50000000e+00 -2.51001477e-12 
 7.67750000e-09  7.67750000e-09  0.00000000e+00  2.50000000e+00 -2.51001477e-12 
 7.67850000e-09  7.67850000e-09  0.00000000e+00  2.50000000e+00 -2.51001477e-12 
 7.67950000e-09  7.67950000e-09  0.00000000e+00  2.50000000e+00 -2.51001477e-12 
 7.68050000e-09  7.68050000e-09  0.00000000e+00  2.50000000e+00 -2.51001477e-12 
 7.68150000e-09  7.68150000e-09  0.00000000e+00  2.50000000e+00 -2.51001477e-12 
 7.68250000e-09  7.68250000e-09  0.00000000e+00  2.50000000e+00 -2.51001477e-12 
 7.68350000e-09  7.68350000e-09  0.00000000e+00  2.50000000e+00 -2.51001477e-12 
 7.68450000e-09  7.68450000e-09  0.00000000e+00  2.50000000e+00 -2.51001477e-12 
 7.68550000e-09  7.68550000e-09  0.00000000e+00  2.50000000e+00 -2.51001477e-12 
 7.68650000e-09  7.68650000e-09  0.00000000e+00  2.50000000e+00 -2.51001477e-12 
 7.68750000e-09  7.68750000e-09  0.00000000e+00  2.50000000e+00 -2.51001477e-12 
 7.68850000e-09  7.68850000e-09  0.00000000e+00  2.50000000e+00 -2.51001477e-12 
 7.68950000e-09  7.68950000e-09  0.00000000e+00  2.50000000e+00 -2.51001477e-12 
 7.69050000e-09  7.69050000e-09  0.00000000e+00  2.50000000e+00 -2.51001477e-12 
 7.69150000e-09  7.69150000e-09  0.00000000e+00  2.50000000e+00 -2.51001477e-12 
 7.69250000e-09  7.69250000e-09  0.00000000e+00  2.50000000e+00 -2.51001477e-12 
 7.69350000e-09  7.69350000e-09  0.00000000e+00  2.50000000e+00 -2.51001477e-12 
 7.69450000e-09  7.69450000e-09  0.00000000e+00  2.50000000e+00 -2.51001477e-12 
 7.69550000e-09  7.69550000e-09  0.00000000e+00  2.50000000e+00 -2.51001477e-12 
 7.69650000e-09  7.69650000e-09  0.00000000e+00  2.50000000e+00 -2.51001477e-12 
 7.69750000e-09  7.69750000e-09  0.00000000e+00  2.50000000e+00 -2.51001477e-12 
 7.69850000e-09  7.69850000e-09  0.00000000e+00  2.50000000e+00 -2.51001477e-12 
 7.69950000e-09  7.69950000e-09  0.00000000e+00  2.50000000e+00 -2.51001477e-12 
 7.70050000e-09  7.70050000e-09  0.00000000e+00  2.50000000e+00 -2.51001477e-12 
 7.70150000e-09  7.70150000e-09  0.00000000e+00  2.50000000e+00 -2.51001477e-12 
 7.70250000e-09  7.70250000e-09  0.00000000e+00  2.50000000e+00 -2.51001477e-12 
 7.70350000e-09  7.70350000e-09  0.00000000e+00  2.50000000e+00 -2.51001477e-12 
 7.70450000e-09  7.70450000e-09  0.00000000e+00  2.50000000e+00 -2.51001477e-12 
 7.70550000e-09  7.70550000e-09  0.00000000e+00  2.50000000e+00 -2.51001477e-12 
 7.70650000e-09  7.70650000e-09  0.00000000e+00  2.50000000e+00 -2.51001477e-12 
 7.70750000e-09  7.70750000e-09  0.00000000e+00  2.50000000e+00 -2.51001477e-12 
 7.70850000e-09  7.70850000e-09  0.00000000e+00  2.50000000e+00 -2.51001477e-12 
 7.70950000e-09  7.70950000e-09  0.00000000e+00  2.50000000e+00 -2.51001477e-12 
 7.71050000e-09  7.71050000e-09  0.00000000e+00  2.50000000e+00 -2.51001477e-12 
 7.71150000e-09  7.71150000e-09  0.00000000e+00  2.50000000e+00 -2.51001477e-12 
 7.71250000e-09  7.71250000e-09  0.00000000e+00  2.50000000e+00 -2.51001477e-12 
 7.71350000e-09  7.71350000e-09  0.00000000e+00  2.50000000e+00 -2.51001477e-12 
 7.71450000e-09  7.71450000e-09  0.00000000e+00  2.50000000e+00 -2.51001477e-12 
 7.71550000e-09  7.71550000e-09  0.00000000e+00  2.50000000e+00 -2.51001477e-12 
 7.71650000e-09  7.71650000e-09  0.00000000e+00  2.50000000e+00 -2.51001477e-12 
 7.71750000e-09  7.71750000e-09  0.00000000e+00  2.50000000e+00 -2.51001477e-12 
 7.71850000e-09  7.71850000e-09  0.00000000e+00  2.50000000e+00 -2.51001477e-12 
 7.71950000e-09  7.71950000e-09  0.00000000e+00  2.50000000e+00 -2.51001477e-12 
 7.72050000e-09  7.72050000e-09  0.00000000e+00  2.50000000e+00 -2.51001477e-12 
 7.72150000e-09  7.72150000e-09  0.00000000e+00  2.50000000e+00 -2.51001477e-12 
 7.72250000e-09  7.72250000e-09  0.00000000e+00  2.50000000e+00 -2.51001477e-12 
 7.72350000e-09  7.72350000e-09  0.00000000e+00  2.50000000e+00 -2.51001477e-12 
 7.72450000e-09  7.72450000e-09  0.00000000e+00  2.50000000e+00 -2.51001477e-12 
 7.72550000e-09  7.72550000e-09  0.00000000e+00  2.50000000e+00 -2.51001477e-12 
 7.72650000e-09  7.72650000e-09  0.00000000e+00  2.50000000e+00 -2.51001477e-12 
 7.72750000e-09  7.72750000e-09  0.00000000e+00  2.50000000e+00 -2.51001477e-12 
 7.72850000e-09  7.72850000e-09  0.00000000e+00  2.50000000e+00 -2.51001477e-12 
 7.72950000e-09  7.72950000e-09  0.00000000e+00  2.50000000e+00 -2.51001477e-12 
 7.73050000e-09  7.73050000e-09  0.00000000e+00  2.50000000e+00 -2.51001477e-12 
 7.73150000e-09  7.73150000e-09  0.00000000e+00  2.50000000e+00 -2.51001477e-12 
 7.73250000e-09  7.73250000e-09  0.00000000e+00  2.50000000e+00 -2.51001477e-12 
 7.73350000e-09  7.73350000e-09  0.00000000e+00  2.50000000e+00 -2.51001477e-12 
 7.73450000e-09  7.73450000e-09  0.00000000e+00  2.50000000e+00 -2.51001477e-12 
 7.73550000e-09  7.73550000e-09  0.00000000e+00  2.50000000e+00 -2.51001477e-12 
 7.73650000e-09  7.73650000e-09  0.00000000e+00  2.50000000e+00 -2.51001477e-12 
 7.73750000e-09  7.73750000e-09  0.00000000e+00  2.50000000e+00 -2.51001477e-12 
 7.73850000e-09  7.73850000e-09  0.00000000e+00  2.50000000e+00 -2.51001477e-12 
 7.73950000e-09  7.73950000e-09  0.00000000e+00  2.50000000e+00 -2.51001477e-12 
 7.74050000e-09  7.74050000e-09  0.00000000e+00  2.50000000e+00 -2.51001477e-12 
 7.74150000e-09  7.74150000e-09  0.00000000e+00  2.50000000e+00 -2.51001477e-12 
 7.74250000e-09  7.74250000e-09  0.00000000e+00  2.50000000e+00 -2.51001477e-12 
 7.74350000e-09  7.74350000e-09  0.00000000e+00  2.50000000e+00 -2.51001477e-12 
 7.74450000e-09  7.74450000e-09  0.00000000e+00  2.50000000e+00 -2.51001477e-12 
 7.74550000e-09  7.74550000e-09  0.00000000e+00  2.50000000e+00 -2.51001477e-12 
 7.74650000e-09  7.74650000e-09  0.00000000e+00  2.50000000e+00 -2.51001477e-12 
 7.74750000e-09  7.74750000e-09  0.00000000e+00  2.50000000e+00 -2.51001477e-12 
 7.74850000e-09  7.74850000e-09  0.00000000e+00  2.50000000e+00 -2.51001477e-12 
 7.74950000e-09  7.74950000e-09  0.00000000e+00  2.50000000e+00 -2.51001477e-12 
 7.75050000e-09  7.75050000e-09  0.00000000e+00  2.50000000e+00 -2.51001477e-12 
 7.75150000e-09  7.75150000e-09  0.00000000e+00  2.50000000e+00 -2.51001477e-12 
 7.75250000e-09  7.75250000e-09  0.00000000e+00  2.50000000e+00 -2.51001477e-12 
 7.75350000e-09  7.75350000e-09  0.00000000e+00  2.50000000e+00 -2.51001477e-12 
 7.75450000e-09  7.75450000e-09  0.00000000e+00  2.50000000e+00 -2.51001477e-12 
 7.75550000e-09  7.75550000e-09  0.00000000e+00  2.50000000e+00 -2.51001477e-12 
 7.75650000e-09  7.75650000e-09  0.00000000e+00  2.50000000e+00 -2.51001477e-12 
 7.75750000e-09  7.75750000e-09  0.00000000e+00  2.50000000e+00 -2.51001477e-12 
 7.75850000e-09  7.75850000e-09  0.00000000e+00  2.50000000e+00 -2.51001477e-12 
 7.75950000e-09  7.75950000e-09  0.00000000e+00  2.50000000e+00 -2.51001477e-12 
 7.76050000e-09  7.76050000e-09  0.00000000e+00  2.50000000e+00 -2.51001477e-12 
 7.76150000e-09  7.76150000e-09  0.00000000e+00  2.50000000e+00 -2.51001477e-12 
 7.76250000e-09  7.76250000e-09  0.00000000e+00  2.50000000e+00 -2.51001477e-12 
 7.76350000e-09  7.76350000e-09  0.00000000e+00  2.50000000e+00 -2.51001477e-12 
 7.76450000e-09  7.76450000e-09  0.00000000e+00  2.50000000e+00 -2.51001477e-12 
 7.76550000e-09  7.76550000e-09  0.00000000e+00  2.50000000e+00 -2.51001477e-12 
 7.76650000e-09  7.76650000e-09  0.00000000e+00  2.50000000e+00 -2.51001477e-12 
 7.76750000e-09  7.76750000e-09  0.00000000e+00  2.50000000e+00 -2.51001477e-12 
 7.76850000e-09  7.76850000e-09  0.00000000e+00  2.50000000e+00 -2.51001477e-12 
 7.76950000e-09  7.76950000e-09  0.00000000e+00  2.50000000e+00 -2.51001477e-12 
 7.77050000e-09  7.77050000e-09  0.00000000e+00  2.50000000e+00 -2.51001477e-12 
 7.77150000e-09  7.77150000e-09  0.00000000e+00  2.50000000e+00 -2.51001477e-12 
 7.77250000e-09  7.77250000e-09  0.00000000e+00  2.50000000e+00 -2.51001477e-12 
 7.77350000e-09  7.77350000e-09  0.00000000e+00  2.50000000e+00 -2.51001477e-12 
 7.77450000e-09  7.77450000e-09  0.00000000e+00  2.50000000e+00 -2.51001477e-12 
 7.77550000e-09  7.77550000e-09  0.00000000e+00  2.50000000e+00 -2.51001477e-12 
 7.77650000e-09  7.77650000e-09  0.00000000e+00  2.50000000e+00 -2.51001477e-12 
 7.77750000e-09  7.77750000e-09  0.00000000e+00  2.50000000e+00 -2.51001477e-12 
 7.77850000e-09  7.77850000e-09  0.00000000e+00  2.50000000e+00 -2.51001477e-12 
 7.77950000e-09  7.77950000e-09  0.00000000e+00  2.50000000e+00 -2.51001477e-12 
 7.78050000e-09  7.78050000e-09  0.00000000e+00  2.50000000e+00 -2.51001477e-12 
 7.78150000e-09  7.78150000e-09  0.00000000e+00  2.50000000e+00 -2.51001477e-12 
 7.78250000e-09  7.78250000e-09  0.00000000e+00  2.50000000e+00 -2.51001477e-12 
 7.78350000e-09  7.78350000e-09  0.00000000e+00  2.50000000e+00 -2.51001477e-12 
 7.78450000e-09  7.78450000e-09  0.00000000e+00  2.50000000e+00 -2.51001477e-12 
 7.78550000e-09  7.78550000e-09  0.00000000e+00  2.50000000e+00 -2.51001477e-12 
 7.78650000e-09  7.78650000e-09  0.00000000e+00  2.50000000e+00 -2.51001477e-12 
 7.78750000e-09  7.78750000e-09  0.00000000e+00  2.50000000e+00 -2.51001477e-12 
 7.78850000e-09  7.78850000e-09  0.00000000e+00  2.50000000e+00 -2.51001477e-12 
 7.78950000e-09  7.78950000e-09  0.00000000e+00  2.50000000e+00 -2.51001477e-12 
 7.79050000e-09  7.79050000e-09  0.00000000e+00  2.50000000e+00 -2.51001477e-12 
 7.79150000e-09  7.79150000e-09  0.00000000e+00  2.50000000e+00 -2.51001477e-12 
 7.79250000e-09  7.79250000e-09  0.00000000e+00  2.50000000e+00 -2.51001477e-12 
 7.79350000e-09  7.79350000e-09  0.00000000e+00  2.50000000e+00 -2.51001477e-12 
 7.79450000e-09  7.79450000e-09  0.00000000e+00  2.50000000e+00 -2.51001477e-12 
 7.79550000e-09  7.79550000e-09  0.00000000e+00  2.50000000e+00 -2.51001477e-12 
 7.79650000e-09  7.79650000e-09  0.00000000e+00  2.50000000e+00 -2.51001477e-12 
 7.79750000e-09  7.79750000e-09  0.00000000e+00  2.50000000e+00 -2.51001477e-12 
 7.79850000e-09  7.79850000e-09  0.00000000e+00  2.50000000e+00 -2.51001477e-12 
 7.79950000e-09  7.79950000e-09  0.00000000e+00  2.50000000e+00 -2.51001477e-12 
 7.80050000e-09  7.80050000e-09  0.00000000e+00  2.50000000e+00 -2.51001477e-12 
 7.80150000e-09  7.80150000e-09  0.00000000e+00  2.50000000e+00 -2.51001477e-12 
 7.80250000e-09  7.80250000e-09  0.00000000e+00  2.50000000e+00 -2.51001477e-12 
 7.80350000e-09  7.80350000e-09  0.00000000e+00  2.50000000e+00 -2.51001477e-12 
 7.80450000e-09  7.80450000e-09  0.00000000e+00  2.50000000e+00 -2.51001477e-12 
 7.80550000e-09  7.80550000e-09  0.00000000e+00  2.50000000e+00 -2.51001477e-12 
 7.80650000e-09  7.80650000e-09  0.00000000e+00  2.50000000e+00 -2.51001477e-12 
 7.80750000e-09  7.80750000e-09  0.00000000e+00  2.50000000e+00 -2.51001477e-12 
 7.80850000e-09  7.80850000e-09  0.00000000e+00  2.50000000e+00 -2.51001477e-12 
 7.80950000e-09  7.80950000e-09  0.00000000e+00  2.50000000e+00 -2.51001477e-12 
 7.81050000e-09  7.81050000e-09  0.00000000e+00  2.50000000e+00 -2.51001477e-12 
 7.81150000e-09  7.81150000e-09  0.00000000e+00  2.50000000e+00 -2.51001477e-12 
 7.81250000e-09  7.81250000e-09  0.00000000e+00  2.50000000e+00 -2.51001477e-12 
 7.81350000e-09  7.81350000e-09  0.00000000e+00  2.50000000e+00 -2.51001477e-12 
 7.81450000e-09  7.81450000e-09  0.00000000e+00  2.50000000e+00 -2.51001477e-12 
 7.81550000e-09  7.81550000e-09  0.00000000e+00  2.50000000e+00 -2.51001477e-12 
 7.81650000e-09  7.81650000e-09  0.00000000e+00  2.50000000e+00 -2.51001477e-12 
 7.81750000e-09  7.81750000e-09  0.00000000e+00  2.50000000e+00 -2.51001477e-12 
 7.81850000e-09  7.81850000e-09  0.00000000e+00  2.50000000e+00 -2.51001477e-12 
 7.81950000e-09  7.81950000e-09  0.00000000e+00  2.50000000e+00 -2.51001477e-12 
 7.82050000e-09  7.82050000e-09  0.00000000e+00  2.50000000e+00 -2.51001477e-12 
 7.82150000e-09  7.82150000e-09  0.00000000e+00  2.50000000e+00 -2.51001477e-12 
 7.82250000e-09  7.82250000e-09  0.00000000e+00  2.50000000e+00 -2.51001477e-12 
 7.82350000e-09  7.82350000e-09  0.00000000e+00  2.50000000e+00 -2.51001477e-12 
 7.82450000e-09  7.82450000e-09  0.00000000e+00  2.50000000e+00 -2.51001477e-12 
 7.82550000e-09  7.82550000e-09  0.00000000e+00  2.50000000e+00 -2.51001477e-12 
 7.82650000e-09  7.82650000e-09  0.00000000e+00  2.50000000e+00 -2.51001477e-12 
 7.82750000e-09  7.82750000e-09  0.00000000e+00  2.50000000e+00 -2.51001477e-12 
 7.82850000e-09  7.82850000e-09  0.00000000e+00  2.50000000e+00 -2.51001477e-12 
 7.82950000e-09  7.82950000e-09  0.00000000e+00  2.50000000e+00 -2.51001477e-12 
 7.83050000e-09  7.83050000e-09  0.00000000e+00  2.50000000e+00 -2.51001477e-12 
 7.83150000e-09  7.83150000e-09  0.00000000e+00  2.50000000e+00 -2.51001477e-12 
 7.83250000e-09  7.83250000e-09  0.00000000e+00  2.50000000e+00 -2.51001477e-12 
 7.83350000e-09  7.83350000e-09  0.00000000e+00  2.50000000e+00 -2.51001477e-12 
 7.83450000e-09  7.83450000e-09  0.00000000e+00  2.50000000e+00 -2.51001477e-12 
 7.83550000e-09  7.83550000e-09  0.00000000e+00  2.50000000e+00 -2.51001477e-12 
 7.83650000e-09  7.83650000e-09  0.00000000e+00  2.50000000e+00 -2.51001477e-12 
 7.83750000e-09  7.83750000e-09  0.00000000e+00  2.50000000e+00 -2.51001477e-12 
 7.83850000e-09  7.83850000e-09  0.00000000e+00  2.50000000e+00 -2.51001477e-12 
 7.83950000e-09  7.83950000e-09  0.00000000e+00  2.50000000e+00 -2.51001477e-12 
 7.84050000e-09  7.84050000e-09  0.00000000e+00  2.50000000e+00 -2.51001477e-12 
 7.84150000e-09  7.84150000e-09  0.00000000e+00  2.50000000e+00 -2.51001477e-12 
 7.84250000e-09  7.84250000e-09  0.00000000e+00  2.50000000e+00 -2.51001477e-12 
 7.84350000e-09  7.84350000e-09  0.00000000e+00  2.50000000e+00 -2.51001477e-12 
 7.84450000e-09  7.84450000e-09  0.00000000e+00  2.50000000e+00 -2.51001477e-12 
 7.84550000e-09  7.84550000e-09  0.00000000e+00  2.50000000e+00 -2.51001477e-12 
 7.84650000e-09  7.84650000e-09  0.00000000e+00  2.50000000e+00 -2.51001477e-12 
 7.84750000e-09  7.84750000e-09  0.00000000e+00  2.50000000e+00 -2.51001477e-12 
 7.84850000e-09  7.84850000e-09  0.00000000e+00  2.50000000e+00 -2.51001477e-12 
 7.84950000e-09  7.84950000e-09  0.00000000e+00  2.50000000e+00 -2.51001477e-12 
 7.85050000e-09  7.85050000e-09  0.00000000e+00  2.50000000e+00 -2.51001477e-12 
 7.85150000e-09  7.85150000e-09  0.00000000e+00  2.50000000e+00 -2.51001477e-12 
 7.85250000e-09  7.85250000e-09  0.00000000e+00  2.50000000e+00 -2.51001477e-12 
 7.85350000e-09  7.85350000e-09  0.00000000e+00  2.50000000e+00 -2.51001477e-12 
 7.85450000e-09  7.85450000e-09  0.00000000e+00  2.50000000e+00 -2.51001477e-12 
 7.85550000e-09  7.85550000e-09  0.00000000e+00  2.50000000e+00 -2.51001477e-12 
 7.85650000e-09  7.85650000e-09  0.00000000e+00  2.50000000e+00 -2.51001477e-12 
 7.85750000e-09  7.85750000e-09  0.00000000e+00  2.50000000e+00 -2.51001477e-12 
 7.85850000e-09  7.85850000e-09  0.00000000e+00  2.50000000e+00 -2.51001477e-12 
 7.85950000e-09  7.85950000e-09  0.00000000e+00  2.50000000e+00 -2.51001477e-12 
 7.86050000e-09  7.86050000e-09  0.00000000e+00  2.50000000e+00 -2.51001477e-12 
 7.86150000e-09  7.86150000e-09  0.00000000e+00  2.50000000e+00 -2.51001477e-12 
 7.86250000e-09  7.86250000e-09  0.00000000e+00  2.50000000e+00 -2.51001477e-12 
 7.86350000e-09  7.86350000e-09  0.00000000e+00  2.50000000e+00 -2.51001477e-12 
 7.86450000e-09  7.86450000e-09  0.00000000e+00  2.50000000e+00 -2.51001477e-12 
 7.86550000e-09  7.86550000e-09  0.00000000e+00  2.50000000e+00 -2.51001477e-12 
 7.86650000e-09  7.86650000e-09  0.00000000e+00  2.50000000e+00 -2.51001477e-12 
 7.86750000e-09  7.86750000e-09  0.00000000e+00  2.50000000e+00 -2.51001477e-12 
 7.86850000e-09  7.86850000e-09  0.00000000e+00  2.50000000e+00 -2.51001477e-12 
 7.86950000e-09  7.86950000e-09  0.00000000e+00  2.50000000e+00 -2.51001477e-12 
 7.87050000e-09  7.87050000e-09  0.00000000e+00  2.50000000e+00 -2.51001477e-12 
 7.87150000e-09  7.87150000e-09  0.00000000e+00  2.50000000e+00 -2.51001477e-12 
 7.87250000e-09  7.87250000e-09  0.00000000e+00  2.50000000e+00 -2.51001477e-12 
 7.87350000e-09  7.87350000e-09  0.00000000e+00  2.50000000e+00 -2.51001477e-12 
 7.87450000e-09  7.87450000e-09  0.00000000e+00  2.50000000e+00 -2.51001477e-12 
 7.87550000e-09  7.87550000e-09  0.00000000e+00  2.50000000e+00 -2.51001477e-12 
 7.87650000e-09  7.87650000e-09  0.00000000e+00  2.50000000e+00 -2.51001477e-12 
 7.87750000e-09  7.87750000e-09  0.00000000e+00  2.50000000e+00 -2.51001477e-12 
 7.87850000e-09  7.87850000e-09  0.00000000e+00  2.50000000e+00 -2.51001477e-12 
 7.87950000e-09  7.87950000e-09  0.00000000e+00  2.50000000e+00 -2.51001477e-12 
 7.88050000e-09  7.88050000e-09  0.00000000e+00  2.50000000e+00 -2.51001477e-12 
 7.88150000e-09  7.88150000e-09  0.00000000e+00  2.50000000e+00 -2.51001477e-12 
 7.88250000e-09  7.88250000e-09  0.00000000e+00  2.50000000e+00 -2.51001477e-12 
 7.88350000e-09  7.88350000e-09  0.00000000e+00  2.50000000e+00 -2.51001477e-12 
 7.88450000e-09  7.88450000e-09  0.00000000e+00  2.50000000e+00 -2.51001477e-12 
 7.88550000e-09  7.88550000e-09  0.00000000e+00  2.50000000e+00 -2.51001477e-12 
 7.88650000e-09  7.88650000e-09  0.00000000e+00  2.50000000e+00 -2.51001477e-12 
 7.88750000e-09  7.88750000e-09  0.00000000e+00  2.50000000e+00 -2.51001477e-12 
 7.88850000e-09  7.88850000e-09  0.00000000e+00  2.50000000e+00 -2.51001477e-12 
 7.88950000e-09  7.88950000e-09  0.00000000e+00  2.50000000e+00 -2.51001477e-12 
 7.89050000e-09  7.89050000e-09  0.00000000e+00  2.50000000e+00 -2.51001477e-12 
 7.89150000e-09  7.89150000e-09  0.00000000e+00  2.50000000e+00 -2.51001477e-12 
 7.89250000e-09  7.89250000e-09  0.00000000e+00  2.50000000e+00 -2.51001477e-12 
 7.89350000e-09  7.89350000e-09  0.00000000e+00  2.50000000e+00 -2.51001477e-12 
 7.89450000e-09  7.89450000e-09  0.00000000e+00  2.50000000e+00 -2.51001477e-12 
 7.89550000e-09  7.89550000e-09  0.00000000e+00  2.50000000e+00 -2.51001477e-12 
 7.89650000e-09  7.89650000e-09  0.00000000e+00  2.50000000e+00 -2.51001477e-12 
 7.89750000e-09  7.89750000e-09  0.00000000e+00  2.50000000e+00 -2.51001477e-12 
 7.89850000e-09  7.89850000e-09  0.00000000e+00  2.50000000e+00 -2.51001477e-12 
 7.89950000e-09  7.89950000e-09  0.00000000e+00  2.50000000e+00 -2.51001477e-12 
 7.90050000e-09  7.90050000e-09  0.00000000e+00  2.50000000e+00 -2.51001477e-12 
 7.90150000e-09  7.90150000e-09  0.00000000e+00  2.50000000e+00 -2.51001477e-12 
 7.90250000e-09  7.90250000e-09  0.00000000e+00  2.50000000e+00 -2.51001477e-12 
 7.90350000e-09  7.90350000e-09  0.00000000e+00  2.50000000e+00 -2.51001477e-12 
 7.90450000e-09  7.90450000e-09  0.00000000e+00  2.50000000e+00 -2.51001477e-12 
 7.90550000e-09  7.90550000e-09  0.00000000e+00  2.50000000e+00 -2.51001477e-12 
 7.90650000e-09  7.90650000e-09  0.00000000e+00  2.50000000e+00 -2.51001477e-12 
 7.90750000e-09  7.90750000e-09  0.00000000e+00  2.50000000e+00 -2.51001477e-12 
 7.90850000e-09  7.90850000e-09  0.00000000e+00  2.50000000e+00 -2.51001477e-12 
 7.90950000e-09  7.90950000e-09  0.00000000e+00  2.50000000e+00 -2.51001477e-12 
 7.91050000e-09  7.91050000e-09  0.00000000e+00  2.50000000e+00 -2.51001477e-12 
 7.91150000e-09  7.91150000e-09  0.00000000e+00  2.50000000e+00 -2.51001477e-12 
 7.91250000e-09  7.91250000e-09  0.00000000e+00  2.50000000e+00 -2.51001477e-12 
 7.91350000e-09  7.91350000e-09  0.00000000e+00  2.50000000e+00 -2.51001477e-12 
 7.91450000e-09  7.91450000e-09  0.00000000e+00  2.50000000e+00 -2.51001477e-12 
 7.91550000e-09  7.91550000e-09  0.00000000e+00  2.50000000e+00 -2.51001477e-12 
 7.91650000e-09  7.91650000e-09  0.00000000e+00  2.50000000e+00 -2.51001477e-12 
 7.91750000e-09  7.91750000e-09  0.00000000e+00  2.50000000e+00 -2.51001477e-12 
 7.91850000e-09  7.91850000e-09  0.00000000e+00  2.50000000e+00 -2.51001477e-12 
 7.91950000e-09  7.91950000e-09  0.00000000e+00  2.50000000e+00 -2.51001477e-12 
 7.92050000e-09  7.92050000e-09  0.00000000e+00  2.50000000e+00 -2.51001477e-12 
 7.92150000e-09  7.92150000e-09  0.00000000e+00  2.50000000e+00 -2.51001477e-12 
 7.92250000e-09  7.92250000e-09  0.00000000e+00  2.50000000e+00 -2.51001477e-12 
 7.92350000e-09  7.92350000e-09  0.00000000e+00  2.50000000e+00 -2.51001477e-12 
 7.92450000e-09  7.92450000e-09  0.00000000e+00  2.50000000e+00 -2.51001477e-12 
 7.92550000e-09  7.92550000e-09  0.00000000e+00  2.50000000e+00 -2.51001477e-12 
 7.92650000e-09  7.92650000e-09  0.00000000e+00  2.50000000e+00 -2.51001477e-12 
 7.92750000e-09  7.92750000e-09  0.00000000e+00  2.50000000e+00 -2.51001477e-12 
 7.92850000e-09  7.92850000e-09  0.00000000e+00  2.50000000e+00 -2.51001477e-12 
 7.92950000e-09  7.92950000e-09  0.00000000e+00  2.50000000e+00 -2.51001477e-12 
 7.93050000e-09  7.93050000e-09  0.00000000e+00  2.50000000e+00 -2.51001477e-12 
 7.93150000e-09  7.93150000e-09  0.00000000e+00  2.50000000e+00 -2.51001477e-12 
 7.93250000e-09  7.93250000e-09  0.00000000e+00  2.50000000e+00 -2.51001477e-12 
 7.93350000e-09  7.93350000e-09  0.00000000e+00  2.50000000e+00 -2.51001477e-12 
 7.93450000e-09  7.93450000e-09  0.00000000e+00  2.50000000e+00 -2.51001477e-12 
 7.93550000e-09  7.93550000e-09  0.00000000e+00  2.50000000e+00 -2.51001477e-12 
 7.93650000e-09  7.93650000e-09  0.00000000e+00  2.50000000e+00 -2.51001477e-12 
 7.93750000e-09  7.93750000e-09  0.00000000e+00  2.50000000e+00 -2.51001477e-12 
 7.93850000e-09  7.93850000e-09  0.00000000e+00  2.50000000e+00 -2.51001477e-12 
 7.93950000e-09  7.93950000e-09  0.00000000e+00  2.50000000e+00 -2.51001477e-12 
 7.94050000e-09  7.94050000e-09  0.00000000e+00  2.50000000e+00 -2.51001477e-12 
 7.94150000e-09  7.94150000e-09  0.00000000e+00  2.50000000e+00 -2.51001477e-12 
 7.94250000e-09  7.94250000e-09  0.00000000e+00  2.50000000e+00 -2.51001477e-12 
 7.94350000e-09  7.94350000e-09  0.00000000e+00  2.50000000e+00 -2.51001477e-12 
 7.94450000e-09  7.94450000e-09  0.00000000e+00  2.50000000e+00 -2.51001477e-12 
 7.94550000e-09  7.94550000e-09  0.00000000e+00  2.50000000e+00 -2.51001477e-12 
 7.94650000e-09  7.94650000e-09  0.00000000e+00  2.50000000e+00 -2.51001477e-12 
 7.94750000e-09  7.94750000e-09  0.00000000e+00  2.50000000e+00 -2.51001477e-12 
 7.94850000e-09  7.94850000e-09  0.00000000e+00  2.50000000e+00 -2.51001477e-12 
 7.94950000e-09  7.94950000e-09  0.00000000e+00  2.50000000e+00 -2.51001477e-12 
 7.95050000e-09  7.95050000e-09  0.00000000e+00  2.50000000e+00 -2.51001477e-12 
 7.95150000e-09  7.95150000e-09  0.00000000e+00  2.50000000e+00 -2.51001477e-12 
 7.95250000e-09  7.95250000e-09  0.00000000e+00  2.50000000e+00 -2.51001477e-12 
 7.95350000e-09  7.95350000e-09  0.00000000e+00  2.50000000e+00 -2.51001477e-12 
 7.95450000e-09  7.95450000e-09  0.00000000e+00  2.50000000e+00 -2.51001477e-12 
 7.95550000e-09  7.95550000e-09  0.00000000e+00  2.50000000e+00 -2.51001477e-12 
 7.95650000e-09  7.95650000e-09  0.00000000e+00  2.50000000e+00 -2.51001477e-12 
 7.95750000e-09  7.95750000e-09  0.00000000e+00  2.50000000e+00 -2.51001477e-12 
 7.95850000e-09  7.95850000e-09  0.00000000e+00  2.50000000e+00 -2.51001477e-12 
 7.95950000e-09  7.95950000e-09  0.00000000e+00  2.50000000e+00 -2.51001477e-12 
 7.96050000e-09  7.96050000e-09  0.00000000e+00  2.50000000e+00 -2.51001477e-12 
 7.96150000e-09  7.96150000e-09  0.00000000e+00  2.50000000e+00 -2.51001477e-12 
 7.96250000e-09  7.96250000e-09  0.00000000e+00  2.50000000e+00 -2.51001477e-12 
 7.96350000e-09  7.96350000e-09  0.00000000e+00  2.50000000e+00 -2.51001477e-12 
 7.96450000e-09  7.96450000e-09  0.00000000e+00  2.50000000e+00 -2.51001477e-12 
 7.96550000e-09  7.96550000e-09  0.00000000e+00  2.50000000e+00 -2.51001477e-12 
 7.96650000e-09  7.96650000e-09  0.00000000e+00  2.50000000e+00 -2.51001477e-12 
 7.96750000e-09  7.96750000e-09  0.00000000e+00  2.50000000e+00 -2.51001477e-12 
 7.96850000e-09  7.96850000e-09  0.00000000e+00  2.50000000e+00 -2.51001477e-12 
 7.96950000e-09  7.96950000e-09  0.00000000e+00  2.50000000e+00 -2.51001477e-12 
 7.97050000e-09  7.97050000e-09  0.00000000e+00  2.50000000e+00 -2.51001477e-12 
 7.97150000e-09  7.97150000e-09  0.00000000e+00  2.50000000e+00 -2.51001477e-12 
 7.97250000e-09  7.97250000e-09  0.00000000e+00  2.50000000e+00 -2.51001477e-12 
 7.97350000e-09  7.97350000e-09  0.00000000e+00  2.50000000e+00 -2.51001477e-12 
 7.97450000e-09  7.97450000e-09  0.00000000e+00  2.50000000e+00 -2.51001477e-12 
 7.97550000e-09  7.97550000e-09  0.00000000e+00  2.50000000e+00 -2.51001477e-12 
 7.97650000e-09  7.97650000e-09  0.00000000e+00  2.50000000e+00 -2.51001477e-12 
 7.97750000e-09  7.97750000e-09  0.00000000e+00  2.50000000e+00 -2.51001477e-12 
 7.97850000e-09  7.97850000e-09  0.00000000e+00  2.50000000e+00 -2.51001477e-12 
 7.97950000e-09  7.97950000e-09  0.00000000e+00  2.50000000e+00 -2.51001477e-12 
 7.98050000e-09  7.98050000e-09  0.00000000e+00  2.50000000e+00 -2.51001477e-12 
 7.98150000e-09  7.98150000e-09  0.00000000e+00  2.50000000e+00 -2.51001477e-12 
 7.98250000e-09  7.98250000e-09  0.00000000e+00  2.50000000e+00 -2.51001477e-12 
 7.98350000e-09  7.98350000e-09  0.00000000e+00  2.50000000e+00 -2.51001477e-12 
 7.98450000e-09  7.98450000e-09  0.00000000e+00  2.50000000e+00 -2.51001477e-12 
 7.98550000e-09  7.98550000e-09  0.00000000e+00  2.50000000e+00 -2.51001477e-12 
 7.98650000e-09  7.98650000e-09  0.00000000e+00  2.50000000e+00 -2.51001477e-12 
 7.98750000e-09  7.98750000e-09  0.00000000e+00  2.50000000e+00 -2.51001477e-12 
 7.98850000e-09  7.98850000e-09  0.00000000e+00  2.50000000e+00 -2.51001477e-12 
 7.98950000e-09  7.98950000e-09  0.00000000e+00  2.50000000e+00 -2.51001477e-12 
 7.99050000e-09  7.99050000e-09  0.00000000e+00  2.50000000e+00 -2.51001477e-12 
 7.99150000e-09  7.99150000e-09  0.00000000e+00  2.50000000e+00 -2.51001477e-12 
 7.99250000e-09  7.99250000e-09  0.00000000e+00  2.50000000e+00 -2.51001477e-12 
 7.99350000e-09  7.99350000e-09  0.00000000e+00  2.50000000e+00 -2.51001477e-12 
 7.99450000e-09  7.99450000e-09  0.00000000e+00  2.50000000e+00 -2.51001477e-12 
 7.99550000e-09  7.99550000e-09  0.00000000e+00  2.50000000e+00 -2.51001477e-12 
 7.99650000e-09  7.99650000e-09  0.00000000e+00  2.50000000e+00 -2.51001477e-12 
 7.99750000e-09  7.99750000e-09  0.00000000e+00  2.50000000e+00 -2.51001477e-12 
 7.99850000e-09  7.99850000e-09  0.00000000e+00  2.50000000e+00 -2.51001477e-12 
 7.99950000e-09  7.99950000e-09  0.00000000e+00  2.50000000e+00 -2.51001477e-12 
 8.00050000e-09  8.00050000e-09  0.00000000e+00  2.50000000e+00 -2.51001477e-12 
 8.00150000e-09  8.00150000e-09  0.00000000e+00  2.50000000e+00 -2.51001477e-12 
 8.00250000e-09  8.00250000e-09  0.00000000e+00  2.50000000e+00 -2.51001477e-12 
 8.00350000e-09  8.00350000e-09  0.00000000e+00  2.50000000e+00 -2.51001477e-12 
 8.00450000e-09  8.00450000e-09  0.00000000e+00  2.50000000e+00 -2.51001477e-12 
 8.00550000e-09  8.00550000e-09  0.00000000e+00  2.50000000e+00 -2.51001477e-12 
 8.00650000e-09  8.00650000e-09  0.00000000e+00  2.50000000e+00 -2.51001477e-12 
 8.00750000e-09  8.00750000e-09  0.00000000e+00  2.50000000e+00 -2.51001477e-12 
 8.00850000e-09  8.00850000e-09  0.00000000e+00  2.50000000e+00 -2.51001477e-12 
 8.00950000e-09  8.00950000e-09  0.00000000e+00  2.50000000e+00 -2.51001477e-12 
 8.01050000e-09  8.01050000e-09  0.00000000e+00  2.50000000e+00 -2.51001477e-12 
 8.01150000e-09  8.01150000e-09  0.00000000e+00  2.50000000e+00 -2.51001477e-12 
 8.01250000e-09  8.01250000e-09  0.00000000e+00  2.50000000e+00 -2.51001477e-12 
 8.01350000e-09  8.01350000e-09  0.00000000e+00  2.50000000e+00 -2.51001477e-12 
 8.01450000e-09  8.01450000e-09  0.00000000e+00  2.50000000e+00 -2.51001477e-12 
 8.01550000e-09  8.01550000e-09  0.00000000e+00  2.50000000e+00 -2.51001477e-12 
 8.01650000e-09  8.01650000e-09  0.00000000e+00  2.50000000e+00 -2.51001477e-12 
 8.01750000e-09  8.01750000e-09  0.00000000e+00  2.50000000e+00 -2.51001477e-12 
 8.01850000e-09  8.01850000e-09  0.00000000e+00  2.50000000e+00 -2.51001477e-12 
 8.01950000e-09  8.01950000e-09  0.00000000e+00  2.50000000e+00 -2.51001477e-12 
 8.02050000e-09  8.02050000e-09  0.00000000e+00  2.50000000e+00 -2.51001477e-12 
 8.02150000e-09  8.02150000e-09  0.00000000e+00  2.50000000e+00 -2.51001477e-12 
 8.02250000e-09  8.02250000e-09  0.00000000e+00  2.50000000e+00 -2.51001477e-12 
 8.02350000e-09  8.02350000e-09  0.00000000e+00  2.50000000e+00 -2.51001477e-12 
 8.02450000e-09  8.02450000e-09  0.00000000e+00  2.50000000e+00 -2.51001477e-12 
 8.02550000e-09  8.02550000e-09  0.00000000e+00  2.50000000e+00 -2.51001477e-12 
 8.02650000e-09  8.02650000e-09  0.00000000e+00  2.50000000e+00 -2.51001477e-12 
 8.02750000e-09  8.02750000e-09  0.00000000e+00  2.50000000e+00 -2.51001477e-12 
 8.02850000e-09  8.02850000e-09  0.00000000e+00  2.50000000e+00 -2.51001477e-12 
 8.02950000e-09  8.02950000e-09  0.00000000e+00  2.50000000e+00 -2.51001477e-12 
 8.03050000e-09  8.03050000e-09  0.00000000e+00  2.50000000e+00 -2.51001477e-12 
 8.03150000e-09  8.03150000e-09  0.00000000e+00  2.50000000e+00 -2.51001477e-12 
 8.03250000e-09  8.03250000e-09  0.00000000e+00  2.50000000e+00 -2.51001477e-12 
 8.03350000e-09  8.03350000e-09  0.00000000e+00  2.50000000e+00 -2.51001477e-12 
 8.03450000e-09  8.03450000e-09  0.00000000e+00  2.50000000e+00 -2.51001477e-12 
 8.03550000e-09  8.03550000e-09  0.00000000e+00  2.50000000e+00 -2.51001477e-12 
 8.03650000e-09  8.03650000e-09  0.00000000e+00  2.50000000e+00 -2.51001477e-12 
 8.03750000e-09  8.03750000e-09  0.00000000e+00  2.50000000e+00 -2.51001477e-12 
 8.03850000e-09  8.03850000e-09  0.00000000e+00  2.50000000e+00 -2.51001477e-12 
 8.03950000e-09  8.03950000e-09  0.00000000e+00  2.50000000e+00 -2.51001477e-12 
 8.04050000e-09  8.04050000e-09  0.00000000e+00  2.50000000e+00 -2.51001477e-12 
 8.04150000e-09  8.04150000e-09  0.00000000e+00  2.50000000e+00 -2.51001477e-12 
 8.04250000e-09  8.04250000e-09  0.00000000e+00  2.50000000e+00 -2.51001477e-12 
 8.04350000e-09  8.04350000e-09  0.00000000e+00  2.50000000e+00 -2.51001477e-12 
 8.04450000e-09  8.04450000e-09  0.00000000e+00  2.50000000e+00 -2.51001477e-12 
 8.04550000e-09  8.04550000e-09  0.00000000e+00  2.50000000e+00 -2.51001477e-12 
 8.04650000e-09  8.04650000e-09  0.00000000e+00  2.50000000e+00 -2.51001477e-12 
 8.04750000e-09  8.04750000e-09  0.00000000e+00  2.50000000e+00 -2.51001477e-12 
 8.04850000e-09  8.04850000e-09  0.00000000e+00  2.50000000e+00 -2.51001477e-12 
 8.04950000e-09  8.04950000e-09  0.00000000e+00  2.50000000e+00 -2.51001477e-12 
 8.05050000e-09  8.05050000e-09  0.00000000e+00  2.50000000e+00 -2.51001477e-12 
 8.05150000e-09  8.05150000e-09  0.00000000e+00  2.50000000e+00 -2.51001477e-12 
 8.05250000e-09  8.05250000e-09  0.00000000e+00  2.50000000e+00 -2.51001477e-12 
 8.05350000e-09  8.05350000e-09  0.00000000e+00  2.50000000e+00 -2.51001477e-12 
 8.05450000e-09  8.05450000e-09  0.00000000e+00  2.50000000e+00 -2.51001477e-12 
 8.05550000e-09  8.05550000e-09  0.00000000e+00  2.50000000e+00 -2.51001477e-12 
 8.05650000e-09  8.05650000e-09  0.00000000e+00  2.50000000e+00 -2.51001477e-12 
 8.05750000e-09  8.05750000e-09  0.00000000e+00  2.50000000e+00 -2.51001477e-12 
 8.05850000e-09  8.05850000e-09  0.00000000e+00  2.50000000e+00 -2.51001477e-12 
 8.05950000e-09  8.05950000e-09  0.00000000e+00  2.50000000e+00 -2.51001477e-12 
 8.06050000e-09  8.06050000e-09  0.00000000e+00  2.50000000e+00 -2.51001477e-12 
 8.06150000e-09  8.06150000e-09  0.00000000e+00  2.50000000e+00 -2.51001477e-12 
 8.06250000e-09  8.06250000e-09  0.00000000e+00  2.50000000e+00 -2.51001477e-12 
 8.06350000e-09  8.06350000e-09  0.00000000e+00  2.50000000e+00 -2.51001477e-12 
 8.06450000e-09  8.06450000e-09  0.00000000e+00  2.50000000e+00 -2.51001477e-12 
 8.06550000e-09  8.06550000e-09  0.00000000e+00  2.50000000e+00 -2.51001477e-12 
 8.06650000e-09  8.06650000e-09  0.00000000e+00  2.50000000e+00 -2.51001477e-12 
 8.06750000e-09  8.06750000e-09  0.00000000e+00  2.50000000e+00 -2.51001477e-12 
 8.06850000e-09  8.06850000e-09  0.00000000e+00  2.50000000e+00 -2.51001477e-12 
 8.06950000e-09  8.06950000e-09  0.00000000e+00  2.50000000e+00 -2.51001477e-12 
 8.07050000e-09  8.07050000e-09  0.00000000e+00  2.50000000e+00 -2.51001477e-12 
 8.07150000e-09  8.07150000e-09  0.00000000e+00  2.50000000e+00 -2.51001477e-12 
 8.07250000e-09  8.07250000e-09  0.00000000e+00  2.50000000e+00 -2.51001477e-12 
 8.07350000e-09  8.07350000e-09  0.00000000e+00  2.50000000e+00 -2.51001477e-12 
 8.07450000e-09  8.07450000e-09  0.00000000e+00  2.50000000e+00 -2.51001477e-12 
 8.07550000e-09  8.07550000e-09  0.00000000e+00  2.50000000e+00 -2.51001477e-12 
 8.07650000e-09  8.07650000e-09  0.00000000e+00  2.50000000e+00 -2.51001477e-12 
 8.07750000e-09  8.07750000e-09  0.00000000e+00  2.50000000e+00 -2.51001477e-12 
 8.07850000e-09  8.07850000e-09  0.00000000e+00  2.50000000e+00 -2.51001477e-12 
 8.07950000e-09  8.07950000e-09  0.00000000e+00  2.50000000e+00 -2.51001477e-12 
 8.08050000e-09  8.08050000e-09  0.00000000e+00  2.50000000e+00 -2.51001477e-12 
 8.08150000e-09  8.08150000e-09  0.00000000e+00  2.50000000e+00 -2.51001477e-12 
 8.08250000e-09  8.08250000e-09  0.00000000e+00  2.50000000e+00 -2.51001477e-12 
 8.08350000e-09  8.08350000e-09  0.00000000e+00  2.50000000e+00 -2.51001477e-12 
 8.08450000e-09  8.08450000e-09  0.00000000e+00  2.50000000e+00 -2.51001477e-12 
 8.08550000e-09  8.08550000e-09  0.00000000e+00  2.50000000e+00 -2.51001477e-12 
 8.08650000e-09  8.08650000e-09  0.00000000e+00  2.50000000e+00 -2.51001477e-12 
 8.08750000e-09  8.08750000e-09  0.00000000e+00  2.50000000e+00 -2.51001477e-12 
 8.08850000e-09  8.08850000e-09  0.00000000e+00  2.50000000e+00 -2.51001477e-12 
 8.08950000e-09  8.08950000e-09  0.00000000e+00  2.50000000e+00 -2.51001477e-12 
 8.09050000e-09  8.09050000e-09  0.00000000e+00  2.50000000e+00 -2.51001477e-12 
 8.09150000e-09  8.09150000e-09  0.00000000e+00  2.50000000e+00 -2.51001477e-12 
 8.09250000e-09  8.09250000e-09  0.00000000e+00  2.50000000e+00 -2.51001477e-12 
 8.09350000e-09  8.09350000e-09  0.00000000e+00  2.50000000e+00 -2.51001477e-12 
 8.09450000e-09  8.09450000e-09  0.00000000e+00  2.50000000e+00 -2.51001477e-12 
 8.09550000e-09  8.09550000e-09  0.00000000e+00  2.50000000e+00 -2.51001477e-12 
 8.09650000e-09  8.09650000e-09  0.00000000e+00  2.50000000e+00 -2.51001477e-12 
 8.09750000e-09  8.09750000e-09  0.00000000e+00  2.50000000e+00 -2.51001477e-12 
 8.09850000e-09  8.09850000e-09  0.00000000e+00  2.50000000e+00 -2.51001477e-12 
 8.09950000e-09  8.09950000e-09  0.00000000e+00  2.50000000e+00 -2.51001477e-12 
 8.10050000e-09  8.10050000e-09  0.00000000e+00  2.50000000e+00 -2.51001477e-12 
 8.10150000e-09  8.10150000e-09  0.00000000e+00  2.50000000e+00 -2.51001477e-12 
 8.10250000e-09  8.10250000e-09  0.00000000e+00  2.50000000e+00 -2.51001477e-12 
 8.10350000e-09  8.10350000e-09  0.00000000e+00  2.50000000e+00 -2.51001477e-12 
 8.10450000e-09  8.10450000e-09  0.00000000e+00  2.50000000e+00 -2.51001477e-12 
 8.10550000e-09  8.10550000e-09  0.00000000e+00  2.50000000e+00 -2.51001477e-12 
 8.10650000e-09  8.10650000e-09  0.00000000e+00  2.50000000e+00 -2.51001477e-12 
 8.10750000e-09  8.10750000e-09  0.00000000e+00  2.50000000e+00 -2.51001477e-12 
 8.10850000e-09  8.10850000e-09  0.00000000e+00  2.50000000e+00 -2.51001477e-12 
 8.10950000e-09  8.10950000e-09  0.00000000e+00  2.50000000e+00 -2.51001477e-12 
 8.11050000e-09  8.11050000e-09  0.00000000e+00  2.50000000e+00 -2.51001477e-12 
 8.11150000e-09  8.11150000e-09  0.00000000e+00  2.50000000e+00 -2.51001477e-12 
 8.11250000e-09  8.11250000e-09  0.00000000e+00  2.50000000e+00 -2.51001477e-12 
 8.11350000e-09  8.11350000e-09  0.00000000e+00  2.50000000e+00 -2.51001477e-12 
 8.11450000e-09  8.11450000e-09  0.00000000e+00  2.50000000e+00 -2.51001477e-12 
 8.11550000e-09  8.11550000e-09  0.00000000e+00  2.50000000e+00 -2.51001477e-12 
 8.11650000e-09  8.11650000e-09  0.00000000e+00  2.50000000e+00 -2.51001477e-12 
 8.11750000e-09  8.11750000e-09  0.00000000e+00  2.50000000e+00 -2.51001477e-12 
 8.11850000e-09  8.11850000e-09  0.00000000e+00  2.50000000e+00 -2.51001477e-12 
 8.11950000e-09  8.11950000e-09  0.00000000e+00  2.50000000e+00 -2.51001477e-12 
 8.12050000e-09  8.12050000e-09  0.00000000e+00  2.50000000e+00 -2.51001477e-12 
 8.12150000e-09  8.12150000e-09  0.00000000e+00  2.50000000e+00 -2.51001477e-12 
 8.12250000e-09  8.12250000e-09  0.00000000e+00  2.50000000e+00 -2.51001477e-12 
 8.12350000e-09  8.12350000e-09  0.00000000e+00  2.50000000e+00 -2.51001477e-12 
 8.12450000e-09  8.12450000e-09  0.00000000e+00  2.50000000e+00 -2.51001477e-12 
 8.12550000e-09  8.12550000e-09  0.00000000e+00  2.50000000e+00 -2.51001477e-12 
 8.12650000e-09  8.12650000e-09  0.00000000e+00  2.50000000e+00 -2.51001477e-12 
 8.12750000e-09  8.12750000e-09  0.00000000e+00  2.50000000e+00 -2.51001477e-12 
 8.12850000e-09  8.12850000e-09  0.00000000e+00  2.50000000e+00 -2.51001477e-12 
 8.12950000e-09  8.12950000e-09  0.00000000e+00  2.50000000e+00 -2.51001477e-12 
 8.13050000e-09  8.13050000e-09  0.00000000e+00  2.50000000e+00 -2.51001477e-12 
 8.13150000e-09  8.13150000e-09  0.00000000e+00  2.50000000e+00 -2.51001477e-12 
 8.13250000e-09  8.13250000e-09  0.00000000e+00  2.50000000e+00 -2.51001477e-12 
 8.13350000e-09  8.13350000e-09  0.00000000e+00  2.50000000e+00 -2.51001477e-12 
 8.13450000e-09  8.13450000e-09  0.00000000e+00  2.50000000e+00 -2.51001477e-12 
 8.13550000e-09  8.13550000e-09  0.00000000e+00  2.50000000e+00 -2.51001477e-12 
 8.13650000e-09  8.13650000e-09  0.00000000e+00  2.50000000e+00 -2.51001477e-12 
 8.13750000e-09  8.13750000e-09  0.00000000e+00  2.50000000e+00 -2.51001477e-12 
 8.13850000e-09  8.13850000e-09  0.00000000e+00  2.50000000e+00 -2.51001477e-12 
 8.13950000e-09  8.13950000e-09  0.00000000e+00  2.50000000e+00 -2.51001477e-12 
 8.14050000e-09  8.14050000e-09  0.00000000e+00  2.50000000e+00 -2.51001477e-12 
 8.14150000e-09  8.14150000e-09  0.00000000e+00  2.50000000e+00 -2.51001477e-12 
 8.14250000e-09  8.14250000e-09  0.00000000e+00  2.50000000e+00 -2.51001477e-12 
 8.14350000e-09  8.14350000e-09  0.00000000e+00  2.50000000e+00 -2.51001477e-12 
 8.14450000e-09  8.14450000e-09  0.00000000e+00  2.50000000e+00 -2.51001477e-12 
 8.14550000e-09  8.14550000e-09  0.00000000e+00  2.50000000e+00 -2.51001477e-12 
 8.14650000e-09  8.14650000e-09  0.00000000e+00  2.50000000e+00 -2.51001477e-12 
 8.14750000e-09  8.14750000e-09  0.00000000e+00  2.50000000e+00 -2.51001477e-12 
 8.14850000e-09  8.14850000e-09  0.00000000e+00  2.50000000e+00 -2.51001477e-12 
 8.14950000e-09  8.14950000e-09  0.00000000e+00  2.50000000e+00 -2.51001477e-12 
 8.15050000e-09  8.15050000e-09  0.00000000e+00  2.50000000e+00 -2.51001477e-12 
 8.15150000e-09  8.15150000e-09  0.00000000e+00  2.50000000e+00 -2.51001477e-12 
 8.15250000e-09  8.15250000e-09  0.00000000e+00  2.50000000e+00 -2.51001477e-12 
 8.15350000e-09  8.15350000e-09  0.00000000e+00  2.50000000e+00 -2.51001477e-12 
 8.15450000e-09  8.15450000e-09  0.00000000e+00  2.50000000e+00 -2.51001477e-12 
 8.15550000e-09  8.15550000e-09  0.00000000e+00  2.50000000e+00 -2.51001477e-12 
 8.15650000e-09  8.15650000e-09  0.00000000e+00  2.50000000e+00 -2.51001477e-12 
 8.15750000e-09  8.15750000e-09  0.00000000e+00  2.50000000e+00 -2.51001477e-12 
 8.15850000e-09  8.15850000e-09  0.00000000e+00  2.50000000e+00 -2.51001477e-12 
 8.15950000e-09  8.15950000e-09  0.00000000e+00  2.50000000e+00 -2.51001477e-12 
 8.16050000e-09  8.16050000e-09  0.00000000e+00  2.50000000e+00 -2.51001477e-12 
 8.16150000e-09  8.16150000e-09  0.00000000e+00  2.50000000e+00 -2.51001477e-12 
 8.16250000e-09  8.16250000e-09  0.00000000e+00  2.50000000e+00 -2.51001477e-12 
 8.16350000e-09  8.16350000e-09  0.00000000e+00  2.50000000e+00 -2.51001477e-12 
 8.16450000e-09  8.16450000e-09  0.00000000e+00  2.50000000e+00 -2.51001477e-12 
 8.16550000e-09  8.16550000e-09  0.00000000e+00  2.50000000e+00 -2.51001477e-12 
 8.16650000e-09  8.16650000e-09  0.00000000e+00  2.50000000e+00 -2.51001477e-12 
 8.16750000e-09  8.16750000e-09  0.00000000e+00  2.50000000e+00 -2.51001477e-12 
 8.16850000e-09  8.16850000e-09  0.00000000e+00  2.50000000e+00 -2.51001477e-12 
 8.16950000e-09  8.16950000e-09  0.00000000e+00  2.50000000e+00 -2.51001477e-12 
 8.17050000e-09  8.17050000e-09  0.00000000e+00  2.50000000e+00 -2.51001477e-12 
 8.17150000e-09  8.17150000e-09  0.00000000e+00  2.50000000e+00 -2.51001477e-12 
 8.17250000e-09  8.17250000e-09  0.00000000e+00  2.50000000e+00 -2.51001477e-12 
 8.17350000e-09  8.17350000e-09  0.00000000e+00  2.50000000e+00 -2.51001477e-12 
 8.17450000e-09  8.17450000e-09  0.00000000e+00  2.50000000e+00 -2.51001477e-12 
 8.17550000e-09  8.17550000e-09  0.00000000e+00  2.50000000e+00 -2.51001477e-12 
 8.17650000e-09  8.17650000e-09  0.00000000e+00  2.50000000e+00 -2.51001477e-12 
 8.17750000e-09  8.17750000e-09  0.00000000e+00  2.50000000e+00 -2.51001477e-12 
 8.17850000e-09  8.17850000e-09  0.00000000e+00  2.50000000e+00 -2.51001477e-12 
 8.17950000e-09  8.17950000e-09  0.00000000e+00  2.50000000e+00 -2.51001477e-12 
 8.18050000e-09  8.18050000e-09  0.00000000e+00  2.50000000e+00 -2.51001477e-12 
 8.18150000e-09  8.18150000e-09  0.00000000e+00  2.50000000e+00 -2.51001477e-12 
 8.18250000e-09  8.18250000e-09  0.00000000e+00  2.50000000e+00 -2.51001477e-12 
 8.18350000e-09  8.18350000e-09  0.00000000e+00  2.50000000e+00 -2.51001477e-12 
 8.18450000e-09  8.18450000e-09  0.00000000e+00  2.50000000e+00 -2.51001477e-12 
 8.18550000e-09  8.18550000e-09  0.00000000e+00  2.50000000e+00 -2.51001477e-12 
 8.18650000e-09  8.18650000e-09  0.00000000e+00  2.50000000e+00 -2.51001477e-12 
 8.18750000e-09  8.18750000e-09  0.00000000e+00  2.50000000e+00 -2.51001477e-12 
 8.18850000e-09  8.18850000e-09  0.00000000e+00  2.50000000e+00 -2.51001477e-12 
 8.18950000e-09  8.18950000e-09  0.00000000e+00  2.50000000e+00 -2.51001477e-12 
 8.19050000e-09  8.19050000e-09  0.00000000e+00  2.50000000e+00 -2.51001477e-12 
 8.19150000e-09  8.19150000e-09  0.00000000e+00  2.50000000e+00 -2.51001477e-12 
 8.19250000e-09  8.19250000e-09  0.00000000e+00  2.50000000e+00 -2.51001477e-12 
 8.19350000e-09  8.19350000e-09  0.00000000e+00  2.50000000e+00 -2.51001477e-12 
 8.19450000e-09  8.19450000e-09  0.00000000e+00  2.50000000e+00 -2.51001477e-12 
 8.19550000e-09  8.19550000e-09  0.00000000e+00  2.50000000e+00 -2.51001477e-12 
 8.19650000e-09  8.19650000e-09  0.00000000e+00  2.50000000e+00 -2.51001477e-12 
 8.19750000e-09  8.19750000e-09  0.00000000e+00  2.50000000e+00 -2.51001477e-12 
 8.19850000e-09  8.19850000e-09  0.00000000e+00  2.50000000e+00 -2.51001477e-12 
 8.19925000e-09  8.19925000e-09  0.00000000e+00  2.50000000e+00 -2.51001737e-12 
 8.20000000e-09  8.20000000e-09  0.00000000e+00  2.50000000e+00 -2.51001477e-12 
