 time            time            v(clk)          v(a)            v(b)            v(x)            v(y)           
 0.00000000e+00  0.00000000e+00  0.00000000e+00  0.00000000e+00  0.00000000e+00  1.25000000e+00  6.76199658e-01 
 1.00000000e-14  1.00000000e-14  1.25000000e-03  0.00000000e+00  0.00000000e+00  1.24993126e+00  6.76194779e-01 
 2.00000000e-14  2.00000000e-14  2.50000000e-03  0.00000000e+00  0.00000000e+00  1.24986252e+00  6.76189943e-01 
 4.00000000e-14  4.00000000e-14  5.00000000e-03  0.00000000e+00  0.00000000e+00  1.24972506e+00  6.76180360e-01 
 8.00000000e-14  8.00000000e-14  1.00000000e-02  0.00000000e+00  0.00000000e+00  1.24945018e+00  6.76161720e-01 
 1.60000000e-13  1.60000000e-13  2.00000000e-02  0.00000000e+00  0.00000000e+00  1.24890060e+00  6.76126546e-01 
 3.20000000e-13  3.20000000e-13  4.00000000e-02  0.00000000e+00  0.00000000e+00  1.24780220e+00  6.76064615e-01 
 6.40000000e-13  6.40000000e-13  8.00000000e-02  0.00000000e+00  0.00000000e+00  1.24560838e+00  6.75974365e-01 
 1.28000000e-12  1.28000000e-12  1.60000000e-01  0.00000000e+00  0.00000000e+00  1.24123258e+00  6.75927907e-01 
 2.28000000e-12  2.28000000e-12  2.85000000e-01  0.00000000e+00  0.00000000e+00  1.23442630e+00  6.76211497e-01 
 3.28000000e-12  3.28000000e-12  4.10000000e-01  0.00000000e+00  0.00000000e+00  1.22765664e+00  6.76927342e-01 
 4.28000000e-12  4.28000000e-12  5.35000000e-01  0.00000000e+00  0.00000000e+00  1.22107132e+00  6.78078924e-01 
 5.28000000e-12  5.28000000e-12  6.60000000e-01  0.00000000e+00  0.00000000e+00  1.21523519e+00  6.79675580e-01 
 6.28000000e-12  6.28000000e-12  7.85000000e-01  0.00000000e+00  0.00000000e+00  1.21098562e+00  6.81698648e-01 
 7.28000000e-12  7.28000000e-12  9.10000000e-01  0.00000000e+00  0.00000000e+00  1.20916238e+00  6.84073412e-01 
 8.28000000e-12  8.28000000e-12  1.03500000e+00  0.00000000e+00  0.00000000e+00  1.21060017e+00  6.86669505e-01 
 9.28000000e-12  9.28000000e-12  1.16000000e+00  0.00000000e+00  0.00000000e+00  1.21612525e+00  6.89303612e-01 
 1.02800000e-11  1.02800000e-11  1.28500000e+00  0.00000000e+00  0.00000000e+00  1.22655053e+00  6.91744692e-01 
 1.12800000e-11  1.12800000e-11  1.41000000e+00  0.00000000e+00  0.00000000e+00  1.24267022e+00  6.93721555e-01 
 1.22800000e-11  1.22800000e-11  1.53500000e+00  0.00000000e+00  0.00000000e+00  1.26525520e+00  6.94932502e-01 
 1.32800000e-11  1.32800000e-11  1.66000000e+00  0.00000000e+00  0.00000000e+00  1.29450576e+00  6.95033692e-01 
 1.42800000e-11  1.42800000e-11  1.78500000e+00  0.00000000e+00  0.00000000e+00  1.32804438e+00  6.93588609e-01 
 1.52800000e-11  1.52800000e-11  1.91000000e+00  0.00000000e+00  0.00000000e+00  1.36425119e+00  6.90352108e-01 
 1.62800000e-11  1.62800000e-11  2.03500000e+00  0.00000000e+00  0.00000000e+00  1.40378810e+00  6.85299352e-01 
 1.72800000e-11  1.72800000e-11  2.16000000e+00  0.00000000e+00  0.00000000e+00  1.44666854e+00  6.78362215e-01 
 1.82800000e-11  1.82800000e-11  2.28500000e+00  0.00000000e+00  0.00000000e+00  1.49258413e+00  6.69482867e-01 
 1.91400000e-11  1.91400000e-11  2.39250000e+00  0.00000000e+00  0.00000000e+00  1.53412705e+00  6.60274663e-01 
 2.00000000e-11  2.00000000e-11  2.50000000e+00  0.00000000e+00  0.00000000e+00  1.57716051e+00  6.49625006e-01 
 2.01000000e-11  2.01000000e-11  2.50000000e+00  0.00000000e+00  0.00000000e+00  1.58400013e+00  6.48420620e-01 
 2.03000000e-11  2.03000000e-11  2.50000000e+00  0.00000000e+00  0.00000000e+00  1.59758347e+00  6.45950667e-01 
 2.07000000e-11  2.07000000e-11  2.50000000e+00  0.00000000e+00  0.00000000e+00  1.62420233e+00  6.40647809e-01 
 2.15000000e-11  2.15000000e-11  2.50000000e+00  0.00000000e+00  0.00000000e+00  1.67531061e+00  6.28710735e-01 
 2.25000000e-11  2.25000000e-11  2.50000000e+00  0.00000000e+00  0.00000000e+00  1.73533927e+00  6.11609511e-01 
 2.35000000e-11  2.35000000e-11  2.50000000e+00  0.00000000e+00  0.00000000e+00  1.79127978e+00  5.92515050e-01 
 2.45000000e-11  2.45000000e-11  2.50000000e+00  0.00000000e+00  0.00000000e+00  1.84335230e+00  5.71869097e-01 
 2.55000000e-11  2.55000000e-11  2.50000000e+00  0.00000000e+00  0.00000000e+00  1.89177673e+00  5.50072855e-01 
 2.65000000e-11  2.65000000e-11  2.50000000e+00  0.00000000e+00  0.00000000e+00  1.93677040e+00  5.27486035e-01 
 2.75000000e-11  2.75000000e-11  2.50000000e+00  0.00000000e+00  0.00000000e+00  1.97854583e+00  5.04427046e-01 
 2.85000000e-11  2.85000000e-11  2.50000000e+00  0.00000000e+00  0.00000000e+00  2.01730912e+00  4.81174076e-01 
 2.95000000e-11  2.95000000e-11  2.50000000e+00  0.00000000e+00  0.00000000e+00  2.05325860e+00  4.57966848e-01 
 3.05000000e-11  3.05000000e-11  2.50000000e+00  0.00000000e+00  0.00000000e+00  2.08661892e+00  4.35008945e-01 
 3.15000000e-11  3.15000000e-11  2.50000000e+00  0.00000000e+00  0.00000000e+00  2.11762161e+00  4.12454219e-01 
 3.25000000e-11  3.25000000e-11  2.50000000e+00  0.00000000e+00  0.00000000e+00  2.14643623e+00  3.90409088e-01 
 3.35000000e-11  3.35000000e-11  2.50000000e+00  0.00000000e+00  0.00000000e+00  2.17319159e+00  3.68956838e-01 
 3.45000000e-11  3.45000000e-11  2.50000000e+00  0.00000000e+00  0.00000000e+00  2.19801346e+00  3.48165445e-01 
 3.55000000e-11  3.55000000e-11  2.50000000e+00  0.00000000e+00  0.00000000e+00  2.22102381e+00  3.28088689e-01 
 3.65000000e-11  3.65000000e-11  2.50000000e+00  0.00000000e+00  0.00000000e+00  2.24234017e+00  3.08767364e-01 
 3.75000000e-11  3.75000000e-11  2.50000000e+00  0.00000000e+00  0.00000000e+00  2.26207517e+00  2.90230546e-01 
 3.85000000e-11  3.85000000e-11  2.50000000e+00  0.00000000e+00  0.00000000e+00  2.28033622e+00  2.72496869e-01 
 3.95000000e-11  3.95000000e-11  2.50000000e+00  0.00000000e+00  0.00000000e+00  2.29722535e+00  2.55575785e-01 
 4.05000000e-11  4.05000000e-11  2.50000000e+00  0.00000000e+00  0.00000000e+00  2.31283904e+00  2.39468775e-01 
 4.15000000e-11  4.15000000e-11  2.50000000e+00  0.00000000e+00  0.00000000e+00  2.32726833e+00  2.24170488e-01 
 4.25000000e-11  4.25000000e-11  2.50000000e+00  0.00000000e+00  0.00000000e+00  2.34059879e+00  2.09669811e-01 
 4.35000000e-11  4.35000000e-11  2.50000000e+00  0.00000000e+00  0.00000000e+00  2.35291067e+00  1.95950843e-01 
 4.45000000e-11  4.45000000e-11  2.50000000e+00  0.00000000e+00  0.00000000e+00  2.36427910e+00  1.82993782e-01 
 4.55000000e-11  4.55000000e-11  2.50000000e+00  0.00000000e+00  0.00000000e+00  2.37476110e+00  1.70774582e-01 
 4.65000000e-11  4.65000000e-11  2.50000000e+00  0.00000000e+00  0.00000000e+00  2.38440089e+00  1.59266243e-01 
 4.75000000e-11  4.75000000e-11  2.50000000e+00  0.00000000e+00  0.00000000e+00  2.39325864e+00  1.48441986e-01 
 4.85000000e-11  4.85000000e-11  2.50000000e+00  0.00000000e+00  0.00000000e+00  2.40140377e+00  1.38274921e-01 
 4.95000000e-11  4.95000000e-11  2.50000000e+00  0.00000000e+00  0.00000000e+00  2.40889870e+00  1.28736920e-01 
 5.05000000e-11  5.05000000e-11  2.50000000e+00  0.00000000e+00  0.00000000e+00  2.41579961e+00  1.19799129e-01 
 5.15000000e-11  5.15000000e-11  2.50000000e+00  0.00000000e+00  0.00000000e+00  2.42215725e+00  1.11432390e-01 
 5.25000000e-11  5.25000000e-11  2.50000000e+00  0.00000000e+00  0.00000000e+00  2.42801748e+00  1.03607585e-01 
 5.35000000e-11  5.35000000e-11  2.50000000e+00  0.00000000e+00  0.00000000e+00  2.43342186e+00  9.62959143e-02 
 5.45000000e-11  5.45000000e-11  2.50000000e+00  0.00000000e+00  0.00000000e+00  2.43840808e+00  8.94691205e-02 
 5.55000000e-11  5.55000000e-11  2.50000000e+00  0.00000000e+00  0.00000000e+00  2.44301039e+00  8.30996635e-02 
 5.65000000e-11  5.65000000e-11  2.50000000e+00  0.00000000e+00  0.00000000e+00  2.44725998e+00  7.71608540e-02 
 5.75000000e-11  5.75000000e-11  2.50000000e+00  0.00000000e+00  0.00000000e+00  2.45118525e+00  7.16269536e-02 
 5.85000000e-11  5.85000000e-11  2.50000000e+00  0.00000000e+00  0.00000000e+00  2.45481210e+00  6.64732457e-02 
 5.95000000e-11  5.95000000e-11  2.50000000e+00  0.00000000e+00  0.00000000e+00  2.45816422e+00  6.16760827e-02 
 6.05000000e-11  6.05000000e-11  2.50000000e+00  0.00000000e+00  0.00000000e+00  2.46126325e+00  5.72129128e-02 
 6.15000000e-11  6.15000000e-11  2.50000000e+00  0.00000000e+00  0.00000000e+00  2.46412902e+00  5.30622914e-02 
 6.25000000e-11  6.25000000e-11  2.50000000e+00  0.00000000e+00  0.00000000e+00  2.46677967e+00  4.92038779e-02 
 6.35000000e-11  6.35000000e-11  2.50000000e+00  0.00000000e+00  0.00000000e+00  2.46923186e+00  4.56184231e-02 
 6.45000000e-11  6.45000000e-11  2.50000000e+00  0.00000000e+00  0.00000000e+00  2.47150195e+00  4.22875570e-02 
 6.55000000e-11  6.55000000e-11  2.50000000e+00  0.00000000e+00  0.00000000e+00  2.47360375e+00  3.91941728e-02 
 6.65000000e-11  6.65000000e-11  2.50000000e+00  0.00000000e+00  0.00000000e+00  2.47554888e+00  3.63223590e-02 
 6.75000000e-11  6.75000000e-11  2.50000000e+00  0.00000000e+00  0.00000000e+00  2.47734931e+00  3.36569504e-02 
 6.85000000e-11  6.85000000e-11  2.50000000e+00  0.00000000e+00  0.00000000e+00  2.47901604e+00  3.11837141e-02 
 6.95000000e-11  6.95000000e-11  2.50000000e+00  0.00000000e+00  0.00000000e+00  2.48055919e+00  2.88893088e-02 
 7.05000000e-11  7.05000000e-11  2.50000000e+00  0.00000000e+00  0.00000000e+00  2.48198810e+00  2.67612424e-02 
 7.15000000e-11  7.15000000e-11  2.50000000e+00  0.00000000e+00  0.00000000e+00  2.48331136e+00  2.47878299e-02 
 7.25000000e-11  7.25000000e-11  2.50000000e+00  0.00000000e+00  0.00000000e+00  2.48453690e+00  2.29581511e-02 
 7.35000000e-11  7.35000000e-11  2.50000000e+00  0.00000000e+00  0.00000000e+00  2.48567204e+00  2.12620092e-02 
 7.45000000e-11  7.45000000e-11  2.50000000e+00  0.00000000e+00  0.00000000e+00  2.48672352e+00  1.96898900e-02 
 7.55000000e-11  7.55000000e-11  2.50000000e+00  0.00000000e+00  0.00000000e+00  2.48769758e+00  1.82329222e-02 
 7.65000000e-11  7.65000000e-11  2.50000000e+00  0.00000000e+00  0.00000000e+00  2.48859998e+00  1.68828396e-02 
 7.75000000e-11  7.75000000e-11  2.50000000e+00  0.00000000e+00  0.00000000e+00  2.48943603e+00  1.56319440e-02 
 7.85000000e-11  7.85000000e-11  2.50000000e+00  0.00000000e+00  0.00000000e+00  2.49021064e+00  1.44730701e-02 
 7.95000000e-11  7.95000000e-11  2.50000000e+00  0.00000000e+00  0.00000000e+00  2.49092838e+00  1.33995518e-02 
 8.05000000e-11  8.05000000e-11  2.50000000e+00  0.00000000e+00  0.00000000e+00  2.49159343e+00  1.24051901e-02 
 8.15000000e-11  8.15000000e-11  2.50000000e+00  0.00000000e+00  0.00000000e+00  2.49220968e+00  1.14842231e-02 
 8.25000000e-11  8.25000000e-11  2.50000000e+00  0.00000000e+00  0.00000000e+00  2.49278074e+00  1.06312966e-02 
 8.35000000e-11  8.35000000e-11  2.50000000e+00  0.00000000e+00  0.00000000e+00  2.49330993e+00  9.84143750e-03 
 8.45000000e-11  8.45000000e-11  2.50000000e+00  0.00000000e+00  0.00000000e+00  2.49380032e+00  9.11002795e-03 
 8.55000000e-11  8.55000000e-11  2.50000000e+00  0.00000000e+00  0.00000000e+00  2.49425478e+00  8.43278110e-03 
 8.65000000e-11  8.65000000e-11  2.50000000e+00  0.00000000e+00  0.00000000e+00  2.49467594e+00  7.80571859e-03 
 8.75000000e-11  8.75000000e-11  2.50000000e+00  0.00000000e+00  0.00000000e+00  2.49506625e+00  7.22514919e-03 
 8.85000000e-11  8.85000000e-11  2.50000000e+00  0.00000000e+00  0.00000000e+00  2.49542796e+00  6.68764885e-03 
 8.95000000e-11  8.95000000e-11  2.50000000e+00  0.00000000e+00  0.00000000e+00  2.49576318e+00  6.19004203e-03 
 9.05000000e-11  9.05000000e-11  2.50000000e+00  0.00000000e+00  0.00000000e+00  2.49607385e+00  5.72938423e-03 
 9.15000000e-11  9.15000000e-11  2.50000000e+00  0.00000000e+00  0.00000000e+00  2.49636176e+00  5.30294564e-03 
 9.25000000e-11  9.25000000e-11  2.50000000e+00  0.00000000e+00  0.00000000e+00  2.49662859e+00  4.90819589e-03 
 9.35000000e-11  9.35000000e-11  2.50000000e+00  0.00000000e+00  0.00000000e+00  2.49687588e+00  4.54278984e-03 
 9.45000000e-11  9.45000000e-11  2.50000000e+00  0.00000000e+00  0.00000000e+00  2.49710506e+00  4.20455429e-03 
 9.55000000e-11  9.55000000e-11  2.50000000e+00  0.00000000e+00  0.00000000e+00  2.49731745e+00  3.89147566e-03 
 9.65000000e-11  9.65000000e-11  2.50000000e+00  0.00000000e+00  0.00000000e+00  2.49751428e+00  3.60168842e-03 
 9.75000000e-11  9.75000000e-11  2.50000000e+00  0.00000000e+00  0.00000000e+00  2.49769669e+00  3.33346446e-03 
 9.85000000e-11  9.85000000e-11  2.50000000e+00  0.00000000e+00  0.00000000e+00  2.49786574e+00  3.08520305e-03 
 9.92500000e-11  9.92500000e-11  2.50000000e+00  0.00000000e+00  0.00000000e+00  2.49798433e+00  2.91124849e-03 
 1.00000000e-10  1.00000000e-10  2.50000000e+00  0.00000000e+00  0.00000000e+00  2.49809633e+00  2.74709817e-03 
 1.00100000e-10  1.00100000e-10  2.50000000e+00  1.25000000e-02  0.00000000e+00  2.49834551e+00  2.74801842e-03 
 1.00300000e-10  1.00300000e-10  2.50000000e+00  3.75000000e-02  0.00000000e+00  2.49883936e+00  2.74941636e-03 
 1.00700000e-10  1.00700000e-10  2.50000000e+00  8.75000000e-02  0.00000000e+00  2.49980068e+00  2.74965999e-03 
 1.01500000e-10  1.01500000e-10  2.50000000e+00  1.87500000e-01  0.00000000e+00  2.50162249e+00  2.74077891e-03 
 1.02500000e-10  1.02500000e-10  2.50000000e+00  3.12500000e-01  0.00000000e+00  2.50372229e+00  2.71415335e-03 
 1.03500000e-10  1.03500000e-10  2.50000000e+00  4.37500000e-01  0.00000000e+00  2.50564042e+00  2.67293790e-03 
 1.04500000e-10  1.04500000e-10  2.50000000e+00  5.62500000e-01  0.00000000e+00  2.50739271e+00  2.61975181e-03 
 1.05500000e-10  1.05500000e-10  2.50000000e+00  6.87500000e-01  0.00000000e+00  2.50899363e+00  2.55688042e-03 
 1.06500000e-10  1.06500000e-10  2.50000000e+00  8.12500000e-01  0.00000000e+00  2.51045636e+00  2.48631206e-03 
 1.07500000e-10  1.07500000e-10  2.50000000e+00  9.37500000e-01  0.00000000e+00  2.51179293e+00  2.40977124e-03 
 1.08500000e-10  1.08500000e-10  2.50000000e+00  1.06250000e+00  0.00000000e+00  2.51301431e+00  2.32874845e-03 
 1.09500000e-10  1.09500000e-10  2.50000000e+00  1.18750000e+00  0.00000000e+00  2.51413052e+00  2.24452700e-03 
 1.10500000e-10  1.10500000e-10  2.50000000e+00  1.31250000e+00  0.00000000e+00  2.51515070e+00  2.15820702e-03 
 1.11500000e-10  1.11500000e-10  2.50000000e+00  1.43750000e+00  0.00000000e+00  2.51608319e+00  2.07072703e-03 
 1.12500000e-10  1.12500000e-10  2.50000000e+00  1.56250000e+00  0.00000000e+00  2.51693558e+00  1.98288316e-03 
 1.13500000e-10  1.13500000e-10  2.50000000e+00  1.68750000e+00  0.00000000e+00  2.51771483e+00  1.89534634e-03 
 1.14500000e-10  1.14500000e-10  2.50000000e+00  1.81250000e+00  0.00000000e+00  2.51842726e+00  1.80867768e-03 
 1.15500000e-10  1.15500000e-10  2.50000000e+00  1.93750000e+00  0.00000000e+00  2.51907867e+00  1.72334211e-03 
 1.16500000e-10  1.16500000e-10  2.50000000e+00  2.06250000e+00  0.00000000e+00  2.51967433e+00  1.63972053e-03 
 1.17500000e-10  1.17500000e-10  2.50000000e+00  2.18750000e+00  0.00000000e+00  2.52021905e+00  1.55812066e-03 
 1.18500000e-10  1.18500000e-10  2.50000000e+00  2.31250000e+00  0.00000000e+00  2.52071724e+00  1.47878662e-03 
 1.19250000e-10  1.19250000e-10  2.50000000e+00  2.40625000e+00  0.00000000e+00  2.52106268e+00  1.42088511e-03 
 1.20000000e-10  1.20000000e-10  2.50000000e+00  2.50000000e+00  0.00000000e+00  2.52138578e+00  1.36442891e-03 
 1.20100000e-10  1.20100000e-10  2.50000000e+00  2.50000000e+00  0.00000000e+00  2.52119449e+00  1.33522421e-03 
 1.20300000e-10  1.20300000e-10  2.50000000e+00  2.50000000e+00  0.00000000e+00  2.52081539e+00  1.27762379e-03 
 1.20700000e-10  1.20700000e-10  2.50000000e+00  2.50000000e+00  0.00000000e+00  2.52007763e+00  1.16716663e-03 
 1.21500000e-10  1.21500000e-10  2.50000000e+00  2.50000000e+00  0.00000000e+00  2.51868022e+00  9.64113781e-04 
 1.22500000e-10  1.22500000e-10  2.50000000e+00  2.50000000e+00  0.00000000e+00  2.51707063e+00  7.41048681e-04 
 1.23500000e-10  1.23500000e-10  2.50000000e+00  2.50000000e+00  0.00000000e+00  2.51560104e+00  5.48537666e-04 
 1.24500000e-10  1.24500000e-10  2.50000000e+00  2.50000000e+00  0.00000000e+00  2.51425905e+00  3.82990169e-04 
 1.25500000e-10  1.25500000e-10  2.50000000e+00  2.50000000e+00  0.00000000e+00  2.51303350e+00  2.41225068e-04 
 1.26500000e-10  1.26500000e-10  2.50000000e+00  2.50000000e+00  0.00000000e+00  2.51191421e+00  1.20409350e-04 
 1.27500000e-10  1.27500000e-10  2.50000000e+00  2.50000000e+00  0.00000000e+00  2.51089188e+00  1.80212484e-05 
 1.28500000e-10  1.28500000e-10  2.50000000e+00  2.50000000e+00  0.00000000e+00  2.50995806e+00 -6.81827367e-05 
 1.29500000e-10  1.29500000e-10  2.50000000e+00  2.50000000e+00  0.00000000e+00  2.50910502e+00 -1.40197191e-04 
 1.30500000e-10  1.30500000e-10  2.50000000e+00  2.50000000e+00  0.00000000e+00  2.50832571e+00 -1.99794281e-04 
 1.31500000e-10  1.31500000e-10  2.50000000e+00  2.50000000e+00  0.00000000e+00  2.50761371e+00 -2.48547614e-04 
 1.32500000e-10  1.32500000e-10  2.50000000e+00  2.50000000e+00  0.00000000e+00  2.50696317e+00 -2.87853345e-04 
 1.33500000e-10  1.33500000e-10  2.50000000e+00  2.50000000e+00  0.00000000e+00  2.50636872e+00 -3.18949073e-04 
 1.34500000e-10  1.34500000e-10  2.50000000e+00  2.50000000e+00  0.00000000e+00  2.50582549e+00 -3.42930797e-04 
 1.35500000e-10  1.35500000e-10  2.50000000e+00  2.50000000e+00  0.00000000e+00  2.50532904e+00 -3.60768113e-04 
 1.36500000e-10  1.36500000e-10  2.50000000e+00  2.50000000e+00  0.00000000e+00  2.50487529e+00 -3.73317826e-04 
 1.37500000e-10  1.37500000e-10  2.50000000e+00  2.50000000e+00  0.00000000e+00  2.50446055e+00 -3.81336142e-04 
 1.38500000e-10  1.38500000e-10  2.50000000e+00  2.50000000e+00  0.00000000e+00  2.50408143e+00 -3.85489593e-04 
 1.39500000e-10  1.39500000e-10  2.50000000e+00  2.50000000e+00  0.00000000e+00  2.50373484e+00 -3.86364815e-04 
 1.40500000e-10  1.40500000e-10  2.50000000e+00  2.50000000e+00  0.00000000e+00  2.50341798e+00 -3.84477312e-04 
 1.41500000e-10  1.41500000e-10  2.50000000e+00  2.50000000e+00  0.00000000e+00  2.50312826e+00 -3.80279292e-04 
 1.42500000e-10  1.42500000e-10  2.50000000e+00  2.50000000e+00  0.00000000e+00  2.50286334e+00 -3.74166686e-04 
 1.43500000e-10  1.43500000e-10  2.50000000e+00  2.50000000e+00  0.00000000e+00  2.50262108e+00 -3.66485427e-04 
 1.44500000e-10  1.44500000e-10  2.50000000e+00  2.50000000e+00  0.00000000e+00  2.50239952e+00 -3.57537064e-04 
 1.45500000e-10  1.45500000e-10  2.50000000e+00  2.50000000e+00  0.00000000e+00  2.50219687e+00 -3.47583782e-04 
 1.46500000e-10  1.46500000e-10  2.50000000e+00  2.50000000e+00  0.00000000e+00  2.50201152e+00 -3.36852892e-04 
 1.47500000e-10  1.47500000e-10  2.50000000e+00  2.50000000e+00  0.00000000e+00  2.50184196e+00 -3.25540833e-04 
 1.48500000e-10  1.48500000e-10  2.50000000e+00  2.50000000e+00  0.00000000e+00  2.50168684e+00 -3.13816757e-04 
 1.49500000e-10  1.49500000e-10  2.50000000e+00  2.50000000e+00  0.00000000e+00  2.50154492e+00 -3.01825720e-04 
 1.50500000e-10  1.50500000e-10  2.50000000e+00  2.50000000e+00  0.00000000e+00  2.50141506e+00 -2.89691529e-04 
 1.51500000e-10  1.51500000e-10  2.50000000e+00  2.50000000e+00  0.00000000e+00  2.50129623e+00 -2.77519285e-04 
 1.52500000e-10  1.52500000e-10  2.50000000e+00  2.50000000e+00  0.00000000e+00  2.50118748e+00 -2.65397639e-04 
 1.53500000e-10  1.53500000e-10  2.50000000e+00  2.50000000e+00  0.00000000e+00  2.50108795e+00 -2.53400813e-04 
 1.54500000e-10  1.54500000e-10  2.50000000e+00  2.50000000e+00  0.00000000e+00  2.50099685e+00 -2.41590385e-04 
 1.55500000e-10  1.55500000e-10  2.50000000e+00  2.50000000e+00  0.00000000e+00  2.50091346e+00 -2.30016882e-04 
 1.56500000e-10  1.56500000e-10  2.50000000e+00  2.50000000e+00  0.00000000e+00  2.50083712e+00 -2.18721196e-04 
 1.57500000e-10  1.57500000e-10  2.50000000e+00  2.50000000e+00  0.00000000e+00  2.50076723e+00 -2.07735836e-04 
 1.58500000e-10  1.58500000e-10  2.50000000e+00  2.50000000e+00  0.00000000e+00  2.50070324e+00 -1.97086040e-04 
 1.59500000e-10  1.59500000e-10  2.50000000e+00  2.50000000e+00  0.00000000e+00  2.50064464e+00 -1.86790761e-04 
 1.60500000e-10  1.60500000e-10  2.50000000e+00  2.50000000e+00  0.00000000e+00  2.50059097e+00 -1.76863532e-04 
 1.61500000e-10  1.61500000e-10  2.50000000e+00  2.50000000e+00  0.00000000e+00  2.50054182e+00 -1.67313243e-04 
 1.62500000e-10  1.62500000e-10  2.50000000e+00  2.50000000e+00  0.00000000e+00  2.50049680e+00 -1.58144812e-04 
 1.63500000e-10  1.63500000e-10  2.50000000e+00  2.50000000e+00  0.00000000e+00  2.50045557e+00 -1.49359785e-04 
 1.64500000e-10  1.64500000e-10  2.50000000e+00  2.50000000e+00  0.00000000e+00  2.50041779e+00 -1.40956863e-04 
 1.65500000e-10  1.65500000e-10  2.50000000e+00  2.50000000e+00  0.00000000e+00  2.50038318e+00 -1.32932358e-04 
 1.66500000e-10  1.66500000e-10  2.50000000e+00  2.50000000e+00  0.00000000e+00  2.50035147e+00 -1.25280604e-04 
 1.67500000e-10  1.67500000e-10  2.50000000e+00  2.50000000e+00  0.00000000e+00  2.50032241e+00 -1.17994304e-04 
 1.68500000e-10  1.68500000e-10  2.50000000e+00  2.50000000e+00  0.00000000e+00  2.50029578e+00 -1.11064841e-04 
 1.69500000e-10  1.69500000e-10  2.50000000e+00  2.50000000e+00  0.00000000e+00  2.50027138e+00 -1.04482547e-04 
 1.70500000e-10  1.70500000e-10  2.50000000e+00  2.50000000e+00  0.00000000e+00  2.50024901e+00 -9.82369340e-05 
 1.71500000e-10  1.71500000e-10  2.50000000e+00  2.50000000e+00  0.00000000e+00  2.50022850e+00 -9.23168949e-05 
 1.72500000e-10  1.72500000e-10  2.50000000e+00  2.50000000e+00  0.00000000e+00  2.50020970e+00 -8.67108792e-05 
 1.73500000e-10  1.73500000e-10  2.50000000e+00  2.50000000e+00  0.00000000e+00  2.50019247e+00 -8.14070404e-05 
 1.74500000e-10  1.74500000e-10  2.50000000e+00  2.50000000e+00  0.00000000e+00  2.50017666e+00 -7.63933638e-05 
 1.75500000e-10  1.75500000e-10  2.50000000e+00  2.50000000e+00  0.00000000e+00  2.50016217e+00 -7.16577743e-05 
 1.76500000e-10  1.76500000e-10  2.50000000e+00  2.50000000e+00  0.00000000e+00  2.50014888e+00 -6.71882286e-05 
 1.77500000e-10  1.77500000e-10  2.50000000e+00  2.50000000e+00  0.00000000e+00  2.50013669e+00 -6.29727911e-05 
 1.78500000e-10  1.78500000e-10  2.50000000e+00  2.50000000e+00  0.00000000e+00  2.50012551e+00 -5.89996984e-05 
 1.79500000e-10  1.79500000e-10  2.50000000e+00  2.50000000e+00  0.00000000e+00  2.50011526e+00 -5.52574114e-05 
 1.80500000e-10  1.80500000e-10  2.50000000e+00  2.50000000e+00  0.00000000e+00  2.50010585e+00 -5.17346578e-05 
 1.81500000e-10  1.81500000e-10  2.50000000e+00  2.50000000e+00  0.00000000e+00  2.50009722e+00 -4.84204666e-05 
 1.82500000e-10  1.82500000e-10  2.50000000e+00  2.50000000e+00  0.00000000e+00  2.50008930e+00 -4.53041945e-05 
 1.83500000e-10  1.83500000e-10  2.50000000e+00  2.50000000e+00  0.00000000e+00  2.50008203e+00 -4.23755460e-05 
 1.84500000e-10  1.84500000e-10  2.50000000e+00  2.50000000e+00  0.00000000e+00  2.50007536e+00 -3.96245878e-05 
 1.85500000e-10  1.85500000e-10  2.50000000e+00  2.50000000e+00  0.00000000e+00  2.50006924e+00 -3.70417593e-05 
 1.86500000e-10  1.86500000e-10  2.50000000e+00  2.50000000e+00  0.00000000e+00  2.50006362e+00 -3.46178775e-05 
 1.87500000e-10  1.87500000e-10  2.50000000e+00  2.50000000e+00  0.00000000e+00  2.50005846e+00 -3.23441398e-05 
 1.88500000e-10  1.88500000e-10  2.50000000e+00  2.50000000e+00  0.00000000e+00  2.50005373e+00 -3.02121231e-05 
 1.89500000e-10  1.89500000e-10  2.50000000e+00  2.50000000e+00  0.00000000e+00  2.50004938e+00 -2.82137809e-05 
 1.90500000e-10  1.90500000e-10  2.50000000e+00  2.50000000e+00  0.00000000e+00  2.50004539e+00 -2.63414376e-05 
 1.91500000e-10  1.91500000e-10  2.50000000e+00  2.50000000e+00  0.00000000e+00  2.50004172e+00 -2.45877823e-05 
 1.92500000e-10  1.92500000e-10  2.50000000e+00  2.50000000e+00  0.00000000e+00  2.50003836e+00 -2.29458599e-05 
 1.93500000e-10  1.93500000e-10  2.50000000e+00  2.50000000e+00  0.00000000e+00  2.50003526e+00 -2.14090621e-05 
 1.94500000e-10  1.94500000e-10  2.50000000e+00  2.50000000e+00  0.00000000e+00  2.50003242e+00 -1.99711169e-05 
 1.95500000e-10  1.95500000e-10  2.50000000e+00  2.50000000e+00  0.00000000e+00  2.50002982e+00 -1.86260782e-05 
 1.96500000e-10  1.96500000e-10  2.50000000e+00  2.50000000e+00  0.00000000e+00  2.50002742e+00 -1.73683137e-05 
 1.97500000e-10  1.97500000e-10  2.50000000e+00  2.50000000e+00  0.00000000e+00  2.50002522e+00 -1.61924939e-05 
 1.98500000e-10  1.98500000e-10  2.50000000e+00  2.50000000e+00  0.00000000e+00  2.50002319e+00 -1.50935798e-05 
 1.99500000e-10  1.99500000e-10  2.50000000e+00  2.50000000e+00  0.00000000e+00  2.50002133e+00 -1.40668109e-05 
 2.00500000e-10  2.00500000e-10  2.50000000e+00  2.50000000e+00  0.00000000e+00  2.50001963e+00 -1.31076937e-05 
 2.01500000e-10  2.01500000e-10  2.50000000e+00  2.50000000e+00  0.00000000e+00  2.50001806e+00 -1.22119892e-05 
 2.02500000e-10  2.02500000e-10  2.50000000e+00  2.50000000e+00  0.00000000e+00  2.50001661e+00 -1.13757015e-05 
 2.03500000e-10  2.03500000e-10  2.50000000e+00  2.50000000e+00  0.00000000e+00  2.50001529e+00 -1.05950666e-05 
 2.04500000e-10  2.04500000e-10  2.50000000e+00  2.50000000e+00  0.00000000e+00  2.50001407e+00 -9.86654044e-06 
 2.05500000e-10  2.05500000e-10  2.50000000e+00  2.50000000e+00  0.00000000e+00  2.50001294e+00 -9.18678862e-06 
 2.06500000e-10  2.06500000e-10  2.50000000e+00  2.50000000e+00  0.00000000e+00  2.50001191e+00 -8.55267539e-06 
 2.07500000e-10  2.07500000e-10  2.50000000e+00  2.50000000e+00  0.00000000e+00  2.50001096e+00 -7.96125345e-06 
 2.08500000e-10  2.08500000e-10  2.50000000e+00  2.50000000e+00  0.00000000e+00  2.50001009e+00 -7.40975402e-06 
 2.09500000e-10  2.09500000e-10  2.50000000e+00  2.50000000e+00  0.00000000e+00  2.50000929e+00 -6.89557728e-06 
 2.10500000e-10  2.10500000e-10  2.50000000e+00  2.50000000e+00  0.00000000e+00  2.50000855e+00 -6.41628315e-06 
 2.11500000e-10  2.11500000e-10  2.50000000e+00  2.50000000e+00  0.00000000e+00  2.50000787e+00 -5.96958248e-06 
 2.12500000e-10  2.12500000e-10  2.50000000e+00  2.50000000e+00  0.00000000e+00  2.50000725e+00 -5.55332860e-06 
 2.13500000e-10  2.13500000e-10  2.50000000e+00  2.50000000e+00  0.00000000e+00  2.50000668e+00 -5.16550926e-06 
 2.14500000e-10  2.14500000e-10  2.50000000e+00  2.50000000e+00  0.00000000e+00  2.50000615e+00 -4.80423894e-06 
 2.15500000e-10  2.15500000e-10  2.50000000e+00  2.50000000e+00  0.00000000e+00  2.50000566e+00 -4.46775148e-06 
 2.16500000e-10  2.16500000e-10  2.50000000e+00  2.50000000e+00  0.00000000e+00  2.50000521e+00 -4.15439314e-06 
 2.17500000e-10  2.17500000e-10  2.50000000e+00  2.50000000e+00  0.00000000e+00  2.50000480e+00 -3.86261595e-06 
 2.18500000e-10  2.18500000e-10  2.50000000e+00  2.50000000e+00  0.00000000e+00  2.50000442e+00 -3.59097138e-06 
 2.19500000e-10  2.19500000e-10  2.50000000e+00  2.50000000e+00  0.00000000e+00  2.50000408e+00 -3.33810444e-06 
 2.20500000e-10  2.20500000e-10  2.50000000e+00  2.50000000e+00  0.00000000e+00  2.50000375e+00 -3.10274795e-06 
 2.21500000e-10  2.21500000e-10  2.50000000e+00  2.50000000e+00  0.00000000e+00  2.50000346e+00 -2.88371723e-06 
 2.22500000e-10  2.22500000e-10  2.50000000e+00  2.50000000e+00  0.00000000e+00  2.50000319e+00 -2.67990499e-06 
 2.23500000e-10  2.23500000e-10  2.50000000e+00  2.50000000e+00  0.00000000e+00  2.50000294e+00 -2.49027662e-06 
 2.24500000e-10  2.24500000e-10  2.50000000e+00  2.50000000e+00  0.00000000e+00  2.50000271e+00 -2.31386558e-06 
 2.25500000e-10  2.25500000e-10  2.50000000e+00  2.50000000e+00  0.00000000e+00  2.50000249e+00 -2.14976922e-06 
 2.26500000e-10  2.26500000e-10  2.50000000e+00  2.50000000e+00  0.00000000e+00  2.50000230e+00 -1.99714469e-06 
 2.27500000e-10  2.27500000e-10  2.50000000e+00  2.50000000e+00  0.00000000e+00  2.50000212e+00 -1.85520523e-06 
 2.28500000e-10  2.28500000e-10  2.50000000e+00  2.50000000e+00  0.00000000e+00  2.50000195e+00 -1.72321653e-06 
 2.29500000e-10  2.29500000e-10  2.50000000e+00  2.50000000e+00  0.00000000e+00  2.50000180e+00 -1.60049342e-06 
 2.30500000e-10  2.30500000e-10  2.50000000e+00  2.50000000e+00  0.00000000e+00  2.50000166e+00 -1.48639672e-06 
 2.31500000e-10  2.31500000e-10  2.50000000e+00  2.50000000e+00  0.00000000e+00  2.50000153e+00 -1.38033022e-06 
 2.32500000e-10  2.32500000e-10  2.50000000e+00  2.50000000e+00  0.00000000e+00  2.50000141e+00 -1.28173797e-06 
 2.33500000e-10  2.33500000e-10  2.50000000e+00  2.50000000e+00  0.00000000e+00  2.50000130e+00 -1.19010159e-06 
 2.34500000e-10  2.34500000e-10  2.50000000e+00  2.50000000e+00  0.00000000e+00  2.50000120e+00 -1.10493789e-06 
 2.35500000e-10  2.35500000e-10  2.50000000e+00  2.50000000e+00  0.00000000e+00  2.50000111e+00 -1.02579647e-06 
 2.36500000e-10  2.36500000e-10  2.50000000e+00  2.50000000e+00  0.00000000e+00  2.50000102e+00 -9.52257665e-07 
 2.37500000e-10  2.37500000e-10  2.50000000e+00  2.50000000e+00  0.00000000e+00  2.50000094e+00 -8.83930424e-07 
 2.38500000e-10  2.38500000e-10  2.50000000e+00  2.50000000e+00  0.00000000e+00  2.50000087e+00 -8.20450472e-07 
 2.39500000e-10  2.39500000e-10  2.50000000e+00  2.50000000e+00  0.00000000e+00  2.50000080e+00 -7.61478511e-07 
 2.40500000e-10  2.40500000e-10  2.50000000e+00  2.50000000e+00  0.00000000e+00  2.50000074e+00 -7.06698551e-07 
 2.41500000e-10  2.41500000e-10  2.50000000e+00  2.50000000e+00  0.00000000e+00  2.50000068e+00 -6.55816358e-07 
 2.42500000e-10  2.42500000e-10  2.50000000e+00  2.50000000e+00  0.00000000e+00  2.50000063e+00 -6.08557989e-07 
 2.43500000e-10  2.43500000e-10  2.50000000e+00  2.50000000e+00  0.00000000e+00  2.50000058e+00 -5.64668433e-07 
 2.44500000e-10  2.44500000e-10  2.50000000e+00  2.50000000e+00  0.00000000e+00  2.50000053e+00 -5.23910330e-07 
 2.45500000e-10  2.45500000e-10  2.50000000e+00  2.50000000e+00  0.00000000e+00  2.50000049e+00 -4.86062778e-07 
 2.46500000e-10  2.46500000e-10  2.50000000e+00  2.50000000e+00  0.00000000e+00  2.50000045e+00 -4.50920218e-07 
 2.47500000e-10  2.47500000e-10  2.50000000e+00  2.50000000e+00  0.00000000e+00  2.50000042e+00 -4.18291392e-07 
 2.48500000e-10  2.48500000e-10  2.50000000e+00  2.50000000e+00  0.00000000e+00  2.50000039e+00 -3.87998369e-07 
 2.49500000e-10  2.49500000e-10  2.50000000e+00  2.50000000e+00  0.00000000e+00  2.50000036e+00 -3.59875634e-07 
 2.50500000e-10  2.50500000e-10  2.50000000e+00  2.50000000e+00  0.00000000e+00  2.50000033e+00 -3.33769238e-07 
 2.51500000e-10  2.51500000e-10  2.50000000e+00  2.50000000e+00  0.00000000e+00  2.50000030e+00 -3.09536009e-07 
 2.52500000e-10  2.52500000e-10  2.50000000e+00  2.50000000e+00  0.00000000e+00  2.50000028e+00 -2.87042807e-07 
 2.53500000e-10  2.53500000e-10  2.50000000e+00  2.50000000e+00  0.00000000e+00  2.50000026e+00 -2.66165837e-07 
 2.54500000e-10  2.54500000e-10  2.50000000e+00  2.50000000e+00  0.00000000e+00  2.50000024e+00 -2.46790003e-07 
 2.55500000e-10  2.55500000e-10  2.50000000e+00  2.50000000e+00  0.00000000e+00  2.50000022e+00 -2.28808306e-07 
 2.56500000e-10  2.56500000e-10  2.50000000e+00  2.50000000e+00  0.00000000e+00  2.50000020e+00 -2.12121288e-07 
 2.57500000e-10  2.57500000e-10  2.50000000e+00  2.50000000e+00  0.00000000e+00  2.50000019e+00 -1.96636503e-07 
 2.58500000e-10  2.58500000e-10  2.50000000e+00  2.50000000e+00  0.00000000e+00  2.50000017e+00 -1.82268034e-07 
 2.59500000e-10  2.59500000e-10  2.50000000e+00  2.50000000e+00  0.00000000e+00  2.50000016e+00 -1.68936039e-07 
 2.60500000e-10  2.60500000e-10  2.50000000e+00  2.50000000e+00  0.00000000e+00  2.50000015e+00 -1.56566327e-07 
 2.61500000e-10  2.61500000e-10  2.50000000e+00  2.50000000e+00  0.00000000e+00  2.50000014e+00 -1.45089961e-07 
 2.62500000e-10  2.62500000e-10  2.50000000e+00  2.50000000e+00  0.00000000e+00  2.50000013e+00 -1.34442897e-07 
 2.63500000e-10  2.63500000e-10  2.50000000e+00  2.50000000e+00  0.00000000e+00  2.50000012e+00 -1.24565636e-07 
 2.64500000e-10  2.64500000e-10  2.50000000e+00  2.50000000e+00  0.00000000e+00  2.50000011e+00 -1.15402908e-07 
 2.65500000e-10  2.65500000e-10  2.50000000e+00  2.50000000e+00  0.00000000e+00  2.50000010e+00 -1.06903374e-07 
 2.66500000e-10  2.66500000e-10  2.50000000e+00  2.50000000e+00  0.00000000e+00  2.50000009e+00 -9.90193516e-08 
 2.67500000e-10  2.67500000e-10  2.50000000e+00  2.50000000e+00  0.00000000e+00  2.50000008e+00 -9.17065570e-08 
 2.68500000e-10  2.68500000e-10  2.50000000e+00  2.50000000e+00  0.00000000e+00  2.50000008e+00 -8.49238645e-08 
 2.69500000e-10  2.69500000e-10  2.50000000e+00  2.50000000e+00  0.00000000e+00  2.50000007e+00 -7.86330851e-08 
 2.70500000e-10  2.70500000e-10  2.50000000e+00  2.50000000e+00  0.00000000e+00  2.50000007e+00 -7.27987586e-08 
 2.71500000e-10  2.71500000e-10  2.50000000e+00  2.50000000e+00  0.00000000e+00  2.50000006e+00 -6.73879607e-08 
 2.72500000e-10  2.72500000e-10  2.50000000e+00  2.50000000e+00  0.00000000e+00  2.50000006e+00 -6.23701238e-08 
 2.73500000e-10  2.73500000e-10  2.50000000e+00  2.50000000e+00  0.00000000e+00  2.50000005e+00 -5.77168698e-08 
 2.74500000e-10  2.74500000e-10  2.50000000e+00  2.50000000e+00  0.00000000e+00  2.50000005e+00 -5.34018551e-08 
 2.75500000e-10  2.75500000e-10  2.50000000e+00  2.50000000e+00  0.00000000e+00  2.50000004e+00 -4.94006258e-08 
 2.76500000e-10  2.76500000e-10  2.50000000e+00  2.50000000e+00  0.00000000e+00  2.50000004e+00 -4.56904836e-08 
 2.77500000e-10  2.77500000e-10  2.50000000e+00  2.50000000e+00  0.00000000e+00  2.50000004e+00 -4.22503608e-08 
 2.78500000e-10  2.78500000e-10  2.50000000e+00  2.50000000e+00  0.00000000e+00  2.50000003e+00 -3.90607047e-08 
 2.79500000e-10  2.79500000e-10  2.50000000e+00  2.50000000e+00  0.00000000e+00  2.50000003e+00 -3.61033691e-08 
 2.80500000e-10  2.80500000e-10  2.50000000e+00  2.50000000e+00  0.00000000e+00  2.50000003e+00 -3.33615139e-08 
 2.81500000e-10  2.81500000e-10  2.50000000e+00  2.50000000e+00  0.00000000e+00  2.50000003e+00 -3.08195121e-08 
 2.82500000e-10  2.82500000e-10  2.50000000e+00  2.50000000e+00  0.00000000e+00  2.50000002e+00 -2.84628635e-08 
 2.83500000e-10  2.83500000e-10  2.50000000e+00  2.50000000e+00  0.00000000e+00  2.50000002e+00 -2.62781137e-08 
 2.84500000e-10  2.84500000e-10  2.50000000e+00  2.50000000e+00  0.00000000e+00  2.50000002e+00 -2.42527787e-08 
 2.85500000e-10  2.85500000e-10  2.50000000e+00  2.50000000e+00  0.00000000e+00  2.50000002e+00 -2.23752767e-08 
 2.86500000e-10  2.86500000e-10  2.50000000e+00  2.50000000e+00  0.00000000e+00  2.50000002e+00 -2.06348621e-08 
 2.87500000e-10  2.87500000e-10  2.50000000e+00  2.50000000e+00  0.00000000e+00  2.50000002e+00 -1.90215666e-08 
 2.88500000e-10  2.88500000e-10  2.50000000e+00  2.50000000e+00  0.00000000e+00  2.50000001e+00 -1.75261426e-08 
 2.89500000e-10  2.89500000e-10  2.50000000e+00  2.50000000e+00  0.00000000e+00  2.50000001e+00 -1.61400122e-08 
 2.90500000e-10  2.90500000e-10  2.50000000e+00  2.50000000e+00  0.00000000e+00  2.50000001e+00 -1.48552182e-08 
 2.91500000e-10  2.91500000e-10  2.50000000e+00  2.50000000e+00  0.00000000e+00  2.50000001e+00 -1.36643801e-08 
 2.92500000e-10  2.92500000e-10  2.50000000e+00  2.50000000e+00  0.00000000e+00  2.50000001e+00 -1.25606524e-08 
 2.93500000e-10  2.93500000e-10  2.50000000e+00  2.50000000e+00  0.00000000e+00  2.50000001e+00 -1.15376858e-08 
 2.94500000e-10  2.94500000e-10  2.50000000e+00  2.50000000e+00  0.00000000e+00  2.50000001e+00 -1.05895915e-08 
 2.95500000e-10  2.95500000e-10  2.50000000e+00  2.50000000e+00  0.00000000e+00  2.50000001e+00 -9.71090849e-09 
 2.96500000e-10  2.96500000e-10  2.50000000e+00  2.50000000e+00  0.00000000e+00  2.50000001e+00 -8.89657237e-09 
 2.97500000e-10  2.97500000e-10  2.50000000e+00  2.50000000e+00  0.00000000e+00  2.50000001e+00 -8.14188658e-09 
 2.98500000e-10  2.98500000e-10  2.50000000e+00  2.50000000e+00  0.00000000e+00  2.50000001e+00 -7.44249568e-09 
 2.99500000e-10  2.99500000e-10  2.50000000e+00  2.50000000e+00  0.00000000e+00  2.50000001e+00 -6.79436080e-09 
 3.00500000e-10  3.00500000e-10  2.50000000e+00  2.50000000e+00  0.00000000e+00  2.50000000e+00 -6.19373750e-09 
 3.01500000e-10  3.01500000e-10  2.50000000e+00  2.50000000e+00  0.00000000e+00  2.50000000e+00 -5.63715358e-09 
 3.02500000e-10  3.02500000e-10  2.50000000e+00  2.50000000e+00  0.00000000e+00  2.50000000e+00 -5.12138937e-09 
 3.03500000e-10  3.03500000e-10  2.50000000e+00  2.50000000e+00  0.00000000e+00  2.50000000e+00 -4.64345987e-09 
 3.04500000e-10  3.04500000e-10  2.50000000e+00  2.50000000e+00  0.00000000e+00  2.50000000e+00 -4.20059756e-09 
 3.05500000e-10  3.05500000e-10  2.50000000e+00  2.50000000e+00  0.00000000e+00  2.50000000e+00 -3.79023679e-09 
 3.06500000e-10  3.06500000e-10  2.50000000e+00  2.50000000e+00  0.00000000e+00  2.50000000e+00 -3.40999848e-09 
 3.07500000e-10  3.07500000e-10  2.50000000e+00  2.50000000e+00  0.00000000e+00  2.50000000e+00 -3.05767764e-09 
 3.08500000e-10  3.08500000e-10  2.50000000e+00  2.50000000e+00  0.00000000e+00  2.50000000e+00 -2.73122988e-09 
 3.09500000e-10  3.09500000e-10  2.50000000e+00  2.50000000e+00  0.00000000e+00  2.50000000e+00 -2.42875986e-09 
 3.10500000e-10  3.10500000e-10  2.50000000e+00  2.50000000e+00  0.00000000e+00  2.50000000e+00 -2.14851092e-09 
 3.11500000e-10  3.11500000e-10  2.50000000e+00  2.50000000e+00  0.00000000e+00  2.50000000e+00 -1.88885460e-09 
 3.12500000e-10  3.12500000e-10  2.50000000e+00  2.50000000e+00  0.00000000e+00  2.50000000e+00 -1.64828148e-09 
 3.13500000e-10  3.13500000e-10  2.50000000e+00  2.50000000e+00  0.00000000e+00  2.50000000e+00 -1.42539230e-09 
 3.14500000e-10  3.14500000e-10  2.50000000e+00  2.50000000e+00  0.00000000e+00  2.50000000e+00 -1.21889007e-09 
 3.15500000e-10  3.15500000e-10  2.50000000e+00  2.50000000e+00  0.00000000e+00  2.50000000e+00 -1.02757286e-09 
 3.16500000e-10  3.16500000e-10  2.50000000e+00  2.50000000e+00  0.00000000e+00  2.50000000e+00 -8.50326365e-10 
 3.17500000e-10  3.17500000e-10  2.50000000e+00  2.50000000e+00  0.00000000e+00  2.50000000e+00 -6.86117996e-10 
 3.18500000e-10  3.18500000e-10  2.50000000e+00  2.50000000e+00  0.00000000e+00  2.50000000e+00 -5.33990879e-10 
 3.19500000e-10  3.19500000e-10  2.50000000e+00  2.50000000e+00  0.00000000e+00  2.50000000e+00 -3.93057947e-10 
 3.20500000e-10  3.20500000e-10  2.50000000e+00  2.50000000e+00  0.00000000e+00  2.50000000e+00 -2.62497107e-10 
 3.21500000e-10  3.21500000e-10  2.50000000e+00  2.50000000e+00  0.00000000e+00  2.50000000e+00 -1.41546608e-10 
 3.22500000e-10  3.22500000e-10  2.50000000e+00  2.50000000e+00  0.00000000e+00  2.50000000e+00 -2.95004576e-11 
 3.23500000e-10  3.23500000e-10  2.50000000e+00  2.50000000e+00  0.00000000e+00  2.50000000e+00  7.42955697e-11 
 3.24500000e-10  3.24500000e-10  2.50000000e+00  2.50000000e+00  0.00000000e+00  2.50000000e+00  1.70448100e-10 
 3.25500000e-10  3.25500000e-10  2.50000000e+00  2.50000000e+00  0.00000000e+00  2.50000000e+00  2.59518823e-10 
 3.26500000e-10  3.26500000e-10  2.50000000e+00  2.50000000e+00  0.00000000e+00  2.50000000e+00  3.42028322e-10 
 3.27500000e-10  3.27500000e-10  2.50000000e+00  2.50000000e+00  0.00000000e+00  2.50000000e+00  4.18459156e-10 
 3.28500000e-10  3.28500000e-10  2.50000000e+00  2.50000000e+00  0.00000000e+00  2.50000000e+00  4.89258245e-10 
 3.29500000e-10  3.29500000e-10  2.50000000e+00  2.50000000e+00  0.00000000e+00  2.50000000e+00  5.54839980e-10 
 3.30500000e-10  3.30500000e-10  2.50000000e+00  2.50000000e+00  0.00000000e+00  2.50000000e+00  6.15588136e-10 
 3.31500000e-10  3.31500000e-10  2.50000000e+00  2.50000000e+00  0.00000000e+00  2.50000000e+00  6.71858347e-10 
 3.32500000e-10  3.32500000e-10  2.50000000e+00  2.50000000e+00  0.00000000e+00  2.50000000e+00  7.23980181e-10 
 3.33500000e-10  3.33500000e-10  2.50000000e+00  2.50000000e+00  0.00000000e+00  2.50000000e+00  7.72259034e-10 
 3.34500000e-10  3.34500000e-10  2.50000000e+00  2.50000000e+00  0.00000000e+00  2.50000000e+00  8.16977791e-10 
 3.35500000e-10  3.35500000e-10  2.50000000e+00  2.50000000e+00  0.00000000e+00  2.50000000e+00  8.58398602e-10 
 3.36500000e-10  3.36500000e-10  2.50000000e+00  2.50000000e+00  0.00000000e+00  2.50000000e+00  8.96764357e-10 
 3.37500000e-10  3.37500000e-10  2.50000000e+00  2.50000000e+00  0.00000000e+00  2.50000000e+00  9.32299904e-10 
 3.38500000e-10  3.38500000e-10  2.50000000e+00  2.50000000e+00  0.00000000e+00  2.50000000e+00  9.65213937e-10 
 3.39500000e-10  3.39500000e-10  2.50000000e+00  2.50000000e+00  0.00000000e+00  2.50000000e+00  9.95699523e-10 
 3.40500000e-10  3.40500000e-10  2.50000000e+00  2.50000000e+00  0.00000000e+00  2.50000000e+00  1.02393546e-09 
 3.41500000e-10  3.41500000e-10  2.50000000e+00  2.50000000e+00  0.00000000e+00  2.50000000e+00  1.05008754e-09 
 3.42500000e-10  3.42500000e-10  2.50000000e+00  2.50000000e+00  0.00000000e+00  2.50000000e+00  1.07430945e-09 
 3.43500000e-10  3.43500000e-10  2.50000000e+00  2.50000000e+00  0.00000000e+00  2.50000000e+00  1.09674361e-09 
 3.44500000e-10  3.44500000e-10  2.50000000e+00  2.50000000e+00  0.00000000e+00  2.50000000e+00  1.11752171e-09 
 3.45500000e-10  3.45500000e-10  2.50000000e+00  2.50000000e+00  0.00000000e+00  2.50000000e+00  1.13676576e-09 
 3.46500000e-10  3.46500000e-10  2.50000000e+00  2.50000000e+00  0.00000000e+00  2.50000000e+00  1.15458884e-09 
 3.47500000e-10  3.47500000e-10  2.50000000e+00  2.50000000e+00  0.00000000e+00  2.50000000e+00  1.17109591e-09 
 3.48500000e-10  3.48500000e-10  2.50000000e+00  2.50000000e+00  0.00000000e+00  2.50000000e+00  1.18638407e-09 
 3.49500000e-10  3.49500000e-10  2.50000000e+00  2.50000000e+00  0.00000000e+00  2.50000000e+00  1.20054289e-09 
 3.50500000e-10  3.50500000e-10  2.50000000e+00  2.50000000e+00  0.00000000e+00  2.50000000e+00  1.21365579e-09 
 3.51500000e-10  3.51500000e-10  2.50000000e+00  2.50000000e+00  0.00000000e+00  2.50000000e+00  1.22580021e-09 
 3.52500000e-10  3.52500000e-10  2.50000000e+00  2.50000000e+00  0.00000000e+00  2.50000000e+00  1.23704758e-09 
 3.53500000e-10  3.53500000e-10  2.50000000e+00  2.50000000e+00  0.00000000e+00  2.50000000e+00  1.24746391e-09 
 3.54500000e-10  3.54500000e-10  2.50000000e+00  2.50000000e+00  0.00000000e+00  2.50000000e+00  1.25711061e-09 
 3.55500000e-10  3.55500000e-10  2.50000000e+00  2.50000000e+00  0.00000000e+00  2.50000000e+00  1.26604449e-09 
 3.56500000e-10  3.56500000e-10  2.50000000e+00  2.50000000e+00  0.00000000e+00  2.50000000e+00  1.27431815e-09 
 3.57500000e-10  3.57500000e-10  2.50000000e+00  2.50000000e+00  0.00000000e+00  2.50000000e+00  1.28198027e-09 
 3.58500000e-10  3.58500000e-10  2.50000000e+00  2.50000000e+00  0.00000000e+00  2.50000000e+00  1.28907615e-09 
 3.59500000e-10  3.59500000e-10  2.50000000e+00  2.50000000e+00  0.00000000e+00  2.50000000e+00  1.29564748e-09 
 3.60500000e-10  3.60500000e-10  2.50000000e+00  2.50000000e+00  0.00000000e+00  2.50000000e+00  1.30173303e-09 
 3.61500000e-10  3.61500000e-10  2.50000000e+00  2.50000000e+00  0.00000000e+00  2.50000000e+00  1.30736871e-09 
 3.62500000e-10  3.62500000e-10  2.50000000e+00  2.50000000e+00  0.00000000e+00  2.50000000e+00  1.31258784e-09 
 3.63500000e-10  3.63500000e-10  2.50000000e+00  2.50000000e+00  0.00000000e+00  2.50000000e+00  1.31742109e-09 
 3.64500000e-10  3.64500000e-10  2.50000000e+00  2.50000000e+00  0.00000000e+00  2.50000000e+00  1.32189698e-09 
 3.65500000e-10  3.65500000e-10  2.50000000e+00  2.50000000e+00  0.00000000e+00  2.50000000e+00  1.32604183e-09 
 3.66500000e-10  3.66500000e-10  2.50000000e+00  2.50000000e+00  0.00000000e+00  2.50000000e+00  1.32988026e-09 
 3.67500000e-10  3.67500000e-10  2.50000000e+00  2.50000000e+00  0.00000000e+00  2.50000000e+00  1.33343475e-09 
 3.68500000e-10  3.68500000e-10  2.50000000e+00  2.50000000e+00  0.00000000e+00  2.50000000e+00  1.33672629e-09 
 3.69500000e-10  3.69500000e-10  2.50000000e+00  2.50000000e+00  0.00000000e+00  2.50000000e+00  1.33977446e-09 
 3.70500000e-10  3.70500000e-10  2.50000000e+00  2.50000000e+00  0.00000000e+00  2.50000000e+00  1.34259717e-09 
 3.71500000e-10  3.71500000e-10  2.50000000e+00  2.50000000e+00  0.00000000e+00  2.50000000e+00  1.34521100e-09 
 3.72500000e-10  3.72500000e-10  2.50000000e+00  2.50000000e+00  0.00000000e+00  2.50000000e+00  1.34763148e-09 
 3.73500000e-10  3.73500000e-10  2.50000000e+00  2.50000000e+00  0.00000000e+00  2.50000000e+00  1.34987288e-09 
 3.74500000e-10  3.74500000e-10  2.50000000e+00  2.50000000e+00  0.00000000e+00  2.50000000e+00  1.35194855e-09 
 3.75500000e-10  3.75500000e-10  2.50000000e+00  2.50000000e+00  0.00000000e+00  2.50000000e+00  1.35387063e-09 
 3.76500000e-10  3.76500000e-10  2.50000000e+00  2.50000000e+00  0.00000000e+00  2.50000000e+00  1.35565048e-09 
 3.77500000e-10  3.77500000e-10  2.50000000e+00  2.50000000e+00  0.00000000e+00  2.50000000e+00  1.35729861e-09 
 3.78500000e-10  3.78500000e-10  2.50000000e+00  2.50000000e+00  0.00000000e+00  2.50000000e+00  1.35882466e-09 
 3.79500000e-10  3.79500000e-10  2.50000000e+00  2.50000000e+00  0.00000000e+00  2.50000000e+00  1.36023776e-09 
 3.80500000e-10  3.80500000e-10  2.50000000e+00  2.50000000e+00  0.00000000e+00  2.50000000e+00  1.36154629e-09 
 3.81500000e-10  3.81500000e-10  2.50000000e+00  2.50000000e+00  0.00000000e+00  2.50000000e+00  1.36275813e-09 
 3.82500000e-10  3.82500000e-10  2.50000000e+00  2.50000000e+00  0.00000000e+00  2.50000000e+00  1.36388020e-09 
 3.83500000e-10  3.83500000e-10  2.50000000e+00  2.50000000e+00  0.00000000e+00  2.50000000e+00  1.36491918e-09 
 3.84500000e-10  3.84500000e-10  2.50000000e+00  2.50000000e+00  0.00000000e+00  2.50000000e+00  1.36588135e-09 
 3.85500000e-10  3.85500000e-10  2.50000000e+00  2.50000000e+00  0.00000000e+00  2.50000000e+00  1.36677214e-09 
 3.86500000e-10  3.86500000e-10  2.50000000e+00  2.50000000e+00  0.00000000e+00  2.50000000e+00  1.36759706e-09 
 3.87500000e-10  3.87500000e-10  2.50000000e+00  2.50000000e+00  0.00000000e+00  2.50000000e+00  1.36836098e-09 
 3.88500000e-10  3.88500000e-10  2.50000000e+00  2.50000000e+00  0.00000000e+00  2.50000000e+00  1.36906825e-09 
 3.89500000e-10  3.89500000e-10  2.50000000e+00  2.50000000e+00  0.00000000e+00  2.50000000e+00  1.36972320e-09 
 3.90500000e-10  3.90500000e-10  2.50000000e+00  2.50000000e+00  0.00000000e+00  2.50000000e+00  1.37032966e-09 
 3.91500000e-10  3.91500000e-10  2.50000000e+00  2.50000000e+00  0.00000000e+00  2.50000000e+00  1.37089126e-09 
 3.92500000e-10  3.92500000e-10  2.50000000e+00  2.50000000e+00  0.00000000e+00  2.50000000e+00  1.37141121e-09 
 3.93500000e-10  3.93500000e-10  2.50000000e+00  2.50000000e+00  0.00000000e+00  2.50000000e+00  1.37189254e-09 
 3.94500000e-10  3.94500000e-10  2.50000000e+00  2.50000000e+00  0.00000000e+00  2.50000000e+00  1.37233822e-09 
 3.95500000e-10  3.95500000e-10  2.50000000e+00  2.50000000e+00  0.00000000e+00  2.50000000e+00  1.37275094e-09 
 3.96500000e-10  3.96500000e-10  2.50000000e+00  2.50000000e+00  0.00000000e+00  2.50000000e+00  1.37313305e-09 
 3.97500000e-10  3.97500000e-10  2.50000000e+00  2.50000000e+00  0.00000000e+00  2.50000000e+00  1.37348691e-09 
 3.98500000e-10  3.98500000e-10  2.50000000e+00  2.50000000e+00  0.00000000e+00  2.50000000e+00  1.37381456e-09 
 3.99500000e-10  3.99500000e-10  2.50000000e+00  2.50000000e+00  0.00000000e+00  2.50000000e+00  1.37411785e-09 
 4.00500000e-10  4.00500000e-10  2.50000000e+00  2.50000000e+00  0.00000000e+00  2.50000000e+00  1.37439873e-09 
 4.01500000e-10  4.01500000e-10  2.50000000e+00  2.50000000e+00  0.00000000e+00  2.50000000e+00  1.37465886e-09 
 4.02500000e-10  4.02500000e-10  2.50000000e+00  2.50000000e+00  0.00000000e+00  2.50000000e+00  1.37489975e-09 
 4.03500000e-10  4.03500000e-10  2.50000000e+00  2.50000000e+00  0.00000000e+00  2.50000000e+00  1.37512279e-09 
 4.04500000e-10  4.04500000e-10  2.50000000e+00  2.50000000e+00  0.00000000e+00  2.50000000e+00  1.37532929e-09 
 4.05500000e-10  4.05500000e-10  2.50000000e+00  2.50000000e+00  0.00000000e+00  2.50000000e+00  1.37552056e-09 
 4.06500000e-10  4.06500000e-10  2.50000000e+00  2.50000000e+00  0.00000000e+00  2.50000000e+00  1.37569764e-09 
 4.07500000e-10  4.07500000e-10  2.50000000e+00  2.50000000e+00  0.00000000e+00  2.50000000e+00  1.37586159e-09 
 4.08500000e-10  4.08500000e-10  2.50000000e+00  2.50000000e+00  0.00000000e+00  2.50000000e+00  1.37601339e-09 
 4.09500000e-10  4.09500000e-10  2.50000000e+00  2.50000000e+00  0.00000000e+00  2.50000000e+00  1.37615394e-09 
 4.10500000e-10  4.10500000e-10  2.50000000e+00  2.50000000e+00  0.00000000e+00  2.50000000e+00  1.37628406e-09 
 4.11500000e-10  4.11500000e-10  2.50000000e+00  2.50000000e+00  0.00000000e+00  2.50000000e+00  1.37640446e-09 
 4.12500000e-10  4.12500000e-10  2.50000000e+00  2.50000000e+00  0.00000000e+00  2.50000000e+00  1.37651590e-09 
 4.13500000e-10  4.13500000e-10  2.50000000e+00  2.50000000e+00  0.00000000e+00  2.50000000e+00  1.37661912e-09 
 4.14500000e-10  4.14500000e-10  2.50000000e+00  2.50000000e+00  0.00000000e+00  2.50000000e+00  1.37671474e-09 
 4.15500000e-10  4.15500000e-10  2.50000000e+00  2.50000000e+00  0.00000000e+00  2.50000000e+00  1.37680323e-09 
 4.16500000e-10  4.16500000e-10  2.50000000e+00  2.50000000e+00  0.00000000e+00  2.50000000e+00  1.37688519e-09 
 4.17500000e-10  4.17500000e-10  2.50000000e+00  2.50000000e+00  0.00000000e+00  2.50000000e+00  1.37696107e-09 
 4.18500000e-10  4.18500000e-10  2.50000000e+00  2.50000000e+00  0.00000000e+00  2.50000000e+00  1.37703132e-09 
 4.19500000e-10  4.19500000e-10  2.50000000e+00  2.50000000e+00  0.00000000e+00  2.50000000e+00  1.37709641e-09 
 4.20500000e-10  4.20500000e-10  2.50000000e+00  2.50000000e+00  0.00000000e+00  2.50000000e+00  1.37715667e-09 
 4.21500000e-10  4.21500000e-10  2.50000000e+00  2.50000000e+00  0.00000000e+00  2.50000000e+00  1.37721243e-09 
 4.22500000e-10  4.22500000e-10  2.50000000e+00  2.50000000e+00  0.00000000e+00  2.50000000e+00  1.37726403e-09 
 4.23500000e-10  4.23500000e-10  2.50000000e+00  2.50000000e+00  0.00000000e+00  2.50000000e+00  1.37731185e-09 
 4.24500000e-10  4.24500000e-10  2.50000000e+00  2.50000000e+00  0.00000000e+00  2.50000000e+00  1.37735620e-09 
 4.25500000e-10  4.25500000e-10  2.50000000e+00  2.50000000e+00  0.00000000e+00  2.50000000e+00  1.37739711e-09 
 4.26500000e-10  4.26500000e-10  2.50000000e+00  2.50000000e+00  0.00000000e+00  2.50000000e+00  1.37743497e-09 
 4.27500000e-10  4.27500000e-10  2.50000000e+00  2.50000000e+00  0.00000000e+00  2.50000000e+00  1.37747005e-09 
 4.28500000e-10  4.28500000e-10  2.50000000e+00  2.50000000e+00  0.00000000e+00  2.50000000e+00  1.37750256e-09 
 4.29500000e-10  4.29500000e-10  2.50000000e+00  2.50000000e+00  0.00000000e+00  2.50000000e+00  1.37753273e-09 
 4.30500000e-10  4.30500000e-10  2.50000000e+00  2.50000000e+00  0.00000000e+00  2.50000000e+00  1.37756079e-09 
 4.31500000e-10  4.31500000e-10  2.50000000e+00  2.50000000e+00  0.00000000e+00  2.50000000e+00  1.37758666e-09 
 4.32500000e-10  4.32500000e-10  2.50000000e+00  2.50000000e+00  0.00000000e+00  2.50000000e+00  1.37761061e-09 
 4.33500000e-10  4.33500000e-10  2.50000000e+00  2.50000000e+00  0.00000000e+00  2.50000000e+00  1.37763279e-09 
 4.34500000e-10  4.34500000e-10  2.50000000e+00  2.50000000e+00  0.00000000e+00  2.50000000e+00  1.37765324e-09 
 4.35500000e-10  4.35500000e-10  2.50000000e+00  2.50000000e+00  0.00000000e+00  2.50000000e+00  1.37767223e-09 
 4.36500000e-10  4.36500000e-10  2.50000000e+00  2.50000000e+00  0.00000000e+00  2.50000000e+00  1.37768988e-09 
 4.37500000e-10  4.37500000e-10  2.50000000e+00  2.50000000e+00  0.00000000e+00  2.50000000e+00  1.37770620e-09 
 4.38500000e-10  4.38500000e-10  2.50000000e+00  2.50000000e+00  0.00000000e+00  2.50000000e+00  1.37772127e-09 
 4.39500000e-10  4.39500000e-10  2.50000000e+00  2.50000000e+00  0.00000000e+00  2.50000000e+00  1.37773526e-09 
 4.40500000e-10  4.40500000e-10  2.50000000e+00  2.50000000e+00  0.00000000e+00  2.50000000e+00  1.37774828e-09 
 4.41500000e-10  4.41500000e-10  2.50000000e+00  2.50000000e+00  0.00000000e+00  2.50000000e+00  1.37776027e-09 
 4.42500000e-10  4.42500000e-10  2.50000000e+00  2.50000000e+00  0.00000000e+00  2.50000000e+00  1.37777131e-09 
 4.43500000e-10  4.43500000e-10  2.50000000e+00  2.50000000e+00  0.00000000e+00  2.50000000e+00  1.37778150e-09 
 4.44500000e-10  4.44500000e-10  2.50000000e+00  2.50000000e+00  0.00000000e+00  2.50000000e+00  1.37779096e-09 
 4.45500000e-10  4.45500000e-10  2.50000000e+00  2.50000000e+00  0.00000000e+00  2.50000000e+00  1.37779974e-09 
 4.46500000e-10  4.46500000e-10  2.50000000e+00  2.50000000e+00  0.00000000e+00  2.50000000e+00  1.37780790e-09 
 4.47500000e-10  4.47500000e-10  2.50000000e+00  2.50000000e+00  0.00000000e+00  2.50000000e+00  1.37781542e-09 
 4.48500000e-10  4.48500000e-10  2.50000000e+00  2.50000000e+00  0.00000000e+00  2.50000000e+00  1.37782227e-09 
 4.49500000e-10  4.49500000e-10  2.50000000e+00  2.50000000e+00  0.00000000e+00  2.50000000e+00  1.37782871e-09 
 4.50500000e-10  4.50500000e-10  2.50000000e+00  2.50000000e+00  0.00000000e+00  2.50000000e+00  1.37783465e-09 
 4.51500000e-10  4.51500000e-10  2.50000000e+00  2.50000000e+00  0.00000000e+00  2.50000000e+00  1.37784029e-09 
 4.52500000e-10  4.52500000e-10  2.50000000e+00  2.50000000e+00  0.00000000e+00  2.50000000e+00  1.37784553e-09 
 4.53500000e-10  4.53500000e-10  2.50000000e+00  2.50000000e+00  0.00000000e+00  2.50000000e+00  1.37785025e-09 
 4.54500000e-10  4.54500000e-10  2.50000000e+00  2.50000000e+00  0.00000000e+00  2.50000000e+00  1.37785464e-09 
 4.55500000e-10  4.55500000e-10  2.50000000e+00  2.50000000e+00  0.00000000e+00  2.50000000e+00  1.37785869e-09 
 4.56500000e-10  4.56500000e-10  2.50000000e+00  2.50000000e+00  0.00000000e+00  2.50000000e+00  1.37786244e-09 
 4.57500000e-10  4.57500000e-10  2.50000000e+00  2.50000000e+00  0.00000000e+00  2.50000000e+00  1.37786590e-09 
 4.58500000e-10  4.58500000e-10  2.50000000e+00  2.50000000e+00  0.00000000e+00  2.50000000e+00  1.37786904e-09 
 4.59500000e-10  4.59500000e-10  2.50000000e+00  2.50000000e+00  0.00000000e+00  2.50000000e+00  1.37787201e-09 
 4.60500000e-10  4.60500000e-10  2.50000000e+00  2.50000000e+00  0.00000000e+00  2.50000000e+00  1.37787476e-09 
 4.61500000e-10  4.61500000e-10  2.50000000e+00  2.50000000e+00  0.00000000e+00  2.50000000e+00  1.37787728e-09 
 4.62500000e-10  4.62500000e-10  2.50000000e+00  2.50000000e+00  0.00000000e+00  2.50000000e+00  1.37787967e-09 
 4.63500000e-10  4.63500000e-10  2.50000000e+00  2.50000000e+00  0.00000000e+00  2.50000000e+00  1.37788184e-09 
 4.64500000e-10  4.64500000e-10  2.50000000e+00  2.50000000e+00  0.00000000e+00  2.50000000e+00  1.37788392e-09 
 4.65500000e-10  4.65500000e-10  2.50000000e+00  2.50000000e+00  0.00000000e+00  2.50000000e+00  1.37788594e-09 
 4.66500000e-10  4.66500000e-10  2.50000000e+00  2.50000000e+00  0.00000000e+00  2.50000000e+00  1.37788767e-09 
 4.67500000e-10  4.67500000e-10  2.50000000e+00  2.50000000e+00  0.00000000e+00  2.50000000e+00  1.37788919e-09 
 4.68500000e-10  4.68500000e-10  2.50000000e+00  2.50000000e+00  0.00000000e+00  2.50000000e+00  1.37789072e-09 
 4.69500000e-10  4.69500000e-10  2.50000000e+00  2.50000000e+00  0.00000000e+00  2.50000000e+00  1.37789211e-09 
 4.70500000e-10  4.70500000e-10  2.50000000e+00  2.50000000e+00  0.00000000e+00  2.50000000e+00  1.37789344e-09 
 4.71500000e-10  4.71500000e-10  2.50000000e+00  2.50000000e+00  0.00000000e+00  2.50000000e+00  1.37789471e-09 
 4.72500000e-10  4.72500000e-10  2.50000000e+00  2.50000000e+00  0.00000000e+00  2.50000000e+00  1.37789585e-09 
 4.73500000e-10  4.73500000e-10  2.50000000e+00  2.50000000e+00  0.00000000e+00  2.50000000e+00  1.37789696e-09 
 4.74500000e-10  4.74500000e-10  2.50000000e+00  2.50000000e+00  0.00000000e+00  2.50000000e+00  1.37789782e-09 
 4.75500000e-10  4.75500000e-10  2.50000000e+00  2.50000000e+00  0.00000000e+00  2.50000000e+00  1.37789857e-09 
 4.76500000e-10  4.76500000e-10  2.50000000e+00  2.50000000e+00  0.00000000e+00  2.50000000e+00  1.37789941e-09 
 4.77500000e-10  4.77500000e-10  2.50000000e+00  2.50000000e+00  0.00000000e+00  2.50000000e+00  1.37790024e-09 
 4.78500000e-10  4.78500000e-10  2.50000000e+00  2.50000000e+00  0.00000000e+00  2.50000000e+00  1.37790090e-09 
 4.79500000e-10  4.79500000e-10  2.50000000e+00  2.50000000e+00  0.00000000e+00  2.50000000e+00  1.37790157e-09 
 4.80500000e-10  4.80500000e-10  2.50000000e+00  2.50000000e+00  0.00000000e+00  2.50000000e+00  1.37790224e-09 
 4.81500000e-10  4.81500000e-10  2.50000000e+00  2.50000000e+00  0.00000000e+00  2.50000000e+00  1.37790282e-09 
 4.82500000e-10  4.82500000e-10  2.50000000e+00  2.50000000e+00  0.00000000e+00  2.50000000e+00  1.37790332e-09 
 4.83500000e-10  4.83500000e-10  2.50000000e+00  2.50000000e+00  0.00000000e+00  2.50000000e+00  1.37790385e-09 
 4.84500000e-10  4.84500000e-10  2.50000000e+00  2.50000000e+00  0.00000000e+00  2.50000000e+00  1.37790437e-09 
 4.85500000e-10  4.85500000e-10  2.50000000e+00  2.50000000e+00  0.00000000e+00  2.50000000e+00  1.37790471e-09 
 4.86500000e-10  4.86500000e-10  2.50000000e+00  2.50000000e+00  0.00000000e+00  2.50000000e+00  1.37790507e-09 
 4.87500000e-10  4.87500000e-10  2.50000000e+00  2.50000000e+00  0.00000000e+00  2.50000000e+00  1.37790546e-09 
 4.88500000e-10  4.88500000e-10  2.50000000e+00  2.50000000e+00  0.00000000e+00  2.50000000e+00  1.37790582e-09 
 4.89500000e-10  4.89500000e-10  2.50000000e+00  2.50000000e+00  0.00000000e+00  2.50000000e+00  1.37790609e-09 
 4.90500000e-10  4.90500000e-10  2.50000000e+00  2.50000000e+00  0.00000000e+00  2.50000000e+00  1.37790637e-09 
 4.91500000e-10  4.91500000e-10  2.50000000e+00  2.50000000e+00  0.00000000e+00  2.50000000e+00  1.37790659e-09 
 4.92500000e-10  4.92500000e-10  2.50000000e+00  2.50000000e+00  0.00000000e+00  2.50000000e+00  1.37790682e-09 
 4.93500000e-10  4.93500000e-10  2.50000000e+00  2.50000000e+00  0.00000000e+00  2.50000000e+00  1.37790698e-09 
 4.94500000e-10  4.94500000e-10  2.50000000e+00  2.50000000e+00  0.00000000e+00  2.50000000e+00  1.37790721e-09 
 4.95500000e-10  4.95500000e-10  2.50000000e+00  2.50000000e+00  0.00000000e+00  2.50000000e+00  1.37790743e-09 
 4.96500000e-10  4.96500000e-10  2.50000000e+00  2.50000000e+00  0.00000000e+00  2.50000000e+00  1.37790770e-09 
 4.97500000e-10  4.97500000e-10  2.50000000e+00  2.50000000e+00  0.00000000e+00  2.50000000e+00  1.37790787e-09 
 4.98500000e-10  4.98500000e-10  2.50000000e+00  2.50000000e+00  0.00000000e+00  2.50000000e+00  1.37790798e-09 
 4.99500000e-10  4.99500000e-10  2.50000000e+00  2.50000000e+00  0.00000000e+00  2.50000000e+00  1.37790809e-09 
 5.00500000e-10  5.00500000e-10  2.50000000e+00  2.50000000e+00  0.00000000e+00  2.50000000e+00  1.37790823e-09 
 5.01500000e-10  5.01500000e-10  2.50000000e+00  2.50000000e+00  0.00000000e+00  2.50000000e+00  1.37790840e-09 
 5.02500000e-10  5.02500000e-10  2.50000000e+00  2.50000000e+00  0.00000000e+00  2.50000000e+00  1.37790851e-09 
 5.03500000e-10  5.03500000e-10  2.50000000e+00  2.50000000e+00  0.00000000e+00  2.50000000e+00  1.37790851e-09 
 5.04500000e-10  5.04500000e-10  2.50000000e+00  2.50000000e+00  0.00000000e+00  2.50000000e+00  1.37790859e-09 
 5.05500000e-10  5.05500000e-10  2.50000000e+00  2.50000000e+00  0.00000000e+00  2.50000000e+00  1.37790870e-09 
 5.06500000e-10  5.06500000e-10  2.50000000e+00  2.50000000e+00  0.00000000e+00  2.50000000e+00  1.37790873e-09 
 5.07500000e-10  5.07500000e-10  2.50000000e+00  2.50000000e+00  0.00000000e+00  2.50000000e+00  1.37790876e-09 
 5.08500000e-10  5.08500000e-10  2.50000000e+00  2.50000000e+00  0.00000000e+00  2.50000000e+00  1.37790879e-09 
 5.09500000e-10  5.09500000e-10  2.50000000e+00  2.50000000e+00  0.00000000e+00  2.50000000e+00  1.37790873e-09 
 5.10500000e-10  5.10500000e-10  2.50000000e+00  2.50000000e+00  0.00000000e+00  2.50000000e+00  1.37790870e-09 
 5.11500000e-10  5.11500000e-10  2.50000000e+00  2.50000000e+00  0.00000000e+00  2.50000000e+00  1.37790876e-09 
 5.12500000e-10  5.12500000e-10  2.50000000e+00  2.50000000e+00  0.00000000e+00  2.50000000e+00  1.37790884e-09 
 5.13500000e-10  5.13500000e-10  2.50000000e+00  2.50000000e+00  0.00000000e+00  2.50000000e+00  1.37790879e-09 
 5.14500000e-10  5.14500000e-10  2.50000000e+00  2.50000000e+00  0.00000000e+00  2.50000000e+00  1.37790870e-09 
 5.15500000e-10  5.15500000e-10  2.50000000e+00  2.50000000e+00  0.00000000e+00  2.50000000e+00  1.37790876e-09 
 5.16500000e-10  5.16500000e-10  2.50000000e+00  2.50000000e+00  0.00000000e+00  2.50000000e+00  1.37790884e-09 
 5.17500000e-10  5.17500000e-10  2.50000000e+00  2.50000000e+00  0.00000000e+00  2.50000000e+00  1.37790879e-09 
 5.18500000e-10  5.18500000e-10  2.50000000e+00  2.50000000e+00  0.00000000e+00  2.50000000e+00  1.37790870e-09 
 5.19250000e-10  5.19250000e-10  2.50000000e+00  2.50000000e+00  0.00000000e+00  2.50000000e+00  1.37790879e-09 
 5.20000000e-10  5.20000000e-10  2.50000000e+00  2.50000000e+00  0.00000000e+00  2.50000000e+00  1.37790887e-09 
 5.20100000e-10  5.20100000e-10  2.48750000e+00  2.50000000e+00  0.00000000e+00  2.50203320e+00  1.90653538e-04 
 5.20300000e-10  5.20300000e-10  2.46250000e+00  2.50000000e+00  0.00000000e+00  2.50605989e+00  5.65093966e-04 
 5.20700000e-10  5.20700000e-10  2.41250000e+00  2.50000000e+00  0.00000000e+00  2.51389363e+00  1.27516075e-03 
 5.21500000e-10  5.21500000e-10  2.31250000e+00  2.50000000e+00  0.00000000e+00  2.52877394e+00  2.55410026e-03 
 5.22500000e-10  5.22500000e-10  2.18750000e+00  2.50000000e+00  0.00000000e+00  2.54610770e+00  3.92067415e-03 
 5.23500000e-10  5.23500000e-10  2.06250000e+00  2.50000000e+00  0.00000000e+00  2.56229942e+00  5.07072287e-03 
 5.24500000e-10  5.24500000e-10  1.93750000e+00  2.50000000e+00  0.00000000e+00  2.57760417e+00  6.04371635e-03 
 5.25500000e-10  5.25500000e-10  1.81250000e+00  2.50000000e+00  0.00000000e+00  2.59224319e+00  6.87321100e-03 
 5.26500000e-10  5.26500000e-10  1.68750000e+00  2.50000000e+00  0.00000000e+00  2.60641142e+00  7.58789097e-03 
 5.27500000e-10  5.27500000e-10  1.56250000e+00  2.50000000e+00  0.00000000e+00  2.62028385e+00  8.21244057e-03 
 5.28500000e-10  5.28500000e-10  1.43750000e+00  2.50000000e+00  0.00000000e+00  2.63402095e+00  8.76829760e-03 
 5.29500000e-10  5.29500000e-10  1.31250000e+00  2.50000000e+00  0.00000000e+00  2.64777365e+00  9.27431363e-03 
 5.30500000e-10  5.30500000e-10  1.18750000e+00  2.50000000e+00  0.00000000e+00  2.66168822e+00  9.74736091e-03 
 5.31500000e-10  5.31500000e-10  1.06250000e+00  2.50000000e+00  0.00000000e+00  2.67592654e+00  1.02042875e-02 
 5.32500000e-10  5.32500000e-10  9.37500000e-01  2.50000000e+00  0.00000000e+00  2.69068162e+00  1.06632643e-02 
 5.33500000e-10  5.33500000e-10  8.12500000e-01  2.50000000e+00  0.00000000e+00  2.70615327e+00  1.11414167e-02 
 5.34500000e-10  5.34500000e-10  6.87500000e-01  2.50000000e+00  0.00000000e+00  2.72255634e+00  1.16556014e-02 
 5.35500000e-10  5.35500000e-10  5.62500000e-01  2.50000000e+00  0.00000000e+00  2.74017022e+00  1.22268181e-02 
 5.36500000e-10  5.36500000e-10  4.37500000e-01  2.50000000e+00  0.00000000e+00  2.75936817e+00  1.28823815e-02 
 5.37500000e-10  5.37500000e-10  3.12500000e-01  2.50000000e+00  0.00000000e+00  2.78024107e+00  1.36213254e-02 
 5.38500000e-10  5.38500000e-10  1.87500000e-01  2.50000000e+00  0.00000000e+00  2.80226351e+00  1.43869685e-02 
 5.39250000e-10  5.39250000e-10  9.37500000e-02  2.50000000e+00  0.00000000e+00  2.81917710e+00  1.49436992e-02 
 5.40000000e-10  5.40000000e-10  0.00000000e+00  2.50000000e+00  0.00000000e+00  2.83624862e+00  1.54692589e-02 
 5.40100000e-10  5.40100000e-10  0.00000000e+00  2.50000000e+00  0.00000000e+00  2.83623359e+00  1.53212834e-02 
 5.40300000e-10  5.40300000e-10  0.00000000e+00  2.50000000e+00  0.00000000e+00  2.83620383e+00  1.50281593e-02 
 5.40700000e-10  5.40700000e-10  0.00000000e+00  2.50000000e+00  0.00000000e+00  2.83614596e+00  1.44585482e-02 
 5.41500000e-10  5.41500000e-10  0.00000000e+00  2.50000000e+00  0.00000000e+00  2.83603573e+00  1.33827217e-02 
 5.42500000e-10  5.42500000e-10  0.00000000e+00  2.50000000e+00  0.00000000e+00  2.83590558e+00  1.21489946e-02 
 5.43500000e-10  5.43500000e-10  0.00000000e+00  2.50000000e+00  0.00000000e+00  2.83578090e+00  1.10282914e-02 
 5.44500000e-10  5.44500000e-10  0.00000000e+00  2.50000000e+00  0.00000000e+00  2.83565935e+00  1.00101160e-02 
 5.45500000e-10  5.45500000e-10  0.00000000e+00  2.50000000e+00  0.00000000e+00  2.83553937e+00  9.08499368e-03 
 5.46500000e-10  5.46500000e-10  0.00000000e+00  2.50000000e+00  0.00000000e+00  2.83541992e+00  8.24435760e-03 
 5.47500000e-10  5.47500000e-10  0.00000000e+00  2.50000000e+00  0.00000000e+00  2.83530038e+00  7.48045317e-03 
 5.48500000e-10  5.48500000e-10  0.00000000e+00  2.50000000e+00  0.00000000e+00  2.83518038e+00  6.78625439e-03 
 5.49500000e-10  5.49500000e-10  0.00000000e+00  2.50000000e+00  0.00000000e+00  2.83505976e+00  6.15539091e-03 
 5.50500000e-10  5.50500000e-10  0.00000000e+00  2.50000000e+00  0.00000000e+00  2.83493848e+00  5.58208347e-03 
 5.51500000e-10  5.51500000e-10  0.00000000e+00  2.50000000e+00  0.00000000e+00  2.83481660e+00  5.06108668e-03 
 5.52500000e-10  5.52500000e-10  0.00000000e+00  2.50000000e+00  0.00000000e+00  2.83469424e+00  4.58763783e-03 
 5.53500000e-10  5.53500000e-10  0.00000000e+00  2.50000000e+00  0.00000000e+00  2.83457155e+00  4.15741122e-03 
 5.54500000e-10  5.54500000e-10  0.00000000e+00  2.50000000e+00  0.00000000e+00  2.83444872e+00  3.76647699e-03 
 5.55500000e-10  5.55500000e-10  0.00000000e+00  2.50000000e+00  0.00000000e+00  2.83432593e+00  3.41126417e-03 
 5.56500000e-10  5.56500000e-10  0.00000000e+00  2.50000000e+00  0.00000000e+00  2.83420336e+00  3.08852735e-03 
 5.57500000e-10  5.57500000e-10  0.00000000e+00  2.50000000e+00  0.00000000e+00  2.83408120e+00  2.79531660e-03 
 5.58500000e-10  5.58500000e-10  0.00000000e+00  2.50000000e+00  0.00000000e+00  2.83395961e+00  2.52895021e-03 
 5.59500000e-10  5.59500000e-10  0.00000000e+00  2.50000000e+00  0.00000000e+00  2.83383876e+00  2.28699011e-03 
 5.60500000e-10  5.60500000e-10  0.00000000e+00  2.50000000e+00  0.00000000e+00  2.83371879e+00  2.06721954e-03 
 5.61500000e-10  5.61500000e-10  0.00000000e+00  2.50000000e+00  0.00000000e+00  2.83359984e+00  1.86762286e-03 
 5.62500000e-10  5.62500000e-10  0.00000000e+00  2.50000000e+00  0.00000000e+00  2.83348201e+00  1.68636722e-03 
 5.63500000e-10  5.63500000e-10  0.00000000e+00  2.50000000e+00  0.00000000e+00  2.83336542e+00  1.52178589e-03 
 5.64500000e-10  5.64500000e-10  0.00000000e+00  2.50000000e+00  0.00000000e+00  2.83325016e+00  1.37236321e-03 
 5.65500000e-10  5.65500000e-10  0.00000000e+00  2.50000000e+00  0.00000000e+00  2.83313629e+00  1.23672061e-03 
 5.66500000e-10  5.66500000e-10  0.00000000e+00  2.50000000e+00  0.00000000e+00  2.83302389e+00  1.11360436e-03 
 5.67500000e-10  5.67500000e-10  0.00000000e+00  2.50000000e+00  0.00000000e+00  2.83291300e+00  1.00187458e-03 
 5.68500000e-10  5.68500000e-10  0.00000000e+00  2.50000000e+00  0.00000000e+00  2.83280368e+00  9.00494788e-04 
 5.69500000e-10  5.69500000e-10  0.00000000e+00  2.50000000e+00  0.00000000e+00  2.83269596e+00  8.08522392e-04 
 5.70500000e-10  5.70500000e-10  0.00000000e+00  2.50000000e+00  0.00000000e+00  2.83258986e+00  7.25100218e-04 
 5.71500000e-10  5.71500000e-10  0.00000000e+00  2.50000000e+00  0.00000000e+00  2.83248542e+00  6.49448764e-04 
 5.72500000e-10  5.72500000e-10  0.00000000e+00  2.50000000e+00  0.00000000e+00  2.83238265e+00  5.80859181e-04 
 5.73500000e-10  5.73500000e-10  0.00000000e+00  2.50000000e+00  0.00000000e+00  2.83228154e+00  5.18686878e-04 
 5.74500000e-10  5.74500000e-10  0.00000000e+00  2.50000000e+00  0.00000000e+00  2.83218212e+00  4.62345708e-04 
 5.75500000e-10  5.75500000e-10  0.00000000e+00  2.50000000e+00  0.00000000e+00  2.83208437e+00  4.11302686e-04 
 5.76500000e-10  5.76500000e-10  0.00000000e+00  2.50000000e+00  0.00000000e+00  2.83198830e+00  3.65073180e-04 
 5.77500000e-10  5.77500000e-10  0.00000000e+00  2.50000000e+00  0.00000000e+00  2.83189389e+00  3.23216532e-04 
 5.78500000e-10  5.78500000e-10  0.00000000e+00  2.50000000e+00  0.00000000e+00  2.83180112e+00  2.85332086e-04 
 5.79500000e-10  5.79500000e-10  0.00000000e+00  2.50000000e+00  0.00000000e+00  2.83171000e+00  2.51055564e-04 
 5.80500000e-10  5.80500000e-10  0.00000000e+00  2.50000000e+00  0.00000000e+00  2.83162049e+00  2.20055779e-04 
 5.81500000e-10  5.81500000e-10  0.00000000e+00  2.50000000e+00  0.00000000e+00  2.83153259e+00  1.92031634e-04 
 5.82500000e-10  5.82500000e-10  0.00000000e+00  2.50000000e+00  0.00000000e+00  2.83144626e+00  1.66709405e-04 
 5.83500000e-10  5.83500000e-10  0.00000000e+00  2.50000000e+00  0.00000000e+00  2.83136149e+00  1.43840259e-04 
 5.84500000e-10  5.84500000e-10  0.00000000e+00  2.50000000e+00  0.00000000e+00  2.83127826e+00  1.23197998e-04 
 5.85500000e-10  5.85500000e-10  0.00000000e+00  2.50000000e+00  0.00000000e+00  2.83119654e+00  1.04577014e-04 
 5.86500000e-10  5.86500000e-10  0.00000000e+00  2.50000000e+00  0.00000000e+00  2.83111630e+00  8.77904211e-05 
 5.87500000e-10  5.87500000e-10  0.00000000e+00  2.50000000e+00  0.00000000e+00  2.83103753e+00  7.26683580e-05 
 5.88500000e-10  5.88500000e-10  0.00000000e+00  2.50000000e+00  0.00000000e+00  2.83096019e+00  5.90564468e-05 
 5.89500000e-10  5.89500000e-10  0.00000000e+00  2.50000000e+00  0.00000000e+00  2.83088426e+00  4.68143884e-05 
 5.90500000e-10  5.90500000e-10  0.00000000e+00  2.50000000e+00  0.00000000e+00  2.83080971e+00  3.58146860e-05 
 5.91500000e-10  5.91500000e-10  0.00000000e+00  2.50000000e+00  0.00000000e+00  2.83073651e+00  2.59414838e-05 
 5.92500000e-10  5.92500000e-10  0.00000000e+00  2.50000000e+00  0.00000000e+00  2.83066465e+00  1.70895110e-05 
 5.93500000e-10  5.93500000e-10  0.00000000e+00  2.50000000e+00  0.00000000e+00  2.83059409e+00  9.16312086e-06 
 5.94500000e-10  5.94500000e-10  0.00000000e+00  2.50000000e+00  0.00000000e+00  2.83052480e+00  2.07541715e-06 
 5.95500000e-10  5.95500000e-10  0.00000000e+00  2.50000000e+00  0.00000000e+00  2.83045677e+00 -4.25254033e-06 
 5.96500000e-10  5.96500000e-10  0.00000000e+00  2.50000000e+00  0.00000000e+00  2.83038996e+00 -9.89245799e-06 
 5.97500000e-10  5.97500000e-10  0.00000000e+00  2.50000000e+00  0.00000000e+00  2.83032435e+00 -1.49094662e-05 
 5.98500000e-10  5.98500000e-10  0.00000000e+00  2.50000000e+00  0.00000000e+00  2.83025991e+00 -1.93627176e-05 
 5.99250000e-10  5.99250000e-10  0.00000000e+00  2.50000000e+00  0.00000000e+00  2.83021234e+00 -2.23638950e-05 
 6.00000000e-10  6.00000000e-10  0.00000000e+00  2.50000000e+00  0.00000000e+00  2.83016540e+00 -2.50992762e-05 
 6.00100000e-10  6.00100000e-10  0.00000000e+00  2.50000000e+00  1.25000000e-02  2.83015983e+00 -2.53836360e-05 
 6.00300000e-10  6.00300000e-10  0.00000000e+00  2.50000000e+00  3.75000000e-02  2.83014985e+00 -2.58374640e-05 
 6.00700000e-10  6.00700000e-10  0.00000000e+00  2.50000000e+00  8.75000000e-02  2.83013600e+00 -2.61519774e-05 
 6.01500000e-10  6.01500000e-10  0.00000000e+00  2.50000000e+00  1.87500000e-01  2.83012446e+00 -2.52755565e-05 
 6.02500000e-10  6.02500000e-10  0.00000000e+00  2.50000000e+00  3.12500000e-01  2.83012265e+00 -2.31324326e-05 
 6.03500000e-10  6.03500000e-10  0.00000000e+00  2.50000000e+00  4.37500000e-01  2.83012270e+00 -2.10172430e-05 
 6.04500000e-10  6.04500000e-10  0.00000000e+00  2.50000000e+00  5.62500000e-01  2.83012272e+00 -1.90968681e-05 
 6.05500000e-10  6.05500000e-10  0.00000000e+00  2.50000000e+00  6.87500000e-01  2.83012273e+00 -1.73533645e-05 
 6.06500000e-10  6.06500000e-10  0.00000000e+00  2.50000000e+00  8.12500000e-01  2.83012272e+00 -1.57704418e-05 
 6.07500000e-10  6.07500000e-10  0.00000000e+00  2.50000000e+00  9.37500000e-01  2.83012270e+00 -1.43333099e-05 
 6.08500000e-10  6.08500000e-10  0.00000000e+00  2.50000000e+00  1.06250000e+00  2.83012266e+00 -1.30285410e-05 
 6.09500000e-10  6.09500000e-10  0.00000000e+00  2.50000000e+00  1.18750000e+00  2.83012261e+00 -1.18439441e-05 
 6.10500000e-10  6.10500000e-10  0.00000000e+00  2.50000000e+00  1.31250000e+00  2.83012255e+00 -1.07684509e-05 
 6.11500000e-10  6.11500000e-10  0.00000000e+00  2.50000000e+00  1.43750000e+00  2.83012248e+00 -9.79201279e-06 
 6.12500000e-10  6.12500000e-10  0.00000000e+00  2.50000000e+00  1.56250000e+00  2.83012240e+00 -8.90550644e-06 
 6.13500000e-10  6.13500000e-10  0.00000000e+00  2.50000000e+00  1.68750000e+00  2.83012231e+00 -8.10064894e-06 
 6.14500000e-10  6.14500000e-10  0.00000000e+00  2.50000000e+00  1.81250000e+00  2.83012221e+00 -7.36992020e-06 
 6.15500000e-10  6.15500000e-10  0.00000000e+00  2.50000000e+00  1.93750000e+00  2.83012211e+00 -6.70649280e-06 
 6.16500000e-10  6.16500000e-10  0.00000000e+00  2.50000000e+00  2.06250000e+00  2.83012200e+00 -6.10416812e-06 
 6.17500000e-10  6.17500000e-10  0.00000000e+00  2.50000000e+00  2.18750000e+00  2.83012189e+00 -5.55731847e-06 
 6.18500000e-10  6.18500000e-10  0.00000000e+00  2.50000000e+00  2.31250000e+00  2.83012177e+00 -5.06083449e-06 
 6.19250000e-10  6.19250000e-10  0.00000000e+00  2.50000000e+00  2.40625000e+00  2.83012168e+00 -4.71882928e-06 
 6.20000000e-10  6.20000000e-10  0.00000000e+00  2.50000000e+00  2.50000000e+00  2.83012158e+00 -4.40072358e-06 
 6.20100000e-10  6.20100000e-10  0.00000000e+00  2.50000000e+00  2.50000000e+00  2.83012157e+00 -4.36023599e-06 
 6.20300000e-10  6.20300000e-10  0.00000000e+00  2.50000000e+00  2.50000000e+00  2.83012154e+00 -4.28003515e-06 
 6.20700000e-10  6.20700000e-10  0.00000000e+00  2.50000000e+00  2.50000000e+00  2.83012149e+00 -4.12419136e-06 
 6.21500000e-10  6.21500000e-10  0.00000000e+00  2.50000000e+00  2.50000000e+00  2.83012138e+00 -3.82988799e-06 
 6.22500000e-10  6.22500000e-10  0.00000000e+00  2.50000000e+00  2.50000000e+00  2.83012125e+00 -3.49250271e-06 
 6.23500000e-10  6.23500000e-10  0.00000000e+00  2.50000000e+00  2.50000000e+00  2.83012111e+00 -3.18619102e-06 
 6.24500000e-10  6.24500000e-10  0.00000000e+00  2.50000000e+00  2.50000000e+00  2.83012097e+00 -2.90809101e-06 
 6.25500000e-10  6.25500000e-10  0.00000000e+00  2.50000000e+00  2.50000000e+00  2.83012082e+00 -2.65560431e-06 
 6.26500000e-10  6.26500000e-10  0.00000000e+00  2.50000000e+00  2.50000000e+00  2.83012068e+00 -2.42637191e-06 
 6.27500000e-10  6.27500000e-10  0.00000000e+00  2.50000000e+00  2.50000000e+00  2.83012053e+00 -2.21825204e-06 
 6.28500000e-10  6.28500000e-10  0.00000000e+00  2.50000000e+00  2.50000000e+00  2.83012038e+00 -2.02930020e-06 
 6.29500000e-10  6.29500000e-10  0.00000000e+00  2.50000000e+00  2.50000000e+00  2.83012023e+00 -1.85775099e-06 
 6.30500000e-10  6.30500000e-10  0.00000000e+00  2.50000000e+00  2.50000000e+00  2.83012007e+00 -1.70200160e-06 
 6.31500000e-10  6.31500000e-10  0.00000000e+00  2.50000000e+00  2.50000000e+00  2.83011992e+00 -1.56059685e-06 
 6.32500000e-10  6.32500000e-10  0.00000000e+00  2.50000000e+00  2.50000000e+00  2.83011976e+00 -1.43221556e-06 
 6.33500000e-10  6.33500000e-10  0.00000000e+00  2.50000000e+00  2.50000000e+00  2.83011960e+00 -1.31565826e-06 
 6.34500000e-10  6.34500000e-10  0.00000000e+00  2.50000000e+00  2.50000000e+00  2.83011944e+00 -1.20983595e-06 
 6.35500000e-10  6.35500000e-10  0.00000000e+00  2.50000000e+00  2.50000000e+00  2.83011928e+00 -1.11375990e-06 
 6.36500000e-10  6.36500000e-10  0.00000000e+00  2.50000000e+00  2.50000000e+00  2.83011912e+00 -1.02653249e-06 
 6.37500000e-10  6.37500000e-10  0.00000000e+00  2.50000000e+00  2.50000000e+00  2.83011896e+00 -9.47338736e-07 
 6.38500000e-10  6.38500000e-10  0.00000000e+00  2.50000000e+00  2.50000000e+00  2.83011880e+00 -8.75438728e-07 
 6.39500000e-10  6.39500000e-10  0.00000000e+00  2.50000000e+00  2.50000000e+00  2.83011863e+00 -8.10160703e-07 
 6.40500000e-10  6.40500000e-10  0.00000000e+00  2.50000000e+00  2.50000000e+00  2.83011847e+00 -7.50894767e-07 
 6.41500000e-10  6.41500000e-10  0.00000000e+00  2.50000000e+00  2.50000000e+00  2.83011831e+00 -6.97087198e-07 
 6.42500000e-10  6.42500000e-10  0.00000000e+00  2.50000000e+00  2.50000000e+00  2.83011814e+00 -6.48235274e-07 
 6.43500000e-10  6.43500000e-10  0.00000000e+00  2.50000000e+00  2.50000000e+00  2.83011798e+00 -6.03882574e-07 
 6.44500000e-10  6.44500000e-10  0.00000000e+00  2.50000000e+00  2.50000000e+00  2.83011781e+00 -5.63614712e-07 
 6.45500000e-10  6.45500000e-10  0.00000000e+00  2.50000000e+00  2.50000000e+00  2.83011764e+00 -5.27055470e-07 
 6.46500000e-10  6.46500000e-10  0.00000000e+00  2.50000000e+00  2.50000000e+00  2.83011748e+00 -4.93863279e-07 
 6.47500000e-10  6.47500000e-10  0.00000000e+00  2.50000000e+00  2.50000000e+00  2.83011731e+00 -4.63728030e-07 
 6.48500000e-10  6.48500000e-10  0.00000000e+00  2.50000000e+00  2.50000000e+00  2.83011714e+00 -4.36368174e-07 
 6.49500000e-10  6.49500000e-10  0.00000000e+00  2.50000000e+00  2.50000000e+00  2.83011698e+00 -4.11528094e-07 
 6.50500000e-10  6.50500000e-10  0.00000000e+00  2.50000000e+00  2.50000000e+00  2.83011681e+00 -3.88975716e-07 
 6.51500000e-10  6.51500000e-10  0.00000000e+00  2.50000000e+00  2.50000000e+00  2.83011664e+00 -3.68500340e-07 
 6.52500000e-10  6.52500000e-10  0.00000000e+00  2.50000000e+00  2.50000000e+00  2.83011647e+00 -3.49910670e-07 
 6.53500000e-10  6.53500000e-10  0.00000000e+00  2.50000000e+00  2.50000000e+00  2.83011631e+00 -3.33033032e-07 
 6.54500000e-10  6.54500000e-10  0.00000000e+00  2.50000000e+00  2.50000000e+00  2.83011614e+00 -3.17709744e-07 
 6.55500000e-10  6.55500000e-10  0.00000000e+00  2.50000000e+00  2.50000000e+00  2.83011597e+00 -3.03797650e-07 
 6.56500000e-10  6.56500000e-10  0.00000000e+00  2.50000000e+00  2.50000000e+00  2.83011580e+00 -2.91166776e-07 
 6.57500000e-10  6.57500000e-10  0.00000000e+00  2.50000000e+00  2.50000000e+00  2.83011563e+00 -2.79699122e-07 
 6.58500000e-10  6.58500000e-10  0.00000000e+00  2.50000000e+00  2.50000000e+00  2.83011546e+00 -2.69287553e-07 
 6.59500000e-10  6.59500000e-10  0.00000000e+00  2.50000000e+00  2.50000000e+00  2.83011529e+00 -2.59834801e-07 
 6.60500000e-10  6.60500000e-10  0.00000000e+00  2.50000000e+00  2.50000000e+00  2.83011513e+00 -2.51252560e-07 
 6.61500000e-10  6.61500000e-10  0.00000000e+00  2.50000000e+00  2.50000000e+00  2.83011496e+00 -2.43460654e-07 
 6.62500000e-10  6.62500000e-10  0.00000000e+00  2.50000000e+00  2.50000000e+00  2.83011479e+00 -2.36386292e-07 
 6.63500000e-10  6.63500000e-10  0.00000000e+00  2.50000000e+00  2.50000000e+00  2.83011462e+00 -2.29963388e-07 
 6.64500000e-10  6.64500000e-10  0.00000000e+00  2.50000000e+00  2.50000000e+00  2.83011445e+00 -2.24131942e-07 
 6.65500000e-10  6.65500000e-10  0.00000000e+00  2.50000000e+00  2.50000000e+00  2.83011428e+00 -2.18837479e-07 
 6.66500000e-10  6.66500000e-10  0.00000000e+00  2.50000000e+00  2.50000000e+00  2.83011411e+00 -2.14030543e-07 
 6.67500000e-10  6.67500000e-10  0.00000000e+00  2.50000000e+00  2.50000000e+00  2.83011394e+00 -2.09666232e-07 
 6.68500000e-10  6.68500000e-10  0.00000000e+00  2.50000000e+00  2.50000000e+00  2.83011377e+00 -2.05703780e-07 
 6.69500000e-10  6.69500000e-10  0.00000000e+00  2.50000000e+00  2.50000000e+00  2.83011360e+00 -2.02106176e-07 
 6.70500000e-10  6.70500000e-10  0.00000000e+00  2.50000000e+00  2.50000000e+00  2.83011343e+00 -1.98839816e-07 
 6.71500000e-10  6.71500000e-10  0.00000000e+00  2.50000000e+00  2.50000000e+00  2.83011326e+00 -1.95874192e-07 
 6.72500000e-10  6.72500000e-10  0.00000000e+00  2.50000000e+00  2.50000000e+00  2.83011309e+00 -1.93181606e-07 
 6.73500000e-10  6.73500000e-10  0.00000000e+00  2.50000000e+00  2.50000000e+00  2.83011292e+00 -1.90736912e-07 
 6.74500000e-10  6.74500000e-10  0.00000000e+00  2.50000000e+00  2.50000000e+00  2.83011276e+00 -1.88517278e-07 
 6.75500000e-10  6.75500000e-10  0.00000000e+00  2.50000000e+00  2.50000000e+00  2.83011259e+00 -1.86501975e-07 
 6.76500000e-10  6.76500000e-10  0.00000000e+00  2.50000000e+00  2.50000000e+00  2.83011242e+00 -1.84672186e-07 
 6.77500000e-10  6.77500000e-10  0.00000000e+00  2.50000000e+00  2.50000000e+00  2.83011225e+00 -1.83010823e-07 
 6.78500000e-10  6.78500000e-10  0.00000000e+00  2.50000000e+00  2.50000000e+00  2.83011208e+00 -1.81502374e-07 
 6.79500000e-10  6.79500000e-10  0.00000000e+00  2.50000000e+00  2.50000000e+00  2.83011191e+00 -1.80132756e-07 
 6.80500000e-10  6.80500000e-10  0.00000000e+00  2.50000000e+00  2.50000000e+00  2.83011174e+00 -1.78889183e-07 
 6.81500000e-10  6.81500000e-10  0.00000000e+00  2.50000000e+00  2.50000000e+00  2.83011157e+00 -1.77760046e-07 
 6.82500000e-10  6.82500000e-10  0.00000000e+00  2.50000000e+00  2.50000000e+00  2.83011140e+00 -1.76734804e-07 
 6.83500000e-10  6.83500000e-10  0.00000000e+00  2.50000000e+00  2.50000000e+00  2.83011123e+00 -1.75803890e-07 
 6.84500000e-10  6.84500000e-10  0.00000000e+00  2.50000000e+00  2.50000000e+00  2.83011106e+00 -1.74958615e-07 
 6.85500000e-10  6.85500000e-10  0.00000000e+00  2.50000000e+00  2.50000000e+00  2.83011089e+00 -1.74191092e-07 
 6.86500000e-10  6.86500000e-10  0.00000000e+00  2.50000000e+00  2.50000000e+00  2.83011072e+00 -1.73494159e-07 
 6.87500000e-10  6.87500000e-10  0.00000000e+00  2.50000000e+00  2.50000000e+00  2.83011055e+00 -1.72861317e-07 
 6.88500000e-10  6.88500000e-10  0.00000000e+00  2.50000000e+00  2.50000000e+00  2.83011038e+00 -1.72286661e-07 
 6.89500000e-10  6.89500000e-10  0.00000000e+00  2.50000000e+00  2.50000000e+00  2.83011021e+00 -1.71764832e-07 
 6.90500000e-10  6.90500000e-10  0.00000000e+00  2.50000000e+00  2.50000000e+00  2.83011004e+00 -1.71290966e-07 
 6.91500000e-10  6.91500000e-10  0.00000000e+00  2.50000000e+00  2.50000000e+00  2.83010987e+00 -1.70860645e-07 
 6.92500000e-10  6.92500000e-10  0.00000000e+00  2.50000000e+00  2.50000000e+00  2.83010970e+00 -1.70469858e-07 
 6.93500000e-10  6.93500000e-10  0.00000000e+00  2.50000000e+00  2.50000000e+00  2.83010953e+00 -1.70114964e-07 
 6.94500000e-10  6.94500000e-10  0.00000000e+00  2.50000000e+00  2.50000000e+00  2.83010936e+00 -1.69792658e-07 
 6.95500000e-10  6.95500000e-10  0.00000000e+00  2.50000000e+00  2.50000000e+00  2.83010919e+00 -1.69499937e-07 
 6.96500000e-10  6.96500000e-10  0.00000000e+00  2.50000000e+00  2.50000000e+00  2.83010902e+00 -1.69234078e-07 
 6.97500000e-10  6.97500000e-10  0.00000000e+00  2.50000000e+00  2.50000000e+00  2.83010885e+00 -1.68992606e-07 
 6.98500000e-10  6.98500000e-10  0.00000000e+00  2.50000000e+00  2.50000000e+00  2.83010868e+00 -1.68773275e-07 
 6.99500000e-10  6.99500000e-10  0.00000000e+00  2.50000000e+00  2.50000000e+00  2.83010851e+00 -1.68574046e-07 
 7.00500000e-10  7.00500000e-10  0.00000000e+00  2.50000000e+00  2.50000000e+00  2.83010834e+00 -1.68393068e-07 
 7.01500000e-10  7.01500000e-10  0.00000000e+00  2.50000000e+00  2.50000000e+00  2.83010817e+00 -1.68228659e-07 
 7.02500000e-10  7.02500000e-10  0.00000000e+00  2.50000000e+00  2.50000000e+00  2.83010801e+00 -1.68079294e-07 
 7.03500000e-10  7.03500000e-10  0.00000000e+00  2.50000000e+00  2.50000000e+00  2.83010784e+00 -1.67943587e-07 
 7.04500000e-10  7.04500000e-10  0.00000000e+00  2.50000000e+00  2.50000000e+00  2.83010767e+00 -1.67820279e-07 
 7.05500000e-10  7.05500000e-10  0.00000000e+00  2.50000000e+00  2.50000000e+00  2.83010750e+00 -1.67708230e-07 
 7.06500000e-10  7.06500000e-10  0.00000000e+00  2.50000000e+00  2.50000000e+00  2.83010733e+00 -1.67606402e-07 
 7.07500000e-10  7.07500000e-10  0.00000000e+00  2.50000000e+00  2.50000000e+00  2.83010716e+00 -1.67513854e-07 
 7.08500000e-10  7.08500000e-10  0.00000000e+00  2.50000000e+00  2.50000000e+00  2.83010699e+00 -1.67429731e-07 
 7.09500000e-10  7.09500000e-10  0.00000000e+00  2.50000000e+00  2.50000000e+00  2.83010682e+00 -1.67353257e-07 
 7.10500000e-10  7.10500000e-10  0.00000000e+00  2.50000000e+00  2.50000000e+00  2.83010665e+00 -1.67283728e-07 
 7.11500000e-10  7.11500000e-10  0.00000000e+00  2.50000000e+00  2.50000000e+00  2.83010648e+00 -1.67220503e-07 
 7.12500000e-10  7.12500000e-10  0.00000000e+00  2.50000000e+00  2.50000000e+00  2.83010631e+00 -1.67163003e-07 
 7.13500000e-10  7.13500000e-10  0.00000000e+00  2.50000000e+00  2.50000000e+00  2.83010614e+00 -1.67110701e-07 
 7.14500000e-10  7.14500000e-10  0.00000000e+00  2.50000000e+00  2.50000000e+00  2.83010597e+00 -1.67063117e-07 
 7.15500000e-10  7.15500000e-10  0.00000000e+00  2.50000000e+00  2.50000000e+00  2.83010580e+00 -1.67019816e-07 
 7.16500000e-10  7.16500000e-10  0.00000000e+00  2.50000000e+00  2.50000000e+00  2.83010563e+00 -1.66980405e-07 
 7.17500000e-10  7.17500000e-10  0.00000000e+00  2.50000000e+00  2.50000000e+00  2.83010546e+00 -1.66944526e-07 
 7.18500000e-10  7.18500000e-10  0.00000000e+00  2.50000000e+00  2.50000000e+00  2.83010529e+00 -1.66911852e-07 
 7.19500000e-10  7.19500000e-10  0.00000000e+00  2.50000000e+00  2.50000000e+00  2.83010512e+00 -1.66882089e-07 
 7.20500000e-10  7.20500000e-10  0.00000000e+00  2.50000000e+00  2.50000000e+00  2.83010495e+00 -1.66854968e-07 
 7.21500000e-10  7.21500000e-10  0.00000000e+00  2.50000000e+00  2.50000000e+00  2.83010478e+00 -1.66830247e-07 
 7.22500000e-10  7.22500000e-10  0.00000000e+00  2.50000000e+00  2.50000000e+00  2.83010461e+00 -1.66807704e-07 
 7.23500000e-10  7.23500000e-10  0.00000000e+00  2.50000000e+00  2.50000000e+00  2.83010444e+00 -1.66787138e-07 
 7.24500000e-10  7.24500000e-10  0.00000000e+00  2.50000000e+00  2.50000000e+00  2.83010427e+00 -1.66768368e-07 
 7.25500000e-10  7.25500000e-10  0.00000000e+00  2.50000000e+00  2.50000000e+00  2.83010410e+00 -1.66751228e-07 
 7.26500000e-10  7.26500000e-10  0.00000000e+00  2.50000000e+00  2.50000000e+00  2.83010393e+00 -1.66735568e-07 
 7.27500000e-10  7.27500000e-10  0.00000000e+00  2.50000000e+00  2.50000000e+00  2.83010376e+00 -1.66721252e-07 
 7.28500000e-10  7.28500000e-10  0.00000000e+00  2.50000000e+00  2.50000000e+00  2.83010359e+00 -1.66708156e-07 
 7.29500000e-10  7.29500000e-10  0.00000000e+00  2.50000000e+00  2.50000000e+00  2.83010342e+00 -1.66696167e-07 
 7.30500000e-10  7.30500000e-10  0.00000000e+00  2.50000000e+00  2.50000000e+00  2.83010325e+00 -1.66685184e-07 
 7.31500000e-10  7.31500000e-10  0.00000000e+00  2.50000000e+00  2.50000000e+00  2.83010308e+00 -1.66675113e-07 
 7.32500000e-10  7.32500000e-10  0.00000000e+00  2.50000000e+00  2.50000000e+00  2.83010291e+00 -1.66665872e-07 
 7.33500000e-10  7.33500000e-10  0.00000000e+00  2.50000000e+00  2.50000000e+00  2.83010274e+00 -1.66657383e-07 
 7.34500000e-10  7.34500000e-10  0.00000000e+00  2.50000000e+00  2.50000000e+00  2.83010258e+00 -1.66649577e-07 
 7.35500000e-10  7.35500000e-10  0.00000000e+00  2.50000000e+00  2.50000000e+00  2.83010241e+00 -1.66642392e-07 
 7.36500000e-10  7.36500000e-10  0.00000000e+00  2.50000000e+00  2.50000000e+00  2.83010224e+00 -1.66635770e-07 
 7.37500000e-10  7.37500000e-10  0.00000000e+00  2.50000000e+00  2.50000000e+00  2.83010207e+00 -1.66629659e-07 
 7.38500000e-10  7.38500000e-10  0.00000000e+00  2.50000000e+00  2.50000000e+00  2.83010190e+00 -1.66624012e-07 
 7.39500000e-10  7.39500000e-10  0.00000000e+00  2.50000000e+00  2.50000000e+00  2.83010173e+00 -1.66618787e-07 
 7.40500000e-10  7.40500000e-10  0.00000000e+00  2.50000000e+00  2.50000000e+00  2.83010156e+00 -1.66613944e-07 
 7.41500000e-10  7.41500000e-10  0.00000000e+00  2.50000000e+00  2.50000000e+00  2.83010139e+00 -1.66609449e-07 
 7.42500000e-10  7.42500000e-10  0.00000000e+00  2.50000000e+00  2.50000000e+00  2.83010122e+00 -1.66605270e-07 
 7.43500000e-10  7.43500000e-10  0.00000000e+00  2.50000000e+00  2.50000000e+00  2.83010105e+00 -1.66601376e-07 
 7.44500000e-10  7.44500000e-10  0.00000000e+00  2.50000000e+00  2.50000000e+00  2.83010088e+00 -1.66597743e-07 
 7.45500000e-10  7.45500000e-10  0.00000000e+00  2.50000000e+00  2.50000000e+00  2.83010071e+00 -1.66594346e-07 
 7.46500000e-10  7.46500000e-10  0.00000000e+00  2.50000000e+00  2.50000000e+00  2.83010054e+00 -1.66591162e-07 
 7.47500000e-10  7.47500000e-10  0.00000000e+00  2.50000000e+00  2.50000000e+00  2.83010037e+00 -1.66588174e-07 
 7.48500000e-10  7.48500000e-10  0.00000000e+00  2.50000000e+00  2.50000000e+00  2.83010020e+00 -1.66585363e-07 
 7.49500000e-10  7.49500000e-10  0.00000000e+00  2.50000000e+00  2.50000000e+00  2.83010003e+00 -1.66582711e-07 
 7.50500000e-10  7.50500000e-10  0.00000000e+00  2.50000000e+00  2.50000000e+00  2.83009986e+00 -1.66580205e-07 
 7.51500000e-10  7.51500000e-10  0.00000000e+00  2.50000000e+00  2.50000000e+00  2.83009969e+00 -1.66577832e-07 
 7.52500000e-10  7.52500000e-10  0.00000000e+00  2.50000000e+00  2.50000000e+00  2.83009952e+00 -1.66575578e-07 
 7.53500000e-10  7.53500000e-10  0.00000000e+00  2.50000000e+00  2.50000000e+00  2.83009935e+00 -1.66573434e-07 
 7.54500000e-10  7.54500000e-10  0.00000000e+00  2.50000000e+00  2.50000000e+00  2.83009918e+00 -1.66571388e-07 
 7.55500000e-10  7.55500000e-10  0.00000000e+00  2.50000000e+00  2.50000000e+00  2.83009901e+00 -1.66569432e-07 
 7.56500000e-10  7.56500000e-10  0.00000000e+00  2.50000000e+00  2.50000000e+00  2.83009884e+00 -1.66567558e-07 
 7.57500000e-10  7.57500000e-10  0.00000000e+00  2.50000000e+00  2.50000000e+00  2.83009867e+00 -1.66565757e-07 
 7.58500000e-10  7.58500000e-10  0.00000000e+00  2.50000000e+00  2.50000000e+00  2.83009850e+00 -1.66564024e-07 
 7.59500000e-10  7.59500000e-10  0.00000000e+00  2.50000000e+00  2.50000000e+00  2.83009833e+00 -1.66562352e-07 
 7.60500000e-10  7.60500000e-10  0.00000000e+00  2.50000000e+00  2.50000000e+00  2.83009816e+00 -1.66560736e-07 
 7.61500000e-10  7.61500000e-10  0.00000000e+00  2.50000000e+00  2.50000000e+00  2.83009799e+00 -1.66559169e-07 
 7.62500000e-10  7.62500000e-10  0.00000000e+00  2.50000000e+00  2.50000000e+00  2.83009782e+00 -1.66557649e-07 
 7.63500000e-10  7.63500000e-10  0.00000000e+00  2.50000000e+00  2.50000000e+00  2.83009766e+00 -1.66556170e-07 
 7.64500000e-10  7.64500000e-10  0.00000000e+00  2.50000000e+00  2.50000000e+00  2.83009749e+00 -1.66554728e-07 
 7.65500000e-10  7.65500000e-10  0.00000000e+00  2.50000000e+00  2.50000000e+00  2.83009732e+00 -1.66553321e-07 
 7.66500000e-10  7.66500000e-10  0.00000000e+00  2.50000000e+00  2.50000000e+00  2.83009715e+00 -1.66551945e-07 
 7.67500000e-10  7.67500000e-10  0.00000000e+00  2.50000000e+00  2.50000000e+00  2.83009698e+00 -1.66550597e-07 
 7.68500000e-10  7.68500000e-10  0.00000000e+00  2.50000000e+00  2.50000000e+00  2.83009681e+00 -1.66549275e-07 
 7.69500000e-10  7.69500000e-10  0.00000000e+00  2.50000000e+00  2.50000000e+00  2.83009664e+00 -1.66547975e-07 
 7.70500000e-10  7.70500000e-10  0.00000000e+00  2.50000000e+00  2.50000000e+00  2.83009647e+00 -1.66546697e-07 
 7.71500000e-10  7.71500000e-10  0.00000000e+00  2.50000000e+00  2.50000000e+00  2.83009630e+00 -1.66545438e-07 
 7.72500000e-10  7.72500000e-10  0.00000000e+00  2.50000000e+00  2.50000000e+00  2.83009613e+00 -1.66544197e-07 
 7.73500000e-10  7.73500000e-10  0.00000000e+00  2.50000000e+00  2.50000000e+00  2.83009596e+00 -1.66542971e-07 
 7.74500000e-10  7.74500000e-10  0.00000000e+00  2.50000000e+00  2.50000000e+00  2.83009579e+00 -1.66541759e-07 
 7.75500000e-10  7.75500000e-10  0.00000000e+00  2.50000000e+00  2.50000000e+00  2.83009562e+00 -1.66540561e-07 
 7.76500000e-10  7.76500000e-10  0.00000000e+00  2.50000000e+00  2.50000000e+00  2.83009545e+00 -1.66539374e-07 
 7.77500000e-10  7.77500000e-10  0.00000000e+00  2.50000000e+00  2.50000000e+00  2.83009528e+00 -1.66538199e-07 
 7.78500000e-10  7.78500000e-10  0.00000000e+00  2.50000000e+00  2.50000000e+00  2.83009511e+00 -1.66537032e-07 
 7.79500000e-10  7.79500000e-10  0.00000000e+00  2.50000000e+00  2.50000000e+00  2.83009494e+00 -1.66535875e-07 
 7.80500000e-10  7.80500000e-10  0.00000000e+00  2.50000000e+00  2.50000000e+00  2.83009477e+00 -1.66534726e-07 
 7.81500000e-10  7.81500000e-10  0.00000000e+00  2.50000000e+00  2.50000000e+00  2.83009460e+00 -1.66533584e-07 
 7.82500000e-10  7.82500000e-10  0.00000000e+00  2.50000000e+00  2.50000000e+00  2.83009443e+00 -1.66532448e-07 
 7.83500000e-10  7.83500000e-10  0.00000000e+00  2.50000000e+00  2.50000000e+00  2.83009426e+00 -1.66531319e-07 
 7.84500000e-10  7.84500000e-10  0.00000000e+00  2.50000000e+00  2.50000000e+00  2.83009409e+00 -1.66530195e-07 
 7.85500000e-10  7.85500000e-10  0.00000000e+00  2.50000000e+00  2.50000000e+00  2.83009392e+00 -1.66529076e-07 
 7.86500000e-10  7.86500000e-10  0.00000000e+00  2.50000000e+00  2.50000000e+00  2.83009375e+00 -1.66527962e-07 
 7.87500000e-10  7.87500000e-10  0.00000000e+00  2.50000000e+00  2.50000000e+00  2.83009358e+00 -1.66526852e-07 
 7.88500000e-10  7.88500000e-10  0.00000000e+00  2.50000000e+00  2.50000000e+00  2.83009341e+00 -1.66525745e-07 
 7.89500000e-10  7.89500000e-10  0.00000000e+00  2.50000000e+00  2.50000000e+00  2.83009324e+00 -1.66524642e-07 
 7.90500000e-10  7.90500000e-10  0.00000000e+00  2.50000000e+00  2.50000000e+00  2.83009308e+00 -1.66523542e-07 
 7.91500000e-10  7.91500000e-10  0.00000000e+00  2.50000000e+00  2.50000000e+00  2.83009291e+00 -1.66522445e-07 
 7.92500000e-10  7.92500000e-10  0.00000000e+00  2.50000000e+00  2.50000000e+00  2.83009274e+00 -1.66521350e-07 
 7.93500000e-10  7.93500000e-10  0.00000000e+00  2.50000000e+00  2.50000000e+00  2.83009257e+00 -1.66520258e-07 
 7.94500000e-10  7.94500000e-10  0.00000000e+00  2.50000000e+00  2.50000000e+00  2.83009240e+00 -1.66519167e-07 
 7.95500000e-10  7.95500000e-10  0.00000000e+00  2.50000000e+00  2.50000000e+00  2.83009223e+00 -1.66518079e-07 
 7.96500000e-10  7.96500000e-10  0.00000000e+00  2.50000000e+00  2.50000000e+00  2.83009206e+00 -1.66516992e-07 
 7.97500000e-10  7.97500000e-10  0.00000000e+00  2.50000000e+00  2.50000000e+00  2.83009189e+00 -1.66515907e-07 
 7.98500000e-10  7.98500000e-10  0.00000000e+00  2.50000000e+00  2.50000000e+00  2.83009172e+00 -1.66514823e-07 
 7.99500000e-10  7.99500000e-10  0.00000000e+00  2.50000000e+00  2.50000000e+00  2.83009155e+00 -1.66513740e-07 
 8.00500000e-10  8.00500000e-10  0.00000000e+00  2.50000000e+00  2.50000000e+00  2.83009138e+00 -1.66512659e-07 
 8.01500000e-10  8.01500000e-10  0.00000000e+00  2.50000000e+00  2.50000000e+00  2.83009121e+00 -1.66511578e-07 
 8.02500000e-10  8.02500000e-10  0.00000000e+00  2.50000000e+00  2.50000000e+00  2.83009104e+00 -1.66510499e-07 
 8.03500000e-10  8.03500000e-10  0.00000000e+00  2.50000000e+00  2.50000000e+00  2.83009087e+00 -1.66509421e-07 
 8.04500000e-10  8.04500000e-10  0.00000000e+00  2.50000000e+00  2.50000000e+00  2.83009070e+00 -1.66508344e-07 
 8.05500000e-10  8.05500000e-10  0.00000000e+00  2.50000000e+00  2.50000000e+00  2.83009053e+00 -1.66507267e-07 
 8.06500000e-10  8.06500000e-10  0.00000000e+00  2.50000000e+00  2.50000000e+00  2.83009036e+00 -1.66506191e-07 
 8.07500000e-10  8.07500000e-10  0.00000000e+00  2.50000000e+00  2.50000000e+00  2.83009019e+00 -1.66505115e-07 
 8.08500000e-10  8.08500000e-10  0.00000000e+00  2.50000000e+00  2.50000000e+00  2.83009002e+00 -1.66504040e-07 
 8.09500000e-10  8.09500000e-10  0.00000000e+00  2.50000000e+00  2.50000000e+00  2.83008985e+00 -1.66502965e-07 
 8.10500000e-10  8.10500000e-10  0.00000000e+00  2.50000000e+00  2.50000000e+00  2.83008968e+00 -1.66501891e-07 
 8.11500000e-10  8.11500000e-10  0.00000000e+00  2.50000000e+00  2.50000000e+00  2.83008951e+00 -1.66500818e-07 
 8.12500000e-10  8.12500000e-10  0.00000000e+00  2.50000000e+00  2.50000000e+00  2.83008934e+00 -1.66499744e-07 
 8.13500000e-10  8.13500000e-10  0.00000000e+00  2.50000000e+00  2.50000000e+00  2.83008917e+00 -1.66498671e-07 
 8.14500000e-10  8.14500000e-10  0.00000000e+00  2.50000000e+00  2.50000000e+00  2.83008900e+00 -1.66497599e-07 
 8.15500000e-10  8.15500000e-10  0.00000000e+00  2.50000000e+00  2.50000000e+00  2.83008884e+00 -1.66496526e-07 
 8.16500000e-10  8.16500000e-10  0.00000000e+00  2.50000000e+00  2.50000000e+00  2.83008867e+00 -1.66495454e-07 
 8.17500000e-10  8.17500000e-10  0.00000000e+00  2.50000000e+00  2.50000000e+00  2.83008850e+00 -1.66494382e-07 
 8.18500000e-10  8.18500000e-10  0.00000000e+00  2.50000000e+00  2.50000000e+00  2.83008833e+00 -1.66493311e-07 
 8.19500000e-10  8.19500000e-10  0.00000000e+00  2.50000000e+00  2.50000000e+00  2.83008816e+00 -1.66492239e-07 
 8.20500000e-10  8.20500000e-10  0.00000000e+00  2.50000000e+00  2.50000000e+00  2.83008799e+00 -1.66491168e-07 
 8.21500000e-10  8.21500000e-10  0.00000000e+00  2.50000000e+00  2.50000000e+00  2.83008782e+00 -1.66490097e-07 
 8.22500000e-10  8.22500000e-10  0.00000000e+00  2.50000000e+00  2.50000000e+00  2.83008765e+00 -1.66489026e-07 
 8.23500000e-10  8.23500000e-10  0.00000000e+00  2.50000000e+00  2.50000000e+00  2.83008748e+00 -1.66487955e-07 
 8.24500000e-10  8.24500000e-10  0.00000000e+00  2.50000000e+00  2.50000000e+00  2.83008731e+00 -1.66486885e-07 
 8.25500000e-10  8.25500000e-10  0.00000000e+00  2.50000000e+00  2.50000000e+00  2.83008714e+00 -1.66485814e-07 
 8.26500000e-10  8.26500000e-10  0.00000000e+00  2.50000000e+00  2.50000000e+00  2.83008697e+00 -1.66484744e-07 
 8.27500000e-10  8.27500000e-10  0.00000000e+00  2.50000000e+00  2.50000000e+00  2.83008680e+00 -1.66483673e-07 
 8.28500000e-10  8.28500000e-10  0.00000000e+00  2.50000000e+00  2.50000000e+00  2.83008663e+00 -1.66482603e-07 
 8.29500000e-10  8.29500000e-10  0.00000000e+00  2.50000000e+00  2.50000000e+00  2.83008646e+00 -1.66481533e-07 
 8.30500000e-10  8.30500000e-10  0.00000000e+00  2.50000000e+00  2.50000000e+00  2.83008629e+00 -1.66480463e-07 
 8.31500000e-10  8.31500000e-10  0.00000000e+00  2.50000000e+00  2.50000000e+00  2.83008612e+00 -1.66479393e-07 
 8.32500000e-10  8.32500000e-10  0.00000000e+00  2.50000000e+00  2.50000000e+00  2.83008595e+00 -1.66478323e-07 
 8.33500000e-10  8.33500000e-10  0.00000000e+00  2.50000000e+00  2.50000000e+00  2.83008578e+00 -1.66477253e-07 
 8.34500000e-10  8.34500000e-10  0.00000000e+00  2.50000000e+00  2.50000000e+00  2.83008561e+00 -1.66476183e-07 
 8.35500000e-10  8.35500000e-10  0.00000000e+00  2.50000000e+00  2.50000000e+00  2.83008544e+00 -1.66475114e-07 
 8.36500000e-10  8.36500000e-10  0.00000000e+00  2.50000000e+00  2.50000000e+00  2.83008527e+00 -1.66474044e-07 
 8.37500000e-10  8.37500000e-10  0.00000000e+00  2.50000000e+00  2.50000000e+00  2.83008510e+00 -1.66472974e-07 
 8.38500000e-10  8.38500000e-10  0.00000000e+00  2.50000000e+00  2.50000000e+00  2.83008494e+00 -1.66471904e-07 
 8.39500000e-10  8.39500000e-10  0.00000000e+00  2.50000000e+00  2.50000000e+00  2.83008477e+00 -1.66470835e-07 
 8.40500000e-10  8.40500000e-10  0.00000000e+00  2.50000000e+00  2.50000000e+00  2.83008460e+00 -1.66469765e-07 
 8.41500000e-10  8.41500000e-10  0.00000000e+00  2.50000000e+00  2.50000000e+00  2.83008443e+00 -1.66468696e-07 
 8.42500000e-10  8.42500000e-10  0.00000000e+00  2.50000000e+00  2.50000000e+00  2.83008426e+00 -1.66467626e-07 
 8.43500000e-10  8.43500000e-10  0.00000000e+00  2.50000000e+00  2.50000000e+00  2.83008409e+00 -1.66466556e-07 
 8.44500000e-10  8.44500000e-10  0.00000000e+00  2.50000000e+00  2.50000000e+00  2.83008392e+00 -1.66465487e-07 
 8.45500000e-10  8.45500000e-10  0.00000000e+00  2.50000000e+00  2.50000000e+00  2.83008375e+00 -1.66464418e-07 
 8.46500000e-10  8.46500000e-10  0.00000000e+00  2.50000000e+00  2.50000000e+00  2.83008358e+00 -1.66463348e-07 
 8.47500000e-10  8.47500000e-10  0.00000000e+00  2.50000000e+00  2.50000000e+00  2.83008341e+00 -1.66462279e-07 
 8.48500000e-10  8.48500000e-10  0.00000000e+00  2.50000000e+00  2.50000000e+00  2.83008324e+00 -1.66461209e-07 
 8.49500000e-10  8.49500000e-10  0.00000000e+00  2.50000000e+00  2.50000000e+00  2.83008307e+00 -1.66460140e-07 
 8.50500000e-10  8.50500000e-10  0.00000000e+00  2.50000000e+00  2.50000000e+00  2.83008290e+00 -1.66459071e-07 
 8.51500000e-10  8.51500000e-10  0.00000000e+00  2.50000000e+00  2.50000000e+00  2.83008273e+00 -1.66458001e-07 
 8.52500000e-10  8.52500000e-10  0.00000000e+00  2.50000000e+00  2.50000000e+00  2.83008256e+00 -1.66456932e-07 
 8.53500000e-10  8.53500000e-10  0.00000000e+00  2.50000000e+00  2.50000000e+00  2.83008239e+00 -1.66455863e-07 
 8.54500000e-10  8.54500000e-10  0.00000000e+00  2.50000000e+00  2.50000000e+00  2.83008222e+00 -1.66454794e-07 
 8.55500000e-10  8.55500000e-10  0.00000000e+00  2.50000000e+00  2.50000000e+00  2.83008205e+00 -1.66453725e-07 
 8.56500000e-10  8.56500000e-10  0.00000000e+00  2.50000000e+00  2.50000000e+00  2.83008188e+00 -1.66452655e-07 
 8.57500000e-10  8.57500000e-10  0.00000000e+00  2.50000000e+00  2.50000000e+00  2.83008171e+00 -1.66451586e-07 
 8.58500000e-10  8.58500000e-10  0.00000000e+00  2.50000000e+00  2.50000000e+00  2.83008154e+00 -1.66450517e-07 
 8.59500000e-10  8.59500000e-10  0.00000000e+00  2.50000000e+00  2.50000000e+00  2.83008137e+00 -1.66449448e-07 
 8.60500000e-10  8.60500000e-10  0.00000000e+00  2.50000000e+00  2.50000000e+00  2.83008121e+00 -1.66448379e-07 
 8.61500000e-10  8.61500000e-10  0.00000000e+00  2.50000000e+00  2.50000000e+00  2.83008104e+00 -1.66447310e-07 
 8.62500000e-10  8.62500000e-10  0.00000000e+00  2.50000000e+00  2.50000000e+00  2.83008087e+00 -1.66446241e-07 
 8.63500000e-10  8.63500000e-10  0.00000000e+00  2.50000000e+00  2.50000000e+00  2.83008070e+00 -1.66445173e-07 
 8.64500000e-10  8.64500000e-10  0.00000000e+00  2.50000000e+00  2.50000000e+00  2.83008053e+00 -1.66444103e-07 
 8.65500000e-10  8.65500000e-10  0.00000000e+00  2.50000000e+00  2.50000000e+00  2.83008036e+00 -1.66443034e-07 
 8.66500000e-10  8.66500000e-10  0.00000000e+00  2.50000000e+00  2.50000000e+00  2.83008019e+00 -1.66441965e-07 
 8.67500000e-10  8.67500000e-10  0.00000000e+00  2.50000000e+00  2.50000000e+00  2.83008002e+00 -1.66440896e-07 
 8.68500000e-10  8.68500000e-10  0.00000000e+00  2.50000000e+00  2.50000000e+00  2.83007985e+00 -1.66439827e-07 
 8.69500000e-10  8.69500000e-10  0.00000000e+00  2.50000000e+00  2.50000000e+00  2.83007968e+00 -1.66438758e-07 
 8.70500000e-10  8.70500000e-10  0.00000000e+00  2.50000000e+00  2.50000000e+00  2.83007951e+00 -1.66437690e-07 
 8.71500000e-10  8.71500000e-10  0.00000000e+00  2.50000000e+00  2.50000000e+00  2.83007934e+00 -1.66436621e-07 
 8.72500000e-10  8.72500000e-10  0.00000000e+00  2.50000000e+00  2.50000000e+00  2.83007917e+00 -1.66435552e-07 
 8.73500000e-10  8.73500000e-10  0.00000000e+00  2.50000000e+00  2.50000000e+00  2.83007900e+00 -1.66434483e-07 
 8.74500000e-10  8.74500000e-10  0.00000000e+00  2.50000000e+00  2.50000000e+00  2.83007883e+00 -1.66433414e-07 
 8.75500000e-10  8.75500000e-10  0.00000000e+00  2.50000000e+00  2.50000000e+00  2.83007866e+00 -1.66432345e-07 
 8.76500000e-10  8.76500000e-10  0.00000000e+00  2.50000000e+00  2.50000000e+00  2.83007849e+00 -1.66431276e-07 
 8.77500000e-10  8.77500000e-10  0.00000000e+00  2.50000000e+00  2.50000000e+00  2.83007832e+00 -1.66430208e-07 
 8.78500000e-10  8.78500000e-10  0.00000000e+00  2.50000000e+00  2.50000000e+00  2.83007815e+00 -1.66429139e-07 
 8.79500000e-10  8.79500000e-10  0.00000000e+00  2.50000000e+00  2.50000000e+00  2.83007798e+00 -1.66428070e-07 
 8.80500000e-10  8.80500000e-10  0.00000000e+00  2.50000000e+00  2.50000000e+00  2.83007781e+00 -1.66427001e-07 
 8.81500000e-10  8.81500000e-10  0.00000000e+00  2.50000000e+00  2.50000000e+00  2.83007765e+00 -1.66425933e-07 
 8.82500000e-10  8.82500000e-10  0.00000000e+00  2.50000000e+00  2.50000000e+00  2.83007748e+00 -1.66424864e-07 
 8.83500000e-10  8.83500000e-10  0.00000000e+00  2.50000000e+00  2.50000000e+00  2.83007731e+00 -1.66423795e-07 
 8.84500000e-10  8.84500000e-10  0.00000000e+00  2.50000000e+00  2.50000000e+00  2.83007714e+00 -1.66422727e-07 
 8.85500000e-10  8.85500000e-10  0.00000000e+00  2.50000000e+00  2.50000000e+00  2.83007697e+00 -1.66421658e-07 
 8.86500000e-10  8.86500000e-10  0.00000000e+00  2.50000000e+00  2.50000000e+00  2.83007680e+00 -1.66420589e-07 
 8.87500000e-10  8.87500000e-10  0.00000000e+00  2.50000000e+00  2.50000000e+00  2.83007663e+00 -1.66419521e-07 
 8.88500000e-10  8.88500000e-10  0.00000000e+00  2.50000000e+00  2.50000000e+00  2.83007646e+00 -1.66418452e-07 
 8.89500000e-10  8.89500000e-10  0.00000000e+00  2.50000000e+00  2.50000000e+00  2.83007629e+00 -1.66417383e-07 
 8.90500000e-10  8.90500000e-10  0.00000000e+00  2.50000000e+00  2.50000000e+00  2.83007612e+00 -1.66416315e-07 
 8.91500000e-10  8.91500000e-10  0.00000000e+00  2.50000000e+00  2.50000000e+00  2.83007595e+00 -1.66415246e-07 
 8.92500000e-10  8.92500000e-10  0.00000000e+00  2.50000000e+00  2.50000000e+00  2.83007578e+00 -1.66414177e-07 
 8.93500000e-10  8.93500000e-10  0.00000000e+00  2.50000000e+00  2.50000000e+00  2.83007561e+00 -1.66413109e-07 
 8.94500000e-10  8.94500000e-10  0.00000000e+00  2.50000000e+00  2.50000000e+00  2.83007544e+00 -1.66412040e-07 
 8.95500000e-10  8.95500000e-10  0.00000000e+00  2.50000000e+00  2.50000000e+00  2.83007527e+00 -1.66410971e-07 
 8.96500000e-10  8.96500000e-10  0.00000000e+00  2.50000000e+00  2.50000000e+00  2.83007510e+00 -1.66409903e-07 
 8.97500000e-10  8.97500000e-10  0.00000000e+00  2.50000000e+00  2.50000000e+00  2.83007493e+00 -1.66408834e-07 
 8.98500000e-10  8.98500000e-10  0.00000000e+00  2.50000000e+00  2.50000000e+00  2.83007476e+00 -1.66407766e-07 
 8.99500000e-10  8.99500000e-10  0.00000000e+00  2.50000000e+00  2.50000000e+00  2.83007459e+00 -1.66406697e-07 
 9.00500000e-10  9.00500000e-10  0.00000000e+00  2.50000000e+00  2.50000000e+00  2.83007442e+00 -1.66405629e-07 
 9.01500000e-10  9.01500000e-10  0.00000000e+00  2.50000000e+00  2.50000000e+00  2.83007426e+00 -1.66404560e-07 
 9.02500000e-10  9.02500000e-10  0.00000000e+00  2.50000000e+00  2.50000000e+00  2.83007409e+00 -1.66403492e-07 
 9.03500000e-10  9.03500000e-10  0.00000000e+00  2.50000000e+00  2.50000000e+00  2.83007392e+00 -1.66402423e-07 
 9.04500000e-10  9.04500000e-10  0.00000000e+00  2.50000000e+00  2.50000000e+00  2.83007375e+00 -1.66401355e-07 
 9.05500000e-10  9.05500000e-10  0.00000000e+00  2.50000000e+00  2.50000000e+00  2.83007358e+00 -1.66400287e-07 
 9.06500000e-10  9.06500000e-10  0.00000000e+00  2.50000000e+00  2.50000000e+00  2.83007341e+00 -1.66399218e-07 
 9.07500000e-10  9.07500000e-10  0.00000000e+00  2.50000000e+00  2.50000000e+00  2.83007324e+00 -1.66398150e-07 
 9.08500000e-10  9.08500000e-10  0.00000000e+00  2.50000000e+00  2.50000000e+00  2.83007307e+00 -1.66397081e-07 
 9.09500000e-10  9.09500000e-10  0.00000000e+00  2.50000000e+00  2.50000000e+00  2.83007290e+00 -1.66396013e-07 
 9.10500000e-10  9.10500000e-10  0.00000000e+00  2.50000000e+00  2.50000000e+00  2.83007273e+00 -1.66394944e-07 
 9.11500000e-10  9.11500000e-10  0.00000000e+00  2.50000000e+00  2.50000000e+00  2.83007256e+00 -1.66393876e-07 
 9.12500000e-10  9.12500000e-10  0.00000000e+00  2.50000000e+00  2.50000000e+00  2.83007239e+00 -1.66392808e-07 
 9.13500000e-10  9.13500000e-10  0.00000000e+00  2.50000000e+00  2.50000000e+00  2.83007222e+00 -1.66391739e-07 
 9.14500000e-10  9.14500000e-10  0.00000000e+00  2.50000000e+00  2.50000000e+00  2.83007205e+00 -1.66390671e-07 
 9.15500000e-10  9.15500000e-10  0.00000000e+00  2.50000000e+00  2.50000000e+00  2.83007188e+00 -1.66389603e-07 
 9.16500000e-10  9.16500000e-10  0.00000000e+00  2.50000000e+00  2.50000000e+00  2.83007171e+00 -1.66388535e-07 
 9.17500000e-10  9.17500000e-10  0.00000000e+00  2.50000000e+00  2.50000000e+00  2.83007154e+00 -1.66387466e-07 
 9.18500000e-10  9.18500000e-10  0.00000000e+00  2.50000000e+00  2.50000000e+00  2.83007137e+00 -1.66386398e-07 
 9.19500000e-10  9.19500000e-10  0.00000000e+00  2.50000000e+00  2.50000000e+00  2.83007120e+00 -1.66385330e-07 
 9.20500000e-10  9.20500000e-10  0.00000000e+00  2.50000000e+00  2.50000000e+00  2.83007104e+00 -1.66384262e-07 
 9.21500000e-10  9.21500000e-10  0.00000000e+00  2.50000000e+00  2.50000000e+00  2.83007087e+00 -1.66383194e-07 
 9.22500000e-10  9.22500000e-10  0.00000000e+00  2.50000000e+00  2.50000000e+00  2.83007070e+00 -1.66382125e-07 
 9.23500000e-10  9.23500000e-10  0.00000000e+00  2.50000000e+00  2.50000000e+00  2.83007053e+00 -1.66381057e-07 
 9.24500000e-10  9.24500000e-10  0.00000000e+00  2.50000000e+00  2.50000000e+00  2.83007036e+00 -1.66379989e-07 
 9.25500000e-10  9.25500000e-10  0.00000000e+00  2.50000000e+00  2.50000000e+00  2.83007019e+00 -1.66378921e-07 
 9.26500000e-10  9.26500000e-10  0.00000000e+00  2.50000000e+00  2.50000000e+00  2.83007002e+00 -1.66377853e-07 
 9.27500000e-10  9.27500000e-10  0.00000000e+00  2.50000000e+00  2.50000000e+00  2.83006985e+00 -1.66376784e-07 
 9.28500000e-10  9.28500000e-10  0.00000000e+00  2.50000000e+00  2.50000000e+00  2.83006968e+00 -1.66375716e-07 
 9.29500000e-10  9.29500000e-10  0.00000000e+00  2.50000000e+00  2.50000000e+00  2.83006951e+00 -1.66374648e-07 
 9.30500000e-10  9.30500000e-10  0.00000000e+00  2.50000000e+00  2.50000000e+00  2.83006934e+00 -1.66373580e-07 
 9.31500000e-10  9.31500000e-10  0.00000000e+00  2.50000000e+00  2.50000000e+00  2.83006917e+00 -1.66372512e-07 
 9.32500000e-10  9.32500000e-10  0.00000000e+00  2.50000000e+00  2.50000000e+00  2.83006900e+00 -1.66371444e-07 
 9.33500000e-10  9.33500000e-10  0.00000000e+00  2.50000000e+00  2.50000000e+00  2.83006883e+00 -1.66370376e-07 
 9.34500000e-10  9.34500000e-10  0.00000000e+00  2.50000000e+00  2.50000000e+00  2.83006866e+00 -1.66369308e-07 
 9.35500000e-10  9.35500000e-10  0.00000000e+00  2.50000000e+00  2.50000000e+00  2.83006849e+00 -1.66368240e-07 
 9.36500000e-10  9.36500000e-10  0.00000000e+00  2.50000000e+00  2.50000000e+00  2.83006832e+00 -1.66367172e-07 
 9.37500000e-10  9.37500000e-10  0.00000000e+00  2.50000000e+00  2.50000000e+00  2.83006815e+00 -1.66366104e-07 
 9.38500000e-10  9.38500000e-10  0.00000000e+00  2.50000000e+00  2.50000000e+00  2.83006798e+00 -1.66365036e-07 
 9.39500000e-10  9.39500000e-10  0.00000000e+00  2.50000000e+00  2.50000000e+00  2.83006782e+00 -1.66363968e-07 
 9.40500000e-10  9.40500000e-10  0.00000000e+00  2.50000000e+00  2.50000000e+00  2.83006765e+00 -1.66362900e-07 
 9.41500000e-10  9.41500000e-10  0.00000000e+00  2.50000000e+00  2.50000000e+00  2.83006748e+00 -1.66361832e-07 
 9.42500000e-10  9.42500000e-10  0.00000000e+00  2.50000000e+00  2.50000000e+00  2.83006731e+00 -1.66360765e-07 
 9.43500000e-10  9.43500000e-10  0.00000000e+00  2.50000000e+00  2.50000000e+00  2.83006714e+00 -1.66359697e-07 
 9.44500000e-10  9.44500000e-10  0.00000000e+00  2.50000000e+00  2.50000000e+00  2.83006697e+00 -1.66358629e-07 
 9.45500000e-10  9.45500000e-10  0.00000000e+00  2.50000000e+00  2.50000000e+00  2.83006680e+00 -1.66357561e-07 
 9.46500000e-10  9.46500000e-10  0.00000000e+00  2.50000000e+00  2.50000000e+00  2.83006663e+00 -1.66356493e-07 
 9.47500000e-10  9.47500000e-10  0.00000000e+00  2.50000000e+00  2.50000000e+00  2.83006646e+00 -1.66355425e-07 
 9.48500000e-10  9.48500000e-10  0.00000000e+00  2.50000000e+00  2.50000000e+00  2.83006629e+00 -1.66354357e-07 
 9.49500000e-10  9.49500000e-10  0.00000000e+00  2.50000000e+00  2.50000000e+00  2.83006612e+00 -1.66353290e-07 
 9.50500000e-10  9.50500000e-10  0.00000000e+00  2.50000000e+00  2.50000000e+00  2.83006595e+00 -1.66352222e-07 
 9.51500000e-10  9.51500000e-10  0.00000000e+00  2.50000000e+00  2.50000000e+00  2.83006578e+00 -1.66351154e-07 
 9.52500000e-10  9.52500000e-10  0.00000000e+00  2.50000000e+00  2.50000000e+00  2.83006561e+00 -1.66350086e-07 
 9.53500000e-10  9.53500000e-10  0.00000000e+00  2.50000000e+00  2.50000000e+00  2.83006544e+00 -1.66349019e-07 
 9.54500000e-10  9.54500000e-10  0.00000000e+00  2.50000000e+00  2.50000000e+00  2.83006527e+00 -1.66347951e-07 
 9.55500000e-10  9.55500000e-10  0.00000000e+00  2.50000000e+00  2.50000000e+00  2.83006510e+00 -1.66346883e-07 
 9.56500000e-10  9.56500000e-10  0.00000000e+00  2.50000000e+00  2.50000000e+00  2.83006493e+00 -1.66345815e-07 
 9.57500000e-10  9.57500000e-10  0.00000000e+00  2.50000000e+00  2.50000000e+00  2.83006477e+00 -1.66344747e-07 
 9.58500000e-10  9.58500000e-10  0.00000000e+00  2.50000000e+00  2.50000000e+00  2.83006460e+00 -1.66343679e-07 
 9.59500000e-10  9.59500000e-10  0.00000000e+00  2.50000000e+00  2.50000000e+00  2.83006443e+00 -1.66342612e-07 
 9.60500000e-10  9.60500000e-10  0.00000000e+00  2.50000000e+00  2.50000000e+00  2.83006426e+00 -1.66341544e-07 
 9.61500000e-10  9.61500000e-10  0.00000000e+00  2.50000000e+00  2.50000000e+00  2.83006409e+00 -1.66340476e-07 
 9.62500000e-10  9.62500000e-10  0.00000000e+00  2.50000000e+00  2.50000000e+00  2.83006392e+00 -1.66339409e-07 
 9.63500000e-10  9.63500000e-10  0.00000000e+00  2.50000000e+00  2.50000000e+00  2.83006375e+00 -1.66338341e-07 
 9.64500000e-10  9.64500000e-10  0.00000000e+00  2.50000000e+00  2.50000000e+00  2.83006358e+00 -1.66337274e-07 
 9.65500000e-10  9.65500000e-10  0.00000000e+00  2.50000000e+00  2.50000000e+00  2.83006341e+00 -1.66336206e-07 
 9.66500000e-10  9.66500000e-10  0.00000000e+00  2.50000000e+00  2.50000000e+00  2.83006324e+00 -1.66335139e-07 
 9.67500000e-10  9.67500000e-10  0.00000000e+00  2.50000000e+00  2.50000000e+00  2.83006307e+00 -1.66334071e-07 
 9.68500000e-10  9.68500000e-10  0.00000000e+00  2.50000000e+00  2.50000000e+00  2.83006290e+00 -1.66333003e-07 
 9.69500000e-10  9.69500000e-10  0.00000000e+00  2.50000000e+00  2.50000000e+00  2.83006273e+00 -1.66331936e-07 
 9.70500000e-10  9.70500000e-10  0.00000000e+00  2.50000000e+00  2.50000000e+00  2.83006256e+00 -1.66330868e-07 
 9.71500000e-10  9.71500000e-10  0.00000000e+00  2.50000000e+00  2.50000000e+00  2.83006239e+00 -1.66329801e-07 
 9.72500000e-10  9.72500000e-10  0.00000000e+00  2.50000000e+00  2.50000000e+00  2.83006222e+00 -1.66328733e-07 
 9.73500000e-10  9.73500000e-10  0.00000000e+00  2.50000000e+00  2.50000000e+00  2.83006205e+00 -1.66327666e-07 
 9.74500000e-10  9.74500000e-10  0.00000000e+00  2.50000000e+00  2.50000000e+00  2.83006189e+00 -1.66326598e-07 
 9.75500000e-10  9.75500000e-10  0.00000000e+00  2.50000000e+00  2.50000000e+00  2.83006172e+00 -1.66325531e-07 
 9.76500000e-10  9.76500000e-10  0.00000000e+00  2.50000000e+00  2.50000000e+00  2.83006155e+00 -1.66324463e-07 
 9.77500000e-10  9.77500000e-10  0.00000000e+00  2.50000000e+00  2.50000000e+00  2.83006138e+00 -1.66323396e-07 
 9.78500000e-10  9.78500000e-10  0.00000000e+00  2.50000000e+00  2.50000000e+00  2.83006121e+00 -1.66322328e-07 
 9.79500000e-10  9.79500000e-10  0.00000000e+00  2.50000000e+00  2.50000000e+00  2.83006104e+00 -1.66321261e-07 
 9.80500000e-10  9.80500000e-10  0.00000000e+00  2.50000000e+00  2.50000000e+00  2.83006087e+00 -1.66320193e-07 
 9.81500000e-10  9.81500000e-10  0.00000000e+00  2.50000000e+00  2.50000000e+00  2.83006070e+00 -1.66319126e-07 
 9.82500000e-10  9.82500000e-10  0.00000000e+00  2.50000000e+00  2.50000000e+00  2.83006053e+00 -1.66318058e-07 
 9.83500000e-10  9.83500000e-10  0.00000000e+00  2.50000000e+00  2.50000000e+00  2.83006036e+00 -1.66316991e-07 
 9.84500000e-10  9.84500000e-10  0.00000000e+00  2.50000000e+00  2.50000000e+00  2.83006019e+00 -1.66315924e-07 
 9.85500000e-10  9.85500000e-10  0.00000000e+00  2.50000000e+00  2.50000000e+00  2.83006002e+00 -1.66314856e-07 
 9.86500000e-10  9.86500000e-10  0.00000000e+00  2.50000000e+00  2.50000000e+00  2.83005985e+00 -1.66313789e-07 
 9.87500000e-10  9.87500000e-10  0.00000000e+00  2.50000000e+00  2.50000000e+00  2.83005968e+00 -1.66312722e-07 
 9.88500000e-10  9.88500000e-10  0.00000000e+00  2.50000000e+00  2.50000000e+00  2.83005951e+00 -1.66311654e-07 
 9.89500000e-10  9.89500000e-10  0.00000000e+00  2.50000000e+00  2.50000000e+00  2.83005934e+00 -1.66310587e-07 
 9.90500000e-10  9.90500000e-10  0.00000000e+00  2.50000000e+00  2.50000000e+00  2.83005917e+00 -1.66309520e-07 
 9.91500000e-10  9.91500000e-10  0.00000000e+00  2.50000000e+00  2.50000000e+00  2.83005901e+00 -1.66308453e-07 
 9.92500000e-10  9.92500000e-10  0.00000000e+00  2.50000000e+00  2.50000000e+00  2.83005884e+00 -1.66307385e-07 
 9.93500000e-10  9.93500000e-10  0.00000000e+00  2.50000000e+00  2.50000000e+00  2.83005867e+00 -1.66306318e-07 
 9.94500000e-10  9.94500000e-10  0.00000000e+00  2.50000000e+00  2.50000000e+00  2.83005850e+00 -1.66305251e-07 
 9.95500000e-10  9.95500000e-10  0.00000000e+00  2.50000000e+00  2.50000000e+00  2.83005833e+00 -1.66304184e-07 
 9.96500000e-10  9.96500000e-10  0.00000000e+00  2.50000000e+00  2.50000000e+00  2.83005816e+00 -1.66303117e-07 
 9.97500000e-10  9.97500000e-10  0.00000000e+00  2.50000000e+00  2.50000000e+00  2.83005799e+00 -1.66302049e-07 
 9.98500000e-10  9.98500000e-10  0.00000000e+00  2.50000000e+00  2.50000000e+00  2.83005782e+00 -1.66300982e-07 
 9.99250000e-10  9.99250000e-10  0.00000000e+00  2.50000000e+00  2.50000000e+00  2.83005769e+00 -1.66300182e-07 
 1.00000000e-09  1.00000000e-09  0.00000000e+00  2.50000000e+00  2.50000000e+00  2.83005757e+00 -1.66299382e-07 
 1.00010000e-09  1.00010000e-09  1.25000000e-02  2.50000000e+00  2.50000000e+00  2.82777067e+00 -2.14329105e-04 
 1.00030000e-09  1.00030000e-09  3.75000000e-02  2.50000000e+00  2.50000000e+00  2.82317663e+00 -6.40515319e-04 
 1.00070000e-09  1.00070000e-09  8.75000000e-02  2.50000000e+00  2.50000000e+00  2.81397545e+00 -1.47030604e-03 
 1.00150000e-09  1.00150000e-09  1.87500000e-01  2.50000000e+00  2.50000000e+00  2.79543370e+00 -3.05241117e-03 
 1.00250000e-09  1.00250000e-09  3.12500000e-01  2.50000000e+00  2.50000000e+00  2.77177079e+00 -4.91626086e-03 
 1.00350000e-09  1.00350000e-09  4.37500000e-01  2.50000000e+00  2.50000000e+00  2.74758764e+00 -6.66502009e-03 
 1.00450000e-09  1.00450000e-09  5.62500000e-01  2.50000000e+00  2.50000000e+00  2.72331470e+00 -8.27307576e-03 
 1.00550000e-09  1.00550000e-09  6.87500000e-01  2.50000000e+00  2.50000000e+00  2.69917348e+00 -9.73558984e-03 
 1.00650000e-09  1.00650000e-09  8.12500000e-01  2.50000000e+00  2.50000000e+00  2.67511529e+00 -1.10722136e-02 
 1.00750000e-09  1.00750000e-09  9.37500000e-01  2.50000000e+00  2.50000000e+00  2.65110290e+00 -1.22995411e-02 
 1.00850000e-09  1.00850000e-09  1.06250000e+00  2.50000000e+00  2.50000000e+00  2.62713950e+00 -1.34288007e-02 
 1.00950000e-09  1.00950000e-09  1.18750000e+00  2.50000000e+00  2.50000000e+00  2.60334528e+00 -1.44593644e-02 
 1.01050000e-09  1.01050000e-09  1.31250000e+00  2.50000000e+00  2.50000000e+00  2.57988088e+00 -1.53866502e-02 
 1.01150000e-09  1.01150000e-09  1.43750000e+00  2.50000000e+00  2.50000000e+00  2.55691511e+00 -1.62053286e-02 
 1.01250000e-09  1.01250000e-09  1.56250000e+00  2.50000000e+00  2.50000000e+00  2.53461717e+00 -1.69100554e-02 
 1.01350000e-09  1.01350000e-09  1.68750000e+00  2.50000000e+00  2.50000000e+00  2.51315122e+00 -1.74959470e-02 
 1.01450000e-09  1.01450000e-09  1.81250000e+00  2.50000000e+00  2.50000000e+00  2.49229689e+00 -1.79931351e-02 
 1.01550000e-09  1.01550000e-09  1.93750000e+00  2.50000000e+00  2.50000000e+00  2.47090650e+00 -1.85138388e-02 
 1.01650000e-09  1.01650000e-09  2.06250000e+00  2.50000000e+00  2.50000000e+00  2.44757867e+00 -1.91853534e-02 
 1.01750000e-09  1.01750000e-09  2.18750000e+00  2.50000000e+00  2.50000000e+00  2.42168310e+00 -2.00559803e-02 
 1.01850000e-09  1.01850000e-09  2.31250000e+00  2.50000000e+00  2.50000000e+00  2.39345939e+00 -2.10919480e-02 
 1.01925000e-09  1.01925000e-09  2.40625000e+00  2.50000000e+00  2.50000000e+00  2.37122423e+00 -2.19298634e-02 
 1.02000000e-09  1.02000000e-09  2.50000000e+00  2.50000000e+00  2.50000000e+00  2.34872959e+00 -2.27578722e-02 
 1.02010000e-09  1.02010000e-09  2.50000000e+00  2.50000000e+00  2.50000000e+00  2.34783539e+00 -2.26675115e-02 
 1.02030000e-09  1.02030000e-09  2.50000000e+00  2.50000000e+00  2.50000000e+00  2.34599820e+00 -2.24929350e-02 
 1.02070000e-09  1.02070000e-09  2.50000000e+00  2.50000000e+00  2.50000000e+00  2.34203286e+00 -2.21799572e-02 
 1.02150000e-09  1.02150000e-09  2.50000000e+00  2.50000000e+00  2.50000000e+00  2.33308251e+00 -2.16803157e-02 
 1.02250000e-09  1.02250000e-09  2.50000000e+00  2.50000000e+00  2.50000000e+00  2.32056482e+00 -2.12277271e-02 
 1.02350000e-09  1.02350000e-09  2.50000000e+00  2.50000000e+00  2.50000000e+00  2.30741141e+00 -2.08770537e-02 
 1.02450000e-09  1.02450000e-09  2.50000000e+00  2.50000000e+00  2.50000000e+00  2.29433706e+00 -2.05554506e-02 
 1.02550000e-09  1.02550000e-09  2.50000000e+00  2.50000000e+00  2.50000000e+00  2.28175936e+00 -2.02221309e-02 
 1.02650000e-09  1.02650000e-09  2.50000000e+00  2.50000000e+00  2.50000000e+00  2.26988588e+00 -1.98582042e-02 
 1.02750000e-09  1.02750000e-09  2.50000000e+00  2.50000000e+00  2.50000000e+00  2.25879971e+00 -1.94573819e-02 
 1.02850000e-09  1.02850000e-09  2.50000000e+00  2.50000000e+00  2.50000000e+00  2.24851469e+00 -1.90200971e-02 
 1.02950000e-09  1.02950000e-09  2.50000000e+00  2.50000000e+00  2.50000000e+00  2.23900804e+00 -1.85500914e-02 
 1.03050000e-09  1.03050000e-09  2.50000000e+00  2.50000000e+00  2.50000000e+00  2.23023894e+00 -1.80525094e-02 
 1.03150000e-09  1.03150000e-09  2.50000000e+00  2.50000000e+00  2.50000000e+00  2.22215893e+00 -1.75328702e-02 
 1.03250000e-09  1.03250000e-09  2.50000000e+00  2.50000000e+00  2.50000000e+00  2.21471759e+00 -1.69965365e-02 
 1.03350000e-09  1.03350000e-09  2.50000000e+00  2.50000000e+00  2.50000000e+00  2.20786547e+00 -1.64484607e-02 
 1.03450000e-09  1.03450000e-09  2.50000000e+00  2.50000000e+00  2.50000000e+00  2.20155558e+00 -1.58930825e-02 
 1.03550000e-09  1.03550000e-09  2.50000000e+00  2.50000000e+00  2.50000000e+00  2.19574402e+00 -1.53343069e-02 
 1.03650000e-09  1.03650000e-09  2.50000000e+00  2.50000000e+00  2.50000000e+00  2.19039019e+00 -1.47755226e-02 
 1.03750000e-09  1.03750000e-09  2.50000000e+00  2.50000000e+00  2.50000000e+00  2.18545674e+00 -1.42196397e-02 
 1.03850000e-09  1.03850000e-09  2.50000000e+00  2.50000000e+00  2.50000000e+00  2.18090941e+00 -1.36691351e-02 
 1.03950000e-09  1.03950000e-09  2.50000000e+00  2.50000000e+00  2.50000000e+00  2.17671682e+00 -1.31260982e-02 
 1.04050000e-09  1.04050000e-09  2.50000000e+00  2.50000000e+00  2.50000000e+00  2.17284960e+00 -1.25923888e-02 
 1.04150000e-09  1.04150000e-09  2.50000000e+00  2.50000000e+00  2.50000000e+00  2.16928162e+00 -1.20694250e-02 
 1.04250000e-09  1.04250000e-09  2.50000000e+00  2.50000000e+00  2.50000000e+00  2.16598959e+00 -1.15582506e-02 
 1.04350000e-09  1.04350000e-09  2.50000000e+00  2.50000000e+00  2.50000000e+00  2.16295145e+00 -1.10598203e-02 
 1.04450000e-09  1.04450000e-09  2.50000000e+00  2.50000000e+00  2.50000000e+00  2.16014696e+00 -1.05748850e-02 
 1.04550000e-09  1.04550000e-09  2.50000000e+00  2.50000000e+00  2.50000000e+00  2.15755758e+00 -1.01040176e-02 
 1.04650000e-09  1.04650000e-09  2.50000000e+00  2.50000000e+00  2.50000000e+00  2.15516631e+00 -9.64763634e-03 
 1.04750000e-09  1.04750000e-09  2.50000000e+00  2.50000000e+00  2.50000000e+00  2.15295756e+00 -9.20602569e-03 
 1.04850000e-09  1.04850000e-09  2.50000000e+00  2.50000000e+00  2.50000000e+00  2.15091701e+00 -8.77935409e-03 
 1.04950000e-09  1.04950000e-09  2.50000000e+00  2.50000000e+00  2.50000000e+00  2.14903151e+00 -8.36769007e-03 
 1.05050000e-09  1.05050000e-09  2.50000000e+00  2.50000000e+00  2.50000000e+00  2.14728898e+00 -7.97101636e-03 
 1.05150000e-09  1.05150000e-09  2.50000000e+00  2.50000000e+00  2.50000000e+00  2.14567830e+00 -7.58924231e-03 
 1.05250000e-09  1.05250000e-09  2.50000000e+00  2.50000000e+00  2.50000000e+00  2.14418927e+00 -7.22221483e-03 
 1.05350000e-09  1.05350000e-09  2.50000000e+00  2.50000000e+00  2.50000000e+00  2.14281248e+00 -6.86972813e-03 
 1.05450000e-09  1.05450000e-09  2.50000000e+00  2.50000000e+00  2.50000000e+00  2.14153928e+00 -6.53153219e-03 
 1.05550000e-09  1.05550000e-09  2.50000000e+00  2.50000000e+00  2.50000000e+00  2.14036173e+00 -6.20734026e-03 
 1.05650000e-09  1.05650000e-09  2.50000000e+00  2.50000000e+00  2.50000000e+00  2.13927247e+00 -5.89683553e-03 
 1.05750000e-09  1.05750000e-09  2.50000000e+00  2.50000000e+00  2.50000000e+00  2.13826475e+00 -5.59967688e-03 
 1.05850000e-09  1.05850000e-09  2.50000000e+00  2.50000000e+00  2.50000000e+00  2.13733235e+00 -5.31550400e-03 
 1.05950000e-09  1.05950000e-09  2.50000000e+00  2.50000000e+00  2.50000000e+00  2.13646953e+00 -5.04394187e-03 
 1.06050000e-09  1.06050000e-09  2.50000000e+00  2.50000000e+00  2.50000000e+00  2.13567101e+00 -4.78460464e-03 
 1.06150000e-09  1.06150000e-09  2.50000000e+00  2.50000000e+00  2.50000000e+00  2.13493189e+00 -4.53709908e-03 
 1.06250000e-09  1.06250000e-09  2.50000000e+00  2.50000000e+00  2.50000000e+00  2.13424768e+00 -4.30102752e-03 
 1.06350000e-09  1.06350000e-09  2.50000000e+00  2.50000000e+00  2.50000000e+00  2.13361423e+00 -4.07599043e-03 
 1.06450000e-09  1.06450000e-09  2.50000000e+00  2.50000000e+00  2.50000000e+00  2.13302770e+00 -3.86158867e-03 
 1.06550000e-09  1.06550000e-09  2.50000000e+00  2.50000000e+00  2.50000000e+00  2.13248457e+00 -3.65742535e-03 
 1.06650000e-09  1.06650000e-09  2.50000000e+00  2.50000000e+00  2.50000000e+00  2.13198155e+00 -3.46310753e-03 
 1.06750000e-09  1.06750000e-09  2.50000000e+00  2.50000000e+00  2.50000000e+00  2.13151565e+00 -3.27824756e-03 
 1.06850000e-09  1.06850000e-09  2.50000000e+00  2.50000000e+00  2.50000000e+00  2.13108408e+00 -3.10246429e-03 
 1.06950000e-09  1.06950000e-09  2.50000000e+00  2.50000000e+00  2.50000000e+00  2.13068426e+00 -2.93538401e-03 
 1.07050000e-09  1.07050000e-09  2.50000000e+00  2.50000000e+00  2.50000000e+00  2.13031383e+00 -2.77664132e-03 
 1.07150000e-09  1.07150000e-09  2.50000000e+00  2.50000000e+00  2.50000000e+00  2.12997058e+00 -2.62587972e-03 
 1.07250000e-09  1.07250000e-09  2.50000000e+00  2.50000000e+00  2.50000000e+00  2.12965249e+00 -2.48275219e-03 
 1.07350000e-09  1.07350000e-09  2.50000000e+00  2.50000000e+00  2.50000000e+00  2.12935769e+00 -2.34692154e-03 
 1.07450000e-09  1.07450000e-09  2.50000000e+00  2.50000000e+00  2.50000000e+00  2.12908444e+00 -2.21806077e-03 
 1.07550000e-09  1.07550000e-09  2.50000000e+00  2.50000000e+00  2.50000000e+00  2.12883114e+00 -2.09585327e-03 
 1.07650000e-09  1.07650000e-09  2.50000000e+00  2.50000000e+00  2.50000000e+00  2.12859632e+00 -1.97999290e-03 
 1.07750000e-09  1.07750000e-09  2.50000000e+00  2.50000000e+00  2.50000000e+00  2.12837860e+00 -1.87018412e-03 
 1.07850000e-09  1.07850000e-09  2.50000000e+00  2.50000000e+00  2.50000000e+00  2.12817672e+00 -1.76614197e-03 
 1.07950000e-09  1.07950000e-09  2.50000000e+00  2.50000000e+00  2.50000000e+00  2.12798951e+00 -1.66759202e-03 
 1.08050000e-09  1.08050000e-09  2.50000000e+00  2.50000000e+00  2.50000000e+00  2.12781589e+00 -1.57427027e-03 
 1.08150000e-09  1.08150000e-09  2.50000000e+00  2.50000000e+00  2.50000000e+00  2.12765485e+00 -1.48592302e-03 
 1.08250000e-09  1.08250000e-09  2.50000000e+00  2.50000000e+00  2.50000000e+00  2.12750547e+00 -1.40230673e-03 
 1.08350000e-09  1.08350000e-09  2.50000000e+00  2.50000000e+00  2.50000000e+00  2.12736689e+00 -1.32318782e-03 
 1.08450000e-09  1.08450000e-09  2.50000000e+00  2.50000000e+00  2.50000000e+00  2.12723833e+00 -1.24834243e-03 
 1.08550000e-09  1.08550000e-09  2.50000000e+00  2.50000000e+00  2.50000000e+00  2.12711903e+00 -1.17755623e-03 
 1.08650000e-09  1.08650000e-09  2.50000000e+00  2.50000000e+00  2.50000000e+00  2.12700833e+00 -1.11062414e-03 
 1.08750000e-09  1.08750000e-09  2.50000000e+00  2.50000000e+00  2.50000000e+00  2.12690560e+00 -1.04735010e-03 
 1.08850000e-09  1.08850000e-09  2.50000000e+00  2.50000000e+00  2.50000000e+00  2.12681025e+00 -9.87546799e-04 
 1.08950000e-09  1.08950000e-09  2.50000000e+00  2.50000000e+00  2.50000000e+00  2.12672174e+00 -9.31035374e-04 
 1.09050000e-09  1.09050000e-09  2.50000000e+00  2.50000000e+00  2.50000000e+00  2.12663958e+00 -8.77645171e-04 
 1.09150000e-09  1.09150000e-09  2.50000000e+00  2.50000000e+00  2.50000000e+00  2.12656331e+00 -8.27213443e-04 
 1.09250000e-09  1.09250000e-09  2.50000000e+00  2.50000000e+00  2.50000000e+00  2.12649249e+00 -7.79585081e-04 
 1.09350000e-09  1.09350000e-09  2.50000000e+00  2.50000000e+00  2.50000000e+00  2.12642673e+00 -7.34612328e-04 
 1.09450000e-09  1.09450000e-09  2.50000000e+00  2.50000000e+00  2.50000000e+00  2.12636566e+00 -6.92154508e-04 
 1.09550000e-09  1.09550000e-09  2.50000000e+00  2.50000000e+00  2.50000000e+00  2.12630895e+00 -6.52077748e-04 
 1.09650000e-09  1.09650000e-09  2.50000000e+00  2.50000000e+00  2.50000000e+00  2.12625627e+00 -6.14254710e-04 
 1.09750000e-09  1.09750000e-09  2.50000000e+00  2.50000000e+00  2.50000000e+00  2.12620734e+00 -5.78564326e-04 
 1.09850000e-09  1.09850000e-09  2.50000000e+00  2.50000000e+00  2.50000000e+00  2.12616189e+00 -5.44891539e-04 
 1.09950000e-09  1.09950000e-09  2.50000000e+00  2.50000000e+00  2.50000000e+00  2.12611965e+00 -5.13127046e-04 
 1.10050000e-09  1.10050000e-09  2.50000000e+00  2.50000000e+00  2.50000000e+00  2.12608041e+00 -4.83167057e-04 
 1.10150000e-09  1.10150000e-09  2.50000000e+00  2.50000000e+00  2.50000000e+00  2.12604395e+00 -4.54913048e-04 
 1.10250000e-09  1.10250000e-09  2.50000000e+00  2.50000000e+00  2.50000000e+00  2.12601007e+00 -4.28271531e-04 
 1.10350000e-09  1.10350000e-09  2.50000000e+00  2.50000000e+00  2.50000000e+00  2.12597857e+00 -4.03153825e-04 
 1.10450000e-09  1.10450000e-09  2.50000000e+00  2.50000000e+00  2.50000000e+00  2.12594930e+00 -3.79475840e-04 
 1.10550000e-09  1.10550000e-09  2.50000000e+00  2.50000000e+00  2.50000000e+00  2.12592209e+00 -3.57157863e-04 
 1.10650000e-09  1.10650000e-09  2.50000000e+00  2.50000000e+00  2.50000000e+00  2.12589679e+00 -3.36124353e-04 
 1.10750000e-09  1.10750000e-09  2.50000000e+00  2.50000000e+00  2.50000000e+00  2.12587327e+00 -3.16303743e-04 
 1.10850000e-09  1.10850000e-09  2.50000000e+00  2.50000000e+00  2.50000000e+00  2.12585141e+00 -2.97628255e-04 
 1.10950000e-09  1.10950000e-09  2.50000000e+00  2.50000000e+00  2.50000000e+00  2.12583107e+00 -2.80033711e-04 
 1.11050000e-09  1.11050000e-09  2.50000000e+00  2.50000000e+00  2.50000000e+00  2.12581216e+00 -2.63459363e-04 
 1.11150000e-09  1.11150000e-09  2.50000000e+00  2.50000000e+00  2.50000000e+00  2.12579457e+00 -2.47847722e-04 
 1.11250000e-09  1.11250000e-09  2.50000000e+00  2.50000000e+00  2.50000000e+00  2.12577821e+00 -2.33144397e-04 
 1.11350000e-09  1.11350000e-09  2.50000000e+00  2.50000000e+00  2.50000000e+00  2.12576299e+00 -2.19297939e-04 
 1.11450000e-09  1.11450000e-09  2.50000000e+00  2.50000000e+00  2.50000000e+00  2.12574883e+00 -2.06259697e-04 
 1.11550000e-09  1.11550000e-09  2.50000000e+00  2.50000000e+00  2.50000000e+00  2.12573566e+00 -1.93983671e-04 
 1.11650000e-09  1.11650000e-09  2.50000000e+00  2.50000000e+00  2.50000000e+00  2.12572340e+00 -1.82426382e-04 
 1.11750000e-09  1.11750000e-09  2.50000000e+00  2.50000000e+00  2.50000000e+00  2.12571200e+00 -1.71546739e-04 
 1.11850000e-09  1.11850000e-09  2.50000000e+00  2.50000000e+00  2.50000000e+00  2.12570138e+00 -1.61305917e-04 
 1.11925000e-09  1.11925000e-09  2.50000000e+00  2.50000000e+00  2.50000000e+00  2.12569391e+00 -1.54023317e-04 
 1.12000000e-09  1.12000000e-09  2.50000000e+00  2.50000000e+00  2.50000000e+00  2.12568683e+00 -1.47064584e-04 
 1.12010000e-09  1.12010000e-09  2.50000000e+00  2.48750000e+00  2.50000000e+00  2.12546704e+00 -1.66717769e-04 
 1.12030000e-09  1.12030000e-09  2.50000000e+00  2.46250000e+00  2.50000000e+00  2.12507725e+00 -2.01085158e-04 
 1.12070000e-09  1.12070000e-09  2.50000000e+00  2.41250000e+00  2.50000000e+00  2.12460172e+00 -2.40085976e-04 
 1.12150000e-09  1.12150000e-09  2.50000000e+00  2.31250000e+00  2.50000000e+00  2.12485571e+00 -2.04075129e-04 
 1.12250000e-09  1.12250000e-09  2.50000000e+00  2.18750000e+00  2.50000000e+00  2.12729325e+00  3.21807264e-05 
 1.12350000e-09  1.12350000e-09  2.50000000e+00  2.06250000e+00  2.50000000e+00  2.13184488e+00  4.46280035e-04 
 1.12450000e-09  1.12450000e-09  2.50000000e+00  1.93750000e+00  2.50000000e+00  2.13826649e+00  1.00407706e-03 
 1.12550000e-09  1.12550000e-09  2.50000000e+00  1.81250000e+00  2.50000000e+00  2.14636096e+00  1.67777407e-03 
 1.12650000e-09  1.12650000e-09  2.50000000e+00  1.68750000e+00  2.50000000e+00  2.15596045e+00  2.44388040e-03 
 1.12750000e-09  1.12750000e-09  2.50000000e+00  1.56250000e+00  2.50000000e+00  2.16691073e+00  3.28150187e-03 
 1.12850000e-09  1.12850000e-09  2.50000000e+00  1.43750000e+00  2.50000000e+00  2.17906172e+00  4.17132389e-03 
 1.12950000e-09  1.12950000e-09  2.50000000e+00  1.31250000e+00  2.50000000e+00  2.19226164e+00  5.09500648e-03 
 1.13050000e-09  1.13050000e-09  2.50000000e+00  1.18750000e+00  2.50000000e+00  2.20635308e+00  6.03479982e-03 
 1.13150000e-09  1.13150000e-09  2.50000000e+00  1.06250000e+00  2.50000000e+00  2.22116981e+00  6.97326841e-03 
 1.13250000e-09  1.13250000e-09  2.50000000e+00  9.37500000e-01  2.50000000e+00  2.23653375e+00  7.89305398e-03 
 1.13350000e-09  1.13350000e-09  2.50000000e+00  8.12500000e-01  2.50000000e+00  2.25225160e+00  8.77662921e-03 
 1.13450000e-09  1.13450000e-09  2.50000000e+00  6.87500000e-01  2.50000000e+00  2.26811128e+00  9.60606144e-03 
 1.13550000e-09  1.13550000e-09  2.50000000e+00  5.62500000e-01  2.50000000e+00  2.28387693e+00  1.03626596e-02 
 1.13650000e-09  1.13650000e-09  2.50000000e+00  4.37500000e-01  2.50000000e+00  2.29927696e+00  1.10260314e-02 
 1.13750000e-09  1.13750000e-09  2.50000000e+00  3.12500000e-01  2.50000000e+00  2.31398864e+00  1.15728832e-02 
 1.13850000e-09  1.13850000e-09  2.50000000e+00  1.87500000e-01  2.50000000e+00  2.32768776e+00  1.19818312e-02 
 1.13925000e-09  1.13925000e-09  2.50000000e+00  9.37500000e-02  2.50000000e+00  2.33721507e+00  1.21962585e-02 
 1.14000000e-09  1.14000000e-09  2.50000000e+00  0.00000000e+00  2.50000000e+00  2.34613758e+00  1.23400344e-02 
 1.14010000e-09  1.14010000e-09  2.50000000e+00  0.00000000e+00  2.50000000e+00  2.34752518e+00  1.23767911e-02 
 1.14030000e-09  1.14030000e-09  2.50000000e+00  0.00000000e+00  2.50000000e+00  2.35027643e+00  1.24473685e-02 
 1.14070000e-09  1.14070000e-09  2.50000000e+00  0.00000000e+00  2.50000000e+00  2.35563622e+00  1.25712698e-02 
 1.14150000e-09  1.14150000e-09  2.50000000e+00  0.00000000e+00  2.50000000e+00  2.36580738e+00  1.27547383e-02 
 1.14250000e-09  1.14250000e-09  2.50000000e+00  0.00000000e+00  2.50000000e+00  2.37752608e+00  1.28729213e-02 
 1.14350000e-09  1.14350000e-09  2.50000000e+00  0.00000000e+00  2.50000000e+00  2.38819467e+00  1.28813016e-02 
 1.14450000e-09  1.14450000e-09  2.50000000e+00  0.00000000e+00  2.50000000e+00  2.39790128e+00  1.27965648e-02 
 1.14550000e-09  1.14550000e-09  2.50000000e+00  0.00000000e+00  2.50000000e+00  2.40673740e+00  1.26345171e-02 
 1.14650000e-09  1.14650000e-09  2.50000000e+00  0.00000000e+00  2.50000000e+00  2.41478506e+00  1.24089446e-02 
 1.14750000e-09  1.14750000e-09  2.50000000e+00  0.00000000e+00  2.50000000e+00  2.42211794e+00  1.21318435e-02 
 1.14850000e-09  1.14850000e-09  2.50000000e+00  0.00000000e+00  2.50000000e+00  2.42880231e+00  1.18136225e-02 
 1.14950000e-09  1.14950000e-09  2.50000000e+00  0.00000000e+00  2.50000000e+00  2.43489789e+00  1.14632858e-02 
 1.15050000e-09  1.15050000e-09  2.50000000e+00  0.00000000e+00  2.50000000e+00  2.44045854e+00  1.10885956e-02 
 1.15150000e-09  1.15150000e-09  2.50000000e+00  0.00000000e+00  2.50000000e+00  2.44553292e+00  1.06962191e-02 
 1.15250000e-09  1.15250000e-09  2.50000000e+00  0.00000000e+00  2.50000000e+00  2.45016499e+00  1.02918584e-02 
 1.15350000e-09  1.15350000e-09  2.50000000e+00  0.00000000e+00  2.50000000e+00  2.45439455e+00  9.88036690e-03 
 1.15450000e-09  1.15450000e-09  2.50000000e+00  0.00000000e+00  2.50000000e+00  2.45825763e+00  9.46585366e-03 
 1.15550000e-09  1.15550000e-09  2.50000000e+00  0.00000000e+00  2.50000000e+00  2.46178691e+00  9.05177510e-03 
 1.15650000e-09  1.15650000e-09  2.50000000e+00  0.00000000e+00  2.50000000e+00  2.46501202e+00  8.64101731e-03 
 1.15750000e-09  1.15750000e-09  2.50000000e+00  0.00000000e+00  2.50000000e+00  2.46795984e+00  8.23596874e-03 
 1.15850000e-09  1.15850000e-09  2.50000000e+00  0.00000000e+00  2.50000000e+00  2.47065481e+00  7.83858470e-03 
 1.15950000e-09  1.15950000e-09  2.50000000e+00  0.00000000e+00  2.50000000e+00  2.47311913e+00  7.45044448e-03 
 1.16050000e-09  1.16050000e-09  2.50000000e+00  0.00000000e+00  2.50000000e+00  2.47537403e+00  7.07287577e-03 
 1.16150000e-09  1.16150000e-09  2.50000000e+00  0.00000000e+00  2.50000000e+00  2.47743673e+00  6.70676273e-03 
 1.16250000e-09  1.16250000e-09  2.50000000e+00  0.00000000e+00  2.50000000e+00  2.47932365e+00  6.35281397e-03 
 1.16350000e-09  1.16350000e-09  2.50000000e+00  0.00000000e+00  2.50000000e+00  2.48105035e+00  6.01158308e-03 
 1.16450000e-09  1.16450000e-09  2.50000000e+00  0.00000000e+00  2.50000000e+00  2.48263048e+00  5.68340124e-03 
 1.16550000e-09  1.16550000e-09  2.50000000e+00  0.00000000e+00  2.50000000e+00  2.48407691e+00  5.36848468e-03 
 1.16650000e-09  1.16650000e-09  2.50000000e+00  0.00000000e+00  2.50000000e+00  2.48540101e+00  5.06689195e-03 
 1.16750000e-09  1.16750000e-09  2.50000000e+00  0.00000000e+00  2.50000000e+00  2.48661373e+00  4.77861750e-03 
 1.16850000e-09  1.16850000e-09  2.50000000e+00  0.00000000e+00  2.50000000e+00  2.48772424e+00  4.50350530e-03 
 1.16950000e-09  1.16950000e-09  2.50000000e+00  0.00000000e+00  2.50000000e+00  2.48874129e+00  4.24135912e-03 
 1.17050000e-09  1.17050000e-09  2.50000000e+00  0.00000000e+00  2.50000000e+00  2.48967288e+00  3.99192225e-03 
 1.17150000e-09  1.17150000e-09  2.50000000e+00  0.00000000e+00  2.50000000e+00  2.49052632e+00  3.75488929e-03 
 1.17250000e-09  1.17250000e-09  2.50000000e+00  0.00000000e+00  2.50000000e+00  2.49130826e+00  3.52991639e-03 
 1.17350000e-09  1.17350000e-09  2.50000000e+00  0.00000000e+00  2.50000000e+00  2.49202479e+00  3.31663005e-03 
 1.17450000e-09  1.17450000e-09  2.50000000e+00  0.00000000e+00  2.50000000e+00  2.49268146e+00  3.11463468e-03 
 1.17550000e-09  1.17550000e-09  2.50000000e+00  0.00000000e+00  2.50000000e+00  2.49328335e+00  2.92351907e-03 
 1.17650000e-09  1.17650000e-09  2.50000000e+00  0.00000000e+00  2.50000000e+00  2.49383509e+00  2.74286193e-03 
 1.17750000e-09  1.17750000e-09  2.50000000e+00  0.00000000e+00  2.50000000e+00  2.49434094e+00  2.57223653e-03 
 1.17850000e-09  1.17850000e-09  2.50000000e+00  0.00000000e+00  2.50000000e+00  2.49480475e+00  2.41121467e-03 
 1.17950000e-09  1.17950000e-09  2.50000000e+00  0.00000000e+00  2.50000000e+00  2.49523006e+00  2.25936995e-03 
 1.18050000e-09  1.18050000e-09  2.50000000e+00  0.00000000e+00  2.50000000e+00  2.49562013e+00  2.11628055e-03 
 1.18150000e-09  1.18150000e-09  2.50000000e+00  0.00000000e+00  2.50000000e+00  2.49597790e+00  1.98153147e-03 
 1.18250000e-09  1.18250000e-09  2.50000000e+00  0.00000000e+00  2.50000000e+00  2.49630610e+00  1.85471636e-03 
 1.18350000e-09  1.18350000e-09  2.50000000e+00  0.00000000e+00  2.50000000e+00  2.49660718e+00  1.73543902e-03 
 1.18450000e-09  1.18450000e-09  2.50000000e+00  0.00000000e+00  2.50000000e+00  2.49688343e+00  1.62331451e-03 
 1.18550000e-09  1.18550000e-09  2.50000000e+00  0.00000000e+00  2.50000000e+00  2.49713693e+00  1.51797011e-03 
 1.18650000e-09  1.18650000e-09  2.50000000e+00  0.00000000e+00  2.50000000e+00  2.49736955e+00  1.41904589e-03 
 1.18750000e-09  1.18750000e-09  2.50000000e+00  0.00000000e+00  2.50000000e+00  2.49758306e+00  1.32619523e-03 
 1.18850000e-09  1.18850000e-09  2.50000000e+00  0.00000000e+00  2.50000000e+00  2.49777903e+00  1.23908508e-03 
 1.18950000e-09  1.18950000e-09  2.50000000e+00  0.00000000e+00  2.50000000e+00  2.49795893e+00  1.15739609e-03 
 1.19050000e-09  1.19050000e-09  2.50000000e+00  0.00000000e+00  2.50000000e+00  2.49812409e+00  1.08082267e-03 
 1.19150000e-09  1.19150000e-09  2.50000000e+00  0.00000000e+00  2.50000000e+00  2.49827573e+00  1.00907286e-03 
 1.19250000e-09  1.19250000e-09  2.50000000e+00  0.00000000e+00  2.50000000e+00  2.49841498e+00  9.41868209e-04 
 1.19350000e-09  1.19350000e-09  2.50000000e+00  0.00000000e+00  2.50000000e+00  2.49854285e+00  8.78943525e-04 
 1.19450000e-09  1.19450000e-09  2.50000000e+00  0.00000000e+00  2.50000000e+00  2.49866029e+00  8.20046583e-04 
 1.19550000e-09  1.19550000e-09  2.50000000e+00  0.00000000e+00  2.50000000e+00  2.49876816e+00  7.64937799e-04 
 1.19650000e-09  1.19650000e-09  2.50000000e+00  0.00000000e+00  2.50000000e+00  2.49886725e+00  7.13389858e-04 
 1.19750000e-09  1.19750000e-09  2.50000000e+00  0.00000000e+00  2.50000000e+00  2.49895828e+00  6.65187321e-04 
 1.19850000e-09  1.19850000e-09  2.50000000e+00  0.00000000e+00  2.50000000e+00  2.49904191e+00  6.20126209e-04 
 1.19950000e-09  1.19950000e-09  2.50000000e+00  0.00000000e+00  2.50000000e+00  2.49911876e+00  5.78013575e-04 
 1.20050000e-09  1.20050000e-09  2.50000000e+00  0.00000000e+00  2.50000000e+00  2.49918937e+00  5.38667072e-04 
 1.20150000e-09  1.20150000e-09  2.50000000e+00  0.00000000e+00  2.50000000e+00  2.49925427e+00  5.01914509e-04 
 1.20250000e-09  1.20250000e-09  2.50000000e+00  0.00000000e+00  2.50000000e+00  2.49931391e+00  4.67593412e-04 
 1.20350000e-09  1.20350000e-09  2.50000000e+00  0.00000000e+00  2.50000000e+00  2.49936874e+00  4.35550591e-04 
 1.20450000e-09  1.20450000e-09  2.50000000e+00  0.00000000e+00  2.50000000e+00  2.49941914e+00  4.05641704e-04 
 1.20550000e-09  1.20550000e-09  2.50000000e+00  0.00000000e+00  2.50000000e+00  2.49946547e+00  3.77730840e-04 
 1.20650000e-09  1.20650000e-09  2.50000000e+00  0.00000000e+00  2.50000000e+00  2.49950806e+00  3.51690098e-04 
 1.20750000e-09  1.20750000e-09  2.50000000e+00  0.00000000e+00  2.50000000e+00  2.49954723e+00  3.27399194e-04 
 1.20850000e-09  1.20850000e-09  2.50000000e+00  0.00000000e+00  2.50000000e+00  2.49958325e+00  3.04745060e-04 
 1.20950000e-09  1.20950000e-09  2.50000000e+00  0.00000000e+00  2.50000000e+00  2.49961637e+00  2.83621474e-04 
 1.21050000e-09  1.21050000e-09  2.50000000e+00  0.00000000e+00  2.50000000e+00  2.49964683e+00  2.63928692e-04 
 1.21150000e-09  1.21150000e-09  2.50000000e+00  0.00000000e+00  2.50000000e+00  2.49967485e+00  2.45573098e-04 
 1.21250000e-09  1.21250000e-09  2.50000000e+00  0.00000000e+00  2.50000000e+00  2.49970063e+00  2.28466864e-04 
 1.21350000e-09  1.21350000e-09  2.50000000e+00  0.00000000e+00  2.50000000e+00  2.49972434e+00  2.12527632e-04 
 1.21450000e-09  1.21450000e-09  2.50000000e+00  0.00000000e+00  2.50000000e+00  2.49974615e+00  1.97678205e-04 
 1.21550000e-09  1.21550000e-09  2.50000000e+00  0.00000000e+00  2.50000000e+00  2.49976622e+00  1.83846245e-04 
 1.21650000e-09  1.21650000e-09  2.50000000e+00  0.00000000e+00  2.50000000e+00  2.49978469e+00  1.70964001e-04 
 1.21750000e-09  1.21750000e-09  2.50000000e+00  0.00000000e+00  2.50000000e+00  2.49980169e+00  1.58968036e-04 
 1.21850000e-09  1.21850000e-09  2.50000000e+00  0.00000000e+00  2.50000000e+00  2.49981733e+00  1.47798973e-04 
 1.21950000e-09  1.21950000e-09  2.50000000e+00  0.00000000e+00  2.50000000e+00  2.49983172e+00  1.37401254e-04 
 1.22050000e-09  1.22050000e-09  2.50000000e+00  0.00000000e+00  2.50000000e+00  2.49984497e+00  1.27722911e-04 
 1.22150000e-09  1.22150000e-09  2.50000000e+00  0.00000000e+00  2.50000000e+00  2.49985717e+00  1.18715349e-04 
 1.22250000e-09  1.22250000e-09  2.50000000e+00  0.00000000e+00  2.50000000e+00  2.49986840e+00  1.10333138e-04 
 1.22350000e-09  1.22350000e-09  2.50000000e+00  0.00000000e+00  2.50000000e+00  2.49987874e+00  1.02533822e-04 
 1.22450000e-09  1.22450000e-09  2.50000000e+00  0.00000000e+00  2.50000000e+00  2.49988825e+00  9.52777313e-05 
 1.22550000e-09  1.22550000e-09  2.50000000e+00  0.00000000e+00  2.50000000e+00  2.49989702e+00  8.85278118e-05 
 1.22650000e-09  1.22650000e-09  2.50000000e+00  0.00000000e+00  2.50000000e+00  2.49990509e+00  8.22494603e-05 
 1.22750000e-09  1.22750000e-09  2.50000000e+00  0.00000000e+00  2.50000000e+00  2.49991252e+00  7.64103699e-05 
 1.22850000e-09  1.22850000e-09  2.50000000e+00  0.00000000e+00  2.50000000e+00  2.49991937e+00  7.09803847e-05 
 1.22950000e-09  1.22950000e-09  2.50000000e+00  0.00000000e+00  2.50000000e+00  2.49992567e+00  6.59313628e-05 
 1.23050000e-09  1.23050000e-09  2.50000000e+00  0.00000000e+00  2.50000000e+00  2.49993148e+00  6.12370474e-05 
 1.23150000e-09  1.23150000e-09  2.50000000e+00  0.00000000e+00  2.50000000e+00  2.49993683e+00  5.68729455e-05 
 1.23250000e-09  1.23250000e-09  2.50000000e+00  0.00000000e+00  2.50000000e+00  2.49994176e+00  5.28162141e-05 
 1.23350000e-09  1.23350000e-09  2.50000000e+00  0.00000000e+00  2.50000000e+00  2.49994630e+00  4.90455530e-05 
 1.23450000e-09  1.23450000e-09  2.50000000e+00  0.00000000e+00  2.50000000e+00  2.49995048e+00  4.55411044e-05 
 1.23550000e-09  1.23550000e-09  2.50000000e+00  0.00000000e+00  2.50000000e+00  2.49995434e+00  4.22843583e-05 
 1.23650000e-09  1.23650000e-09  2.50000000e+00  0.00000000e+00  2.50000000e+00  2.49995789e+00  3.92580646e-05 
 1.23750000e-09  1.23750000e-09  2.50000000e+00  0.00000000e+00  2.50000000e+00  2.49996116e+00  3.64461492e-05 
 1.23850000e-09  1.23850000e-09  2.50000000e+00  0.00000000e+00  2.50000000e+00  2.49996418e+00  3.38336371e-05 
 1.23950000e-09  1.23950000e-09  2.50000000e+00  0.00000000e+00  2.50000000e+00  2.49996696e+00  3.14065788e-05 
 1.24050000e-09  1.24050000e-09  2.50000000e+00  0.00000000e+00  2.50000000e+00  2.49996953e+00  2.91519825e-05 
 1.24150000e-09  1.24150000e-09  2.50000000e+00  0.00000000e+00  2.50000000e+00  2.49997189e+00  2.70577497e-05 
 1.24250000e-09  1.24250000e-09  2.50000000e+00  0.00000000e+00  2.50000000e+00  2.49997407e+00  2.51126159e-05 
 1.24350000e-09  1.24350000e-09  2.50000000e+00  0.00000000e+00  2.50000000e+00  2.49997607e+00  2.33060942e-05 
 1.24450000e-09  1.24450000e-09  2.50000000e+00  0.00000000e+00  2.50000000e+00  2.49997793e+00  2.16284230e-05 
 1.24550000e-09  1.24550000e-09  2.50000000e+00  0.00000000e+00  2.50000000e+00  2.49997963e+00  2.00705172e-05 
 1.24650000e-09  1.24650000e-09  2.50000000e+00  0.00000000e+00  2.50000000e+00  2.49998121e+00  1.86239221e-05 
 1.24750000e-09  1.24750000e-09  2.50000000e+00  0.00000000e+00  2.50000000e+00  2.49998266e+00  1.72807708e-05 
 1.24850000e-09  1.24850000e-09  2.50000000e+00  0.00000000e+00  2.50000000e+00  2.49998400e+00  1.60337443e-05 
 1.24950000e-09  1.24950000e-09  2.50000000e+00  0.00000000e+00  2.50000000e+00  2.49998523e+00  1.48760340e-05 
 1.25050000e-09  1.25050000e-09  2.50000000e+00  0.00000000e+00  2.50000000e+00  2.49998637e+00  1.38013067e-05 
 1.25150000e-09  1.25150000e-09  2.50000000e+00  0.00000000e+00  2.50000000e+00  2.49998742e+00  1.28036723e-05 
 1.25250000e-09  1.25250000e-09  2.50000000e+00  0.00000000e+00  2.50000000e+00  2.49998839e+00  1.18776534e-05 
 1.25350000e-09  1.25350000e-09  2.50000000e+00  0.00000000e+00  2.50000000e+00  2.49998928e+00  1.10181565e-05 
 1.25450000e-09  1.25450000e-09  2.50000000e+00  0.00000000e+00  2.50000000e+00  2.49999011e+00  1.02204461e-05 
 1.25550000e-09  1.25550000e-09  2.50000000e+00  0.00000000e+00  2.50000000e+00  2.49999087e+00  9.48011953e-06 
 1.25650000e-09  1.25650000e-09  2.50000000e+00  0.00000000e+00  2.50000000e+00  2.49999157e+00  8.79308436e-06 
 1.25750000e-09  1.25750000e-09  2.50000000e+00  0.00000000e+00  2.50000000e+00  2.49999222e+00  8.15553652e-06 
 1.25850000e-09  1.25850000e-09  2.50000000e+00  0.00000000e+00  2.50000000e+00  2.49999281e+00  7.56394050e-06 
 1.25950000e-09  1.25950000e-09  2.50000000e+00  0.00000000e+00  2.50000000e+00  2.49999337e+00  7.01501062e-06 
 1.26050000e-09  1.26050000e-09  2.50000000e+00  0.00000000e+00  2.50000000e+00  2.49999387e+00  6.50569367e-06 
 1.26150000e-09  1.26150000e-09  2.50000000e+00  0.00000000e+00  2.50000000e+00  2.49999434e+00  6.03315267e-06 
 1.26250000e-09  1.26250000e-09  2.50000000e+00  0.00000000e+00  2.50000000e+00  2.49999478e+00  5.59475177e-06 
 1.26350000e-09  1.26350000e-09  2.50000000e+00  0.00000000e+00  2.50000000e+00  2.49999518e+00  5.18804221e-06 
 1.26450000e-09  1.26450000e-09  2.50000000e+00  0.00000000e+00  2.50000000e+00  2.49999555e+00  4.81074918e-06 
 1.26550000e-09  1.26550000e-09  2.50000000e+00  0.00000000e+00  2.50000000e+00  2.49999589e+00  4.46075967e-06 
 1.26650000e-09  1.26650000e-09  2.50000000e+00  0.00000000e+00  2.50000000e+00  2.49999620e+00  4.13611104e-06 
 1.26750000e-09  1.26750000e-09  2.50000000e+00  0.00000000e+00  2.50000000e+00  2.49999649e+00  3.83498052e-06 
 1.26850000e-09  1.26850000e-09  2.50000000e+00  0.00000000e+00  2.50000000e+00  2.49999676e+00  3.55567529e-06 
 1.26950000e-09  1.26950000e-09  2.50000000e+00  0.00000000e+00  2.50000000e+00  2.49999701e+00  3.29662339e-06 
 1.27050000e-09  1.27050000e-09  2.50000000e+00  0.00000000e+00  2.50000000e+00  2.49999723e+00  3.05636514e-06 
 1.27150000e-09  1.27150000e-09  2.50000000e+00  0.00000000e+00  2.50000000e+00  2.49999744e+00  2.83354521e-06 
 1.27250000e-09  1.27250000e-09  2.50000000e+00  0.00000000e+00  2.50000000e+00  2.49999764e+00  2.62690527e-06 
 1.27350000e-09  1.27350000e-09  2.50000000e+00  0.00000000e+00  2.50000000e+00  2.49999782e+00  2.43527709e-06 
 1.27450000e-09  1.27450000e-09  2.50000000e+00  0.00000000e+00  2.50000000e+00  2.49999799e+00  2.25757617e-06 
 1.27550000e-09  1.27550000e-09  2.50000000e+00  0.00000000e+00  2.50000000e+00  2.49999814e+00  2.09279579e-06 
 1.27650000e-09  1.27650000e-09  2.50000000e+00  0.00000000e+00  2.50000000e+00  2.49999828e+00  1.94000149e-06 
 1.27750000e-09  1.27750000e-09  2.50000000e+00  0.00000000e+00  2.50000000e+00  2.49999841e+00  1.79832591e-06 
 1.27850000e-09  1.27850000e-09  2.50000000e+00  0.00000000e+00  2.50000000e+00  2.49999853e+00  1.66696405e-06 
 1.27950000e-09  1.27950000e-09  2.50000000e+00  0.00000000e+00  2.50000000e+00  2.49999864e+00  1.54516882e-06 
 1.28050000e-09  1.28050000e-09  2.50000000e+00  0.00000000e+00  2.50000000e+00  2.49999875e+00  1.43224687e-06 
 1.28150000e-09  1.28150000e-09  2.50000000e+00  0.00000000e+00  2.50000000e+00  2.49999884e+00  1.32755482e-06 
 1.28250000e-09  1.28250000e-09  2.50000000e+00  0.00000000e+00  2.50000000e+00  2.49999893e+00  1.23049563e-06 
 1.28350000e-09  1.28350000e-09  2.50000000e+00  0.00000000e+00  2.50000000e+00  2.49999901e+00  1.14051532e-06 
 1.28450000e-09  1.28450000e-09  2.50000000e+00  0.00000000e+00  2.50000000e+00  2.49999909e+00  1.05709989e-06 
 1.28550000e-09  1.28550000e-09  2.50000000e+00  0.00000000e+00  2.50000000e+00  2.49999915e+00  9.79772446e-07 
 1.28650000e-09  1.28650000e-09  2.50000000e+00  0.00000000e+00  2.50000000e+00  2.49999922e+00  9.08090536e-07 
 1.28750000e-09  1.28750000e-09  2.50000000e+00  0.00000000e+00  2.50000000e+00  2.49999928e+00  8.41643698e-07 
 1.28850000e-09  1.28850000e-09  2.50000000e+00  0.00000000e+00  2.50000000e+00  2.49999933e+00  7.80051151e-07 
 1.28950000e-09  1.28950000e-09  2.50000000e+00  0.00000000e+00  2.50000000e+00  2.49999938e+00  7.22959667e-07 
 1.29050000e-09  1.29050000e-09  2.50000000e+00  0.00000000e+00  2.50000000e+00  2.49999943e+00  6.70041592e-07 
 1.29150000e-09  1.29150000e-09  2.50000000e+00  0.00000000e+00  2.50000000e+00  2.49999947e+00  6.20993002e-07 
 1.29250000e-09  1.29250000e-09  2.50000000e+00  0.00000000e+00  2.50000000e+00  2.49999951e+00  5.75532002e-07 
 1.29350000e-09  1.29350000e-09  2.50000000e+00  0.00000000e+00  2.50000000e+00  2.49999955e+00  5.33397135e-07 
 1.29450000e-09  1.29450000e-09  2.50000000e+00  0.00000000e+00  2.50000000e+00  2.49999958e+00  4.94345907e-07 
 1.29550000e-09  1.29550000e-09  2.50000000e+00  0.00000000e+00  2.50000000e+00  2.49999961e+00  4.58153428e-07 
 1.29650000e-09  1.29650000e-09  2.50000000e+00  0.00000000e+00  2.50000000e+00  2.49999964e+00  4.24611133e-07 
 1.29750000e-09  1.29750000e-09  2.50000000e+00  0.00000000e+00  2.50000000e+00  2.49999967e+00  3.93525608e-07 
 1.29850000e-09  1.29850000e-09  2.50000000e+00  0.00000000e+00  2.50000000e+00  2.49999969e+00  3.64717497e-07 
 1.29950000e-09  1.29950000e-09  2.50000000e+00  0.00000000e+00  2.50000000e+00  2.49999972e+00  3.38020479e-07 
 1.30050000e-09  1.30050000e-09  2.50000000e+00  0.00000000e+00  2.50000000e+00  2.49999974e+00  3.13280335e-07 
 1.30150000e-09  1.30150000e-09  2.50000000e+00  0.00000000e+00  2.50000000e+00  2.49999976e+00  2.90354065e-07 
 1.30250000e-09  1.30250000e-09  2.50000000e+00  0.00000000e+00  2.50000000e+00  2.49999978e+00  2.69109077e-07 
 1.30350000e-09  1.30350000e-09  2.50000000e+00  0.00000000e+00  2.50000000e+00  2.49999979e+00  2.49422437e-07 
 1.30450000e-09  1.30450000e-09  2.50000000e+00  0.00000000e+00  2.50000000e+00  2.49999981e+00  2.31180166e-07 
 1.30550000e-09  1.30550000e-09  2.50000000e+00  0.00000000e+00  2.50000000e+00  2.49999982e+00  2.14276590e-07 
 1.30650000e-09  1.30650000e-09  2.50000000e+00  0.00000000e+00  2.50000000e+00  2.49999984e+00  1.98613739e-07 
 1.30750000e-09  1.30750000e-09  2.50000000e+00  0.00000000e+00  2.50000000e+00  2.49999985e+00  1.84100789e-07 
 1.30850000e-09  1.30850000e-09  2.50000000e+00  0.00000000e+00  2.50000000e+00  2.49999986e+00  1.70653542e-07 
 1.30950000e-09  1.30950000e-09  2.50000000e+00  0.00000000e+00  2.50000000e+00  2.49999987e+00  1.58193943e-07 
 1.31050000e-09  1.31050000e-09  2.50000000e+00  0.00000000e+00  2.50000000e+00  2.49999988e+00  1.46649636e-07 
 1.31150000e-09  1.31150000e-09  2.50000000e+00  0.00000000e+00  2.50000000e+00  2.49999989e+00  1.35953550e-07 
 1.31250000e-09  1.31250000e-09  2.50000000e+00  0.00000000e+00  2.50000000e+00  2.49999990e+00  1.26043511e-07 
 1.31350000e-09  1.31350000e-09  2.50000000e+00  0.00000000e+00  2.50000000e+00  2.49999990e+00  1.16861892e-07 
 1.31450000e-09  1.31450000e-09  2.50000000e+00  0.00000000e+00  2.50000000e+00  2.49999991e+00  1.08355274e-07 
 1.31550000e-09  1.31550000e-09  2.50000000e+00  0.00000000e+00  2.50000000e+00  2.49999992e+00  1.00474148e-07 
 1.31650000e-09  1.31650000e-09  2.50000000e+00  0.00000000e+00  2.50000000e+00  2.49999992e+00  9.31726225e-08 
 1.31750000e-09  1.31750000e-09  2.50000000e+00  0.00000000e+00  2.50000000e+00  2.49999993e+00  8.64081658e-08 
 1.31850000e-09  1.31850000e-09  2.50000000e+00  0.00000000e+00  2.50000000e+00  2.49999994e+00  8.01413579e-08 
 1.31950000e-09  1.31950000e-09  2.50000000e+00  0.00000000e+00  2.50000000e+00  2.49999994e+00  7.43356641e-08 
 1.32050000e-09  1.32050000e-09  2.50000000e+00  0.00000000e+00  2.50000000e+00  2.49999994e+00  6.89572250e-08 
 1.32150000e-09  1.32150000e-09  2.50000000e+00  0.00000000e+00  2.50000000e+00  2.49999995e+00  6.39746612e-08 
 1.32250000e-09  1.32250000e-09  2.50000000e+00  0.00000000e+00  2.50000000e+00  2.49999995e+00  5.93588918e-08 
 1.32350000e-09  1.32350000e-09  2.50000000e+00  0.00000000e+00  2.50000000e+00  2.49999996e+00  5.50829674e-08 
 1.32450000e-09  1.32450000e-09  2.50000000e+00  0.00000000e+00  2.50000000e+00  2.49999996e+00  5.11219134e-08 
 1.32550000e-09  1.32550000e-09  2.50000000e+00  0.00000000e+00  2.50000000e+00  2.49999996e+00  4.74525864e-08 
 1.32650000e-09  1.32650000e-09  2.50000000e+00  0.00000000e+00  2.50000000e+00  2.49999996e+00  4.40535399e-08 
 1.32750000e-09  1.32750000e-09  2.50000000e+00  0.00000000e+00  2.50000000e+00  2.49999997e+00  4.09049007e-08 
 1.32850000e-09  1.32850000e-09  2.50000000e+00  0.00000000e+00  2.50000000e+00  2.49999997e+00  3.79882535e-08 
 1.32950000e-09  1.32950000e-09  2.50000000e+00  0.00000000e+00  2.50000000e+00  2.49999997e+00  3.52865341e-08 
 1.33050000e-09  1.33050000e-09  2.50000000e+00  0.00000000e+00  2.50000000e+00  2.49999997e+00  3.27839310e-08 
 1.33150000e-09  1.33150000e-09  2.50000000e+00  0.00000000e+00  2.50000000e+00  2.49999998e+00  3.04657934e-08 
 1.33250000e-09  1.33250000e-09  2.50000000e+00  0.00000000e+00  2.50000000e+00  2.49999998e+00  2.83185463e-08 
 1.33350000e-09  1.33350000e-09  2.50000000e+00  0.00000000e+00  2.50000000e+00  2.49999998e+00  2.63296119e-08 
 1.33450000e-09  1.33450000e-09  2.50000000e+00  0.00000000e+00  2.50000000e+00  2.49999998e+00  2.44873357e-08 
 1.33550000e-09  1.33550000e-09  2.50000000e+00  0.00000000e+00  2.50000000e+00  2.49999998e+00  2.27809202e-08 
 1.33650000e-09  1.33650000e-09  2.50000000e+00  0.00000000e+00  2.50000000e+00  2.49999998e+00  2.12003609e-08 
 1.33750000e-09  1.33750000e-09  2.50000000e+00  0.00000000e+00  2.50000000e+00  2.49999998e+00  1.97363889e-08 
 1.33850000e-09  1.33850000e-09  2.50000000e+00  0.00000000e+00  2.50000000e+00  2.49999999e+00  1.83804164e-08 
 1.33950000e-09  1.33950000e-09  2.50000000e+00  0.00000000e+00  2.50000000e+00  2.49999999e+00  1.71244874e-08 
 1.34050000e-09  1.34050000e-09  2.50000000e+00  0.00000000e+00  2.50000000e+00  2.49999999e+00  1.59612308e-08 
 1.34150000e-09  1.34150000e-09  2.50000000e+00  0.00000000e+00  2.50000000e+00  2.49999999e+00  1.48838176e-08 
 1.34250000e-09  1.34250000e-09  2.50000000e+00  0.00000000e+00  2.50000000e+00  2.49999999e+00  1.38859212e-08 
 1.34350000e-09  1.34350000e-09  2.50000000e+00  0.00000000e+00  2.50000000e+00  2.49999999e+00  1.29616806e-08 
 1.34450000e-09  1.34450000e-09  2.50000000e+00  0.00000000e+00  2.50000000e+00  2.49999999e+00  1.21056661e-08 
 1.34550000e-09  1.34550000e-09  2.50000000e+00  0.00000000e+00  2.50000000e+00  2.49999999e+00  1.13128476e-08 
 1.34650000e-09  1.34650000e-09  2.50000000e+00  0.00000000e+00  2.50000000e+00  2.49999999e+00  1.05785651e-08 
 1.34750000e-09  1.34750000e-09  2.50000000e+00  0.00000000e+00  2.50000000e+00  2.49999999e+00  9.89850199e-09 
 1.34850000e-09  1.34850000e-09  2.50000000e+00  0.00000000e+00  2.50000000e+00  2.49999999e+00  9.26865926e-09 
 1.34950000e-09  1.34950000e-09  2.50000000e+00  0.00000000e+00  2.50000000e+00  2.49999999e+00  8.68533259e-09 
 1.35050000e-09  1.35050000e-09  2.50000000e+00  0.00000000e+00  2.50000000e+00  2.49999999e+00  8.14509044e-09 
 1.35150000e-09  1.35150000e-09  2.50000000e+00  0.00000000e+00  2.50000000e+00  2.49999999e+00  7.64475425e-09 
 1.35250000e-09  1.35250000e-09  2.50000000e+00  0.00000000e+00  2.50000000e+00  2.49999999e+00  7.18137946e-09 
 1.35350000e-09  1.35350000e-09  2.50000000e+00  0.00000000e+00  2.50000000e+00  2.49999999e+00  6.75223835e-09 
 1.35450000e-09  1.35450000e-09  2.50000000e+00  0.00000000e+00  2.50000000e+00  2.49999999e+00  6.35480438e-09 
 1.35550000e-09  1.35550000e-09  2.50000000e+00  0.00000000e+00  2.50000000e+00  2.49999999e+00  5.98673724e-09 
 1.35650000e-09  1.35650000e-09  2.50000000e+00  0.00000000e+00  2.50000000e+00  2.50000000e+00  5.64586930e-09 
 1.35750000e-09  1.35750000e-09  2.50000000e+00  0.00000000e+00  2.50000000e+00  2.50000000e+00  5.33019259e-09 
 1.35850000e-09  1.35850000e-09  2.50000000e+00  0.00000000e+00  2.50000000e+00  2.50000000e+00  5.03784706e-09 
 1.35950000e-09  1.35950000e-09  2.50000000e+00  0.00000000e+00  2.50000000e+00  2.50000000e+00  4.76710982e-09 
 1.36050000e-09  1.36050000e-09  2.50000000e+00  0.00000000e+00  2.50000000e+00  2.50000000e+00  4.51638552e-09 
 1.36150000e-09  1.36150000e-09  2.50000000e+00  0.00000000e+00  2.50000000e+00  2.50000000e+00  4.28419600e-09 
 1.36250000e-09  1.36250000e-09  2.50000000e+00  0.00000000e+00  2.50000000e+00  2.50000000e+00  4.06917219e-09 
 1.36350000e-09  1.36350000e-09  2.50000000e+00  0.00000000e+00  2.50000000e+00  2.50000000e+00  3.87004612e-09 
 1.36450000e-09  1.36450000e-09  2.50000000e+00  0.00000000e+00  2.50000000e+00  2.50000000e+00  3.68564351e-09 
 1.36550000e-09  1.36550000e-09  2.50000000e+00  0.00000000e+00  2.50000000e+00  2.50000000e+00  3.51487653e-09 
 1.36650000e-09  1.36650000e-09  2.50000000e+00  0.00000000e+00  2.50000000e+00  2.50000000e+00  3.35673764e-09 
 1.36750000e-09  1.36750000e-09  2.50000000e+00  0.00000000e+00  2.50000000e+00  2.50000000e+00  3.21029378e-09 
 1.36850000e-09  1.36850000e-09  2.50000000e+00  0.00000000e+00  2.50000000e+00  2.50000000e+00  3.07468087e-09 
 1.36950000e-09  1.36950000e-09  2.50000000e+00  0.00000000e+00  2.50000000e+00  2.50000000e+00  2.94909855e-09 
 1.37050000e-09  1.37050000e-09  2.50000000e+00  0.00000000e+00  2.50000000e+00  2.50000000e+00  2.83280538e-09 
 1.37150000e-09  1.37150000e-09  2.50000000e+00  0.00000000e+00  2.50000000e+00  2.50000000e+00  2.72511472e-09 
 1.37250000e-09  1.37250000e-09  2.50000000e+00  0.00000000e+00  2.50000000e+00  2.50000000e+00  2.62539063e-09 
 1.37350000e-09  1.37350000e-09  2.50000000e+00  0.00000000e+00  2.50000000e+00  2.50000000e+00  2.53304414e-09 
 1.37450000e-09  1.37450000e-09  2.50000000e+00  0.00000000e+00  2.50000000e+00  2.50000000e+00  2.44753001e-09 
 1.37550000e-09  1.37550000e-09  2.50000000e+00  0.00000000e+00  2.50000000e+00  2.50000000e+00  2.36834308e-09 
 1.37650000e-09  1.37650000e-09  2.50000000e+00  0.00000000e+00  2.50000000e+00  2.50000000e+00  2.29501537e-09 
 1.37750000e-09  1.37750000e-09  2.50000000e+00  0.00000000e+00  2.50000000e+00  2.50000000e+00  2.22711366e-09 
 1.37850000e-09  1.37850000e-09  2.50000000e+00  0.00000000e+00  2.50000000e+00  2.50000000e+00  2.16423679e-09 
 1.37950000e-09  1.37950000e-09  2.50000000e+00  0.00000000e+00  2.50000000e+00  2.50000000e+00  2.10601322e-09 
 1.38050000e-09  1.38050000e-09  2.50000000e+00  0.00000000e+00  2.50000000e+00  2.50000000e+00  2.05209869e-09 
 1.38150000e-09  1.38150000e-09  2.50000000e+00  0.00000000e+00  2.50000000e+00  2.50000000e+00  2.00217443e-09 
 1.38250000e-09  1.38250000e-09  2.50000000e+00  0.00000000e+00  2.50000000e+00  2.50000000e+00  1.95594541e-09 
 1.38350000e-09  1.38350000e-09  2.50000000e+00  0.00000000e+00  2.50000000e+00  2.50000000e+00  1.91313818e-09 
 1.38450000e-09  1.38450000e-09  2.50000000e+00  0.00000000e+00  2.50000000e+00  2.50000000e+00  1.87349949e-09 
 1.38550000e-09  1.38550000e-09  2.50000000e+00  0.00000000e+00  2.50000000e+00  2.50000000e+00  1.83679516e-09 
 1.38650000e-09  1.38650000e-09  2.50000000e+00  0.00000000e+00  2.50000000e+00  2.50000000e+00  1.80280807e-09 
 1.38750000e-09  1.38750000e-09  2.50000000e+00  0.00000000e+00  2.50000000e+00  2.50000000e+00  1.77133708e-09 
 1.38850000e-09  1.38850000e-09  2.50000000e+00  0.00000000e+00  2.50000000e+00  2.50000000e+00  1.74219611e-09 
 1.38950000e-09  1.38950000e-09  2.50000000e+00  0.00000000e+00  2.50000000e+00  2.50000000e+00  1.71521278e-09 
 1.39050000e-09  1.39050000e-09  2.50000000e+00  0.00000000e+00  2.50000000e+00  2.50000000e+00  1.69022732e-09 
 1.39150000e-09  1.39150000e-09  2.50000000e+00  0.00000000e+00  2.50000000e+00  2.50000000e+00  1.66709199e-09 
 1.39250000e-09  1.39250000e-09  2.50000000e+00  0.00000000e+00  2.50000000e+00  2.50000000e+00  1.64566974e-09 
 1.39350000e-09  1.39350000e-09  2.50000000e+00  0.00000000e+00  2.50000000e+00  2.50000000e+00  1.62583383e-09 
 1.39450000e-09  1.39450000e-09  2.50000000e+00  0.00000000e+00  2.50000000e+00  2.50000000e+00  1.60746680e-09 
 1.39550000e-09  1.39550000e-09  2.50000000e+00  0.00000000e+00  2.50000000e+00  2.50000000e+00  1.59045996e-09 
 1.39650000e-09  1.39650000e-09  2.50000000e+00  0.00000000e+00  2.50000000e+00  2.50000000e+00  1.57471261e-09 
 1.39750000e-09  1.39750000e-09  2.50000000e+00  0.00000000e+00  2.50000000e+00  2.50000000e+00  1.56013152e-09 
 1.39850000e-09  1.39850000e-09  2.50000000e+00  0.00000000e+00  2.50000000e+00  2.50000000e+00  1.54663030e-09 
 1.39950000e-09  1.39950000e-09  2.50000000e+00  0.00000000e+00  2.50000000e+00  2.50000000e+00  1.53412918e-09 
 1.40050000e-09  1.40050000e-09  2.50000000e+00  0.00000000e+00  2.50000000e+00  2.50000000e+00  1.52255406e-09 
 1.40150000e-09  1.40150000e-09  2.50000000e+00  0.00000000e+00  2.50000000e+00  2.50000000e+00  1.51183618e-09 
 1.40250000e-09  1.40250000e-09  2.50000000e+00  0.00000000e+00  2.50000000e+00  2.50000000e+00  1.50191218e-09 
 1.40350000e-09  1.40350000e-09  2.50000000e+00  0.00000000e+00  2.50000000e+00  2.50000000e+00  1.49272339e-09 
 1.40450000e-09  1.40450000e-09  2.50000000e+00  0.00000000e+00  2.50000000e+00  2.50000000e+00  1.48421539e-09 
 1.40550000e-09  1.40550000e-09  2.50000000e+00  0.00000000e+00  2.50000000e+00  2.50000000e+00  1.47633766e-09 
 1.40650000e-09  1.40650000e-09  2.50000000e+00  0.00000000e+00  2.50000000e+00  2.50000000e+00  1.46904344e-09 
 1.40750000e-09  1.40750000e-09  2.50000000e+00  0.00000000e+00  2.50000000e+00  2.50000000e+00  1.46228957e-09 
 1.40850000e-09  1.40850000e-09  2.50000000e+00  0.00000000e+00  2.50000000e+00  2.50000000e+00  1.45603604e-09 
 1.40950000e-09  1.40950000e-09  2.50000000e+00  0.00000000e+00  2.50000000e+00  2.50000000e+00  1.45024590e-09 
 1.41050000e-09  1.41050000e-09  2.50000000e+00  0.00000000e+00  2.50000000e+00  2.50000000e+00  1.44488474e-09 
 1.41150000e-09  1.41150000e-09  2.50000000e+00  0.00000000e+00  2.50000000e+00  2.50000000e+00  1.43992085e-09 
 1.41250000e-09  1.41250000e-09  2.50000000e+00  0.00000000e+00  2.50000000e+00  2.50000000e+00  1.43532475e-09 
 1.41350000e-09  1.41350000e-09  2.50000000e+00  0.00000000e+00  2.50000000e+00  2.50000000e+00  1.43106921e-09 
 1.41450000e-09  1.41450000e-09  2.50000000e+00  0.00000000e+00  2.50000000e+00  2.50000000e+00  1.42712897e-09 
 1.41550000e-09  1.41550000e-09  2.50000000e+00  0.00000000e+00  2.50000000e+00  2.50000000e+00  1.42348075e-09 
 1.41650000e-09  1.41650000e-09  2.50000000e+00  0.00000000e+00  2.50000000e+00  2.50000000e+00  1.42010284e-09 
 1.41750000e-09  1.41750000e-09  2.50000000e+00  0.00000000e+00  2.50000000e+00  2.50000000e+00  1.41697518e-09 
 1.41850000e-09  1.41850000e-09  2.50000000e+00  0.00000000e+00  2.50000000e+00  2.50000000e+00  1.41407927e-09 
 1.41950000e-09  1.41950000e-09  2.50000000e+00  0.00000000e+00  2.50000000e+00  2.50000000e+00  1.41139792e-09 
 1.42050000e-09  1.42050000e-09  2.50000000e+00  0.00000000e+00  2.50000000e+00  2.50000000e+00  1.40891551e-09 
 1.42150000e-09  1.42150000e-09  2.50000000e+00  0.00000000e+00  2.50000000e+00  2.50000000e+00  1.40661705e-09 
 1.42250000e-09  1.42250000e-09  2.50000000e+00  0.00000000e+00  2.50000000e+00  2.50000000e+00  1.40448883e-09 
 1.42350000e-09  1.42350000e-09  2.50000000e+00  0.00000000e+00  2.50000000e+00  2.50000000e+00  1.40251852e-09 
 1.42450000e-09  1.42450000e-09  2.50000000e+00  0.00000000e+00  2.50000000e+00  2.50000000e+00  1.40069428e-09 
 1.42550000e-09  1.42550000e-09  2.50000000e+00  0.00000000e+00  2.50000000e+00  2.50000000e+00  1.39900522e-09 
 1.42650000e-09  1.42650000e-09  2.50000000e+00  0.00000000e+00  2.50000000e+00  2.50000000e+00  1.39744133e-09 
 1.42750000e-09  1.42750000e-09  2.50000000e+00  0.00000000e+00  2.50000000e+00  2.50000000e+00  1.39599327e-09 
 1.42850000e-09  1.42850000e-09  2.50000000e+00  0.00000000e+00  2.50000000e+00  2.50000000e+00  1.39465250e-09 
 1.42950000e-09  1.42950000e-09  2.50000000e+00  0.00000000e+00  2.50000000e+00  2.50000000e+00  1.39341116e-09 
 1.43050000e-09  1.43050000e-09  2.50000000e+00  0.00000000e+00  2.50000000e+00  2.50000000e+00  1.39226183e-09 
 1.43150000e-09  1.43150000e-09  2.50000000e+00  0.00000000e+00  2.50000000e+00  2.50000000e+00  1.39119771e-09 
 1.43250000e-09  1.43250000e-09  2.50000000e+00  0.00000000e+00  2.50000000e+00  2.50000000e+00  1.39021256e-09 
 1.43350000e-09  1.43350000e-09  2.50000000e+00  0.00000000e+00  2.50000000e+00  2.50000000e+00  1.38930034e-09 
 1.43450000e-09  1.43450000e-09  2.50000000e+00  0.00000000e+00  2.50000000e+00  2.50000000e+00  1.38845571e-09 
 1.43550000e-09  1.43550000e-09  2.50000000e+00  0.00000000e+00  2.50000000e+00  2.50000000e+00  1.38767378e-09 
 1.43650000e-09  1.43650000e-09  2.50000000e+00  0.00000000e+00  2.50000000e+00  2.50000000e+00  1.38694981e-09 
 1.43750000e-09  1.43750000e-09  2.50000000e+00  0.00000000e+00  2.50000000e+00  2.50000000e+00  1.38627942e-09 
 1.43850000e-09  1.43850000e-09  2.50000000e+00  0.00000000e+00  2.50000000e+00  2.50000000e+00  1.38565889e-09 
 1.43950000e-09  1.43950000e-09  2.50000000e+00  0.00000000e+00  2.50000000e+00  2.50000000e+00  1.38508427e-09 
 1.44050000e-09  1.44050000e-09  2.50000000e+00  0.00000000e+00  2.50000000e+00  2.50000000e+00  1.38455220e-09 
 1.44150000e-09  1.44150000e-09  2.50000000e+00  0.00000000e+00  2.50000000e+00  2.50000000e+00  1.38405953e-09 
 1.44250000e-09  1.44250000e-09  2.50000000e+00  0.00000000e+00  2.50000000e+00  2.50000000e+00  1.38360351e-09 
 1.44350000e-09  1.44350000e-09  2.50000000e+00  0.00000000e+00  2.50000000e+00  2.50000000e+00  1.38318124e-09 
 1.44450000e-09  1.44450000e-09  2.50000000e+00  0.00000000e+00  2.50000000e+00  2.50000000e+00  1.38279027e-09 
 1.44550000e-09  1.44550000e-09  2.50000000e+00  0.00000000e+00  2.50000000e+00  2.50000000e+00  1.38242839e-09 
 1.44650000e-09  1.44650000e-09  2.50000000e+00  0.00000000e+00  2.50000000e+00  2.50000000e+00  1.38209333e-09 
 1.44750000e-09  1.44750000e-09  2.50000000e+00  0.00000000e+00  2.50000000e+00  2.50000000e+00  1.38178313e-09 
 1.44850000e-09  1.44850000e-09  2.50000000e+00  0.00000000e+00  2.50000000e+00  2.50000000e+00  1.38149592e-09 
 1.44950000e-09  1.44950000e-09  2.50000000e+00  0.00000000e+00  2.50000000e+00  2.50000000e+00  1.38122996e-09 
 1.45050000e-09  1.45050000e-09  2.50000000e+00  0.00000000e+00  2.50000000e+00  2.50000000e+00  1.38098374e-09 
 1.45150000e-09  1.45150000e-09  2.50000000e+00  0.00000000e+00  2.50000000e+00  2.50000000e+00  1.38075582e-09 
 1.45250000e-09  1.45250000e-09  2.50000000e+00  0.00000000e+00  2.50000000e+00  2.50000000e+00  1.38054473e-09 
 1.45350000e-09  1.45350000e-09  2.50000000e+00  0.00000000e+00  2.50000000e+00  2.50000000e+00  1.38034925e-09 
 1.45450000e-09  1.45450000e-09  2.50000000e+00  0.00000000e+00  2.50000000e+00  2.50000000e+00  1.38016829e-09 
 1.45550000e-09  1.45550000e-09  2.50000000e+00  0.00000000e+00  2.50000000e+00  2.50000000e+00  1.38000081e-09 
 1.45650000e-09  1.45650000e-09  2.50000000e+00  0.00000000e+00  2.50000000e+00  2.50000000e+00  1.37984571e-09 
 1.45750000e-09  1.45750000e-09  2.50000000e+00  0.00000000e+00  2.50000000e+00  2.50000000e+00  1.37970205e-09 
 1.45850000e-09  1.45850000e-09  2.50000000e+00  0.00000000e+00  2.50000000e+00  2.50000000e+00  1.37956910e-09 
 1.45950000e-09  1.45950000e-09  2.50000000e+00  0.00000000e+00  2.50000000e+00  2.50000000e+00  1.37944600e-09 
 1.46050000e-09  1.46050000e-09  2.50000000e+00  0.00000000e+00  2.50000000e+00  2.50000000e+00  1.37933201e-09 
 1.46150000e-09  1.46150000e-09  2.50000000e+00  0.00000000e+00  2.50000000e+00  2.50000000e+00  1.37922654e-09 
 1.46250000e-09  1.46250000e-09  2.50000000e+00  0.00000000e+00  2.50000000e+00  2.50000000e+00  1.37912889e-09 
 1.46350000e-09  1.46350000e-09  2.50000000e+00  0.00000000e+00  2.50000000e+00  2.50000000e+00  1.37903844e-09 
 1.46450000e-09  1.46450000e-09  2.50000000e+00  0.00000000e+00  2.50000000e+00  2.50000000e+00  1.37895470e-09 
 1.46550000e-09  1.46550000e-09  2.50000000e+00  0.00000000e+00  2.50000000e+00  2.50000000e+00  1.37887721e-09 
 1.46650000e-09  1.46650000e-09  2.50000000e+00  0.00000000e+00  2.50000000e+00  2.50000000e+00  1.37880540e-09 
 1.46750000e-09  1.46750000e-09  2.50000000e+00  0.00000000e+00  2.50000000e+00  2.50000000e+00  1.37873907e-09 
 1.46850000e-09  1.46850000e-09  2.50000000e+00  0.00000000e+00  2.50000000e+00  2.50000000e+00  1.37867759e-09 
 1.46950000e-09  1.46950000e-09  2.50000000e+00  0.00000000e+00  2.50000000e+00  2.50000000e+00  1.37862063e-09 
 1.47050000e-09  1.47050000e-09  2.50000000e+00  0.00000000e+00  2.50000000e+00  2.50000000e+00  1.37856795e-09 
 1.47150000e-09  1.47150000e-09  2.50000000e+00  0.00000000e+00  2.50000000e+00  2.50000000e+00  1.37851910e-09 
 1.47250000e-09  1.47250000e-09  2.50000000e+00  0.00000000e+00  2.50000000e+00  2.50000000e+00  1.37847384e-09 
 1.47350000e-09  1.47350000e-09  2.50000000e+00  0.00000000e+00  2.50000000e+00  2.50000000e+00  1.37843195e-09 
 1.47450000e-09  1.47450000e-09  2.50000000e+00  0.00000000e+00  2.50000000e+00  2.50000000e+00  1.37839321e-09 
 1.47550000e-09  1.47550000e-09  2.50000000e+00  0.00000000e+00  2.50000000e+00  2.50000000e+00  1.37835737e-09 
 1.47650000e-09  1.47650000e-09  2.50000000e+00  0.00000000e+00  2.50000000e+00  2.50000000e+00  1.37832412e-09 
 1.47750000e-09  1.47750000e-09  2.50000000e+00  0.00000000e+00  2.50000000e+00  2.50000000e+00  1.37829331e-09 
 1.47850000e-09  1.47850000e-09  2.50000000e+00  0.00000000e+00  2.50000000e+00  2.50000000e+00  1.37826481e-09 
 1.47950000e-09  1.47950000e-09  2.50000000e+00  0.00000000e+00  2.50000000e+00  2.50000000e+00  1.37823847e-09 
 1.48050000e-09  1.48050000e-09  2.50000000e+00  0.00000000e+00  2.50000000e+00  2.50000000e+00  1.37821415e-09 
 1.48150000e-09  1.48150000e-09  2.50000000e+00  0.00000000e+00  2.50000000e+00  2.50000000e+00  1.37819151e-09 
 1.48250000e-09  1.48250000e-09  2.50000000e+00  0.00000000e+00  2.50000000e+00  2.50000000e+00  1.37817052e-09 
 1.48350000e-09  1.48350000e-09  2.50000000e+00  0.00000000e+00  2.50000000e+00  2.50000000e+00  1.37815109e-09 
 1.48450000e-09  1.48450000e-09  2.50000000e+00  0.00000000e+00  2.50000000e+00  2.50000000e+00  1.37813314e-09 
 1.48550000e-09  1.48550000e-09  2.50000000e+00  0.00000000e+00  2.50000000e+00  2.50000000e+00  1.37811665e-09 
 1.48650000e-09  1.48650000e-09  2.50000000e+00  0.00000000e+00  2.50000000e+00  2.50000000e+00  1.37810127e-09 
 1.48750000e-09  1.48750000e-09  2.50000000e+00  0.00000000e+00  2.50000000e+00  2.50000000e+00  1.37808698e-09 
 1.48850000e-09  1.48850000e-09  2.50000000e+00  0.00000000e+00  2.50000000e+00  2.50000000e+00  1.37807379e-09 
 1.48950000e-09  1.48950000e-09  2.50000000e+00  0.00000000e+00  2.50000000e+00  2.50000000e+00  1.37806155e-09 
 1.49050000e-09  1.49050000e-09  2.50000000e+00  0.00000000e+00  2.50000000e+00  2.50000000e+00  1.37805026e-09 
 1.49150000e-09  1.49150000e-09  2.50000000e+00  0.00000000e+00  2.50000000e+00  2.50000000e+00  1.37803968e-09 
 1.49250000e-09  1.49250000e-09  2.50000000e+00  0.00000000e+00  2.50000000e+00  2.50000000e+00  1.37803000e-09 
 1.49350000e-09  1.49350000e-09  2.50000000e+00  0.00000000e+00  2.50000000e+00  2.50000000e+00  1.37802109e-09 
 1.49450000e-09  1.49450000e-09  2.50000000e+00  0.00000000e+00  2.50000000e+00  2.50000000e+00  1.37801284e-09 
 1.49550000e-09  1.49550000e-09  2.50000000e+00  0.00000000e+00  2.50000000e+00  2.50000000e+00  1.37800515e-09 
 1.49650000e-09  1.49650000e-09  2.50000000e+00  0.00000000e+00  2.50000000e+00  2.50000000e+00  1.37799805e-09 
 1.49750000e-09  1.49750000e-09  2.50000000e+00  0.00000000e+00  2.50000000e+00  2.50000000e+00  1.37799153e-09 
 1.49850000e-09  1.49850000e-09  2.50000000e+00  0.00000000e+00  2.50000000e+00  2.50000000e+00  1.37798545e-09 
 1.49950000e-09  1.49950000e-09  2.50000000e+00  0.00000000e+00  2.50000000e+00  2.50000000e+00  1.37797981e-09 
 1.50050000e-09  1.50050000e-09  2.50000000e+00  0.00000000e+00  2.50000000e+00  2.50000000e+00  1.37797465e-09 
 1.50150000e-09  1.50150000e-09  2.50000000e+00  0.00000000e+00  2.50000000e+00  2.50000000e+00  1.37796979e-09 
 1.50250000e-09  1.50250000e-09  2.50000000e+00  0.00000000e+00  2.50000000e+00  2.50000000e+00  1.37796535e-09 
 1.50350000e-09  1.50350000e-09  2.50000000e+00  0.00000000e+00  2.50000000e+00  2.50000000e+00  1.37796127e-09 
 1.50450000e-09  1.50450000e-09  2.50000000e+00  0.00000000e+00  2.50000000e+00  2.50000000e+00  1.37795750e-09 
 1.50550000e-09  1.50550000e-09  2.50000000e+00  0.00000000e+00  2.50000000e+00  2.50000000e+00  1.37795400e-09 
 1.50650000e-09  1.50650000e-09  2.50000000e+00  0.00000000e+00  2.50000000e+00  2.50000000e+00  1.37795078e-09 
 1.50750000e-09  1.50750000e-09  2.50000000e+00  0.00000000e+00  2.50000000e+00  2.50000000e+00  1.37794778e-09 
 1.50850000e-09  1.50850000e-09  2.50000000e+00  0.00000000e+00  2.50000000e+00  2.50000000e+00  1.37794501e-09 
 1.50950000e-09  1.50950000e-09  2.50000000e+00  0.00000000e+00  2.50000000e+00  2.50000000e+00  1.37794237e-09 
 1.51050000e-09  1.51050000e-09  2.50000000e+00  0.00000000e+00  2.50000000e+00  2.50000000e+00  1.37793990e-09 
 1.51150000e-09  1.51150000e-09  2.50000000e+00  0.00000000e+00  2.50000000e+00  2.50000000e+00  1.37793765e-09 
 1.51250000e-09  1.51250000e-09  2.50000000e+00  0.00000000e+00  2.50000000e+00  2.50000000e+00  1.37793557e-09 
 1.51350000e-09  1.51350000e-09  2.50000000e+00  0.00000000e+00  2.50000000e+00  2.50000000e+00  1.37793355e-09 
 1.51450000e-09  1.51450000e-09  2.50000000e+00  0.00000000e+00  2.50000000e+00  2.50000000e+00  1.37793166e-09 
 1.51550000e-09  1.51550000e-09  2.50000000e+00  0.00000000e+00  2.50000000e+00  2.50000000e+00  1.37793002e-09 
 1.51650000e-09  1.51650000e-09  2.50000000e+00  0.00000000e+00  2.50000000e+00  2.50000000e+00  1.37792849e-09 
 1.51750000e-09  1.51750000e-09  2.50000000e+00  0.00000000e+00  2.50000000e+00  2.50000000e+00  1.37792697e-09 
 1.51850000e-09  1.51850000e-09  2.50000000e+00  0.00000000e+00  2.50000000e+00  2.50000000e+00  1.37792572e-09 
 1.51925000e-09  1.51925000e-09  2.50000000e+00  0.00000000e+00  2.50000000e+00  2.50000000e+00  1.37792483e-09 
 1.52000000e-09  1.52000000e-09  2.50000000e+00  0.00000000e+00  2.50000000e+00  2.50000000e+00  1.37792391e-09 
 1.52010000e-09  1.52010000e-09  2.48750000e+00  0.00000000e+00  2.50000000e+00  2.50203270e+00  1.90603566e-04 
 1.52030000e-09  1.52030000e-09  2.46250000e+00  0.00000000e+00  2.50000000e+00  2.50605889e+00  5.64995809e-04 
 1.52070000e-09  1.52070000e-09  2.41250000e+00  0.00000000e+00  2.50000000e+00  2.51389267e+00  1.27506924e-03 
 1.52150000e-09  1.52150000e-09  2.31250000e+00  0.00000000e+00  2.50000000e+00  2.52877305e+00  2.55402088e-03 
 1.52250000e-09  1.52250000e-09  2.18750000e+00  0.00000000e+00  2.50000000e+00  2.54610687e+00  3.92060711e-03 
 1.52350000e-09  1.52350000e-09  2.06250000e+00  0.00000000e+00  2.50000000e+00  2.56229864e+00  5.07066640e-03 
 1.52450000e-09  1.52450000e-09  1.93750000e+00  0.00000000e+00  2.50000000e+00  2.57760348e+00  6.04367220e-03 
 1.52550000e-09  1.52550000e-09  1.81250000e+00  0.00000000e+00  2.50000000e+00  2.59224259e+00  6.87318013e-03 
 1.52650000e-09  1.52650000e-09  1.68750000e+00  0.00000000e+00  2.50000000e+00  2.60641093e+00  7.58787195e-03 
 1.52750000e-09  1.52750000e-09  1.56250000e+00  0.00000000e+00  2.50000000e+00  2.62028342e+00  8.21242886e-03 
 1.52850000e-09  1.52850000e-09  1.43750000e+00  0.00000000e+00  2.50000000e+00  2.63402058e+00  8.76829239e-03 
 1.52950000e-09  1.52950000e-09  1.31250000e+00  0.00000000e+00  2.50000000e+00  2.64777337e+00  9.27431731e-03 
 1.53050000e-09  1.53050000e-09  1.18750000e+00  0.00000000e+00  2.50000000e+00  2.66168798e+00  9.74736891e-03 
 1.53150000e-09  1.53150000e-09  1.06250000e+00  0.00000000e+00  2.50000000e+00  2.67592612e+00  1.02042789e-02 
 1.53250000e-09  1.53250000e-09  9.37500000e-01  0.00000000e+00  2.50000000e+00  2.69068072e+00  1.06632138e-02 
 1.53350000e-09  1.53350000e-09  8.12500000e-01  0.00000000e+00  2.50000000e+00  2.70615168e+00  1.11413095e-02 
 1.53450000e-09  1.53450000e-09  6.87500000e-01  0.00000000e+00  2.50000000e+00  2.72255382e+00  1.16554226e-02 
 1.53550000e-09  1.53550000e-09  5.62500000e-01  0.00000000e+00  2.50000000e+00  2.74016655e+00  1.22265556e-02 
 1.53650000e-09  1.53650000e-09  4.37500000e-01  0.00000000e+00  2.50000000e+00  2.75936367e+00  1.28820725e-02 
 1.53750000e-09  1.53750000e-09  3.12500000e-01  0.00000000e+00  2.50000000e+00  2.78023638e+00  1.36210312e-02 
 1.53850000e-09  1.53850000e-09  1.87500000e-01  0.00000000e+00  2.50000000e+00  2.80225884e+00  1.43867060e-02 
 1.53925000e-09  1.53925000e-09  9.37500000e-02  0.00000000e+00  2.50000000e+00  2.81917244e+00  1.49434574e-02 
 1.54000000e-09  1.54000000e-09  8.43769499e-15  0.00000000e+00  2.50000000e+00  2.83624389e+00  1.54690301e-02 
 1.54010000e-09  1.54010000e-09  0.00000000e+00  0.00000000e+00  2.50000000e+00  2.83622876e+00  1.53210469e-02 
 1.54030000e-09  1.54030000e-09  0.00000000e+00  0.00000000e+00  2.50000000e+00  2.83619847e+00  1.50278781e-02 
 1.54070000e-09  1.54070000e-09  0.00000000e+00  0.00000000e+00  2.50000000e+00  2.83613759e+00  1.44580001e-02 
 1.54150000e-09  1.54150000e-09  0.00000000e+00  0.00000000e+00  2.50000000e+00  2.83601651e+00  1.33812327e-02 
 1.54250000e-09  1.54250000e-09  0.00000000e+00  0.00000000e+00  2.50000000e+00  2.83587176e+00  1.21463379e-02 
 1.54350000e-09  1.54350000e-09  0.00000000e+00  0.00000000e+00  2.50000000e+00  2.83573767e+00  1.10250446e-02 
 1.54450000e-09  1.54450000e-09  0.00000000e+00  0.00000000e+00  2.50000000e+00  2.83561420e+00  1.00070102e-02 
 1.54550000e-09  1.54550000e-09  0.00000000e+00  0.00000000e+00  2.50000000e+00  2.83550050e+00  9.08275332e-03 
 1.54650000e-09  1.54650000e-09  0.00000000e+00  0.00000000e+00  2.50000000e+00  2.83539570e+00  8.24365271e-03 
 1.54750000e-09  1.54750000e-09  0.00000000e+00  0.00000000e+00  2.50000000e+00  2.83529900e+00  7.48187621e-03 
 1.54850000e-09  1.54850000e-09  0.00000000e+00  0.00000000e+00  2.50000000e+00  2.83520966e+00  6.79030983e-03 
 1.54950000e-09  1.54950000e-09  0.00000000e+00  0.00000000e+00  2.50000000e+00  2.83512704e+00  6.16249227e-03 
 1.55050000e-09  1.55050000e-09  0.00000000e+00  0.00000000e+00  2.50000000e+00  2.83505054e+00  5.59255535e-03 
 1.55150000e-09  1.55150000e-09  0.00000000e+00  0.00000000e+00  2.50000000e+00  2.83497960e+00  5.07516988e-03 
 1.55250000e-09  1.55250000e-09  0.00000000e+00  0.00000000e+00  2.50000000e+00  2.83491373e+00  4.60549629e-03 
 1.55350000e-09  1.55350000e-09  0.00000000e+00  0.00000000e+00  2.50000000e+00  2.83485249e+00  4.17913992e-03 
 1.55450000e-09  1.55450000e-09  0.00000000e+00  0.00000000e+00  2.50000000e+00  2.83479546e+00  3.79211015e-03 
 1.55550000e-09  1.55550000e-09  0.00000000e+00  0.00000000e+00  2.50000000e+00  2.83474228e+00  3.44078348e-03 
 1.55650000e-09  1.55650000e-09  0.00000000e+00  0.00000000e+00  2.50000000e+00  2.83469260e+00  3.12186979e-03 
 1.55750000e-09  1.55750000e-09  0.00000000e+00  0.00000000e+00  2.50000000e+00  2.83464612e+00  2.83238174e-03 
 1.55850000e-09  1.55850000e-09  0.00000000e+00  0.00000000e+00  2.50000000e+00  2.83460255e+00  2.56960704e-03 
 1.55950000e-09  1.55950000e-09  0.00000000e+00  0.00000000e+00  2.50000000e+00  2.83456166e+00  2.33108310e-03 
 1.56050000e-09  1.56050000e-09  0.00000000e+00  0.00000000e+00  2.50000000e+00  2.83452320e+00  2.11457414e-03 
 1.56150000e-09  1.56150000e-09  0.00000000e+00  0.00000000e+00  2.50000000e+00  2.83448696e+00  1.91805033e-03 
 1.56250000e-09  1.56250000e-09  0.00000000e+00  0.00000000e+00  2.50000000e+00  2.83445276e+00  1.73966881e-03 
 1.56350000e-09  1.56350000e-09  0.00000000e+00  0.00000000e+00  2.50000000e+00  2.83442043e+00  1.57775656e-03 
 1.56450000e-09  1.56450000e-09  0.00000000e+00  0.00000000e+00  2.50000000e+00  2.83438980e+00  1.43079469e-03 
 1.56550000e-09  1.56550000e-09  0.00000000e+00  0.00000000e+00  2.50000000e+00  2.83436073e+00  1.29740434e-03 
 1.56650000e-09  1.56650000e-09  0.00000000e+00  0.00000000e+00  2.50000000e+00  2.83433309e+00  1.17633370e-03 
 1.56750000e-09  1.56750000e-09  0.00000000e+00  0.00000000e+00  2.50000000e+00  2.83430677e+00  1.06644640e-03 
 1.56850000e-09  1.56850000e-09  0.00000000e+00  0.00000000e+00  2.50000000e+00  2.83428166e+00  9.66710792e-04 
 1.56950000e-09  1.56950000e-09  0.00000000e+00  0.00000000e+00  2.50000000e+00  2.83425765e+00  8.76190368e-04 
 1.57050000e-09  1.57050000e-09  0.00000000e+00  0.00000000e+00  2.50000000e+00  2.83423466e+00  7.94034962e-04 
 1.57150000e-09  1.57150000e-09  0.00000000e+00  0.00000000e+00  2.50000000e+00  2.83421261e+00  7.19472805e-04 
 1.57250000e-09  1.57250000e-09  0.00000000e+00  0.00000000e+00  2.50000000e+00  2.83419142e+00  6.51803298e-04 
 1.57350000e-09  1.57350000e-09  0.00000000e+00  0.00000000e+00  2.50000000e+00  2.83417103e+00  5.90390452e-04 
 1.57450000e-09  1.57450000e-09  0.00000000e+00  0.00000000e+00  2.50000000e+00  2.83415137e+00  5.34656933e-04 
 1.57550000e-09  1.57550000e-09  0.00000000e+00  0.00000000e+00  2.50000000e+00  2.83413239e+00  4.84078655e-04 
 1.57650000e-09  1.57650000e-09  0.00000000e+00  0.00000000e+00  2.50000000e+00  2.83411405e+00  4.38179872e-04 
 1.57750000e-09  1.57750000e-09  0.00000000e+00  0.00000000e+00  2.50000000e+00  2.83409628e+00  3.96528719e-04 
 1.57850000e-09  1.57850000e-09  0.00000000e+00  0.00000000e+00  2.50000000e+00  2.83407906e+00  3.58733166e-04 
 1.57950000e-09  1.57950000e-09  0.00000000e+00  0.00000000e+00  2.50000000e+00  2.83406233e+00  3.24437349e-04 
 1.58050000e-09  1.58050000e-09  0.00000000e+00  0.00000000e+00  2.50000000e+00  2.83404608e+00  2.93318228e-04 
 1.58150000e-09  1.58150000e-09  0.00000000e+00  0.00000000e+00  2.50000000e+00  2.83403026e+00  2.65082566e-04 
 1.58250000e-09  1.58250000e-09  0.00000000e+00  0.00000000e+00  2.50000000e+00  2.83401484e+00  2.39464178e-04 
 1.58350000e-09  1.58350000e-09  0.00000000e+00  0.00000000e+00  2.50000000e+00  2.83399980e+00  2.16221434e-04 
 1.58450000e-09  1.58450000e-09  0.00000000e+00  0.00000000e+00  2.50000000e+00  2.83398512e+00  1.95134999e-04 
 1.58550000e-09  1.58550000e-09  0.00000000e+00  0.00000000e+00  2.50000000e+00  2.83397077e+00  1.76005772e-04 
 1.58650000e-09  1.58650000e-09  0.00000000e+00  0.00000000e+00  2.50000000e+00  2.83395673e+00  1.58653022e-04 
 1.58750000e-09  1.58750000e-09  0.00000000e+00  0.00000000e+00  2.50000000e+00  2.83394298e+00  1.42912693e-04 
 1.58850000e-09  1.58850000e-09  0.00000000e+00  0.00000000e+00  2.50000000e+00  2.83392951e+00  1.28635868e-04 
 1.58950000e-09  1.58950000e-09  0.00000000e+00  0.00000000e+00  2.50000000e+00  2.83391629e+00  1.15687367e-04 
 1.59050000e-09  1.59050000e-09  0.00000000e+00  0.00000000e+00  2.50000000e+00  2.83390333e+00  1.03944486e-04 
 1.59150000e-09  1.59150000e-09  0.00000000e+00  0.00000000e+00  2.50000000e+00  2.83389060e+00  9.32963637e-05 
 1.59250000e-09  1.59250000e-09  0.00000000e+00  0.00000000e+00  2.50000000e+00  2.83387809e+00  8.36413208e-05 
 1.59350000e-09  1.59350000e-09  0.00000000e+00  0.00000000e+00  2.50000000e+00  2.83386579e+00  7.48875707e-05 
 1.59450000e-09  1.59450000e-09  0.00000000e+00  0.00000000e+00  2.50000000e+00  2.83385369e+00  6.69518304e-05 
 1.59550000e-09  1.59550000e-09  0.00000000e+00  0.00000000e+00  2.50000000e+00  2.83384178e+00  5.97584700e-05 
 1.59650000e-09  1.59650000e-09  0.00000000e+00  0.00000000e+00  2.50000000e+00  2.83383006e+00  5.32393539e-05 
 1.59750000e-09  1.59750000e-09  0.00000000e+00  0.00000000e+00  2.50000000e+00  2.83381851e+00  4.73316333e-05 
 1.59850000e-09  1.59850000e-09  0.00000000e+00  0.00000000e+00  2.50000000e+00  2.83380712e+00  4.19787636e-05 
 1.59950000e-09  1.59950000e-09  0.00000000e+00  0.00000000e+00  2.50000000e+00  2.83379589e+00  3.71294185e-05 
 1.60050000e-09  1.60050000e-09  0.00000000e+00  0.00000000e+00  2.50000000e+00  2.83378482e+00  3.27370092e-05 
 1.60150000e-09  1.60150000e-09  0.00000000e+00  0.00000000e+00  2.50000000e+00  2.83377389e+00  2.87592474e-05 
 1.60250000e-09  1.60250000e-09  0.00000000e+00  0.00000000e+00  2.50000000e+00  2.83376310e+00  2.51577481e-05 
 1.60350000e-09  1.60350000e-09  0.00000000e+00  0.00000000e+00  2.50000000e+00  2.83375245e+00  2.18976700e-05 
 1.60450000e-09  1.60450000e-09  0.00000000e+00  0.00000000e+00  2.50000000e+00  2.83374193e+00  1.89473879e-05 
 1.60550000e-09  1.60550000e-09  0.00000000e+00  0.00000000e+00  2.50000000e+00  2.83373154e+00  1.62781966e-05 
 1.60650000e-09  1.60650000e-09  0.00000000e+00  0.00000000e+00  2.50000000e+00  2.83372127e+00  1.38640412e-05 
 1.60750000e-09  1.60750000e-09  0.00000000e+00  0.00000000e+00  2.50000000e+00  2.83371112e+00  1.16812725e-05 
 1.60850000e-09  1.60850000e-09  0.00000000e+00  0.00000000e+00  2.50000000e+00  2.83370108e+00  9.70842511e-06 
 1.60950000e-09  1.60950000e-09  0.00000000e+00  0.00000000e+00  2.50000000e+00  2.83369116e+00  7.92601596e-06 
 1.61050000e-09  1.61050000e-09  0.00000000e+00  0.00000000e+00  2.50000000e+00  2.83368134e+00  6.31636136e-06 
 1.61150000e-09  1.61150000e-09  0.00000000e+00  0.00000000e+00  2.50000000e+00  2.83367164e+00  4.86341096e-06 
 1.61250000e-09  1.61250000e-09  0.00000000e+00  0.00000000e+00  2.50000000e+00  2.83366203e+00  3.55259705e-06 
 1.61350000e-09  1.61350000e-09  0.00000000e+00  0.00000000e+00  2.50000000e+00  2.83365253e+00  2.37069773e-06 
 1.61450000e-09  1.61450000e-09  0.00000000e+00  0.00000000e+00  2.50000000e+00  2.83364313e+00  1.30571272e-06 
 1.61550000e-09  1.61550000e-09  0.00000000e+00  0.00000000e+00  2.50000000e+00  2.83363382e+00  3.46750665e-07 
 1.61650000e-09  1.61650000e-09  0.00000000e+00  0.00000000e+00  2.50000000e+00  2.83362460e+00 -5.16073273e-07 
 1.61750000e-09  1.61750000e-09  0.00000000e+00  0.00000000e+00  2.50000000e+00  2.83361548e+00 -1.29173023e-06 
 1.61850000e-09  1.61850000e-09  0.00000000e+00  0.00000000e+00  2.50000000e+00  2.83360645e+00 -1.98836200e-06 
 1.61925000e-09  1.61925000e-09  0.00000000e+00  0.00000000e+00  2.50000000e+00  2.83359974e+00 -2.46333540e-06 
 1.62000000e-09  1.62000000e-09  0.00000000e+00  0.00000000e+00  2.50000000e+00  2.83359307e+00 -2.90097601e-06 
 1.62010000e-09  1.62010000e-09  0.00000000e+00  0.00000000e+00  2.48750000e+00  2.83359137e+00 -3.03253702e-06 
 1.62030000e-09  1.62030000e-09  0.00000000e+00  0.00000000e+00  2.46250000e+00  2.83358555e+00 -3.51965686e-06 
 1.62070000e-09  1.62070000e-09  0.00000000e+00  0.00000000e+00  2.41250000e+00  2.83355318e+00 -6.39090863e-06 
 1.62150000e-09  1.62150000e-09  0.00000000e+00  0.00000000e+00  2.31250000e+00  2.83334613e+00 -2.47716745e-05 
 1.62250000e-09  1.62250000e-09  0.00000000e+00  0.00000000e+00  2.18750000e+00  2.83268467e+00 -8.21882895e-05 
 1.62350000e-09  1.62350000e-09  0.00000000e+00  0.00000000e+00  2.06250000e+00  2.83143569e+00 -1.87373794e-04 
 1.62450000e-09  1.62450000e-09  0.00000000e+00  0.00000000e+00  1.93750000e+00  2.82957497e+00 -3.38162849e-04 
 1.62550000e-09  1.62550000e-09  0.00000000e+00  0.00000000e+00  1.81250000e+00  2.82726285e+00 -5.15952515e-04 
 1.62650000e-09  1.62650000e-09  0.00000000e+00  0.00000000e+00  1.68750000e+00  2.82473877e+00 -6.96705489e-04 
 1.62750000e-09  1.62750000e-09  0.00000000e+00  0.00000000e+00  1.56250000e+00  2.82215680e+00 -8.66283375e-04 
 1.62850000e-09  1.62850000e-09  0.00000000e+00  0.00000000e+00  1.43750000e+00  2.81956440e+00 -1.02145369e-03 
 1.62950000e-09  1.62950000e-09  0.00000000e+00  0.00000000e+00  1.31250000e+00  2.81696899e+00 -1.16288573e-03 
 1.63050000e-09  1.63050000e-09  0.00000000e+00  0.00000000e+00  1.18750000e+00  2.81437132e+00 -1.29178739e-03 
 1.63150000e-09  1.63150000e-09  0.00000000e+00  0.00000000e+00  1.06250000e+00  2.81177137e+00 -1.40932225e-03 
 1.63250000e-09  1.63250000e-09  0.00000000e+00  0.00000000e+00  9.37500000e-01  2.80916907e+00 -1.51655174e-03 
 1.63350000e-09  1.63350000e-09  0.00000000e+00  0.00000000e+00  8.12500000e-01  2.80656432e+00 -1.61443792e-03 
 1.63450000e-09  1.63450000e-09  0.00000000e+00  0.00000000e+00  6.87500000e-01  2.80395705e+00 -1.70385249e-03 
 1.63550000e-09  1.63550000e-09  0.00000000e+00  0.00000000e+00  5.62500000e-01  2.80134721e+00 -1.78558446e-03 
 1.63650000e-09  1.63650000e-09  0.00000000e+00  0.00000000e+00  4.37500000e-01  2.79873475e+00 -1.86034784e-03 
 1.63750000e-09  1.63750000e-09  0.00000000e+00  0.00000000e+00  3.12500000e-01  2.79611964e+00 -1.92878913e-03 
 1.63850000e-09  1.63850000e-09  0.00000000e+00  0.00000000e+00  1.87500000e-01  2.79350187e+00 -1.99149294e-03 
 1.63925000e-09  1.63925000e-09  0.00000000e+00  0.00000000e+00  9.37500000e-02  2.79153681e+00 -2.03506233e-03 
 1.64000000e-09  1.64000000e-09  0.00000000e+00  0.00000000e+00  0.00000000e+00  2.78957029e+00 -2.07590662e-03 
 1.64010000e-09  1.64010000e-09  0.00000000e+00  0.00000000e+00  0.00000000e+00  2.78931852e+00 -2.08014332e-03 
 1.64030000e-09  1.64030000e-09  0.00000000e+00  0.00000000e+00  0.00000000e+00  2.78883326e+00 -2.08683057e-03 
 1.64070000e-09  1.64070000e-09  0.00000000e+00  0.00000000e+00  0.00000000e+00  2.78795265e+00 -2.09151302e-03 
 1.64150000e-09  1.64150000e-09  0.00000000e+00  0.00000000e+00  0.00000000e+00  2.78643537e+00 -2.07821610e-03 
 1.64250000e-09  1.64250000e-09  0.00000000e+00  0.00000000e+00  0.00000000e+00  2.78484801e+00 -2.03513324e-03 
 1.64350000e-09  1.64350000e-09  0.00000000e+00  0.00000000e+00  0.00000000e+00  2.78349549e+00 -1.97482137e-03 
 1.64450000e-09  1.64450000e-09  0.00000000e+00  0.00000000e+00  0.00000000e+00  2.78231445e+00 -1.90452736e-03 
 1.64550000e-09  1.64550000e-09  0.00000000e+00  0.00000000e+00  0.00000000e+00  2.78126704e+00 -1.82854783e-03 
 1.64650000e-09  1.64650000e-09  0.00000000e+00  0.00000000e+00  0.00000000e+00  2.78032815e+00 -1.74964361e-03 
 1.64750000e-09  1.64750000e-09  0.00000000e+00  0.00000000e+00  0.00000000e+00  2.77947957e+00 -1.66970897e-03 
 1.64850000e-09  1.64850000e-09  0.00000000e+00  0.00000000e+00  0.00000000e+00  2.77870749e+00 -1.59007369e-03 
 1.64950000e-09  1.64950000e-09  0.00000000e+00  0.00000000e+00  0.00000000e+00  2.77800107e+00 -1.51167950e-03 
 1.65050000e-09  1.65050000e-09  0.00000000e+00  0.00000000e+00  0.00000000e+00  2.77735162e+00 -1.43519146e-03 
 1.65150000e-09  1.65150000e-09  0.00000000e+00  0.00000000e+00  0.00000000e+00  2.77675206e+00 -1.36107266e-03 
 1.65250000e-09  1.65250000e-09  0.00000000e+00  0.00000000e+00  0.00000000e+00  2.77619651e+00 -1.28963613e-03 
 1.65350000e-09  1.65350000e-09  0.00000000e+00  0.00000000e+00  0.00000000e+00  2.77568002e+00 -1.22108233e-03 
 1.65450000e-09  1.65450000e-09  0.00000000e+00  0.00000000e+00  0.00000000e+00  2.77519842e+00 -1.15552669e-03 
 1.65550000e-09  1.65550000e-09  0.00000000e+00  0.00000000e+00  0.00000000e+00  2.77474813e+00 -1.09302026e-03 
 1.65650000e-09  1.65650000e-09  0.00000000e+00  0.00000000e+00  0.00000000e+00  2.77432606e+00 -1.03356546e-03 
 1.65750000e-09  1.65750000e-09  0.00000000e+00  0.00000000e+00  0.00000000e+00  2.77392954e+00 -9.77128119e-04 
 1.65850000e-09  1.65850000e-09  0.00000000e+00  0.00000000e+00  0.00000000e+00  2.77355624e+00 -9.23646855e-04 
 1.65950000e-09  1.65950000e-09  0.00000000e+00  0.00000000e+00  0.00000000e+00  2.77320411e+00 -8.73040340e-04 
 1.66050000e-09  1.66050000e-09  0.00000000e+00  0.00000000e+00  0.00000000e+00  2.77287134e+00 -8.25213000e-04 
 1.66150000e-09  1.66150000e-09  0.00000000e+00  0.00000000e+00  0.00000000e+00  2.77255632e+00 -7.80059467e-04 
 1.66250000e-09  1.66250000e-09  0.00000000e+00  0.00000000e+00  0.00000000e+00  2.77225765e+00 -7.37468077e-04 
 1.66350000e-09  1.66350000e-09  0.00000000e+00  0.00000000e+00  0.00000000e+00  2.77197403e+00 -6.97323593e-04 
 1.66450000e-09  1.66450000e-09  0.00000000e+00  0.00000000e+00  0.00000000e+00  2.77170433e+00 -6.59509336e-04 
 1.66550000e-09  1.66550000e-09  0.00000000e+00  0.00000000e+00  0.00000000e+00  2.77144754e+00 -6.23908831e-04 
 1.66650000e-09  1.66650000e-09  0.00000000e+00  0.00000000e+00  0.00000000e+00  2.77120272e+00 -5.90407071e-04 
 1.66750000e-09  1.66750000e-09  0.00000000e+00  0.00000000e+00  0.00000000e+00  2.77096903e+00 -5.58891475e-04 
 1.66850000e-09  1.66850000e-09  0.00000000e+00  0.00000000e+00  0.00000000e+00  2.77074573e+00 -5.29252602e-04 
 1.66950000e-09  1.66950000e-09  0.00000000e+00  0.00000000e+00  0.00000000e+00  2.77053212e+00 -5.01384668e-04 
 1.67050000e-09  1.67050000e-09  0.00000000e+00  0.00000000e+00  0.00000000e+00  2.77032757e+00 -4.75185910e-04 
 1.67150000e-09  1.67150000e-09  0.00000000e+00  0.00000000e+00  0.00000000e+00  2.77013150e+00 -4.50558817e-04 
 1.67250000e-09  1.67250000e-09  0.00000000e+00  0.00000000e+00  0.00000000e+00  2.76994340e+00 -4.27410271e-04 
 1.67350000e-09  1.67350000e-09  0.00000000e+00  0.00000000e+00  0.00000000e+00  2.76976278e+00 -4.05651607e-04 
 1.67450000e-09  1.67450000e-09  0.00000000e+00  0.00000000e+00  0.00000000e+00  2.76958919e+00 -3.85198606e-04 
 1.67550000e-09  1.67550000e-09  0.00000000e+00  0.00000000e+00  0.00000000e+00  2.76942224e+00 -3.65971445e-04 
 1.67650000e-09  1.67650000e-09  0.00000000e+00  0.00000000e+00  0.00000000e+00  2.76926153e+00 -3.47894613e-04 
 1.67750000e-09  1.67750000e-09  0.00000000e+00  0.00000000e+00  0.00000000e+00  2.76910672e+00 -3.30896791e-04 
 1.67850000e-09  1.67850000e-09  0.00000000e+00  0.00000000e+00  0.00000000e+00  2.76895750e+00 -3.14910719e-04 
 1.67950000e-09  1.67950000e-09  0.00000000e+00  0.00000000e+00  0.00000000e+00  2.76881355e+00 -2.99873044e-04 
 1.68050000e-09  1.68050000e-09  0.00000000e+00  0.00000000e+00  0.00000000e+00  2.76867461e+00 -2.85724161e-04 
 1.68150000e-09  1.68150000e-09  0.00000000e+00  0.00000000e+00  0.00000000e+00  2.76854041e+00 -2.72408047e-04 
 1.68250000e-09  1.68250000e-09  0.00000000e+00  0.00000000e+00  0.00000000e+00  2.76841072e+00 -2.59872088e-04 
 1.68350000e-09  1.68350000e-09  0.00000000e+00  0.00000000e+00  0.00000000e+00  2.76828531e+00 -2.48066914e-04 
 1.68450000e-09  1.68450000e-09  0.00000000e+00  0.00000000e+00  0.00000000e+00  2.76816396e+00 -2.36946230e-04 
 1.68550000e-09  1.68550000e-09  0.00000000e+00  0.00000000e+00  0.00000000e+00  2.76804649e+00 -2.26466649e-04 
 1.68650000e-09  1.68650000e-09  0.00000000e+00  0.00000000e+00  0.00000000e+00  2.76793271e+00 -2.16587530e-04 
 1.68750000e-09  1.68750000e-09  0.00000000e+00  0.00000000e+00  0.00000000e+00  2.76782245e+00 -2.07270827e-04 
 1.68850000e-09  1.68850000e-09  0.00000000e+00  0.00000000e+00  0.00000000e+00  2.76771555e+00 -1.98480931e-04 
 1.68950000e-09  1.68950000e-09  0.00000000e+00  0.00000000e+00  0.00000000e+00  2.76761185e+00 -1.90184532e-04 
 1.69050000e-09  1.69050000e-09  0.00000000e+00  0.00000000e+00  0.00000000e+00  2.76751122e+00 -1.82350474e-04 
 1.69150000e-09  1.69150000e-09  0.00000000e+00  0.00000000e+00  0.00000000e+00  2.76741352e+00 -1.74949629e-04 
 1.69250000e-09  1.69250000e-09  0.00000000e+00  0.00000000e+00  0.00000000e+00  2.76731862e+00 -1.67954767e-04 
 1.69350000e-09  1.69350000e-09  0.00000000e+00  0.00000000e+00  0.00000000e+00  2.76722640e+00 -1.61340439e-04 
 1.69450000e-09  1.69450000e-09  0.00000000e+00  0.00000000e+00  0.00000000e+00  2.76713676e+00 -1.55082863e-04 
 1.69550000e-09  1.69550000e-09  0.00000000e+00  0.00000000e+00  0.00000000e+00  2.76704958e+00 -1.49159818e-04 
 1.69650000e-09  1.69650000e-09  0.00000000e+00  0.00000000e+00  0.00000000e+00  2.76696477e+00 -1.43550540e-04 
 1.69750000e-09  1.69750000e-09  0.00000000e+00  0.00000000e+00  0.00000000e+00  2.76688223e+00 -1.38235635e-04 
 1.69850000e-09  1.69850000e-09  0.00000000e+00  0.00000000e+00  0.00000000e+00  2.76680188e+00 -1.33196980e-04 
 1.69950000e-09  1.69950000e-09  0.00000000e+00  0.00000000e+00  0.00000000e+00  2.76672361e+00 -1.28417646e-04 
 1.70050000e-09  1.70050000e-09  0.00000000e+00  0.00000000e+00  0.00000000e+00  2.76664737e+00 -1.23881817e-04 
 1.70150000e-09  1.70150000e-09  0.00000000e+00  0.00000000e+00  0.00000000e+00  2.76657306e+00 -1.19574715e-04 
 1.70250000e-09  1.70250000e-09  0.00000000e+00  0.00000000e+00  0.00000000e+00  2.76650062e+00 -1.15482533e-04 
 1.70350000e-09  1.70350000e-09  0.00000000e+00  0.00000000e+00  0.00000000e+00  2.76642997e+00 -1.11592369e-04 
 1.70450000e-09  1.70450000e-09  0.00000000e+00  0.00000000e+00  0.00000000e+00  2.76636106e+00 -1.07892164e-04 
 1.70550000e-09  1.70550000e-09  0.00000000e+00  0.00000000e+00  0.00000000e+00  2.76629381e+00 -1.04370648e-04 
 1.70650000e-09  1.70650000e-09  0.00000000e+00  0.00000000e+00  0.00000000e+00  2.76622817e+00 -1.01017286e-04 
 1.70750000e-09  1.70750000e-09  0.00000000e+00  0.00000000e+00  0.00000000e+00  2.76616409e+00 -9.78222265e-05 
 1.70850000e-09  1.70850000e-09  0.00000000e+00  0.00000000e+00  0.00000000e+00  2.76610150e+00 -9.47762583e-05 
 1.70950000e-09  1.70950000e-09  0.00000000e+00  0.00000000e+00  0.00000000e+00  2.76604036e+00 -9.18707655e-05 
 1.71050000e-09  1.71050000e-09  0.00000000e+00  0.00000000e+00  0.00000000e+00  2.76598061e+00 -8.90976879e-05 
 1.71150000e-09  1.71150000e-09  0.00000000e+00  0.00000000e+00  0.00000000e+00  2.76592222e+00 -8.64494832e-05 
 1.71250000e-09  1.71250000e-09  0.00000000e+00  0.00000000e+00  0.00000000e+00  2.76586513e+00 -8.39190921e-05 
 1.71350000e-09  1.71350000e-09  0.00000000e+00  0.00000000e+00  0.00000000e+00  2.76580930e+00 -8.14999056e-05 
 1.71450000e-09  1.71450000e-09  0.00000000e+00  0.00000000e+00  0.00000000e+00  2.76575470e+00 -7.91857349e-05 
 1.71550000e-09  1.71550000e-09  0.00000000e+00  0.00000000e+00  0.00000000e+00  2.76570127e+00 -7.69707827e-05 
 1.71650000e-09  1.71650000e-09  0.00000000e+00  0.00000000e+00  0.00000000e+00  2.76564899e+00 -7.48496168e-05 
 1.71750000e-09  1.71750000e-09  0.00000000e+00  0.00000000e+00  0.00000000e+00  2.76559781e+00 -7.28171460e-05 
 1.71850000e-09  1.71850000e-09  0.00000000e+00  0.00000000e+00  0.00000000e+00  2.76554771e+00 -7.08685967e-05 
 1.71950000e-09  1.71950000e-09  0.00000000e+00  0.00000000e+00  0.00000000e+00  2.76549865e+00 -6.89994919e-05 
 1.72050000e-09  1.72050000e-09  0.00000000e+00  0.00000000e+00  0.00000000e+00  2.76545060e+00 -6.72056311e-05 
 1.72150000e-09  1.72150000e-09  0.00000000e+00  0.00000000e+00  0.00000000e+00  2.76540352e+00 -6.54830721e-05 
 1.72250000e-09  1.72250000e-09  0.00000000e+00  0.00000000e+00  0.00000000e+00  2.76535740e+00 -6.38281137e-05 
 1.72350000e-09  1.72350000e-09  0.00000000e+00  0.00000000e+00  0.00000000e+00  2.76531219e+00 -6.22372795e-05 
 1.72450000e-09  1.72450000e-09  0.00000000e+00  0.00000000e+00  0.00000000e+00  2.76526788e+00 -6.07073033e-05 
 1.72550000e-09  1.72550000e-09  0.00000000e+00  0.00000000e+00  0.00000000e+00  2.76522443e+00 -5.92351150e-05 
 1.72650000e-09  1.72650000e-09  0.00000000e+00  0.00000000e+00  0.00000000e+00  2.76518183e+00 -5.78178277e-05 
 1.72750000e-09  1.72750000e-09  0.00000000e+00  0.00000000e+00  0.00000000e+00  2.76514004e+00 -5.64527258e-05 
 1.72850000e-09  1.72850000e-09  0.00000000e+00  0.00000000e+00  0.00000000e+00  2.76509905e+00 -5.51372537e-05 
 1.72950000e-09  1.72950000e-09  0.00000000e+00  0.00000000e+00  0.00000000e+00  2.76505883e+00 -5.38690054e-05 
 1.73050000e-09  1.73050000e-09  0.00000000e+00  0.00000000e+00  0.00000000e+00  2.76501936e+00 -5.26457145e-05 
 1.73150000e-09  1.73150000e-09  0.00000000e+00  0.00000000e+00  0.00000000e+00  2.76498062e+00 -5.14652459e-05 
 1.73250000e-09  1.73250000e-09  0.00000000e+00  0.00000000e+00  0.00000000e+00  2.76494260e+00 -5.03255863e-05 
 1.73350000e-09  1.73350000e-09  0.00000000e+00  0.00000000e+00  0.00000000e+00  2.76490526e+00 -4.92248375e-05 
 1.73450000e-09  1.73450000e-09  0.00000000e+00  0.00000000e+00  0.00000000e+00  2.76486860e+00 -4.81612081e-05 
 1.73550000e-09  1.73550000e-09  0.00000000e+00  0.00000000e+00  0.00000000e+00  2.76483260e+00 -4.71330073e-05 
 1.73650000e-09  1.73650000e-09  0.00000000e+00  0.00000000e+00  0.00000000e+00  2.76479723e+00 -4.61386383e-05 
 1.73750000e-09  1.73750000e-09  0.00000000e+00  0.00000000e+00  0.00000000e+00  2.76476248e+00 -4.51765923e-05 
 1.73850000e-09  1.73850000e-09  0.00000000e+00  0.00000000e+00  0.00000000e+00  2.76472834e+00 -4.42454433e-05 
 1.73950000e-09  1.73950000e-09  0.00000000e+00  0.00000000e+00  0.00000000e+00  2.76469479e+00 -4.33438426e-05 
 1.74050000e-09  1.74050000e-09  0.00000000e+00  0.00000000e+00  0.00000000e+00  2.76466181e+00 -4.24705143e-05 
 1.74150000e-09  1.74150000e-09  0.00000000e+00  0.00000000e+00  0.00000000e+00  2.76462939e+00 -4.16242504e-05 
 1.74250000e-09  1.74250000e-09  0.00000000e+00  0.00000000e+00  0.00000000e+00  2.76459752e+00 -4.08039073e-05 
 1.74350000e-09  1.74350000e-09  0.00000000e+00  0.00000000e+00  0.00000000e+00  2.76456618e+00 -4.00084010e-05 
 1.74450000e-09  1.74450000e-09  0.00000000e+00  0.00000000e+00  0.00000000e+00  2.76453536e+00 -3.92367043e-05 
 1.74550000e-09  1.74550000e-09  0.00000000e+00  0.00000000e+00  0.00000000e+00  2.76450505e+00 -3.84878428e-05 
 1.74650000e-09  1.74650000e-09  0.00000000e+00  0.00000000e+00  0.00000000e+00  2.76447523e+00 -3.77608923e-05 
 1.74750000e-09  1.74750000e-09  0.00000000e+00  0.00000000e+00  0.00000000e+00  2.76444590e+00 -3.70549751e-05 
 1.74850000e-09  1.74850000e-09  0.00000000e+00  0.00000000e+00  0.00000000e+00  2.76441703e+00 -3.63692578e-05 
 1.74950000e-09  1.74950000e-09  0.00000000e+00  0.00000000e+00  0.00000000e+00  2.76438863e+00 -3.57029485e-05 
 1.75050000e-09  1.75050000e-09  0.00000000e+00  0.00000000e+00  0.00000000e+00  2.76436068e+00 -3.50552946e-05 
 1.75150000e-09  1.75150000e-09  0.00000000e+00  0.00000000e+00  0.00000000e+00  2.76433316e+00 -3.44255800e-05 
 1.75250000e-09  1.75250000e-09  0.00000000e+00  0.00000000e+00  0.00000000e+00  2.76430608e+00 -3.38131236e-05 
 1.75350000e-09  1.75350000e-09  0.00000000e+00  0.00000000e+00  0.00000000e+00  2.76427941e+00 -3.32172768e-05 
 1.75450000e-09  1.75450000e-09  0.00000000e+00  0.00000000e+00  0.00000000e+00  2.76425315e+00 -3.26374221e-05 
 1.75550000e-09  1.75550000e-09  0.00000000e+00  0.00000000e+00  0.00000000e+00  2.76422729e+00 -3.20729709e-05 
 1.75650000e-09  1.75650000e-09  0.00000000e+00  0.00000000e+00  0.00000000e+00  2.76420183e+00 -3.15233623e-05 
 1.75750000e-09  1.75750000e-09  0.00000000e+00  0.00000000e+00  0.00000000e+00  2.76417674e+00 -3.09880612e-05 
 1.75850000e-09  1.75850000e-09  0.00000000e+00  0.00000000e+00  0.00000000e+00  2.76415204e+00 -3.04665571e-05 
 1.75950000e-09  1.75950000e-09  0.00000000e+00  0.00000000e+00  0.00000000e+00  2.76412769e+00 -2.99583629e-05 
 1.76050000e-09  1.76050000e-09  0.00000000e+00  0.00000000e+00  0.00000000e+00  2.76410371e+00 -2.94630130e-05 
 1.76150000e-09  1.76150000e-09  0.00000000e+00  0.00000000e+00  0.00000000e+00  2.76408007e+00 -2.89800630e-05 
 1.76250000e-09  1.76250000e-09  0.00000000e+00  0.00000000e+00  0.00000000e+00  2.76405678e+00 -2.85090879e-05 
 1.76350000e-09  1.76350000e-09  0.00000000e+00  0.00000000e+00  0.00000000e+00  2.76403382e+00 -2.80496813e-05 
 1.76450000e-09  1.76450000e-09  0.00000000e+00  0.00000000e+00  0.00000000e+00  2.76401119e+00 -2.76014545e-05 
 1.76550000e-09  1.76550000e-09  0.00000000e+00  0.00000000e+00  0.00000000e+00  2.76398889e+00 -2.71640353e-05 
 1.76650000e-09  1.76650000e-09  0.00000000e+00  0.00000000e+00  0.00000000e+00  2.76396690e+00 -2.67370677e-05 
 1.76750000e-09  1.76750000e-09  0.00000000e+00  0.00000000e+00  0.00000000e+00  2.76394521e+00 -2.63202104e-05 
 1.76850000e-09  1.76850000e-09  0.00000000e+00  0.00000000e+00  0.00000000e+00  2.76392383e+00 -2.59131365e-05 
 1.76950000e-09  1.76950000e-09  0.00000000e+00  0.00000000e+00  0.00000000e+00  2.76390274e+00 -2.55155326e-05 
 1.77050000e-09  1.77050000e-09  0.00000000e+00  0.00000000e+00  0.00000000e+00  2.76388195e+00 -2.51270980e-05 
 1.77150000e-09  1.77150000e-09  0.00000000e+00  0.00000000e+00  0.00000000e+00  2.76386143e+00 -2.47475445e-05 
 1.77250000e-09  1.77250000e-09  0.00000000e+00  0.00000000e+00  0.00000000e+00  2.76384120e+00 -2.43765953e-05 
 1.77350000e-09  1.77350000e-09  0.00000000e+00  0.00000000e+00  0.00000000e+00  2.76382124e+00 -2.40139847e-05 
 1.77450000e-09  1.77450000e-09  0.00000000e+00  0.00000000e+00  0.00000000e+00  2.76380155e+00 -2.36594575e-05 
 1.77550000e-09  1.77550000e-09  0.00000000e+00  0.00000000e+00  0.00000000e+00  2.76378211e+00 -2.33127684e-05 
 1.77650000e-09  1.77650000e-09  0.00000000e+00  0.00000000e+00  0.00000000e+00  2.76376294e+00 -2.29736819e-05 
 1.77750000e-09  1.77750000e-09  0.00000000e+00  0.00000000e+00  0.00000000e+00  2.76374402e+00 -2.26419712e-05 
 1.77850000e-09  1.77850000e-09  0.00000000e+00  0.00000000e+00  0.00000000e+00  2.76372534e+00 -2.23174185e-05 
 1.77950000e-09  1.77950000e-09  0.00000000e+00  0.00000000e+00  0.00000000e+00  2.76370691e+00 -2.19998139e-05 
 1.78050000e-09  1.78050000e-09  0.00000000e+00  0.00000000e+00  0.00000000e+00  2.76368871e+00 -2.16889557e-05 
 1.78150000e-09  1.78150000e-09  0.00000000e+00  0.00000000e+00  0.00000000e+00  2.76367075e+00 -2.13846494e-05 
 1.78250000e-09  1.78250000e-09  0.00000000e+00  0.00000000e+00  0.00000000e+00  2.76365302e+00 -2.10867077e-05 
 1.78350000e-09  1.78350000e-09  0.00000000e+00  0.00000000e+00  0.00000000e+00  2.76363551e+00 -2.07949505e-05 
 1.78450000e-09  1.78450000e-09  0.00000000e+00  0.00000000e+00  0.00000000e+00  2.76361822e+00 -2.05092037e-05 
 1.78550000e-09  1.78550000e-09  0.00000000e+00  0.00000000e+00  0.00000000e+00  2.76360115e+00 -2.02292997e-05 
 1.78650000e-09  1.78650000e-09  0.00000000e+00  0.00000000e+00  0.00000000e+00  2.76358429e+00 -1.99550770e-05 
 1.78750000e-09  1.78750000e-09  0.00000000e+00  0.00000000e+00  0.00000000e+00  2.76356764e+00 -1.96863796e-05 
 1.78850000e-09  1.78850000e-09  0.00000000e+00  0.00000000e+00  0.00000000e+00  2.76355119e+00 -1.94230570e-05 
 1.78950000e-09  1.78950000e-09  0.00000000e+00  0.00000000e+00  0.00000000e+00  2.76353495e+00 -1.91649639e-05 
 1.79050000e-09  1.79050000e-09  0.00000000e+00  0.00000000e+00  0.00000000e+00  2.76351890e+00 -1.89119602e-05 
 1.79150000e-09  1.79150000e-09  0.00000000e+00  0.00000000e+00  0.00000000e+00  2.76350305e+00 -1.86639103e-05 
 1.79250000e-09  1.79250000e-09  0.00000000e+00  0.00000000e+00  0.00000000e+00  2.76348739e+00 -1.84206834e-05 
 1.79350000e-09  1.79350000e-09  0.00000000e+00  0.00000000e+00  0.00000000e+00  2.76347191e+00 -1.81821530e-05 
 1.79450000e-09  1.79450000e-09  0.00000000e+00  0.00000000e+00  0.00000000e+00  2.76345662e+00 -1.79481969e-05 
 1.79550000e-09  1.79550000e-09  0.00000000e+00  0.00000000e+00  0.00000000e+00  2.76344151e+00 -1.77186969e-05 
 1.79650000e-09  1.79650000e-09  0.00000000e+00  0.00000000e+00  0.00000000e+00  2.76342658e+00 -1.74935391e-05 
 1.79750000e-09  1.79750000e-09  0.00000000e+00  0.00000000e+00  0.00000000e+00  2.76341182e+00 -1.72726130e-05 
 1.79850000e-09  1.79850000e-09  0.00000000e+00  0.00000000e+00  0.00000000e+00  2.76339724e+00 -1.70558120e-05 
 1.79950000e-09  1.79950000e-09  0.00000000e+00  0.00000000e+00  0.00000000e+00  2.76338282e+00 -1.68430325e-05 
 1.80050000e-09  1.80050000e-09  0.00000000e+00  0.00000000e+00  0.00000000e+00  2.76336857e+00 -1.66341745e-05 
 1.80150000e-09  1.80150000e-09  0.00000000e+00  0.00000000e+00  0.00000000e+00  2.76335448e+00 -1.64291410e-05 
 1.80250000e-09  1.80250000e-09  0.00000000e+00  0.00000000e+00  0.00000000e+00  2.76334056e+00 -1.62278380e-05 
 1.80350000e-09  1.80350000e-09  0.00000000e+00  0.00000000e+00  0.00000000e+00  2.76332679e+00 -1.60301745e-05 
 1.80450000e-09  1.80450000e-09  0.00000000e+00  0.00000000e+00  0.00000000e+00  2.76331317e+00 -1.58360621e-05 
 1.80550000e-09  1.80550000e-09  0.00000000e+00  0.00000000e+00  0.00000000e+00  2.76329971e+00 -1.56454155e-05 
 1.80650000e-09  1.80650000e-09  0.00000000e+00  0.00000000e+00  0.00000000e+00  2.76328640e+00 -1.54581515e-05 
 1.80750000e-09  1.80750000e-09  0.00000000e+00  0.00000000e+00  0.00000000e+00  2.76327323e+00 -1.52741897e-05 
 1.80850000e-09  1.80850000e-09  0.00000000e+00  0.00000000e+00  0.00000000e+00  2.76326022e+00 -1.50934521e-05 
 1.80950000e-09  1.80950000e-09  0.00000000e+00  0.00000000e+00  0.00000000e+00  2.76324734e+00 -1.49158629e-05 
 1.81050000e-09  1.81050000e-09  0.00000000e+00  0.00000000e+00  0.00000000e+00  2.76323460e+00 -1.47413487e-05 
 1.81150000e-09  1.81150000e-09  0.00000000e+00  0.00000000e+00  0.00000000e+00  2.76322201e+00 -1.45698381e-05 
 1.81250000e-09  1.81250000e-09  0.00000000e+00  0.00000000e+00  0.00000000e+00  2.76320955e+00 -1.44012618e-05 
 1.81350000e-09  1.81350000e-09  0.00000000e+00  0.00000000e+00  0.00000000e+00  2.76319722e+00 -1.42355527e-05 
 1.81450000e-09  1.81450000e-09  0.00000000e+00  0.00000000e+00  0.00000000e+00  2.76318503e+00 -1.40726454e-05 
 1.81550000e-09  1.81550000e-09  0.00000000e+00  0.00000000e+00  0.00000000e+00  2.76317296e+00 -1.39124766e-05 
 1.81650000e-09  1.81650000e-09  0.00000000e+00  0.00000000e+00  0.00000000e+00  2.76316102e+00 -1.37549845e-05 
 1.81750000e-09  1.81750000e-09  0.00000000e+00  0.00000000e+00  0.00000000e+00  2.76314921e+00 -1.36001093e-05 
 1.81850000e-09  1.81850000e-09  0.00000000e+00  0.00000000e+00  0.00000000e+00  2.76313753e+00 -1.34477929e-05 
 1.81950000e-09  1.81950000e-09  0.00000000e+00  0.00000000e+00  0.00000000e+00  2.76312596e+00 -1.32979787e-05 
 1.82050000e-09  1.82050000e-09  0.00000000e+00  0.00000000e+00  0.00000000e+00  2.76311452e+00 -1.31506116e-05 
 1.82150000e-09  1.82150000e-09  0.00000000e+00  0.00000000e+00  0.00000000e+00  2.76310319e+00 -1.30056382e-05 
 1.82250000e-09  1.82250000e-09  0.00000000e+00  0.00000000e+00  0.00000000e+00  2.76309198e+00 -1.28630066e-05 
 1.82350000e-09  1.82350000e-09  0.00000000e+00  0.00000000e+00  0.00000000e+00  2.76308089e+00 -1.27226661e-05 
 1.82450000e-09  1.82450000e-09  0.00000000e+00  0.00000000e+00  0.00000000e+00  2.76306991e+00 -1.25840782e-05 
 1.82550000e-09  1.82550000e-09  0.00000000e+00  0.00000000e+00  0.00000000e+00  2.76305905e+00 -1.24477329e-05 
 1.82650000e-09  1.82650000e-09  0.00000000e+00  0.00000000e+00  0.00000000e+00  2.76304829e+00 -1.23135939e-05 
 1.82750000e-09  1.82750000e-09  0.00000000e+00  0.00000000e+00  0.00000000e+00  2.76303765e+00 -1.21815957e-05 
 1.82850000e-09  1.82850000e-09  0.00000000e+00  0.00000000e+00  0.00000000e+00  2.76302711e+00 -1.20517046e-05 
 1.82950000e-09  1.82950000e-09  0.00000000e+00  0.00000000e+00  0.00000000e+00  2.76301667e+00 -1.19238589e-05 
 1.83050000e-09  1.83050000e-09  0.00000000e+00  0.00000000e+00  0.00000000e+00  2.76300634e+00 -1.17980276e-05 
 1.83150000e-09  1.83150000e-09  0.00000000e+00  0.00000000e+00  0.00000000e+00  2.76299611e+00 -1.16741523e-05 
 1.83250000e-09  1.83250000e-09  0.00000000e+00  0.00000000e+00  0.00000000e+00  2.76298599e+00 -1.15522044e-05 
 1.83350000e-09  1.83350000e-09  0.00000000e+00  0.00000000e+00  0.00000000e+00  2.76297596e+00 -1.14321286e-05 
 1.83450000e-09  1.83450000e-09  0.00000000e+00  0.00000000e+00  0.00000000e+00  2.76296602e+00 -1.13138983e-05 
 1.83550000e-09  1.83550000e-09  0.00000000e+00  0.00000000e+00  0.00000000e+00  2.76295619e+00 -1.11970464e-05 
 1.83650000e-09  1.83650000e-09  0.00000000e+00  0.00000000e+00  0.00000000e+00  2.76294646e+00 -1.10820041e-05 
 1.83750000e-09  1.83750000e-09  0.00000000e+00  0.00000000e+00  0.00000000e+00  2.76293682e+00 -1.09687297e-05 
 1.83850000e-09  1.83850000e-09  0.00000000e+00  0.00000000e+00  0.00000000e+00  2.76292727e+00 -1.08571836e-05 
 1.83950000e-09  1.83950000e-09  0.00000000e+00  0.00000000e+00  0.00000000e+00  2.76291781e+00 -1.07473273e-05 
 1.84050000e-09  1.84050000e-09  0.00000000e+00  0.00000000e+00  0.00000000e+00  2.76290844e+00 -1.06391238e-05 
 1.84150000e-09  1.84150000e-09  0.00000000e+00  0.00000000e+00  0.00000000e+00  2.76289916e+00 -1.05325373e-05 
 1.84250000e-09  1.84250000e-09  0.00000000e+00  0.00000000e+00  0.00000000e+00  2.76288996e+00 -1.04275330e-05 
 1.84350000e-09  1.84350000e-09  0.00000000e+00  0.00000000e+00  0.00000000e+00  2.76288086e+00 -1.03240773e-05 
 1.84450000e-09  1.84450000e-09  0.00000000e+00  0.00000000e+00  0.00000000e+00  2.76287184e+00 -1.02221379e-05 
 1.84550000e-09  1.84550000e-09  0.00000000e+00  0.00000000e+00  0.00000000e+00  2.76286290e+00 -1.01216831e-05 
 1.84650000e-09  1.84650000e-09  0.00000000e+00  0.00000000e+00  0.00000000e+00  2.76285404e+00 -1.00226825e-05 
 1.84750000e-09  1.84750000e-09  0.00000000e+00  0.00000000e+00  0.00000000e+00  2.76284527e+00 -9.92510649e-06 
 1.84850000e-09  1.84850000e-09  0.00000000e+00  0.00000000e+00  0.00000000e+00  2.76283657e+00 -9.82892623e-06 
 1.84950000e-09  1.84950000e-09  0.00000000e+00  0.00000000e+00  0.00000000e+00  2.76282796e+00 -9.73411387e-06 
 1.85050000e-09  1.85050000e-09  0.00000000e+00  0.00000000e+00  0.00000000e+00  2.76281942e+00 -9.64064228e-06 
 1.85150000e-09  1.85150000e-09  0.00000000e+00  0.00000000e+00  0.00000000e+00  2.76281097e+00 -9.54848512e-06 
 1.85250000e-09  1.85250000e-09  0.00000000e+00  0.00000000e+00  0.00000000e+00  2.76280258e+00 -9.45761678e-06 
 1.85350000e-09  1.85350000e-09  0.00000000e+00  0.00000000e+00  0.00000000e+00  2.76279428e+00 -9.36801233e-06 
 1.85450000e-09  1.85450000e-09  0.00000000e+00  0.00000000e+00  0.00000000e+00  2.76278604e+00 -9.27964753e-06 
 1.85550000e-09  1.85550000e-09  0.00000000e+00  0.00000000e+00  0.00000000e+00  2.76277789e+00 -9.19249880e-06 
 1.85650000e-09  1.85650000e-09  0.00000000e+00  0.00000000e+00  0.00000000e+00  2.76276980e+00 -9.10654314e-06 
 1.85750000e-09  1.85750000e-09  0.00000000e+00  0.00000000e+00  0.00000000e+00  2.76276179e+00 -9.02175818e-06 
 1.85850000e-09  1.85850000e-09  0.00000000e+00  0.00000000e+00  0.00000000e+00  2.76275384e+00 -8.93812212e-06 
 1.85950000e-09  1.85950000e-09  0.00000000e+00  0.00000000e+00  0.00000000e+00  2.76274597e+00 -8.85561370e-06 
 1.86050000e-09  1.86050000e-09  0.00000000e+00  0.00000000e+00  0.00000000e+00  2.76273816e+00 -8.77421220e-06 
 1.86150000e-09  1.86150000e-09  0.00000000e+00  0.00000000e+00  0.00000000e+00  2.76273042e+00 -8.69389741e-06 
 1.86250000e-09  1.86250000e-09  0.00000000e+00  0.00000000e+00  0.00000000e+00  2.76272275e+00 -8.61464963e-06 
 1.86350000e-09  1.86350000e-09  0.00000000e+00  0.00000000e+00  0.00000000e+00  2.76271515e+00 -8.53644961e-06 
 1.86450000e-09  1.86450000e-09  0.00000000e+00  0.00000000e+00  0.00000000e+00  2.76270761e+00 -8.45927860e-06 
 1.86550000e-09  1.86550000e-09  0.00000000e+00  0.00000000e+00  0.00000000e+00  2.76270014e+00 -8.38311826e-06 
 1.86650000e-09  1.86650000e-09  0.00000000e+00  0.00000000e+00  0.00000000e+00  2.76269273e+00 -8.30795071e-06 
 1.86750000e-09  1.86750000e-09  0.00000000e+00  0.00000000e+00  0.00000000e+00  2.76268538e+00 -8.23375847e-06 
 1.86850000e-09  1.86850000e-09  0.00000000e+00  0.00000000e+00  0.00000000e+00  2.76267810e+00 -8.16052446e-06 
 1.86950000e-09  1.86950000e-09  0.00000000e+00  0.00000000e+00  0.00000000e+00  2.76267087e+00 -8.08823203e-06 
 1.87050000e-09  1.87050000e-09  0.00000000e+00  0.00000000e+00  0.00000000e+00  2.76266371e+00 -8.01686485e-06 
 1.87150000e-09  1.87150000e-09  0.00000000e+00  0.00000000e+00  0.00000000e+00  2.76265661e+00 -7.94640701e-06 
 1.87250000e-09  1.87250000e-09  0.00000000e+00  0.00000000e+00  0.00000000e+00  2.76264957e+00 -7.87684293e-06 
 1.87350000e-09  1.87350000e-09  0.00000000e+00  0.00000000e+00  0.00000000e+00  2.76264258e+00 -7.80815738e-06 
 1.87450000e-09  1.87450000e-09  0.00000000e+00  0.00000000e+00  0.00000000e+00  2.76263566e+00 -7.74033548e-06 
 1.87550000e-09  1.87550000e-09  0.00000000e+00  0.00000000e+00  0.00000000e+00  2.76262879e+00 -7.67336265e-06 
 1.87650000e-09  1.87650000e-09  0.00000000e+00  0.00000000e+00  0.00000000e+00  2.76262198e+00 -7.60722465e-06 
 1.87750000e-09  1.87750000e-09  0.00000000e+00  0.00000000e+00  0.00000000e+00  2.76261522e+00 -7.54190754e-06 
 1.87850000e-09  1.87850000e-09  0.00000000e+00  0.00000000e+00  0.00000000e+00  2.76260852e+00 -7.47739767e-06 
 1.87950000e-09  1.87950000e-09  0.00000000e+00  0.00000000e+00  0.00000000e+00  2.76260188e+00 -7.41368170e-06 
 1.88050000e-09  1.88050000e-09  0.00000000e+00  0.00000000e+00  0.00000000e+00  2.76259528e+00 -7.35074655e-06 
 1.88150000e-09  1.88150000e-09  0.00000000e+00  0.00000000e+00  0.00000000e+00  2.76258875e+00 -7.28857943e-06 
 1.88250000e-09  1.88250000e-09  0.00000000e+00  0.00000000e+00  0.00000000e+00  2.76258226e+00 -7.22716782e-06 
 1.88350000e-09  1.88350000e-09  0.00000000e+00  0.00000000e+00  0.00000000e+00  2.76257583e+00 -7.16649946e-06 
 1.88450000e-09  1.88450000e-09  0.00000000e+00  0.00000000e+00  0.00000000e+00  2.76256944e+00 -7.10656232e-06 
 1.88550000e-09  1.88550000e-09  0.00000000e+00  0.00000000e+00  0.00000000e+00  2.76256311e+00 -7.04734464e-06 
 1.88650000e-09  1.88650000e-09  0.00000000e+00  0.00000000e+00  0.00000000e+00  2.76255683e+00 -6.98883491e-06 
 1.88750000e-09  1.88750000e-09  0.00000000e+00  0.00000000e+00  0.00000000e+00  2.76255060e+00 -6.93102182e-06 
 1.88850000e-09  1.88850000e-09  0.00000000e+00  0.00000000e+00  0.00000000e+00  2.76254442e+00 -6.87389432e-06 
 1.88950000e-09  1.88950000e-09  0.00000000e+00  0.00000000e+00  0.00000000e+00  2.76253829e+00 -6.81744156e-06 
 1.89050000e-09  1.89050000e-09  0.00000000e+00  0.00000000e+00  0.00000000e+00  2.76253220e+00 -6.76165293e-06 
 1.89150000e-09  1.89150000e-09  0.00000000e+00  0.00000000e+00  0.00000000e+00  2.76252617e+00 -6.70651801e-06 
 1.89250000e-09  1.89250000e-09  0.00000000e+00  0.00000000e+00  0.00000000e+00  2.76252018e+00 -6.65202660e-06 
 1.89350000e-09  1.89350000e-09  0.00000000e+00  0.00000000e+00  0.00000000e+00  2.76251423e+00 -6.59816869e-06 
 1.89450000e-09  1.89450000e-09  0.00000000e+00  0.00000000e+00  0.00000000e+00  2.76250833e+00 -6.54493448e-06 
 1.89550000e-09  1.89550000e-09  0.00000000e+00  0.00000000e+00  0.00000000e+00  2.76250248e+00 -6.49231434e-06 
 1.89650000e-09  1.89650000e-09  0.00000000e+00  0.00000000e+00  0.00000000e+00  2.76249668e+00 -6.44029885e-06 
 1.89750000e-09  1.89750000e-09  0.00000000e+00  0.00000000e+00  0.00000000e+00  2.76249091e+00 -6.38887876e-06 
 1.89850000e-09  1.89850000e-09  0.00000000e+00  0.00000000e+00  0.00000000e+00  2.76248520e+00 -6.33804500e-06 
 1.89950000e-09  1.89950000e-09  0.00000000e+00  0.00000000e+00  0.00000000e+00  2.76247952e+00 -6.28778868e-06 
 1.90050000e-09  1.90050000e-09  0.00000000e+00  0.00000000e+00  0.00000000e+00  2.76247389e+00 -6.23810106e-06 
 1.90150000e-09  1.90150000e-09  0.00000000e+00  0.00000000e+00  0.00000000e+00  2.76246830e+00 -6.18897359e-06 
 1.90250000e-09  1.90250000e-09  0.00000000e+00  0.00000000e+00  0.00000000e+00  2.76246275e+00 -6.14039787e-06 
 1.90350000e-09  1.90350000e-09  0.00000000e+00  0.00000000e+00  0.00000000e+00  2.76245725e+00 -6.09236565e-06 
 1.90450000e-09  1.90450000e-09  0.00000000e+00  0.00000000e+00  0.00000000e+00  2.76245179e+00 -6.04486886e-06 
 1.90550000e-09  1.90550000e-09  0.00000000e+00  0.00000000e+00  0.00000000e+00  2.76244636e+00 -5.99789956e-06 
 1.90650000e-09  1.90650000e-09  0.00000000e+00  0.00000000e+00  0.00000000e+00  2.76244098e+00 -5.95144995e-06 
 1.90750000e-09  1.90750000e-09  0.00000000e+00  0.00000000e+00  0.00000000e+00  2.76243564e+00 -5.90551240e-06 
 1.90850000e-09  1.90850000e-09  0.00000000e+00  0.00000000e+00  0.00000000e+00  2.76243034e+00 -5.86007940e-06 
 1.90950000e-09  1.90950000e-09  0.00000000e+00  0.00000000e+00  0.00000000e+00  2.76242507e+00 -5.81514359e-06 
 1.91050000e-09  1.91050000e-09  0.00000000e+00  0.00000000e+00  0.00000000e+00  2.76241985e+00 -5.77069773e-06 
 1.91150000e-09  1.91150000e-09  0.00000000e+00  0.00000000e+00  0.00000000e+00  2.76241466e+00 -5.72673474e-06 
 1.91250000e-09  1.91250000e-09  0.00000000e+00  0.00000000e+00  0.00000000e+00  2.76240951e+00 -5.68324763e-06 
 1.91350000e-09  1.91350000e-09  0.00000000e+00  0.00000000e+00  0.00000000e+00  2.76240440e+00 -5.64022957e-06 
 1.91450000e-09  1.91450000e-09  0.00000000e+00  0.00000000e+00  0.00000000e+00  2.76239933e+00 -5.59767383e-06 
 1.91550000e-09  1.91550000e-09  0.00000000e+00  0.00000000e+00  0.00000000e+00  2.76239429e+00 -5.55557381e-06 
 1.91650000e-09  1.91650000e-09  0.00000000e+00  0.00000000e+00  0.00000000e+00  2.76238929e+00 -5.51392304e-06 
 1.91750000e-09  1.91750000e-09  0.00000000e+00  0.00000000e+00  0.00000000e+00  2.76238432e+00 -5.47271514e-06 
 1.91850000e-09  1.91850000e-09  0.00000000e+00  0.00000000e+00  0.00000000e+00  2.76237940e+00 -5.43194386e-06 
 1.91950000e-09  1.91950000e-09  0.00000000e+00  0.00000000e+00  0.00000000e+00  2.76237450e+00 -5.39160306e-06 
 1.92050000e-09  1.92050000e-09  0.00000000e+00  0.00000000e+00  0.00000000e+00  2.76236964e+00 -5.35168670e-06 
 1.92150000e-09  1.92150000e-09  0.00000000e+00  0.00000000e+00  0.00000000e+00  2.76236482e+00 -5.31218885e-06 
 1.92250000e-09  1.92250000e-09  0.00000000e+00  0.00000000e+00  0.00000000e+00  2.76236003e+00 -5.27310369e-06 
 1.92350000e-09  1.92350000e-09  0.00000000e+00  0.00000000e+00  0.00000000e+00  2.76235527e+00 -5.23442548e-06 
 1.92450000e-09  1.92450000e-09  0.00000000e+00  0.00000000e+00  0.00000000e+00  2.76235055e+00 -5.19614861e-06 
 1.92550000e-09  1.92550000e-09  0.00000000e+00  0.00000000e+00  0.00000000e+00  2.76234586e+00 -5.15826755e-06 
 1.92650000e-09  1.92650000e-09  0.00000000e+00  0.00000000e+00  0.00000000e+00  2.76234121e+00 -5.12077686e-06 
 1.92750000e-09  1.92750000e-09  0.00000000e+00  0.00000000e+00  0.00000000e+00  2.76233658e+00 -5.08367120e-06 
 1.92850000e-09  1.92850000e-09  0.00000000e+00  0.00000000e+00  0.00000000e+00  2.76233199e+00 -5.04694533e-06 
 1.92950000e-09  1.92950000e-09  0.00000000e+00  0.00000000e+00  0.00000000e+00  2.76232743e+00 -5.01059408e-06 
 1.93050000e-09  1.93050000e-09  0.00000000e+00  0.00000000e+00  0.00000000e+00  2.76232291e+00 -4.97461239e-06 
 1.93150000e-09  1.93150000e-09  0.00000000e+00  0.00000000e+00  0.00000000e+00  2.76231841e+00 -4.93899526e-06 
 1.93250000e-09  1.93250000e-09  0.00000000e+00  0.00000000e+00  0.00000000e+00  2.76231394e+00 -4.90373779e-06 
 1.93350000e-09  1.93350000e-09  0.00000000e+00  0.00000000e+00  0.00000000e+00  2.76230951e+00 -4.86883517e-06 
 1.93450000e-09  1.93450000e-09  0.00000000e+00  0.00000000e+00  0.00000000e+00  2.76230511e+00 -4.83428266e-06 
 1.93550000e-09  1.93550000e-09  0.00000000e+00  0.00000000e+00  0.00000000e+00  2.76230073e+00 -4.80007559e-06 
 1.93650000e-09  1.93650000e-09  0.00000000e+00  0.00000000e+00  0.00000000e+00  2.76229639e+00 -4.76620939e-06 
 1.93750000e-09  1.93750000e-09  0.00000000e+00  0.00000000e+00  0.00000000e+00  2.76229207e+00 -4.73267954e-06 
 1.93850000e-09  1.93850000e-09  0.00000000e+00  0.00000000e+00  0.00000000e+00  2.76228779e+00 -4.69948162e-06 
 1.93950000e-09  1.93950000e-09  0.00000000e+00  0.00000000e+00  0.00000000e+00  2.76228353e+00 -4.66661126e-06 
 1.94050000e-09  1.94050000e-09  0.00000000e+00  0.00000000e+00  0.00000000e+00  2.76227931e+00 -4.63406418e-06 
 1.94150000e-09  1.94150000e-09  0.00000000e+00  0.00000000e+00  0.00000000e+00  2.76227511e+00 -4.60183615e-06 
 1.94250000e-09  1.94250000e-09  0.00000000e+00  0.00000000e+00  0.00000000e+00  2.76227094e+00 -4.56992304e-06 
 1.94350000e-09  1.94350000e-09  0.00000000e+00  0.00000000e+00  0.00000000e+00  2.76226679e+00 -4.53832075e-06 
 1.94450000e-09  1.94450000e-09  0.00000000e+00  0.00000000e+00  0.00000000e+00  2.76226268e+00 -4.50702528e-06 
 1.94550000e-09  1.94550000e-09  0.00000000e+00  0.00000000e+00  0.00000000e+00  2.76225859e+00 -4.47603267e-06 
 1.94650000e-09  1.94650000e-09  0.00000000e+00  0.00000000e+00  0.00000000e+00  2.76225453e+00 -4.44533903e-06 
 1.94750000e-09  1.94750000e-09  0.00000000e+00  0.00000000e+00  0.00000000e+00  2.76225050e+00 -4.41494054e-06 
 1.94850000e-09  1.94850000e-09  0.00000000e+00  0.00000000e+00  0.00000000e+00  2.76224649e+00 -4.38483344e-06 
 1.94950000e-09  1.94950000e-09  0.00000000e+00  0.00000000e+00  0.00000000e+00  2.76224251e+00 -4.35501402e-06 
 1.95050000e-09  1.95050000e-09  0.00000000e+00  0.00000000e+00  0.00000000e+00  2.76223855e+00 -4.32547863e-06 
 1.95150000e-09  1.95150000e-09  0.00000000e+00  0.00000000e+00  0.00000000e+00  2.76223463e+00 -4.29622369e-06 
 1.95250000e-09  1.95250000e-09  0.00000000e+00  0.00000000e+00  0.00000000e+00  2.76223072e+00 -4.26724566e-06 
 1.95350000e-09  1.95350000e-09  0.00000000e+00  0.00000000e+00  0.00000000e+00  2.76222685e+00 -4.23854108e-06 
 1.95450000e-09  1.95450000e-09  0.00000000e+00  0.00000000e+00  0.00000000e+00  2.76222299e+00 -4.21010651e-06 
 1.95550000e-09  1.95550000e-09  0.00000000e+00  0.00000000e+00  0.00000000e+00  2.76221917e+00 -4.18193859e-06 
 1.95650000e-09  1.95650000e-09  0.00000000e+00  0.00000000e+00  0.00000000e+00  2.76221536e+00 -4.15403401e-06 
 1.95750000e-09  1.95750000e-09  0.00000000e+00  0.00000000e+00  0.00000000e+00  2.76221159e+00 -4.12638951e-06 
 1.95850000e-09  1.95850000e-09  0.00000000e+00  0.00000000e+00  0.00000000e+00  2.76220783e+00 -4.09900186e-06 
 1.95950000e-09  1.95950000e-09  0.00000000e+00  0.00000000e+00  0.00000000e+00  2.76220410e+00 -4.07186790e-06 
 1.96050000e-09  1.96050000e-09  0.00000000e+00  0.00000000e+00  0.00000000e+00  2.76220040e+00 -4.04498452e-06 
 1.96150000e-09  1.96150000e-09  0.00000000e+00  0.00000000e+00  0.00000000e+00  2.76219672e+00 -4.01834866e-06 
 1.96250000e-09  1.96250000e-09  0.00000000e+00  0.00000000e+00  0.00000000e+00  2.76219306e+00 -3.99195728e-06 
 1.96350000e-09  1.96350000e-09  0.00000000e+00  0.00000000e+00  0.00000000e+00  2.76218942e+00 -3.96580742e-06 
 1.96450000e-09  1.96450000e-09  0.00000000e+00  0.00000000e+00  0.00000000e+00  2.76218581e+00 -3.93989614e-06 
 1.96550000e-09  1.96550000e-09  0.00000000e+00  0.00000000e+00  0.00000000e+00  2.76218222e+00 -3.91422057e-06 
 1.96650000e-09  1.96650000e-09  0.00000000e+00  0.00000000e+00  0.00000000e+00  2.76217866e+00 -3.88877786e-06 
 1.96750000e-09  1.96750000e-09  0.00000000e+00  0.00000000e+00  0.00000000e+00  2.76217511e+00 -3.86356520e-06 
 1.96850000e-09  1.96850000e-09  0.00000000e+00  0.00000000e+00  0.00000000e+00  2.76217159e+00 -3.83857985e-06 
 1.96950000e-09  1.96950000e-09  0.00000000e+00  0.00000000e+00  0.00000000e+00  2.76216809e+00 -3.81381909e-06 
 1.97050000e-09  1.97050000e-09  0.00000000e+00  0.00000000e+00  0.00000000e+00  2.76216461e+00 -3.78928023e-06 
 1.97150000e-09  1.97150000e-09  0.00000000e+00  0.00000000e+00  0.00000000e+00  2.76216116e+00 -3.76496066e-06 
 1.97250000e-09  1.97250000e-09  0.00000000e+00  0.00000000e+00  0.00000000e+00  2.76215772e+00 -3.74085776e-06 
 1.97350000e-09  1.97350000e-09  0.00000000e+00  0.00000000e+00  0.00000000e+00  2.76215431e+00 -3.71696899e-06 
 1.97450000e-09  1.97450000e-09  0.00000000e+00  0.00000000e+00  0.00000000e+00  2.76215092e+00 -3.69329181e-06 
 1.97550000e-09  1.97550000e-09  0.00000000e+00  0.00000000e+00  0.00000000e+00  2.76214755e+00 -3.66982376e-06 
 1.97650000e-09  1.97650000e-09  0.00000000e+00  0.00000000e+00  0.00000000e+00  2.76214420e+00 -3.64656237e-06 
 1.97750000e-09  1.97750000e-09  0.00000000e+00  0.00000000e+00  0.00000000e+00  2.76214087e+00 -3.62350525e-06 
 1.97850000e-09  1.97850000e-09  0.00000000e+00  0.00000000e+00  0.00000000e+00  2.76213756e+00 -3.60065001e-06 
 1.97950000e-09  1.97950000e-09  0.00000000e+00  0.00000000e+00  0.00000000e+00  2.76213427e+00 -3.57799430e-06 
 1.98050000e-09  1.98050000e-09  0.00000000e+00  0.00000000e+00  0.00000000e+00  2.76213100e+00 -3.55553584e-06 
 1.98150000e-09  1.98150000e-09  0.00000000e+00  0.00000000e+00  0.00000000e+00  2.76212775e+00 -3.53327233e-06 
 1.98250000e-09  1.98250000e-09  0.00000000e+00  0.00000000e+00  0.00000000e+00  2.76212452e+00 -3.51120154e-06 
 1.98350000e-09  1.98350000e-09  0.00000000e+00  0.00000000e+00  0.00000000e+00  2.76212131e+00 -3.48932126e-06 
 1.98450000e-09  1.98450000e-09  0.00000000e+00  0.00000000e+00  0.00000000e+00  2.76211812e+00 -3.46762930e-06 
 1.98550000e-09  1.98550000e-09  0.00000000e+00  0.00000000e+00  0.00000000e+00  2.76211495e+00 -3.44612353e-06 
 1.98650000e-09  1.98650000e-09  0.00000000e+00  0.00000000e+00  0.00000000e+00  2.76211180e+00 -3.42480182e-06 
 1.98750000e-09  1.98750000e-09  0.00000000e+00  0.00000000e+00  0.00000000e+00  2.76210866e+00 -3.40366210e-06 
 1.98850000e-09  1.98850000e-09  0.00000000e+00  0.00000000e+00  0.00000000e+00  2.76210555e+00 -3.38270229e-06 
 1.98950000e-09  1.98950000e-09  0.00000000e+00  0.00000000e+00  0.00000000e+00  2.76210245e+00 -3.36192038e-06 
 1.99050000e-09  1.99050000e-09  0.00000000e+00  0.00000000e+00  0.00000000e+00  2.76209938e+00 -3.34131437e-06 
 1.99150000e-09  1.99150000e-09  0.00000000e+00  0.00000000e+00  0.00000000e+00  2.76209632e+00 -3.32088228e-06 
 1.99250000e-09  1.99250000e-09  0.00000000e+00  0.00000000e+00  0.00000000e+00  2.76209328e+00 -3.30062217e-06 
 1.99350000e-09  1.99350000e-09  0.00000000e+00  0.00000000e+00  0.00000000e+00  2.76209026e+00 -3.28053212e-06 
 1.99450000e-09  1.99450000e-09  0.00000000e+00  0.00000000e+00  0.00000000e+00  2.76208725e+00 -3.26061024e-06 
 1.99550000e-09  1.99550000e-09  0.00000000e+00  0.00000000e+00  0.00000000e+00  2.76208426e+00 -3.24085468e-06 
 1.99650000e-09  1.99650000e-09  0.00000000e+00  0.00000000e+00  0.00000000e+00  2.76208130e+00 -3.22126358e-06 
 1.99750000e-09  1.99750000e-09  0.00000000e+00  0.00000000e+00  0.00000000e+00  2.76207834e+00 -3.20183514e-06 
 1.99850000e-09  1.99850000e-09  0.00000000e+00  0.00000000e+00  0.00000000e+00  2.76207541e+00 -3.18256757e-06 
 1.99925000e-09  1.99925000e-09  0.00000000e+00  0.00000000e+00  0.00000000e+00  2.76207322e+00 -3.16823522e-06 
 2.00000000e-09  2.00000000e-09  0.00000000e+00  0.00000000e+00  0.00000000e+00  2.76207104e+00 -3.15400432e-06 
 2.00010000e-09  2.00010000e-09  1.25000000e-02  0.00000000e+00  0.00000000e+00  2.76020745e+00 -1.77693697e-04 
 2.00030000e-09  2.00030000e-09  3.75000000e-02  0.00000000e+00  0.00000000e+00  2.75632519e+00 -5.38102491e-04 
 2.00070000e-09  2.00070000e-09  8.75000000e-02  0.00000000e+00  0.00000000e+00  2.74796403e+00 -1.29472528e-03 
 2.00150000e-09  2.00150000e-09  1.87500000e-01  0.00000000e+00  0.00000000e+00  2.73001344e+00 -2.83994845e-03 
 2.00250000e-09  2.00250000e-09  3.12500000e-01  0.00000000e+00  0.00000000e+00  2.70682728e+00 -4.68913838e-03 
 2.00350000e-09  2.00350000e-09  4.37500000e-01  0.00000000e+00  0.00000000e+00  2.68341696e+00 -6.40189809e-03 
 2.00450000e-09  2.00450000e-09  5.62500000e-01  0.00000000e+00  0.00000000e+00  2.66023792e+00 -7.95165225e-03 
 2.00550000e-09  2.00550000e-09  6.87500000e-01  0.00000000e+00  0.00000000e+00  2.63740702e+00 -9.34431116e-03 
 2.00650000e-09  2.00650000e-09  8.12500000e-01  0.00000000e+00  0.00000000e+00  2.61469073e+00 -1.06166459e-02 
 2.00750000e-09  2.00750000e-09  9.37500000e-01  0.00000000e+00  0.00000000e+00  2.59208814e+00 -1.17809501e-02 
 2.00850000e-09  2.00850000e-09  1.06250000e+00  0.00000000e+00  0.00000000e+00  2.56968810e+00 -1.28400559e-02 
 2.00950000e-09  2.00950000e-09  1.18750000e+00  0.00000000e+00  0.00000000e+00  2.54762170e+00 -1.37923990e-02 
 2.01050000e-09  2.01050000e-09  1.31250000e+00  0.00000000e+00  0.00000000e+00  2.52603961e+00 -1.46344060e-02 
 2.01150000e-09  2.01150000e-09  1.43750000e+00  0.00000000e+00  0.00000000e+00  2.50509957e+00 -1.53617675e-02 
 2.01250000e-09  2.01250000e-09  1.56250000e+00  0.00000000e+00  0.00000000e+00  2.48496019e+00 -1.59700356e-02 
 2.01350000e-09  2.01350000e-09  1.68750000e+00  0.00000000e+00  0.00000000e+00  2.46577965e+00 -1.64547382e-02 
 2.01450000e-09  2.01450000e-09  1.81250000e+00  0.00000000e+00  0.00000000e+00  2.44770869e+00 -1.68120203e-02 
 2.01550000e-09  2.01550000e-09  1.93750000e+00  0.00000000e+00  0.00000000e+00  2.43088094e+00 -1.70394815e-02 
 2.01650000e-09  2.01650000e-09  2.06250000e+00  0.00000000e+00  0.00000000e+00  2.41540882e+00 -1.71364708e-02 
 2.01750000e-09  2.01750000e-09  2.18750000e+00  0.00000000e+00  0.00000000e+00  2.40138044e+00 -1.71042732e-02 
 2.01850000e-09  2.01850000e-09  2.31250000e+00  0.00000000e+00  0.00000000e+00  2.38885755e+00 -1.69462041e-02 
 2.01925000e-09  2.01925000e-09  2.40625000e+00  0.00000000e+00  0.00000000e+00  2.38047537e+00 -1.67479508e-02 
 2.02000000e-09  2.02000000e-09  2.50000000e+00  0.00000000e+00  0.00000000e+00  2.37296470e+00 -1.64848343e-02 
 2.02010000e-09  2.02010000e-09  2.50000000e+00  0.00000000e+00  0.00000000e+00  2.37414172e+00 -1.62466591e-02 
 2.02030000e-09  2.02030000e-09  2.50000000e+00  0.00000000e+00  0.00000000e+00  2.37647225e+00 -1.57760918e-02 
 2.02070000e-09  2.02070000e-09  2.50000000e+00  0.00000000e+00  0.00000000e+00  2.38099984e+00 -1.48684540e-02 
 2.02150000e-09  2.02150000e-09  2.50000000e+00  0.00000000e+00  0.00000000e+00  2.38954953e+00 -1.31799368e-02 
 2.02250000e-09  2.02250000e-09  2.50000000e+00  0.00000000e+00  0.00000000e+00  2.39935376e+00 -1.12895723e-02 
 2.02350000e-09  2.02350000e-09  2.50000000e+00  0.00000000e+00  0.00000000e+00  2.40826245e+00 -9.62082304e-03 
 2.02450000e-09  2.02450000e-09  2.50000000e+00  0.00000000e+00  0.00000000e+00  2.41636116e+00 -8.15026119e-03 
 2.02550000e-09  2.02550000e-09  2.50000000e+00  0.00000000e+00  0.00000000e+00  2.42372661e+00 -6.85674751e-03 
 2.02650000e-09  2.02650000e-09  2.50000000e+00  0.00000000e+00  0.00000000e+00  2.43042779e+00 -5.72122600e-03 
 2.02750000e-09  2.02750000e-09  2.50000000e+00  0.00000000e+00  0.00000000e+00  2.43652677e+00 -4.72653605e-03 
 2.02850000e-09  2.02850000e-09  2.50000000e+00  0.00000000e+00  0.00000000e+00  2.44207950e+00 -3.85723919e-03 
 2.02950000e-09  2.02950000e-09  2.50000000e+00  0.00000000e+00  0.00000000e+00  2.44713644e+00 -3.09945950e-03 
 2.03050000e-09  2.03050000e-09  2.50000000e+00  0.00000000e+00  0.00000000e+00  2.45174316e+00 -2.44073724e-03 
 2.03150000e-09  2.03150000e-09  2.50000000e+00  0.00000000e+00  0.00000000e+00  2.45594085e+00 -1.86989455e-03 
 2.03250000e-09  2.03250000e-09  2.50000000e+00  0.00000000e+00  0.00000000e+00  2.45976677e+00 -1.37691273e-03 
 2.03350000e-09  2.03350000e-09  2.50000000e+00  0.00000000e+00  0.00000000e+00  2.46325466e+00 -9.52820212e-04 
 2.03450000e-09  2.03450000e-09  2.50000000e+00  0.00000000e+00  0.00000000e+00  2.46643506e+00 -5.89590384e-04 
 2.03550000e-09  2.03550000e-09  2.50000000e+00  0.00000000e+00  0.00000000e+00  2.46933569e+00 -2.80048639e-04 
 2.03650000e-09  2.03650000e-09  2.50000000e+00  0.00000000e+00  0.00000000e+00  2.47198166e+00 -1.77878785e-05 
 2.03750000e-09  2.03750000e-09  2.50000000e+00  0.00000000e+00  0.00000000e+00  2.47439696e+00  2.03028116e-04 
 2.03850000e-09  2.03850000e-09  2.50000000e+00  0.00000000e+00  0.00000000e+00  2.47660201e+00  3.87453372e-04 
 2.03950000e-09  2.03950000e-09  2.50000000e+00  0.00000000e+00  0.00000000e+00  2.47861415e+00  5.39872794e-04 
 2.04050000e-09  2.04050000e-09  2.50000000e+00  0.00000000e+00  0.00000000e+00  2.48045057e+00  6.64338189e-04 
 2.04150000e-09  2.04150000e-09  2.50000000e+00  0.00000000e+00  0.00000000e+00  2.48212691e+00  7.64448983e-04 
 2.04250000e-09  2.04250000e-09  2.50000000e+00  0.00000000e+00  0.00000000e+00  2.48365737e+00  8.43398959e-04 
 2.04350000e-09  2.04350000e-09  2.50000000e+00  0.00000000e+00  0.00000000e+00  2.48505484e+00  9.04018665e-04 
 2.04450000e-09  2.04450000e-09  2.50000000e+00  0.00000000e+00  0.00000000e+00  2.48633108e+00  9.48813639e-04 
 2.04550000e-09  2.04550000e-09  2.50000000e+00  0.00000000e+00  0.00000000e+00  2.48749677e+00  9.79998842e-04 
 2.04650000e-09  2.04650000e-09  2.50000000e+00  0.00000000e+00  0.00000000e+00  2.48856163e+00  9.99529644e-04 
 2.04750000e-09  2.04750000e-09  2.50000000e+00  0.00000000e+00  0.00000000e+00  2.48953450e+00  1.00912969e-03 
 2.04850000e-09  2.04850000e-09  2.50000000e+00  0.00000000e+00  0.00000000e+00  2.49042346e+00  1.01031597e-03 
 2.04950000e-09  2.04950000e-09  2.50000000e+00  0.00000000e+00  0.00000000e+00  2.49123583e+00  1.00442129e-03 
 2.05050000e-09  2.05050000e-09  2.50000000e+00  0.00000000e+00  0.00000000e+00  2.49197831e+00  9.92614455e-04 
 2.05150000e-09  2.05150000e-09  2.50000000e+00  0.00000000e+00  0.00000000e+00  2.49265699e+00  9.75918425e-04 
 2.05250000e-09  2.05250000e-09  2.50000000e+00  0.00000000e+00  0.00000000e+00  2.49327735e+00  9.55219623e-04 
 2.05350000e-09  2.05350000e-09  2.50000000e+00  0.00000000e+00  0.00000000e+00  2.49384453e+00  9.31304313e-04 
 2.05450000e-09  2.05450000e-09  2.50000000e+00  0.00000000e+00  0.00000000e+00  2.49436317e+00  9.04850647e-04 
 2.05550000e-09  2.05550000e-09  2.50000000e+00  0.00000000e+00  0.00000000e+00  2.49483747e+00  8.76441665e-04 
 2.05650000e-09  2.05650000e-09  2.50000000e+00  0.00000000e+00  0.00000000e+00  2.49527127e+00  8.46584446e-04 
 2.05750000e-09  2.05750000e-09  2.50000000e+00  0.00000000e+00  0.00000000e+00  2.49566806e+00  8.15712147e-04 
 2.05850000e-09  2.05850000e-09  2.50000000e+00  0.00000000e+00  0.00000000e+00  2.49603105e+00  7.84198280e-04 
 2.05950000e-09  2.05950000e-09  2.50000000e+00  0.00000000e+00  0.00000000e+00  2.49636314e+00  7.52359154e-04 
 2.06050000e-09  2.06050000e-09  2.50000000e+00  0.00000000e+00  0.00000000e+00  2.49666700e+00  7.20464565e-04 
 2.06150000e-09  2.06150000e-09  2.50000000e+00  0.00000000e+00  0.00000000e+00  2.49694505e+00  6.88740281e-04 
 2.06250000e-09  2.06250000e-09  2.50000000e+00  0.00000000e+00  0.00000000e+00  2.49719952e+00  6.57376071e-04 
 2.06350000e-09  2.06350000e-09  2.50000000e+00  0.00000000e+00  0.00000000e+00  2.49743243e+00  6.26528041e-04 
 2.06450000e-09  2.06450000e-09  2.50000000e+00  0.00000000e+00  0.00000000e+00  2.49764562e+00  5.96324675e-04 
 2.06550000e-09  2.06550000e-09  2.50000000e+00  0.00000000e+00  0.00000000e+00  2.49784078e+00  5.66868924e-04 
 2.06650000e-09  2.06650000e-09  2.50000000e+00  0.00000000e+00  0.00000000e+00  2.49801947e+00  5.38242767e-04 
 2.06750000e-09  2.06750000e-09  2.50000000e+00  0.00000000e+00  0.00000000e+00  2.49818307e+00  5.10509004e-04 
 2.06850000e-09  2.06850000e-09  2.50000000e+00  0.00000000e+00  0.00000000e+00  2.49833289e+00  4.83714709e-04 
 2.06950000e-09  2.06950000e-09  2.50000000e+00  0.00000000e+00  0.00000000e+00  2.49847010e+00  4.57892736e-04 
 2.07050000e-09  2.07050000e-09  2.50000000e+00  0.00000000e+00  0.00000000e+00  2.49859577e+00  4.33064320e-04 
 2.07150000e-09  2.07150000e-09  2.50000000e+00  0.00000000e+00  0.00000000e+00  2.49871088e+00  4.09240327e-04 
 2.07250000e-09  2.07250000e-09  2.50000000e+00  0.00000000e+00  0.00000000e+00  2.49881634e+00  3.86423214e-04 
 2.07350000e-09  2.07350000e-09  2.50000000e+00  0.00000000e+00  0.00000000e+00  2.49891295e+00  3.64608033e-04 
 2.07450000e-09  2.07450000e-09  2.50000000e+00  0.00000000e+00  0.00000000e+00  2.49900148e+00  3.43783913e-04 
 2.07550000e-09  2.07550000e-09  2.50000000e+00  0.00000000e+00  0.00000000e+00  2.49908260e+00  3.23934857e-04 
 2.07650000e-09  2.07650000e-09  2.50000000e+00  0.00000000e+00  0.00000000e+00  2.49915695e+00  3.05040851e-04 
 2.07750000e-09  2.07750000e-09  2.50000000e+00  0.00000000e+00  0.00000000e+00  2.49922510e+00  2.87078490e-04 
 2.07850000e-09  2.07850000e-09  2.50000000e+00  0.00000000e+00  0.00000000e+00  2.49928756e+00  2.70021803e-04 
 2.07950000e-09  2.07950000e-09  2.50000000e+00  0.00000000e+00  0.00000000e+00  2.49934483e+00  2.53842736e-04 
 2.08050000e-09  2.08050000e-09  2.50000000e+00  0.00000000e+00  0.00000000e+00  2.49939733e+00  2.38511761e-04 
 2.08150000e-09  2.08150000e-09  2.50000000e+00  0.00000000e+00  0.00000000e+00  2.49944548e+00  2.23998241e-04 
 2.08250000e-09  2.08250000e-09  2.50000000e+00  0.00000000e+00  0.00000000e+00  2.49948963e+00  2.10270876e-04 
 2.08350000e-09  2.08350000e-09  2.50000000e+00  0.00000000e+00  0.00000000e+00  2.49953012e+00  1.97297971e-04 
 2.08450000e-09  2.08450000e-09  2.50000000e+00  0.00000000e+00  0.00000000e+00  2.49956727e+00  1.85047757e-04 
 2.08550000e-09  2.08550000e-09  2.50000000e+00  0.00000000e+00  0.00000000e+00  2.49960134e+00  1.73488586e-04 
 2.08650000e-09  2.08650000e-09  2.50000000e+00  0.00000000e+00  0.00000000e+00  2.49963260e+00  1.62589153e-04 
 2.08750000e-09  2.08750000e-09  2.50000000e+00  0.00000000e+00  0.00000000e+00  2.49966129e+00  1.52318636e-04 
 2.08850000e-09  2.08850000e-09  2.50000000e+00  0.00000000e+00  0.00000000e+00  2.49968761e+00  1.42646843e-04 
 2.08950000e-09  2.08950000e-09  2.50000000e+00  0.00000000e+00  0.00000000e+00  2.49971177e+00  1.33544307e-04 
 2.09050000e-09  2.09050000e-09  2.50000000e+00  0.00000000e+00  0.00000000e+00  2.49973394e+00  1.24982380e-04 
 2.09150000e-09  2.09150000e-09  2.50000000e+00  0.00000000e+00  0.00000000e+00  2.49975430e+00  1.16933289e-04 
 2.09250000e-09  2.09250000e-09  2.50000000e+00  0.00000000e+00  0.00000000e+00  2.49977299e+00  1.09370196e-04 
 2.09350000e-09  2.09350000e-09  2.50000000e+00  0.00000000e+00  0.00000000e+00  2.49979015e+00  1.02267219e-04 
 2.09450000e-09  2.09450000e-09  2.50000000e+00  0.00000000e+00  0.00000000e+00  2.49980592e+00  9.55994712e-05 
 2.09550000e-09  2.09550000e-09  2.50000000e+00  0.00000000e+00  0.00000000e+00  2.49982039e+00  8.93430583e-05 
 2.09650000e-09  2.09650000e-09  2.50000000e+00  0.00000000e+00  0.00000000e+00  2.49983369e+00  8.34750931e-05 
 2.09750000e-09  2.09750000e-09  2.50000000e+00  0.00000000e+00  0.00000000e+00  2.49984591e+00  7.79736843e-05 
 2.09850000e-09  2.09850000e-09  2.50000000e+00  0.00000000e+00  0.00000000e+00  2.49985714e+00  7.28179322e-05 
 2.09925000e-09  2.09925000e-09  2.50000000e+00  0.00000000e+00  0.00000000e+00  2.49986495e+00  6.91664362e-05 
 2.10000000e-09  2.10000000e-09  2.50000000e+00  0.00000000e+00  0.00000000e+00  2.49987229e+00  6.56900747e-05 
 2.10010000e-09  2.10010000e-09  2.50000000e+00  1.25000000e-02  0.00000000e+00  2.50010762e+00  8.72189618e-05 
 2.10030000e-09  2.10030000e-09  2.50000000e+00  3.75000000e-02  0.00000000e+00  2.50057323e+00  1.29451925e-04 
 2.10070000e-09  2.10070000e-09  2.50000000e+00  8.75000000e-02  0.00000000e+00  2.50147292e+00  2.08925995e-04 
 2.10150000e-09  2.10150000e-09  2.50000000e+00  1.87500000e-01  0.00000000e+00  2.50313896e+00  3.48040892e-04 
 2.10250000e-09  2.10250000e-09  2.50000000e+00  3.12500000e-01  0.00000000e+00  2.50498613e+00  4.88126519e-04 
 2.10350000e-09  2.10350000e-09  2.50000000e+00  4.37500000e-01  0.00000000e+00  2.50663443e+00  5.99005788e-04 
 2.10450000e-09  2.10450000e-09  2.50000000e+00  5.62500000e-01  0.00000000e+00  2.50815442e+00  6.89392175e-04 
 2.10550000e-09  2.10550000e-09  2.50000000e+00  6.87500000e-01  0.00000000e+00  2.50956933e+00  7.63016646e-04 
 2.10650000e-09  2.10650000e-09  2.50000000e+00  8.12500000e-01  0.00000000e+00  2.51087824e+00  8.21123526e-04 
 2.10750000e-09  2.10750000e-09  2.50000000e+00  9.37500000e-01  0.00000000e+00  2.51208302e+00  8.65113521e-04 
 2.10850000e-09  2.10850000e-09  2.50000000e+00  1.06250000e+00  0.00000000e+00  2.51318747e+00  8.96456118e-04 
 2.10950000e-09  2.10950000e-09  2.50000000e+00  1.18750000e+00  0.00000000e+00  2.51419634e+00  9.16589245e-04 
 2.11050000e-09  2.11050000e-09  2.50000000e+00  1.31250000e+00  0.00000000e+00  2.51511470e+00  9.26868455e-04 
 2.11150000e-09  2.11150000e-09  2.50000000e+00  1.43750000e+00  0.00000000e+00  2.51594763e+00  9.28543511e-04 
 2.11250000e-09  2.11250000e-09  2.50000000e+00  1.56250000e+00  0.00000000e+00  2.51670007e+00  9.22750540e-04 
 2.11350000e-09  2.11350000e-09  2.50000000e+00  1.68750000e+00  0.00000000e+00  2.51737669e+00  9.10513045e-04 
 2.11450000e-09  2.11450000e-09  2.50000000e+00  1.81250000e+00  0.00000000e+00  2.51798190e+00  8.92747830e-04 
 2.11550000e-09  2.11550000e-09  2.50000000e+00  1.93750000e+00  0.00000000e+00  2.51851980e+00  8.70273454e-04 
 2.11650000e-09  2.11650000e-09  2.50000000e+00  2.06250000e+00  0.00000000e+00  2.51899428e+00  8.43819727e-04 
 2.11750000e-09  2.11750000e-09  2.50000000e+00  2.18750000e+00  0.00000000e+00  2.51940895e+00  8.14037352e-04 
 2.11850000e-09  2.11850000e-09  2.50000000e+00  2.31250000e+00  0.00000000e+00  2.51976727e+00  7.81507127e-04 
 2.11925000e-09  2.11925000e-09  2.50000000e+00  2.40625000e+00  0.00000000e+00  2.52000091e+00  7.55608453e-04 
 2.12000000e-09  2.12000000e-09  2.50000000e+00  2.50000000e+00  0.00000000e+00  2.52020603e+00  7.28658282e-04 
 2.12010000e-09  2.12010000e-09  2.50000000e+00  2.50000000e+00  0.00000000e+00  2.51999879e+00  7.03211444e-04 
 2.12030000e-09  2.12030000e-09  2.50000000e+00  2.50000000e+00  0.00000000e+00  2.51958837e+00  6.53119803e-04 
 2.12070000e-09  2.12070000e-09  2.50000000e+00  2.50000000e+00  0.00000000e+00  2.51879149e+00  5.57631524e-04 
 2.12150000e-09  2.12150000e-09  2.50000000e+00  2.50000000e+00  0.00000000e+00  2.51728895e+00  3.84247064e-04 
 2.12250000e-09  2.12250000e-09  2.50000000e+00  2.50000000e+00  0.00000000e+00  2.51557023e+00  1.97585870e-04 
 2.12350000e-09  2.12350000e-09  2.50000000e+00  2.50000000e+00  0.00000000e+00  2.51401323e+00  4.05066638e-05 
 2.12450000e-09  2.12450000e-09  2.50000000e+00  2.50000000e+00  0.00000000e+00  2.51260264e+00 -9.07611894e-05 
 2.12550000e-09  2.12550000e-09  2.50000000e+00  2.50000000e+00  0.00000000e+00  2.51132480e+00 -1.99526937e-04 
 2.12650000e-09  2.12650000e-09  2.50000000e+00  2.50000000e+00  0.00000000e+00  2.51016734e+00 -2.88714322e-04 
 2.12750000e-09  2.12750000e-09  2.50000000e+00  2.50000000e+00  0.00000000e+00  2.50911906e+00 -3.60905286e-04 
 2.12850000e-09  2.12850000e-09  2.50000000e+00  2.50000000e+00  0.00000000e+00  2.50816979e+00 -4.18378286e-04 
 2.12950000e-09  2.12950000e-09  2.50000000e+00  2.50000000e+00  0.00000000e+00  2.50731033e+00 -4.63142203e-04 
 2.13050000e-09  2.13050000e-09  2.50000000e+00  2.50000000e+00  0.00000000e+00  2.50653233e+00 -4.96966576e-04 
 2.13150000e-09  2.13150000e-09  2.50000000e+00  2.50000000e+00  0.00000000e+00  2.50582823e+00 -5.21408489e-04 
 2.13250000e-09  2.13250000e-09  2.50000000e+00  2.50000000e+00  0.00000000e+00  2.50519116e+00 -5.37836492e-04 
 2.13350000e-09  2.13350000e-09  2.50000000e+00  2.50000000e+00  0.00000000e+00  2.50461489e+00 -5.47451886e-04 
 2.13450000e-09  2.13450000e-09  2.50000000e+00  2.50000000e+00  0.00000000e+00  2.50409378e+00 -5.51307668e-04 
 2.13550000e-09  2.13550000e-09  2.50000000e+00  2.50000000e+00  0.00000000e+00  2.50362270e+00 -5.50325392e-04 
 2.13650000e-09  2.13650000e-09  2.50000000e+00  2.50000000e+00  0.00000000e+00  2.50319700e+00 -5.45310181e-04 
 2.13750000e-09  2.13750000e-09  2.50000000e+00  2.50000000e+00  0.00000000e+00  2.50281246e+00 -5.36964087e-04 
 2.13850000e-09  2.13850000e-09  2.50000000e+00  2.50000000e+00  0.00000000e+00  2.50246526e+00 -5.25897983e-04 
 2.13950000e-09  2.13950000e-09  2.50000000e+00  2.50000000e+00  0.00000000e+00  2.50215191e+00 -5.12642145e-04 
 2.14050000e-09  2.14050000e-09  2.50000000e+00  2.50000000e+00  0.00000000e+00  2.50186928e+00 -4.97655669e-04 
 2.14150000e-09  2.14150000e-09  2.50000000e+00  2.50000000e+00  0.00000000e+00  2.50161448e+00 -4.81334845e-04 
 2.14250000e-09  2.14250000e-09  2.50000000e+00  2.50000000e+00  0.00000000e+00  2.50138492e+00 -4.64020608e-04 
 2.14350000e-09  2.14350000e-09  2.50000000e+00  2.50000000e+00  0.00000000e+00  2.50117825e+00 -4.46005155e-04 
 2.14450000e-09  2.14450000e-09  2.50000000e+00  2.50000000e+00  0.00000000e+00  2.50099233e+00 -4.27537830e-04 
 2.14550000e-09  2.14550000e-09  2.50000000e+00  2.50000000e+00  0.00000000e+00  2.50082520e+00 -4.08830350e-04 
 2.14650000e-09  2.14650000e-09  2.50000000e+00  2.50000000e+00  0.00000000e+00  2.50067510e+00 -3.90061437e-04 
 2.14750000e-09  2.14750000e-09  2.50000000e+00  2.50000000e+00  0.00000000e+00  2.50054044e+00 -3.71380936e-04 
 2.14850000e-09  2.14850000e-09  2.50000000e+00  2.50000000e+00  0.00000000e+00  2.50041976e+00 -3.52913463e-04 
 2.14950000e-09  2.14950000e-09  2.50000000e+00  2.50000000e+00  0.00000000e+00  2.50031173e+00 -3.34761630e-04 
 2.15050000e-09  2.15050000e-09  2.50000000e+00  2.50000000e+00  0.00000000e+00  2.50021515e+00 -3.17009867e-04 
 2.15150000e-09  2.15150000e-09  2.50000000e+00  2.50000000e+00  0.00000000e+00  2.50012894e+00 -2.99723894e-04 
 2.15250000e-09  2.15250000e-09  2.50000000e+00  2.50000000e+00  0.00000000e+00  2.50005213e+00 -2.82955268e-04 
 2.15350000e-09  2.15350000e-09  2.50000000e+00  2.50000000e+00  0.00000000e+00  2.49998381e+00 -2.66745236e-04 
 2.15450000e-09  2.15450000e-09  2.50000000e+00  2.50000000e+00  0.00000000e+00  2.49992316e+00 -2.51123206e-04 
 2.15550000e-09  2.15550000e-09  2.50000000e+00  2.50000000e+00  0.00000000e+00  2.49986945e+00 -2.36109445e-04 
 2.15650000e-09  2.15650000e-09  2.50000000e+00  2.50000000e+00  0.00000000e+00  2.49982200e+00 -2.21716436e-04 
 2.15750000e-09  2.15750000e-09  2.50000000e+00  2.50000000e+00  0.00000000e+00  2.49978021e+00 -2.07950068e-04 
 2.15850000e-09  2.15850000e-09  2.50000000e+00  2.50000000e+00  0.00000000e+00  2.49974353e+00 -1.94810667e-04 
 2.15950000e-09  2.15950000e-09  2.50000000e+00  2.50000000e+00  0.00000000e+00  2.49971146e+00 -1.82293904e-04 
 2.16050000e-09  2.16050000e-09  2.50000000e+00  2.50000000e+00  0.00000000e+00  2.49968354e+00 -1.70391584e-04 
 2.16150000e-09  2.16150000e-09  2.50000000e+00  2.50000000e+00  0.00000000e+00  2.49965936e+00 -1.59092339e-04 
 2.16250000e-09  2.16250000e-09  2.50000000e+00  2.50000000e+00  0.00000000e+00  2.49963856e+00 -1.48382230e-04 
 2.16350000e-09  2.16350000e-09  2.50000000e+00  2.50000000e+00  0.00000000e+00  2.49962078e+00 -1.38245266e-04 
 2.16450000e-09  2.16450000e-09  2.50000000e+00  2.50000000e+00  0.00000000e+00  2.49960573e+00 -1.28663857e-04 
 2.16550000e-09  2.16550000e-09  2.50000000e+00  2.50000000e+00  0.00000000e+00  2.49959312e+00 -1.19619200e-04 
 2.16650000e-09  2.16650000e-09  2.50000000e+00  2.50000000e+00  0.00000000e+00  2.49958271e+00 -1.11091619e-04 
 2.16750000e-09  2.16750000e-09  2.50000000e+00  2.50000000e+00  0.00000000e+00  2.49957426e+00 -1.03060844e-04 
 2.16850000e-09  2.16850000e-09  2.50000000e+00  2.50000000e+00  0.00000000e+00  2.49956757e+00 -9.55065620e-05 
 2.16950000e-09  2.16950000e-09  2.50000000e+00  2.50000000e+00  0.00000000e+00  2.49956246e+00 -8.84079462e-05 
 2.17050000e-09  2.17050000e-09  2.50000000e+00  2.50000000e+00  0.00000000e+00  2.49955874e+00 -8.17439180e-05 
 2.17150000e-09  2.17150000e-09  2.50000000e+00  2.50000000e+00  0.00000000e+00  2.49955628e+00 -7.54939575e-05 
 2.17250000e-09  2.17250000e-09  2.50000000e+00  2.50000000e+00  0.00000000e+00  2.49955494e+00 -6.96378413e-05 
 2.17350000e-09  2.17350000e-09  2.50000000e+00  2.50000000e+00  0.00000000e+00  2.49955458e+00 -6.41557417e-05 
 2.17450000e-09  2.17450000e-09  2.50000000e+00  2.50000000e+00  0.00000000e+00  2.49955510e+00 -5.90283060e-05 
 2.17550000e-09  2.17550000e-09  2.50000000e+00  2.50000000e+00  0.00000000e+00  2.49955638e+00 -5.42367206e-05 
 2.17650000e-09  2.17650000e-09  2.50000000e+00  2.50000000e+00  0.00000000e+00  2.49955836e+00 -4.97627598e-05 
 2.17750000e-09  2.17750000e-09  2.50000000e+00  2.50000000e+00  0.00000000e+00  2.49956092e+00 -4.55888227e-05 
 2.17850000e-09  2.17850000e-09  2.50000000e+00  2.50000000e+00  0.00000000e+00  2.49956401e+00 -4.16979599e-05 
 2.17950000e-09  2.17950000e-09  2.50000000e+00  2.50000000e+00  0.00000000e+00  2.49956756e+00 -3.80737097e-05 
 2.18050000e-09  2.18050000e-09  2.50000000e+00  2.50000000e+00  0.00000000e+00  2.49957151e+00 -3.47005109e-05 
 2.18150000e-09  2.18150000e-09  2.50000000e+00  2.50000000e+00  0.00000000e+00  2.49957579e+00 -3.15636590e-05 
 2.18250000e-09  2.18250000e-09  2.50000000e+00  2.50000000e+00  0.00000000e+00  2.49958036e+00 -2.86489010e-05 
 2.18350000e-09  2.18350000e-09  2.50000000e+00  2.50000000e+00  0.00000000e+00  2.49958518e+00 -2.59426579e-05 
 2.18450000e-09  2.18450000e-09  2.50000000e+00  2.50000000e+00  0.00000000e+00  2.49959020e+00 -2.34320143e-05 
 2.18550000e-09  2.18550000e-09  2.50000000e+00  2.50000000e+00  0.00000000e+00  2.49959540e+00 -2.11047044e-05 
 2.18650000e-09  2.18650000e-09  2.50000000e+00  2.50000000e+00  0.00000000e+00  2.49960073e+00 -1.89490960e-05 
 2.18750000e-09  2.18750000e-09  2.50000000e+00  2.50000000e+00  0.00000000e+00  2.49960617e+00 -1.69541719e-05 
 2.18850000e-09  2.18850000e-09  2.50000000e+00  2.50000000e+00  0.00000000e+00  2.49961170e+00 -1.51095108e-05 
 2.18950000e-09  2.18950000e-09  2.50000000e+00  2.50000000e+00  0.00000000e+00  2.49961729e+00 -1.34052661e-05 
 2.19050000e-09  2.19050000e-09  2.50000000e+00  2.50000000e+00  0.00000000e+00  2.49962292e+00 -1.18321443e-05 
 2.19150000e-09  2.19150000e-09  2.50000000e+00  2.50000000e+00  0.00000000e+00  2.49962858e+00 -1.03813835e-05 
 2.19250000e-09  2.19250000e-09  2.50000000e+00  2.50000000e+00  0.00000000e+00  2.49963425e+00 -9.04473039e-06 
 2.19350000e-09  2.19350000e-09  2.50000000e+00  2.50000000e+00  0.00000000e+00  2.49963991e+00 -7.81441824e-06 
 2.19450000e-09  2.19450000e-09  2.50000000e+00  2.50000000e+00  0.00000000e+00  2.49964555e+00 -6.68314466e-06 
 2.19550000e-09  2.19550000e-09  2.50000000e+00  2.50000000e+00  0.00000000e+00  2.49965116e+00 -5.64404952e-06 
 2.19650000e-09  2.19650000e-09  2.50000000e+00  2.50000000e+00  0.00000000e+00  2.49965674e+00 -4.69069335e-06 
 2.19750000e-09  2.19750000e-09  2.50000000e+00  2.50000000e+00  0.00000000e+00  2.49966227e+00 -3.81703616e-06 
 2.19850000e-09  2.19850000e-09  2.50000000e+00  2.50000000e+00  0.00000000e+00  2.49966775e+00 -3.01741686e-06 
 2.19950000e-09  2.19950000e-09  2.50000000e+00  2.50000000e+00  0.00000000e+00  2.49967316e+00 -2.28653324e-06 
 2.20050000e-09  2.20050000e-09  2.50000000e+00  2.50000000e+00  0.00000000e+00  2.49967851e+00 -1.61942261e-06 
 2.20150000e-09  2.20150000e-09  2.50000000e+00  2.50000000e+00  0.00000000e+00  2.49968380e+00 -1.01144313e-06 
 2.20250000e-09  2.20250000e-09  2.50000000e+00  2.50000000e+00  0.00000000e+00  2.49968901e+00 -4.58255817e-07 
 2.20350000e-09  2.20350000e-09  2.50000000e+00  2.50000000e+00  0.00000000e+00  2.49969414e+00  4.41926487e-08 
 2.20450000e-09  2.20450000e-09  2.50000000e+00  2.50000000e+00  0.00000000e+00  2.49969919e+00  4.99686485e-07 
 2.20550000e-09  2.20550000e-09  2.50000000e+00  2.50000000e+00  0.00000000e+00  2.49970417e+00  9.11756572e-07 
 2.20650000e-09  2.20650000e-09  2.50000000e+00  2.50000000e+00  0.00000000e+00  2.49970906e+00  1.28369552e-06 
 2.20750000e-09  2.20750000e-09  2.50000000e+00  2.50000000e+00  0.00000000e+00  2.49971386e+00  1.61857204e-06 
 2.20850000e-09  2.20850000e-09  2.50000000e+00  2.50000000e+00  0.00000000e+00  2.49971858e+00  1.91924454e-06 
 2.20950000e-09  2.20950000e-09  2.50000000e+00  2.50000000e+00  0.00000000e+00  2.49972322e+00  2.18837415e-06 
 2.21050000e-09  2.21050000e-09  2.50000000e+00  2.50000000e+00  0.00000000e+00  2.49972777e+00  2.42843695e-06 
 2.21150000e-09  2.21150000e-09  2.50000000e+00  2.50000000e+00  0.00000000e+00  2.49973224e+00  2.64173566e-06 
 2.21250000e-09  2.21250000e-09  2.50000000e+00  2.50000000e+00  0.00000000e+00  2.49973662e+00  2.83041061e-06 
 2.21350000e-09  2.21350000e-09  2.50000000e+00  2.50000000e+00  0.00000000e+00  2.49974091e+00  2.99645017e-06 
 2.21450000e-09  2.21450000e-09  2.50000000e+00  2.50000000e+00  0.00000000e+00  2.49974513e+00  3.14170058e-06 
 2.21550000e-09  2.21550000e-09  2.50000000e+00  2.50000000e+00  0.00000000e+00  2.49974926e+00  3.26787522e-06 
 2.21650000e-09  2.21650000e-09  2.50000000e+00  2.50000000e+00  0.00000000e+00  2.49975330e+00  3.37656333e-06 
 2.21750000e-09  2.21750000e-09  2.50000000e+00  2.50000000e+00  0.00000000e+00  2.49975727e+00  3.46923824e-06 
 2.21850000e-09  2.21850000e-09  2.50000000e+00  2.50000000e+00  0.00000000e+00  2.49976115e+00  3.54726511e-06 
 2.21950000e-09  2.21950000e-09  2.50000000e+00  2.50000000e+00  0.00000000e+00  2.49976495e+00  3.61190820e-06 
 2.22050000e-09  2.22050000e-09  2.50000000e+00  2.50000000e+00  0.00000000e+00  2.49976868e+00  3.66433769e-06 
 2.22150000e-09  2.22150000e-09  2.50000000e+00  2.50000000e+00  0.00000000e+00  2.49977233e+00  3.70563611e-06 
 2.22250000e-09  2.22250000e-09  2.50000000e+00  2.50000000e+00  0.00000000e+00  2.49977590e+00  3.73680434e-06 
 2.22350000e-09  2.22350000e-09  2.50000000e+00  2.50000000e+00  0.00000000e+00  2.49977940e+00  3.75876725e-06 
 2.22450000e-09  2.22450000e-09  2.50000000e+00  2.50000000e+00  0.00000000e+00  2.49978283e+00  3.77237898e-06 
 2.22550000e-09  2.22550000e-09  2.50000000e+00  2.50000000e+00  0.00000000e+00  2.49978619e+00  3.77842789e-06 
 2.22650000e-09  2.22650000e-09  2.50000000e+00  2.50000000e+00  0.00000000e+00  2.49978947e+00  3.77764120e-06 
 2.22750000e-09  2.22750000e-09  2.50000000e+00  2.50000000e+00  0.00000000e+00  2.49979269e+00  3.77068926e-06 
 2.22850000e-09  2.22850000e-09  2.50000000e+00  2.50000000e+00  0.00000000e+00  2.49979584e+00  3.75818969e-06 
 2.22950000e-09  2.22950000e-09  2.50000000e+00  2.50000000e+00  0.00000000e+00  2.49979892e+00  3.74071105e-06 
 2.23050000e-09  2.23050000e-09  2.50000000e+00  2.50000000e+00  0.00000000e+00  2.49980194e+00  3.71877646e-06 
 2.23150000e-09  2.23150000e-09  2.50000000e+00  2.50000000e+00  0.00000000e+00  2.49980490e+00  3.69286684e-06 
 2.23250000e-09  2.23250000e-09  2.50000000e+00  2.50000000e+00  0.00000000e+00  2.49980780e+00  3.66342400e-06 
 2.23350000e-09  2.23350000e-09  2.50000000e+00  2.50000000e+00  0.00000000e+00  2.49981063e+00  3.63085349e-06 
 2.23450000e-09  2.23450000e-09  2.50000000e+00  2.50000000e+00  0.00000000e+00  2.49981341e+00  3.59552730e-06 
 2.23550000e-09  2.23550000e-09  2.50000000e+00  2.50000000e+00  0.00000000e+00  2.49981613e+00  3.55778630e-06 
 2.23650000e-09  2.23650000e-09  2.50000000e+00  2.50000000e+00  0.00000000e+00  2.49981879e+00  3.51794262e-06 
 2.23750000e-09  2.23750000e-09  2.50000000e+00  2.50000000e+00  0.00000000e+00  2.49982140e+00  3.47628172e-06 
 2.23850000e-09  2.23850000e-09  2.50000000e+00  2.50000000e+00  0.00000000e+00  2.49982395e+00  3.43306449e-06 
 2.23950000e-09  2.23950000e-09  2.50000000e+00  2.50000000e+00  0.00000000e+00  2.49982646e+00  3.38852905e-06 
 2.24050000e-09  2.24050000e-09  2.50000000e+00  2.50000000e+00  0.00000000e+00  2.49982891e+00  3.34289248e-06 
 2.24150000e-09  2.24150000e-09  2.50000000e+00  2.50000000e+00  0.00000000e+00  2.49983131e+00  3.29635249e-06 
 2.24250000e-09  2.24250000e-09  2.50000000e+00  2.50000000e+00  0.00000000e+00  2.49983366e+00  3.24908886e-06 
 2.24350000e-09  2.24350000e-09  2.50000000e+00  2.50000000e+00  0.00000000e+00  2.49983597e+00  3.20126486e-06 
 2.24450000e-09  2.24450000e-09  2.50000000e+00  2.50000000e+00  0.00000000e+00  2.49983823e+00  3.15302854e-06 
 2.24550000e-09  2.24550000e-09  2.50000000e+00  2.50000000e+00  0.00000000e+00  2.49984044e+00  3.10451389e-06 
 2.24650000e-09  2.24650000e-09  2.50000000e+00  2.50000000e+00  0.00000000e+00  2.49984262e+00  3.05584200e-06 
 2.24750000e-09  2.24750000e-09  2.50000000e+00  2.50000000e+00  0.00000000e+00  2.49984474e+00  3.00712207e-06 
 2.24850000e-09  2.24850000e-09  2.50000000e+00  2.50000000e+00  0.00000000e+00  2.49984683e+00  2.95845236e-06 
 2.24950000e-09  2.24950000e-09  2.50000000e+00  2.50000000e+00  0.00000000e+00  2.49984887e+00  2.90992107e-06 
 2.25050000e-09  2.25050000e-09  2.50000000e+00  2.50000000e+00  0.00000000e+00  2.49985088e+00  2.86160716e-06 
 2.25150000e-09  2.25150000e-09  2.50000000e+00  2.50000000e+00  0.00000000e+00  2.49985284e+00  2.81358114e-06 
 2.25250000e-09  2.25250000e-09  2.50000000e+00  2.50000000e+00  0.00000000e+00  2.49985477e+00  2.76590571e-06 
 2.25350000e-09  2.25350000e-09  2.50000000e+00  2.50000000e+00  0.00000000e+00  2.49985666e+00  2.71863646e-06 
 2.25450000e-09  2.25450000e-09  2.50000000e+00  2.50000000e+00  0.00000000e+00  2.49985852e+00  2.67182246e-06 
 2.25550000e-09  2.25550000e-09  2.50000000e+00  2.50000000e+00  0.00000000e+00  2.49986034e+00  2.62550678e-06 
 2.25650000e-09  2.25650000e-09  2.50000000e+00  2.50000000e+00  0.00000000e+00  2.49986212e+00  2.57972706e-06 
 2.25750000e-09  2.25750000e-09  2.50000000e+00  2.50000000e+00  0.00000000e+00  2.49986387e+00  2.53451592e-06 
 2.25850000e-09  2.25850000e-09  2.50000000e+00  2.50000000e+00  0.00000000e+00  2.49986559e+00  2.48990146e-06 
 2.25950000e-09  2.25950000e-09  2.50000000e+00  2.50000000e+00  0.00000000e+00  2.49986728e+00  2.44590760e-06 
 2.26050000e-09  2.26050000e-09  2.50000000e+00  2.50000000e+00  0.00000000e+00  2.49986893e+00  2.40255451e-06 
 2.26150000e-09  2.26150000e-09  2.50000000e+00  2.50000000e+00  0.00000000e+00  2.49987056e+00  2.35985889e-06 
 2.26250000e-09  2.26250000e-09  2.50000000e+00  2.50000000e+00  0.00000000e+00  2.49987215e+00  2.31783435e-06 
 2.26350000e-09  2.26350000e-09  2.50000000e+00  2.50000000e+00  0.00000000e+00  2.49987371e+00  2.27649166e-06 
 2.26450000e-09  2.26450000e-09  2.50000000e+00  2.50000000e+00  0.00000000e+00  2.49987525e+00  2.23583901e-06 
 2.26550000e-09  2.26550000e-09  2.50000000e+00  2.50000000e+00  0.00000000e+00  2.49987676e+00  2.19588231e-06 
 2.26650000e-09  2.26650000e-09  2.50000000e+00  2.50000000e+00  0.00000000e+00  2.49987824e+00  2.15662535e-06 
 2.26750000e-09  2.26750000e-09  2.50000000e+00  2.50000000e+00  0.00000000e+00  2.49987970e+00  2.11807003e-06 
 2.26850000e-09  2.26850000e-09  2.50000000e+00  2.50000000e+00  0.00000000e+00  2.49988113e+00  2.08021659e-06 
 2.26950000e-09  2.26950000e-09  2.50000000e+00  2.50000000e+00  0.00000000e+00  2.49988253e+00  2.04306373e-06 
 2.27050000e-09  2.27050000e-09  2.50000000e+00  2.50000000e+00  0.00000000e+00  2.49988391e+00  2.00660878e-06 
 2.27150000e-09  2.27150000e-09  2.50000000e+00  2.50000000e+00  0.00000000e+00  2.49988527e+00  1.97084791e-06 
 2.27250000e-09  2.27250000e-09  2.50000000e+00  2.50000000e+00  0.00000000e+00  2.49988660e+00  1.93577615e-06 
 2.27350000e-09  2.27350000e-09  2.50000000e+00  2.50000000e+00  0.00000000e+00  2.49988791e+00  1.90138764e-06 
 2.27450000e-09  2.27450000e-09  2.50000000e+00  2.50000000e+00  0.00000000e+00  2.49988919e+00  1.86767563e-06 
 2.27550000e-09  2.27550000e-09  2.50000000e+00  2.50000000e+00  0.00000000e+00  2.49989046e+00  1.83463268e-06 
 2.27650000e-09  2.27650000e-09  2.50000000e+00  2.50000000e+00  0.00000000e+00  2.49989170e+00  1.80225067e-06 
 2.27750000e-09  2.27750000e-09  2.50000000e+00  2.50000000e+00  0.00000000e+00  2.49989292e+00  1.77052094e-06 
 2.27850000e-09  2.27850000e-09  2.50000000e+00  2.50000000e+00  0.00000000e+00  2.49989412e+00  1.73943436e-06 
 2.27950000e-09  2.27950000e-09  2.50000000e+00  2.50000000e+00  0.00000000e+00  2.49989530e+00  1.70898138e-06 
 2.28050000e-09  2.28050000e-09  2.50000000e+00  2.50000000e+00  0.00000000e+00  2.49989646e+00  1.67915213e-06 
 2.28150000e-09  2.28150000e-09  2.50000000e+00  2.50000000e+00  0.00000000e+00  2.49989760e+00  1.64993642e-06 
 2.28250000e-09  2.28250000e-09  2.50000000e+00  2.50000000e+00  0.00000000e+00  2.49989873e+00  1.62132387e-06 
 2.28350000e-09  2.28350000e-09  2.50000000e+00  2.50000000e+00  0.00000000e+00  2.49989983e+00  1.59330389e-06 
 2.28450000e-09  2.28450000e-09  2.50000000e+00  2.50000000e+00  0.00000000e+00  2.49990092e+00  1.56586577e-06 
 2.28550000e-09  2.28550000e-09  2.50000000e+00  2.50000000e+00  0.00000000e+00  2.49990199e+00  1.53899868e-06 
 2.28650000e-09  2.28650000e-09  2.50000000e+00  2.50000000e+00  0.00000000e+00  2.49990304e+00  1.51269175e-06 
 2.28750000e-09  2.28750000e-09  2.50000000e+00  2.50000000e+00  0.00000000e+00  2.49990407e+00  1.48693407e-06 
 2.28850000e-09  2.28850000e-09  2.50000000e+00  2.50000000e+00  0.00000000e+00  2.49990509e+00  1.46171472e-06 
 2.28950000e-09  2.28950000e-09  2.50000000e+00  2.50000000e+00  0.00000000e+00  2.49990609e+00  1.43702281e-06 
 2.29050000e-09  2.29050000e-09  2.50000000e+00  2.50000000e+00  0.00000000e+00  2.49990708e+00  1.41284749e-06 
 2.29150000e-09  2.29150000e-09  2.50000000e+00  2.50000000e+00  0.00000000e+00  2.49990805e+00  1.38917798e-06 
 2.29250000e-09  2.29250000e-09  2.50000000e+00  2.50000000e+00  0.00000000e+00  2.49990900e+00  1.36600358e-06 
 2.29350000e-09  2.29350000e-09  2.50000000e+00  2.50000000e+00  0.00000000e+00  2.49990994e+00  1.34331369e-06 
 2.29450000e-09  2.29450000e-09  2.50000000e+00  2.50000000e+00  0.00000000e+00  2.49991087e+00  1.32109782e-06 
 2.29550000e-09  2.29550000e-09  2.50000000e+00  2.50000000e+00  0.00000000e+00  2.49991178e+00  1.29934561e-06 
 2.29650000e-09  2.29650000e-09  2.50000000e+00  2.50000000e+00  0.00000000e+00  2.49991268e+00  1.27804683e-06 
 2.29750000e-09  2.29750000e-09  2.50000000e+00  2.50000000e+00  0.00000000e+00  2.49991356e+00  1.25719140e-06 
 2.29850000e-09  2.29850000e-09  2.50000000e+00  2.50000000e+00  0.00000000e+00  2.49991443e+00  1.23676940e-06 
 2.29950000e-09  2.29950000e-09  2.50000000e+00  2.50000000e+00  0.00000000e+00  2.49991529e+00  1.21677105e-06 
 2.30050000e-09  2.30050000e-09  2.50000000e+00  2.50000000e+00  0.00000000e+00  2.49991614e+00  1.19718674e-06 
 2.30150000e-09  2.30150000e-09  2.50000000e+00  2.50000000e+00  0.00000000e+00  2.49991697e+00  1.17800703e-06 
 2.30250000e-09  2.30250000e-09  2.50000000e+00  2.50000000e+00  0.00000000e+00  2.49991779e+00  1.15922267e-06 
 2.30350000e-09  2.30350000e-09  2.50000000e+00  2.50000000e+00  0.00000000e+00  2.49991859e+00  1.14082455e-06 
 2.30450000e-09  2.30450000e-09  2.50000000e+00  2.50000000e+00  0.00000000e+00  2.49991939e+00  1.12280378e-06 
 2.30550000e-09  2.30550000e-09  2.50000000e+00  2.50000000e+00  0.00000000e+00  2.49992017e+00  1.10515160e-06 
 2.30650000e-09  2.30650000e-09  2.50000000e+00  2.50000000e+00  0.00000000e+00  2.49992095e+00  1.08785948e-06 
 2.30750000e-09  2.30750000e-09  2.50000000e+00  2.50000000e+00  0.00000000e+00  2.49992171e+00  1.07091903e-06 
 2.30850000e-09  2.30850000e-09  2.50000000e+00  2.50000000e+00  0.00000000e+00  2.49992246e+00  1.05432205e-06 
 2.30950000e-09  2.30950000e-09  2.50000000e+00  2.50000000e+00  0.00000000e+00  2.49992320e+00  1.03806054e-06 
 2.31050000e-09  2.31050000e-09  2.50000000e+00  2.50000000e+00  0.00000000e+00  2.49992392e+00  1.02212664e-06 
 2.31150000e-09  2.31150000e-09  2.50000000e+00  2.50000000e+00  0.00000000e+00  2.49992464e+00  1.00651270e-06 
 2.31250000e-09  2.31250000e-09  2.50000000e+00  2.50000000e+00  0.00000000e+00  2.49992535e+00  9.91211238e-07 
 2.31350000e-09  2.31350000e-09  2.50000000e+00  2.50000000e+00  0.00000000e+00  2.49992605e+00  9.76214928e-07 
 2.31450000e-09  2.31450000e-09  2.50000000e+00  2.50000000e+00  0.00000000e+00  2.49992674e+00  9.61516630e-07 
 2.31550000e-09  2.31550000e-09  2.50000000e+00  2.50000000e+00  0.00000000e+00  2.49992742e+00  9.47109369e-07 
 2.31650000e-09  2.31650000e-09  2.50000000e+00  2.50000000e+00  0.00000000e+00  2.49992809e+00  9.32986337e-07 
 2.31750000e-09  2.31750000e-09  2.50000000e+00  2.50000000e+00  0.00000000e+00  2.49992875e+00  9.19140888e-07 
 2.31850000e-09  2.31850000e-09  2.50000000e+00  2.50000000e+00  0.00000000e+00  2.49992940e+00  9.05566540e-07 
 2.31950000e-09  2.31950000e-09  2.50000000e+00  2.50000000e+00  0.00000000e+00  2.49993004e+00  8.92256965e-07 
 2.32050000e-09  2.32050000e-09  2.50000000e+00  2.50000000e+00  0.00000000e+00  2.49993067e+00  8.79205993e-07 
 2.32150000e-09  2.32150000e-09  2.50000000e+00  2.50000000e+00  0.00000000e+00  2.49993130e+00  8.66407607e-07 
 2.32250000e-09  2.32250000e-09  2.50000000e+00  2.50000000e+00  0.00000000e+00  2.49993191e+00  8.53855936e-07 
 2.32350000e-09  2.32350000e-09  2.50000000e+00  2.50000000e+00  0.00000000e+00  2.49993252e+00  8.41545258e-07 
 2.32450000e-09  2.32450000e-09  2.50000000e+00  2.50000000e+00  0.00000000e+00  2.49993312e+00  8.29469994e-07 
 2.32550000e-09  2.32550000e-09  2.50000000e+00  2.50000000e+00  0.00000000e+00  2.49993371e+00  8.17624704e-07 
 2.32650000e-09  2.32650000e-09  2.50000000e+00  2.50000000e+00  0.00000000e+00  2.49993430e+00  8.06004086e-07 
 2.32750000e-09  2.32750000e-09  2.50000000e+00  2.50000000e+00  0.00000000e+00  2.49993487e+00  7.94602971e-07 
 2.32850000e-09  2.32850000e-09  2.50000000e+00  2.50000000e+00  0.00000000e+00  2.49993544e+00  7.83416321e-07 
 2.32950000e-09  2.32950000e-09  2.50000000e+00  2.50000000e+00  0.00000000e+00  2.49993600e+00  7.72439227e-07 
 2.33050000e-09  2.33050000e-09  2.50000000e+00  2.50000000e+00  0.00000000e+00  2.49993656e+00  7.61666903e-07 
 2.33150000e-09  2.33150000e-09  2.50000000e+00  2.50000000e+00  0.00000000e+00  2.49993710e+00  7.51094685e-07 
 2.33250000e-09  2.33250000e-09  2.50000000e+00  2.50000000e+00  0.00000000e+00  2.49993764e+00  7.40718030e-07 
 2.33350000e-09  2.33350000e-09  2.50000000e+00  2.50000000e+00  0.00000000e+00  2.49993818e+00  7.30532508e-07 
 2.33450000e-09  2.33450000e-09  2.50000000e+00  2.50000000e+00  0.00000000e+00  2.49993870e+00  7.20533804e-07 
 2.33550000e-09  2.33550000e-09  2.50000000e+00  2.50000000e+00  0.00000000e+00  2.49993922e+00  7.10717711e-07 
 2.33650000e-09  2.33650000e-09  2.50000000e+00  2.50000000e+00  0.00000000e+00  2.49993973e+00  7.01080132e-07 
 2.33750000e-09  2.33750000e-09  2.50000000e+00  2.50000000e+00  0.00000000e+00  2.49994024e+00  6.91617072e-07 
 2.33850000e-09  2.33850000e-09  2.50000000e+00  2.50000000e+00  0.00000000e+00  2.49994074e+00  6.82324639e-07 
 2.33950000e-09  2.33950000e-09  2.50000000e+00  2.50000000e+00  0.00000000e+00  2.49994123e+00  6.73199040e-07 
 2.34050000e-09  2.34050000e-09  2.50000000e+00  2.50000000e+00  0.00000000e+00  2.49994172e+00  6.64236579e-07 
 2.34150000e-09  2.34150000e-09  2.50000000e+00  2.50000000e+00  0.00000000e+00  2.49994220e+00  6.55433654e-07 
 2.34250000e-09  2.34250000e-09  2.50000000e+00  2.50000000e+00  0.00000000e+00  2.49994268e+00  6.46786754e-07 
 2.34350000e-09  2.34350000e-09  2.50000000e+00  2.50000000e+00  0.00000000e+00  2.49994315e+00  6.38292457e-07 
 2.34450000e-09  2.34450000e-09  2.50000000e+00  2.50000000e+00  0.00000000e+00  2.49994361e+00  6.29947428e-07 
 2.34550000e-09  2.34550000e-09  2.50000000e+00  2.50000000e+00  0.00000000e+00  2.49994407e+00  6.21748418e-07 
 2.34650000e-09  2.34650000e-09  2.50000000e+00  2.50000000e+00  0.00000000e+00  2.49994452e+00  6.13692256e-07 
 2.34750000e-09  2.34750000e-09  2.50000000e+00  2.50000000e+00  0.00000000e+00  2.49994497e+00  6.05775856e-07 
 2.34850000e-09  2.34850000e-09  2.50000000e+00  2.50000000e+00  0.00000000e+00  2.49994541e+00  5.97996206e-07 
 2.34950000e-09  2.34950000e-09  2.50000000e+00  2.50000000e+00  0.00000000e+00  2.49994585e+00  5.90350371e-07 
 2.35050000e-09  2.35050000e-09  2.50000000e+00  2.50000000e+00  0.00000000e+00  2.49994628e+00  5.82835490e-07 
 2.35150000e-09  2.35150000e-09  2.50000000e+00  2.50000000e+00  0.00000000e+00  2.49994670e+00  5.75448772e-07 
 2.35250000e-09  2.35250000e-09  2.50000000e+00  2.50000000e+00  0.00000000e+00  2.49994712e+00  5.68187499e-07 
 2.35350000e-09  2.35350000e-09  2.50000000e+00  2.50000000e+00  0.00000000e+00  2.49994754e+00  5.61049016e-07 
 2.35450000e-09  2.35450000e-09  2.50000000e+00  2.50000000e+00  0.00000000e+00  2.49994795e+00  5.54030738e-07 
 2.35550000e-09  2.35550000e-09  2.50000000e+00  2.50000000e+00  0.00000000e+00  2.49994836e+00  5.47130142e-07 
 2.35650000e-09  2.35650000e-09  2.50000000e+00  2.50000000e+00  0.00000000e+00  2.49994876e+00  5.40344768e-07 
 2.35750000e-09  2.35750000e-09  2.50000000e+00  2.50000000e+00  0.00000000e+00  2.49994915e+00  5.33672216e-07 
 2.35850000e-09  2.35850000e-09  2.50000000e+00  2.50000000e+00  0.00000000e+00  2.49994955e+00  5.27110145e-07 
 2.35950000e-09  2.35950000e-09  2.50000000e+00  2.50000000e+00  0.00000000e+00  2.49994993e+00  5.20656273e-07 
 2.36050000e-09  2.36050000e-09  2.50000000e+00  2.50000000e+00  0.00000000e+00  2.49995032e+00  5.14308372e-07 
 2.36150000e-09  2.36150000e-09  2.50000000e+00  2.50000000e+00  0.00000000e+00  2.49995070e+00  5.08064269e-07 
 2.36250000e-09  2.36250000e-09  2.50000000e+00  2.50000000e+00  0.00000000e+00  2.49995107e+00  5.01921844e-07 
 2.36350000e-09  2.36350000e-09  2.50000000e+00  2.50000000e+00  0.00000000e+00  2.49995144e+00  4.95879027e-07 
 2.36450000e-09  2.36450000e-09  2.50000000e+00  2.50000000e+00  0.00000000e+00  2.49995181e+00  4.89933799e-07 
 2.36550000e-09  2.36550000e-09  2.50000000e+00  2.50000000e+00  0.00000000e+00  2.49995217e+00  4.84084191e-07 
 2.36650000e-09  2.36650000e-09  2.50000000e+00  2.50000000e+00  0.00000000e+00  2.49995252e+00  4.78328279e-07 
 2.36750000e-09  2.36750000e-09  2.50000000e+00  2.50000000e+00  0.00000000e+00  2.49995288e+00  4.72664185e-07 
 2.36850000e-09  2.36850000e-09  2.50000000e+00  2.50000000e+00  0.00000000e+00  2.49995323e+00  4.67090078e-07 
 2.36950000e-09  2.36950000e-09  2.50000000e+00  2.50000000e+00  0.00000000e+00  2.49995357e+00  4.61604169e-07 
 2.37050000e-09  2.37050000e-09  2.50000000e+00  2.50000000e+00  0.00000000e+00  2.49995392e+00  4.56204712e-07 
 2.37150000e-09  2.37150000e-09  2.50000000e+00  2.50000000e+00  0.00000000e+00  2.49995425e+00  4.50890000e-07 
 2.37250000e-09  2.37250000e-09  2.50000000e+00  2.50000000e+00  0.00000000e+00  2.49995459e+00  4.45658369e-07 
 2.37350000e-09  2.37350000e-09  2.50000000e+00  2.50000000e+00  0.00000000e+00  2.49995492e+00  4.40508194e-07 
 2.37450000e-09  2.37450000e-09  2.50000000e+00  2.50000000e+00  0.00000000e+00  2.49995525e+00  4.35437885e-07 
 2.37550000e-09  2.37550000e-09  2.50000000e+00  2.50000000e+00  0.00000000e+00  2.49995557e+00  4.30445892e-07 
 2.37650000e-09  2.37650000e-09  2.50000000e+00  2.50000000e+00  0.00000000e+00  2.49995589e+00  4.25530699e-07 
 2.37750000e-09  2.37750000e-09  2.50000000e+00  2.50000000e+00  0.00000000e+00  2.49995621e+00  4.20690828e-07 
 2.37850000e-09  2.37850000e-09  2.50000000e+00  2.50000000e+00  0.00000000e+00  2.49995652e+00  4.15924831e-07 
 2.37950000e-09  2.37950000e-09  2.50000000e+00  2.50000000e+00  0.00000000e+00  2.49995683e+00  4.11231296e-07 
 2.38050000e-09  2.38050000e-09  2.50000000e+00  2.50000000e+00  0.00000000e+00  2.49995714e+00  4.06608844e-07 
 2.38150000e-09  2.38150000e-09  2.50000000e+00  2.50000000e+00  0.00000000e+00  2.49995744e+00  4.02056124e-07 
 2.38250000e-09  2.38250000e-09  2.50000000e+00  2.50000000e+00  0.00000000e+00  2.49995774e+00  3.97571820e-07 
 2.38350000e-09  2.38350000e-09  2.50000000e+00  2.50000000e+00  0.00000000e+00  2.49995804e+00  3.93154642e-07 
 2.38450000e-09  2.38450000e-09  2.50000000e+00  2.50000000e+00  0.00000000e+00  2.49995833e+00  3.88803331e-07 
 2.38550000e-09  2.38550000e-09  2.50000000e+00  2.50000000e+00  0.00000000e+00  2.49995862e+00  3.84516656e-07 
 2.38650000e-09  2.38650000e-09  2.50000000e+00  2.50000000e+00  0.00000000e+00  2.49995891e+00  3.80293415e-07 
 2.38750000e-09  2.38750000e-09  2.50000000e+00  2.50000000e+00  0.00000000e+00  2.49995919e+00  3.76132430e-07 
 2.38850000e-09  2.38850000e-09  2.50000000e+00  2.50000000e+00  0.00000000e+00  2.49995948e+00  3.72032551e-07 
 2.38950000e-09  2.38950000e-09  2.50000000e+00  2.50000000e+00  0.00000000e+00  2.49995975e+00  3.67992653e-07 
 2.39050000e-09  2.39050000e-09  2.50000000e+00  2.50000000e+00  0.00000000e+00  2.49996003e+00  3.64011637e-07 
 2.39150000e-09  2.39150000e-09  2.50000000e+00  2.50000000e+00  0.00000000e+00  2.49996030e+00  3.60088427e-07 
 2.39250000e-09  2.39250000e-09  2.50000000e+00  2.50000000e+00  0.00000000e+00  2.49996057e+00  3.56221971e-07 
 2.39350000e-09  2.39350000e-09  2.50000000e+00  2.50000000e+00  0.00000000e+00  2.49996084e+00  3.52411239e-07 
 2.39450000e-09  2.39450000e-09  2.50000000e+00  2.50000000e+00  0.00000000e+00  2.49996111e+00  3.48655224e-07 
 2.39550000e-09  2.39550000e-09  2.50000000e+00  2.50000000e+00  0.00000000e+00  2.49996137e+00  3.44952943e-07 
 2.39650000e-09  2.39650000e-09  2.50000000e+00  2.50000000e+00  0.00000000e+00  2.49996163e+00  3.41303431e-07 
 2.39750000e-09  2.39750000e-09  2.50000000e+00  2.50000000e+00  0.00000000e+00  2.49996188e+00  3.37705745e-07 
 2.39850000e-09  2.39850000e-09  2.50000000e+00  2.50000000e+00  0.00000000e+00  2.49996214e+00  3.34158963e-07 
 2.39950000e-09  2.39950000e-09  2.50000000e+00  2.50000000e+00  0.00000000e+00  2.49996239e+00  3.30662182e-07 
 2.40050000e-09  2.40050000e-09  2.50000000e+00  2.50000000e+00  0.00000000e+00  2.49996264e+00  3.27214519e-07 
 2.40150000e-09  2.40150000e-09  2.50000000e+00  2.50000000e+00  0.00000000e+00  2.49996289e+00  3.23815108e-07 
 2.40250000e-09  2.40250000e-09  2.50000000e+00  2.50000000e+00  0.00000000e+00  2.49996313e+00  3.20463104e-07 
 2.40350000e-09  2.40350000e-09  2.50000000e+00  2.50000000e+00  0.00000000e+00  2.49996337e+00  3.17157677e-07 
 2.40450000e-09  2.40450000e-09  2.50000000e+00  2.50000000e+00  0.00000000e+00  2.49996361e+00  3.13898017e-07 
 2.40550000e-09  2.40550000e-09  2.50000000e+00  2.50000000e+00  0.00000000e+00  2.49996385e+00  3.10683328e-07 
 2.40650000e-09  2.40650000e-09  2.50000000e+00  2.50000000e+00  0.00000000e+00  2.49996408e+00  3.07512833e-07 
 2.40750000e-09  2.40750000e-09  2.50000000e+00  2.50000000e+00  0.00000000e+00  2.49996432e+00  3.04385772e-07 
 2.40850000e-09  2.40850000e-09  2.50000000e+00  2.50000000e+00  0.00000000e+00  2.49996455e+00  3.01301397e-07 
 2.40950000e-09  2.40950000e-09  2.50000000e+00  2.50000000e+00  0.00000000e+00  2.49996478e+00  2.98258979e-07 
 2.41050000e-09  2.41050000e-09  2.50000000e+00  2.50000000e+00  0.00000000e+00  2.49996500e+00  2.95257802e-07 
 2.41150000e-09  2.41150000e-09  2.50000000e+00  2.50000000e+00  0.00000000e+00  2.49996523e+00  2.92297166e-07 
 2.41250000e-09  2.41250000e-09  2.50000000e+00  2.50000000e+00  0.00000000e+00  2.49996545e+00  2.89376385e-07 
 2.41350000e-09  2.41350000e-09  2.50000000e+00  2.50000000e+00  0.00000000e+00  2.49996567e+00  2.86494785e-07 
 2.41450000e-09  2.41450000e-09  2.50000000e+00  2.50000000e+00  0.00000000e+00  2.49996588e+00  2.83651709e-07 
 2.41550000e-09  2.41550000e-09  2.50000000e+00  2.50000000e+00  0.00000000e+00  2.49996610e+00  2.80846511e-07 
 2.41650000e-09  2.41650000e-09  2.50000000e+00  2.50000000e+00  0.00000000e+00  2.49996631e+00  2.78078559e-07 
 2.41750000e-09  2.41750000e-09  2.50000000e+00  2.50000000e+00  0.00000000e+00  2.49996652e+00  2.75347232e-07 
 2.41850000e-09  2.41850000e-09  2.50000000e+00  2.50000000e+00  0.00000000e+00  2.49996673e+00  2.72651924e-07 
 2.41950000e-09  2.41950000e-09  2.50000000e+00  2.50000000e+00  0.00000000e+00  2.49996694e+00  2.69992040e-07 
 2.42050000e-09  2.42050000e-09  2.50000000e+00  2.50000000e+00  0.00000000e+00  2.49996715e+00  2.67366995e-07 
 2.42150000e-09  2.42150000e-09  2.50000000e+00  2.50000000e+00  0.00000000e+00  2.49996735e+00  2.64776219e-07 
 2.42250000e-09  2.42250000e-09  2.50000000e+00  2.50000000e+00  0.00000000e+00  2.49996755e+00  2.62219151e-07 
 2.42350000e-09  2.42350000e-09  2.50000000e+00  2.50000000e+00  0.00000000e+00  2.49996775e+00  2.59695241e-07 
 2.42450000e-09  2.42450000e-09  2.50000000e+00  2.50000000e+00  0.00000000e+00  2.49996795e+00  2.57203951e-07 
 2.42550000e-09  2.42550000e-09  2.50000000e+00  2.50000000e+00  0.00000000e+00  2.49996814e+00  2.54744752e-07 
 2.42650000e-09  2.42650000e-09  2.50000000e+00  2.50000000e+00  0.00000000e+00  2.49996834e+00  2.52317128e-07 
 2.42750000e-09  2.42750000e-09  2.50000000e+00  2.50000000e+00  0.00000000e+00  2.49996853e+00  2.49920569e-07 
 2.42850000e-09  2.42850000e-09  2.50000000e+00  2.50000000e+00  0.00000000e+00  2.49996872e+00  2.47554577e-07 
 2.42950000e-09  2.42950000e-09  2.50000000e+00  2.50000000e+00  0.00000000e+00  2.49996891e+00  2.45218666e-07 
 2.43050000e-09  2.43050000e-09  2.50000000e+00  2.50000000e+00  0.00000000e+00  2.49996910e+00  2.42912354e-07 
 2.43150000e-09  2.43150000e-09  2.50000000e+00  2.50000000e+00  0.00000000e+00  2.49996928e+00  2.40635174e-07 
 2.43250000e-09  2.43250000e-09  2.50000000e+00  2.50000000e+00  0.00000000e+00  2.49996947e+00  2.38386663e-07 
 2.43350000e-09  2.43350000e-09  2.50000000e+00  2.50000000e+00  0.00000000e+00  2.49996965e+00  2.36166369e-07 
 2.43450000e-09  2.43450000e-09  2.50000000e+00  2.50000000e+00  0.00000000e+00  2.49996983e+00  2.33973850e-07 
 2.43550000e-09  2.43550000e-09  2.50000000e+00  2.50000000e+00  0.00000000e+00  2.49997001e+00  2.31808670e-07 
 2.43650000e-09  2.43650000e-09  2.50000000e+00  2.50000000e+00  0.00000000e+00  2.49997019e+00  2.29670402e-07 
 2.43750000e-09  2.43750000e-09  2.50000000e+00  2.50000000e+00  0.00000000e+00  2.49997036e+00  2.27558627e-07 
 2.43850000e-09  2.43850000e-09  2.50000000e+00  2.50000000e+00  0.00000000e+00  2.49997054e+00  2.25472934e-07 
 2.43950000e-09  2.43950000e-09  2.50000000e+00  2.50000000e+00  0.00000000e+00  2.49997071e+00  2.23412919e-07 
 2.44050000e-09  2.44050000e-09  2.50000000e+00  2.50000000e+00  0.00000000e+00  2.49997088e+00  2.21378188e-07 
 2.44150000e-09  2.44150000e-09  2.50000000e+00  2.50000000e+00  0.00000000e+00  2.49997105e+00  2.19368350e-07 
 2.44250000e-09  2.44250000e-09  2.50000000e+00  2.50000000e+00  0.00000000e+00  2.49997122e+00  2.17383026e-07 
 2.44350000e-09  2.44350000e-09  2.50000000e+00  2.50000000e+00  0.00000000e+00  2.49997139e+00  2.15421840e-07 
 2.44450000e-09  2.44450000e-09  2.50000000e+00  2.50000000e+00  0.00000000e+00  2.49997155e+00  2.13484424e-07 
 2.44550000e-09  2.44550000e-09  2.50000000e+00  2.50000000e+00  0.00000000e+00  2.49997172e+00  2.11570419e-07 
 2.44650000e-09  2.44650000e-09  2.50000000e+00  2.50000000e+00  0.00000000e+00  2.49997188e+00  2.09679471e-07 
 2.44750000e-09  2.44750000e-09  2.50000000e+00  2.50000000e+00  0.00000000e+00  2.49997204e+00  2.07811230e-07 
 2.44850000e-09  2.44850000e-09  2.50000000e+00  2.50000000e+00  0.00000000e+00  2.49997220e+00  2.05965356e-07 
 2.44950000e-09  2.44950000e-09  2.50000000e+00  2.50000000e+00  0.00000000e+00  2.49997236e+00  2.04141514e-07 
 2.45050000e-09  2.45050000e-09  2.50000000e+00  2.50000000e+00  0.00000000e+00  2.49997251e+00  2.02339375e-07 
 2.45150000e-09  2.45150000e-09  2.50000000e+00  2.50000000e+00  0.00000000e+00  2.49997267e+00  2.00558615e-07 
 2.45250000e-09  2.45250000e-09  2.50000000e+00  2.50000000e+00  0.00000000e+00  2.49997282e+00  1.98798917e-07 
 2.45350000e-09  2.45350000e-09  2.50000000e+00  2.50000000e+00  0.00000000e+00  2.49997298e+00  1.97059968e-07 
 2.45450000e-09  2.45450000e-09  2.50000000e+00  2.50000000e+00  0.00000000e+00  2.49997313e+00  1.95341463e-07 
 2.45550000e-09  2.45550000e-09  2.50000000e+00  2.50000000e+00  0.00000000e+00  2.49997328e+00  1.93643100e-07 
 2.45650000e-09  2.45650000e-09  2.50000000e+00  2.50000000e+00  0.00000000e+00  2.49997343e+00  1.91964585e-07 
 2.45750000e-09  2.45750000e-09  2.50000000e+00  2.50000000e+00  0.00000000e+00  2.49997358e+00  1.90305627e-07 
 2.45850000e-09  2.45850000e-09  2.50000000e+00  2.50000000e+00  0.00000000e+00  2.49997372e+00  1.88665940e-07 
 2.45950000e-09  2.45950000e-09  2.50000000e+00  2.50000000e+00  0.00000000e+00  2.49997387e+00  1.87045245e-07 
 2.46050000e-09  2.46050000e-09  2.50000000e+00  2.50000000e+00  0.00000000e+00  2.49997401e+00  1.85443267e-07 
 2.46150000e-09  2.46150000e-09  2.50000000e+00  2.50000000e+00  0.00000000e+00  2.49997416e+00  1.83859733e-07 
 2.46250000e-09  2.46250000e-09  2.50000000e+00  2.50000000e+00  0.00000000e+00  2.49997430e+00  1.82294380e-07 
 2.46350000e-09  2.46350000e-09  2.50000000e+00  2.50000000e+00  0.00000000e+00  2.49997444e+00  1.80746945e-07 
 2.46450000e-09  2.46450000e-09  2.50000000e+00  2.50000000e+00  0.00000000e+00  2.49997458e+00  1.79217173e-07 
 2.46550000e-09  2.46550000e-09  2.50000000e+00  2.50000000e+00  0.00000000e+00  2.49997472e+00  1.77704810e-07 
 2.46650000e-09  2.46650000e-09  2.50000000e+00  2.50000000e+00  0.00000000e+00  2.49997486e+00  1.76209608e-07 
 2.46750000e-09  2.46750000e-09  2.50000000e+00  2.50000000e+00  0.00000000e+00  2.49997499e+00  1.74731325e-07 
 2.46850000e-09  2.46850000e-09  2.50000000e+00  2.50000000e+00  0.00000000e+00  2.49997513e+00  1.73269720e-07 
 2.46950000e-09  2.46950000e-09  2.50000000e+00  2.50000000e+00  0.00000000e+00  2.49997526e+00  1.71824558e-07 
 2.47050000e-09  2.47050000e-09  2.50000000e+00  2.50000000e+00  0.00000000e+00  2.49997539e+00  1.70395608e-07 
 2.47150000e-09  2.47150000e-09  2.50000000e+00  2.50000000e+00  0.00000000e+00  2.49997553e+00  1.68982641e-07 
 2.47250000e-09  2.47250000e-09  2.50000000e+00  2.50000000e+00  0.00000000e+00  2.49997566e+00  1.67585435e-07 
 2.47350000e-09  2.47350000e-09  2.50000000e+00  2.50000000e+00  0.00000000e+00  2.49997579e+00  1.66203769e-07 
 2.47450000e-09  2.47450000e-09  2.50000000e+00  2.50000000e+00  0.00000000e+00  2.49997591e+00  1.64837427e-07 
 2.47550000e-09  2.47550000e-09  2.50000000e+00  2.50000000e+00  0.00000000e+00  2.49997604e+00  1.63486197e-07 
 2.47650000e-09  2.47650000e-09  2.50000000e+00  2.50000000e+00  0.00000000e+00  2.49997617e+00  1.62149869e-07 
 2.47750000e-09  2.47750000e-09  2.50000000e+00  2.50000000e+00  0.00000000e+00  2.49997629e+00  1.60828237e-07 
 2.47850000e-09  2.47850000e-09  2.50000000e+00  2.50000000e+00  0.00000000e+00  2.49997642e+00  1.59521100e-07 
 2.47950000e-09  2.47950000e-09  2.50000000e+00  2.50000000e+00  0.00000000e+00  2.49997654e+00  1.58228259e-07 
 2.48050000e-09  2.48050000e-09  2.50000000e+00  2.50000000e+00  0.00000000e+00  2.49997667e+00  1.56949517e-07 
 2.48150000e-09  2.48150000e-09  2.50000000e+00  2.50000000e+00  0.00000000e+00  2.49997679e+00  1.55684683e-07 
 2.48250000e-09  2.48250000e-09  2.50000000e+00  2.50000000e+00  0.00000000e+00  2.49997691e+00  1.54433568e-07 
 2.48350000e-09  2.48350000e-09  2.50000000e+00  2.50000000e+00  0.00000000e+00  2.49997703e+00  1.53195984e-07 
 2.48450000e-09  2.48450000e-09  2.50000000e+00  2.50000000e+00  0.00000000e+00  2.49997715e+00  1.51971750e-07 
 2.48550000e-09  2.48550000e-09  2.50000000e+00  2.50000000e+00  0.00000000e+00  2.49997727e+00  1.50760684e-07 
 2.48650000e-09  2.48650000e-09  2.50000000e+00  2.50000000e+00  0.00000000e+00  2.49997738e+00  1.49562611e-07 
 2.48750000e-09  2.48750000e-09  2.50000000e+00  2.50000000e+00  0.00000000e+00  2.49997750e+00  1.48377355e-07 
 2.48850000e-09  2.48850000e-09  2.50000000e+00  2.50000000e+00  0.00000000e+00  2.49997761e+00  1.47204745e-07 
 2.48950000e-09  2.48950000e-09  2.50000000e+00  2.50000000e+00  0.00000000e+00  2.49997773e+00  1.46044612e-07 
 2.49050000e-09  2.49050000e-09  2.50000000e+00  2.50000000e+00  0.00000000e+00  2.49997784e+00  1.44896790e-07 
 2.49150000e-09  2.49150000e-09  2.50000000e+00  2.50000000e+00  0.00000000e+00  2.49997795e+00  1.43761116e-07 
 2.49250000e-09  2.49250000e-09  2.50000000e+00  2.50000000e+00  0.00000000e+00  2.49997807e+00  1.42637428e-07 
 2.49350000e-09  2.49350000e-09  2.50000000e+00  2.50000000e+00  0.00000000e+00  2.49997818e+00  1.41525570e-07 
 2.49450000e-09  2.49450000e-09  2.50000000e+00  2.50000000e+00  0.00000000e+00  2.49997829e+00  1.40425384e-07 
 2.49550000e-09  2.49550000e-09  2.50000000e+00  2.50000000e+00  0.00000000e+00  2.49997840e+00  1.39336717e-07 
 2.49650000e-09  2.49650000e-09  2.50000000e+00  2.50000000e+00  0.00000000e+00  2.49997851e+00  1.38259420e-07 
 2.49750000e-09  2.49750000e-09  2.50000000e+00  2.50000000e+00  0.00000000e+00  2.49997861e+00  1.37193343e-07 
 2.49850000e-09  2.49850000e-09  2.50000000e+00  2.50000000e+00  0.00000000e+00  2.49997872e+00  1.36138339e-07 
 2.49950000e-09  2.49950000e-09  2.50000000e+00  2.50000000e+00  0.00000000e+00  2.49997883e+00  1.35094266e-07 
 2.50050000e-09  2.50050000e-09  2.50000000e+00  2.50000000e+00  0.00000000e+00  2.49997893e+00  1.34060981e-07 
 2.50150000e-09  2.50150000e-09  2.50000000e+00  2.50000000e+00  0.00000000e+00  2.49997904e+00  1.33038346e-07 
 2.50250000e-09  2.50250000e-09  2.50000000e+00  2.50000000e+00  0.00000000e+00  2.49997914e+00  1.32026223e-07 
 2.50350000e-09  2.50350000e-09  2.50000000e+00  2.50000000e+00  0.00000000e+00  2.49997924e+00  1.31024476e-07 
 2.50450000e-09  2.50450000e-09  2.50000000e+00  2.50000000e+00  0.00000000e+00  2.49997934e+00  1.30032973e-07 
 2.50550000e-09  2.50550000e-09  2.50000000e+00  2.50000000e+00  0.00000000e+00  2.49997945e+00  1.29051583e-07 
 2.50650000e-09  2.50650000e-09  2.50000000e+00  2.50000000e+00  0.00000000e+00  2.49997955e+00  1.28080177e-07 
 2.50750000e-09  2.50750000e-09  2.50000000e+00  2.50000000e+00  0.00000000e+00  2.49997965e+00  1.27118627e-07 
 2.50850000e-09  2.50850000e-09  2.50000000e+00  2.50000000e+00  0.00000000e+00  2.49997975e+00  1.26166809e-07 
 2.50950000e-09  2.50950000e-09  2.50000000e+00  2.50000000e+00  0.00000000e+00  2.49997984e+00  1.25224599e-07 
 2.51050000e-09  2.51050000e-09  2.50000000e+00  2.50000000e+00  0.00000000e+00  2.49997994e+00  1.24291877e-07 
 2.51150000e-09  2.51150000e-09  2.50000000e+00  2.50000000e+00  0.00000000e+00  2.49998004e+00  1.23368522e-07 
 2.51250000e-09  2.51250000e-09  2.50000000e+00  2.50000000e+00  0.00000000e+00  2.49998014e+00  1.22454417e-07 
 2.51350000e-09  2.51350000e-09  2.50000000e+00  2.50000000e+00  0.00000000e+00  2.49998023e+00  1.21549447e-07 
 2.51450000e-09  2.51450000e-09  2.50000000e+00  2.50000000e+00  0.00000000e+00  2.49998033e+00  1.20653497e-07 
 2.51550000e-09  2.51550000e-09  2.50000000e+00  2.50000000e+00  0.00000000e+00  2.49998042e+00  1.19766454e-07 
 2.51650000e-09  2.51650000e-09  2.50000000e+00  2.50000000e+00  0.00000000e+00  2.49998051e+00  1.18888208e-07 
 2.51750000e-09  2.51750000e-09  2.50000000e+00  2.50000000e+00  0.00000000e+00  2.49998061e+00  1.18018650e-07 
 2.51850000e-09  2.51850000e-09  2.50000000e+00  2.50000000e+00  0.00000000e+00  2.49998070e+00  1.17157673e-07 
 2.51925000e-09  2.51925000e-09  2.50000000e+00  2.50000000e+00  0.00000000e+00  2.49998077e+00  1.16517383e-07 
 2.52000000e-09  2.52000000e-09  2.50000000e+00  2.50000000e+00  0.00000000e+00  2.49998084e+00  1.15881706e-07 
 2.52010000e-09  2.52010000e-09  2.48750000e+00  2.50000000e+00  0.00000000e+00  2.50201406e+00  1.90768943e-04 
 2.52030000e-09  2.52030000e-09  2.46250000e+00  2.50000000e+00  0.00000000e+00  2.50604078e+00  5.65211000e-04 
 2.52070000e-09  2.52070000e-09  2.41250000e+00  2.50000000e+00  0.00000000e+00  2.51387459e+00  1.27528003e-03 
 2.52150000e-09  2.52150000e-09  2.31250000e+00  2.50000000e+00  0.00000000e+00  2.52875498e+00  2.55422019e-03 
 2.52250000e-09  2.52250000e-09  2.18750000e+00  2.50000000e+00  0.00000000e+00  2.54608875e+00  3.92078858e-03 
 2.52350000e-09  2.52350000e-09  2.06250000e+00  2.50000000e+00  0.00000000e+00  2.56228041e+00  5.07082583e-03 
 2.52450000e-09  2.52450000e-09  1.93750000e+00  2.50000000e+00  0.00000000e+00  2.57758503e+00  6.04380285e-03 
 2.52550000e-09  2.52550000e-09  1.81250000e+00  2.50000000e+00  0.00000000e+00  2.59222384e+00  6.87327683e-03 
 2.52650000e-09  2.52650000e-09  1.68750000e+00  2.50000000e+00  0.00000000e+00  2.60639181e+00  7.58793255e-03 
 2.52750000e-09  2.52750000e-09  1.56250000e+00  2.50000000e+00  0.00000000e+00  2.62026392e+00  8.21245485e-03 
 2.52850000e-09  2.52850000e-09  1.43750000e+00  2.50000000e+00  0.00000000e+00  2.63400063e+00  8.76828193e-03 
 2.52950000e-09  2.52950000e-09  1.31250000e+00  2.50000000e+00  0.00000000e+00  2.64775288e+00  9.27426569e-03 
 2.53050000e-09  2.53050000e-09  1.18750000e+00  2.50000000e+00  0.00000000e+00  2.66166693e+00  9.74727864e-03 
 2.53150000e-09  2.53150000e-09  1.06250000e+00  2.50000000e+00  0.00000000e+00  2.67590463e+00  1.02041641e-02 
 2.53250000e-09  2.53250000e-09  9.37500000e-01  2.50000000e+00  0.00000000e+00  2.69065897e+00  1.06630931e-02 
 2.53350000e-09  2.53350000e-09  8.12500000e-01  2.50000000e+00  0.00000000e+00  2.70612981e+00  1.11411965e-02 
 2.53450000e-09  2.53450000e-09  6.87500000e-01  2.50000000e+00  0.00000000e+00  2.72253200e+00  1.16553315e-02 
 2.53550000e-09  2.53550000e-09  5.62500000e-01  2.50000000e+00  0.00000000e+00  2.74014495e+00  1.22264989e-02 
 2.53650000e-09  2.53650000e-09  4.37500000e-01  2.50000000e+00  0.00000000e+00  2.75934195e+00  1.28820168e-02 
 2.53750000e-09  2.53750000e-09  3.12500000e-01  2.50000000e+00  0.00000000e+00  2.78021383e+00  1.36209149e-02 
 2.53850000e-09  2.53850000e-09  1.87500000e-01  2.50000000e+00  0.00000000e+00  2.80223487e+00  1.43864829e-02 
 2.53925000e-09  2.53925000e-09  9.37500000e-02  2.50000000e+00  0.00000000e+00  2.81914653e+00  1.49430838e-02 
 2.54000000e-09  2.54000000e-09  0.00000000e+00  2.50000000e+00  0.00000000e+00  2.83621378e+00  1.54683109e-02 
 2.54010000e-09  2.54010000e-09  0.00000000e+00  2.50000000e+00  0.00000000e+00  2.83619786e+00  1.53202631e-02 
 2.54030000e-09  2.54030000e-09  0.00000000e+00  2.50000000e+00  0.00000000e+00  2.83616612e+00  1.50269770e-02 
 2.54070000e-09  2.54070000e-09  0.00000000e+00  2.50000000e+00  0.00000000e+00  2.83610304e+00  1.44569373e-02 
 2.54150000e-09  2.54150000e-09  0.00000000e+00  2.50000000e+00  0.00000000e+00  2.83597773e+00  1.33798774e-02 
 2.54250000e-09  2.54250000e-09  0.00000000e+00  2.50000000e+00  0.00000000e+00  2.83582101e+00  1.21440490e-02 
 2.54350000e-09  2.54350000e-09  0.00000000e+00  2.50000000e+00  0.00000000e+00  2.83566270e+00  1.10208083e-02 
 2.54450000e-09  2.54450000e-09  0.00000000e+00  2.50000000e+00  0.00000000e+00  2.83550192e+00  9.99983163e-03 
 2.54550000e-09  2.54550000e-09  0.00000000e+00  2.50000000e+00  0.00000000e+00  2.83533836e+00  9.07178264e-03 
 2.54650000e-09  2.54650000e-09  0.00000000e+00  2.50000000e+00  0.00000000e+00  2.83517212e+00  8.22820436e-03 
 2.54750000e-09  2.54750000e-09  0.00000000e+00  2.50000000e+00  0.00000000e+00  2.83500348e+00  7.46142722e-03 
 2.54850000e-09  2.54850000e-09  0.00000000e+00  2.50000000e+00  0.00000000e+00  2.83483290e+00  6.76448944e-03 
 2.54950000e-09  2.54950000e-09  0.00000000e+00  2.50000000e+00  0.00000000e+00  2.83466088e+00  6.13106740e-03 
 2.55050000e-09  2.55050000e-09  0.00000000e+00  2.50000000e+00  0.00000000e+00  2.83448793e+00  5.55541414e-03 
 2.55150000e-09  2.55150000e-09  0.00000000e+00  2.50000000e+00  0.00000000e+00  2.83431458e+00  5.03230468e-03 
 2.55250000e-09  2.55250000e-09  0.00000000e+00  2.50000000e+00  0.00000000e+00  2.83414130e+00  4.55698722e-03 
 2.55350000e-09  2.55350000e-09  0.00000000e+00  2.50000000e+00  0.00000000e+00  2.83396856e+00  4.12513935e-03 
 2.55450000e-09  2.55450000e-09  0.00000000e+00  2.50000000e+00  0.00000000e+00  2.83379676e+00  3.73282861e-03 
 2.55550000e-09  2.55550000e-09  0.00000000e+00  2.50000000e+00  0.00000000e+00  2.83362627e+00  3.37647694e-03 
 2.55650000e-09  2.55650000e-09  0.00000000e+00  2.50000000e+00  0.00000000e+00  2.83345740e+00  3.05282850e-03 
 2.55750000e-09  2.55750000e-09  0.00000000e+00  2.50000000e+00  0.00000000e+00  2.83329043e+00  2.75892054e-03 
 2.55850000e-09  2.55850000e-09  0.00000000e+00  2.50000000e+00  0.00000000e+00  2.83312558e+00  2.49205662e-03 
 2.55950000e-09  2.55950000e-09  0.00000000e+00  2.50000000e+00  0.00000000e+00  2.83296305e+00  2.24978277e-03 
 2.56050000e-09  2.56050000e-09  0.00000000e+00  2.50000000e+00  0.00000000e+00  2.83280299e+00  2.02986644e-03 
 2.56150000e-09  2.56150000e-09  0.00000000e+00  2.50000000e+00  0.00000000e+00  2.83264553e+00  1.83027652e-03 
 2.56250000e-09  2.56250000e-09  0.00000000e+00  2.50000000e+00  0.00000000e+00  2.83249078e+00  1.64916493e-03 
 2.56350000e-09  2.56350000e-09  0.00000000e+00  2.50000000e+00  0.00000000e+00  2.83233881e+00  1.48485020e-03 
 2.56450000e-09  2.56450000e-09  0.00000000e+00  2.50000000e+00  0.00000000e+00  2.83218969e+00  1.33580251e-03 
 2.56550000e-09  2.56550000e-09  0.00000000e+00  2.50000000e+00  0.00000000e+00  2.83204345e+00  1.20063014e-03 
 2.56650000e-09  2.56650000e-09  0.00000000e+00  2.50000000e+00  0.00000000e+00  2.83190011e+00  1.07806707e-03 
 2.56750000e-09  2.56750000e-09  0.00000000e+00  2.50000000e+00  0.00000000e+00  2.83175967e+00  9.66961688e-04 
 2.56850000e-09  2.56850000e-09  0.00000000e+00  2.50000000e+00  0.00000000e+00  2.83162215e+00  8.66266562e-04 
 2.56950000e-09  2.56950000e-09  0.00000000e+00  2.50000000e+00  0.00000000e+00  2.83148751e+00  7.75029046e-04 
 2.57050000e-09  2.57050000e-09  0.00000000e+00  2.50000000e+00  0.00000000e+00  2.83135573e+00  6.92382786e-04 
 2.57150000e-09  2.57150000e-09  0.00000000e+00  2.50000000e+00  0.00000000e+00  2.83122679e+00  6.17539955e-04 
 2.57250000e-09  2.57250000e-09  0.00000000e+00  2.50000000e+00  0.00000000e+00  2.83110065e+00  5.49784189e-04 
 2.57350000e-09  2.57350000e-09  0.00000000e+00  2.50000000e+00  0.00000000e+00  2.83097725e+00  4.88464154e-04 
 2.57450000e-09  2.57450000e-09  0.00000000e+00  2.50000000e+00  0.00000000e+00  2.83085657e+00  4.32987685e-04 
 2.57550000e-09  2.57550000e-09  0.00000000e+00  2.50000000e+00  0.00000000e+00  2.83073854e+00  3.82816452e-04 
 2.57650000e-09  2.57650000e-09  0.00000000e+00  2.50000000e+00  0.00000000e+00  2.83062311e+00  3.37461104e-04 
 2.57750000e-09  2.57750000e-09  0.00000000e+00  2.50000000e+00  0.00000000e+00  2.83051024e+00  2.96476845e-04 
 2.57850000e-09  2.57850000e-09  0.00000000e+00  2.50000000e+00  0.00000000e+00  2.83039986e+00  2.59459409e-04 
 2.57950000e-09  2.57950000e-09  0.00000000e+00  2.50000000e+00  0.00000000e+00  2.83029193e+00  2.26041395e-04 
 2.58050000e-09  2.58050000e-09  0.00000000e+00  2.50000000e+00  0.00000000e+00  2.83018637e+00  1.95888931e-04 
 2.58150000e-09  2.58150000e-09  0.00000000e+00  2.50000000e+00  0.00000000e+00  2.83008314e+00  1.68698642e-04 
 2.58250000e-09  2.58250000e-09  0.00000000e+00  2.50000000e+00  0.00000000e+00  2.82998218e+00  1.44194879e-04 
 2.58350000e-09  2.58350000e-09  0.00000000e+00  2.50000000e+00  0.00000000e+00  2.82988343e+00  1.22127212e-04 
 2.58450000e-09  2.58450000e-09  0.00000000e+00  2.50000000e+00  0.00000000e+00  2.82978683e+00  1.02268142e-04 
 2.58550000e-09  2.58550000e-09  0.00000000e+00  2.50000000e+00  0.00000000e+00  2.82969234e+00  8.44110149e-05 
 2.58650000e-09  2.58650000e-09  0.00000000e+00  2.50000000e+00  0.00000000e+00  2.82959990e+00  6.83681304e-05 
 2.58750000e-09  2.58750000e-09  0.00000000e+00  2.50000000e+00  0.00000000e+00  2.82950944e+00  5.39690196e-05 
 2.58850000e-09  2.58850000e-09  0.00000000e+00  2.50000000e+00  0.00000000e+00  2.82942093e+00  4.10588770e-05 
 2.58950000e-09  2.58950000e-09  0.00000000e+00  2.50000000e+00  0.00000000e+00  2.82933431e+00  2.94971349e-05 
 2.59050000e-09  2.59050000e-09  0.00000000e+00  2.50000000e+00  0.00000000e+00  2.82924952e+00  1.91561668e-05 
 2.59150000e-09  2.59150000e-09  0.00000000e+00  2.50000000e+00  0.00000000e+00  2.82916653e+00  9.92010788e-06 
 2.59250000e-09  2.59250000e-09  0.00000000e+00  2.50000000e+00  0.00000000e+00  2.82908527e+00  1.68378296e-06 
 2.59350000e-09  2.59350000e-09  0.00000000e+00  2.50000000e+00  0.00000000e+00  2.82900572e+00 -5.64826900e-06 
 2.59450000e-09  2.59450000e-09  0.00000000e+00  2.50000000e+00  0.00000000e+00  2.82892781e+00 -1.21626810e-05 
 2.59550000e-09  2.59550000e-09  0.00000000e+00  2.50000000e+00  0.00000000e+00  2.82885151e+00 -1.79380655e-05 
 2.59650000e-09  2.59650000e-09  0.00000000e+00  2.50000000e+00  0.00000000e+00  2.82877676e+00 -2.30457480e-05 
 2.59750000e-09  2.59750000e-09  0.00000000e+00  2.50000000e+00  0.00000000e+00  2.82870354e+00 -2.75504341e-05 
 2.59850000e-09  2.59850000e-09  0.00000000e+00  2.50000000e+00  0.00000000e+00  2.82863180e+00 -3.15108152e-05 
 2.59925000e-09  2.59925000e-09  0.00000000e+00  2.50000000e+00  0.00000000e+00  2.82857895e+00 -3.41548248e-05 
 2.60000000e-09  2.60000000e-09  0.00000000e+00  2.50000000e+00  0.00000000e+00  2.82852688e+00 -3.65434889e-05 
 2.60010000e-09  2.60010000e-09  0.00000000e+00  2.50000000e+00  1.25000000e-02  2.82852067e+00 -3.67792189e-05 
 2.60030000e-09  2.60030000e-09  0.00000000e+00  2.50000000e+00  3.75000000e-02  2.82850949e+00 -3.71298027e-05 
 2.60070000e-09  2.60070000e-09  0.00000000e+00  2.50000000e+00  8.75000000e-02  2.82849368e+00 -3.72038498e-05 
 2.60150000e-09  2.60150000e-09  0.00000000e+00  2.50000000e+00  1.87500000e-01  2.82847981e+00 -3.57278170e-05 
 2.60250000e-09  2.60250000e-09  0.00000000e+00  2.50000000e+00  3.12500000e-01  2.82847723e+00 -3.27018830e-05 
 2.60350000e-09  2.60350000e-09  0.00000000e+00  2.50000000e+00  4.37500000e-01  2.82847738e+00 -2.97063231e-05 
 2.60450000e-09  2.60450000e-09  0.00000000e+00  2.50000000e+00  5.62500000e-01  2.82847749e+00 -2.69864860e-05 
 2.60550000e-09  2.60550000e-09  0.00000000e+00  2.50000000e+00  6.87500000e-01  2.82847758e+00 -2.45169926e-05 
 2.60650000e-09  2.60650000e-09  0.00000000e+00  2.50000000e+00  8.12500000e-01  2.82847765e+00 -2.22748000e-05 
 2.60750000e-09  2.60750000e-09  0.00000000e+00  2.50000000e+00  9.37500000e-01  2.82847770e+00 -2.02389864e-05 
 2.60850000e-09  2.60850000e-09  0.00000000e+00  2.50000000e+00  1.06250000e+00  2.82847773e+00 -1.83905556e-05 
 2.60950000e-09  2.60950000e-09  0.00000000e+00  2.50000000e+00  1.18750000e+00  2.82847774e+00 -1.67122601e-05 
 2.61050000e-09  2.61050000e-09  0.00000000e+00  2.50000000e+00  1.31250000e+00  2.82847773e+00 -1.51884399e-05 
 2.61150000e-09  2.61150000e-09  0.00000000e+00  2.50000000e+00  1.43750000e+00  2.82847772e+00 -1.38048765e-05 
 2.61250000e-09  2.61250000e-09  0.00000000e+00  2.50000000e+00  1.56250000e+00  2.82847768e+00 -1.25486602e-05 
 2.61350000e-09  2.61350000e-09  0.00000000e+00  2.50000000e+00  1.68750000e+00  2.82847764e+00 -1.14080695e-05 
 2.61450000e-09  2.61450000e-09  0.00000000e+00  2.50000000e+00  1.81250000e+00  2.82847759e+00 -1.03724617e-05 
 2.61550000e-09  2.61550000e-09  0.00000000e+00  2.50000000e+00  1.93750000e+00  2.82847752e+00 -9.43217388e-06 
 2.61650000e-09  2.61650000e-09  0.00000000e+00  2.50000000e+00  2.06250000e+00  2.82847745e+00 -8.57843246e-06 
 2.61750000e-09  2.61750000e-09  0.00000000e+00  2.50000000e+00  2.18750000e+00  2.82847737e+00 -7.80327144e-06 
 2.61850000e-09  2.61850000e-09  0.00000000e+00  2.50000000e+00  2.31250000e+00  2.82847728e+00 -7.09945806e-06 
 2.61925000e-09  2.61925000e-09  0.00000000e+00  2.50000000e+00  2.40625000e+00  2.82847721e+00 -6.61460508e-06 
 2.62000000e-09  2.62000000e-09  0.00000000e+00  2.50000000e+00  2.50000000e+00  2.82847714e+00 -6.16361189e-06 
 2.62010000e-09  2.62010000e-09  0.00000000e+00  2.50000000e+00  2.50000000e+00  2.82847713e+00 -6.10620894e-06 
 2.62030000e-09  2.62030000e-09  0.00000000e+00  2.50000000e+00  2.50000000e+00  2.82847711e+00 -5.99250015e-06 
 2.62070000e-09  2.62070000e-09  0.00000000e+00  2.50000000e+00  2.50000000e+00  2.82847706e+00 -5.77154048e-06 
 2.62150000e-09  2.62150000e-09  0.00000000e+00  2.50000000e+00  2.50000000e+00  2.82847698e+00 -5.35425298e-06 
 2.62250000e-09  2.62250000e-09  0.00000000e+00  2.50000000e+00  2.50000000e+00  2.82847687e+00 -4.87585263e-06 
 2.62350000e-09  2.62350000e-09  0.00000000e+00  2.50000000e+00  2.50000000e+00  2.82847675e+00 -4.44148523e-06 
 2.62450000e-09  2.62450000e-09  0.00000000e+00  2.50000000e+00  2.50000000e+00  2.82847663e+00 -4.04709789e-06 
 2.62550000e-09  2.62550000e-09  0.00000000e+00  2.50000000e+00  2.50000000e+00  2.82847651e+00 -3.68901073e-06 
 2.62650000e-09  2.62650000e-09  0.00000000e+00  2.50000000e+00  2.50000000e+00  2.82847638e+00 -3.36388260e-06 
 2.62750000e-09  2.62750000e-09  0.00000000e+00  2.50000000e+00  2.50000000e+00  2.82847625e+00 -3.06867987e-06 
 2.62850000e-09  2.62850000e-09  0.00000000e+00  2.50000000e+00  2.50000000e+00  2.82847612e+00 -2.80064813e-06 
 2.62950000e-09  2.62950000e-09  0.00000000e+00  2.50000000e+00  2.50000000e+00  2.82847599e+00 -2.55728650e-06 
 2.63050000e-09  2.63050000e-09  0.00000000e+00  2.50000000e+00  2.50000000e+00  2.82847585e+00 -2.33632430e-06 
 2.63150000e-09  2.63150000e-09  0.00000000e+00  2.50000000e+00  2.50000000e+00  2.82847571e+00 -2.13569981e-06 
 2.63250000e-09  2.63250000e-09  0.00000000e+00  2.50000000e+00  2.50000000e+00  2.82847557e+00 -1.95354113e-06 
 2.63350000e-09  2.63350000e-09  0.00000000e+00  2.50000000e+00  2.50000000e+00  2.82847543e+00 -1.78814861e-06 
 2.63450000e-09  2.63450000e-09  0.00000000e+00  2.50000000e+00  2.50000000e+00  2.82847528e+00 -1.63797906e-06 
 2.63550000e-09  2.63550000e-09  0.00000000e+00  2.50000000e+00  2.50000000e+00  2.82847514e+00 -1.50163132e-06 
 2.63650000e-09  2.63650000e-09  0.00000000e+00  2.50000000e+00  2.50000000e+00  2.82847499e+00 -1.37783321e-06 
 2.63750000e-09  2.63750000e-09  0.00000000e+00  2.50000000e+00  2.50000000e+00  2.82847484e+00 -1.26542964e-06 
 2.63850000e-09  2.63850000e-09  0.00000000e+00  2.50000000e+00  2.50000000e+00  2.82847469e+00 -1.16337182e-06 
 2.63950000e-09  2.63950000e-09  0.00000000e+00  2.50000000e+00  2.50000000e+00  2.82847454e+00 -1.07070751e-06 
 2.64050000e-09  2.64050000e-09  0.00000000e+00  2.50000000e+00  2.50000000e+00  2.82847439e+00 -9.86572113e-07 
 2.64150000e-09  2.64150000e-09  0.00000000e+00  2.50000000e+00  2.50000000e+00  2.82847424e+00 -9.10180613e-07 
 2.64250000e-09  2.64250000e-09  0.00000000e+00  2.50000000e+00  2.50000000e+00  2.82847409e+00 -8.40820244e-07 
 2.64350000e-09  2.64350000e-09  0.00000000e+00  2.50000000e+00  2.50000000e+00  2.82847393e+00 -7.77843847e-07 
 2.64450000e-09  2.64450000e-09  0.00000000e+00  2.50000000e+00  2.50000000e+00  2.82847378e+00 -7.20663828e-07 
 2.64550000e-09  2.64550000e-09  0.00000000e+00  2.50000000e+00  2.50000000e+00  2.82847363e+00 -6.68746678e-07 
 2.64650000e-09  2.64650000e-09  0.00000000e+00  2.50000000e+00  2.50000000e+00  2.82847347e+00 -6.21607992e-07 
 2.64750000e-09  2.64750000e-09  0.00000000e+00  2.50000000e+00  2.50000000e+00  2.82847332e+00 -5.78807951e-07 
 2.64850000e-09  2.64850000e-09  0.00000000e+00  2.50000000e+00  2.50000000e+00  2.82847316e+00 -5.39947216e-07 
 2.64950000e-09  2.64950000e-09  0.00000000e+00  2.50000000e+00  2.50000000e+00  2.82847301e+00 -5.04663209e-07 
 2.65050000e-09  2.65050000e-09  0.00000000e+00  2.50000000e+00  2.50000000e+00  2.82847285e+00 -4.72626718e-07 
 2.65150000e-09  2.65150000e-09  0.00000000e+00  2.50000000e+00  2.50000000e+00  2.82847269e+00 -4.43538837e-07 
 2.65250000e-09  2.65250000e-09  0.00000000e+00  2.50000000e+00  2.50000000e+00  2.82847254e+00 -4.17128170e-07 
 2.65350000e-09  2.65350000e-09  0.00000000e+00  2.50000000e+00  2.50000000e+00  2.82847238e+00 -3.93148302e-07 
 2.65450000e-09  2.65450000e-09  0.00000000e+00  2.50000000e+00  2.50000000e+00  2.82847222e+00 -3.71375496e-07 
 2.65550000e-09  2.65550000e-09  0.00000000e+00  2.50000000e+00  2.50000000e+00  2.82847206e+00 -3.51606612e-07 
 2.65650000e-09  2.65650000e-09  0.00000000e+00  2.50000000e+00  2.50000000e+00  2.82847191e+00 -3.33657203e-07 
 2.65750000e-09  2.65750000e-09  0.00000000e+00  2.50000000e+00  2.50000000e+00  2.82847175e+00 -3.17359803e-07 
 2.65850000e-09  2.65850000e-09  0.00000000e+00  2.50000000e+00  2.50000000e+00  2.82847159e+00 -3.02562358e-07 
 2.65950000e-09  2.65950000e-09  0.00000000e+00  2.50000000e+00  2.50000000e+00  2.82847143e+00 -2.89126808e-07 
 2.66050000e-09  2.66050000e-09  0.00000000e+00  2.50000000e+00  2.50000000e+00  2.82847127e+00 -2.76927803e-07 
 2.66150000e-09  2.66150000e-09  0.00000000e+00  2.50000000e+00  2.50000000e+00  2.82847112e+00 -2.65851528e-07 
 2.66250000e-09  2.66250000e-09  0.00000000e+00  2.50000000e+00  2.50000000e+00  2.82847096e+00 -2.55794646e-07 
 2.66350000e-09  2.66350000e-09  0.00000000e+00  2.50000000e+00  2.50000000e+00  2.82847080e+00 -2.46663330e-07 
 2.66450000e-09  2.66450000e-09  0.00000000e+00  2.50000000e+00  2.50000000e+00  2.82847064e+00 -2.38372388e-07 
 2.66550000e-09  2.66550000e-09  0.00000000e+00  2.50000000e+00  2.50000000e+00  2.82847048e+00 -2.30844472e-07 
 2.66650000e-09  2.66650000e-09  0.00000000e+00  2.50000000e+00  2.50000000e+00  2.82847032e+00 -2.24009351e-07 
 2.66750000e-09  2.66750000e-09  0.00000000e+00  2.50000000e+00  2.50000000e+00  2.82847016e+00 -2.17803260e-07 
 2.66850000e-09  2.66850000e-09  0.00000000e+00  2.50000000e+00  2.50000000e+00  2.82847001e+00 -2.12168300e-07 
 2.66950000e-09  2.66950000e-09  0.00000000e+00  2.50000000e+00  2.50000000e+00  2.82846985e+00 -2.07051905e-07 
 2.67050000e-09  2.67050000e-09  0.00000000e+00  2.50000000e+00  2.50000000e+00  2.82846969e+00 -2.02406345e-07 
 2.67150000e-09  2.67150000e-09  0.00000000e+00  2.50000000e+00  2.50000000e+00  2.82846953e+00 -1.98188282e-07 
 2.67250000e-09  2.67250000e-09  0.00000000e+00  2.50000000e+00  2.50000000e+00  2.82846937e+00 -1.94358370e-07 
 2.67350000e-09  2.67350000e-09  0.00000000e+00  2.50000000e+00  2.50000000e+00  2.82846921e+00 -1.90880882e-07 
 2.67450000e-09  2.67450000e-09  0.00000000e+00  2.50000000e+00  2.50000000e+00  2.82846905e+00 -1.87723382e-07 
 2.67550000e-09  2.67550000e-09  0.00000000e+00  2.50000000e+00  2.50000000e+00  2.82846889e+00 -1.84856415e-07 
 2.67650000e-09  2.67650000e-09  0.00000000e+00  2.50000000e+00  2.50000000e+00  2.82846873e+00 -1.82253242e-07 
 2.67750000e-09  2.67750000e-09  0.00000000e+00  2.50000000e+00  2.50000000e+00  2.82846857e+00 -1.79889582e-07 
 2.67850000e-09  2.67850000e-09  0.00000000e+00  2.50000000e+00  2.50000000e+00  2.82846841e+00 -1.77743390e-07 
 2.67950000e-09  2.67950000e-09  0.00000000e+00  2.50000000e+00  2.50000000e+00  2.82846825e+00 -1.75794650e-07 
 2.68050000e-09  2.68050000e-09  0.00000000e+00  2.50000000e+00  2.50000000e+00  2.82846810e+00 -1.74025188e-07 
 2.68150000e-09  2.68150000e-09  0.00000000e+00  2.50000000e+00  2.50000000e+00  2.82846794e+00 -1.72418503e-07 
 2.68250000e-09  2.68250000e-09  0.00000000e+00  2.50000000e+00  2.50000000e+00  2.82846778e+00 -1.70959613e-07 
 2.68350000e-09  2.68350000e-09  0.00000000e+00  2.50000000e+00  2.50000000e+00  2.82846762e+00 -1.69634915e-07 
 2.68450000e-09  2.68450000e-09  0.00000000e+00  2.50000000e+00  2.50000000e+00  2.82846746e+00 -1.68432057e-07 
 2.68550000e-09  2.68550000e-09  0.00000000e+00  2.50000000e+00  2.50000000e+00  2.82846730e+00 -1.67339825e-07 
 2.68650000e-09  2.68650000e-09  0.00000000e+00  2.50000000e+00  2.50000000e+00  2.82846714e+00 -1.66348036e-07 
 2.68750000e-09  2.68750000e-09  0.00000000e+00  2.50000000e+00  2.50000000e+00  2.82846698e+00 -1.65447447e-07 
 2.68850000e-09  2.68850000e-09  0.00000000e+00  2.50000000e+00  2.50000000e+00  2.82846682e+00 -1.64629662e-07 
 2.68950000e-09  2.68950000e-09  0.00000000e+00  2.50000000e+00  2.50000000e+00  2.82846666e+00 -1.63887060e-07 
 2.69050000e-09  2.69050000e-09  0.00000000e+00  2.50000000e+00  2.50000000e+00  2.82846650e+00 -1.63212721e-07 
 2.69150000e-09  2.69150000e-09  0.00000000e+00  2.50000000e+00  2.50000000e+00  2.82846634e+00 -1.62600362e-07 
 2.69250000e-09  2.69250000e-09  0.00000000e+00  2.50000000e+00  2.50000000e+00  2.82846618e+00 -1.62044279e-07 
 2.69350000e-09  2.69350000e-09  0.00000000e+00  2.50000000e+00  2.50000000e+00  2.82846602e+00 -1.61539291e-07 
 2.69450000e-09  2.69450000e-09  0.00000000e+00  2.50000000e+00  2.50000000e+00  2.82846586e+00 -1.61080697e-07 
 2.69550000e-09  2.69550000e-09  0.00000000e+00  2.50000000e+00  2.50000000e+00  2.82846571e+00 -1.60664225e-07 
 2.69650000e-09  2.69650000e-09  0.00000000e+00  2.50000000e+00  2.50000000e+00  2.82846555e+00 -1.60285998e-07 
 2.69750000e-09  2.69750000e-09  0.00000000e+00  2.50000000e+00  2.50000000e+00  2.82846539e+00 -1.59942497e-07 
 2.69850000e-09  2.69850000e-09  0.00000000e+00  2.50000000e+00  2.50000000e+00  2.82846523e+00 -1.59630525e-07 
 2.69950000e-09  2.69950000e-09  0.00000000e+00  2.50000000e+00  2.50000000e+00  2.82846507e+00 -1.59347181e-07 
 2.70050000e-09  2.70050000e-09  0.00000000e+00  2.50000000e+00  2.50000000e+00  2.82846491e+00 -1.59089829e-07 
 2.70150000e-09  2.70150000e-09  0.00000000e+00  2.50000000e+00  2.50000000e+00  2.82846475e+00 -1.58856077e-07 
 2.70250000e-09  2.70250000e-09  0.00000000e+00  2.50000000e+00  2.50000000e+00  2.82846459e+00 -1.58643753e-07 
 2.70350000e-09  2.70350000e-09  0.00000000e+00  2.50000000e+00  2.50000000e+00  2.82846443e+00 -1.58450885e-07 
 2.70450000e-09  2.70450000e-09  0.00000000e+00  2.50000000e+00  2.50000000e+00  2.82846427e+00 -1.58275681e-07 
 2.70550000e-09  2.70550000e-09  0.00000000e+00  2.50000000e+00  2.50000000e+00  2.82846411e+00 -1.58116516e-07 
 2.70650000e-09  2.70650000e-09  0.00000000e+00  2.50000000e+00  2.50000000e+00  2.82846395e+00 -1.57971914e-07 
 2.70750000e-09  2.70750000e-09  0.00000000e+00  2.50000000e+00  2.50000000e+00  2.82846379e+00 -1.57840534e-07 
 2.70850000e-09  2.70850000e-09  0.00000000e+00  2.50000000e+00  2.50000000e+00  2.82846363e+00 -1.57721160e-07 
 2.70950000e-09  2.70950000e-09  0.00000000e+00  2.50000000e+00  2.50000000e+00  2.82846347e+00 -1.57612686e-07 
 2.71050000e-09  2.71050000e-09  0.00000000e+00  2.50000000e+00  2.50000000e+00  2.82846331e+00 -1.57514109e-07 
 2.71150000e-09  2.71150000e-09  0.00000000e+00  2.50000000e+00  2.50000000e+00  2.82846315e+00 -1.57424518e-07 
 2.71250000e-09  2.71250000e-09  0.00000000e+00  2.50000000e+00  2.50000000e+00  2.82846300e+00 -1.57343086e-07 
 2.71350000e-09  2.71350000e-09  0.00000000e+00  2.50000000e+00  2.50000000e+00  2.82846284e+00 -1.57269062e-07 
 2.71450000e-09  2.71450000e-09  0.00000000e+00  2.50000000e+00  2.50000000e+00  2.82846268e+00 -1.57201765e-07 
 2.71550000e-09  2.71550000e-09  0.00000000e+00  2.50000000e+00  2.50000000e+00  2.82846252e+00 -1.57140574e-07 
 2.71650000e-09  2.71650000e-09  0.00000000e+00  2.50000000e+00  2.50000000e+00  2.82846236e+00 -1.57084929e-07 
 2.71750000e-09  2.71750000e-09  0.00000000e+00  2.50000000e+00  2.50000000e+00  2.82846220e+00 -1.57034318e-07 
 2.71850000e-09  2.71850000e-09  0.00000000e+00  2.50000000e+00  2.50000000e+00  2.82846204e+00 -1.56988279e-07 
 2.71950000e-09  2.71950000e-09  0.00000000e+00  2.50000000e+00  2.50000000e+00  2.82846188e+00 -1.56946390e-07 
 2.72050000e-09  2.72050000e-09  0.00000000e+00  2.50000000e+00  2.50000000e+00  2.82846172e+00 -1.56908269e-07 
 2.72150000e-09  2.72150000e-09  0.00000000e+00  2.50000000e+00  2.50000000e+00  2.82846156e+00 -1.56873570e-07 
 2.72250000e-09  2.72250000e-09  0.00000000e+00  2.50000000e+00  2.50000000e+00  2.82846140e+00 -1.56841978e-07 
 2.72350000e-09  2.72350000e-09  0.00000000e+00  2.50000000e+00  2.50000000e+00  2.82846124e+00 -1.56813207e-07 
 2.72450000e-09  2.72450000e-09  0.00000000e+00  2.50000000e+00  2.50000000e+00  2.82846108e+00 -1.56786997e-07 
 2.72550000e-09  2.72550000e-09  0.00000000e+00  2.50000000e+00  2.50000000e+00  2.82846092e+00 -1.56763112e-07 
 2.72650000e-09  2.72650000e-09  0.00000000e+00  2.50000000e+00  2.50000000e+00  2.82846076e+00 -1.56741338e-07 
 2.72750000e-09  2.72750000e-09  0.00000000e+00  2.50000000e+00  2.50000000e+00  2.82846060e+00 -1.56721482e-07 
 2.72850000e-09  2.72850000e-09  0.00000000e+00  2.50000000e+00  2.50000000e+00  2.82846044e+00 -1.56703366e-07 
 2.72950000e-09  2.72950000e-09  0.00000000e+00  2.50000000e+00  2.50000000e+00  2.82846029e+00 -1.56686830e-07 
 2.73050000e-09  2.73050000e-09  0.00000000e+00  2.50000000e+00  2.50000000e+00  2.82846013e+00 -1.56671730e-07 
 2.73150000e-09  2.73150000e-09  0.00000000e+00  2.50000000e+00  2.50000000e+00  2.82845997e+00 -1.56657932e-07 
 2.73250000e-09  2.73250000e-09  0.00000000e+00  2.50000000e+00  2.50000000e+00  2.82845981e+00 -1.56645317e-07 
 2.73350000e-09  2.73350000e-09  0.00000000e+00  2.50000000e+00  2.50000000e+00  2.82845965e+00 -1.56633777e-07 
 2.73450000e-09  2.73450000e-09  0.00000000e+00  2.50000000e+00  2.50000000e+00  2.82845949e+00 -1.56623211e-07 
 2.73550000e-09  2.73550000e-09  0.00000000e+00  2.50000000e+00  2.50000000e+00  2.82845933e+00 -1.56613531e-07 
 2.73650000e-09  2.73650000e-09  0.00000000e+00  2.50000000e+00  2.50000000e+00  2.82845917e+00 -1.56604655e-07 
 2.73750000e-09  2.73750000e-09  0.00000000e+00  2.50000000e+00  2.50000000e+00  2.82845901e+00 -1.56596509e-07 
 2.73850000e-09  2.73850000e-09  0.00000000e+00  2.50000000e+00  2.50000000e+00  2.82845885e+00 -1.56589025e-07 
 2.73950000e-09  2.73950000e-09  0.00000000e+00  2.50000000e+00  2.50000000e+00  2.82845869e+00 -1.56582144e-07 
 2.74050000e-09  2.74050000e-09  0.00000000e+00  2.50000000e+00  2.50000000e+00  2.82845853e+00 -1.56575809e-07 
 2.74150000e-09  2.74150000e-09  0.00000000e+00  2.50000000e+00  2.50000000e+00  2.82845837e+00 -1.56569970e-07 
 2.74250000e-09  2.74250000e-09  0.00000000e+00  2.50000000e+00  2.50000000e+00  2.82845821e+00 -1.56564581e-07 
 2.74350000e-09  2.74350000e-09  0.00000000e+00  2.50000000e+00  2.50000000e+00  2.82845805e+00 -1.56559601e-07 
 2.74450000e-09  2.74450000e-09  0.00000000e+00  2.50000000e+00  2.50000000e+00  2.82845789e+00 -1.56554993e-07 
 2.74550000e-09  2.74550000e-09  0.00000000e+00  2.50000000e+00  2.50000000e+00  2.82845774e+00 -1.56550721e-07 
 2.74650000e-09  2.74650000e-09  0.00000000e+00  2.50000000e+00  2.50000000e+00  2.82845758e+00 -1.56546756e-07 
 2.74750000e-09  2.74750000e-09  0.00000000e+00  2.50000000e+00  2.50000000e+00  2.82845742e+00 -1.56543069e-07 
 2.74850000e-09  2.74850000e-09  0.00000000e+00  2.50000000e+00  2.50000000e+00  2.82845726e+00 -1.56539634e-07 
 2.74950000e-09  2.74950000e-09  0.00000000e+00  2.50000000e+00  2.50000000e+00  2.82845710e+00 -1.56536428e-07 
 2.75050000e-09  2.75050000e-09  0.00000000e+00  2.50000000e+00  2.50000000e+00  2.82845694e+00 -1.56533431e-07 
 2.75150000e-09  2.75150000e-09  0.00000000e+00  2.50000000e+00  2.50000000e+00  2.82845678e+00 -1.56530622e-07 
 2.75250000e-09  2.75250000e-09  0.00000000e+00  2.50000000e+00  2.50000000e+00  2.82845662e+00 -1.56527985e-07 
 2.75350000e-09  2.75350000e-09  0.00000000e+00  2.50000000e+00  2.50000000e+00  2.82845646e+00 -1.56525503e-07 
 2.75450000e-09  2.75450000e-09  0.00000000e+00  2.50000000e+00  2.50000000e+00  2.82845630e+00 -1.56523163e-07 
 2.75550000e-09  2.75550000e-09  0.00000000e+00  2.50000000e+00  2.50000000e+00  2.82845614e+00 -1.56520951e-07 
 2.75650000e-09  2.75650000e-09  0.00000000e+00  2.50000000e+00  2.50000000e+00  2.82845598e+00 -1.56518856e-07 
 2.75750000e-09  2.75750000e-09  0.00000000e+00  2.50000000e+00  2.50000000e+00  2.82845582e+00 -1.56516867e-07 
 2.75850000e-09  2.75850000e-09  0.00000000e+00  2.50000000e+00  2.50000000e+00  2.82845566e+00 -1.56514974e-07 
 2.75950000e-09  2.75950000e-09  0.00000000e+00  2.50000000e+00  2.50000000e+00  2.82845550e+00 -1.56513168e-07 
 2.76050000e-09  2.76050000e-09  0.00000000e+00  2.50000000e+00  2.50000000e+00  2.82845534e+00 -1.56511441e-07 
 2.76150000e-09  2.76150000e-09  0.00000000e+00  2.50000000e+00  2.50000000e+00  2.82845519e+00 -1.56509786e-07 
 2.76250000e-09  2.76250000e-09  0.00000000e+00  2.50000000e+00  2.50000000e+00  2.82845503e+00 -1.56508197e-07 
 2.76350000e-09  2.76350000e-09  0.00000000e+00  2.50000000e+00  2.50000000e+00  2.82845487e+00 -1.56506667e-07 
 2.76450000e-09  2.76450000e-09  0.00000000e+00  2.50000000e+00  2.50000000e+00  2.82845471e+00 -1.56505190e-07 
 2.76550000e-09  2.76550000e-09  0.00000000e+00  2.50000000e+00  2.50000000e+00  2.82845455e+00 -1.56503763e-07 
 2.76650000e-09  2.76650000e-09  0.00000000e+00  2.50000000e+00  2.50000000e+00  2.82845439e+00 -1.56502380e-07 
 2.76750000e-09  2.76750000e-09  0.00000000e+00  2.50000000e+00  2.50000000e+00  2.82845423e+00 -1.56501037e-07 
 2.76850000e-09  2.76850000e-09  0.00000000e+00  2.50000000e+00  2.50000000e+00  2.82845407e+00 -1.56499731e-07 
 2.76950000e-09  2.76950000e-09  0.00000000e+00  2.50000000e+00  2.50000000e+00  2.82845391e+00 -1.56498458e-07 
 2.77050000e-09  2.77050000e-09  0.00000000e+00  2.50000000e+00  2.50000000e+00  2.82845375e+00 -1.56497216e-07 
 2.77150000e-09  2.77150000e-09  0.00000000e+00  2.50000000e+00  2.50000000e+00  2.82845359e+00 -1.56496000e-07 
 2.77250000e-09  2.77250000e-09  0.00000000e+00  2.50000000e+00  2.50000000e+00  2.82845343e+00 -1.56494810e-07 
 2.77350000e-09  2.77350000e-09  0.00000000e+00  2.50000000e+00  2.50000000e+00  2.82845327e+00 -1.56493642e-07 
 2.77450000e-09  2.77450000e-09  0.00000000e+00  2.50000000e+00  2.50000000e+00  2.82845311e+00 -1.56492495e-07 
 2.77550000e-09  2.77550000e-09  0.00000000e+00  2.50000000e+00  2.50000000e+00  2.82845295e+00 -1.56491366e-07 
 2.77650000e-09  2.77650000e-09  0.00000000e+00  2.50000000e+00  2.50000000e+00  2.82845279e+00 -1.56490254e-07 
 2.77750000e-09  2.77750000e-09  0.00000000e+00  2.50000000e+00  2.50000000e+00  2.82845264e+00 -1.56489158e-07 
 2.77850000e-09  2.77850000e-09  0.00000000e+00  2.50000000e+00  2.50000000e+00  2.82845248e+00 -1.56488075e-07 
 2.77950000e-09  2.77950000e-09  0.00000000e+00  2.50000000e+00  2.50000000e+00  2.82845232e+00 -1.56487006e-07 
 2.78050000e-09  2.78050000e-09  0.00000000e+00  2.50000000e+00  2.50000000e+00  2.82845216e+00 -1.56485947e-07 
 2.78150000e-09  2.78150000e-09  0.00000000e+00  2.50000000e+00  2.50000000e+00  2.82845200e+00 -1.56484899e-07 
 2.78250000e-09  2.78250000e-09  0.00000000e+00  2.50000000e+00  2.50000000e+00  2.82845184e+00 -1.56483861e-07 
 2.78350000e-09  2.78350000e-09  0.00000000e+00  2.50000000e+00  2.50000000e+00  2.82845168e+00 -1.56482831e-07 
 2.78450000e-09  2.78450000e-09  0.00000000e+00  2.50000000e+00  2.50000000e+00  2.82845152e+00 -1.56481809e-07 
 2.78550000e-09  2.78550000e-09  0.00000000e+00  2.50000000e+00  2.50000000e+00  2.82845136e+00 -1.56480794e-07 
 2.78650000e-09  2.78650000e-09  0.00000000e+00  2.50000000e+00  2.50000000e+00  2.82845120e+00 -1.56479786e-07 
 2.78750000e-09  2.78750000e-09  0.00000000e+00  2.50000000e+00  2.50000000e+00  2.82845104e+00 -1.56478783e-07 
 2.78850000e-09  2.78850000e-09  0.00000000e+00  2.50000000e+00  2.50000000e+00  2.82845088e+00 -1.56477786e-07 
 2.78950000e-09  2.78950000e-09  0.00000000e+00  2.50000000e+00  2.50000000e+00  2.82845072e+00 -1.56476793e-07 
 2.79050000e-09  2.79050000e-09  0.00000000e+00  2.50000000e+00  2.50000000e+00  2.82845056e+00 -1.56475805e-07 
 2.79150000e-09  2.79150000e-09  0.00000000e+00  2.50000000e+00  2.50000000e+00  2.82845040e+00 -1.56474821e-07 
 2.79250000e-09  2.79250000e-09  0.00000000e+00  2.50000000e+00  2.50000000e+00  2.82845025e+00 -1.56473841e-07 
 2.79350000e-09  2.79350000e-09  0.00000000e+00  2.50000000e+00  2.50000000e+00  2.82845009e+00 -1.56472863e-07 
 2.79450000e-09  2.79450000e-09  0.00000000e+00  2.50000000e+00  2.50000000e+00  2.82844993e+00 -1.56471889e-07 
 2.79550000e-09  2.79550000e-09  0.00000000e+00  2.50000000e+00  2.50000000e+00  2.82844977e+00 -1.56470918e-07 
 2.79650000e-09  2.79650000e-09  0.00000000e+00  2.50000000e+00  2.50000000e+00  2.82844961e+00 -1.56469949e-07 
 2.79750000e-09  2.79750000e-09  0.00000000e+00  2.50000000e+00  2.50000000e+00  2.82844945e+00 -1.56468982e-07 
 2.79850000e-09  2.79850000e-09  0.00000000e+00  2.50000000e+00  2.50000000e+00  2.82844929e+00 -1.56468017e-07 
 2.79950000e-09  2.79950000e-09  0.00000000e+00  2.50000000e+00  2.50000000e+00  2.82844913e+00 -1.56467054e-07 
 2.80050000e-09  2.80050000e-09  0.00000000e+00  2.50000000e+00  2.50000000e+00  2.82844897e+00 -1.56466093e-07 
 2.80150000e-09  2.80150000e-09  0.00000000e+00  2.50000000e+00  2.50000000e+00  2.82844881e+00 -1.56465133e-07 
 2.80250000e-09  2.80250000e-09  0.00000000e+00  2.50000000e+00  2.50000000e+00  2.82844865e+00 -1.56464175e-07 
 2.80350000e-09  2.80350000e-09  0.00000000e+00  2.50000000e+00  2.50000000e+00  2.82844849e+00 -1.56463218e-07 
 2.80450000e-09  2.80450000e-09  0.00000000e+00  2.50000000e+00  2.50000000e+00  2.82844833e+00 -1.56462262e-07 
 2.80550000e-09  2.80550000e-09  0.00000000e+00  2.50000000e+00  2.50000000e+00  2.82844817e+00 -1.56461307e-07 
 2.80650000e-09  2.80650000e-09  0.00000000e+00  2.50000000e+00  2.50000000e+00  2.82844801e+00 -1.56460353e-07 
 2.80750000e-09  2.80750000e-09  0.00000000e+00  2.50000000e+00  2.50000000e+00  2.82844786e+00 -1.56459400e-07 
 2.80850000e-09  2.80850000e-09  0.00000000e+00  2.50000000e+00  2.50000000e+00  2.82844770e+00 -1.56458448e-07 
 2.80950000e-09  2.80950000e-09  0.00000000e+00  2.50000000e+00  2.50000000e+00  2.82844754e+00 -1.56457496e-07 
 2.81050000e-09  2.81050000e-09  0.00000000e+00  2.50000000e+00  2.50000000e+00  2.82844738e+00 -1.56456545e-07 
 2.81150000e-09  2.81150000e-09  0.00000000e+00  2.50000000e+00  2.50000000e+00  2.82844722e+00 -1.56455595e-07 
 2.81250000e-09  2.81250000e-09  0.00000000e+00  2.50000000e+00  2.50000000e+00  2.82844706e+00 -1.56454645e-07 
 2.81350000e-09  2.81350000e-09  0.00000000e+00  2.50000000e+00  2.50000000e+00  2.82844690e+00 -1.56453696e-07 
 2.81450000e-09  2.81450000e-09  0.00000000e+00  2.50000000e+00  2.50000000e+00  2.82844674e+00 -1.56452747e-07 
 2.81550000e-09  2.81550000e-09  0.00000000e+00  2.50000000e+00  2.50000000e+00  2.82844658e+00 -1.56451799e-07 
 2.81650000e-09  2.81650000e-09  0.00000000e+00  2.50000000e+00  2.50000000e+00  2.82844642e+00 -1.56450851e-07 
 2.81750000e-09  2.81750000e-09  0.00000000e+00  2.50000000e+00  2.50000000e+00  2.82844626e+00 -1.56449903e-07 
 2.81850000e-09  2.81850000e-09  0.00000000e+00  2.50000000e+00  2.50000000e+00  2.82844610e+00 -1.56448955e-07 
 2.81950000e-09  2.81950000e-09  0.00000000e+00  2.50000000e+00  2.50000000e+00  2.82844594e+00 -1.56448008e-07 
 2.82050000e-09  2.82050000e-09  0.00000000e+00  2.50000000e+00  2.50000000e+00  2.82844578e+00 -1.56447061e-07 
 2.82150000e-09  2.82150000e-09  0.00000000e+00  2.50000000e+00  2.50000000e+00  2.82844562e+00 -1.56446114e-07 
 2.82250000e-09  2.82250000e-09  0.00000000e+00  2.50000000e+00  2.50000000e+00  2.82844547e+00 -1.56445167e-07 
 2.82350000e-09  2.82350000e-09  0.00000000e+00  2.50000000e+00  2.50000000e+00  2.82844531e+00 -1.56444221e-07 
 2.82450000e-09  2.82450000e-09  0.00000000e+00  2.50000000e+00  2.50000000e+00  2.82844515e+00 -1.56443275e-07 
 2.82550000e-09  2.82550000e-09  0.00000000e+00  2.50000000e+00  2.50000000e+00  2.82844499e+00 -1.56442329e-07 
 2.82650000e-09  2.82650000e-09  0.00000000e+00  2.50000000e+00  2.50000000e+00  2.82844483e+00 -1.56441383e-07 
 2.82750000e-09  2.82750000e-09  0.00000000e+00  2.50000000e+00  2.50000000e+00  2.82844467e+00 -1.56440437e-07 
 2.82850000e-09  2.82850000e-09  0.00000000e+00  2.50000000e+00  2.50000000e+00  2.82844451e+00 -1.56439492e-07 
 2.82950000e-09  2.82950000e-09  0.00000000e+00  2.50000000e+00  2.50000000e+00  2.82844435e+00 -1.56438546e-07 
 2.83050000e-09  2.83050000e-09  0.00000000e+00  2.50000000e+00  2.50000000e+00  2.82844419e+00 -1.56437601e-07 
 2.83150000e-09  2.83150000e-09  0.00000000e+00  2.50000000e+00  2.50000000e+00  2.82844403e+00 -1.56436656e-07 
 2.83250000e-09  2.83250000e-09  0.00000000e+00  2.50000000e+00  2.50000000e+00  2.82844387e+00 -1.56435710e-07 
 2.83350000e-09  2.83350000e-09  0.00000000e+00  2.50000000e+00  2.50000000e+00  2.82844371e+00 -1.56434765e-07 
 2.83450000e-09  2.83450000e-09  0.00000000e+00  2.50000000e+00  2.50000000e+00  2.82844355e+00 -1.56433820e-07 
 2.83550000e-09  2.83550000e-09  0.00000000e+00  2.50000000e+00  2.50000000e+00  2.82844339e+00 -1.56432875e-07 
 2.83650000e-09  2.83650000e-09  0.00000000e+00  2.50000000e+00  2.50000000e+00  2.82844324e+00 -1.56431930e-07 
 2.83750000e-09  2.83750000e-09  0.00000000e+00  2.50000000e+00  2.50000000e+00  2.82844308e+00 -1.56430985e-07 
 2.83850000e-09  2.83850000e-09  0.00000000e+00  2.50000000e+00  2.50000000e+00  2.82844292e+00 -1.56430041e-07 
 2.83950000e-09  2.83950000e-09  0.00000000e+00  2.50000000e+00  2.50000000e+00  2.82844276e+00 -1.56429096e-07 
 2.84050000e-09  2.84050000e-09  0.00000000e+00  2.50000000e+00  2.50000000e+00  2.82844260e+00 -1.56428151e-07 
 2.84150000e-09  2.84150000e-09  0.00000000e+00  2.50000000e+00  2.50000000e+00  2.82844244e+00 -1.56427206e-07 
 2.84250000e-09  2.84250000e-09  0.00000000e+00  2.50000000e+00  2.50000000e+00  2.82844228e+00 -1.56426262e-07 
 2.84350000e-09  2.84350000e-09  0.00000000e+00  2.50000000e+00  2.50000000e+00  2.82844212e+00 -1.56425317e-07 
 2.84450000e-09  2.84450000e-09  0.00000000e+00  2.50000000e+00  2.50000000e+00  2.82844196e+00 -1.56424373e-07 
 2.84550000e-09  2.84550000e-09  0.00000000e+00  2.50000000e+00  2.50000000e+00  2.82844180e+00 -1.56423428e-07 
 2.84650000e-09  2.84650000e-09  0.00000000e+00  2.50000000e+00  2.50000000e+00  2.82844164e+00 -1.56422484e-07 
 2.84750000e-09  2.84750000e-09  0.00000000e+00  2.50000000e+00  2.50000000e+00  2.82844148e+00 -1.56421539e-07 
 2.84850000e-09  2.84850000e-09  0.00000000e+00  2.50000000e+00  2.50000000e+00  2.82844132e+00 -1.56420595e-07 
 2.84950000e-09  2.84950000e-09  0.00000000e+00  2.50000000e+00  2.50000000e+00  2.82844116e+00 -1.56419650e-07 
 2.85050000e-09  2.85050000e-09  0.00000000e+00  2.50000000e+00  2.50000000e+00  2.82844100e+00 -1.56418706e-07 
 2.85150000e-09  2.85150000e-09  0.00000000e+00  2.50000000e+00  2.50000000e+00  2.82844085e+00 -1.56417762e-07 
 2.85250000e-09  2.85250000e-09  0.00000000e+00  2.50000000e+00  2.50000000e+00  2.82844069e+00 -1.56416817e-07 
 2.85350000e-09  2.85350000e-09  0.00000000e+00  2.50000000e+00  2.50000000e+00  2.82844053e+00 -1.56415873e-07 
 2.85450000e-09  2.85450000e-09  0.00000000e+00  2.50000000e+00  2.50000000e+00  2.82844037e+00 -1.56414929e-07 
 2.85550000e-09  2.85550000e-09  0.00000000e+00  2.50000000e+00  2.50000000e+00  2.82844021e+00 -1.56413985e-07 
 2.85650000e-09  2.85650000e-09  0.00000000e+00  2.50000000e+00  2.50000000e+00  2.82844005e+00 -1.56413041e-07 
 2.85750000e-09  2.85750000e-09  0.00000000e+00  2.50000000e+00  2.50000000e+00  2.82843989e+00 -1.56412096e-07 
 2.85850000e-09  2.85850000e-09  0.00000000e+00  2.50000000e+00  2.50000000e+00  2.82843973e+00 -1.56411152e-07 
 2.85950000e-09  2.85950000e-09  0.00000000e+00  2.50000000e+00  2.50000000e+00  2.82843957e+00 -1.56410208e-07 
 2.86050000e-09  2.86050000e-09  0.00000000e+00  2.50000000e+00  2.50000000e+00  2.82843941e+00 -1.56409264e-07 
 2.86150000e-09  2.86150000e-09  0.00000000e+00  2.50000000e+00  2.50000000e+00  2.82843925e+00 -1.56408320e-07 
 2.86250000e-09  2.86250000e-09  0.00000000e+00  2.50000000e+00  2.50000000e+00  2.82843909e+00 -1.56407375e-07 
 2.86350000e-09  2.86350000e-09  0.00000000e+00  2.50000000e+00  2.50000000e+00  2.82843893e+00 -1.56406431e-07 
 2.86450000e-09  2.86450000e-09  0.00000000e+00  2.50000000e+00  2.50000000e+00  2.82843878e+00 -1.56405487e-07 
 2.86550000e-09  2.86550000e-09  0.00000000e+00  2.50000000e+00  2.50000000e+00  2.82843862e+00 -1.56404543e-07 
 2.86650000e-09  2.86650000e-09  0.00000000e+00  2.50000000e+00  2.50000000e+00  2.82843846e+00 -1.56403599e-07 
 2.86750000e-09  2.86750000e-09  0.00000000e+00  2.50000000e+00  2.50000000e+00  2.82843830e+00 -1.56402655e-07 
 2.86850000e-09  2.86850000e-09  0.00000000e+00  2.50000000e+00  2.50000000e+00  2.82843814e+00 -1.56401711e-07 
 2.86950000e-09  2.86950000e-09  0.00000000e+00  2.50000000e+00  2.50000000e+00  2.82843798e+00 -1.56400767e-07 
 2.87050000e-09  2.87050000e-09  0.00000000e+00  2.50000000e+00  2.50000000e+00  2.82843782e+00 -1.56399823e-07 
 2.87150000e-09  2.87150000e-09  0.00000000e+00  2.50000000e+00  2.50000000e+00  2.82843766e+00 -1.56398879e-07 
 2.87250000e-09  2.87250000e-09  0.00000000e+00  2.50000000e+00  2.50000000e+00  2.82843750e+00 -1.56397935e-07 
 2.87350000e-09  2.87350000e-09  0.00000000e+00  2.50000000e+00  2.50000000e+00  2.82843734e+00 -1.56396991e-07 
 2.87450000e-09  2.87450000e-09  0.00000000e+00  2.50000000e+00  2.50000000e+00  2.82843718e+00 -1.56396047e-07 
 2.87550000e-09  2.87550000e-09  0.00000000e+00  2.50000000e+00  2.50000000e+00  2.82843702e+00 -1.56395103e-07 
 2.87650000e-09  2.87650000e-09  0.00000000e+00  2.50000000e+00  2.50000000e+00  2.82843686e+00 -1.56394159e-07 
 2.87750000e-09  2.87750000e-09  0.00000000e+00  2.50000000e+00  2.50000000e+00  2.82843670e+00 -1.56393215e-07 
 2.87850000e-09  2.87850000e-09  0.00000000e+00  2.50000000e+00  2.50000000e+00  2.82843655e+00 -1.56392271e-07 
 2.87950000e-09  2.87950000e-09  0.00000000e+00  2.50000000e+00  2.50000000e+00  2.82843639e+00 -1.56391327e-07 
 2.88050000e-09  2.88050000e-09  0.00000000e+00  2.50000000e+00  2.50000000e+00  2.82843623e+00 -1.56390383e-07 
 2.88150000e-09  2.88150000e-09  0.00000000e+00  2.50000000e+00  2.50000000e+00  2.82843607e+00 -1.56389439e-07 
 2.88250000e-09  2.88250000e-09  0.00000000e+00  2.50000000e+00  2.50000000e+00  2.82843591e+00 -1.56388496e-07 
 2.88350000e-09  2.88350000e-09  0.00000000e+00  2.50000000e+00  2.50000000e+00  2.82843575e+00 -1.56387552e-07 
 2.88450000e-09  2.88450000e-09  0.00000000e+00  2.50000000e+00  2.50000000e+00  2.82843559e+00 -1.56386608e-07 
 2.88550000e-09  2.88550000e-09  0.00000000e+00  2.50000000e+00  2.50000000e+00  2.82843543e+00 -1.56385664e-07 
 2.88650000e-09  2.88650000e-09  0.00000000e+00  2.50000000e+00  2.50000000e+00  2.82843527e+00 -1.56384720e-07 
 2.88750000e-09  2.88750000e-09  0.00000000e+00  2.50000000e+00  2.50000000e+00  2.82843511e+00 -1.56383776e-07 
 2.88850000e-09  2.88850000e-09  0.00000000e+00  2.50000000e+00  2.50000000e+00  2.82843495e+00 -1.56382832e-07 
 2.88950000e-09  2.88950000e-09  0.00000000e+00  2.50000000e+00  2.50000000e+00  2.82843479e+00 -1.56381888e-07 
 2.89050000e-09  2.89050000e-09  0.00000000e+00  2.50000000e+00  2.50000000e+00  2.82843463e+00 -1.56380945e-07 
 2.89150000e-09  2.89150000e-09  0.00000000e+00  2.50000000e+00  2.50000000e+00  2.82843448e+00 -1.56380001e-07 
 2.89250000e-09  2.89250000e-09  0.00000000e+00  2.50000000e+00  2.50000000e+00  2.82843432e+00 -1.56379057e-07 
 2.89350000e-09  2.89350000e-09  0.00000000e+00  2.50000000e+00  2.50000000e+00  2.82843416e+00 -1.56378114e-07 
 2.89450000e-09  2.89450000e-09  0.00000000e+00  2.50000000e+00  2.50000000e+00  2.82843400e+00 -1.56377170e-07 
 2.89550000e-09  2.89550000e-09  0.00000000e+00  2.50000000e+00  2.50000000e+00  2.82843384e+00 -1.56376226e-07 
 2.89650000e-09  2.89650000e-09  0.00000000e+00  2.50000000e+00  2.50000000e+00  2.82843368e+00 -1.56375282e-07 
 2.89750000e-09  2.89750000e-09  0.00000000e+00  2.50000000e+00  2.50000000e+00  2.82843352e+00 -1.56374339e-07 
 2.89850000e-09  2.89850000e-09  0.00000000e+00  2.50000000e+00  2.50000000e+00  2.82843336e+00 -1.56373395e-07 
 2.89950000e-09  2.89950000e-09  0.00000000e+00  2.50000000e+00  2.50000000e+00  2.82843320e+00 -1.56372451e-07 
 2.90050000e-09  2.90050000e-09  0.00000000e+00  2.50000000e+00  2.50000000e+00  2.82843304e+00 -1.56371508e-07 
 2.90150000e-09  2.90150000e-09  0.00000000e+00  2.50000000e+00  2.50000000e+00  2.82843288e+00 -1.56370564e-07 
 2.90250000e-09  2.90250000e-09  0.00000000e+00  2.50000000e+00  2.50000000e+00  2.82843272e+00 -1.56369620e-07 
 2.90350000e-09  2.90350000e-09  0.00000000e+00  2.50000000e+00  2.50000000e+00  2.82843256e+00 -1.56368677e-07 
 2.90450000e-09  2.90450000e-09  0.00000000e+00  2.50000000e+00  2.50000000e+00  2.82843241e+00 -1.56367733e-07 
 2.90550000e-09  2.90550000e-09  0.00000000e+00  2.50000000e+00  2.50000000e+00  2.82843225e+00 -1.56366790e-07 
 2.90650000e-09  2.90650000e-09  0.00000000e+00  2.50000000e+00  2.50000000e+00  2.82843209e+00 -1.56365846e-07 
 2.90750000e-09  2.90750000e-09  0.00000000e+00  2.50000000e+00  2.50000000e+00  2.82843193e+00 -1.56364902e-07 
 2.90850000e-09  2.90850000e-09  0.00000000e+00  2.50000000e+00  2.50000000e+00  2.82843177e+00 -1.56363959e-07 
 2.90950000e-09  2.90950000e-09  0.00000000e+00  2.50000000e+00  2.50000000e+00  2.82843161e+00 -1.56363015e-07 
 2.91050000e-09  2.91050000e-09  0.00000000e+00  2.50000000e+00  2.50000000e+00  2.82843145e+00 -1.56362072e-07 
 2.91150000e-09  2.91150000e-09  0.00000000e+00  2.50000000e+00  2.50000000e+00  2.82843129e+00 -1.56361128e-07 
 2.91250000e-09  2.91250000e-09  0.00000000e+00  2.50000000e+00  2.50000000e+00  2.82843113e+00 -1.56360185e-07 
 2.91350000e-09  2.91350000e-09  0.00000000e+00  2.50000000e+00  2.50000000e+00  2.82843097e+00 -1.56359241e-07 
 2.91450000e-09  2.91450000e-09  0.00000000e+00  2.50000000e+00  2.50000000e+00  2.82843081e+00 -1.56358298e-07 
 2.91550000e-09  2.91550000e-09  0.00000000e+00  2.50000000e+00  2.50000000e+00  2.82843065e+00 -1.56357354e-07 
 2.91650000e-09  2.91650000e-09  0.00000000e+00  2.50000000e+00  2.50000000e+00  2.82843049e+00 -1.56356411e-07 
 2.91750000e-09  2.91750000e-09  0.00000000e+00  2.50000000e+00  2.50000000e+00  2.82843034e+00 -1.56355467e-07 
 2.91850000e-09  2.91850000e-09  0.00000000e+00  2.50000000e+00  2.50000000e+00  2.82843018e+00 -1.56354523e-07 
 2.91950000e-09  2.91950000e-09  0.00000000e+00  2.50000000e+00  2.50000000e+00  2.82843002e+00 -1.56353580e-07 
 2.92050000e-09  2.92050000e-09  0.00000000e+00  2.50000000e+00  2.50000000e+00  2.82842986e+00 -1.56352636e-07 
 2.92150000e-09  2.92150000e-09  0.00000000e+00  2.50000000e+00  2.50000000e+00  2.82842970e+00 -1.56351693e-07 
 2.92250000e-09  2.92250000e-09  0.00000000e+00  2.50000000e+00  2.50000000e+00  2.82842954e+00 -1.56350749e-07 
 2.92350000e-09  2.92350000e-09  0.00000000e+00  2.50000000e+00  2.50000000e+00  2.82842938e+00 -1.56349806e-07 
 2.92450000e-09  2.92450000e-09  0.00000000e+00  2.50000000e+00  2.50000000e+00  2.82842922e+00 -1.56348863e-07 
 2.92550000e-09  2.92550000e-09  0.00000000e+00  2.50000000e+00  2.50000000e+00  2.82842906e+00 -1.56347919e-07 
 2.92650000e-09  2.92650000e-09  0.00000000e+00  2.50000000e+00  2.50000000e+00  2.82842890e+00 -1.56346976e-07 
 2.92750000e-09  2.92750000e-09  0.00000000e+00  2.50000000e+00  2.50000000e+00  2.82842874e+00 -1.56346032e-07 
 2.92850000e-09  2.92850000e-09  0.00000000e+00  2.50000000e+00  2.50000000e+00  2.82842858e+00 -1.56345089e-07 
 2.92950000e-09  2.92950000e-09  0.00000000e+00  2.50000000e+00  2.50000000e+00  2.82842842e+00 -1.56344145e-07 
 2.93050000e-09  2.93050000e-09  0.00000000e+00  2.50000000e+00  2.50000000e+00  2.82842827e+00 -1.56343202e-07 
 2.93150000e-09  2.93150000e-09  0.00000000e+00  2.50000000e+00  2.50000000e+00  2.82842811e+00 -1.56342259e-07 
 2.93250000e-09  2.93250000e-09  0.00000000e+00  2.50000000e+00  2.50000000e+00  2.82842795e+00 -1.56341315e-07 
 2.93350000e-09  2.93350000e-09  0.00000000e+00  2.50000000e+00  2.50000000e+00  2.82842779e+00 -1.56340372e-07 
 2.93450000e-09  2.93450000e-09  0.00000000e+00  2.50000000e+00  2.50000000e+00  2.82842763e+00 -1.56339429e-07 
 2.93550000e-09  2.93550000e-09  0.00000000e+00  2.50000000e+00  2.50000000e+00  2.82842747e+00 -1.56338486e-07 
 2.93650000e-09  2.93650000e-09  0.00000000e+00  2.50000000e+00  2.50000000e+00  2.82842731e+00 -1.56337543e-07 
 2.93750000e-09  2.93750000e-09  0.00000000e+00  2.50000000e+00  2.50000000e+00  2.82842715e+00 -1.56336600e-07 
 2.93850000e-09  2.93850000e-09  0.00000000e+00  2.50000000e+00  2.50000000e+00  2.82842699e+00 -1.56335656e-07 
 2.93950000e-09  2.93950000e-09  0.00000000e+00  2.50000000e+00  2.50000000e+00  2.82842683e+00 -1.56334713e-07 
 2.94050000e-09  2.94050000e-09  0.00000000e+00  2.50000000e+00  2.50000000e+00  2.82842667e+00 -1.56333770e-07 
 2.94150000e-09  2.94150000e-09  0.00000000e+00  2.50000000e+00  2.50000000e+00  2.82842651e+00 -1.56332826e-07 
 2.94250000e-09  2.94250000e-09  0.00000000e+00  2.50000000e+00  2.50000000e+00  2.82842635e+00 -1.56331883e-07 
 2.94350000e-09  2.94350000e-09  0.00000000e+00  2.50000000e+00  2.50000000e+00  2.82842620e+00 -1.56330940e-07 
 2.94450000e-09  2.94450000e-09  0.00000000e+00  2.50000000e+00  2.50000000e+00  2.82842604e+00 -1.56329997e-07 
 2.94550000e-09  2.94550000e-09  0.00000000e+00  2.50000000e+00  2.50000000e+00  2.82842588e+00 -1.56329053e-07 
 2.94650000e-09  2.94650000e-09  0.00000000e+00  2.50000000e+00  2.50000000e+00  2.82842572e+00 -1.56328110e-07 
 2.94750000e-09  2.94750000e-09  0.00000000e+00  2.50000000e+00  2.50000000e+00  2.82842556e+00 -1.56327167e-07 
 2.94850000e-09  2.94850000e-09  0.00000000e+00  2.50000000e+00  2.50000000e+00  2.82842540e+00 -1.56326224e-07 
 2.94950000e-09  2.94950000e-09  0.00000000e+00  2.50000000e+00  2.50000000e+00  2.82842524e+00 -1.56325281e-07 
 2.95050000e-09  2.95050000e-09  0.00000000e+00  2.50000000e+00  2.50000000e+00  2.82842508e+00 -1.56324338e-07 
 2.95150000e-09  2.95150000e-09  0.00000000e+00  2.50000000e+00  2.50000000e+00  2.82842492e+00 -1.56323395e-07 
 2.95250000e-09  2.95250000e-09  0.00000000e+00  2.50000000e+00  2.50000000e+00  2.82842476e+00 -1.56322452e-07 
 2.95350000e-09  2.95350000e-09  0.00000000e+00  2.50000000e+00  2.50000000e+00  2.82842460e+00 -1.56321509e-07 
 2.95450000e-09  2.95450000e-09  0.00000000e+00  2.50000000e+00  2.50000000e+00  2.82842444e+00 -1.56320566e-07 
 2.95550000e-09  2.95550000e-09  0.00000000e+00  2.50000000e+00  2.50000000e+00  2.82842429e+00 -1.56319623e-07 
 2.95650000e-09  2.95650000e-09  0.00000000e+00  2.50000000e+00  2.50000000e+00  2.82842413e+00 -1.56318680e-07 
 2.95750000e-09  2.95750000e-09  0.00000000e+00  2.50000000e+00  2.50000000e+00  2.82842397e+00 -1.56317737e-07 
 2.95850000e-09  2.95850000e-09  0.00000000e+00  2.50000000e+00  2.50000000e+00  2.82842381e+00 -1.56316794e-07 
 2.95950000e-09  2.95950000e-09  0.00000000e+00  2.50000000e+00  2.50000000e+00  2.82842365e+00 -1.56315851e-07 
 2.96050000e-09  2.96050000e-09  0.00000000e+00  2.50000000e+00  2.50000000e+00  2.82842349e+00 -1.56314908e-07 
 2.96150000e-09  2.96150000e-09  0.00000000e+00  2.50000000e+00  2.50000000e+00  2.82842333e+00 -1.56313965e-07 
 2.96250000e-09  2.96250000e-09  0.00000000e+00  2.50000000e+00  2.50000000e+00  2.82842317e+00 -1.56313022e-07 
 2.96350000e-09  2.96350000e-09  0.00000000e+00  2.50000000e+00  2.50000000e+00  2.82842301e+00 -1.56312079e-07 
 2.96450000e-09  2.96450000e-09  0.00000000e+00  2.50000000e+00  2.50000000e+00  2.82842285e+00 -1.56311136e-07 
 2.96550000e-09  2.96550000e-09  0.00000000e+00  2.50000000e+00  2.50000000e+00  2.82842269e+00 -1.56310193e-07 
 2.96650000e-09  2.96650000e-09  0.00000000e+00  2.50000000e+00  2.50000000e+00  2.82842253e+00 -1.56309251e-07 
 2.96750000e-09  2.96750000e-09  0.00000000e+00  2.50000000e+00  2.50000000e+00  2.82842238e+00 -1.56308308e-07 
 2.96850000e-09  2.96850000e-09  0.00000000e+00  2.50000000e+00  2.50000000e+00  2.82842222e+00 -1.56307365e-07 
 2.96950000e-09  2.96950000e-09  0.00000000e+00  2.50000000e+00  2.50000000e+00  2.82842206e+00 -1.56306422e-07 
 2.97050000e-09  2.97050000e-09  0.00000000e+00  2.50000000e+00  2.50000000e+00  2.82842190e+00 -1.56305479e-07 
 2.97150000e-09  2.97150000e-09  0.00000000e+00  2.50000000e+00  2.50000000e+00  2.82842174e+00 -1.56304536e-07 
 2.97250000e-09  2.97250000e-09  0.00000000e+00  2.50000000e+00  2.50000000e+00  2.82842158e+00 -1.56303593e-07 
 2.97350000e-09  2.97350000e-09  0.00000000e+00  2.50000000e+00  2.50000000e+00  2.82842142e+00 -1.56302650e-07 
 2.97450000e-09  2.97450000e-09  0.00000000e+00  2.50000000e+00  2.50000000e+00  2.82842126e+00 -1.56301708e-07 
 2.97550000e-09  2.97550000e-09  0.00000000e+00  2.50000000e+00  2.50000000e+00  2.82842110e+00 -1.56300765e-07 
 2.97650000e-09  2.97650000e-09  0.00000000e+00  2.50000000e+00  2.50000000e+00  2.82842094e+00 -1.56299822e-07 
 2.97750000e-09  2.97750000e-09  0.00000000e+00  2.50000000e+00  2.50000000e+00  2.82842078e+00 -1.56298879e-07 
 2.97850000e-09  2.97850000e-09  0.00000000e+00  2.50000000e+00  2.50000000e+00  2.82842062e+00 -1.56297936e-07 
 2.97950000e-09  2.97950000e-09  0.00000000e+00  2.50000000e+00  2.50000000e+00  2.82842047e+00 -1.56296994e-07 
 2.98050000e-09  2.98050000e-09  0.00000000e+00  2.50000000e+00  2.50000000e+00  2.82842031e+00 -1.56296051e-07 
 2.98150000e-09  2.98150000e-09  0.00000000e+00  2.50000000e+00  2.50000000e+00  2.82842015e+00 -1.56295108e-07 
 2.98250000e-09  2.98250000e-09  0.00000000e+00  2.50000000e+00  2.50000000e+00  2.82841999e+00 -1.56294166e-07 
 2.98350000e-09  2.98350000e-09  0.00000000e+00  2.50000000e+00  2.50000000e+00  2.82841983e+00 -1.56293223e-07 
 2.98450000e-09  2.98450000e-09  0.00000000e+00  2.50000000e+00  2.50000000e+00  2.82841967e+00 -1.56292280e-07 
 2.98550000e-09  2.98550000e-09  0.00000000e+00  2.50000000e+00  2.50000000e+00  2.82841951e+00 -1.56291338e-07 
 2.98650000e-09  2.98650000e-09  0.00000000e+00  2.50000000e+00  2.50000000e+00  2.82841935e+00 -1.56290395e-07 
 2.98750000e-09  2.98750000e-09  0.00000000e+00  2.50000000e+00  2.50000000e+00  2.82841919e+00 -1.56289452e-07 
 2.98850000e-09  2.98850000e-09  0.00000000e+00  2.50000000e+00  2.50000000e+00  2.82841903e+00 -1.56288510e-07 
 2.98950000e-09  2.98950000e-09  0.00000000e+00  2.50000000e+00  2.50000000e+00  2.82841887e+00 -1.56287567e-07 
 2.99050000e-09  2.99050000e-09  0.00000000e+00  2.50000000e+00  2.50000000e+00  2.82841871e+00 -1.56286624e-07 
 2.99150000e-09  2.99150000e-09  0.00000000e+00  2.50000000e+00  2.50000000e+00  2.82841856e+00 -1.56285682e-07 
 2.99250000e-09  2.99250000e-09  0.00000000e+00  2.50000000e+00  2.50000000e+00  2.82841840e+00 -1.56284739e-07 
 2.99350000e-09  2.99350000e-09  0.00000000e+00  2.50000000e+00  2.50000000e+00  2.82841824e+00 -1.56283796e-07 
 2.99450000e-09  2.99450000e-09  0.00000000e+00  2.50000000e+00  2.50000000e+00  2.82841808e+00 -1.56282853e-07 
 2.99550000e-09  2.99550000e-09  0.00000000e+00  2.50000000e+00  2.50000000e+00  2.82841792e+00 -1.56281911e-07 
 2.99650000e-09  2.99650000e-09  0.00000000e+00  2.50000000e+00  2.50000000e+00  2.82841776e+00 -1.56280968e-07 
 2.99750000e-09  2.99750000e-09  0.00000000e+00  2.50000000e+00  2.50000000e+00  2.82841760e+00 -1.56280025e-07 
 2.99850000e-09  2.99850000e-09  0.00000000e+00  2.50000000e+00  2.50000000e+00  2.82841744e+00 -1.56279083e-07 
 2.99925000e-09  2.99925000e-09  0.00000000e+00  2.50000000e+00  2.50000000e+00  2.82841732e+00 -1.56278376e-07 
 3.00000000e-09  3.00000000e-09  0.00000000e+00  2.50000000e+00  2.50000000e+00  2.82841720e+00 -1.56277669e-07 
 3.00010000e-09  3.00010000e-09  1.25000000e-02  2.50000000e+00  2.50000000e+00  2.82613543e+00 -2.13840881e-04 
 3.00030000e-09  3.00030000e-09  3.75000000e-02  2.50000000e+00  2.50000000e+00  2.82154163e+00 -6.40019770e-04 
 3.00070000e-09  3.00070000e-09  8.75000000e-02  2.50000000e+00  2.50000000e+00  2.81234187e+00 -1.46972309e-03 
 3.00150000e-09  3.00150000e-09  1.87500000e-01  2.50000000e+00  2.50000000e+00  2.79380681e+00 -3.05137486e-03 
 3.00250000e-09  3.00250000e-09  3.12500000e-01  2.50000000e+00  2.50000000e+00  2.77015930e+00 -4.91417179e-03 
 3.00350000e-09  3.00350000e-09  4.37500000e-01  2.50000000e+00  2.50000000e+00  2.74599867e+00 -6.66143502e-03 
 3.00450000e-09  3.00450000e-09  5.62500000e-01  2.50000000e+00  2.50000000e+00  2.72175637e+00 -8.26748448e-03 
 3.00550000e-09  3.00550000e-09  6.87500000e-01  2.50000000e+00  2.50000000e+00  2.69765370e+00 -9.72752770e-03 
 3.00650000e-09  3.00650000e-09  8.12500000e-01  2.50000000e+00  2.50000000e+00  2.67363924e+00 -1.10614856e-02 
 3.00750000e-09  3.00750000e-09  9.37500000e-01  2.50000000e+00  2.50000000e+00  2.64966851e+00 -1.22866101e-02 
 3.00850000e-09  3.00850000e-09  1.06250000e+00  2.50000000e+00  2.50000000e+00  2.62574447e+00 -1.34140970e-02 
 3.00950000e-09  3.00950000e-09  1.18750000e+00  2.50000000e+00  2.50000000e+00  2.60199352e+00 -1.44427098e-02 
 3.01050000e-09  3.01050000e-09  1.31250000e+00  2.50000000e+00  2.50000000e+00  2.57857599e+00 -1.53678921e-02 
 3.01150000e-09  3.01150000e-09  1.43750000e+00  2.50000000e+00  2.50000000e+00  2.55566040e+00 -1.61843397e-02 
 3.01250000e-09  3.01250000e-09  1.56250000e+00  2.50000000e+00  2.50000000e+00  2.53341566e+00 -1.68867339e-02 
 3.01350000e-09  3.01350000e-09  1.68750000e+00  2.50000000e+00  2.50000000e+00  2.51200555e+00 -1.74702186e-02 
 3.01450000e-09  3.01450000e-09  1.81250000e+00  2.50000000e+00  2.50000000e+00  2.49120298e+00 -1.79655329e-02 
 3.01550000e-09  3.01550000e-09  1.93750000e+00  2.50000000e+00  2.50000000e+00  2.46985589e+00 -1.84852480e-02 
 3.01650000e-09  3.01650000e-09  2.06250000e+00  2.50000000e+00  2.50000000e+00  2.44656823e+00 -1.91561079e-02 
 3.01750000e-09  3.01750000e-09  2.18750000e+00  2.50000000e+00  2.50000000e+00  2.42071491e+00 -2.00259158e-02 
 3.01850000e-09  3.01850000e-09  2.31250000e+00  2.50000000e+00  2.50000000e+00  2.39253839e+00 -2.10606481e-02 
 3.01925000e-09  3.01925000e-09  2.40625000e+00  2.50000000e+00  2.50000000e+00  2.37034231e+00 -2.18973376e-02 
 3.02000000e-09  3.02000000e-09  2.50000000e+00  2.50000000e+00  2.50000000e+00  2.34789440e+00 -2.27234621e-02 
 3.02010000e-09  3.02010000e-09  2.50000000e+00  2.50000000e+00  2.50000000e+00  2.34700678e+00 -2.26328241e-02 
 3.02030000e-09  3.02030000e-09  2.50000000e+00  2.50000000e+00  2.50000000e+00  2.34518269e+00 -2.24577001e-02 
 3.02070000e-09  3.02070000e-09  2.50000000e+00  2.50000000e+00  2.50000000e+00  2.34124323e+00 -2.21436703e-02 
 3.02150000e-09  3.02150000e-09  2.50000000e+00  2.50000000e+00  2.50000000e+00  2.33234316e+00 -2.16421118e-02 
 3.02250000e-09  3.02250000e-09  2.50000000e+00  2.50000000e+00  2.50000000e+00  2.31988511e+00 -2.11875045e-02 
 3.02350000e-09  3.02350000e-09  2.50000000e+00  2.50000000e+00  2.50000000e+00  2.30678732e+00 -2.08352490e-02 
 3.02450000e-09  3.02450000e-09  2.50000000e+00  2.50000000e+00  2.50000000e+00  2.29376435e+00 -2.05124925e-02 
 3.02550000e-09  3.02550000e-09  2.50000000e+00  2.50000000e+00  2.50000000e+00  2.28123386e+00 -2.01784170e-02 
 3.02650000e-09  3.02650000e-09  2.50000000e+00  2.50000000e+00  2.50000000e+00  2.26940360e+00 -1.98140896e-02 
 3.02750000e-09  3.02750000e-09  2.50000000e+00  2.50000000e+00  2.50000000e+00  2.25835693e+00 -1.94131755e-02 
 3.02850000e-09  3.02850000e-09  2.50000000e+00  2.50000000e+00  2.50000000e+00  2.24810800e+00 -1.89760629e-02 
 3.02950000e-09  3.02950000e-09  2.50000000e+00  2.50000000e+00  2.50000000e+00  2.23863432e+00 -1.85064519e-02 
 3.03050000e-09  3.03050000e-09  2.50000000e+00  2.50000000e+00  2.50000000e+00  2.22989534e+00 -1.80094501e-02 
 3.03150000e-09  3.03150000e-09  2.50000000e+00  2.50000000e+00  2.50000000e+00  2.22184288e+00 -1.74905438e-02 
 3.03250000e-09  3.03250000e-09  2.50000000e+00  2.50000000e+00  2.50000000e+00  2.21442674e+00 -1.69550675e-02 
 3.03350000e-09  3.03350000e-09  2.50000000e+00  2.50000000e+00  2.50000000e+00  2.20759770e+00 -1.64079490e-02 
 3.03450000e-09  3.03450000e-09  2.50000000e+00  2.50000000e+00  2.50000000e+00  2.20130895e+00 -1.58536069e-02 
 3.03550000e-09  3.03550000e-09  2.50000000e+00  2.50000000e+00  2.50000000e+00  2.19551678e+00 -1.52959281e-02 
 3.03650000e-09  3.03650000e-09  2.50000000e+00  2.50000000e+00  2.50000000e+00  2.19018074e+00 -1.47382858e-02 
 3.03750000e-09  3.03750000e-09  2.50000000e+00  2.50000000e+00  2.50000000e+00  2.18526362e+00 -1.41835769e-02 
 3.03850000e-09  3.03850000e-09  2.50000000e+00  2.50000000e+00  2.50000000e+00  2.18073128e+00 -1.36342669e-02 
 3.03950000e-09  3.03950000e-09  2.50000000e+00  2.50000000e+00  2.50000000e+00  2.17655248e+00 -1.30924357e-02 
 3.04050000e-09  3.04050000e-09  2.50000000e+00  2.50000000e+00  2.50000000e+00  2.17269794e+00 -1.25599343e-02 
 3.04150000e-09  3.04150000e-09  2.50000000e+00  2.50000000e+00  2.50000000e+00  2.16914162e+00 -1.20381739e-02 
 3.04250000e-09  3.04250000e-09  2.50000000e+00  2.50000000e+00  2.50000000e+00  2.16586033e+00 -1.15281933e-02 
 3.04350000e-09  3.04350000e-09  2.50000000e+00  2.50000000e+00  2.50000000e+00  2.16283207e+00 -1.10309424e-02 
 3.04450000e-09  3.04450000e-09  2.50000000e+00  2.50000000e+00  2.50000000e+00  2.16003668e+00 -1.05471680e-02 
 3.04550000e-09  3.04550000e-09  2.50000000e+00  2.50000000e+00  2.50000000e+00  2.15745569e+00 -1.00774395e-02 
 3.04650000e-09  3.04650000e-09  2.50000000e+00  2.50000000e+00  2.50000000e+00  2.15507215e+00 -9.62217251e-03 
 3.04750000e-09  3.04750000e-09  2.50000000e+00  2.50000000e+00  2.50000000e+00  2.15287053e+00 -9.18164923e-03 
 3.04850000e-09  3.04850000e-09  2.50000000e+00  2.50000000e+00  2.50000000e+00  2.15083655e+00 -8.75603636e-03 
 3.04950000e-09  3.04950000e-09  2.50000000e+00  2.50000000e+00  2.50000000e+00  2.14895711e+00 -8.34540108e-03 
 3.05050000e-09  3.05050000e-09  2.50000000e+00  2.50000000e+00  2.50000000e+00  2.14722017e+00 -7.94972513e-03 
 3.05150000e-09  3.05150000e-09  2.50000000e+00  2.50000000e+00  2.50000000e+00  2.14561465e+00 -7.56891716e-03 
 3.05250000e-09  3.05250000e-09  2.50000000e+00  2.50000000e+00  2.50000000e+00  2.14413038e+00 -7.20282366e-03 
 3.05350000e-09  3.05350000e-09  2.50000000e+00  2.50000000e+00  2.50000000e+00  2.14275799e+00 -6.85123862e-03 
 3.05450000e-09  3.05450000e-09  2.50000000e+00  2.50000000e+00  2.50000000e+00  2.14148887e+00 -6.51391201e-03 
 3.05550000e-09  3.05550000e-09  2.50000000e+00  2.50000000e+00  2.50000000e+00  2.14031506e+00 -6.19055724e-03 
 3.05650000e-09  3.05650000e-09  2.50000000e+00  2.50000000e+00  2.50000000e+00  2.13922927e+00 -5.88085778e-03 
 3.05750000e-09  3.05750000e-09  2.50000000e+00  2.50000000e+00  2.50000000e+00  2.13822476e+00 -5.58447292e-03 
 3.05850000e-09  3.05850000e-09  2.50000000e+00  2.50000000e+00  2.50000000e+00  2.13729532e+00 -5.30104286e-03 
 3.05950000e-09  3.05950000e-09  2.50000000e+00  2.50000000e+00  2.50000000e+00  2.13643525e+00 -5.03019317e-03 
 3.06050000e-09  3.06050000e-09  2.50000000e+00  2.50000000e+00  2.50000000e+00  2.13563925e+00 -4.77153866e-03 
 3.06150000e-09  3.06150000e-09  2.50000000e+00  2.50000000e+00  2.50000000e+00  2.13490247e+00 -4.52468682e-03 
 3.06250000e-09  3.06250000e-09  2.50000000e+00  2.50000000e+00  2.50000000e+00  2.13422043e+00 -4.28924073e-03 
 3.06350000e-09  3.06350000e-09  2.50000000e+00  2.50000000e+00  2.50000000e+00  2.13358898e+00 -4.06480167e-03 
 3.06450000e-09  3.06450000e-09  2.50000000e+00  2.50000000e+00  2.50000000e+00  2.13300431e+00 -3.85097130e-03 
 3.06550000e-09  3.06550000e-09  2.50000000e+00  2.50000000e+00  2.50000000e+00  2.13246289e+00 -3.64735357e-03 
 3.06650000e-09  3.06650000e-09  2.50000000e+00  2.50000000e+00  2.50000000e+00  2.13196147e+00 -3.45355639e-03 
 3.06750000e-09  3.06750000e-09  2.50000000e+00  2.50000000e+00  2.50000000e+00  2.13149703e+00 -3.26919297e-03 
 3.06850000e-09  3.06850000e-09  2.50000000e+00  2.50000000e+00  2.50000000e+00  2.13106682e+00 -3.09388300e-03 
 3.06950000e-09  3.06950000e-09  2.50000000e+00  2.50000000e+00  2.50000000e+00  2.13066826e+00 -2.92725365e-03 
 3.07050000e-09  3.07050000e-09  2.50000000e+00  2.50000000e+00  2.50000000e+00  2.13029899e+00 -2.76894033e-03 
 3.07150000e-09  3.07150000e-09  2.50000000e+00  2.50000000e+00  2.50000000e+00  2.12995682e+00 -2.61858740e-03 
 3.07250000e-09  3.07250000e-09  2.50000000e+00  2.50000000e+00  2.50000000e+00  2.12963973e+00 -2.47584864e-03 
 3.07350000e-09  3.07350000e-09  2.50000000e+00  2.50000000e+00  2.50000000e+00  2.12934585e+00 -2.34038768e-03 
 3.07450000e-09  3.07450000e-09  2.50000000e+00  2.50000000e+00  2.50000000e+00  2.12907346e+00 -2.21187831e-03 
 3.07550000e-09  3.07550000e-09  2.50000000e+00  2.50000000e+00  2.50000000e+00  2.12882096e+00 -2.09000468e-03 
 3.07650000e-09  3.07650000e-09  2.50000000e+00  2.50000000e+00  2.50000000e+00  2.12858687e+00 -1.97446142e-03 
 3.07750000e-09  3.07750000e-09  2.50000000e+00  2.50000000e+00  2.50000000e+00  2.12836984e+00 -1.86495371e-03 
 3.07850000e-09  3.07850000e-09  2.50000000e+00  2.50000000e+00  2.50000000e+00  2.12816859e+00 -1.76119729e-03 
 3.07950000e-09  3.07950000e-09  2.50000000e+00  2.50000000e+00  2.50000000e+00  2.12798196e+00 -1.66291843e-03 
 3.08050000e-09  3.08050000e-09  2.50000000e+00  2.50000000e+00  2.50000000e+00  2.12780888e+00 -1.56985379e-03 
 3.08150000e-09  3.08150000e-09  2.50000000e+00  2.50000000e+00  2.50000000e+00  2.12764835e+00 -1.48175032e-03 
 3.08250000e-09  3.08250000e-09  2.50000000e+00  2.50000000e+00  2.50000000e+00  2.12749944e+00 -1.39836510e-03 
 3.08350000e-09  3.08350000e-09  2.50000000e+00  2.50000000e+00  2.50000000e+00  2.12736129e+00 -1.31946513e-03 
 3.08450000e-09  3.08450000e-09  2.50000000e+00  2.50000000e+00  2.50000000e+00  2.12723312e+00 -1.24482715e-03 
 3.08550000e-09  3.08550000e-09  2.50000000e+00  2.50000000e+00  2.50000000e+00  2.12711420e+00 -1.17423738e-03 
 3.08650000e-09  3.08650000e-09  2.50000000e+00  2.50000000e+00  2.50000000e+00  2.12700384e+00 -1.10749126e-03 
 3.08750000e-09  3.08750000e-09  2.50000000e+00  2.50000000e+00  2.50000000e+00  2.12690143e+00 -1.04439326e-03 
 3.08850000e-09  3.08850000e-09  2.50000000e+00  2.50000000e+00  2.50000000e+00  2.12680638e+00 -9.84756533e-04 
 3.08950000e-09  3.08950000e-09  2.50000000e+00  2.50000000e+00  2.50000000e+00  2.12671815e+00 -9.28402706e-04 
 3.09050000e-09  3.09050000e-09  2.50000000e+00  2.50000000e+00  2.50000000e+00  2.12663624e+00 -8.75161568e-04 
 3.09150000e-09  3.09150000e-09  2.50000000e+00  2.50000000e+00  2.50000000e+00  2.12656021e+00 -8.24870805e-04 
 3.09250000e-09  3.09250000e-09  2.50000000e+00  2.50000000e+00  2.50000000e+00  2.12648961e+00 -7.77375717e-04 
 3.09350000e-09  3.09350000e-09  2.50000000e+00  2.50000000e+00  2.50000000e+00  2.12642405e+00 -7.32528941e-04 
 3.09450000e-09  3.09450000e-09  2.50000000e+00  2.50000000e+00  2.50000000e+00  2.12636317e+00 -6.90190176e-04 
 3.09550000e-09  3.09550000e-09  2.50000000e+00  2.50000000e+00  2.50000000e+00  2.12630664e+00 -6.50225906e-04 
 3.09650000e-09  3.09650000e-09  2.50000000e+00  2.50000000e+00  2.50000000e+00  2.12625412e+00 -6.12509136e-04 
 3.09750000e-09  3.09750000e-09  2.50000000e+00  2.50000000e+00  2.50000000e+00  2.12620534e+00 -5.76919123e-04 
 3.09850000e-09  3.09850000e-09  2.50000000e+00  2.50000000e+00  2.50000000e+00  2.12616003e+00 -5.43341119e-04 
 3.09950000e-09  3.09950000e-09  2.50000000e+00  2.50000000e+00  2.50000000e+00  2.12611793e+00 -5.11666120e-04 
 3.10050000e-09  3.10050000e-09  2.50000000e+00  2.50000000e+00  2.50000000e+00  2.12607881e+00 -4.81790613e-04 
 3.10150000e-09  3.10150000e-09  2.50000000e+00  2.50000000e+00  2.50000000e+00  2.12604246e+00 -4.53616343e-04 
 3.10250000e-09  3.10250000e-09  2.50000000e+00  2.50000000e+00  2.50000000e+00  2.12600868e+00 -4.27050076e-04 
 3.10350000e-09  3.10350000e-09  2.50000000e+00  2.50000000e+00  2.50000000e+00  2.12597728e+00 -4.02003374e-04 
 3.10450000e-09  3.10450000e-09  2.50000000e+00  2.50000000e+00  2.50000000e+00  2.12594810e+00 -3.78392376e-04 
 3.10550000e-09  3.10550000e-09  2.50000000e+00  2.50000000e+00  2.50000000e+00  2.12592097e+00 -3.56137585e-04 
 3.10650000e-09  3.10650000e-09  2.50000000e+00  2.50000000e+00  2.50000000e+00  2.12589575e+00 -3.35163669e-04 
 3.10750000e-09  3.10750000e-09  2.50000000e+00  2.50000000e+00  2.50000000e+00  2.12587231e+00 -3.15399257e-04 
 3.10850000e-09  3.10850000e-09  2.50000000e+00  2.50000000e+00  2.50000000e+00  2.12585051e+00 -2.96776758e-04 
 3.10950000e-09  3.10950000e-09  2.50000000e+00  2.50000000e+00  2.50000000e+00  2.12583023e+00 -2.79232170e-04 
 3.11050000e-09  3.11050000e-09  2.50000000e+00  2.50000000e+00  2.50000000e+00  2.12581138e+00 -2.62704913e-04 
 3.11150000e-09  3.11150000e-09  2.50000000e+00  2.50000000e+00  2.50000000e+00  2.12579384e+00 -2.47137656e-04 
 3.11250000e-09  3.11250000e-09  2.50000000e+00  2.50000000e+00  2.50000000e+00  2.12577753e+00 -2.32476159e-04 
 3.11350000e-09  3.11350000e-09  2.50000000e+00  2.50000000e+00  2.50000000e+00  2.12576236e+00 -2.18669117e-04 
 3.11450000e-09  3.11450000e-09  2.50000000e+00  2.50000000e+00  2.50000000e+00  2.12574825e+00 -2.05668011e-04 
 3.11550000e-09  3.11550000e-09  2.50000000e+00  2.50000000e+00  2.50000000e+00  2.12573511e+00 -1.93426972e-04 
 3.11650000e-09  3.11650000e-09  2.50000000e+00  2.50000000e+00  2.50000000e+00  2.12572289e+00 -1.81902640e-04 
 3.11750000e-09  3.11750000e-09  2.50000000e+00  2.50000000e+00  2.50000000e+00  2.12571152e+00 -1.71054038e-04 
 3.11850000e-09  3.11850000e-09  2.50000000e+00  2.50000000e+00  2.50000000e+00  2.12570094e+00 -1.60842451e-04 
 3.11925000e-09  3.11925000e-09  2.50000000e+00  2.50000000e+00  2.50000000e+00  2.12569349e+00 -1.53580651e-04 
 3.12000000e-09  3.12000000e-09  2.50000000e+00  2.50000000e+00  2.50000000e+00  2.12568643e+00 -1.46641800e-04 
 3.12010000e-09  3.12010000e-09  2.50000000e+00  2.48750000e+00  2.50000000e+00  2.12546665e+00 -1.66297559e-04 
 3.12030000e-09  3.12030000e-09  2.50000000e+00  2.46250000e+00  2.50000000e+00  2.12507687e+00 -2.00670065e-04 
 3.12070000e-09  3.12070000e-09  2.50000000e+00  2.41250000e+00  2.50000000e+00  2.12460134e+00 -2.39680935e-04 
 3.12150000e-09  3.12150000e-09  2.50000000e+00  2.31250000e+00  2.50000000e+00  2.12485536e+00 -2.03689491e-04 
 3.12250000e-09  3.12250000e-09  2.50000000e+00  2.18750000e+00  2.50000000e+00  2.12729292e+00  3.25433644e-05 
 3.12350000e-09  3.12350000e-09  2.50000000e+00  2.06250000e+00  2.50000000e+00  2.13184457e+00  4.46620977e-04 
 3.12450000e-09  3.12450000e-09  2.50000000e+00  1.93750000e+00  2.50000000e+00  2.13826620e+00  1.00439752e-03 
 3.12550000e-09  3.12550000e-09  2.50000000e+00  1.81250000e+00  2.50000000e+00  2.14636069e+00  1.67807519e-03 
 3.12650000e-09  3.12650000e-09  2.50000000e+00  1.68750000e+00  2.50000000e+00  2.15596020e+00  2.44416324e-03 
 3.12750000e-09  3.12750000e-09  2.50000000e+00  1.56250000e+00  2.50000000e+00  2.16691050e+00  3.28176744e-03 
 3.12850000e-09  3.12850000e-09  2.50000000e+00  1.43750000e+00  2.50000000e+00  2.17906150e+00  4.17157313e-03 
 3.12950000e-09  3.12950000e-09  2.50000000e+00  1.31250000e+00  2.50000000e+00  2.19226144e+00  5.09524029e-03 
 3.13050000e-09  3.13050000e-09  2.50000000e+00  1.18750000e+00  2.50000000e+00  2.20635289e+00  6.03501905e-03 
 3.13150000e-09  3.13150000e-09  2.50000000e+00  1.06250000e+00  2.50000000e+00  2.22116963e+00  6.97347385e-03 
 3.13250000e-09  3.13250000e-09  2.50000000e+00  9.37500000e-01  2.50000000e+00  2.23653358e+00  7.89324640e-03 
 3.13350000e-09  3.13350000e-09  2.50000000e+00  8.12500000e-01  2.50000000e+00  2.25225144e+00  8.77680933e-03 
 3.13450000e-09  3.13450000e-09  2.50000000e+00  6.87500000e-01  2.50000000e+00  2.26811114e+00  9.60622995e-03 
 3.13550000e-09  3.13550000e-09  2.50000000e+00  5.62500000e-01  2.50000000e+00  2.28387679e+00  1.03628172e-02 
 3.13650000e-09  3.13650000e-09  2.50000000e+00  4.37500000e-01  2.50000000e+00  2.29927683e+00  1.10261787e-02 
 3.13750000e-09  3.13750000e-09  2.50000000e+00  3.12500000e-01  2.50000000e+00  2.31398853e+00  1.15730207e-02 
 3.13850000e-09  3.13850000e-09  2.50000000e+00  1.87500000e-01  2.50000000e+00  2.32768766e+00  1.19819596e-02 
 3.13925000e-09  3.13925000e-09  2.50000000e+00  9.37500000e-02  2.50000000e+00  2.33721497e+00  1.21963804e-02 
 3.14000000e-09  3.14000000e-09  2.50000000e+00  0.00000000e+00  2.50000000e+00  2.34613749e+00  1.23401501e-02 
 3.14010000e-09  3.14010000e-09  2.50000000e+00  0.00000000e+00  2.50000000e+00  2.34752509e+00  1.23769059e-02 
 3.14030000e-09  3.14030000e-09  2.50000000e+00  0.00000000e+00  2.50000000e+00  2.35027634e+00  1.24474817e-02 
 3.14070000e-09  3.14070000e-09  2.50000000e+00  0.00000000e+00  2.50000000e+00  2.35563614e+00  1.25713800e-02 
 3.14150000e-09  3.14150000e-09  2.50000000e+00  0.00000000e+00  2.50000000e+00  2.36580729e+00  1.27548424e-02 
 3.14250000e-09  3.14250000e-09  2.50000000e+00  0.00000000e+00  2.50000000e+00  2.37752600e+00  1.28730182e-02 
 3.14350000e-09  3.14350000e-09  2.50000000e+00  0.00000000e+00  2.50000000e+00  2.38819460e+00  1.28813919e-02 
 3.14450000e-09  3.14450000e-09  2.50000000e+00  0.00000000e+00  2.50000000e+00  2.39790121e+00  1.27966489e-02 
 3.14550000e-09  3.14550000e-09  2.50000000e+00  0.00000000e+00  2.50000000e+00  2.40673734e+00  1.26345953e-02 
 3.14650000e-09  3.14650000e-09  2.50000000e+00  0.00000000e+00  2.50000000e+00  2.41478501e+00  1.24090174e-02 
 3.14750000e-09  3.14750000e-09  2.50000000e+00  0.00000000e+00  2.50000000e+00  2.42211789e+00  1.21319112e-02 
 3.14850000e-09  3.14850000e-09  2.50000000e+00  0.00000000e+00  2.50000000e+00  2.42880226e+00  1.18136854e-02 
 3.14950000e-09  3.14950000e-09  2.50000000e+00  0.00000000e+00  2.50000000e+00  2.43489784e+00  1.14633442e-02 
 3.15050000e-09  3.15050000e-09  2.50000000e+00  0.00000000e+00  2.50000000e+00  2.44045850e+00  1.10886499e-02 
 3.15150000e-09  3.15150000e-09  2.50000000e+00  0.00000000e+00  2.50000000e+00  2.44553288e+00  1.06962696e-02 
 3.15250000e-09  3.15250000e-09  2.50000000e+00  0.00000000e+00  2.50000000e+00  2.45016496e+00  1.02919052e-02 
 3.15350000e-09  3.15350000e-09  2.50000000e+00  0.00000000e+00  2.50000000e+00  2.45439452e+00  9.88041035e-03 
 3.15450000e-09  3.15450000e-09  2.50000000e+00  0.00000000e+00  2.50000000e+00  2.45825760e+00  9.46589397e-03 
 3.15550000e-09  3.15550000e-09  2.50000000e+00  0.00000000e+00  2.50000000e+00  2.46178689e+00  9.05181250e-03 
 3.15650000e-09  3.15650000e-09  2.50000000e+00  0.00000000e+00  2.50000000e+00  2.46501199e+00  8.64105200e-03 
 3.15750000e-09  3.15750000e-09  2.50000000e+00  0.00000000e+00  2.50000000e+00  2.46795982e+00  8.23600091e-03 
 3.15850000e-09  3.15850000e-09  2.50000000e+00  0.00000000e+00  2.50000000e+00  2.47065479e+00  7.83861453e-03 
 3.15950000e-09  3.15950000e-09  2.50000000e+00  0.00000000e+00  2.50000000e+00  2.47311911e+00  7.45047213e-03 
 3.16050000e-09  3.16050000e-09  2.50000000e+00  0.00000000e+00  2.50000000e+00  2.47537401e+00  7.07290141e-03 
 3.16150000e-09  3.16150000e-09  2.50000000e+00  0.00000000e+00  2.50000000e+00  2.47743672e+00  6.70678649e-03 
 3.16250000e-09  3.16250000e-09  2.50000000e+00  0.00000000e+00  2.50000000e+00  2.47932364e+00  6.35283599e-03 
 3.16350000e-09  3.16350000e-09  2.50000000e+00  0.00000000e+00  2.50000000e+00  2.48105034e+00  6.01160348e-03 
 3.16450000e-09  3.16450000e-09  2.50000000e+00  0.00000000e+00  2.50000000e+00  2.48263047e+00  5.68342015e-03 
 3.16550000e-09  3.16550000e-09  2.50000000e+00  0.00000000e+00  2.50000000e+00  2.48407690e+00  5.36850220e-03 
 3.16650000e-09  3.16650000e-09  2.50000000e+00  0.00000000e+00  2.50000000e+00  2.48540099e+00  5.06690818e-03 
 3.16750000e-09  3.16750000e-09  2.50000000e+00  0.00000000e+00  2.50000000e+00  2.48661372e+00  4.77863253e-03 
 3.16850000e-09  3.16850000e-09  2.50000000e+00  0.00000000e+00  2.50000000e+00  2.48772423e+00  4.50351922e-03 
 3.16950000e-09  3.16950000e-09  2.50000000e+00  0.00000000e+00  2.50000000e+00  2.48874128e+00  4.24137201e-03 
 3.17050000e-09  3.17050000e-09  2.50000000e+00  0.00000000e+00  2.50000000e+00  2.48967288e+00  3.99193419e-03 
 3.17150000e-09  3.17150000e-09  2.50000000e+00  0.00000000e+00  2.50000000e+00  2.49052631e+00  3.75490035e-03 
 3.17250000e-09  3.17250000e-09  2.50000000e+00  0.00000000e+00  2.50000000e+00  2.49130825e+00  3.52992664e-03 
 3.17350000e-09  3.17350000e-09  2.50000000e+00  0.00000000e+00  2.50000000e+00  2.49202478e+00  3.31663954e-03 
 3.17450000e-09  3.17450000e-09  2.50000000e+00  0.00000000e+00  2.50000000e+00  2.49268145e+00  3.11464346e-03 
 3.17550000e-09  3.17550000e-09  2.50000000e+00  0.00000000e+00  2.50000000e+00  2.49328334e+00  2.92352721e-03 
 3.17650000e-09  3.17650000e-09  2.50000000e+00  0.00000000e+00  2.50000000e+00  2.49383509e+00  2.74286946e-03 
 3.17750000e-09  3.17750000e-09  2.50000000e+00  0.00000000e+00  2.50000000e+00  2.49434093e+00  2.57224351e-03 
 3.17850000e-09  3.17850000e-09  2.50000000e+00  0.00000000e+00  2.50000000e+00  2.49480474e+00  2.41122112e-03 
 3.17950000e-09  3.17950000e-09  2.50000000e+00  0.00000000e+00  2.50000000e+00  2.49523006e+00  2.25937593e-03 
 3.18050000e-09  3.18050000e-09  2.50000000e+00  0.00000000e+00  2.50000000e+00  2.49562012e+00  2.11628608e-03 
 3.18150000e-09  3.18150000e-09  2.50000000e+00  0.00000000e+00  2.50000000e+00  2.49597790e+00  1.98153659e-03 
 3.18250000e-09  3.18250000e-09  2.50000000e+00  0.00000000e+00  2.50000000e+00  2.49630609e+00  1.85472110e-03 
 3.18350000e-09  3.18350000e-09  2.50000000e+00  0.00000000e+00  2.50000000e+00  2.49660718e+00  1.73544341e-03 
 3.18450000e-09  3.18450000e-09  2.50000000e+00  0.00000000e+00  2.50000000e+00  2.49688343e+00  1.62331858e-03 
 3.18550000e-09  3.18550000e-09  2.50000000e+00  0.00000000e+00  2.50000000e+00  2.49713692e+00  1.51797387e-03 
 3.18650000e-09  3.18650000e-09  2.50000000e+00  0.00000000e+00  2.50000000e+00  2.49736955e+00  1.41904938e-03 
 3.18750000e-09  3.18750000e-09  2.50000000e+00  0.00000000e+00  2.50000000e+00  2.49758306e+00  1.32619846e-03 
 3.18850000e-09  3.18850000e-09  2.50000000e+00  0.00000000e+00  2.50000000e+00  2.49777903e+00  1.23908807e-03 
 3.18950000e-09  3.18950000e-09  2.50000000e+00  0.00000000e+00  2.50000000e+00  2.49795893e+00  1.15739886e-03 
 3.19050000e-09  3.19050000e-09  2.50000000e+00  0.00000000e+00  2.50000000e+00  2.49812409e+00  1.08082523e-03 
 3.19150000e-09  3.19150000e-09  2.50000000e+00  0.00000000e+00  2.50000000e+00  2.49827573e+00  1.00907523e-03 
 3.19250000e-09  3.19250000e-09  2.50000000e+00  0.00000000e+00  2.50000000e+00  2.49841497e+00  9.41870401e-04 
 3.19350000e-09  3.19350000e-09  2.50000000e+00  0.00000000e+00  2.50000000e+00  2.49854285e+00  8.78945553e-04 
 3.19450000e-09  3.19450000e-09  2.50000000e+00  0.00000000e+00  2.50000000e+00  2.49866029e+00  8.20048461e-04 
 3.19550000e-09  3.19550000e-09  2.50000000e+00  0.00000000e+00  2.50000000e+00  2.49876816e+00  7.64939537e-04 
 3.19650000e-09  3.19650000e-09  2.50000000e+00  0.00000000e+00  2.50000000e+00  2.49886725e+00  7.13391467e-04 
 3.19750000e-09  3.19750000e-09  2.50000000e+00  0.00000000e+00  2.50000000e+00  2.49895827e+00  6.65188811e-04 
 3.19850000e-09  3.19850000e-09  2.50000000e+00  0.00000000e+00  2.50000000e+00  2.49904191e+00  6.20127587e-04 
 3.19950000e-09  3.19950000e-09  2.50000000e+00  0.00000000e+00  2.50000000e+00  2.49911876e+00  5.78014851e-04 
 3.20050000e-09  3.20050000e-09  2.50000000e+00  0.00000000e+00  2.50000000e+00  2.49918937e+00  5.38668254e-04 
 3.20150000e-09  3.20150000e-09  2.50000000e+00  0.00000000e+00  2.50000000e+00  2.49925427e+00  5.01915602e-04 
 3.20250000e-09  3.20250000e-09  2.50000000e+00  0.00000000e+00  2.50000000e+00  2.49931391e+00  4.67594424e-04 
 3.20350000e-09  3.20350000e-09  2.50000000e+00  0.00000000e+00  2.50000000e+00  2.49936874e+00  4.35551528e-04 
 3.20450000e-09  3.20450000e-09  2.50000000e+00  0.00000000e+00  2.50000000e+00  2.49941913e+00  4.05642571e-04 
 3.20550000e-09  3.20550000e-09  2.50000000e+00  0.00000000e+00  2.50000000e+00  2.49946547e+00  3.77731642e-04 
 3.20650000e-09  3.20650000e-09  2.50000000e+00  0.00000000e+00  2.50000000e+00  2.49950806e+00  3.51690841e-04 
 3.20750000e-09  3.20750000e-09  2.50000000e+00  0.00000000e+00  2.50000000e+00  2.49954723e+00  3.27399882e-04 
 3.20850000e-09  3.20850000e-09  2.50000000e+00  0.00000000e+00  2.50000000e+00  2.49958325e+00  3.04745697e-04 
 3.20950000e-09  3.20950000e-09  2.50000000e+00  0.00000000e+00  2.50000000e+00  2.49961637e+00  2.83622064e-04 
 3.21050000e-09  3.21050000e-09  2.50000000e+00  0.00000000e+00  2.50000000e+00  2.49964683e+00  2.63929238e-04 
 3.21150000e-09  3.21150000e-09  2.50000000e+00  0.00000000e+00  2.50000000e+00  2.49967485e+00  2.45573603e-04 
 3.21250000e-09  3.21250000e-09  2.50000000e+00  0.00000000e+00  2.50000000e+00  2.49970063e+00  2.28467331e-04 
 3.21350000e-09  3.21350000e-09  2.50000000e+00  0.00000000e+00  2.50000000e+00  2.49972434e+00  2.12528065e-04 
 3.21450000e-09  3.21450000e-09  2.50000000e+00  0.00000000e+00  2.50000000e+00  2.49974615e+00  1.97678605e-04 
 3.21550000e-09  3.21550000e-09  2.50000000e+00  0.00000000e+00  2.50000000e+00  2.49976622e+00  1.83846616e-04 
 3.21650000e-09  3.21650000e-09  2.50000000e+00  0.00000000e+00  2.50000000e+00  2.49978469e+00  1.70964344e-04 
 3.21750000e-09  3.21750000e-09  2.50000000e+00  0.00000000e+00  2.50000000e+00  2.49980169e+00  1.58968353e-04 
 3.21850000e-09  3.21850000e-09  2.50000000e+00  0.00000000e+00  2.50000000e+00  2.49981733e+00  1.47799267e-04 
 3.21950000e-09  3.21950000e-09  2.50000000e+00  0.00000000e+00  2.50000000e+00  2.49983172e+00  1.37401526e-04 
 3.22050000e-09  3.22050000e-09  2.50000000e+00  0.00000000e+00  2.50000000e+00  2.49984497e+00  1.27723163e-04 
 3.22150000e-09  3.22150000e-09  2.50000000e+00  0.00000000e+00  2.50000000e+00  2.49985717e+00  1.18715582e-04 
 3.22250000e-09  3.22250000e-09  2.50000000e+00  0.00000000e+00  2.50000000e+00  2.49986840e+00  1.10333354e-04 
 3.22350000e-09  3.22350000e-09  2.50000000e+00  0.00000000e+00  2.50000000e+00  2.49987874e+00  1.02534022e-04 
 3.22450000e-09  3.22450000e-09  2.50000000e+00  0.00000000e+00  2.50000000e+00  2.49988825e+00  9.52779162e-05 
 3.22550000e-09  3.22550000e-09  2.50000000e+00  0.00000000e+00  2.50000000e+00  2.49989702e+00  8.85279830e-05 
 3.22650000e-09  3.22650000e-09  2.50000000e+00  0.00000000e+00  2.50000000e+00  2.49990509e+00  8.22496188e-05 
 3.22750000e-09  3.22750000e-09  2.50000000e+00  0.00000000e+00  2.50000000e+00  2.49991252e+00  7.64105166e-05 
 3.22850000e-09  3.22850000e-09  2.50000000e+00  0.00000000e+00  2.50000000e+00  2.49991937e+00  7.09805205e-05 
 3.22950000e-09  3.22950000e-09  2.50000000e+00  0.00000000e+00  2.50000000e+00  2.49992567e+00  6.59314885e-05 
 3.23050000e-09  3.23050000e-09  2.50000000e+00  0.00000000e+00  2.50000000e+00  2.49993148e+00  6.12371638e-05 
 3.23150000e-09  3.23150000e-09  2.50000000e+00  0.00000000e+00  2.50000000e+00  2.49993683e+00  5.68730533e-05 
 3.23250000e-09  3.23250000e-09  2.50000000e+00  0.00000000e+00  2.50000000e+00  2.49994176e+00  5.28163138e-05 
 3.23350000e-09  3.23350000e-09  2.50000000e+00  0.00000000e+00  2.50000000e+00  2.49994630e+00  4.90456453e-05 
 3.23450000e-09  3.23450000e-09  2.50000000e+00  0.00000000e+00  2.50000000e+00  2.49995048e+00  4.55411898e-05 
 3.23550000e-09  3.23550000e-09  2.50000000e+00  0.00000000e+00  2.50000000e+00  2.49995434e+00  4.22844374e-05 
 3.23650000e-09  3.23650000e-09  2.50000000e+00  0.00000000e+00  2.50000000e+00  2.49995789e+00  3.92581378e-05 
 3.23750000e-09  3.23750000e-09  2.50000000e+00  0.00000000e+00  2.50000000e+00  2.49996116e+00  3.64462170e-05 
 3.23850000e-09  3.23850000e-09  2.50000000e+00  0.00000000e+00  2.50000000e+00  2.49996418e+00  3.38336998e-05 
 3.23950000e-09  3.23950000e-09  2.50000000e+00  0.00000000e+00  2.50000000e+00  2.49996696e+00  3.14066369e-05 
 3.24050000e-09  3.24050000e-09  2.50000000e+00  0.00000000e+00  2.50000000e+00  2.49996953e+00  2.91520362e-05 
 3.24150000e-09  3.24150000e-09  2.50000000e+00  0.00000000e+00  2.50000000e+00  2.49997189e+00  2.70577995e-05 
 3.24250000e-09  3.24250000e-09  2.50000000e+00  0.00000000e+00  2.50000000e+00  2.49997407e+00  2.51126620e-05 
 3.24350000e-09  3.24350000e-09  2.50000000e+00  0.00000000e+00  2.50000000e+00  2.49997607e+00  2.33061369e-05 
 3.24450000e-09  3.24450000e-09  2.50000000e+00  0.00000000e+00  2.50000000e+00  2.49997793e+00  2.16284625e-05 
 3.24550000e-09  3.24550000e-09  2.50000000e+00  0.00000000e+00  2.50000000e+00  2.49997963e+00  2.00705537e-05 
 3.24650000e-09  3.24650000e-09  2.50000000e+00  0.00000000e+00  2.50000000e+00  2.49998121e+00  1.86239559e-05 
 3.24750000e-09  3.24750000e-09  2.50000000e+00  0.00000000e+00  2.50000000e+00  2.49998266e+00  1.72808021e-05 
 3.24850000e-09  3.24850000e-09  2.50000000e+00  0.00000000e+00  2.50000000e+00  2.49998400e+00  1.60337733e-05 
 3.24950000e-09  3.24950000e-09  2.50000000e+00  0.00000000e+00  2.50000000e+00  2.49998523e+00  1.48760608e-05 
 3.25050000e-09  3.25050000e-09  2.50000000e+00  0.00000000e+00  2.50000000e+00  2.49998637e+00  1.38013315e-05 
 3.25150000e-09  3.25150000e-09  2.50000000e+00  0.00000000e+00  2.50000000e+00  2.49998742e+00  1.28036953e-05 
 3.25250000e-09  3.25250000e-09  2.50000000e+00  0.00000000e+00  2.50000000e+00  2.49998839e+00  1.18776747e-05 
 3.25350000e-09  3.25350000e-09  2.50000000e+00  0.00000000e+00  2.50000000e+00  2.49998928e+00  1.10181762e-05 
 3.25450000e-09  3.25450000e-09  2.50000000e+00  0.00000000e+00  2.50000000e+00  2.49999011e+00  1.02204643e-05 
 3.25550000e-09  3.25550000e-09  2.50000000e+00  0.00000000e+00  2.50000000e+00  2.49999087e+00  9.48013642e-06 
 3.25650000e-09  3.25650000e-09  2.50000000e+00  0.00000000e+00  2.50000000e+00  2.49999157e+00  8.79310000e-06 
 3.25750000e-09  3.25750000e-09  2.50000000e+00  0.00000000e+00  2.50000000e+00  2.49999222e+00  8.15555100e-06 
 3.25850000e-09  3.25850000e-09  2.50000000e+00  0.00000000e+00  2.50000000e+00  2.49999281e+00  7.56395390e-06 
 3.25950000e-09  3.25950000e-09  2.50000000e+00  0.00000000e+00  2.50000000e+00  2.49999337e+00  7.01502303e-06 
 3.26050000e-09  3.26050000e-09  2.50000000e+00  0.00000000e+00  2.50000000e+00  2.49999387e+00  6.50570516e-06 
 3.26150000e-09  3.26150000e-09  2.50000000e+00  0.00000000e+00  2.50000000e+00  2.49999434e+00  6.03316330e-06 
 3.26250000e-09  3.26250000e-09  2.50000000e+00  0.00000000e+00  2.50000000e+00  2.49999478e+00  5.59476161e-06 
 3.26350000e-09  3.26350000e-09  2.50000000e+00  0.00000000e+00  2.50000000e+00  2.49999518e+00  5.18805132e-06 
 3.26450000e-09  3.26450000e-09  2.50000000e+00  0.00000000e+00  2.50000000e+00  2.49999555e+00  4.81075762e-06 
 3.26550000e-09  3.26550000e-09  2.50000000e+00  0.00000000e+00  2.50000000e+00  2.49999589e+00  4.46076748e-06 
 3.26650000e-09  3.26650000e-09  2.50000000e+00  0.00000000e+00  2.50000000e+00  2.49999620e+00  4.13611827e-06 
 3.26750000e-09  3.26750000e-09  2.50000000e+00  0.00000000e+00  2.50000000e+00  2.49999649e+00  3.83498721e-06 
 3.26850000e-09  3.26850000e-09  2.50000000e+00  0.00000000e+00  2.50000000e+00  2.49999676e+00  3.55568149e-06 
 3.26950000e-09  3.26950000e-09  2.50000000e+00  0.00000000e+00  2.50000000e+00  2.49999701e+00  3.29662913e-06 
 3.27050000e-09  3.27050000e-09  2.50000000e+00  0.00000000e+00  2.50000000e+00  2.49999723e+00  3.05637045e-06 
 3.27150000e-09  3.27150000e-09  2.50000000e+00  0.00000000e+00  2.50000000e+00  2.49999744e+00  2.83355012e-06 
 3.27250000e-09  3.27250000e-09  2.50000000e+00  0.00000000e+00  2.50000000e+00  2.49999764e+00  2.62690982e-06 
 3.27350000e-09  3.27350000e-09  2.50000000e+00  0.00000000e+00  2.50000000e+00  2.49999782e+00  2.43528130e-06 
 3.27450000e-09  3.27450000e-09  2.50000000e+00  0.00000000e+00  2.50000000e+00  2.49999799e+00  2.25758007e-06 
 3.27550000e-09  3.27550000e-09  2.50000000e+00  0.00000000e+00  2.50000000e+00  2.49999814e+00  2.09279940e-06 
 3.27650000e-09  3.27650000e-09  2.50000000e+00  0.00000000e+00  2.50000000e+00  2.49999828e+00  1.94000483e-06 
 3.27750000e-09  3.27750000e-09  2.50000000e+00  0.00000000e+00  2.50000000e+00  2.49999841e+00  1.79832900e-06 
 3.27850000e-09  3.27850000e-09  2.50000000e+00  0.00000000e+00  2.50000000e+00  2.49999853e+00  1.66696692e-06 
 3.27950000e-09  3.27950000e-09  2.50000000e+00  0.00000000e+00  2.50000000e+00  2.49999864e+00  1.54517147e-06 
 3.28050000e-09  3.28050000e-09  2.50000000e+00  0.00000000e+00  2.50000000e+00  2.49999875e+00  1.43224933e-06 
 3.28150000e-09  3.28150000e-09  2.50000000e+00  0.00000000e+00  2.50000000e+00  2.49999884e+00  1.32755709e-06 
 3.28250000e-09  3.28250000e-09  2.50000000e+00  0.00000000e+00  2.50000000e+00  2.49999893e+00  1.23049773e-06 
 3.28350000e-09  3.28350000e-09  2.50000000e+00  0.00000000e+00  2.50000000e+00  2.49999901e+00  1.14051727e-06 
 3.28450000e-09  3.28450000e-09  2.50000000e+00  0.00000000e+00  2.50000000e+00  2.49999909e+00  1.05710170e-06 
 3.28550000e-09  3.28550000e-09  2.50000000e+00  0.00000000e+00  2.50000000e+00  2.49999915e+00  9.79774115e-07 
 3.28650000e-09  3.28650000e-09  2.50000000e+00  0.00000000e+00  2.50000000e+00  2.49999922e+00  9.08092081e-07 
 3.28750000e-09  3.28750000e-09  2.50000000e+00  0.00000000e+00  2.50000000e+00  2.49999928e+00  8.41645128e-07 
 3.28850000e-09  3.28850000e-09  2.50000000e+00  0.00000000e+00  2.50000000e+00  2.49999933e+00  7.80052475e-07 
 3.28950000e-09  3.28950000e-09  2.50000000e+00  0.00000000e+00  2.50000000e+00  2.49999938e+00  7.22960893e-07 
 3.29050000e-09  3.29050000e-09  2.50000000e+00  0.00000000e+00  2.50000000e+00  2.49999943e+00  6.70042727e-07 
 3.29150000e-09  3.29150000e-09  2.50000000e+00  0.00000000e+00  2.50000000e+00  2.49999947e+00  6.20994053e-07 
 3.29250000e-09  3.29250000e-09  2.50000000e+00  0.00000000e+00  2.50000000e+00  2.49999951e+00  5.75532975e-07 
 3.29350000e-09  3.29350000e-09  2.50000000e+00  0.00000000e+00  2.50000000e+00  2.49999955e+00  5.33398035e-07 
 3.29450000e-09  3.29450000e-09  2.50000000e+00  0.00000000e+00  2.50000000e+00  2.49999958e+00  4.94346741e-07 
 3.29550000e-09  3.29550000e-09  2.50000000e+00  0.00000000e+00  2.50000000e+00  2.49999961e+00  4.58154200e-07 
 3.29650000e-09  3.29650000e-09  2.50000000e+00  0.00000000e+00  2.50000000e+00  2.49999964e+00  4.24611848e-07 
 3.29750000e-09  3.29750000e-09  2.50000000e+00  0.00000000e+00  2.50000000e+00  2.49999967e+00  3.93526270e-07 
 3.29850000e-09  3.29850000e-09  2.50000000e+00  0.00000000e+00  2.50000000e+00  2.49999969e+00  3.64718109e-07 
 3.29950000e-09  3.29950000e-09  2.50000000e+00  0.00000000e+00  2.50000000e+00  2.49999972e+00  3.38021046e-07 
 3.30050000e-09  3.30050000e-09  2.50000000e+00  0.00000000e+00  2.50000000e+00  2.49999974e+00  3.13280860e-07 
 3.30150000e-09  3.30150000e-09  2.50000000e+00  0.00000000e+00  2.50000000e+00  2.49999976e+00  2.90354550e-07 
 3.30250000e-09  3.30250000e-09  2.50000000e+00  0.00000000e+00  2.50000000e+00  2.49999978e+00  2.69109526e-07 
 3.30350000e-09  3.30350000e-09  2.50000000e+00  0.00000000e+00  2.50000000e+00  2.49999979e+00  2.49422853e-07 
 3.30450000e-09  3.30450000e-09  2.50000000e+00  0.00000000e+00  2.50000000e+00  2.49999981e+00  2.31180551e-07 
 3.30550000e-09  3.30550000e-09  2.50000000e+00  0.00000000e+00  2.50000000e+00  2.49999982e+00  2.14276946e-07 
 3.30650000e-09  3.30650000e-09  2.50000000e+00  0.00000000e+00  2.50000000e+00  2.49999984e+00  1.98614069e-07 
 3.30750000e-09  3.30750000e-09  2.50000000e+00  0.00000000e+00  2.50000000e+00  2.49999985e+00  1.84101095e-07 
 3.30850000e-09  3.30850000e-09  2.50000000e+00  0.00000000e+00  2.50000000e+00  2.49999986e+00  1.70653825e-07 
 3.30950000e-09  3.30950000e-09  2.50000000e+00  0.00000000e+00  2.50000000e+00  2.49999987e+00  1.58194205e-07 
 3.31050000e-09  3.31050000e-09  2.50000000e+00  0.00000000e+00  2.50000000e+00  2.49999988e+00  1.46649879e-07 
 3.31150000e-09  3.31150000e-09  2.50000000e+00  0.00000000e+00  2.50000000e+00  2.49999989e+00  1.35953774e-07 
 3.31250000e-09  3.31250000e-09  2.50000000e+00  0.00000000e+00  2.50000000e+00  2.49999990e+00  1.26043719e-07 
 3.31350000e-09  3.31350000e-09  2.50000000e+00  0.00000000e+00  2.50000000e+00  2.49999990e+00  1.16862084e-07 
 3.31450000e-09  3.31450000e-09  2.50000000e+00  0.00000000e+00  2.50000000e+00  2.49999991e+00  1.08355452e-07 
 3.31550000e-09  3.31550000e-09  2.50000000e+00  0.00000000e+00  2.50000000e+00  2.49999992e+00  1.00474313e-07 
 3.31650000e-09  3.31650000e-09  2.50000000e+00  0.00000000e+00  2.50000000e+00  2.49999992e+00  9.31727753e-08 
 3.31750000e-09  3.31750000e-09  2.50000000e+00  0.00000000e+00  2.50000000e+00  2.49999993e+00  8.64083072e-08 
 3.31850000e-09  3.31850000e-09  2.50000000e+00  0.00000000e+00  2.50000000e+00  2.49999994e+00  8.01414885e-08 
 3.31950000e-09  3.31950000e-09  2.50000000e+00  0.00000000e+00  2.50000000e+00  2.49999994e+00  7.43357849e-08 
 3.32050000e-09  3.32050000e-09  2.50000000e+00  0.00000000e+00  2.50000000e+00  2.49999994e+00  6.89573369e-08 
 3.32150000e-09  3.32150000e-09  2.50000000e+00  0.00000000e+00  2.50000000e+00  2.49999995e+00  6.39747648e-08 
 3.32250000e-09  3.32250000e-09  2.50000000e+00  0.00000000e+00  2.50000000e+00  2.49999995e+00  5.93589878e-08 
 3.32350000e-09  3.32350000e-09  2.50000000e+00  0.00000000e+00  2.50000000e+00  2.49999996e+00  5.50830563e-08 
 3.32450000e-09  3.32450000e-09  2.50000000e+00  0.00000000e+00  2.50000000e+00  2.49999996e+00  5.11219957e-08 
 3.32550000e-09  3.32550000e-09  2.50000000e+00  0.00000000e+00  2.50000000e+00  2.49999996e+00  4.74526625e-08 
 3.32650000e-09  3.32650000e-09  2.50000000e+00  0.00000000e+00  2.50000000e+00  2.49999996e+00  4.40536104e-08 
 3.32750000e-09  3.32750000e-09  2.50000000e+00  0.00000000e+00  2.50000000e+00  2.49999997e+00  4.09049661e-08 
 3.32850000e-09  3.32850000e-09  2.50000000e+00  0.00000000e+00  2.50000000e+00  2.49999997e+00  3.79883138e-08 
 3.32950000e-09  3.32950000e-09  2.50000000e+00  0.00000000e+00  2.50000000e+00  2.49999997e+00  3.52865897e-08 
 3.33050000e-09  3.33050000e-09  2.50000000e+00  0.00000000e+00  2.50000000e+00  2.49999997e+00  3.27839825e-08 
 3.33150000e-09  3.33150000e-09  2.50000000e+00  0.00000000e+00  2.50000000e+00  2.49999998e+00  3.04658412e-08 
 3.33250000e-09  3.33250000e-09  2.50000000e+00  0.00000000e+00  2.50000000e+00  2.49999998e+00  2.83185907e-08 
 3.33350000e-09  3.33350000e-09  2.50000000e+00  0.00000000e+00  2.50000000e+00  2.49999998e+00  2.63296529e-08 
 3.33450000e-09  3.33450000e-09  2.50000000e+00  0.00000000e+00  2.50000000e+00  2.49999998e+00  2.44873737e-08 
 3.33550000e-09  3.33550000e-09  2.50000000e+00  0.00000000e+00  2.50000000e+00  2.49999998e+00  2.27809553e-08 
 3.33650000e-09  3.33650000e-09  2.50000000e+00  0.00000000e+00  2.50000000e+00  2.49999998e+00  2.12003935e-08 
 3.33750000e-09  3.33750000e-09  2.50000000e+00  0.00000000e+00  2.50000000e+00  2.49999998e+00  1.97364191e-08 
 3.33850000e-09  3.33850000e-09  2.50000000e+00  0.00000000e+00  2.50000000e+00  2.49999999e+00  1.83804445e-08 
 3.33950000e-09  3.33950000e-09  2.50000000e+00  0.00000000e+00  2.50000000e+00  2.49999999e+00  1.71245136e-08 
 3.34050000e-09  3.34050000e-09  2.50000000e+00  0.00000000e+00  2.50000000e+00  2.49999999e+00  1.59612551e-08 
 3.34150000e-09  3.34150000e-09  2.50000000e+00  0.00000000e+00  2.50000000e+00  2.49999999e+00  1.48838401e-08 
 3.34250000e-09  3.34250000e-09  2.50000000e+00  0.00000000e+00  2.50000000e+00  2.49999999e+00  1.38859420e-08 
 3.34350000e-09  3.34350000e-09  2.50000000e+00  0.00000000e+00  2.50000000e+00  2.49999999e+00  1.29616999e-08 
 3.34450000e-09  3.34450000e-09  2.50000000e+00  0.00000000e+00  2.50000000e+00  2.49999999e+00  1.21056839e-08 
 3.34550000e-09  3.34550000e-09  2.50000000e+00  0.00000000e+00  2.50000000e+00  2.49999999e+00  1.13128639e-08 
 3.34650000e-09  3.34650000e-09  2.50000000e+00  0.00000000e+00  2.50000000e+00  2.49999999e+00  1.05785802e-08 
 3.34750000e-09  3.34750000e-09  2.50000000e+00  0.00000000e+00  2.50000000e+00  2.49999999e+00  9.89851603e-09 
 3.34850000e-09  3.34850000e-09  2.50000000e+00  0.00000000e+00  2.50000000e+00  2.49999999e+00  9.26867244e-09 
 3.34950000e-09  3.34950000e-09  2.50000000e+00  0.00000000e+00  2.50000000e+00  2.49999999e+00  8.68534492e-09 
 3.35050000e-09  3.35050000e-09  2.50000000e+00  0.00000000e+00  2.50000000e+00  2.49999999e+00  8.14510207e-09 
 3.35150000e-09  3.35150000e-09  2.50000000e+00  0.00000000e+00  2.50000000e+00  2.49999999e+00  7.64476510e-09 
 3.35250000e-09  3.35250000e-09  2.50000000e+00  0.00000000e+00  2.50000000e+00  2.49999999e+00  7.18138951e-09 
 3.35350000e-09  3.35350000e-09  2.50000000e+00  0.00000000e+00  2.50000000e+00  2.49999999e+00  6.75224771e-09 
 3.35450000e-09  3.35450000e-09  2.50000000e+00  0.00000000e+00  2.50000000e+00  2.49999999e+00  6.35481312e-09 
 3.35550000e-09  3.35550000e-09  2.50000000e+00  0.00000000e+00  2.50000000e+00  2.49999999e+00  5.98674549e-09 
 3.35650000e-09  3.35650000e-09  2.50000000e+00  0.00000000e+00  2.50000000e+00  2.50000000e+00  5.64587696e-09 
 3.35750000e-09  3.35750000e-09  2.50000000e+00  0.00000000e+00  2.50000000e+00  2.50000000e+00  5.33019959e-09 
 3.35850000e-09  3.35850000e-09  2.50000000e+00  0.00000000e+00  2.50000000e+00  2.50000000e+00  5.03785352e-09 
 3.35950000e-09  3.35950000e-09  2.50000000e+00  0.00000000e+00  2.50000000e+00  2.50000000e+00  4.76711595e-09 
 3.36050000e-09  3.36050000e-09  2.50000000e+00  0.00000000e+00  2.50000000e+00  2.50000000e+00  4.51639098e-09 
 3.36150000e-09  3.36150000e-09  2.50000000e+00  0.00000000e+00  2.50000000e+00  2.50000000e+00  4.28420083e-09 
 3.36250000e-09  3.36250000e-09  2.50000000e+00  0.00000000e+00  2.50000000e+00  2.50000000e+00  4.06917650e-09 
 3.36350000e-09  3.36350000e-09  2.50000000e+00  0.00000000e+00  2.50000000e+00  2.50000000e+00  3.87004995e-09 
 3.36450000e-09  3.36450000e-09  2.50000000e+00  0.00000000e+00  2.50000000e+00  2.50000000e+00  3.68564693e-09 
 3.36550000e-09  3.36550000e-09  2.50000000e+00  0.00000000e+00  2.50000000e+00  2.50000000e+00  3.51487955e-09 
 3.36650000e-09  3.36650000e-09  2.50000000e+00  0.00000000e+00  2.50000000e+00  2.50000000e+00  3.35674039e-09 
 3.36750000e-09  3.36750000e-09  2.50000000e+00  0.00000000e+00  2.50000000e+00  2.50000000e+00  3.21029647e-09 
 3.36850000e-09  3.36850000e-09  2.50000000e+00  0.00000000e+00  2.50000000e+00  2.50000000e+00  3.07468348e-09 
 3.36950000e-09  3.36950000e-09  2.50000000e+00  0.00000000e+00  2.50000000e+00  2.50000000e+00  2.94910094e-09 
 3.37050000e-09  3.37050000e-09  2.50000000e+00  0.00000000e+00  2.50000000e+00  2.50000000e+00  2.83280752e-09 
 3.37150000e-09  3.37150000e-09  2.50000000e+00  0.00000000e+00  2.50000000e+00  2.50000000e+00  2.72511649e-09 
 3.37250000e-09  3.37250000e-09  2.50000000e+00  0.00000000e+00  2.50000000e+00  2.50000000e+00  2.62539221e-09 
 3.37350000e-09  3.37350000e-09  2.50000000e+00  0.00000000e+00  2.50000000e+00  2.50000000e+00  2.53304572e-09 
 3.37450000e-09  3.37450000e-09  2.50000000e+00  0.00000000e+00  2.50000000e+00  2.50000000e+00  2.44753148e-09 
 3.37550000e-09  3.37550000e-09  2.50000000e+00  0.00000000e+00  2.50000000e+00  2.50000000e+00  2.36834438e-09 
 3.37650000e-09  3.37650000e-09  2.50000000e+00  0.00000000e+00  2.50000000e+00  2.50000000e+00  2.29501657e-09 
 3.37750000e-09  3.37750000e-09  2.50000000e+00  0.00000000e+00  2.50000000e+00  2.50000000e+00  2.22711485e-09 
 3.37850000e-09  3.37850000e-09  2.50000000e+00  0.00000000e+00  2.50000000e+00  2.50000000e+00  2.16423798e-09 
 3.37950000e-09  3.37950000e-09  2.50000000e+00  0.00000000e+00  2.50000000e+00  2.50000000e+00  2.10601439e-09 
 3.38050000e-09  3.38050000e-09  2.50000000e+00  0.00000000e+00  2.50000000e+00  2.50000000e+00  2.05209980e-09 
 3.38150000e-09  3.38150000e-09  2.50000000e+00  0.00000000e+00  2.50000000e+00  2.50000000e+00  2.00217548e-09 
 3.38250000e-09  3.38250000e-09  2.50000000e+00  0.00000000e+00  2.50000000e+00  2.50000000e+00  1.95594635e-09 
 3.38350000e-09  3.38350000e-09  2.50000000e+00  0.00000000e+00  2.50000000e+00  2.50000000e+00  1.91313906e-09 
 3.38450000e-09  3.38450000e-09  2.50000000e+00  0.00000000e+00  2.50000000e+00  2.50000000e+00  1.87350047e-09 
 3.38550000e-09  3.38550000e-09  2.50000000e+00  0.00000000e+00  2.50000000e+00  2.50000000e+00  1.83679630e-09 
 3.38650000e-09  3.38650000e-09  2.50000000e+00  0.00000000e+00  2.50000000e+00  2.50000000e+00  1.80280924e-09 
 3.38750000e-09  3.38750000e-09  2.50000000e+00  0.00000000e+00  2.50000000e+00  2.50000000e+00  1.77133816e-09 
 3.38850000e-09  3.38850000e-09  2.50000000e+00  0.00000000e+00  2.50000000e+00  2.50000000e+00  1.74219719e-09 
 3.38950000e-09  3.38950000e-09  2.50000000e+00  0.00000000e+00  2.50000000e+00  2.50000000e+00  1.71521369e-09 
 3.39050000e-09  3.39050000e-09  2.50000000e+00  0.00000000e+00  2.50000000e+00  2.50000000e+00  1.69022799e-09 
 3.39150000e-09  3.39150000e-09  2.50000000e+00  0.00000000e+00  2.50000000e+00  2.50000000e+00  1.66709244e-09 
 3.39250000e-09  3.39250000e-09  2.50000000e+00  0.00000000e+00  2.50000000e+00  2.50000000e+00  1.64567002e-09 
 3.39350000e-09  3.39350000e-09  2.50000000e+00  0.00000000e+00  2.50000000e+00  2.50000000e+00  1.62583397e-09 
 3.39450000e-09  3.39450000e-09  2.50000000e+00  0.00000000e+00  2.50000000e+00  2.50000000e+00  1.60746688e-09 
 3.39550000e-09  3.39550000e-09  2.50000000e+00  0.00000000e+00  2.50000000e+00  2.50000000e+00  1.59045999e-09 
 3.39650000e-09  3.39650000e-09  2.50000000e+00  0.00000000e+00  2.50000000e+00  2.50000000e+00  1.57471272e-09 
 3.39750000e-09  3.39750000e-09  2.50000000e+00  0.00000000e+00  2.50000000e+00  2.50000000e+00  1.56013166e-09 
 3.39850000e-09  3.39850000e-09  2.50000000e+00  0.00000000e+00  2.50000000e+00  2.50000000e+00  1.54663052e-09 
 3.39950000e-09  3.39950000e-09  2.50000000e+00  0.00000000e+00  2.50000000e+00  2.50000000e+00  1.53412938e-09 
 3.40050000e-09  3.40050000e-09  2.50000000e+00  0.00000000e+00  2.50000000e+00  2.50000000e+00  1.52255417e-09 
 3.40150000e-09  3.40150000e-09  2.50000000e+00  0.00000000e+00  2.50000000e+00  2.50000000e+00  1.51183643e-09 
 3.40250000e-09  3.40250000e-09  2.50000000e+00  0.00000000e+00  2.50000000e+00  2.50000000e+00  1.50191251e-09 
 3.40350000e-09  3.40350000e-09  2.50000000e+00  0.00000000e+00  2.50000000e+00  2.50000000e+00  1.49272364e-09 
 3.40450000e-09  3.40450000e-09  2.50000000e+00  0.00000000e+00  2.50000000e+00  2.50000000e+00  1.48421553e-09 
 3.40550000e-09  3.40550000e-09  2.50000000e+00  0.00000000e+00  2.50000000e+00  2.50000000e+00  1.47633761e-09 
 3.40650000e-09  3.40650000e-09  2.50000000e+00  0.00000000e+00  2.50000000e+00  2.50000000e+00  1.46904333e-09 
 3.40750000e-09  3.40750000e-09  2.50000000e+00  0.00000000e+00  2.50000000e+00  2.50000000e+00  1.46228946e-09 
 3.40850000e-09  3.40850000e-09  2.50000000e+00  0.00000000e+00  2.50000000e+00  2.50000000e+00  1.45603593e-09 
 3.40950000e-09  3.40950000e-09  2.50000000e+00  0.00000000e+00  2.50000000e+00  2.50000000e+00  1.45024567e-09 
 3.41050000e-09  3.41050000e-09  2.50000000e+00  0.00000000e+00  2.50000000e+00  2.50000000e+00  1.44488449e-09 
 3.41150000e-09  3.41150000e-09  2.50000000e+00  0.00000000e+00  2.50000000e+00  2.50000000e+00  1.43992065e-09 
 3.41250000e-09  3.41250000e-09  2.50000000e+00  0.00000000e+00  2.50000000e+00  2.50000000e+00  1.43532458e-09 
 3.41350000e-09  3.41350000e-09  2.50000000e+00  0.00000000e+00  2.50000000e+00  2.50000000e+00  1.43106904e-09 
 3.41450000e-09  3.41450000e-09  2.50000000e+00  0.00000000e+00  2.50000000e+00  2.50000000e+00  1.42712886e-09 
 3.41550000e-09  3.41550000e-09  2.50000000e+00  0.00000000e+00  2.50000000e+00  2.50000000e+00  1.42348061e-09 
 3.41650000e-09  3.41650000e-09  2.50000000e+00  0.00000000e+00  2.50000000e+00  2.50000000e+00  1.42010262e-09 
 3.41750000e-09  3.41750000e-09  2.50000000e+00  0.00000000e+00  2.50000000e+00  2.50000000e+00  1.41697504e-09 
 3.41850000e-09  3.41850000e-09  2.50000000e+00  0.00000000e+00  2.50000000e+00  2.50000000e+00  1.41407924e-09 
 3.41950000e-09  3.41950000e-09  2.50000000e+00  0.00000000e+00  2.50000000e+00  2.50000000e+00  1.41139803e-09 
 3.42050000e-09  3.42050000e-09  2.50000000e+00  0.00000000e+00  2.50000000e+00  2.50000000e+00  1.40891557e-09 
 3.42150000e-09  3.42150000e-09  2.50000000e+00  0.00000000e+00  2.50000000e+00  2.50000000e+00  1.40661710e-09 
 3.42250000e-09  3.42250000e-09  2.50000000e+00  0.00000000e+00  2.50000000e+00  2.50000000e+00  1.40448897e-09 
 3.42350000e-09  3.42350000e-09  2.50000000e+00  0.00000000e+00  2.50000000e+00  2.50000000e+00  1.40251857e-09 
 3.42450000e-09  3.42450000e-09  2.50000000e+00  0.00000000e+00  2.50000000e+00  2.50000000e+00  1.40069417e-09 
 3.42550000e-09  3.42550000e-09  2.50000000e+00  0.00000000e+00  2.50000000e+00  2.50000000e+00  1.39900505e-09 
 3.42650000e-09  3.42650000e-09  2.50000000e+00  0.00000000e+00  2.50000000e+00  2.50000000e+00  1.39744102e-09 
 3.42750000e-09  3.42750000e-09  2.50000000e+00  0.00000000e+00  2.50000000e+00  2.50000000e+00  1.39599299e-09 
 3.42850000e-09  3.42850000e-09  2.50000000e+00  0.00000000e+00  2.50000000e+00  2.50000000e+00  1.39465237e-09 
 3.42950000e-09  3.42950000e-09  2.50000000e+00  0.00000000e+00  2.50000000e+00  2.50000000e+00  1.39341114e-09 
 3.43050000e-09  3.43050000e-09  2.50000000e+00  0.00000000e+00  2.50000000e+00  2.50000000e+00  1.39226189e-09 
 3.43150000e-09  3.43150000e-09  2.50000000e+00  0.00000000e+00  2.50000000e+00  2.50000000e+00  1.39119768e-09 
 3.43250000e-09  3.43250000e-09  2.50000000e+00  0.00000000e+00  2.50000000e+00  2.50000000e+00  1.39021242e-09 
 3.43350000e-09  3.43350000e-09  2.50000000e+00  0.00000000e+00  2.50000000e+00  2.50000000e+00  1.38930026e-09 
 3.43450000e-09  3.43450000e-09  2.50000000e+00  0.00000000e+00  2.50000000e+00  2.50000000e+00  1.38845568e-09 
 3.43550000e-09  3.43550000e-09  2.50000000e+00  0.00000000e+00  2.50000000e+00  2.50000000e+00  1.38767373e-09 
 3.43650000e-09  3.43650000e-09  2.50000000e+00  0.00000000e+00  2.50000000e+00  2.50000000e+00  1.38694981e-09 
 3.43750000e-09  3.43750000e-09  2.50000000e+00  0.00000000e+00  2.50000000e+00  2.50000000e+00  1.38627956e-09 
 3.43850000e-09  3.43850000e-09  2.50000000e+00  0.00000000e+00  2.50000000e+00  2.50000000e+00  1.38565884e-09 
 3.43950000e-09  3.43950000e-09  2.50000000e+00  0.00000000e+00  2.50000000e+00  2.50000000e+00  1.38508408e-09 
 3.44050000e-09  3.44050000e-09  2.50000000e+00  0.00000000e+00  2.50000000e+00  2.50000000e+00  1.38455217e-09 
 3.44150000e-09  3.44150000e-09  2.50000000e+00  0.00000000e+00  2.50000000e+00  2.50000000e+00  1.38405970e-09 
 3.44250000e-09  3.44250000e-09  2.50000000e+00  0.00000000e+00  2.50000000e+00  2.50000000e+00  1.38360370e-09 
 3.44350000e-09  3.44350000e-09  2.50000000e+00  0.00000000e+00  2.50000000e+00  2.50000000e+00  1.38318154e-09 
 3.44450000e-09  3.44450000e-09  2.50000000e+00  0.00000000e+00  2.50000000e+00  2.50000000e+00  1.38279058e-09 
 3.44550000e-09  3.44550000e-09  2.50000000e+00  0.00000000e+00  2.50000000e+00  2.50000000e+00  1.38242856e-09 
 3.44650000e-09  3.44650000e-09  2.50000000e+00  0.00000000e+00  2.50000000e+00  2.50000000e+00  1.38209338e-09 
 3.44750000e-09  3.44750000e-09  2.50000000e+00  0.00000000e+00  2.50000000e+00  2.50000000e+00  1.38178316e-09 
 3.44850000e-09  3.44850000e-09  2.50000000e+00  0.00000000e+00  2.50000000e+00  2.50000000e+00  1.38149586e-09 
 3.44950000e-09  3.44950000e-09  2.50000000e+00  0.00000000e+00  2.50000000e+00  2.50000000e+00  1.38122988e-09 
 3.45050000e-09  3.45050000e-09  2.50000000e+00  0.00000000e+00  2.50000000e+00  2.50000000e+00  1.38098361e-09 
 3.45150000e-09  3.45150000e-09  2.50000000e+00  0.00000000e+00  2.50000000e+00  2.50000000e+00  1.38075570e-09 
 3.45250000e-09  3.45250000e-09  2.50000000e+00  0.00000000e+00  2.50000000e+00  2.50000000e+00  1.38054468e-09 
 3.45350000e-09  3.45350000e-09  2.50000000e+00  0.00000000e+00  2.50000000e+00  2.50000000e+00  1.38034933e-09 
 3.45450000e-09  3.45450000e-09  2.50000000e+00  0.00000000e+00  2.50000000e+00  2.50000000e+00  1.38016834e-09 
 3.45550000e-09  3.45550000e-09  2.50000000e+00  0.00000000e+00  2.50000000e+00  2.50000000e+00  1.38000075e-09 
 3.45650000e-09  3.45650000e-09  2.50000000e+00  0.00000000e+00  2.50000000e+00  2.50000000e+00  1.37984560e-09 
 3.45750000e-09  3.45750000e-09  2.50000000e+00  0.00000000e+00  2.50000000e+00  2.50000000e+00  1.37970202e-09 
 3.45850000e-09  3.45850000e-09  2.50000000e+00  0.00000000e+00  2.50000000e+00  2.50000000e+00  1.37956918e-09 
 3.45950000e-09  3.45950000e-09  2.50000000e+00  0.00000000e+00  2.50000000e+00  2.50000000e+00  1.37944606e-09 
 3.46050000e-09  3.46050000e-09  2.50000000e+00  0.00000000e+00  2.50000000e+00  2.50000000e+00  1.37933198e-09 
 3.46150000e-09  3.46150000e-09  2.50000000e+00  0.00000000e+00  2.50000000e+00  2.50000000e+00  1.37922659e-09 
 3.46250000e-09  3.46250000e-09  2.50000000e+00  0.00000000e+00  2.50000000e+00  2.50000000e+00  1.37912903e-09 
 3.46350000e-09  3.46350000e-09  2.50000000e+00  0.00000000e+00  2.50000000e+00  2.50000000e+00  1.37903869e-09 
 3.46450000e-09  3.46450000e-09  2.50000000e+00  0.00000000e+00  2.50000000e+00  2.50000000e+00  1.37895501e-09 
 3.46550000e-09  3.46550000e-09  2.50000000e+00  0.00000000e+00  2.50000000e+00  2.50000000e+00  1.37887760e-09 
 3.46650000e-09  3.46650000e-09  2.50000000e+00  0.00000000e+00  2.50000000e+00  2.50000000e+00  1.37880593e-09 
 3.46750000e-09  3.46750000e-09  2.50000000e+00  0.00000000e+00  2.50000000e+00  2.50000000e+00  1.37873951e-09 
 3.46850000e-09  3.46850000e-09  2.50000000e+00  0.00000000e+00  2.50000000e+00  2.50000000e+00  1.37867795e-09 
 3.46950000e-09  3.46950000e-09  2.50000000e+00  0.00000000e+00  2.50000000e+00  2.50000000e+00  1.37862094e-09 
 3.47050000e-09  3.47050000e-09  2.50000000e+00  0.00000000e+00  2.50000000e+00  2.50000000e+00  1.37856809e-09 
 3.47150000e-09  3.47150000e-09  2.50000000e+00  0.00000000e+00  2.50000000e+00  2.50000000e+00  1.37851927e-09 
 3.47250000e-09  3.47250000e-09  2.50000000e+00  0.00000000e+00  2.50000000e+00  2.50000000e+00  1.37847400e-09 
 3.47350000e-09  3.47350000e-09  2.50000000e+00  0.00000000e+00  2.50000000e+00  2.50000000e+00  1.37843217e-09 
 3.47450000e-09  3.47450000e-09  2.50000000e+00  0.00000000e+00  2.50000000e+00  2.50000000e+00  1.37839337e-09 
 3.47550000e-09  3.47550000e-09  2.50000000e+00  0.00000000e+00  2.50000000e+00  2.50000000e+00  1.37835746e-09 
 3.47650000e-09  3.47650000e-09  2.50000000e+00  0.00000000e+00  2.50000000e+00  2.50000000e+00  1.37832415e-09 
 3.47750000e-09  3.47750000e-09  2.50000000e+00  0.00000000e+00  2.50000000e+00  2.50000000e+00  1.37829334e-09 
 3.47850000e-09  3.47850000e-09  2.50000000e+00  0.00000000e+00  2.50000000e+00  2.50000000e+00  1.37826495e-09 
 3.47950000e-09  3.47950000e-09  2.50000000e+00  0.00000000e+00  2.50000000e+00  2.50000000e+00  1.37823866e-09 
 3.48050000e-09  3.48050000e-09  2.50000000e+00  0.00000000e+00  2.50000000e+00  2.50000000e+00  1.37821429e-09 
 3.48150000e-09  3.48150000e-09  2.50000000e+00  0.00000000e+00  2.50000000e+00  2.50000000e+00  1.37819170e-09 
 3.48250000e-09  3.48250000e-09  2.50000000e+00  0.00000000e+00  2.50000000e+00  2.50000000e+00  1.37817080e-09 
 3.48350000e-09  3.48350000e-09  2.50000000e+00  0.00000000e+00  2.50000000e+00  2.50000000e+00  1.37815134e-09 
 3.48450000e-09  3.48450000e-09  2.50000000e+00  0.00000000e+00  2.50000000e+00  2.50000000e+00  1.37813330e-09 
 3.48550000e-09  3.48550000e-09  2.50000000e+00  0.00000000e+00  2.50000000e+00  2.50000000e+00  1.37811659e-09 
 3.48650000e-09  3.48650000e-09  2.50000000e+00  0.00000000e+00  2.50000000e+00  2.50000000e+00  1.37810127e-09 
 3.48750000e-09  3.48750000e-09  2.50000000e+00  0.00000000e+00  2.50000000e+00  2.50000000e+00  1.37808706e-09 
 3.48850000e-09  3.48850000e-09  2.50000000e+00  0.00000000e+00  2.50000000e+00  2.50000000e+00  1.37807388e-09 
 3.48950000e-09  3.48950000e-09  2.50000000e+00  0.00000000e+00  2.50000000e+00  2.50000000e+00  1.37806178e-09 
 3.49050000e-09  3.49050000e-09  2.50000000e+00  0.00000000e+00  2.50000000e+00  2.50000000e+00  1.37805048e-09 
 3.49150000e-09  3.49150000e-09  2.50000000e+00  0.00000000e+00  2.50000000e+00  2.50000000e+00  1.37803996e-09 
 3.49250000e-09  3.49250000e-09  2.50000000e+00  0.00000000e+00  2.50000000e+00  2.50000000e+00  1.37803036e-09 
 3.49350000e-09  3.49350000e-09  2.50000000e+00  0.00000000e+00  2.50000000e+00  2.50000000e+00  1.37802147e-09 
 3.49450000e-09  3.49450000e-09  2.50000000e+00  0.00000000e+00  2.50000000e+00  2.50000000e+00  1.37801320e-09 
 3.49550000e-09  3.49550000e-09  2.50000000e+00  0.00000000e+00  2.50000000e+00  2.50000000e+00  1.37800554e-09 
 3.49650000e-09  3.49650000e-09  2.50000000e+00  0.00000000e+00  2.50000000e+00  2.50000000e+00  1.37799838e-09 
 3.49750000e-09  3.49750000e-09  2.50000000e+00  0.00000000e+00  2.50000000e+00  2.50000000e+00  1.37799172e-09 
 3.49850000e-09  3.49850000e-09  2.50000000e+00  0.00000000e+00  2.50000000e+00  2.50000000e+00  1.37798559e-09 
 3.49950000e-09  3.49950000e-09  2.50000000e+00  0.00000000e+00  2.50000000e+00  2.50000000e+00  1.37797998e-09 
 3.50050000e-09  3.50050000e-09  2.50000000e+00  0.00000000e+00  2.50000000e+00  2.50000000e+00  1.37797482e-09 
 3.50150000e-09  3.50150000e-09  2.50000000e+00  0.00000000e+00  2.50000000e+00  2.50000000e+00  1.37796993e-09 
 3.50250000e-09  3.50250000e-09  2.50000000e+00  0.00000000e+00  2.50000000e+00  2.50000000e+00  1.37796533e-09 
 3.50350000e-09  3.50350000e-09  2.50000000e+00  0.00000000e+00  2.50000000e+00  2.50000000e+00  1.37796111e-09 
 3.50450000e-09  3.50450000e-09  2.50000000e+00  0.00000000e+00  2.50000000e+00  2.50000000e+00  1.37795728e-09 
 3.50550000e-09  3.50550000e-09  2.50000000e+00  0.00000000e+00  2.50000000e+00  2.50000000e+00  1.37795378e-09 
 3.50650000e-09  3.50650000e-09  2.50000000e+00  0.00000000e+00  2.50000000e+00  2.50000000e+00  1.37795050e-09 
 3.50750000e-09  3.50750000e-09  2.50000000e+00  0.00000000e+00  2.50000000e+00  2.50000000e+00  1.37794745e-09 
 3.50850000e-09  3.50850000e-09  2.50000000e+00  0.00000000e+00  2.50000000e+00  2.50000000e+00  1.37794462e-09 
 3.50950000e-09  3.50950000e-09  2.50000000e+00  0.00000000e+00  2.50000000e+00  2.50000000e+00  1.37794187e-09 
 3.51050000e-09  3.51050000e-09  2.50000000e+00  0.00000000e+00  2.50000000e+00  2.50000000e+00  1.37793932e-09 
 3.51150000e-09  3.51150000e-09  2.50000000e+00  0.00000000e+00  2.50000000e+00  2.50000000e+00  1.37793710e-09 
 3.51250000e-09  3.51250000e-09  2.50000000e+00  0.00000000e+00  2.50000000e+00  2.50000000e+00  1.37793502e-09 
 3.51350000e-09  3.51350000e-09  2.50000000e+00  0.00000000e+00  2.50000000e+00  2.50000000e+00  1.37793310e-09 
 3.51450000e-09  3.51450000e-09  2.50000000e+00  0.00000000e+00  2.50000000e+00  2.50000000e+00  1.37793119e-09 
 3.51550000e-09  3.51550000e-09  2.50000000e+00  0.00000000e+00  2.50000000e+00  2.50000000e+00  1.37792941e-09 
 3.51650000e-09  3.51650000e-09  2.50000000e+00  0.00000000e+00  2.50000000e+00  2.50000000e+00  1.37792794e-09 
 3.51750000e-09  3.51750000e-09  2.50000000e+00  0.00000000e+00  2.50000000e+00  2.50000000e+00  1.37792666e-09 
 3.51850000e-09  3.51850000e-09  2.50000000e+00  0.00000000e+00  2.50000000e+00  2.50000000e+00  1.37792538e-09 
 3.51925000e-09  3.51925000e-09  2.50000000e+00  0.00000000e+00  2.50000000e+00  2.50000000e+00  1.37792450e-09 
 3.52000000e-09  3.52000000e-09  2.50000000e+00  0.00000000e+00  2.50000000e+00  2.50000000e+00  1.37792372e-09 
 3.52010000e-09  3.52010000e-09  2.48750000e+00  0.00000000e+00  2.50000000e+00  2.50203270e+00  1.90603566e-04 
 3.52030000e-09  3.52030000e-09  2.46250000e+00  0.00000000e+00  2.50000000e+00  2.50605889e+00  5.64995809e-04 
 3.52070000e-09  3.52070000e-09  2.41250000e+00  0.00000000e+00  2.50000000e+00  2.51389267e+00  1.27506924e-03 
 3.52150000e-09  3.52150000e-09  2.31250000e+00  0.00000000e+00  2.50000000e+00  2.52877305e+00  2.55402088e-03 
 3.52250000e-09  3.52250000e-09  2.18750000e+00  0.00000000e+00  2.50000000e+00  2.54610687e+00  3.92060711e-03 
 3.52350000e-09  3.52350000e-09  2.06250000e+00  0.00000000e+00  2.50000000e+00  2.56229864e+00  5.07066640e-03 
 3.52450000e-09  3.52450000e-09  1.93750000e+00  0.00000000e+00  2.50000000e+00  2.57760348e+00  6.04367220e-03 
 3.52550000e-09  3.52550000e-09  1.81250000e+00  0.00000000e+00  2.50000000e+00  2.59224259e+00  6.87318013e-03 
 3.52650000e-09  3.52650000e-09  1.68750000e+00  0.00000000e+00  2.50000000e+00  2.60641093e+00  7.58787195e-03 
 3.52750000e-09  3.52750000e-09  1.56250000e+00  0.00000000e+00  2.50000000e+00  2.62028342e+00  8.21242886e-03 
 3.52850000e-09  3.52850000e-09  1.43750000e+00  0.00000000e+00  2.50000000e+00  2.63402058e+00  8.76829239e-03 
 3.52950000e-09  3.52950000e-09  1.31250000e+00  0.00000000e+00  2.50000000e+00  2.64777337e+00  9.27431731e-03 
 3.53050000e-09  3.53050000e-09  1.18750000e+00  0.00000000e+00  2.50000000e+00  2.66168798e+00  9.74736891e-03 
 3.53150000e-09  3.53150000e-09  1.06250000e+00  0.00000000e+00  2.50000000e+00  2.67592612e+00  1.02042789e-02 
 3.53250000e-09  3.53250000e-09  9.37500000e-01  0.00000000e+00  2.50000000e+00  2.69068072e+00  1.06632138e-02 
 3.53350000e-09  3.53350000e-09  8.12500000e-01  0.00000000e+00  2.50000000e+00  2.70615168e+00  1.11413095e-02 
 3.53450000e-09  3.53450000e-09  6.87500000e-01  0.00000000e+00  2.50000000e+00  2.72255382e+00  1.16554226e-02 
 3.53550000e-09  3.53550000e-09  5.62500000e-01  0.00000000e+00  2.50000000e+00  2.74016655e+00  1.22265556e-02 
 3.53650000e-09  3.53650000e-09  4.37500000e-01  0.00000000e+00  2.50000000e+00  2.75936367e+00  1.28820725e-02 
 3.53750000e-09  3.53750000e-09  3.12500000e-01  0.00000000e+00  2.50000000e+00  2.78023638e+00  1.36210312e-02 
 3.53850000e-09  3.53850000e-09  1.87500000e-01  0.00000000e+00  2.50000000e+00  2.80225884e+00  1.43867060e-02 
 3.53925000e-09  3.53925000e-09  9.37500000e-02  0.00000000e+00  2.50000000e+00  2.81917244e+00  1.49434574e-02 
 3.54000000e-09  3.54000000e-09  0.00000000e+00  0.00000000e+00  2.50000000e+00  2.83624389e+00  1.54690301e-02 
 3.54010000e-09  3.54010000e-09  0.00000000e+00  0.00000000e+00  2.50000000e+00  2.83622876e+00  1.53210469e-02 
 3.54030000e-09  3.54030000e-09  0.00000000e+00  0.00000000e+00  2.50000000e+00  2.83619847e+00  1.50278781e-02 
 3.54070000e-09  3.54070000e-09  0.00000000e+00  0.00000000e+00  2.50000000e+00  2.83613759e+00  1.44580001e-02 
 3.54150000e-09  3.54150000e-09  0.00000000e+00  0.00000000e+00  2.50000000e+00  2.83601651e+00  1.33812327e-02 
 3.54250000e-09  3.54250000e-09  0.00000000e+00  0.00000000e+00  2.50000000e+00  2.83587176e+00  1.21463379e-02 
 3.54350000e-09  3.54350000e-09  0.00000000e+00  0.00000000e+00  2.50000000e+00  2.83573767e+00  1.10250446e-02 
 3.54450000e-09  3.54450000e-09  0.00000000e+00  0.00000000e+00  2.50000000e+00  2.83561420e+00  1.00070102e-02 
 3.54550000e-09  3.54550000e-09  0.00000000e+00  0.00000000e+00  2.50000000e+00  2.83550050e+00  9.08275332e-03 
 3.54650000e-09  3.54650000e-09  0.00000000e+00  0.00000000e+00  2.50000000e+00  2.83539570e+00  8.24365271e-03 
 3.54750000e-09  3.54750000e-09  0.00000000e+00  0.00000000e+00  2.50000000e+00  2.83529900e+00  7.48187621e-03 
 3.54850000e-09  3.54850000e-09  0.00000000e+00  0.00000000e+00  2.50000000e+00  2.83520966e+00  6.79030983e-03 
 3.54950000e-09  3.54950000e-09  0.00000000e+00  0.00000000e+00  2.50000000e+00  2.83512704e+00  6.16249227e-03 
 3.55050000e-09  3.55050000e-09  0.00000000e+00  0.00000000e+00  2.50000000e+00  2.83505054e+00  5.59255535e-03 
 3.55150000e-09  3.55150000e-09  0.00000000e+00  0.00000000e+00  2.50000000e+00  2.83497960e+00  5.07516988e-03 
 3.55250000e-09  3.55250000e-09  0.00000000e+00  0.00000000e+00  2.50000000e+00  2.83491373e+00  4.60549629e-03 
 3.55350000e-09  3.55350000e-09  0.00000000e+00  0.00000000e+00  2.50000000e+00  2.83485249e+00  4.17913992e-03 
 3.55450000e-09  3.55450000e-09  0.00000000e+00  0.00000000e+00  2.50000000e+00  2.83479546e+00  3.79211015e-03 
 3.55550000e-09  3.55550000e-09  0.00000000e+00  0.00000000e+00  2.50000000e+00  2.83474228e+00  3.44078348e-03 
 3.55650000e-09  3.55650000e-09  0.00000000e+00  0.00000000e+00  2.50000000e+00  2.83469260e+00  3.12186979e-03 
 3.55750000e-09  3.55750000e-09  0.00000000e+00  0.00000000e+00  2.50000000e+00  2.83464612e+00  2.83238174e-03 
 3.55850000e-09  3.55850000e-09  0.00000000e+00  0.00000000e+00  2.50000000e+00  2.83460255e+00  2.56960704e-03 
 3.55950000e-09  3.55950000e-09  0.00000000e+00  0.00000000e+00  2.50000000e+00  2.83456166e+00  2.33108310e-03 
 3.56050000e-09  3.56050000e-09  0.00000000e+00  0.00000000e+00  2.50000000e+00  2.83452320e+00  2.11457414e-03 
 3.56150000e-09  3.56150000e-09  0.00000000e+00  0.00000000e+00  2.50000000e+00  2.83448696e+00  1.91805033e-03 
 3.56250000e-09  3.56250000e-09  0.00000000e+00  0.00000000e+00  2.50000000e+00  2.83445276e+00  1.73966881e-03 
 3.56350000e-09  3.56350000e-09  0.00000000e+00  0.00000000e+00  2.50000000e+00  2.83442043e+00  1.57775656e-03 
 3.56450000e-09  3.56450000e-09  0.00000000e+00  0.00000000e+00  2.50000000e+00  2.83438980e+00  1.43079469e-03 
 3.56550000e-09  3.56550000e-09  0.00000000e+00  0.00000000e+00  2.50000000e+00  2.83436073e+00  1.29740434e-03 
 3.56650000e-09  3.56650000e-09  0.00000000e+00  0.00000000e+00  2.50000000e+00  2.83433309e+00  1.17633370e-03 
 3.56750000e-09  3.56750000e-09  0.00000000e+00  0.00000000e+00  2.50000000e+00  2.83430677e+00  1.06644640e-03 
 3.56850000e-09  3.56850000e-09  0.00000000e+00  0.00000000e+00  2.50000000e+00  2.83428166e+00  9.66710792e-04 
 3.56950000e-09  3.56950000e-09  0.00000000e+00  0.00000000e+00  2.50000000e+00  2.83425765e+00  8.76190368e-04 
 3.57050000e-09  3.57050000e-09  0.00000000e+00  0.00000000e+00  2.50000000e+00  2.83423466e+00  7.94034962e-04 
 3.57150000e-09  3.57150000e-09  0.00000000e+00  0.00000000e+00  2.50000000e+00  2.83421261e+00  7.19472805e-04 
 3.57250000e-09  3.57250000e-09  0.00000000e+00  0.00000000e+00  2.50000000e+00  2.83419142e+00  6.51803298e-04 
 3.57350000e-09  3.57350000e-09  0.00000000e+00  0.00000000e+00  2.50000000e+00  2.83417103e+00  5.90390452e-04 
 3.57450000e-09  3.57450000e-09  0.00000000e+00  0.00000000e+00  2.50000000e+00  2.83415137e+00  5.34656933e-04 
 3.57550000e-09  3.57550000e-09  0.00000000e+00  0.00000000e+00  2.50000000e+00  2.83413239e+00  4.84078655e-04 
 3.57650000e-09  3.57650000e-09  0.00000000e+00  0.00000000e+00  2.50000000e+00  2.83411405e+00  4.38179872e-04 
 3.57750000e-09  3.57750000e-09  0.00000000e+00  0.00000000e+00  2.50000000e+00  2.83409628e+00  3.96528719e-04 
 3.57850000e-09  3.57850000e-09  0.00000000e+00  0.00000000e+00  2.50000000e+00  2.83407906e+00  3.58733166e-04 
 3.57950000e-09  3.57950000e-09  0.00000000e+00  0.00000000e+00  2.50000000e+00  2.83406233e+00  3.24437349e-04 
 3.58050000e-09  3.58050000e-09  0.00000000e+00  0.00000000e+00  2.50000000e+00  2.83404608e+00  2.93318228e-04 
 3.58150000e-09  3.58150000e-09  0.00000000e+00  0.00000000e+00  2.50000000e+00  2.83403026e+00  2.65082566e-04 
 3.58250000e-09  3.58250000e-09  0.00000000e+00  0.00000000e+00  2.50000000e+00  2.83401484e+00  2.39464178e-04 
 3.58350000e-09  3.58350000e-09  0.00000000e+00  0.00000000e+00  2.50000000e+00  2.83399980e+00  2.16221434e-04 
 3.58450000e-09  3.58450000e-09  0.00000000e+00  0.00000000e+00  2.50000000e+00  2.83398512e+00  1.95134999e-04 
 3.58550000e-09  3.58550000e-09  0.00000000e+00  0.00000000e+00  2.50000000e+00  2.83397077e+00  1.76005772e-04 
 3.58650000e-09  3.58650000e-09  0.00000000e+00  0.00000000e+00  2.50000000e+00  2.83395673e+00  1.58653022e-04 
 3.58750000e-09  3.58750000e-09  0.00000000e+00  0.00000000e+00  2.50000000e+00  2.83394298e+00  1.42912693e-04 
 3.58850000e-09  3.58850000e-09  0.00000000e+00  0.00000000e+00  2.50000000e+00  2.83392951e+00  1.28635868e-04 
 3.58950000e-09  3.58950000e-09  0.00000000e+00  0.00000000e+00  2.50000000e+00  2.83391629e+00  1.15687367e-04 
 3.59050000e-09  3.59050000e-09  0.00000000e+00  0.00000000e+00  2.50000000e+00  2.83390333e+00  1.03944486e-04 
 3.59150000e-09  3.59150000e-09  0.00000000e+00  0.00000000e+00  2.50000000e+00  2.83389060e+00  9.32963637e-05 
 3.59250000e-09  3.59250000e-09  0.00000000e+00  0.00000000e+00  2.50000000e+00  2.83387809e+00  8.36413208e-05 
 3.59350000e-09  3.59350000e-09  0.00000000e+00  0.00000000e+00  2.50000000e+00  2.83386579e+00  7.48875707e-05 
 3.59450000e-09  3.59450000e-09  0.00000000e+00  0.00000000e+00  2.50000000e+00  2.83385369e+00  6.69518304e-05 
 3.59550000e-09  3.59550000e-09  0.00000000e+00  0.00000000e+00  2.50000000e+00  2.83384178e+00  5.97584700e-05 
 3.59650000e-09  3.59650000e-09  0.00000000e+00  0.00000000e+00  2.50000000e+00  2.83383006e+00  5.32393539e-05 
 3.59750000e-09  3.59750000e-09  0.00000000e+00  0.00000000e+00  2.50000000e+00  2.83381851e+00  4.73316333e-05 
 3.59850000e-09  3.59850000e-09  0.00000000e+00  0.00000000e+00  2.50000000e+00  2.83380712e+00  4.19787636e-05 
 3.59950000e-09  3.59950000e-09  0.00000000e+00  0.00000000e+00  2.50000000e+00  2.83379589e+00  3.71294185e-05 
 3.60050000e-09  3.60050000e-09  0.00000000e+00  0.00000000e+00  2.50000000e+00  2.83378482e+00  3.27370092e-05 
 3.60150000e-09  3.60150000e-09  0.00000000e+00  0.00000000e+00  2.50000000e+00  2.83377389e+00  2.87592474e-05 
 3.60250000e-09  3.60250000e-09  0.00000000e+00  0.00000000e+00  2.50000000e+00  2.83376310e+00  2.51577481e-05 
 3.60350000e-09  3.60350000e-09  0.00000000e+00  0.00000000e+00  2.50000000e+00  2.83375245e+00  2.18976700e-05 
 3.60450000e-09  3.60450000e-09  0.00000000e+00  0.00000000e+00  2.50000000e+00  2.83374193e+00  1.89473879e-05 
 3.60550000e-09  3.60550000e-09  0.00000000e+00  0.00000000e+00  2.50000000e+00  2.83373154e+00  1.62781966e-05 
 3.60650000e-09  3.60650000e-09  0.00000000e+00  0.00000000e+00  2.50000000e+00  2.83372127e+00  1.38640412e-05 
 3.60750000e-09  3.60750000e-09  0.00000000e+00  0.00000000e+00  2.50000000e+00  2.83371112e+00  1.16812725e-05 
 3.60850000e-09  3.60850000e-09  0.00000000e+00  0.00000000e+00  2.50000000e+00  2.83370108e+00  9.70842511e-06 
 3.60950000e-09  3.60950000e-09  0.00000000e+00  0.00000000e+00  2.50000000e+00  2.83369116e+00  7.92601596e-06 
 3.61050000e-09  3.61050000e-09  0.00000000e+00  0.00000000e+00  2.50000000e+00  2.83368134e+00  6.31636136e-06 
 3.61150000e-09  3.61150000e-09  0.00000000e+00  0.00000000e+00  2.50000000e+00  2.83367164e+00  4.86341096e-06 
 3.61250000e-09  3.61250000e-09  0.00000000e+00  0.00000000e+00  2.50000000e+00  2.83366203e+00  3.55259705e-06 
 3.61350000e-09  3.61350000e-09  0.00000000e+00  0.00000000e+00  2.50000000e+00  2.83365253e+00  2.37069773e-06 
 3.61450000e-09  3.61450000e-09  0.00000000e+00  0.00000000e+00  2.50000000e+00  2.83364313e+00  1.30571272e-06 
 3.61550000e-09  3.61550000e-09  0.00000000e+00  0.00000000e+00  2.50000000e+00  2.83363382e+00  3.46750665e-07 
 3.61650000e-09  3.61650000e-09  0.00000000e+00  0.00000000e+00  2.50000000e+00  2.83362460e+00 -5.16073273e-07 
 3.61750000e-09  3.61750000e-09  0.00000000e+00  0.00000000e+00  2.50000000e+00  2.83361548e+00 -1.29173023e-06 
 3.61850000e-09  3.61850000e-09  0.00000000e+00  0.00000000e+00  2.50000000e+00  2.83360645e+00 -1.98836200e-06 
 3.61925000e-09  3.61925000e-09  0.00000000e+00  0.00000000e+00  2.50000000e+00  2.83359974e+00 -2.46333540e-06 
 3.62000000e-09  3.62000000e-09  0.00000000e+00  0.00000000e+00  2.50000000e+00  2.83359307e+00 -2.90097601e-06 
 3.62010000e-09  3.62010000e-09  0.00000000e+00  0.00000000e+00  2.48750000e+00  2.83359137e+00 -3.03253702e-06 
 3.62030000e-09  3.62030000e-09  0.00000000e+00  0.00000000e+00  2.46250000e+00  2.83358555e+00 -3.51965686e-06 
 3.62070000e-09  3.62070000e-09  0.00000000e+00  0.00000000e+00  2.41250000e+00  2.83355318e+00 -6.39090863e-06 
 3.62150000e-09  3.62150000e-09  0.00000000e+00  0.00000000e+00  2.31250000e+00  2.83334613e+00 -2.47716745e-05 
 3.62250000e-09  3.62250000e-09  0.00000000e+00  0.00000000e+00  2.18750000e+00  2.83268467e+00 -8.21882895e-05 
 3.62350000e-09  3.62350000e-09  0.00000000e+00  0.00000000e+00  2.06250000e+00  2.83143569e+00 -1.87373794e-04 
 3.62450000e-09  3.62450000e-09  0.00000000e+00  0.00000000e+00  1.93750000e+00  2.82957497e+00 -3.38162849e-04 
 3.62550000e-09  3.62550000e-09  0.00000000e+00  0.00000000e+00  1.81250000e+00  2.82726285e+00 -5.15952515e-04 
 3.62650000e-09  3.62650000e-09  0.00000000e+00  0.00000000e+00  1.68750000e+00  2.82473877e+00 -6.96705489e-04 
 3.62750000e-09  3.62750000e-09  0.00000000e+00  0.00000000e+00  1.56250000e+00  2.82215680e+00 -8.66283375e-04 
 3.62850000e-09  3.62850000e-09  0.00000000e+00  0.00000000e+00  1.43750000e+00  2.81956440e+00 -1.02145369e-03 
 3.62950000e-09  3.62950000e-09  0.00000000e+00  0.00000000e+00  1.31250000e+00  2.81696899e+00 -1.16288573e-03 
 3.63050000e-09  3.63050000e-09  0.00000000e+00  0.00000000e+00  1.18750000e+00  2.81437132e+00 -1.29178739e-03 
 3.63150000e-09  3.63150000e-09  0.00000000e+00  0.00000000e+00  1.06250000e+00  2.81177137e+00 -1.40932225e-03 
 3.63250000e-09  3.63250000e-09  0.00000000e+00  0.00000000e+00  9.37500000e-01  2.80916907e+00 -1.51655174e-03 
 3.63350000e-09  3.63350000e-09  0.00000000e+00  0.00000000e+00  8.12500000e-01  2.80656432e+00 -1.61443792e-03 
 3.63450000e-09  3.63450000e-09  0.00000000e+00  0.00000000e+00  6.87500000e-01  2.80395705e+00 -1.70385249e-03 
 3.63550000e-09  3.63550000e-09  0.00000000e+00  0.00000000e+00  5.62500000e-01  2.80134721e+00 -1.78558446e-03 
 3.63650000e-09  3.63650000e-09  0.00000000e+00  0.00000000e+00  4.37500000e-01  2.79873475e+00 -1.86034784e-03 
 3.63750000e-09  3.63750000e-09  0.00000000e+00  0.00000000e+00  3.12500000e-01  2.79611964e+00 -1.92878913e-03 
 3.63850000e-09  3.63850000e-09  0.00000000e+00  0.00000000e+00  1.87500000e-01  2.79350187e+00 -1.99149294e-03 
 3.63925000e-09  3.63925000e-09  0.00000000e+00  0.00000000e+00  9.37500000e-02  2.79153681e+00 -2.03506233e-03 
 3.64000000e-09  3.64000000e-09  0.00000000e+00  0.00000000e+00  3.41948692e-14  2.78957029e+00 -2.07590662e-03 
 3.64010000e-09  3.64010000e-09  0.00000000e+00  0.00000000e+00  0.00000000e+00  2.78931852e+00 -2.08014332e-03 
 3.64030000e-09  3.64030000e-09  0.00000000e+00  0.00000000e+00  0.00000000e+00  2.78883326e+00 -2.08683057e-03 
 3.64070000e-09  3.64070000e-09  0.00000000e+00  0.00000000e+00  0.00000000e+00  2.78795265e+00 -2.09151302e-03 
 3.64150000e-09  3.64150000e-09  0.00000000e+00  0.00000000e+00  0.00000000e+00  2.78643537e+00 -2.07821610e-03 
 3.64250000e-09  3.64250000e-09  0.00000000e+00  0.00000000e+00  0.00000000e+00  2.78484801e+00 -2.03513324e-03 
 3.64350000e-09  3.64350000e-09  0.00000000e+00  0.00000000e+00  0.00000000e+00  2.78349549e+00 -1.97482137e-03 
 3.64450000e-09  3.64450000e-09  0.00000000e+00  0.00000000e+00  0.00000000e+00  2.78231445e+00 -1.90452736e-03 
 3.64550000e-09  3.64550000e-09  0.00000000e+00  0.00000000e+00  0.00000000e+00  2.78126704e+00 -1.82854783e-03 
 3.64650000e-09  3.64650000e-09  0.00000000e+00  0.00000000e+00  0.00000000e+00  2.78032815e+00 -1.74964361e-03 
 3.64750000e-09  3.64750000e-09  0.00000000e+00  0.00000000e+00  0.00000000e+00  2.77947957e+00 -1.66970897e-03 
 3.64850000e-09  3.64850000e-09  0.00000000e+00  0.00000000e+00  0.00000000e+00  2.77870749e+00 -1.59007369e-03 
 3.64950000e-09  3.64950000e-09  0.00000000e+00  0.00000000e+00  0.00000000e+00  2.77800107e+00 -1.51167950e-03 
 3.65050000e-09  3.65050000e-09  0.00000000e+00  0.00000000e+00  0.00000000e+00  2.77735162e+00 -1.43519146e-03 
 3.65150000e-09  3.65150000e-09  0.00000000e+00  0.00000000e+00  0.00000000e+00  2.77675206e+00 -1.36107266e-03 
 3.65250000e-09  3.65250000e-09  0.00000000e+00  0.00000000e+00  0.00000000e+00  2.77619651e+00 -1.28963613e-03 
 3.65350000e-09  3.65350000e-09  0.00000000e+00  0.00000000e+00  0.00000000e+00  2.77568002e+00 -1.22108233e-03 
 3.65450000e-09  3.65450000e-09  0.00000000e+00  0.00000000e+00  0.00000000e+00  2.77519842e+00 -1.15552669e-03 
 3.65550000e-09  3.65550000e-09  0.00000000e+00  0.00000000e+00  0.00000000e+00  2.77474813e+00 -1.09302026e-03 
 3.65650000e-09  3.65650000e-09  0.00000000e+00  0.00000000e+00  0.00000000e+00  2.77432606e+00 -1.03356546e-03 
 3.65750000e-09  3.65750000e-09  0.00000000e+00  0.00000000e+00  0.00000000e+00  2.77392954e+00 -9.77128119e-04 
 3.65850000e-09  3.65850000e-09  0.00000000e+00  0.00000000e+00  0.00000000e+00  2.77355624e+00 -9.23646855e-04 
 3.65950000e-09  3.65950000e-09  0.00000000e+00  0.00000000e+00  0.00000000e+00  2.77320411e+00 -8.73040340e-04 
 3.66050000e-09  3.66050000e-09  0.00000000e+00  0.00000000e+00  0.00000000e+00  2.77287134e+00 -8.25213000e-04 
 3.66150000e-09  3.66150000e-09  0.00000000e+00  0.00000000e+00  0.00000000e+00  2.77255632e+00 -7.80059467e-04 
 3.66250000e-09  3.66250000e-09  0.00000000e+00  0.00000000e+00  0.00000000e+00  2.77225765e+00 -7.37468077e-04 
 3.66350000e-09  3.66350000e-09  0.00000000e+00  0.00000000e+00  0.00000000e+00  2.77197403e+00 -6.97323593e-04 
 3.66450000e-09  3.66450000e-09  0.00000000e+00  0.00000000e+00  0.00000000e+00  2.77170433e+00 -6.59509336e-04 
 3.66550000e-09  3.66550000e-09  0.00000000e+00  0.00000000e+00  0.00000000e+00  2.77144754e+00 -6.23908831e-04 
 3.66650000e-09  3.66650000e-09  0.00000000e+00  0.00000000e+00  0.00000000e+00  2.77120272e+00 -5.90407071e-04 
 3.66750000e-09  3.66750000e-09  0.00000000e+00  0.00000000e+00  0.00000000e+00  2.77096903e+00 -5.58891475e-04 
 3.66850000e-09  3.66850000e-09  0.00000000e+00  0.00000000e+00  0.00000000e+00  2.77074573e+00 -5.29252602e-04 
 3.66950000e-09  3.66950000e-09  0.00000000e+00  0.00000000e+00  0.00000000e+00  2.77053212e+00 -5.01384668e-04 
 3.67050000e-09  3.67050000e-09  0.00000000e+00  0.00000000e+00  0.00000000e+00  2.77032757e+00 -4.75185910e-04 
 3.67150000e-09  3.67150000e-09  0.00000000e+00  0.00000000e+00  0.00000000e+00  2.77013150e+00 -4.50558817e-04 
 3.67250000e-09  3.67250000e-09  0.00000000e+00  0.00000000e+00  0.00000000e+00  2.76994340e+00 -4.27410271e-04 
 3.67350000e-09  3.67350000e-09  0.00000000e+00  0.00000000e+00  0.00000000e+00  2.76976278e+00 -4.05651607e-04 
 3.67450000e-09  3.67450000e-09  0.00000000e+00  0.00000000e+00  0.00000000e+00  2.76958919e+00 -3.85198606e-04 
 3.67550000e-09  3.67550000e-09  0.00000000e+00  0.00000000e+00  0.00000000e+00  2.76942224e+00 -3.65971445e-04 
 3.67650000e-09  3.67650000e-09  0.00000000e+00  0.00000000e+00  0.00000000e+00  2.76926153e+00 -3.47894613e-04 
 3.67750000e-09  3.67750000e-09  0.00000000e+00  0.00000000e+00  0.00000000e+00  2.76910672e+00 -3.30896791e-04 
 3.67850000e-09  3.67850000e-09  0.00000000e+00  0.00000000e+00  0.00000000e+00  2.76895750e+00 -3.14910719e-04 
 3.67950000e-09  3.67950000e-09  0.00000000e+00  0.00000000e+00  0.00000000e+00  2.76881355e+00 -2.99873044e-04 
 3.68050000e-09  3.68050000e-09  0.00000000e+00  0.00000000e+00  0.00000000e+00  2.76867461e+00 -2.85724161e-04 
 3.68150000e-09  3.68150000e-09  0.00000000e+00  0.00000000e+00  0.00000000e+00  2.76854041e+00 -2.72408047e-04 
 3.68250000e-09  3.68250000e-09  0.00000000e+00  0.00000000e+00  0.00000000e+00  2.76841072e+00 -2.59872088e-04 
 3.68350000e-09  3.68350000e-09  0.00000000e+00  0.00000000e+00  0.00000000e+00  2.76828531e+00 -2.48066914e-04 
 3.68450000e-09  3.68450000e-09  0.00000000e+00  0.00000000e+00  0.00000000e+00  2.76816396e+00 -2.36946230e-04 
 3.68550000e-09  3.68550000e-09  0.00000000e+00  0.00000000e+00  0.00000000e+00  2.76804649e+00 -2.26466649e-04 
 3.68650000e-09  3.68650000e-09  0.00000000e+00  0.00000000e+00  0.00000000e+00  2.76793271e+00 -2.16587530e-04 
 3.68750000e-09  3.68750000e-09  0.00000000e+00  0.00000000e+00  0.00000000e+00  2.76782245e+00 -2.07270827e-04 
 3.68850000e-09  3.68850000e-09  0.00000000e+00  0.00000000e+00  0.00000000e+00  2.76771555e+00 -1.98480931e-04 
 3.68950000e-09  3.68950000e-09  0.00000000e+00  0.00000000e+00  0.00000000e+00  2.76761185e+00 -1.90184532e-04 
 3.69050000e-09  3.69050000e-09  0.00000000e+00  0.00000000e+00  0.00000000e+00  2.76751122e+00 -1.82350474e-04 
 3.69150000e-09  3.69150000e-09  0.00000000e+00  0.00000000e+00  0.00000000e+00  2.76741352e+00 -1.74949629e-04 
 3.69250000e-09  3.69250000e-09  0.00000000e+00  0.00000000e+00  0.00000000e+00  2.76731862e+00 -1.67954767e-04 
 3.69350000e-09  3.69350000e-09  0.00000000e+00  0.00000000e+00  0.00000000e+00  2.76722640e+00 -1.61340439e-04 
 3.69450000e-09  3.69450000e-09  0.00000000e+00  0.00000000e+00  0.00000000e+00  2.76713676e+00 -1.55082863e-04 
 3.69550000e-09  3.69550000e-09  0.00000000e+00  0.00000000e+00  0.00000000e+00  2.76704958e+00 -1.49159818e-04 
 3.69650000e-09  3.69650000e-09  0.00000000e+00  0.00000000e+00  0.00000000e+00  2.76696477e+00 -1.43550540e-04 
 3.69750000e-09  3.69750000e-09  0.00000000e+00  0.00000000e+00  0.00000000e+00  2.76688223e+00 -1.38235635e-04 
 3.69850000e-09  3.69850000e-09  0.00000000e+00  0.00000000e+00  0.00000000e+00  2.76680188e+00 -1.33196980e-04 
 3.69950000e-09  3.69950000e-09  0.00000000e+00  0.00000000e+00  0.00000000e+00  2.76672361e+00 -1.28417646e-04 
 3.70050000e-09  3.70050000e-09  0.00000000e+00  0.00000000e+00  0.00000000e+00  2.76664737e+00 -1.23881817e-04 
 3.70150000e-09  3.70150000e-09  0.00000000e+00  0.00000000e+00  0.00000000e+00  2.76657306e+00 -1.19574715e-04 
 3.70250000e-09  3.70250000e-09  0.00000000e+00  0.00000000e+00  0.00000000e+00  2.76650062e+00 -1.15482533e-04 
 3.70350000e-09  3.70350000e-09  0.00000000e+00  0.00000000e+00  0.00000000e+00  2.76642997e+00 -1.11592369e-04 
 3.70450000e-09  3.70450000e-09  0.00000000e+00  0.00000000e+00  0.00000000e+00  2.76636106e+00 -1.07892164e-04 
 3.70550000e-09  3.70550000e-09  0.00000000e+00  0.00000000e+00  0.00000000e+00  2.76629381e+00 -1.04370648e-04 
 3.70650000e-09  3.70650000e-09  0.00000000e+00  0.00000000e+00  0.00000000e+00  2.76622817e+00 -1.01017286e-04 
 3.70750000e-09  3.70750000e-09  0.00000000e+00  0.00000000e+00  0.00000000e+00  2.76616409e+00 -9.78222265e-05 
 3.70850000e-09  3.70850000e-09  0.00000000e+00  0.00000000e+00  0.00000000e+00  2.76610150e+00 -9.47762583e-05 
 3.70950000e-09  3.70950000e-09  0.00000000e+00  0.00000000e+00  0.00000000e+00  2.76604036e+00 -9.18707655e-05 
 3.71050000e-09  3.71050000e-09  0.00000000e+00  0.00000000e+00  0.00000000e+00  2.76598061e+00 -8.90976879e-05 
 3.71150000e-09  3.71150000e-09  0.00000000e+00  0.00000000e+00  0.00000000e+00  2.76592222e+00 -8.64494832e-05 
 3.71250000e-09  3.71250000e-09  0.00000000e+00  0.00000000e+00  0.00000000e+00  2.76586513e+00 -8.39190921e-05 
 3.71350000e-09  3.71350000e-09  0.00000000e+00  0.00000000e+00  0.00000000e+00  2.76580930e+00 -8.14999056e-05 
 3.71450000e-09  3.71450000e-09  0.00000000e+00  0.00000000e+00  0.00000000e+00  2.76575470e+00 -7.91857349e-05 
 3.71550000e-09  3.71550000e-09  0.00000000e+00  0.00000000e+00  0.00000000e+00  2.76570127e+00 -7.69707827e-05 
 3.71650000e-09  3.71650000e-09  0.00000000e+00  0.00000000e+00  0.00000000e+00  2.76564899e+00 -7.48496168e-05 
 3.71750000e-09  3.71750000e-09  0.00000000e+00  0.00000000e+00  0.00000000e+00  2.76559781e+00 -7.28171460e-05 
 3.71850000e-09  3.71850000e-09  0.00000000e+00  0.00000000e+00  0.00000000e+00  2.76554771e+00 -7.08685967e-05 
 3.71950000e-09  3.71950000e-09  0.00000000e+00  0.00000000e+00  0.00000000e+00  2.76549865e+00 -6.89994919e-05 
 3.72050000e-09  3.72050000e-09  0.00000000e+00  0.00000000e+00  0.00000000e+00  2.76545060e+00 -6.72056311e-05 
 3.72150000e-09  3.72150000e-09  0.00000000e+00  0.00000000e+00  0.00000000e+00  2.76540352e+00 -6.54830721e-05 
 3.72250000e-09  3.72250000e-09  0.00000000e+00  0.00000000e+00  0.00000000e+00  2.76535740e+00 -6.38281137e-05 
 3.72350000e-09  3.72350000e-09  0.00000000e+00  0.00000000e+00  0.00000000e+00  2.76531219e+00 -6.22372795e-05 
 3.72450000e-09  3.72450000e-09  0.00000000e+00  0.00000000e+00  0.00000000e+00  2.76526788e+00 -6.07073033e-05 
 3.72550000e-09  3.72550000e-09  0.00000000e+00  0.00000000e+00  0.00000000e+00  2.76522443e+00 -5.92351150e-05 
 3.72650000e-09  3.72650000e-09  0.00000000e+00  0.00000000e+00  0.00000000e+00  2.76518183e+00 -5.78178277e-05 
 3.72750000e-09  3.72750000e-09  0.00000000e+00  0.00000000e+00  0.00000000e+00  2.76514004e+00 -5.64527258e-05 
 3.72850000e-09  3.72850000e-09  0.00000000e+00  0.00000000e+00  0.00000000e+00  2.76509905e+00 -5.51372537e-05 
 3.72950000e-09  3.72950000e-09  0.00000000e+00  0.00000000e+00  0.00000000e+00  2.76505883e+00 -5.38690054e-05 
 3.73050000e-09  3.73050000e-09  0.00000000e+00  0.00000000e+00  0.00000000e+00  2.76501936e+00 -5.26457145e-05 
 3.73150000e-09  3.73150000e-09  0.00000000e+00  0.00000000e+00  0.00000000e+00  2.76498062e+00 -5.14652459e-05 
 3.73250000e-09  3.73250000e-09  0.00000000e+00  0.00000000e+00  0.00000000e+00  2.76494260e+00 -5.03255863e-05 
 3.73350000e-09  3.73350000e-09  0.00000000e+00  0.00000000e+00  0.00000000e+00  2.76490526e+00 -4.92248375e-05 
 3.73450000e-09  3.73450000e-09  0.00000000e+00  0.00000000e+00  0.00000000e+00  2.76486860e+00 -4.81612081e-05 
 3.73550000e-09  3.73550000e-09  0.00000000e+00  0.00000000e+00  0.00000000e+00  2.76483260e+00 -4.71330073e-05 
 3.73650000e-09  3.73650000e-09  0.00000000e+00  0.00000000e+00  0.00000000e+00  2.76479723e+00 -4.61386383e-05 
 3.73750000e-09  3.73750000e-09  0.00000000e+00  0.00000000e+00  0.00000000e+00  2.76476248e+00 -4.51765923e-05 
 3.73850000e-09  3.73850000e-09  0.00000000e+00  0.00000000e+00  0.00000000e+00  2.76472834e+00 -4.42454433e-05 
 3.73950000e-09  3.73950000e-09  0.00000000e+00  0.00000000e+00  0.00000000e+00  2.76469479e+00 -4.33438426e-05 
 3.74050000e-09  3.74050000e-09  0.00000000e+00  0.00000000e+00  0.00000000e+00  2.76466181e+00 -4.24705143e-05 
 3.74150000e-09  3.74150000e-09  0.00000000e+00  0.00000000e+00  0.00000000e+00  2.76462939e+00 -4.16242504e-05 
 3.74250000e-09  3.74250000e-09  0.00000000e+00  0.00000000e+00  0.00000000e+00  2.76459752e+00 -4.08039073e-05 
 3.74350000e-09  3.74350000e-09  0.00000000e+00  0.00000000e+00  0.00000000e+00  2.76456618e+00 -4.00084010e-05 
 3.74450000e-09  3.74450000e-09  0.00000000e+00  0.00000000e+00  0.00000000e+00  2.76453536e+00 -3.92367043e-05 
 3.74550000e-09  3.74550000e-09  0.00000000e+00  0.00000000e+00  0.00000000e+00  2.76450505e+00 -3.84878428e-05 
 3.74650000e-09  3.74650000e-09  0.00000000e+00  0.00000000e+00  0.00000000e+00  2.76447523e+00 -3.77608923e-05 
 3.74750000e-09  3.74750000e-09  0.00000000e+00  0.00000000e+00  0.00000000e+00  2.76444590e+00 -3.70549751e-05 
 3.74850000e-09  3.74850000e-09  0.00000000e+00  0.00000000e+00  0.00000000e+00  2.76441703e+00 -3.63692578e-05 
 3.74950000e-09  3.74950000e-09  0.00000000e+00  0.00000000e+00  0.00000000e+00  2.76438863e+00 -3.57029485e-05 
 3.75050000e-09  3.75050000e-09  0.00000000e+00  0.00000000e+00  0.00000000e+00  2.76436068e+00 -3.50552946e-05 
 3.75150000e-09  3.75150000e-09  0.00000000e+00  0.00000000e+00  0.00000000e+00  2.76433316e+00 -3.44255800e-05 
 3.75250000e-09  3.75250000e-09  0.00000000e+00  0.00000000e+00  0.00000000e+00  2.76430608e+00 -3.38131236e-05 
 3.75350000e-09  3.75350000e-09  0.00000000e+00  0.00000000e+00  0.00000000e+00  2.76427941e+00 -3.32172768e-05 
 3.75450000e-09  3.75450000e-09  0.00000000e+00  0.00000000e+00  0.00000000e+00  2.76425315e+00 -3.26374221e-05 
 3.75550000e-09  3.75550000e-09  0.00000000e+00  0.00000000e+00  0.00000000e+00  2.76422729e+00 -3.20729709e-05 
 3.75650000e-09  3.75650000e-09  0.00000000e+00  0.00000000e+00  0.00000000e+00  2.76420183e+00 -3.15233623e-05 
 3.75750000e-09  3.75750000e-09  0.00000000e+00  0.00000000e+00  0.00000000e+00  2.76417674e+00 -3.09880612e-05 
 3.75850000e-09  3.75850000e-09  0.00000000e+00  0.00000000e+00  0.00000000e+00  2.76415204e+00 -3.04665571e-05 
 3.75950000e-09  3.75950000e-09  0.00000000e+00  0.00000000e+00  0.00000000e+00  2.76412769e+00 -2.99583629e-05 
 3.76050000e-09  3.76050000e-09  0.00000000e+00  0.00000000e+00  0.00000000e+00  2.76410371e+00 -2.94630130e-05 
 3.76150000e-09  3.76150000e-09  0.00000000e+00  0.00000000e+00  0.00000000e+00  2.76408007e+00 -2.89800630e-05 
 3.76250000e-09  3.76250000e-09  0.00000000e+00  0.00000000e+00  0.00000000e+00  2.76405678e+00 -2.85090879e-05 
 3.76350000e-09  3.76350000e-09  0.00000000e+00  0.00000000e+00  0.00000000e+00  2.76403382e+00 -2.80496813e-05 
 3.76450000e-09  3.76450000e-09  0.00000000e+00  0.00000000e+00  0.00000000e+00  2.76401119e+00 -2.76014545e-05 
 3.76550000e-09  3.76550000e-09  0.00000000e+00  0.00000000e+00  0.00000000e+00  2.76398889e+00 -2.71640353e-05 
 3.76650000e-09  3.76650000e-09  0.00000000e+00  0.00000000e+00  0.00000000e+00  2.76396690e+00 -2.67370677e-05 
 3.76750000e-09  3.76750000e-09  0.00000000e+00  0.00000000e+00  0.00000000e+00  2.76394521e+00 -2.63202104e-05 
 3.76850000e-09  3.76850000e-09  0.00000000e+00  0.00000000e+00  0.00000000e+00  2.76392383e+00 -2.59131365e-05 
 3.76950000e-09  3.76950000e-09  0.00000000e+00  0.00000000e+00  0.00000000e+00  2.76390274e+00 -2.55155326e-05 
 3.77050000e-09  3.77050000e-09  0.00000000e+00  0.00000000e+00  0.00000000e+00  2.76388195e+00 -2.51270980e-05 
 3.77150000e-09  3.77150000e-09  0.00000000e+00  0.00000000e+00  0.00000000e+00  2.76386143e+00 -2.47475445e-05 
 3.77250000e-09  3.77250000e-09  0.00000000e+00  0.00000000e+00  0.00000000e+00  2.76384120e+00 -2.43765953e-05 
 3.77350000e-09  3.77350000e-09  0.00000000e+00  0.00000000e+00  0.00000000e+00  2.76382124e+00 -2.40139847e-05 
 3.77450000e-09  3.77450000e-09  0.00000000e+00  0.00000000e+00  0.00000000e+00  2.76380155e+00 -2.36594575e-05 
 3.77550000e-09  3.77550000e-09  0.00000000e+00  0.00000000e+00  0.00000000e+00  2.76378211e+00 -2.33127684e-05 
 3.77650000e-09  3.77650000e-09  0.00000000e+00  0.00000000e+00  0.00000000e+00  2.76376294e+00 -2.29736819e-05 
 3.77750000e-09  3.77750000e-09  0.00000000e+00  0.00000000e+00  0.00000000e+00  2.76374402e+00 -2.26419712e-05 
 3.77850000e-09  3.77850000e-09  0.00000000e+00  0.00000000e+00  0.00000000e+00  2.76372534e+00 -2.23174185e-05 
 3.77950000e-09  3.77950000e-09  0.00000000e+00  0.00000000e+00  0.00000000e+00  2.76370691e+00 -2.19998139e-05 
 3.78050000e-09  3.78050000e-09  0.00000000e+00  0.00000000e+00  0.00000000e+00  2.76368871e+00 -2.16889557e-05 
 3.78150000e-09  3.78150000e-09  0.00000000e+00  0.00000000e+00  0.00000000e+00  2.76367075e+00 -2.13846494e-05 
 3.78250000e-09  3.78250000e-09  0.00000000e+00  0.00000000e+00  0.00000000e+00  2.76365302e+00 -2.10867077e-05 
 3.78350000e-09  3.78350000e-09  0.00000000e+00  0.00000000e+00  0.00000000e+00  2.76363551e+00 -2.07949505e-05 
 3.78450000e-09  3.78450000e-09  0.00000000e+00  0.00000000e+00  0.00000000e+00  2.76361822e+00 -2.05092037e-05 
 3.78550000e-09  3.78550000e-09  0.00000000e+00  0.00000000e+00  0.00000000e+00  2.76360115e+00 -2.02292997e-05 
 3.78650000e-09  3.78650000e-09  0.00000000e+00  0.00000000e+00  0.00000000e+00  2.76358429e+00 -1.99550770e-05 
 3.78750000e-09  3.78750000e-09  0.00000000e+00  0.00000000e+00  0.00000000e+00  2.76356764e+00 -1.96863796e-05 
 3.78850000e-09  3.78850000e-09  0.00000000e+00  0.00000000e+00  0.00000000e+00  2.76355119e+00 -1.94230570e-05 
 3.78950000e-09  3.78950000e-09  0.00000000e+00  0.00000000e+00  0.00000000e+00  2.76353495e+00 -1.91649639e-05 
 3.79050000e-09  3.79050000e-09  0.00000000e+00  0.00000000e+00  0.00000000e+00  2.76351890e+00 -1.89119602e-05 
 3.79150000e-09  3.79150000e-09  0.00000000e+00  0.00000000e+00  0.00000000e+00  2.76350305e+00 -1.86639103e-05 
 3.79250000e-09  3.79250000e-09  0.00000000e+00  0.00000000e+00  0.00000000e+00  2.76348739e+00 -1.84206834e-05 
 3.79350000e-09  3.79350000e-09  0.00000000e+00  0.00000000e+00  0.00000000e+00  2.76347191e+00 -1.81821530e-05 
 3.79450000e-09  3.79450000e-09  0.00000000e+00  0.00000000e+00  0.00000000e+00  2.76345662e+00 -1.79481969e-05 
 3.79550000e-09  3.79550000e-09  0.00000000e+00  0.00000000e+00  0.00000000e+00  2.76344151e+00 -1.77186969e-05 
 3.79650000e-09  3.79650000e-09  0.00000000e+00  0.00000000e+00  0.00000000e+00  2.76342658e+00 -1.74935391e-05 
 3.79750000e-09  3.79750000e-09  0.00000000e+00  0.00000000e+00  0.00000000e+00  2.76341182e+00 -1.72726130e-05 
 3.79850000e-09  3.79850000e-09  0.00000000e+00  0.00000000e+00  0.00000000e+00  2.76339724e+00 -1.70558120e-05 
 3.79950000e-09  3.79950000e-09  0.00000000e+00  0.00000000e+00  0.00000000e+00  2.76338282e+00 -1.68430325e-05 
 3.80050000e-09  3.80050000e-09  0.00000000e+00  0.00000000e+00  0.00000000e+00  2.76336857e+00 -1.66341745e-05 
 3.80150000e-09  3.80150000e-09  0.00000000e+00  0.00000000e+00  0.00000000e+00  2.76335448e+00 -1.64291410e-05 
 3.80250000e-09  3.80250000e-09  0.00000000e+00  0.00000000e+00  0.00000000e+00  2.76334056e+00 -1.62278380e-05 
 3.80350000e-09  3.80350000e-09  0.00000000e+00  0.00000000e+00  0.00000000e+00  2.76332679e+00 -1.60301745e-05 
 3.80450000e-09  3.80450000e-09  0.00000000e+00  0.00000000e+00  0.00000000e+00  2.76331317e+00 -1.58360621e-05 
 3.80550000e-09  3.80550000e-09  0.00000000e+00  0.00000000e+00  0.00000000e+00  2.76329971e+00 -1.56454155e-05 
 3.80650000e-09  3.80650000e-09  0.00000000e+00  0.00000000e+00  0.00000000e+00  2.76328640e+00 -1.54581515e-05 
 3.80750000e-09  3.80750000e-09  0.00000000e+00  0.00000000e+00  0.00000000e+00  2.76327323e+00 -1.52741897e-05 
 3.80850000e-09  3.80850000e-09  0.00000000e+00  0.00000000e+00  0.00000000e+00  2.76326022e+00 -1.50934521e-05 
 3.80950000e-09  3.80950000e-09  0.00000000e+00  0.00000000e+00  0.00000000e+00  2.76324734e+00 -1.49158629e-05 
 3.81050000e-09  3.81050000e-09  0.00000000e+00  0.00000000e+00  0.00000000e+00  2.76323460e+00 -1.47413487e-05 
 3.81150000e-09  3.81150000e-09  0.00000000e+00  0.00000000e+00  0.00000000e+00  2.76322201e+00 -1.45698381e-05 
 3.81250000e-09  3.81250000e-09  0.00000000e+00  0.00000000e+00  0.00000000e+00  2.76320955e+00 -1.44012618e-05 
 3.81350000e-09  3.81350000e-09  0.00000000e+00  0.00000000e+00  0.00000000e+00  2.76319722e+00 -1.42355527e-05 
 3.81450000e-09  3.81450000e-09  0.00000000e+00  0.00000000e+00  0.00000000e+00  2.76318503e+00 -1.40726454e-05 
 3.81550000e-09  3.81550000e-09  0.00000000e+00  0.00000000e+00  0.00000000e+00  2.76317296e+00 -1.39124766e-05 
 3.81650000e-09  3.81650000e-09  0.00000000e+00  0.00000000e+00  0.00000000e+00  2.76316102e+00 -1.37549845e-05 
 3.81750000e-09  3.81750000e-09  0.00000000e+00  0.00000000e+00  0.00000000e+00  2.76314921e+00 -1.36001093e-05 
 3.81850000e-09  3.81850000e-09  0.00000000e+00  0.00000000e+00  0.00000000e+00  2.76313753e+00 -1.34477929e-05 
 3.81950000e-09  3.81950000e-09  0.00000000e+00  0.00000000e+00  0.00000000e+00  2.76312596e+00 -1.32979787e-05 
 3.82050000e-09  3.82050000e-09  0.00000000e+00  0.00000000e+00  0.00000000e+00  2.76311452e+00 -1.31506116e-05 
 3.82150000e-09  3.82150000e-09  0.00000000e+00  0.00000000e+00  0.00000000e+00  2.76310319e+00 -1.30056382e-05 
 3.82250000e-09  3.82250000e-09  0.00000000e+00  0.00000000e+00  0.00000000e+00  2.76309198e+00 -1.28630066e-05 
 3.82350000e-09  3.82350000e-09  0.00000000e+00  0.00000000e+00  0.00000000e+00  2.76308089e+00 -1.27226661e-05 
 3.82450000e-09  3.82450000e-09  0.00000000e+00  0.00000000e+00  0.00000000e+00  2.76306991e+00 -1.25840782e-05 
 3.82550000e-09  3.82550000e-09  0.00000000e+00  0.00000000e+00  0.00000000e+00  2.76305905e+00 -1.24477329e-05 
 3.82650000e-09  3.82650000e-09  0.00000000e+00  0.00000000e+00  0.00000000e+00  2.76304829e+00 -1.23135939e-05 
 3.82750000e-09  3.82750000e-09  0.00000000e+00  0.00000000e+00  0.00000000e+00  2.76303765e+00 -1.21815957e-05 
 3.82850000e-09  3.82850000e-09  0.00000000e+00  0.00000000e+00  0.00000000e+00  2.76302711e+00 -1.20517046e-05 
 3.82950000e-09  3.82950000e-09  0.00000000e+00  0.00000000e+00  0.00000000e+00  2.76301667e+00 -1.19238589e-05 
 3.83050000e-09  3.83050000e-09  0.00000000e+00  0.00000000e+00  0.00000000e+00  2.76300634e+00 -1.17980276e-05 
 3.83150000e-09  3.83150000e-09  0.00000000e+00  0.00000000e+00  0.00000000e+00  2.76299611e+00 -1.16741523e-05 
 3.83250000e-09  3.83250000e-09  0.00000000e+00  0.00000000e+00  0.00000000e+00  2.76298599e+00 -1.15522044e-05 
 3.83350000e-09  3.83350000e-09  0.00000000e+00  0.00000000e+00  0.00000000e+00  2.76297596e+00 -1.14321286e-05 
 3.83450000e-09  3.83450000e-09  0.00000000e+00  0.00000000e+00  0.00000000e+00  2.76296602e+00 -1.13138983e-05 
 3.83550000e-09  3.83550000e-09  0.00000000e+00  0.00000000e+00  0.00000000e+00  2.76295619e+00 -1.11970464e-05 
 3.83650000e-09  3.83650000e-09  0.00000000e+00  0.00000000e+00  0.00000000e+00  2.76294646e+00 -1.10820041e-05 
 3.83750000e-09  3.83750000e-09  0.00000000e+00  0.00000000e+00  0.00000000e+00  2.76293682e+00 -1.09687297e-05 
 3.83850000e-09  3.83850000e-09  0.00000000e+00  0.00000000e+00  0.00000000e+00  2.76292727e+00 -1.08571836e-05 
 3.83950000e-09  3.83950000e-09  0.00000000e+00  0.00000000e+00  0.00000000e+00  2.76291781e+00 -1.07473273e-05 
 3.84050000e-09  3.84050000e-09  0.00000000e+00  0.00000000e+00  0.00000000e+00  2.76290844e+00 -1.06391238e-05 
 3.84150000e-09  3.84150000e-09  0.00000000e+00  0.00000000e+00  0.00000000e+00  2.76289916e+00 -1.05325373e-05 
 3.84250000e-09  3.84250000e-09  0.00000000e+00  0.00000000e+00  0.00000000e+00  2.76288996e+00 -1.04275330e-05 
 3.84350000e-09  3.84350000e-09  0.00000000e+00  0.00000000e+00  0.00000000e+00  2.76288086e+00 -1.03240773e-05 
 3.84450000e-09  3.84450000e-09  0.00000000e+00  0.00000000e+00  0.00000000e+00  2.76287184e+00 -1.02221379e-05 
 3.84550000e-09  3.84550000e-09  0.00000000e+00  0.00000000e+00  0.00000000e+00  2.76286290e+00 -1.01216831e-05 
 3.84650000e-09  3.84650000e-09  0.00000000e+00  0.00000000e+00  0.00000000e+00  2.76285404e+00 -1.00226825e-05 
 3.84750000e-09  3.84750000e-09  0.00000000e+00  0.00000000e+00  0.00000000e+00  2.76284527e+00 -9.92510649e-06 
 3.84850000e-09  3.84850000e-09  0.00000000e+00  0.00000000e+00  0.00000000e+00  2.76283657e+00 -9.82892623e-06 
 3.84950000e-09  3.84950000e-09  0.00000000e+00  0.00000000e+00  0.00000000e+00  2.76282796e+00 -9.73411387e-06 
 3.85050000e-09  3.85050000e-09  0.00000000e+00  0.00000000e+00  0.00000000e+00  2.76281942e+00 -9.64064228e-06 
 3.85150000e-09  3.85150000e-09  0.00000000e+00  0.00000000e+00  0.00000000e+00  2.76281097e+00 -9.54848512e-06 
 3.85250000e-09  3.85250000e-09  0.00000000e+00  0.00000000e+00  0.00000000e+00  2.76280258e+00 -9.45761678e-06 
 3.85350000e-09  3.85350000e-09  0.00000000e+00  0.00000000e+00  0.00000000e+00  2.76279428e+00 -9.36801233e-06 
 3.85450000e-09  3.85450000e-09  0.00000000e+00  0.00000000e+00  0.00000000e+00  2.76278604e+00 -9.27964753e-06 
 3.85550000e-09  3.85550000e-09  0.00000000e+00  0.00000000e+00  0.00000000e+00  2.76277789e+00 -9.19249880e-06 
 3.85650000e-09  3.85650000e-09  0.00000000e+00  0.00000000e+00  0.00000000e+00  2.76276980e+00 -9.10654314e-06 
 3.85750000e-09  3.85750000e-09  0.00000000e+00  0.00000000e+00  0.00000000e+00  2.76276179e+00 -9.02175818e-06 
 3.85850000e-09  3.85850000e-09  0.00000000e+00  0.00000000e+00  0.00000000e+00  2.76275384e+00 -8.93812212e-06 
 3.85950000e-09  3.85950000e-09  0.00000000e+00  0.00000000e+00  0.00000000e+00  2.76274597e+00 -8.85561370e-06 
 3.86050000e-09  3.86050000e-09  0.00000000e+00  0.00000000e+00  0.00000000e+00  2.76273816e+00 -8.77421220e-06 
 3.86150000e-09  3.86150000e-09  0.00000000e+00  0.00000000e+00  0.00000000e+00  2.76273042e+00 -8.69389741e-06 
 3.86250000e-09  3.86250000e-09  0.00000000e+00  0.00000000e+00  0.00000000e+00  2.76272275e+00 -8.61464963e-06 
 3.86350000e-09  3.86350000e-09  0.00000000e+00  0.00000000e+00  0.00000000e+00  2.76271515e+00 -8.53644961e-06 
 3.86450000e-09  3.86450000e-09  0.00000000e+00  0.00000000e+00  0.00000000e+00  2.76270761e+00 -8.45927860e-06 
 3.86550000e-09  3.86550000e-09  0.00000000e+00  0.00000000e+00  0.00000000e+00  2.76270014e+00 -8.38311826e-06 
 3.86650000e-09  3.86650000e-09  0.00000000e+00  0.00000000e+00  0.00000000e+00  2.76269273e+00 -8.30795071e-06 
 3.86750000e-09  3.86750000e-09  0.00000000e+00  0.00000000e+00  0.00000000e+00  2.76268538e+00 -8.23375847e-06 
 3.86850000e-09  3.86850000e-09  0.00000000e+00  0.00000000e+00  0.00000000e+00  2.76267810e+00 -8.16052447e-06 
 3.86950000e-09  3.86950000e-09  0.00000000e+00  0.00000000e+00  0.00000000e+00  2.76267087e+00 -8.08823203e-06 
 3.87050000e-09  3.87050000e-09  0.00000000e+00  0.00000000e+00  0.00000000e+00  2.76266371e+00 -8.01686485e-06 
 3.87150000e-09  3.87150000e-09  0.00000000e+00  0.00000000e+00  0.00000000e+00  2.76265661e+00 -7.94640701e-06 
 3.87250000e-09  3.87250000e-09  0.00000000e+00  0.00000000e+00  0.00000000e+00  2.76264957e+00 -7.87684293e-06 
 3.87350000e-09  3.87350000e-09  0.00000000e+00  0.00000000e+00  0.00000000e+00  2.76264258e+00 -7.80815738e-06 
 3.87450000e-09  3.87450000e-09  0.00000000e+00  0.00000000e+00  0.00000000e+00  2.76263566e+00 -7.74033548e-06 
 3.87550000e-09  3.87550000e-09  0.00000000e+00  0.00000000e+00  0.00000000e+00  2.76262879e+00 -7.67336265e-06 
 3.87650000e-09  3.87650000e-09  0.00000000e+00  0.00000000e+00  0.00000000e+00  2.76262198e+00 -7.60722465e-06 
 3.87750000e-09  3.87750000e-09  0.00000000e+00  0.00000000e+00  0.00000000e+00  2.76261522e+00 -7.54190754e-06 
 3.87850000e-09  3.87850000e-09  0.00000000e+00  0.00000000e+00  0.00000000e+00  2.76260852e+00 -7.47739767e-06 
 3.87950000e-09  3.87950000e-09  0.00000000e+00  0.00000000e+00  0.00000000e+00  2.76260188e+00 -7.41368170e-06 
 3.88050000e-09  3.88050000e-09  0.00000000e+00  0.00000000e+00  0.00000000e+00  2.76259528e+00 -7.35074655e-06 
 3.88150000e-09  3.88150000e-09  0.00000000e+00  0.00000000e+00  0.00000000e+00  2.76258875e+00 -7.28857943e-06 
 3.88250000e-09  3.88250000e-09  0.00000000e+00  0.00000000e+00  0.00000000e+00  2.76258226e+00 -7.22716782e-06 
 3.88350000e-09  3.88350000e-09  0.00000000e+00  0.00000000e+00  0.00000000e+00  2.76257583e+00 -7.16649946e-06 
 3.88450000e-09  3.88450000e-09  0.00000000e+00  0.00000000e+00  0.00000000e+00  2.76256944e+00 -7.10656232e-06 
 3.88550000e-09  3.88550000e-09  0.00000000e+00  0.00000000e+00  0.00000000e+00  2.76256311e+00 -7.04734464e-06 
 3.88650000e-09  3.88650000e-09  0.00000000e+00  0.00000000e+00  0.00000000e+00  2.76255683e+00 -6.98883491e-06 
 3.88750000e-09  3.88750000e-09  0.00000000e+00  0.00000000e+00  0.00000000e+00  2.76255060e+00 -6.93102182e-06 
 3.88850000e-09  3.88850000e-09  0.00000000e+00  0.00000000e+00  0.00000000e+00  2.76254442e+00 -6.87389432e-06 
 3.88950000e-09  3.88950000e-09  0.00000000e+00  0.00000000e+00  0.00000000e+00  2.76253829e+00 -6.81744156e-06 
 3.89050000e-09  3.89050000e-09  0.00000000e+00  0.00000000e+00  0.00000000e+00  2.76253220e+00 -6.76165293e-06 
 3.89150000e-09  3.89150000e-09  0.00000000e+00  0.00000000e+00  0.00000000e+00  2.76252617e+00 -6.70651801e-06 
 3.89250000e-09  3.89250000e-09  0.00000000e+00  0.00000000e+00  0.00000000e+00  2.76252018e+00 -6.65202660e-06 
 3.89350000e-09  3.89350000e-09  0.00000000e+00  0.00000000e+00  0.00000000e+00  2.76251423e+00 -6.59816869e-06 
 3.89450000e-09  3.89450000e-09  0.00000000e+00  0.00000000e+00  0.00000000e+00  2.76250833e+00 -6.54493448e-06 
 3.89550000e-09  3.89550000e-09  0.00000000e+00  0.00000000e+00  0.00000000e+00  2.76250248e+00 -6.49231434e-06 
 3.89650000e-09  3.89650000e-09  0.00000000e+00  0.00000000e+00  0.00000000e+00  2.76249668e+00 -6.44029885e-06 
 3.89750000e-09  3.89750000e-09  0.00000000e+00  0.00000000e+00  0.00000000e+00  2.76249091e+00 -6.38887876e-06 
 3.89850000e-09  3.89850000e-09  0.00000000e+00  0.00000000e+00  0.00000000e+00  2.76248520e+00 -6.33804500e-06 
 3.89950000e-09  3.89950000e-09  0.00000000e+00  0.00000000e+00  0.00000000e+00  2.76247952e+00 -6.28778868e-06 
 3.90050000e-09  3.90050000e-09  0.00000000e+00  0.00000000e+00  0.00000000e+00  2.76247389e+00 -6.23810106e-06 
 3.90150000e-09  3.90150000e-09  0.00000000e+00  0.00000000e+00  0.00000000e+00  2.76246830e+00 -6.18897359e-06 
 3.90250000e-09  3.90250000e-09  0.00000000e+00  0.00000000e+00  0.00000000e+00  2.76246275e+00 -6.14039787e-06 
 3.90350000e-09  3.90350000e-09  0.00000000e+00  0.00000000e+00  0.00000000e+00  2.76245725e+00 -6.09236565e-06 
 3.90450000e-09  3.90450000e-09  0.00000000e+00  0.00000000e+00  0.00000000e+00  2.76245179e+00 -6.04486886e-06 
 3.90550000e-09  3.90550000e-09  0.00000000e+00  0.00000000e+00  0.00000000e+00  2.76244636e+00 -5.99789956e-06 
 3.90650000e-09  3.90650000e-09  0.00000000e+00  0.00000000e+00  0.00000000e+00  2.76244098e+00 -5.95144995e-06 
 3.90750000e-09  3.90750000e-09  0.00000000e+00  0.00000000e+00  0.00000000e+00  2.76243564e+00 -5.90551240e-06 
 3.90850000e-09  3.90850000e-09  0.00000000e+00  0.00000000e+00  0.00000000e+00  2.76243034e+00 -5.86007940e-06 
 3.90950000e-09  3.90950000e-09  0.00000000e+00  0.00000000e+00  0.00000000e+00  2.76242507e+00 -5.81514359e-06 
 3.91050000e-09  3.91050000e-09  0.00000000e+00  0.00000000e+00  0.00000000e+00  2.76241985e+00 -5.77069773e-06 
 3.91150000e-09  3.91150000e-09  0.00000000e+00  0.00000000e+00  0.00000000e+00  2.76241466e+00 -5.72673474e-06 
 3.91250000e-09  3.91250000e-09  0.00000000e+00  0.00000000e+00  0.00000000e+00  2.76240951e+00 -5.68324763e-06 
 3.91350000e-09  3.91350000e-09  0.00000000e+00  0.00000000e+00  0.00000000e+00  2.76240440e+00 -5.64022957e-06 
 3.91450000e-09  3.91450000e-09  0.00000000e+00  0.00000000e+00  0.00000000e+00  2.76239933e+00 -5.59767383e-06 
 3.91550000e-09  3.91550000e-09  0.00000000e+00  0.00000000e+00  0.00000000e+00  2.76239429e+00 -5.55557381e-06 
 3.91650000e-09  3.91650000e-09  0.00000000e+00  0.00000000e+00  0.00000000e+00  2.76238929e+00 -5.51392304e-06 
 3.91750000e-09  3.91750000e-09  0.00000000e+00  0.00000000e+00  0.00000000e+00  2.76238432e+00 -5.47271514e-06 
 3.91850000e-09  3.91850000e-09  0.00000000e+00  0.00000000e+00  0.00000000e+00  2.76237940e+00 -5.43194386e-06 
 3.91950000e-09  3.91950000e-09  0.00000000e+00  0.00000000e+00  0.00000000e+00  2.76237450e+00 -5.39160306e-06 
 3.92050000e-09  3.92050000e-09  0.00000000e+00  0.00000000e+00  0.00000000e+00  2.76236964e+00 -5.35168670e-06 
 3.92150000e-09  3.92150000e-09  0.00000000e+00  0.00000000e+00  0.00000000e+00  2.76236482e+00 -5.31218885e-06 
 3.92250000e-09  3.92250000e-09  0.00000000e+00  0.00000000e+00  0.00000000e+00  2.76236003e+00 -5.27310369e-06 
 3.92350000e-09  3.92350000e-09  0.00000000e+00  0.00000000e+00  0.00000000e+00  2.76235527e+00 -5.23442548e-06 
 3.92450000e-09  3.92450000e-09  0.00000000e+00  0.00000000e+00  0.00000000e+00  2.76235055e+00 -5.19614861e-06 
 3.92550000e-09  3.92550000e-09  0.00000000e+00  0.00000000e+00  0.00000000e+00  2.76234586e+00 -5.15826755e-06 
 3.92650000e-09  3.92650000e-09  0.00000000e+00  0.00000000e+00  0.00000000e+00  2.76234121e+00 -5.12077686e-06 
 3.92750000e-09  3.92750000e-09  0.00000000e+00  0.00000000e+00  0.00000000e+00  2.76233658e+00 -5.08367120e-06 
 3.92850000e-09  3.92850000e-09  0.00000000e+00  0.00000000e+00  0.00000000e+00  2.76233199e+00 -5.04694533e-06 
 3.92950000e-09  3.92950000e-09  0.00000000e+00  0.00000000e+00  0.00000000e+00  2.76232743e+00 -5.01059408e-06 
 3.93050000e-09  3.93050000e-09  0.00000000e+00  0.00000000e+00  0.00000000e+00  2.76232291e+00 -4.97461239e-06 
 3.93150000e-09  3.93150000e-09  0.00000000e+00  0.00000000e+00  0.00000000e+00  2.76231841e+00 -4.93899526e-06 
 3.93250000e-09  3.93250000e-09  0.00000000e+00  0.00000000e+00  0.00000000e+00  2.76231394e+00 -4.90373779e-06 
 3.93350000e-09  3.93350000e-09  0.00000000e+00  0.00000000e+00  0.00000000e+00  2.76230951e+00 -4.86883517e-06 
 3.93450000e-09  3.93450000e-09  0.00000000e+00  0.00000000e+00  0.00000000e+00  2.76230511e+00 -4.83428266e-06 
 3.93550000e-09  3.93550000e-09  0.00000000e+00  0.00000000e+00  0.00000000e+00  2.76230073e+00 -4.80007559e-06 
 3.93650000e-09  3.93650000e-09  0.00000000e+00  0.00000000e+00  0.00000000e+00  2.76229639e+00 -4.76620939e-06 
 3.93750000e-09  3.93750000e-09  0.00000000e+00  0.00000000e+00  0.00000000e+00  2.76229207e+00 -4.73267954e-06 
 3.93850000e-09  3.93850000e-09  0.00000000e+00  0.00000000e+00  0.00000000e+00  2.76228779e+00 -4.69948162e-06 
 3.93950000e-09  3.93950000e-09  0.00000000e+00  0.00000000e+00  0.00000000e+00  2.76228353e+00 -4.66661126e-06 
 3.94050000e-09  3.94050000e-09  0.00000000e+00  0.00000000e+00  0.00000000e+00  2.76227931e+00 -4.63406418e-06 
 3.94150000e-09  3.94150000e-09  0.00000000e+00  0.00000000e+00  0.00000000e+00  2.76227511e+00 -4.60183615e-06 
 3.94250000e-09  3.94250000e-09  0.00000000e+00  0.00000000e+00  0.00000000e+00  2.76227094e+00 -4.56992304e-06 
 3.94350000e-09  3.94350000e-09  0.00000000e+00  0.00000000e+00  0.00000000e+00  2.76226679e+00 -4.53832075e-06 
 3.94450000e-09  3.94450000e-09  0.00000000e+00  0.00000000e+00  0.00000000e+00  2.76226268e+00 -4.50702528e-06 
 3.94550000e-09  3.94550000e-09  0.00000000e+00  0.00000000e+00  0.00000000e+00  2.76225859e+00 -4.47603267e-06 
 3.94650000e-09  3.94650000e-09  0.00000000e+00  0.00000000e+00  0.00000000e+00  2.76225453e+00 -4.44533903e-06 
 3.94750000e-09  3.94750000e-09  0.00000000e+00  0.00000000e+00  0.00000000e+00  2.76225050e+00 -4.41494054e-06 
 3.94850000e-09  3.94850000e-09  0.00000000e+00  0.00000000e+00  0.00000000e+00  2.76224649e+00 -4.38483344e-06 
 3.94950000e-09  3.94950000e-09  0.00000000e+00  0.00000000e+00  0.00000000e+00  2.76224251e+00 -4.35501402e-06 
 3.95050000e-09  3.95050000e-09  0.00000000e+00  0.00000000e+00  0.00000000e+00  2.76223855e+00 -4.32547863e-06 
 3.95150000e-09  3.95150000e-09  0.00000000e+00  0.00000000e+00  0.00000000e+00  2.76223463e+00 -4.29622369e-06 
 3.95250000e-09  3.95250000e-09  0.00000000e+00  0.00000000e+00  0.00000000e+00  2.76223072e+00 -4.26724566e-06 
 3.95350000e-09  3.95350000e-09  0.00000000e+00  0.00000000e+00  0.00000000e+00  2.76222685e+00 -4.23854108e-06 
 3.95450000e-09  3.95450000e-09  0.00000000e+00  0.00000000e+00  0.00000000e+00  2.76222299e+00 -4.21010651e-06 
 3.95550000e-09  3.95550000e-09  0.00000000e+00  0.00000000e+00  0.00000000e+00  2.76221917e+00 -4.18193859e-06 
 3.95650000e-09  3.95650000e-09  0.00000000e+00  0.00000000e+00  0.00000000e+00  2.76221536e+00 -4.15403401e-06 
 3.95750000e-09  3.95750000e-09  0.00000000e+00  0.00000000e+00  0.00000000e+00  2.76221159e+00 -4.12638951e-06 
 3.95850000e-09  3.95850000e-09  0.00000000e+00  0.00000000e+00  0.00000000e+00  2.76220783e+00 -4.09900186e-06 
 3.95950000e-09  3.95950000e-09  0.00000000e+00  0.00000000e+00  0.00000000e+00  2.76220410e+00 -4.07186790e-06 
 3.96050000e-09  3.96050000e-09  0.00000000e+00  0.00000000e+00  0.00000000e+00  2.76220040e+00 -4.04498452e-06 
 3.96150000e-09  3.96150000e-09  0.00000000e+00  0.00000000e+00  0.00000000e+00  2.76219672e+00 -4.01834866e-06 
 3.96250000e-09  3.96250000e-09  0.00000000e+00  0.00000000e+00  0.00000000e+00  2.76219306e+00 -3.99195728e-06 
 3.96350000e-09  3.96350000e-09  0.00000000e+00  0.00000000e+00  0.00000000e+00  2.76218942e+00 -3.96580742e-06 
 3.96450000e-09  3.96450000e-09  0.00000000e+00  0.00000000e+00  0.00000000e+00  2.76218581e+00 -3.93989614e-06 
 3.96550000e-09  3.96550000e-09  0.00000000e+00  0.00000000e+00  0.00000000e+00  2.76218222e+00 -3.91422057e-06 
 3.96650000e-09  3.96650000e-09  0.00000000e+00  0.00000000e+00  0.00000000e+00  2.76217866e+00 -3.88877786e-06 
 3.96750000e-09  3.96750000e-09  0.00000000e+00  0.00000000e+00  0.00000000e+00  2.76217511e+00 -3.86356520e-06 
 3.96850000e-09  3.96850000e-09  0.00000000e+00  0.00000000e+00  0.00000000e+00  2.76217159e+00 -3.83857985e-06 
 3.96950000e-09  3.96950000e-09  0.00000000e+00  0.00000000e+00  0.00000000e+00  2.76216809e+00 -3.81381908e-06 
 3.97050000e-09  3.97050000e-09  0.00000000e+00  0.00000000e+00  0.00000000e+00  2.76216461e+00 -3.78928023e-06 
 3.97150000e-09  3.97150000e-09  0.00000000e+00  0.00000000e+00  0.00000000e+00  2.76216116e+00 -3.76496066e-06 
 3.97250000e-09  3.97250000e-09  0.00000000e+00  0.00000000e+00  0.00000000e+00  2.76215772e+00 -3.74085776e-06 
 3.97350000e-09  3.97350000e-09  0.00000000e+00  0.00000000e+00  0.00000000e+00  2.76215431e+00 -3.71696898e-06 
 3.97450000e-09  3.97450000e-09  0.00000000e+00  0.00000000e+00  0.00000000e+00  2.76215092e+00 -3.69329181e-06 
 3.97550000e-09  3.97550000e-09  0.00000000e+00  0.00000000e+00  0.00000000e+00  2.76214755e+00 -3.66982376e-06 
 3.97650000e-09  3.97650000e-09  0.00000000e+00  0.00000000e+00  0.00000000e+00  2.76214420e+00 -3.64656237e-06 
 3.97750000e-09  3.97750000e-09  0.00000000e+00  0.00000000e+00  0.00000000e+00  2.76214087e+00 -3.62350525e-06 
 3.97850000e-09  3.97850000e-09  0.00000000e+00  0.00000000e+00  0.00000000e+00  2.76213756e+00 -3.60065000e-06 
 3.97950000e-09  3.97950000e-09  0.00000000e+00  0.00000000e+00  0.00000000e+00  2.76213427e+00 -3.57799430e-06 
 3.98050000e-09  3.98050000e-09  0.00000000e+00  0.00000000e+00  0.00000000e+00  2.76213100e+00 -3.55553584e-06 
 3.98150000e-09  3.98150000e-09  0.00000000e+00  0.00000000e+00  0.00000000e+00  2.76212775e+00 -3.53327233e-06 
 3.98250000e-09  3.98250000e-09  0.00000000e+00  0.00000000e+00  0.00000000e+00  2.76212452e+00 -3.51120154e-06 
 3.98350000e-09  3.98350000e-09  0.00000000e+00  0.00000000e+00  0.00000000e+00  2.76212131e+00 -3.48932126e-06 
 3.98450000e-09  3.98450000e-09  0.00000000e+00  0.00000000e+00  0.00000000e+00  2.76211812e+00 -3.46762930e-06 
 3.98550000e-09  3.98550000e-09  0.00000000e+00  0.00000000e+00  0.00000000e+00  2.76211495e+00 -3.44612353e-06 
 3.98650000e-09  3.98650000e-09  0.00000000e+00  0.00000000e+00  0.00000000e+00  2.76211180e+00 -3.42480182e-06 
 3.98750000e-09  3.98750000e-09  0.00000000e+00  0.00000000e+00  0.00000000e+00  2.76210866e+00 -3.40366210e-06 
 3.98850000e-09  3.98850000e-09  0.00000000e+00  0.00000000e+00  0.00000000e+00  2.76210555e+00 -3.38270229e-06 
 3.98950000e-09  3.98950000e-09  0.00000000e+00  0.00000000e+00  0.00000000e+00  2.76210245e+00 -3.36192038e-06 
 3.99050000e-09  3.99050000e-09  0.00000000e+00  0.00000000e+00  0.00000000e+00  2.76209938e+00 -3.34131437e-06 
 3.99150000e-09  3.99150000e-09  0.00000000e+00  0.00000000e+00  0.00000000e+00  2.76209632e+00 -3.32088228e-06 
 3.99250000e-09  3.99250000e-09  0.00000000e+00  0.00000000e+00  0.00000000e+00  2.76209328e+00 -3.30062217e-06 
 3.99350000e-09  3.99350000e-09  0.00000000e+00  0.00000000e+00  0.00000000e+00  2.76209026e+00 -3.28053212e-06 
 3.99450000e-09  3.99450000e-09  0.00000000e+00  0.00000000e+00  0.00000000e+00  2.76208725e+00 -3.26061024e-06 
 3.99550000e-09  3.99550000e-09  0.00000000e+00  0.00000000e+00  0.00000000e+00  2.76208426e+00 -3.24085468e-06 
 3.99650000e-09  3.99650000e-09  0.00000000e+00  0.00000000e+00  0.00000000e+00  2.76208130e+00 -3.22126358e-06 
 3.99750000e-09  3.99750000e-09  0.00000000e+00  0.00000000e+00  0.00000000e+00  2.76207834e+00 -3.20183514e-06 
 3.99850000e-09  3.99850000e-09  0.00000000e+00  0.00000000e+00  0.00000000e+00  2.76207541e+00 -3.18256757e-06 
 3.99925000e-09  3.99925000e-09  0.00000000e+00  0.00000000e+00  0.00000000e+00  2.76207322e+00 -3.16823522e-06 
 4.00000000e-09  4.00000000e-09  0.00000000e+00  0.00000000e+00  0.00000000e+00  2.76207104e+00 -3.15400432e-06 
