 time            time            v(rfp)          v(lop)          voutdiff       
 0.00000000e+00  0.00000000e+00  8.50000000e-01  5.50000000e-01  8.88178420e-16 
 1.00000000e-12  1.00000000e-12  8.50000628e-01  5.51200000e-01 -4.91743672e-08 
 2.00000000e-12  2.00000000e-12  8.50001257e-01  5.52400000e-01 -1.02142642e-07 
 4.00000000e-12  4.00000000e-12  8.50002513e-01  5.54800000e-01 -1.44721628e-07 
 8.00000000e-12  8.00000000e-12  8.50005027e-01  5.59600000e-01  8.23866186e-07 
 1.60000000e-11  1.60000000e-11  8.50010053e-01  5.69200000e-01  1.09325151e-05 
 3.20000000e-11  3.20000000e-11  8.50020106e-01  5.88400000e-01  7.10912117e-05 
 6.40000000e-11  6.40000000e-11  8.50040212e-01  6.26800000e-01  3.12160282e-04 
 1.28000000e-10  1.28000000e-10  8.50080421e-01  7.03600000e-01  7.76416992e-04 
 2.28000000e-10  2.28000000e-10  8.50143237e-01  8.23600000e-01  5.14978831e-04 
 3.28000000e-10  3.28000000e-10  8.50206030e-01  9.43600000e-01 -6.68589486e-04 
 4.14000000e-10  4.14000000e-10  8.50260007e-01  1.04680000e+00 -3.01409447e-03 
 5.00000000e-10  5.00000000e-10  8.50313953e-01  1.15000000e+00 -5.40501771e-03 
 5.10000000e-10  5.10000000e-10  8.50320223e-01  1.15000000e+00 -5.49456225e-03 
 5.30000000e-10  5.30000000e-10  8.50332763e-01  1.15000000e+00 -5.64993703e-03 
 5.70000000e-10  5.70000000e-10  8.50357835e-01  1.15000000e+00 -6.00980589e-03 
 6.50000000e-10  6.50000000e-10  8.50407953e-01  1.15000000e+00 -6.90142691e-03 
 7.50000000e-10  7.50000000e-10  8.50470542e-01  1.15000000e+00 -8.02853565e-03 
 8.50000000e-10  8.50000000e-10  8.50533056e-01  1.15000000e+00 -9.16010102e-03 
 9.50000000e-10  9.50000000e-10  8.50595486e-01  1.15000000e+00 -1.02832572e-02 
 1.05000000e-09  1.05000000e-09  8.50657822e-01  1.15000000e+00 -1.14108299e-02 
 1.15000000e-09  1.15000000e-09  8.50720054e-01  1.15000000e+00 -1.25319364e-02 
 1.25000000e-09  1.25000000e-09  8.50782172e-01  1.15000000e+00 -1.36545560e-02 
 1.35000000e-09  1.35000000e-09  8.50844167e-01  1.15000000e+00 -1.47723573e-02 
 1.45000000e-09  1.45000000e-09  8.50906029e-01  1.15000000e+00 -1.58898535e-02 
 1.55000000e-09  1.55000000e-09  8.50967747e-01  1.15000000e+00 -1.70032351e-02 
 1.65000000e-09  1.65000000e-09  8.51029313e-01  1.15000000e+00 -1.81151811e-02 
 1.75000000e-09  1.75000000e-09  8.51090716e-01  1.15000000e+00 -1.92232422e-02 
 1.85000000e-09  1.85000000e-09  8.51151947e-01  1.15000000e+00 -2.03290665e-02 
 1.95000000e-09  1.95000000e-09  8.51212996e-01  1.15000000e+00 -2.14310089e-02 
 2.05000000e-09  2.05000000e-09  8.51273854e-01  1.15000000e+00 -2.25300716e-02 
 2.15000000e-09  2.15000000e-09  8.51334510e-01  1.15000000e+00 -2.36251477e-02 
 2.25000000e-09  2.25000000e-09  8.51394956e-01  1.15000000e+00 -2.47168169e-02 
 2.35000000e-09  2.35000000e-09  8.51455181e-01  1.15000000e+00 -2.58042820e-02 
 2.45000000e-09  2.45000000e-09  8.51515176e-01  1.15000000e+00 -2.68878887e-02 
 2.55000000e-09  2.55000000e-09  8.51574933e-01  1.15000000e+00 -2.79670377e-02 
 2.65000000e-09  2.65000000e-09  8.51634440e-01  1.15000000e+00 -2.90419086e-02 
 2.75000000e-09  2.75000000e-09  8.51693690e-01  1.15000000e+00 -3.01120458e-02 
 2.85000000e-09  2.85000000e-09  8.51752672e-01  1.15000000e+00 -3.11775108e-02 
 2.95000000e-09  2.95000000e-09  8.51811377e-01  1.15000000e+00 -3.22379488e-02 
 3.05000000e-09  3.05000000e-09  8.51869796e-01  1.15000000e+00 -3.32933412e-02 
 3.15000000e-09  3.15000000e-09  8.51927920e-01  1.15000000e+00 -3.43434018e-02 
 3.25000000e-09  3.25000000e-09  8.51985739e-01  1.15000000e+00 -3.53880592e-02 
 3.35000000e-09  3.35000000e-09  8.52043245e-01  1.15000000e+00 -3.64270728e-02 
 3.45000000e-09  3.45000000e-09  8.52100429e-01  1.15000000e+00 -3.74603379e-02 
 3.55000000e-09  3.55000000e-09  8.52157280e-01  1.15000000e+00 -3.84876440e-02 
 3.65000000e-09  3.65000000e-09  8.52213791e-01  1.15000000e+00 -3.95088656e-02 
 3.75000000e-09  3.75000000e-09  8.52269952e-01  1.15000000e+00 -4.05238124e-02 
 3.85000000e-09  3.85000000e-09  8.52325755e-01  1.15000000e+00 -4.15323464e-02 
 3.95000000e-09  3.95000000e-09  8.52381191e-01  1.15000000e+00 -4.25342907e-02 
 4.05000000e-09  4.05000000e-09  8.52436251e-01  1.15000000e+00 -4.35295006e-02 
 4.15000000e-09  4.15000000e-09  8.52490926e-01  1.15000000e+00 -4.45178083e-02 
 4.25000000e-09  4.25000000e-09  8.52545207e-01  1.15000000e+00 -4.54990659e-02 
 4.35000000e-09  4.35000000e-09  8.52599087e-01  1.15000000e+00 -4.64731121e-02 
 4.45000000e-09  4.45000000e-09  8.52652556e-01  1.15000000e+00 -4.74397981e-02 
 4.55000000e-09  4.55000000e-09  8.52705606e-01  1.15000000e+00 -4.83989674e-02 
 4.65000000e-09  4.65000000e-09  8.52758229e-01  1.15000000e+00 -4.93504717e-02 
 4.75000000e-09  4.75000000e-09  8.52810417e-01  1.15000000e+00 -5.02941585e-02 
 4.85000000e-09  4.85000000e-09  8.52862161e-01  1.15000000e+00 -5.12298807e-02 
 4.95000000e-09  4.95000000e-09  8.52913452e-01  1.15000000e+00 -5.21574895e-02 
 5.05000000e-09  5.05000000e-09  8.52964284e-01  1.15000000e+00 -5.30768396e-02 
 5.15000000e-09  5.15000000e-09  8.53014648e-01  1.15000000e+00 -5.39877853e-02 
 5.25000000e-09  5.25000000e-09  8.53064535e-01  1.15000000e+00 -5.48901837e-02 
 5.35000000e-09  5.35000000e-09  8.53113939e-01  1.15000000e+00 -5.57839003e-02 
 5.45000000e-09  5.45000000e-09  8.53162851e-01  1.15000000e+00 -5.66687852e-02 
 5.55000000e-09  5.55000000e-09  8.53211263e-01  1.15000000e+00 -5.75446915e-02 
 5.65000000e-09  5.65000000e-09  8.53259169e-01  1.15000000e+00 -5.84114921e-02 
 5.75000000e-09  5.75000000e-09  8.53306559e-01  1.15000000e+00 -5.92690483e-02 
 5.85000000e-09  5.85000000e-09  8.53353428e-01  1.15000000e+00 -6.01172251e-02 
 5.95000000e-09  5.95000000e-09  8.53399767e-01  1.15000000e+00 -6.09558896e-02 
 6.05000000e-09  6.05000000e-09  8.53445569e-01  1.15000000e+00 -6.17849095e-02 
 6.15000000e-09  6.15000000e-09  8.53490827e-01  1.15000000e+00 -6.26041547e-02 
 6.25000000e-09  6.25000000e-09  8.53535534e-01  1.15000000e+00 -6.34134962e-02 
 6.35000000e-09  6.35000000e-09  8.53579682e-01  1.15000000e+00 -6.42128069e-02 
 6.45000000e-09  6.45000000e-09  8.53623266e-01  1.15000000e+00 -6.50019613e-02 
 6.55000000e-09  6.55000000e-09  8.53666277e-01  1.15000000e+00 -6.57808354e-02 
 6.65000000e-09  6.65000000e-09  8.53708709e-01  1.15000000e+00 -6.65493069e-02 
 6.75000000e-09  6.75000000e-09  8.53750555e-01  1.15000000e+00 -6.73072551e-02 
 6.85000000e-09  6.85000000e-09  8.53791810e-01  1.15000000e+00 -6.80545610e-02 
 6.95000000e-09  6.95000000e-09  8.53832465e-01  1.15000000e+00 -6.87911075e-02 
 7.05000000e-09  7.05000000e-09  8.53872515e-01  1.15000000e+00 -6.95167789e-02 
 7.15000000e-09  7.15000000e-09  8.53911954e-01  1.15000000e+00 -7.02314615e-02 
 7.25000000e-09  7.25000000e-09  8.53950775e-01  1.15000000e+00 -7.09350431e-02 
 7.35000000e-09  7.35000000e-09  8.53988972e-01  1.15000000e+00 -7.16274136e-02 
 7.45000000e-09  7.45000000e-09  8.54026539e-01  1.15000000e+00 -7.23084643e-02 
 7.55000000e-09  7.55000000e-09  8.54063471e-01  1.15000000e+00 -7.29780886e-02 
 7.65000000e-09  7.65000000e-09  8.54099761e-01  1.15000000e+00 -7.36361816e-02 
 7.75000000e-09  7.75000000e-09  8.54135403e-01  1.15000000e+00 -7.42826403e-02 
 7.85000000e-09  7.85000000e-09  8.54170392e-01  1.15000000e+00 -7.49173633e-02 
 7.95000000e-09  7.95000000e-09  8.54204723e-01  1.15000000e+00 -7.55402514e-02 
 8.05000000e-09  8.05000000e-09  8.54238390e-01  1.15000000e+00 -7.61512071e-02 
 8.15000000e-09  8.15000000e-09  8.54271387e-01  1.15000000e+00 -7.67501348e-02 
 8.25000000e-09  8.25000000e-09  8.54303710e-01  1.15000000e+00 -7.73369409e-02 
 8.35000000e-09  8.35000000e-09  8.54335354e-01  1.15000000e+00 -7.79115334e-02 
 8.45000000e-09  8.45000000e-09  8.54366312e-01  1.15000000e+00 -7.84738227e-02 
 8.55000000e-09  8.55000000e-09  8.54396582e-01  1.15000000e+00 -7.90237208e-02 
 8.65000000e-09  8.65000000e-09  8.54426157e-01  1.15000000e+00 -7.95611417e-02 
 8.75000000e-09  8.75000000e-09  8.54455033e-01  1.15000000e+00 -8.00860016e-02 
 8.85000000e-09  8.85000000e-09  8.54483205e-01  1.15000000e+00 -8.05982184e-02 
 8.95000000e-09  8.95000000e-09  8.54510670e-01  1.15000000e+00 -8.10977121e-02 
 9.05000000e-09  9.05000000e-09  8.54537422e-01  1.15000000e+00 -8.15844047e-02 
 9.15000000e-09  9.15000000e-09  8.54563458e-01  1.15000000e+00 -8.20582203e-02 
 9.25000000e-09  9.25000000e-09  8.54588773e-01  1.15000000e+00 -8.25190848e-02 
 9.35000000e-09  9.35000000e-09  8.54613364e-01  1.15000000e+00 -8.29669264e-02 
 9.45000000e-09  9.45000000e-09  8.54637226e-01  1.15000000e+00 -8.34016752e-02 
 9.55000000e-09  9.55000000e-09  8.54660356e-01  1.15000000e+00 -8.38232634e-02 
 9.65000000e-09  9.65000000e-09  8.54682749e-01  1.15000000e+00 -8.42316251e-02 
 9.75000000e-09  9.75000000e-09  8.54704404e-01  1.15000000e+00 -8.46266968e-02 
 9.85000000e-09  9.85000000e-09  8.54725315e-01  1.15000000e+00 -8.50084168e-02 
 9.95000000e-09  9.95000000e-09  8.54745481e-01  1.15000000e+00 -8.53767256e-02 
 1.00500000e-08  1.00500000e-08  8.54764897e-01  1.15000000e+00 -8.57315659e-02 
 1.01500000e-08  1.01500000e-08  8.54783560e-01  1.15000000e+00 -8.60728822e-02 
 1.02500000e-08  1.02500000e-08  8.54801468e-01  1.15000000e+00 -8.64006215e-02 
 1.03500000e-08  1.03500000e-08  8.54818618e-01  1.15000000e+00 -8.67147326e-02 
 1.04500000e-08  1.04500000e-08  8.54835007e-01  1.15000000e+00 -8.70151667e-02 
 1.05500000e-08  1.05500000e-08  8.54850633e-01  1.15000000e+00 -8.73018769e-02 
 1.06500000e-08  1.06500000e-08  8.54865493e-01  1.15000000e+00 -8.75748185e-02 
 1.07500000e-08  1.07500000e-08  8.54879584e-01  1.15000000e+00 -8.78339492e-02 
 1.08500000e-08  1.08500000e-08  8.54892905e-01  1.15000000e+00 -8.80792285e-02 
 1.09500000e-08  1.09500000e-08  8.54905453e-01  1.15000000e+00 -8.83106182e-02 
 1.10500000e-08  1.10500000e-08  8.54917226e-01  1.15000000e+00 -8.85280824e-02 
 1.11500000e-08  1.11500000e-08  8.54928223e-01  1.15000000e+00 -8.87315871e-02 
 1.12500000e-08  1.12500000e-08  8.54938442e-01  1.15000000e+00 -8.89211008e-02 
 1.13500000e-08  1.13500000e-08  8.54947881e-01  1.15000000e+00 -8.90965939e-02 
 1.14500000e-08  1.14500000e-08  8.54956538e-01  1.15000000e+00 -8.92580390e-02 
 1.15500000e-08  1.15500000e-08  8.54964413e-01  1.15000000e+00 -8.94054112e-02 
 1.16500000e-08  1.16500000e-08  8.54971504e-01  1.15000000e+00 -8.95386874e-02 
 1.17500000e-08  1.17500000e-08  8.54977810e-01  1.15000000e+00 -8.96578469e-02 
 1.18500000e-08  1.18500000e-08  8.54983330e-01  1.15000000e+00 -8.97628712e-02 
 1.19500000e-08  1.19500000e-08  8.54988063e-01  1.15000000e+00 -8.98537439e-02 
 1.20500000e-08  1.20500000e-08  8.54992008e-01  1.15000000e+00 -8.99304509e-02 
 1.21500000e-08  1.21500000e-08  8.54995165e-01  1.15000000e+00 -8.99929803e-02 
 1.22500000e-08  1.22500000e-08  8.54997533e-01  1.15000000e+00 -9.00413223e-02 
 1.23500000e-08  1.23500000e-08  8.54999112e-01  1.15000000e+00 -9.00754695e-02 
 1.24500000e-08  1.24500000e-08  8.54999901e-01  1.15000000e+00 -9.00954164e-02 
 1.25500000e-08  1.25500000e-08  8.54999901e-01  1.15000000e+00 -9.01011600e-02 
 1.26500000e-08  1.26500000e-08  8.54999112e-01  1.15000000e+00 -9.00926995e-02 
 1.27500000e-08  1.27500000e-08  8.54997533e-01  1.15000000e+00 -9.00700360e-02 
 1.28500000e-08  1.28500000e-08  8.54995165e-01  1.15000000e+00 -9.00331732e-02 
 1.29500000e-08  1.29500000e-08  8.54992008e-01  1.15000000e+00 -8.99821168e-02 
 1.30500000e-08  1.30500000e-08  8.54988063e-01  1.15000000e+00 -8.99168746e-02 
 1.31500000e-08  1.31500000e-08  8.54983330e-01  1.15000000e+00 -8.98374569e-02 
 1.32500000e-08  1.32500000e-08  8.54977810e-01  1.15000000e+00 -8.97438761e-02 
 1.33500000e-08  1.33500000e-08  8.54971504e-01  1.15000000e+00 -8.96361465e-02 
 1.34500000e-08  1.34500000e-08  8.54964413e-01  1.15000000e+00 -8.95142851e-02 
 1.35500000e-08  1.35500000e-08  8.54956538e-01  1.15000000e+00 -8.93783108e-02 
 1.36500000e-08  1.36500000e-08  8.54947881e-01  1.15000000e+00 -8.92282446e-02 
 1.37500000e-08  1.37500000e-08  8.54938442e-01  1.15000000e+00 -8.90641101e-02 
 1.38500000e-08  1.38500000e-08  8.54928223e-01  1.15000000e+00 -8.88859326e-02 
 1.39500000e-08  1.39500000e-08  8.54917226e-01  1.15000000e+00 -8.86937400e-02 
 1.40500000e-08  1.40500000e-08  8.54905453e-01  1.15000000e+00 -8.84875621e-02 
 1.41500000e-08  1.41500000e-08  8.54892905e-01  1.15000000e+00 -8.82674310e-02 
 1.42500000e-08  1.42500000e-08  8.54879584e-01  1.15000000e+00 -8.80333810e-02 
 1.43500000e-08  1.43500000e-08  8.54865493e-01  1.15000000e+00 -8.77854485e-02 
 1.44500000e-08  1.44500000e-08  8.54850633e-01  1.15000000e+00 -8.75236721e-02 
 1.45500000e-08  1.45500000e-08  8.54835007e-01  1.15000000e+00 -8.72480925e-02 
 1.46500000e-08  1.46500000e-08  8.54818618e-01  1.15000000e+00 -8.69587528e-02 
 1.47500000e-08  1.47500000e-08  8.54801468e-01  1.15000000e+00 -8.66556978e-02 
 1.48500000e-08  1.48500000e-08  8.54783560e-01  1.15000000e+00 -8.63389749e-02 
 1.49500000e-08  1.49500000e-08  8.54764897e-01  1.15000000e+00 -8.60086334e-02 
 1.50500000e-08  1.50500000e-08  8.54745481e-01  1.15000000e+00 -8.56647247e-02 
 1.51500000e-08  1.51500000e-08  8.54725315e-01  1.15000000e+00 -8.53073024e-02 
 1.52500000e-08  1.52500000e-08  8.54704404e-01  1.15000000e+00 -8.49364223e-02 
 1.53500000e-08  1.53500000e-08  8.54682749e-01  1.15000000e+00 -8.45521421e-02 
 1.54500000e-08  1.54500000e-08  8.54660356e-01  1.15000000e+00 -8.41545217e-02 
 1.55500000e-08  1.55500000e-08  8.54637226e-01  1.15000000e+00 -8.37436231e-02 
 1.56500000e-08  1.56500000e-08  8.54613364e-01  1.15000000e+00 -8.33195105e-02 
 1.57500000e-08  1.57500000e-08  8.54588773e-01  1.15000000e+00 -8.28822499e-02 
 1.58500000e-08  1.58500000e-08  8.54563458e-01  1.15000000e+00 -8.24319096e-02 
 1.59500000e-08  1.59500000e-08  8.54537422e-01  1.15000000e+00 -8.19685599e-02 
 1.60500000e-08  1.60500000e-08  8.54510670e-01  1.15000000e+00 -8.14922730e-02 
 1.61500000e-08  1.61500000e-08  8.54483205e-01  1.15000000e+00 -8.10031232e-02 
 1.62500000e-08  1.62500000e-08  8.54455033e-01  1.15000000e+00 -8.05011871e-02 
 1.63500000e-08  1.63500000e-08  8.54426157e-01  1.15000000e+00 -7.99865429e-02 
 1.64500000e-08  1.64500000e-08  8.54396582e-01  1.15000000e+00 -7.94592710e-02 
 1.65500000e-08  1.65500000e-08  8.54366312e-01  1.15000000e+00 -7.89194539e-02 
 1.66500000e-08  1.66500000e-08  8.54335354e-01  1.15000000e+00 -7.83671757e-02 
 1.67500000e-08  1.67500000e-08  8.54303710e-01  1.15000000e+00 -7.78025229e-02 
 1.68500000e-08  1.68500000e-08  8.54271387e-01  1.15000000e+00 -7.72255838e-02 
 1.69500000e-08  1.69500000e-08  8.54238390e-01  1.15000000e+00 -7.66364485e-02 
 1.70500000e-08  1.70500000e-08  8.54204723e-01  1.15000000e+00 -7.60352091e-02 
 1.71500000e-08  1.71500000e-08  8.54170392e-01  1.15000000e+00 -7.54219598e-02 
 1.72500000e-08  1.72500000e-08  8.54135403e-01  1.15000000e+00 -7.47967964e-02 
 1.73500000e-08  1.73500000e-08  8.54099761e-01  1.15000000e+00 -7.41598169e-02 
 1.74500000e-08  1.74500000e-08  8.54063471e-01  1.15000000e+00 -7.35111208e-02 
 1.75500000e-08  1.75500000e-08  8.54026539e-01  1.15000000e+00 -7.28508099e-02 
 1.76500000e-08  1.76500000e-08  8.53988972e-01  1.15000000e+00 -7.21789874e-02 
 1.77500000e-08  1.77500000e-08  8.53950775e-01  1.15000000e+00 -7.14957587e-02 
 1.78500000e-08  1.78500000e-08  8.53911954e-01  1.15000000e+00 -7.08012308e-02 
 1.79500000e-08  1.79500000e-08  8.53872515e-01  1.15000000e+00 -7.00955126e-02 
 1.80500000e-08  1.80500000e-08  8.53832465e-01  1.15000000e+00 -6.93787147e-02 
 1.81500000e-08  1.81500000e-08  8.53791810e-01  1.15000000e+00 -6.86509494e-02 
 1.82500000e-08  1.82500000e-08  8.53750555e-01  1.15000000e+00 -6.79123310e-02 
 1.83500000e-08  1.83500000e-08  8.53708709e-01  1.15000000e+00 -6.71629753e-02 
 1.84500000e-08  1.84500000e-08  8.53666277e-01  1.15000000e+00 -6.64029998e-02 
 1.85500000e-08  1.85500000e-08  8.53623266e-01  1.15000000e+00 -6.56325240e-02 
 1.86500000e-08  1.86500000e-08  8.53579682e-01  1.15000000e+00 -6.48516688e-02 
 1.87500000e-08  1.87500000e-08  8.53535534e-01  1.15000000e+00 -6.40605567e-02 
 1.88500000e-08  1.88500000e-08  8.53490827e-01  1.15000000e+00 -6.32593121e-02 
 1.89500000e-08  1.89500000e-08  8.53445569e-01  1.15000000e+00 -6.24480609e-02 
 1.90500000e-08  1.90500000e-08  8.53399767e-01  1.15000000e+00 -6.16269305e-02 
 1.91500000e-08  1.91500000e-08  8.53353428e-01  1.15000000e+00 -6.07960501e-02 
 1.92500000e-08  1.92500000e-08  8.53306559e-01  1.15000000e+00 -5.99555503e-02 
 1.93500000e-08  1.93500000e-08  8.53259169e-01  1.15000000e+00 -5.91055633e-02 
 1.94500000e-08  1.94500000e-08  8.53211263e-01  1.15000000e+00 -5.82462228e-02 
 1.95500000e-08  1.95500000e-08  8.53162851e-01  1.15000000e+00 -5.73776640e-02 
 1.96500000e-08  1.96500000e-08  8.53113939e-01  1.15000000e+00 -5.65000237e-02 
 1.97500000e-08  1.97500000e-08  8.53064535e-01  1.15000000e+00 -5.56134400e-02 
 1.98500000e-08  1.98500000e-08  8.53014648e-01  1.15000000e+00 -5.47180526e-02 
 1.99500000e-08  1.99500000e-08  8.52964284e-01  1.15000000e+00 -5.38139942e-02 
 2.00500000e-08  2.00500000e-08  8.52913452e-01  1.15000000e+00 -5.29014170e-02 
 2.01500000e-08  2.01500000e-08  8.52862161e-01  1.15000000e+00 -5.19804720e-02 
 2.02500000e-08  2.02500000e-08  8.52810417e-01  1.15000000e+00 -5.10512936e-02 
 2.03500000e-08  2.03500000e-08  8.52758229e-01  1.15000000e+00 -5.01140307e-02 
 2.04500000e-08  2.04500000e-08  8.52705606e-01  1.15000000e+00 -4.91688311e-02 
 2.05500000e-08  2.05500000e-08  8.52652556e-01  1.15000000e+00 -4.82158434e-02 
 2.06500000e-08  2.06500000e-08  8.52599087e-01  1.15000000e+00 -4.72552184e-02 
 2.07500000e-08  2.07500000e-08  8.52545207e-01  1.15000000e+00 -4.62871074e-02 
 2.08500000e-08  2.08500000e-08  8.52490926e-01  1.15000000e+00 -4.53116635e-02 
 2.09500000e-08  2.09500000e-08  8.52436251e-01  1.15000000e+00 -4.43290405e-02 
 2.10500000e-08  2.10500000e-08  8.52381191e-01  1.15000000e+00 -4.33393936e-02 
 2.11500000e-08  2.11500000e-08  8.52325755e-01  1.15000000e+00 -4.23428792e-02 
 2.12500000e-08  2.12500000e-08  8.52269952e-01  1.15000000e+00 -4.13396548e-02 
 2.13500000e-08  2.13500000e-08  8.52213791e-01  1.15000000e+00 -4.03298787e-02 
 2.14500000e-08  2.14500000e-08  8.52157280e-01  1.15000000e+00 -3.93137107e-02 
 2.15500000e-08  2.15500000e-08  8.52100429e-01  1.15000000e+00 -3.82913114e-02 
 2.16500000e-08  2.16500000e-08  8.52043245e-01  1.15000000e+00 -3.72628425e-02 
 2.17500000e-08  2.17500000e-08  8.51985739e-01  1.15000000e+00 -3.62284665e-02 
 2.18500000e-08  2.18500000e-08  8.51927920e-01  1.15000000e+00 -3.51883472e-02 
 2.19500000e-08  2.19500000e-08  8.51869796e-01  1.15000000e+00 -3.41426490e-02 
 2.20500000e-08  2.20500000e-08  8.51811377e-01  1.15000000e+00 -3.30915375e-02 
 2.21500000e-08  2.21500000e-08  8.51752672e-01  1.15000000e+00 -3.20351790e-02 
 2.22500000e-08  2.22500000e-08  8.51693690e-01  1.15000000e+00 -3.09737407e-02 
 2.23500000e-08  2.23500000e-08  8.51634440e-01  1.15000000e+00 -2.99073907e-02 
 2.24500000e-08  2.24500000e-08  8.51574933e-01  1.15000000e+00 -2.88362977e-02 
 2.25500000e-08  2.25500000e-08  8.51515176e-01  1.15000000e+00 -2.77606315e-02 
 2.26500000e-08  2.26500000e-08  8.51455181e-01  1.15000000e+00 -2.66805624e-02 
 2.27500000e-08  2.27500000e-08  8.51394956e-01  1.15000000e+00 -2.55962616e-02 
 2.28500000e-08  2.28500000e-08  8.51334510e-01  1.15000000e+00 -2.45079007e-02 
 2.29500000e-08  2.29500000e-08  8.51273854e-01  1.15000000e+00 -2.34156523e-02 
 2.30500000e-08  2.30500000e-08  8.51212996e-01  1.15000000e+00 -2.23196895e-02 
 2.31500000e-08  2.31500000e-08  8.51151947e-01  1.15000000e+00 -2.12201860e-02 
 2.32500000e-08  2.32500000e-08  8.51090716e-01  1.15000000e+00 -2.01173161e-02 
 2.33500000e-08  2.33500000e-08  8.51029313e-01  1.15000000e+00 -1.90112546e-02 
 2.34500000e-08  2.34500000e-08  8.50967747e-01  1.15000000e+00 -1.79021769e-02 
 2.35500000e-08  2.35500000e-08  8.50906029e-01  1.15000000e+00 -1.67902588e-02 
 2.36500000e-08  2.36500000e-08  8.50844167e-01  1.15000000e+00 -1.56756768e-02 
 2.37500000e-08  2.37500000e-08  8.50782172e-01  1.15000000e+00 -1.45586075e-02 
 2.38500000e-08  2.38500000e-08  8.50720054e-01  1.15000000e+00 -1.34392282e-02 
 2.39500000e-08  2.39500000e-08  8.50657822e-01  1.15000000e+00 -1.23177164e-02 
 2.40500000e-08  2.40500000e-08  8.50595486e-01  1.15000000e+00 -1.11942501e-02 
 2.41500000e-08  2.41500000e-08  8.50533056e-01  1.15000000e+00 -1.00690075e-02 
 2.42500000e-08  2.42500000e-08  8.50470542e-01  1.15000000e+00 -8.94216702e-03 
 2.43500000e-08  2.43500000e-08  8.50407953e-01  1.15000000e+00 -7.81390759e-03 
 2.44500000e-08  2.44500000e-08  8.50345300e-01  1.15000000e+00 -6.68440819e-03 
 2.45500000e-08  2.45500000e-08  8.50282593e-01  1.15000000e+00 -5.55384805e-03 
 2.46500000e-08  2.46500000e-08  8.50219841e-01  1.15000000e+00 -4.42240659e-03 
 2.47500000e-08  2.47500000e-08  8.50157054e-01  1.15000000e+00 -3.29026335e-03 
 2.48500000e-08  2.48500000e-08  8.50094242e-01  1.15000000e+00 -2.15759801e-03 
 2.49500000e-08  2.49500000e-08  8.50031416e-01  1.15000000e+00 -1.02459031e-03 
 2.50500000e-08  2.50500000e-08  8.49968584e-01  1.15000000e+00  1.08579928e-04 
 2.51500000e-08  2.51500000e-08  8.49905758e-01  1.15000000e+00  1.24173287e-03 
 2.52500000e-08  2.52500000e-08  8.49842946e-01  1.15000000e+00  2.37468868e-03 
 2.53500000e-08  2.53500000e-08  8.49780159e-01  1.15000000e+00  3.50726756e-03 
 2.54250000e-08  2.54250000e-08  8.49733092e-01  1.15000000e+00  4.35634906e-03 
 2.55000000e-08  2.55000000e-08  8.49686047e-01  1.15000000e+00  5.20503870e-03 
 2.55100000e-08  2.55100000e-08  8.49679777e-01  1.13800000e+00  5.30597300e-03 
 2.55300000e-08  2.55300000e-08  8.49667237e-01  1.11400000e+00  5.51317520e-03 
 2.55700000e-08  2.55700000e-08  8.49642165e-01  1.06600000e+00  5.89829055e-03 
 2.56500000e-08  2.56500000e-08  8.49592047e-01  9.70000000e-01  5.04413421e-03 
 2.57500000e-08  2.57500000e-08  8.49529458e-01  8.50000000e-01  1.24723199e-03 
 2.58500000e-08  2.58500000e-08  8.49466944e-01  7.30000000e-01 -2.61069714e-03 
 2.59250000e-08  2.59250000e-08  8.49420113e-01  6.40000000e-01 -7.07017571e-03 
 2.60000000e-08  2.60000000e-08  8.49373334e-01  5.50000000e-01 -1.11956763e-02 
 2.60100000e-08  2.60100000e-08  8.49367101e-01  5.50000000e-01 -1.12829100e-02 
 2.60300000e-08  2.60300000e-08  8.49354637e-01  5.50000000e-01 -1.13844095e-02 
 2.60700000e-08  2.60700000e-08  8.49329723e-01  5.50000000e-01 -1.16475328e-02 
 2.61500000e-08  2.61500000e-08  8.49279946e-01  5.50000000e-01 -1.25374908e-02 
 2.62500000e-08  2.62500000e-08  8.49217828e-01  5.50000000e-01 -1.36490994e-02 
 2.63500000e-08  2.63500000e-08  8.49155833e-01  5.50000000e-01 -1.47764857e-02 
 2.64500000e-08  2.64500000e-08  8.49093971e-01  5.50000000e-01 -1.58869445e-02 
 2.65500000e-08  2.65500000e-08  8.49032253e-01  5.50000000e-01 -1.70052283e-02 
 2.66500000e-08  2.66500000e-08  8.48970687e-01  5.50000000e-01 -1.81138336e-02 
 2.67500000e-08  2.67500000e-08  8.48909284e-01  5.50000000e-01 -1.92241447e-02 
 2.68500000e-08  2.68500000e-08  8.48848053e-01  5.50000000e-01 -2.03284691e-02 
 2.69500000e-08  2.69500000e-08  8.48787004e-01  5.50000000e-01 -2.14314034e-02 
 2.70500000e-08  2.70500000e-08  8.48726146e-01  5.50000000e-01 -2.25298299e-02 
 2.71500000e-08  2.71500000e-08  8.48665490e-01  5.50000000e-01 -2.36253173e-02 
 2.72500000e-08  2.72500000e-08  8.48605044e-01  5.50000000e-01 -2.47167202e-02 
 2.73500000e-08  2.73500000e-08  8.48544819e-01  5.50000000e-01 -2.58043495e-02 
 2.74500000e-08  2.74500000e-08  8.48484824e-01  5.50000000e-01 -2.68878469e-02 
 2.75500000e-08  2.75500000e-08  8.48425067e-01  5.50000000e-01 -2.79670613e-02 
 2.76500000e-08  2.76500000e-08  8.48365560e-01  5.50000000e-01 -2.90418969e-02 
 2.77500000e-08  2.77500000e-08  8.48306310e-01  5.50000000e-01 -3.01120502e-02 
 2.78500000e-08  2.78500000e-08  8.48247328e-01  5.50000000e-01 -3.11775107e-02 
 2.79500000e-08  2.79500000e-08  8.48188623e-01  5.50000000e-01 -3.22379466e-02 
 2.80500000e-08  2.80500000e-08  8.48130204e-01  5.50000000e-01 -3.32933446e-02 
 2.81500000e-08  2.81500000e-08  8.48072080e-01  5.50000000e-01 -3.43433981e-02 
 2.82500000e-08  2.82500000e-08  8.48014261e-01  5.50000000e-01 -3.53880628e-02 
 2.83500000e-08  2.83500000e-08  8.47956755e-01  5.50000000e-01 -3.64270695e-02 
 2.84500000e-08  2.84500000e-08  8.47899571e-01  5.50000000e-01 -3.74603409e-02 
 2.85500000e-08  2.85500000e-08  8.47842720e-01  5.50000000e-01 -3.84876414e-02 
 2.86500000e-08  2.86500000e-08  8.47786209e-01  5.50000000e-01 -3.95088678e-02 
 2.87500000e-08  2.87500000e-08  8.47730048e-01  5.50000000e-01 -4.05238106e-02 
 2.88500000e-08  2.88500000e-08  8.47674245e-01  5.50000000e-01 -4.15323479e-02 
 2.89500000e-08  2.89500000e-08  8.47618809e-01  5.50000000e-01 -4.25342894e-02 
 2.90500000e-08  2.90500000e-08  8.47563749e-01  5.50000000e-01 -4.35295016e-02 
 2.91500000e-08  2.91500000e-08  8.47509074e-01  5.50000000e-01 -4.45178075e-02 
 2.92500000e-08  2.92500000e-08  8.47454793e-01  5.50000000e-01 -4.54990665e-02 
 2.93500000e-08  2.93500000e-08  8.47400913e-01  5.50000000e-01 -4.64731116e-02 
 2.94500000e-08  2.94500000e-08  8.47347444e-01  5.50000000e-01 -4.74397985e-02 
 2.95500000e-08  2.95500000e-08  8.47294394e-01  5.50000000e-01 -4.83989671e-02 
 2.96500000e-08  2.96500000e-08  8.47241771e-01  5.50000000e-01 -4.93504719e-02 
 2.97500000e-08  2.97500000e-08  8.47189583e-01  5.50000000e-01 -5.02941583e-02 
 2.98500000e-08  2.98500000e-08  8.47137839e-01  5.50000000e-01 -5.12298808e-02 
 2.99500000e-08  2.99500000e-08  8.47086548e-01  5.50000000e-01 -5.21574893e-02 
 3.00500000e-08  3.00500000e-08  8.47035716e-01  5.50000000e-01 -5.30768396e-02 
 3.01500000e-08  3.01500000e-08  8.46985352e-01  5.50000000e-01 -5.39877852e-02 
 3.02500000e-08  3.02500000e-08  8.46935465e-01  5.50000000e-01 -5.48901837e-02 
 3.03500000e-08  3.03500000e-08  8.46886061e-01  5.50000000e-01 -5.57839003e-02 
 3.04500000e-08  3.04500000e-08  8.46837149e-01  5.50000000e-01 -5.66687852e-02 
 3.05500000e-08  3.05500000e-08  8.46788737e-01  5.50000000e-01 -5.75446915e-02 
 3.06500000e-08  3.06500000e-08  8.46740831e-01  5.50000000e-01 -5.84114921e-02 
 3.07500000e-08  3.07500000e-08  8.46693441e-01  5.50000000e-01 -5.92690483e-02 
 3.08500000e-08  3.08500000e-08  8.46646572e-01  5.50000000e-01 -6.01172251e-02 
 3.09500000e-08  3.09500000e-08  8.46600233e-01  5.50000000e-01 -6.09558896e-02 
 3.10500000e-08  3.10500000e-08  8.46554431e-01  5.50000000e-01 -6.17849095e-02 
 3.11500000e-08  3.11500000e-08  8.46509173e-01  5.50000000e-01 -6.26041547e-02 
 3.12500000e-08  3.12500000e-08  8.46464466e-01  5.50000000e-01 -6.34134962e-02 
 3.13500000e-08  3.13500000e-08  8.46420318e-01  5.50000000e-01 -6.42128069e-02 
 3.14500000e-08  3.14500000e-08  8.46376734e-01  5.50000000e-01 -6.50019613e-02 
 3.15500000e-08  3.15500000e-08  8.46333723e-01  5.50000000e-01 -6.57808354e-02 
 3.16500000e-08  3.16500000e-08  8.46291291e-01  5.50000000e-01 -6.65493069e-02 
 3.17500000e-08  3.17500000e-08  8.46249445e-01  5.50000000e-01 -6.73072551e-02 
 3.18500000e-08  3.18500000e-08  8.46208190e-01  5.50000000e-01 -6.80545610e-02 
 3.19500000e-08  3.19500000e-08  8.46167535e-01  5.50000000e-01 -6.87911075e-02 
 3.20500000e-08  3.20500000e-08  8.46127485e-01  5.50000000e-01 -6.95167789e-02 
 3.21500000e-08  3.21500000e-08  8.46088046e-01  5.50000000e-01 -7.02314615e-02 
 3.22500000e-08  3.22500000e-08  8.46049225e-01  5.50000000e-01 -7.09350431e-02 
 3.23500000e-08  3.23500000e-08  8.46011028e-01  5.50000000e-01 -7.16274136e-02 
 3.24500000e-08  3.24500000e-08  8.45973461e-01  5.50000000e-01 -7.23084643e-02 
 3.25500000e-08  3.25500000e-08  8.45936529e-01  5.50000000e-01 -7.29780886e-02 
 3.26500000e-08  3.26500000e-08  8.45900239e-01  5.50000000e-01 -7.36361816e-02 
 3.27500000e-08  3.27500000e-08  8.45864597e-01  5.50000000e-01 -7.42826403e-02 
 3.28500000e-08  3.28500000e-08  8.45829608e-01  5.50000000e-01 -7.49173633e-02 
 3.29500000e-08  3.29500000e-08  8.45795277e-01  5.50000000e-01 -7.55402514e-02 
 3.30500000e-08  3.30500000e-08  8.45761610e-01  5.50000000e-01 -7.61512071e-02 
 3.31500000e-08  3.31500000e-08  8.45728613e-01  5.50000000e-01 -7.67501348e-02 
 3.32500000e-08  3.32500000e-08  8.45696290e-01  5.50000000e-01 -7.73369409e-02 
 3.33500000e-08  3.33500000e-08  8.45664646e-01  5.50000000e-01 -7.79115334e-02 
 3.34500000e-08  3.34500000e-08  8.45633688e-01  5.50000000e-01 -7.84738227e-02 
 3.35500000e-08  3.35500000e-08  8.45603418e-01  5.50000000e-01 -7.90237208e-02 
 3.36500000e-08  3.36500000e-08  8.45573843e-01  5.50000000e-01 -7.95611417e-02 
 3.37500000e-08  3.37500000e-08  8.45544967e-01  5.50000000e-01 -8.00860016e-02 
 3.38500000e-08  3.38500000e-08  8.45516795e-01  5.50000000e-01 -8.05982184e-02 
 3.39500000e-08  3.39500000e-08  8.45489330e-01  5.50000000e-01 -8.10977121e-02 
 3.40500000e-08  3.40500000e-08  8.45462578e-01  5.50000000e-01 -8.15844047e-02 
 3.41500000e-08  3.41500000e-08  8.45436542e-01  5.50000000e-01 -8.20582203e-02 
 3.42500000e-08  3.42500000e-08  8.45411227e-01  5.50000000e-01 -8.25190848e-02 
 3.43500000e-08  3.43500000e-08  8.45386636e-01  5.50000000e-01 -8.29669264e-02 
 3.44500000e-08  3.44500000e-08  8.45362774e-01  5.50000000e-01 -8.34016752e-02 
 3.45500000e-08  3.45500000e-08  8.45339644e-01  5.50000000e-01 -8.38232634e-02 
 3.46500000e-08  3.46500000e-08  8.45317251e-01  5.50000000e-01 -8.42316251e-02 
 3.47500000e-08  3.47500000e-08  8.45295596e-01  5.50000000e-01 -8.46266968e-02 
 3.48500000e-08  3.48500000e-08  8.45274685e-01  5.50000000e-01 -8.50084168e-02 
 3.49500000e-08  3.49500000e-08  8.45254519e-01  5.50000000e-01 -8.53767256e-02 
 3.50500000e-08  3.50500000e-08  8.45235103e-01  5.50000000e-01 -8.57315659e-02 
 3.51500000e-08  3.51500000e-08  8.45216440e-01  5.50000000e-01 -8.60728822e-02 
 3.52500000e-08  3.52500000e-08  8.45198532e-01  5.50000000e-01 -8.64006215e-02 
 3.53500000e-08  3.53500000e-08  8.45181382e-01  5.50000000e-01 -8.67147326e-02 
 3.54500000e-08  3.54500000e-08  8.45164993e-01  5.50000000e-01 -8.70151667e-02 
 3.55500000e-08  3.55500000e-08  8.45149367e-01  5.50000000e-01 -8.73018769e-02 
 3.56500000e-08  3.56500000e-08  8.45134507e-01  5.50000000e-01 -8.75748185e-02 
 3.57500000e-08  3.57500000e-08  8.45120416e-01  5.50000000e-01 -8.78339492e-02 
 3.58500000e-08  3.58500000e-08  8.45107095e-01  5.50000000e-01 -8.80792285e-02 
 3.59500000e-08  3.59500000e-08  8.45094547e-01  5.50000000e-01 -8.83106182e-02 
 3.60500000e-08  3.60500000e-08  8.45082774e-01  5.50000000e-01 -8.85280824e-02 
 3.61500000e-08  3.61500000e-08  8.45071777e-01  5.50000000e-01 -8.87315871e-02 
 3.62500000e-08  3.62500000e-08  8.45061558e-01  5.50000000e-01 -8.89211008e-02 
 3.63500000e-08  3.63500000e-08  8.45052119e-01  5.50000000e-01 -8.90965939e-02 
 3.64500000e-08  3.64500000e-08  8.45043462e-01  5.50000000e-01 -8.92580390e-02 
 3.65500000e-08  3.65500000e-08  8.45035587e-01  5.50000000e-01 -8.94054112e-02 
 3.66500000e-08  3.66500000e-08  8.45028496e-01  5.50000000e-01 -8.95386874e-02 
 3.67500000e-08  3.67500000e-08  8.45022190e-01  5.50000000e-01 -8.96578469e-02 
 3.68500000e-08  3.68500000e-08  8.45016670e-01  5.50000000e-01 -8.97628712e-02 
 3.69500000e-08  3.69500000e-08  8.45011937e-01  5.50000000e-01 -8.98537439e-02 
 3.70500000e-08  3.70500000e-08  8.45007992e-01  5.50000000e-01 -8.99304509e-02 
 3.71500000e-08  3.71500000e-08  8.45004835e-01  5.50000000e-01 -8.99929803e-02 
 3.72500000e-08  3.72500000e-08  8.45002467e-01  5.50000000e-01 -9.00413223e-02 
 3.73500000e-08  3.73500000e-08  8.45000888e-01  5.50000000e-01 -9.00754695e-02 
 3.74500000e-08  3.74500000e-08  8.45000099e-01  5.50000000e-01 -9.00954164e-02 
 3.75500000e-08  3.75500000e-08  8.45000099e-01  5.50000000e-01 -9.01011600e-02 
 3.76500000e-08  3.76500000e-08  8.45000888e-01  5.50000000e-01 -9.00926995e-02 
 3.77500000e-08  3.77500000e-08  8.45002467e-01  5.50000000e-01 -9.00700360e-02 
 3.78500000e-08  3.78500000e-08  8.45004835e-01  5.50000000e-01 -9.00331732e-02 
 3.79500000e-08  3.79500000e-08  8.45007992e-01  5.50000000e-01 -8.99821168e-02 
 3.80500000e-08  3.80500000e-08  8.45011937e-01  5.50000000e-01 -8.99168746e-02 
 3.81500000e-08  3.81500000e-08  8.45016670e-01  5.50000000e-01 -8.98374569e-02 
 3.82500000e-08  3.82500000e-08  8.45022190e-01  5.50000000e-01 -8.97438761e-02 
 3.83500000e-08  3.83500000e-08  8.45028496e-01  5.50000000e-01 -8.96361465e-02 
 3.84500000e-08  3.84500000e-08  8.45035587e-01  5.50000000e-01 -8.95142851e-02 
 3.85500000e-08  3.85500000e-08  8.45043462e-01  5.50000000e-01 -8.93783108e-02 
 3.86500000e-08  3.86500000e-08  8.45052119e-01  5.50000000e-01 -8.92282446e-02 
 3.87500000e-08  3.87500000e-08  8.45061558e-01  5.50000000e-01 -8.90641101e-02 
 3.88500000e-08  3.88500000e-08  8.45071777e-01  5.50000000e-01 -8.88859326e-02 
 3.89500000e-08  3.89500000e-08  8.45082774e-01  5.50000000e-01 -8.86937400e-02 
 3.90500000e-08  3.90500000e-08  8.45094547e-01  5.50000000e-01 -8.84875621e-02 
 3.91500000e-08  3.91500000e-08  8.45107095e-01  5.50000000e-01 -8.82674310e-02 
 3.92500000e-08  3.92500000e-08  8.45120416e-01  5.50000000e-01 -8.80333810e-02 
 3.93500000e-08  3.93500000e-08  8.45134507e-01  5.50000000e-01 -8.77854485e-02 
 3.94500000e-08  3.94500000e-08  8.45149367e-01  5.50000000e-01 -8.75236721e-02 
 3.95500000e-08  3.95500000e-08  8.45164993e-01  5.50000000e-01 -8.72480925e-02 
 3.96500000e-08  3.96500000e-08  8.45181382e-01  5.50000000e-01 -8.69587528e-02 
 3.97500000e-08  3.97500000e-08  8.45198532e-01  5.50000000e-01 -8.66556978e-02 
 3.98500000e-08  3.98500000e-08  8.45216440e-01  5.50000000e-01 -8.63389749e-02 
 3.99500000e-08  3.99500000e-08  8.45235103e-01  5.50000000e-01 -8.60086334e-02 
 4.00500000e-08  4.00500000e-08  8.45254519e-01  5.50000000e-01 -8.56647247e-02 
 4.01500000e-08  4.01500000e-08  8.45274685e-01  5.50000000e-01 -8.53073024e-02 
 4.02500000e-08  4.02500000e-08  8.45295596e-01  5.50000000e-01 -8.49364223e-02 
 4.03500000e-08  4.03500000e-08  8.45317251e-01  5.50000000e-01 -8.45521421e-02 
 4.04500000e-08  4.04500000e-08  8.45339644e-01  5.50000000e-01 -8.41545217e-02 
 4.05500000e-08  4.05500000e-08  8.45362774e-01  5.50000000e-01 -8.37436231e-02 
 4.06500000e-08  4.06500000e-08  8.45386636e-01  5.50000000e-01 -8.33195105e-02 
 4.07500000e-08  4.07500000e-08  8.45411227e-01  5.50000000e-01 -8.28822499e-02 
 4.08500000e-08  4.08500000e-08  8.45436542e-01  5.50000000e-01 -8.24319096e-02 
 4.09500000e-08  4.09500000e-08  8.45462578e-01  5.50000000e-01 -8.19685599e-02 
 4.10500000e-08  4.10500000e-08  8.45489330e-01  5.50000000e-01 -8.14922730e-02 
 4.11500000e-08  4.11500000e-08  8.45516795e-01  5.50000000e-01 -8.10031232e-02 
 4.12500000e-08  4.12500000e-08  8.45544967e-01  5.50000000e-01 -8.05011871e-02 
 4.13500000e-08  4.13500000e-08  8.45573843e-01  5.50000000e-01 -7.99865429e-02 
 4.14500000e-08  4.14500000e-08  8.45603418e-01  5.50000000e-01 -7.94592710e-02 
 4.15500000e-08  4.15500000e-08  8.45633688e-01  5.50000000e-01 -7.89194539e-02 
 4.16500000e-08  4.16500000e-08  8.45664646e-01  5.50000000e-01 -7.83671757e-02 
 4.17500000e-08  4.17500000e-08  8.45696290e-01  5.50000000e-01 -7.78025229e-02 
 4.18500000e-08  4.18500000e-08  8.45728613e-01  5.50000000e-01 -7.72255838e-02 
 4.19500000e-08  4.19500000e-08  8.45761610e-01  5.50000000e-01 -7.66364485e-02 
 4.20500000e-08  4.20500000e-08  8.45795277e-01  5.50000000e-01 -7.60352091e-02 
 4.21500000e-08  4.21500000e-08  8.45829608e-01  5.50000000e-01 -7.54219598e-02 
 4.22500000e-08  4.22500000e-08  8.45864597e-01  5.50000000e-01 -7.47967964e-02 
 4.23500000e-08  4.23500000e-08  8.45900239e-01  5.50000000e-01 -7.41598169e-02 
 4.24500000e-08  4.24500000e-08  8.45936529e-01  5.50000000e-01 -7.35111208e-02 
 4.25500000e-08  4.25500000e-08  8.45973461e-01  5.50000000e-01 -7.28508099e-02 
 4.26500000e-08  4.26500000e-08  8.46011028e-01  5.50000000e-01 -7.21789874e-02 
 4.27500000e-08  4.27500000e-08  8.46049225e-01  5.50000000e-01 -7.14957587e-02 
 4.28500000e-08  4.28500000e-08  8.46088046e-01  5.50000000e-01 -7.08012308e-02 
 4.29500000e-08  4.29500000e-08  8.46127485e-01  5.50000000e-01 -7.00955126e-02 
 4.30500000e-08  4.30500000e-08  8.46167535e-01  5.50000000e-01 -6.93787147e-02 
 4.31500000e-08  4.31500000e-08  8.46208190e-01  5.50000000e-01 -6.86509494e-02 
 4.32500000e-08  4.32500000e-08  8.46249445e-01  5.50000000e-01 -6.79123310e-02 
 4.33500000e-08  4.33500000e-08  8.46291291e-01  5.50000000e-01 -6.71629753e-02 
 4.34500000e-08  4.34500000e-08  8.46333723e-01  5.50000000e-01 -6.64029998e-02 
 4.35500000e-08  4.35500000e-08  8.46376734e-01  5.50000000e-01 -6.56325240e-02 
 4.36500000e-08  4.36500000e-08  8.46420318e-01  5.50000000e-01 -6.48516688e-02 
 4.37500000e-08  4.37500000e-08  8.46464466e-01  5.50000000e-01 -6.40605567e-02 
 4.38500000e-08  4.38500000e-08  8.46509173e-01  5.50000000e-01 -6.32593121e-02 
 4.39500000e-08  4.39500000e-08  8.46554431e-01  5.50000000e-01 -6.24480609e-02 
 4.40500000e-08  4.40500000e-08  8.46600233e-01  5.50000000e-01 -6.16269305e-02 
 4.41500000e-08  4.41500000e-08  8.46646572e-01  5.50000000e-01 -6.07960501e-02 
 4.42500000e-08  4.42500000e-08  8.46693441e-01  5.50000000e-01 -5.99555503e-02 
 4.43500000e-08  4.43500000e-08  8.46740831e-01  5.50000000e-01 -5.91055633e-02 
 4.44500000e-08  4.44500000e-08  8.46788737e-01  5.50000000e-01 -5.82462228e-02 
 4.45500000e-08  4.45500000e-08  8.46837149e-01  5.50000000e-01 -5.73776640e-02 
 4.46500000e-08  4.46500000e-08  8.46886061e-01  5.50000000e-01 -5.65000237e-02 
 4.47500000e-08  4.47500000e-08  8.46935465e-01  5.50000000e-01 -5.56134400e-02 
 4.48500000e-08  4.48500000e-08  8.46985352e-01  5.50000000e-01 -5.47180526e-02 
 4.49500000e-08  4.49500000e-08  8.47035716e-01  5.50000000e-01 -5.38139942e-02 
 4.50500000e-08  4.50500000e-08  8.47086548e-01  5.50000000e-01 -5.29014170e-02 
 4.51500000e-08  4.51500000e-08  8.47137839e-01  5.50000000e-01 -5.19804720e-02 
 4.52500000e-08  4.52500000e-08  8.47189583e-01  5.50000000e-01 -5.10512936e-02 
 4.53500000e-08  4.53500000e-08  8.47241771e-01  5.50000000e-01 -5.01140307e-02 
 4.54500000e-08  4.54500000e-08  8.47294394e-01  5.50000000e-01 -4.91688311e-02 
 4.55500000e-08  4.55500000e-08  8.47347444e-01  5.50000000e-01 -4.82158434e-02 
 4.56500000e-08  4.56500000e-08  8.47400913e-01  5.50000000e-01 -4.72552184e-02 
 4.57500000e-08  4.57500000e-08  8.47454793e-01  5.50000000e-01 -4.62871074e-02 
 4.58500000e-08  4.58500000e-08  8.47509074e-01  5.50000000e-01 -4.53116635e-02 
 4.59500000e-08  4.59500000e-08  8.47563749e-01  5.50000000e-01 -4.43290405e-02 
 4.60500000e-08  4.60500000e-08  8.47618809e-01  5.50000000e-01 -4.33393936e-02 
 4.61500000e-08  4.61500000e-08  8.47674245e-01  5.50000000e-01 -4.23428792e-02 
 4.62500000e-08  4.62500000e-08  8.47730048e-01  5.50000000e-01 -4.13396548e-02 
 4.63500000e-08  4.63500000e-08  8.47786209e-01  5.50000000e-01 -4.03298787e-02 
 4.64500000e-08  4.64500000e-08  8.47842720e-01  5.50000000e-01 -3.93137107e-02 
 4.65500000e-08  4.65500000e-08  8.47899571e-01  5.50000000e-01 -3.82913114e-02 
 4.66500000e-08  4.66500000e-08  8.47956755e-01  5.50000000e-01 -3.72628425e-02 
 4.67500000e-08  4.67500000e-08  8.48014261e-01  5.50000000e-01 -3.62284665e-02 
 4.68500000e-08  4.68500000e-08  8.48072080e-01  5.50000000e-01 -3.51883472e-02 
 4.69500000e-08  4.69500000e-08  8.48130204e-01  5.50000000e-01 -3.41426490e-02 
 4.70500000e-08  4.70500000e-08  8.48188623e-01  5.50000000e-01 -3.30915375e-02 
 4.71500000e-08  4.71500000e-08  8.48247328e-01  5.50000000e-01 -3.20351790e-02 
 4.72500000e-08  4.72500000e-08  8.48306310e-01  5.50000000e-01 -3.09737407e-02 
 4.73500000e-08  4.73500000e-08  8.48365560e-01  5.50000000e-01 -2.99073907e-02 
 4.74500000e-08  4.74500000e-08  8.48425067e-01  5.50000000e-01 -2.88362977e-02 
 4.75500000e-08  4.75500000e-08  8.48484824e-01  5.50000000e-01 -2.77606315e-02 
 4.76500000e-08  4.76500000e-08  8.48544819e-01  5.50000000e-01 -2.66805624e-02 
 4.77500000e-08  4.77500000e-08  8.48605044e-01  5.50000000e-01 -2.55962616e-02 
 4.78500000e-08  4.78500000e-08  8.48665490e-01  5.50000000e-01 -2.45079007e-02 
 4.79500000e-08  4.79500000e-08  8.48726146e-01  5.50000000e-01 -2.34156523e-02 
 4.80500000e-08  4.80500000e-08  8.48787004e-01  5.50000000e-01 -2.23196895e-02 
 4.81500000e-08  4.81500000e-08  8.48848053e-01  5.50000000e-01 -2.12201860e-02 
 4.82500000e-08  4.82500000e-08  8.48909284e-01  5.50000000e-01 -2.01173161e-02 
 4.83500000e-08  4.83500000e-08  8.48970687e-01  5.50000000e-01 -1.90112546e-02 
 4.84500000e-08  4.84500000e-08  8.49032253e-01  5.50000000e-01 -1.79021769e-02 
 4.85500000e-08  4.85500000e-08  8.49093971e-01  5.50000000e-01 -1.67902588e-02 
 4.86500000e-08  4.86500000e-08  8.49155833e-01  5.50000000e-01 -1.56756768e-02 
 4.87500000e-08  4.87500000e-08  8.49217828e-01  5.50000000e-01 -1.45586075e-02 
 4.88500000e-08  4.88500000e-08  8.49279946e-01  5.50000000e-01 -1.34392282e-02 
 4.89500000e-08  4.89500000e-08  8.49342178e-01  5.50000000e-01 -1.23177164e-02 
 4.90500000e-08  4.90500000e-08  8.49404514e-01  5.50000000e-01 -1.11942501e-02 
 4.91500000e-08  4.91500000e-08  8.49466944e-01  5.50000000e-01 -1.00690075e-02 
 4.92500000e-08  4.92500000e-08  8.49529458e-01  5.50000000e-01 -8.94216702e-03 
 4.93500000e-08  4.93500000e-08  8.49592047e-01  5.50000000e-01 -7.81390759e-03 
 4.94500000e-08  4.94500000e-08  8.49654700e-01  5.50000000e-01 -6.68440819e-03 
 4.95500000e-08  4.95500000e-08  8.49717407e-01  5.50000000e-01 -5.55384805e-03 
 4.96500000e-08  4.96500000e-08  8.49780159e-01  5.50000000e-01 -4.42240659e-03 
 4.97500000e-08  4.97500000e-08  8.49842946e-01  5.50000000e-01 -3.29026335e-03 
 4.98500000e-08  4.98500000e-08  8.49905758e-01  5.50000000e-01 -2.15759801e-03 
 4.99250000e-08  4.99250000e-08  8.49952877e-01  5.50000000e-01 -1.30786167e-03 
 5.00000000e-08  5.00000000e-08  8.50000000e-01  5.50000000e-01 -4.58011542e-04 
 5.00100000e-08  5.00100000e-08  8.50006283e-01  5.62000000e-01 -3.44674847e-04 
 5.00300000e-08  5.00300000e-08  8.50018850e-01  5.86000000e-01 -1.18987876e-04 
 5.00700000e-08  5.00700000e-08  8.50043982e-01  6.34000000e-01  3.23955965e-04 
 5.01500000e-08  5.01500000e-08  8.50094242e-01  7.30000000e-01  8.18339561e-04 
 5.02500000e-08  5.02500000e-08  8.50157054e-01  8.50000000e-01  3.13378355e-04 
 5.03500000e-08  5.03500000e-08  8.50219841e-01  9.70000000e-01 -1.00248574e-03 
 5.04250000e-08  5.04250000e-08  8.50266908e-01  1.06000000e+00 -3.11780702e-03 
 5.05000000e-08  5.05000000e-08  8.50313953e-01  1.15000000e+00 -5.34335879e-03 
 5.05100000e-08  5.05100000e-08  8.50320223e-01  1.15000000e+00 -5.45201061e-03 
 5.05300000e-08  5.05300000e-08  8.50332763e-01  1.15000000e+00 -5.62976468e-03 
 5.05700000e-08  5.05700000e-08  8.50357835e-01  1.15000000e+00 -6.00074324e-03 
 5.06500000e-08  5.06500000e-08  8.50407953e-01  1.15000000e+00 -6.90373338e-03 
 5.07500000e-08  5.07500000e-08  8.50470542e-01  1.15000000e+00 -8.02774164e-03 
 5.08500000e-08  5.08500000e-08  8.50533056e-01  1.15000000e+00 -9.16004590e-03 
 5.09500000e-08  5.09500000e-08  8.50595486e-01  1.15000000e+00 -1.02835061e-02 
 5.10500000e-08  5.10500000e-08  8.50657822e-01  1.15000000e+00 -1.14105417e-02 
 5.11500000e-08  5.11500000e-08  8.50720054e-01  1.15000000e+00 -1.25322277e-02 
 5.12500000e-08  5.12500000e-08  8.50782172e-01  1.15000000e+00 -1.36542711e-02 
 5.13500000e-08  5.13500000e-08  8.50844167e-01  1.15000000e+00 -1.47726302e-02 
 5.14500000e-08  5.14500000e-08  8.50906029e-01  1.15000000e+00 -1.58895971e-02 
 5.15500000e-08  5.15500000e-08  8.50967747e-01  1.15000000e+00 -1.70034713e-02 
 5.16500000e-08  5.16500000e-08  8.51029313e-01  1.15000000e+00 -1.81149673e-02 
 5.17500000e-08  5.17500000e-08  8.51090716e-01  1.15000000e+00 -1.92234301e-02 
 5.18500000e-08  5.18500000e-08  8.51151947e-01  1.15000000e+00 -2.03288986e-02 
 5.19500000e-08  5.19500000e-08  8.51212996e-01  1.15000000e+00 -2.14311417e-02 
 5.20500000e-08  5.20500000e-08  8.51273854e-01  1.15000000e+00 -2.25299565e-02 
 5.21500000e-08  5.21500000e-08  8.51334510e-01  1.15000000e+00 -2.36252486e-02 
 5.22500000e-08  5.22500000e-08  8.51394956e-01  1.15000000e+00 -2.47167296e-02 
 5.23500000e-08  5.23500000e-08  8.51455181e-01  1.15000000e+00 -2.58043565e-02 
 5.24500000e-08  5.24500000e-08  8.51515176e-01  1.15000000e+00 -2.68878260e-02 
 5.25500000e-08  5.25500000e-08  8.51574933e-01  1.15000000e+00 -2.79670898e-02 
 5.26500000e-08  5.26500000e-08  8.51634440e-01  1.15000000e+00 -2.90418657e-02 
 5.27500000e-08  5.27500000e-08  8.51693690e-01  1.15000000e+00 -3.01120809e-02 
 5.28500000e-08  5.28500000e-08  8.51752672e-01  1.15000000e+00 -3.11774823e-02 
 5.29500000e-08  5.29500000e-08  8.51811377e-01  1.15000000e+00 -3.22379718e-02 
 5.30500000e-08  5.30500000e-08  8.51869796e-01  1.15000000e+00 -3.32933228e-02 
 5.31500000e-08  5.31500000e-08  8.51927920e-01  1.15000000e+00 -3.43434165e-02 
 5.32500000e-08  5.32500000e-08  8.51985739e-01  1.15000000e+00 -3.53880475e-02 
 5.33500000e-08  5.33500000e-08  8.52043245e-01  1.15000000e+00 -3.64270821e-02 
 5.34500000e-08  5.34500000e-08  8.52100429e-01  1.15000000e+00 -3.74603306e-02 
 5.35500000e-08  5.35500000e-08  8.52157280e-01  1.15000000e+00 -3.84876498e-02 
 5.36500000e-08  5.36500000e-08  8.52213791e-01  1.15000000e+00 -3.95088611e-02 
 5.37500000e-08  5.37500000e-08  8.52269952e-01  1.15000000e+00 -4.05238159e-02 
 5.38500000e-08  5.38500000e-08  8.52325755e-01  1.15000000e+00 -4.15323436e-02 
 5.39500000e-08  5.39500000e-08  8.52381191e-01  1.15000000e+00 -4.25342928e-02 
 5.40500000e-08  5.40500000e-08  8.52436251e-01  1.15000000e+00 -4.35294989e-02 
 5.41500000e-08  5.41500000e-08  8.52490926e-01  1.15000000e+00 -4.45178096e-02 
 5.42500000e-08  5.42500000e-08  8.52545207e-01  1.15000000e+00 -4.54990649e-02 
 5.43500000e-08  5.43500000e-08  8.52599087e-01  1.15000000e+00 -4.64731129e-02 
 5.44500000e-08  5.44500000e-08  8.52652556e-01  1.15000000e+00 -4.74397975e-02 
 5.45500000e-08  5.45500000e-08  8.52705606e-01  1.15000000e+00 -4.83989679e-02 
 5.46500000e-08  5.46500000e-08  8.52758229e-01  1.15000000e+00 -4.93504713e-02 
 5.47500000e-08  5.47500000e-08  8.52810417e-01  1.15000000e+00 -5.02941587e-02 
 5.48500000e-08  5.48500000e-08  8.52862161e-01  1.15000000e+00 -5.12298805e-02 
 5.49500000e-08  5.49500000e-08  8.52913452e-01  1.15000000e+00 -5.21574896e-02 
 5.50500000e-08  5.50500000e-08  8.52964284e-01  1.15000000e+00 -5.30768394e-02 
 5.51500000e-08  5.51500000e-08  8.53014648e-01  1.15000000e+00 -5.39877854e-02 
 5.52500000e-08  5.52500000e-08  8.53064535e-01  1.15000000e+00 -5.48901836e-02 
 5.53500000e-08  5.53500000e-08  8.53113939e-01  1.15000000e+00 -5.57839004e-02 
 5.54500000e-08  5.54500000e-08  8.53162851e-01  1.15000000e+00 -5.66687851e-02 
 5.55500000e-08  5.55500000e-08  8.53211263e-01  1.15000000e+00 -5.75446915e-02 
 5.56500000e-08  5.56500000e-08  8.53259169e-01  1.15000000e+00 -5.84114921e-02 
 5.57500000e-08  5.57500000e-08  8.53306559e-01  1.15000000e+00 -5.92690483e-02 
 5.58500000e-08  5.58500000e-08  8.53353428e-01  1.15000000e+00 -6.01172251e-02 
 5.59500000e-08  5.59500000e-08  8.53399767e-01  1.15000000e+00 -6.09558896e-02 
 5.60500000e-08  5.60500000e-08  8.53445569e-01  1.15000000e+00 -6.17849095e-02 
 5.61500000e-08  5.61500000e-08  8.53490827e-01  1.15000000e+00 -6.26041547e-02 
 5.62500000e-08  5.62500000e-08  8.53535534e-01  1.15000000e+00 -6.34134962e-02 
 5.63500000e-08  5.63500000e-08  8.53579682e-01  1.15000000e+00 -6.42128070e-02 
 5.64500000e-08  5.64500000e-08  8.53623266e-01  1.15000000e+00 -6.50019613e-02 
 5.65500000e-08  5.65500000e-08  8.53666277e-01  1.15000000e+00 -6.57808354e-02 
 5.66500000e-08  5.66500000e-08  8.53708709e-01  1.15000000e+00 -6.65493069e-02 
 5.67500000e-08  5.67500000e-08  8.53750555e-01  1.15000000e+00 -6.73072551e-02 
 5.68500000e-08  5.68500000e-08  8.53791810e-01  1.15000000e+00 -6.80545610e-02 
 5.69500000e-08  5.69500000e-08  8.53832465e-01  1.15000000e+00 -6.87911075e-02 
 5.70500000e-08  5.70500000e-08  8.53872515e-01  1.15000000e+00 -6.95167789e-02 
 5.71500000e-08  5.71500000e-08  8.53911954e-01  1.15000000e+00 -7.02314615e-02 
 5.72500000e-08  5.72500000e-08  8.53950775e-01  1.15000000e+00 -7.09350431e-02 
 5.73500000e-08  5.73500000e-08  8.53988972e-01  1.15000000e+00 -7.16274136e-02 
 5.74500000e-08  5.74500000e-08  8.54026539e-01  1.15000000e+00 -7.23084643e-02 
 5.75500000e-08  5.75500000e-08  8.54063471e-01  1.15000000e+00 -7.29780886e-02 
 5.76500000e-08  5.76500000e-08  8.54099761e-01  1.15000000e+00 -7.36361816e-02 
 5.77500000e-08  5.77500000e-08  8.54135403e-01  1.15000000e+00 -7.42826403e-02 
 5.78500000e-08  5.78500000e-08  8.54170392e-01  1.15000000e+00 -7.49173633e-02 
 5.79500000e-08  5.79500000e-08  8.54204723e-01  1.15000000e+00 -7.55402514e-02 
 5.80500000e-08  5.80500000e-08  8.54238390e-01  1.15000000e+00 -7.61512071e-02 
 5.81500000e-08  5.81500000e-08  8.54271387e-01  1.15000000e+00 -7.67501348e-02 
 5.82500000e-08  5.82500000e-08  8.54303710e-01  1.15000000e+00 -7.73369409e-02 
 5.83500000e-08  5.83500000e-08  8.54335354e-01  1.15000000e+00 -7.79115334e-02 
 5.84500000e-08  5.84500000e-08  8.54366312e-01  1.15000000e+00 -7.84738227e-02 
 5.85500000e-08  5.85500000e-08  8.54396582e-01  1.15000000e+00 -7.90237208e-02 
 5.86500000e-08  5.86500000e-08  8.54426157e-01  1.15000000e+00 -7.95611417e-02 
 5.87500000e-08  5.87500000e-08  8.54455033e-01  1.15000000e+00 -8.00860016e-02 
 5.88500000e-08  5.88500000e-08  8.54483205e-01  1.15000000e+00 -8.05982184e-02 
 5.89500000e-08  5.89500000e-08  8.54510670e-01  1.15000000e+00 -8.10977121e-02 
 5.90500000e-08  5.90500000e-08  8.54537422e-01  1.15000000e+00 -8.15844047e-02 
 5.91500000e-08  5.91500000e-08  8.54563458e-01  1.15000000e+00 -8.20582203e-02 
 5.92500000e-08  5.92500000e-08  8.54588773e-01  1.15000000e+00 -8.25190848e-02 
 5.93500000e-08  5.93500000e-08  8.54613364e-01  1.15000000e+00 -8.29669264e-02 
 5.94500000e-08  5.94500000e-08  8.54637226e-01  1.15000000e+00 -8.34016752e-02 
 5.95500000e-08  5.95500000e-08  8.54660356e-01  1.15000000e+00 -8.38232634e-02 
 5.96500000e-08  5.96500000e-08  8.54682749e-01  1.15000000e+00 -8.42316251e-02 
 5.97500000e-08  5.97500000e-08  8.54704404e-01  1.15000000e+00 -8.46266968e-02 
 5.98500000e-08  5.98500000e-08  8.54725315e-01  1.15000000e+00 -8.50084168e-02 
 5.99500000e-08  5.99500000e-08  8.54745481e-01  1.15000000e+00 -8.53767256e-02 
 6.00500000e-08  6.00500000e-08  8.54764897e-01  1.15000000e+00 -8.57315659e-02 
 6.01500000e-08  6.01500000e-08  8.54783560e-01  1.15000000e+00 -8.60728822e-02 
 6.02500000e-08  6.02500000e-08  8.54801468e-01  1.15000000e+00 -8.64006215e-02 
 6.03500000e-08  6.03500000e-08  8.54818618e-01  1.15000000e+00 -8.67147326e-02 
 6.04500000e-08  6.04500000e-08  8.54835007e-01  1.15000000e+00 -8.70151667e-02 
 6.05500000e-08  6.05500000e-08  8.54850633e-01  1.15000000e+00 -8.73018769e-02 
 6.06500000e-08  6.06500000e-08  8.54865493e-01  1.15000000e+00 -8.75748185e-02 
 6.07500000e-08  6.07500000e-08  8.54879584e-01  1.15000000e+00 -8.78339492e-02 
 6.08500000e-08  6.08500000e-08  8.54892905e-01  1.15000000e+00 -8.80792285e-02 
 6.09500000e-08  6.09500000e-08  8.54905453e-01  1.15000000e+00 -8.83106182e-02 
 6.10500000e-08  6.10500000e-08  8.54917226e-01  1.15000000e+00 -8.85280824e-02 
 6.11500000e-08  6.11500000e-08  8.54928223e-01  1.15000000e+00 -8.87315871e-02 
 6.12500000e-08  6.12500000e-08  8.54938442e-01  1.15000000e+00 -8.89211008e-02 
 6.13500000e-08  6.13500000e-08  8.54947881e-01  1.15000000e+00 -8.90965939e-02 
 6.14500000e-08  6.14500000e-08  8.54956538e-01  1.15000000e+00 -8.92580390e-02 
 6.15500000e-08  6.15500000e-08  8.54964413e-01  1.15000000e+00 -8.94054112e-02 
 6.16500000e-08  6.16500000e-08  8.54971504e-01  1.15000000e+00 -8.95386874e-02 
 6.17500000e-08  6.17500000e-08  8.54977810e-01  1.15000000e+00 -8.96578469e-02 
 6.18500000e-08  6.18500000e-08  8.54983330e-01  1.15000000e+00 -8.97628712e-02 
 6.19500000e-08  6.19500000e-08  8.54988063e-01  1.15000000e+00 -8.98537439e-02 
 6.20500000e-08  6.20500000e-08  8.54992008e-01  1.15000000e+00 -8.99304509e-02 
 6.21500000e-08  6.21500000e-08  8.54995165e-01  1.15000000e+00 -8.99929803e-02 
 6.22500000e-08  6.22500000e-08  8.54997533e-01  1.15000000e+00 -9.00413223e-02 
 6.23500000e-08  6.23500000e-08  8.54999112e-01  1.15000000e+00 -9.00754695e-02 
 6.24500000e-08  6.24500000e-08  8.54999901e-01  1.15000000e+00 -9.00954164e-02 
 6.25500000e-08  6.25500000e-08  8.54999901e-01  1.15000000e+00 -9.01011600e-02 
 6.26500000e-08  6.26500000e-08  8.54999112e-01  1.15000000e+00 -9.00926995e-02 
 6.27500000e-08  6.27500000e-08  8.54997533e-01  1.15000000e+00 -9.00700360e-02 
 6.28500000e-08  6.28500000e-08  8.54995165e-01  1.15000000e+00 -9.00331732e-02 
 6.29500000e-08  6.29500000e-08  8.54992008e-01  1.15000000e+00 -8.99821168e-02 
 6.30500000e-08  6.30500000e-08  8.54988063e-01  1.15000000e+00 -8.99168746e-02 
 6.31500000e-08  6.31500000e-08  8.54983330e-01  1.15000000e+00 -8.98374569e-02 
 6.32500000e-08  6.32500000e-08  8.54977810e-01  1.15000000e+00 -8.97438761e-02 
 6.33500000e-08  6.33500000e-08  8.54971504e-01  1.15000000e+00 -8.96361465e-02 
 6.34500000e-08  6.34500000e-08  8.54964413e-01  1.15000000e+00 -8.95142851e-02 
 6.35500000e-08  6.35500000e-08  8.54956538e-01  1.15000000e+00 -8.93783108e-02 
 6.36500000e-08  6.36500000e-08  8.54947881e-01  1.15000000e+00 -8.92282446e-02 
 6.37500000e-08  6.37500000e-08  8.54938442e-01  1.15000000e+00 -8.90641101e-02 
 6.38500000e-08  6.38500000e-08  8.54928223e-01  1.15000000e+00 -8.88859326e-02 
 6.39500000e-08  6.39500000e-08  8.54917226e-01  1.15000000e+00 -8.86937400e-02 
 6.40500000e-08  6.40500000e-08  8.54905453e-01  1.15000000e+00 -8.84875621e-02 
 6.41500000e-08  6.41500000e-08  8.54892905e-01  1.15000000e+00 -8.82674310e-02 
 6.42500000e-08  6.42500000e-08  8.54879584e-01  1.15000000e+00 -8.80333810e-02 
 6.43500000e-08  6.43500000e-08  8.54865493e-01  1.15000000e+00 -8.77854485e-02 
 6.44500000e-08  6.44500000e-08  8.54850633e-01  1.15000000e+00 -8.75236721e-02 
 6.45500000e-08  6.45500000e-08  8.54835007e-01  1.15000000e+00 -8.72480925e-02 
 6.46500000e-08  6.46500000e-08  8.54818618e-01  1.15000000e+00 -8.69587528e-02 
 6.47500000e-08  6.47500000e-08  8.54801468e-01  1.15000000e+00 -8.66556978e-02 
 6.48500000e-08  6.48500000e-08  8.54783560e-01  1.15000000e+00 -8.63389749e-02 
 6.49500000e-08  6.49500000e-08  8.54764897e-01  1.15000000e+00 -8.60086334e-02 
 6.50500000e-08  6.50500000e-08  8.54745481e-01  1.15000000e+00 -8.56647247e-02 
 6.51500000e-08  6.51500000e-08  8.54725315e-01  1.15000000e+00 -8.53073024e-02 
 6.52500000e-08  6.52500000e-08  8.54704404e-01  1.15000000e+00 -8.49364223e-02 
 6.53500000e-08  6.53500000e-08  8.54682749e-01  1.15000000e+00 -8.45521421e-02 
 6.54500000e-08  6.54500000e-08  8.54660356e-01  1.15000000e+00 -8.41545217e-02 
 6.55500000e-08  6.55500000e-08  8.54637226e-01  1.15000000e+00 -8.37436231e-02 
 6.56500000e-08  6.56500000e-08  8.54613364e-01  1.15000000e+00 -8.33195105e-02 
 6.57500000e-08  6.57500000e-08  8.54588773e-01  1.15000000e+00 -8.28822499e-02 
 6.58500000e-08  6.58500000e-08  8.54563458e-01  1.15000000e+00 -8.24319096e-02 
 6.59500000e-08  6.59500000e-08  8.54537422e-01  1.15000000e+00 -8.19685599e-02 
 6.60500000e-08  6.60500000e-08  8.54510670e-01  1.15000000e+00 -8.14922730e-02 
 6.61500000e-08  6.61500000e-08  8.54483205e-01  1.15000000e+00 -8.10031232e-02 
 6.62500000e-08  6.62500000e-08  8.54455033e-01  1.15000000e+00 -8.05011871e-02 
 6.63500000e-08  6.63500000e-08  8.54426157e-01  1.15000000e+00 -7.99865429e-02 
 6.64500000e-08  6.64500000e-08  8.54396582e-01  1.15000000e+00 -7.94592710e-02 
 6.65500000e-08  6.65500000e-08  8.54366312e-01  1.15000000e+00 -7.89194539e-02 
 6.66500000e-08  6.66500000e-08  8.54335354e-01  1.15000000e+00 -7.83671757e-02 
 6.67500000e-08  6.67500000e-08  8.54303710e-01  1.15000000e+00 -7.78025229e-02 
 6.68500000e-08  6.68500000e-08  8.54271387e-01  1.15000000e+00 -7.72255838e-02 
 6.69500000e-08  6.69500000e-08  8.54238390e-01  1.15000000e+00 -7.66364485e-02 
 6.70500000e-08  6.70500000e-08  8.54204723e-01  1.15000000e+00 -7.60352091e-02 
 6.71500000e-08  6.71500000e-08  8.54170392e-01  1.15000000e+00 -7.54219598e-02 
 6.72500000e-08  6.72500000e-08  8.54135403e-01  1.15000000e+00 -7.47967964e-02 
 6.73500000e-08  6.73500000e-08  8.54099761e-01  1.15000000e+00 -7.41598169e-02 
 6.74500000e-08  6.74500000e-08  8.54063471e-01  1.15000000e+00 -7.35111208e-02 
 6.75500000e-08  6.75500000e-08  8.54026539e-01  1.15000000e+00 -7.28508099e-02 
 6.76500000e-08  6.76500000e-08  8.53988972e-01  1.15000000e+00 -7.21789874e-02 
 6.77500000e-08  6.77500000e-08  8.53950775e-01  1.15000000e+00 -7.14957587e-02 
 6.78500000e-08  6.78500000e-08  8.53911954e-01  1.15000000e+00 -7.08012308e-02 
 6.79500000e-08  6.79500000e-08  8.53872515e-01  1.15000000e+00 -7.00955126e-02 
 6.80500000e-08  6.80500000e-08  8.53832465e-01  1.15000000e+00 -6.93787147e-02 
 6.81500000e-08  6.81500000e-08  8.53791810e-01  1.15000000e+00 -6.86509494e-02 
 6.82500000e-08  6.82500000e-08  8.53750555e-01  1.15000000e+00 -6.79123310e-02 
 6.83500000e-08  6.83500000e-08  8.53708709e-01  1.15000000e+00 -6.71629753e-02 
 6.84500000e-08  6.84500000e-08  8.53666277e-01  1.15000000e+00 -6.64029998e-02 
 6.85500000e-08  6.85500000e-08  8.53623266e-01  1.15000000e+00 -6.56325240e-02 
 6.86500000e-08  6.86500000e-08  8.53579682e-01  1.15000000e+00 -6.48516688e-02 
 6.87500000e-08  6.87500000e-08  8.53535534e-01  1.15000000e+00 -6.40605567e-02 
 6.88500000e-08  6.88500000e-08  8.53490827e-01  1.15000000e+00 -6.32593121e-02 
 6.89500000e-08  6.89500000e-08  8.53445569e-01  1.15000000e+00 -6.24480609e-02 
 6.90500000e-08  6.90500000e-08  8.53399767e-01  1.15000000e+00 -6.16269305e-02 
 6.91500000e-08  6.91500000e-08  8.53353428e-01  1.15000000e+00 -6.07960501e-02 
 6.92500000e-08  6.92500000e-08  8.53306559e-01  1.15000000e+00 -5.99555503e-02 
 6.93500000e-08  6.93500000e-08  8.53259169e-01  1.15000000e+00 -5.91055633e-02 
 6.94500000e-08  6.94500000e-08  8.53211263e-01  1.15000000e+00 -5.82462228e-02 
 6.95500000e-08  6.95500000e-08  8.53162851e-01  1.15000000e+00 -5.73776640e-02 
 6.96500000e-08  6.96500000e-08  8.53113939e-01  1.15000000e+00 -5.65000237e-02 
 6.97500000e-08  6.97500000e-08  8.53064535e-01  1.15000000e+00 -5.56134400e-02 
 6.98500000e-08  6.98500000e-08  8.53014648e-01  1.15000000e+00 -5.47180526e-02 
 6.99500000e-08  6.99500000e-08  8.52964284e-01  1.15000000e+00 -5.38139942e-02 
 7.00500000e-08  7.00500000e-08  8.52913452e-01  1.15000000e+00 -5.29014170e-02 
 7.01500000e-08  7.01500000e-08  8.52862161e-01  1.15000000e+00 -5.19804720e-02 
 7.02500000e-08  7.02500000e-08  8.52810417e-01  1.15000000e+00 -5.10512936e-02 
 7.03500000e-08  7.03500000e-08  8.52758229e-01  1.15000000e+00 -5.01140307e-02 
 7.04500000e-08  7.04500000e-08  8.52705606e-01  1.15000000e+00 -4.91688311e-02 
 7.05500000e-08  7.05500000e-08  8.52652556e-01  1.15000000e+00 -4.82158434e-02 
 7.06500000e-08  7.06500000e-08  8.52599087e-01  1.15000000e+00 -4.72552184e-02 
 7.07500000e-08  7.07500000e-08  8.52545207e-01  1.15000000e+00 -4.62871074e-02 
 7.08500000e-08  7.08500000e-08  8.52490926e-01  1.15000000e+00 -4.53116635e-02 
 7.09500000e-08  7.09500000e-08  8.52436251e-01  1.15000000e+00 -4.43290405e-02 
 7.10500000e-08  7.10500000e-08  8.52381191e-01  1.15000000e+00 -4.33393936e-02 
 7.11500000e-08  7.11500000e-08  8.52325755e-01  1.15000000e+00 -4.23428792e-02 
 7.12500000e-08  7.12500000e-08  8.52269952e-01  1.15000000e+00 -4.13396548e-02 
 7.13500000e-08  7.13500000e-08  8.52213791e-01  1.15000000e+00 -4.03298787e-02 
 7.14500000e-08  7.14500000e-08  8.52157280e-01  1.15000000e+00 -3.93137107e-02 
 7.15500000e-08  7.15500000e-08  8.52100429e-01  1.15000000e+00 -3.82913114e-02 
 7.16500000e-08  7.16500000e-08  8.52043245e-01  1.15000000e+00 -3.72628425e-02 
 7.17500000e-08  7.17500000e-08  8.51985739e-01  1.15000000e+00 -3.62284665e-02 
 7.18500000e-08  7.18500000e-08  8.51927920e-01  1.15000000e+00 -3.51883472e-02 
 7.19500000e-08  7.19500000e-08  8.51869796e-01  1.15000000e+00 -3.41426490e-02 
 7.20500000e-08  7.20500000e-08  8.51811377e-01  1.15000000e+00 -3.30915375e-02 
 7.21500000e-08  7.21500000e-08  8.51752672e-01  1.15000000e+00 -3.20351790e-02 
 7.22500000e-08  7.22500000e-08  8.51693690e-01  1.15000000e+00 -3.09737407e-02 
 7.23500000e-08  7.23500000e-08  8.51634440e-01  1.15000000e+00 -2.99073907e-02 
 7.24500000e-08  7.24500000e-08  8.51574933e-01  1.15000000e+00 -2.88362977e-02 
 7.25500000e-08  7.25500000e-08  8.51515176e-01  1.15000000e+00 -2.77606315e-02 
 7.26500000e-08  7.26500000e-08  8.51455181e-01  1.15000000e+00 -2.66805624e-02 
 7.27500000e-08  7.27500000e-08  8.51394956e-01  1.15000000e+00 -2.55962616e-02 
 7.28500000e-08  7.28500000e-08  8.51334510e-01  1.15000000e+00 -2.45079007e-02 
 7.29500000e-08  7.29500000e-08  8.51273854e-01  1.15000000e+00 -2.34156523e-02 
 7.30500000e-08  7.30500000e-08  8.51212996e-01  1.15000000e+00 -2.23196895e-02 
 7.31500000e-08  7.31500000e-08  8.51151947e-01  1.15000000e+00 -2.12201860e-02 
 7.32500000e-08  7.32500000e-08  8.51090716e-01  1.15000000e+00 -2.01173161e-02 
 7.33500000e-08  7.33500000e-08  8.51029313e-01  1.15000000e+00 -1.90112546e-02 
 7.34500000e-08  7.34500000e-08  8.50967747e-01  1.15000000e+00 -1.79021769e-02 
 7.35500000e-08  7.35500000e-08  8.50906029e-01  1.15000000e+00 -1.67902588e-02 
 7.36500000e-08  7.36500000e-08  8.50844167e-01  1.15000000e+00 -1.56756768e-02 
 7.37500000e-08  7.37500000e-08  8.50782172e-01  1.15000000e+00 -1.45586075e-02 
 7.38500000e-08  7.38500000e-08  8.50720054e-01  1.15000000e+00 -1.34392282e-02 
 7.39500000e-08  7.39500000e-08  8.50657822e-01  1.15000000e+00 -1.23177164e-02 
 7.40500000e-08  7.40500000e-08  8.50595486e-01  1.15000000e+00 -1.11942501e-02 
 7.41500000e-08  7.41500000e-08  8.50533056e-01  1.15000000e+00 -1.00690075e-02 
 7.42500000e-08  7.42500000e-08  8.50470542e-01  1.15000000e+00 -8.94216702e-03 
 7.43500000e-08  7.43500000e-08  8.50407953e-01  1.15000000e+00 -7.81390759e-03 
 7.44500000e-08  7.44500000e-08  8.50345300e-01  1.15000000e+00 -6.68440819e-03 
 7.45500000e-08  7.45500000e-08  8.50282593e-01  1.15000000e+00 -5.55384805e-03 
 7.46500000e-08  7.46500000e-08  8.50219841e-01  1.15000000e+00 -4.42240659e-03 
 7.47500000e-08  7.47500000e-08  8.50157054e-01  1.15000000e+00 -3.29026335e-03 
 7.48500000e-08  7.48500000e-08  8.50094242e-01  1.15000000e+00 -2.15759801e-03 
 7.49500000e-08  7.49500000e-08  8.50031416e-01  1.15000000e+00 -1.02459031e-03 
 7.50500000e-08  7.50500000e-08  8.49968584e-01  1.15000000e+00  1.08579928e-04 
 7.51500000e-08  7.51500000e-08  8.49905758e-01  1.15000000e+00  1.24173287e-03 
 7.52500000e-08  7.52500000e-08  8.49842946e-01  1.15000000e+00  2.37468868e-03 
 7.53500000e-08  7.53500000e-08  8.49780159e-01  1.15000000e+00  3.50726756e-03 
 7.54250000e-08  7.54250000e-08  8.49733092e-01  1.15000000e+00  4.35634906e-03 
 7.55000000e-08  7.55000000e-08  8.49686047e-01  1.15000000e+00  5.20503870e-03 
 7.55100000e-08  7.55100000e-08  8.49679777e-01  1.13800000e+00  5.30597300e-03 
 7.55300000e-08  7.55300000e-08  8.49667237e-01  1.11400000e+00  5.51317520e-03 
 7.55700000e-08  7.55700000e-08  8.49642165e-01  1.06600000e+00  5.89829055e-03 
 7.56500000e-08  7.56500000e-08  8.49592047e-01  9.70000000e-01  5.04413421e-03 
 7.57500000e-08  7.57500000e-08  8.49529458e-01  8.50000000e-01  1.24723199e-03 
 7.58500000e-08  7.58500000e-08  8.49466944e-01  7.30000000e-01 -2.61069714e-03 
 7.59250000e-08  7.59250000e-08  8.49420113e-01  6.40000000e-01 -7.07017571e-03 
 7.60000000e-08  7.60000000e-08  8.49373334e-01  5.50000000e-01 -1.11956763e-02 
 7.60100000e-08  7.60100000e-08  8.49367101e-01  5.50000000e-01 -1.12829100e-02 
 7.60300000e-08  7.60300000e-08  8.49354637e-01  5.50000000e-01 -1.13844095e-02 
 7.60700000e-08  7.60700000e-08  8.49329723e-01  5.50000000e-01 -1.16475328e-02 
 7.61500000e-08  7.61500000e-08  8.49279946e-01  5.50000000e-01 -1.25374908e-02 
 7.62500000e-08  7.62500000e-08  8.49217828e-01  5.50000000e-01 -1.36490994e-02 
 7.63500000e-08  7.63500000e-08  8.49155833e-01  5.50000000e-01 -1.47764857e-02 
 7.64500000e-08  7.64500000e-08  8.49093971e-01  5.50000000e-01 -1.58869445e-02 
 7.65500000e-08  7.65500000e-08  8.49032253e-01  5.50000000e-01 -1.70052283e-02 
 7.66500000e-08  7.66500000e-08  8.48970687e-01  5.50000000e-01 -1.81138336e-02 
 7.67500000e-08  7.67500000e-08  8.48909284e-01  5.50000000e-01 -1.92241447e-02 
 7.68500000e-08  7.68500000e-08  8.48848053e-01  5.50000000e-01 -2.03284691e-02 
 7.69500000e-08  7.69500000e-08  8.48787004e-01  5.50000000e-01 -2.14314034e-02 
 7.70500000e-08  7.70500000e-08  8.48726146e-01  5.50000000e-01 -2.25298299e-02 
 7.71500000e-08  7.71500000e-08  8.48665490e-01  5.50000000e-01 -2.36253173e-02 
 7.72500000e-08  7.72500000e-08  8.48605044e-01  5.50000000e-01 -2.47167202e-02 
 7.73500000e-08  7.73500000e-08  8.48544819e-01  5.50000000e-01 -2.58043495e-02 
 7.74500000e-08  7.74500000e-08  8.48484824e-01  5.50000000e-01 -2.68878469e-02 
 7.75500000e-08  7.75500000e-08  8.48425067e-01  5.50000000e-01 -2.79670613e-02 
 7.76500000e-08  7.76500000e-08  8.48365560e-01  5.50000000e-01 -2.90418969e-02 
 7.77500000e-08  7.77500000e-08  8.48306310e-01  5.50000000e-01 -3.01120502e-02 
 7.78500000e-08  7.78500000e-08  8.48247328e-01  5.50000000e-01 -3.11775107e-02 
 7.79500000e-08  7.79500000e-08  8.48188623e-01  5.50000000e-01 -3.22379466e-02 
 7.80500000e-08  7.80500000e-08  8.48130204e-01  5.50000000e-01 -3.32933446e-02 
 7.81500000e-08  7.81500000e-08  8.48072080e-01  5.50000000e-01 -3.43433981e-02 
 7.82500000e-08  7.82500000e-08  8.48014261e-01  5.50000000e-01 -3.53880628e-02 
 7.83500000e-08  7.83500000e-08  8.47956755e-01  5.50000000e-01 -3.64270695e-02 
 7.84500000e-08  7.84500000e-08  8.47899571e-01  5.50000000e-01 -3.74603409e-02 
 7.85500000e-08  7.85500000e-08  8.47842720e-01  5.50000000e-01 -3.84876414e-02 
 7.86500000e-08  7.86500000e-08  8.47786209e-01  5.50000000e-01 -3.95088678e-02 
 7.87500000e-08  7.87500000e-08  8.47730048e-01  5.50000000e-01 -4.05238106e-02 
 7.88500000e-08  7.88500000e-08  8.47674245e-01  5.50000000e-01 -4.15323479e-02 
 7.89500000e-08  7.89500000e-08  8.47618809e-01  5.50000000e-01 -4.25342894e-02 
 7.90500000e-08  7.90500000e-08  8.47563749e-01  5.50000000e-01 -4.35295016e-02 
 7.91500000e-08  7.91500000e-08  8.47509074e-01  5.50000000e-01 -4.45178075e-02 
 7.92500000e-08  7.92500000e-08  8.47454793e-01  5.50000000e-01 -4.54990665e-02 
 7.93500000e-08  7.93500000e-08  8.47400913e-01  5.50000000e-01 -4.64731116e-02 
 7.94500000e-08  7.94500000e-08  8.47347444e-01  5.50000000e-01 -4.74397985e-02 
 7.95500000e-08  7.95500000e-08  8.47294394e-01  5.50000000e-01 -4.83989671e-02 
 7.96500000e-08  7.96500000e-08  8.47241771e-01  5.50000000e-01 -4.93504719e-02 
 7.97500000e-08  7.97500000e-08  8.47189583e-01  5.50000000e-01 -5.02941583e-02 
 7.98500000e-08  7.98500000e-08  8.47137839e-01  5.50000000e-01 -5.12298808e-02 
 7.99500000e-08  7.99500000e-08  8.47086548e-01  5.50000000e-01 -5.21574893e-02 
 8.00500000e-08  8.00500000e-08  8.47035716e-01  5.50000000e-01 -5.30768396e-02 
 8.01500000e-08  8.01500000e-08  8.46985352e-01  5.50000000e-01 -5.39877852e-02 
 8.02500000e-08  8.02500000e-08  8.46935465e-01  5.50000000e-01 -5.48901837e-02 
 8.03500000e-08  8.03500000e-08  8.46886061e-01  5.50000000e-01 -5.57839003e-02 
 8.04500000e-08  8.04500000e-08  8.46837149e-01  5.50000000e-01 -5.66687852e-02 
 8.05500000e-08  8.05500000e-08  8.46788737e-01  5.50000000e-01 -5.75446915e-02 
 8.06500000e-08  8.06500000e-08  8.46740831e-01  5.50000000e-01 -5.84114921e-02 
 8.07500000e-08  8.07500000e-08  8.46693441e-01  5.50000000e-01 -5.92690483e-02 
 8.08500000e-08  8.08500000e-08  8.46646572e-01  5.50000000e-01 -6.01172251e-02 
 8.09500000e-08  8.09500000e-08  8.46600233e-01  5.50000000e-01 -6.09558896e-02 
 8.10500000e-08  8.10500000e-08  8.46554431e-01  5.50000000e-01 -6.17849095e-02 
 8.11500000e-08  8.11500000e-08  8.46509173e-01  5.50000000e-01 -6.26041547e-02 
 8.12500000e-08  8.12500000e-08  8.46464466e-01  5.50000000e-01 -6.34134962e-02 
 8.13500000e-08  8.13500000e-08  8.46420318e-01  5.50000000e-01 -6.42128069e-02 
 8.14500000e-08  8.14500000e-08  8.46376734e-01  5.50000000e-01 -6.50019613e-02 
 8.15500000e-08  8.15500000e-08  8.46333723e-01  5.50000000e-01 -6.57808354e-02 
 8.16500000e-08  8.16500000e-08  8.46291291e-01  5.50000000e-01 -6.65493069e-02 
 8.17500000e-08  8.17500000e-08  8.46249445e-01  5.50000000e-01 -6.73072551e-02 
 8.18500000e-08  8.18500000e-08  8.46208190e-01  5.50000000e-01 -6.80545610e-02 
 8.19500000e-08  8.19500000e-08  8.46167535e-01  5.50000000e-01 -6.87911075e-02 
 8.20500000e-08  8.20500000e-08  8.46127485e-01  5.50000000e-01 -6.95167789e-02 
 8.21500000e-08  8.21500000e-08  8.46088046e-01  5.50000000e-01 -7.02314615e-02 
 8.22500000e-08  8.22500000e-08  8.46049225e-01  5.50000000e-01 -7.09350431e-02 
 8.23500000e-08  8.23500000e-08  8.46011028e-01  5.50000000e-01 -7.16274136e-02 
 8.24500000e-08  8.24500000e-08  8.45973461e-01  5.50000000e-01 -7.23084643e-02 
 8.25500000e-08  8.25500000e-08  8.45936529e-01  5.50000000e-01 -7.29780886e-02 
 8.26500000e-08  8.26500000e-08  8.45900239e-01  5.50000000e-01 -7.36361816e-02 
 8.27500000e-08  8.27500000e-08  8.45864597e-01  5.50000000e-01 -7.42826403e-02 
 8.28500000e-08  8.28500000e-08  8.45829608e-01  5.50000000e-01 -7.49173633e-02 
 8.29500000e-08  8.29500000e-08  8.45795277e-01  5.50000000e-01 -7.55402514e-02 
 8.30500000e-08  8.30500000e-08  8.45761610e-01  5.50000000e-01 -7.61512071e-02 
 8.31500000e-08  8.31500000e-08  8.45728613e-01  5.50000000e-01 -7.67501348e-02 
 8.32500000e-08  8.32500000e-08  8.45696290e-01  5.50000000e-01 -7.73369409e-02 
 8.33500000e-08  8.33500000e-08  8.45664646e-01  5.50000000e-01 -7.79115334e-02 
 8.34500000e-08  8.34500000e-08  8.45633688e-01  5.50000000e-01 -7.84738227e-02 
 8.35500000e-08  8.35500000e-08  8.45603418e-01  5.50000000e-01 -7.90237208e-02 
 8.36500000e-08  8.36500000e-08  8.45573843e-01  5.50000000e-01 -7.95611417e-02 
 8.37500000e-08  8.37500000e-08  8.45544967e-01  5.50000000e-01 -8.00860016e-02 
 8.38500000e-08  8.38500000e-08  8.45516795e-01  5.50000000e-01 -8.05982184e-02 
 8.39500000e-08  8.39500000e-08  8.45489330e-01  5.50000000e-01 -8.10977121e-02 
 8.40500000e-08  8.40500000e-08  8.45462578e-01  5.50000000e-01 -8.15844047e-02 
 8.41500000e-08  8.41500000e-08  8.45436542e-01  5.50000000e-01 -8.20582203e-02 
 8.42500000e-08  8.42500000e-08  8.45411227e-01  5.50000000e-01 -8.25190848e-02 
 8.43500000e-08  8.43500000e-08  8.45386636e-01  5.50000000e-01 -8.29669264e-02 
 8.44500000e-08  8.44500000e-08  8.45362774e-01  5.50000000e-01 -8.34016752e-02 
 8.45500000e-08  8.45500000e-08  8.45339644e-01  5.50000000e-01 -8.38232634e-02 
 8.46500000e-08  8.46500000e-08  8.45317251e-01  5.50000000e-01 -8.42316251e-02 
 8.47500000e-08  8.47500000e-08  8.45295596e-01  5.50000000e-01 -8.46266968e-02 
 8.48500000e-08  8.48500000e-08  8.45274685e-01  5.50000000e-01 -8.50084168e-02 
 8.49500000e-08  8.49500000e-08  8.45254519e-01  5.50000000e-01 -8.53767256e-02 
 8.50500000e-08  8.50500000e-08  8.45235103e-01  5.50000000e-01 -8.57315659e-02 
 8.51500000e-08  8.51500000e-08  8.45216440e-01  5.50000000e-01 -8.60728822e-02 
 8.52500000e-08  8.52500000e-08  8.45198532e-01  5.50000000e-01 -8.64006215e-02 
 8.53500000e-08  8.53500000e-08  8.45181382e-01  5.50000000e-01 -8.67147326e-02 
 8.54500000e-08  8.54500000e-08  8.45164993e-01  5.50000000e-01 -8.70151667e-02 
 8.55500000e-08  8.55500000e-08  8.45149367e-01  5.50000000e-01 -8.73018769e-02 
 8.56500000e-08  8.56500000e-08  8.45134507e-01  5.50000000e-01 -8.75748185e-02 
 8.57500000e-08  8.57500000e-08  8.45120416e-01  5.50000000e-01 -8.78339492e-02 
 8.58500000e-08  8.58500000e-08  8.45107095e-01  5.50000000e-01 -8.80792285e-02 
 8.59500000e-08  8.59500000e-08  8.45094547e-01  5.50000000e-01 -8.83106182e-02 
 8.60500000e-08  8.60500000e-08  8.45082774e-01  5.50000000e-01 -8.85280824e-02 
 8.61500000e-08  8.61500000e-08  8.45071777e-01  5.50000000e-01 -8.87315871e-02 
 8.62500000e-08  8.62500000e-08  8.45061558e-01  5.50000000e-01 -8.89211008e-02 
 8.63500000e-08  8.63500000e-08  8.45052119e-01  5.50000000e-01 -8.90965939e-02 
 8.64500000e-08  8.64500000e-08  8.45043462e-01  5.50000000e-01 -8.92580390e-02 
 8.65500000e-08  8.65500000e-08  8.45035587e-01  5.50000000e-01 -8.94054112e-02 
 8.66500000e-08  8.66500000e-08  8.45028496e-01  5.50000000e-01 -8.95386874e-02 
 8.67500000e-08  8.67500000e-08  8.45022190e-01  5.50000000e-01 -8.96578469e-02 
 8.68500000e-08  8.68500000e-08  8.45016670e-01  5.50000000e-01 -8.97628712e-02 
 8.69500000e-08  8.69500000e-08  8.45011937e-01  5.50000000e-01 -8.98537439e-02 
 8.70500000e-08  8.70500000e-08  8.45007992e-01  5.50000000e-01 -8.99304509e-02 
 8.71500000e-08  8.71500000e-08  8.45004835e-01  5.50000000e-01 -8.99929803e-02 
 8.72500000e-08  8.72500000e-08  8.45002467e-01  5.50000000e-01 -9.00413223e-02 
 8.73500000e-08  8.73500000e-08  8.45000888e-01  5.50000000e-01 -9.00754695e-02 
 8.74500000e-08  8.74500000e-08  8.45000099e-01  5.50000000e-01 -9.00954164e-02 
 8.75500000e-08  8.75500000e-08  8.45000099e-01  5.50000000e-01 -9.01011600e-02 
 8.76500000e-08  8.76500000e-08  8.45000888e-01  5.50000000e-01 -9.00926995e-02 
 8.77500000e-08  8.77500000e-08  8.45002467e-01  5.50000000e-01 -9.00700360e-02 
 8.78500000e-08  8.78500000e-08  8.45004835e-01  5.50000000e-01 -9.00331732e-02 
 8.79500000e-08  8.79500000e-08  8.45007992e-01  5.50000000e-01 -8.99821168e-02 
 8.80500000e-08  8.80500000e-08  8.45011937e-01  5.50000000e-01 -8.99168746e-02 
 8.81500000e-08  8.81500000e-08  8.45016670e-01  5.50000000e-01 -8.98374569e-02 
 8.82500000e-08  8.82500000e-08  8.45022190e-01  5.50000000e-01 -8.97438761e-02 
 8.83500000e-08  8.83500000e-08  8.45028496e-01  5.50000000e-01 -8.96361465e-02 
 8.84500000e-08  8.84500000e-08  8.45035587e-01  5.50000000e-01 -8.95142851e-02 
 8.85500000e-08  8.85500000e-08  8.45043462e-01  5.50000000e-01 -8.93783108e-02 
 8.86500000e-08  8.86500000e-08  8.45052119e-01  5.50000000e-01 -8.92282446e-02 
 8.87500000e-08  8.87500000e-08  8.45061558e-01  5.50000000e-01 -8.90641101e-02 
 8.88500000e-08  8.88500000e-08  8.45071777e-01  5.50000000e-01 -8.88859326e-02 
 8.89500000e-08  8.89500000e-08  8.45082774e-01  5.50000000e-01 -8.86937400e-02 
 8.90500000e-08  8.90500000e-08  8.45094547e-01  5.50000000e-01 -8.84875621e-02 
 8.91500000e-08  8.91500000e-08  8.45107095e-01  5.50000000e-01 -8.82674310e-02 
 8.92500000e-08  8.92500000e-08  8.45120416e-01  5.50000000e-01 -8.80333810e-02 
 8.93500000e-08  8.93500000e-08  8.45134507e-01  5.50000000e-01 -8.77854485e-02 
 8.94500000e-08  8.94500000e-08  8.45149367e-01  5.50000000e-01 -8.75236721e-02 
 8.95500000e-08  8.95500000e-08  8.45164993e-01  5.50000000e-01 -8.72480925e-02 
 8.96500000e-08  8.96500000e-08  8.45181382e-01  5.50000000e-01 -8.69587528e-02 
 8.97500000e-08  8.97500000e-08  8.45198532e-01  5.50000000e-01 -8.66556978e-02 
 8.98500000e-08  8.98500000e-08  8.45216440e-01  5.50000000e-01 -8.63389749e-02 
 8.99500000e-08  8.99500000e-08  8.45235103e-01  5.50000000e-01 -8.60086334e-02 
 9.00500000e-08  9.00500000e-08  8.45254519e-01  5.50000000e-01 -8.56647247e-02 
 9.01500000e-08  9.01500000e-08  8.45274685e-01  5.50000000e-01 -8.53073024e-02 
 9.02500000e-08  9.02500000e-08  8.45295596e-01  5.50000000e-01 -8.49364223e-02 
 9.03500000e-08  9.03500000e-08  8.45317251e-01  5.50000000e-01 -8.45521421e-02 
 9.04500000e-08  9.04500000e-08  8.45339644e-01  5.50000000e-01 -8.41545217e-02 
 9.05500000e-08  9.05500000e-08  8.45362774e-01  5.50000000e-01 -8.37436231e-02 
 9.06500000e-08  9.06500000e-08  8.45386636e-01  5.50000000e-01 -8.33195105e-02 
 9.07500000e-08  9.07500000e-08  8.45411227e-01  5.50000000e-01 -8.28822499e-02 
 9.08500000e-08  9.08500000e-08  8.45436542e-01  5.50000000e-01 -8.24319096e-02 
 9.09500000e-08  9.09500000e-08  8.45462578e-01  5.50000000e-01 -8.19685599e-02 
 9.10500000e-08  9.10500000e-08  8.45489330e-01  5.50000000e-01 -8.14922730e-02 
 9.11500000e-08  9.11500000e-08  8.45516795e-01  5.50000000e-01 -8.10031232e-02 
 9.12500000e-08  9.12500000e-08  8.45544967e-01  5.50000000e-01 -8.05011871e-02 
 9.13500000e-08  9.13500000e-08  8.45573843e-01  5.50000000e-01 -7.99865429e-02 
 9.14500000e-08  9.14500000e-08  8.45603418e-01  5.50000000e-01 -7.94592710e-02 
 9.15500000e-08  9.15500000e-08  8.45633688e-01  5.50000000e-01 -7.89194539e-02 
 9.16500000e-08  9.16500000e-08  8.45664646e-01  5.50000000e-01 -7.83671757e-02 
 9.17500000e-08  9.17500000e-08  8.45696290e-01  5.50000000e-01 -7.78025229e-02 
 9.18500000e-08  9.18500000e-08  8.45728613e-01  5.50000000e-01 -7.72255838e-02 
 9.19500000e-08  9.19500000e-08  8.45761610e-01  5.50000000e-01 -7.66364485e-02 
 9.20500000e-08  9.20500000e-08  8.45795277e-01  5.50000000e-01 -7.60352091e-02 
 9.21500000e-08  9.21500000e-08  8.45829608e-01  5.50000000e-01 -7.54219598e-02 
 9.22500000e-08  9.22500000e-08  8.45864597e-01  5.50000000e-01 -7.47967964e-02 
 9.23500000e-08  9.23500000e-08  8.45900239e-01  5.50000000e-01 -7.41598169e-02 
 9.24500000e-08  9.24500000e-08  8.45936529e-01  5.50000000e-01 -7.35111208e-02 
 9.25500000e-08  9.25500000e-08  8.45973461e-01  5.50000000e-01 -7.28508099e-02 
 9.26500000e-08  9.26500000e-08  8.46011028e-01  5.50000000e-01 -7.21789874e-02 
 9.27500000e-08  9.27500000e-08  8.46049225e-01  5.50000000e-01 -7.14957587e-02 
 9.28500000e-08  9.28500000e-08  8.46088046e-01  5.50000000e-01 -7.08012308e-02 
 9.29500000e-08  9.29500000e-08  8.46127485e-01  5.50000000e-01 -7.00955126e-02 
 9.30500000e-08  9.30500000e-08  8.46167535e-01  5.50000000e-01 -6.93787147e-02 
 9.31500000e-08  9.31500000e-08  8.46208190e-01  5.50000000e-01 -6.86509494e-02 
 9.32500000e-08  9.32500000e-08  8.46249445e-01  5.50000000e-01 -6.79123310e-02 
 9.33500000e-08  9.33500000e-08  8.46291291e-01  5.50000000e-01 -6.71629753e-02 
 9.34500000e-08  9.34500000e-08  8.46333723e-01  5.50000000e-01 -6.64029998e-02 
 9.35500000e-08  9.35500000e-08  8.46376734e-01  5.50000000e-01 -6.56325240e-02 
 9.36500000e-08  9.36500000e-08  8.46420318e-01  5.50000000e-01 -6.48516688e-02 
 9.37500000e-08  9.37500000e-08  8.46464466e-01  5.50000000e-01 -6.40605567e-02 
 9.38500000e-08  9.38500000e-08  8.46509173e-01  5.50000000e-01 -6.32593121e-02 
 9.39500000e-08  9.39500000e-08  8.46554431e-01  5.50000000e-01 -6.24480609e-02 
 9.40500000e-08  9.40500000e-08  8.46600233e-01  5.50000000e-01 -6.16269305e-02 
 9.41500000e-08  9.41500000e-08  8.46646572e-01  5.50000000e-01 -6.07960501e-02 
 9.42500000e-08  9.42500000e-08  8.46693441e-01  5.50000000e-01 -5.99555503e-02 
 9.43500000e-08  9.43500000e-08  8.46740831e-01  5.50000000e-01 -5.91055633e-02 
 9.44500000e-08  9.44500000e-08  8.46788737e-01  5.50000000e-01 -5.82462228e-02 
 9.45500000e-08  9.45500000e-08  8.46837149e-01  5.50000000e-01 -5.73776640e-02 
 9.46500000e-08  9.46500000e-08  8.46886061e-01  5.50000000e-01 -5.65000237e-02 
 9.47500000e-08  9.47500000e-08  8.46935465e-01  5.50000000e-01 -5.56134400e-02 
 9.48500000e-08  9.48500000e-08  8.46985352e-01  5.50000000e-01 -5.47180526e-02 
 9.49500000e-08  9.49500000e-08  8.47035716e-01  5.50000000e-01 -5.38139942e-02 
 9.50500000e-08  9.50500000e-08  8.47086548e-01  5.50000000e-01 -5.29014170e-02 
 9.51500000e-08  9.51500000e-08  8.47137839e-01  5.50000000e-01 -5.19804720e-02 
 9.52500000e-08  9.52500000e-08  8.47189583e-01  5.50000000e-01 -5.10512936e-02 
 9.53500000e-08  9.53500000e-08  8.47241771e-01  5.50000000e-01 -5.01140307e-02 
 9.54500000e-08  9.54500000e-08  8.47294394e-01  5.50000000e-01 -4.91688311e-02 
 9.55500000e-08  9.55500000e-08  8.47347444e-01  5.50000000e-01 -4.82158434e-02 
 9.56500000e-08  9.56500000e-08  8.47400913e-01  5.50000000e-01 -4.72552184e-02 
 9.57500000e-08  9.57500000e-08  8.47454793e-01  5.50000000e-01 -4.62871074e-02 
 9.58500000e-08  9.58500000e-08  8.47509074e-01  5.50000000e-01 -4.53116635e-02 
 9.59500000e-08  9.59500000e-08  8.47563749e-01  5.50000000e-01 -4.43290405e-02 
 9.60500000e-08  9.60500000e-08  8.47618809e-01  5.50000000e-01 -4.33393936e-02 
 9.61500000e-08  9.61500000e-08  8.47674245e-01  5.50000000e-01 -4.23428792e-02 
 9.62500000e-08  9.62500000e-08  8.47730048e-01  5.50000000e-01 -4.13396548e-02 
 9.63500000e-08  9.63500000e-08  8.47786209e-01  5.50000000e-01 -4.03298787e-02 
 9.64500000e-08  9.64500000e-08  8.47842720e-01  5.50000000e-01 -3.93137107e-02 
 9.65500000e-08  9.65500000e-08  8.47899571e-01  5.50000000e-01 -3.82913114e-02 
 9.66500000e-08  9.66500000e-08  8.47956755e-01  5.50000000e-01 -3.72628425e-02 
 9.67500000e-08  9.67500000e-08  8.48014261e-01  5.50000000e-01 -3.62284665e-02 
 9.68500000e-08  9.68500000e-08  8.48072080e-01  5.50000000e-01 -3.51883472e-02 
 9.69500000e-08  9.69500000e-08  8.48130204e-01  5.50000000e-01 -3.41426490e-02 
 9.70500000e-08  9.70500000e-08  8.48188623e-01  5.50000000e-01 -3.30915375e-02 
 9.71500000e-08  9.71500000e-08  8.48247328e-01  5.50000000e-01 -3.20351790e-02 
 9.72500000e-08  9.72500000e-08  8.48306310e-01  5.50000000e-01 -3.09737407e-02 
 9.73500000e-08  9.73500000e-08  8.48365560e-01  5.50000000e-01 -2.99073907e-02 
 9.74500000e-08  9.74500000e-08  8.48425067e-01  5.50000000e-01 -2.88362977e-02 
 9.75500000e-08  9.75500000e-08  8.48484824e-01  5.50000000e-01 -2.77606315e-02 
 9.76500000e-08  9.76500000e-08  8.48544819e-01  5.50000000e-01 -2.66805624e-02 
 9.77500000e-08  9.77500000e-08  8.48605044e-01  5.50000000e-01 -2.55962616e-02 
 9.78500000e-08  9.78500000e-08  8.48665490e-01  5.50000000e-01 -2.45079007e-02 
 9.79500000e-08  9.79500000e-08  8.48726146e-01  5.50000000e-01 -2.34156523e-02 
 9.80500000e-08  9.80500000e-08  8.48787004e-01  5.50000000e-01 -2.23196895e-02 
 9.81500000e-08  9.81500000e-08  8.48848053e-01  5.50000000e-01 -2.12201860e-02 
 9.82500000e-08  9.82500000e-08  8.48909284e-01  5.50000000e-01 -2.01173161e-02 
 9.83500000e-08  9.83500000e-08  8.48970687e-01  5.50000000e-01 -1.90112546e-02 
 9.84500000e-08  9.84500000e-08  8.49032253e-01  5.50000000e-01 -1.79021769e-02 
 9.85500000e-08  9.85500000e-08  8.49093971e-01  5.50000000e-01 -1.67902588e-02 
 9.86500000e-08  9.86500000e-08  8.49155833e-01  5.50000000e-01 -1.56756768e-02 
 9.87500000e-08  9.87500000e-08  8.49217828e-01  5.50000000e-01 -1.45586075e-02 
 9.88500000e-08  9.88500000e-08  8.49279946e-01  5.50000000e-01 -1.34392282e-02 
 9.89500000e-08  9.89500000e-08  8.49342178e-01  5.50000000e-01 -1.23177164e-02 
 9.90500000e-08  9.90500000e-08  8.49404514e-01  5.50000000e-01 -1.11942501e-02 
 9.91500000e-08  9.91500000e-08  8.49466944e-01  5.50000000e-01 -1.00690075e-02 
 9.92500000e-08  9.92500000e-08  8.49529458e-01  5.50000000e-01 -8.94216702e-03 
 9.93500000e-08  9.93500000e-08  8.49592047e-01  5.50000000e-01 -7.81390759e-03 
 9.94500000e-08  9.94500000e-08  8.49654700e-01  5.50000000e-01 -6.68440819e-03 
 9.95500000e-08  9.95500000e-08  8.49717407e-01  5.50000000e-01 -5.55384805e-03 
 9.96500000e-08  9.96500000e-08  8.49780159e-01  5.50000000e-01 -4.42240659e-03 
 9.97500000e-08  9.97500000e-08  8.49842946e-01  5.50000000e-01 -3.29026335e-03 
 9.98500000e-08  9.98500000e-08  8.49905758e-01  5.50000000e-01 -2.15759801e-03 
 9.99250000e-08  9.99250000e-08  8.49952877e-01  5.50000000e-01 -1.30786167e-03 
 1.00000000e-07  1.00000000e-07  8.50000000e-01  5.50000000e-01 -4.58011542e-04 
 1.00010000e-07  1.00010000e-07  8.50006283e-01  5.62000000e-01 -3.44674847e-04 
 1.00030000e-07  1.00030000e-07  8.50018850e-01  5.86000000e-01 -1.18987876e-04 
 1.00070000e-07  1.00070000e-07  8.50043982e-01  6.34000000e-01  3.23955965e-04 
 1.00150000e-07  1.00150000e-07  8.50094242e-01  7.30000000e-01  8.18339561e-04 
 1.00250000e-07  1.00250000e-07  8.50157054e-01  8.50000000e-01  3.13378355e-04 
 1.00350000e-07  1.00350000e-07  8.50219841e-01  9.70000000e-01 -1.00248574e-03 
 1.00425000e-07  1.00425000e-07  8.50266908e-01  1.06000000e+00 -3.11780702e-03 
 1.00500000e-07  1.00500000e-07  8.50313953e-01  1.15000000e+00 -5.34335879e-03 
 1.00510000e-07  1.00510000e-07  8.50320223e-01  1.15000000e+00 -5.45201061e-03 
 1.00530000e-07  1.00530000e-07  8.50332763e-01  1.15000000e+00 -5.62976468e-03 
 1.00570000e-07  1.00570000e-07  8.50357835e-01  1.15000000e+00 -6.00074324e-03 
 1.00650000e-07  1.00650000e-07  8.50407953e-01  1.15000000e+00 -6.90373338e-03 
 1.00750000e-07  1.00750000e-07  8.50470542e-01  1.15000000e+00 -8.02774164e-03 
 1.00850000e-07  1.00850000e-07  8.50533056e-01  1.15000000e+00 -9.16004590e-03 
 1.00950000e-07  1.00950000e-07  8.50595486e-01  1.15000000e+00 -1.02835061e-02 
 1.01050000e-07  1.01050000e-07  8.50657822e-01  1.15000000e+00 -1.14105417e-02 
 1.01150000e-07  1.01150000e-07  8.50720054e-01  1.15000000e+00 -1.25322277e-02 
 1.01250000e-07  1.01250000e-07  8.50782172e-01  1.15000000e+00 -1.36542711e-02 
 1.01350000e-07  1.01350000e-07  8.50844167e-01  1.15000000e+00 -1.47726302e-02 
 1.01450000e-07  1.01450000e-07  8.50906029e-01  1.15000000e+00 -1.58895971e-02 
 1.01550000e-07  1.01550000e-07  8.50967747e-01  1.15000000e+00 -1.70034713e-02 
 1.01650000e-07  1.01650000e-07  8.51029313e-01  1.15000000e+00 -1.81149673e-02 
 1.01750000e-07  1.01750000e-07  8.51090716e-01  1.15000000e+00 -1.92234301e-02 
 1.01850000e-07  1.01850000e-07  8.51151947e-01  1.15000000e+00 -2.03288986e-02 
 1.01950000e-07  1.01950000e-07  8.51212996e-01  1.15000000e+00 -2.14311417e-02 
 1.02050000e-07  1.02050000e-07  8.51273854e-01  1.15000000e+00 -2.25299565e-02 
 1.02150000e-07  1.02150000e-07  8.51334510e-01  1.15000000e+00 -2.36252486e-02 
 1.02250000e-07  1.02250000e-07  8.51394956e-01  1.15000000e+00 -2.47167296e-02 
 1.02350000e-07  1.02350000e-07  8.51455181e-01  1.15000000e+00 -2.58043565e-02 
 1.02450000e-07  1.02450000e-07  8.51515176e-01  1.15000000e+00 -2.68878260e-02 
 1.02550000e-07  1.02550000e-07  8.51574933e-01  1.15000000e+00 -2.79670898e-02 
 1.02650000e-07  1.02650000e-07  8.51634440e-01  1.15000000e+00 -2.90418657e-02 
 1.02750000e-07  1.02750000e-07  8.51693690e-01  1.15000000e+00 -3.01120809e-02 
 1.02850000e-07  1.02850000e-07  8.51752672e-01  1.15000000e+00 -3.11774823e-02 
 1.02950000e-07  1.02950000e-07  8.51811377e-01  1.15000000e+00 -3.22379718e-02 
 1.03050000e-07  1.03050000e-07  8.51869796e-01  1.15000000e+00 -3.32933228e-02 
 1.03150000e-07  1.03150000e-07  8.51927920e-01  1.15000000e+00 -3.43434165e-02 
 1.03250000e-07  1.03250000e-07  8.51985739e-01  1.15000000e+00 -3.53880475e-02 
 1.03350000e-07  1.03350000e-07  8.52043245e-01  1.15000000e+00 -3.64270821e-02 
 1.03450000e-07  1.03450000e-07  8.52100429e-01  1.15000000e+00 -3.74603306e-02 
 1.03550000e-07  1.03550000e-07  8.52157280e-01  1.15000000e+00 -3.84876498e-02 
 1.03650000e-07  1.03650000e-07  8.52213791e-01  1.15000000e+00 -3.95088611e-02 
 1.03750000e-07  1.03750000e-07  8.52269952e-01  1.15000000e+00 -4.05238159e-02 
 1.03850000e-07  1.03850000e-07  8.52325755e-01  1.15000000e+00 -4.15323436e-02 
 1.03950000e-07  1.03950000e-07  8.52381191e-01  1.15000000e+00 -4.25342928e-02 
 1.04050000e-07  1.04050000e-07  8.52436251e-01  1.15000000e+00 -4.35294989e-02 
 1.04150000e-07  1.04150000e-07  8.52490926e-01  1.15000000e+00 -4.45178096e-02 
 1.04250000e-07  1.04250000e-07  8.52545207e-01  1.15000000e+00 -4.54990649e-02 
 1.04350000e-07  1.04350000e-07  8.52599087e-01  1.15000000e+00 -4.64731129e-02 
 1.04450000e-07  1.04450000e-07  8.52652556e-01  1.15000000e+00 -4.74397975e-02 
 1.04550000e-07  1.04550000e-07  8.52705606e-01  1.15000000e+00 -4.83989679e-02 
 1.04650000e-07  1.04650000e-07  8.52758229e-01  1.15000000e+00 -4.93504713e-02 
 1.04750000e-07  1.04750000e-07  8.52810417e-01  1.15000000e+00 -5.02941587e-02 
 1.04850000e-07  1.04850000e-07  8.52862161e-01  1.15000000e+00 -5.12298805e-02 
 1.04950000e-07  1.04950000e-07  8.52913452e-01  1.15000000e+00 -5.21574896e-02 
 1.05050000e-07  1.05050000e-07  8.52964284e-01  1.15000000e+00 -5.30768394e-02 
 1.05150000e-07  1.05150000e-07  8.53014648e-01  1.15000000e+00 -5.39877854e-02 
 1.05250000e-07  1.05250000e-07  8.53064535e-01  1.15000000e+00 -5.48901836e-02 
 1.05350000e-07  1.05350000e-07  8.53113939e-01  1.15000000e+00 -5.57839004e-02 
 1.05450000e-07  1.05450000e-07  8.53162851e-01  1.15000000e+00 -5.66687851e-02 
 1.05550000e-07  1.05550000e-07  8.53211263e-01  1.15000000e+00 -5.75446915e-02 
 1.05650000e-07  1.05650000e-07  8.53259169e-01  1.15000000e+00 -5.84114921e-02 
 1.05750000e-07  1.05750000e-07  8.53306559e-01  1.15000000e+00 -5.92690483e-02 
 1.05850000e-07  1.05850000e-07  8.53353428e-01  1.15000000e+00 -6.01172251e-02 
 1.05950000e-07  1.05950000e-07  8.53399767e-01  1.15000000e+00 -6.09558896e-02 
 1.06050000e-07  1.06050000e-07  8.53445569e-01  1.15000000e+00 -6.17849095e-02 
 1.06150000e-07  1.06150000e-07  8.53490827e-01  1.15000000e+00 -6.26041547e-02 
 1.06250000e-07  1.06250000e-07  8.53535534e-01  1.15000000e+00 -6.34134962e-02 
 1.06350000e-07  1.06350000e-07  8.53579682e-01  1.15000000e+00 -6.42128070e-02 
 1.06450000e-07  1.06450000e-07  8.53623266e-01  1.15000000e+00 -6.50019613e-02 
 1.06550000e-07  1.06550000e-07  8.53666277e-01  1.15000000e+00 -6.57808354e-02 
 1.06650000e-07  1.06650000e-07  8.53708709e-01  1.15000000e+00 -6.65493069e-02 
 1.06750000e-07  1.06750000e-07  8.53750555e-01  1.15000000e+00 -6.73072551e-02 
 1.06850000e-07  1.06850000e-07  8.53791810e-01  1.15000000e+00 -6.80545610e-02 
 1.06950000e-07  1.06950000e-07  8.53832465e-01  1.15000000e+00 -6.87911075e-02 
 1.07050000e-07  1.07050000e-07  8.53872515e-01  1.15000000e+00 -6.95167789e-02 
 1.07150000e-07  1.07150000e-07  8.53911954e-01  1.15000000e+00 -7.02314615e-02 
 1.07250000e-07  1.07250000e-07  8.53950775e-01  1.15000000e+00 -7.09350431e-02 
 1.07350000e-07  1.07350000e-07  8.53988972e-01  1.15000000e+00 -7.16274136e-02 
 1.07450000e-07  1.07450000e-07  8.54026539e-01  1.15000000e+00 -7.23084643e-02 
 1.07550000e-07  1.07550000e-07  8.54063471e-01  1.15000000e+00 -7.29780886e-02 
 1.07650000e-07  1.07650000e-07  8.54099761e-01  1.15000000e+00 -7.36361816e-02 
 1.07750000e-07  1.07750000e-07  8.54135403e-01  1.15000000e+00 -7.42826403e-02 
 1.07850000e-07  1.07850000e-07  8.54170392e-01  1.15000000e+00 -7.49173633e-02 
 1.07950000e-07  1.07950000e-07  8.54204723e-01  1.15000000e+00 -7.55402514e-02 
 1.08050000e-07  1.08050000e-07  8.54238390e-01  1.15000000e+00 -7.61512071e-02 
 1.08150000e-07  1.08150000e-07  8.54271387e-01  1.15000000e+00 -7.67501348e-02 
 1.08250000e-07  1.08250000e-07  8.54303710e-01  1.15000000e+00 -7.73369409e-02 
 1.08350000e-07  1.08350000e-07  8.54335354e-01  1.15000000e+00 -7.79115334e-02 
 1.08450000e-07  1.08450000e-07  8.54366312e-01  1.15000000e+00 -7.84738227e-02 
 1.08550000e-07  1.08550000e-07  8.54396582e-01  1.15000000e+00 -7.90237208e-02 
 1.08650000e-07  1.08650000e-07  8.54426157e-01  1.15000000e+00 -7.95611417e-02 
 1.08750000e-07  1.08750000e-07  8.54455033e-01  1.15000000e+00 -8.00860016e-02 
 1.08850000e-07  1.08850000e-07  8.54483205e-01  1.15000000e+00 -8.05982184e-02 
 1.08950000e-07  1.08950000e-07  8.54510670e-01  1.15000000e+00 -8.10977121e-02 
 1.09050000e-07  1.09050000e-07  8.54537422e-01  1.15000000e+00 -8.15844047e-02 
 1.09150000e-07  1.09150000e-07  8.54563458e-01  1.15000000e+00 -8.20582203e-02 
 1.09250000e-07  1.09250000e-07  8.54588773e-01  1.15000000e+00 -8.25190848e-02 
 1.09350000e-07  1.09350000e-07  8.54613364e-01  1.15000000e+00 -8.29669264e-02 
 1.09450000e-07  1.09450000e-07  8.54637226e-01  1.15000000e+00 -8.34016752e-02 
 1.09550000e-07  1.09550000e-07  8.54660356e-01  1.15000000e+00 -8.38232634e-02 
 1.09650000e-07  1.09650000e-07  8.54682749e-01  1.15000000e+00 -8.42316251e-02 
 1.09750000e-07  1.09750000e-07  8.54704404e-01  1.15000000e+00 -8.46266968e-02 
 1.09850000e-07  1.09850000e-07  8.54725315e-01  1.15000000e+00 -8.50084168e-02 
 1.09950000e-07  1.09950000e-07  8.54745481e-01  1.15000000e+00 -8.53767256e-02 
 1.10050000e-07  1.10050000e-07  8.54764897e-01  1.15000000e+00 -8.57315659e-02 
 1.10150000e-07  1.10150000e-07  8.54783560e-01  1.15000000e+00 -8.60728822e-02 
 1.10250000e-07  1.10250000e-07  8.54801468e-01  1.15000000e+00 -8.64006215e-02 
 1.10350000e-07  1.10350000e-07  8.54818618e-01  1.15000000e+00 -8.67147326e-02 
 1.10450000e-07  1.10450000e-07  8.54835007e-01  1.15000000e+00 -8.70151667e-02 
 1.10550000e-07  1.10550000e-07  8.54850633e-01  1.15000000e+00 -8.73018769e-02 
 1.10650000e-07  1.10650000e-07  8.54865493e-01  1.15000000e+00 -8.75748185e-02 
 1.10750000e-07  1.10750000e-07  8.54879584e-01  1.15000000e+00 -8.78339492e-02 
 1.10850000e-07  1.10850000e-07  8.54892905e-01  1.15000000e+00 -8.80792285e-02 
 1.10950000e-07  1.10950000e-07  8.54905453e-01  1.15000000e+00 -8.83106182e-02 
 1.11050000e-07  1.11050000e-07  8.54917226e-01  1.15000000e+00 -8.85280824e-02 
 1.11150000e-07  1.11150000e-07  8.54928223e-01  1.15000000e+00 -8.87315871e-02 
 1.11250000e-07  1.11250000e-07  8.54938442e-01  1.15000000e+00 -8.89211008e-02 
 1.11350000e-07  1.11350000e-07  8.54947881e-01  1.15000000e+00 -8.90965939e-02 
 1.11450000e-07  1.11450000e-07  8.54956538e-01  1.15000000e+00 -8.92580390e-02 
 1.11550000e-07  1.11550000e-07  8.54964413e-01  1.15000000e+00 -8.94054112e-02 
 1.11650000e-07  1.11650000e-07  8.54971504e-01  1.15000000e+00 -8.95386874e-02 
 1.11750000e-07  1.11750000e-07  8.54977810e-01  1.15000000e+00 -8.96578469e-02 
 1.11850000e-07  1.11850000e-07  8.54983330e-01  1.15000000e+00 -8.97628712e-02 
 1.11950000e-07  1.11950000e-07  8.54988063e-01  1.15000000e+00 -8.98537439e-02 
 1.12050000e-07  1.12050000e-07  8.54992008e-01  1.15000000e+00 -8.99304509e-02 
 1.12150000e-07  1.12150000e-07  8.54995165e-01  1.15000000e+00 -8.99929803e-02 
 1.12250000e-07  1.12250000e-07  8.54997533e-01  1.15000000e+00 -9.00413223e-02 
 1.12350000e-07  1.12350000e-07  8.54999112e-01  1.15000000e+00 -9.00754695e-02 
 1.12450000e-07  1.12450000e-07  8.54999901e-01  1.15000000e+00 -9.00954164e-02 
 1.12550000e-07  1.12550000e-07  8.54999901e-01  1.15000000e+00 -9.01011600e-02 
 1.12650000e-07  1.12650000e-07  8.54999112e-01  1.15000000e+00 -9.00926995e-02 
 1.12750000e-07  1.12750000e-07  8.54997533e-01  1.15000000e+00 -9.00700360e-02 
 1.12850000e-07  1.12850000e-07  8.54995165e-01  1.15000000e+00 -9.00331732e-02 
 1.12950000e-07  1.12950000e-07  8.54992008e-01  1.15000000e+00 -8.99821168e-02 
 1.13050000e-07  1.13050000e-07  8.54988063e-01  1.15000000e+00 -8.99168746e-02 
 1.13150000e-07  1.13150000e-07  8.54983330e-01  1.15000000e+00 -8.98374569e-02 
 1.13250000e-07  1.13250000e-07  8.54977810e-01  1.15000000e+00 -8.97438761e-02 
 1.13350000e-07  1.13350000e-07  8.54971504e-01  1.15000000e+00 -8.96361465e-02 
 1.13450000e-07  1.13450000e-07  8.54964413e-01  1.15000000e+00 -8.95142851e-02 
 1.13550000e-07  1.13550000e-07  8.54956538e-01  1.15000000e+00 -8.93783108e-02 
 1.13650000e-07  1.13650000e-07  8.54947881e-01  1.15000000e+00 -8.92282446e-02 
 1.13750000e-07  1.13750000e-07  8.54938442e-01  1.15000000e+00 -8.90641101e-02 
 1.13850000e-07  1.13850000e-07  8.54928223e-01  1.15000000e+00 -8.88859326e-02 
 1.13950000e-07  1.13950000e-07  8.54917226e-01  1.15000000e+00 -8.86937400e-02 
 1.14050000e-07  1.14050000e-07  8.54905453e-01  1.15000000e+00 -8.84875621e-02 
 1.14150000e-07  1.14150000e-07  8.54892905e-01  1.15000000e+00 -8.82674310e-02 
 1.14250000e-07  1.14250000e-07  8.54879584e-01  1.15000000e+00 -8.80333810e-02 
 1.14350000e-07  1.14350000e-07  8.54865493e-01  1.15000000e+00 -8.77854485e-02 
 1.14450000e-07  1.14450000e-07  8.54850633e-01  1.15000000e+00 -8.75236721e-02 
 1.14550000e-07  1.14550000e-07  8.54835007e-01  1.15000000e+00 -8.72480925e-02 
 1.14650000e-07  1.14650000e-07  8.54818618e-01  1.15000000e+00 -8.69587528e-02 
 1.14750000e-07  1.14750000e-07  8.54801468e-01  1.15000000e+00 -8.66556978e-02 
 1.14850000e-07  1.14850000e-07  8.54783560e-01  1.15000000e+00 -8.63389749e-02 
 1.14950000e-07  1.14950000e-07  8.54764897e-01  1.15000000e+00 -8.60086334e-02 
 1.15050000e-07  1.15050000e-07  8.54745481e-01  1.15000000e+00 -8.56647247e-02 
 1.15150000e-07  1.15150000e-07  8.54725315e-01  1.15000000e+00 -8.53073024e-02 
 1.15250000e-07  1.15250000e-07  8.54704404e-01  1.15000000e+00 -8.49364223e-02 
 1.15350000e-07  1.15350000e-07  8.54682749e-01  1.15000000e+00 -8.45521421e-02 
 1.15450000e-07  1.15450000e-07  8.54660356e-01  1.15000000e+00 -8.41545217e-02 
 1.15550000e-07  1.15550000e-07  8.54637226e-01  1.15000000e+00 -8.37436231e-02 
 1.15650000e-07  1.15650000e-07  8.54613364e-01  1.15000000e+00 -8.33195105e-02 
 1.15750000e-07  1.15750000e-07  8.54588773e-01  1.15000000e+00 -8.28822499e-02 
 1.15850000e-07  1.15850000e-07  8.54563458e-01  1.15000000e+00 -8.24319096e-02 
 1.15950000e-07  1.15950000e-07  8.54537422e-01  1.15000000e+00 -8.19685599e-02 
 1.16050000e-07  1.16050000e-07  8.54510670e-01  1.15000000e+00 -8.14922730e-02 
 1.16150000e-07  1.16150000e-07  8.54483205e-01  1.15000000e+00 -8.10031232e-02 
 1.16250000e-07  1.16250000e-07  8.54455033e-01  1.15000000e+00 -8.05011871e-02 
 1.16350000e-07  1.16350000e-07  8.54426157e-01  1.15000000e+00 -7.99865429e-02 
 1.16450000e-07  1.16450000e-07  8.54396582e-01  1.15000000e+00 -7.94592710e-02 
 1.16550000e-07  1.16550000e-07  8.54366312e-01  1.15000000e+00 -7.89194539e-02 
 1.16650000e-07  1.16650000e-07  8.54335354e-01  1.15000000e+00 -7.83671757e-02 
 1.16750000e-07  1.16750000e-07  8.54303710e-01  1.15000000e+00 -7.78025229e-02 
 1.16850000e-07  1.16850000e-07  8.54271387e-01  1.15000000e+00 -7.72255838e-02 
 1.16950000e-07  1.16950000e-07  8.54238390e-01  1.15000000e+00 -7.66364485e-02 
 1.17050000e-07  1.17050000e-07  8.54204723e-01  1.15000000e+00 -7.60352091e-02 
 1.17150000e-07  1.17150000e-07  8.54170392e-01  1.15000000e+00 -7.54219598e-02 
 1.17250000e-07  1.17250000e-07  8.54135403e-01  1.15000000e+00 -7.47967964e-02 
 1.17350000e-07  1.17350000e-07  8.54099761e-01  1.15000000e+00 -7.41598169e-02 
 1.17450000e-07  1.17450000e-07  8.54063471e-01  1.15000000e+00 -7.35111208e-02 
 1.17550000e-07  1.17550000e-07  8.54026539e-01  1.15000000e+00 -7.28508099e-02 
 1.17650000e-07  1.17650000e-07  8.53988972e-01  1.15000000e+00 -7.21789874e-02 
 1.17750000e-07  1.17750000e-07  8.53950775e-01  1.15000000e+00 -7.14957587e-02 
 1.17850000e-07  1.17850000e-07  8.53911954e-01  1.15000000e+00 -7.08012308e-02 
 1.17950000e-07  1.17950000e-07  8.53872515e-01  1.15000000e+00 -7.00955126e-02 
 1.18050000e-07  1.18050000e-07  8.53832465e-01  1.15000000e+00 -6.93787147e-02 
 1.18150000e-07  1.18150000e-07  8.53791810e-01  1.15000000e+00 -6.86509494e-02 
 1.18250000e-07  1.18250000e-07  8.53750555e-01  1.15000000e+00 -6.79123310e-02 
 1.18350000e-07  1.18350000e-07  8.53708709e-01  1.15000000e+00 -6.71629753e-02 
 1.18450000e-07  1.18450000e-07  8.53666277e-01  1.15000000e+00 -6.64029998e-02 
 1.18550000e-07  1.18550000e-07  8.53623266e-01  1.15000000e+00 -6.56325240e-02 
 1.18650000e-07  1.18650000e-07  8.53579682e-01  1.15000000e+00 -6.48516688e-02 
 1.18750000e-07  1.18750000e-07  8.53535534e-01  1.15000000e+00 -6.40605567e-02 
 1.18850000e-07  1.18850000e-07  8.53490827e-01  1.15000000e+00 -6.32593121e-02 
 1.18950000e-07  1.18950000e-07  8.53445569e-01  1.15000000e+00 -6.24480609e-02 
 1.19050000e-07  1.19050000e-07  8.53399767e-01  1.15000000e+00 -6.16269305e-02 
 1.19150000e-07  1.19150000e-07  8.53353428e-01  1.15000000e+00 -6.07960501e-02 
 1.19250000e-07  1.19250000e-07  8.53306559e-01  1.15000000e+00 -5.99555503e-02 
 1.19350000e-07  1.19350000e-07  8.53259169e-01  1.15000000e+00 -5.91055633e-02 
 1.19450000e-07  1.19450000e-07  8.53211263e-01  1.15000000e+00 -5.82462228e-02 
 1.19550000e-07  1.19550000e-07  8.53162851e-01  1.15000000e+00 -5.73776640e-02 
 1.19650000e-07  1.19650000e-07  8.53113939e-01  1.15000000e+00 -5.65000237e-02 
 1.19750000e-07  1.19750000e-07  8.53064535e-01  1.15000000e+00 -5.56134400e-02 
 1.19850000e-07  1.19850000e-07  8.53014648e-01  1.15000000e+00 -5.47180526e-02 
 1.19950000e-07  1.19950000e-07  8.52964284e-01  1.15000000e+00 -5.38139942e-02 
 1.20050000e-07  1.20050000e-07  8.52913452e-01  1.15000000e+00 -5.29014170e-02 
 1.20150000e-07  1.20150000e-07  8.52862161e-01  1.15000000e+00 -5.19804720e-02 
 1.20250000e-07  1.20250000e-07  8.52810417e-01  1.15000000e+00 -5.10512936e-02 
 1.20350000e-07  1.20350000e-07  8.52758229e-01  1.15000000e+00 -5.01140307e-02 
 1.20450000e-07  1.20450000e-07  8.52705606e-01  1.15000000e+00 -4.91688311e-02 
 1.20550000e-07  1.20550000e-07  8.52652556e-01  1.15000000e+00 -4.82158434e-02 
 1.20650000e-07  1.20650000e-07  8.52599087e-01  1.15000000e+00 -4.72552184e-02 
 1.20750000e-07  1.20750000e-07  8.52545207e-01  1.15000000e+00 -4.62871074e-02 
 1.20850000e-07  1.20850000e-07  8.52490926e-01  1.15000000e+00 -4.53116635e-02 
 1.20950000e-07  1.20950000e-07  8.52436251e-01  1.15000000e+00 -4.43290405e-02 
 1.21050000e-07  1.21050000e-07  8.52381191e-01  1.15000000e+00 -4.33393936e-02 
 1.21150000e-07  1.21150000e-07  8.52325755e-01  1.15000000e+00 -4.23428792e-02 
 1.21250000e-07  1.21250000e-07  8.52269952e-01  1.15000000e+00 -4.13396548e-02 
 1.21350000e-07  1.21350000e-07  8.52213791e-01  1.15000000e+00 -4.03298787e-02 
 1.21450000e-07  1.21450000e-07  8.52157280e-01  1.15000000e+00 -3.93137107e-02 
 1.21550000e-07  1.21550000e-07  8.52100429e-01  1.15000000e+00 -3.82913114e-02 
 1.21650000e-07  1.21650000e-07  8.52043245e-01  1.15000000e+00 -3.72628425e-02 
 1.21750000e-07  1.21750000e-07  8.51985739e-01  1.15000000e+00 -3.62284665e-02 
 1.21850000e-07  1.21850000e-07  8.51927920e-01  1.15000000e+00 -3.51883472e-02 
 1.21950000e-07  1.21950000e-07  8.51869796e-01  1.15000000e+00 -3.41426490e-02 
 1.22050000e-07  1.22050000e-07  8.51811377e-01  1.15000000e+00 -3.30915375e-02 
 1.22150000e-07  1.22150000e-07  8.51752672e-01  1.15000000e+00 -3.20351790e-02 
 1.22250000e-07  1.22250000e-07  8.51693690e-01  1.15000000e+00 -3.09737407e-02 
 1.22350000e-07  1.22350000e-07  8.51634440e-01  1.15000000e+00 -2.99073907e-02 
 1.22450000e-07  1.22450000e-07  8.51574933e-01  1.15000000e+00 -2.88362977e-02 
 1.22550000e-07  1.22550000e-07  8.51515176e-01  1.15000000e+00 -2.77606315e-02 
 1.22650000e-07  1.22650000e-07  8.51455181e-01  1.15000000e+00 -2.66805624e-02 
 1.22750000e-07  1.22750000e-07  8.51394956e-01  1.15000000e+00 -2.55962616e-02 
 1.22850000e-07  1.22850000e-07  8.51334510e-01  1.15000000e+00 -2.45079007e-02 
 1.22950000e-07  1.22950000e-07  8.51273854e-01  1.15000000e+00 -2.34156523e-02 
 1.23050000e-07  1.23050000e-07  8.51212996e-01  1.15000000e+00 -2.23196895e-02 
 1.23150000e-07  1.23150000e-07  8.51151947e-01  1.15000000e+00 -2.12201860e-02 
 1.23250000e-07  1.23250000e-07  8.51090716e-01  1.15000000e+00 -2.01173161e-02 
 1.23350000e-07  1.23350000e-07  8.51029313e-01  1.15000000e+00 -1.90112546e-02 
 1.23450000e-07  1.23450000e-07  8.50967747e-01  1.15000000e+00 -1.79021769e-02 
 1.23550000e-07  1.23550000e-07  8.50906029e-01  1.15000000e+00 -1.67902588e-02 
 1.23650000e-07  1.23650000e-07  8.50844167e-01  1.15000000e+00 -1.56756768e-02 
 1.23750000e-07  1.23750000e-07  8.50782172e-01  1.15000000e+00 -1.45586075e-02 
 1.23850000e-07  1.23850000e-07  8.50720054e-01  1.15000000e+00 -1.34392282e-02 
 1.23950000e-07  1.23950000e-07  8.50657822e-01  1.15000000e+00 -1.23177164e-02 
 1.24050000e-07  1.24050000e-07  8.50595486e-01  1.15000000e+00 -1.11942501e-02 
 1.24150000e-07  1.24150000e-07  8.50533056e-01  1.15000000e+00 -1.00690075e-02 
 1.24250000e-07  1.24250000e-07  8.50470542e-01  1.15000000e+00 -8.94216702e-03 
 1.24350000e-07  1.24350000e-07  8.50407953e-01  1.15000000e+00 -7.81390759e-03 
 1.24450000e-07  1.24450000e-07  8.50345300e-01  1.15000000e+00 -6.68440819e-03 
 1.24550000e-07  1.24550000e-07  8.50282593e-01  1.15000000e+00 -5.55384805e-03 
 1.24650000e-07  1.24650000e-07  8.50219841e-01  1.15000000e+00 -4.42240659e-03 
 1.24750000e-07  1.24750000e-07  8.50157054e-01  1.15000000e+00 -3.29026335e-03 
 1.24850000e-07  1.24850000e-07  8.50094242e-01  1.15000000e+00 -2.15759801e-03 
 1.24950000e-07  1.24950000e-07  8.50031416e-01  1.15000000e+00 -1.02459031e-03 
 1.25050000e-07  1.25050000e-07  8.49968584e-01  1.15000000e+00  1.08579928e-04 
 1.25150000e-07  1.25150000e-07  8.49905758e-01  1.15000000e+00  1.24173287e-03 
 1.25250000e-07  1.25250000e-07  8.49842946e-01  1.15000000e+00  2.37468868e-03 
 1.25350000e-07  1.25350000e-07  8.49780159e-01  1.15000000e+00  3.50726756e-03 
 1.25425000e-07  1.25425000e-07  8.49733092e-01  1.15000000e+00  4.35634906e-03 
 1.25500000e-07  1.25500000e-07  8.49686047e-01  1.15000000e+00  5.20503870e-03 
 1.25510000e-07  1.25510000e-07  8.49679777e-01  1.13800000e+00  5.30597300e-03 
 1.25530000e-07  1.25530000e-07  8.49667237e-01  1.11400000e+00  5.51317520e-03 
 1.25570000e-07  1.25570000e-07  8.49642165e-01  1.06600000e+00  5.89829055e-03 
 1.25650000e-07  1.25650000e-07  8.49592047e-01  9.70000000e-01  5.04413421e-03 
 1.25750000e-07  1.25750000e-07  8.49529458e-01  8.50000000e-01  1.24723199e-03 
 1.25850000e-07  1.25850000e-07  8.49466944e-01  7.30000000e-01 -2.61069714e-03 
 1.25925000e-07  1.25925000e-07  8.49420113e-01  6.40000000e-01 -7.07017571e-03 
 1.26000000e-07  1.26000000e-07  8.49373334e-01  5.50000000e-01 -1.11956763e-02 
 1.26010000e-07  1.26010000e-07  8.49367101e-01  5.50000000e-01 -1.12829100e-02 
 1.26030000e-07  1.26030000e-07  8.49354637e-01  5.50000000e-01 -1.13844095e-02 
 1.26070000e-07  1.26070000e-07  8.49329723e-01  5.50000000e-01 -1.16475328e-02 
 1.26150000e-07  1.26150000e-07  8.49279946e-01  5.50000000e-01 -1.25374908e-02 
 1.26250000e-07  1.26250000e-07  8.49217828e-01  5.50000000e-01 -1.36490994e-02 
 1.26350000e-07  1.26350000e-07  8.49155833e-01  5.50000000e-01 -1.47764857e-02 
 1.26450000e-07  1.26450000e-07  8.49093971e-01  5.50000000e-01 -1.58869445e-02 
 1.26550000e-07  1.26550000e-07  8.49032253e-01  5.50000000e-01 -1.70052283e-02 
 1.26650000e-07  1.26650000e-07  8.48970687e-01  5.50000000e-01 -1.81138336e-02 
 1.26750000e-07  1.26750000e-07  8.48909284e-01  5.50000000e-01 -1.92241447e-02 
 1.26850000e-07  1.26850000e-07  8.48848053e-01  5.50000000e-01 -2.03284691e-02 
 1.26950000e-07  1.26950000e-07  8.48787004e-01  5.50000000e-01 -2.14314034e-02 
 1.27050000e-07  1.27050000e-07  8.48726146e-01  5.50000000e-01 -2.25298299e-02 
 1.27150000e-07  1.27150000e-07  8.48665490e-01  5.50000000e-01 -2.36253173e-02 
 1.27250000e-07  1.27250000e-07  8.48605044e-01  5.50000000e-01 -2.47167202e-02 
 1.27350000e-07  1.27350000e-07  8.48544819e-01  5.50000000e-01 -2.58043495e-02 
 1.27450000e-07  1.27450000e-07  8.48484824e-01  5.50000000e-01 -2.68878469e-02 
 1.27550000e-07  1.27550000e-07  8.48425067e-01  5.50000000e-01 -2.79670613e-02 
 1.27650000e-07  1.27650000e-07  8.48365560e-01  5.50000000e-01 -2.90418969e-02 
 1.27750000e-07  1.27750000e-07  8.48306310e-01  5.50000000e-01 -3.01120502e-02 
 1.27850000e-07  1.27850000e-07  8.48247328e-01  5.50000000e-01 -3.11775107e-02 
 1.27950000e-07  1.27950000e-07  8.48188623e-01  5.50000000e-01 -3.22379466e-02 
 1.28050000e-07  1.28050000e-07  8.48130204e-01  5.50000000e-01 -3.32933446e-02 
 1.28150000e-07  1.28150000e-07  8.48072080e-01  5.50000000e-01 -3.43433981e-02 
 1.28250000e-07  1.28250000e-07  8.48014261e-01  5.50000000e-01 -3.53880628e-02 
 1.28350000e-07  1.28350000e-07  8.47956755e-01  5.50000000e-01 -3.64270695e-02 
 1.28450000e-07  1.28450000e-07  8.47899571e-01  5.50000000e-01 -3.74603409e-02 
 1.28550000e-07  1.28550000e-07  8.47842720e-01  5.50000000e-01 -3.84876414e-02 
 1.28650000e-07  1.28650000e-07  8.47786209e-01  5.50000000e-01 -3.95088678e-02 
 1.28750000e-07  1.28750000e-07  8.47730048e-01  5.50000000e-01 -4.05238106e-02 
 1.28850000e-07  1.28850000e-07  8.47674245e-01  5.50000000e-01 -4.15323479e-02 
 1.28950000e-07  1.28950000e-07  8.47618809e-01  5.50000000e-01 -4.25342894e-02 
 1.29050000e-07  1.29050000e-07  8.47563749e-01  5.50000000e-01 -4.35295016e-02 
 1.29150000e-07  1.29150000e-07  8.47509074e-01  5.50000000e-01 -4.45178075e-02 
 1.29250000e-07  1.29250000e-07  8.47454793e-01  5.50000000e-01 -4.54990665e-02 
 1.29350000e-07  1.29350000e-07  8.47400913e-01  5.50000000e-01 -4.64731116e-02 
 1.29450000e-07  1.29450000e-07  8.47347444e-01  5.50000000e-01 -4.74397985e-02 
 1.29550000e-07  1.29550000e-07  8.47294394e-01  5.50000000e-01 -4.83989671e-02 
 1.29650000e-07  1.29650000e-07  8.47241771e-01  5.50000000e-01 -4.93504719e-02 
 1.29750000e-07  1.29750000e-07  8.47189583e-01  5.50000000e-01 -5.02941583e-02 
 1.29850000e-07  1.29850000e-07  8.47137839e-01  5.50000000e-01 -5.12298808e-02 
 1.29950000e-07  1.29950000e-07  8.47086548e-01  5.50000000e-01 -5.21574893e-02 
 1.30050000e-07  1.30050000e-07  8.47035716e-01  5.50000000e-01 -5.30768396e-02 
 1.30150000e-07  1.30150000e-07  8.46985352e-01  5.50000000e-01 -5.39877852e-02 
 1.30250000e-07  1.30250000e-07  8.46935465e-01  5.50000000e-01 -5.48901837e-02 
 1.30350000e-07  1.30350000e-07  8.46886061e-01  5.50000000e-01 -5.57839003e-02 
 1.30450000e-07  1.30450000e-07  8.46837149e-01  5.50000000e-01 -5.66687852e-02 
 1.30550000e-07  1.30550000e-07  8.46788737e-01  5.50000000e-01 -5.75446915e-02 
 1.30650000e-07  1.30650000e-07  8.46740831e-01  5.50000000e-01 -5.84114921e-02 
 1.30750000e-07  1.30750000e-07  8.46693441e-01  5.50000000e-01 -5.92690483e-02 
 1.30850000e-07  1.30850000e-07  8.46646572e-01  5.50000000e-01 -6.01172251e-02 
 1.30950000e-07  1.30950000e-07  8.46600233e-01  5.50000000e-01 -6.09558896e-02 
 1.31050000e-07  1.31050000e-07  8.46554431e-01  5.50000000e-01 -6.17849095e-02 
 1.31150000e-07  1.31150000e-07  8.46509173e-01  5.50000000e-01 -6.26041547e-02 
 1.31250000e-07  1.31250000e-07  8.46464466e-01  5.50000000e-01 -6.34134962e-02 
 1.31350000e-07  1.31350000e-07  8.46420318e-01  5.50000000e-01 -6.42128069e-02 
 1.31450000e-07  1.31450000e-07  8.46376734e-01  5.50000000e-01 -6.50019613e-02 
 1.31550000e-07  1.31550000e-07  8.46333723e-01  5.50000000e-01 -6.57808354e-02 
 1.31650000e-07  1.31650000e-07  8.46291291e-01  5.50000000e-01 -6.65493069e-02 
 1.31750000e-07  1.31750000e-07  8.46249445e-01  5.50000000e-01 -6.73072551e-02 
 1.31850000e-07  1.31850000e-07  8.46208190e-01  5.50000000e-01 -6.80545610e-02 
 1.31950000e-07  1.31950000e-07  8.46167535e-01  5.50000000e-01 -6.87911075e-02 
 1.32050000e-07  1.32050000e-07  8.46127485e-01  5.50000000e-01 -6.95167789e-02 
 1.32150000e-07  1.32150000e-07  8.46088046e-01  5.50000000e-01 -7.02314615e-02 
 1.32250000e-07  1.32250000e-07  8.46049225e-01  5.50000000e-01 -7.09350431e-02 
 1.32350000e-07  1.32350000e-07  8.46011028e-01  5.50000000e-01 -7.16274136e-02 
 1.32450000e-07  1.32450000e-07  8.45973461e-01  5.50000000e-01 -7.23084643e-02 
 1.32550000e-07  1.32550000e-07  8.45936529e-01  5.50000000e-01 -7.29780886e-02 
 1.32650000e-07  1.32650000e-07  8.45900239e-01  5.50000000e-01 -7.36361816e-02 
 1.32750000e-07  1.32750000e-07  8.45864597e-01  5.50000000e-01 -7.42826403e-02 
 1.32850000e-07  1.32850000e-07  8.45829608e-01  5.50000000e-01 -7.49173633e-02 
 1.32950000e-07  1.32950000e-07  8.45795277e-01  5.50000000e-01 -7.55402514e-02 
 1.33050000e-07  1.33050000e-07  8.45761610e-01  5.50000000e-01 -7.61512071e-02 
 1.33150000e-07  1.33150000e-07  8.45728613e-01  5.50000000e-01 -7.67501348e-02 
 1.33250000e-07  1.33250000e-07  8.45696290e-01  5.50000000e-01 -7.73369409e-02 
 1.33350000e-07  1.33350000e-07  8.45664646e-01  5.50000000e-01 -7.79115334e-02 
 1.33450000e-07  1.33450000e-07  8.45633688e-01  5.50000000e-01 -7.84738227e-02 
 1.33550000e-07  1.33550000e-07  8.45603418e-01  5.50000000e-01 -7.90237208e-02 
 1.33650000e-07  1.33650000e-07  8.45573843e-01  5.50000000e-01 -7.95611417e-02 
 1.33750000e-07  1.33750000e-07  8.45544967e-01  5.50000000e-01 -8.00860016e-02 
 1.33850000e-07  1.33850000e-07  8.45516795e-01  5.50000000e-01 -8.05982184e-02 
 1.33950000e-07  1.33950000e-07  8.45489330e-01  5.50000000e-01 -8.10977121e-02 
 1.34050000e-07  1.34050000e-07  8.45462578e-01  5.50000000e-01 -8.15844047e-02 
 1.34150000e-07  1.34150000e-07  8.45436542e-01  5.50000000e-01 -8.20582203e-02 
 1.34250000e-07  1.34250000e-07  8.45411227e-01  5.50000000e-01 -8.25190848e-02 
 1.34350000e-07  1.34350000e-07  8.45386636e-01  5.50000000e-01 -8.29669264e-02 
 1.34450000e-07  1.34450000e-07  8.45362774e-01  5.50000000e-01 -8.34016752e-02 
 1.34550000e-07  1.34550000e-07  8.45339644e-01  5.50000000e-01 -8.38232634e-02 
 1.34650000e-07  1.34650000e-07  8.45317251e-01  5.50000000e-01 -8.42316251e-02 
 1.34750000e-07  1.34750000e-07  8.45295596e-01  5.50000000e-01 -8.46266968e-02 
 1.34850000e-07  1.34850000e-07  8.45274685e-01  5.50000000e-01 -8.50084168e-02 
 1.34950000e-07  1.34950000e-07  8.45254519e-01  5.50000000e-01 -8.53767256e-02 
 1.35050000e-07  1.35050000e-07  8.45235103e-01  5.50000000e-01 -8.57315659e-02 
 1.35150000e-07  1.35150000e-07  8.45216440e-01  5.50000000e-01 -8.60728822e-02 
 1.35250000e-07  1.35250000e-07  8.45198532e-01  5.50000000e-01 -8.64006215e-02 
 1.35350000e-07  1.35350000e-07  8.45181382e-01  5.50000000e-01 -8.67147326e-02 
 1.35450000e-07  1.35450000e-07  8.45164993e-01  5.50000000e-01 -8.70151667e-02 
 1.35550000e-07  1.35550000e-07  8.45149367e-01  5.50000000e-01 -8.73018769e-02 
 1.35650000e-07  1.35650000e-07  8.45134507e-01  5.50000000e-01 -8.75748185e-02 
 1.35750000e-07  1.35750000e-07  8.45120416e-01  5.50000000e-01 -8.78339492e-02 
 1.35850000e-07  1.35850000e-07  8.45107095e-01  5.50000000e-01 -8.80792285e-02 
 1.35950000e-07  1.35950000e-07  8.45094547e-01  5.50000000e-01 -8.83106182e-02 
 1.36050000e-07  1.36050000e-07  8.45082774e-01  5.50000000e-01 -8.85280824e-02 
 1.36150000e-07  1.36150000e-07  8.45071777e-01  5.50000000e-01 -8.87315871e-02 
 1.36250000e-07  1.36250000e-07  8.45061558e-01  5.50000000e-01 -8.89211008e-02 
 1.36350000e-07  1.36350000e-07  8.45052119e-01  5.50000000e-01 -8.90965939e-02 
 1.36450000e-07  1.36450000e-07  8.45043462e-01  5.50000000e-01 -8.92580390e-02 
 1.36550000e-07  1.36550000e-07  8.45035587e-01  5.50000000e-01 -8.94054112e-02 
 1.36650000e-07  1.36650000e-07  8.45028496e-01  5.50000000e-01 -8.95386874e-02 
 1.36750000e-07  1.36750000e-07  8.45022190e-01  5.50000000e-01 -8.96578469e-02 
 1.36850000e-07  1.36850000e-07  8.45016670e-01  5.50000000e-01 -8.97628712e-02 
 1.36950000e-07  1.36950000e-07  8.45011937e-01  5.50000000e-01 -8.98537439e-02 
 1.37050000e-07  1.37050000e-07  8.45007992e-01  5.50000000e-01 -8.99304509e-02 
 1.37150000e-07  1.37150000e-07  8.45004835e-01  5.50000000e-01 -8.99929803e-02 
 1.37250000e-07  1.37250000e-07  8.45002467e-01  5.50000000e-01 -9.00413223e-02 
 1.37350000e-07  1.37350000e-07  8.45000888e-01  5.50000000e-01 -9.00754695e-02 
 1.37450000e-07  1.37450000e-07  8.45000099e-01  5.50000000e-01 -9.00954164e-02 
 1.37550000e-07  1.37550000e-07  8.45000099e-01  5.50000000e-01 -9.01011600e-02 
 1.37650000e-07  1.37650000e-07  8.45000888e-01  5.50000000e-01 -9.00926995e-02 
 1.37750000e-07  1.37750000e-07  8.45002467e-01  5.50000000e-01 -9.00700360e-02 
 1.37850000e-07  1.37850000e-07  8.45004835e-01  5.50000000e-01 -9.00331732e-02 
 1.37950000e-07  1.37950000e-07  8.45007992e-01  5.50000000e-01 -8.99821168e-02 
 1.38050000e-07  1.38050000e-07  8.45011937e-01  5.50000000e-01 -8.99168746e-02 
 1.38150000e-07  1.38150000e-07  8.45016670e-01  5.50000000e-01 -8.98374569e-02 
 1.38250000e-07  1.38250000e-07  8.45022190e-01  5.50000000e-01 -8.97438761e-02 
 1.38350000e-07  1.38350000e-07  8.45028496e-01  5.50000000e-01 -8.96361465e-02 
 1.38450000e-07  1.38450000e-07  8.45035587e-01  5.50000000e-01 -8.95142851e-02 
 1.38550000e-07  1.38550000e-07  8.45043462e-01  5.50000000e-01 -8.93783108e-02 
 1.38650000e-07  1.38650000e-07  8.45052119e-01  5.50000000e-01 -8.92282446e-02 
 1.38750000e-07  1.38750000e-07  8.45061558e-01  5.50000000e-01 -8.90641101e-02 
 1.38850000e-07  1.38850000e-07  8.45071777e-01  5.50000000e-01 -8.88859326e-02 
 1.38950000e-07  1.38950000e-07  8.45082774e-01  5.50000000e-01 -8.86937400e-02 
 1.39050000e-07  1.39050000e-07  8.45094547e-01  5.50000000e-01 -8.84875621e-02 
 1.39150000e-07  1.39150000e-07  8.45107095e-01  5.50000000e-01 -8.82674310e-02 
 1.39250000e-07  1.39250000e-07  8.45120416e-01  5.50000000e-01 -8.80333810e-02 
 1.39350000e-07  1.39350000e-07  8.45134507e-01  5.50000000e-01 -8.77854485e-02 
 1.39450000e-07  1.39450000e-07  8.45149367e-01  5.50000000e-01 -8.75236721e-02 
 1.39550000e-07  1.39550000e-07  8.45164993e-01  5.50000000e-01 -8.72480925e-02 
 1.39650000e-07  1.39650000e-07  8.45181382e-01  5.50000000e-01 -8.69587528e-02 
 1.39750000e-07  1.39750000e-07  8.45198532e-01  5.50000000e-01 -8.66556978e-02 
 1.39850000e-07  1.39850000e-07  8.45216440e-01  5.50000000e-01 -8.63389749e-02 
 1.39950000e-07  1.39950000e-07  8.45235103e-01  5.50000000e-01 -8.60086334e-02 
 1.40050000e-07  1.40050000e-07  8.45254519e-01  5.50000000e-01 -8.56647247e-02 
 1.40150000e-07  1.40150000e-07  8.45274685e-01  5.50000000e-01 -8.53073024e-02 
 1.40250000e-07  1.40250000e-07  8.45295596e-01  5.50000000e-01 -8.49364223e-02 
 1.40350000e-07  1.40350000e-07  8.45317251e-01  5.50000000e-01 -8.45521421e-02 
 1.40450000e-07  1.40450000e-07  8.45339644e-01  5.50000000e-01 -8.41545217e-02 
 1.40550000e-07  1.40550000e-07  8.45362774e-01  5.50000000e-01 -8.37436231e-02 
 1.40650000e-07  1.40650000e-07  8.45386636e-01  5.50000000e-01 -8.33195105e-02 
 1.40750000e-07  1.40750000e-07  8.45411227e-01  5.50000000e-01 -8.28822499e-02 
 1.40850000e-07  1.40850000e-07  8.45436542e-01  5.50000000e-01 -8.24319096e-02 
 1.40950000e-07  1.40950000e-07  8.45462578e-01  5.50000000e-01 -8.19685599e-02 
 1.41050000e-07  1.41050000e-07  8.45489330e-01  5.50000000e-01 -8.14922730e-02 
 1.41150000e-07  1.41150000e-07  8.45516795e-01  5.50000000e-01 -8.10031232e-02 
 1.41250000e-07  1.41250000e-07  8.45544967e-01  5.50000000e-01 -8.05011871e-02 
 1.41350000e-07  1.41350000e-07  8.45573843e-01  5.50000000e-01 -7.99865429e-02 
 1.41450000e-07  1.41450000e-07  8.45603418e-01  5.50000000e-01 -7.94592710e-02 
 1.41550000e-07  1.41550000e-07  8.45633688e-01  5.50000000e-01 -7.89194539e-02 
 1.41650000e-07  1.41650000e-07  8.45664646e-01  5.50000000e-01 -7.83671757e-02 
 1.41750000e-07  1.41750000e-07  8.45696290e-01  5.50000000e-01 -7.78025229e-02 
 1.41850000e-07  1.41850000e-07  8.45728613e-01  5.50000000e-01 -7.72255838e-02 
 1.41950000e-07  1.41950000e-07  8.45761610e-01  5.50000000e-01 -7.66364485e-02 
 1.42050000e-07  1.42050000e-07  8.45795277e-01  5.50000000e-01 -7.60352091e-02 
 1.42150000e-07  1.42150000e-07  8.45829608e-01  5.50000000e-01 -7.54219598e-02 
 1.42250000e-07  1.42250000e-07  8.45864597e-01  5.50000000e-01 -7.47967964e-02 
 1.42350000e-07  1.42350000e-07  8.45900239e-01  5.50000000e-01 -7.41598169e-02 
 1.42450000e-07  1.42450000e-07  8.45936529e-01  5.50000000e-01 -7.35111208e-02 
 1.42550000e-07  1.42550000e-07  8.45973461e-01  5.50000000e-01 -7.28508099e-02 
 1.42650000e-07  1.42650000e-07  8.46011028e-01  5.50000000e-01 -7.21789874e-02 
 1.42750000e-07  1.42750000e-07  8.46049225e-01  5.50000000e-01 -7.14957587e-02 
 1.42850000e-07  1.42850000e-07  8.46088046e-01  5.50000000e-01 -7.08012308e-02 
 1.42950000e-07  1.42950000e-07  8.46127485e-01  5.50000000e-01 -7.00955126e-02 
 1.43050000e-07  1.43050000e-07  8.46167535e-01  5.50000000e-01 -6.93787147e-02 
 1.43150000e-07  1.43150000e-07  8.46208190e-01  5.50000000e-01 -6.86509494e-02 
 1.43250000e-07  1.43250000e-07  8.46249445e-01  5.50000000e-01 -6.79123310e-02 
 1.43350000e-07  1.43350000e-07  8.46291291e-01  5.50000000e-01 -6.71629753e-02 
 1.43450000e-07  1.43450000e-07  8.46333723e-01  5.50000000e-01 -6.64029998e-02 
 1.43550000e-07  1.43550000e-07  8.46376734e-01  5.50000000e-01 -6.56325240e-02 
 1.43650000e-07  1.43650000e-07  8.46420318e-01  5.50000000e-01 -6.48516688e-02 
 1.43750000e-07  1.43750000e-07  8.46464466e-01  5.50000000e-01 -6.40605567e-02 
 1.43850000e-07  1.43850000e-07  8.46509173e-01  5.50000000e-01 -6.32593121e-02 
 1.43950000e-07  1.43950000e-07  8.46554431e-01  5.50000000e-01 -6.24480609e-02 
 1.44050000e-07  1.44050000e-07  8.46600233e-01  5.50000000e-01 -6.16269305e-02 
 1.44150000e-07  1.44150000e-07  8.46646572e-01  5.50000000e-01 -6.07960501e-02 
 1.44250000e-07  1.44250000e-07  8.46693441e-01  5.50000000e-01 -5.99555503e-02 
 1.44350000e-07  1.44350000e-07  8.46740831e-01  5.50000000e-01 -5.91055633e-02 
 1.44450000e-07  1.44450000e-07  8.46788737e-01  5.50000000e-01 -5.82462228e-02 
 1.44550000e-07  1.44550000e-07  8.46837149e-01  5.50000000e-01 -5.73776640e-02 
 1.44650000e-07  1.44650000e-07  8.46886061e-01  5.50000000e-01 -5.65000237e-02 
 1.44750000e-07  1.44750000e-07  8.46935465e-01  5.50000000e-01 -5.56134400e-02 
 1.44850000e-07  1.44850000e-07  8.46985352e-01  5.50000000e-01 -5.47180526e-02 
 1.44950000e-07  1.44950000e-07  8.47035716e-01  5.50000000e-01 -5.38139942e-02 
 1.45050000e-07  1.45050000e-07  8.47086548e-01  5.50000000e-01 -5.29014170e-02 
 1.45150000e-07  1.45150000e-07  8.47137839e-01  5.50000000e-01 -5.19804720e-02 
 1.45250000e-07  1.45250000e-07  8.47189583e-01  5.50000000e-01 -5.10512936e-02 
 1.45350000e-07  1.45350000e-07  8.47241771e-01  5.50000000e-01 -5.01140307e-02 
 1.45450000e-07  1.45450000e-07  8.47294394e-01  5.50000000e-01 -4.91688311e-02 
 1.45550000e-07  1.45550000e-07  8.47347444e-01  5.50000000e-01 -4.82158434e-02 
 1.45650000e-07  1.45650000e-07  8.47400913e-01  5.50000000e-01 -4.72552184e-02 
 1.45750000e-07  1.45750000e-07  8.47454793e-01  5.50000000e-01 -4.62871074e-02 
 1.45850000e-07  1.45850000e-07  8.47509074e-01  5.50000000e-01 -4.53116635e-02 
 1.45950000e-07  1.45950000e-07  8.47563749e-01  5.50000000e-01 -4.43290405e-02 
 1.46050000e-07  1.46050000e-07  8.47618809e-01  5.50000000e-01 -4.33393936e-02 
 1.46150000e-07  1.46150000e-07  8.47674245e-01  5.50000000e-01 -4.23428792e-02 
 1.46250000e-07  1.46250000e-07  8.47730048e-01  5.50000000e-01 -4.13396548e-02 
 1.46350000e-07  1.46350000e-07  8.47786209e-01  5.50000000e-01 -4.03298787e-02 
 1.46450000e-07  1.46450000e-07  8.47842720e-01  5.50000000e-01 -3.93137107e-02 
 1.46550000e-07  1.46550000e-07  8.47899571e-01  5.50000000e-01 -3.82913114e-02 
 1.46650000e-07  1.46650000e-07  8.47956755e-01  5.50000000e-01 -3.72628425e-02 
 1.46750000e-07  1.46750000e-07  8.48014261e-01  5.50000000e-01 -3.62284665e-02 
 1.46850000e-07  1.46850000e-07  8.48072080e-01  5.50000000e-01 -3.51883472e-02 
 1.46950000e-07  1.46950000e-07  8.48130204e-01  5.50000000e-01 -3.41426490e-02 
 1.47050000e-07  1.47050000e-07  8.48188623e-01  5.50000000e-01 -3.30915375e-02 
 1.47150000e-07  1.47150000e-07  8.48247328e-01  5.50000000e-01 -3.20351790e-02 
 1.47250000e-07  1.47250000e-07  8.48306310e-01  5.50000000e-01 -3.09737407e-02 
 1.47350000e-07  1.47350000e-07  8.48365560e-01  5.50000000e-01 -2.99073907e-02 
 1.47450000e-07  1.47450000e-07  8.48425067e-01  5.50000000e-01 -2.88362977e-02 
 1.47550000e-07  1.47550000e-07  8.48484824e-01  5.50000000e-01 -2.77606315e-02 
 1.47650000e-07  1.47650000e-07  8.48544819e-01  5.50000000e-01 -2.66805624e-02 
 1.47750000e-07  1.47750000e-07  8.48605044e-01  5.50000000e-01 -2.55962616e-02 
 1.47850000e-07  1.47850000e-07  8.48665490e-01  5.50000000e-01 -2.45079007e-02 
 1.47950000e-07  1.47950000e-07  8.48726146e-01  5.50000000e-01 -2.34156523e-02 
 1.48050000e-07  1.48050000e-07  8.48787004e-01  5.50000000e-01 -2.23196895e-02 
 1.48150000e-07  1.48150000e-07  8.48848053e-01  5.50000000e-01 -2.12201860e-02 
 1.48250000e-07  1.48250000e-07  8.48909284e-01  5.50000000e-01 -2.01173161e-02 
 1.48350000e-07  1.48350000e-07  8.48970687e-01  5.50000000e-01 -1.90112546e-02 
 1.48450000e-07  1.48450000e-07  8.49032253e-01  5.50000000e-01 -1.79021769e-02 
 1.48550000e-07  1.48550000e-07  8.49093971e-01  5.50000000e-01 -1.67902588e-02 
 1.48650000e-07  1.48650000e-07  8.49155833e-01  5.50000000e-01 -1.56756768e-02 
 1.48750000e-07  1.48750000e-07  8.49217828e-01  5.50000000e-01 -1.45586075e-02 
 1.48850000e-07  1.48850000e-07  8.49279946e-01  5.50000000e-01 -1.34392282e-02 
 1.48950000e-07  1.48950000e-07  8.49342178e-01  5.50000000e-01 -1.23177164e-02 
 1.49050000e-07  1.49050000e-07  8.49404514e-01  5.50000000e-01 -1.11942501e-02 
 1.49150000e-07  1.49150000e-07  8.49466944e-01  5.50000000e-01 -1.00690075e-02 
 1.49250000e-07  1.49250000e-07  8.49529458e-01  5.50000000e-01 -8.94216702e-03 
 1.49350000e-07  1.49350000e-07  8.49592047e-01  5.50000000e-01 -7.81390759e-03 
 1.49450000e-07  1.49450000e-07  8.49654700e-01  5.50000000e-01 -6.68440819e-03 
 1.49550000e-07  1.49550000e-07  8.49717407e-01  5.50000000e-01 -5.55384805e-03 
 1.49650000e-07  1.49650000e-07  8.49780159e-01  5.50000000e-01 -4.42240659e-03 
 1.49750000e-07  1.49750000e-07  8.49842946e-01  5.50000000e-01 -3.29026335e-03 
 1.49850000e-07  1.49850000e-07  8.49905758e-01  5.50000000e-01 -2.15759801e-03 
 1.49925000e-07  1.49925000e-07  8.49952877e-01  5.50000000e-01 -1.30786167e-03 
 1.50000000e-07  1.50000000e-07  8.50000000e-01  5.50000000e-01 -4.58011542e-04 
 1.50010000e-07  1.50010000e-07  8.50006283e-01  5.62000000e-01 -3.44674847e-04 
 1.50030000e-07  1.50030000e-07  8.50018850e-01  5.86000000e-01 -1.18987876e-04 
 1.50070000e-07  1.50070000e-07  8.50043982e-01  6.34000000e-01  3.23955965e-04 
 1.50150000e-07  1.50150000e-07  8.50094242e-01  7.30000000e-01  8.18339561e-04 
 1.50250000e-07  1.50250000e-07  8.50157054e-01  8.50000000e-01  3.13378355e-04 
 1.50350000e-07  1.50350000e-07  8.50219841e-01  9.70000000e-01 -1.00248574e-03 
 1.50425000e-07  1.50425000e-07  8.50266908e-01  1.06000000e+00 -3.11780702e-03 
 1.50500000e-07  1.50500000e-07  8.50313953e-01  1.15000000e+00 -5.34335879e-03 
 1.50510000e-07  1.50510000e-07  8.50320223e-01  1.15000000e+00 -5.45201061e-03 
 1.50530000e-07  1.50530000e-07  8.50332763e-01  1.15000000e+00 -5.62976468e-03 
 1.50570000e-07  1.50570000e-07  8.50357835e-01  1.15000000e+00 -6.00074324e-03 
 1.50650000e-07  1.50650000e-07  8.50407953e-01  1.15000000e+00 -6.90373338e-03 
 1.50750000e-07  1.50750000e-07  8.50470542e-01  1.15000000e+00 -8.02774164e-03 
 1.50850000e-07  1.50850000e-07  8.50533056e-01  1.15000000e+00 -9.16004590e-03 
 1.50950000e-07  1.50950000e-07  8.50595486e-01  1.15000000e+00 -1.02835061e-02 
 1.51050000e-07  1.51050000e-07  8.50657822e-01  1.15000000e+00 -1.14105417e-02 
 1.51150000e-07  1.51150000e-07  8.50720054e-01  1.15000000e+00 -1.25322277e-02 
 1.51250000e-07  1.51250000e-07  8.50782172e-01  1.15000000e+00 -1.36542711e-02 
 1.51350000e-07  1.51350000e-07  8.50844167e-01  1.15000000e+00 -1.47726302e-02 
 1.51450000e-07  1.51450000e-07  8.50906029e-01  1.15000000e+00 -1.58895971e-02 
 1.51550000e-07  1.51550000e-07  8.50967747e-01  1.15000000e+00 -1.70034713e-02 
 1.51650000e-07  1.51650000e-07  8.51029313e-01  1.15000000e+00 -1.81149673e-02 
 1.51750000e-07  1.51750000e-07  8.51090716e-01  1.15000000e+00 -1.92234301e-02 
 1.51850000e-07  1.51850000e-07  8.51151947e-01  1.15000000e+00 -2.03288986e-02 
 1.51950000e-07  1.51950000e-07  8.51212996e-01  1.15000000e+00 -2.14311417e-02 
 1.52050000e-07  1.52050000e-07  8.51273854e-01  1.15000000e+00 -2.25299565e-02 
 1.52150000e-07  1.52150000e-07  8.51334510e-01  1.15000000e+00 -2.36252486e-02 
 1.52250000e-07  1.52250000e-07  8.51394956e-01  1.15000000e+00 -2.47167296e-02 
 1.52350000e-07  1.52350000e-07  8.51455181e-01  1.15000000e+00 -2.58043565e-02 
 1.52450000e-07  1.52450000e-07  8.51515176e-01  1.15000000e+00 -2.68878260e-02 
 1.52550000e-07  1.52550000e-07  8.51574933e-01  1.15000000e+00 -2.79670898e-02 
 1.52650000e-07  1.52650000e-07  8.51634440e-01  1.15000000e+00 -2.90418657e-02 
 1.52750000e-07  1.52750000e-07  8.51693690e-01  1.15000000e+00 -3.01120809e-02 
 1.52850000e-07  1.52850000e-07  8.51752672e-01  1.15000000e+00 -3.11774823e-02 
 1.52950000e-07  1.52950000e-07  8.51811377e-01  1.15000000e+00 -3.22379718e-02 
 1.53050000e-07  1.53050000e-07  8.51869796e-01  1.15000000e+00 -3.32933228e-02 
 1.53150000e-07  1.53150000e-07  8.51927920e-01  1.15000000e+00 -3.43434165e-02 
 1.53250000e-07  1.53250000e-07  8.51985739e-01  1.15000000e+00 -3.53880475e-02 
 1.53350000e-07  1.53350000e-07  8.52043245e-01  1.15000000e+00 -3.64270821e-02 
 1.53450000e-07  1.53450000e-07  8.52100429e-01  1.15000000e+00 -3.74603306e-02 
 1.53550000e-07  1.53550000e-07  8.52157280e-01  1.15000000e+00 -3.84876498e-02 
 1.53650000e-07  1.53650000e-07  8.52213791e-01  1.15000000e+00 -3.95088611e-02 
 1.53750000e-07  1.53750000e-07  8.52269952e-01  1.15000000e+00 -4.05238159e-02 
 1.53850000e-07  1.53850000e-07  8.52325755e-01  1.15000000e+00 -4.15323436e-02 
 1.53950000e-07  1.53950000e-07  8.52381191e-01  1.15000000e+00 -4.25342928e-02 
 1.54050000e-07  1.54050000e-07  8.52436251e-01  1.15000000e+00 -4.35294989e-02 
 1.54150000e-07  1.54150000e-07  8.52490926e-01  1.15000000e+00 -4.45178096e-02 
 1.54250000e-07  1.54250000e-07  8.52545207e-01  1.15000000e+00 -4.54990649e-02 
 1.54350000e-07  1.54350000e-07  8.52599087e-01  1.15000000e+00 -4.64731129e-02 
 1.54450000e-07  1.54450000e-07  8.52652556e-01  1.15000000e+00 -4.74397975e-02 
 1.54550000e-07  1.54550000e-07  8.52705606e-01  1.15000000e+00 -4.83989679e-02 
 1.54650000e-07  1.54650000e-07  8.52758229e-01  1.15000000e+00 -4.93504713e-02 
 1.54750000e-07  1.54750000e-07  8.52810417e-01  1.15000000e+00 -5.02941587e-02 
 1.54850000e-07  1.54850000e-07  8.52862161e-01  1.15000000e+00 -5.12298805e-02 
 1.54950000e-07  1.54950000e-07  8.52913452e-01  1.15000000e+00 -5.21574896e-02 
 1.55050000e-07  1.55050000e-07  8.52964284e-01  1.15000000e+00 -5.30768394e-02 
 1.55150000e-07  1.55150000e-07  8.53014648e-01  1.15000000e+00 -5.39877854e-02 
 1.55250000e-07  1.55250000e-07  8.53064535e-01  1.15000000e+00 -5.48901836e-02 
 1.55350000e-07  1.55350000e-07  8.53113939e-01  1.15000000e+00 -5.57839004e-02 
 1.55450000e-07  1.55450000e-07  8.53162851e-01  1.15000000e+00 -5.66687851e-02 
 1.55550000e-07  1.55550000e-07  8.53211263e-01  1.15000000e+00 -5.75446915e-02 
 1.55650000e-07  1.55650000e-07  8.53259169e-01  1.15000000e+00 -5.84114921e-02 
 1.55750000e-07  1.55750000e-07  8.53306559e-01  1.15000000e+00 -5.92690483e-02 
 1.55850000e-07  1.55850000e-07  8.53353428e-01  1.15000000e+00 -6.01172251e-02 
 1.55950000e-07  1.55950000e-07  8.53399767e-01  1.15000000e+00 -6.09558896e-02 
 1.56050000e-07  1.56050000e-07  8.53445569e-01  1.15000000e+00 -6.17849095e-02 
 1.56150000e-07  1.56150000e-07  8.53490827e-01  1.15000000e+00 -6.26041547e-02 
 1.56250000e-07  1.56250000e-07  8.53535534e-01  1.15000000e+00 -6.34134962e-02 
 1.56350000e-07  1.56350000e-07  8.53579682e-01  1.15000000e+00 -6.42128070e-02 
 1.56450000e-07  1.56450000e-07  8.53623266e-01  1.15000000e+00 -6.50019613e-02 
 1.56550000e-07  1.56550000e-07  8.53666277e-01  1.15000000e+00 -6.57808354e-02 
 1.56650000e-07  1.56650000e-07  8.53708709e-01  1.15000000e+00 -6.65493069e-02 
 1.56750000e-07  1.56750000e-07  8.53750555e-01  1.15000000e+00 -6.73072551e-02 
 1.56850000e-07  1.56850000e-07  8.53791810e-01  1.15000000e+00 -6.80545610e-02 
 1.56950000e-07  1.56950000e-07  8.53832465e-01  1.15000000e+00 -6.87911075e-02 
 1.57050000e-07  1.57050000e-07  8.53872515e-01  1.15000000e+00 -6.95167789e-02 
 1.57150000e-07  1.57150000e-07  8.53911954e-01  1.15000000e+00 -7.02314615e-02 
 1.57250000e-07  1.57250000e-07  8.53950775e-01  1.15000000e+00 -7.09350431e-02 
 1.57350000e-07  1.57350000e-07  8.53988972e-01  1.15000000e+00 -7.16274136e-02 
 1.57450000e-07  1.57450000e-07  8.54026539e-01  1.15000000e+00 -7.23084643e-02 
 1.57550000e-07  1.57550000e-07  8.54063471e-01  1.15000000e+00 -7.29780886e-02 
 1.57650000e-07  1.57650000e-07  8.54099761e-01  1.15000000e+00 -7.36361816e-02 
 1.57750000e-07  1.57750000e-07  8.54135403e-01  1.15000000e+00 -7.42826403e-02 
 1.57850000e-07  1.57850000e-07  8.54170392e-01  1.15000000e+00 -7.49173633e-02 
 1.57950000e-07  1.57950000e-07  8.54204723e-01  1.15000000e+00 -7.55402514e-02 
 1.58050000e-07  1.58050000e-07  8.54238390e-01  1.15000000e+00 -7.61512071e-02 
 1.58150000e-07  1.58150000e-07  8.54271387e-01  1.15000000e+00 -7.67501348e-02 
 1.58250000e-07  1.58250000e-07  8.54303710e-01  1.15000000e+00 -7.73369409e-02 
 1.58350000e-07  1.58350000e-07  8.54335354e-01  1.15000000e+00 -7.79115334e-02 
 1.58450000e-07  1.58450000e-07  8.54366312e-01  1.15000000e+00 -7.84738227e-02 
 1.58550000e-07  1.58550000e-07  8.54396582e-01  1.15000000e+00 -7.90237208e-02 
 1.58650000e-07  1.58650000e-07  8.54426157e-01  1.15000000e+00 -7.95611417e-02 
 1.58750000e-07  1.58750000e-07  8.54455033e-01  1.15000000e+00 -8.00860016e-02 
 1.58850000e-07  1.58850000e-07  8.54483205e-01  1.15000000e+00 -8.05982184e-02 
 1.58950000e-07  1.58950000e-07  8.54510670e-01  1.15000000e+00 -8.10977121e-02 
 1.59050000e-07  1.59050000e-07  8.54537422e-01  1.15000000e+00 -8.15844047e-02 
 1.59150000e-07  1.59150000e-07  8.54563458e-01  1.15000000e+00 -8.20582203e-02 
 1.59250000e-07  1.59250000e-07  8.54588773e-01  1.15000000e+00 -8.25190848e-02 
 1.59350000e-07  1.59350000e-07  8.54613364e-01  1.15000000e+00 -8.29669264e-02 
 1.59450000e-07  1.59450000e-07  8.54637226e-01  1.15000000e+00 -8.34016752e-02 
 1.59550000e-07  1.59550000e-07  8.54660356e-01  1.15000000e+00 -8.38232634e-02 
 1.59650000e-07  1.59650000e-07  8.54682749e-01  1.15000000e+00 -8.42316251e-02 
 1.59750000e-07  1.59750000e-07  8.54704404e-01  1.15000000e+00 -8.46266968e-02 
 1.59850000e-07  1.59850000e-07  8.54725315e-01  1.15000000e+00 -8.50084168e-02 
 1.59950000e-07  1.59950000e-07  8.54745481e-01  1.15000000e+00 -8.53767256e-02 
 1.60050000e-07  1.60050000e-07  8.54764897e-01  1.15000000e+00 -8.57315659e-02 
 1.60150000e-07  1.60150000e-07  8.54783560e-01  1.15000000e+00 -8.60728822e-02 
 1.60250000e-07  1.60250000e-07  8.54801468e-01  1.15000000e+00 -8.64006215e-02 
 1.60350000e-07  1.60350000e-07  8.54818618e-01  1.15000000e+00 -8.67147326e-02 
 1.60450000e-07  1.60450000e-07  8.54835007e-01  1.15000000e+00 -8.70151667e-02 
 1.60550000e-07  1.60550000e-07  8.54850633e-01  1.15000000e+00 -8.73018769e-02 
 1.60650000e-07  1.60650000e-07  8.54865493e-01  1.15000000e+00 -8.75748185e-02 
 1.60750000e-07  1.60750000e-07  8.54879584e-01  1.15000000e+00 -8.78339492e-02 
 1.60850000e-07  1.60850000e-07  8.54892905e-01  1.15000000e+00 -8.80792285e-02 
 1.60950000e-07  1.60950000e-07  8.54905453e-01  1.15000000e+00 -8.83106182e-02 
 1.61050000e-07  1.61050000e-07  8.54917226e-01  1.15000000e+00 -8.85280824e-02 
 1.61150000e-07  1.61150000e-07  8.54928223e-01  1.15000000e+00 -8.87315871e-02 
 1.61250000e-07  1.61250000e-07  8.54938442e-01  1.15000000e+00 -8.89211008e-02 
 1.61350000e-07  1.61350000e-07  8.54947881e-01  1.15000000e+00 -8.90965939e-02 
 1.61450000e-07  1.61450000e-07  8.54956538e-01  1.15000000e+00 -8.92580390e-02 
 1.61550000e-07  1.61550000e-07  8.54964413e-01  1.15000000e+00 -8.94054112e-02 
 1.61650000e-07  1.61650000e-07  8.54971504e-01  1.15000000e+00 -8.95386874e-02 
 1.61750000e-07  1.61750000e-07  8.54977810e-01  1.15000000e+00 -8.96578469e-02 
 1.61850000e-07  1.61850000e-07  8.54983330e-01  1.15000000e+00 -8.97628712e-02 
 1.61950000e-07  1.61950000e-07  8.54988063e-01  1.15000000e+00 -8.98537439e-02 
 1.62050000e-07  1.62050000e-07  8.54992008e-01  1.15000000e+00 -8.99304509e-02 
 1.62150000e-07  1.62150000e-07  8.54995165e-01  1.15000000e+00 -8.99929803e-02 
 1.62250000e-07  1.62250000e-07  8.54997533e-01  1.15000000e+00 -9.00413223e-02 
 1.62350000e-07  1.62350000e-07  8.54999112e-01  1.15000000e+00 -9.00754695e-02 
 1.62450000e-07  1.62450000e-07  8.54999901e-01  1.15000000e+00 -9.00954164e-02 
 1.62550000e-07  1.62550000e-07  8.54999901e-01  1.15000000e+00 -9.01011600e-02 
 1.62650000e-07  1.62650000e-07  8.54999112e-01  1.15000000e+00 -9.00926995e-02 
 1.62750000e-07  1.62750000e-07  8.54997533e-01  1.15000000e+00 -9.00700360e-02 
 1.62850000e-07  1.62850000e-07  8.54995165e-01  1.15000000e+00 -9.00331732e-02 
 1.62950000e-07  1.62950000e-07  8.54992008e-01  1.15000000e+00 -8.99821168e-02 
 1.63050000e-07  1.63050000e-07  8.54988063e-01  1.15000000e+00 -8.99168746e-02 
 1.63150000e-07  1.63150000e-07  8.54983330e-01  1.15000000e+00 -8.98374569e-02 
 1.63250000e-07  1.63250000e-07  8.54977810e-01  1.15000000e+00 -8.97438761e-02 
 1.63350000e-07  1.63350000e-07  8.54971504e-01  1.15000000e+00 -8.96361465e-02 
 1.63450000e-07  1.63450000e-07  8.54964413e-01  1.15000000e+00 -8.95142851e-02 
 1.63550000e-07  1.63550000e-07  8.54956538e-01  1.15000000e+00 -8.93783108e-02 
 1.63650000e-07  1.63650000e-07  8.54947881e-01  1.15000000e+00 -8.92282446e-02 
 1.63750000e-07  1.63750000e-07  8.54938442e-01  1.15000000e+00 -8.90641101e-02 
 1.63850000e-07  1.63850000e-07  8.54928223e-01  1.15000000e+00 -8.88859326e-02 
 1.63950000e-07  1.63950000e-07  8.54917226e-01  1.15000000e+00 -8.86937400e-02 
 1.64050000e-07  1.64050000e-07  8.54905453e-01  1.15000000e+00 -8.84875621e-02 
 1.64150000e-07  1.64150000e-07  8.54892905e-01  1.15000000e+00 -8.82674310e-02 
 1.64250000e-07  1.64250000e-07  8.54879584e-01  1.15000000e+00 -8.80333810e-02 
 1.64350000e-07  1.64350000e-07  8.54865493e-01  1.15000000e+00 -8.77854485e-02 
 1.64450000e-07  1.64450000e-07  8.54850633e-01  1.15000000e+00 -8.75236721e-02 
 1.64550000e-07  1.64550000e-07  8.54835007e-01  1.15000000e+00 -8.72480925e-02 
 1.64650000e-07  1.64650000e-07  8.54818618e-01  1.15000000e+00 -8.69587528e-02 
 1.64750000e-07  1.64750000e-07  8.54801468e-01  1.15000000e+00 -8.66556978e-02 
 1.64850000e-07  1.64850000e-07  8.54783560e-01  1.15000000e+00 -8.63389749e-02 
 1.64950000e-07  1.64950000e-07  8.54764897e-01  1.15000000e+00 -8.60086334e-02 
 1.65050000e-07  1.65050000e-07  8.54745481e-01  1.15000000e+00 -8.56647247e-02 
 1.65150000e-07  1.65150000e-07  8.54725315e-01  1.15000000e+00 -8.53073024e-02 
 1.65250000e-07  1.65250000e-07  8.54704404e-01  1.15000000e+00 -8.49364223e-02 
 1.65350000e-07  1.65350000e-07  8.54682749e-01  1.15000000e+00 -8.45521421e-02 
 1.65450000e-07  1.65450000e-07  8.54660356e-01  1.15000000e+00 -8.41545217e-02 
 1.65550000e-07  1.65550000e-07  8.54637226e-01  1.15000000e+00 -8.37436231e-02 
 1.65650000e-07  1.65650000e-07  8.54613364e-01  1.15000000e+00 -8.33195105e-02 
 1.65750000e-07  1.65750000e-07  8.54588773e-01  1.15000000e+00 -8.28822499e-02 
 1.65850000e-07  1.65850000e-07  8.54563458e-01  1.15000000e+00 -8.24319096e-02 
 1.65950000e-07  1.65950000e-07  8.54537422e-01  1.15000000e+00 -8.19685599e-02 
 1.66050000e-07  1.66050000e-07  8.54510670e-01  1.15000000e+00 -8.14922730e-02 
 1.66150000e-07  1.66150000e-07  8.54483205e-01  1.15000000e+00 -8.10031232e-02 
 1.66250000e-07  1.66250000e-07  8.54455033e-01  1.15000000e+00 -8.05011871e-02 
 1.66350000e-07  1.66350000e-07  8.54426157e-01  1.15000000e+00 -7.99865429e-02 
 1.66450000e-07  1.66450000e-07  8.54396582e-01  1.15000000e+00 -7.94592710e-02 
 1.66550000e-07  1.66550000e-07  8.54366312e-01  1.15000000e+00 -7.89194539e-02 
 1.66650000e-07  1.66650000e-07  8.54335354e-01  1.15000000e+00 -7.83671757e-02 
 1.66750000e-07  1.66750000e-07  8.54303710e-01  1.15000000e+00 -7.78025229e-02 
 1.66850000e-07  1.66850000e-07  8.54271387e-01  1.15000000e+00 -7.72255838e-02 
 1.66950000e-07  1.66950000e-07  8.54238390e-01  1.15000000e+00 -7.66364485e-02 
 1.67050000e-07  1.67050000e-07  8.54204723e-01  1.15000000e+00 -7.60352091e-02 
 1.67150000e-07  1.67150000e-07  8.54170392e-01  1.15000000e+00 -7.54219598e-02 
 1.67250000e-07  1.67250000e-07  8.54135403e-01  1.15000000e+00 -7.47967964e-02 
 1.67350000e-07  1.67350000e-07  8.54099761e-01  1.15000000e+00 -7.41598169e-02 
 1.67450000e-07  1.67450000e-07  8.54063471e-01  1.15000000e+00 -7.35111208e-02 
 1.67550000e-07  1.67550000e-07  8.54026539e-01  1.15000000e+00 -7.28508099e-02 
 1.67650000e-07  1.67650000e-07  8.53988972e-01  1.15000000e+00 -7.21789874e-02 
 1.67750000e-07  1.67750000e-07  8.53950775e-01  1.15000000e+00 -7.14957587e-02 
 1.67850000e-07  1.67850000e-07  8.53911954e-01  1.15000000e+00 -7.08012308e-02 
 1.67950000e-07  1.67950000e-07  8.53872515e-01  1.15000000e+00 -7.00955126e-02 
 1.68050000e-07  1.68050000e-07  8.53832465e-01  1.15000000e+00 -6.93787147e-02 
 1.68150000e-07  1.68150000e-07  8.53791810e-01  1.15000000e+00 -6.86509494e-02 
 1.68250000e-07  1.68250000e-07  8.53750555e-01  1.15000000e+00 -6.79123310e-02 
 1.68350000e-07  1.68350000e-07  8.53708709e-01  1.15000000e+00 -6.71629753e-02 
 1.68450000e-07  1.68450000e-07  8.53666277e-01  1.15000000e+00 -6.64029998e-02 
 1.68550000e-07  1.68550000e-07  8.53623266e-01  1.15000000e+00 -6.56325240e-02 
 1.68650000e-07  1.68650000e-07  8.53579682e-01  1.15000000e+00 -6.48516688e-02 
 1.68750000e-07  1.68750000e-07  8.53535534e-01  1.15000000e+00 -6.40605567e-02 
 1.68850000e-07  1.68850000e-07  8.53490827e-01  1.15000000e+00 -6.32593121e-02 
 1.68950000e-07  1.68950000e-07  8.53445569e-01  1.15000000e+00 -6.24480609e-02 
 1.69050000e-07  1.69050000e-07  8.53399767e-01  1.15000000e+00 -6.16269305e-02 
 1.69150000e-07  1.69150000e-07  8.53353428e-01  1.15000000e+00 -6.07960501e-02 
 1.69250000e-07  1.69250000e-07  8.53306559e-01  1.15000000e+00 -5.99555503e-02 
 1.69350000e-07  1.69350000e-07  8.53259169e-01  1.15000000e+00 -5.91055633e-02 
 1.69450000e-07  1.69450000e-07  8.53211263e-01  1.15000000e+00 -5.82462228e-02 
 1.69550000e-07  1.69550000e-07  8.53162851e-01  1.15000000e+00 -5.73776640e-02 
 1.69650000e-07  1.69650000e-07  8.53113939e-01  1.15000000e+00 -5.65000237e-02 
 1.69750000e-07  1.69750000e-07  8.53064535e-01  1.15000000e+00 -5.56134400e-02 
 1.69850000e-07  1.69850000e-07  8.53014648e-01  1.15000000e+00 -5.47180526e-02 
 1.69950000e-07  1.69950000e-07  8.52964284e-01  1.15000000e+00 -5.38139942e-02 
 1.70050000e-07  1.70050000e-07  8.52913452e-01  1.15000000e+00 -5.29014170e-02 
 1.70150000e-07  1.70150000e-07  8.52862161e-01  1.15000000e+00 -5.19804720e-02 
 1.70250000e-07  1.70250000e-07  8.52810417e-01  1.15000000e+00 -5.10512936e-02 
 1.70350000e-07  1.70350000e-07  8.52758229e-01  1.15000000e+00 -5.01140307e-02 
 1.70450000e-07  1.70450000e-07  8.52705606e-01  1.15000000e+00 -4.91688311e-02 
 1.70550000e-07  1.70550000e-07  8.52652556e-01  1.15000000e+00 -4.82158434e-02 
 1.70650000e-07  1.70650000e-07  8.52599087e-01  1.15000000e+00 -4.72552184e-02 
 1.70750000e-07  1.70750000e-07  8.52545207e-01  1.15000000e+00 -4.62871074e-02 
 1.70850000e-07  1.70850000e-07  8.52490926e-01  1.15000000e+00 -4.53116635e-02 
 1.70950000e-07  1.70950000e-07  8.52436251e-01  1.15000000e+00 -4.43290405e-02 
 1.71050000e-07  1.71050000e-07  8.52381191e-01  1.15000000e+00 -4.33393936e-02 
 1.71150000e-07  1.71150000e-07  8.52325755e-01  1.15000000e+00 -4.23428792e-02 
 1.71250000e-07  1.71250000e-07  8.52269952e-01  1.15000000e+00 -4.13396548e-02 
 1.71350000e-07  1.71350000e-07  8.52213791e-01  1.15000000e+00 -4.03298787e-02 
 1.71450000e-07  1.71450000e-07  8.52157280e-01  1.15000000e+00 -3.93137107e-02 
 1.71550000e-07  1.71550000e-07  8.52100429e-01  1.15000000e+00 -3.82913114e-02 
 1.71650000e-07  1.71650000e-07  8.52043245e-01  1.15000000e+00 -3.72628425e-02 
 1.71750000e-07  1.71750000e-07  8.51985739e-01  1.15000000e+00 -3.62284665e-02 
 1.71850000e-07  1.71850000e-07  8.51927920e-01  1.15000000e+00 -3.51883472e-02 
 1.71950000e-07  1.71950000e-07  8.51869796e-01  1.15000000e+00 -3.41426490e-02 
 1.72050000e-07  1.72050000e-07  8.51811377e-01  1.15000000e+00 -3.30915375e-02 
 1.72150000e-07  1.72150000e-07  8.51752672e-01  1.15000000e+00 -3.20351790e-02 
 1.72250000e-07  1.72250000e-07  8.51693690e-01  1.15000000e+00 -3.09737407e-02 
 1.72350000e-07  1.72350000e-07  8.51634440e-01  1.15000000e+00 -2.99073907e-02 
 1.72450000e-07  1.72450000e-07  8.51574933e-01  1.15000000e+00 -2.88362977e-02 
 1.72550000e-07  1.72550000e-07  8.51515176e-01  1.15000000e+00 -2.77606315e-02 
 1.72650000e-07  1.72650000e-07  8.51455181e-01  1.15000000e+00 -2.66805624e-02 
 1.72750000e-07  1.72750000e-07  8.51394956e-01  1.15000000e+00 -2.55962616e-02 
 1.72850000e-07  1.72850000e-07  8.51334510e-01  1.15000000e+00 -2.45079007e-02 
 1.72950000e-07  1.72950000e-07  8.51273854e-01  1.15000000e+00 -2.34156523e-02 
 1.73050000e-07  1.73050000e-07  8.51212996e-01  1.15000000e+00 -2.23196895e-02 
 1.73150000e-07  1.73150000e-07  8.51151947e-01  1.15000000e+00 -2.12201860e-02 
 1.73250000e-07  1.73250000e-07  8.51090716e-01  1.15000000e+00 -2.01173161e-02 
 1.73350000e-07  1.73350000e-07  8.51029313e-01  1.15000000e+00 -1.90112546e-02 
 1.73450000e-07  1.73450000e-07  8.50967747e-01  1.15000000e+00 -1.79021769e-02 
 1.73550000e-07  1.73550000e-07  8.50906029e-01  1.15000000e+00 -1.67902588e-02 
 1.73650000e-07  1.73650000e-07  8.50844167e-01  1.15000000e+00 -1.56756768e-02 
 1.73750000e-07  1.73750000e-07  8.50782172e-01  1.15000000e+00 -1.45586075e-02 
 1.73850000e-07  1.73850000e-07  8.50720054e-01  1.15000000e+00 -1.34392282e-02 
 1.73950000e-07  1.73950000e-07  8.50657822e-01  1.15000000e+00 -1.23177164e-02 
 1.74050000e-07  1.74050000e-07  8.50595486e-01  1.15000000e+00 -1.11942501e-02 
 1.74150000e-07  1.74150000e-07  8.50533056e-01  1.15000000e+00 -1.00690075e-02 
 1.74250000e-07  1.74250000e-07  8.50470542e-01  1.15000000e+00 -8.94216702e-03 
 1.74350000e-07  1.74350000e-07  8.50407953e-01  1.15000000e+00 -7.81390759e-03 
 1.74450000e-07  1.74450000e-07  8.50345300e-01  1.15000000e+00 -6.68440819e-03 
 1.74550000e-07  1.74550000e-07  8.50282593e-01  1.15000000e+00 -5.55384805e-03 
 1.74650000e-07  1.74650000e-07  8.50219841e-01  1.15000000e+00 -4.42240659e-03 
 1.74750000e-07  1.74750000e-07  8.50157054e-01  1.15000000e+00 -3.29026335e-03 
 1.74850000e-07  1.74850000e-07  8.50094242e-01  1.15000000e+00 -2.15759801e-03 
 1.74950000e-07  1.74950000e-07  8.50031416e-01  1.15000000e+00 -1.02459031e-03 
 1.75050000e-07  1.75050000e-07  8.49968584e-01  1.15000000e+00  1.08579928e-04 
 1.75150000e-07  1.75150000e-07  8.49905758e-01  1.15000000e+00  1.24173287e-03 
 1.75250000e-07  1.75250000e-07  8.49842946e-01  1.15000000e+00  2.37468868e-03 
 1.75350000e-07  1.75350000e-07  8.49780159e-01  1.15000000e+00  3.50726756e-03 
 1.75425000e-07  1.75425000e-07  8.49733092e-01  1.15000000e+00  4.35634906e-03 
 1.75500000e-07  1.75500000e-07  8.49686047e-01  1.15000000e+00  5.20503870e-03 
 1.75510000e-07  1.75510000e-07  8.49679777e-01  1.13800000e+00  5.30597300e-03 
 1.75530000e-07  1.75530000e-07  8.49667237e-01  1.11400000e+00  5.51317520e-03 
 1.75570000e-07  1.75570000e-07  8.49642165e-01  1.06600000e+00  5.89829055e-03 
 1.75650000e-07  1.75650000e-07  8.49592047e-01  9.70000000e-01  5.04413421e-03 
 1.75750000e-07  1.75750000e-07  8.49529458e-01  8.50000000e-01  1.24723199e-03 
 1.75850000e-07  1.75850000e-07  8.49466944e-01  7.30000000e-01 -2.61069714e-03 
 1.75925000e-07  1.75925000e-07  8.49420113e-01  6.40000000e-01 -7.07017571e-03 
 1.76000000e-07  1.76000000e-07  8.49373334e-01  5.50000000e-01 -1.11956763e-02 
 1.76010000e-07  1.76010000e-07  8.49367101e-01  5.50000000e-01 -1.12829100e-02 
 1.76030000e-07  1.76030000e-07  8.49354637e-01  5.50000000e-01 -1.13844095e-02 
 1.76070000e-07  1.76070000e-07  8.49329723e-01  5.50000000e-01 -1.16475328e-02 
 1.76150000e-07  1.76150000e-07  8.49279946e-01  5.50000000e-01 -1.25374908e-02 
 1.76250000e-07  1.76250000e-07  8.49217828e-01  5.50000000e-01 -1.36490994e-02 
 1.76350000e-07  1.76350000e-07  8.49155833e-01  5.50000000e-01 -1.47764857e-02 
 1.76450000e-07  1.76450000e-07  8.49093971e-01  5.50000000e-01 -1.58869445e-02 
 1.76550000e-07  1.76550000e-07  8.49032253e-01  5.50000000e-01 -1.70052283e-02 
 1.76650000e-07  1.76650000e-07  8.48970687e-01  5.50000000e-01 -1.81138336e-02 
 1.76750000e-07  1.76750000e-07  8.48909284e-01  5.50000000e-01 -1.92241447e-02 
 1.76850000e-07  1.76850000e-07  8.48848053e-01  5.50000000e-01 -2.03284691e-02 
 1.76950000e-07  1.76950000e-07  8.48787004e-01  5.50000000e-01 -2.14314034e-02 
 1.77050000e-07  1.77050000e-07  8.48726146e-01  5.50000000e-01 -2.25298299e-02 
 1.77150000e-07  1.77150000e-07  8.48665490e-01  5.50000000e-01 -2.36253173e-02 
 1.77250000e-07  1.77250000e-07  8.48605044e-01  5.50000000e-01 -2.47167202e-02 
 1.77350000e-07  1.77350000e-07  8.48544819e-01  5.50000000e-01 -2.58043495e-02 
 1.77450000e-07  1.77450000e-07  8.48484824e-01  5.50000000e-01 -2.68878469e-02 
 1.77550000e-07  1.77550000e-07  8.48425067e-01  5.50000000e-01 -2.79670613e-02 
 1.77650000e-07  1.77650000e-07  8.48365560e-01  5.50000000e-01 -2.90418969e-02 
 1.77750000e-07  1.77750000e-07  8.48306310e-01  5.50000000e-01 -3.01120502e-02 
 1.77850000e-07  1.77850000e-07  8.48247328e-01  5.50000000e-01 -3.11775107e-02 
 1.77950000e-07  1.77950000e-07  8.48188623e-01  5.50000000e-01 -3.22379466e-02 
 1.78050000e-07  1.78050000e-07  8.48130204e-01  5.50000000e-01 -3.32933446e-02 
 1.78150000e-07  1.78150000e-07  8.48072080e-01  5.50000000e-01 -3.43433981e-02 
 1.78250000e-07  1.78250000e-07  8.48014261e-01  5.50000000e-01 -3.53880628e-02 
 1.78350000e-07  1.78350000e-07  8.47956755e-01  5.50000000e-01 -3.64270695e-02 
 1.78450000e-07  1.78450000e-07  8.47899571e-01  5.50000000e-01 -3.74603409e-02 
 1.78550000e-07  1.78550000e-07  8.47842720e-01  5.50000000e-01 -3.84876414e-02 
 1.78650000e-07  1.78650000e-07  8.47786209e-01  5.50000000e-01 -3.95088678e-02 
 1.78750000e-07  1.78750000e-07  8.47730048e-01  5.50000000e-01 -4.05238106e-02 
 1.78850000e-07  1.78850000e-07  8.47674245e-01  5.50000000e-01 -4.15323479e-02 
 1.78950000e-07  1.78950000e-07  8.47618809e-01  5.50000000e-01 -4.25342894e-02 
 1.79050000e-07  1.79050000e-07  8.47563749e-01  5.50000000e-01 -4.35295016e-02 
 1.79150000e-07  1.79150000e-07  8.47509074e-01  5.50000000e-01 -4.45178075e-02 
 1.79250000e-07  1.79250000e-07  8.47454793e-01  5.50000000e-01 -4.54990665e-02 
 1.79350000e-07  1.79350000e-07  8.47400913e-01  5.50000000e-01 -4.64731116e-02 
 1.79450000e-07  1.79450000e-07  8.47347444e-01  5.50000000e-01 -4.74397985e-02 
 1.79550000e-07  1.79550000e-07  8.47294394e-01  5.50000000e-01 -4.83989671e-02 
 1.79650000e-07  1.79650000e-07  8.47241771e-01  5.50000000e-01 -4.93504719e-02 
 1.79750000e-07  1.79750000e-07  8.47189583e-01  5.50000000e-01 -5.02941583e-02 
 1.79850000e-07  1.79850000e-07  8.47137839e-01  5.50000000e-01 -5.12298808e-02 
 1.79950000e-07  1.79950000e-07  8.47086548e-01  5.50000000e-01 -5.21574893e-02 
 1.80050000e-07  1.80050000e-07  8.47035716e-01  5.50000000e-01 -5.30768396e-02 
 1.80150000e-07  1.80150000e-07  8.46985352e-01  5.50000000e-01 -5.39877852e-02 
 1.80250000e-07  1.80250000e-07  8.46935465e-01  5.50000000e-01 -5.48901837e-02 
 1.80350000e-07  1.80350000e-07  8.46886061e-01  5.50000000e-01 -5.57839003e-02 
 1.80450000e-07  1.80450000e-07  8.46837149e-01  5.50000000e-01 -5.66687852e-02 
 1.80550000e-07  1.80550000e-07  8.46788737e-01  5.50000000e-01 -5.75446915e-02 
 1.80650000e-07  1.80650000e-07  8.46740831e-01  5.50000000e-01 -5.84114921e-02 
 1.80750000e-07  1.80750000e-07  8.46693441e-01  5.50000000e-01 -5.92690483e-02 
 1.80850000e-07  1.80850000e-07  8.46646572e-01  5.50000000e-01 -6.01172251e-02 
 1.80950000e-07  1.80950000e-07  8.46600233e-01  5.50000000e-01 -6.09558896e-02 
 1.81050000e-07  1.81050000e-07  8.46554431e-01  5.50000000e-01 -6.17849095e-02 
 1.81150000e-07  1.81150000e-07  8.46509173e-01  5.50000000e-01 -6.26041547e-02 
 1.81250000e-07  1.81250000e-07  8.46464466e-01  5.50000000e-01 -6.34134962e-02 
 1.81350000e-07  1.81350000e-07  8.46420318e-01  5.50000000e-01 -6.42128069e-02 
 1.81450000e-07  1.81450000e-07  8.46376734e-01  5.50000000e-01 -6.50019613e-02 
 1.81550000e-07  1.81550000e-07  8.46333723e-01  5.50000000e-01 -6.57808354e-02 
 1.81650000e-07  1.81650000e-07  8.46291291e-01  5.50000000e-01 -6.65493069e-02 
 1.81750000e-07  1.81750000e-07  8.46249445e-01  5.50000000e-01 -6.73072551e-02 
 1.81850000e-07  1.81850000e-07  8.46208190e-01  5.50000000e-01 -6.80545610e-02 
 1.81950000e-07  1.81950000e-07  8.46167535e-01  5.50000000e-01 -6.87911075e-02 
 1.82050000e-07  1.82050000e-07  8.46127485e-01  5.50000000e-01 -6.95167789e-02 
 1.82150000e-07  1.82150000e-07  8.46088046e-01  5.50000000e-01 -7.02314615e-02 
 1.82250000e-07  1.82250000e-07  8.46049225e-01  5.50000000e-01 -7.09350431e-02 
 1.82350000e-07  1.82350000e-07  8.46011028e-01  5.50000000e-01 -7.16274136e-02 
 1.82450000e-07  1.82450000e-07  8.45973461e-01  5.50000000e-01 -7.23084643e-02 
 1.82550000e-07  1.82550000e-07  8.45936529e-01  5.50000000e-01 -7.29780886e-02 
 1.82650000e-07  1.82650000e-07  8.45900239e-01  5.50000000e-01 -7.36361816e-02 
 1.82750000e-07  1.82750000e-07  8.45864597e-01  5.50000000e-01 -7.42826403e-02 
 1.82850000e-07  1.82850000e-07  8.45829608e-01  5.50000000e-01 -7.49173633e-02 
 1.82950000e-07  1.82950000e-07  8.45795277e-01  5.50000000e-01 -7.55402514e-02 
 1.83050000e-07  1.83050000e-07  8.45761610e-01  5.50000000e-01 -7.61512071e-02 
 1.83150000e-07  1.83150000e-07  8.45728613e-01  5.50000000e-01 -7.67501348e-02 
 1.83250000e-07  1.83250000e-07  8.45696290e-01  5.50000000e-01 -7.73369409e-02 
 1.83350000e-07  1.83350000e-07  8.45664646e-01  5.50000000e-01 -7.79115334e-02 
 1.83450000e-07  1.83450000e-07  8.45633688e-01  5.50000000e-01 -7.84738227e-02 
 1.83550000e-07  1.83550000e-07  8.45603418e-01  5.50000000e-01 -7.90237208e-02 
 1.83650000e-07  1.83650000e-07  8.45573843e-01  5.50000000e-01 -7.95611417e-02 
 1.83750000e-07  1.83750000e-07  8.45544967e-01  5.50000000e-01 -8.00860016e-02 
 1.83850000e-07  1.83850000e-07  8.45516795e-01  5.50000000e-01 -8.05982184e-02 
 1.83950000e-07  1.83950000e-07  8.45489330e-01  5.50000000e-01 -8.10977121e-02 
 1.84050000e-07  1.84050000e-07  8.45462578e-01  5.50000000e-01 -8.15844047e-02 
 1.84150000e-07  1.84150000e-07  8.45436542e-01  5.50000000e-01 -8.20582203e-02 
 1.84250000e-07  1.84250000e-07  8.45411227e-01  5.50000000e-01 -8.25190848e-02 
 1.84350000e-07  1.84350000e-07  8.45386636e-01  5.50000000e-01 -8.29669264e-02 
 1.84450000e-07  1.84450000e-07  8.45362774e-01  5.50000000e-01 -8.34016752e-02 
 1.84550000e-07  1.84550000e-07  8.45339644e-01  5.50000000e-01 -8.38232634e-02 
 1.84650000e-07  1.84650000e-07  8.45317251e-01  5.50000000e-01 -8.42316251e-02 
 1.84750000e-07  1.84750000e-07  8.45295596e-01  5.50000000e-01 -8.46266968e-02 
 1.84850000e-07  1.84850000e-07  8.45274685e-01  5.50000000e-01 -8.50084168e-02 
 1.84950000e-07  1.84950000e-07  8.45254519e-01  5.50000000e-01 -8.53767256e-02 
 1.85050000e-07  1.85050000e-07  8.45235103e-01  5.50000000e-01 -8.57315659e-02 
 1.85150000e-07  1.85150000e-07  8.45216440e-01  5.50000000e-01 -8.60728822e-02 
 1.85250000e-07  1.85250000e-07  8.45198532e-01  5.50000000e-01 -8.64006215e-02 
 1.85350000e-07  1.85350000e-07  8.45181382e-01  5.50000000e-01 -8.67147326e-02 
 1.85450000e-07  1.85450000e-07  8.45164993e-01  5.50000000e-01 -8.70151667e-02 
 1.85550000e-07  1.85550000e-07  8.45149367e-01  5.50000000e-01 -8.73018769e-02 
 1.85650000e-07  1.85650000e-07  8.45134507e-01  5.50000000e-01 -8.75748185e-02 
 1.85750000e-07  1.85750000e-07  8.45120416e-01  5.50000000e-01 -8.78339492e-02 
 1.85850000e-07  1.85850000e-07  8.45107095e-01  5.50000000e-01 -8.80792285e-02 
 1.85950000e-07  1.85950000e-07  8.45094547e-01  5.50000000e-01 -8.83106182e-02 
 1.86050000e-07  1.86050000e-07  8.45082774e-01  5.50000000e-01 -8.85280824e-02 
 1.86150000e-07  1.86150000e-07  8.45071777e-01  5.50000000e-01 -8.87315871e-02 
 1.86250000e-07  1.86250000e-07  8.45061558e-01  5.50000000e-01 -8.89211008e-02 
 1.86350000e-07  1.86350000e-07  8.45052119e-01  5.50000000e-01 -8.90965939e-02 
 1.86450000e-07  1.86450000e-07  8.45043462e-01  5.50000000e-01 -8.92580390e-02 
 1.86550000e-07  1.86550000e-07  8.45035587e-01  5.50000000e-01 -8.94054112e-02 
 1.86650000e-07  1.86650000e-07  8.45028496e-01  5.50000000e-01 -8.95386874e-02 
 1.86750000e-07  1.86750000e-07  8.45022190e-01  5.50000000e-01 -8.96578469e-02 
 1.86850000e-07  1.86850000e-07  8.45016670e-01  5.50000000e-01 -8.97628712e-02 
 1.86950000e-07  1.86950000e-07  8.45011937e-01  5.50000000e-01 -8.98537439e-02 
 1.87050000e-07  1.87050000e-07  8.45007992e-01  5.50000000e-01 -8.99304509e-02 
 1.87150000e-07  1.87150000e-07  8.45004835e-01  5.50000000e-01 -8.99929803e-02 
 1.87250000e-07  1.87250000e-07  8.45002467e-01  5.50000000e-01 -9.00413223e-02 
 1.87350000e-07  1.87350000e-07  8.45000888e-01  5.50000000e-01 -9.00754695e-02 
 1.87450000e-07  1.87450000e-07  8.45000099e-01  5.50000000e-01 -9.00954164e-02 
 1.87550000e-07  1.87550000e-07  8.45000099e-01  5.50000000e-01 -9.01011600e-02 
 1.87650000e-07  1.87650000e-07  8.45000888e-01  5.50000000e-01 -9.00926995e-02 
 1.87750000e-07  1.87750000e-07  8.45002467e-01  5.50000000e-01 -9.00700360e-02 
 1.87850000e-07  1.87850000e-07  8.45004835e-01  5.50000000e-01 -9.00331732e-02 
 1.87950000e-07  1.87950000e-07  8.45007992e-01  5.50000000e-01 -8.99821168e-02 
 1.88050000e-07  1.88050000e-07  8.45011937e-01  5.50000000e-01 -8.99168746e-02 
 1.88150000e-07  1.88150000e-07  8.45016670e-01  5.50000000e-01 -8.98374569e-02 
 1.88250000e-07  1.88250000e-07  8.45022190e-01  5.50000000e-01 -8.97438761e-02 
 1.88350000e-07  1.88350000e-07  8.45028496e-01  5.50000000e-01 -8.96361465e-02 
 1.88450000e-07  1.88450000e-07  8.45035587e-01  5.50000000e-01 -8.95142851e-02 
 1.88550000e-07  1.88550000e-07  8.45043462e-01  5.50000000e-01 -8.93783108e-02 
 1.88650000e-07  1.88650000e-07  8.45052119e-01  5.50000000e-01 -8.92282446e-02 
 1.88750000e-07  1.88750000e-07  8.45061558e-01  5.50000000e-01 -8.90641101e-02 
 1.88850000e-07  1.88850000e-07  8.45071777e-01  5.50000000e-01 -8.88859326e-02 
 1.88950000e-07  1.88950000e-07  8.45082774e-01  5.50000000e-01 -8.86937400e-02 
 1.89050000e-07  1.89050000e-07  8.45094547e-01  5.50000000e-01 -8.84875621e-02 
 1.89150000e-07  1.89150000e-07  8.45107095e-01  5.50000000e-01 -8.82674310e-02 
 1.89250000e-07  1.89250000e-07  8.45120416e-01  5.50000000e-01 -8.80333810e-02 
 1.89350000e-07  1.89350000e-07  8.45134507e-01  5.50000000e-01 -8.77854485e-02 
 1.89450000e-07  1.89450000e-07  8.45149367e-01  5.50000000e-01 -8.75236721e-02 
 1.89550000e-07  1.89550000e-07  8.45164993e-01  5.50000000e-01 -8.72480925e-02 
 1.89650000e-07  1.89650000e-07  8.45181382e-01  5.50000000e-01 -8.69587528e-02 
 1.89750000e-07  1.89750000e-07  8.45198532e-01  5.50000000e-01 -8.66556978e-02 
 1.89850000e-07  1.89850000e-07  8.45216440e-01  5.50000000e-01 -8.63389749e-02 
 1.89950000e-07  1.89950000e-07  8.45235103e-01  5.50000000e-01 -8.60086334e-02 
 1.90050000e-07  1.90050000e-07  8.45254519e-01  5.50000000e-01 -8.56647247e-02 
 1.90150000e-07  1.90150000e-07  8.45274685e-01  5.50000000e-01 -8.53073024e-02 
 1.90250000e-07  1.90250000e-07  8.45295596e-01  5.50000000e-01 -8.49364223e-02 
 1.90350000e-07  1.90350000e-07  8.45317251e-01  5.50000000e-01 -8.45521421e-02 
 1.90450000e-07  1.90450000e-07  8.45339644e-01  5.50000000e-01 -8.41545217e-02 
 1.90550000e-07  1.90550000e-07  8.45362774e-01  5.50000000e-01 -8.37436231e-02 
 1.90650000e-07  1.90650000e-07  8.45386636e-01  5.50000000e-01 -8.33195105e-02 
 1.90750000e-07  1.90750000e-07  8.45411227e-01  5.50000000e-01 -8.28822499e-02 
 1.90850000e-07  1.90850000e-07  8.45436542e-01  5.50000000e-01 -8.24319096e-02 
 1.90950000e-07  1.90950000e-07  8.45462578e-01  5.50000000e-01 -8.19685599e-02 
 1.91050000e-07  1.91050000e-07  8.45489330e-01  5.50000000e-01 -8.14922730e-02 
 1.91150000e-07  1.91150000e-07  8.45516795e-01  5.50000000e-01 -8.10031232e-02 
 1.91250000e-07  1.91250000e-07  8.45544967e-01  5.50000000e-01 -8.05011871e-02 
 1.91350000e-07  1.91350000e-07  8.45573843e-01  5.50000000e-01 -7.99865429e-02 
 1.91450000e-07  1.91450000e-07  8.45603418e-01  5.50000000e-01 -7.94592710e-02 
 1.91550000e-07  1.91550000e-07  8.45633688e-01  5.50000000e-01 -7.89194539e-02 
 1.91650000e-07  1.91650000e-07  8.45664646e-01  5.50000000e-01 -7.83671757e-02 
 1.91750000e-07  1.91750000e-07  8.45696290e-01  5.50000000e-01 -7.78025229e-02 
 1.91850000e-07  1.91850000e-07  8.45728613e-01  5.50000000e-01 -7.72255838e-02 
 1.91950000e-07  1.91950000e-07  8.45761610e-01  5.50000000e-01 -7.66364485e-02 
 1.92050000e-07  1.92050000e-07  8.45795277e-01  5.50000000e-01 -7.60352091e-02 
 1.92150000e-07  1.92150000e-07  8.45829608e-01  5.50000000e-01 -7.54219598e-02 
 1.92250000e-07  1.92250000e-07  8.45864597e-01  5.50000000e-01 -7.47967964e-02 
 1.92350000e-07  1.92350000e-07  8.45900239e-01  5.50000000e-01 -7.41598169e-02 
 1.92450000e-07  1.92450000e-07  8.45936529e-01  5.50000000e-01 -7.35111208e-02 
 1.92550000e-07  1.92550000e-07  8.45973461e-01  5.50000000e-01 -7.28508099e-02 
 1.92650000e-07  1.92650000e-07  8.46011028e-01  5.50000000e-01 -7.21789874e-02 
 1.92750000e-07  1.92750000e-07  8.46049225e-01  5.50000000e-01 -7.14957587e-02 
 1.92850000e-07  1.92850000e-07  8.46088046e-01  5.50000000e-01 -7.08012308e-02 
 1.92950000e-07  1.92950000e-07  8.46127485e-01  5.50000000e-01 -7.00955126e-02 
 1.93050000e-07  1.93050000e-07  8.46167535e-01  5.50000000e-01 -6.93787147e-02 
 1.93150000e-07  1.93150000e-07  8.46208190e-01  5.50000000e-01 -6.86509494e-02 
 1.93250000e-07  1.93250000e-07  8.46249445e-01  5.50000000e-01 -6.79123310e-02 
 1.93350000e-07  1.93350000e-07  8.46291291e-01  5.50000000e-01 -6.71629753e-02 
 1.93450000e-07  1.93450000e-07  8.46333723e-01  5.50000000e-01 -6.64029998e-02 
 1.93550000e-07  1.93550000e-07  8.46376734e-01  5.50000000e-01 -6.56325240e-02 
 1.93650000e-07  1.93650000e-07  8.46420318e-01  5.50000000e-01 -6.48516688e-02 
 1.93750000e-07  1.93750000e-07  8.46464466e-01  5.50000000e-01 -6.40605567e-02 
 1.93850000e-07  1.93850000e-07  8.46509173e-01  5.50000000e-01 -6.32593121e-02 
 1.93950000e-07  1.93950000e-07  8.46554431e-01  5.50000000e-01 -6.24480609e-02 
 1.94050000e-07  1.94050000e-07  8.46600233e-01  5.50000000e-01 -6.16269305e-02 
 1.94150000e-07  1.94150000e-07  8.46646572e-01  5.50000000e-01 -6.07960501e-02 
 1.94250000e-07  1.94250000e-07  8.46693441e-01  5.50000000e-01 -5.99555503e-02 
 1.94350000e-07  1.94350000e-07  8.46740831e-01  5.50000000e-01 -5.91055633e-02 
 1.94450000e-07  1.94450000e-07  8.46788737e-01  5.50000000e-01 -5.82462228e-02 
 1.94550000e-07  1.94550000e-07  8.46837149e-01  5.50000000e-01 -5.73776640e-02 
 1.94650000e-07  1.94650000e-07  8.46886061e-01  5.50000000e-01 -5.65000237e-02 
 1.94750000e-07  1.94750000e-07  8.46935465e-01  5.50000000e-01 -5.56134400e-02 
 1.94850000e-07  1.94850000e-07  8.46985352e-01  5.50000000e-01 -5.47180526e-02 
 1.94950000e-07  1.94950000e-07  8.47035716e-01  5.50000000e-01 -5.38139942e-02 
 1.95050000e-07  1.95050000e-07  8.47086548e-01  5.50000000e-01 -5.29014170e-02 
 1.95150000e-07  1.95150000e-07  8.47137839e-01  5.50000000e-01 -5.19804720e-02 
 1.95250000e-07  1.95250000e-07  8.47189583e-01  5.50000000e-01 -5.10512936e-02 
 1.95350000e-07  1.95350000e-07  8.47241771e-01  5.50000000e-01 -5.01140307e-02 
 1.95450000e-07  1.95450000e-07  8.47294394e-01  5.50000000e-01 -4.91688311e-02 
 1.95550000e-07  1.95550000e-07  8.47347444e-01  5.50000000e-01 -4.82158434e-02 
 1.95650000e-07  1.95650000e-07  8.47400913e-01  5.50000000e-01 -4.72552184e-02 
 1.95750000e-07  1.95750000e-07  8.47454793e-01  5.50000000e-01 -4.62871074e-02 
 1.95850000e-07  1.95850000e-07  8.47509074e-01  5.50000000e-01 -4.53116635e-02 
 1.95950000e-07  1.95950000e-07  8.47563749e-01  5.50000000e-01 -4.43290405e-02 
 1.96050000e-07  1.96050000e-07  8.47618809e-01  5.50000000e-01 -4.33393936e-02 
 1.96150000e-07  1.96150000e-07  8.47674245e-01  5.50000000e-01 -4.23428792e-02 
 1.96250000e-07  1.96250000e-07  8.47730048e-01  5.50000000e-01 -4.13396548e-02 
 1.96350000e-07  1.96350000e-07  8.47786209e-01  5.50000000e-01 -4.03298787e-02 
 1.96450000e-07  1.96450000e-07  8.47842720e-01  5.50000000e-01 -3.93137107e-02 
 1.96550000e-07  1.96550000e-07  8.47899571e-01  5.50000000e-01 -3.82913114e-02 
 1.96650000e-07  1.96650000e-07  8.47956755e-01  5.50000000e-01 -3.72628425e-02 
 1.96750000e-07  1.96750000e-07  8.48014261e-01  5.50000000e-01 -3.62284665e-02 
 1.96850000e-07  1.96850000e-07  8.48072080e-01  5.50000000e-01 -3.51883472e-02 
 1.96950000e-07  1.96950000e-07  8.48130204e-01  5.50000000e-01 -3.41426490e-02 
 1.97050000e-07  1.97050000e-07  8.48188623e-01  5.50000000e-01 -3.30915375e-02 
 1.97150000e-07  1.97150000e-07  8.48247328e-01  5.50000000e-01 -3.20351790e-02 
 1.97250000e-07  1.97250000e-07  8.48306310e-01  5.50000000e-01 -3.09737407e-02 
 1.97350000e-07  1.97350000e-07  8.48365560e-01  5.50000000e-01 -2.99073907e-02 
 1.97450000e-07  1.97450000e-07  8.48425067e-01  5.50000000e-01 -2.88362977e-02 
 1.97550000e-07  1.97550000e-07  8.48484824e-01  5.50000000e-01 -2.77606315e-02 
 1.97650000e-07  1.97650000e-07  8.48544819e-01  5.50000000e-01 -2.66805624e-02 
 1.97750000e-07  1.97750000e-07  8.48605044e-01  5.50000000e-01 -2.55962616e-02 
 1.97850000e-07  1.97850000e-07  8.48665490e-01  5.50000000e-01 -2.45079007e-02 
 1.97950000e-07  1.97950000e-07  8.48726146e-01  5.50000000e-01 -2.34156523e-02 
 1.98050000e-07  1.98050000e-07  8.48787004e-01  5.50000000e-01 -2.23196895e-02 
 1.98150000e-07  1.98150000e-07  8.48848053e-01  5.50000000e-01 -2.12201860e-02 
 1.98250000e-07  1.98250000e-07  8.48909284e-01  5.50000000e-01 -2.01173161e-02 
 1.98350000e-07  1.98350000e-07  8.48970687e-01  5.50000000e-01 -1.90112546e-02 
 1.98450000e-07  1.98450000e-07  8.49032253e-01  5.50000000e-01 -1.79021769e-02 
 1.98550000e-07  1.98550000e-07  8.49093971e-01  5.50000000e-01 -1.67902588e-02 
 1.98650000e-07  1.98650000e-07  8.49155833e-01  5.50000000e-01 -1.56756768e-02 
 1.98750000e-07  1.98750000e-07  8.49217828e-01  5.50000000e-01 -1.45586075e-02 
 1.98850000e-07  1.98850000e-07  8.49279946e-01  5.50000000e-01 -1.34392282e-02 
 1.98950000e-07  1.98950000e-07  8.49342178e-01  5.50000000e-01 -1.23177164e-02 
 1.99050000e-07  1.99050000e-07  8.49404514e-01  5.50000000e-01 -1.11942501e-02 
 1.99150000e-07  1.99150000e-07  8.49466944e-01  5.50000000e-01 -1.00690075e-02 
 1.99250000e-07  1.99250000e-07  8.49529458e-01  5.50000000e-01 -8.94216702e-03 
 1.99350000e-07  1.99350000e-07  8.49592047e-01  5.50000000e-01 -7.81390759e-03 
 1.99450000e-07  1.99450000e-07  8.49654700e-01  5.50000000e-01 -6.68440819e-03 
 1.99550000e-07  1.99550000e-07  8.49717407e-01  5.50000000e-01 -5.55384805e-03 
 1.99650000e-07  1.99650000e-07  8.49780159e-01  5.50000000e-01 -4.42240659e-03 
 1.99750000e-07  1.99750000e-07  8.49842946e-01  5.50000000e-01 -3.29026335e-03 
 1.99850000e-07  1.99850000e-07  8.49905758e-01  5.50000000e-01 -2.15759801e-03 
 1.99925000e-07  1.99925000e-07  8.49952877e-01  5.50000000e-01 -1.30786167e-03 
 2.00000000e-07  2.00000000e-07  8.50000000e-01  5.50000000e-01 -4.58011542e-04 
 2.00010000e-07  2.00010000e-07  8.50006283e-01  5.62000000e-01 -3.44674847e-04 
 2.00030000e-07  2.00030000e-07  8.50018850e-01  5.86000000e-01 -1.18987876e-04 
 2.00070000e-07  2.00070000e-07  8.50043982e-01  6.34000000e-01  3.23955965e-04 
 2.00150000e-07  2.00150000e-07  8.50094242e-01  7.30000000e-01  8.18339561e-04 
 2.00250000e-07  2.00250000e-07  8.50157054e-01  8.50000000e-01  3.13378355e-04 
 2.00350000e-07  2.00350000e-07  8.50219841e-01  9.70000000e-01 -1.00248574e-03 
 2.00425000e-07  2.00425000e-07  8.50266908e-01  1.06000000e+00 -3.11780702e-03 
 2.00500000e-07  2.00500000e-07  8.50313953e-01  1.15000000e+00 -5.34335879e-03 
 2.00510000e-07  2.00510000e-07  8.50320223e-01  1.15000000e+00 -5.45201061e-03 
 2.00530000e-07  2.00530000e-07  8.50332763e-01  1.15000000e+00 -5.62976468e-03 
 2.00570000e-07  2.00570000e-07  8.50357835e-01  1.15000000e+00 -6.00074324e-03 
 2.00650000e-07  2.00650000e-07  8.50407953e-01  1.15000000e+00 -6.90373338e-03 
 2.00750000e-07  2.00750000e-07  8.50470542e-01  1.15000000e+00 -8.02774164e-03 
 2.00850000e-07  2.00850000e-07  8.50533056e-01  1.15000000e+00 -9.16004590e-03 
 2.00950000e-07  2.00950000e-07  8.50595486e-01  1.15000000e+00 -1.02835061e-02 
 2.01050000e-07  2.01050000e-07  8.50657822e-01  1.15000000e+00 -1.14105417e-02 
 2.01150000e-07  2.01150000e-07  8.50720054e-01  1.15000000e+00 -1.25322277e-02 
 2.01250000e-07  2.01250000e-07  8.50782172e-01  1.15000000e+00 -1.36542711e-02 
 2.01350000e-07  2.01350000e-07  8.50844167e-01  1.15000000e+00 -1.47726302e-02 
 2.01450000e-07  2.01450000e-07  8.50906029e-01  1.15000000e+00 -1.58895971e-02 
 2.01550000e-07  2.01550000e-07  8.50967747e-01  1.15000000e+00 -1.70034713e-02 
 2.01650000e-07  2.01650000e-07  8.51029313e-01  1.15000000e+00 -1.81149673e-02 
 2.01750000e-07  2.01750000e-07  8.51090716e-01  1.15000000e+00 -1.92234301e-02 
 2.01850000e-07  2.01850000e-07  8.51151947e-01  1.15000000e+00 -2.03288986e-02 
 2.01950000e-07  2.01950000e-07  8.51212996e-01  1.15000000e+00 -2.14311417e-02 
 2.02050000e-07  2.02050000e-07  8.51273854e-01  1.15000000e+00 -2.25299565e-02 
 2.02150000e-07  2.02150000e-07  8.51334510e-01  1.15000000e+00 -2.36252486e-02 
 2.02250000e-07  2.02250000e-07  8.51394956e-01  1.15000000e+00 -2.47167296e-02 
 2.02350000e-07  2.02350000e-07  8.51455181e-01  1.15000000e+00 -2.58043565e-02 
 2.02450000e-07  2.02450000e-07  8.51515176e-01  1.15000000e+00 -2.68878260e-02 
 2.02550000e-07  2.02550000e-07  8.51574933e-01  1.15000000e+00 -2.79670898e-02 
 2.02650000e-07  2.02650000e-07  8.51634440e-01  1.15000000e+00 -2.90418657e-02 
 2.02750000e-07  2.02750000e-07  8.51693690e-01  1.15000000e+00 -3.01120809e-02 
 2.02850000e-07  2.02850000e-07  8.51752672e-01  1.15000000e+00 -3.11774823e-02 
 2.02950000e-07  2.02950000e-07  8.51811377e-01  1.15000000e+00 -3.22379718e-02 
 2.03050000e-07  2.03050000e-07  8.51869796e-01  1.15000000e+00 -3.32933228e-02 
 2.03150000e-07  2.03150000e-07  8.51927920e-01  1.15000000e+00 -3.43434165e-02 
 2.03250000e-07  2.03250000e-07  8.51985739e-01  1.15000000e+00 -3.53880475e-02 
 2.03350000e-07  2.03350000e-07  8.52043245e-01  1.15000000e+00 -3.64270821e-02 
 2.03450000e-07  2.03450000e-07  8.52100429e-01  1.15000000e+00 -3.74603306e-02 
 2.03550000e-07  2.03550000e-07  8.52157280e-01  1.15000000e+00 -3.84876498e-02 
 2.03650000e-07  2.03650000e-07  8.52213791e-01  1.15000000e+00 -3.95088611e-02 
 2.03750000e-07  2.03750000e-07  8.52269952e-01  1.15000000e+00 -4.05238159e-02 
 2.03850000e-07  2.03850000e-07  8.52325755e-01  1.15000000e+00 -4.15323436e-02 
 2.03950000e-07  2.03950000e-07  8.52381191e-01  1.15000000e+00 -4.25342928e-02 
 2.04050000e-07  2.04050000e-07  8.52436251e-01  1.15000000e+00 -4.35294989e-02 
 2.04150000e-07  2.04150000e-07  8.52490926e-01  1.15000000e+00 -4.45178096e-02 
 2.04250000e-07  2.04250000e-07  8.52545207e-01  1.15000000e+00 -4.54990649e-02 
 2.04350000e-07  2.04350000e-07  8.52599087e-01  1.15000000e+00 -4.64731129e-02 
 2.04450000e-07  2.04450000e-07  8.52652556e-01  1.15000000e+00 -4.74397975e-02 
 2.04550000e-07  2.04550000e-07  8.52705606e-01  1.15000000e+00 -4.83989679e-02 
 2.04650000e-07  2.04650000e-07  8.52758229e-01  1.15000000e+00 -4.93504713e-02 
 2.04750000e-07  2.04750000e-07  8.52810417e-01  1.15000000e+00 -5.02941587e-02 
 2.04850000e-07  2.04850000e-07  8.52862161e-01  1.15000000e+00 -5.12298805e-02 
 2.04950000e-07  2.04950000e-07  8.52913452e-01  1.15000000e+00 -5.21574896e-02 
 2.05050000e-07  2.05050000e-07  8.52964284e-01  1.15000000e+00 -5.30768394e-02 
 2.05150000e-07  2.05150000e-07  8.53014648e-01  1.15000000e+00 -5.39877854e-02 
 2.05250000e-07  2.05250000e-07  8.53064535e-01  1.15000000e+00 -5.48901836e-02 
 2.05350000e-07  2.05350000e-07  8.53113939e-01  1.15000000e+00 -5.57839004e-02 
 2.05450000e-07  2.05450000e-07  8.53162851e-01  1.15000000e+00 -5.66687851e-02 
 2.05550000e-07  2.05550000e-07  8.53211263e-01  1.15000000e+00 -5.75446915e-02 
 2.05650000e-07  2.05650000e-07  8.53259169e-01  1.15000000e+00 -5.84114921e-02 
 2.05750000e-07  2.05750000e-07  8.53306559e-01  1.15000000e+00 -5.92690483e-02 
 2.05850000e-07  2.05850000e-07  8.53353428e-01  1.15000000e+00 -6.01172251e-02 
 2.05950000e-07  2.05950000e-07  8.53399767e-01  1.15000000e+00 -6.09558896e-02 
 2.06050000e-07  2.06050000e-07  8.53445569e-01  1.15000000e+00 -6.17849095e-02 
 2.06150000e-07  2.06150000e-07  8.53490827e-01  1.15000000e+00 -6.26041547e-02 
 2.06250000e-07  2.06250000e-07  8.53535534e-01  1.15000000e+00 -6.34134962e-02 
 2.06350000e-07  2.06350000e-07  8.53579682e-01  1.15000000e+00 -6.42128070e-02 
 2.06450000e-07  2.06450000e-07  8.53623266e-01  1.15000000e+00 -6.50019613e-02 
 2.06550000e-07  2.06550000e-07  8.53666277e-01  1.15000000e+00 -6.57808354e-02 
 2.06650000e-07  2.06650000e-07  8.53708709e-01  1.15000000e+00 -6.65493069e-02 
 2.06750000e-07  2.06750000e-07  8.53750555e-01  1.15000000e+00 -6.73072551e-02 
 2.06850000e-07  2.06850000e-07  8.53791810e-01  1.15000000e+00 -6.80545610e-02 
 2.06950000e-07  2.06950000e-07  8.53832465e-01  1.15000000e+00 -6.87911075e-02 
 2.07050000e-07  2.07050000e-07  8.53872515e-01  1.15000000e+00 -6.95167789e-02 
 2.07150000e-07  2.07150000e-07  8.53911954e-01  1.15000000e+00 -7.02314615e-02 
 2.07250000e-07  2.07250000e-07  8.53950775e-01  1.15000000e+00 -7.09350431e-02 
 2.07350000e-07  2.07350000e-07  8.53988972e-01  1.15000000e+00 -7.16274136e-02 
 2.07450000e-07  2.07450000e-07  8.54026539e-01  1.15000000e+00 -7.23084643e-02 
 2.07550000e-07  2.07550000e-07  8.54063471e-01  1.15000000e+00 -7.29780886e-02 
 2.07650000e-07  2.07650000e-07  8.54099761e-01  1.15000000e+00 -7.36361816e-02 
 2.07750000e-07  2.07750000e-07  8.54135403e-01  1.15000000e+00 -7.42826403e-02 
 2.07850000e-07  2.07850000e-07  8.54170392e-01  1.15000000e+00 -7.49173633e-02 
 2.07950000e-07  2.07950000e-07  8.54204723e-01  1.15000000e+00 -7.55402514e-02 
 2.08050000e-07  2.08050000e-07  8.54238390e-01  1.15000000e+00 -7.61512071e-02 
 2.08150000e-07  2.08150000e-07  8.54271387e-01  1.15000000e+00 -7.67501348e-02 
 2.08250000e-07  2.08250000e-07  8.54303710e-01  1.15000000e+00 -7.73369409e-02 
 2.08350000e-07  2.08350000e-07  8.54335354e-01  1.15000000e+00 -7.79115334e-02 
 2.08450000e-07  2.08450000e-07  8.54366312e-01  1.15000000e+00 -7.84738227e-02 
 2.08550000e-07  2.08550000e-07  8.54396582e-01  1.15000000e+00 -7.90237208e-02 
 2.08650000e-07  2.08650000e-07  8.54426157e-01  1.15000000e+00 -7.95611417e-02 
 2.08750000e-07  2.08750000e-07  8.54455033e-01  1.15000000e+00 -8.00860016e-02 
 2.08850000e-07  2.08850000e-07  8.54483205e-01  1.15000000e+00 -8.05982184e-02 
 2.08950000e-07  2.08950000e-07  8.54510670e-01  1.15000000e+00 -8.10977121e-02 
 2.09050000e-07  2.09050000e-07  8.54537422e-01  1.15000000e+00 -8.15844047e-02 
 2.09150000e-07  2.09150000e-07  8.54563458e-01  1.15000000e+00 -8.20582203e-02 
 2.09250000e-07  2.09250000e-07  8.54588773e-01  1.15000000e+00 -8.25190848e-02 
 2.09350000e-07  2.09350000e-07  8.54613364e-01  1.15000000e+00 -8.29669264e-02 
 2.09450000e-07  2.09450000e-07  8.54637226e-01  1.15000000e+00 -8.34016752e-02 
 2.09550000e-07  2.09550000e-07  8.54660356e-01  1.15000000e+00 -8.38232634e-02 
 2.09650000e-07  2.09650000e-07  8.54682749e-01  1.15000000e+00 -8.42316251e-02 
 2.09750000e-07  2.09750000e-07  8.54704404e-01  1.15000000e+00 -8.46266968e-02 
 2.09850000e-07  2.09850000e-07  8.54725315e-01  1.15000000e+00 -8.50084168e-02 
 2.09950000e-07  2.09950000e-07  8.54745481e-01  1.15000000e+00 -8.53767256e-02 
 2.10050000e-07  2.10050000e-07  8.54764897e-01  1.15000000e+00 -8.57315659e-02 
 2.10150000e-07  2.10150000e-07  8.54783560e-01  1.15000000e+00 -8.60728822e-02 
 2.10250000e-07  2.10250000e-07  8.54801468e-01  1.15000000e+00 -8.64006215e-02 
 2.10350000e-07  2.10350000e-07  8.54818618e-01  1.15000000e+00 -8.67147326e-02 
 2.10450000e-07  2.10450000e-07  8.54835007e-01  1.15000000e+00 -8.70151667e-02 
 2.10550000e-07  2.10550000e-07  8.54850633e-01  1.15000000e+00 -8.73018769e-02 
 2.10650000e-07  2.10650000e-07  8.54865493e-01  1.15000000e+00 -8.75748185e-02 
 2.10750000e-07  2.10750000e-07  8.54879584e-01  1.15000000e+00 -8.78339492e-02 
 2.10850000e-07  2.10850000e-07  8.54892905e-01  1.15000000e+00 -8.80792285e-02 
 2.10950000e-07  2.10950000e-07  8.54905453e-01  1.15000000e+00 -8.83106182e-02 
 2.11050000e-07  2.11050000e-07  8.54917226e-01  1.15000000e+00 -8.85280824e-02 
 2.11150000e-07  2.11150000e-07  8.54928223e-01  1.15000000e+00 -8.87315871e-02 
 2.11250000e-07  2.11250000e-07  8.54938442e-01  1.15000000e+00 -8.89211008e-02 
 2.11350000e-07  2.11350000e-07  8.54947881e-01  1.15000000e+00 -8.90965939e-02 
 2.11450000e-07  2.11450000e-07  8.54956538e-01  1.15000000e+00 -8.92580390e-02 
 2.11550000e-07  2.11550000e-07  8.54964413e-01  1.15000000e+00 -8.94054112e-02 
 2.11650000e-07  2.11650000e-07  8.54971504e-01  1.15000000e+00 -8.95386874e-02 
 2.11750000e-07  2.11750000e-07  8.54977810e-01  1.15000000e+00 -8.96578469e-02 
 2.11850000e-07  2.11850000e-07  8.54983330e-01  1.15000000e+00 -8.97628712e-02 
 2.11950000e-07  2.11950000e-07  8.54988063e-01  1.15000000e+00 -8.98537439e-02 
 2.12050000e-07  2.12050000e-07  8.54992008e-01  1.15000000e+00 -8.99304509e-02 
 2.12150000e-07  2.12150000e-07  8.54995165e-01  1.15000000e+00 -8.99929803e-02 
 2.12250000e-07  2.12250000e-07  8.54997533e-01  1.15000000e+00 -9.00413223e-02 
 2.12350000e-07  2.12350000e-07  8.54999112e-01  1.15000000e+00 -9.00754695e-02 
 2.12450000e-07  2.12450000e-07  8.54999901e-01  1.15000000e+00 -9.00954164e-02 
 2.12550000e-07  2.12550000e-07  8.54999901e-01  1.15000000e+00 -9.01011600e-02 
 2.12650000e-07  2.12650000e-07  8.54999112e-01  1.15000000e+00 -9.00926995e-02 
 2.12750000e-07  2.12750000e-07  8.54997533e-01  1.15000000e+00 -9.00700360e-02 
 2.12850000e-07  2.12850000e-07  8.54995165e-01  1.15000000e+00 -9.00331732e-02 
 2.12950000e-07  2.12950000e-07  8.54992008e-01  1.15000000e+00 -8.99821168e-02 
 2.13050000e-07  2.13050000e-07  8.54988063e-01  1.15000000e+00 -8.99168746e-02 
 2.13150000e-07  2.13150000e-07  8.54983330e-01  1.15000000e+00 -8.98374569e-02 
 2.13250000e-07  2.13250000e-07  8.54977810e-01  1.15000000e+00 -8.97438761e-02 
 2.13350000e-07  2.13350000e-07  8.54971504e-01  1.15000000e+00 -8.96361465e-02 
 2.13450000e-07  2.13450000e-07  8.54964413e-01  1.15000000e+00 -8.95142851e-02 
 2.13550000e-07  2.13550000e-07  8.54956538e-01  1.15000000e+00 -8.93783108e-02 
 2.13650000e-07  2.13650000e-07  8.54947881e-01  1.15000000e+00 -8.92282446e-02 
 2.13750000e-07  2.13750000e-07  8.54938442e-01  1.15000000e+00 -8.90641101e-02 
 2.13850000e-07  2.13850000e-07  8.54928223e-01  1.15000000e+00 -8.88859326e-02 
 2.13950000e-07  2.13950000e-07  8.54917226e-01  1.15000000e+00 -8.86937400e-02 
 2.14050000e-07  2.14050000e-07  8.54905453e-01  1.15000000e+00 -8.84875621e-02 
 2.14150000e-07  2.14150000e-07  8.54892905e-01  1.15000000e+00 -8.82674310e-02 
 2.14250000e-07  2.14250000e-07  8.54879584e-01  1.15000000e+00 -8.80333810e-02 
 2.14350000e-07  2.14350000e-07  8.54865493e-01  1.15000000e+00 -8.77854485e-02 
 2.14450000e-07  2.14450000e-07  8.54850633e-01  1.15000000e+00 -8.75236721e-02 
 2.14550000e-07  2.14550000e-07  8.54835007e-01  1.15000000e+00 -8.72480925e-02 
 2.14650000e-07  2.14650000e-07  8.54818618e-01  1.15000000e+00 -8.69587528e-02 
 2.14750000e-07  2.14750000e-07  8.54801468e-01  1.15000000e+00 -8.66556978e-02 
 2.14850000e-07  2.14850000e-07  8.54783560e-01  1.15000000e+00 -8.63389749e-02 
 2.14950000e-07  2.14950000e-07  8.54764897e-01  1.15000000e+00 -8.60086334e-02 
 2.15050000e-07  2.15050000e-07  8.54745481e-01  1.15000000e+00 -8.56647247e-02 
 2.15150000e-07  2.15150000e-07  8.54725315e-01  1.15000000e+00 -8.53073024e-02 
 2.15250000e-07  2.15250000e-07  8.54704404e-01  1.15000000e+00 -8.49364223e-02 
 2.15350000e-07  2.15350000e-07  8.54682749e-01  1.15000000e+00 -8.45521421e-02 
 2.15450000e-07  2.15450000e-07  8.54660356e-01  1.15000000e+00 -8.41545217e-02 
 2.15550000e-07  2.15550000e-07  8.54637226e-01  1.15000000e+00 -8.37436231e-02 
 2.15650000e-07  2.15650000e-07  8.54613364e-01  1.15000000e+00 -8.33195105e-02 
 2.15750000e-07  2.15750000e-07  8.54588773e-01  1.15000000e+00 -8.28822499e-02 
 2.15850000e-07  2.15850000e-07  8.54563458e-01  1.15000000e+00 -8.24319096e-02 
 2.15950000e-07  2.15950000e-07  8.54537422e-01  1.15000000e+00 -8.19685599e-02 
 2.16050000e-07  2.16050000e-07  8.54510670e-01  1.15000000e+00 -8.14922730e-02 
 2.16150000e-07  2.16150000e-07  8.54483205e-01  1.15000000e+00 -8.10031232e-02 
 2.16250000e-07  2.16250000e-07  8.54455033e-01  1.15000000e+00 -8.05011871e-02 
 2.16350000e-07  2.16350000e-07  8.54426157e-01  1.15000000e+00 -7.99865429e-02 
 2.16450000e-07  2.16450000e-07  8.54396582e-01  1.15000000e+00 -7.94592710e-02 
 2.16550000e-07  2.16550000e-07  8.54366312e-01  1.15000000e+00 -7.89194539e-02 
 2.16650000e-07  2.16650000e-07  8.54335354e-01  1.15000000e+00 -7.83671757e-02 
 2.16750000e-07  2.16750000e-07  8.54303710e-01  1.15000000e+00 -7.78025229e-02 
 2.16850000e-07  2.16850000e-07  8.54271387e-01  1.15000000e+00 -7.72255838e-02 
 2.16950000e-07  2.16950000e-07  8.54238390e-01  1.15000000e+00 -7.66364485e-02 
 2.17050000e-07  2.17050000e-07  8.54204723e-01  1.15000000e+00 -7.60352091e-02 
 2.17150000e-07  2.17150000e-07  8.54170392e-01  1.15000000e+00 -7.54219598e-02 
 2.17250000e-07  2.17250000e-07  8.54135403e-01  1.15000000e+00 -7.47967964e-02 
 2.17350000e-07  2.17350000e-07  8.54099761e-01  1.15000000e+00 -7.41598169e-02 
 2.17450000e-07  2.17450000e-07  8.54063471e-01  1.15000000e+00 -7.35111208e-02 
 2.17550000e-07  2.17550000e-07  8.54026539e-01  1.15000000e+00 -7.28508099e-02 
 2.17650000e-07  2.17650000e-07  8.53988972e-01  1.15000000e+00 -7.21789874e-02 
 2.17750000e-07  2.17750000e-07  8.53950775e-01  1.15000000e+00 -7.14957587e-02 
 2.17850000e-07  2.17850000e-07  8.53911954e-01  1.15000000e+00 -7.08012308e-02 
 2.17950000e-07  2.17950000e-07  8.53872515e-01  1.15000000e+00 -7.00955126e-02 
 2.18050000e-07  2.18050000e-07  8.53832465e-01  1.15000000e+00 -6.93787147e-02 
 2.18150000e-07  2.18150000e-07  8.53791810e-01  1.15000000e+00 -6.86509494e-02 
 2.18250000e-07  2.18250000e-07  8.53750555e-01  1.15000000e+00 -6.79123310e-02 
 2.18350000e-07  2.18350000e-07  8.53708709e-01  1.15000000e+00 -6.71629753e-02 
 2.18450000e-07  2.18450000e-07  8.53666277e-01  1.15000000e+00 -6.64029998e-02 
 2.18550000e-07  2.18550000e-07  8.53623266e-01  1.15000000e+00 -6.56325240e-02 
 2.18650000e-07  2.18650000e-07  8.53579682e-01  1.15000000e+00 -6.48516688e-02 
 2.18750000e-07  2.18750000e-07  8.53535534e-01  1.15000000e+00 -6.40605567e-02 
 2.18850000e-07  2.18850000e-07  8.53490827e-01  1.15000000e+00 -6.32593121e-02 
 2.18950000e-07  2.18950000e-07  8.53445569e-01  1.15000000e+00 -6.24480609e-02 
 2.19050000e-07  2.19050000e-07  8.53399767e-01  1.15000000e+00 -6.16269305e-02 
 2.19150000e-07  2.19150000e-07  8.53353428e-01  1.15000000e+00 -6.07960501e-02 
 2.19250000e-07  2.19250000e-07  8.53306559e-01  1.15000000e+00 -5.99555503e-02 
 2.19350000e-07  2.19350000e-07  8.53259169e-01  1.15000000e+00 -5.91055633e-02 
 2.19450000e-07  2.19450000e-07  8.53211263e-01  1.15000000e+00 -5.82462228e-02 
 2.19550000e-07  2.19550000e-07  8.53162851e-01  1.15000000e+00 -5.73776640e-02 
 2.19650000e-07  2.19650000e-07  8.53113939e-01  1.15000000e+00 -5.65000237e-02 
 2.19750000e-07  2.19750000e-07  8.53064535e-01  1.15000000e+00 -5.56134400e-02 
 2.19850000e-07  2.19850000e-07  8.53014648e-01  1.15000000e+00 -5.47180526e-02 
 2.19950000e-07  2.19950000e-07  8.52964284e-01  1.15000000e+00 -5.38139942e-02 
 2.20050000e-07  2.20050000e-07  8.52913452e-01  1.15000000e+00 -5.29014170e-02 
 2.20150000e-07  2.20150000e-07  8.52862161e-01  1.15000000e+00 -5.19804720e-02 
 2.20250000e-07  2.20250000e-07  8.52810417e-01  1.15000000e+00 -5.10512936e-02 
 2.20350000e-07  2.20350000e-07  8.52758229e-01  1.15000000e+00 -5.01140307e-02 
 2.20450000e-07  2.20450000e-07  8.52705606e-01  1.15000000e+00 -4.91688311e-02 
 2.20550000e-07  2.20550000e-07  8.52652556e-01  1.15000000e+00 -4.82158434e-02 
 2.20650000e-07  2.20650000e-07  8.52599087e-01  1.15000000e+00 -4.72552184e-02 
 2.20750000e-07  2.20750000e-07  8.52545207e-01  1.15000000e+00 -4.62871074e-02 
 2.20850000e-07  2.20850000e-07  8.52490926e-01  1.15000000e+00 -4.53116635e-02 
 2.20950000e-07  2.20950000e-07  8.52436251e-01  1.15000000e+00 -4.43290405e-02 
 2.21050000e-07  2.21050000e-07  8.52381191e-01  1.15000000e+00 -4.33393936e-02 
 2.21150000e-07  2.21150000e-07  8.52325755e-01  1.15000000e+00 -4.23428792e-02 
 2.21250000e-07  2.21250000e-07  8.52269952e-01  1.15000000e+00 -4.13396548e-02 
 2.21350000e-07  2.21350000e-07  8.52213791e-01  1.15000000e+00 -4.03298787e-02 
 2.21450000e-07  2.21450000e-07  8.52157280e-01  1.15000000e+00 -3.93137107e-02 
 2.21550000e-07  2.21550000e-07  8.52100429e-01  1.15000000e+00 -3.82913114e-02 
 2.21650000e-07  2.21650000e-07  8.52043245e-01  1.15000000e+00 -3.72628425e-02 
 2.21750000e-07  2.21750000e-07  8.51985739e-01  1.15000000e+00 -3.62284665e-02 
 2.21850000e-07  2.21850000e-07  8.51927920e-01  1.15000000e+00 -3.51883472e-02 
 2.21950000e-07  2.21950000e-07  8.51869796e-01  1.15000000e+00 -3.41426490e-02 
 2.22050000e-07  2.22050000e-07  8.51811377e-01  1.15000000e+00 -3.30915375e-02 
 2.22150000e-07  2.22150000e-07  8.51752672e-01  1.15000000e+00 -3.20351790e-02 
 2.22250000e-07  2.22250000e-07  8.51693690e-01  1.15000000e+00 -3.09737407e-02 
 2.22350000e-07  2.22350000e-07  8.51634440e-01  1.15000000e+00 -2.99073907e-02 
 2.22450000e-07  2.22450000e-07  8.51574933e-01  1.15000000e+00 -2.88362977e-02 
 2.22550000e-07  2.22550000e-07  8.51515176e-01  1.15000000e+00 -2.77606315e-02 
 2.22650000e-07  2.22650000e-07  8.51455181e-01  1.15000000e+00 -2.66805624e-02 
 2.22750000e-07  2.22750000e-07  8.51394956e-01  1.15000000e+00 -2.55962616e-02 
 2.22850000e-07  2.22850000e-07  8.51334510e-01  1.15000000e+00 -2.45079007e-02 
 2.22950000e-07  2.22950000e-07  8.51273854e-01  1.15000000e+00 -2.34156523e-02 
 2.23050000e-07  2.23050000e-07  8.51212996e-01  1.15000000e+00 -2.23196895e-02 
 2.23150000e-07  2.23150000e-07  8.51151947e-01  1.15000000e+00 -2.12201860e-02 
 2.23250000e-07  2.23250000e-07  8.51090716e-01  1.15000000e+00 -2.01173161e-02 
 2.23350000e-07  2.23350000e-07  8.51029313e-01  1.15000000e+00 -1.90112546e-02 
 2.23450000e-07  2.23450000e-07  8.50967747e-01  1.15000000e+00 -1.79021769e-02 
 2.23550000e-07  2.23550000e-07  8.50906029e-01  1.15000000e+00 -1.67902588e-02 
 2.23650000e-07  2.23650000e-07  8.50844167e-01  1.15000000e+00 -1.56756768e-02 
 2.23750000e-07  2.23750000e-07  8.50782172e-01  1.15000000e+00 -1.45586075e-02 
 2.23850000e-07  2.23850000e-07  8.50720054e-01  1.15000000e+00 -1.34392282e-02 
 2.23950000e-07  2.23950000e-07  8.50657822e-01  1.15000000e+00 -1.23177164e-02 
 2.24050000e-07  2.24050000e-07  8.50595486e-01  1.15000000e+00 -1.11942501e-02 
 2.24150000e-07  2.24150000e-07  8.50533056e-01  1.15000000e+00 -1.00690075e-02 
 2.24250000e-07  2.24250000e-07  8.50470542e-01  1.15000000e+00 -8.94216702e-03 
 2.24350000e-07  2.24350000e-07  8.50407953e-01  1.15000000e+00 -7.81390759e-03 
 2.24450000e-07  2.24450000e-07  8.50345300e-01  1.15000000e+00 -6.68440819e-03 
 2.24550000e-07  2.24550000e-07  8.50282593e-01  1.15000000e+00 -5.55384805e-03 
 2.24650000e-07  2.24650000e-07  8.50219841e-01  1.15000000e+00 -4.42240659e-03 
 2.24750000e-07  2.24750000e-07  8.50157054e-01  1.15000000e+00 -3.29026335e-03 
 2.24850000e-07  2.24850000e-07  8.50094242e-01  1.15000000e+00 -2.15759801e-03 
 2.24950000e-07  2.24950000e-07  8.50031416e-01  1.15000000e+00 -1.02459031e-03 
 2.25050000e-07  2.25050000e-07  8.49968584e-01  1.15000000e+00  1.08579928e-04 
 2.25150000e-07  2.25150000e-07  8.49905758e-01  1.15000000e+00  1.24173287e-03 
 2.25250000e-07  2.25250000e-07  8.49842946e-01  1.15000000e+00  2.37468868e-03 
 2.25350000e-07  2.25350000e-07  8.49780159e-01  1.15000000e+00  3.50726756e-03 
 2.25425000e-07  2.25425000e-07  8.49733092e-01  1.15000000e+00  4.35634906e-03 
 2.25500000e-07  2.25500000e-07  8.49686047e-01  1.15000000e+00  5.20503870e-03 
 2.25510000e-07  2.25510000e-07  8.49679777e-01  1.13800000e+00  5.30597300e-03 
 2.25530000e-07  2.25530000e-07  8.49667237e-01  1.11400000e+00  5.51317520e-03 
 2.25570000e-07  2.25570000e-07  8.49642165e-01  1.06600000e+00  5.89829055e-03 
 2.25650000e-07  2.25650000e-07  8.49592047e-01  9.70000000e-01  5.04413421e-03 
 2.25750000e-07  2.25750000e-07  8.49529458e-01  8.50000000e-01  1.24723199e-03 
 2.25850000e-07  2.25850000e-07  8.49466944e-01  7.30000000e-01 -2.61069714e-03 
 2.25925000e-07  2.25925000e-07  8.49420113e-01  6.40000000e-01 -7.07017571e-03 
 2.26000000e-07  2.26000000e-07  8.49373334e-01  5.50000000e-01 -1.11956763e-02 
 2.26010000e-07  2.26010000e-07  8.49367101e-01  5.50000000e-01 -1.12829100e-02 
 2.26030000e-07  2.26030000e-07  8.49354637e-01  5.50000000e-01 -1.13844095e-02 
 2.26070000e-07  2.26070000e-07  8.49329723e-01  5.50000000e-01 -1.16475328e-02 
 2.26150000e-07  2.26150000e-07  8.49279946e-01  5.50000000e-01 -1.25374908e-02 
 2.26250000e-07  2.26250000e-07  8.49217828e-01  5.50000000e-01 -1.36490994e-02 
 2.26350000e-07  2.26350000e-07  8.49155833e-01  5.50000000e-01 -1.47764857e-02 
 2.26450000e-07  2.26450000e-07  8.49093971e-01  5.50000000e-01 -1.58869445e-02 
 2.26550000e-07  2.26550000e-07  8.49032253e-01  5.50000000e-01 -1.70052283e-02 
 2.26650000e-07  2.26650000e-07  8.48970687e-01  5.50000000e-01 -1.81138336e-02 
 2.26750000e-07  2.26750000e-07  8.48909284e-01  5.50000000e-01 -1.92241447e-02 
 2.26850000e-07  2.26850000e-07  8.48848053e-01  5.50000000e-01 -2.03284691e-02 
 2.26950000e-07  2.26950000e-07  8.48787004e-01  5.50000000e-01 -2.14314034e-02 
 2.27050000e-07  2.27050000e-07  8.48726146e-01  5.50000000e-01 -2.25298299e-02 
 2.27150000e-07  2.27150000e-07  8.48665490e-01  5.50000000e-01 -2.36253173e-02 
 2.27250000e-07  2.27250000e-07  8.48605044e-01  5.50000000e-01 -2.47167202e-02 
 2.27350000e-07  2.27350000e-07  8.48544819e-01  5.50000000e-01 -2.58043495e-02 
 2.27450000e-07  2.27450000e-07  8.48484824e-01  5.50000000e-01 -2.68878469e-02 
 2.27550000e-07  2.27550000e-07  8.48425067e-01  5.50000000e-01 -2.79670613e-02 
 2.27650000e-07  2.27650000e-07  8.48365560e-01  5.50000000e-01 -2.90418969e-02 
 2.27750000e-07  2.27750000e-07  8.48306310e-01  5.50000000e-01 -3.01120502e-02 
 2.27850000e-07  2.27850000e-07  8.48247328e-01  5.50000000e-01 -3.11775107e-02 
 2.27950000e-07  2.27950000e-07  8.48188623e-01  5.50000000e-01 -3.22379466e-02 
 2.28050000e-07  2.28050000e-07  8.48130204e-01  5.50000000e-01 -3.32933446e-02 
 2.28150000e-07  2.28150000e-07  8.48072080e-01  5.50000000e-01 -3.43433981e-02 
 2.28250000e-07  2.28250000e-07  8.48014261e-01  5.50000000e-01 -3.53880628e-02 
 2.28350000e-07  2.28350000e-07  8.47956755e-01  5.50000000e-01 -3.64270695e-02 
 2.28450000e-07  2.28450000e-07  8.47899571e-01  5.50000000e-01 -3.74603409e-02 
 2.28550000e-07  2.28550000e-07  8.47842720e-01  5.50000000e-01 -3.84876414e-02 
 2.28650000e-07  2.28650000e-07  8.47786209e-01  5.50000000e-01 -3.95088678e-02 
 2.28750000e-07  2.28750000e-07  8.47730048e-01  5.50000000e-01 -4.05238106e-02 
 2.28850000e-07  2.28850000e-07  8.47674245e-01  5.50000000e-01 -4.15323479e-02 
 2.28950000e-07  2.28950000e-07  8.47618809e-01  5.50000000e-01 -4.25342894e-02 
 2.29050000e-07  2.29050000e-07  8.47563749e-01  5.50000000e-01 -4.35295016e-02 
 2.29150000e-07  2.29150000e-07  8.47509074e-01  5.50000000e-01 -4.45178075e-02 
 2.29250000e-07  2.29250000e-07  8.47454793e-01  5.50000000e-01 -4.54990665e-02 
 2.29350000e-07  2.29350000e-07  8.47400913e-01  5.50000000e-01 -4.64731116e-02 
 2.29450000e-07  2.29450000e-07  8.47347444e-01  5.50000000e-01 -4.74397985e-02 
 2.29550000e-07  2.29550000e-07  8.47294394e-01  5.50000000e-01 -4.83989671e-02 
 2.29650000e-07  2.29650000e-07  8.47241771e-01  5.50000000e-01 -4.93504719e-02 
 2.29750000e-07  2.29750000e-07  8.47189583e-01  5.50000000e-01 -5.02941583e-02 
 2.29850000e-07  2.29850000e-07  8.47137839e-01  5.50000000e-01 -5.12298808e-02 
 2.29950000e-07  2.29950000e-07  8.47086548e-01  5.50000000e-01 -5.21574893e-02 
 2.30050000e-07  2.30050000e-07  8.47035716e-01  5.50000000e-01 -5.30768396e-02 
 2.30150000e-07  2.30150000e-07  8.46985352e-01  5.50000000e-01 -5.39877852e-02 
 2.30250000e-07  2.30250000e-07  8.46935465e-01  5.50000000e-01 -5.48901837e-02 
 2.30350000e-07  2.30350000e-07  8.46886061e-01  5.50000000e-01 -5.57839003e-02 
 2.30450000e-07  2.30450000e-07  8.46837149e-01  5.50000000e-01 -5.66687852e-02 
 2.30550000e-07  2.30550000e-07  8.46788737e-01  5.50000000e-01 -5.75446915e-02 
 2.30650000e-07  2.30650000e-07  8.46740831e-01  5.50000000e-01 -5.84114921e-02 
 2.30750000e-07  2.30750000e-07  8.46693441e-01  5.50000000e-01 -5.92690483e-02 
 2.30850000e-07  2.30850000e-07  8.46646572e-01  5.50000000e-01 -6.01172251e-02 
 2.30950000e-07  2.30950000e-07  8.46600233e-01  5.50000000e-01 -6.09558896e-02 
 2.31050000e-07  2.31050000e-07  8.46554431e-01  5.50000000e-01 -6.17849095e-02 
 2.31150000e-07  2.31150000e-07  8.46509173e-01  5.50000000e-01 -6.26041547e-02 
 2.31250000e-07  2.31250000e-07  8.46464466e-01  5.50000000e-01 -6.34134962e-02 
 2.31350000e-07  2.31350000e-07  8.46420318e-01  5.50000000e-01 -6.42128069e-02 
 2.31450000e-07  2.31450000e-07  8.46376734e-01  5.50000000e-01 -6.50019613e-02 
 2.31550000e-07  2.31550000e-07  8.46333723e-01  5.50000000e-01 -6.57808354e-02 
 2.31650000e-07  2.31650000e-07  8.46291291e-01  5.50000000e-01 -6.65493069e-02 
 2.31750000e-07  2.31750000e-07  8.46249445e-01  5.50000000e-01 -6.73072551e-02 
 2.31850000e-07  2.31850000e-07  8.46208190e-01  5.50000000e-01 -6.80545610e-02 
 2.31950000e-07  2.31950000e-07  8.46167535e-01  5.50000000e-01 -6.87911075e-02 
 2.32050000e-07  2.32050000e-07  8.46127485e-01  5.50000000e-01 -6.95167789e-02 
 2.32150000e-07  2.32150000e-07  8.46088046e-01  5.50000000e-01 -7.02314615e-02 
 2.32250000e-07  2.32250000e-07  8.46049225e-01  5.50000000e-01 -7.09350431e-02 
 2.32350000e-07  2.32350000e-07  8.46011028e-01  5.50000000e-01 -7.16274136e-02 
 2.32450000e-07  2.32450000e-07  8.45973461e-01  5.50000000e-01 -7.23084643e-02 
 2.32550000e-07  2.32550000e-07  8.45936529e-01  5.50000000e-01 -7.29780886e-02 
 2.32650000e-07  2.32650000e-07  8.45900239e-01  5.50000000e-01 -7.36361816e-02 
 2.32750000e-07  2.32750000e-07  8.45864597e-01  5.50000000e-01 -7.42826403e-02 
 2.32850000e-07  2.32850000e-07  8.45829608e-01  5.50000000e-01 -7.49173633e-02 
 2.32950000e-07  2.32950000e-07  8.45795277e-01  5.50000000e-01 -7.55402514e-02 
 2.33050000e-07  2.33050000e-07  8.45761610e-01  5.50000000e-01 -7.61512071e-02 
 2.33150000e-07  2.33150000e-07  8.45728613e-01  5.50000000e-01 -7.67501348e-02 
 2.33250000e-07  2.33250000e-07  8.45696290e-01  5.50000000e-01 -7.73369409e-02 
 2.33350000e-07  2.33350000e-07  8.45664646e-01  5.50000000e-01 -7.79115334e-02 
 2.33450000e-07  2.33450000e-07  8.45633688e-01  5.50000000e-01 -7.84738227e-02 
 2.33550000e-07  2.33550000e-07  8.45603418e-01  5.50000000e-01 -7.90237208e-02 
 2.33650000e-07  2.33650000e-07  8.45573843e-01  5.50000000e-01 -7.95611417e-02 
 2.33750000e-07  2.33750000e-07  8.45544967e-01  5.50000000e-01 -8.00860016e-02 
 2.33850000e-07  2.33850000e-07  8.45516795e-01  5.50000000e-01 -8.05982184e-02 
 2.33950000e-07  2.33950000e-07  8.45489330e-01  5.50000000e-01 -8.10977121e-02 
 2.34050000e-07  2.34050000e-07  8.45462578e-01  5.50000000e-01 -8.15844047e-02 
 2.34150000e-07  2.34150000e-07  8.45436542e-01  5.50000000e-01 -8.20582203e-02 
 2.34250000e-07  2.34250000e-07  8.45411227e-01  5.50000000e-01 -8.25190848e-02 
 2.34350000e-07  2.34350000e-07  8.45386636e-01  5.50000000e-01 -8.29669264e-02 
 2.34450000e-07  2.34450000e-07  8.45362774e-01  5.50000000e-01 -8.34016752e-02 
 2.34550000e-07  2.34550000e-07  8.45339644e-01  5.50000000e-01 -8.38232634e-02 
 2.34650000e-07  2.34650000e-07  8.45317251e-01  5.50000000e-01 -8.42316251e-02 
 2.34750000e-07  2.34750000e-07  8.45295596e-01  5.50000000e-01 -8.46266968e-02 
 2.34850000e-07  2.34850000e-07  8.45274685e-01  5.50000000e-01 -8.50084168e-02 
 2.34950000e-07  2.34950000e-07  8.45254519e-01  5.50000000e-01 -8.53767256e-02 
 2.35050000e-07  2.35050000e-07  8.45235103e-01  5.50000000e-01 -8.57315659e-02 
 2.35150000e-07  2.35150000e-07  8.45216440e-01  5.50000000e-01 -8.60728822e-02 
 2.35250000e-07  2.35250000e-07  8.45198532e-01  5.50000000e-01 -8.64006215e-02 
 2.35350000e-07  2.35350000e-07  8.45181382e-01  5.50000000e-01 -8.67147326e-02 
 2.35450000e-07  2.35450000e-07  8.45164993e-01  5.50000000e-01 -8.70151667e-02 
 2.35550000e-07  2.35550000e-07  8.45149367e-01  5.50000000e-01 -8.73018769e-02 
 2.35650000e-07  2.35650000e-07  8.45134507e-01  5.50000000e-01 -8.75748185e-02 
 2.35750000e-07  2.35750000e-07  8.45120416e-01  5.50000000e-01 -8.78339492e-02 
 2.35850000e-07  2.35850000e-07  8.45107095e-01  5.50000000e-01 -8.80792285e-02 
 2.35950000e-07  2.35950000e-07  8.45094547e-01  5.50000000e-01 -8.83106182e-02 
 2.36050000e-07  2.36050000e-07  8.45082774e-01  5.50000000e-01 -8.85280824e-02 
 2.36150000e-07  2.36150000e-07  8.45071777e-01  5.50000000e-01 -8.87315871e-02 
 2.36250000e-07  2.36250000e-07  8.45061558e-01  5.50000000e-01 -8.89211008e-02 
 2.36350000e-07  2.36350000e-07  8.45052119e-01  5.50000000e-01 -8.90965939e-02 
 2.36450000e-07  2.36450000e-07  8.45043462e-01  5.50000000e-01 -8.92580390e-02 
 2.36550000e-07  2.36550000e-07  8.45035587e-01  5.50000000e-01 -8.94054112e-02 
 2.36650000e-07  2.36650000e-07  8.45028496e-01  5.50000000e-01 -8.95386874e-02 
 2.36750000e-07  2.36750000e-07  8.45022190e-01  5.50000000e-01 -8.96578469e-02 
 2.36850000e-07  2.36850000e-07  8.45016670e-01  5.50000000e-01 -8.97628712e-02 
 2.36950000e-07  2.36950000e-07  8.45011937e-01  5.50000000e-01 -8.98537439e-02 
 2.37050000e-07  2.37050000e-07  8.45007992e-01  5.50000000e-01 -8.99304509e-02 
 2.37150000e-07  2.37150000e-07  8.45004835e-01  5.50000000e-01 -8.99929803e-02 
 2.37250000e-07  2.37250000e-07  8.45002467e-01  5.50000000e-01 -9.00413223e-02 
 2.37350000e-07  2.37350000e-07  8.45000888e-01  5.50000000e-01 -9.00754695e-02 
 2.37450000e-07  2.37450000e-07  8.45000099e-01  5.50000000e-01 -9.00954164e-02 
 2.37550000e-07  2.37550000e-07  8.45000099e-01  5.50000000e-01 -9.01011600e-02 
 2.37650000e-07  2.37650000e-07  8.45000888e-01  5.50000000e-01 -9.00926995e-02 
 2.37750000e-07  2.37750000e-07  8.45002467e-01  5.50000000e-01 -9.00700360e-02 
 2.37850000e-07  2.37850000e-07  8.45004835e-01  5.50000000e-01 -9.00331732e-02 
 2.37950000e-07  2.37950000e-07  8.45007992e-01  5.50000000e-01 -8.99821168e-02 
 2.38050000e-07  2.38050000e-07  8.45011937e-01  5.50000000e-01 -8.99168746e-02 
 2.38150000e-07  2.38150000e-07  8.45016670e-01  5.50000000e-01 -8.98374569e-02 
 2.38250000e-07  2.38250000e-07  8.45022190e-01  5.50000000e-01 -8.97438761e-02 
 2.38350000e-07  2.38350000e-07  8.45028496e-01  5.50000000e-01 -8.96361465e-02 
 2.38450000e-07  2.38450000e-07  8.45035587e-01  5.50000000e-01 -8.95142851e-02 
 2.38550000e-07  2.38550000e-07  8.45043462e-01  5.50000000e-01 -8.93783108e-02 
 2.38650000e-07  2.38650000e-07  8.45052119e-01  5.50000000e-01 -8.92282446e-02 
 2.38750000e-07  2.38750000e-07  8.45061558e-01  5.50000000e-01 -8.90641101e-02 
 2.38850000e-07  2.38850000e-07  8.45071777e-01  5.50000000e-01 -8.88859326e-02 
 2.38950000e-07  2.38950000e-07  8.45082774e-01  5.50000000e-01 -8.86937400e-02 
 2.39050000e-07  2.39050000e-07  8.45094547e-01  5.50000000e-01 -8.84875621e-02 
 2.39150000e-07  2.39150000e-07  8.45107095e-01  5.50000000e-01 -8.82674310e-02 
 2.39250000e-07  2.39250000e-07  8.45120416e-01  5.50000000e-01 -8.80333810e-02 
 2.39350000e-07  2.39350000e-07  8.45134507e-01  5.50000000e-01 -8.77854485e-02 
 2.39450000e-07  2.39450000e-07  8.45149367e-01  5.50000000e-01 -8.75236721e-02 
 2.39550000e-07  2.39550000e-07  8.45164993e-01  5.50000000e-01 -8.72480925e-02 
 2.39650000e-07  2.39650000e-07  8.45181382e-01  5.50000000e-01 -8.69587528e-02 
 2.39750000e-07  2.39750000e-07  8.45198532e-01  5.50000000e-01 -8.66556978e-02 
 2.39850000e-07  2.39850000e-07  8.45216440e-01  5.50000000e-01 -8.63389749e-02 
 2.39950000e-07  2.39950000e-07  8.45235103e-01  5.50000000e-01 -8.60086334e-02 
 2.40050000e-07  2.40050000e-07  8.45254519e-01  5.50000000e-01 -8.56647247e-02 
 2.40150000e-07  2.40150000e-07  8.45274685e-01  5.50000000e-01 -8.53073024e-02 
 2.40250000e-07  2.40250000e-07  8.45295596e-01  5.50000000e-01 -8.49364223e-02 
 2.40350000e-07  2.40350000e-07  8.45317251e-01  5.50000000e-01 -8.45521421e-02 
 2.40450000e-07  2.40450000e-07  8.45339644e-01  5.50000000e-01 -8.41545217e-02 
 2.40550000e-07  2.40550000e-07  8.45362774e-01  5.50000000e-01 -8.37436231e-02 
 2.40650000e-07  2.40650000e-07  8.45386636e-01  5.50000000e-01 -8.33195105e-02 
 2.40750000e-07  2.40750000e-07  8.45411227e-01  5.50000000e-01 -8.28822499e-02 
 2.40850000e-07  2.40850000e-07  8.45436542e-01  5.50000000e-01 -8.24319096e-02 
 2.40950000e-07  2.40950000e-07  8.45462578e-01  5.50000000e-01 -8.19685599e-02 
 2.41050000e-07  2.41050000e-07  8.45489330e-01  5.50000000e-01 -8.14922730e-02 
 2.41150000e-07  2.41150000e-07  8.45516795e-01  5.50000000e-01 -8.10031232e-02 
 2.41250000e-07  2.41250000e-07  8.45544967e-01  5.50000000e-01 -8.05011871e-02 
 2.41350000e-07  2.41350000e-07  8.45573843e-01  5.50000000e-01 -7.99865429e-02 
 2.41450000e-07  2.41450000e-07  8.45603418e-01  5.50000000e-01 -7.94592710e-02 
 2.41550000e-07  2.41550000e-07  8.45633688e-01  5.50000000e-01 -7.89194539e-02 
 2.41650000e-07  2.41650000e-07  8.45664646e-01  5.50000000e-01 -7.83671757e-02 
 2.41750000e-07  2.41750000e-07  8.45696290e-01  5.50000000e-01 -7.78025229e-02 
 2.41850000e-07  2.41850000e-07  8.45728613e-01  5.50000000e-01 -7.72255838e-02 
 2.41950000e-07  2.41950000e-07  8.45761610e-01  5.50000000e-01 -7.66364485e-02 
 2.42050000e-07  2.42050000e-07  8.45795277e-01  5.50000000e-01 -7.60352091e-02 
 2.42150000e-07  2.42150000e-07  8.45829608e-01  5.50000000e-01 -7.54219598e-02 
 2.42250000e-07  2.42250000e-07  8.45864597e-01  5.50000000e-01 -7.47967964e-02 
 2.42350000e-07  2.42350000e-07  8.45900239e-01  5.50000000e-01 -7.41598169e-02 
 2.42450000e-07  2.42450000e-07  8.45936529e-01  5.50000000e-01 -7.35111208e-02 
 2.42550000e-07  2.42550000e-07  8.45973461e-01  5.50000000e-01 -7.28508099e-02 
 2.42650000e-07  2.42650000e-07  8.46011028e-01  5.50000000e-01 -7.21789874e-02 
 2.42750000e-07  2.42750000e-07  8.46049225e-01  5.50000000e-01 -7.14957587e-02 
 2.42850000e-07  2.42850000e-07  8.46088046e-01  5.50000000e-01 -7.08012308e-02 
 2.42950000e-07  2.42950000e-07  8.46127485e-01  5.50000000e-01 -7.00955126e-02 
 2.43050000e-07  2.43050000e-07  8.46167535e-01  5.50000000e-01 -6.93787147e-02 
 2.43150000e-07  2.43150000e-07  8.46208190e-01  5.50000000e-01 -6.86509494e-02 
 2.43250000e-07  2.43250000e-07  8.46249445e-01  5.50000000e-01 -6.79123310e-02 
 2.43350000e-07  2.43350000e-07  8.46291291e-01  5.50000000e-01 -6.71629753e-02 
 2.43450000e-07  2.43450000e-07  8.46333723e-01  5.50000000e-01 -6.64029998e-02 
 2.43550000e-07  2.43550000e-07  8.46376734e-01  5.50000000e-01 -6.56325240e-02 
 2.43650000e-07  2.43650000e-07  8.46420318e-01  5.50000000e-01 -6.48516688e-02 
 2.43750000e-07  2.43750000e-07  8.46464466e-01  5.50000000e-01 -6.40605567e-02 
 2.43850000e-07  2.43850000e-07  8.46509173e-01  5.50000000e-01 -6.32593121e-02 
 2.43950000e-07  2.43950000e-07  8.46554431e-01  5.50000000e-01 -6.24480609e-02 
 2.44050000e-07  2.44050000e-07  8.46600233e-01  5.50000000e-01 -6.16269305e-02 
 2.44150000e-07  2.44150000e-07  8.46646572e-01  5.50000000e-01 -6.07960501e-02 
 2.44250000e-07  2.44250000e-07  8.46693441e-01  5.50000000e-01 -5.99555503e-02 
 2.44350000e-07  2.44350000e-07  8.46740831e-01  5.50000000e-01 -5.91055633e-02 
 2.44450000e-07  2.44450000e-07  8.46788737e-01  5.50000000e-01 -5.82462228e-02 
 2.44550000e-07  2.44550000e-07  8.46837149e-01  5.50000000e-01 -5.73776640e-02 
 2.44650000e-07  2.44650000e-07  8.46886061e-01  5.50000000e-01 -5.65000237e-02 
 2.44750000e-07  2.44750000e-07  8.46935465e-01  5.50000000e-01 -5.56134400e-02 
 2.44850000e-07  2.44850000e-07  8.46985352e-01  5.50000000e-01 -5.47180526e-02 
 2.44950000e-07  2.44950000e-07  8.47035716e-01  5.50000000e-01 -5.38139942e-02 
 2.45050000e-07  2.45050000e-07  8.47086548e-01  5.50000000e-01 -5.29014170e-02 
 2.45150000e-07  2.45150000e-07  8.47137839e-01  5.50000000e-01 -5.19804720e-02 
 2.45250000e-07  2.45250000e-07  8.47189583e-01  5.50000000e-01 -5.10512936e-02 
 2.45350000e-07  2.45350000e-07  8.47241771e-01  5.50000000e-01 -5.01140307e-02 
 2.45450000e-07  2.45450000e-07  8.47294394e-01  5.50000000e-01 -4.91688311e-02 
 2.45550000e-07  2.45550000e-07  8.47347444e-01  5.50000000e-01 -4.82158434e-02 
 2.45650000e-07  2.45650000e-07  8.47400913e-01  5.50000000e-01 -4.72552184e-02 
 2.45750000e-07  2.45750000e-07  8.47454793e-01  5.50000000e-01 -4.62871074e-02 
 2.45850000e-07  2.45850000e-07  8.47509074e-01  5.50000000e-01 -4.53116635e-02 
 2.45950000e-07  2.45950000e-07  8.47563749e-01  5.50000000e-01 -4.43290405e-02 
 2.46050000e-07  2.46050000e-07  8.47618809e-01  5.50000000e-01 -4.33393936e-02 
 2.46150000e-07  2.46150000e-07  8.47674245e-01  5.50000000e-01 -4.23428792e-02 
 2.46250000e-07  2.46250000e-07  8.47730048e-01  5.50000000e-01 -4.13396548e-02 
 2.46350000e-07  2.46350000e-07  8.47786209e-01  5.50000000e-01 -4.03298787e-02 
 2.46450000e-07  2.46450000e-07  8.47842720e-01  5.50000000e-01 -3.93137107e-02 
 2.46550000e-07  2.46550000e-07  8.47899571e-01  5.50000000e-01 -3.82913114e-02 
 2.46650000e-07  2.46650000e-07  8.47956755e-01  5.50000000e-01 -3.72628425e-02 
 2.46750000e-07  2.46750000e-07  8.48014261e-01  5.50000000e-01 -3.62284665e-02 
 2.46850000e-07  2.46850000e-07  8.48072080e-01  5.50000000e-01 -3.51883472e-02 
 2.46950000e-07  2.46950000e-07  8.48130204e-01  5.50000000e-01 -3.41426490e-02 
 2.47050000e-07  2.47050000e-07  8.48188623e-01  5.50000000e-01 -3.30915375e-02 
 2.47150000e-07  2.47150000e-07  8.48247328e-01  5.50000000e-01 -3.20351790e-02 
 2.47250000e-07  2.47250000e-07  8.48306310e-01  5.50000000e-01 -3.09737407e-02 
 2.47350000e-07  2.47350000e-07  8.48365560e-01  5.50000000e-01 -2.99073907e-02 
 2.47450000e-07  2.47450000e-07  8.48425067e-01  5.50000000e-01 -2.88362977e-02 
 2.47550000e-07  2.47550000e-07  8.48484824e-01  5.50000000e-01 -2.77606315e-02 
 2.47650000e-07  2.47650000e-07  8.48544819e-01  5.50000000e-01 -2.66805624e-02 
 2.47750000e-07  2.47750000e-07  8.48605044e-01  5.50000000e-01 -2.55962616e-02 
 2.47850000e-07  2.47850000e-07  8.48665490e-01  5.50000000e-01 -2.45079007e-02 
 2.47950000e-07  2.47950000e-07  8.48726146e-01  5.50000000e-01 -2.34156523e-02 
 2.48050000e-07  2.48050000e-07  8.48787004e-01  5.50000000e-01 -2.23196895e-02 
 2.48150000e-07  2.48150000e-07  8.48848053e-01  5.50000000e-01 -2.12201860e-02 
 2.48250000e-07  2.48250000e-07  8.48909284e-01  5.50000000e-01 -2.01173161e-02 
 2.48350000e-07  2.48350000e-07  8.48970687e-01  5.50000000e-01 -1.90112546e-02 
 2.48450000e-07  2.48450000e-07  8.49032253e-01  5.50000000e-01 -1.79021769e-02 
 2.48550000e-07  2.48550000e-07  8.49093971e-01  5.50000000e-01 -1.67902588e-02 
 2.48650000e-07  2.48650000e-07  8.49155833e-01  5.50000000e-01 -1.56756768e-02 
 2.48750000e-07  2.48750000e-07  8.49217828e-01  5.50000000e-01 -1.45586075e-02 
 2.48850000e-07  2.48850000e-07  8.49279946e-01  5.50000000e-01 -1.34392282e-02 
 2.48950000e-07  2.48950000e-07  8.49342178e-01  5.50000000e-01 -1.23177164e-02 
 2.49050000e-07  2.49050000e-07  8.49404514e-01  5.50000000e-01 -1.11942501e-02 
 2.49150000e-07  2.49150000e-07  8.49466944e-01  5.50000000e-01 -1.00690075e-02 
 2.49250000e-07  2.49250000e-07  8.49529458e-01  5.50000000e-01 -8.94216702e-03 
 2.49350000e-07  2.49350000e-07  8.49592047e-01  5.50000000e-01 -7.81390759e-03 
 2.49450000e-07  2.49450000e-07  8.49654700e-01  5.50000000e-01 -6.68440819e-03 
 2.49550000e-07  2.49550000e-07  8.49717407e-01  5.50000000e-01 -5.55384805e-03 
 2.49650000e-07  2.49650000e-07  8.49780159e-01  5.50000000e-01 -4.42240659e-03 
 2.49750000e-07  2.49750000e-07  8.49842946e-01  5.50000000e-01 -3.29026335e-03 
 2.49850000e-07  2.49850000e-07  8.49905758e-01  5.50000000e-01 -2.15759801e-03 
 2.49925000e-07  2.49925000e-07  8.49952877e-01  5.50000000e-01 -1.30786167e-03 
 2.50000000e-07  2.50000000e-07  8.50000000e-01  5.50000000e-01 -4.58011542e-04 
 2.50010000e-07  2.50010000e-07  8.50006283e-01  5.62000000e-01 -3.44674847e-04 
 2.50030000e-07  2.50030000e-07  8.50018850e-01  5.86000000e-01 -1.18987876e-04 
 2.50070000e-07  2.50070000e-07  8.50043982e-01  6.34000000e-01  3.23955965e-04 
 2.50150000e-07  2.50150000e-07  8.50094242e-01  7.30000000e-01  8.18339561e-04 
 2.50250000e-07  2.50250000e-07  8.50157054e-01  8.50000000e-01  3.13378355e-04 
 2.50350000e-07  2.50350000e-07  8.50219841e-01  9.70000000e-01 -1.00248574e-03 
 2.50425000e-07  2.50425000e-07  8.50266908e-01  1.06000000e+00 -3.11780702e-03 
 2.50500000e-07  2.50500000e-07  8.50313953e-01  1.15000000e+00 -5.34335879e-03 
 2.50510000e-07  2.50510000e-07  8.50320223e-01  1.15000000e+00 -5.45201061e-03 
 2.50530000e-07  2.50530000e-07  8.50332763e-01  1.15000000e+00 -5.62976468e-03 
 2.50570000e-07  2.50570000e-07  8.50357835e-01  1.15000000e+00 -6.00074324e-03 
 2.50650000e-07  2.50650000e-07  8.50407953e-01  1.15000000e+00 -6.90373338e-03 
 2.50750000e-07  2.50750000e-07  8.50470542e-01  1.15000000e+00 -8.02774164e-03 
 2.50850000e-07  2.50850000e-07  8.50533056e-01  1.15000000e+00 -9.16004590e-03 
 2.50950000e-07  2.50950000e-07  8.50595486e-01  1.15000000e+00 -1.02835061e-02 
 2.51050000e-07  2.51050000e-07  8.50657822e-01  1.15000000e+00 -1.14105417e-02 
 2.51150000e-07  2.51150000e-07  8.50720054e-01  1.15000000e+00 -1.25322277e-02 
 2.51250000e-07  2.51250000e-07  8.50782172e-01  1.15000000e+00 -1.36542711e-02 
 2.51350000e-07  2.51350000e-07  8.50844167e-01  1.15000000e+00 -1.47726302e-02 
 2.51450000e-07  2.51450000e-07  8.50906029e-01  1.15000000e+00 -1.58895971e-02 
 2.51550000e-07  2.51550000e-07  8.50967747e-01  1.15000000e+00 -1.70034713e-02 
 2.51650000e-07  2.51650000e-07  8.51029313e-01  1.15000000e+00 -1.81149673e-02 
 2.51750000e-07  2.51750000e-07  8.51090716e-01  1.15000000e+00 -1.92234301e-02 
 2.51850000e-07  2.51850000e-07  8.51151947e-01  1.15000000e+00 -2.03288986e-02 
 2.51950000e-07  2.51950000e-07  8.51212996e-01  1.15000000e+00 -2.14311417e-02 
 2.52050000e-07  2.52050000e-07  8.51273854e-01  1.15000000e+00 -2.25299565e-02 
 2.52150000e-07  2.52150000e-07  8.51334510e-01  1.15000000e+00 -2.36252486e-02 
 2.52250000e-07  2.52250000e-07  8.51394956e-01  1.15000000e+00 -2.47167296e-02 
 2.52350000e-07  2.52350000e-07  8.51455181e-01  1.15000000e+00 -2.58043565e-02 
 2.52450000e-07  2.52450000e-07  8.51515176e-01  1.15000000e+00 -2.68878260e-02 
 2.52550000e-07  2.52550000e-07  8.51574933e-01  1.15000000e+00 -2.79670898e-02 
 2.52650000e-07  2.52650000e-07  8.51634440e-01  1.15000000e+00 -2.90418657e-02 
 2.52750000e-07  2.52750000e-07  8.51693690e-01  1.15000000e+00 -3.01120809e-02 
 2.52850000e-07  2.52850000e-07  8.51752672e-01  1.15000000e+00 -3.11774823e-02 
 2.52950000e-07  2.52950000e-07  8.51811377e-01  1.15000000e+00 -3.22379718e-02 
 2.53050000e-07  2.53050000e-07  8.51869796e-01  1.15000000e+00 -3.32933228e-02 
 2.53150000e-07  2.53150000e-07  8.51927920e-01  1.15000000e+00 -3.43434165e-02 
 2.53250000e-07  2.53250000e-07  8.51985739e-01  1.15000000e+00 -3.53880475e-02 
 2.53350000e-07  2.53350000e-07  8.52043245e-01  1.15000000e+00 -3.64270821e-02 
 2.53450000e-07  2.53450000e-07  8.52100429e-01  1.15000000e+00 -3.74603306e-02 
 2.53550000e-07  2.53550000e-07  8.52157280e-01  1.15000000e+00 -3.84876498e-02 
 2.53650000e-07  2.53650000e-07  8.52213791e-01  1.15000000e+00 -3.95088611e-02 
 2.53750000e-07  2.53750000e-07  8.52269952e-01  1.15000000e+00 -4.05238159e-02 
 2.53850000e-07  2.53850000e-07  8.52325755e-01  1.15000000e+00 -4.15323436e-02 
 2.53950000e-07  2.53950000e-07  8.52381191e-01  1.15000000e+00 -4.25342928e-02 
 2.54050000e-07  2.54050000e-07  8.52436251e-01  1.15000000e+00 -4.35294989e-02 
 2.54150000e-07  2.54150000e-07  8.52490926e-01  1.15000000e+00 -4.45178096e-02 
 2.54250000e-07  2.54250000e-07  8.52545207e-01  1.15000000e+00 -4.54990649e-02 
 2.54350000e-07  2.54350000e-07  8.52599087e-01  1.15000000e+00 -4.64731129e-02 
 2.54450000e-07  2.54450000e-07  8.52652556e-01  1.15000000e+00 -4.74397975e-02 
 2.54550000e-07  2.54550000e-07  8.52705606e-01  1.15000000e+00 -4.83989679e-02 
 2.54650000e-07  2.54650000e-07  8.52758229e-01  1.15000000e+00 -4.93504713e-02 
 2.54750000e-07  2.54750000e-07  8.52810417e-01  1.15000000e+00 -5.02941587e-02 
 2.54850000e-07  2.54850000e-07  8.52862161e-01  1.15000000e+00 -5.12298805e-02 
 2.54950000e-07  2.54950000e-07  8.52913452e-01  1.15000000e+00 -5.21574896e-02 
 2.55050000e-07  2.55050000e-07  8.52964284e-01  1.15000000e+00 -5.30768394e-02 
 2.55150000e-07  2.55150000e-07  8.53014648e-01  1.15000000e+00 -5.39877854e-02 
 2.55250000e-07  2.55250000e-07  8.53064535e-01  1.15000000e+00 -5.48901836e-02 
 2.55350000e-07  2.55350000e-07  8.53113939e-01  1.15000000e+00 -5.57839004e-02 
 2.55450000e-07  2.55450000e-07  8.53162851e-01  1.15000000e+00 -5.66687851e-02 
 2.55550000e-07  2.55550000e-07  8.53211263e-01  1.15000000e+00 -5.75446915e-02 
 2.55650000e-07  2.55650000e-07  8.53259169e-01  1.15000000e+00 -5.84114921e-02 
 2.55750000e-07  2.55750000e-07  8.53306559e-01  1.15000000e+00 -5.92690483e-02 
 2.55850000e-07  2.55850000e-07  8.53353428e-01  1.15000000e+00 -6.01172251e-02 
 2.55950000e-07  2.55950000e-07  8.53399767e-01  1.15000000e+00 -6.09558896e-02 
 2.56050000e-07  2.56050000e-07  8.53445569e-01  1.15000000e+00 -6.17849095e-02 
 2.56150000e-07  2.56150000e-07  8.53490827e-01  1.15000000e+00 -6.26041547e-02 
 2.56250000e-07  2.56250000e-07  8.53535534e-01  1.15000000e+00 -6.34134962e-02 
 2.56350000e-07  2.56350000e-07  8.53579682e-01  1.15000000e+00 -6.42128070e-02 
 2.56450000e-07  2.56450000e-07  8.53623266e-01  1.15000000e+00 -6.50019613e-02 
 2.56550000e-07  2.56550000e-07  8.53666277e-01  1.15000000e+00 -6.57808354e-02 
 2.56650000e-07  2.56650000e-07  8.53708709e-01  1.15000000e+00 -6.65493069e-02 
 2.56750000e-07  2.56750000e-07  8.53750555e-01  1.15000000e+00 -6.73072551e-02 
 2.56850000e-07  2.56850000e-07  8.53791810e-01  1.15000000e+00 -6.80545610e-02 
 2.56950000e-07  2.56950000e-07  8.53832465e-01  1.15000000e+00 -6.87911075e-02 
 2.57050000e-07  2.57050000e-07  8.53872515e-01  1.15000000e+00 -6.95167789e-02 
 2.57150000e-07  2.57150000e-07  8.53911954e-01  1.15000000e+00 -7.02314615e-02 
 2.57250000e-07  2.57250000e-07  8.53950775e-01  1.15000000e+00 -7.09350431e-02 
 2.57350000e-07  2.57350000e-07  8.53988972e-01  1.15000000e+00 -7.16274136e-02 
 2.57450000e-07  2.57450000e-07  8.54026539e-01  1.15000000e+00 -7.23084643e-02 
 2.57550000e-07  2.57550000e-07  8.54063471e-01  1.15000000e+00 -7.29780886e-02 
 2.57650000e-07  2.57650000e-07  8.54099761e-01  1.15000000e+00 -7.36361816e-02 
 2.57750000e-07  2.57750000e-07  8.54135403e-01  1.15000000e+00 -7.42826403e-02 
 2.57850000e-07  2.57850000e-07  8.54170392e-01  1.15000000e+00 -7.49173633e-02 
 2.57950000e-07  2.57950000e-07  8.54204723e-01  1.15000000e+00 -7.55402514e-02 
 2.58050000e-07  2.58050000e-07  8.54238390e-01  1.15000000e+00 -7.61512071e-02 
 2.58150000e-07  2.58150000e-07  8.54271387e-01  1.15000000e+00 -7.67501348e-02 
 2.58250000e-07  2.58250000e-07  8.54303710e-01  1.15000000e+00 -7.73369409e-02 
 2.58350000e-07  2.58350000e-07  8.54335354e-01  1.15000000e+00 -7.79115334e-02 
 2.58450000e-07  2.58450000e-07  8.54366312e-01  1.15000000e+00 -7.84738227e-02 
 2.58550000e-07  2.58550000e-07  8.54396582e-01  1.15000000e+00 -7.90237208e-02 
 2.58650000e-07  2.58650000e-07  8.54426157e-01  1.15000000e+00 -7.95611417e-02 
 2.58750000e-07  2.58750000e-07  8.54455033e-01  1.15000000e+00 -8.00860016e-02 
 2.58850000e-07  2.58850000e-07  8.54483205e-01  1.15000000e+00 -8.05982184e-02 
 2.58950000e-07  2.58950000e-07  8.54510670e-01  1.15000000e+00 -8.10977121e-02 
 2.59050000e-07  2.59050000e-07  8.54537422e-01  1.15000000e+00 -8.15844047e-02 
 2.59150000e-07  2.59150000e-07  8.54563458e-01  1.15000000e+00 -8.20582203e-02 
 2.59250000e-07  2.59250000e-07  8.54588773e-01  1.15000000e+00 -8.25190848e-02 
 2.59350000e-07  2.59350000e-07  8.54613364e-01  1.15000000e+00 -8.29669264e-02 
 2.59450000e-07  2.59450000e-07  8.54637226e-01  1.15000000e+00 -8.34016752e-02 
 2.59550000e-07  2.59550000e-07  8.54660356e-01  1.15000000e+00 -8.38232634e-02 
 2.59650000e-07  2.59650000e-07  8.54682749e-01  1.15000000e+00 -8.42316251e-02 
 2.59750000e-07  2.59750000e-07  8.54704404e-01  1.15000000e+00 -8.46266968e-02 
 2.59850000e-07  2.59850000e-07  8.54725315e-01  1.15000000e+00 -8.50084168e-02 
 2.59950000e-07  2.59950000e-07  8.54745481e-01  1.15000000e+00 -8.53767256e-02 
 2.60050000e-07  2.60050000e-07  8.54764897e-01  1.15000000e+00 -8.57315659e-02 
 2.60150000e-07  2.60150000e-07  8.54783560e-01  1.15000000e+00 -8.60728822e-02 
 2.60250000e-07  2.60250000e-07  8.54801468e-01  1.15000000e+00 -8.64006215e-02 
 2.60350000e-07  2.60350000e-07  8.54818618e-01  1.15000000e+00 -8.67147326e-02 
 2.60450000e-07  2.60450000e-07  8.54835007e-01  1.15000000e+00 -8.70151667e-02 
 2.60550000e-07  2.60550000e-07  8.54850633e-01  1.15000000e+00 -8.73018769e-02 
 2.60650000e-07  2.60650000e-07  8.54865493e-01  1.15000000e+00 -8.75748185e-02 
 2.60750000e-07  2.60750000e-07  8.54879584e-01  1.15000000e+00 -8.78339492e-02 
 2.60850000e-07  2.60850000e-07  8.54892905e-01  1.15000000e+00 -8.80792285e-02 
 2.60950000e-07  2.60950000e-07  8.54905453e-01  1.15000000e+00 -8.83106182e-02 
 2.61050000e-07  2.61050000e-07  8.54917226e-01  1.15000000e+00 -8.85280824e-02 
 2.61150000e-07  2.61150000e-07  8.54928223e-01  1.15000000e+00 -8.87315871e-02 
 2.61250000e-07  2.61250000e-07  8.54938442e-01  1.15000000e+00 -8.89211008e-02 
 2.61350000e-07  2.61350000e-07  8.54947881e-01  1.15000000e+00 -8.90965939e-02 
 2.61450000e-07  2.61450000e-07  8.54956538e-01  1.15000000e+00 -8.92580390e-02 
 2.61550000e-07  2.61550000e-07  8.54964413e-01  1.15000000e+00 -8.94054112e-02 
 2.61650000e-07  2.61650000e-07  8.54971504e-01  1.15000000e+00 -8.95386874e-02 
 2.61750000e-07  2.61750000e-07  8.54977810e-01  1.15000000e+00 -8.96578469e-02 
 2.61850000e-07  2.61850000e-07  8.54983330e-01  1.15000000e+00 -8.97628712e-02 
 2.61950000e-07  2.61950000e-07  8.54988063e-01  1.15000000e+00 -8.98537439e-02 
 2.62050000e-07  2.62050000e-07  8.54992008e-01  1.15000000e+00 -8.99304509e-02 
 2.62150000e-07  2.62150000e-07  8.54995165e-01  1.15000000e+00 -8.99929803e-02 
 2.62250000e-07  2.62250000e-07  8.54997533e-01  1.15000000e+00 -9.00413223e-02 
 2.62350000e-07  2.62350000e-07  8.54999112e-01  1.15000000e+00 -9.00754695e-02 
 2.62450000e-07  2.62450000e-07  8.54999901e-01  1.15000000e+00 -9.00954164e-02 
 2.62550000e-07  2.62550000e-07  8.54999901e-01  1.15000000e+00 -9.01011600e-02 
 2.62650000e-07  2.62650000e-07  8.54999112e-01  1.15000000e+00 -9.00926995e-02 
 2.62750000e-07  2.62750000e-07  8.54997533e-01  1.15000000e+00 -9.00700360e-02 
 2.62850000e-07  2.62850000e-07  8.54995165e-01  1.15000000e+00 -9.00331732e-02 
 2.62950000e-07  2.62950000e-07  8.54992008e-01  1.15000000e+00 -8.99821168e-02 
 2.63050000e-07  2.63050000e-07  8.54988063e-01  1.15000000e+00 -8.99168746e-02 
 2.63150000e-07  2.63150000e-07  8.54983330e-01  1.15000000e+00 -8.98374569e-02 
 2.63250000e-07  2.63250000e-07  8.54977810e-01  1.15000000e+00 -8.97438761e-02 
 2.63350000e-07  2.63350000e-07  8.54971504e-01  1.15000000e+00 -8.96361465e-02 
 2.63450000e-07  2.63450000e-07  8.54964413e-01  1.15000000e+00 -8.95142851e-02 
 2.63550000e-07  2.63550000e-07  8.54956538e-01  1.15000000e+00 -8.93783108e-02 
 2.63650000e-07  2.63650000e-07  8.54947881e-01  1.15000000e+00 -8.92282446e-02 
 2.63750000e-07  2.63750000e-07  8.54938442e-01  1.15000000e+00 -8.90641101e-02 
 2.63850000e-07  2.63850000e-07  8.54928223e-01  1.15000000e+00 -8.88859326e-02 
 2.63950000e-07  2.63950000e-07  8.54917226e-01  1.15000000e+00 -8.86937400e-02 
 2.64050000e-07  2.64050000e-07  8.54905453e-01  1.15000000e+00 -8.84875621e-02 
 2.64150000e-07  2.64150000e-07  8.54892905e-01  1.15000000e+00 -8.82674310e-02 
 2.64250000e-07  2.64250000e-07  8.54879584e-01  1.15000000e+00 -8.80333810e-02 
 2.64350000e-07  2.64350000e-07  8.54865493e-01  1.15000000e+00 -8.77854485e-02 
 2.64450000e-07  2.64450000e-07  8.54850633e-01  1.15000000e+00 -8.75236721e-02 
 2.64550000e-07  2.64550000e-07  8.54835007e-01  1.15000000e+00 -8.72480925e-02 
 2.64650000e-07  2.64650000e-07  8.54818618e-01  1.15000000e+00 -8.69587528e-02 
 2.64750000e-07  2.64750000e-07  8.54801468e-01  1.15000000e+00 -8.66556978e-02 
 2.64850000e-07  2.64850000e-07  8.54783560e-01  1.15000000e+00 -8.63389749e-02 
 2.64950000e-07  2.64950000e-07  8.54764897e-01  1.15000000e+00 -8.60086334e-02 
 2.65050000e-07  2.65050000e-07  8.54745481e-01  1.15000000e+00 -8.56647247e-02 
 2.65150000e-07  2.65150000e-07  8.54725315e-01  1.15000000e+00 -8.53073024e-02 
 2.65250000e-07  2.65250000e-07  8.54704404e-01  1.15000000e+00 -8.49364223e-02 
 2.65350000e-07  2.65350000e-07  8.54682749e-01  1.15000000e+00 -8.45521421e-02 
 2.65450000e-07  2.65450000e-07  8.54660356e-01  1.15000000e+00 -8.41545217e-02 
 2.65550000e-07  2.65550000e-07  8.54637226e-01  1.15000000e+00 -8.37436231e-02 
 2.65650000e-07  2.65650000e-07  8.54613364e-01  1.15000000e+00 -8.33195105e-02 
 2.65750000e-07  2.65750000e-07  8.54588773e-01  1.15000000e+00 -8.28822499e-02 
 2.65850000e-07  2.65850000e-07  8.54563458e-01  1.15000000e+00 -8.24319096e-02 
 2.65950000e-07  2.65950000e-07  8.54537422e-01  1.15000000e+00 -8.19685599e-02 
 2.66050000e-07  2.66050000e-07  8.54510670e-01  1.15000000e+00 -8.14922730e-02 
 2.66150000e-07  2.66150000e-07  8.54483205e-01  1.15000000e+00 -8.10031232e-02 
 2.66250000e-07  2.66250000e-07  8.54455033e-01  1.15000000e+00 -8.05011871e-02 
 2.66350000e-07  2.66350000e-07  8.54426157e-01  1.15000000e+00 -7.99865429e-02 
 2.66450000e-07  2.66450000e-07  8.54396582e-01  1.15000000e+00 -7.94592710e-02 
 2.66550000e-07  2.66550000e-07  8.54366312e-01  1.15000000e+00 -7.89194539e-02 
 2.66650000e-07  2.66650000e-07  8.54335354e-01  1.15000000e+00 -7.83671757e-02 
 2.66750000e-07  2.66750000e-07  8.54303710e-01  1.15000000e+00 -7.78025229e-02 
 2.66850000e-07  2.66850000e-07  8.54271387e-01  1.15000000e+00 -7.72255838e-02 
 2.66950000e-07  2.66950000e-07  8.54238390e-01  1.15000000e+00 -7.66364485e-02 
 2.67050000e-07  2.67050000e-07  8.54204723e-01  1.15000000e+00 -7.60352091e-02 
 2.67150000e-07  2.67150000e-07  8.54170392e-01  1.15000000e+00 -7.54219598e-02 
 2.67250000e-07  2.67250000e-07  8.54135403e-01  1.15000000e+00 -7.47967964e-02 
 2.67350000e-07  2.67350000e-07  8.54099761e-01  1.15000000e+00 -7.41598169e-02 
 2.67450000e-07  2.67450000e-07  8.54063471e-01  1.15000000e+00 -7.35111208e-02 
 2.67550000e-07  2.67550000e-07  8.54026539e-01  1.15000000e+00 -7.28508099e-02 
 2.67650000e-07  2.67650000e-07  8.53988972e-01  1.15000000e+00 -7.21789874e-02 
 2.67750000e-07  2.67750000e-07  8.53950775e-01  1.15000000e+00 -7.14957587e-02 
 2.67850000e-07  2.67850000e-07  8.53911954e-01  1.15000000e+00 -7.08012308e-02 
 2.67950000e-07  2.67950000e-07  8.53872515e-01  1.15000000e+00 -7.00955126e-02 
 2.68050000e-07  2.68050000e-07  8.53832465e-01  1.15000000e+00 -6.93787147e-02 
 2.68150000e-07  2.68150000e-07  8.53791810e-01  1.15000000e+00 -6.86509494e-02 
 2.68250000e-07  2.68250000e-07  8.53750555e-01  1.15000000e+00 -6.79123310e-02 
 2.68350000e-07  2.68350000e-07  8.53708709e-01  1.15000000e+00 -6.71629753e-02 
 2.68450000e-07  2.68450000e-07  8.53666277e-01  1.15000000e+00 -6.64029998e-02 
 2.68550000e-07  2.68550000e-07  8.53623266e-01  1.15000000e+00 -6.56325240e-02 
 2.68650000e-07  2.68650000e-07  8.53579682e-01  1.15000000e+00 -6.48516688e-02 
 2.68750000e-07  2.68750000e-07  8.53535534e-01  1.15000000e+00 -6.40605567e-02 
 2.68850000e-07  2.68850000e-07  8.53490827e-01  1.15000000e+00 -6.32593121e-02 
 2.68950000e-07  2.68950000e-07  8.53445569e-01  1.15000000e+00 -6.24480609e-02 
 2.69050000e-07  2.69050000e-07  8.53399767e-01  1.15000000e+00 -6.16269305e-02 
 2.69150000e-07  2.69150000e-07  8.53353428e-01  1.15000000e+00 -6.07960501e-02 
 2.69250000e-07  2.69250000e-07  8.53306559e-01  1.15000000e+00 -5.99555503e-02 
 2.69350000e-07  2.69350000e-07  8.53259169e-01  1.15000000e+00 -5.91055633e-02 
 2.69450000e-07  2.69450000e-07  8.53211263e-01  1.15000000e+00 -5.82462228e-02 
 2.69550000e-07  2.69550000e-07  8.53162851e-01  1.15000000e+00 -5.73776640e-02 
 2.69650000e-07  2.69650000e-07  8.53113939e-01  1.15000000e+00 -5.65000237e-02 
 2.69750000e-07  2.69750000e-07  8.53064535e-01  1.15000000e+00 -5.56134400e-02 
 2.69850000e-07  2.69850000e-07  8.53014648e-01  1.15000000e+00 -5.47180526e-02 
 2.69950000e-07  2.69950000e-07  8.52964284e-01  1.15000000e+00 -5.38139942e-02 
 2.70050000e-07  2.70050000e-07  8.52913452e-01  1.15000000e+00 -5.29014170e-02 
 2.70150000e-07  2.70150000e-07  8.52862161e-01  1.15000000e+00 -5.19804720e-02 
 2.70250000e-07  2.70250000e-07  8.52810417e-01  1.15000000e+00 -5.10512936e-02 
 2.70350000e-07  2.70350000e-07  8.52758229e-01  1.15000000e+00 -5.01140307e-02 
 2.70450000e-07  2.70450000e-07  8.52705606e-01  1.15000000e+00 -4.91688311e-02 
 2.70550000e-07  2.70550000e-07  8.52652556e-01  1.15000000e+00 -4.82158434e-02 
 2.70650000e-07  2.70650000e-07  8.52599087e-01  1.15000000e+00 -4.72552184e-02 
 2.70750000e-07  2.70750000e-07  8.52545207e-01  1.15000000e+00 -4.62871074e-02 
 2.70850000e-07  2.70850000e-07  8.52490926e-01  1.15000000e+00 -4.53116635e-02 
 2.70950000e-07  2.70950000e-07  8.52436251e-01  1.15000000e+00 -4.43290405e-02 
 2.71050000e-07  2.71050000e-07  8.52381191e-01  1.15000000e+00 -4.33393936e-02 
 2.71150000e-07  2.71150000e-07  8.52325755e-01  1.15000000e+00 -4.23428792e-02 
 2.71250000e-07  2.71250000e-07  8.52269952e-01  1.15000000e+00 -4.13396548e-02 
 2.71350000e-07  2.71350000e-07  8.52213791e-01  1.15000000e+00 -4.03298787e-02 
 2.71450000e-07  2.71450000e-07  8.52157280e-01  1.15000000e+00 -3.93137107e-02 
 2.71550000e-07  2.71550000e-07  8.52100429e-01  1.15000000e+00 -3.82913114e-02 
 2.71650000e-07  2.71650000e-07  8.52043245e-01  1.15000000e+00 -3.72628425e-02 
 2.71750000e-07  2.71750000e-07  8.51985739e-01  1.15000000e+00 -3.62284665e-02 
 2.71850000e-07  2.71850000e-07  8.51927920e-01  1.15000000e+00 -3.51883472e-02 
 2.71950000e-07  2.71950000e-07  8.51869796e-01  1.15000000e+00 -3.41426490e-02 
 2.72050000e-07  2.72050000e-07  8.51811377e-01  1.15000000e+00 -3.30915375e-02 
 2.72150000e-07  2.72150000e-07  8.51752672e-01  1.15000000e+00 -3.20351790e-02 
 2.72250000e-07  2.72250000e-07  8.51693690e-01  1.15000000e+00 -3.09737407e-02 
 2.72350000e-07  2.72350000e-07  8.51634440e-01  1.15000000e+00 -2.99073907e-02 
 2.72450000e-07  2.72450000e-07  8.51574933e-01  1.15000000e+00 -2.88362977e-02 
 2.72550000e-07  2.72550000e-07  8.51515176e-01  1.15000000e+00 -2.77606315e-02 
 2.72650000e-07  2.72650000e-07  8.51455181e-01  1.15000000e+00 -2.66805624e-02 
 2.72750000e-07  2.72750000e-07  8.51394956e-01  1.15000000e+00 -2.55962616e-02 
 2.72850000e-07  2.72850000e-07  8.51334510e-01  1.15000000e+00 -2.45079007e-02 
 2.72950000e-07  2.72950000e-07  8.51273854e-01  1.15000000e+00 -2.34156523e-02 
 2.73050000e-07  2.73050000e-07  8.51212996e-01  1.15000000e+00 -2.23196895e-02 
 2.73150000e-07  2.73150000e-07  8.51151947e-01  1.15000000e+00 -2.12201860e-02 
 2.73250000e-07  2.73250000e-07  8.51090716e-01  1.15000000e+00 -2.01173161e-02 
 2.73350000e-07  2.73350000e-07  8.51029313e-01  1.15000000e+00 -1.90112546e-02 
 2.73450000e-07  2.73450000e-07  8.50967747e-01  1.15000000e+00 -1.79021769e-02 
 2.73550000e-07  2.73550000e-07  8.50906029e-01  1.15000000e+00 -1.67902588e-02 
 2.73650000e-07  2.73650000e-07  8.50844167e-01  1.15000000e+00 -1.56756768e-02 
 2.73750000e-07  2.73750000e-07  8.50782172e-01  1.15000000e+00 -1.45586075e-02 
 2.73850000e-07  2.73850000e-07  8.50720054e-01  1.15000000e+00 -1.34392282e-02 
 2.73950000e-07  2.73950000e-07  8.50657822e-01  1.15000000e+00 -1.23177164e-02 
 2.74050000e-07  2.74050000e-07  8.50595486e-01  1.15000000e+00 -1.11942501e-02 
 2.74150000e-07  2.74150000e-07  8.50533056e-01  1.15000000e+00 -1.00690075e-02 
 2.74250000e-07  2.74250000e-07  8.50470542e-01  1.15000000e+00 -8.94216702e-03 
 2.74350000e-07  2.74350000e-07  8.50407953e-01  1.15000000e+00 -7.81390759e-03 
 2.74450000e-07  2.74450000e-07  8.50345300e-01  1.15000000e+00 -6.68440819e-03 
 2.74550000e-07  2.74550000e-07  8.50282593e-01  1.15000000e+00 -5.55384805e-03 
 2.74650000e-07  2.74650000e-07  8.50219841e-01  1.15000000e+00 -4.42240659e-03 
 2.74750000e-07  2.74750000e-07  8.50157054e-01  1.15000000e+00 -3.29026335e-03 
 2.74850000e-07  2.74850000e-07  8.50094242e-01  1.15000000e+00 -2.15759801e-03 
 2.74950000e-07  2.74950000e-07  8.50031416e-01  1.15000000e+00 -1.02459031e-03 
 2.75050000e-07  2.75050000e-07  8.49968584e-01  1.15000000e+00  1.08579928e-04 
 2.75150000e-07  2.75150000e-07  8.49905758e-01  1.15000000e+00  1.24173287e-03 
 2.75250000e-07  2.75250000e-07  8.49842946e-01  1.15000000e+00  2.37468868e-03 
 2.75350000e-07  2.75350000e-07  8.49780159e-01  1.15000000e+00  3.50726756e-03 
 2.75425000e-07  2.75425000e-07  8.49733092e-01  1.15000000e+00  4.35634906e-03 
 2.75500000e-07  2.75500000e-07  8.49686047e-01  1.15000000e+00  5.20503870e-03 
 2.75510000e-07  2.75510000e-07  8.49679777e-01  1.13800000e+00  5.30597300e-03 
 2.75530000e-07  2.75530000e-07  8.49667237e-01  1.11400000e+00  5.51317520e-03 
 2.75570000e-07  2.75570000e-07  8.49642165e-01  1.06600000e+00  5.89829055e-03 
 2.75650000e-07  2.75650000e-07  8.49592047e-01  9.70000000e-01  5.04413421e-03 
 2.75750000e-07  2.75750000e-07  8.49529458e-01  8.50000000e-01  1.24723199e-03 
 2.75850000e-07  2.75850000e-07  8.49466944e-01  7.30000000e-01 -2.61069714e-03 
 2.75925000e-07  2.75925000e-07  8.49420113e-01  6.40000000e-01 -7.07017571e-03 
 2.76000000e-07  2.76000000e-07  8.49373334e-01  5.50000000e-01 -1.11956763e-02 
 2.76010000e-07  2.76010000e-07  8.49367101e-01  5.50000000e-01 -1.12829100e-02 
 2.76030000e-07  2.76030000e-07  8.49354637e-01  5.50000000e-01 -1.13844095e-02 
 2.76070000e-07  2.76070000e-07  8.49329723e-01  5.50000000e-01 -1.16475328e-02 
 2.76150000e-07  2.76150000e-07  8.49279946e-01  5.50000000e-01 -1.25374908e-02 
 2.76250000e-07  2.76250000e-07  8.49217828e-01  5.50000000e-01 -1.36490994e-02 
 2.76350000e-07  2.76350000e-07  8.49155833e-01  5.50000000e-01 -1.47764857e-02 
 2.76450000e-07  2.76450000e-07  8.49093971e-01  5.50000000e-01 -1.58869445e-02 
 2.76550000e-07  2.76550000e-07  8.49032253e-01  5.50000000e-01 -1.70052283e-02 
 2.76650000e-07  2.76650000e-07  8.48970687e-01  5.50000000e-01 -1.81138336e-02 
 2.76750000e-07  2.76750000e-07  8.48909284e-01  5.50000000e-01 -1.92241447e-02 
 2.76850000e-07  2.76850000e-07  8.48848053e-01  5.50000000e-01 -2.03284691e-02 
 2.76950000e-07  2.76950000e-07  8.48787004e-01  5.50000000e-01 -2.14314034e-02 
 2.77050000e-07  2.77050000e-07  8.48726146e-01  5.50000000e-01 -2.25298299e-02 
 2.77150000e-07  2.77150000e-07  8.48665490e-01  5.50000000e-01 -2.36253173e-02 
 2.77250000e-07  2.77250000e-07  8.48605044e-01  5.50000000e-01 -2.47167202e-02 
 2.77350000e-07  2.77350000e-07  8.48544819e-01  5.50000000e-01 -2.58043495e-02 
 2.77450000e-07  2.77450000e-07  8.48484824e-01  5.50000000e-01 -2.68878469e-02 
 2.77550000e-07  2.77550000e-07  8.48425067e-01  5.50000000e-01 -2.79670613e-02 
 2.77650000e-07  2.77650000e-07  8.48365560e-01  5.50000000e-01 -2.90418969e-02 
 2.77750000e-07  2.77750000e-07  8.48306310e-01  5.50000000e-01 -3.01120502e-02 
 2.77850000e-07  2.77850000e-07  8.48247328e-01  5.50000000e-01 -3.11775107e-02 
 2.77950000e-07  2.77950000e-07  8.48188623e-01  5.50000000e-01 -3.22379466e-02 
 2.78050000e-07  2.78050000e-07  8.48130204e-01  5.50000000e-01 -3.32933446e-02 
 2.78150000e-07  2.78150000e-07  8.48072080e-01  5.50000000e-01 -3.43433981e-02 
 2.78250000e-07  2.78250000e-07  8.48014261e-01  5.50000000e-01 -3.53880628e-02 
 2.78350000e-07  2.78350000e-07  8.47956755e-01  5.50000000e-01 -3.64270695e-02 
 2.78450000e-07  2.78450000e-07  8.47899571e-01  5.50000000e-01 -3.74603409e-02 
 2.78550000e-07  2.78550000e-07  8.47842720e-01  5.50000000e-01 -3.84876414e-02 
 2.78650000e-07  2.78650000e-07  8.47786209e-01  5.50000000e-01 -3.95088678e-02 
 2.78750000e-07  2.78750000e-07  8.47730048e-01  5.50000000e-01 -4.05238106e-02 
 2.78850000e-07  2.78850000e-07  8.47674245e-01  5.50000000e-01 -4.15323479e-02 
 2.78950000e-07  2.78950000e-07  8.47618809e-01  5.50000000e-01 -4.25342894e-02 
 2.79050000e-07  2.79050000e-07  8.47563749e-01  5.50000000e-01 -4.35295016e-02 
 2.79150000e-07  2.79150000e-07  8.47509074e-01  5.50000000e-01 -4.45178075e-02 
 2.79250000e-07  2.79250000e-07  8.47454793e-01  5.50000000e-01 -4.54990665e-02 
 2.79350000e-07  2.79350000e-07  8.47400913e-01  5.50000000e-01 -4.64731116e-02 
 2.79450000e-07  2.79450000e-07  8.47347444e-01  5.50000000e-01 -4.74397985e-02 
 2.79550000e-07  2.79550000e-07  8.47294394e-01  5.50000000e-01 -4.83989671e-02 
 2.79650000e-07  2.79650000e-07  8.47241771e-01  5.50000000e-01 -4.93504719e-02 
 2.79750000e-07  2.79750000e-07  8.47189583e-01  5.50000000e-01 -5.02941583e-02 
 2.79850000e-07  2.79850000e-07  8.47137839e-01  5.50000000e-01 -5.12298808e-02 
 2.79950000e-07  2.79950000e-07  8.47086548e-01  5.50000000e-01 -5.21574893e-02 
 2.80050000e-07  2.80050000e-07  8.47035716e-01  5.50000000e-01 -5.30768396e-02 
 2.80150000e-07  2.80150000e-07  8.46985352e-01  5.50000000e-01 -5.39877852e-02 
 2.80250000e-07  2.80250000e-07  8.46935465e-01  5.50000000e-01 -5.48901837e-02 
 2.80350000e-07  2.80350000e-07  8.46886061e-01  5.50000000e-01 -5.57839003e-02 
 2.80450000e-07  2.80450000e-07  8.46837149e-01  5.50000000e-01 -5.66687852e-02 
 2.80550000e-07  2.80550000e-07  8.46788737e-01  5.50000000e-01 -5.75446915e-02 
 2.80650000e-07  2.80650000e-07  8.46740831e-01  5.50000000e-01 -5.84114921e-02 
 2.80750000e-07  2.80750000e-07  8.46693441e-01  5.50000000e-01 -5.92690483e-02 
 2.80850000e-07  2.80850000e-07  8.46646572e-01  5.50000000e-01 -6.01172251e-02 
 2.80950000e-07  2.80950000e-07  8.46600233e-01  5.50000000e-01 -6.09558896e-02 
 2.81050000e-07  2.81050000e-07  8.46554431e-01  5.50000000e-01 -6.17849095e-02 
 2.81150000e-07  2.81150000e-07  8.46509173e-01  5.50000000e-01 -6.26041547e-02 
 2.81250000e-07  2.81250000e-07  8.46464466e-01  5.50000000e-01 -6.34134962e-02 
 2.81350000e-07  2.81350000e-07  8.46420318e-01  5.50000000e-01 -6.42128069e-02 
 2.81450000e-07  2.81450000e-07  8.46376734e-01  5.50000000e-01 -6.50019613e-02 
 2.81550000e-07  2.81550000e-07  8.46333723e-01  5.50000000e-01 -6.57808354e-02 
 2.81650000e-07  2.81650000e-07  8.46291291e-01  5.50000000e-01 -6.65493069e-02 
 2.81750000e-07  2.81750000e-07  8.46249445e-01  5.50000000e-01 -6.73072551e-02 
 2.81850000e-07  2.81850000e-07  8.46208190e-01  5.50000000e-01 -6.80545610e-02 
 2.81950000e-07  2.81950000e-07  8.46167535e-01  5.50000000e-01 -6.87911075e-02 
 2.82050000e-07  2.82050000e-07  8.46127485e-01  5.50000000e-01 -6.95167789e-02 
 2.82150000e-07  2.82150000e-07  8.46088046e-01  5.50000000e-01 -7.02314615e-02 
 2.82250000e-07  2.82250000e-07  8.46049225e-01  5.50000000e-01 -7.09350431e-02 
 2.82350000e-07  2.82350000e-07  8.46011028e-01  5.50000000e-01 -7.16274136e-02 
 2.82450000e-07  2.82450000e-07  8.45973461e-01  5.50000000e-01 -7.23084643e-02 
 2.82550000e-07  2.82550000e-07  8.45936529e-01  5.50000000e-01 -7.29780886e-02 
 2.82650000e-07  2.82650000e-07  8.45900239e-01  5.50000000e-01 -7.36361816e-02 
 2.82750000e-07  2.82750000e-07  8.45864597e-01  5.50000000e-01 -7.42826403e-02 
 2.82850000e-07  2.82850000e-07  8.45829608e-01  5.50000000e-01 -7.49173633e-02 
 2.82950000e-07  2.82950000e-07  8.45795277e-01  5.50000000e-01 -7.55402514e-02 
 2.83050000e-07  2.83050000e-07  8.45761610e-01  5.50000000e-01 -7.61512071e-02 
 2.83150000e-07  2.83150000e-07  8.45728613e-01  5.50000000e-01 -7.67501348e-02 
 2.83250000e-07  2.83250000e-07  8.45696290e-01  5.50000000e-01 -7.73369409e-02 
 2.83350000e-07  2.83350000e-07  8.45664646e-01  5.50000000e-01 -7.79115334e-02 
 2.83450000e-07  2.83450000e-07  8.45633688e-01  5.50000000e-01 -7.84738227e-02 
 2.83550000e-07  2.83550000e-07  8.45603418e-01  5.50000000e-01 -7.90237208e-02 
 2.83650000e-07  2.83650000e-07  8.45573843e-01  5.50000000e-01 -7.95611417e-02 
 2.83750000e-07  2.83750000e-07  8.45544967e-01  5.50000000e-01 -8.00860016e-02 
 2.83850000e-07  2.83850000e-07  8.45516795e-01  5.50000000e-01 -8.05982184e-02 
 2.83950000e-07  2.83950000e-07  8.45489330e-01  5.50000000e-01 -8.10977121e-02 
 2.84050000e-07  2.84050000e-07  8.45462578e-01  5.50000000e-01 -8.15844047e-02 
 2.84150000e-07  2.84150000e-07  8.45436542e-01  5.50000000e-01 -8.20582203e-02 
 2.84250000e-07  2.84250000e-07  8.45411227e-01  5.50000000e-01 -8.25190848e-02 
 2.84350000e-07  2.84350000e-07  8.45386636e-01  5.50000000e-01 -8.29669264e-02 
 2.84450000e-07  2.84450000e-07  8.45362774e-01  5.50000000e-01 -8.34016752e-02 
 2.84550000e-07  2.84550000e-07  8.45339644e-01  5.50000000e-01 -8.38232634e-02 
 2.84650000e-07  2.84650000e-07  8.45317251e-01  5.50000000e-01 -8.42316251e-02 
 2.84750000e-07  2.84750000e-07  8.45295596e-01  5.50000000e-01 -8.46266968e-02 
 2.84850000e-07  2.84850000e-07  8.45274685e-01  5.50000000e-01 -8.50084168e-02 
 2.84950000e-07  2.84950000e-07  8.45254519e-01  5.50000000e-01 -8.53767256e-02 
 2.85050000e-07  2.85050000e-07  8.45235103e-01  5.50000000e-01 -8.57315659e-02 
 2.85150000e-07  2.85150000e-07  8.45216440e-01  5.50000000e-01 -8.60728822e-02 
 2.85250000e-07  2.85250000e-07  8.45198532e-01  5.50000000e-01 -8.64006215e-02 
 2.85350000e-07  2.85350000e-07  8.45181382e-01  5.50000000e-01 -8.67147326e-02 
 2.85450000e-07  2.85450000e-07  8.45164993e-01  5.50000000e-01 -8.70151667e-02 
 2.85550000e-07  2.85550000e-07  8.45149367e-01  5.50000000e-01 -8.73018769e-02 
 2.85650000e-07  2.85650000e-07  8.45134507e-01  5.50000000e-01 -8.75748185e-02 
 2.85750000e-07  2.85750000e-07  8.45120416e-01  5.50000000e-01 -8.78339492e-02 
 2.85850000e-07  2.85850000e-07  8.45107095e-01  5.50000000e-01 -8.80792285e-02 
 2.85950000e-07  2.85950000e-07  8.45094547e-01  5.50000000e-01 -8.83106182e-02 
 2.86050000e-07  2.86050000e-07  8.45082774e-01  5.50000000e-01 -8.85280824e-02 
 2.86150000e-07  2.86150000e-07  8.45071777e-01  5.50000000e-01 -8.87315871e-02 
 2.86250000e-07  2.86250000e-07  8.45061558e-01  5.50000000e-01 -8.89211008e-02 
 2.86350000e-07  2.86350000e-07  8.45052119e-01  5.50000000e-01 -8.90965939e-02 
 2.86450000e-07  2.86450000e-07  8.45043462e-01  5.50000000e-01 -8.92580390e-02 
 2.86550000e-07  2.86550000e-07  8.45035587e-01  5.50000000e-01 -8.94054112e-02 
 2.86650000e-07  2.86650000e-07  8.45028496e-01  5.50000000e-01 -8.95386874e-02 
 2.86750000e-07  2.86750000e-07  8.45022190e-01  5.50000000e-01 -8.96578469e-02 
 2.86850000e-07  2.86850000e-07  8.45016670e-01  5.50000000e-01 -8.97628712e-02 
 2.86950000e-07  2.86950000e-07  8.45011937e-01  5.50000000e-01 -8.98537439e-02 
 2.87050000e-07  2.87050000e-07  8.45007992e-01  5.50000000e-01 -8.99304509e-02 
 2.87150000e-07  2.87150000e-07  8.45004835e-01  5.50000000e-01 -8.99929803e-02 
 2.87250000e-07  2.87250000e-07  8.45002467e-01  5.50000000e-01 -9.00413223e-02 
 2.87350000e-07  2.87350000e-07  8.45000888e-01  5.50000000e-01 -9.00754695e-02 
 2.87450000e-07  2.87450000e-07  8.45000099e-01  5.50000000e-01 -9.00954164e-02 
 2.87550000e-07  2.87550000e-07  8.45000099e-01  5.50000000e-01 -9.01011600e-02 
 2.87650000e-07  2.87650000e-07  8.45000888e-01  5.50000000e-01 -9.00926995e-02 
 2.87750000e-07  2.87750000e-07  8.45002467e-01  5.50000000e-01 -9.00700360e-02 
 2.87850000e-07  2.87850000e-07  8.45004835e-01  5.50000000e-01 -9.00331732e-02 
 2.87950000e-07  2.87950000e-07  8.45007992e-01  5.50000000e-01 -8.99821168e-02 
 2.88050000e-07  2.88050000e-07  8.45011937e-01  5.50000000e-01 -8.99168746e-02 
 2.88150000e-07  2.88150000e-07  8.45016670e-01  5.50000000e-01 -8.98374569e-02 
 2.88250000e-07  2.88250000e-07  8.45022190e-01  5.50000000e-01 -8.97438761e-02 
 2.88350000e-07  2.88350000e-07  8.45028496e-01  5.50000000e-01 -8.96361465e-02 
 2.88450000e-07  2.88450000e-07  8.45035587e-01  5.50000000e-01 -8.95142851e-02 
 2.88550000e-07  2.88550000e-07  8.45043462e-01  5.50000000e-01 -8.93783108e-02 
 2.88650000e-07  2.88650000e-07  8.45052119e-01  5.50000000e-01 -8.92282446e-02 
 2.88750000e-07  2.88750000e-07  8.45061558e-01  5.50000000e-01 -8.90641101e-02 
 2.88850000e-07  2.88850000e-07  8.45071777e-01  5.50000000e-01 -8.88859326e-02 
 2.88950000e-07  2.88950000e-07  8.45082774e-01  5.50000000e-01 -8.86937400e-02 
 2.89050000e-07  2.89050000e-07  8.45094547e-01  5.50000000e-01 -8.84875621e-02 
 2.89150000e-07  2.89150000e-07  8.45107095e-01  5.50000000e-01 -8.82674310e-02 
 2.89250000e-07  2.89250000e-07  8.45120416e-01  5.50000000e-01 -8.80333810e-02 
 2.89350000e-07  2.89350000e-07  8.45134507e-01  5.50000000e-01 -8.77854485e-02 
 2.89450000e-07  2.89450000e-07  8.45149367e-01  5.50000000e-01 -8.75236721e-02 
 2.89550000e-07  2.89550000e-07  8.45164993e-01  5.50000000e-01 -8.72480925e-02 
 2.89650000e-07  2.89650000e-07  8.45181382e-01  5.50000000e-01 -8.69587528e-02 
 2.89750000e-07  2.89750000e-07  8.45198532e-01  5.50000000e-01 -8.66556978e-02 
 2.89850000e-07  2.89850000e-07  8.45216440e-01  5.50000000e-01 -8.63389749e-02 
 2.89950000e-07  2.89950000e-07  8.45235103e-01  5.50000000e-01 -8.60086334e-02 
 2.90050000e-07  2.90050000e-07  8.45254519e-01  5.50000000e-01 -8.56647247e-02 
 2.90150000e-07  2.90150000e-07  8.45274685e-01  5.50000000e-01 -8.53073024e-02 
 2.90250000e-07  2.90250000e-07  8.45295596e-01  5.50000000e-01 -8.49364223e-02 
 2.90350000e-07  2.90350000e-07  8.45317251e-01  5.50000000e-01 -8.45521421e-02 
 2.90450000e-07  2.90450000e-07  8.45339644e-01  5.50000000e-01 -8.41545217e-02 
 2.90550000e-07  2.90550000e-07  8.45362774e-01  5.50000000e-01 -8.37436231e-02 
 2.90650000e-07  2.90650000e-07  8.45386636e-01  5.50000000e-01 -8.33195105e-02 
 2.90750000e-07  2.90750000e-07  8.45411227e-01  5.50000000e-01 -8.28822499e-02 
 2.90850000e-07  2.90850000e-07  8.45436542e-01  5.50000000e-01 -8.24319096e-02 
 2.90950000e-07  2.90950000e-07  8.45462578e-01  5.50000000e-01 -8.19685599e-02 
 2.91050000e-07  2.91050000e-07  8.45489330e-01  5.50000000e-01 -8.14922730e-02 
 2.91150000e-07  2.91150000e-07  8.45516795e-01  5.50000000e-01 -8.10031232e-02 
 2.91250000e-07  2.91250000e-07  8.45544967e-01  5.50000000e-01 -8.05011871e-02 
 2.91350000e-07  2.91350000e-07  8.45573843e-01  5.50000000e-01 -7.99865429e-02 
 2.91450000e-07  2.91450000e-07  8.45603418e-01  5.50000000e-01 -7.94592710e-02 
 2.91550000e-07  2.91550000e-07  8.45633688e-01  5.50000000e-01 -7.89194539e-02 
 2.91650000e-07  2.91650000e-07  8.45664646e-01  5.50000000e-01 -7.83671757e-02 
 2.91750000e-07  2.91750000e-07  8.45696290e-01  5.50000000e-01 -7.78025229e-02 
 2.91850000e-07  2.91850000e-07  8.45728613e-01  5.50000000e-01 -7.72255838e-02 
 2.91950000e-07  2.91950000e-07  8.45761610e-01  5.50000000e-01 -7.66364485e-02 
 2.92050000e-07  2.92050000e-07  8.45795277e-01  5.50000000e-01 -7.60352091e-02 
 2.92150000e-07  2.92150000e-07  8.45829608e-01  5.50000000e-01 -7.54219598e-02 
 2.92250000e-07  2.92250000e-07  8.45864597e-01  5.50000000e-01 -7.47967964e-02 
 2.92350000e-07  2.92350000e-07  8.45900239e-01  5.50000000e-01 -7.41598169e-02 
 2.92450000e-07  2.92450000e-07  8.45936529e-01  5.50000000e-01 -7.35111208e-02 
 2.92550000e-07  2.92550000e-07  8.45973461e-01  5.50000000e-01 -7.28508099e-02 
 2.92650000e-07  2.92650000e-07  8.46011028e-01  5.50000000e-01 -7.21789874e-02 
 2.92750000e-07  2.92750000e-07  8.46049225e-01  5.50000000e-01 -7.14957587e-02 
 2.92850000e-07  2.92850000e-07  8.46088046e-01  5.50000000e-01 -7.08012308e-02 
 2.92950000e-07  2.92950000e-07  8.46127485e-01  5.50000000e-01 -7.00955126e-02 
 2.93050000e-07  2.93050000e-07  8.46167535e-01  5.50000000e-01 -6.93787147e-02 
 2.93150000e-07  2.93150000e-07  8.46208190e-01  5.50000000e-01 -6.86509494e-02 
 2.93250000e-07  2.93250000e-07  8.46249445e-01  5.50000000e-01 -6.79123310e-02 
 2.93350000e-07  2.93350000e-07  8.46291291e-01  5.50000000e-01 -6.71629753e-02 
 2.93450000e-07  2.93450000e-07  8.46333723e-01  5.50000000e-01 -6.64029998e-02 
 2.93550000e-07  2.93550000e-07  8.46376734e-01  5.50000000e-01 -6.56325240e-02 
 2.93650000e-07  2.93650000e-07  8.46420318e-01  5.50000000e-01 -6.48516688e-02 
 2.93750000e-07  2.93750000e-07  8.46464466e-01  5.50000000e-01 -6.40605567e-02 
 2.93850000e-07  2.93850000e-07  8.46509173e-01  5.50000000e-01 -6.32593121e-02 
 2.93950000e-07  2.93950000e-07  8.46554431e-01  5.50000000e-01 -6.24480609e-02 
 2.94050000e-07  2.94050000e-07  8.46600233e-01  5.50000000e-01 -6.16269305e-02 
 2.94150000e-07  2.94150000e-07  8.46646572e-01  5.50000000e-01 -6.07960501e-02 
 2.94250000e-07  2.94250000e-07  8.46693441e-01  5.50000000e-01 -5.99555503e-02 
 2.94350000e-07  2.94350000e-07  8.46740831e-01  5.50000000e-01 -5.91055633e-02 
 2.94450000e-07  2.94450000e-07  8.46788737e-01  5.50000000e-01 -5.82462228e-02 
 2.94550000e-07  2.94550000e-07  8.46837149e-01  5.50000000e-01 -5.73776640e-02 
 2.94650000e-07  2.94650000e-07  8.46886061e-01  5.50000000e-01 -5.65000237e-02 
 2.94750000e-07  2.94750000e-07  8.46935465e-01  5.50000000e-01 -5.56134400e-02 
 2.94850000e-07  2.94850000e-07  8.46985352e-01  5.50000000e-01 -5.47180526e-02 
 2.94950000e-07  2.94950000e-07  8.47035716e-01  5.50000000e-01 -5.38139942e-02 
 2.95050000e-07  2.95050000e-07  8.47086548e-01  5.50000000e-01 -5.29014170e-02 
 2.95150000e-07  2.95150000e-07  8.47137839e-01  5.50000000e-01 -5.19804720e-02 
 2.95250000e-07  2.95250000e-07  8.47189583e-01  5.50000000e-01 -5.10512936e-02 
 2.95350000e-07  2.95350000e-07  8.47241771e-01  5.50000000e-01 -5.01140307e-02 
 2.95450000e-07  2.95450000e-07  8.47294394e-01  5.50000000e-01 -4.91688311e-02 
 2.95550000e-07  2.95550000e-07  8.47347444e-01  5.50000000e-01 -4.82158434e-02 
 2.95650000e-07  2.95650000e-07  8.47400913e-01  5.50000000e-01 -4.72552184e-02 
 2.95750000e-07  2.95750000e-07  8.47454793e-01  5.50000000e-01 -4.62871074e-02 
 2.95850000e-07  2.95850000e-07  8.47509074e-01  5.50000000e-01 -4.53116635e-02 
 2.95950000e-07  2.95950000e-07  8.47563749e-01  5.50000000e-01 -4.43290405e-02 
 2.96050000e-07  2.96050000e-07  8.47618809e-01  5.50000000e-01 -4.33393936e-02 
 2.96150000e-07  2.96150000e-07  8.47674245e-01  5.50000000e-01 -4.23428792e-02 
 2.96250000e-07  2.96250000e-07  8.47730048e-01  5.50000000e-01 -4.13396548e-02 
 2.96350000e-07  2.96350000e-07  8.47786209e-01  5.50000000e-01 -4.03298787e-02 
 2.96450000e-07  2.96450000e-07  8.47842720e-01  5.50000000e-01 -3.93137107e-02 
 2.96550000e-07  2.96550000e-07  8.47899571e-01  5.50000000e-01 -3.82913114e-02 
 2.96650000e-07  2.96650000e-07  8.47956755e-01  5.50000000e-01 -3.72628425e-02 
 2.96750000e-07  2.96750000e-07  8.48014261e-01  5.50000000e-01 -3.62284665e-02 
 2.96850000e-07  2.96850000e-07  8.48072080e-01  5.50000000e-01 -3.51883472e-02 
 2.96950000e-07  2.96950000e-07  8.48130204e-01  5.50000000e-01 -3.41426490e-02 
 2.97050000e-07  2.97050000e-07  8.48188623e-01  5.50000000e-01 -3.30915375e-02 
 2.97150000e-07  2.97150000e-07  8.48247328e-01  5.50000000e-01 -3.20351790e-02 
 2.97250000e-07  2.97250000e-07  8.48306310e-01  5.50000000e-01 -3.09737407e-02 
 2.97350000e-07  2.97350000e-07  8.48365560e-01  5.50000000e-01 -2.99073907e-02 
 2.97450000e-07  2.97450000e-07  8.48425067e-01  5.50000000e-01 -2.88362977e-02 
 2.97550000e-07  2.97550000e-07  8.48484824e-01  5.50000000e-01 -2.77606315e-02 
 2.97650000e-07  2.97650000e-07  8.48544819e-01  5.50000000e-01 -2.66805624e-02 
 2.97750000e-07  2.97750000e-07  8.48605044e-01  5.50000000e-01 -2.55962616e-02 
 2.97850000e-07  2.97850000e-07  8.48665490e-01  5.50000000e-01 -2.45079007e-02 
 2.97950000e-07  2.97950000e-07  8.48726146e-01  5.50000000e-01 -2.34156523e-02 
 2.98050000e-07  2.98050000e-07  8.48787004e-01  5.50000000e-01 -2.23196895e-02 
 2.98150000e-07  2.98150000e-07  8.48848053e-01  5.50000000e-01 -2.12201860e-02 
 2.98250000e-07  2.98250000e-07  8.48909284e-01  5.50000000e-01 -2.01173161e-02 
 2.98350000e-07  2.98350000e-07  8.48970687e-01  5.50000000e-01 -1.90112546e-02 
 2.98450000e-07  2.98450000e-07  8.49032253e-01  5.50000000e-01 -1.79021769e-02 
 2.98550000e-07  2.98550000e-07  8.49093971e-01  5.50000000e-01 -1.67902588e-02 
 2.98650000e-07  2.98650000e-07  8.49155833e-01  5.50000000e-01 -1.56756768e-02 
 2.98750000e-07  2.98750000e-07  8.49217828e-01  5.50000000e-01 -1.45586075e-02 
 2.98850000e-07  2.98850000e-07  8.49279946e-01  5.50000000e-01 -1.34392282e-02 
 2.98950000e-07  2.98950000e-07  8.49342178e-01  5.50000000e-01 -1.23177164e-02 
 2.99050000e-07  2.99050000e-07  8.49404514e-01  5.50000000e-01 -1.11942501e-02 
 2.99150000e-07  2.99150000e-07  8.49466944e-01  5.50000000e-01 -1.00690075e-02 
 2.99250000e-07  2.99250000e-07  8.49529458e-01  5.50000000e-01 -8.94216702e-03 
 2.99350000e-07  2.99350000e-07  8.49592047e-01  5.50000000e-01 -7.81390759e-03 
 2.99450000e-07  2.99450000e-07  8.49654700e-01  5.50000000e-01 -6.68440819e-03 
 2.99550000e-07  2.99550000e-07  8.49717407e-01  5.50000000e-01 -5.55384805e-03 
 2.99650000e-07  2.99650000e-07  8.49780159e-01  5.50000000e-01 -4.42240659e-03 
 2.99750000e-07  2.99750000e-07  8.49842946e-01  5.50000000e-01 -3.29026335e-03 
 2.99850000e-07  2.99850000e-07  8.49905758e-01  5.50000000e-01 -2.15759801e-03 
 2.99925000e-07  2.99925000e-07  8.49952877e-01  5.50000000e-01 -1.30786167e-03 
 3.00000000e-07  3.00000000e-07  8.50000000e-01  5.50000000e-01 -4.58011542e-04 
 3.00010000e-07  3.00010000e-07  8.50006283e-01  5.62000000e-01 -3.44674847e-04 
 3.00030000e-07  3.00030000e-07  8.50018850e-01  5.86000000e-01 -1.18987876e-04 
 3.00070000e-07  3.00070000e-07  8.50043982e-01  6.34000000e-01  3.23955965e-04 
 3.00150000e-07  3.00150000e-07  8.50094242e-01  7.30000000e-01  8.18339561e-04 
 3.00250000e-07  3.00250000e-07  8.50157054e-01  8.50000000e-01  3.13378355e-04 
 3.00350000e-07  3.00350000e-07  8.50219841e-01  9.70000000e-01 -1.00248574e-03 
 3.00425000e-07  3.00425000e-07  8.50266908e-01  1.06000000e+00 -3.11780702e-03 
 3.00500000e-07  3.00500000e-07  8.50313953e-01  1.15000000e+00 -5.34335879e-03 
 3.00510000e-07  3.00510000e-07  8.50320223e-01  1.15000000e+00 -5.45201061e-03 
 3.00530000e-07  3.00530000e-07  8.50332763e-01  1.15000000e+00 -5.62976468e-03 
 3.00570000e-07  3.00570000e-07  8.50357835e-01  1.15000000e+00 -6.00074324e-03 
 3.00650000e-07  3.00650000e-07  8.50407953e-01  1.15000000e+00 -6.90373338e-03 
 3.00750000e-07  3.00750000e-07  8.50470542e-01  1.15000000e+00 -8.02774164e-03 
 3.00850000e-07  3.00850000e-07  8.50533056e-01  1.15000000e+00 -9.16004590e-03 
 3.00950000e-07  3.00950000e-07  8.50595486e-01  1.15000000e+00 -1.02835061e-02 
 3.01050000e-07  3.01050000e-07  8.50657822e-01  1.15000000e+00 -1.14105417e-02 
 3.01150000e-07  3.01150000e-07  8.50720054e-01  1.15000000e+00 -1.25322277e-02 
 3.01250000e-07  3.01250000e-07  8.50782172e-01  1.15000000e+00 -1.36542711e-02 
 3.01350000e-07  3.01350000e-07  8.50844167e-01  1.15000000e+00 -1.47726302e-02 
 3.01450000e-07  3.01450000e-07  8.50906029e-01  1.15000000e+00 -1.58895971e-02 
 3.01550000e-07  3.01550000e-07  8.50967747e-01  1.15000000e+00 -1.70034713e-02 
 3.01650000e-07  3.01650000e-07  8.51029313e-01  1.15000000e+00 -1.81149673e-02 
 3.01750000e-07  3.01750000e-07  8.51090716e-01  1.15000000e+00 -1.92234301e-02 
 3.01850000e-07  3.01850000e-07  8.51151947e-01  1.15000000e+00 -2.03288986e-02 
 3.01950000e-07  3.01950000e-07  8.51212996e-01  1.15000000e+00 -2.14311417e-02 
 3.02050000e-07  3.02050000e-07  8.51273854e-01  1.15000000e+00 -2.25299565e-02 
 3.02150000e-07  3.02150000e-07  8.51334510e-01  1.15000000e+00 -2.36252486e-02 
 3.02250000e-07  3.02250000e-07  8.51394956e-01  1.15000000e+00 -2.47167296e-02 
 3.02350000e-07  3.02350000e-07  8.51455181e-01  1.15000000e+00 -2.58043565e-02 
 3.02450000e-07  3.02450000e-07  8.51515176e-01  1.15000000e+00 -2.68878260e-02 
 3.02550000e-07  3.02550000e-07  8.51574933e-01  1.15000000e+00 -2.79670898e-02 
 3.02650000e-07  3.02650000e-07  8.51634440e-01  1.15000000e+00 -2.90418657e-02 
 3.02750000e-07  3.02750000e-07  8.51693690e-01  1.15000000e+00 -3.01120809e-02 
 3.02850000e-07  3.02850000e-07  8.51752672e-01  1.15000000e+00 -3.11774823e-02 
 3.02950000e-07  3.02950000e-07  8.51811377e-01  1.15000000e+00 -3.22379718e-02 
 3.03050000e-07  3.03050000e-07  8.51869796e-01  1.15000000e+00 -3.32933228e-02 
 3.03150000e-07  3.03150000e-07  8.51927920e-01  1.15000000e+00 -3.43434165e-02 
 3.03250000e-07  3.03250000e-07  8.51985739e-01  1.15000000e+00 -3.53880475e-02 
 3.03350000e-07  3.03350000e-07  8.52043245e-01  1.15000000e+00 -3.64270821e-02 
 3.03450000e-07  3.03450000e-07  8.52100429e-01  1.15000000e+00 -3.74603306e-02 
 3.03550000e-07  3.03550000e-07  8.52157280e-01  1.15000000e+00 -3.84876498e-02 
 3.03650000e-07  3.03650000e-07  8.52213791e-01  1.15000000e+00 -3.95088611e-02 
 3.03750000e-07  3.03750000e-07  8.52269952e-01  1.15000000e+00 -4.05238159e-02 
 3.03850000e-07  3.03850000e-07  8.52325755e-01  1.15000000e+00 -4.15323436e-02 
 3.03950000e-07  3.03950000e-07  8.52381191e-01  1.15000000e+00 -4.25342928e-02 
 3.04050000e-07  3.04050000e-07  8.52436251e-01  1.15000000e+00 -4.35294989e-02 
 3.04150000e-07  3.04150000e-07  8.52490926e-01  1.15000000e+00 -4.45178096e-02 
 3.04250000e-07  3.04250000e-07  8.52545207e-01  1.15000000e+00 -4.54990649e-02 
 3.04350000e-07  3.04350000e-07  8.52599087e-01  1.15000000e+00 -4.64731129e-02 
 3.04450000e-07  3.04450000e-07  8.52652556e-01  1.15000000e+00 -4.74397975e-02 
 3.04550000e-07  3.04550000e-07  8.52705606e-01  1.15000000e+00 -4.83989679e-02 
 3.04650000e-07  3.04650000e-07  8.52758229e-01  1.15000000e+00 -4.93504713e-02 
 3.04750000e-07  3.04750000e-07  8.52810417e-01  1.15000000e+00 -5.02941587e-02 
 3.04850000e-07  3.04850000e-07  8.52862161e-01  1.15000000e+00 -5.12298805e-02 
 3.04950000e-07  3.04950000e-07  8.52913452e-01  1.15000000e+00 -5.21574896e-02 
 3.05050000e-07  3.05050000e-07  8.52964284e-01  1.15000000e+00 -5.30768394e-02 
 3.05150000e-07  3.05150000e-07  8.53014648e-01  1.15000000e+00 -5.39877854e-02 
 3.05250000e-07  3.05250000e-07  8.53064535e-01  1.15000000e+00 -5.48901836e-02 
 3.05350000e-07  3.05350000e-07  8.53113939e-01  1.15000000e+00 -5.57839004e-02 
 3.05450000e-07  3.05450000e-07  8.53162851e-01  1.15000000e+00 -5.66687851e-02 
 3.05550000e-07  3.05550000e-07  8.53211263e-01  1.15000000e+00 -5.75446915e-02 
 3.05650000e-07  3.05650000e-07  8.53259169e-01  1.15000000e+00 -5.84114921e-02 
 3.05750000e-07  3.05750000e-07  8.53306559e-01  1.15000000e+00 -5.92690483e-02 
 3.05850000e-07  3.05850000e-07  8.53353428e-01  1.15000000e+00 -6.01172251e-02 
 3.05950000e-07  3.05950000e-07  8.53399767e-01  1.15000000e+00 -6.09558896e-02 
 3.06050000e-07  3.06050000e-07  8.53445569e-01  1.15000000e+00 -6.17849095e-02 
 3.06150000e-07  3.06150000e-07  8.53490827e-01  1.15000000e+00 -6.26041547e-02 
 3.06250000e-07  3.06250000e-07  8.53535534e-01  1.15000000e+00 -6.34134962e-02 
 3.06350000e-07  3.06350000e-07  8.53579682e-01  1.15000000e+00 -6.42128070e-02 
 3.06450000e-07  3.06450000e-07  8.53623266e-01  1.15000000e+00 -6.50019613e-02 
 3.06550000e-07  3.06550000e-07  8.53666277e-01  1.15000000e+00 -6.57808354e-02 
 3.06650000e-07  3.06650000e-07  8.53708709e-01  1.15000000e+00 -6.65493069e-02 
 3.06750000e-07  3.06750000e-07  8.53750555e-01  1.15000000e+00 -6.73072551e-02 
 3.06850000e-07  3.06850000e-07  8.53791810e-01  1.15000000e+00 -6.80545610e-02 
 3.06950000e-07  3.06950000e-07  8.53832465e-01  1.15000000e+00 -6.87911075e-02 
 3.07050000e-07  3.07050000e-07  8.53872515e-01  1.15000000e+00 -6.95167789e-02 
 3.07150000e-07  3.07150000e-07  8.53911954e-01  1.15000000e+00 -7.02314615e-02 
 3.07250000e-07  3.07250000e-07  8.53950775e-01  1.15000000e+00 -7.09350431e-02 
 3.07350000e-07  3.07350000e-07  8.53988972e-01  1.15000000e+00 -7.16274136e-02 
 3.07450000e-07  3.07450000e-07  8.54026539e-01  1.15000000e+00 -7.23084643e-02 
 3.07550000e-07  3.07550000e-07  8.54063471e-01  1.15000000e+00 -7.29780886e-02 
 3.07650000e-07  3.07650000e-07  8.54099761e-01  1.15000000e+00 -7.36361816e-02 
 3.07750000e-07  3.07750000e-07  8.54135403e-01  1.15000000e+00 -7.42826403e-02 
 3.07850000e-07  3.07850000e-07  8.54170392e-01  1.15000000e+00 -7.49173633e-02 
 3.07950000e-07  3.07950000e-07  8.54204723e-01  1.15000000e+00 -7.55402514e-02 
 3.08050000e-07  3.08050000e-07  8.54238390e-01  1.15000000e+00 -7.61512071e-02 
 3.08150000e-07  3.08150000e-07  8.54271387e-01  1.15000000e+00 -7.67501348e-02 
 3.08250000e-07  3.08250000e-07  8.54303710e-01  1.15000000e+00 -7.73369409e-02 
 3.08350000e-07  3.08350000e-07  8.54335354e-01  1.15000000e+00 -7.79115334e-02 
 3.08450000e-07  3.08450000e-07  8.54366312e-01  1.15000000e+00 -7.84738227e-02 
 3.08550000e-07  3.08550000e-07  8.54396582e-01  1.15000000e+00 -7.90237208e-02 
 3.08650000e-07  3.08650000e-07  8.54426157e-01  1.15000000e+00 -7.95611417e-02 
 3.08750000e-07  3.08750000e-07  8.54455033e-01  1.15000000e+00 -8.00860016e-02 
 3.08850000e-07  3.08850000e-07  8.54483205e-01  1.15000000e+00 -8.05982184e-02 
 3.08950000e-07  3.08950000e-07  8.54510670e-01  1.15000000e+00 -8.10977121e-02 
 3.09050000e-07  3.09050000e-07  8.54537422e-01  1.15000000e+00 -8.15844047e-02 
 3.09150000e-07  3.09150000e-07  8.54563458e-01  1.15000000e+00 -8.20582203e-02 
 3.09250000e-07  3.09250000e-07  8.54588773e-01  1.15000000e+00 -8.25190848e-02 
 3.09350000e-07  3.09350000e-07  8.54613364e-01  1.15000000e+00 -8.29669264e-02 
 3.09450000e-07  3.09450000e-07  8.54637226e-01  1.15000000e+00 -8.34016752e-02 
 3.09550000e-07  3.09550000e-07  8.54660356e-01  1.15000000e+00 -8.38232634e-02 
 3.09650000e-07  3.09650000e-07  8.54682749e-01  1.15000000e+00 -8.42316251e-02 
 3.09750000e-07  3.09750000e-07  8.54704404e-01  1.15000000e+00 -8.46266968e-02 
 3.09850000e-07  3.09850000e-07  8.54725315e-01  1.15000000e+00 -8.50084168e-02 
 3.09950000e-07  3.09950000e-07  8.54745481e-01  1.15000000e+00 -8.53767256e-02 
 3.10050000e-07  3.10050000e-07  8.54764897e-01  1.15000000e+00 -8.57315659e-02 
 3.10150000e-07  3.10150000e-07  8.54783560e-01  1.15000000e+00 -8.60728822e-02 
 3.10250000e-07  3.10250000e-07  8.54801468e-01  1.15000000e+00 -8.64006215e-02 
 3.10350000e-07  3.10350000e-07  8.54818618e-01  1.15000000e+00 -8.67147326e-02 
 3.10450000e-07  3.10450000e-07  8.54835007e-01  1.15000000e+00 -8.70151667e-02 
 3.10550000e-07  3.10550000e-07  8.54850633e-01  1.15000000e+00 -8.73018769e-02 
 3.10650000e-07  3.10650000e-07  8.54865493e-01  1.15000000e+00 -8.75748185e-02 
 3.10750000e-07  3.10750000e-07  8.54879584e-01  1.15000000e+00 -8.78339492e-02 
 3.10850000e-07  3.10850000e-07  8.54892905e-01  1.15000000e+00 -8.80792285e-02 
 3.10950000e-07  3.10950000e-07  8.54905453e-01  1.15000000e+00 -8.83106182e-02 
 3.11050000e-07  3.11050000e-07  8.54917226e-01  1.15000000e+00 -8.85280824e-02 
 3.11150000e-07  3.11150000e-07  8.54928223e-01  1.15000000e+00 -8.87315871e-02 
 3.11250000e-07  3.11250000e-07  8.54938442e-01  1.15000000e+00 -8.89211008e-02 
 3.11350000e-07  3.11350000e-07  8.54947881e-01  1.15000000e+00 -8.90965939e-02 
 3.11450000e-07  3.11450000e-07  8.54956538e-01  1.15000000e+00 -8.92580390e-02 
 3.11550000e-07  3.11550000e-07  8.54964413e-01  1.15000000e+00 -8.94054112e-02 
 3.11650000e-07  3.11650000e-07  8.54971504e-01  1.15000000e+00 -8.95386874e-02 
 3.11750000e-07  3.11750000e-07  8.54977810e-01  1.15000000e+00 -8.96578469e-02 
 3.11850000e-07  3.11850000e-07  8.54983330e-01  1.15000000e+00 -8.97628712e-02 
 3.11950000e-07  3.11950000e-07  8.54988063e-01  1.15000000e+00 -8.98537439e-02 
 3.12050000e-07  3.12050000e-07  8.54992008e-01  1.15000000e+00 -8.99304509e-02 
 3.12150000e-07  3.12150000e-07  8.54995165e-01  1.15000000e+00 -8.99929803e-02 
 3.12250000e-07  3.12250000e-07  8.54997533e-01  1.15000000e+00 -9.00413223e-02 
 3.12350000e-07  3.12350000e-07  8.54999112e-01  1.15000000e+00 -9.00754695e-02 
 3.12450000e-07  3.12450000e-07  8.54999901e-01  1.15000000e+00 -9.00954164e-02 
 3.12550000e-07  3.12550000e-07  8.54999901e-01  1.15000000e+00 -9.01011600e-02 
 3.12650000e-07  3.12650000e-07  8.54999112e-01  1.15000000e+00 -9.00926995e-02 
 3.12750000e-07  3.12750000e-07  8.54997533e-01  1.15000000e+00 -9.00700360e-02 
 3.12850000e-07  3.12850000e-07  8.54995165e-01  1.15000000e+00 -9.00331732e-02 
 3.12950000e-07  3.12950000e-07  8.54992008e-01  1.15000000e+00 -8.99821168e-02 
 3.13050000e-07  3.13050000e-07  8.54988063e-01  1.15000000e+00 -8.99168746e-02 
 3.13150000e-07  3.13150000e-07  8.54983330e-01  1.15000000e+00 -8.98374569e-02 
 3.13250000e-07  3.13250000e-07  8.54977810e-01  1.15000000e+00 -8.97438761e-02 
 3.13350000e-07  3.13350000e-07  8.54971504e-01  1.15000000e+00 -8.96361465e-02 
 3.13450000e-07  3.13450000e-07  8.54964413e-01  1.15000000e+00 -8.95142851e-02 
 3.13550000e-07  3.13550000e-07  8.54956538e-01  1.15000000e+00 -8.93783108e-02 
 3.13650000e-07  3.13650000e-07  8.54947881e-01  1.15000000e+00 -8.92282446e-02 
 3.13750000e-07  3.13750000e-07  8.54938442e-01  1.15000000e+00 -8.90641101e-02 
 3.13850000e-07  3.13850000e-07  8.54928223e-01  1.15000000e+00 -8.88859326e-02 
 3.13950000e-07  3.13950000e-07  8.54917226e-01  1.15000000e+00 -8.86937400e-02 
 3.14050000e-07  3.14050000e-07  8.54905453e-01  1.15000000e+00 -8.84875621e-02 
 3.14150000e-07  3.14150000e-07  8.54892905e-01  1.15000000e+00 -8.82674310e-02 
 3.14250000e-07  3.14250000e-07  8.54879584e-01  1.15000000e+00 -8.80333810e-02 
 3.14350000e-07  3.14350000e-07  8.54865493e-01  1.15000000e+00 -8.77854485e-02 
 3.14450000e-07  3.14450000e-07  8.54850633e-01  1.15000000e+00 -8.75236721e-02 
 3.14550000e-07  3.14550000e-07  8.54835007e-01  1.15000000e+00 -8.72480925e-02 
 3.14650000e-07  3.14650000e-07  8.54818618e-01  1.15000000e+00 -8.69587528e-02 
 3.14750000e-07  3.14750000e-07  8.54801468e-01  1.15000000e+00 -8.66556978e-02 
 3.14850000e-07  3.14850000e-07  8.54783560e-01  1.15000000e+00 -8.63389749e-02 
 3.14950000e-07  3.14950000e-07  8.54764897e-01  1.15000000e+00 -8.60086334e-02 
 3.15050000e-07  3.15050000e-07  8.54745481e-01  1.15000000e+00 -8.56647247e-02 
 3.15150000e-07  3.15150000e-07  8.54725315e-01  1.15000000e+00 -8.53073024e-02 
 3.15250000e-07  3.15250000e-07  8.54704404e-01  1.15000000e+00 -8.49364223e-02 
 3.15350000e-07  3.15350000e-07  8.54682749e-01  1.15000000e+00 -8.45521421e-02 
 3.15450000e-07  3.15450000e-07  8.54660356e-01  1.15000000e+00 -8.41545217e-02 
 3.15550000e-07  3.15550000e-07  8.54637226e-01  1.15000000e+00 -8.37436231e-02 
 3.15650000e-07  3.15650000e-07  8.54613364e-01  1.15000000e+00 -8.33195105e-02 
 3.15750000e-07  3.15750000e-07  8.54588773e-01  1.15000000e+00 -8.28822499e-02 
 3.15850000e-07  3.15850000e-07  8.54563458e-01  1.15000000e+00 -8.24319096e-02 
 3.15950000e-07  3.15950000e-07  8.54537422e-01  1.15000000e+00 -8.19685599e-02 
 3.16050000e-07  3.16050000e-07  8.54510670e-01  1.15000000e+00 -8.14922730e-02 
 3.16150000e-07  3.16150000e-07  8.54483205e-01  1.15000000e+00 -8.10031232e-02 
 3.16250000e-07  3.16250000e-07  8.54455033e-01  1.15000000e+00 -8.05011871e-02 
 3.16350000e-07  3.16350000e-07  8.54426157e-01  1.15000000e+00 -7.99865429e-02 
 3.16450000e-07  3.16450000e-07  8.54396582e-01  1.15000000e+00 -7.94592710e-02 
 3.16550000e-07  3.16550000e-07  8.54366312e-01  1.15000000e+00 -7.89194539e-02 
 3.16650000e-07  3.16650000e-07  8.54335354e-01  1.15000000e+00 -7.83671757e-02 
 3.16750000e-07  3.16750000e-07  8.54303710e-01  1.15000000e+00 -7.78025229e-02 
 3.16850000e-07  3.16850000e-07  8.54271387e-01  1.15000000e+00 -7.72255838e-02 
 3.16950000e-07  3.16950000e-07  8.54238390e-01  1.15000000e+00 -7.66364485e-02 
 3.17050000e-07  3.17050000e-07  8.54204723e-01  1.15000000e+00 -7.60352091e-02 
 3.17150000e-07  3.17150000e-07  8.54170392e-01  1.15000000e+00 -7.54219598e-02 
 3.17250000e-07  3.17250000e-07  8.54135403e-01  1.15000000e+00 -7.47967964e-02 
 3.17350000e-07  3.17350000e-07  8.54099761e-01  1.15000000e+00 -7.41598169e-02 
 3.17450000e-07  3.17450000e-07  8.54063471e-01  1.15000000e+00 -7.35111208e-02 
 3.17550000e-07  3.17550000e-07  8.54026539e-01  1.15000000e+00 -7.28508099e-02 
 3.17650000e-07  3.17650000e-07  8.53988972e-01  1.15000000e+00 -7.21789874e-02 
 3.17750000e-07  3.17750000e-07  8.53950775e-01  1.15000000e+00 -7.14957587e-02 
 3.17850000e-07  3.17850000e-07  8.53911954e-01  1.15000000e+00 -7.08012308e-02 
 3.17950000e-07  3.17950000e-07  8.53872515e-01  1.15000000e+00 -7.00955126e-02 
 3.18050000e-07  3.18050000e-07  8.53832465e-01  1.15000000e+00 -6.93787147e-02 
 3.18150000e-07  3.18150000e-07  8.53791810e-01  1.15000000e+00 -6.86509494e-02 
 3.18250000e-07  3.18250000e-07  8.53750555e-01  1.15000000e+00 -6.79123310e-02 
 3.18350000e-07  3.18350000e-07  8.53708709e-01  1.15000000e+00 -6.71629753e-02 
 3.18450000e-07  3.18450000e-07  8.53666277e-01  1.15000000e+00 -6.64029998e-02 
 3.18550000e-07  3.18550000e-07  8.53623266e-01  1.15000000e+00 -6.56325240e-02 
 3.18650000e-07  3.18650000e-07  8.53579682e-01  1.15000000e+00 -6.48516688e-02 
 3.18750000e-07  3.18750000e-07  8.53535534e-01  1.15000000e+00 -6.40605567e-02 
 3.18850000e-07  3.18850000e-07  8.53490827e-01  1.15000000e+00 -6.32593121e-02 
 3.18950000e-07  3.18950000e-07  8.53445569e-01  1.15000000e+00 -6.24480609e-02 
 3.19050000e-07  3.19050000e-07  8.53399767e-01  1.15000000e+00 -6.16269305e-02 
 3.19150000e-07  3.19150000e-07  8.53353428e-01  1.15000000e+00 -6.07960501e-02 
 3.19250000e-07  3.19250000e-07  8.53306559e-01  1.15000000e+00 -5.99555503e-02 
 3.19350000e-07  3.19350000e-07  8.53259169e-01  1.15000000e+00 -5.91055633e-02 
 3.19450000e-07  3.19450000e-07  8.53211263e-01  1.15000000e+00 -5.82462228e-02 
 3.19550000e-07  3.19550000e-07  8.53162851e-01  1.15000000e+00 -5.73776640e-02 
 3.19650000e-07  3.19650000e-07  8.53113939e-01  1.15000000e+00 -5.65000237e-02 
 3.19750000e-07  3.19750000e-07  8.53064535e-01  1.15000000e+00 -5.56134400e-02 
 3.19850000e-07  3.19850000e-07  8.53014648e-01  1.15000000e+00 -5.47180526e-02 
 3.19950000e-07  3.19950000e-07  8.52964284e-01  1.15000000e+00 -5.38139942e-02 
 3.20050000e-07  3.20050000e-07  8.52913452e-01  1.15000000e+00 -5.29014170e-02 
 3.20150000e-07  3.20150000e-07  8.52862161e-01  1.15000000e+00 -5.19804720e-02 
 3.20250000e-07  3.20250000e-07  8.52810417e-01  1.15000000e+00 -5.10512936e-02 
 3.20350000e-07  3.20350000e-07  8.52758229e-01  1.15000000e+00 -5.01140307e-02 
 3.20450000e-07  3.20450000e-07  8.52705606e-01  1.15000000e+00 -4.91688311e-02 
 3.20550000e-07  3.20550000e-07  8.52652556e-01  1.15000000e+00 -4.82158434e-02 
 3.20650000e-07  3.20650000e-07  8.52599087e-01  1.15000000e+00 -4.72552184e-02 
 3.20750000e-07  3.20750000e-07  8.52545207e-01  1.15000000e+00 -4.62871074e-02 
 3.20850000e-07  3.20850000e-07  8.52490926e-01  1.15000000e+00 -4.53116635e-02 
 3.20950000e-07  3.20950000e-07  8.52436251e-01  1.15000000e+00 -4.43290405e-02 
 3.21050000e-07  3.21050000e-07  8.52381191e-01  1.15000000e+00 -4.33393936e-02 
 3.21150000e-07  3.21150000e-07  8.52325755e-01  1.15000000e+00 -4.23428792e-02 
 3.21250000e-07  3.21250000e-07  8.52269952e-01  1.15000000e+00 -4.13396548e-02 
 3.21350000e-07  3.21350000e-07  8.52213791e-01  1.15000000e+00 -4.03298787e-02 
 3.21450000e-07  3.21450000e-07  8.52157280e-01  1.15000000e+00 -3.93137107e-02 
 3.21550000e-07  3.21550000e-07  8.52100429e-01  1.15000000e+00 -3.82913114e-02 
 3.21650000e-07  3.21650000e-07  8.52043245e-01  1.15000000e+00 -3.72628425e-02 
 3.21750000e-07  3.21750000e-07  8.51985739e-01  1.15000000e+00 -3.62284665e-02 
 3.21850000e-07  3.21850000e-07  8.51927920e-01  1.15000000e+00 -3.51883472e-02 
 3.21950000e-07  3.21950000e-07  8.51869796e-01  1.15000000e+00 -3.41426490e-02 
 3.22050000e-07  3.22050000e-07  8.51811377e-01  1.15000000e+00 -3.30915375e-02 
 3.22150000e-07  3.22150000e-07  8.51752672e-01  1.15000000e+00 -3.20351790e-02 
 3.22250000e-07  3.22250000e-07  8.51693690e-01  1.15000000e+00 -3.09737407e-02 
 3.22350000e-07  3.22350000e-07  8.51634440e-01  1.15000000e+00 -2.99073907e-02 
 3.22450000e-07  3.22450000e-07  8.51574933e-01  1.15000000e+00 -2.88362977e-02 
 3.22550000e-07  3.22550000e-07  8.51515176e-01  1.15000000e+00 -2.77606315e-02 
 3.22650000e-07  3.22650000e-07  8.51455181e-01  1.15000000e+00 -2.66805624e-02 
 3.22750000e-07  3.22750000e-07  8.51394956e-01  1.15000000e+00 -2.55962616e-02 
 3.22850000e-07  3.22850000e-07  8.51334510e-01  1.15000000e+00 -2.45079007e-02 
 3.22950000e-07  3.22950000e-07  8.51273854e-01  1.15000000e+00 -2.34156523e-02 
 3.23050000e-07  3.23050000e-07  8.51212996e-01  1.15000000e+00 -2.23196895e-02 
 3.23150000e-07  3.23150000e-07  8.51151947e-01  1.15000000e+00 -2.12201860e-02 
 3.23250000e-07  3.23250000e-07  8.51090716e-01  1.15000000e+00 -2.01173161e-02 
 3.23350000e-07  3.23350000e-07  8.51029313e-01  1.15000000e+00 -1.90112546e-02 
 3.23450000e-07  3.23450000e-07  8.50967747e-01  1.15000000e+00 -1.79021769e-02 
 3.23550000e-07  3.23550000e-07  8.50906029e-01  1.15000000e+00 -1.67902588e-02 
 3.23650000e-07  3.23650000e-07  8.50844167e-01  1.15000000e+00 -1.56756768e-02 
 3.23750000e-07  3.23750000e-07  8.50782172e-01  1.15000000e+00 -1.45586075e-02 
 3.23850000e-07  3.23850000e-07  8.50720054e-01  1.15000000e+00 -1.34392282e-02 
 3.23950000e-07  3.23950000e-07  8.50657822e-01  1.15000000e+00 -1.23177164e-02 
 3.24050000e-07  3.24050000e-07  8.50595486e-01  1.15000000e+00 -1.11942501e-02 
 3.24150000e-07  3.24150000e-07  8.50533056e-01  1.15000000e+00 -1.00690075e-02 
 3.24250000e-07  3.24250000e-07  8.50470542e-01  1.15000000e+00 -8.94216702e-03 
 3.24350000e-07  3.24350000e-07  8.50407953e-01  1.15000000e+00 -7.81390759e-03 
 3.24450000e-07  3.24450000e-07  8.50345300e-01  1.15000000e+00 -6.68440819e-03 
 3.24550000e-07  3.24550000e-07  8.50282593e-01  1.15000000e+00 -5.55384805e-03 
 3.24650000e-07  3.24650000e-07  8.50219841e-01  1.15000000e+00 -4.42240659e-03 
 3.24750000e-07  3.24750000e-07  8.50157054e-01  1.15000000e+00 -3.29026335e-03 
 3.24850000e-07  3.24850000e-07  8.50094242e-01  1.15000000e+00 -2.15759801e-03 
 3.24950000e-07  3.24950000e-07  8.50031416e-01  1.15000000e+00 -1.02459031e-03 
 3.25050000e-07  3.25050000e-07  8.49968584e-01  1.15000000e+00  1.08579928e-04 
 3.25150000e-07  3.25150000e-07  8.49905758e-01  1.15000000e+00  1.24173287e-03 
 3.25250000e-07  3.25250000e-07  8.49842946e-01  1.15000000e+00  2.37468868e-03 
 3.25350000e-07  3.25350000e-07  8.49780159e-01  1.15000000e+00  3.50726756e-03 
 3.25425000e-07  3.25425000e-07  8.49733092e-01  1.15000000e+00  4.35634906e-03 
 3.25500000e-07  3.25500000e-07  8.49686047e-01  1.15000000e+00  5.20503870e-03 
 3.25510000e-07  3.25510000e-07  8.49679777e-01  1.13800000e+00  5.30597300e-03 
 3.25530000e-07  3.25530000e-07  8.49667237e-01  1.11400000e+00  5.51317520e-03 
 3.25570000e-07  3.25570000e-07  8.49642165e-01  1.06600000e+00  5.89829055e-03 
 3.25650000e-07  3.25650000e-07  8.49592047e-01  9.70000000e-01  5.04413421e-03 
 3.25750000e-07  3.25750000e-07  8.49529458e-01  8.50000000e-01  1.24723199e-03 
 3.25850000e-07  3.25850000e-07  8.49466944e-01  7.30000000e-01 -2.61069714e-03 
 3.25925000e-07  3.25925000e-07  8.49420113e-01  6.40000000e-01 -7.07017571e-03 
 3.26000000e-07  3.26000000e-07  8.49373334e-01  5.50000000e-01 -1.11956763e-02 
 3.26010000e-07  3.26010000e-07  8.49367101e-01  5.50000000e-01 -1.12829100e-02 
 3.26030000e-07  3.26030000e-07  8.49354637e-01  5.50000000e-01 -1.13844095e-02 
 3.26070000e-07  3.26070000e-07  8.49329723e-01  5.50000000e-01 -1.16475328e-02 
 3.26150000e-07  3.26150000e-07  8.49279946e-01  5.50000000e-01 -1.25374908e-02 
 3.26250000e-07  3.26250000e-07  8.49217828e-01  5.50000000e-01 -1.36490994e-02 
 3.26350000e-07  3.26350000e-07  8.49155833e-01  5.50000000e-01 -1.47764857e-02 
 3.26450000e-07  3.26450000e-07  8.49093971e-01  5.50000000e-01 -1.58869445e-02 
 3.26550000e-07  3.26550000e-07  8.49032253e-01  5.50000000e-01 -1.70052283e-02 
 3.26650000e-07  3.26650000e-07  8.48970687e-01  5.50000000e-01 -1.81138336e-02 
 3.26750000e-07  3.26750000e-07  8.48909284e-01  5.50000000e-01 -1.92241447e-02 
 3.26850000e-07  3.26850000e-07  8.48848053e-01  5.50000000e-01 -2.03284691e-02 
 3.26950000e-07  3.26950000e-07  8.48787004e-01  5.50000000e-01 -2.14314034e-02 
 3.27050000e-07  3.27050000e-07  8.48726146e-01  5.50000000e-01 -2.25298299e-02 
 3.27150000e-07  3.27150000e-07  8.48665490e-01  5.50000000e-01 -2.36253173e-02 
 3.27250000e-07  3.27250000e-07  8.48605044e-01  5.50000000e-01 -2.47167202e-02 
 3.27350000e-07  3.27350000e-07  8.48544819e-01  5.50000000e-01 -2.58043495e-02 
 3.27450000e-07  3.27450000e-07  8.48484824e-01  5.50000000e-01 -2.68878469e-02 
 3.27550000e-07  3.27550000e-07  8.48425067e-01  5.50000000e-01 -2.79670613e-02 
 3.27650000e-07  3.27650000e-07  8.48365560e-01  5.50000000e-01 -2.90418969e-02 
 3.27750000e-07  3.27750000e-07  8.48306310e-01  5.50000000e-01 -3.01120502e-02 
 3.27850000e-07  3.27850000e-07  8.48247328e-01  5.50000000e-01 -3.11775107e-02 
 3.27950000e-07  3.27950000e-07  8.48188623e-01  5.50000000e-01 -3.22379466e-02 
 3.28050000e-07  3.28050000e-07  8.48130204e-01  5.50000000e-01 -3.32933446e-02 
 3.28150000e-07  3.28150000e-07  8.48072080e-01  5.50000000e-01 -3.43433981e-02 
 3.28250000e-07  3.28250000e-07  8.48014261e-01  5.50000000e-01 -3.53880628e-02 
 3.28350000e-07  3.28350000e-07  8.47956755e-01  5.50000000e-01 -3.64270695e-02 
 3.28450000e-07  3.28450000e-07  8.47899571e-01  5.50000000e-01 -3.74603409e-02 
 3.28550000e-07  3.28550000e-07  8.47842720e-01  5.50000000e-01 -3.84876414e-02 
 3.28650000e-07  3.28650000e-07  8.47786209e-01  5.50000000e-01 -3.95088678e-02 
 3.28750000e-07  3.28750000e-07  8.47730048e-01  5.50000000e-01 -4.05238106e-02 
 3.28850000e-07  3.28850000e-07  8.47674245e-01  5.50000000e-01 -4.15323479e-02 
 3.28950000e-07  3.28950000e-07  8.47618809e-01  5.50000000e-01 -4.25342894e-02 
 3.29050000e-07  3.29050000e-07  8.47563749e-01  5.50000000e-01 -4.35295016e-02 
 3.29150000e-07  3.29150000e-07  8.47509074e-01  5.50000000e-01 -4.45178075e-02 
 3.29250000e-07  3.29250000e-07  8.47454793e-01  5.50000000e-01 -4.54990665e-02 
 3.29350000e-07  3.29350000e-07  8.47400913e-01  5.50000000e-01 -4.64731116e-02 
 3.29450000e-07  3.29450000e-07  8.47347444e-01  5.50000000e-01 -4.74397985e-02 
 3.29550000e-07  3.29550000e-07  8.47294394e-01  5.50000000e-01 -4.83989671e-02 
 3.29650000e-07  3.29650000e-07  8.47241771e-01  5.50000000e-01 -4.93504719e-02 
 3.29750000e-07  3.29750000e-07  8.47189583e-01  5.50000000e-01 -5.02941583e-02 
 3.29850000e-07  3.29850000e-07  8.47137839e-01  5.50000000e-01 -5.12298808e-02 
 3.29950000e-07  3.29950000e-07  8.47086548e-01  5.50000000e-01 -5.21574893e-02 
 3.30050000e-07  3.30050000e-07  8.47035716e-01  5.50000000e-01 -5.30768396e-02 
 3.30150000e-07  3.30150000e-07  8.46985352e-01  5.50000000e-01 -5.39877852e-02 
 3.30250000e-07  3.30250000e-07  8.46935465e-01  5.50000000e-01 -5.48901837e-02 
 3.30350000e-07  3.30350000e-07  8.46886061e-01  5.50000000e-01 -5.57839003e-02 
 3.30450000e-07  3.30450000e-07  8.46837149e-01  5.50000000e-01 -5.66687852e-02 
 3.30550000e-07  3.30550000e-07  8.46788737e-01  5.50000000e-01 -5.75446915e-02 
 3.30650000e-07  3.30650000e-07  8.46740831e-01  5.50000000e-01 -5.84114921e-02 
 3.30750000e-07  3.30750000e-07  8.46693441e-01  5.50000000e-01 -5.92690483e-02 
 3.30850000e-07  3.30850000e-07  8.46646572e-01  5.50000000e-01 -6.01172251e-02 
 3.30950000e-07  3.30950000e-07  8.46600233e-01  5.50000000e-01 -6.09558896e-02 
 3.31050000e-07  3.31050000e-07  8.46554431e-01  5.50000000e-01 -6.17849095e-02 
 3.31150000e-07  3.31150000e-07  8.46509173e-01  5.50000000e-01 -6.26041547e-02 
 3.31250000e-07  3.31250000e-07  8.46464466e-01  5.50000000e-01 -6.34134962e-02 
 3.31350000e-07  3.31350000e-07  8.46420318e-01  5.50000000e-01 -6.42128069e-02 
 3.31450000e-07  3.31450000e-07  8.46376734e-01  5.50000000e-01 -6.50019613e-02 
 3.31550000e-07  3.31550000e-07  8.46333723e-01  5.50000000e-01 -6.57808354e-02 
 3.31650000e-07  3.31650000e-07  8.46291291e-01  5.50000000e-01 -6.65493069e-02 
 3.31750000e-07  3.31750000e-07  8.46249445e-01  5.50000000e-01 -6.73072551e-02 
 3.31850000e-07  3.31850000e-07  8.46208190e-01  5.50000000e-01 -6.80545610e-02 
 3.31950000e-07  3.31950000e-07  8.46167535e-01  5.50000000e-01 -6.87911075e-02 
 3.32050000e-07  3.32050000e-07  8.46127485e-01  5.50000000e-01 -6.95167789e-02 
 3.32150000e-07  3.32150000e-07  8.46088046e-01  5.50000000e-01 -7.02314615e-02 
 3.32250000e-07  3.32250000e-07  8.46049225e-01  5.50000000e-01 -7.09350431e-02 
 3.32350000e-07  3.32350000e-07  8.46011028e-01  5.50000000e-01 -7.16274136e-02 
 3.32450000e-07  3.32450000e-07  8.45973461e-01  5.50000000e-01 -7.23084643e-02 
 3.32550000e-07  3.32550000e-07  8.45936529e-01  5.50000000e-01 -7.29780886e-02 
 3.32650000e-07  3.32650000e-07  8.45900239e-01  5.50000000e-01 -7.36361816e-02 
 3.32750000e-07  3.32750000e-07  8.45864597e-01  5.50000000e-01 -7.42826403e-02 
 3.32850000e-07  3.32850000e-07  8.45829608e-01  5.50000000e-01 -7.49173633e-02 
 3.32950000e-07  3.32950000e-07  8.45795277e-01  5.50000000e-01 -7.55402514e-02 
 3.33050000e-07  3.33050000e-07  8.45761610e-01  5.50000000e-01 -7.61512071e-02 
 3.33150000e-07  3.33150000e-07  8.45728613e-01  5.50000000e-01 -7.67501348e-02 
 3.33250000e-07  3.33250000e-07  8.45696290e-01  5.50000000e-01 -7.73369409e-02 
 3.33350000e-07  3.33350000e-07  8.45664646e-01  5.50000000e-01 -7.79115334e-02 
 3.33450000e-07  3.33450000e-07  8.45633688e-01  5.50000000e-01 -7.84738227e-02 
 3.33550000e-07  3.33550000e-07  8.45603418e-01  5.50000000e-01 -7.90237208e-02 
 3.33650000e-07  3.33650000e-07  8.45573843e-01  5.50000000e-01 -7.95611417e-02 
 3.33750000e-07  3.33750000e-07  8.45544967e-01  5.50000000e-01 -8.00860016e-02 
 3.33850000e-07  3.33850000e-07  8.45516795e-01  5.50000000e-01 -8.05982184e-02 
 3.33950000e-07  3.33950000e-07  8.45489330e-01  5.50000000e-01 -8.10977121e-02 
 3.34050000e-07  3.34050000e-07  8.45462578e-01  5.50000000e-01 -8.15844047e-02 
 3.34150000e-07  3.34150000e-07  8.45436542e-01  5.50000000e-01 -8.20582203e-02 
 3.34250000e-07  3.34250000e-07  8.45411227e-01  5.50000000e-01 -8.25190848e-02 
 3.34350000e-07  3.34350000e-07  8.45386636e-01  5.50000000e-01 -8.29669264e-02 
 3.34450000e-07  3.34450000e-07  8.45362774e-01  5.50000000e-01 -8.34016752e-02 
 3.34550000e-07  3.34550000e-07  8.45339644e-01  5.50000000e-01 -8.38232634e-02 
 3.34650000e-07  3.34650000e-07  8.45317251e-01  5.50000000e-01 -8.42316251e-02 
 3.34750000e-07  3.34750000e-07  8.45295596e-01  5.50000000e-01 -8.46266968e-02 
 3.34850000e-07  3.34850000e-07  8.45274685e-01  5.50000000e-01 -8.50084168e-02 
 3.34950000e-07  3.34950000e-07  8.45254519e-01  5.50000000e-01 -8.53767256e-02 
 3.35050000e-07  3.35050000e-07  8.45235103e-01  5.50000000e-01 -8.57315659e-02 
 3.35150000e-07  3.35150000e-07  8.45216440e-01  5.50000000e-01 -8.60728822e-02 
 3.35250000e-07  3.35250000e-07  8.45198532e-01  5.50000000e-01 -8.64006215e-02 
 3.35350000e-07  3.35350000e-07  8.45181382e-01  5.50000000e-01 -8.67147326e-02 
 3.35450000e-07  3.35450000e-07  8.45164993e-01  5.50000000e-01 -8.70151667e-02 
 3.35550000e-07  3.35550000e-07  8.45149367e-01  5.50000000e-01 -8.73018769e-02 
 3.35650000e-07  3.35650000e-07  8.45134507e-01  5.50000000e-01 -8.75748185e-02 
 3.35750000e-07  3.35750000e-07  8.45120416e-01  5.50000000e-01 -8.78339492e-02 
 3.35850000e-07  3.35850000e-07  8.45107095e-01  5.50000000e-01 -8.80792285e-02 
 3.35950000e-07  3.35950000e-07  8.45094547e-01  5.50000000e-01 -8.83106182e-02 
 3.36050000e-07  3.36050000e-07  8.45082774e-01  5.50000000e-01 -8.85280824e-02 
 3.36150000e-07  3.36150000e-07  8.45071777e-01  5.50000000e-01 -8.87315871e-02 
 3.36250000e-07  3.36250000e-07  8.45061558e-01  5.50000000e-01 -8.89211008e-02 
 3.36350000e-07  3.36350000e-07  8.45052119e-01  5.50000000e-01 -8.90965939e-02 
 3.36450000e-07  3.36450000e-07  8.45043462e-01  5.50000000e-01 -8.92580390e-02 
 3.36550000e-07  3.36550000e-07  8.45035587e-01  5.50000000e-01 -8.94054112e-02 
 3.36650000e-07  3.36650000e-07  8.45028496e-01  5.50000000e-01 -8.95386874e-02 
 3.36750000e-07  3.36750000e-07  8.45022190e-01  5.50000000e-01 -8.96578469e-02 
 3.36850000e-07  3.36850000e-07  8.45016670e-01  5.50000000e-01 -8.97628712e-02 
 3.36950000e-07  3.36950000e-07  8.45011937e-01  5.50000000e-01 -8.98537439e-02 
 3.37050000e-07  3.37050000e-07  8.45007992e-01  5.50000000e-01 -8.99304509e-02 
 3.37150000e-07  3.37150000e-07  8.45004835e-01  5.50000000e-01 -8.99929803e-02 
 3.37250000e-07  3.37250000e-07  8.45002467e-01  5.50000000e-01 -9.00413223e-02 
 3.37350000e-07  3.37350000e-07  8.45000888e-01  5.50000000e-01 -9.00754695e-02 
 3.37450000e-07  3.37450000e-07  8.45000099e-01  5.50000000e-01 -9.00954164e-02 
 3.37550000e-07  3.37550000e-07  8.45000099e-01  5.50000000e-01 -9.01011600e-02 
 3.37650000e-07  3.37650000e-07  8.45000888e-01  5.50000000e-01 -9.00926995e-02 
 3.37750000e-07  3.37750000e-07  8.45002467e-01  5.50000000e-01 -9.00700360e-02 
 3.37850000e-07  3.37850000e-07  8.45004835e-01  5.50000000e-01 -9.00331732e-02 
 3.37950000e-07  3.37950000e-07  8.45007992e-01  5.50000000e-01 -8.99821168e-02 
 3.38050000e-07  3.38050000e-07  8.45011937e-01  5.50000000e-01 -8.99168746e-02 
 3.38150000e-07  3.38150000e-07  8.45016670e-01  5.50000000e-01 -8.98374569e-02 
 3.38250000e-07  3.38250000e-07  8.45022190e-01  5.50000000e-01 -8.97438761e-02 
 3.38350000e-07  3.38350000e-07  8.45028496e-01  5.50000000e-01 -8.96361465e-02 
 3.38450000e-07  3.38450000e-07  8.45035587e-01  5.50000000e-01 -8.95142851e-02 
 3.38550000e-07  3.38550000e-07  8.45043462e-01  5.50000000e-01 -8.93783108e-02 
 3.38650000e-07  3.38650000e-07  8.45052119e-01  5.50000000e-01 -8.92282446e-02 
 3.38750000e-07  3.38750000e-07  8.45061558e-01  5.50000000e-01 -8.90641101e-02 
 3.38850000e-07  3.38850000e-07  8.45071777e-01  5.50000000e-01 -8.88859326e-02 
 3.38950000e-07  3.38950000e-07  8.45082774e-01  5.50000000e-01 -8.86937400e-02 
 3.39050000e-07  3.39050000e-07  8.45094547e-01  5.50000000e-01 -8.84875621e-02 
 3.39150000e-07  3.39150000e-07  8.45107095e-01  5.50000000e-01 -8.82674310e-02 
 3.39250000e-07  3.39250000e-07  8.45120416e-01  5.50000000e-01 -8.80333810e-02 
 3.39350000e-07  3.39350000e-07  8.45134507e-01  5.50000000e-01 -8.77854485e-02 
 3.39450000e-07  3.39450000e-07  8.45149367e-01  5.50000000e-01 -8.75236721e-02 
 3.39550000e-07  3.39550000e-07  8.45164993e-01  5.50000000e-01 -8.72480925e-02 
 3.39650000e-07  3.39650000e-07  8.45181382e-01  5.50000000e-01 -8.69587528e-02 
 3.39750000e-07  3.39750000e-07  8.45198532e-01  5.50000000e-01 -8.66556978e-02 
 3.39850000e-07  3.39850000e-07  8.45216440e-01  5.50000000e-01 -8.63389749e-02 
 3.39950000e-07  3.39950000e-07  8.45235103e-01  5.50000000e-01 -8.60086334e-02 
 3.40050000e-07  3.40050000e-07  8.45254519e-01  5.50000000e-01 -8.56647247e-02 
 3.40150000e-07  3.40150000e-07  8.45274685e-01  5.50000000e-01 -8.53073024e-02 
 3.40250000e-07  3.40250000e-07  8.45295596e-01  5.50000000e-01 -8.49364223e-02 
 3.40350000e-07  3.40350000e-07  8.45317251e-01  5.50000000e-01 -8.45521421e-02 
 3.40450000e-07  3.40450000e-07  8.45339644e-01  5.50000000e-01 -8.41545217e-02 
 3.40550000e-07  3.40550000e-07  8.45362774e-01  5.50000000e-01 -8.37436231e-02 
 3.40650000e-07  3.40650000e-07  8.45386636e-01  5.50000000e-01 -8.33195105e-02 
 3.40750000e-07  3.40750000e-07  8.45411227e-01  5.50000000e-01 -8.28822499e-02 
 3.40850000e-07  3.40850000e-07  8.45436542e-01  5.50000000e-01 -8.24319096e-02 
 3.40950000e-07  3.40950000e-07  8.45462578e-01  5.50000000e-01 -8.19685599e-02 
 3.41050000e-07  3.41050000e-07  8.45489330e-01  5.50000000e-01 -8.14922730e-02 
 3.41150000e-07  3.41150000e-07  8.45516795e-01  5.50000000e-01 -8.10031232e-02 
 3.41250000e-07  3.41250000e-07  8.45544967e-01  5.50000000e-01 -8.05011871e-02 
 3.41350000e-07  3.41350000e-07  8.45573843e-01  5.50000000e-01 -7.99865429e-02 
 3.41450000e-07  3.41450000e-07  8.45603418e-01  5.50000000e-01 -7.94592710e-02 
 3.41550000e-07  3.41550000e-07  8.45633688e-01  5.50000000e-01 -7.89194539e-02 
 3.41650000e-07  3.41650000e-07  8.45664646e-01  5.50000000e-01 -7.83671757e-02 
 3.41750000e-07  3.41750000e-07  8.45696290e-01  5.50000000e-01 -7.78025229e-02 
 3.41850000e-07  3.41850000e-07  8.45728613e-01  5.50000000e-01 -7.72255838e-02 
 3.41950000e-07  3.41950000e-07  8.45761610e-01  5.50000000e-01 -7.66364485e-02 
 3.42050000e-07  3.42050000e-07  8.45795277e-01  5.50000000e-01 -7.60352091e-02 
 3.42150000e-07  3.42150000e-07  8.45829608e-01  5.50000000e-01 -7.54219598e-02 
 3.42250000e-07  3.42250000e-07  8.45864597e-01  5.50000000e-01 -7.47967964e-02 
 3.42350000e-07  3.42350000e-07  8.45900239e-01  5.50000000e-01 -7.41598169e-02 
 3.42450000e-07  3.42450000e-07  8.45936529e-01  5.50000000e-01 -7.35111208e-02 
 3.42550000e-07  3.42550000e-07  8.45973461e-01  5.50000000e-01 -7.28508099e-02 
 3.42650000e-07  3.42650000e-07  8.46011028e-01  5.50000000e-01 -7.21789874e-02 
 3.42750000e-07  3.42750000e-07  8.46049225e-01  5.50000000e-01 -7.14957587e-02 
 3.42850000e-07  3.42850000e-07  8.46088046e-01  5.50000000e-01 -7.08012308e-02 
 3.42950000e-07  3.42950000e-07  8.46127485e-01  5.50000000e-01 -7.00955126e-02 
 3.43050000e-07  3.43050000e-07  8.46167535e-01  5.50000000e-01 -6.93787147e-02 
 3.43150000e-07  3.43150000e-07  8.46208190e-01  5.50000000e-01 -6.86509494e-02 
 3.43250000e-07  3.43250000e-07  8.46249445e-01  5.50000000e-01 -6.79123310e-02 
 3.43350000e-07  3.43350000e-07  8.46291291e-01  5.50000000e-01 -6.71629753e-02 
 3.43450000e-07  3.43450000e-07  8.46333723e-01  5.50000000e-01 -6.64029998e-02 
 3.43550000e-07  3.43550000e-07  8.46376734e-01  5.50000000e-01 -6.56325240e-02 
 3.43650000e-07  3.43650000e-07  8.46420318e-01  5.50000000e-01 -6.48516688e-02 
 3.43750000e-07  3.43750000e-07  8.46464466e-01  5.50000000e-01 -6.40605567e-02 
 3.43850000e-07  3.43850000e-07  8.46509173e-01  5.50000000e-01 -6.32593121e-02 
 3.43950000e-07  3.43950000e-07  8.46554431e-01  5.50000000e-01 -6.24480609e-02 
 3.44050000e-07  3.44050000e-07  8.46600233e-01  5.50000000e-01 -6.16269305e-02 
 3.44150000e-07  3.44150000e-07  8.46646572e-01  5.50000000e-01 -6.07960501e-02 
 3.44250000e-07  3.44250000e-07  8.46693441e-01  5.50000000e-01 -5.99555503e-02 
 3.44350000e-07  3.44350000e-07  8.46740831e-01  5.50000000e-01 -5.91055633e-02 
 3.44450000e-07  3.44450000e-07  8.46788737e-01  5.50000000e-01 -5.82462228e-02 
 3.44550000e-07  3.44550000e-07  8.46837149e-01  5.50000000e-01 -5.73776640e-02 
 3.44650000e-07  3.44650000e-07  8.46886061e-01  5.50000000e-01 -5.65000237e-02 
 3.44750000e-07  3.44750000e-07  8.46935465e-01  5.50000000e-01 -5.56134400e-02 
 3.44850000e-07  3.44850000e-07  8.46985352e-01  5.50000000e-01 -5.47180526e-02 
 3.44950000e-07  3.44950000e-07  8.47035716e-01  5.50000000e-01 -5.38139942e-02 
 3.45050000e-07  3.45050000e-07  8.47086548e-01  5.50000000e-01 -5.29014170e-02 
 3.45150000e-07  3.45150000e-07  8.47137839e-01  5.50000000e-01 -5.19804720e-02 
 3.45250000e-07  3.45250000e-07  8.47189583e-01  5.50000000e-01 -5.10512936e-02 
 3.45350000e-07  3.45350000e-07  8.47241771e-01  5.50000000e-01 -5.01140307e-02 
 3.45450000e-07  3.45450000e-07  8.47294394e-01  5.50000000e-01 -4.91688311e-02 
 3.45550000e-07  3.45550000e-07  8.47347444e-01  5.50000000e-01 -4.82158434e-02 
 3.45650000e-07  3.45650000e-07  8.47400913e-01  5.50000000e-01 -4.72552184e-02 
 3.45750000e-07  3.45750000e-07  8.47454793e-01  5.50000000e-01 -4.62871074e-02 
 3.45850000e-07  3.45850000e-07  8.47509074e-01  5.50000000e-01 -4.53116635e-02 
 3.45950000e-07  3.45950000e-07  8.47563749e-01  5.50000000e-01 -4.43290405e-02 
 3.46050000e-07  3.46050000e-07  8.47618809e-01  5.50000000e-01 -4.33393936e-02 
 3.46150000e-07  3.46150000e-07  8.47674245e-01  5.50000000e-01 -4.23428792e-02 
 3.46250000e-07  3.46250000e-07  8.47730048e-01  5.50000000e-01 -4.13396548e-02 
 3.46350000e-07  3.46350000e-07  8.47786209e-01  5.50000000e-01 -4.03298787e-02 
 3.46450000e-07  3.46450000e-07  8.47842720e-01  5.50000000e-01 -3.93137107e-02 
 3.46550000e-07  3.46550000e-07  8.47899571e-01  5.50000000e-01 -3.82913114e-02 
 3.46650000e-07  3.46650000e-07  8.47956755e-01  5.50000000e-01 -3.72628425e-02 
 3.46750000e-07  3.46750000e-07  8.48014261e-01  5.50000000e-01 -3.62284665e-02 
 3.46850000e-07  3.46850000e-07  8.48072080e-01  5.50000000e-01 -3.51883472e-02 
 3.46950000e-07  3.46950000e-07  8.48130204e-01  5.50000000e-01 -3.41426490e-02 
 3.47050000e-07  3.47050000e-07  8.48188623e-01  5.50000000e-01 -3.30915375e-02 
 3.47150000e-07  3.47150000e-07  8.48247328e-01  5.50000000e-01 -3.20351790e-02 
 3.47250000e-07  3.47250000e-07  8.48306310e-01  5.50000000e-01 -3.09737407e-02 
 3.47350000e-07  3.47350000e-07  8.48365560e-01  5.50000000e-01 -2.99073907e-02 
 3.47450000e-07  3.47450000e-07  8.48425067e-01  5.50000000e-01 -2.88362977e-02 
 3.47550000e-07  3.47550000e-07  8.48484824e-01  5.50000000e-01 -2.77606315e-02 
 3.47650000e-07  3.47650000e-07  8.48544819e-01  5.50000000e-01 -2.66805624e-02 
 3.47750000e-07  3.47750000e-07  8.48605044e-01  5.50000000e-01 -2.55962616e-02 
 3.47850000e-07  3.47850000e-07  8.48665490e-01  5.50000000e-01 -2.45079007e-02 
 3.47950000e-07  3.47950000e-07  8.48726146e-01  5.50000000e-01 -2.34156523e-02 
 3.48050000e-07  3.48050000e-07  8.48787004e-01  5.50000000e-01 -2.23196895e-02 
 3.48150000e-07  3.48150000e-07  8.48848053e-01  5.50000000e-01 -2.12201860e-02 
 3.48250000e-07  3.48250000e-07  8.48909284e-01  5.50000000e-01 -2.01173161e-02 
 3.48350000e-07  3.48350000e-07  8.48970687e-01  5.50000000e-01 -1.90112546e-02 
 3.48450000e-07  3.48450000e-07  8.49032253e-01  5.50000000e-01 -1.79021769e-02 
 3.48550000e-07  3.48550000e-07  8.49093971e-01  5.50000000e-01 -1.67902588e-02 
 3.48650000e-07  3.48650000e-07  8.49155833e-01  5.50000000e-01 -1.56756768e-02 
 3.48750000e-07  3.48750000e-07  8.49217828e-01  5.50000000e-01 -1.45586075e-02 
 3.48850000e-07  3.48850000e-07  8.49279946e-01  5.50000000e-01 -1.34392282e-02 
 3.48950000e-07  3.48950000e-07  8.49342178e-01  5.50000000e-01 -1.23177164e-02 
 3.49050000e-07  3.49050000e-07  8.49404514e-01  5.50000000e-01 -1.11942501e-02 
 3.49150000e-07  3.49150000e-07  8.49466944e-01  5.50000000e-01 -1.00690075e-02 
 3.49250000e-07  3.49250000e-07  8.49529458e-01  5.50000000e-01 -8.94216702e-03 
 3.49350000e-07  3.49350000e-07  8.49592047e-01  5.50000000e-01 -7.81390759e-03 
 3.49450000e-07  3.49450000e-07  8.49654700e-01  5.50000000e-01 -6.68440819e-03 
 3.49550000e-07  3.49550000e-07  8.49717407e-01  5.50000000e-01 -5.55384805e-03 
 3.49650000e-07  3.49650000e-07  8.49780159e-01  5.50000000e-01 -4.42240659e-03 
 3.49750000e-07  3.49750000e-07  8.49842946e-01  5.50000000e-01 -3.29026335e-03 
 3.49850000e-07  3.49850000e-07  8.49905758e-01  5.50000000e-01 -2.15759801e-03 
 3.49925000e-07  3.49925000e-07  8.49952877e-01  5.50000000e-01 -1.30786167e-03 
 3.50000000e-07  3.50000000e-07  8.50000000e-01  5.50000000e-01 -4.58011542e-04 
 3.50010000e-07  3.50010000e-07  8.50006283e-01  5.62000000e-01 -3.44674847e-04 
 3.50030000e-07  3.50030000e-07  8.50018850e-01  5.86000000e-01 -1.18987877e-04 
 3.50070000e-07  3.50070000e-07  8.50043982e-01  6.34000000e-01  3.23955965e-04 
 3.50150000e-07  3.50150000e-07  8.50094242e-01  7.30000000e-01  8.18339561e-04 
 3.50250000e-07  3.50250000e-07  8.50157054e-01  8.50000000e-01  3.13378355e-04 
 3.50350000e-07  3.50350000e-07  8.50219841e-01  9.70000000e-01 -1.00248574e-03 
 3.50425000e-07  3.50425000e-07  8.50266908e-01  1.06000000e+00 -3.11780702e-03 
 3.50500000e-07  3.50500000e-07  8.50313953e-01  1.15000000e+00 -5.34335879e-03 
 3.50510000e-07  3.50510000e-07  8.50320223e-01  1.15000000e+00 -5.45201061e-03 
 3.50530000e-07  3.50530000e-07  8.50332763e-01  1.15000000e+00 -5.62976468e-03 
 3.50570000e-07  3.50570000e-07  8.50357835e-01  1.15000000e+00 -6.00074324e-03 
 3.50650000e-07  3.50650000e-07  8.50407953e-01  1.15000000e+00 -6.90373338e-03 
 3.50750000e-07  3.50750000e-07  8.50470542e-01  1.15000000e+00 -8.02774164e-03 
 3.50850000e-07  3.50850000e-07  8.50533056e-01  1.15000000e+00 -9.16004590e-03 
 3.50950000e-07  3.50950000e-07  8.50595486e-01  1.15000000e+00 -1.02835061e-02 
 3.51050000e-07  3.51050000e-07  8.50657822e-01  1.15000000e+00 -1.14105417e-02 
 3.51150000e-07  3.51150000e-07  8.50720054e-01  1.15000000e+00 -1.25322277e-02 
 3.51250000e-07  3.51250000e-07  8.50782172e-01  1.15000000e+00 -1.36542711e-02 
 3.51350000e-07  3.51350000e-07  8.50844167e-01  1.15000000e+00 -1.47726302e-02 
 3.51450000e-07  3.51450000e-07  8.50906029e-01  1.15000000e+00 -1.58895971e-02 
 3.51550000e-07  3.51550000e-07  8.50967747e-01  1.15000000e+00 -1.70034713e-02 
 3.51650000e-07  3.51650000e-07  8.51029313e-01  1.15000000e+00 -1.81149673e-02 
 3.51750000e-07  3.51750000e-07  8.51090716e-01  1.15000000e+00 -1.92234301e-02 
 3.51850000e-07  3.51850000e-07  8.51151947e-01  1.15000000e+00 -2.03288986e-02 
 3.51950000e-07  3.51950000e-07  8.51212996e-01  1.15000000e+00 -2.14311417e-02 
 3.52050000e-07  3.52050000e-07  8.51273854e-01  1.15000000e+00 -2.25299565e-02 
 3.52150000e-07  3.52150000e-07  8.51334510e-01  1.15000000e+00 -2.36252486e-02 
 3.52250000e-07  3.52250000e-07  8.51394956e-01  1.15000000e+00 -2.47167296e-02 
 3.52350000e-07  3.52350000e-07  8.51455181e-01  1.15000000e+00 -2.58043565e-02 
 3.52450000e-07  3.52450000e-07  8.51515176e-01  1.15000000e+00 -2.68878260e-02 
 3.52550000e-07  3.52550000e-07  8.51574933e-01  1.15000000e+00 -2.79670898e-02 
 3.52650000e-07  3.52650000e-07  8.51634440e-01  1.15000000e+00 -2.90418657e-02 
 3.52750000e-07  3.52750000e-07  8.51693690e-01  1.15000000e+00 -3.01120809e-02 
 3.52850000e-07  3.52850000e-07  8.51752672e-01  1.15000000e+00 -3.11774823e-02 
 3.52950000e-07  3.52950000e-07  8.51811377e-01  1.15000000e+00 -3.22379718e-02 
 3.53050000e-07  3.53050000e-07  8.51869796e-01  1.15000000e+00 -3.32933228e-02 
 3.53150000e-07  3.53150000e-07  8.51927920e-01  1.15000000e+00 -3.43434165e-02 
 3.53250000e-07  3.53250000e-07  8.51985739e-01  1.15000000e+00 -3.53880475e-02 
 3.53350000e-07  3.53350000e-07  8.52043245e-01  1.15000000e+00 -3.64270821e-02 
 3.53450000e-07  3.53450000e-07  8.52100429e-01  1.15000000e+00 -3.74603306e-02 
 3.53550000e-07  3.53550000e-07  8.52157280e-01  1.15000000e+00 -3.84876498e-02 
 3.53650000e-07  3.53650000e-07  8.52213791e-01  1.15000000e+00 -3.95088611e-02 
 3.53750000e-07  3.53750000e-07  8.52269952e-01  1.15000000e+00 -4.05238159e-02 
 3.53850000e-07  3.53850000e-07  8.52325755e-01  1.15000000e+00 -4.15323436e-02 
 3.53950000e-07  3.53950000e-07  8.52381191e-01  1.15000000e+00 -4.25342928e-02 
 3.54050000e-07  3.54050000e-07  8.52436251e-01  1.15000000e+00 -4.35294989e-02 
 3.54150000e-07  3.54150000e-07  8.52490926e-01  1.15000000e+00 -4.45178096e-02 
 3.54250000e-07  3.54250000e-07  8.52545207e-01  1.15000000e+00 -4.54990649e-02 
 3.54350000e-07  3.54350000e-07  8.52599087e-01  1.15000000e+00 -4.64731129e-02 
 3.54450000e-07  3.54450000e-07  8.52652556e-01  1.15000000e+00 -4.74397975e-02 
 3.54550000e-07  3.54550000e-07  8.52705606e-01  1.15000000e+00 -4.83989679e-02 
 3.54650000e-07  3.54650000e-07  8.52758229e-01  1.15000000e+00 -4.93504713e-02 
 3.54750000e-07  3.54750000e-07  8.52810417e-01  1.15000000e+00 -5.02941587e-02 
 3.54850000e-07  3.54850000e-07  8.52862161e-01  1.15000000e+00 -5.12298805e-02 
 3.54950000e-07  3.54950000e-07  8.52913452e-01  1.15000000e+00 -5.21574896e-02 
 3.55050000e-07  3.55050000e-07  8.52964284e-01  1.15000000e+00 -5.30768394e-02 
 3.55150000e-07  3.55150000e-07  8.53014648e-01  1.15000000e+00 -5.39877854e-02 
 3.55250000e-07  3.55250000e-07  8.53064535e-01  1.15000000e+00 -5.48901836e-02 
 3.55350000e-07  3.55350000e-07  8.53113939e-01  1.15000000e+00 -5.57839004e-02 
 3.55450000e-07  3.55450000e-07  8.53162851e-01  1.15000000e+00 -5.66687851e-02 
 3.55550000e-07  3.55550000e-07  8.53211263e-01  1.15000000e+00 -5.75446915e-02 
 3.55650000e-07  3.55650000e-07  8.53259169e-01  1.15000000e+00 -5.84114921e-02 
 3.55750000e-07  3.55750000e-07  8.53306559e-01  1.15000000e+00 -5.92690483e-02 
 3.55850000e-07  3.55850000e-07  8.53353428e-01  1.15000000e+00 -6.01172251e-02 
 3.55950000e-07  3.55950000e-07  8.53399767e-01  1.15000000e+00 -6.09558896e-02 
 3.56050000e-07  3.56050000e-07  8.53445569e-01  1.15000000e+00 -6.17849095e-02 
 3.56150000e-07  3.56150000e-07  8.53490827e-01  1.15000000e+00 -6.26041547e-02 
 3.56250000e-07  3.56250000e-07  8.53535534e-01  1.15000000e+00 -6.34134962e-02 
 3.56350000e-07  3.56350000e-07  8.53579682e-01  1.15000000e+00 -6.42128070e-02 
 3.56450000e-07  3.56450000e-07  8.53623266e-01  1.15000000e+00 -6.50019613e-02 
 3.56550000e-07  3.56550000e-07  8.53666277e-01  1.15000000e+00 -6.57808354e-02 
 3.56650000e-07  3.56650000e-07  8.53708709e-01  1.15000000e+00 -6.65493069e-02 
 3.56750000e-07  3.56750000e-07  8.53750555e-01  1.15000000e+00 -6.73072551e-02 
 3.56850000e-07  3.56850000e-07  8.53791810e-01  1.15000000e+00 -6.80545610e-02 
 3.56950000e-07  3.56950000e-07  8.53832465e-01  1.15000000e+00 -6.87911075e-02 
 3.57050000e-07  3.57050000e-07  8.53872515e-01  1.15000000e+00 -6.95167789e-02 
 3.57150000e-07  3.57150000e-07  8.53911954e-01  1.15000000e+00 -7.02314615e-02 
 3.57250000e-07  3.57250000e-07  8.53950775e-01  1.15000000e+00 -7.09350431e-02 
 3.57350000e-07  3.57350000e-07  8.53988972e-01  1.15000000e+00 -7.16274136e-02 
 3.57450000e-07  3.57450000e-07  8.54026539e-01  1.15000000e+00 -7.23084643e-02 
 3.57550000e-07  3.57550000e-07  8.54063471e-01  1.15000000e+00 -7.29780886e-02 
 3.57650000e-07  3.57650000e-07  8.54099761e-01  1.15000000e+00 -7.36361816e-02 
 3.57750000e-07  3.57750000e-07  8.54135403e-01  1.15000000e+00 -7.42826403e-02 
 3.57850000e-07  3.57850000e-07  8.54170392e-01  1.15000000e+00 -7.49173633e-02 
 3.57950000e-07  3.57950000e-07  8.54204723e-01  1.15000000e+00 -7.55402514e-02 
 3.58050000e-07  3.58050000e-07  8.54238390e-01  1.15000000e+00 -7.61512071e-02 
 3.58150000e-07  3.58150000e-07  8.54271387e-01  1.15000000e+00 -7.67501348e-02 
 3.58250000e-07  3.58250000e-07  8.54303710e-01  1.15000000e+00 -7.73369409e-02 
 3.58350000e-07  3.58350000e-07  8.54335354e-01  1.15000000e+00 -7.79115334e-02 
 3.58450000e-07  3.58450000e-07  8.54366312e-01  1.15000000e+00 -7.84738227e-02 
 3.58550000e-07  3.58550000e-07  8.54396582e-01  1.15000000e+00 -7.90237208e-02 
 3.58650000e-07  3.58650000e-07  8.54426157e-01  1.15000000e+00 -7.95611417e-02 
 3.58750000e-07  3.58750000e-07  8.54455033e-01  1.15000000e+00 -8.00860016e-02 
 3.58850000e-07  3.58850000e-07  8.54483205e-01  1.15000000e+00 -8.05982184e-02 
 3.58950000e-07  3.58950000e-07  8.54510670e-01  1.15000000e+00 -8.10977121e-02 
 3.59050000e-07  3.59050000e-07  8.54537422e-01  1.15000000e+00 -8.15844047e-02 
 3.59150000e-07  3.59150000e-07  8.54563458e-01  1.15000000e+00 -8.20582203e-02 
 3.59250000e-07  3.59250000e-07  8.54588773e-01  1.15000000e+00 -8.25190848e-02 
 3.59350000e-07  3.59350000e-07  8.54613364e-01  1.15000000e+00 -8.29669264e-02 
 3.59450000e-07  3.59450000e-07  8.54637226e-01  1.15000000e+00 -8.34016752e-02 
 3.59550000e-07  3.59550000e-07  8.54660356e-01  1.15000000e+00 -8.38232634e-02 
 3.59650000e-07  3.59650000e-07  8.54682749e-01  1.15000000e+00 -8.42316251e-02 
 3.59750000e-07  3.59750000e-07  8.54704404e-01  1.15000000e+00 -8.46266968e-02 
 3.59850000e-07  3.59850000e-07  8.54725315e-01  1.15000000e+00 -8.50084168e-02 
 3.59950000e-07  3.59950000e-07  8.54745481e-01  1.15000000e+00 -8.53767256e-02 
 3.60050000e-07  3.60050000e-07  8.54764897e-01  1.15000000e+00 -8.57315659e-02 
 3.60150000e-07  3.60150000e-07  8.54783560e-01  1.15000000e+00 -8.60728822e-02 
 3.60250000e-07  3.60250000e-07  8.54801468e-01  1.15000000e+00 -8.64006215e-02 
 3.60350000e-07  3.60350000e-07  8.54818618e-01  1.15000000e+00 -8.67147326e-02 
 3.60450000e-07  3.60450000e-07  8.54835007e-01  1.15000000e+00 -8.70151667e-02 
 3.60550000e-07  3.60550000e-07  8.54850633e-01  1.15000000e+00 -8.73018769e-02 
 3.60650000e-07  3.60650000e-07  8.54865493e-01  1.15000000e+00 -8.75748185e-02 
 3.60750000e-07  3.60750000e-07  8.54879584e-01  1.15000000e+00 -8.78339492e-02 
 3.60850000e-07  3.60850000e-07  8.54892905e-01  1.15000000e+00 -8.80792285e-02 
 3.60950000e-07  3.60950000e-07  8.54905453e-01  1.15000000e+00 -8.83106182e-02 
 3.61050000e-07  3.61050000e-07  8.54917226e-01  1.15000000e+00 -8.85280824e-02 
 3.61150000e-07  3.61150000e-07  8.54928223e-01  1.15000000e+00 -8.87315871e-02 
 3.61250000e-07  3.61250000e-07  8.54938442e-01  1.15000000e+00 -8.89211008e-02 
 3.61350000e-07  3.61350000e-07  8.54947881e-01  1.15000000e+00 -8.90965939e-02 
 3.61450000e-07  3.61450000e-07  8.54956538e-01  1.15000000e+00 -8.92580390e-02 
 3.61550000e-07  3.61550000e-07  8.54964413e-01  1.15000000e+00 -8.94054112e-02 
 3.61650000e-07  3.61650000e-07  8.54971504e-01  1.15000000e+00 -8.95386874e-02 
 3.61750000e-07  3.61750000e-07  8.54977810e-01  1.15000000e+00 -8.96578469e-02 
 3.61850000e-07  3.61850000e-07  8.54983330e-01  1.15000000e+00 -8.97628712e-02 
 3.61950000e-07  3.61950000e-07  8.54988063e-01  1.15000000e+00 -8.98537439e-02 
 3.62050000e-07  3.62050000e-07  8.54992008e-01  1.15000000e+00 -8.99304509e-02 
 3.62150000e-07  3.62150000e-07  8.54995165e-01  1.15000000e+00 -8.99929803e-02 
 3.62250000e-07  3.62250000e-07  8.54997533e-01  1.15000000e+00 -9.00413223e-02 
 3.62350000e-07  3.62350000e-07  8.54999112e-01  1.15000000e+00 -9.00754695e-02 
 3.62450000e-07  3.62450000e-07  8.54999901e-01  1.15000000e+00 -9.00954164e-02 
 3.62550000e-07  3.62550000e-07  8.54999901e-01  1.15000000e+00 -9.01011600e-02 
 3.62650000e-07  3.62650000e-07  8.54999112e-01  1.15000000e+00 -9.00926995e-02 
 3.62750000e-07  3.62750000e-07  8.54997533e-01  1.15000000e+00 -9.00700360e-02 
 3.62850000e-07  3.62850000e-07  8.54995165e-01  1.15000000e+00 -9.00331732e-02 
 3.62950000e-07  3.62950000e-07  8.54992008e-01  1.15000000e+00 -8.99821168e-02 
 3.63050000e-07  3.63050000e-07  8.54988063e-01  1.15000000e+00 -8.99168746e-02 
 3.63150000e-07  3.63150000e-07  8.54983330e-01  1.15000000e+00 -8.98374569e-02 
 3.63250000e-07  3.63250000e-07  8.54977810e-01  1.15000000e+00 -8.97438761e-02 
 3.63350000e-07  3.63350000e-07  8.54971504e-01  1.15000000e+00 -8.96361465e-02 
 3.63450000e-07  3.63450000e-07  8.54964413e-01  1.15000000e+00 -8.95142851e-02 
 3.63550000e-07  3.63550000e-07  8.54956538e-01  1.15000000e+00 -8.93783108e-02 
 3.63650000e-07  3.63650000e-07  8.54947881e-01  1.15000000e+00 -8.92282446e-02 
 3.63750000e-07  3.63750000e-07  8.54938442e-01  1.15000000e+00 -8.90641101e-02 
 3.63850000e-07  3.63850000e-07  8.54928223e-01  1.15000000e+00 -8.88859326e-02 
 3.63950000e-07  3.63950000e-07  8.54917226e-01  1.15000000e+00 -8.86937400e-02 
 3.64050000e-07  3.64050000e-07  8.54905453e-01  1.15000000e+00 -8.84875621e-02 
 3.64150000e-07  3.64150000e-07  8.54892905e-01  1.15000000e+00 -8.82674310e-02 
 3.64250000e-07  3.64250000e-07  8.54879584e-01  1.15000000e+00 -8.80333810e-02 
 3.64350000e-07  3.64350000e-07  8.54865493e-01  1.15000000e+00 -8.77854485e-02 
 3.64450000e-07  3.64450000e-07  8.54850633e-01  1.15000000e+00 -8.75236721e-02 
 3.64550000e-07  3.64550000e-07  8.54835007e-01  1.15000000e+00 -8.72480925e-02 
 3.64650000e-07  3.64650000e-07  8.54818618e-01  1.15000000e+00 -8.69587528e-02 
 3.64750000e-07  3.64750000e-07  8.54801468e-01  1.15000000e+00 -8.66556978e-02 
 3.64850000e-07  3.64850000e-07  8.54783560e-01  1.15000000e+00 -8.63389749e-02 
 3.64950000e-07  3.64950000e-07  8.54764897e-01  1.15000000e+00 -8.60086334e-02 
 3.65050000e-07  3.65050000e-07  8.54745481e-01  1.15000000e+00 -8.56647247e-02 
 3.65150000e-07  3.65150000e-07  8.54725315e-01  1.15000000e+00 -8.53073024e-02 
 3.65250000e-07  3.65250000e-07  8.54704404e-01  1.15000000e+00 -8.49364223e-02 
 3.65350000e-07  3.65350000e-07  8.54682749e-01  1.15000000e+00 -8.45521421e-02 
 3.65450000e-07  3.65450000e-07  8.54660356e-01  1.15000000e+00 -8.41545217e-02 
 3.65550000e-07  3.65550000e-07  8.54637226e-01  1.15000000e+00 -8.37436231e-02 
 3.65650000e-07  3.65650000e-07  8.54613364e-01  1.15000000e+00 -8.33195105e-02 
 3.65750000e-07  3.65750000e-07  8.54588773e-01  1.15000000e+00 -8.28822499e-02 
 3.65850000e-07  3.65850000e-07  8.54563458e-01  1.15000000e+00 -8.24319096e-02 
 3.65950000e-07  3.65950000e-07  8.54537422e-01  1.15000000e+00 -8.19685599e-02 
 3.66050000e-07  3.66050000e-07  8.54510670e-01  1.15000000e+00 -8.14922730e-02 
 3.66150000e-07  3.66150000e-07  8.54483205e-01  1.15000000e+00 -8.10031232e-02 
 3.66250000e-07  3.66250000e-07  8.54455033e-01  1.15000000e+00 -8.05011871e-02 
 3.66350000e-07  3.66350000e-07  8.54426157e-01  1.15000000e+00 -7.99865429e-02 
 3.66450000e-07  3.66450000e-07  8.54396582e-01  1.15000000e+00 -7.94592710e-02 
 3.66550000e-07  3.66550000e-07  8.54366312e-01  1.15000000e+00 -7.89194539e-02 
 3.66650000e-07  3.66650000e-07  8.54335354e-01  1.15000000e+00 -7.83671757e-02 
 3.66750000e-07  3.66750000e-07  8.54303710e-01  1.15000000e+00 -7.78025229e-02 
 3.66850000e-07  3.66850000e-07  8.54271387e-01  1.15000000e+00 -7.72255838e-02 
 3.66950000e-07  3.66950000e-07  8.54238390e-01  1.15000000e+00 -7.66364485e-02 
 3.67050000e-07  3.67050000e-07  8.54204723e-01  1.15000000e+00 -7.60352091e-02 
 3.67150000e-07  3.67150000e-07  8.54170392e-01  1.15000000e+00 -7.54219598e-02 
 3.67250000e-07  3.67250000e-07  8.54135403e-01  1.15000000e+00 -7.47967964e-02 
 3.67350000e-07  3.67350000e-07  8.54099761e-01  1.15000000e+00 -7.41598169e-02 
 3.67450000e-07  3.67450000e-07  8.54063471e-01  1.15000000e+00 -7.35111208e-02 
 3.67550000e-07  3.67550000e-07  8.54026539e-01  1.15000000e+00 -7.28508099e-02 
 3.67650000e-07  3.67650000e-07  8.53988972e-01  1.15000000e+00 -7.21789874e-02 
 3.67750000e-07  3.67750000e-07  8.53950775e-01  1.15000000e+00 -7.14957587e-02 
 3.67850000e-07  3.67850000e-07  8.53911954e-01  1.15000000e+00 -7.08012308e-02 
 3.67950000e-07  3.67950000e-07  8.53872515e-01  1.15000000e+00 -7.00955126e-02 
 3.68050000e-07  3.68050000e-07  8.53832465e-01  1.15000000e+00 -6.93787147e-02 
 3.68150000e-07  3.68150000e-07  8.53791810e-01  1.15000000e+00 -6.86509494e-02 
 3.68250000e-07  3.68250000e-07  8.53750555e-01  1.15000000e+00 -6.79123310e-02 
 3.68350000e-07  3.68350000e-07  8.53708709e-01  1.15000000e+00 -6.71629753e-02 
 3.68450000e-07  3.68450000e-07  8.53666277e-01  1.15000000e+00 -6.64029998e-02 
 3.68550000e-07  3.68550000e-07  8.53623266e-01  1.15000000e+00 -6.56325240e-02 
 3.68650000e-07  3.68650000e-07  8.53579682e-01  1.15000000e+00 -6.48516688e-02 
 3.68750000e-07  3.68750000e-07  8.53535534e-01  1.15000000e+00 -6.40605567e-02 
 3.68850000e-07  3.68850000e-07  8.53490827e-01  1.15000000e+00 -6.32593121e-02 
 3.68950000e-07  3.68950000e-07  8.53445569e-01  1.15000000e+00 -6.24480609e-02 
 3.69050000e-07  3.69050000e-07  8.53399767e-01  1.15000000e+00 -6.16269305e-02 
 3.69150000e-07  3.69150000e-07  8.53353428e-01  1.15000000e+00 -6.07960501e-02 
 3.69250000e-07  3.69250000e-07  8.53306559e-01  1.15000000e+00 -5.99555503e-02 
 3.69350000e-07  3.69350000e-07  8.53259169e-01  1.15000000e+00 -5.91055633e-02 
 3.69450000e-07  3.69450000e-07  8.53211263e-01  1.15000000e+00 -5.82462228e-02 
 3.69550000e-07  3.69550000e-07  8.53162851e-01  1.15000000e+00 -5.73776640e-02 
 3.69650000e-07  3.69650000e-07  8.53113939e-01  1.15000000e+00 -5.65000237e-02 
 3.69750000e-07  3.69750000e-07  8.53064535e-01  1.15000000e+00 -5.56134400e-02 
 3.69850000e-07  3.69850000e-07  8.53014648e-01  1.15000000e+00 -5.47180526e-02 
 3.69950000e-07  3.69950000e-07  8.52964284e-01  1.15000000e+00 -5.38139942e-02 
 3.70050000e-07  3.70050000e-07  8.52913452e-01  1.15000000e+00 -5.29014170e-02 
 3.70150000e-07  3.70150000e-07  8.52862161e-01  1.15000000e+00 -5.19804720e-02 
 3.70250000e-07  3.70250000e-07  8.52810417e-01  1.15000000e+00 -5.10512936e-02 
 3.70350000e-07  3.70350000e-07  8.52758229e-01  1.15000000e+00 -5.01140307e-02 
 3.70450000e-07  3.70450000e-07  8.52705606e-01  1.15000000e+00 -4.91688311e-02 
 3.70550000e-07  3.70550000e-07  8.52652556e-01  1.15000000e+00 -4.82158434e-02 
 3.70650000e-07  3.70650000e-07  8.52599087e-01  1.15000000e+00 -4.72552184e-02 
 3.70750000e-07  3.70750000e-07  8.52545207e-01  1.15000000e+00 -4.62871074e-02 
 3.70850000e-07  3.70850000e-07  8.52490926e-01  1.15000000e+00 -4.53116635e-02 
 3.70950000e-07  3.70950000e-07  8.52436251e-01  1.15000000e+00 -4.43290405e-02 
 3.71050000e-07  3.71050000e-07  8.52381191e-01  1.15000000e+00 -4.33393936e-02 
 3.71150000e-07  3.71150000e-07  8.52325755e-01  1.15000000e+00 -4.23428792e-02 
 3.71250000e-07  3.71250000e-07  8.52269952e-01  1.15000000e+00 -4.13396548e-02 
 3.71350000e-07  3.71350000e-07  8.52213791e-01  1.15000000e+00 -4.03298787e-02 
 3.71450000e-07  3.71450000e-07  8.52157280e-01  1.15000000e+00 -3.93137107e-02 
 3.71550000e-07  3.71550000e-07  8.52100429e-01  1.15000000e+00 -3.82913114e-02 
 3.71650000e-07  3.71650000e-07  8.52043245e-01  1.15000000e+00 -3.72628425e-02 
 3.71750000e-07  3.71750000e-07  8.51985739e-01  1.15000000e+00 -3.62284665e-02 
 3.71850000e-07  3.71850000e-07  8.51927920e-01  1.15000000e+00 -3.51883472e-02 
 3.71950000e-07  3.71950000e-07  8.51869796e-01  1.15000000e+00 -3.41426490e-02 
 3.72050000e-07  3.72050000e-07  8.51811377e-01  1.15000000e+00 -3.30915375e-02 
 3.72150000e-07  3.72150000e-07  8.51752672e-01  1.15000000e+00 -3.20351790e-02 
 3.72250000e-07  3.72250000e-07  8.51693690e-01  1.15000000e+00 -3.09737407e-02 
 3.72350000e-07  3.72350000e-07  8.51634440e-01  1.15000000e+00 -2.99073907e-02 
 3.72450000e-07  3.72450000e-07  8.51574933e-01  1.15000000e+00 -2.88362977e-02 
 3.72550000e-07  3.72550000e-07  8.51515176e-01  1.15000000e+00 -2.77606315e-02 
 3.72650000e-07  3.72650000e-07  8.51455181e-01  1.15000000e+00 -2.66805624e-02 
 3.72750000e-07  3.72750000e-07  8.51394956e-01  1.15000000e+00 -2.55962616e-02 
 3.72850000e-07  3.72850000e-07  8.51334510e-01  1.15000000e+00 -2.45079007e-02 
 3.72950000e-07  3.72950000e-07  8.51273854e-01  1.15000000e+00 -2.34156523e-02 
 3.73050000e-07  3.73050000e-07  8.51212996e-01  1.15000000e+00 -2.23196895e-02 
 3.73150000e-07  3.73150000e-07  8.51151947e-01  1.15000000e+00 -2.12201860e-02 
 3.73250000e-07  3.73250000e-07  8.51090716e-01  1.15000000e+00 -2.01173161e-02 
 3.73350000e-07  3.73350000e-07  8.51029313e-01  1.15000000e+00 -1.90112546e-02 
 3.73450000e-07  3.73450000e-07  8.50967747e-01  1.15000000e+00 -1.79021769e-02 
 3.73550000e-07  3.73550000e-07  8.50906029e-01  1.15000000e+00 -1.67902588e-02 
 3.73650000e-07  3.73650000e-07  8.50844167e-01  1.15000000e+00 -1.56756768e-02 
 3.73750000e-07  3.73750000e-07  8.50782172e-01  1.15000000e+00 -1.45586075e-02 
 3.73850000e-07  3.73850000e-07  8.50720054e-01  1.15000000e+00 -1.34392282e-02 
 3.73950000e-07  3.73950000e-07  8.50657822e-01  1.15000000e+00 -1.23177164e-02 
 3.74050000e-07  3.74050000e-07  8.50595486e-01  1.15000000e+00 -1.11942501e-02 
 3.74150000e-07  3.74150000e-07  8.50533056e-01  1.15000000e+00 -1.00690075e-02 
 3.74250000e-07  3.74250000e-07  8.50470542e-01  1.15000000e+00 -8.94216702e-03 
 3.74350000e-07  3.74350000e-07  8.50407953e-01  1.15000000e+00 -7.81390759e-03 
 3.74450000e-07  3.74450000e-07  8.50345300e-01  1.15000000e+00 -6.68440819e-03 
 3.74550000e-07  3.74550000e-07  8.50282593e-01  1.15000000e+00 -5.55384805e-03 
 3.74650000e-07  3.74650000e-07  8.50219841e-01  1.15000000e+00 -4.42240659e-03 
 3.74750000e-07  3.74750000e-07  8.50157054e-01  1.15000000e+00 -3.29026335e-03 
 3.74850000e-07  3.74850000e-07  8.50094242e-01  1.15000000e+00 -2.15759801e-03 
 3.74950000e-07  3.74950000e-07  8.50031416e-01  1.15000000e+00 -1.02459031e-03 
 3.75050000e-07  3.75050000e-07  8.49968584e-01  1.15000000e+00  1.08579928e-04 
 3.75150000e-07  3.75150000e-07  8.49905758e-01  1.15000000e+00  1.24173287e-03 
 3.75250000e-07  3.75250000e-07  8.49842946e-01  1.15000000e+00  2.37468868e-03 
 3.75350000e-07  3.75350000e-07  8.49780159e-01  1.15000000e+00  3.50726756e-03 
 3.75425000e-07  3.75425000e-07  8.49733092e-01  1.15000000e+00  4.35634906e-03 
 3.75500000e-07  3.75500000e-07  8.49686047e-01  1.15000000e+00  5.20503870e-03 
 3.75510000e-07  3.75510000e-07  8.49679777e-01  1.13800000e+00  5.30597300e-03 
 3.75530000e-07  3.75530000e-07  8.49667237e-01  1.11400000e+00  5.51317520e-03 
 3.75570000e-07  3.75570000e-07  8.49642165e-01  1.06600000e+00  5.89829055e-03 
 3.75650000e-07  3.75650000e-07  8.49592047e-01  9.70000000e-01  5.04413421e-03 
 3.75750000e-07  3.75750000e-07  8.49529458e-01  8.50000000e-01  1.24723199e-03 
 3.75850000e-07  3.75850000e-07  8.49466944e-01  7.30000000e-01 -2.61069714e-03 
 3.75925000e-07  3.75925000e-07  8.49420113e-01  6.40000000e-01 -7.07017571e-03 
 3.76000000e-07  3.76000000e-07  8.49373334e-01  5.50000000e-01 -1.11956763e-02 
 3.76010000e-07  3.76010000e-07  8.49367101e-01  5.50000000e-01 -1.12829100e-02 
 3.76030000e-07  3.76030000e-07  8.49354637e-01  5.50000000e-01 -1.13844095e-02 
 3.76070000e-07  3.76070000e-07  8.49329723e-01  5.50000000e-01 -1.16475328e-02 
 3.76150000e-07  3.76150000e-07  8.49279946e-01  5.50000000e-01 -1.25374908e-02 
 3.76250000e-07  3.76250000e-07  8.49217828e-01  5.50000000e-01 -1.36490994e-02 
 3.76350000e-07  3.76350000e-07  8.49155833e-01  5.50000000e-01 -1.47764857e-02 
 3.76450000e-07  3.76450000e-07  8.49093971e-01  5.50000000e-01 -1.58869445e-02 
 3.76550000e-07  3.76550000e-07  8.49032253e-01  5.50000000e-01 -1.70052283e-02 
 3.76650000e-07  3.76650000e-07  8.48970687e-01  5.50000000e-01 -1.81138336e-02 
 3.76750000e-07  3.76750000e-07  8.48909284e-01  5.50000000e-01 -1.92241447e-02 
 3.76850000e-07  3.76850000e-07  8.48848053e-01  5.50000000e-01 -2.03284691e-02 
 3.76950000e-07  3.76950000e-07  8.48787004e-01  5.50000000e-01 -2.14314034e-02 
 3.77050000e-07  3.77050000e-07  8.48726146e-01  5.50000000e-01 -2.25298299e-02 
 3.77150000e-07  3.77150000e-07  8.48665490e-01  5.50000000e-01 -2.36253173e-02 
 3.77250000e-07  3.77250000e-07  8.48605044e-01  5.50000000e-01 -2.47167202e-02 
 3.77350000e-07  3.77350000e-07  8.48544819e-01  5.50000000e-01 -2.58043495e-02 
 3.77450000e-07  3.77450000e-07  8.48484824e-01  5.50000000e-01 -2.68878469e-02 
 3.77550000e-07  3.77550000e-07  8.48425067e-01  5.50000000e-01 -2.79670613e-02 
 3.77650000e-07  3.77650000e-07  8.48365560e-01  5.50000000e-01 -2.90418969e-02 
 3.77750000e-07  3.77750000e-07  8.48306310e-01  5.50000000e-01 -3.01120502e-02 
 3.77850000e-07  3.77850000e-07  8.48247328e-01  5.50000000e-01 -3.11775107e-02 
 3.77950000e-07  3.77950000e-07  8.48188623e-01  5.50000000e-01 -3.22379466e-02 
 3.78050000e-07  3.78050000e-07  8.48130204e-01  5.50000000e-01 -3.32933446e-02 
 3.78150000e-07  3.78150000e-07  8.48072080e-01  5.50000000e-01 -3.43433981e-02 
 3.78250000e-07  3.78250000e-07  8.48014261e-01  5.50000000e-01 -3.53880628e-02 
 3.78350000e-07  3.78350000e-07  8.47956755e-01  5.50000000e-01 -3.64270695e-02 
 3.78450000e-07  3.78450000e-07  8.47899571e-01  5.50000000e-01 -3.74603409e-02 
 3.78550000e-07  3.78550000e-07  8.47842720e-01  5.50000000e-01 -3.84876414e-02 
 3.78650000e-07  3.78650000e-07  8.47786209e-01  5.50000000e-01 -3.95088678e-02 
 3.78750000e-07  3.78750000e-07  8.47730048e-01  5.50000000e-01 -4.05238106e-02 
 3.78850000e-07  3.78850000e-07  8.47674245e-01  5.50000000e-01 -4.15323479e-02 
 3.78950000e-07  3.78950000e-07  8.47618809e-01  5.50000000e-01 -4.25342894e-02 
 3.79050000e-07  3.79050000e-07  8.47563749e-01  5.50000000e-01 -4.35295016e-02 
 3.79150000e-07  3.79150000e-07  8.47509074e-01  5.50000000e-01 -4.45178075e-02 
 3.79250000e-07  3.79250000e-07  8.47454793e-01  5.50000000e-01 -4.54990665e-02 
 3.79350000e-07  3.79350000e-07  8.47400913e-01  5.50000000e-01 -4.64731116e-02 
 3.79450000e-07  3.79450000e-07  8.47347444e-01  5.50000000e-01 -4.74397985e-02 
 3.79550000e-07  3.79550000e-07  8.47294394e-01  5.50000000e-01 -4.83989671e-02 
 3.79650000e-07  3.79650000e-07  8.47241771e-01  5.50000000e-01 -4.93504719e-02 
 3.79750000e-07  3.79750000e-07  8.47189583e-01  5.50000000e-01 -5.02941583e-02 
 3.79850000e-07  3.79850000e-07  8.47137839e-01  5.50000000e-01 -5.12298808e-02 
 3.79950000e-07  3.79950000e-07  8.47086548e-01  5.50000000e-01 -5.21574893e-02 
 3.80050000e-07  3.80050000e-07  8.47035716e-01  5.50000000e-01 -5.30768396e-02 
 3.80150000e-07  3.80150000e-07  8.46985352e-01  5.50000000e-01 -5.39877852e-02 
 3.80250000e-07  3.80250000e-07  8.46935465e-01  5.50000000e-01 -5.48901837e-02 
 3.80350000e-07  3.80350000e-07  8.46886061e-01  5.50000000e-01 -5.57839003e-02 
 3.80450000e-07  3.80450000e-07  8.46837149e-01  5.50000000e-01 -5.66687852e-02 
 3.80550000e-07  3.80550000e-07  8.46788737e-01  5.50000000e-01 -5.75446915e-02 
 3.80650000e-07  3.80650000e-07  8.46740831e-01  5.50000000e-01 -5.84114921e-02 
 3.80750000e-07  3.80750000e-07  8.46693441e-01  5.50000000e-01 -5.92690483e-02 
 3.80850000e-07  3.80850000e-07  8.46646572e-01  5.50000000e-01 -6.01172251e-02 
 3.80950000e-07  3.80950000e-07  8.46600233e-01  5.50000000e-01 -6.09558896e-02 
 3.81050000e-07  3.81050000e-07  8.46554431e-01  5.50000000e-01 -6.17849095e-02 
 3.81150000e-07  3.81150000e-07  8.46509173e-01  5.50000000e-01 -6.26041547e-02 
 3.81250000e-07  3.81250000e-07  8.46464466e-01  5.50000000e-01 -6.34134962e-02 
 3.81350000e-07  3.81350000e-07  8.46420318e-01  5.50000000e-01 -6.42128069e-02 
 3.81450000e-07  3.81450000e-07  8.46376734e-01  5.50000000e-01 -6.50019613e-02 
 3.81550000e-07  3.81550000e-07  8.46333723e-01  5.50000000e-01 -6.57808354e-02 
 3.81650000e-07  3.81650000e-07  8.46291291e-01  5.50000000e-01 -6.65493069e-02 
 3.81750000e-07  3.81750000e-07  8.46249445e-01  5.50000000e-01 -6.73072551e-02 
 3.81850000e-07  3.81850000e-07  8.46208190e-01  5.50000000e-01 -6.80545610e-02 
 3.81950000e-07  3.81950000e-07  8.46167535e-01  5.50000000e-01 -6.87911075e-02 
 3.82050000e-07  3.82050000e-07  8.46127485e-01  5.50000000e-01 -6.95167789e-02 
 3.82150000e-07  3.82150000e-07  8.46088046e-01  5.50000000e-01 -7.02314615e-02 
 3.82250000e-07  3.82250000e-07  8.46049225e-01  5.50000000e-01 -7.09350431e-02 
 3.82350000e-07  3.82350000e-07  8.46011028e-01  5.50000000e-01 -7.16274136e-02 
 3.82450000e-07  3.82450000e-07  8.45973461e-01  5.50000000e-01 -7.23084643e-02 
 3.82550000e-07  3.82550000e-07  8.45936529e-01  5.50000000e-01 -7.29780886e-02 
 3.82650000e-07  3.82650000e-07  8.45900239e-01  5.50000000e-01 -7.36361816e-02 
 3.82750000e-07  3.82750000e-07  8.45864597e-01  5.50000000e-01 -7.42826403e-02 
 3.82850000e-07  3.82850000e-07  8.45829608e-01  5.50000000e-01 -7.49173633e-02 
 3.82950000e-07  3.82950000e-07  8.45795277e-01  5.50000000e-01 -7.55402514e-02 
 3.83050000e-07  3.83050000e-07  8.45761610e-01  5.50000000e-01 -7.61512071e-02 
 3.83150000e-07  3.83150000e-07  8.45728613e-01  5.50000000e-01 -7.67501348e-02 
 3.83250000e-07  3.83250000e-07  8.45696290e-01  5.50000000e-01 -7.73369409e-02 
 3.83350000e-07  3.83350000e-07  8.45664646e-01  5.50000000e-01 -7.79115334e-02 
 3.83450000e-07  3.83450000e-07  8.45633688e-01  5.50000000e-01 -7.84738227e-02 
 3.83550000e-07  3.83550000e-07  8.45603418e-01  5.50000000e-01 -7.90237208e-02 
 3.83650000e-07  3.83650000e-07  8.45573843e-01  5.50000000e-01 -7.95611417e-02 
 3.83750000e-07  3.83750000e-07  8.45544967e-01  5.50000000e-01 -8.00860016e-02 
 3.83850000e-07  3.83850000e-07  8.45516795e-01  5.50000000e-01 -8.05982184e-02 
 3.83950000e-07  3.83950000e-07  8.45489330e-01  5.50000000e-01 -8.10977121e-02 
 3.84050000e-07  3.84050000e-07  8.45462578e-01  5.50000000e-01 -8.15844047e-02 
 3.84150000e-07  3.84150000e-07  8.45436542e-01  5.50000000e-01 -8.20582203e-02 
 3.84250000e-07  3.84250000e-07  8.45411227e-01  5.50000000e-01 -8.25190848e-02 
 3.84350000e-07  3.84350000e-07  8.45386636e-01  5.50000000e-01 -8.29669264e-02 
 3.84450000e-07  3.84450000e-07  8.45362774e-01  5.50000000e-01 -8.34016752e-02 
 3.84550000e-07  3.84550000e-07  8.45339644e-01  5.50000000e-01 -8.38232634e-02 
 3.84650000e-07  3.84650000e-07  8.45317251e-01  5.50000000e-01 -8.42316251e-02 
 3.84750000e-07  3.84750000e-07  8.45295596e-01  5.50000000e-01 -8.46266968e-02 
 3.84850000e-07  3.84850000e-07  8.45274685e-01  5.50000000e-01 -8.50084168e-02 
 3.84950000e-07  3.84950000e-07  8.45254519e-01  5.50000000e-01 -8.53767256e-02 
 3.85050000e-07  3.85050000e-07  8.45235103e-01  5.50000000e-01 -8.57315659e-02 
 3.85150000e-07  3.85150000e-07  8.45216440e-01  5.50000000e-01 -8.60728822e-02 
 3.85250000e-07  3.85250000e-07  8.45198532e-01  5.50000000e-01 -8.64006215e-02 
 3.85350000e-07  3.85350000e-07  8.45181382e-01  5.50000000e-01 -8.67147326e-02 
 3.85450000e-07  3.85450000e-07  8.45164993e-01  5.50000000e-01 -8.70151667e-02 
 3.85550000e-07  3.85550000e-07  8.45149367e-01  5.50000000e-01 -8.73018769e-02 
 3.85650000e-07  3.85650000e-07  8.45134507e-01  5.50000000e-01 -8.75748185e-02 
 3.85750000e-07  3.85750000e-07  8.45120416e-01  5.50000000e-01 -8.78339492e-02 
 3.85850000e-07  3.85850000e-07  8.45107095e-01  5.50000000e-01 -8.80792285e-02 
 3.85950000e-07  3.85950000e-07  8.45094547e-01  5.50000000e-01 -8.83106182e-02 
 3.86050000e-07  3.86050000e-07  8.45082774e-01  5.50000000e-01 -8.85280824e-02 
 3.86150000e-07  3.86150000e-07  8.45071777e-01  5.50000000e-01 -8.87315871e-02 
 3.86250000e-07  3.86250000e-07  8.45061558e-01  5.50000000e-01 -8.89211008e-02 
 3.86350000e-07  3.86350000e-07  8.45052119e-01  5.50000000e-01 -8.90965939e-02 
 3.86450000e-07  3.86450000e-07  8.45043462e-01  5.50000000e-01 -8.92580390e-02 
 3.86550000e-07  3.86550000e-07  8.45035587e-01  5.50000000e-01 -8.94054112e-02 
 3.86650000e-07  3.86650000e-07  8.45028496e-01  5.50000000e-01 -8.95386874e-02 
 3.86750000e-07  3.86750000e-07  8.45022190e-01  5.50000000e-01 -8.96578469e-02 
 3.86850000e-07  3.86850000e-07  8.45016670e-01  5.50000000e-01 -8.97628712e-02 
 3.86950000e-07  3.86950000e-07  8.45011937e-01  5.50000000e-01 -8.98537439e-02 
 3.87050000e-07  3.87050000e-07  8.45007992e-01  5.50000000e-01 -8.99304509e-02 
 3.87150000e-07  3.87150000e-07  8.45004835e-01  5.50000000e-01 -8.99929803e-02 
 3.87250000e-07  3.87250000e-07  8.45002467e-01  5.50000000e-01 -9.00413223e-02 
 3.87350000e-07  3.87350000e-07  8.45000888e-01  5.50000000e-01 -9.00754695e-02 
 3.87450000e-07  3.87450000e-07  8.45000099e-01  5.50000000e-01 -9.00954164e-02 
 3.87550000e-07  3.87550000e-07  8.45000099e-01  5.50000000e-01 -9.01011600e-02 
 3.87650000e-07  3.87650000e-07  8.45000888e-01  5.50000000e-01 -9.00926995e-02 
 3.87750000e-07  3.87750000e-07  8.45002467e-01  5.50000000e-01 -9.00700360e-02 
 3.87850000e-07  3.87850000e-07  8.45004835e-01  5.50000000e-01 -9.00331732e-02 
 3.87950000e-07  3.87950000e-07  8.45007992e-01  5.50000000e-01 -8.99821168e-02 
 3.88050000e-07  3.88050000e-07  8.45011937e-01  5.50000000e-01 -8.99168746e-02 
 3.88150000e-07  3.88150000e-07  8.45016670e-01  5.50000000e-01 -8.98374569e-02 
 3.88250000e-07  3.88250000e-07  8.45022190e-01  5.50000000e-01 -8.97438761e-02 
 3.88350000e-07  3.88350000e-07  8.45028496e-01  5.50000000e-01 -8.96361465e-02 
 3.88450000e-07  3.88450000e-07  8.45035587e-01  5.50000000e-01 -8.95142851e-02 
 3.88550000e-07  3.88550000e-07  8.45043462e-01  5.50000000e-01 -8.93783108e-02 
 3.88650000e-07  3.88650000e-07  8.45052119e-01  5.50000000e-01 -8.92282446e-02 
 3.88750000e-07  3.88750000e-07  8.45061558e-01  5.50000000e-01 -8.90641101e-02 
 3.88850000e-07  3.88850000e-07  8.45071777e-01  5.50000000e-01 -8.88859326e-02 
 3.88950000e-07  3.88950000e-07  8.45082774e-01  5.50000000e-01 -8.86937400e-02 
 3.89050000e-07  3.89050000e-07  8.45094547e-01  5.50000000e-01 -8.84875621e-02 
 3.89150000e-07  3.89150000e-07  8.45107095e-01  5.50000000e-01 -8.82674310e-02 
 3.89250000e-07  3.89250000e-07  8.45120416e-01  5.50000000e-01 -8.80333810e-02 
 3.89350000e-07  3.89350000e-07  8.45134507e-01  5.50000000e-01 -8.77854485e-02 
 3.89450000e-07  3.89450000e-07  8.45149367e-01  5.50000000e-01 -8.75236721e-02 
 3.89550000e-07  3.89550000e-07  8.45164993e-01  5.50000000e-01 -8.72480925e-02 
 3.89650000e-07  3.89650000e-07  8.45181382e-01  5.50000000e-01 -8.69587528e-02 
 3.89750000e-07  3.89750000e-07  8.45198532e-01  5.50000000e-01 -8.66556978e-02 
 3.89850000e-07  3.89850000e-07  8.45216440e-01  5.50000000e-01 -8.63389749e-02 
 3.89950000e-07  3.89950000e-07  8.45235103e-01  5.50000000e-01 -8.60086334e-02 
 3.90050000e-07  3.90050000e-07  8.45254519e-01  5.50000000e-01 -8.56647247e-02 
 3.90150000e-07  3.90150000e-07  8.45274685e-01  5.50000000e-01 -8.53073024e-02 
 3.90250000e-07  3.90250000e-07  8.45295596e-01  5.50000000e-01 -8.49364223e-02 
 3.90350000e-07  3.90350000e-07  8.45317251e-01  5.50000000e-01 -8.45521421e-02 
 3.90450000e-07  3.90450000e-07  8.45339644e-01  5.50000000e-01 -8.41545217e-02 
 3.90550000e-07  3.90550000e-07  8.45362774e-01  5.50000000e-01 -8.37436231e-02 
 3.90650000e-07  3.90650000e-07  8.45386636e-01  5.50000000e-01 -8.33195105e-02 
 3.90750000e-07  3.90750000e-07  8.45411227e-01  5.50000000e-01 -8.28822499e-02 
 3.90850000e-07  3.90850000e-07  8.45436542e-01  5.50000000e-01 -8.24319096e-02 
 3.90950000e-07  3.90950000e-07  8.45462578e-01  5.50000000e-01 -8.19685599e-02 
 3.91050000e-07  3.91050000e-07  8.45489330e-01  5.50000000e-01 -8.14922730e-02 
 3.91150000e-07  3.91150000e-07  8.45516795e-01  5.50000000e-01 -8.10031232e-02 
 3.91250000e-07  3.91250000e-07  8.45544967e-01  5.50000000e-01 -8.05011871e-02 
 3.91350000e-07  3.91350000e-07  8.45573843e-01  5.50000000e-01 -7.99865429e-02 
 3.91450000e-07  3.91450000e-07  8.45603418e-01  5.50000000e-01 -7.94592710e-02 
 3.91550000e-07  3.91550000e-07  8.45633688e-01  5.50000000e-01 -7.89194539e-02 
 3.91650000e-07  3.91650000e-07  8.45664646e-01  5.50000000e-01 -7.83671757e-02 
 3.91750000e-07  3.91750000e-07  8.45696290e-01  5.50000000e-01 -7.78025229e-02 
 3.91850000e-07  3.91850000e-07  8.45728613e-01  5.50000000e-01 -7.72255838e-02 
 3.91950000e-07  3.91950000e-07  8.45761610e-01  5.50000000e-01 -7.66364485e-02 
 3.92050000e-07  3.92050000e-07  8.45795277e-01  5.50000000e-01 -7.60352091e-02 
 3.92150000e-07  3.92150000e-07  8.45829608e-01  5.50000000e-01 -7.54219598e-02 
 3.92250000e-07  3.92250000e-07  8.45864597e-01  5.50000000e-01 -7.47967964e-02 
 3.92350000e-07  3.92350000e-07  8.45900239e-01  5.50000000e-01 -7.41598169e-02 
 3.92450000e-07  3.92450000e-07  8.45936529e-01  5.50000000e-01 -7.35111208e-02 
 3.92550000e-07  3.92550000e-07  8.45973461e-01  5.50000000e-01 -7.28508099e-02 
 3.92650000e-07  3.92650000e-07  8.46011028e-01  5.50000000e-01 -7.21789874e-02 
 3.92750000e-07  3.92750000e-07  8.46049225e-01  5.50000000e-01 -7.14957587e-02 
 3.92850000e-07  3.92850000e-07  8.46088046e-01  5.50000000e-01 -7.08012308e-02 
 3.92950000e-07  3.92950000e-07  8.46127485e-01  5.50000000e-01 -7.00955126e-02 
 3.93050000e-07  3.93050000e-07  8.46167535e-01  5.50000000e-01 -6.93787147e-02 
 3.93150000e-07  3.93150000e-07  8.46208190e-01  5.50000000e-01 -6.86509494e-02 
 3.93250000e-07  3.93250000e-07  8.46249445e-01  5.50000000e-01 -6.79123310e-02 
 3.93350000e-07  3.93350000e-07  8.46291291e-01  5.50000000e-01 -6.71629753e-02 
 3.93450000e-07  3.93450000e-07  8.46333723e-01  5.50000000e-01 -6.64029998e-02 
 3.93550000e-07  3.93550000e-07  8.46376734e-01  5.50000000e-01 -6.56325240e-02 
 3.93650000e-07  3.93650000e-07  8.46420318e-01  5.50000000e-01 -6.48516688e-02 
 3.93750000e-07  3.93750000e-07  8.46464466e-01  5.50000000e-01 -6.40605567e-02 
 3.93850000e-07  3.93850000e-07  8.46509173e-01  5.50000000e-01 -6.32593121e-02 
 3.93950000e-07  3.93950000e-07  8.46554431e-01  5.50000000e-01 -6.24480609e-02 
 3.94050000e-07  3.94050000e-07  8.46600233e-01  5.50000000e-01 -6.16269305e-02 
 3.94150000e-07  3.94150000e-07  8.46646572e-01  5.50000000e-01 -6.07960501e-02 
 3.94250000e-07  3.94250000e-07  8.46693441e-01  5.50000000e-01 -5.99555503e-02 
 3.94350000e-07  3.94350000e-07  8.46740831e-01  5.50000000e-01 -5.91055633e-02 
 3.94450000e-07  3.94450000e-07  8.46788737e-01  5.50000000e-01 -5.82462228e-02 
 3.94550000e-07  3.94550000e-07  8.46837149e-01  5.50000000e-01 -5.73776640e-02 
 3.94650000e-07  3.94650000e-07  8.46886061e-01  5.50000000e-01 -5.65000237e-02 
 3.94750000e-07  3.94750000e-07  8.46935465e-01  5.50000000e-01 -5.56134400e-02 
 3.94850000e-07  3.94850000e-07  8.46985352e-01  5.50000000e-01 -5.47180526e-02 
 3.94950000e-07  3.94950000e-07  8.47035716e-01  5.50000000e-01 -5.38139942e-02 
 3.95050000e-07  3.95050000e-07  8.47086548e-01  5.50000000e-01 -5.29014170e-02 
 3.95150000e-07  3.95150000e-07  8.47137839e-01  5.50000000e-01 -5.19804720e-02 
 3.95250000e-07  3.95250000e-07  8.47189583e-01  5.50000000e-01 -5.10512936e-02 
 3.95350000e-07  3.95350000e-07  8.47241771e-01  5.50000000e-01 -5.01140307e-02 
 3.95450000e-07  3.95450000e-07  8.47294394e-01  5.50000000e-01 -4.91688311e-02 
 3.95550000e-07  3.95550000e-07  8.47347444e-01  5.50000000e-01 -4.82158434e-02 
 3.95650000e-07  3.95650000e-07  8.47400913e-01  5.50000000e-01 -4.72552184e-02 
 3.95750000e-07  3.95750000e-07  8.47454793e-01  5.50000000e-01 -4.62871074e-02 
 3.95850000e-07  3.95850000e-07  8.47509074e-01  5.50000000e-01 -4.53116635e-02 
 3.95950000e-07  3.95950000e-07  8.47563749e-01  5.50000000e-01 -4.43290405e-02 
 3.96050000e-07  3.96050000e-07  8.47618809e-01  5.50000000e-01 -4.33393936e-02 
 3.96150000e-07  3.96150000e-07  8.47674245e-01  5.50000000e-01 -4.23428792e-02 
 3.96250000e-07  3.96250000e-07  8.47730048e-01  5.50000000e-01 -4.13396548e-02 
 3.96350000e-07  3.96350000e-07  8.47786209e-01  5.50000000e-01 -4.03298787e-02 
 3.96450000e-07  3.96450000e-07  8.47842720e-01  5.50000000e-01 -3.93137107e-02 
 3.96550000e-07  3.96550000e-07  8.47899571e-01  5.50000000e-01 -3.82913114e-02 
 3.96650000e-07  3.96650000e-07  8.47956755e-01  5.50000000e-01 -3.72628425e-02 
 3.96750000e-07  3.96750000e-07  8.48014261e-01  5.50000000e-01 -3.62284665e-02 
 3.96850000e-07  3.96850000e-07  8.48072080e-01  5.50000000e-01 -3.51883472e-02 
 3.96950000e-07  3.96950000e-07  8.48130204e-01  5.50000000e-01 -3.41426490e-02 
 3.97050000e-07  3.97050000e-07  8.48188623e-01  5.50000000e-01 -3.30915375e-02 
 3.97150000e-07  3.97150000e-07  8.48247328e-01  5.50000000e-01 -3.20351790e-02 
 3.97250000e-07  3.97250000e-07  8.48306310e-01  5.50000000e-01 -3.09737407e-02 
 3.97350000e-07  3.97350000e-07  8.48365560e-01  5.50000000e-01 -2.99073907e-02 
 3.97450000e-07  3.97450000e-07  8.48425067e-01  5.50000000e-01 -2.88362977e-02 
 3.97550000e-07  3.97550000e-07  8.48484824e-01  5.50000000e-01 -2.77606315e-02 
 3.97650000e-07  3.97650000e-07  8.48544819e-01  5.50000000e-01 -2.66805624e-02 
 3.97750000e-07  3.97750000e-07  8.48605044e-01  5.50000000e-01 -2.55962616e-02 
 3.97850000e-07  3.97850000e-07  8.48665490e-01  5.50000000e-01 -2.45079007e-02 
 3.97950000e-07  3.97950000e-07  8.48726146e-01  5.50000000e-01 -2.34156523e-02 
 3.98050000e-07  3.98050000e-07  8.48787004e-01  5.50000000e-01 -2.23196895e-02 
 3.98150000e-07  3.98150000e-07  8.48848053e-01  5.50000000e-01 -2.12201860e-02 
 3.98250000e-07  3.98250000e-07  8.48909284e-01  5.50000000e-01 -2.01173161e-02 
 3.98350000e-07  3.98350000e-07  8.48970687e-01  5.50000000e-01 -1.90112546e-02 
 3.98450000e-07  3.98450000e-07  8.49032253e-01  5.50000000e-01 -1.79021769e-02 
 3.98550000e-07  3.98550000e-07  8.49093971e-01  5.50000000e-01 -1.67902588e-02 
 3.98650000e-07  3.98650000e-07  8.49155833e-01  5.50000000e-01 -1.56756768e-02 
 3.98750000e-07  3.98750000e-07  8.49217828e-01  5.50000000e-01 -1.45586075e-02 
 3.98850000e-07  3.98850000e-07  8.49279946e-01  5.50000000e-01 -1.34392282e-02 
 3.98950000e-07  3.98950000e-07  8.49342178e-01  5.50000000e-01 -1.23177164e-02 
 3.99050000e-07  3.99050000e-07  8.49404514e-01  5.50000000e-01 -1.11942501e-02 
 3.99150000e-07  3.99150000e-07  8.49466944e-01  5.50000000e-01 -1.00690075e-02 
 3.99250000e-07  3.99250000e-07  8.49529458e-01  5.50000000e-01 -8.94216702e-03 
 3.99350000e-07  3.99350000e-07  8.49592047e-01  5.50000000e-01 -7.81390759e-03 
 3.99450000e-07  3.99450000e-07  8.49654700e-01  5.50000000e-01 -6.68440819e-03 
 3.99550000e-07  3.99550000e-07  8.49717407e-01  5.50000000e-01 -5.55384805e-03 
 3.99650000e-07  3.99650000e-07  8.49780159e-01  5.50000000e-01 -4.42240659e-03 
 3.99750000e-07  3.99750000e-07  8.49842946e-01  5.50000000e-01 -3.29026335e-03 
 3.99850000e-07  3.99850000e-07  8.49905758e-01  5.50000000e-01 -2.15759801e-03 
 3.99925000e-07  3.99925000e-07  8.49952877e-01  5.50000000e-01 -1.30786167e-03 
 4.00000000e-07  4.00000000e-07  8.50000000e-01  5.50000000e-01 -4.58011542e-04 
 4.00010000e-07  4.00010000e-07  8.50006283e-01  5.62000000e-01 -3.44674847e-04 
 4.00030000e-07  4.00030000e-07  8.50018850e-01  5.86000000e-01 -1.18987876e-04 
 4.00070000e-07  4.00070000e-07  8.50043982e-01  6.34000000e-01  3.23955965e-04 
 4.00150000e-07  4.00150000e-07  8.50094242e-01  7.30000000e-01  8.18339561e-04 
 4.00250000e-07  4.00250000e-07  8.50157054e-01  8.50000000e-01  3.13378355e-04 
 4.00350000e-07  4.00350000e-07  8.50219841e-01  9.70000000e-01 -1.00248574e-03 
 4.00425000e-07  4.00425000e-07  8.50266908e-01  1.06000000e+00 -3.11780702e-03 
 4.00500000e-07  4.00500000e-07  8.50313953e-01  1.15000000e+00 -5.34335879e-03 
 4.00510000e-07  4.00510000e-07  8.50320223e-01  1.15000000e+00 -5.45201061e-03 
 4.00530000e-07  4.00530000e-07  8.50332763e-01  1.15000000e+00 -5.62976468e-03 
 4.00570000e-07  4.00570000e-07  8.50357835e-01  1.15000000e+00 -6.00074324e-03 
 4.00650000e-07  4.00650000e-07  8.50407953e-01  1.15000000e+00 -6.90373338e-03 
 4.00750000e-07  4.00750000e-07  8.50470542e-01  1.15000000e+00 -8.02774164e-03 
 4.00850000e-07  4.00850000e-07  8.50533056e-01  1.15000000e+00 -9.16004590e-03 
 4.00950000e-07  4.00950000e-07  8.50595486e-01  1.15000000e+00 -1.02835061e-02 
 4.01050000e-07  4.01050000e-07  8.50657822e-01  1.15000000e+00 -1.14105417e-02 
 4.01150000e-07  4.01150000e-07  8.50720054e-01  1.15000000e+00 -1.25322277e-02 
 4.01250000e-07  4.01250000e-07  8.50782172e-01  1.15000000e+00 -1.36542711e-02 
 4.01350000e-07  4.01350000e-07  8.50844167e-01  1.15000000e+00 -1.47726302e-02 
 4.01450000e-07  4.01450000e-07  8.50906029e-01  1.15000000e+00 -1.58895971e-02 
 4.01550000e-07  4.01550000e-07  8.50967747e-01  1.15000000e+00 -1.70034713e-02 
 4.01650000e-07  4.01650000e-07  8.51029313e-01  1.15000000e+00 -1.81149673e-02 
 4.01750000e-07  4.01750000e-07  8.51090716e-01  1.15000000e+00 -1.92234301e-02 
 4.01850000e-07  4.01850000e-07  8.51151947e-01  1.15000000e+00 -2.03288986e-02 
 4.01950000e-07  4.01950000e-07  8.51212996e-01  1.15000000e+00 -2.14311417e-02 
 4.02050000e-07  4.02050000e-07  8.51273854e-01  1.15000000e+00 -2.25299565e-02 
 4.02150000e-07  4.02150000e-07  8.51334510e-01  1.15000000e+00 -2.36252486e-02 
 4.02250000e-07  4.02250000e-07  8.51394956e-01  1.15000000e+00 -2.47167296e-02 
 4.02350000e-07  4.02350000e-07  8.51455181e-01  1.15000000e+00 -2.58043565e-02 
 4.02450000e-07  4.02450000e-07  8.51515176e-01  1.15000000e+00 -2.68878260e-02 
 4.02550000e-07  4.02550000e-07  8.51574933e-01  1.15000000e+00 -2.79670898e-02 
 4.02650000e-07  4.02650000e-07  8.51634440e-01  1.15000000e+00 -2.90418657e-02 
 4.02750000e-07  4.02750000e-07  8.51693690e-01  1.15000000e+00 -3.01120809e-02 
 4.02850000e-07  4.02850000e-07  8.51752672e-01  1.15000000e+00 -3.11774823e-02 
 4.02950000e-07  4.02950000e-07  8.51811377e-01  1.15000000e+00 -3.22379718e-02 
 4.03050000e-07  4.03050000e-07  8.51869796e-01  1.15000000e+00 -3.32933228e-02 
 4.03150000e-07  4.03150000e-07  8.51927920e-01  1.15000000e+00 -3.43434165e-02 
 4.03250000e-07  4.03250000e-07  8.51985739e-01  1.15000000e+00 -3.53880475e-02 
 4.03350000e-07  4.03350000e-07  8.52043245e-01  1.15000000e+00 -3.64270821e-02 
 4.03450000e-07  4.03450000e-07  8.52100429e-01  1.15000000e+00 -3.74603306e-02 
 4.03550000e-07  4.03550000e-07  8.52157280e-01  1.15000000e+00 -3.84876498e-02 
 4.03650000e-07  4.03650000e-07  8.52213791e-01  1.15000000e+00 -3.95088611e-02 
 4.03750000e-07  4.03750000e-07  8.52269952e-01  1.15000000e+00 -4.05238159e-02 
 4.03850000e-07  4.03850000e-07  8.52325755e-01  1.15000000e+00 -4.15323436e-02 
 4.03950000e-07  4.03950000e-07  8.52381191e-01  1.15000000e+00 -4.25342928e-02 
 4.04050000e-07  4.04050000e-07  8.52436251e-01  1.15000000e+00 -4.35294989e-02 
 4.04150000e-07  4.04150000e-07  8.52490926e-01  1.15000000e+00 -4.45178096e-02 
 4.04250000e-07  4.04250000e-07  8.52545207e-01  1.15000000e+00 -4.54990649e-02 
 4.04350000e-07  4.04350000e-07  8.52599087e-01  1.15000000e+00 -4.64731129e-02 
 4.04450000e-07  4.04450000e-07  8.52652556e-01  1.15000000e+00 -4.74397975e-02 
 4.04550000e-07  4.04550000e-07  8.52705606e-01  1.15000000e+00 -4.83989679e-02 
 4.04650000e-07  4.04650000e-07  8.52758229e-01  1.15000000e+00 -4.93504713e-02 
 4.04750000e-07  4.04750000e-07  8.52810417e-01  1.15000000e+00 -5.02941587e-02 
 4.04850000e-07  4.04850000e-07  8.52862161e-01  1.15000000e+00 -5.12298805e-02 
 4.04950000e-07  4.04950000e-07  8.52913452e-01  1.15000000e+00 -5.21574896e-02 
 4.05050000e-07  4.05050000e-07  8.52964284e-01  1.15000000e+00 -5.30768394e-02 
 4.05150000e-07  4.05150000e-07  8.53014648e-01  1.15000000e+00 -5.39877854e-02 
 4.05250000e-07  4.05250000e-07  8.53064535e-01  1.15000000e+00 -5.48901836e-02 
 4.05350000e-07  4.05350000e-07  8.53113939e-01  1.15000000e+00 -5.57839004e-02 
 4.05450000e-07  4.05450000e-07  8.53162851e-01  1.15000000e+00 -5.66687851e-02 
 4.05550000e-07  4.05550000e-07  8.53211263e-01  1.15000000e+00 -5.75446915e-02 
 4.05650000e-07  4.05650000e-07  8.53259169e-01  1.15000000e+00 -5.84114921e-02 
 4.05750000e-07  4.05750000e-07  8.53306559e-01  1.15000000e+00 -5.92690483e-02 
 4.05850000e-07  4.05850000e-07  8.53353428e-01  1.15000000e+00 -6.01172251e-02 
 4.05950000e-07  4.05950000e-07  8.53399767e-01  1.15000000e+00 -6.09558896e-02 
 4.06050000e-07  4.06050000e-07  8.53445569e-01  1.15000000e+00 -6.17849095e-02 
 4.06150000e-07  4.06150000e-07  8.53490827e-01  1.15000000e+00 -6.26041547e-02 
 4.06250000e-07  4.06250000e-07  8.53535534e-01  1.15000000e+00 -6.34134962e-02 
 4.06350000e-07  4.06350000e-07  8.53579682e-01  1.15000000e+00 -6.42128070e-02 
 4.06450000e-07  4.06450000e-07  8.53623266e-01  1.15000000e+00 -6.50019613e-02 
 4.06550000e-07  4.06550000e-07  8.53666277e-01  1.15000000e+00 -6.57808354e-02 
 4.06650000e-07  4.06650000e-07  8.53708709e-01  1.15000000e+00 -6.65493069e-02 
 4.06750000e-07  4.06750000e-07  8.53750555e-01  1.15000000e+00 -6.73072551e-02 
 4.06850000e-07  4.06850000e-07  8.53791810e-01  1.15000000e+00 -6.80545610e-02 
 4.06950000e-07  4.06950000e-07  8.53832465e-01  1.15000000e+00 -6.87911075e-02 
 4.07050000e-07  4.07050000e-07  8.53872515e-01  1.15000000e+00 -6.95167789e-02 
 4.07150000e-07  4.07150000e-07  8.53911954e-01  1.15000000e+00 -7.02314615e-02 
 4.07250000e-07  4.07250000e-07  8.53950775e-01  1.15000000e+00 -7.09350431e-02 
 4.07350000e-07  4.07350000e-07  8.53988972e-01  1.15000000e+00 -7.16274136e-02 
 4.07450000e-07  4.07450000e-07  8.54026539e-01  1.15000000e+00 -7.23084643e-02 
 4.07550000e-07  4.07550000e-07  8.54063471e-01  1.15000000e+00 -7.29780886e-02 
 4.07650000e-07  4.07650000e-07  8.54099761e-01  1.15000000e+00 -7.36361816e-02 
 4.07750000e-07  4.07750000e-07  8.54135403e-01  1.15000000e+00 -7.42826403e-02 
 4.07850000e-07  4.07850000e-07  8.54170392e-01  1.15000000e+00 -7.49173633e-02 
 4.07950000e-07  4.07950000e-07  8.54204723e-01  1.15000000e+00 -7.55402514e-02 
 4.08050000e-07  4.08050000e-07  8.54238390e-01  1.15000000e+00 -7.61512071e-02 
 4.08150000e-07  4.08150000e-07  8.54271387e-01  1.15000000e+00 -7.67501348e-02 
 4.08250000e-07  4.08250000e-07  8.54303710e-01  1.15000000e+00 -7.73369409e-02 
 4.08350000e-07  4.08350000e-07  8.54335354e-01  1.15000000e+00 -7.79115334e-02 
 4.08450000e-07  4.08450000e-07  8.54366312e-01  1.15000000e+00 -7.84738227e-02 
 4.08550000e-07  4.08550000e-07  8.54396582e-01  1.15000000e+00 -7.90237208e-02 
 4.08650000e-07  4.08650000e-07  8.54426157e-01  1.15000000e+00 -7.95611417e-02 
 4.08750000e-07  4.08750000e-07  8.54455033e-01  1.15000000e+00 -8.00860016e-02 
 4.08850000e-07  4.08850000e-07  8.54483205e-01  1.15000000e+00 -8.05982184e-02 
 4.08950000e-07  4.08950000e-07  8.54510670e-01  1.15000000e+00 -8.10977121e-02 
 4.09050000e-07  4.09050000e-07  8.54537422e-01  1.15000000e+00 -8.15844047e-02 
 4.09150000e-07  4.09150000e-07  8.54563458e-01  1.15000000e+00 -8.20582203e-02 
 4.09250000e-07  4.09250000e-07  8.54588773e-01  1.15000000e+00 -8.25190848e-02 
 4.09350000e-07  4.09350000e-07  8.54613364e-01  1.15000000e+00 -8.29669264e-02 
 4.09450000e-07  4.09450000e-07  8.54637226e-01  1.15000000e+00 -8.34016752e-02 
 4.09550000e-07  4.09550000e-07  8.54660356e-01  1.15000000e+00 -8.38232634e-02 
 4.09650000e-07  4.09650000e-07  8.54682749e-01  1.15000000e+00 -8.42316251e-02 
 4.09750000e-07  4.09750000e-07  8.54704404e-01  1.15000000e+00 -8.46266968e-02 
 4.09850000e-07  4.09850000e-07  8.54725315e-01  1.15000000e+00 -8.50084168e-02 
 4.09950000e-07  4.09950000e-07  8.54745481e-01  1.15000000e+00 -8.53767256e-02 
 4.10050000e-07  4.10050000e-07  8.54764897e-01  1.15000000e+00 -8.57315659e-02 
 4.10150000e-07  4.10150000e-07  8.54783560e-01  1.15000000e+00 -8.60728822e-02 
 4.10250000e-07  4.10250000e-07  8.54801468e-01  1.15000000e+00 -8.64006215e-02 
 4.10350000e-07  4.10350000e-07  8.54818618e-01  1.15000000e+00 -8.67147326e-02 
 4.10450000e-07  4.10450000e-07  8.54835007e-01  1.15000000e+00 -8.70151667e-02 
 4.10550000e-07  4.10550000e-07  8.54850633e-01  1.15000000e+00 -8.73018769e-02 
 4.10650000e-07  4.10650000e-07  8.54865493e-01  1.15000000e+00 -8.75748185e-02 
 4.10750000e-07  4.10750000e-07  8.54879584e-01  1.15000000e+00 -8.78339492e-02 
 4.10850000e-07  4.10850000e-07  8.54892905e-01  1.15000000e+00 -8.80792285e-02 
 4.10950000e-07  4.10950000e-07  8.54905453e-01  1.15000000e+00 -8.83106182e-02 
 4.11050000e-07  4.11050000e-07  8.54917226e-01  1.15000000e+00 -8.85280824e-02 
 4.11150000e-07  4.11150000e-07  8.54928223e-01  1.15000000e+00 -8.87315871e-02 
 4.11250000e-07  4.11250000e-07  8.54938442e-01  1.15000000e+00 -8.89211008e-02 
 4.11350000e-07  4.11350000e-07  8.54947881e-01  1.15000000e+00 -8.90965939e-02 
 4.11450000e-07  4.11450000e-07  8.54956538e-01  1.15000000e+00 -8.92580390e-02 
 4.11550000e-07  4.11550000e-07  8.54964413e-01  1.15000000e+00 -8.94054112e-02 
 4.11650000e-07  4.11650000e-07  8.54971504e-01  1.15000000e+00 -8.95386874e-02 
 4.11750000e-07  4.11750000e-07  8.54977810e-01  1.15000000e+00 -8.96578469e-02 
 4.11850000e-07  4.11850000e-07  8.54983330e-01  1.15000000e+00 -8.97628712e-02 
 4.11950000e-07  4.11950000e-07  8.54988063e-01  1.15000000e+00 -8.98537439e-02 
 4.12050000e-07  4.12050000e-07  8.54992008e-01  1.15000000e+00 -8.99304509e-02 
 4.12150000e-07  4.12150000e-07  8.54995165e-01  1.15000000e+00 -8.99929803e-02 
 4.12250000e-07  4.12250000e-07  8.54997533e-01  1.15000000e+00 -9.00413223e-02 
 4.12350000e-07  4.12350000e-07  8.54999112e-01  1.15000000e+00 -9.00754695e-02 
 4.12450000e-07  4.12450000e-07  8.54999901e-01  1.15000000e+00 -9.00954164e-02 
 4.12550000e-07  4.12550000e-07  8.54999901e-01  1.15000000e+00 -9.01011600e-02 
 4.12650000e-07  4.12650000e-07  8.54999112e-01  1.15000000e+00 -9.00926995e-02 
 4.12750000e-07  4.12750000e-07  8.54997533e-01  1.15000000e+00 -9.00700360e-02 
 4.12850000e-07  4.12850000e-07  8.54995165e-01  1.15000000e+00 -9.00331732e-02 
 4.12950000e-07  4.12950000e-07  8.54992008e-01  1.15000000e+00 -8.99821168e-02 
 4.13050000e-07  4.13050000e-07  8.54988063e-01  1.15000000e+00 -8.99168746e-02 
 4.13150000e-07  4.13150000e-07  8.54983330e-01  1.15000000e+00 -8.98374569e-02 
 4.13250000e-07  4.13250000e-07  8.54977810e-01  1.15000000e+00 -8.97438761e-02 
 4.13350000e-07  4.13350000e-07  8.54971504e-01  1.15000000e+00 -8.96361465e-02 
 4.13450000e-07  4.13450000e-07  8.54964413e-01  1.15000000e+00 -8.95142851e-02 
 4.13550000e-07  4.13550000e-07  8.54956538e-01  1.15000000e+00 -8.93783108e-02 
 4.13650000e-07  4.13650000e-07  8.54947881e-01  1.15000000e+00 -8.92282446e-02 
 4.13750000e-07  4.13750000e-07  8.54938442e-01  1.15000000e+00 -8.90641101e-02 
 4.13850000e-07  4.13850000e-07  8.54928223e-01  1.15000000e+00 -8.88859326e-02 
 4.13950000e-07  4.13950000e-07  8.54917226e-01  1.15000000e+00 -8.86937400e-02 
 4.14050000e-07  4.14050000e-07  8.54905453e-01  1.15000000e+00 -8.84875621e-02 
 4.14150000e-07  4.14150000e-07  8.54892905e-01  1.15000000e+00 -8.82674310e-02 
 4.14250000e-07  4.14250000e-07  8.54879584e-01  1.15000000e+00 -8.80333810e-02 
 4.14350000e-07  4.14350000e-07  8.54865493e-01  1.15000000e+00 -8.77854485e-02 
 4.14450000e-07  4.14450000e-07  8.54850633e-01  1.15000000e+00 -8.75236721e-02 
 4.14550000e-07  4.14550000e-07  8.54835007e-01  1.15000000e+00 -8.72480925e-02 
 4.14650000e-07  4.14650000e-07  8.54818618e-01  1.15000000e+00 -8.69587528e-02 
 4.14750000e-07  4.14750000e-07  8.54801468e-01  1.15000000e+00 -8.66556978e-02 
 4.14850000e-07  4.14850000e-07  8.54783560e-01  1.15000000e+00 -8.63389749e-02 
 4.14950000e-07  4.14950000e-07  8.54764897e-01  1.15000000e+00 -8.60086334e-02 
 4.15050000e-07  4.15050000e-07  8.54745481e-01  1.15000000e+00 -8.56647247e-02 
 4.15150000e-07  4.15150000e-07  8.54725315e-01  1.15000000e+00 -8.53073024e-02 
 4.15250000e-07  4.15250000e-07  8.54704404e-01  1.15000000e+00 -8.49364223e-02 
 4.15350000e-07  4.15350000e-07  8.54682749e-01  1.15000000e+00 -8.45521421e-02 
 4.15450000e-07  4.15450000e-07  8.54660356e-01  1.15000000e+00 -8.41545217e-02 
 4.15550000e-07  4.15550000e-07  8.54637226e-01  1.15000000e+00 -8.37436231e-02 
 4.15650000e-07  4.15650000e-07  8.54613364e-01  1.15000000e+00 -8.33195105e-02 
 4.15750000e-07  4.15750000e-07  8.54588773e-01  1.15000000e+00 -8.28822499e-02 
 4.15850000e-07  4.15850000e-07  8.54563458e-01  1.15000000e+00 -8.24319096e-02 
 4.15950000e-07  4.15950000e-07  8.54537422e-01  1.15000000e+00 -8.19685599e-02 
 4.16050000e-07  4.16050000e-07  8.54510670e-01  1.15000000e+00 -8.14922730e-02 
 4.16150000e-07  4.16150000e-07  8.54483205e-01  1.15000000e+00 -8.10031232e-02 
 4.16250000e-07  4.16250000e-07  8.54455033e-01  1.15000000e+00 -8.05011871e-02 
 4.16350000e-07  4.16350000e-07  8.54426157e-01  1.15000000e+00 -7.99865429e-02 
 4.16450000e-07  4.16450000e-07  8.54396582e-01  1.15000000e+00 -7.94592710e-02 
 4.16550000e-07  4.16550000e-07  8.54366312e-01  1.15000000e+00 -7.89194539e-02 
 4.16650000e-07  4.16650000e-07  8.54335354e-01  1.15000000e+00 -7.83671757e-02 
 4.16750000e-07  4.16750000e-07  8.54303710e-01  1.15000000e+00 -7.78025229e-02 
 4.16850000e-07  4.16850000e-07  8.54271387e-01  1.15000000e+00 -7.72255838e-02 
 4.16950000e-07  4.16950000e-07  8.54238390e-01  1.15000000e+00 -7.66364485e-02 
 4.17050000e-07  4.17050000e-07  8.54204723e-01  1.15000000e+00 -7.60352091e-02 
 4.17150000e-07  4.17150000e-07  8.54170392e-01  1.15000000e+00 -7.54219598e-02 
 4.17250000e-07  4.17250000e-07  8.54135403e-01  1.15000000e+00 -7.47967964e-02 
 4.17350000e-07  4.17350000e-07  8.54099761e-01  1.15000000e+00 -7.41598169e-02 
 4.17450000e-07  4.17450000e-07  8.54063471e-01  1.15000000e+00 -7.35111208e-02 
 4.17550000e-07  4.17550000e-07  8.54026539e-01  1.15000000e+00 -7.28508099e-02 
 4.17650000e-07  4.17650000e-07  8.53988972e-01  1.15000000e+00 -7.21789874e-02 
 4.17750000e-07  4.17750000e-07  8.53950775e-01  1.15000000e+00 -7.14957587e-02 
 4.17850000e-07  4.17850000e-07  8.53911954e-01  1.15000000e+00 -7.08012308e-02 
 4.17950000e-07  4.17950000e-07  8.53872515e-01  1.15000000e+00 -7.00955126e-02 
 4.18050000e-07  4.18050000e-07  8.53832465e-01  1.15000000e+00 -6.93787147e-02 
 4.18150000e-07  4.18150000e-07  8.53791810e-01  1.15000000e+00 -6.86509494e-02 
 4.18250000e-07  4.18250000e-07  8.53750555e-01  1.15000000e+00 -6.79123310e-02 
 4.18350000e-07  4.18350000e-07  8.53708709e-01  1.15000000e+00 -6.71629753e-02 
 4.18450000e-07  4.18450000e-07  8.53666277e-01  1.15000000e+00 -6.64029998e-02 
 4.18550000e-07  4.18550000e-07  8.53623266e-01  1.15000000e+00 -6.56325240e-02 
 4.18650000e-07  4.18650000e-07  8.53579682e-01  1.15000000e+00 -6.48516688e-02 
 4.18750000e-07  4.18750000e-07  8.53535534e-01  1.15000000e+00 -6.40605567e-02 
 4.18850000e-07  4.18850000e-07  8.53490827e-01  1.15000000e+00 -6.32593121e-02 
 4.18950000e-07  4.18950000e-07  8.53445569e-01  1.15000000e+00 -6.24480609e-02 
 4.19050000e-07  4.19050000e-07  8.53399767e-01  1.15000000e+00 -6.16269305e-02 
 4.19150000e-07  4.19150000e-07  8.53353428e-01  1.15000000e+00 -6.07960501e-02 
 4.19250000e-07  4.19250000e-07  8.53306559e-01  1.15000000e+00 -5.99555503e-02 
 4.19350000e-07  4.19350000e-07  8.53259169e-01  1.15000000e+00 -5.91055633e-02 
 4.19450000e-07  4.19450000e-07  8.53211263e-01  1.15000000e+00 -5.82462228e-02 
 4.19550000e-07  4.19550000e-07  8.53162851e-01  1.15000000e+00 -5.73776640e-02 
 4.19650000e-07  4.19650000e-07  8.53113939e-01  1.15000000e+00 -5.65000237e-02 
 4.19750000e-07  4.19750000e-07  8.53064535e-01  1.15000000e+00 -5.56134400e-02 
 4.19850000e-07  4.19850000e-07  8.53014648e-01  1.15000000e+00 -5.47180526e-02 
 4.19950000e-07  4.19950000e-07  8.52964284e-01  1.15000000e+00 -5.38139942e-02 
 4.20050000e-07  4.20050000e-07  8.52913452e-01  1.15000000e+00 -5.29014170e-02 
 4.20150000e-07  4.20150000e-07  8.52862161e-01  1.15000000e+00 -5.19804720e-02 
 4.20250000e-07  4.20250000e-07  8.52810417e-01  1.15000000e+00 -5.10512936e-02 
 4.20350000e-07  4.20350000e-07  8.52758229e-01  1.15000000e+00 -5.01140307e-02 
 4.20450000e-07  4.20450000e-07  8.52705606e-01  1.15000000e+00 -4.91688311e-02 
 4.20550000e-07  4.20550000e-07  8.52652556e-01  1.15000000e+00 -4.82158434e-02 
 4.20650000e-07  4.20650000e-07  8.52599087e-01  1.15000000e+00 -4.72552184e-02 
 4.20750000e-07  4.20750000e-07  8.52545207e-01  1.15000000e+00 -4.62871074e-02 
 4.20850000e-07  4.20850000e-07  8.52490926e-01  1.15000000e+00 -4.53116635e-02 
 4.20950000e-07  4.20950000e-07  8.52436251e-01  1.15000000e+00 -4.43290405e-02 
 4.21050000e-07  4.21050000e-07  8.52381191e-01  1.15000000e+00 -4.33393936e-02 
 4.21150000e-07  4.21150000e-07  8.52325755e-01  1.15000000e+00 -4.23428792e-02 
 4.21250000e-07  4.21250000e-07  8.52269952e-01  1.15000000e+00 -4.13396548e-02 
 4.21350000e-07  4.21350000e-07  8.52213791e-01  1.15000000e+00 -4.03298787e-02 
 4.21450000e-07  4.21450000e-07  8.52157280e-01  1.15000000e+00 -3.93137107e-02 
 4.21550000e-07  4.21550000e-07  8.52100429e-01  1.15000000e+00 -3.82913114e-02 
 4.21650000e-07  4.21650000e-07  8.52043245e-01  1.15000000e+00 -3.72628425e-02 
 4.21750000e-07  4.21750000e-07  8.51985739e-01  1.15000000e+00 -3.62284665e-02 
 4.21850000e-07  4.21850000e-07  8.51927920e-01  1.15000000e+00 -3.51883472e-02 
 4.21950000e-07  4.21950000e-07  8.51869796e-01  1.15000000e+00 -3.41426490e-02 
 4.22050000e-07  4.22050000e-07  8.51811377e-01  1.15000000e+00 -3.30915375e-02 
 4.22150000e-07  4.22150000e-07  8.51752672e-01  1.15000000e+00 -3.20351790e-02 
 4.22250000e-07  4.22250000e-07  8.51693690e-01  1.15000000e+00 -3.09737407e-02 
 4.22350000e-07  4.22350000e-07  8.51634440e-01  1.15000000e+00 -2.99073907e-02 
 4.22450000e-07  4.22450000e-07  8.51574933e-01  1.15000000e+00 -2.88362977e-02 
 4.22550000e-07  4.22550000e-07  8.51515176e-01  1.15000000e+00 -2.77606315e-02 
 4.22650000e-07  4.22650000e-07  8.51455181e-01  1.15000000e+00 -2.66805624e-02 
 4.22750000e-07  4.22750000e-07  8.51394956e-01  1.15000000e+00 -2.55962616e-02 
 4.22850000e-07  4.22850000e-07  8.51334510e-01  1.15000000e+00 -2.45079007e-02 
 4.22950000e-07  4.22950000e-07  8.51273854e-01  1.15000000e+00 -2.34156523e-02 
 4.23050000e-07  4.23050000e-07  8.51212996e-01  1.15000000e+00 -2.23196895e-02 
 4.23150000e-07  4.23150000e-07  8.51151947e-01  1.15000000e+00 -2.12201860e-02 
 4.23250000e-07  4.23250000e-07  8.51090716e-01  1.15000000e+00 -2.01173161e-02 
 4.23350000e-07  4.23350000e-07  8.51029313e-01  1.15000000e+00 -1.90112546e-02 
 4.23450000e-07  4.23450000e-07  8.50967747e-01  1.15000000e+00 -1.79021769e-02 
 4.23550000e-07  4.23550000e-07  8.50906029e-01  1.15000000e+00 -1.67902588e-02 
 4.23650000e-07  4.23650000e-07  8.50844167e-01  1.15000000e+00 -1.56756768e-02 
 4.23750000e-07  4.23750000e-07  8.50782172e-01  1.15000000e+00 -1.45586075e-02 
 4.23850000e-07  4.23850000e-07  8.50720054e-01  1.15000000e+00 -1.34392282e-02 
 4.23950000e-07  4.23950000e-07  8.50657822e-01  1.15000000e+00 -1.23177164e-02 
 4.24050000e-07  4.24050000e-07  8.50595486e-01  1.15000000e+00 -1.11942501e-02 
 4.24150000e-07  4.24150000e-07  8.50533056e-01  1.15000000e+00 -1.00690075e-02 
 4.24250000e-07  4.24250000e-07  8.50470542e-01  1.15000000e+00 -8.94216702e-03 
 4.24350000e-07  4.24350000e-07  8.50407953e-01  1.15000000e+00 -7.81390759e-03 
 4.24450000e-07  4.24450000e-07  8.50345300e-01  1.15000000e+00 -6.68440819e-03 
 4.24550000e-07  4.24550000e-07  8.50282593e-01  1.15000000e+00 -5.55384805e-03 
 4.24650000e-07  4.24650000e-07  8.50219841e-01  1.15000000e+00 -4.42240659e-03 
 4.24750000e-07  4.24750000e-07  8.50157054e-01  1.15000000e+00 -3.29026335e-03 
 4.24850000e-07  4.24850000e-07  8.50094242e-01  1.15000000e+00 -2.15759801e-03 
 4.24950000e-07  4.24950000e-07  8.50031416e-01  1.15000000e+00 -1.02459031e-03 
 4.25050000e-07  4.25050000e-07  8.49968584e-01  1.15000000e+00  1.08579928e-04 
 4.25150000e-07  4.25150000e-07  8.49905758e-01  1.15000000e+00  1.24173287e-03 
 4.25250000e-07  4.25250000e-07  8.49842946e-01  1.15000000e+00  2.37468868e-03 
 4.25350000e-07  4.25350000e-07  8.49780159e-01  1.15000000e+00  3.50726756e-03 
 4.25425000e-07  4.25425000e-07  8.49733092e-01  1.15000000e+00  4.35634906e-03 
 4.25500000e-07  4.25500000e-07  8.49686047e-01  1.15000000e+00  5.20503870e-03 
 4.25510000e-07  4.25510000e-07  8.49679777e-01  1.13800000e+00  5.30597300e-03 
 4.25530000e-07  4.25530000e-07  8.49667237e-01  1.11400000e+00  5.51317520e-03 
 4.25570000e-07  4.25570000e-07  8.49642165e-01  1.06600000e+00  5.89829055e-03 
 4.25650000e-07  4.25650000e-07  8.49592047e-01  9.70000000e-01  5.04413421e-03 
 4.25750000e-07  4.25750000e-07  8.49529458e-01  8.50000000e-01  1.24723199e-03 
 4.25850000e-07  4.25850000e-07  8.49466944e-01  7.30000000e-01 -2.61069714e-03 
 4.25925000e-07  4.25925000e-07  8.49420113e-01  6.40000000e-01 -7.07017571e-03 
 4.26000000e-07  4.26000000e-07  8.49373334e-01  5.50000000e-01 -1.11956763e-02 
 4.26010000e-07  4.26010000e-07  8.49367101e-01  5.50000000e-01 -1.12829100e-02 
 4.26030000e-07  4.26030000e-07  8.49354637e-01  5.50000000e-01 -1.13844095e-02 
 4.26070000e-07  4.26070000e-07  8.49329723e-01  5.50000000e-01 -1.16475328e-02 
 4.26150000e-07  4.26150000e-07  8.49279946e-01  5.50000000e-01 -1.25374908e-02 
 4.26250000e-07  4.26250000e-07  8.49217828e-01  5.50000000e-01 -1.36490994e-02 
 4.26350000e-07  4.26350000e-07  8.49155833e-01  5.50000000e-01 -1.47764857e-02 
 4.26450000e-07  4.26450000e-07  8.49093971e-01  5.50000000e-01 -1.58869445e-02 
 4.26550000e-07  4.26550000e-07  8.49032253e-01  5.50000000e-01 -1.70052283e-02 
 4.26650000e-07  4.26650000e-07  8.48970687e-01  5.50000000e-01 -1.81138336e-02 
 4.26750000e-07  4.26750000e-07  8.48909284e-01  5.50000000e-01 -1.92241447e-02 
 4.26850000e-07  4.26850000e-07  8.48848053e-01  5.50000000e-01 -2.03284691e-02 
 4.26950000e-07  4.26950000e-07  8.48787004e-01  5.50000000e-01 -2.14314034e-02 
 4.27050000e-07  4.27050000e-07  8.48726146e-01  5.50000000e-01 -2.25298299e-02 
 4.27150000e-07  4.27150000e-07  8.48665490e-01  5.50000000e-01 -2.36253173e-02 
 4.27250000e-07  4.27250000e-07  8.48605044e-01  5.50000000e-01 -2.47167202e-02 
 4.27350000e-07  4.27350000e-07  8.48544819e-01  5.50000000e-01 -2.58043495e-02 
 4.27450000e-07  4.27450000e-07  8.48484824e-01  5.50000000e-01 -2.68878469e-02 
 4.27550000e-07  4.27550000e-07  8.48425067e-01  5.50000000e-01 -2.79670613e-02 
 4.27650000e-07  4.27650000e-07  8.48365560e-01  5.50000000e-01 -2.90418969e-02 
 4.27750000e-07  4.27750000e-07  8.48306310e-01  5.50000000e-01 -3.01120502e-02 
 4.27850000e-07  4.27850000e-07  8.48247328e-01  5.50000000e-01 -3.11775107e-02 
 4.27950000e-07  4.27950000e-07  8.48188623e-01  5.50000000e-01 -3.22379466e-02 
 4.28050000e-07  4.28050000e-07  8.48130204e-01  5.50000000e-01 -3.32933446e-02 
 4.28150000e-07  4.28150000e-07  8.48072080e-01  5.50000000e-01 -3.43433981e-02 
 4.28250000e-07  4.28250000e-07  8.48014261e-01  5.50000000e-01 -3.53880628e-02 
 4.28350000e-07  4.28350000e-07  8.47956755e-01  5.50000000e-01 -3.64270695e-02 
 4.28450000e-07  4.28450000e-07  8.47899571e-01  5.50000000e-01 -3.74603409e-02 
 4.28550000e-07  4.28550000e-07  8.47842720e-01  5.50000000e-01 -3.84876414e-02 
 4.28650000e-07  4.28650000e-07  8.47786209e-01  5.50000000e-01 -3.95088678e-02 
 4.28750000e-07  4.28750000e-07  8.47730048e-01  5.50000000e-01 -4.05238106e-02 
 4.28850000e-07  4.28850000e-07  8.47674245e-01  5.50000000e-01 -4.15323479e-02 
 4.28950000e-07  4.28950000e-07  8.47618809e-01  5.50000000e-01 -4.25342894e-02 
 4.29050000e-07  4.29050000e-07  8.47563749e-01  5.50000000e-01 -4.35295016e-02 
 4.29150000e-07  4.29150000e-07  8.47509074e-01  5.50000000e-01 -4.45178075e-02 
 4.29250000e-07  4.29250000e-07  8.47454793e-01  5.50000000e-01 -4.54990665e-02 
 4.29350000e-07  4.29350000e-07  8.47400913e-01  5.50000000e-01 -4.64731116e-02 
 4.29450000e-07  4.29450000e-07  8.47347444e-01  5.50000000e-01 -4.74397985e-02 
 4.29550000e-07  4.29550000e-07  8.47294394e-01  5.50000000e-01 -4.83989671e-02 
 4.29650000e-07  4.29650000e-07  8.47241771e-01  5.50000000e-01 -4.93504719e-02 
 4.29750000e-07  4.29750000e-07  8.47189583e-01  5.50000000e-01 -5.02941583e-02 
 4.29850000e-07  4.29850000e-07  8.47137839e-01  5.50000000e-01 -5.12298808e-02 
 4.29950000e-07  4.29950000e-07  8.47086548e-01  5.50000000e-01 -5.21574893e-02 
 4.30050000e-07  4.30050000e-07  8.47035716e-01  5.50000000e-01 -5.30768396e-02 
 4.30150000e-07  4.30150000e-07  8.46985352e-01  5.50000000e-01 -5.39877852e-02 
 4.30250000e-07  4.30250000e-07  8.46935465e-01  5.50000000e-01 -5.48901837e-02 
 4.30350000e-07  4.30350000e-07  8.46886061e-01  5.50000000e-01 -5.57839003e-02 
 4.30450000e-07  4.30450000e-07  8.46837149e-01  5.50000000e-01 -5.66687852e-02 
 4.30550000e-07  4.30550000e-07  8.46788737e-01  5.50000000e-01 -5.75446915e-02 
 4.30650000e-07  4.30650000e-07  8.46740831e-01  5.50000000e-01 -5.84114921e-02 
 4.30750000e-07  4.30750000e-07  8.46693441e-01  5.50000000e-01 -5.92690483e-02 
 4.30850000e-07  4.30850000e-07  8.46646572e-01  5.50000000e-01 -6.01172251e-02 
 4.30950000e-07  4.30950000e-07  8.46600233e-01  5.50000000e-01 -6.09558896e-02 
 4.31050000e-07  4.31050000e-07  8.46554431e-01  5.50000000e-01 -6.17849095e-02 
 4.31150000e-07  4.31150000e-07  8.46509173e-01  5.50000000e-01 -6.26041547e-02 
 4.31250000e-07  4.31250000e-07  8.46464466e-01  5.50000000e-01 -6.34134962e-02 
 4.31350000e-07  4.31350000e-07  8.46420318e-01  5.50000000e-01 -6.42128069e-02 
 4.31450000e-07  4.31450000e-07  8.46376734e-01  5.50000000e-01 -6.50019613e-02 
 4.31550000e-07  4.31550000e-07  8.46333723e-01  5.50000000e-01 -6.57808354e-02 
 4.31650000e-07  4.31650000e-07  8.46291291e-01  5.50000000e-01 -6.65493069e-02 
 4.31750000e-07  4.31750000e-07  8.46249445e-01  5.50000000e-01 -6.73072551e-02 
 4.31850000e-07  4.31850000e-07  8.46208190e-01  5.50000000e-01 -6.80545610e-02 
 4.31950000e-07  4.31950000e-07  8.46167535e-01  5.50000000e-01 -6.87911075e-02 
 4.32050000e-07  4.32050000e-07  8.46127485e-01  5.50000000e-01 -6.95167789e-02 
 4.32150000e-07  4.32150000e-07  8.46088046e-01  5.50000000e-01 -7.02314615e-02 
 4.32250000e-07  4.32250000e-07  8.46049225e-01  5.50000000e-01 -7.09350431e-02 
 4.32350000e-07  4.32350000e-07  8.46011028e-01  5.50000000e-01 -7.16274136e-02 
 4.32450000e-07  4.32450000e-07  8.45973461e-01  5.50000000e-01 -7.23084643e-02 
 4.32550000e-07  4.32550000e-07  8.45936529e-01  5.50000000e-01 -7.29780886e-02 
 4.32650000e-07  4.32650000e-07  8.45900239e-01  5.50000000e-01 -7.36361816e-02 
 4.32750000e-07  4.32750000e-07  8.45864597e-01  5.50000000e-01 -7.42826403e-02 
 4.32850000e-07  4.32850000e-07  8.45829608e-01  5.50000000e-01 -7.49173633e-02 
 4.32950000e-07  4.32950000e-07  8.45795277e-01  5.50000000e-01 -7.55402514e-02 
 4.33050000e-07  4.33050000e-07  8.45761610e-01  5.50000000e-01 -7.61512071e-02 
 4.33150000e-07  4.33150000e-07  8.45728613e-01  5.50000000e-01 -7.67501348e-02 
 4.33250000e-07  4.33250000e-07  8.45696290e-01  5.50000000e-01 -7.73369409e-02 
 4.33350000e-07  4.33350000e-07  8.45664646e-01  5.50000000e-01 -7.79115334e-02 
 4.33450000e-07  4.33450000e-07  8.45633688e-01  5.50000000e-01 -7.84738227e-02 
 4.33550000e-07  4.33550000e-07  8.45603418e-01  5.50000000e-01 -7.90237208e-02 
 4.33650000e-07  4.33650000e-07  8.45573843e-01  5.50000000e-01 -7.95611417e-02 
 4.33750000e-07  4.33750000e-07  8.45544967e-01  5.50000000e-01 -8.00860016e-02 
 4.33850000e-07  4.33850000e-07  8.45516795e-01  5.50000000e-01 -8.05982184e-02 
 4.33950000e-07  4.33950000e-07  8.45489330e-01  5.50000000e-01 -8.10977121e-02 
 4.34050000e-07  4.34050000e-07  8.45462578e-01  5.50000000e-01 -8.15844047e-02 
 4.34150000e-07  4.34150000e-07  8.45436542e-01  5.50000000e-01 -8.20582203e-02 
 4.34250000e-07  4.34250000e-07  8.45411227e-01  5.50000000e-01 -8.25190848e-02 
 4.34350000e-07  4.34350000e-07  8.45386636e-01  5.50000000e-01 -8.29669264e-02 
 4.34450000e-07  4.34450000e-07  8.45362774e-01  5.50000000e-01 -8.34016752e-02 
 4.34550000e-07  4.34550000e-07  8.45339644e-01  5.50000000e-01 -8.38232634e-02 
 4.34650000e-07  4.34650000e-07  8.45317251e-01  5.50000000e-01 -8.42316251e-02 
 4.34750000e-07  4.34750000e-07  8.45295596e-01  5.50000000e-01 -8.46266968e-02 
 4.34850000e-07  4.34850000e-07  8.45274685e-01  5.50000000e-01 -8.50084168e-02 
 4.34950000e-07  4.34950000e-07  8.45254519e-01  5.50000000e-01 -8.53767256e-02 
 4.35050000e-07  4.35050000e-07  8.45235103e-01  5.50000000e-01 -8.57315659e-02 
 4.35150000e-07  4.35150000e-07  8.45216440e-01  5.50000000e-01 -8.60728822e-02 
 4.35250000e-07  4.35250000e-07  8.45198532e-01  5.50000000e-01 -8.64006215e-02 
 4.35350000e-07  4.35350000e-07  8.45181382e-01  5.50000000e-01 -8.67147326e-02 
 4.35450000e-07  4.35450000e-07  8.45164993e-01  5.50000000e-01 -8.70151667e-02 
 4.35550000e-07  4.35550000e-07  8.45149367e-01  5.50000000e-01 -8.73018769e-02 
 4.35650000e-07  4.35650000e-07  8.45134507e-01  5.50000000e-01 -8.75748185e-02 
 4.35750000e-07  4.35750000e-07  8.45120416e-01  5.50000000e-01 -8.78339492e-02 
 4.35850000e-07  4.35850000e-07  8.45107095e-01  5.50000000e-01 -8.80792285e-02 
 4.35950000e-07  4.35950000e-07  8.45094547e-01  5.50000000e-01 -8.83106182e-02 
 4.36050000e-07  4.36050000e-07  8.45082774e-01  5.50000000e-01 -8.85280824e-02 
 4.36150000e-07  4.36150000e-07  8.45071777e-01  5.50000000e-01 -8.87315871e-02 
 4.36250000e-07  4.36250000e-07  8.45061558e-01  5.50000000e-01 -8.89211008e-02 
 4.36350000e-07  4.36350000e-07  8.45052119e-01  5.50000000e-01 -8.90965939e-02 
 4.36450000e-07  4.36450000e-07  8.45043462e-01  5.50000000e-01 -8.92580390e-02 
 4.36550000e-07  4.36550000e-07  8.45035587e-01  5.50000000e-01 -8.94054112e-02 
 4.36650000e-07  4.36650000e-07  8.45028496e-01  5.50000000e-01 -8.95386874e-02 
 4.36750000e-07  4.36750000e-07  8.45022190e-01  5.50000000e-01 -8.96578469e-02 
 4.36850000e-07  4.36850000e-07  8.45016670e-01  5.50000000e-01 -8.97628712e-02 
 4.36950000e-07  4.36950000e-07  8.45011937e-01  5.50000000e-01 -8.98537439e-02 
 4.37050000e-07  4.37050000e-07  8.45007992e-01  5.50000000e-01 -8.99304509e-02 
 4.37150000e-07  4.37150000e-07  8.45004835e-01  5.50000000e-01 -8.99929803e-02 
 4.37250000e-07  4.37250000e-07  8.45002467e-01  5.50000000e-01 -9.00413223e-02 
 4.37350000e-07  4.37350000e-07  8.45000888e-01  5.50000000e-01 -9.00754695e-02 
 4.37450000e-07  4.37450000e-07  8.45000099e-01  5.50000000e-01 -9.00954164e-02 
 4.37550000e-07  4.37550000e-07  8.45000099e-01  5.50000000e-01 -9.01011600e-02 
 4.37650000e-07  4.37650000e-07  8.45000888e-01  5.50000000e-01 -9.00926995e-02 
 4.37750000e-07  4.37750000e-07  8.45002467e-01  5.50000000e-01 -9.00700360e-02 
 4.37850000e-07  4.37850000e-07  8.45004835e-01  5.50000000e-01 -9.00331732e-02 
 4.37950000e-07  4.37950000e-07  8.45007992e-01  5.50000000e-01 -8.99821168e-02 
 4.38050000e-07  4.38050000e-07  8.45011937e-01  5.50000000e-01 -8.99168746e-02 
 4.38150000e-07  4.38150000e-07  8.45016670e-01  5.50000000e-01 -8.98374569e-02 
 4.38250000e-07  4.38250000e-07  8.45022190e-01  5.50000000e-01 -8.97438761e-02 
 4.38350000e-07  4.38350000e-07  8.45028496e-01  5.50000000e-01 -8.96361465e-02 
 4.38450000e-07  4.38450000e-07  8.45035587e-01  5.50000000e-01 -8.95142851e-02 
 4.38550000e-07  4.38550000e-07  8.45043462e-01  5.50000000e-01 -8.93783108e-02 
 4.38650000e-07  4.38650000e-07  8.45052119e-01  5.50000000e-01 -8.92282446e-02 
 4.38750000e-07  4.38750000e-07  8.45061558e-01  5.50000000e-01 -8.90641101e-02 
 4.38850000e-07  4.38850000e-07  8.45071777e-01  5.50000000e-01 -8.88859326e-02 
 4.38950000e-07  4.38950000e-07  8.45082774e-01  5.50000000e-01 -8.86937400e-02 
 4.39050000e-07  4.39050000e-07  8.45094547e-01  5.50000000e-01 -8.84875621e-02 
 4.39150000e-07  4.39150000e-07  8.45107095e-01  5.50000000e-01 -8.82674310e-02 
 4.39250000e-07  4.39250000e-07  8.45120416e-01  5.50000000e-01 -8.80333810e-02 
 4.39350000e-07  4.39350000e-07  8.45134507e-01  5.50000000e-01 -8.77854485e-02 
 4.39450000e-07  4.39450000e-07  8.45149367e-01  5.50000000e-01 -8.75236721e-02 
 4.39550000e-07  4.39550000e-07  8.45164993e-01  5.50000000e-01 -8.72480925e-02 
 4.39650000e-07  4.39650000e-07  8.45181382e-01  5.50000000e-01 -8.69587528e-02 
 4.39750000e-07  4.39750000e-07  8.45198532e-01  5.50000000e-01 -8.66556978e-02 
 4.39850000e-07  4.39850000e-07  8.45216440e-01  5.50000000e-01 -8.63389749e-02 
 4.39950000e-07  4.39950000e-07  8.45235103e-01  5.50000000e-01 -8.60086334e-02 
 4.40050000e-07  4.40050000e-07  8.45254519e-01  5.50000000e-01 -8.56647247e-02 
 4.40150000e-07  4.40150000e-07  8.45274685e-01  5.50000000e-01 -8.53073024e-02 
 4.40250000e-07  4.40250000e-07  8.45295596e-01  5.50000000e-01 -8.49364223e-02 
 4.40350000e-07  4.40350000e-07  8.45317251e-01  5.50000000e-01 -8.45521421e-02 
 4.40450000e-07  4.40450000e-07  8.45339644e-01  5.50000000e-01 -8.41545217e-02 
 4.40550000e-07  4.40550000e-07  8.45362774e-01  5.50000000e-01 -8.37436231e-02 
 4.40650000e-07  4.40650000e-07  8.45386636e-01  5.50000000e-01 -8.33195105e-02 
 4.40750000e-07  4.40750000e-07  8.45411227e-01  5.50000000e-01 -8.28822499e-02 
 4.40850000e-07  4.40850000e-07  8.45436542e-01  5.50000000e-01 -8.24319096e-02 
 4.40950000e-07  4.40950000e-07  8.45462578e-01  5.50000000e-01 -8.19685599e-02 
 4.41050000e-07  4.41050000e-07  8.45489330e-01  5.50000000e-01 -8.14922730e-02 
 4.41150000e-07  4.41150000e-07  8.45516795e-01  5.50000000e-01 -8.10031232e-02 
 4.41250000e-07  4.41250000e-07  8.45544967e-01  5.50000000e-01 -8.05011871e-02 
 4.41350000e-07  4.41350000e-07  8.45573843e-01  5.50000000e-01 -7.99865429e-02 
 4.41450000e-07  4.41450000e-07  8.45603418e-01  5.50000000e-01 -7.94592710e-02 
 4.41550000e-07  4.41550000e-07  8.45633688e-01  5.50000000e-01 -7.89194539e-02 
 4.41650000e-07  4.41650000e-07  8.45664646e-01  5.50000000e-01 -7.83671757e-02 
 4.41750000e-07  4.41750000e-07  8.45696290e-01  5.50000000e-01 -7.78025229e-02 
 4.41850000e-07  4.41850000e-07  8.45728613e-01  5.50000000e-01 -7.72255838e-02 
 4.41950000e-07  4.41950000e-07  8.45761610e-01  5.50000000e-01 -7.66364485e-02 
 4.42050000e-07  4.42050000e-07  8.45795277e-01  5.50000000e-01 -7.60352091e-02 
 4.42150000e-07  4.42150000e-07  8.45829608e-01  5.50000000e-01 -7.54219598e-02 
 4.42250000e-07  4.42250000e-07  8.45864597e-01  5.50000000e-01 -7.47967964e-02 
 4.42350000e-07  4.42350000e-07  8.45900239e-01  5.50000000e-01 -7.41598169e-02 
 4.42450000e-07  4.42450000e-07  8.45936529e-01  5.50000000e-01 -7.35111208e-02 
 4.42550000e-07  4.42550000e-07  8.45973461e-01  5.50000000e-01 -7.28508099e-02 
 4.42650000e-07  4.42650000e-07  8.46011028e-01  5.50000000e-01 -7.21789874e-02 
 4.42750000e-07  4.42750000e-07  8.46049225e-01  5.50000000e-01 -7.14957587e-02 
 4.42850000e-07  4.42850000e-07  8.46088046e-01  5.50000000e-01 -7.08012308e-02 
 4.42950000e-07  4.42950000e-07  8.46127485e-01  5.50000000e-01 -7.00955126e-02 
 4.43050000e-07  4.43050000e-07  8.46167535e-01  5.50000000e-01 -6.93787147e-02 
 4.43150000e-07  4.43150000e-07  8.46208190e-01  5.50000000e-01 -6.86509494e-02 
 4.43250000e-07  4.43250000e-07  8.46249445e-01  5.50000000e-01 -6.79123310e-02 
 4.43350000e-07  4.43350000e-07  8.46291291e-01  5.50000000e-01 -6.71629753e-02 
 4.43450000e-07  4.43450000e-07  8.46333723e-01  5.50000000e-01 -6.64029998e-02 
 4.43550000e-07  4.43550000e-07  8.46376734e-01  5.50000000e-01 -6.56325240e-02 
 4.43650000e-07  4.43650000e-07  8.46420318e-01  5.50000000e-01 -6.48516688e-02 
 4.43750000e-07  4.43750000e-07  8.46464466e-01  5.50000000e-01 -6.40605567e-02 
 4.43850000e-07  4.43850000e-07  8.46509173e-01  5.50000000e-01 -6.32593121e-02 
 4.43950000e-07  4.43950000e-07  8.46554431e-01  5.50000000e-01 -6.24480609e-02 
 4.44050000e-07  4.44050000e-07  8.46600233e-01  5.50000000e-01 -6.16269305e-02 
 4.44150000e-07  4.44150000e-07  8.46646572e-01  5.50000000e-01 -6.07960501e-02 
 4.44250000e-07  4.44250000e-07  8.46693441e-01  5.50000000e-01 -5.99555503e-02 
 4.44350000e-07  4.44350000e-07  8.46740831e-01  5.50000000e-01 -5.91055633e-02 
 4.44450000e-07  4.44450000e-07  8.46788737e-01  5.50000000e-01 -5.82462228e-02 
 4.44550000e-07  4.44550000e-07  8.46837149e-01  5.50000000e-01 -5.73776640e-02 
 4.44650000e-07  4.44650000e-07  8.46886061e-01  5.50000000e-01 -5.65000237e-02 
 4.44750000e-07  4.44750000e-07  8.46935465e-01  5.50000000e-01 -5.56134400e-02 
 4.44850000e-07  4.44850000e-07  8.46985352e-01  5.50000000e-01 -5.47180526e-02 
 4.44950000e-07  4.44950000e-07  8.47035716e-01  5.50000000e-01 -5.38139942e-02 
 4.45050000e-07  4.45050000e-07  8.47086548e-01  5.50000000e-01 -5.29014170e-02 
 4.45150000e-07  4.45150000e-07  8.47137839e-01  5.50000000e-01 -5.19804720e-02 
 4.45250000e-07  4.45250000e-07  8.47189583e-01  5.50000000e-01 -5.10512936e-02 
 4.45350000e-07  4.45350000e-07  8.47241771e-01  5.50000000e-01 -5.01140307e-02 
 4.45450000e-07  4.45450000e-07  8.47294394e-01  5.50000000e-01 -4.91688311e-02 
 4.45550000e-07  4.45550000e-07  8.47347444e-01  5.50000000e-01 -4.82158434e-02 
 4.45650000e-07  4.45650000e-07  8.47400913e-01  5.50000000e-01 -4.72552184e-02 
 4.45750000e-07  4.45750000e-07  8.47454793e-01  5.50000000e-01 -4.62871074e-02 
 4.45850000e-07  4.45850000e-07  8.47509074e-01  5.50000000e-01 -4.53116635e-02 
 4.45950000e-07  4.45950000e-07  8.47563749e-01  5.50000000e-01 -4.43290405e-02 
 4.46050000e-07  4.46050000e-07  8.47618809e-01  5.50000000e-01 -4.33393936e-02 
 4.46150000e-07  4.46150000e-07  8.47674245e-01  5.50000000e-01 -4.23428792e-02 
 4.46250000e-07  4.46250000e-07  8.47730048e-01  5.50000000e-01 -4.13396548e-02 
 4.46350000e-07  4.46350000e-07  8.47786209e-01  5.50000000e-01 -4.03298787e-02 
 4.46450000e-07  4.46450000e-07  8.47842720e-01  5.50000000e-01 -3.93137107e-02 
 4.46550000e-07  4.46550000e-07  8.47899571e-01  5.50000000e-01 -3.82913114e-02 
 4.46650000e-07  4.46650000e-07  8.47956755e-01  5.50000000e-01 -3.72628425e-02 
 4.46750000e-07  4.46750000e-07  8.48014261e-01  5.50000000e-01 -3.62284665e-02 
 4.46850000e-07  4.46850000e-07  8.48072080e-01  5.50000000e-01 -3.51883472e-02 
 4.46950000e-07  4.46950000e-07  8.48130204e-01  5.50000000e-01 -3.41426490e-02 
 4.47050000e-07  4.47050000e-07  8.48188623e-01  5.50000000e-01 -3.30915375e-02 
 4.47150000e-07  4.47150000e-07  8.48247328e-01  5.50000000e-01 -3.20351790e-02 
 4.47250000e-07  4.47250000e-07  8.48306310e-01  5.50000000e-01 -3.09737407e-02 
 4.47350000e-07  4.47350000e-07  8.48365560e-01  5.50000000e-01 -2.99073907e-02 
 4.47450000e-07  4.47450000e-07  8.48425067e-01  5.50000000e-01 -2.88362977e-02 
 4.47550000e-07  4.47550000e-07  8.48484824e-01  5.50000000e-01 -2.77606315e-02 
 4.47650000e-07  4.47650000e-07  8.48544819e-01  5.50000000e-01 -2.66805624e-02 
 4.47750000e-07  4.47750000e-07  8.48605044e-01  5.50000000e-01 -2.55962616e-02 
 4.47850000e-07  4.47850000e-07  8.48665490e-01  5.50000000e-01 -2.45079007e-02 
 4.47950000e-07  4.47950000e-07  8.48726146e-01  5.50000000e-01 -2.34156523e-02 
 4.48050000e-07  4.48050000e-07  8.48787004e-01  5.50000000e-01 -2.23196895e-02 
 4.48150000e-07  4.48150000e-07  8.48848053e-01  5.50000000e-01 -2.12201860e-02 
 4.48250000e-07  4.48250000e-07  8.48909284e-01  5.50000000e-01 -2.01173161e-02 
 4.48350000e-07  4.48350000e-07  8.48970687e-01  5.50000000e-01 -1.90112546e-02 
 4.48450000e-07  4.48450000e-07  8.49032253e-01  5.50000000e-01 -1.79021769e-02 
 4.48550000e-07  4.48550000e-07  8.49093971e-01  5.50000000e-01 -1.67902588e-02 
 4.48650000e-07  4.48650000e-07  8.49155833e-01  5.50000000e-01 -1.56756768e-02 
 4.48750000e-07  4.48750000e-07  8.49217828e-01  5.50000000e-01 -1.45586075e-02 
 4.48850000e-07  4.48850000e-07  8.49279946e-01  5.50000000e-01 -1.34392282e-02 
 4.48950000e-07  4.48950000e-07  8.49342178e-01  5.50000000e-01 -1.23177164e-02 
 4.49050000e-07  4.49050000e-07  8.49404514e-01  5.50000000e-01 -1.11942501e-02 
 4.49150000e-07  4.49150000e-07  8.49466944e-01  5.50000000e-01 -1.00690075e-02 
 4.49250000e-07  4.49250000e-07  8.49529458e-01  5.50000000e-01 -8.94216702e-03 
 4.49350000e-07  4.49350000e-07  8.49592047e-01  5.50000000e-01 -7.81390759e-03 
 4.49450000e-07  4.49450000e-07  8.49654700e-01  5.50000000e-01 -6.68440819e-03 
 4.49550000e-07  4.49550000e-07  8.49717407e-01  5.50000000e-01 -5.55384805e-03 
 4.49650000e-07  4.49650000e-07  8.49780159e-01  5.50000000e-01 -4.42240659e-03 
 4.49750000e-07  4.49750000e-07  8.49842946e-01  5.50000000e-01 -3.29026335e-03 
 4.49850000e-07  4.49850000e-07  8.49905758e-01  5.50000000e-01 -2.15759801e-03 
 4.49925000e-07  4.49925000e-07  8.49952877e-01  5.50000000e-01 -1.30786167e-03 
 4.50000000e-07  4.50000000e-07  8.50000000e-01  5.50000000e-01 -4.58011542e-04 
 4.50010000e-07  4.50010000e-07  8.50006283e-01  5.62000000e-01 -3.44674847e-04 
 4.50030000e-07  4.50030000e-07  8.50018850e-01  5.86000000e-01 -1.18987876e-04 
 4.50070000e-07  4.50070000e-07  8.50043982e-01  6.34000000e-01  3.23955965e-04 
 4.50150000e-07  4.50150000e-07  8.50094242e-01  7.30000000e-01  8.18339561e-04 
 4.50250000e-07  4.50250000e-07  8.50157054e-01  8.50000000e-01  3.13378355e-04 
 4.50350000e-07  4.50350000e-07  8.50219841e-01  9.70000000e-01 -1.00248574e-03 
 4.50425000e-07  4.50425000e-07  8.50266908e-01  1.06000000e+00 -3.11780702e-03 
 4.50500000e-07  4.50500000e-07  8.50313953e-01  1.15000000e+00 -5.34335879e-03 
 4.50510000e-07  4.50510000e-07  8.50320223e-01  1.15000000e+00 -5.45201061e-03 
 4.50530000e-07  4.50530000e-07  8.50332763e-01  1.15000000e+00 -5.62976468e-03 
 4.50570000e-07  4.50570000e-07  8.50357835e-01  1.15000000e+00 -6.00074324e-03 
 4.50650000e-07  4.50650000e-07  8.50407953e-01  1.15000000e+00 -6.90373338e-03 
 4.50750000e-07  4.50750000e-07  8.50470542e-01  1.15000000e+00 -8.02774164e-03 
 4.50850000e-07  4.50850000e-07  8.50533056e-01  1.15000000e+00 -9.16004590e-03 
 4.50950000e-07  4.50950000e-07  8.50595486e-01  1.15000000e+00 -1.02835061e-02 
 4.51050000e-07  4.51050000e-07  8.50657822e-01  1.15000000e+00 -1.14105417e-02 
 4.51150000e-07  4.51150000e-07  8.50720054e-01  1.15000000e+00 -1.25322277e-02 
 4.51250000e-07  4.51250000e-07  8.50782172e-01  1.15000000e+00 -1.36542711e-02 
 4.51350000e-07  4.51350000e-07  8.50844167e-01  1.15000000e+00 -1.47726302e-02 
 4.51450000e-07  4.51450000e-07  8.50906029e-01  1.15000000e+00 -1.58895971e-02 
 4.51550000e-07  4.51550000e-07  8.50967747e-01  1.15000000e+00 -1.70034713e-02 
 4.51650000e-07  4.51650000e-07  8.51029313e-01  1.15000000e+00 -1.81149673e-02 
 4.51750000e-07  4.51750000e-07  8.51090716e-01  1.15000000e+00 -1.92234301e-02 
 4.51850000e-07  4.51850000e-07  8.51151947e-01  1.15000000e+00 -2.03288986e-02 
 4.51950000e-07  4.51950000e-07  8.51212996e-01  1.15000000e+00 -2.14311417e-02 
 4.52050000e-07  4.52050000e-07  8.51273854e-01  1.15000000e+00 -2.25299565e-02 
 4.52150000e-07  4.52150000e-07  8.51334510e-01  1.15000000e+00 -2.36252486e-02 
 4.52250000e-07  4.52250000e-07  8.51394956e-01  1.15000000e+00 -2.47167296e-02 
 4.52350000e-07  4.52350000e-07  8.51455181e-01  1.15000000e+00 -2.58043565e-02 
 4.52450000e-07  4.52450000e-07  8.51515176e-01  1.15000000e+00 -2.68878260e-02 
 4.52550000e-07  4.52550000e-07  8.51574933e-01  1.15000000e+00 -2.79670898e-02 
 4.52650000e-07  4.52650000e-07  8.51634440e-01  1.15000000e+00 -2.90418657e-02 
 4.52750000e-07  4.52750000e-07  8.51693690e-01  1.15000000e+00 -3.01120809e-02 
 4.52850000e-07  4.52850000e-07  8.51752672e-01  1.15000000e+00 -3.11774823e-02 
 4.52950000e-07  4.52950000e-07  8.51811377e-01  1.15000000e+00 -3.22379718e-02 
 4.53050000e-07  4.53050000e-07  8.51869796e-01  1.15000000e+00 -3.32933228e-02 
 4.53150000e-07  4.53150000e-07  8.51927920e-01  1.15000000e+00 -3.43434165e-02 
 4.53250000e-07  4.53250000e-07  8.51985739e-01  1.15000000e+00 -3.53880475e-02 
 4.53350000e-07  4.53350000e-07  8.52043245e-01  1.15000000e+00 -3.64270821e-02 
 4.53450000e-07  4.53450000e-07  8.52100429e-01  1.15000000e+00 -3.74603306e-02 
 4.53550000e-07  4.53550000e-07  8.52157280e-01  1.15000000e+00 -3.84876498e-02 
 4.53650000e-07  4.53650000e-07  8.52213791e-01  1.15000000e+00 -3.95088611e-02 
 4.53750000e-07  4.53750000e-07  8.52269952e-01  1.15000000e+00 -4.05238159e-02 
 4.53850000e-07  4.53850000e-07  8.52325755e-01  1.15000000e+00 -4.15323436e-02 
 4.53950000e-07  4.53950000e-07  8.52381191e-01  1.15000000e+00 -4.25342928e-02 
 4.54050000e-07  4.54050000e-07  8.52436251e-01  1.15000000e+00 -4.35294989e-02 
 4.54150000e-07  4.54150000e-07  8.52490926e-01  1.15000000e+00 -4.45178096e-02 
 4.54250000e-07  4.54250000e-07  8.52545207e-01  1.15000000e+00 -4.54990649e-02 
 4.54350000e-07  4.54350000e-07  8.52599087e-01  1.15000000e+00 -4.64731129e-02 
 4.54450000e-07  4.54450000e-07  8.52652556e-01  1.15000000e+00 -4.74397975e-02 
 4.54550000e-07  4.54550000e-07  8.52705606e-01  1.15000000e+00 -4.83989679e-02 
 4.54650000e-07  4.54650000e-07  8.52758229e-01  1.15000000e+00 -4.93504713e-02 
 4.54750000e-07  4.54750000e-07  8.52810417e-01  1.15000000e+00 -5.02941587e-02 
 4.54850000e-07  4.54850000e-07  8.52862161e-01  1.15000000e+00 -5.12298805e-02 
 4.54950000e-07  4.54950000e-07  8.52913452e-01  1.15000000e+00 -5.21574896e-02 
 4.55050000e-07  4.55050000e-07  8.52964284e-01  1.15000000e+00 -5.30768394e-02 
 4.55150000e-07  4.55150000e-07  8.53014648e-01  1.15000000e+00 -5.39877854e-02 
 4.55250000e-07  4.55250000e-07  8.53064535e-01  1.15000000e+00 -5.48901836e-02 
 4.55350000e-07  4.55350000e-07  8.53113939e-01  1.15000000e+00 -5.57839004e-02 
 4.55450000e-07  4.55450000e-07  8.53162851e-01  1.15000000e+00 -5.66687851e-02 
 4.55550000e-07  4.55550000e-07  8.53211263e-01  1.15000000e+00 -5.75446915e-02 
 4.55650000e-07  4.55650000e-07  8.53259169e-01  1.15000000e+00 -5.84114921e-02 
 4.55750000e-07  4.55750000e-07  8.53306559e-01  1.15000000e+00 -5.92690483e-02 
 4.55850000e-07  4.55850000e-07  8.53353428e-01  1.15000000e+00 -6.01172251e-02 
 4.55950000e-07  4.55950000e-07  8.53399767e-01  1.15000000e+00 -6.09558896e-02 
 4.56050000e-07  4.56050000e-07  8.53445569e-01  1.15000000e+00 -6.17849095e-02 
 4.56150000e-07  4.56150000e-07  8.53490827e-01  1.15000000e+00 -6.26041547e-02 
 4.56250000e-07  4.56250000e-07  8.53535534e-01  1.15000000e+00 -6.34134962e-02 
 4.56350000e-07  4.56350000e-07  8.53579682e-01  1.15000000e+00 -6.42128070e-02 
 4.56450000e-07  4.56450000e-07  8.53623266e-01  1.15000000e+00 -6.50019613e-02 
 4.56550000e-07  4.56550000e-07  8.53666277e-01  1.15000000e+00 -6.57808354e-02 
 4.56650000e-07  4.56650000e-07  8.53708709e-01  1.15000000e+00 -6.65493069e-02 
 4.56750000e-07  4.56750000e-07  8.53750555e-01  1.15000000e+00 -6.73072551e-02 
 4.56850000e-07  4.56850000e-07  8.53791810e-01  1.15000000e+00 -6.80545610e-02 
 4.56950000e-07  4.56950000e-07  8.53832465e-01  1.15000000e+00 -6.87911075e-02 
 4.57050000e-07  4.57050000e-07  8.53872515e-01  1.15000000e+00 -6.95167789e-02 
 4.57150000e-07  4.57150000e-07  8.53911954e-01  1.15000000e+00 -7.02314615e-02 
 4.57250000e-07  4.57250000e-07  8.53950775e-01  1.15000000e+00 -7.09350431e-02 
 4.57350000e-07  4.57350000e-07  8.53988972e-01  1.15000000e+00 -7.16274136e-02 
 4.57450000e-07  4.57450000e-07  8.54026539e-01  1.15000000e+00 -7.23084643e-02 
 4.57550000e-07  4.57550000e-07  8.54063471e-01  1.15000000e+00 -7.29780886e-02 
 4.57650000e-07  4.57650000e-07  8.54099761e-01  1.15000000e+00 -7.36361816e-02 
 4.57750000e-07  4.57750000e-07  8.54135403e-01  1.15000000e+00 -7.42826403e-02 
 4.57850000e-07  4.57850000e-07  8.54170392e-01  1.15000000e+00 -7.49173633e-02 
 4.57950000e-07  4.57950000e-07  8.54204723e-01  1.15000000e+00 -7.55402514e-02 
 4.58050000e-07  4.58050000e-07  8.54238390e-01  1.15000000e+00 -7.61512071e-02 
 4.58150000e-07  4.58150000e-07  8.54271387e-01  1.15000000e+00 -7.67501348e-02 
 4.58250000e-07  4.58250000e-07  8.54303710e-01  1.15000000e+00 -7.73369409e-02 
 4.58350000e-07  4.58350000e-07  8.54335354e-01  1.15000000e+00 -7.79115334e-02 
 4.58450000e-07  4.58450000e-07  8.54366312e-01  1.15000000e+00 -7.84738227e-02 
 4.58550000e-07  4.58550000e-07  8.54396582e-01  1.15000000e+00 -7.90237208e-02 
 4.58650000e-07  4.58650000e-07  8.54426157e-01  1.15000000e+00 -7.95611417e-02 
 4.58750000e-07  4.58750000e-07  8.54455033e-01  1.15000000e+00 -8.00860016e-02 
 4.58850000e-07  4.58850000e-07  8.54483205e-01  1.15000000e+00 -8.05982184e-02 
 4.58950000e-07  4.58950000e-07  8.54510670e-01  1.15000000e+00 -8.10977121e-02 
 4.59050000e-07  4.59050000e-07  8.54537422e-01  1.15000000e+00 -8.15844047e-02 
 4.59150000e-07  4.59150000e-07  8.54563458e-01  1.15000000e+00 -8.20582203e-02 
 4.59250000e-07  4.59250000e-07  8.54588773e-01  1.15000000e+00 -8.25190848e-02 
 4.59350000e-07  4.59350000e-07  8.54613364e-01  1.15000000e+00 -8.29669264e-02 
 4.59450000e-07  4.59450000e-07  8.54637226e-01  1.15000000e+00 -8.34016752e-02 
 4.59550000e-07  4.59550000e-07  8.54660356e-01  1.15000000e+00 -8.38232634e-02 
 4.59650000e-07  4.59650000e-07  8.54682749e-01  1.15000000e+00 -8.42316251e-02 
 4.59750000e-07  4.59750000e-07  8.54704404e-01  1.15000000e+00 -8.46266968e-02 
 4.59850000e-07  4.59850000e-07  8.54725315e-01  1.15000000e+00 -8.50084168e-02 
 4.59950000e-07  4.59950000e-07  8.54745481e-01  1.15000000e+00 -8.53767256e-02 
 4.60050000e-07  4.60050000e-07  8.54764897e-01  1.15000000e+00 -8.57315659e-02 
 4.60150000e-07  4.60150000e-07  8.54783560e-01  1.15000000e+00 -8.60728822e-02 
 4.60250000e-07  4.60250000e-07  8.54801468e-01  1.15000000e+00 -8.64006215e-02 
 4.60350000e-07  4.60350000e-07  8.54818618e-01  1.15000000e+00 -8.67147326e-02 
 4.60450000e-07  4.60450000e-07  8.54835007e-01  1.15000000e+00 -8.70151667e-02 
 4.60550000e-07  4.60550000e-07  8.54850633e-01  1.15000000e+00 -8.73018769e-02 
 4.60650000e-07  4.60650000e-07  8.54865493e-01  1.15000000e+00 -8.75748185e-02 
 4.60750000e-07  4.60750000e-07  8.54879584e-01  1.15000000e+00 -8.78339492e-02 
 4.60850000e-07  4.60850000e-07  8.54892905e-01  1.15000000e+00 -8.80792285e-02 
 4.60950000e-07  4.60950000e-07  8.54905453e-01  1.15000000e+00 -8.83106182e-02 
 4.61050000e-07  4.61050000e-07  8.54917226e-01  1.15000000e+00 -8.85280824e-02 
 4.61150000e-07  4.61150000e-07  8.54928223e-01  1.15000000e+00 -8.87315871e-02 
 4.61250000e-07  4.61250000e-07  8.54938442e-01  1.15000000e+00 -8.89211008e-02 
 4.61350000e-07  4.61350000e-07  8.54947881e-01  1.15000000e+00 -8.90965939e-02 
 4.61450000e-07  4.61450000e-07  8.54956538e-01  1.15000000e+00 -8.92580390e-02 
 4.61550000e-07  4.61550000e-07  8.54964413e-01  1.15000000e+00 -8.94054112e-02 
 4.61650000e-07  4.61650000e-07  8.54971504e-01  1.15000000e+00 -8.95386874e-02 
 4.61750000e-07  4.61750000e-07  8.54977810e-01  1.15000000e+00 -8.96578469e-02 
 4.61850000e-07  4.61850000e-07  8.54983330e-01  1.15000000e+00 -8.97628712e-02 
 4.61950000e-07  4.61950000e-07  8.54988063e-01  1.15000000e+00 -8.98537439e-02 
 4.62050000e-07  4.62050000e-07  8.54992008e-01  1.15000000e+00 -8.99304509e-02 
 4.62150000e-07  4.62150000e-07  8.54995165e-01  1.15000000e+00 -8.99929803e-02 
 4.62250000e-07  4.62250000e-07  8.54997533e-01  1.15000000e+00 -9.00413223e-02 
 4.62350000e-07  4.62350000e-07  8.54999112e-01  1.15000000e+00 -9.00754695e-02 
 4.62450000e-07  4.62450000e-07  8.54999901e-01  1.15000000e+00 -9.00954164e-02 
 4.62550000e-07  4.62550000e-07  8.54999901e-01  1.15000000e+00 -9.01011600e-02 
 4.62650000e-07  4.62650000e-07  8.54999112e-01  1.15000000e+00 -9.00926995e-02 
 4.62750000e-07  4.62750000e-07  8.54997533e-01  1.15000000e+00 -9.00700360e-02 
 4.62850000e-07  4.62850000e-07  8.54995165e-01  1.15000000e+00 -9.00331732e-02 
 4.62950000e-07  4.62950000e-07  8.54992008e-01  1.15000000e+00 -8.99821168e-02 
 4.63050000e-07  4.63050000e-07  8.54988063e-01  1.15000000e+00 -8.99168746e-02 
 4.63150000e-07  4.63150000e-07  8.54983330e-01  1.15000000e+00 -8.98374569e-02 
 4.63250000e-07  4.63250000e-07  8.54977810e-01  1.15000000e+00 -8.97438761e-02 
 4.63350000e-07  4.63350000e-07  8.54971504e-01  1.15000000e+00 -8.96361465e-02 
 4.63450000e-07  4.63450000e-07  8.54964413e-01  1.15000000e+00 -8.95142851e-02 
 4.63550000e-07  4.63550000e-07  8.54956538e-01  1.15000000e+00 -8.93783108e-02 
 4.63650000e-07  4.63650000e-07  8.54947881e-01  1.15000000e+00 -8.92282446e-02 
 4.63750000e-07  4.63750000e-07  8.54938442e-01  1.15000000e+00 -8.90641101e-02 
 4.63850000e-07  4.63850000e-07  8.54928223e-01  1.15000000e+00 -8.88859326e-02 
 4.63950000e-07  4.63950000e-07  8.54917226e-01  1.15000000e+00 -8.86937400e-02 
 4.64050000e-07  4.64050000e-07  8.54905453e-01  1.15000000e+00 -8.84875621e-02 
 4.64150000e-07  4.64150000e-07  8.54892905e-01  1.15000000e+00 -8.82674310e-02 
 4.64250000e-07  4.64250000e-07  8.54879584e-01  1.15000000e+00 -8.80333810e-02 
 4.64350000e-07  4.64350000e-07  8.54865493e-01  1.15000000e+00 -8.77854485e-02 
 4.64450000e-07  4.64450000e-07  8.54850633e-01  1.15000000e+00 -8.75236721e-02 
 4.64550000e-07  4.64550000e-07  8.54835007e-01  1.15000000e+00 -8.72480925e-02 
 4.64650000e-07  4.64650000e-07  8.54818618e-01  1.15000000e+00 -8.69587528e-02 
 4.64750000e-07  4.64750000e-07  8.54801468e-01  1.15000000e+00 -8.66556978e-02 
 4.64850000e-07  4.64850000e-07  8.54783560e-01  1.15000000e+00 -8.63389749e-02 
 4.64950000e-07  4.64950000e-07  8.54764897e-01  1.15000000e+00 -8.60086334e-02 
 4.65050000e-07  4.65050000e-07  8.54745481e-01  1.15000000e+00 -8.56647247e-02 
 4.65150000e-07  4.65150000e-07  8.54725315e-01  1.15000000e+00 -8.53073024e-02 
 4.65250000e-07  4.65250000e-07  8.54704404e-01  1.15000000e+00 -8.49364223e-02 
 4.65350000e-07  4.65350000e-07  8.54682749e-01  1.15000000e+00 -8.45521421e-02 
 4.65450000e-07  4.65450000e-07  8.54660356e-01  1.15000000e+00 -8.41545217e-02 
 4.65550000e-07  4.65550000e-07  8.54637226e-01  1.15000000e+00 -8.37436231e-02 
 4.65650000e-07  4.65650000e-07  8.54613364e-01  1.15000000e+00 -8.33195105e-02 
 4.65750000e-07  4.65750000e-07  8.54588773e-01  1.15000000e+00 -8.28822499e-02 
 4.65850000e-07  4.65850000e-07  8.54563458e-01  1.15000000e+00 -8.24319096e-02 
 4.65950000e-07  4.65950000e-07  8.54537422e-01  1.15000000e+00 -8.19685599e-02 
 4.66050000e-07  4.66050000e-07  8.54510670e-01  1.15000000e+00 -8.14922730e-02 
 4.66150000e-07  4.66150000e-07  8.54483205e-01  1.15000000e+00 -8.10031232e-02 
 4.66250000e-07  4.66250000e-07  8.54455033e-01  1.15000000e+00 -8.05011871e-02 
 4.66350000e-07  4.66350000e-07  8.54426157e-01  1.15000000e+00 -7.99865429e-02 
 4.66450000e-07  4.66450000e-07  8.54396582e-01  1.15000000e+00 -7.94592710e-02 
 4.66550000e-07  4.66550000e-07  8.54366312e-01  1.15000000e+00 -7.89194539e-02 
 4.66650000e-07  4.66650000e-07  8.54335354e-01  1.15000000e+00 -7.83671757e-02 
 4.66750000e-07  4.66750000e-07  8.54303710e-01  1.15000000e+00 -7.78025229e-02 
 4.66850000e-07  4.66850000e-07  8.54271387e-01  1.15000000e+00 -7.72255838e-02 
 4.66950000e-07  4.66950000e-07  8.54238390e-01  1.15000000e+00 -7.66364485e-02 
 4.67050000e-07  4.67050000e-07  8.54204723e-01  1.15000000e+00 -7.60352091e-02 
 4.67150000e-07  4.67150000e-07  8.54170392e-01  1.15000000e+00 -7.54219598e-02 
 4.67250000e-07  4.67250000e-07  8.54135403e-01  1.15000000e+00 -7.47967964e-02 
 4.67350000e-07  4.67350000e-07  8.54099761e-01  1.15000000e+00 -7.41598169e-02 
 4.67450000e-07  4.67450000e-07  8.54063471e-01  1.15000000e+00 -7.35111208e-02 
 4.67550000e-07  4.67550000e-07  8.54026539e-01  1.15000000e+00 -7.28508099e-02 
 4.67650000e-07  4.67650000e-07  8.53988972e-01  1.15000000e+00 -7.21789874e-02 
 4.67750000e-07  4.67750000e-07  8.53950775e-01  1.15000000e+00 -7.14957587e-02 
 4.67850000e-07  4.67850000e-07  8.53911954e-01  1.15000000e+00 -7.08012308e-02 
 4.67950000e-07  4.67950000e-07  8.53872515e-01  1.15000000e+00 -7.00955126e-02 
 4.68050000e-07  4.68050000e-07  8.53832465e-01  1.15000000e+00 -6.93787147e-02 
 4.68150000e-07  4.68150000e-07  8.53791810e-01  1.15000000e+00 -6.86509494e-02 
 4.68250000e-07  4.68250000e-07  8.53750555e-01  1.15000000e+00 -6.79123310e-02 
 4.68350000e-07  4.68350000e-07  8.53708709e-01  1.15000000e+00 -6.71629753e-02 
 4.68450000e-07  4.68450000e-07  8.53666277e-01  1.15000000e+00 -6.64029998e-02 
 4.68550000e-07  4.68550000e-07  8.53623266e-01  1.15000000e+00 -6.56325240e-02 
 4.68650000e-07  4.68650000e-07  8.53579682e-01  1.15000000e+00 -6.48516688e-02 
 4.68750000e-07  4.68750000e-07  8.53535534e-01  1.15000000e+00 -6.40605567e-02 
 4.68850000e-07  4.68850000e-07  8.53490827e-01  1.15000000e+00 -6.32593121e-02 
 4.68950000e-07  4.68950000e-07  8.53445569e-01  1.15000000e+00 -6.24480609e-02 
 4.69050000e-07  4.69050000e-07  8.53399767e-01  1.15000000e+00 -6.16269305e-02 
 4.69150000e-07  4.69150000e-07  8.53353428e-01  1.15000000e+00 -6.07960501e-02 
 4.69250000e-07  4.69250000e-07  8.53306559e-01  1.15000000e+00 -5.99555503e-02 
 4.69350000e-07  4.69350000e-07  8.53259169e-01  1.15000000e+00 -5.91055633e-02 
 4.69450000e-07  4.69450000e-07  8.53211263e-01  1.15000000e+00 -5.82462228e-02 
 4.69550000e-07  4.69550000e-07  8.53162851e-01  1.15000000e+00 -5.73776640e-02 
 4.69650000e-07  4.69650000e-07  8.53113939e-01  1.15000000e+00 -5.65000237e-02 
 4.69750000e-07  4.69750000e-07  8.53064535e-01  1.15000000e+00 -5.56134400e-02 
 4.69850000e-07  4.69850000e-07  8.53014648e-01  1.15000000e+00 -5.47180526e-02 
 4.69950000e-07  4.69950000e-07  8.52964284e-01  1.15000000e+00 -5.38139942e-02 
 4.70050000e-07  4.70050000e-07  8.52913452e-01  1.15000000e+00 -5.29014170e-02 
 4.70150000e-07  4.70150000e-07  8.52862161e-01  1.15000000e+00 -5.19804720e-02 
 4.70250000e-07  4.70250000e-07  8.52810417e-01  1.15000000e+00 -5.10512936e-02 
 4.70350000e-07  4.70350000e-07  8.52758229e-01  1.15000000e+00 -5.01140307e-02 
 4.70450000e-07  4.70450000e-07  8.52705606e-01  1.15000000e+00 -4.91688311e-02 
 4.70550000e-07  4.70550000e-07  8.52652556e-01  1.15000000e+00 -4.82158434e-02 
 4.70650000e-07  4.70650000e-07  8.52599087e-01  1.15000000e+00 -4.72552184e-02 
 4.70750000e-07  4.70750000e-07  8.52545207e-01  1.15000000e+00 -4.62871074e-02 
 4.70850000e-07  4.70850000e-07  8.52490926e-01  1.15000000e+00 -4.53116635e-02 
 4.70950000e-07  4.70950000e-07  8.52436251e-01  1.15000000e+00 -4.43290405e-02 
 4.71050000e-07  4.71050000e-07  8.52381191e-01  1.15000000e+00 -4.33393936e-02 
 4.71150000e-07  4.71150000e-07  8.52325755e-01  1.15000000e+00 -4.23428792e-02 
 4.71250000e-07  4.71250000e-07  8.52269952e-01  1.15000000e+00 -4.13396548e-02 
 4.71350000e-07  4.71350000e-07  8.52213791e-01  1.15000000e+00 -4.03298787e-02 
 4.71450000e-07  4.71450000e-07  8.52157280e-01  1.15000000e+00 -3.93137107e-02 
 4.71550000e-07  4.71550000e-07  8.52100429e-01  1.15000000e+00 -3.82913114e-02 
 4.71650000e-07  4.71650000e-07  8.52043245e-01  1.15000000e+00 -3.72628425e-02 
 4.71750000e-07  4.71750000e-07  8.51985739e-01  1.15000000e+00 -3.62284665e-02 
 4.71850000e-07  4.71850000e-07  8.51927920e-01  1.15000000e+00 -3.51883472e-02 
 4.71950000e-07  4.71950000e-07  8.51869796e-01  1.15000000e+00 -3.41426490e-02 
 4.72050000e-07  4.72050000e-07  8.51811377e-01  1.15000000e+00 -3.30915375e-02 
 4.72150000e-07  4.72150000e-07  8.51752672e-01  1.15000000e+00 -3.20351790e-02 
 4.72250000e-07  4.72250000e-07  8.51693690e-01  1.15000000e+00 -3.09737407e-02 
 4.72350000e-07  4.72350000e-07  8.51634440e-01  1.15000000e+00 -2.99073907e-02 
 4.72450000e-07  4.72450000e-07  8.51574933e-01  1.15000000e+00 -2.88362977e-02 
 4.72550000e-07  4.72550000e-07  8.51515176e-01  1.15000000e+00 -2.77606315e-02 
 4.72650000e-07  4.72650000e-07  8.51455181e-01  1.15000000e+00 -2.66805624e-02 
 4.72750000e-07  4.72750000e-07  8.51394956e-01  1.15000000e+00 -2.55962616e-02 
 4.72850000e-07  4.72850000e-07  8.51334510e-01  1.15000000e+00 -2.45079007e-02 
 4.72950000e-07  4.72950000e-07  8.51273854e-01  1.15000000e+00 -2.34156523e-02 
 4.73050000e-07  4.73050000e-07  8.51212996e-01  1.15000000e+00 -2.23196895e-02 
 4.73150000e-07  4.73150000e-07  8.51151947e-01  1.15000000e+00 -2.12201860e-02 
 4.73250000e-07  4.73250000e-07  8.51090716e-01  1.15000000e+00 -2.01173161e-02 
 4.73350000e-07  4.73350000e-07  8.51029313e-01  1.15000000e+00 -1.90112546e-02 
 4.73450000e-07  4.73450000e-07  8.50967747e-01  1.15000000e+00 -1.79021769e-02 
 4.73550000e-07  4.73550000e-07  8.50906029e-01  1.15000000e+00 -1.67902588e-02 
 4.73650000e-07  4.73650000e-07  8.50844167e-01  1.15000000e+00 -1.56756768e-02 
 4.73750000e-07  4.73750000e-07  8.50782172e-01  1.15000000e+00 -1.45586075e-02 
 4.73850000e-07  4.73850000e-07  8.50720054e-01  1.15000000e+00 -1.34392282e-02 
 4.73950000e-07  4.73950000e-07  8.50657822e-01  1.15000000e+00 -1.23177164e-02 
 4.74050000e-07  4.74050000e-07  8.50595486e-01  1.15000000e+00 -1.11942501e-02 
 4.74150000e-07  4.74150000e-07  8.50533056e-01  1.15000000e+00 -1.00690075e-02 
 4.74250000e-07  4.74250000e-07  8.50470542e-01  1.15000000e+00 -8.94216702e-03 
 4.74350000e-07  4.74350000e-07  8.50407953e-01  1.15000000e+00 -7.81390759e-03 
 4.74450000e-07  4.74450000e-07  8.50345300e-01  1.15000000e+00 -6.68440819e-03 
 4.74550000e-07  4.74550000e-07  8.50282593e-01  1.15000000e+00 -5.55384805e-03 
 4.74650000e-07  4.74650000e-07  8.50219841e-01  1.15000000e+00 -4.42240659e-03 
 4.74750000e-07  4.74750000e-07  8.50157054e-01  1.15000000e+00 -3.29026335e-03 
 4.74850000e-07  4.74850000e-07  8.50094242e-01  1.15000000e+00 -2.15759801e-03 
 4.74950000e-07  4.74950000e-07  8.50031416e-01  1.15000000e+00 -1.02459031e-03 
 4.75050000e-07  4.75050000e-07  8.49968584e-01  1.15000000e+00  1.08579928e-04 
 4.75150000e-07  4.75150000e-07  8.49905758e-01  1.15000000e+00  1.24173287e-03 
 4.75250000e-07  4.75250000e-07  8.49842946e-01  1.15000000e+00  2.37468868e-03 
 4.75350000e-07  4.75350000e-07  8.49780159e-01  1.15000000e+00  3.50726756e-03 
 4.75425000e-07  4.75425000e-07  8.49733092e-01  1.15000000e+00  4.35634906e-03 
 4.75500000e-07  4.75500000e-07  8.49686047e-01  1.15000000e+00  5.20503870e-03 
 4.75510000e-07  4.75510000e-07  8.49679777e-01  1.13800000e+00  5.30597300e-03 
 4.75530000e-07  4.75530000e-07  8.49667237e-01  1.11400000e+00  5.51317520e-03 
 4.75570000e-07  4.75570000e-07  8.49642165e-01  1.06600000e+00  5.89829055e-03 
 4.75650000e-07  4.75650000e-07  8.49592047e-01  9.70000000e-01  5.04413421e-03 
 4.75750000e-07  4.75750000e-07  8.49529458e-01  8.50000000e-01  1.24723199e-03 
 4.75850000e-07  4.75850000e-07  8.49466944e-01  7.30000000e-01 -2.61069714e-03 
 4.75925000e-07  4.75925000e-07  8.49420113e-01  6.40000000e-01 -7.07017571e-03 
 4.76000000e-07  4.76000000e-07  8.49373334e-01  5.50000000e-01 -1.11956763e-02 
 4.76010000e-07  4.76010000e-07  8.49367101e-01  5.50000000e-01 -1.12829100e-02 
 4.76030000e-07  4.76030000e-07  8.49354637e-01  5.50000000e-01 -1.13844095e-02 
 4.76070000e-07  4.76070000e-07  8.49329723e-01  5.50000000e-01 -1.16475328e-02 
 4.76150000e-07  4.76150000e-07  8.49279946e-01  5.50000000e-01 -1.25374908e-02 
 4.76250000e-07  4.76250000e-07  8.49217828e-01  5.50000000e-01 -1.36490994e-02 
 4.76350000e-07  4.76350000e-07  8.49155833e-01  5.50000000e-01 -1.47764857e-02 
 4.76450000e-07  4.76450000e-07  8.49093971e-01  5.50000000e-01 -1.58869445e-02 
 4.76550000e-07  4.76550000e-07  8.49032253e-01  5.50000000e-01 -1.70052283e-02 
 4.76650000e-07  4.76650000e-07  8.48970687e-01  5.50000000e-01 -1.81138336e-02 
 4.76750000e-07  4.76750000e-07  8.48909284e-01  5.50000000e-01 -1.92241447e-02 
 4.76850000e-07  4.76850000e-07  8.48848053e-01  5.50000000e-01 -2.03284691e-02 
 4.76950000e-07  4.76950000e-07  8.48787004e-01  5.50000000e-01 -2.14314034e-02 
 4.77050000e-07  4.77050000e-07  8.48726146e-01  5.50000000e-01 -2.25298299e-02 
 4.77150000e-07  4.77150000e-07  8.48665490e-01  5.50000000e-01 -2.36253173e-02 
 4.77250000e-07  4.77250000e-07  8.48605044e-01  5.50000000e-01 -2.47167202e-02 
 4.77350000e-07  4.77350000e-07  8.48544819e-01  5.50000000e-01 -2.58043495e-02 
 4.77450000e-07  4.77450000e-07  8.48484824e-01  5.50000000e-01 -2.68878469e-02 
 4.77550000e-07  4.77550000e-07  8.48425067e-01  5.50000000e-01 -2.79670613e-02 
 4.77650000e-07  4.77650000e-07  8.48365560e-01  5.50000000e-01 -2.90418969e-02 
 4.77750000e-07  4.77750000e-07  8.48306310e-01  5.50000000e-01 -3.01120502e-02 
 4.77850000e-07  4.77850000e-07  8.48247328e-01  5.50000000e-01 -3.11775107e-02 
 4.77950000e-07  4.77950000e-07  8.48188623e-01  5.50000000e-01 -3.22379466e-02 
 4.78050000e-07  4.78050000e-07  8.48130204e-01  5.50000000e-01 -3.32933446e-02 
 4.78150000e-07  4.78150000e-07  8.48072080e-01  5.50000000e-01 -3.43433981e-02 
 4.78250000e-07  4.78250000e-07  8.48014261e-01  5.50000000e-01 -3.53880628e-02 
 4.78350000e-07  4.78350000e-07  8.47956755e-01  5.50000000e-01 -3.64270695e-02 
 4.78450000e-07  4.78450000e-07  8.47899571e-01  5.50000000e-01 -3.74603409e-02 
 4.78550000e-07  4.78550000e-07  8.47842720e-01  5.50000000e-01 -3.84876414e-02 
 4.78650000e-07  4.78650000e-07  8.47786209e-01  5.50000000e-01 -3.95088678e-02 
 4.78750000e-07  4.78750000e-07  8.47730048e-01  5.50000000e-01 -4.05238106e-02 
 4.78850000e-07  4.78850000e-07  8.47674245e-01  5.50000000e-01 -4.15323479e-02 
 4.78950000e-07  4.78950000e-07  8.47618809e-01  5.50000000e-01 -4.25342894e-02 
 4.79050000e-07  4.79050000e-07  8.47563749e-01  5.50000000e-01 -4.35295016e-02 
 4.79150000e-07  4.79150000e-07  8.47509074e-01  5.50000000e-01 -4.45178075e-02 
 4.79250000e-07  4.79250000e-07  8.47454793e-01  5.50000000e-01 -4.54990665e-02 
 4.79350000e-07  4.79350000e-07  8.47400913e-01  5.50000000e-01 -4.64731116e-02 
 4.79450000e-07  4.79450000e-07  8.47347444e-01  5.50000000e-01 -4.74397985e-02 
 4.79550000e-07  4.79550000e-07  8.47294394e-01  5.50000000e-01 -4.83989671e-02 
 4.79650000e-07  4.79650000e-07  8.47241771e-01  5.50000000e-01 -4.93504719e-02 
 4.79750000e-07  4.79750000e-07  8.47189583e-01  5.50000000e-01 -5.02941583e-02 
 4.79850000e-07  4.79850000e-07  8.47137839e-01  5.50000000e-01 -5.12298808e-02 
 4.79950000e-07  4.79950000e-07  8.47086548e-01  5.50000000e-01 -5.21574893e-02 
 4.80050000e-07  4.80050000e-07  8.47035716e-01  5.50000000e-01 -5.30768396e-02 
 4.80150000e-07  4.80150000e-07  8.46985352e-01  5.50000000e-01 -5.39877852e-02 
 4.80250000e-07  4.80250000e-07  8.46935465e-01  5.50000000e-01 -5.48901837e-02 
 4.80350000e-07  4.80350000e-07  8.46886061e-01  5.50000000e-01 -5.57839003e-02 
 4.80450000e-07  4.80450000e-07  8.46837149e-01  5.50000000e-01 -5.66687852e-02 
 4.80550000e-07  4.80550000e-07  8.46788737e-01  5.50000000e-01 -5.75446915e-02 
 4.80650000e-07  4.80650000e-07  8.46740831e-01  5.50000000e-01 -5.84114921e-02 
 4.80750000e-07  4.80750000e-07  8.46693441e-01  5.50000000e-01 -5.92690483e-02 
 4.80850000e-07  4.80850000e-07  8.46646572e-01  5.50000000e-01 -6.01172251e-02 
 4.80950000e-07  4.80950000e-07  8.46600233e-01  5.50000000e-01 -6.09558896e-02 
 4.81050000e-07  4.81050000e-07  8.46554431e-01  5.50000000e-01 -6.17849095e-02 
 4.81150000e-07  4.81150000e-07  8.46509173e-01  5.50000000e-01 -6.26041547e-02 
 4.81250000e-07  4.81250000e-07  8.46464466e-01  5.50000000e-01 -6.34134962e-02 
 4.81350000e-07  4.81350000e-07  8.46420318e-01  5.50000000e-01 -6.42128069e-02 
 4.81450000e-07  4.81450000e-07  8.46376734e-01  5.50000000e-01 -6.50019613e-02 
 4.81550000e-07  4.81550000e-07  8.46333723e-01  5.50000000e-01 -6.57808354e-02 
 4.81650000e-07  4.81650000e-07  8.46291291e-01  5.50000000e-01 -6.65493069e-02 
 4.81750000e-07  4.81750000e-07  8.46249445e-01  5.50000000e-01 -6.73072551e-02 
 4.81850000e-07  4.81850000e-07  8.46208190e-01  5.50000000e-01 -6.80545610e-02 
 4.81950000e-07  4.81950000e-07  8.46167535e-01  5.50000000e-01 -6.87911075e-02 
 4.82050000e-07  4.82050000e-07  8.46127485e-01  5.50000000e-01 -6.95167789e-02 
 4.82150000e-07  4.82150000e-07  8.46088046e-01  5.50000000e-01 -7.02314615e-02 
 4.82250000e-07  4.82250000e-07  8.46049225e-01  5.50000000e-01 -7.09350431e-02 
 4.82350000e-07  4.82350000e-07  8.46011028e-01  5.50000000e-01 -7.16274136e-02 
 4.82450000e-07  4.82450000e-07  8.45973461e-01  5.50000000e-01 -7.23084643e-02 
 4.82550000e-07  4.82550000e-07  8.45936529e-01  5.50000000e-01 -7.29780886e-02 
 4.82650000e-07  4.82650000e-07  8.45900239e-01  5.50000000e-01 -7.36361816e-02 
 4.82750000e-07  4.82750000e-07  8.45864597e-01  5.50000000e-01 -7.42826403e-02 
 4.82850000e-07  4.82850000e-07  8.45829608e-01  5.50000000e-01 -7.49173633e-02 
 4.82950000e-07  4.82950000e-07  8.45795277e-01  5.50000000e-01 -7.55402514e-02 
 4.83050000e-07  4.83050000e-07  8.45761610e-01  5.50000000e-01 -7.61512071e-02 
 4.83150000e-07  4.83150000e-07  8.45728613e-01  5.50000000e-01 -7.67501348e-02 
 4.83250000e-07  4.83250000e-07  8.45696290e-01  5.50000000e-01 -7.73369409e-02 
 4.83350000e-07  4.83350000e-07  8.45664646e-01  5.50000000e-01 -7.79115334e-02 
 4.83450000e-07  4.83450000e-07  8.45633688e-01  5.50000000e-01 -7.84738227e-02 
 4.83550000e-07  4.83550000e-07  8.45603418e-01  5.50000000e-01 -7.90237208e-02 
 4.83650000e-07  4.83650000e-07  8.45573843e-01  5.50000000e-01 -7.95611417e-02 
 4.83750000e-07  4.83750000e-07  8.45544967e-01  5.50000000e-01 -8.00860016e-02 
 4.83850000e-07  4.83850000e-07  8.45516795e-01  5.50000000e-01 -8.05982184e-02 
 4.83950000e-07  4.83950000e-07  8.45489330e-01  5.50000000e-01 -8.10977121e-02 
 4.84050000e-07  4.84050000e-07  8.45462578e-01  5.50000000e-01 -8.15844047e-02 
 4.84150000e-07  4.84150000e-07  8.45436542e-01  5.50000000e-01 -8.20582203e-02 
 4.84250000e-07  4.84250000e-07  8.45411227e-01  5.50000000e-01 -8.25190848e-02 
 4.84350000e-07  4.84350000e-07  8.45386636e-01  5.50000000e-01 -8.29669264e-02 
 4.84450000e-07  4.84450000e-07  8.45362774e-01  5.50000000e-01 -8.34016752e-02 
 4.84550000e-07  4.84550000e-07  8.45339644e-01  5.50000000e-01 -8.38232634e-02 
 4.84650000e-07  4.84650000e-07  8.45317251e-01  5.50000000e-01 -8.42316251e-02 
 4.84750000e-07  4.84750000e-07  8.45295596e-01  5.50000000e-01 -8.46266968e-02 
 4.84850000e-07  4.84850000e-07  8.45274685e-01  5.50000000e-01 -8.50084168e-02 
 4.84950000e-07  4.84950000e-07  8.45254519e-01  5.50000000e-01 -8.53767256e-02 
 4.85050000e-07  4.85050000e-07  8.45235103e-01  5.50000000e-01 -8.57315659e-02 
 4.85150000e-07  4.85150000e-07  8.45216440e-01  5.50000000e-01 -8.60728822e-02 
 4.85250000e-07  4.85250000e-07  8.45198532e-01  5.50000000e-01 -8.64006215e-02 
 4.85350000e-07  4.85350000e-07  8.45181382e-01  5.50000000e-01 -8.67147326e-02 
 4.85450000e-07  4.85450000e-07  8.45164993e-01  5.50000000e-01 -8.70151667e-02 
 4.85550000e-07  4.85550000e-07  8.45149367e-01  5.50000000e-01 -8.73018769e-02 
 4.85650000e-07  4.85650000e-07  8.45134507e-01  5.50000000e-01 -8.75748185e-02 
 4.85750000e-07  4.85750000e-07  8.45120416e-01  5.50000000e-01 -8.78339492e-02 
 4.85850000e-07  4.85850000e-07  8.45107095e-01  5.50000000e-01 -8.80792285e-02 
 4.85950000e-07  4.85950000e-07  8.45094547e-01  5.50000000e-01 -8.83106182e-02 
 4.86050000e-07  4.86050000e-07  8.45082774e-01  5.50000000e-01 -8.85280824e-02 
 4.86150000e-07  4.86150000e-07  8.45071777e-01  5.50000000e-01 -8.87315871e-02 
 4.86250000e-07  4.86250000e-07  8.45061558e-01  5.50000000e-01 -8.89211008e-02 
 4.86350000e-07  4.86350000e-07  8.45052119e-01  5.50000000e-01 -8.90965939e-02 
 4.86450000e-07  4.86450000e-07  8.45043462e-01  5.50000000e-01 -8.92580390e-02 
 4.86550000e-07  4.86550000e-07  8.45035587e-01  5.50000000e-01 -8.94054112e-02 
 4.86650000e-07  4.86650000e-07  8.45028496e-01  5.50000000e-01 -8.95386874e-02 
 4.86750000e-07  4.86750000e-07  8.45022190e-01  5.50000000e-01 -8.96578469e-02 
 4.86850000e-07  4.86850000e-07  8.45016670e-01  5.50000000e-01 -8.97628712e-02 
 4.86950000e-07  4.86950000e-07  8.45011937e-01  5.50000000e-01 -8.98537439e-02 
 4.87050000e-07  4.87050000e-07  8.45007992e-01  5.50000000e-01 -8.99304509e-02 
 4.87150000e-07  4.87150000e-07  8.45004835e-01  5.50000000e-01 -8.99929803e-02 
 4.87250000e-07  4.87250000e-07  8.45002467e-01  5.50000000e-01 -9.00413223e-02 
 4.87350000e-07  4.87350000e-07  8.45000888e-01  5.50000000e-01 -9.00754695e-02 
 4.87450000e-07  4.87450000e-07  8.45000099e-01  5.50000000e-01 -9.00954164e-02 
 4.87550000e-07  4.87550000e-07  8.45000099e-01  5.50000000e-01 -9.01011600e-02 
 4.87650000e-07  4.87650000e-07  8.45000888e-01  5.50000000e-01 -9.00926995e-02 
 4.87750000e-07  4.87750000e-07  8.45002467e-01  5.50000000e-01 -9.00700360e-02 
 4.87850000e-07  4.87850000e-07  8.45004835e-01  5.50000000e-01 -9.00331732e-02 
 4.87950000e-07  4.87950000e-07  8.45007992e-01  5.50000000e-01 -8.99821168e-02 
 4.88050000e-07  4.88050000e-07  8.45011937e-01  5.50000000e-01 -8.99168746e-02 
 4.88150000e-07  4.88150000e-07  8.45016670e-01  5.50000000e-01 -8.98374569e-02 
 4.88250000e-07  4.88250000e-07  8.45022190e-01  5.50000000e-01 -8.97438761e-02 
 4.88350000e-07  4.88350000e-07  8.45028496e-01  5.50000000e-01 -8.96361465e-02 
 4.88450000e-07  4.88450000e-07  8.45035587e-01  5.50000000e-01 -8.95142851e-02 
 4.88550000e-07  4.88550000e-07  8.45043462e-01  5.50000000e-01 -8.93783108e-02 
 4.88650000e-07  4.88650000e-07  8.45052119e-01  5.50000000e-01 -8.92282446e-02 
 4.88750000e-07  4.88750000e-07  8.45061558e-01  5.50000000e-01 -8.90641101e-02 
 4.88850000e-07  4.88850000e-07  8.45071777e-01  5.50000000e-01 -8.88859326e-02 
 4.88950000e-07  4.88950000e-07  8.45082774e-01  5.50000000e-01 -8.86937400e-02 
 4.89050000e-07  4.89050000e-07  8.45094547e-01  5.50000000e-01 -8.84875621e-02 
 4.89150000e-07  4.89150000e-07  8.45107095e-01  5.50000000e-01 -8.82674310e-02 
 4.89250000e-07  4.89250000e-07  8.45120416e-01  5.50000000e-01 -8.80333810e-02 
 4.89350000e-07  4.89350000e-07  8.45134507e-01  5.50000000e-01 -8.77854485e-02 
 4.89450000e-07  4.89450000e-07  8.45149367e-01  5.50000000e-01 -8.75236721e-02 
 4.89550000e-07  4.89550000e-07  8.45164993e-01  5.50000000e-01 -8.72480925e-02 
 4.89650000e-07  4.89650000e-07  8.45181382e-01  5.50000000e-01 -8.69587528e-02 
 4.89750000e-07  4.89750000e-07  8.45198532e-01  5.50000000e-01 -8.66556978e-02 
 4.89850000e-07  4.89850000e-07  8.45216440e-01  5.50000000e-01 -8.63389749e-02 
 4.89950000e-07  4.89950000e-07  8.45235103e-01  5.50000000e-01 -8.60086334e-02 
 4.90050000e-07  4.90050000e-07  8.45254519e-01  5.50000000e-01 -8.56647247e-02 
 4.90150000e-07  4.90150000e-07  8.45274685e-01  5.50000000e-01 -8.53073024e-02 
 4.90250000e-07  4.90250000e-07  8.45295596e-01  5.50000000e-01 -8.49364223e-02 
 4.90350000e-07  4.90350000e-07  8.45317251e-01  5.50000000e-01 -8.45521421e-02 
 4.90450000e-07  4.90450000e-07  8.45339644e-01  5.50000000e-01 -8.41545217e-02 
 4.90550000e-07  4.90550000e-07  8.45362774e-01  5.50000000e-01 -8.37436231e-02 
 4.90650000e-07  4.90650000e-07  8.45386636e-01  5.50000000e-01 -8.33195105e-02 
 4.90750000e-07  4.90750000e-07  8.45411227e-01  5.50000000e-01 -8.28822499e-02 
 4.90850000e-07  4.90850000e-07  8.45436542e-01  5.50000000e-01 -8.24319096e-02 
 4.90950000e-07  4.90950000e-07  8.45462578e-01  5.50000000e-01 -8.19685599e-02 
 4.91050000e-07  4.91050000e-07  8.45489330e-01  5.50000000e-01 -8.14922730e-02 
 4.91150000e-07  4.91150000e-07  8.45516795e-01  5.50000000e-01 -8.10031232e-02 
 4.91250000e-07  4.91250000e-07  8.45544967e-01  5.50000000e-01 -8.05011871e-02 
 4.91350000e-07  4.91350000e-07  8.45573843e-01  5.50000000e-01 -7.99865429e-02 
 4.91450000e-07  4.91450000e-07  8.45603418e-01  5.50000000e-01 -7.94592710e-02 
 4.91550000e-07  4.91550000e-07  8.45633688e-01  5.50000000e-01 -7.89194539e-02 
 4.91650000e-07  4.91650000e-07  8.45664646e-01  5.50000000e-01 -7.83671757e-02 
 4.91750000e-07  4.91750000e-07  8.45696290e-01  5.50000000e-01 -7.78025229e-02 
 4.91850000e-07  4.91850000e-07  8.45728613e-01  5.50000000e-01 -7.72255838e-02 
 4.91950000e-07  4.91950000e-07  8.45761610e-01  5.50000000e-01 -7.66364485e-02 
 4.92050000e-07  4.92050000e-07  8.45795277e-01  5.50000000e-01 -7.60352091e-02 
 4.92150000e-07  4.92150000e-07  8.45829608e-01  5.50000000e-01 -7.54219598e-02 
 4.92250000e-07  4.92250000e-07  8.45864597e-01  5.50000000e-01 -7.47967964e-02 
 4.92350000e-07  4.92350000e-07  8.45900239e-01  5.50000000e-01 -7.41598169e-02 
 4.92450000e-07  4.92450000e-07  8.45936529e-01  5.50000000e-01 -7.35111208e-02 
 4.92550000e-07  4.92550000e-07  8.45973461e-01  5.50000000e-01 -7.28508099e-02 
 4.92650000e-07  4.92650000e-07  8.46011028e-01  5.50000000e-01 -7.21789874e-02 
 4.92750000e-07  4.92750000e-07  8.46049225e-01  5.50000000e-01 -7.14957587e-02 
 4.92850000e-07  4.92850000e-07  8.46088046e-01  5.50000000e-01 -7.08012308e-02 
 4.92950000e-07  4.92950000e-07  8.46127485e-01  5.50000000e-01 -7.00955126e-02 
 4.93050000e-07  4.93050000e-07  8.46167535e-01  5.50000000e-01 -6.93787147e-02 
 4.93150000e-07  4.93150000e-07  8.46208190e-01  5.50000000e-01 -6.86509494e-02 
 4.93250000e-07  4.93250000e-07  8.46249445e-01  5.50000000e-01 -6.79123310e-02 
 4.93350000e-07  4.93350000e-07  8.46291291e-01  5.50000000e-01 -6.71629753e-02 
 4.93450000e-07  4.93450000e-07  8.46333723e-01  5.50000000e-01 -6.64029998e-02 
 4.93550000e-07  4.93550000e-07  8.46376734e-01  5.50000000e-01 -6.56325240e-02 
 4.93650000e-07  4.93650000e-07  8.46420318e-01  5.50000000e-01 -6.48516688e-02 
 4.93750000e-07  4.93750000e-07  8.46464466e-01  5.50000000e-01 -6.40605567e-02 
 4.93850000e-07  4.93850000e-07  8.46509173e-01  5.50000000e-01 -6.32593121e-02 
 4.93950000e-07  4.93950000e-07  8.46554431e-01  5.50000000e-01 -6.24480609e-02 
 4.94050000e-07  4.94050000e-07  8.46600233e-01  5.50000000e-01 -6.16269305e-02 
 4.94150000e-07  4.94150000e-07  8.46646572e-01  5.50000000e-01 -6.07960501e-02 
 4.94250000e-07  4.94250000e-07  8.46693441e-01  5.50000000e-01 -5.99555503e-02 
 4.94350000e-07  4.94350000e-07  8.46740831e-01  5.50000000e-01 -5.91055633e-02 
 4.94450000e-07  4.94450000e-07  8.46788737e-01  5.50000000e-01 -5.82462228e-02 
 4.94550000e-07  4.94550000e-07  8.46837149e-01  5.50000000e-01 -5.73776640e-02 
 4.94650000e-07  4.94650000e-07  8.46886061e-01  5.50000000e-01 -5.65000237e-02 
 4.94750000e-07  4.94750000e-07  8.46935465e-01  5.50000000e-01 -5.56134400e-02 
 4.94850000e-07  4.94850000e-07  8.46985352e-01  5.50000000e-01 -5.47180526e-02 
 4.94950000e-07  4.94950000e-07  8.47035716e-01  5.50000000e-01 -5.38139942e-02 
 4.95050000e-07  4.95050000e-07  8.47086548e-01  5.50000000e-01 -5.29014170e-02 
 4.95150000e-07  4.95150000e-07  8.47137839e-01  5.50000000e-01 -5.19804720e-02 
 4.95250000e-07  4.95250000e-07  8.47189583e-01  5.50000000e-01 -5.10512936e-02 
 4.95350000e-07  4.95350000e-07  8.47241771e-01  5.50000000e-01 -5.01140307e-02 
 4.95450000e-07  4.95450000e-07  8.47294394e-01  5.50000000e-01 -4.91688311e-02 
 4.95550000e-07  4.95550000e-07  8.47347444e-01  5.50000000e-01 -4.82158434e-02 
 4.95650000e-07  4.95650000e-07  8.47400913e-01  5.50000000e-01 -4.72552184e-02 
 4.95750000e-07  4.95750000e-07  8.47454793e-01  5.50000000e-01 -4.62871074e-02 
 4.95850000e-07  4.95850000e-07  8.47509074e-01  5.50000000e-01 -4.53116635e-02 
 4.95950000e-07  4.95950000e-07  8.47563749e-01  5.50000000e-01 -4.43290405e-02 
 4.96050000e-07  4.96050000e-07  8.47618809e-01  5.50000000e-01 -4.33393936e-02 
 4.96150000e-07  4.96150000e-07  8.47674245e-01  5.50000000e-01 -4.23428792e-02 
 4.96250000e-07  4.96250000e-07  8.47730048e-01  5.50000000e-01 -4.13396548e-02 
 4.96350000e-07  4.96350000e-07  8.47786209e-01  5.50000000e-01 -4.03298787e-02 
 4.96450000e-07  4.96450000e-07  8.47842720e-01  5.50000000e-01 -3.93137107e-02 
 4.96550000e-07  4.96550000e-07  8.47899571e-01  5.50000000e-01 -3.82913114e-02 
 4.96650000e-07  4.96650000e-07  8.47956755e-01  5.50000000e-01 -3.72628425e-02 
 4.96750000e-07  4.96750000e-07  8.48014261e-01  5.50000000e-01 -3.62284665e-02 
 4.96850000e-07  4.96850000e-07  8.48072080e-01  5.50000000e-01 -3.51883472e-02 
 4.96950000e-07  4.96950000e-07  8.48130204e-01  5.50000000e-01 -3.41426490e-02 
 4.97050000e-07  4.97050000e-07  8.48188623e-01  5.50000000e-01 -3.30915375e-02 
 4.97150000e-07  4.97150000e-07  8.48247328e-01  5.50000000e-01 -3.20351790e-02 
 4.97250000e-07  4.97250000e-07  8.48306310e-01  5.50000000e-01 -3.09737407e-02 
 4.97350000e-07  4.97350000e-07  8.48365560e-01  5.50000000e-01 -2.99073907e-02 
 4.97450000e-07  4.97450000e-07  8.48425067e-01  5.50000000e-01 -2.88362977e-02 
 4.97550000e-07  4.97550000e-07  8.48484824e-01  5.50000000e-01 -2.77606315e-02 
 4.97650000e-07  4.97650000e-07  8.48544819e-01  5.50000000e-01 -2.66805624e-02 
 4.97750000e-07  4.97750000e-07  8.48605044e-01  5.50000000e-01 -2.55962616e-02 
 4.97850000e-07  4.97850000e-07  8.48665490e-01  5.50000000e-01 -2.45079007e-02 
 4.97950000e-07  4.97950000e-07  8.48726146e-01  5.50000000e-01 -2.34156523e-02 
 4.98050000e-07  4.98050000e-07  8.48787004e-01  5.50000000e-01 -2.23196895e-02 
 4.98150000e-07  4.98150000e-07  8.48848053e-01  5.50000000e-01 -2.12201860e-02 
 4.98250000e-07  4.98250000e-07  8.48909284e-01  5.50000000e-01 -2.01173161e-02 
 4.98350000e-07  4.98350000e-07  8.48970687e-01  5.50000000e-01 -1.90112546e-02 
 4.98450000e-07  4.98450000e-07  8.49032253e-01  5.50000000e-01 -1.79021769e-02 
 4.98550000e-07  4.98550000e-07  8.49093971e-01  5.50000000e-01 -1.67902588e-02 
 4.98650000e-07  4.98650000e-07  8.49155833e-01  5.50000000e-01 -1.56756768e-02 
 4.98750000e-07  4.98750000e-07  8.49217828e-01  5.50000000e-01 -1.45586075e-02 
 4.98850000e-07  4.98850000e-07  8.49279946e-01  5.50000000e-01 -1.34392282e-02 
 4.98950000e-07  4.98950000e-07  8.49342178e-01  5.50000000e-01 -1.23177164e-02 
 4.99050000e-07  4.99050000e-07  8.49404514e-01  5.50000000e-01 -1.11942501e-02 
 4.99150000e-07  4.99150000e-07  8.49466944e-01  5.50000000e-01 -1.00690075e-02 
 4.99250000e-07  4.99250000e-07  8.49529458e-01  5.50000000e-01 -8.94216702e-03 
 4.99350000e-07  4.99350000e-07  8.49592047e-01  5.50000000e-01 -7.81390759e-03 
 4.99450000e-07  4.99450000e-07  8.49654700e-01  5.50000000e-01 -6.68440819e-03 
 4.99550000e-07  4.99550000e-07  8.49717407e-01  5.50000000e-01 -5.55384805e-03 
 4.99650000e-07  4.99650000e-07  8.49780159e-01  5.50000000e-01 -4.42240659e-03 
 4.99750000e-07  4.99750000e-07  8.49842946e-01  5.50000000e-01 -3.29026335e-03 
 4.99850000e-07  4.99850000e-07  8.49905758e-01  5.50000000e-01 -2.15759801e-03 
 4.99925000e-07  4.99925000e-07  8.49952877e-01  5.50000000e-01 -1.30786167e-03 
 5.00000000e-07  5.00000000e-07  8.50000000e-01  5.50000000e-01 -4.58011542e-04 
