 time            time            v(in)           v(out)          i(vdd)         
 0.00000000e+00  0.00000000e+00  0.00000000e+00  2.50000004e+00 -7.53003215e-12 
 1.00000000e-14  1.00000000e-14  0.00000000e+00  2.50000004e+00  3.03268852e-09 
 2.00000000e-14  2.00000000e-14  0.00000000e+00  2.50000004e+00  3.03035216e-09 
 4.00000000e-14  4.00000000e-14  0.00000000e+00  2.50000004e+00  3.02565101e-09 
 8.00000000e-14  8.00000000e-14  0.00000000e+00  2.50000004e+00  3.01631625e-09 
 1.60000000e-13  1.60000000e-13  0.00000000e+00  2.50000004e+00  2.99767111e-09 
 3.20000000e-13  3.20000000e-13  0.00000000e+00  2.50000004e+00  2.96077105e-09 
 6.40000000e-13  6.40000000e-13  0.00000000e+00  2.50000004e+00  2.88836938e-09 
 1.28000000e-12  1.28000000e-12  0.00000000e+00  2.50000003e+00  2.74902820e-09 
 2.28000000e-12  2.28000000e-12  0.00000000e+00  2.50000003e+00  2.54510604e-09 
 3.28000000e-12  3.28000000e-12  0.00000000e+00  2.50000003e+00  2.35694525e-09 
 4.28000000e-12  4.28000000e-12  0.00000000e+00  2.50000003e+00  2.18329291e-09 
 5.28000000e-12  5.28000000e-12  0.00000000e+00  2.50000002e+00  2.02302558e-09 
 6.28000000e-12  6.28000000e-12  0.00000000e+00  2.50000002e+00  1.87507809e-09 
 7.28000000e-12  7.28000000e-12  0.00000000e+00  2.50000002e+00  1.73849965e-09 
 8.28000000e-12  8.28000000e-12  0.00000000e+00  2.50000002e+00  1.61238417e-09 
 9.28000000e-12  9.28000000e-12  0.00000000e+00  2.50000002e+00  1.49592680e-09 
 1.02800000e-11  1.02800000e-11  0.00000000e+00  2.50000002e+00  1.38835776e-09 
 1.12800000e-11  1.12800000e-11  0.00000000e+00  2.50000002e+00  1.28899602e-09 
 1.22800000e-11  1.22800000e-11  0.00000000e+00  2.50000001e+00  1.19718563e-09 
 1.32800000e-11  1.32800000e-11  0.00000000e+00  2.50000001e+00  1.11235260e-09 
 1.42800000e-11  1.42800000e-11  0.00000000e+00  2.50000001e+00  1.03393660e-09 
 1.52800000e-11  1.52800000e-11  0.00000000e+00  2.50000001e+00  9.61452612e-10 
 1.62800000e-11  1.62800000e-11  0.00000000e+00  2.50000001e+00  8.94423702e-10 
 1.72800000e-11  1.72800000e-11  0.00000000e+00  2.50000001e+00  8.32440589e-10 
 1.82800000e-11  1.82800000e-11  0.00000000e+00  2.50000001e+00  7.75095987e-10 
 1.92800000e-11  1.92800000e-11  0.00000000e+00  2.50000001e+00  7.22044258e-10 
 2.02800000e-11  2.02800000e-11  0.00000000e+00  2.50000001e+00  6.72938927e-10 
 2.12800000e-11  2.12800000e-11  0.00000000e+00  2.50000001e+00  6.27487118e-10 
 2.22800000e-11  2.22800000e-11  0.00000000e+00  2.50000001e+00  5.85393595e-10 
 2.32800000e-11  2.32800000e-11  0.00000000e+00  2.50000001e+00  5.46411777e-10 
 2.42800000e-11  2.42800000e-11  0.00000000e+00  2.50000001e+00  5.10288062e-10 
 2.52800000e-11  2.52800000e-11  0.00000000e+00  2.50000001e+00  4.76815837e-10 
 2.62800000e-11  2.62800000e-11  0.00000000e+00  2.50000000e+00  4.45777720e-10 
 2.72800000e-11  2.72800000e-11  0.00000000e+00  2.50000000e+00  4.16999962e-10 
 2.82800000e-11  2.82800000e-11  0.00000000e+00  2.50000000e+00  3.90296129e-10 
 2.92800000e-11  2.92800000e-11  0.00000000e+00  2.50000000e+00  3.65519948e-10 
 3.02800000e-11  3.02800000e-11  0.00000000e+00  2.50000000e+00  3.42512768e-10 
 3.12800000e-11  3.12800000e-11  0.00000000e+00  2.50000000e+00  3.21151189e-10 
 3.22800000e-11  3.22800000e-11  0.00000000e+00  2.50000000e+00  3.01297376e-10 
 3.32800000e-11  3.32800000e-11  0.00000000e+00  2.50000000e+00  2.82849938e-10 
 3.42800000e-11  3.42800000e-11  0.00000000e+00  2.50000000e+00  2.65689387e-10 
 3.52800000e-11  3.52800000e-11  0.00000000e+00  2.50000000e+00  2.49731458e-10 
 3.62800000e-11  3.62800000e-11  0.00000000e+00  2.50000000e+00  2.34872011e-10 
 3.72800000e-11  3.72800000e-11  0.00000000e+00  2.50000000e+00  2.21041796e-10 
 3.82800000e-11  3.82800000e-11  0.00000000e+00  2.50000000e+00  2.08151191e-10 
 3.92800000e-11  3.92800000e-11  0.00000000e+00  2.50000000e+00  1.96141908e-10 
 4.02800000e-11  4.02800000e-11  0.00000000e+00  2.50000000e+00  1.84935872e-10 
 4.12800000e-11  4.12800000e-11  0.00000000e+00  2.50000000e+00  1.74485815e-10 
 4.22800000e-11  4.22800000e-11  0.00000000e+00  2.50000000e+00  1.64724345e-10 
 4.32800000e-11  4.32800000e-11  0.00000000e+00  2.50000000e+00  1.55611329e-10 
 4.42800000e-11  4.42800000e-11  0.00000000e+00  2.50000000e+00  1.47088175e-10 
 4.52800000e-11  4.52800000e-11  0.00000000e+00  2.50000000e+00  1.39122908e-10 
 4.62800000e-11  4.62800000e-11  0.00000000e+00  2.50000000e+00  1.31663458e-10 
 4.72800000e-11  4.72800000e-11  0.00000000e+00  2.50000000e+00  1.24684651e-10 
 4.82800000e-11  4.82800000e-11  0.00000000e+00  2.50000000e+00  1.18139526e-10 
 4.92800000e-11  4.92800000e-11  0.00000000e+00  2.50000000e+00  1.12009402e-10 
 5.02800000e-11  5.02800000e-11  0.00000000e+00  2.50000000e+00  1.06252646e-10 
 5.12800000e-11  5.12800000e-11  0.00000000e+00  2.50000000e+00  1.00853881e-10 
 5.22800000e-11  5.22800000e-11  0.00000000e+00  2.50000000e+00  9.57762203e-11 
 5.32800000e-11  5.32800000e-11  0.00000000e+00  2.50000000e+00  9.10078124e-11 
 5.42800000e-11  5.42800000e-11  0.00000000e+00  2.50000000e+00  8.65172101e-11 
 5.52800000e-11  5.52800000e-11  0.00000000e+00  2.50000000e+00  8.22951707e-11 
 5.62800000e-11  5.62800000e-11  0.00000000e+00  2.50000000e+00  7.83114962e-11 
 5.72800000e-11  5.72800000e-11  0.00000000e+00  2.50000000e+00  7.45627449e-11 
 5.82800000e-11  5.82800000e-11  0.00000000e+00  2.50000000e+00  7.10196346e-11 
 5.92800000e-11  5.92800000e-11  0.00000000e+00  2.50000000e+00  6.76805001e-11 
 6.02800000e-11  6.02800000e-11  0.00000000e+00  2.50000000e+00  6.45199449e-11 
 6.12800000e-11  6.12800000e-11  0.00000000e+00  2.50000000e+00  6.15378026e-11 
 6.22800000e-11  6.22800000e-11  0.00000000e+00  2.50000000e+00  5.87098981e-11 
 6.32800000e-11  6.32800000e-11  0.00000000e+00  2.50000000e+00  5.60382574e-11 
 6.42800000e-11  6.42800000e-11  0.00000000e+00  2.50000000e+00  5.35007871e-11 
 6.52800000e-11  6.52800000e-11  0.00000000e+00  2.50000000e+00  5.11006237e-11 
 6.62800000e-11  6.62800000e-11  0.00000000e+00  2.50000000e+00  4.88167839e-11 
 6.72800000e-11  6.72800000e-11  0.00000000e+00  2.50000000e+00  4.66543471e-11 
 6.82800000e-11  6.82800000e-11  0.00000000e+00  2.50000000e+00  4.45933290e-11 
 6.92800000e-11  6.92800000e-11  0.00000000e+00  2.50000000e+00  4.26390590e-11 
 7.02800000e-11  7.02800000e-11  0.00000000e+00  2.50000000e+00  4.07735234e-11 
 7.12800000e-11  7.12800000e-11  0.00000000e+00  2.50000000e+00  3.90028565e-11 
 7.22800000e-11  7.22800000e-11  0.00000000e+00  2.50000000e+00  3.73095999e-11 
 7.32800000e-11  7.32800000e-11  0.00000000e+00  2.50000000e+00  3.57005814e-11 
 7.42800000e-11  7.42800000e-11  0.00000000e+00  2.50000000e+00  3.41599249e-11 
 7.52800000e-11  7.52800000e-11  0.00000000e+00  2.50000000e+00  3.26940419e-11 
 7.62800000e-11  7.62800000e-11  0.00000000e+00  2.50000000e+00  3.12880000e-11 
 7.72800000e-11  7.72800000e-11  0.00000000e+00  2.50000000e+00  2.99490432e-11 
 7.82800000e-11  7.82800000e-11  0.00000000e+00  2.50000000e+00  2.86629054e-11 
 7.92800000e-11  7.92800000e-11  0.00000000e+00  2.50000000e+00  2.74371081e-11 
 8.02800000e-11  8.02800000e-11  0.00000000e+00  2.50000000e+00  2.62578015e-11 
 8.12800000e-11  8.12800000e-11  0.00000000e+00  2.50000000e+00  2.51325072e-11 
 8.22800000e-11  8.22800000e-11  0.00000000e+00  2.50000000e+00  2.40486797e-11 
 8.32800000e-11  8.32800000e-11  0.00000000e+00  2.50000000e+00  2.30139519e-11 
 8.42800000e-11  8.42800000e-11  0.00000000e+00  2.50000000e+00  2.20151952e-11 
 8.52800000e-11  8.52800000e-11  0.00000000e+00  2.50000000e+00  2.10617357e-11 
 8.62800000e-11  8.62800000e-11  0.00000000e+00  2.50000000e+00  2.01398620e-11 
 8.72800000e-11  8.72800000e-11  0.00000000e+00  2.50000000e+00  1.92589833e-11 
 8.82800000e-11  8.82800000e-11  0.00000000e+00  2.50000000e+00  1.84065541e-11 
 8.92800000e-11  8.92800000e-11  0.00000000e+00  2.50000000e+00  1.75916504e-11 
 9.02800000e-11  9.02800000e-11  0.00000000e+00  2.50000000e+00  1.68013659e-11 
 9.12800000e-11  9.12800000e-11  0.00000000e+00  2.50000000e+00  1.60460811e-11 
 9.22800000e-11  9.22800000e-11  0.00000000e+00  2.50000000e+00  1.53128898e-11 
 9.32800000e-11  9.32800000e-11  0.00000000e+00  2.50000000e+00  1.46110346e-11 
 9.42800000e-11  9.42800000e-11  0.00000000e+00  2.50000000e+00  1.39298295e-11 
 9.52800000e-11  9.52800000e-11  0.00000000e+00  2.50000000e+00  1.32777400e-11 
 9.62800000e-11  9.62800000e-11  0.00000000e+00  2.50000000e+00  1.26428035e-11 
 9.72800000e-11  9.72800000e-11  0.00000000e+00  2.50000000e+00  1.20353172e-11 
 9.82800000e-11  9.82800000e-11  0.00000000e+00  2.50000000e+00  1.14439014e-11 
 9.92800000e-11  9.92800000e-11  0.00000000e+00  2.50000000e+00  1.08772158e-11 
 1.00280000e-10  1.00280000e-10  0.00000000e+00  2.50000000e+00  1.03251296e-11 
 1.01280000e-10  1.01280000e-10  0.00000000e+00  2.50000000e+00  9.79627490e-12 
 1.02280000e-10  1.02280000e-10  0.00000000e+00  2.50000000e+00  9.28029875e-12 
 1.03280000e-10  1.03280000e-10  0.00000000e+00  2.50000000e+00  8.78649931e-12 
 1.04280000e-10  1.04280000e-10  0.00000000e+00  2.50000000e+00  8.30363556e-12 
 1.05280000e-10  1.05280000e-10  0.00000000e+00  2.50000000e+00  7.84125542e-12 
 1.06280000e-10  1.06280000e-10  0.00000000e+00  2.50000000e+00  7.38911710e-12 
 1.07280000e-10  1.07280000e-10  0.00000000e+00  2.50000000e+00  6.95604685e-12 
 1.08280000e-10  1.08280000e-10  0.00000000e+00  2.50000000e+00  6.53188614e-12 
 1.09280000e-10  1.09280000e-10  0.00000000e+00  2.50000000e+00  6.12676576e-12 
 1.10280000e-10  1.10280000e-10  0.00000000e+00  2.50000000e+00  5.72894510e-12 
 1.11280000e-10  1.11280000e-10  0.00000000e+00  2.50000000e+00  5.34816635e-12 
 1.12280000e-10  1.12280000e-10  0.00000000e+00  2.50000000e+00  4.97488162e-12 
 1.13280000e-10  1.13280000e-10  0.00000000e+00  2.50000000e+00  4.61766736e-12 
 1.14280000e-10  1.14280000e-10  0.00000000e+00  2.50000000e+00  4.26694791e-12 
 1.15280000e-10  1.15280000e-10  0.00000000e+00  2.50000000e+00  3.93143851e-12 
 1.16280000e-10  1.16280000e-10  0.00000000e+00  2.50000000e+00  3.60167451e-12 
 1.17280000e-10  1.17280000e-10  0.00000000e+00  2.50000000e+00  3.28689853e-12 
 1.18280000e-10  1.18280000e-10  0.00000000e+00  2.50000000e+00  2.97675773e-12 
 1.19280000e-10  1.19280000e-10  0.00000000e+00  2.50000000e+00  2.67999511e-12 
 1.20280000e-10  1.20280000e-10  0.00000000e+00  2.50000000e+00  2.38806197e-12 
 1.21280000e-10  1.21280000e-10  0.00000000e+00  2.50000000e+00  2.10950701e-12 
 1.22280000e-10  1.22280000e-10  0.00000000e+00  2.50000000e+00  1.83450477e-12 
 1.23280000e-10  1.23280000e-10  0.00000000e+00  2.50000000e+00  1.57202029e-12 
 1.24280000e-10  1.24280000e-10  0.00000000e+00  2.50000000e+00  1.31339384e-12 
 1.25280000e-10  1.25280000e-10  0.00000000e+00  2.50000000e+00  1.06598064e-12 
 1.26280000e-10  1.26280000e-10  0.00000000e+00  2.50000000e+00  8.22425461e-13 
 1.27280000e-10  1.27280000e-10  0.00000000e+00  2.50000000e+00  5.89972515e-13 
 1.28280000e-10  1.28280000e-10  0.00000000e+00  2.50000000e+00  3.59434704e-13 
 1.29280000e-10  1.29280000e-10  0.00000000e+00  2.50000000e+00  1.40165657e-13 
 1.30280000e-10  1.30280000e-10  0.00000000e+00  2.50000000e+00 -7.64943664e-14 
 1.31280000e-10  1.31280000e-10  0.00000000e+00  2.50000000e+00 -2.83273405e-13 
 1.32280000e-10  1.32280000e-10  0.00000000e+00  2.50000000e+00 -4.87748730e-13 
 1.33280000e-10  1.33280000e-10  0.00000000e+00  2.50000000e+00 -6.82703893e-13 
 1.34280000e-10  1.34280000e-10  0.00000000e+00  2.50000000e+00 -8.75605144e-13 
 1.35280000e-10  1.35280000e-10  0.00000000e+00  2.50000000e+00 -1.05923603e-12 
 1.36280000e-10  1.36280000e-10  0.00000000e+00  2.50000000e+00 -1.24125710e-12 
 1.37280000e-10  1.37280000e-10  0.00000000e+00  2.50000000e+00 -1.41409107e-12 
 1.38280000e-10  1.38280000e-10  0.00000000e+00  2.50000000e+00 -1.58698055e-12 
 1.39280000e-10  1.39280000e-10  0.00000000e+00  2.50000000e+00 -1.75021109e-12 
 1.40280000e-10  1.40280000e-10  0.00000000e+00  2.50000000e+00 -1.91316407e-12 
 1.41280000e-10  1.41280000e-10  0.00000000e+00  2.50000000e+00 -2.06709649e-12 
 1.42280000e-10  1.42280000e-10  0.00000000e+00  2.50000000e+00 -2.22047380e-12 
 1.43280000e-10  1.43280000e-10  0.00000000e+00  2.50000000e+00 -2.36563547e-12 
 1.44280000e-10  1.44280000e-10  0.00000000e+00  2.50000000e+00 -2.51115795e-12 
 1.45280000e-10  1.45280000e-10  0.00000000e+00  2.50000000e+00 -2.64785416e-12 
 1.46280000e-10  1.46280000e-10  0.00000000e+00  2.50000000e+00 -2.78527201e-12 
 1.47280000e-10  1.47280000e-10  0.00000000e+00  2.50000000e+00 -2.91466851e-12 
 1.48280000e-10  1.48280000e-10  0.00000000e+00  2.50000000e+00 -3.04423153e-12 
 1.49280000e-10  1.49280000e-10  0.00000000e+00  2.50000000e+00 -3.16643933e-12 
 1.50280000e-10  1.50280000e-10  0.00000000e+00  2.50000000e+00 -3.28898020e-12 
 1.51280000e-10  1.51280000e-10  0.00000000e+00  2.50000000e+00 -3.40416584e-12 
 1.52280000e-10  1.52280000e-10  0.00000000e+00  2.50000000e+00 -3.52004537e-12 
 1.53280000e-10  1.53280000e-10  0.00000000e+00  2.50000000e+00 -3.62868069e-12 
 1.54280000e-10  1.54280000e-10  0.00000000e+00  2.50000000e+00 -3.73814868e-12 
 1.55280000e-10  1.55280000e-10  0.00000000e+00  2.50000000e+00 -3.84078880e-12 
 1.56280000e-10  1.56280000e-10  0.00000000e+00  2.50000000e+00 -3.94501098e-12 
 1.57280000e-10  1.57280000e-10  0.00000000e+00  2.50000000e+00 -4.04165590e-12 
 1.58280000e-10  1.58280000e-10  0.00000000e+00  2.50000000e+00 -4.13996615e-12 
 1.59280000e-10  1.59280000e-10  0.00000000e+00  2.50000000e+00 -4.23122648e-12 
 1.60280000e-10  1.60280000e-10  0.00000000e+00  2.50000000e+00 -4.32384684e-12 
 1.61280000e-10  1.61280000e-10  0.00000000e+00  2.50000000e+00 -4.40983361e-12 
 1.62280000e-10  1.62280000e-10  0.00000000e+00  2.50000000e+00 -4.49815185e-12 
 1.63280000e-10  1.63280000e-10  0.00000000e+00  2.50000000e+00 -4.57928140e-12 
 1.64280000e-10  1.64280000e-10  0.00000000e+00  2.50000000e+00 -4.66246486e-12 
 1.65280000e-10  1.65280000e-10  0.00000000e+00  2.50000000e+00 -4.73898698e-12 
 1.66280000e-10  1.66280000e-10  0.00000000e+00  2.50000000e+00 -4.81767404e-12 
 1.67280000e-10  1.67280000e-10  0.00000000e+00  2.50000000e+00 -4.89031038e-12 
 1.68280000e-10  1.68280000e-10  0.00000000e+00  2.50000000e+00 -4.96494512e-12 
 1.69280000e-10  1.69280000e-10  0.00000000e+00  2.50000000e+00 -5.03330710e-12 
 1.70280000e-10  1.70280000e-10  0.00000000e+00  2.50000000e+00 -5.10377851e-12 
 1.71280000e-10  1.71280000e-10  0.00000000e+00  2.50000000e+00 -5.16839349e-12 
 1.72280000e-10  1.72280000e-10  0.00000000e+00  2.50000000e+00 -5.23470156e-12 
 1.73280000e-10  1.73280000e-10  0.00000000e+00  2.50000000e+00 -5.29631894e-12 
 1.74280000e-10  1.74280000e-10  0.00000000e+00  2.50000000e+00 -5.35910205e-12 
 1.75280000e-10  1.75280000e-10  0.00000000e+00  2.50000000e+00 -5.41708345e-12 
 1.76280000e-10  1.76280000e-10  0.00000000e+00  2.50000000e+00 -5.47623058e-12 
 1.77280000e-10  1.77280000e-10  0.00000000e+00  2.50000000e+00 -5.53110335e-12 
 1.78280000e-10  1.78280000e-10  0.00000000e+00  2.50000000e+00 -5.58739166e-12 
 1.79280000e-10  1.79280000e-10  0.00000000e+00  2.50000000e+00 -5.63907254e-12 
 1.80280000e-10  1.80280000e-10  0.00000000e+00  2.50000000e+00 -5.69230774e-12 
 1.81280000e-10  1.81280000e-10  0.00000000e+00  2.50000000e+00 -5.74171266e-12 
 1.82280000e-10  1.82280000e-10  0.00000000e+00  2.50000000e+00 -5.79147841e-12 
 1.83280000e-10  1.83280000e-10  0.00000000e+00  2.50000000e+00 -5.83780246e-12 
 1.84280000e-10  1.84280000e-10  0.00000000e+00  2.50000000e+00 -5.88565308e-12 
 1.85280000e-10  1.85280000e-10  0.00000000e+00  2.50000000e+00 -5.92897953e-12 
 1.86280000e-10  1.86280000e-10  0.00000000e+00  2.50000000e+00 -5.97430438e-12 
 1.87280000e-10  1.87280000e-10  0.00000000e+00  2.50000000e+00 -6.01541039e-12 
 1.88280000e-10  1.88280000e-10  0.00000000e+00  2.50000000e+00 -6.05832051e-12 
 1.89280000e-10  1.89280000e-10  0.00000000e+00  2.50000000e+00 -6.09748363e-12 
 1.90280000e-10  1.90280000e-10  0.00000000e+00  2.50000000e+00 -6.13759044e-12 
 1.91280000e-10  1.91280000e-10  0.00000000e+00  2.50000000e+00 -6.17447760e-12 
 1.92280000e-10  1.92280000e-10  0.00000000e+00  2.50000000e+00 -6.21283580e-12 
 1.93280000e-10  1.93280000e-10  0.00000000e+00  2.50000000e+00 -6.24775232e-12 
 1.94280000e-10  1.94280000e-10  0.00000000e+00  2.50000000e+00 -6.28383456e-12 
 1.95280000e-10  1.95280000e-10  0.00000000e+00  2.50000000e+00 -6.31680819e-12 
 1.96280000e-10  1.96280000e-10  0.00000000e+00  2.50000000e+00 -6.35091979e-12 
 1.97280000e-10  1.97280000e-10  0.00000000e+00  2.50000000e+00 -6.38189501e-12 
 1.98280000e-10  1.98280000e-10  0.00000000e+00  2.50000000e+00 -6.41414699e-12 
 1.99140000e-10  1.99140000e-10  0.00000000e+00  2.50000000e+00 -6.43909925e-12 
 2.00000000e-10  2.00000000e-10  0.00000000e+00  2.50000000e+00 -6.46616094e-12 
 2.00100000e-10  2.00100000e-10  1.25000000e-02  2.50000450e+00  7.13299992e-04 
 2.00300000e-10  2.00300000e-10  3.75000000e-02  2.50001338e+00  7.15082897e-04 
 2.00700000e-10  2.00700000e-10  8.75000000e-02  2.50003034e+00  7.18141101e-04 
 2.01500000e-10  2.01500000e-10  1.87500000e-01  2.50006134e+00  7.23976614e-04 
 2.02500000e-10  2.02500000e-10  3.12500000e-01  2.50009510e+00  7.29907232e-04 
 2.03500000e-10  2.03500000e-10  4.37500000e-01  2.50012395e+00  7.34942752e-04 
 2.04500000e-10  2.04500000e-10  5.62500000e-01  2.50014814e+00  7.32953536e-04 
 2.05500000e-10  2.05500000e-10  6.87500000e-01  2.50016718e+00  7.19688522e-04 
 2.06500000e-10  2.06500000e-10  8.12500000e-01  2.50018039e+00  6.94528859e-04 
 2.07500000e-10  2.07500000e-10  9.37500000e-01  2.50018719e+00  6.57840179e-04 
 2.08500000e-10  2.08500000e-10  1.06250000e+00  2.50018709e+00  6.09148374e-04 
 2.09500000e-10  2.09500000e-10  1.18750000e+00  2.50017968e+00  5.48980379e-04 
 2.10500000e-10  2.10500000e-10  1.31250000e+00  2.50016456e+00  4.77034556e-04 
 2.11500000e-10  2.11500000e-10  1.43750000e+00  2.50014139e+00  3.94024344e-04 
 2.12500000e-10  2.12500000e-10  1.56250000e+00  2.50010977e+00  2.99848994e-04 
 2.13500000e-10  2.13500000e-10  1.68750000e+00  2.50006929e+00  1.95423456e-04 
 2.14500000e-10  2.14500000e-10  1.81250000e+00  2.50001951e+00  8.07587608e-05 
 2.15500000e-10  2.15500000e-10  1.93750000e+00  2.49995998e+00 -4.39356482e-05 
 2.16500000e-10  2.16500000e-10  2.06250000e+00  2.49989213e+00 -2.23731267e-04 
 2.17500000e-10  2.17500000e-10  2.18750000e+00  2.49980586e+00 -3.84332273e-04 
 2.18500000e-10  2.18500000e-10  2.31250000e+00  2.49968664e+00 -6.36640697e-04 
 2.19250000e-10  2.19250000e-10  2.40625000e+00  2.49957839e+00 -7.43235330e-04 
 2.20000000e-10  2.20000000e-10  2.50000000e+00  2.49945995e+00 -7.57110512e-04 
 2.20100000e-10  2.20100000e-10  2.50000000e+00  2.49944180e+00 -1.40664241e-03 
 2.20300000e-10  2.20300000e-10  2.50000000e+00  2.49940560e+00 -1.39653094e-03 
 2.20700000e-10  2.20700000e-10  2.50000000e+00  2.49933436e+00 -1.38661912e-03 
 2.21500000e-10  2.21500000e-10  2.50000000e+00  2.49919721e+00 -1.36339137e-03 
 2.22500000e-10  2.22500000e-10  2.50000000e+00  2.49904215e+00 -1.38408415e-03 
 2.23500000e-10  2.23500000e-10  2.50000000e+00  2.49890905e+00 -1.39579007e-03 
 2.24500000e-10  2.24500000e-10  2.50000000e+00  2.49879540e+00 -1.41272193e-03 
 2.25500000e-10  2.25500000e-10  2.50000000e+00  2.49869900e+00 -1.42133084e-03 
 2.26500000e-10  2.26500000e-10  2.50000000e+00  2.49861788e+00 -1.43550535e-03 
 2.27500000e-10  2.27500000e-10  2.50000000e+00  2.49855026e+00 -1.44166138e-03 
 2.28500000e-10  2.28500000e-10  2.50000000e+00  2.49849439e+00 -1.45214627e-03 
 2.29500000e-10  2.29500000e-10  2.50000000e+00  2.49844882e+00 -1.44888262e-03 
 2.30500000e-10  2.30500000e-10  2.50000000e+00  2.49841454e+00 -1.45754753e-03 
 2.31500000e-10  2.31500000e-10  2.50000000e+00  2.49839441e+00 -1.46402440e-03 
 2.32500000e-10  2.32500000e-10  2.50000000e+00  2.49839087e+00 -1.48198242e-03 
 2.33500000e-10  2.33500000e-10  2.50000000e+00  2.49840608e+00 -1.49729030e-03 
 2.34500000e-10  2.34500000e-10  2.50000000e+00  2.49844188e+00 -1.52360786e-03 
 2.35500000e-10  2.35500000e-10  2.50000000e+00  2.49849983e+00 -1.54679373e-03 
 2.36500000e-10  2.36500000e-10  2.50000000e+00  2.49858124e+00 -1.58049744e-03 
 2.37500000e-10  2.37500000e-10  2.50000000e+00  2.49868718e+00 -1.61056743e-03 
 2.38500000e-10  2.38500000e-10  2.50000000e+00  2.49881850e+00 -1.65064350e-03 
 2.39500000e-10  2.39500000e-10  2.50000000e+00  2.49897589e+00 -1.68656512e-03 
 2.40500000e-10  2.40500000e-10  2.50000000e+00  2.49915983e+00 -1.73196404e-03 
 2.41500000e-10  2.41500000e-10  2.50000000e+00  2.49937068e+00 -1.77267280e-03 
 2.42500000e-10  2.42500000e-10  2.50000000e+00  2.49960862e+00 -1.82231744e-03 
 2.43500000e-10  2.43500000e-10  2.50000000e+00  2.49987375e+00 -1.86672613e-03 
 2.44500000e-10  2.44500000e-10  2.50000000e+00  2.50016605e+00 -1.91952133e-03 
 2.45500000e-10  2.45500000e-10  2.50000000e+00  2.50048540e+00 -1.96652642e-03 
 2.46500000e-10  2.46500000e-10  2.50000000e+00  2.50083160e+00 -2.02136301e-03 
 2.47500000e-10  2.47500000e-10  2.50000000e+00  2.50120441e+00 -2.06985785e-03 
 2.48500000e-10  2.48500000e-10  2.50000000e+00  2.50160350e+00 -2.12563512e-03 
 2.49500000e-10  2.49500000e-10  2.50000000e+00  2.50202855e+00 -2.17453105e-03 
 2.50500000e-10  2.50500000e-10  2.50000000e+00  2.50247914e+00 -2.23020080e-03 
 2.51500000e-10  2.51500000e-10  2.50000000e+00  2.50295486e+00 -2.27849294e-03 
 2.52500000e-10  2.52500000e-10  2.50000000e+00  2.50345528e+00 -2.33305501e-03 
 2.53500000e-10  2.53500000e-10  2.50000000e+00  2.50397996e+00 -2.37974365e-03 
 2.54500000e-10  2.54500000e-10  2.50000000e+00  2.50452845e+00 -2.43221696e-03 
 2.55500000e-10  2.55500000e-10  2.50000000e+00  2.50510036e+00 -2.47634271e-03 
 2.56500000e-10  2.56500000e-10  2.50000000e+00  2.50569528e+00 -2.52579055e-03 
 2.57500000e-10  2.57500000e-10  2.50000000e+00  2.50631284e+00 -2.56644011e-03 
 2.58500000e-10  2.58500000e-10  2.50000000e+00  2.50695272e+00 -2.61197317e-03 
 2.59500000e-10  2.59500000e-10  2.50000000e+00  2.50761465e+00 -2.64828158e-03 
 2.60500000e-10  2.60500000e-10  2.50000000e+00  2.50829840e+00 -2.68905940e-03 
 2.61500000e-10  2.61500000e-10  2.50000000e+00  2.50900381e+00 -2.72021090e-03 
 2.62500000e-10  2.62500000e-10  2.50000000e+00  2.50973080e+00 -2.75544265e-03 
 2.63500000e-10  2.63500000e-10  2.50000000e+00  2.51047936e+00 -2.78067174e-03 
 2.64500000e-10  2.64500000e-10  2.50000000e+00  2.51124959e+00 -2.80961822e-03 
 2.65500000e-10  2.65500000e-10  2.50000000e+00  2.51204171e+00 -2.82821394e-03 
 2.66500000e-10  2.66500000e-10  2.50000000e+00  2.51285591e+00 -2.85051369e-03 
 2.67500000e-10  2.67500000e-10  2.50000000e+00  2.51368789e+00 -2.87340868e-03 
 2.68500000e-10  2.68500000e-10  2.50000000e+00  2.51453323e+00 -2.90201613e-03 
 2.69500000e-10  2.69500000e-10  2.50000000e+00  2.51539232e+00 -2.92163318e-03 
 2.70500000e-10  2.70500000e-10  2.50000000e+00  2.51626581e+00 -2.94707287e-03 
 2.71500000e-10  2.71500000e-10  2.50000000e+00  2.51715467e+00 -2.96378360e-03 
 2.72500000e-10  2.72500000e-10  2.50000000e+00  2.51806038e+00 -2.98685668e-03 
 2.73500000e-10  2.73500000e-10  2.50000000e+00  2.51898527e+00 -3.00227981e-03 
 2.74500000e-10  2.74500000e-10  2.50000000e+00  2.51993321e+00 -3.02632191e-03 
 2.75500000e-10  2.75500000e-10  2.50000000e+00  2.52091144e+00 -3.04829584e-03 
 2.76500000e-10  2.76500000e-10  2.50000000e+00  2.52191673e+00 -3.06803628e-03 
 2.77500000e-10  2.77500000e-10  2.50000000e+00  2.52293897e+00 -3.07971811e-03 
 2.78500000e-10  2.78500000e-10  2.50000000e+00  2.52397538e+00 -3.09977731e-03 
 2.79500000e-10  2.79500000e-10  2.50000000e+00  2.52502380e+00 -3.11242514e-03 
 2.80500000e-10  2.80500000e-10  2.50000000e+00  2.52608232e+00 -3.13361768e-03 
 2.81500000e-10  2.81500000e-10  2.50000000e+00  2.52714931e+00 -3.14753790e-03 
 2.82500000e-10  2.82500000e-10  2.50000000e+00  2.52822332e+00 -3.17011762e-03 
 2.83500000e-10  2.83500000e-10  2.50000000e+00  2.52930312e+00 -3.18551828e-03 
 2.84500000e-10  2.84500000e-10  2.50000000e+00  2.53038768e+00 -3.20965275e-03 
 2.85500000e-10  2.85500000e-10  2.50000000e+00  2.53147621e+00 -3.22644526e-03 
 2.86500000e-10  2.86500000e-10  2.50000000e+00  2.53256693e+00 -3.24526719e-03 
 2.87500000e-10  2.87500000e-10  2.50000000e+00  2.53364964e+00 -3.25852004e-03 
 2.88500000e-10  2.88500000e-10  2.50000000e+00  2.53470693e+00 -3.28346649e-03 
 2.89500000e-10  2.89500000e-10  2.50000000e+00  2.53572168e+00 -3.30508929e-03 
 2.90500000e-10  2.90500000e-10  2.50000000e+00  2.53667703e+00 -3.34050389e-03 
 2.91500000e-10  2.91500000e-10  2.50000000e+00  2.53755642e+00 -3.37454477e-03 
 2.92500000e-10  2.92500000e-10  2.50000000e+00  2.53834792e+00 -3.42160372e-03 
 2.93500000e-10  2.93500000e-10  2.50000000e+00  2.53903079e+00 -3.47365966e-03 
 2.94500000e-10  2.94500000e-10  2.50000000e+00  2.53958484e+00 -3.54099659e-03 
 2.95500000e-10  2.95500000e-10  2.50000000e+00  2.53999930e+00 -3.60970113e-03 
 2.96500000e-10  2.96500000e-10  2.50000000e+00  2.54025890e+00 -3.69646396e-03 
 2.97500000e-10  2.97500000e-10  2.50000000e+00  2.54034851e+00 -3.78565696e-03 
 2.98500000e-10  2.98500000e-10  2.50000000e+00  2.54025307e+00 -3.89382252e-03 
 2.99500000e-10  2.99500000e-10  2.50000000e+00  2.53995760e+00 -4.00518249e-03 
 3.00500000e-10  3.00500000e-10  2.50000000e+00  2.53944720e+00 -4.13612780e-03 
 3.01500000e-10  3.01500000e-10  2.50000000e+00  2.53870699e+00 -4.27072729e-03 
 3.02500000e-10  3.02500000e-10  2.50000000e+00  2.53771877e+00 -4.41912646e-03 
 3.03500000e-10  3.03500000e-10  2.50000000e+00  2.53646266e+00 -4.56535898e-03 
 3.04500000e-10  3.04500000e-10  2.50000000e+00  2.53492165e+00 -4.72691351e-03 
 3.05500000e-10  3.05500000e-10  2.50000000e+00  2.53308042e+00 -4.88801403e-03 
 3.06500000e-10  3.06500000e-10  2.50000000e+00  2.53092448e+00 -5.06486153e-03 
 3.07500000e-10  3.07500000e-10  2.50000000e+00  2.52844017e+00 -5.24137413e-03 
 3.08500000e-10  3.08500000e-10  2.50000000e+00  2.52561455e+00 -5.43346894e-03 
 3.09500000e-10  3.09500000e-10  2.50000000e+00  2.52243540e+00 -5.62480500e-03 
 3.10500000e-10  3.10500000e-10  2.50000000e+00  2.51889115e+00 -5.83106234e-03 
 3.11500000e-10  3.11500000e-10  2.50000000e+00  2.51497082e+00 -6.03568262e-03 
 3.12500000e-10  3.12500000e-10  2.50000000e+00  2.51066397e+00 -6.25414619e-03 
 3.13500000e-10  3.13500000e-10  2.50000000e+00  2.50596066e+00 -6.46971100e-03 
 3.14500000e-10  3.14500000e-10  2.50000000e+00  2.50085138e+00 -6.69768798e-03 
 3.15500000e-10  3.15500000e-10  2.50000000e+00  2.49532716e+00 -6.92152953e-03 
 3.16500000e-10  3.16500000e-10  2.50000000e+00  2.48937989e+00 -7.15713908e-03 
 3.17500000e-10  3.17500000e-10  2.50000000e+00  2.48300215e+00 -7.38768302e-03 
 3.18500000e-10  3.18500000e-10  2.50000000e+00  2.47618690e+00 -7.62840501e-03 
 3.19500000e-10  3.19500000e-10  2.50000000e+00  2.46892742e+00 -7.86237333e-03 
 3.20500000e-10  3.20500000e-10  2.50000000e+00  2.46121724e+00 -8.10475276e-03 
 3.21500000e-10  3.21500000e-10  2.50000000e+00  2.45305013e+00 -8.33853820e-03 
 3.22500000e-10  3.22500000e-10  2.50000000e+00  2.44441997e+00 -8.57882513e-03 
 3.23500000e-10  3.23500000e-10  2.50000000e+00  2.43532075e+00 -8.80854170e-03 
 3.24500000e-10  3.24500000e-10  2.50000000e+00  2.42574645e+00 -9.04271741e-03 
 3.25500000e-10  3.25500000e-10  2.50000000e+00  2.41569101e+00 -9.26421328e-03 
 3.26500000e-10  3.26500000e-10  2.50000000e+00  2.40514822e+00 -9.48798825e-03 
 3.27500000e-10  3.27500000e-10  2.50000000e+00  2.39411161e+00 -9.69682678e-03 
 3.28500000e-10  3.28500000e-10  2.50000000e+00  2.38257441e+00 -9.90560209e-03 
 3.29500000e-10  3.29500000e-10  2.50000000e+00  2.37052937e+00 -1.00969998e-02 
 3.30500000e-10  3.30500000e-10  2.50000000e+00  2.35796865e+00 -1.02857765e-02 
 3.31500000e-10  3.31500000e-10  2.50000000e+00  2.34488368e+00 -1.04544769e-02 
 3.32500000e-10  3.32500000e-10  2.50000000e+00  2.33126494e+00 -1.06176841e-02 
 3.33500000e-10  3.33500000e-10  2.50000000e+00  2.31710176e+00 -1.07577259e-02 
 3.34500000e-10  3.34500000e-10  2.50000000e+00  2.30238203e+00 -1.08889101e-02 
 3.35500000e-10  3.35500000e-10  2.50000000e+00  2.28709188e+00 -1.09932089e-02 
 3.36500000e-10  3.36500000e-10  2.50000000e+00  2.27121518e+00 -1.10844635e-02 
 3.37500000e-10  3.37500000e-10  2.50000000e+00  2.25473302e+00 -1.11440238e-02 
 3.38500000e-10  3.38500000e-10  2.50000000e+00  2.23762292e+00 -1.11848834e-02 
 3.39500000e-10  3.39500000e-10  2.50000000e+00  2.21985777e+00 -1.11872105e-02 
 3.40500000e-10  3.40500000e-10  2.50000000e+00  2.20140434e+00 -1.11623058e-02 
 3.41500000e-10  3.41500000e-10  2.50000000e+00  2.18222111e+00 -1.10878300e-02 
 3.42500000e-10  3.42500000e-10  2.50000000e+00  2.16225494e+00 -1.09712160e-02 
 3.43500000e-10  3.43500000e-10  2.50000000e+00  2.14143470e+00 -1.07824312e-02 
 3.44500000e-10  3.44500000e-10  2.50000000e+00  2.11966313e+00 -1.05196332e-02 
 3.45500000e-10  3.45500000e-10  2.50000000e+00  2.09679946e+00 -1.01320643e-02 
 3.46500000e-10  3.46500000e-10  2.50000000e+00  2.07261997e+00 -9.56966809e-03 
 3.47500000e-10  3.47500000e-10  2.50000000e+00  2.04681093e+00 -8.78572753e-03 
 3.48500000e-10  3.48500000e-10  2.50000000e+00  2.01947424e+00 -8.44195687e-03 
 3.49500000e-10  3.49500000e-10  2.50000000e+00  1.99094204e+00 -8.16121549e-03 
 3.50500000e-10  3.50500000e-10  2.50000000e+00  1.96125707e+00 -7.85887270e-03 
 3.51500000e-10  3.51500000e-10  2.50000000e+00  1.93046104e+00 -7.61681891e-03 
 3.52500000e-10  3.52500000e-10  2.50000000e+00  1.89859458e+00 -7.35059998e-03 
 3.53500000e-10  3.53500000e-10  2.50000000e+00  1.86569730e+00 -7.14227196e-03 
 3.54500000e-10  3.54500000e-10  2.50000000e+00  1.83180778e+00 -6.90753619e-03 
 3.55500000e-10  3.55500000e-10  2.50000000e+00  1.79696358e+00 -6.72859457e-03 
 3.56500000e-10  3.56500000e-10  2.50000000e+00  1.76120122e+00 -6.52128517e-03 
 3.57500000e-10  3.57500000e-10  2.50000000e+00  1.72455627e+00 -6.36793813e-03 
 3.58500000e-10  3.58500000e-10  2.50000000e+00  1.68706327e+00 -6.18451167e-03 
 3.59500000e-10  3.59500000e-10  2.50000000e+00  1.64875580e+00 -6.05344848e-03 
 3.60500000e-10  3.60500000e-10  2.50000000e+00  1.60966648e+00 -5.89081219e-03 
 3.61500000e-10  3.61500000e-10  2.50000000e+00  1.56982699e+00 -5.77914420e-03 
 3.62500000e-10  3.62500000e-10  2.50000000e+00  1.52926806e+00 -5.63460053e-03 
 3.63500000e-10  3.63500000e-10  2.50000000e+00  1.48801952e+00 -5.53980903e-03 
 3.64500000e-10  3.64500000e-10  2.50000000e+00  1.44611029e+00 -5.41100661e-03 
 3.65500000e-10  3.65500000e-10  2.50000000e+00  1.40362952e+00 -5.39855038e-03 
 3.66500000e-10  3.66500000e-10  2.50000000e+00  1.36075829e+00 -5.38755221e-03 
 3.67500000e-10  3.67500000e-10  2.50000000e+00  1.31767649e+00 -5.40805731e-03 
 3.68500000e-10  3.68500000e-10  2.50000000e+00  1.27452749e+00 -5.37909793e-03 
 3.69500000e-10  3.69500000e-10  2.50000000e+00  1.23144478e+00 -5.38309471e-03 
 3.70500000e-10  3.70500000e-10  2.50000000e+00  1.18855198e+00 -5.33845672e-03 
 3.71500000e-10  3.71500000e-10  2.50000000e+00  1.14596311e+00 -5.32749241e-03 
 3.72500000e-10  3.72500000e-10  2.50000000e+00  1.10378280e+00 -5.26857002e-03 
 3.73500000e-10  3.73500000e-10  2.50000000e+00  1.06210654e+00 -5.24399849e-03 
 3.74500000e-10  3.74500000e-10  2.50000000e+00  1.02102097e+00 -5.17216936e-03 
 3.75500000e-10  3.75500000e-10  2.50000000e+00  9.80604107e-01 -5.13542620e-03 
 3.76500000e-10  3.76500000e-10  2.50000000e+00  9.40925692e-01 -5.05219922e-03 
 3.77500000e-10  3.77500000e-10  2.50000000e+00  9.02047476e-01 -5.00487023e-03 
 3.78500000e-10  3.78500000e-10  2.50000000e+00  8.64023562e-01 -4.91190439e-03 
 3.79500000e-10  3.79500000e-10  2.50000000e+00  8.26900756e-01 -4.85571342e-03 
 3.80500000e-10  3.80500000e-10  2.50000000e+00  7.90718925e-01 -4.75478643e-03 
 3.81500000e-10  3.81500000e-10  2.50000000e+00  7.55511375e-01 -4.69155250e-03 
 3.82500000e-10  3.82500000e-10  2.50000000e+00  7.21305223e-01 -4.58451135e-03 
 3.83500000e-10  3.83500000e-10  2.50000000e+00  6.88121788e-01 -4.51609594e-03 
 3.84500000e-10  3.84500000e-10  2.50000000e+00  6.55976970e-01 -4.40480328e-03 
 3.85500000e-10  3.85500000e-10  2.50000000e+00  6.24881634e-01 -4.33305731e-03 
 3.86500000e-10  3.86500000e-10  2.50000000e+00  5.94841989e-01 -4.21934009e-03 
 3.87500000e-10  3.87500000e-10  2.50000000e+00  5.65859959e-01 -4.14605502e-03 
 3.88500000e-10  3.88500000e-10  2.50000000e+00  5.37933544e-01 -4.03165854e-03 
 3.89500000e-10  3.89500000e-10  2.50000000e+00  5.11057174e-01 -3.95852384e-03 
 3.90500000e-10  3.90500000e-10  2.50000000e+00  4.85222048e-01 -3.84507298e-03 
 3.91500000e-10  3.91500000e-10  2.50000000e+00  4.60416458e-01 -3.77364119e-03 
 3.92500000e-10  3.92500000e-10  2.50000000e+00  4.36626103e-01 -3.66260947e-03 
 3.93500000e-10  3.93500000e-10  2.50000000e+00  4.13834383e-01 -3.59426940e-03 
 3.94500000e-10  3.94500000e-10  2.50000000e+00  3.92022682e-01 -3.48695629e-03 
 3.95500000e-10  3.95500000e-10  2.50000000e+00  3.71170629e-01 -3.42291443e-03 
 3.96500000e-10  3.96500000e-10  2.50000000e+00  3.51247220e-01 -3.31727531e-03 
 3.97500000e-10  3.97500000e-10  2.50000000e+00  3.32238928e-01 -3.26199087e-03 
 3.98500000e-10  3.98500000e-10  2.50000000e+00  3.14130652e-01 -3.16648424e-03 
 3.99500000e-10  3.99500000e-10  2.50000000e+00  2.96886501e-01 -3.11283119e-03 
 4.00500000e-10  4.00500000e-10  2.50000000e+00  2.80478392e-01 -3.01908969e-03 
 4.01500000e-10  4.01500000e-10  2.50000000e+00  2.64877867e-01 -2.96737215e-03 
 4.02500000e-10  4.02500000e-10  2.50000000e+00  2.50056253e-01 -2.87571401e-03 
 4.03500000e-10  4.03500000e-10  2.50000000e+00  2.35984805e-01 -2.82620441e-03 
 4.04500000e-10  4.04500000e-10  2.50000000e+00  2.22634839e-01 -2.73685754e-03 
 4.05500000e-10  4.05500000e-10  2.50000000e+00  2.09977843e-01 -2.68974328e-03 
 4.06500000e-10  4.06500000e-10  2.50000000e+00  1.97985591e-01 -2.60285843e-03 
 4.07500000e-10  4.07500000e-10  2.50000000e+00  1.86630227e-01 -2.55825719e-03 
 4.08500000e-10  4.08500000e-10  2.50000000e+00  1.75884350e-01 -2.47392236e-03 
 4.09500000e-10  4.09500000e-10  2.50000000e+00  1.65721083e-01 -2.43189570e-03 
 4.10500000e-10  4.10500000e-10  2.50000000e+00  1.56114135e-01 -2.35014894e-03 
 4.11500000e-10  4.11500000e-10  2.50000000e+00  1.47037851e-01 -2.31071414e-03 
 4.12500000e-10  4.12500000e-10  2.50000000e+00  1.38467255e-01 -2.23155455e-03 
 4.13500000e-10  4.13500000e-10  2.50000000e+00  1.30378086e-01 -2.19469485e-03 
 4.14500000e-10  4.14500000e-10  2.50000000e+00  1.22746824e-01 -2.11809193e-03 
 4.15500000e-10  4.15500000e-10  2.50000000e+00  1.15550715e-01 -2.08376505e-03 
 4.16500000e-10  4.16500000e-10  2.50000000e+00  1.08767780e-01 -2.00966652e-03 
 4.17500000e-10  4.17500000e-10  2.50000000e+00  1.02376831e-01 -1.97781176e-03 
 4.18500000e-10  4.18500000e-10  2.50000000e+00  9.63574751e-02 -1.90614993e-03 
 4.19500000e-10  4.19500000e-10  2.50000000e+00  9.06901101e-02 -1.87669389e-03 
 4.20500000e-10  4.20500000e-10  2.50000000e+00  8.53559274e-02 -1.80739078e-03 
 4.21500000e-10  4.21500000e-10  2.50000000e+00  8.03369022e-02 -1.78025191e-03 
 4.22500000e-10  4.22500000e-10  2.50000000e+00  7.56157846e-02 -1.71322329e-03 
 4.23500000e-10  4.23500000e-10  2.50000000e+00  7.11760873e-02 -1.68831544e-03 
 4.24500000e-10  4.24500000e-10  2.50000000e+00  6.70020712e-02 -1.62347390e-03 
 4.25500000e-10  4.25500000e-10  2.50000000e+00  6.30787288e-02 -1.60070900e-03 
 4.26500000e-10  4.26500000e-10  2.50000000e+00  5.93917661e-02 -1.53796628e-03 
 4.27500000e-10  4.27500000e-10  2.50000000e+00  5.59275835e-02 -1.51725628e-03 
 4.28500000e-10  4.28500000e-10  2.50000000e+00  5.26732547e-02 -1.45652492e-03 
 4.29500000e-10  4.29500000e-10  2.50000000e+00  4.96165062e-02 -1.43778321e-03 
 4.30500000e-10  4.30500000e-10  2.50000000e+00  4.67456947e-02 -1.37897768e-03 
 4.31500000e-10  4.31500000e-10  2.50000000e+00  4.40497848e-02 -1.36212002e-03 
 4.32500000e-10  4.32500000e-10  2.50000000e+00  4.15183264e-02 -1.30515750e-03 
 4.33500000e-10  4.33500000e-10  2.50000000e+00  3.91414318e-02 -1.29010258e-03 
 4.34500000e-10  4.34500000e-10  2.50000000e+00  3.69097529e-02 -1.23490334e-03 
 4.35500000e-10  4.35500000e-10  2.50000000e+00  3.48144584e-02 -1.22157310e-03 
 4.36500000e-10  4.36500000e-10  2.50000000e+00  3.28472115e-02 -1.16806076e-03 
 4.37500000e-10  4.37500000e-10  2.50000000e+00  3.10001473e-02 -1.15638050e-03 
 4.38500000e-10  4.38500000e-10  2.50000000e+00  2.92658516e-02 -1.10448204e-03 
 4.39500000e-10  4.39500000e-10  2.50000000e+00  2.76373394e-02 -1.09438037e-03 
 4.40500000e-10  4.40500000e-10  2.50000000e+00  2.61080337e-02 -1.04402604e-03 
 4.41500000e-10  4.41500000e-10  2.50000000e+00  2.46717457e-02 -1.03543480e-03 
 4.42500000e-10  4.42500000e-10  2.50000000e+00  2.33226552e-02 -9.86557981e-04 
 4.43500000e-10  4.43500000e-10  2.50000000e+00  2.20552914e-02 -9.79412065e-04 
 4.44500000e-10  4.44500000e-10  2.50000000e+00  2.08645142e-02 -9.31949077e-04 
 4.45500000e-10  4.45500000e-10  2.50000000e+00  1.97454974e-02 -9.26186197e-04 
 4.46500000e-10  4.46500000e-10  2.50000000e+00  1.86926770e-02 -8.76469599e-04 
 4.47500000e-10  4.47500000e-10  2.50000000e+00  1.77009859e-02 -8.68866442e-04 
 4.48500000e-10  4.48500000e-10  2.50000000e+00  1.67668095e-02 -8.21177669e-04 
 4.49500000e-10  4.49500000e-10  2.50000000e+00  1.58867606e-02 -8.15609969e-04 
 4.50500000e-10  4.50500000e-10  2.50000000e+00  1.50576388e-02 -7.69865119e-04 
 4.51500000e-10  4.51500000e-10  2.50000000e+00  1.42764222e-02 -7.66155091e-04 
 4.52500000e-10  4.52500000e-10  2.50000000e+00  1.35402592e-02 -7.22186352e-04 
 4.53500000e-10  4.53500000e-10  2.50000000e+00  1.28464605e-02 -7.20175252e-04 
 4.54500000e-10  4.54500000e-10  2.50000000e+00  1.21924914e-02 -6.77832352e-04 
 4.55500000e-10  4.55500000e-10  2.50000000e+00  1.15759643e-02 -6.77377831e-04 
 4.56500000e-10  4.56500000e-10  2.50000000e+00  1.09946306e-02 -6.36525836e-04 
 4.57500000e-10  4.57500000e-10  2.50000000e+00  1.04463742e-02 -6.37499914e-04 
 4.58500000e-10  4.58500000e-10  2.50000000e+00  9.92920417e-03 -5.98017370e-04 
 4.59500000e-10  4.59500000e-10  2.50000000e+00  9.44124823e-03 -6.00304721e-04 
 4.60500000e-10  4.60500000e-10  2.50000000e+00  8.98074608e-03 -5.62082064e-04 
 4.61500000e-10  4.61500000e-10  2.50000000e+00  8.54604341e-03 -5.65578545e-04 
 4.62500000e-10  4.62500000e-10  2.50000000e+00  8.13558590e-03 -5.28516737e-04 
 4.63500000e-10  4.63500000e-10  2.50000000e+00  7.74791356e-03 -5.33128119e-04 
 4.64500000e-10  4.64500000e-10  2.50000000e+00  7.38165540e-03 -4.97137464e-04 
 4.65500000e-10  4.65500000e-10  2.50000000e+00  7.03552420e-03 -5.02778328e-04 
 4.66500000e-10  4.66500000e-10  2.50000000e+00  6.70831172e-03 -4.67777445e-04 
 4.67500000e-10  4.67500000e-10  2.50000000e+00  6.39888397e-03 -4.74370221e-04 
 4.68500000e-10  4.68500000e-10  2.50000000e+00  6.10617688e-03 -4.40285141e-04 
 4.69500000e-10  4.69500000e-10  2.50000000e+00  5.82919210e-03 -4.47759266e-04 
 4.70500000e-10  4.70500000e-10  2.50000000e+00  5.56699301e-03 -4.14522647e-04 
 4.71500000e-10  4.71500000e-10  2.50000000e+00  5.31870107e-03 -4.22813824e-04 
 4.72500000e-10  4.72500000e-10  2.50000000e+00  5.08349220e-03 -3.90364252e-04 
 4.73500000e-10  4.73500000e-10  2.50000000e+00  4.86059351e-03 -3.99413798e-04 
 4.74500000e-10  4.74500000e-10  2.50000000e+00  4.64928013e-03 -3.67695174e-04 
 4.75500000e-10  4.75500000e-10  2.50000000e+00  4.44887222e-03 -3.77449443e-04 
 4.76500000e-10  4.76500000e-10  2.50000000e+00  4.25873223e-03 -3.46410447e-04 
 4.77500000e-10  4.77500000e-10  2.50000000e+00  4.07826221e-03 -3.56820320e-04 
 4.78500000e-10  4.78500000e-10  2.50000000e+00  3.90690140e-03 -3.26413923e-04 
 4.79500000e-10  4.79500000e-10  2.50000000e+00  3.74412383e-03 -3.37434358e-04 
 4.80500000e-10  4.80500000e-10  2.50000000e+00  3.58943618e-03 -3.07617403e-04 
 4.81500000e-10  4.81500000e-10  2.50000000e+00  3.44245549e-03 -3.19516158e-04 
 4.82500000e-10  4.82500000e-10  2.50000000e+00  3.30265862e-03 -2.89930474e-04 
 4.83500000e-10  4.83500000e-10  2.50000000e+00  3.16963016e-03 -3.02326279e-04 
 4.84500000e-10  4.84500000e-10  2.50000000e+00  3.04306528e-03 -2.73547875e-04 
 4.85500000e-10  4.85500000e-10  2.50000000e+00  2.92252394e-03 -2.86143866e-04 
 4.86500000e-10  4.86500000e-10  2.50000000e+00  2.80767213e-03 -2.57847913e-04 
 4.87500000e-10  4.87500000e-10  2.50000000e+00  2.69819631e-03 -2.70910675e-04 
 4.88500000e-10  4.88500000e-10  2.50000000e+00  2.59380202e-03 -2.43066064e-04 
 4.89500000e-10  4.89500000e-10  2.50000000e+00  2.49421266e-03 -2.56565342e-04 
 4.90500000e-10  4.90500000e-10  2.50000000e+00  2.39916834e-03 -2.29142991e-04 
 4.91500000e-10  4.91500000e-10  2.50000000e+00  2.30842488e-03 -2.43050819e-04 
 4.92500000e-10  4.92500000e-10  2.50000000e+00  2.22175275e-03 -2.16023831e-04 
 4.93500000e-10  4.93500000e-10  2.50000000e+00  2.13893618e-03 -2.30314330e-04 
 4.94500000e-10  4.94500000e-10  2.50000000e+00  2.05977226e-03 -2.03657795e-04 
 4.95500000e-10  4.95500000e-10  2.50000000e+00  1.98407015e-03 -2.18306983e-04 
 4.96500000e-10  4.96500000e-10  2.50000000e+00  1.91165032e-03 -1.91997804e-04 
 4.97500000e-10  4.97500000e-10  2.50000000e+00  1.84234378e-03 -2.06983428e-04 
 4.98500000e-10  4.98500000e-10  2.50000000e+00  1.77599151e-03 -1.81000162e-04 
 4.99500000e-10  4.99500000e-10  2.50000000e+00  1.71244375e-03 -1.96301551e-04 
 5.00500000e-10  5.00500000e-10  2.50000000e+00  1.65155942e-03 -1.70624264e-04 
 5.01500000e-10  5.01500000e-10  2.50000000e+00  1.59320565e-03 -1.86222194e-04 
 5.02500000e-10  5.02500000e-10  2.50000000e+00  1.53725716e-03 -1.60832340e-04 
 5.03500000e-10  5.03500000e-10  2.50000000e+00  1.48359588e-03 -1.76708912e-04 
 5.04500000e-10  5.04500000e-10  2.50000000e+00  1.43211042e-03 -1.51589212e-04 
 5.05500000e-10  5.05500000e-10  2.50000000e+00  1.38269573e-03 -1.67727744e-04 
 5.06500000e-10  5.06500000e-10  2.50000000e+00  1.33525263e-03 -1.42862089e-04 
 5.07500000e-10  5.07500000e-10  2.50000000e+00  1.28968750e-03 -1.59247017e-04 
 5.08500000e-10  5.08500000e-10  2.50000000e+00  1.24591191e-03 -1.34620368e-04 
 5.09500000e-10  5.09500000e-10  2.50000000e+00  1.20384232e-03 -1.51237161e-04 
 5.10500000e-10  5.10500000e-10  2.50000000e+00  1.16339977e-03 -1.26835471e-04 
 5.11500000e-10  5.11500000e-10  2.50000000e+00  1.12450957e-03 -1.43670544e-04 
 5.12500000e-10  5.12500000e-10  2.50000000e+00  1.08710110e-03 -1.19480677e-04 
 5.13500000e-10  5.13500000e-10  2.50000000e+00  1.05110753e-03 -1.36521327e-04 
 5.14500000e-10  5.14500000e-10  2.50000000e+00  1.01646556e-03 -1.12530992e-04 
 5.15500000e-10  5.15500000e-10  2.50000000e+00  9.83115268e-04 -1.29765323e-04 
 5.16500000e-10  5.16500000e-10  2.50000000e+00  9.50999872e-04 -1.05963008e-04 
 5.17500000e-10  5.17500000e-10  2.50000000e+00  9.20065545e-04 -1.23379878e-04 
 5.18500000e-10  5.18500000e-10  2.50000000e+00  8.90261246e-04 -9.97547953e-05 
 5.19500000e-10  5.19500000e-10  2.50000000e+00  8.61538551e-04 -1.17343759e-04 
 5.20500000e-10  5.20500000e-10  2.50000000e+00  8.33851503e-04 -9.38857914e-05 
 5.21500000e-10  5.21500000e-10  2.50000000e+00  8.07156465e-04 -1.11637048e-04 
 5.22500000e-10  5.22500000e-10  2.50000000e+00  7.81411986e-04 -8.83367029e-05 
 5.23500000e-10  5.23500000e-10  2.50000000e+00  7.56578673e-04 -1.06241055e-04 
 5.24500000e-10  5.24500000e-10  2.50000000e+00  7.32619077e-04 -8.30894174e-05 
 5.25500000e-10  5.25500000e-10  2.50000000e+00  7.09497575e-04 -1.01138225e-04 
 5.26500000e-10  5.26500000e-10  2.50000000e+00  6.87180274e-04 -7.81269213e-05 
 5.27500000e-10  5.27500000e-10  2.50000000e+00  6.65634907e-04 -9.63120664e-05 
 5.28500000e-10  5.28500000e-10  2.50000000e+00  6.44830745e-04 -7.34332246e-05 
 5.29500000e-10  5.29500000e-10  2.50000000e+00  6.24738511e-04 -9.17470742e-05 
 5.30500000e-10  5.30500000e-10  2.50000000e+00  6.05330298e-04 -6.89932923e-05 
 5.31500000e-10  5.31500000e-10  2.50000000e+00  5.86579496e-04 -8.74286667e-05 
 5.32500000e-10  5.32500000e-10  2.50000000e+00  5.68460720e-04 -6.47929803e-05 
 5.33500000e-10  5.33500000e-10  2.50000000e+00  5.50949743e-04 -8.33431232e-05 
 5.34500000e-10  5.34500000e-10  2.50000000e+00  5.34023436e-04 -6.08189774e-05 
 5.35500000e-10  5.35500000e-10  2.50000000e+00  5.17659705e-04 -7.94775285e-05 
 5.36500000e-10  5.36500000e-10  2.50000000e+00  5.01837442e-04 -5.70587510e-05 
 5.37500000e-10  5.37500000e-10  2.50000000e+00  4.86536467e-04 -7.58197202e-05 
 5.38500000e-10  5.38500000e-10  2.50000000e+00  4.71737485e-04 -5.35004971e-05 
 5.39500000e-10  5.39500000e-10  2.50000000e+00  4.57422037e-04 -7.23582410e-05 
 5.40500000e-10  5.40500000e-10  2.50000000e+00  4.43572456e-04 -5.01330943e-05 
 5.41500000e-10  5.41500000e-10  2.50000000e+00  4.30171832e-04 -6.90822946e-05 
 5.42500000e-10  5.42500000e-10  2.50000000e+00  4.17203966e-04 -4.69460606e-05 
 5.43500000e-10  5.43500000e-10  2.50000000e+00  4.04653341e-04 -6.59817037e-05 
 5.44500000e-10  5.44500000e-10  2.50000000e+00  3.92505086e-04 -4.39295139e-05 
 5.45500000e-10  5.45500000e-10  2.50000000e+00  3.80744941e-04 -6.30468719e-05 
 5.46500000e-10  5.46500000e-10  2.50000000e+00  3.69359232e-04 -4.10741349e-05 
 5.47500000e-10  5.47500000e-10  2.50000000e+00  3.58334839e-04 -6.02687486e-05 
 5.48500000e-10  5.48500000e-10  2.50000000e+00  3.47659172e-04 -3.83711330e-05 
 5.49500000e-10  5.49500000e-10  2.50000000e+00  3.37320144e-04 -5.76387948e-05 
 5.50500000e-10  5.50500000e-10  2.50000000e+00  3.27306146e-04 -3.58122136e-05 
 5.51500000e-10  5.51500000e-10  2.50000000e+00  3.17606028e-04 -5.51489534e-05 
 5.52500000e-10  5.52500000e-10  2.50000000e+00  3.08209076e-04 -3.33895491e-05 
 5.53500000e-10  5.53500000e-10  2.50000000e+00  2.99104990e-04 -5.27916191e-05 
 5.54500000e-10  5.54500000e-10  2.50000000e+00  2.90283868e-04 -3.10957507e-05 
 5.55500000e-10  5.55500000e-10  2.50000000e+00  2.81736187e-04 -5.05596127e-05 
 5.56500000e-10  5.56500000e-10  2.50000000e+00  2.73452785e-04 -2.89238420e-05 
 5.57500000e-10  5.57500000e-10  2.50000000e+00  2.65424846e-04 -4.84461552e-05 
 5.58500000e-10  5.58500000e-10  2.50000000e+00  2.57643884e-04 -2.68672354e-05 
 5.59500000e-10  5.59500000e-10  2.50000000e+00  2.50101730e-04 -4.64448445e-05 
 5.60500000e-10  5.60500000e-10  2.50000000e+00  2.42790516e-04 -2.49197091e-05 
 5.61500000e-10  5.61500000e-10  2.50000000e+00  2.35702664e-04 -4.45496334e-05 
 5.62500000e-10  5.62500000e-10  2.50000000e+00  2.28830871e-04 -2.30753855e-05 
 5.63500000e-10  5.63500000e-10  2.50000000e+00  2.22168102e-04 -4.27548093e-05 
 5.64500000e-10  5.64500000e-10  2.50000000e+00  2.15707573e-04 -2.13287117e-05 
 5.65500000e-10  5.65500000e-10  2.50000000e+00  2.09442746e-04 -4.10549744e-05 
 5.66500000e-10  5.66500000e-10  2.50000000e+00  2.03367314e-04 -1.96744407e-05 
 5.67500000e-10  5.67500000e-10  2.50000000e+00  1.97475194e-04 -3.94450279e-05 
 5.68500000e-10  5.68500000e-10  2.50000000e+00  1.91760519e-04 -1.81076138e-05 
 5.69500000e-10  5.69500000e-10  2.50000000e+00  1.86217627e-04 -3.79201491e-05 
 5.70500000e-10  5.70500000e-10  2.50000000e+00  1.80841053e-04 -1.66235441e-05 
 5.71500000e-10  5.71500000e-10  2.50000000e+00  1.75625523e-04 -3.64757811e-05 
 5.72500000e-10  5.72500000e-10  2.50000000e+00  1.70565944e-04 -1.52178012e-05 
 5.73500000e-10  5.73500000e-10  2.50000000e+00  1.65657400e-04 -3.51076164e-05 
 5.74500000e-10  5.74500000e-10  2.50000000e+00  1.60895140e-04 -1.38861966e-05 
 5.75500000e-10  5.75500000e-10  2.50000000e+00  1.56274579e-04 -3.38115822e-05 
 5.76500000e-10  5.76500000e-10  2.50000000e+00  1.51791283e-04 -1.26247703e-05 
 5.77500000e-10  5.77500000e-10  2.50000000e+00  1.47440973e-04 -3.25838276e-05 
 5.78500000e-10  5.78500000e-10  2.50000000e+00  1.43219508e-04 -1.14297773e-05 
 5.79500000e-10  5.79500000e-10  2.50000000e+00  1.39122890e-04 -3.14207111e-05 
 5.80500000e-10  5.80500000e-10  2.50000000e+00  1.35147253e-04 -1.02976764e-05 
 5.81500000e-10  5.81500000e-10  2.50000000e+00  1.31288858e-04 -3.03187887e-05 
 5.82500000e-10  5.82500000e-10  2.50000000e+00  1.27544092e-04 -9.22511831e-06 
 5.83500000e-10  5.83500000e-10  2.50000000e+00  1.23909459e-04 -2.92748031e-05 
 5.84500000e-10  5.84500000e-10  2.50000000e+00  1.20381580e-04 -8.20893503e-06 
 5.85500000e-10  5.85500000e-10  2.50000000e+00  1.16957184e-04 -2.82856731e-05 
 5.86500000e-10  5.86500000e-10  2.50000000e+00  1.13633109e-04 -7.24612989e-06 
 5.87500000e-10  5.87500000e-10  2.50000000e+00  1.10406294e-04 -2.73484842e-05 
 5.88500000e-10  5.88500000e-10  2.50000000e+00  1.07273778e-04 -6.33386799e-06 
 5.89500000e-10  5.89500000e-10  2.50000000e+00  1.04232695e-04 -2.64604789e-05 
 5.90500000e-10  5.90500000e-10  2.50000000e+00  1.01280272e-04 -5.46946729e-06 
 5.91500000e-10  5.91500000e-10  2.50000000e+00  9.84138254e-05 -2.56190485e-05 
 5.92500000e-10  5.92500000e-10  2.50000000e+00  9.56307555e-05 -4.65039015e-06 
 5.93500000e-10  5.93500000e-10  2.50000000e+00  9.29285471e-05 -2.48217245e-05 
 5.94500000e-10  5.94500000e-10  2.50000000e+00  9.03047644e-05 -3.87423544e-06 
 5.95500000e-10  5.95500000e-10  2.50000000e+00  8.77570492e-05 -2.40661712e-05 
 5.96500000e-10  5.96500000e-10  2.50000000e+00  8.52831176e-05 -3.13873100e-06 
 5.97500000e-10  5.97500000e-10  2.50000000e+00  8.28807580e-05 -2.33501782e-05 
 5.98500000e-10  5.98500000e-10  2.50000000e+00  8.05478281e-05 -2.44172657e-06 
 5.99500000e-10  5.99500000e-10  2.50000000e+00  7.82822531e-05 -2.26716537e-05 
 6.00500000e-10  6.00500000e-10  2.50000000e+00  7.60820232e-05 -1.78118717e-06 
 6.01500000e-10  6.01500000e-10  2.50000000e+00  7.39451912e-05 -2.20286179e-05 
 6.02500000e-10  6.02500000e-10  2.50000000e+00  7.18698707e-05 -1.15518676e-06 
 6.03500000e-10  6.03500000e-10  2.50000000e+00  6.98542340e-05 -2.14191972e-05 
 6.04500000e-10  6.04500000e-10  2.50000000e+00  6.78965101e-05 -5.61902329e-07 
 6.05500000e-10  6.05500000e-10  2.50000000e+00  6.59949828e-05 -2.08416178e-05 
 6.06500000e-10  6.06500000e-10  2.50000000e+00  6.41479376e-05  6.64283359e-10 
 6.07500000e-10  6.07500000e-10  2.50000000e+00  6.23538197e-05 -2.02942079e-05 
 6.08500000e-10  6.08500000e-10  2.50000000e+00  6.06111178e-05  5.33321964e-07 
 6.09500000e-10  6.09500000e-10  2.50000000e+00  5.89182602e-05 -1.97753637e-05 
 6.10500000e-10  6.10500000e-10  2.50000000e+00  5.72737382e-05  1.03866874e-06 
 6.11500000e-10  6.11500000e-10  2.50000000e+00  5.56761744e-05 -1.92835937e-05 
 6.12500000e-10  6.12500000e-10  2.50000000e+00  5.41242302e-05  1.51722378e-06 
 6.13500000e-10  6.13500000e-10  2.50000000e+00  5.26165224e-05 -1.88174619e-05 
 6.14500000e-10  6.14500000e-10  2.50000000e+00  5.11517546e-05  1.97104392e-06 
 6.15500000e-10  6.15500000e-10  2.50000000e+00  4.97286697e-05 -1.83756254e-05 
 6.16500000e-10  6.16500000e-10  2.50000000e+00  4.83460487e-05  2.40121581e-06 
 6.17500000e-10  6.17500000e-10  2.50000000e+00  4.70027096e-05 -1.79568075e-05 
 6.18500000e-10  6.18500000e-10  2.50000000e+00  4.56975062e-05  2.80898199e-06 
 6.19500000e-10  6.19500000e-10  2.50000000e+00  4.44293267e-05 -1.75597990e-05 
 6.20500000e-10  6.20500000e-10  2.50000000e+00  4.31970931e-05  3.19551902e-06 
 6.21500000e-10  6.21500000e-10  2.50000000e+00  4.19997597e-05 -1.71834550e-05 
 6.22500000e-10  6.22500000e-10  2.50000000e+00  4.08363122e-05  3.56194103e-06 
 6.23500000e-10  6.23500000e-10  2.50000000e+00  3.97057669e-05 -1.68266913e-05 
 6.24500000e-10  6.24500000e-10  2.50000000e+00  3.86071694e-05  3.90930307e-06 
 6.25500000e-10  6.25500000e-10  2.50000000e+00  3.75395940e-05 -1.64884812e-05 
 6.26500000e-10  6.26500000e-10  2.50000000e+00  3.65021428e-05  4.23860428e-06 
 6.27500000e-10  6.27500000e-10  2.50000000e+00  3.54939444e-05 -1.61678523e-05 
 6.28500000e-10  6.28500000e-10  2.50000000e+00  3.45141537e-05  4.55079092e-06 
 6.29500000e-10  6.29500000e-10  2.50000000e+00  3.35619505e-05 -1.58638839e-05 
 6.30500000e-10  6.30500000e-10  2.50000000e+00  3.26365392e-05  4.84675918e-06 
 6.31500000e-10  6.31500000e-10  2.50000000e+00  3.17371478e-05 -1.55757036e-05 
 6.32500000e-10  6.32500000e-10  2.50000000e+00  3.08630270e-05  5.12735786e-06 
 6.33500000e-10  6.33500000e-10  2.50000000e+00  3.00134501e-05 -1.53024856e-05 
 6.34500000e-10  6.34500000e-10  2.50000000e+00  2.91877116e-05  5.39339092e-06 
 6.35500000e-10  6.35500000e-10  2.50000000e+00  2.83851269e-05 -1.50434472e-05 
 6.36500000e-10  6.36500000e-10  2.50000000e+00  2.76050317e-05  5.64561987e-06 
 6.37500000e-10  6.37500000e-10  2.50000000e+00  2.68467814e-05 -1.47978474e-05 
 6.38500000e-10  6.38500000e-10  2.50000000e+00  2.61097502e-05  5.88476605e-06 
 6.39500000e-10  6.39500000e-10  2.50000000e+00  2.53933307e-05 -1.45649840e-05 
 6.40500000e-10  6.40500000e-10  2.50000000e+00  2.46969336e-05  6.11151276e-06 
 6.41500000e-10  6.41500000e-10  2.50000000e+00  2.40199868e-05 -1.43441921e-05 
 6.42500000e-10  6.42500000e-10  2.50000000e+00  2.33619348e-05  6.32650730e-06 
 6.43500000e-10  6.43500000e-10  2.50000000e+00  2.27222387e-05 -1.41348417e-05 
 6.44500000e-10  6.44500000e-10  2.50000000e+00  2.21003752e-05  6.53036287e-06 
 6.45500000e-10  6.45500000e-10  2.50000000e+00  2.14958363e-05 -1.39363358e-05 
 6.46500000e-10  6.46500000e-10  2.50000000e+00  2.09081290e-05  6.72366040e-06 
 6.47500000e-10  6.47500000e-10  2.50000000e+00  2.03367746e-05 -1.37481090e-05 
 6.48500000e-10  6.48500000e-10  2.50000000e+00  1.97813082e-05  6.90695029e-06 
 6.49500000e-10  6.49500000e-10  2.50000000e+00  1.92412787e-05 -1.35696257e-05 
 6.50500000e-10  6.50500000e-10  2.50000000e+00  1.87162481e-05  7.08075398e-06 
 6.51500000e-10  6.51500000e-10  2.50000000e+00  1.82057910e-05 -1.34003782e-05 
 6.52500000e-10  6.52500000e-10  2.50000000e+00  1.77094945e-05  7.24556552e-06 
 6.53500000e-10  6.53500000e-10  2.50000000e+00  1.72269577e-05 -1.32398856e-05 
 6.54500000e-10  6.54500000e-10  2.50000000e+00  1.67577912e-05  7.40185303e-06 
 6.55500000e-10  6.55500000e-10  2.50000000e+00  1.63016169e-05 -1.30876923e-05 
 6.56500000e-10  6.56500000e-10  2.50000000e+00  1.58580678e-05  7.55006007e-06 
 6.57500000e-10  6.57500000e-10  2.50000000e+00  1.54267875e-05 -1.29433665e-05 
 6.58500000e-10  6.58500000e-10  2.50000000e+00  1.50074297e-05  7.69060694e-06 
 6.59500000e-10  6.59500000e-10  2.50000000e+00  1.45996584e-05 -1.28064990e-05 
 6.60500000e-10  6.60500000e-10  2.50000000e+00  1.42031470e-05  7.82389188e-06 
 6.61500000e-10  6.61500000e-10  2.50000000e+00  1.38175784e-05 -1.26767022e-05 
 6.62500000e-10  6.62500000e-10  2.50000000e+00  1.34426449e-05  7.95029230e-06 
 6.63500000e-10  6.63500000e-10  2.50000000e+00  1.30780473e-05 -1.25536088e-05 
 6.64500000e-10  6.64500000e-10  2.50000000e+00  1.27234952e-05  8.07016584e-06 
 6.65500000e-10  6.65500000e-10  2.50000000e+00  1.23787066e-05 -1.24368705e-05 
 6.66500000e-10  6.66500000e-10  2.50000000e+00  1.20434074e-05  8.18385142e-06 
 6.67500000e-10  6.67500000e-10  2.50000000e+00  1.17173314e-05 -1.23261573e-05 
 6.68500000e-10  6.68500000e-10  2.50000000e+00  1.14002203e-05  8.29167023e-06 
 6.69500000e-10  6.69500000e-10  2.50000000e+00  1.10918229e-05 -1.22211567e-05 
 6.70500000e-10  6.70500000e-10  2.50000000e+00  1.07918954e-05  8.39392669e-06 
 6.71500000e-10  6.71500000e-10  2.50000000e+00  1.05002007e-05 -1.21215723e-05 
 6.72500000e-10  6.72500000e-10  2.50000000e+00  1.02165088e-05  8.49090928e-06 
 6.73500000e-10  6.73500000e-10  2.50000000e+00  9.94059601e-06 -1.20271232e-05 
 6.74500000e-10  6.74500000e-10  2.50000000e+00  9.67224525e-06  8.58289144e-06 
 6.75500000e-10  6.75500000e-10  2.50000000e+00  9.41124547e-06 -1.19375432e-05 
 6.76500000e-10  6.76500000e-10  2.50000000e+00  9.15739169e-06  8.67013233e-06 
 6.77500000e-10  6.77500000e-10  2.50000000e+00  8.91048477e-06 -1.18525800e-05 
 6.78500000e-10  6.78500000e-10  2.50000000e+00  8.67033123e-06  8.75287759e-06 
 6.79500000e-10  6.79500000e-10  2.50000000e+00  8.43674310e-06 -1.17719945e-05 
 6.80500000e-10  6.80500000e-10  2.50000000e+00  8.20953773e-06  8.83136004e-06 
 6.81500000e-10  6.81500000e-10  2.50000000e+00  7.98853769e-06 -1.16955600e-05 
 6.82500000e-10  6.82500000e-10  2.50000000e+00  7.77357057e-06  8.90580037e-06 
 6.83500000e-10  6.83500000e-10  2.50000000e+00  7.56446883e-06 -1.16230616e-05 
 6.84500000e-10  6.84500000e-10  2.50000000e+00  7.36106971e-06  8.97640777e-06 
 6.85500000e-10  6.85500000e-10  2.50000000e+00  7.16321503e-06 -1.15542956e-05 
 6.86500000e-10  6.86500000e-10  2.50000000e+00  6.97075112e-06  9.04338054e-06 
 6.87500000e-10  6.87500000e-10  2.50000000e+00  6.78352863e-06 -1.14890690e-05 
 6.88500000e-10  6.88500000e-10  2.50000000e+00  6.60140243e-06  9.10690667e-06 
 6.89500000e-10  6.89500000e-10  2.50000000e+00  6.42423150e-06 -1.14271988e-05 
 6.90500000e-10  6.90500000e-10  2.50000000e+00  6.25187879e-06  9.16716432e-06 
 6.91500000e-10  6.91500000e-10  2.50000000e+00  6.08421113e-06 -1.13685115e-05 
 6.92500000e-10  6.92500000e-10  2.50000000e+00  5.92109909e-06  9.22432245e-06 
 6.93500000e-10  6.93500000e-10  2.50000000e+00  5.76241689e-06 -1.13128425e-05 
 6.94500000e-10  6.94500000e-10  2.50000000e+00  5.60804228e-06  9.27854118e-06 
 6.95500000e-10  6.95500000e-10  2.50000000e+00  5.45785648e-06 -1.12600361e-05 
 6.96500000e-10  6.96500000e-10  2.50000000e+00  5.31174400e-06  9.32997234e-06 
 6.97500000e-10  6.97500000e-10  2.50000000e+00  5.16959264e-06 -1.12099442e-05 
 6.98500000e-10  6.98500000e-10  2.50000000e+00  5.03129332e-06  9.37875987e-06 
 6.99500000e-10  6.99500000e-10  2.50000000e+00  4.89674003e-06 -1.11624269e-05 
 7.00500000e-10  7.00500000e-10  2.50000000e+00  4.76582974e-06  9.42504022e-06 
 7.01500000e-10  7.01500000e-10  2.50000000e+00  4.63846230e-06 -1.11173512e-05 
 7.02500000e-10  7.02500000e-10  2.50000000e+00  4.51454036e-06  9.46894278e-06 
 7.03500000e-10  7.03500000e-10  2.50000000e+00  4.39396931e-06 -1.10745911e-05 
 7.04500000e-10  7.04500000e-10  2.50000000e+00  4.27665715e-06  9.51059020e-06 
 7.05500000e-10  7.05500000e-10  2.50000000e+00  4.16251450e-06 -1.10340273e-05 
 7.06500000e-10  7.06500000e-10  2.50000000e+00  4.05145444e-06  9.55009880e-06 
 7.07500000e-10  7.07500000e-10  2.50000000e+00  3.94339249e-06 -1.09955464e-05 
 7.08500000e-10  7.08500000e-10  2.50000000e+00  3.83824653e-06  9.58757884e-06 
 7.09500000e-10  7.09500000e-10  2.50000000e+00  3.73593672e-06 -1.09590411e-05 
 7.10500000e-10  7.10500000e-10  2.50000000e+00  3.63638545e-06  9.62313488e-06 
 7.11500000e-10  7.11500000e-10  2.50000000e+00  3.53951728e-06 -1.09244095e-05 
 7.12500000e-10  7.12500000e-10  2.50000000e+00  3.44525884e-06  9.65686607e-06 
 7.13500000e-10  7.13500000e-10  2.50000000e+00  3.35353884e-06 -1.08915552e-05 
 7.14500000e-10  7.14500000e-10  2.50000000e+00  3.26428795e-06  9.68886642e-06 
 7.15500000e-10  7.15500000e-10  2.50000000e+00  3.17743876e-06 -1.08603865e-05 
 7.16500000e-10  7.16500000e-10  2.50000000e+00  3.09292575e-06  9.71922505e-06 
 7.17500000e-10  7.17500000e-10  2.50000000e+00  3.01068520e-06 -1.08308168e-05 
 7.18500000e-10  7.18500000e-10  2.50000000e+00  2.93065518e-06  9.74802652e-06 
 7.19500000e-10  7.19500000e-10  2.50000000e+00  2.85277545e-06 -1.08027636e-05 
 7.20500000e-10  7.20500000e-10  2.50000000e+00  2.77698745e-06  9.77535095e-06 
 7.21500000e-10  7.21500000e-10  2.50000000e+00  2.70323425e-06 -1.07761489e-05 
 7.22500000e-10  7.22500000e-10  2.50000000e+00  2.63146048e-06  9.80127438e-06 
 7.23500000e-10  7.23500000e-10  2.50000000e+00  2.56161232e-06 -1.07508987e-05 
 7.24500000e-10  7.24500000e-10  2.50000000e+00  2.49363742e-06  9.82586887e-06 
 7.25500000e-10  7.25500000e-10  2.50000000e+00  2.42748488e-06 -1.07269428e-05 
 7.26500000e-10  7.26500000e-10  2.50000000e+00  2.36310521e-06  9.84920279e-06 
 7.27500000e-10  7.27500000e-10  2.50000000e+00  2.30045028e-06 -1.07042147e-05 
 7.28500000e-10  7.28500000e-10  2.50000000e+00  2.23947330e-06  9.87134095e-06 
 7.29500000e-10  7.29500000e-10  2.50000000e+00  2.18012876e-06 -1.06826511e-05 
 7.30500000e-10  7.30500000e-10  2.50000000e+00  2.12237240e-06  9.89234483e-06 
 7.31500000e-10  7.31500000e-10  2.50000000e+00  2.06616118e-06 -1.06621923e-05 
 7.32500000e-10  7.32500000e-10  2.50000000e+00  2.01145325e-06  9.91227273e-06 
 7.33500000e-10  7.33500000e-10  2.50000000e+00  1.95820791e-06 -1.06427815e-05 
 7.34500000e-10  7.34500000e-10  2.50000000e+00  1.90638557e-06  9.93117995e-06 
 7.35500000e-10  7.35500000e-10  2.50000000e+00  1.85594775e-06 -1.06243648e-05 
 7.36500000e-10  7.36500000e-10  2.50000000e+00  1.80685701e-06  9.94911892e-06 
 7.37500000e-10  7.37500000e-10  2.50000000e+00  1.75907692e-06 -1.06068911e-05 
 7.38500000e-10  7.38500000e-10  2.50000000e+00  1.71257209e-06  9.96613938e-06 
 7.39500000e-10  7.39500000e-10  2.50000000e+00  1.66730807e-06 -1.05903121e-05 
 7.40500000e-10  7.40500000e-10  2.50000000e+00  1.62325137e-06  9.98228849e-06 
 7.41500000e-10  7.41500000e-10  2.50000000e+00  1.58036940e-06 -1.05745817e-05 
 7.42500000e-10  7.42500000e-10  2.50000000e+00  1.53863048e-06  9.99761100e-06 
 7.43500000e-10  7.43500000e-10  2.50000000e+00  1.49800380e-06 -1.05596565e-05 
 7.44500000e-10  7.44500000e-10  2.50000000e+00  1.45845936e-06  1.00121493e-05 
 7.45500000e-10  7.45500000e-10  2.50000000e+00  1.41996802e-06 -1.05454950e-05 
 7.46500000e-10  7.46500000e-10  2.50000000e+00  1.38250142e-06  1.00259437e-05 
 7.47500000e-10  7.47500000e-10  2.50000000e+00  1.34603196e-06 -1.05320581e-05 
 7.48500000e-10  7.48500000e-10  2.50000000e+00  1.31053282e-06  1.00390324e-05 
 7.49500000e-10  7.49500000e-10  2.50000000e+00  1.27597789e-06 -1.05193087e-05 
 7.50500000e-10  7.50500000e-10  2.50000000e+00  1.24234179e-06  1.00514515e-05 
 7.51500000e-10  7.51500000e-10  2.50000000e+00  1.20959981e-06 -1.05072114e-05 
 7.52500000e-10  7.52500000e-10  2.50000000e+00  1.17772794e-06  1.00632353e-05 
 7.53500000e-10  7.53500000e-10  2.50000000e+00  1.14670281e-06 -1.04957328e-05 
 7.54500000e-10  7.54500000e-10  2.50000000e+00  1.11650167e-06  1.00744166e-05 
 7.55500000e-10  7.55500000e-10  2.50000000e+00  1.08710242e-06 -1.04848412e-05 
 7.56500000e-10  7.56500000e-10  2.50000000e+00  1.05848354e-06  1.00850261e-05 
 7.57500000e-10  7.57500000e-10  2.50000000e+00  1.03062410e-06 -1.04745065e-05 
 7.58500000e-10  7.58500000e-10  2.50000000e+00  1.00350374e-06  1.00950931e-05 
 7.59500000e-10  7.59500000e-10  2.50000000e+00  9.77102662e-07 -1.04647001e-05 
 7.60500000e-10  7.60500000e-10  2.50000000e+00  9.51401583e-07  1.01046456e-05 
 7.61500000e-10  7.61500000e-10  2.50000000e+00  9.26381763e-07 -1.04553950e-05 
 7.62500000e-10  7.62500000e-10  2.50000000e+00  9.02024962e-07  1.01137098e-05 
 7.63500000e-10  7.63500000e-10  2.50000000e+00  8.78313437e-07 -1.04465655e-05 
 7.64500000e-10  7.64500000e-10  2.50000000e+00  8.55229924e-07  1.01223107e-05 
 7.65500000e-10  7.65500000e-10  2.50000000e+00  8.32757628e-07 -1.04381872e-05 
 7.66500000e-10  7.66500000e-10  2.50000000e+00  8.10880208e-07  1.01304721e-05 
 7.67500000e-10  7.67500000e-10  2.50000000e+00  7.89581766e-07 -1.04302370e-05 
 7.68500000e-10  7.68500000e-10  2.50000000e+00  7.68846834e-07  1.01382166e-05 
 7.69500000e-10  7.69500000e-10  2.50000000e+00  7.48660360e-07 -1.04226930e-05 
 7.70500000e-10  7.70500000e-10  2.50000000e+00  7.29007703e-07  1.01455653e-05 
 7.71500000e-10  7.71500000e-10  2.50000000e+00  7.09874614e-07 -1.04155344e-05 
 7.72500000e-10  7.72500000e-10  2.50000000e+00  6.91247230e-07  1.01525387e-05 
 7.73500000e-10  7.73500000e-10  2.50000000e+00  6.73112063e-07 -1.04087414e-05 
 7.74500000e-10  7.74500000e-10  2.50000000e+00  6.55455988e-07  1.01591559e-05 
 7.75500000e-10  7.75500000e-10  2.50000000e+00  6.38266235e-07 -1.04022954e-05 
 7.76500000e-10  7.76500000e-10  2.50000000e+00  6.21530376e-07  1.01654352e-05 
 7.77500000e-10  7.77500000e-10  2.50000000e+00  6.05236322e-07 -1.03961785e-05 
 7.78500000e-10  7.78500000e-10  2.50000000e+00  5.89372305e-07  1.01713938e-05 
 7.79500000e-10  7.79500000e-10  2.50000000e+00  5.73926878e-07 -1.03903740e-05 
 7.80500000e-10  7.80500000e-10  2.50000000e+00  5.58888900e-07  1.01770482e-05 
 7.81500000e-10  7.81500000e-10  2.50000000e+00  5.44247529e-07 -1.03848659e-05 
 7.82500000e-10  7.82500000e-10  2.50000000e+00  5.29992218e-07  1.01824139e-05 
 7.83500000e-10  7.83500000e-10  2.50000000e+00  5.16112700e-07 -1.03796389e-05 
 7.84500000e-10  7.84500000e-10  2.50000000e+00  5.02598987e-07  1.01875057e-05 
 7.85500000e-10  7.85500000e-10  2.50000000e+00  4.89441356e-07 -1.03746788e-05 
 7.86500000e-10  7.86500000e-10  2.50000000e+00  4.76630348e-07  1.01923376e-05 
 7.87500000e-10  7.87500000e-10  2.50000000e+00  4.64156757e-07 -1.03699718e-05 
 7.88500000e-10  7.88500000e-10  2.50000000e+00  4.52011623e-07  1.01969229e-05 
 7.89500000e-10  7.89500000e-10  2.50000000e+00  4.40186229e-07 -1.03655051e-05 
 7.90500000e-10  7.90500000e-10  2.50000000e+00  4.28672089e-07  1.02012742e-05 
 7.91500000e-10  7.91500000e-10  2.50000000e+00  4.17460947e-07 -1.03612663e-05 
 7.92500000e-10  7.92500000e-10  2.50000000e+00  4.06544765e-07  1.02054034e-05 
 7.93500000e-10  7.93500000e-10  2.50000000e+00  3.95915724e-07 -1.03572437e-05 
 7.94500000e-10  7.94500000e-10  2.50000000e+00  3.85566213e-07  1.02093220e-05 
 7.95500000e-10  7.95500000e-10  2.50000000e+00  3.75488823e-07 -1.03534264e-05 
 7.96500000e-10  7.96500000e-10  2.50000000e+00  3.65676345e-07  1.02130407e-05 
 7.97500000e-10  7.97500000e-10  2.50000000e+00  3.56121764e-07 -1.03498039e-05 
 7.98500000e-10  7.98500000e-10  2.50000000e+00  3.46818250e-07  1.02165696e-05 
 7.99500000e-10  7.99500000e-10  2.50000000e+00  3.37759158e-07 -1.03463661e-05 
 8.00500000e-10  8.00500000e-10  2.50000000e+00  3.28938018e-07  1.02199186e-05 
 8.01500000e-10  8.01500000e-10  2.50000000e+00  3.20348535e-07 -1.03431037e-05 
 8.02500000e-10  8.02500000e-10  2.50000000e+00  3.11984582e-07  1.02230967e-05 
 8.03500000e-10  8.03500000e-10  2.50000000e+00  3.03840194e-07 -1.03400076e-05 
 8.04500000e-10  8.04500000e-10  2.50000000e+00  2.95909567e-07  1.02261127e-05 
 8.05500000e-10  8.05500000e-10  2.50000000e+00  2.88187050e-07 -1.03370695e-05 
 8.06500000e-10  8.06500000e-10  2.50000000e+00  2.80667145e-07  1.02289750e-05 
 8.07500000e-10  8.07500000e-10  2.50000000e+00  2.73344500e-07 -1.03342812e-05 
 8.08500000e-10  8.08500000e-10  2.50000000e+00  2.66213903e-07  1.02316913e-05 
 8.09500000e-10  8.09500000e-10  2.50000000e+00  2.59270285e-07 -1.03316350e-05 
 8.10500000e-10  8.10500000e-10  2.50000000e+00  2.52508708e-07  1.02342691e-05 
 8.11500000e-10  8.11500000e-10  2.50000000e+00  2.45924370e-07 -1.03291238e-05 
 8.12500000e-10  8.12500000e-10  2.50000000e+00  2.39512592e-07  1.02367155e-05 
 8.13500000e-10  8.13500000e-10  2.50000000e+00  2.33268823e-07 -1.03267406e-05 
 8.14500000e-10  8.14500000e-10  2.50000000e+00  2.27188632e-07  1.02390371e-05 
 8.15500000e-10  8.15500000e-10  2.50000000e+00  2.21267705e-07 -1.03244789e-05 
 8.16500000e-10  8.16500000e-10  2.50000000e+00  2.15501845e-07  1.02412405e-05 
 8.17500000e-10  8.17500000e-10  2.50000000e+00  2.09886964e-07 -1.03223324e-05 
 8.18500000e-10  8.18500000e-10  2.50000000e+00  2.04419084e-07  1.02433315e-05 
 8.19500000e-10  8.19500000e-10  2.50000000e+00  1.99094332e-07 -1.03202954e-05 
 8.20500000e-10  8.20500000e-10  2.50000000e+00  1.93908939e-07  1.02453159e-05 
 8.21500000e-10  8.21500000e-10  2.50000000e+00  1.88859236e-07 -1.03183622e-05 
 8.22500000e-10  8.22500000e-10  2.50000000e+00  1.83941649e-07  1.02471992e-05 
 8.23500000e-10  8.23500000e-10  2.50000000e+00  1.79152702e-07 -1.03165275e-05 
 8.24500000e-10  8.24500000e-10  2.50000000e+00  1.74489009e-07  1.02489866e-05 
 8.25500000e-10  8.25500000e-10  2.50000000e+00  1.69947275e-07 -1.03147863e-05 
 8.26500000e-10  8.26500000e-10  2.50000000e+00  1.65524292e-07  1.02506828e-05 
 8.27500000e-10  8.27500000e-10  2.50000000e+00  1.61216936e-07 -1.03131338e-05 
 8.28500000e-10  8.28500000e-10  2.50000000e+00  1.57022169e-07  1.02522927e-05 
 8.29500000e-10  8.29500000e-10  2.50000000e+00  1.52937029e-07 -1.03115655e-05 
 8.30500000e-10  8.30500000e-10  2.50000000e+00  1.48958636e-07  1.02538205e-05 
 8.31500000e-10  8.31500000e-10  2.50000000e+00  1.45084185e-07 -1.03100771e-05 
 8.32500000e-10  8.32500000e-10  2.50000000e+00  1.41310945e-07  1.02552705e-05 
 8.33500000e-10  8.33500000e-10  2.50000000e+00  1.37636257e-07 -1.03086646e-05 
 8.34500000e-10  8.34500000e-10  2.50000000e+00  1.34057534e-07  1.02566466e-05 
 8.35500000e-10  8.35500000e-10  2.50000000e+00  1.30572255e-07 -1.03073240e-05 
 8.36500000e-10  8.36500000e-10  2.50000000e+00  1.27177968e-07  1.02579526e-05 
 8.37500000e-10  8.37500000e-10  2.50000000e+00  1.23872284e-07 -1.03060516e-05 
 8.38500000e-10  8.38500000e-10  2.50000000e+00  1.20652879e-07  1.02591921e-05 
 8.39500000e-10  8.39500000e-10  2.50000000e+00  1.17517489e-07 -1.03048441e-05 
 8.40500000e-10  8.40500000e-10  2.50000000e+00  1.14463909e-07  1.02603685e-05 
 8.41500000e-10  8.41500000e-10  2.50000000e+00  1.11489995e-07 -1.03036981e-05 
 8.42500000e-10  8.42500000e-10  2.50000000e+00  1.08593657e-07  1.02614849e-05 
 8.43500000e-10  8.43500000e-10  2.50000000e+00  1.05772861e-07 -1.03026105e-05 
 8.44500000e-10  8.44500000e-10  2.50000000e+00  1.03025628e-07  1.02625445e-05 
 8.45500000e-10  8.45500000e-10  2.50000000e+00  1.00350029e-07 -1.03015782e-05 
 8.46500000e-10  8.46500000e-10  2.50000000e+00  9.77441873e-08  1.02635501e-05 
 8.47500000e-10  8.47500000e-10  2.50000000e+00  9.52062756e-08 -1.03005985e-05 
 8.48500000e-10  8.48500000e-10  2.50000000e+00  9.27345144e-08  1.02645046e-05 
 8.49500000e-10  8.49500000e-10  2.50000000e+00  9.03271712e-08 -1.02996687e-05 
 8.50500000e-10  8.50500000e-10  2.50000000e+00  8.79825591e-08  1.02654104e-05 
 8.51500000e-10  8.51500000e-10  2.50000000e+00  8.56990360e-08 -1.02987862e-05 
 8.52500000e-10  8.52500000e-10  2.50000000e+00  8.34750028e-08  1.02662701e-05 
 8.53500000e-10  8.53500000e-10  2.50000000e+00  8.13089025e-08 -1.02979487e-05 
 8.54500000e-10  8.54500000e-10  2.50000000e+00  7.91992191e-08  1.02670860e-05 
 8.55500000e-10  8.55500000e-10  2.50000000e+00  7.71444766e-08 -1.02971538e-05 
 8.56500000e-10  8.56500000e-10  2.50000000e+00  7.51432379e-08  1.02678604e-05 
 8.57500000e-10  8.57500000e-10  2.50000000e+00  7.31941034e-08 -1.02963994e-05 
 8.58500000e-10  8.58500000e-10  2.50000000e+00  7.12957106e-08  1.02685954e-05 
 8.59500000e-10  8.59500000e-10  2.50000000e+00  6.94467329e-08 -1.02956833e-05 
 8.60500000e-10  8.60500000e-10  2.50000000e+00  6.76458784e-08  1.02692930e-05 
 8.61500000e-10  8.61500000e-10  2.50000000e+00  6.58918891e-08 -1.02950038e-05 
 8.62500000e-10  8.62500000e-10  2.50000000e+00  6.41835404e-08  1.02699550e-05 
 8.63500000e-10  8.63500000e-10  2.50000000e+00  6.25196396e-08 -1.02943588e-05 
 8.64500000e-10  8.64500000e-10  2.50000000e+00  6.08990254e-08  1.02705834e-05 
 8.65500000e-10  8.65500000e-10  2.50000000e+00  5.93205673e-08 -1.02937466e-05 
 8.66500000e-10  8.66500000e-10  2.50000000e+00  5.77831639e-08  1.02711798e-05 
 8.67500000e-10  8.67500000e-10  2.50000000e+00  5.62857432e-08 -1.02931656e-05 
 8.68500000e-10  8.68500000e-10  2.50000000e+00  5.48272612e-08  1.02717458e-05 
 8.69500000e-10  8.69500000e-10  2.50000000e+00  5.34067014e-08 -1.02926142e-05 
 8.70500000e-10  8.70500000e-10  2.50000000e+00  5.20230738e-08  1.02722830e-05 
 8.71500000e-10  8.71500000e-10  2.50000000e+00  5.06754145e-08 -1.02920908e-05 
 8.72500000e-10  8.72500000e-10  2.50000000e+00  4.93627848e-08  1.02727929e-05 
 8.73500000e-10  8.73500000e-10  2.50000000e+00  4.80842708e-08 -1.02915941e-05 
 8.74500000e-10  8.74500000e-10  2.50000000e+00  4.68389824e-08  1.02732768e-05 
 8.75500000e-10  8.75500000e-10  2.50000000e+00  4.56260530e-08 -1.02911226e-05 
 8.76500000e-10  8.76500000e-10  2.50000000e+00  4.44446383e-08  1.02737361e-05 
 8.77500000e-10  8.77500000e-10  2.50000000e+00  4.32939167e-08 -1.02906752e-05 
 8.78500000e-10  8.78500000e-10  2.50000000e+00  4.21730879e-08  1.02741721e-05 
 8.79500000e-10  8.79500000e-10  2.50000000e+00  4.10813723e-08 -1.02902505e-05 
 8.80500000e-10  8.80500000e-10  2.50000000e+00  4.00180113e-08  1.02745858e-05 
 8.81500000e-10  8.81500000e-10  2.50000000e+00  3.89822656e-08 -1.02898474e-05 
 8.82500000e-10  8.82500000e-10  2.50000000e+00  3.79734156e-08  1.02749785e-05 
 8.83500000e-10  8.83500000e-10  2.50000000e+00  3.69907606e-08 -1.02894648e-05 
 8.84500000e-10  8.84500000e-10  2.50000000e+00  3.60336179e-08  1.02753512e-05 
 8.85500000e-10  8.85500000e-10  2.50000000e+00  3.51013228e-08 -1.02891017e-05 
 8.86500000e-10  8.86500000e-10  2.50000000e+00  3.41932281e-08  1.02757050e-05 
 8.87500000e-10  8.87500000e-10  2.50000000e+00  3.33087035e-08 -1.02887570e-05 
 8.88500000e-10  8.88500000e-10  2.50000000e+00  3.24471352e-08  1.02760408e-05 
 8.89500000e-10  8.89500000e-10  2.50000000e+00  3.16079256e-08 -1.02884299e-05 
 8.90500000e-10  8.90500000e-10  2.50000000e+00  3.07904925e-08  1.02763595e-05 
 8.91500000e-10  8.91500000e-10  2.50000000e+00  2.99942688e-08 -1.02881194e-05 
 8.92500000e-10  8.92500000e-10  2.50000000e+00  2.92187025e-08  1.02766619e-05 
 8.93500000e-10  8.93500000e-10  2.50000000e+00  2.84632560e-08 -1.02878248e-05 
 8.94500000e-10  8.94500000e-10  2.50000000e+00  2.77274056e-08  1.02769490e-05 
 8.95500000e-10  8.95500000e-10  2.50000000e+00  2.70106416e-08 -1.02875451e-05 
 8.96500000e-10  8.96500000e-10  2.50000000e+00  2.63124674e-08  1.02772215e-05 
 8.97500000e-10  8.97500000e-10  2.50000000e+00  2.56323993e-08 -1.02872796e-05 
 8.98500000e-10  8.98500000e-10  2.50000000e+00  2.49699663e-08  1.02774801e-05 
 8.99500000e-10  8.99500000e-10  2.50000000e+00  2.43247099e-08 -1.02870277e-05 
 9.00500000e-10  9.00500000e-10  2.50000000e+00  2.36961829e-08  1.02777256e-05 
 9.01500000e-10  9.01500000e-10  2.50000000e+00  2.30839508e-08 -1.02867885e-05 
 9.02500000e-10  9.02500000e-10  2.50000000e+00  2.24875898e-08  1.02779586e-05 
 9.03500000e-10  9.03500000e-10  2.50000000e+00  2.19066871e-08 -1.02865615e-05 
 9.04500000e-10  9.04500000e-10  2.50000000e+00  2.13408409e-08  1.02781797e-05 
 9.05500000e-10  9.05500000e-10  2.50000000e+00  2.07896599e-08 -1.02863461e-05 
 9.06500000e-10  9.06500000e-10  2.50000000e+00  2.02527630e-08  1.02783896e-05 
 9.07500000e-10  9.07500000e-10  2.50000000e+00  1.97297789e-08 -1.02861416e-05 
 9.08500000e-10  9.08500000e-10  2.50000000e+00  1.92203462e-08  1.02785888e-05 
 9.09500000e-10  9.09500000e-10  2.50000000e+00  1.87241127e-08 -1.02859475e-05 
 9.10500000e-10  9.10500000e-10  2.50000000e+00  1.82407353e-08  1.02787779e-05 
 9.11500000e-10  9.11500000e-10  2.50000000e+00  1.77698804e-08 -1.02857633e-05 
 9.12500000e-10  9.12500000e-10  2.50000000e+00  1.73112226e-08  1.02789573e-05 
 9.13500000e-10  9.13500000e-10  2.50000000e+00  1.68644449e-08 -1.02855885e-05 
 9.14500000e-10  9.14500000e-10  2.50000000e+00  1.64292390e-08  1.02791277e-05 
 9.15500000e-10  9.15500000e-10  2.50000000e+00  1.60053044e-08 -1.02854225e-05 
 9.16500000e-10  9.16500000e-10  2.50000000e+00  1.55923484e-08  1.02792894e-05 
 9.17500000e-10  9.17500000e-10  2.50000000e+00  1.51900861e-08 -1.02852650e-05 
 9.18500000e-10  9.18500000e-10  2.50000000e+00  1.47982397e-08  1.02794428e-05 
 9.19500000e-10  9.19500000e-10  2.50000000e+00  1.44165389e-08 -1.02851155e-05 
 9.20500000e-10  9.20500000e-10  2.50000000e+00  1.40447204e-08  1.02795885e-05 
 9.21500000e-10  9.21500000e-10  2.50000000e+00  1.36825276e-08 -1.02849736e-05 
 9.22500000e-10  9.22500000e-10  2.50000000e+00  1.33297106e-08  1.02797267e-05 
 9.23500000e-10  9.23500000e-10  2.50000000e+00  1.29860264e-08 -1.02848389e-05 
 9.24500000e-10  9.24500000e-10  2.50000000e+00  1.26512381e-08  1.02798579e-05 
 9.25500000e-10  9.25500000e-10  2.50000000e+00  1.23251147e-08 -1.02847111e-05 
 9.26500000e-10  9.26500000e-10  2.50000000e+00  1.20074314e-08  1.02799825e-05 
 9.27500000e-10  9.27500000e-10  2.50000000e+00  1.16979693e-08 -1.02845897e-05 
 9.28500000e-10  9.28500000e-10  2.50000000e+00  1.13965151e-08  1.02801007e-05 
 9.29500000e-10  9.29500000e-10  2.50000000e+00  1.11028613e-08 -1.02844745e-05 
 9.30500000e-10  9.30500000e-10  2.50000000e+00  1.08168055e-08  1.02802129e-05 
 9.31500000e-10  9.31500000e-10  2.50000000e+00  1.05381506e-08 -1.02843652e-05 
 9.32500000e-10  9.32500000e-10  2.50000000e+00  1.02667047e-08  1.02803194e-05 
 9.33500000e-10  9.33500000e-10  2.50000000e+00  1.00022810e-08 -1.02842615e-05 
 9.34500000e-10  9.34500000e-10  2.50000000e+00  9.74469734e-09  1.02804205e-05 
 9.35500000e-10  9.35500000e-10  2.50000000e+00  9.49377649e-09 -1.02841630e-05 
 9.36500000e-10  9.36500000e-10  2.50000000e+00  9.24934571e-09  1.02805165e-05 
 9.37500000e-10  9.37500000e-10  2.50000000e+00  9.01123677e-09 -1.02840695e-05 
 9.38500000e-10  9.38500000e-10  2.50000000e+00  8.77928581e-09  1.02806075e-05 
 9.39500000e-10  9.39500000e-10  2.50000000e+00  8.55333333e-09 -1.02839808e-05 
 9.40500000e-10  9.40500000e-10  2.50000000e+00  8.33322394e-09  1.02806940e-05 
 9.41500000e-10  9.41500000e-10  2.50000000e+00  8.11880610e-09 -1.02838966e-05 
 9.42500000e-10  9.42500000e-10  2.50000000e+00  7.90993235e-09  1.02807760e-05 
 9.43500000e-10  9.43500000e-10  2.50000000e+00  7.70645920e-09 -1.02838166e-05 
 9.44500000e-10  9.44500000e-10  2.50000000e+00  7.50824659e-09  1.02808539e-05 
 9.45500000e-10  9.45500000e-10  2.50000000e+00  7.31515826e-09 -1.02837408e-05 
 9.46500000e-10  9.46500000e-10  2.50000000e+00  7.12706155e-09  1.02809278e-05 
 9.47500000e-10  9.47500000e-10  2.50000000e+00  6.94382708e-09 -1.02836687e-05 
 9.48500000e-10  9.48500000e-10  2.50000000e+00  6.76532898e-09  1.02809980e-05 
 9.49500000e-10  9.49500000e-10  2.50000000e+00  6.59144475e-09 -1.02836004e-05 
 9.50500000e-10  9.50500000e-10  2.50000000e+00  6.42205475e-09  1.02810646e-05 
 9.51500000e-10  9.51500000e-10  2.50000000e+00  6.25704254e-09 -1.02835355e-05 
 9.52500000e-10  9.52500000e-10  2.50000000e+00  6.09629477e-09  1.02811278e-05 
 9.53500000e-10  9.53500000e-10  2.50000000e+00  5.93970114e-09 -1.02834739e-05 
 9.54500000e-10  9.54500000e-10  2.50000000e+00  5.78715414e-09  1.02811878e-05 
 9.55500000e-10  9.55500000e-10  2.50000000e+00  5.63854901e-09 -1.02834155e-05 
 9.56500000e-10  9.56500000e-10  2.50000000e+00  5.49378361e-09  1.02812447e-05 
 9.57500000e-10  9.57500000e-10  2.50000000e+00  5.35275847e-09 -1.02833600e-05 
 9.58500000e-10  9.58500000e-10  2.50000000e+00  5.21537696e-09  1.02812988e-05 
 9.59500000e-10  9.59500000e-10  2.50000000e+00  5.08154479e-09 -1.02833073e-05 
 9.60500000e-10  9.60500000e-10  2.50000000e+00  4.95117015e-09  1.02813501e-05 
 9.61500000e-10  9.61500000e-10  2.50000000e+00  4.82416345e-09 -1.02832574e-05 
 9.62500000e-10  9.62500000e-10  2.50000000e+00  4.70043753e-09  1.02813988e-05 
 9.63500000e-10  9.63500000e-10  2.50000000e+00  4.57990758e-09 -1.02832099e-05 
 9.64500000e-10  9.64500000e-10  2.50000000e+00  4.46249082e-09  1.02814450e-05 
 9.65500000e-10  9.65500000e-10  2.50000000e+00  4.34810676e-09 -1.02831649e-05 
 9.66500000e-10  9.66500000e-10  2.50000000e+00  4.23667699e-09  1.02814889e-05 
 9.67500000e-10  9.67500000e-10  2.50000000e+00  4.12812497e-09 -1.02831221e-05 
 9.68500000e-10  9.68500000e-10  2.50000000e+00  4.02237641e-09  1.02815305e-05 
 9.69500000e-10  9.69500000e-10  2.50000000e+00  3.91935872e-09 -1.02830816e-05 
 9.70500000e-10  9.70500000e-10  2.50000000e+00  3.81900128e-09  1.02815700e-05 
 9.71500000e-10  9.71500000e-10  2.50000000e+00  3.72123528e-09 -1.02830430e-05 
 9.72500000e-10  9.72500000e-10  2.50000000e+00  3.62599384e-09  1.02816076e-05 
 9.73500000e-10  9.73500000e-10  2.50000000e+00  3.53321159e-09 -1.02830065e-05 
 9.74500000e-10  9.74500000e-10  2.50000000e+00  3.44282486e-09  1.02816432e-05 
 9.75500000e-10  9.75500000e-10  2.50000000e+00  3.35477169e-09 -1.02829718e-05 
 9.76500000e-10  9.76500000e-10  2.50000000e+00  3.26899185e-09  1.02816770e-05 
 9.77500000e-10  9.77500000e-10  2.50000000e+00  3.18542658e-09 -1.02829389e-05 
 9.78500000e-10  9.78500000e-10  2.50000000e+00  3.10401852e-09  1.02817091e-05 
 9.79500000e-10  9.79500000e-10  2.50000000e+00  3.02471205e-09 -1.02829076e-05 
 9.80500000e-10  9.80500000e-10  2.50000000e+00  2.94745277e-09  1.02817395e-05 
 9.81500000e-10  9.81500000e-10  2.50000000e+00  2.87218764e-09 -1.02828779e-05 
 9.82500000e-10  9.82500000e-10  2.50000000e+00  2.79886528e-09  1.02817684e-05 
 9.83500000e-10  9.83500000e-10  2.50000000e+00  2.72743537e-09 -1.02828498e-05 
 9.84500000e-10  9.84500000e-10  2.50000000e+00  2.65784901e-09  1.02817959e-05 
 9.85500000e-10  9.85500000e-10  2.50000000e+00  2.59005871e-09 -1.02828230e-05 
 9.86500000e-10  9.86500000e-10  2.50000000e+00  2.52401794e-09  1.02818219e-05 
 9.87500000e-10  9.87500000e-10  2.50000000e+00  2.45968143e-09 -1.02827977e-05 
 9.88500000e-10  9.88500000e-10  2.50000000e+00  2.39700520e-09  1.02818466e-05 
 9.89500000e-10  9.89500000e-10  2.50000000e+00  2.33594635e-09 -1.02827736e-05 
 9.90500000e-10  9.90500000e-10  2.50000000e+00  2.27646312e-09  1.02818701e-05 
 9.91500000e-10  9.91500000e-10  2.50000000e+00  2.21851473e-09 -1.02827507e-05 
 9.92500000e-10  9.92500000e-10  2.50000000e+00  2.16206157e-09  1.02818924e-05 
 9.93500000e-10  9.93500000e-10  2.50000000e+00  2.10706505e-09 -1.02827290e-05 
 9.94500000e-10  9.94500000e-10  2.50000000e+00  2.05348746e-09  1.02819135e-05 
 9.95500000e-10  9.95500000e-10  2.50000000e+00  2.00129216e-09 -1.02827084e-05 
 9.96500000e-10  9.96500000e-10  2.50000000e+00  1.95044347e-09  1.02819336e-05 
 9.97500000e-10  9.97500000e-10  2.50000000e+00  1.90090663e-09 -1.02826889e-05 
 9.98500000e-10  9.98500000e-10  2.50000000e+00  1.85264775e-09  1.02819526e-05 
 9.99500000e-10  9.99500000e-10  2.50000000e+00  1.80563389e-09 -1.02826703e-05 
 1.00050000e-09  1.00050000e-09  2.50000000e+00  1.75983280e-09  1.02819707e-05 
 1.00150000e-09  1.00150000e-09  2.50000000e+00  1.71521313e-09 -1.02826527e-05 
 1.00250000e-09  1.00250000e-09  2.50000000e+00  1.67174452e-09  1.02819879e-05 
 1.00350000e-09  1.00350000e-09  2.50000000e+00  1.62939708e-09 -1.02826360e-05 
 1.00450000e-09  1.00450000e-09  2.50000000e+00  1.58814190e-09  1.02820042e-05 
 1.00550000e-09  1.00550000e-09  2.50000000e+00  1.54795093e-09 -1.02826201e-05 
 1.00650000e-09  1.00650000e-09  2.50000000e+00  1.50879654e-09  1.02820196e-05 
 1.00750000e-09  1.00750000e-09  2.50000000e+00  1.47065193e-09 -1.02826050e-05 
 1.00850000e-09  1.00850000e-09  2.50000000e+00  1.43349108e-09  1.02820343e-05 
 1.00950000e-09  1.00950000e-09  2.50000000e+00  1.39728865e-09 -1.02825908e-05 
 1.01050000e-09  1.01050000e-09  2.50000000e+00  1.36201976e-09  1.02820482e-05 
 1.01150000e-09  1.01150000e-09  2.50000000e+00  1.32766039e-09 -1.02825772e-05 
 1.01250000e-09  1.01250000e-09  2.50000000e+00  1.29418710e-09  1.02820614e-05 
 1.01350000e-09  1.01350000e-09  2.50000000e+00  1.26157702e-09 -1.02825643e-05 
 1.01450000e-09  1.01450000e-09  2.50000000e+00  1.22980785e-09  1.02820740e-05 
 1.01550000e-09  1.01550000e-09  2.50000000e+00  1.19885779e-09 -1.02825521e-05 
 1.01650000e-09  1.01650000e-09  2.50000000e+00  1.16870575e-09  1.02820859e-05 
 1.01750000e-09  1.01750000e-09  2.50000000e+00  1.13933122e-09 -1.02825405e-05 
 1.01850000e-09  1.01850000e-09  2.50000000e+00  1.11071407e-09  1.02820972e-05 
 1.01950000e-09  1.01950000e-09  2.50000000e+00  1.08283461e-09 -1.02825294e-05 
 1.02050000e-09  1.02050000e-09  2.50000000e+00  1.05567396e-09  1.02821079e-05 
 1.02150000e-09  1.02150000e-09  2.50000000e+00  1.02921368e-09 -1.02825190e-05 
 1.02250000e-09  1.02250000e-09  2.50000000e+00  1.00343561e-09  1.02821181e-05 
 1.02350000e-09  1.02350000e-09  2.50000000e+00  9.78322003e-10 -1.02825091e-05 
 1.02450000e-09  1.02450000e-09  2.50000000e+00  9.53855871e-10  1.02821278e-05 
 1.02550000e-09  1.02550000e-09  2.50000000e+00  9.30020423e-10 -1.02824996e-05 
 1.02650000e-09  1.02650000e-09  2.50000000e+00  9.06799509e-10  1.02821370e-05 
 1.02750000e-09  1.02750000e-09  2.50000000e+00  8.84177230e-10 -1.02824907e-05 
 1.02850000e-09  1.02850000e-09  2.50000000e+00  8.62137982e-10  1.02821457e-05 
 1.02950000e-09  1.02950000e-09  2.50000000e+00  8.40666903e-10 -1.02824822e-05 
 1.03050000e-09  1.03050000e-09  2.50000000e+00  8.19749481e-10  1.02821540e-05 
 1.03150000e-09  1.03150000e-09  2.50000000e+00  7.99371201e-10 -1.02824742e-05 
 1.03250000e-09  1.03250000e-09  2.50000000e+00  7.79518143e-10  1.02821618e-05 
 1.03350000e-09  1.03350000e-09  2.50000000e+00  7.60176786e-10 -1.02824665e-05 
 1.03450000e-09  1.03450000e-09  2.50000000e+00  7.41333852e-10  1.02821693e-05 
 1.03550000e-09  1.03550000e-09  2.50000000e+00  7.22976563e-10 -1.02824592e-05 
 1.03650000e-09  1.03650000e-09  2.50000000e+00  7.05092435e-10  1.02821763e-05 
 1.03750000e-09  1.03750000e-09  2.50000000e+00  6.87669233e-10 -1.02824524e-05 
 1.03850000e-09  1.03850000e-09  2.50000000e+00  6.70695020e-10  1.02821831e-05 
 1.03950000e-09  1.03950000e-09  2.50000000e+00  6.54158252e-10 -1.02824458e-05 
 1.04050000e-09  1.04050000e-09  2.50000000e+00  6.38047488e-10  1.02821894e-05 
 1.04150000e-09  1.04150000e-09  2.50000000e+00  6.22351929e-10 -1.02824396e-05 
 1.04250000e-09  1.04250000e-09  2.50000000e+00  6.07061024e-10  1.02821955e-05 
 1.04350000e-09  1.04350000e-09  2.50000000e+00  5.92164271e-10 -1.02824337e-05 
 1.04450000e-09  1.04450000e-09  2.50000000e+00  5.77651269e-10  1.02822012e-05 
 1.04550000e-09  1.04550000e-09  2.50000000e+00  5.63512109e-10 -1.02824281e-05 
 1.04650000e-09  1.04650000e-09  2.50000000e+00  5.49737281e-10  1.02822067e-05 
 1.04750000e-09  1.04750000e-09  2.50000000e+00  5.36317473e-10 -1.02824228e-05 
 1.04850000e-09  1.04850000e-09  2.50000000e+00  5.23243570e-10  1.02822118e-05 
 1.04950000e-09  1.04950000e-09  2.50000000e+00  5.10506607e-10 -1.02824178e-05 
 1.05050000e-09  1.05050000e-09  2.50000000e+00  4.98097814e-10  1.02822168e-05 
 1.05150000e-09  1.05150000e-09  2.50000000e+00  4.86008673e-10 -1.02824130e-05 
 1.05250000e-09  1.05250000e-09  2.50000000e+00  4.74231010e-10  1.02822214e-05 
 1.05350000e-09  1.05350000e-09  2.50000000e+00  4.62756751e-10 -1.02824084e-05 
 1.05450000e-09  1.05450000e-09  2.50000000e+00  4.51578019e-10  1.02822258e-05 
 1.05550000e-09  1.05550000e-09  2.50000000e+00  4.40687286e-10 -1.02824041e-05 
 1.05650000e-09  1.05650000e-09  2.50000000e+00  4.30077170e-10  1.02822300e-05 
 1.05750000e-09  1.05750000e-09  2.50000000e+00  4.19740390e-10 -1.02824000e-05 
 1.05850000e-09  1.05850000e-09  2.50000000e+00  4.09669862e-10  1.02822340e-05 
 1.05950000e-09  1.05950000e-09  2.50000000e+00  3.99858850e-10 -1.02823962e-05 
 1.06050000e-09  1.06050000e-09  2.50000000e+00  3.90300517e-10  1.02822378e-05 
 1.06150000e-09  1.06150000e-09  2.50000000e+00  3.80988424e-10 -1.02823925e-05 
 1.06250000e-09  1.06250000e-09  2.50000000e+00  3.71916330e-10  1.02822414e-05 
 1.06350000e-09  1.06350000e-09  2.50000000e+00  3.63077894e-10 -1.02823890e-05 
 1.06450000e-09  1.06450000e-09  2.50000000e+00  3.54467023e-10  1.02822448e-05 
 1.06550000e-09  1.06550000e-09  2.50000000e+00  3.46078021e-10 -1.02823857e-05 
 1.06650000e-09  1.06650000e-09  2.50000000e+00  3.37905191e-10  1.02822480e-05 
 1.06750000e-09  1.06750000e-09  2.50000000e+00  3.29942935e-10 -1.02823825e-05 
 1.06850000e-09  1.06850000e-09  2.50000000e+00  3.22185706e-10  1.02822511e-05 
 1.06950000e-09  1.06950000e-09  2.50000000e+00  3.14628303e-10 -1.02823795e-05 
 1.07050000e-09  1.07050000e-09  2.50000000e+00  3.07265523e-10  1.02822540e-05 
 1.07150000e-09  1.07150000e-09  2.50000000e+00  3.00092316e-10 -1.02823767e-05 
 1.07250000e-09  1.07250000e-09  2.50000000e+00  2.93103924e-10  1.02822568e-05 
 1.07350000e-09  1.07350000e-09  2.50000000e+00  2.86295594e-10 -1.02823740e-05 
 1.07450000e-09  1.07450000e-09  2.50000000e+00  2.79662618e-10  1.02822594e-05 
 1.07550000e-09  1.07550000e-09  2.50000000e+00  2.73200440e-10 -1.02823714e-05 
 1.07650000e-09  1.07650000e-09  2.50000000e+00  2.66904800e-10  1.02822619e-05 
 1.07750000e-09  1.07750000e-09  2.50000000e+00  2.60771338e-10 -1.02823690e-05 
 1.07850000e-09  1.07850000e-09  2.50000000e+00  2.54795746e-10  1.02822643e-05 
 1.07950000e-09  1.07950000e-09  2.50000000e+00  2.48974010e-10 -1.02823667e-05 
 1.08050000e-09  1.08050000e-09  2.50000000e+00  2.43302267e-10  1.02822665e-05 
 1.08150000e-09  1.08150000e-09  2.50000000e+00  2.37776603e-10 -1.02823645e-05 
 1.08250000e-09  1.08250000e-09  2.50000000e+00  2.32393255e-10  1.02822687e-05 
 1.08350000e-09  1.08350000e-09  2.50000000e+00  2.27148506e-10 -1.02823624e-05 
 1.08450000e-09  1.08450000e-09  2.50000000e+00  2.22038840e-10  1.02822707e-05 
 1.08550000e-09  1.08550000e-09  2.50000000e+00  2.17060740e-10 -1.02823604e-05 
 1.08650000e-09  1.08650000e-09  2.50000000e+00  2.12210837e-10  1.02822726e-05 
 1.08750000e-09  1.08750000e-09  2.50000000e+00  2.07485863e-10 -1.02823586e-05 
 1.08850000e-09  1.08850000e-09  2.50000000e+00  2.02882596e-10  1.02822744e-05 
 1.08950000e-09  1.08950000e-09  2.50000000e+00  1.98397868e-10 -1.02823568e-05 
 1.09050000e-09  1.09050000e-09  2.50000000e+00  1.94028606e-10  1.02822762e-05 
 1.09150000e-09  1.09150000e-09  2.50000000e+00  1.89771839e-10 -1.02823551e-05 
 1.09250000e-09  1.09250000e-09  2.50000000e+00  1.85624644e-10  1.02822778e-05 
 1.09350000e-09  1.09350000e-09  2.50000000e+00  1.81584297e-10 -1.02823535e-05 
 1.09450000e-09  1.09450000e-09  2.50000000e+00  1.77647874e-10  1.02822794e-05 
 1.09550000e-09  1.09550000e-09  2.50000000e+00  1.73812752e-10 -1.02823520e-05 
 1.09650000e-09  1.09650000e-09  2.50000000e+00  1.70076403e-10  1.02822808e-05 
 1.09750000e-09  1.09750000e-09  2.50000000e+00  1.66436251e-10 -1.02823505e-05 
 1.09850000e-09  1.09850000e-09  2.50000000e+00  1.62889870e-10  1.02822823e-05 
 1.09950000e-09  1.09950000e-09  2.50000000e+00  1.59434783e-10 -1.02823492e-05 
 1.10050000e-09  1.10050000e-09  2.50000000e+00  1.56068710e-10  1.02822836e-05 
 1.10150000e-09  1.10150000e-09  2.50000000e+00  1.52789324e-10 -1.02823479e-05 
 1.10250000e-09  1.10250000e-09  2.50000000e+00  1.49594297e-10  1.02822849e-05 
 1.10350000e-09  1.10350000e-09  2.50000000e+00  1.46481548e-10 -1.02823466e-05 
 1.10450000e-09  1.10450000e-09  2.50000000e+00  1.43448996e-10  1.02822861e-05 
 1.10550000e-09  1.10550000e-09  2.50000000e+00  1.40494413e-10 -1.02823455e-05 
 1.10650000e-09  1.10650000e-09  2.50000000e+00  1.37615867e-10  1.02822872e-05 
 1.10750000e-09  1.10750000e-09  2.50000000e+00  1.34811475e-10 -1.02823444e-05 
 1.10850000e-09  1.10850000e-09  2.50000000e+00  1.32079306e-10  1.02822883e-05 
 1.10950000e-09  1.10950000e-09  2.50000000e+00  1.29417526e-10 -1.02823433e-05 
 1.11050000e-09  1.11050000e-09  2.50000000e+00  1.26824254e-10  1.02822893e-05 
 1.11150000e-09  1.11150000e-09  2.50000000e+00  1.24297755e-10 -1.02823423e-05 
 1.11250000e-09  1.11250000e-09  2.50000000e+00  1.21836395e-10  1.02822903e-05 
 1.11350000e-09  1.11350000e-09  2.50000000e+00  1.19438441e-10 -1.02823413e-05 
 1.11450000e-09  1.11450000e-09  2.50000000e+00  1.17102108e-10  1.02822912e-05 
 1.11550000e-09  1.11550000e-09  2.50000000e+00  1.14825911e-10 -1.02823404e-05 
 1.11650000e-09  1.11650000e-09  2.50000000e+00  1.12608315e-10  1.02822921e-05 
 1.11750000e-09  1.11750000e-09  2.50000000e+00  1.10447832e-10 -1.02823396e-05 
 1.11850000e-09  1.11850000e-09  2.50000000e+00  1.08343077e-10  1.02822929e-05 
 1.11950000e-09  1.11950000e-09  2.50000000e+00  1.06292365e-10 -1.02823388e-05 
 1.12050000e-09  1.12050000e-09  2.50000000e+00  1.04294358e-10  1.02822937e-05 
 1.12150000e-09  1.12150000e-09  2.50000000e+00  1.02347819e-10 -1.02823380e-05 
 1.12250000e-09  1.12250000e-09  2.50000000e+00  1.00451459e-10  1.02822945e-05 
 1.12350000e-09  1.12350000e-09  2.50000000e+00  9.86040395e-11 -1.02823373e-05 
 1.12450000e-09  1.12450000e-09  2.50000000e+00  9.68041246e-11  1.02822952e-05 
 1.12550000e-09  1.12550000e-09  2.50000000e+00  9.50504757e-11 -1.02823366e-05 
 1.12650000e-09  1.12650000e-09  2.50000000e+00  9.33419039e-11  1.02822959e-05 
 1.12750000e-09  1.12750000e-09  2.50000000e+00  9.16773195e-11 -1.02823359e-05 
 1.12850000e-09  1.12850000e-09  2.50000000e+00  9.00556822e-11  1.02822965e-05 
 1.12950000e-09  1.12950000e-09  2.50000000e+00  8.84758031e-11 -1.02823353e-05 
 1.13050000e-09  1.13050000e-09  2.50000000e+00  8.69366421e-11  1.02822971e-05 
 1.13150000e-09  1.13150000e-09  2.50000000e+00  8.54371093e-11 -1.02823347e-05 
 1.13250000e-09  1.13250000e-09  2.50000000e+00  8.39761149e-11  1.02822977e-05 
 1.13350000e-09  1.13350000e-09  2.50000000e+00  8.25526684e-11 -1.02823341e-05 
 1.13450000e-09  1.13450000e-09  2.50000000e+00  8.11659275e-11  1.02822982e-05 
 1.13550000e-09  1.13550000e-09  2.50000000e+00  7.98148520e-11 -1.02823336e-05 
 1.13650000e-09  1.13650000e-09  2.50000000e+00  7.84985008e-11  1.02822988e-05 
 1.13750000e-09  1.13750000e-09  2.50000000e+00  7.72160812e-11 -1.02823331e-05 
 1.13850000e-09  1.13850000e-09  2.50000000e+00  7.59666027e-11  1.02822993e-05 
 1.13950000e-09  1.13950000e-09  2.50000000e+00  7.47491734e-11 -1.02823326e-05 
 1.14050000e-09  1.14050000e-09  2.50000000e+00  7.35630505e-11  1.02822997e-05 
 1.14150000e-09  1.14150000e-09  2.50000000e+00  7.24075405e-11 -1.02823321e-05 
 1.14250000e-09  1.14250000e-09  2.50000000e+00  7.12818506e-11  1.02823002e-05 
 1.14350000e-09  1.14350000e-09  2.50000000e+00  7.01850894e-11 -1.02823317e-05 
 1.14450000e-09  1.14450000e-09  2.50000000e+00  6.91165138e-11  1.02823006e-05 
 1.14550000e-09  1.14550000e-09  2.50000000e+00  6.80755788e-11 -1.02823313e-05 
 1.14650000e-09  1.14650000e-09  2.50000000e+00  6.70614921e-11  1.02823010e-05 
 1.14750000e-09  1.14750000e-09  2.50000000e+00  6.60733618e-11 -1.02823309e-05 
 1.14850000e-09  1.14850000e-09  2.50000000e+00  6.51106431e-11  1.02823014e-05 
 1.14950000e-09  1.14950000e-09  2.50000000e+00  6.41726921e-11 -1.02823305e-05 
 1.15050000e-09  1.15050000e-09  2.50000000e+00  6.32589143e-11  1.02823017e-05 
 1.15150000e-09  1.15150000e-09  2.50000000e+00  6.23686162e-11 -1.02823302e-05 
 1.15250000e-09  1.15250000e-09  2.50000000e+00  6.15012530e-11  1.02823021e-05 
 1.15350000e-09  1.15350000e-09  2.50000000e+00  6.06562797e-11 -1.02823298e-05 
 1.15450000e-09  1.15450000e-09  2.50000000e+00  5.98330030e-11  1.02823024e-05 
 1.15550000e-09  1.15550000e-09  2.50000000e+00  5.90309768e-11 -1.02823295e-05 
 1.15650000e-09  1.15650000e-09  2.50000000e+00  5.82496069e-11  1.02823027e-05 
 1.15750000e-09  1.15750000e-09  2.50000000e+00  5.74882492e-11 -1.02823292e-05 
 1.15850000e-09  1.15850000e-09  2.50000000e+00  5.67465571e-11  1.02823030e-05 
 1.15950000e-09  1.15950000e-09  2.50000000e+00  5.60239856e-11 -1.02823289e-05 
 1.16050000e-09  1.16050000e-09  2.50000000e+00  5.53199898e-11  1.02823033e-05 
 1.16150000e-09  1.16150000e-09  2.50000000e+00  5.46340744e-11 -1.02823287e-05 
 1.16250000e-09  1.16250000e-09  2.50000000e+00  5.39658431e-11  1.02823036e-05 
 1.16350000e-09  1.16350000e-09  2.50000000e+00  5.33148006e-11 -1.02823284e-05 
 1.16450000e-09  1.16450000e-09  2.50000000e+00  5.26804515e-11  1.02823038e-05 
 1.16550000e-09  1.16550000e-09  2.50000000e+00  5.20623995e-11 -1.02823282e-05 
 1.16650000e-09  1.16650000e-09  2.50000000e+00  5.14602978e-11  1.02823041e-05 
 1.16750000e-09  1.16750000e-09  2.50000000e+00  5.08737998e-11 -1.02823279e-05 
 1.16850000e-09  1.16850000e-09  2.50000000e+00  5.03023605e-11  1.02823043e-05 
 1.16950000e-09  1.16950000e-09  2.50000000e+00  4.97455341e-11 -1.02823277e-05 
 1.17050000e-09  1.17050000e-09  2.50000000e+00  4.92029739e-11  1.02823045e-05 
 1.17150000e-09  1.17150000e-09  2.50000000e+00  4.86744322e-11 -1.02823275e-05 
 1.17250000e-09  1.17250000e-09  2.50000000e+00  4.81596117e-11  1.02823047e-05 
 1.17350000e-09  1.17350000e-09  2.50000000e+00  4.76579182e-11 -1.02823273e-05 
 1.17450000e-09  1.17450000e-09  2.50000000e+00  4.71690542e-11  1.02823049e-05 
 1.17550000e-09  1.17550000e-09  2.50000000e+00  4.66928713e-11 -1.02823271e-05 
 1.17650000e-09  1.17650000e-09  2.50000000e+00  4.62289236e-11  1.02823051e-05 
 1.17750000e-09  1.17750000e-09  2.50000000e+00  4.57768644e-11 -1.02823269e-05 
 1.17850000e-09  1.17850000e-09  2.50000000e+00  4.53364956e-11  1.02823053e-05 
 1.17950000e-09  1.17950000e-09  2.50000000e+00  4.49075694e-11 -1.02823268e-05 
 1.18050000e-09  1.18050000e-09  2.50000000e+00  4.44896400e-11  1.02823054e-05 
 1.18150000e-09  1.18150000e-09  2.50000000e+00  4.40824102e-11 -1.02823266e-05 
 1.18250000e-09  1.18250000e-09  2.50000000e+00  4.36856820e-11  1.02823056e-05 
 1.18350000e-09  1.18350000e-09  2.50000000e+00  4.32991084e-11 -1.02823264e-05 
 1.18450000e-09  1.18450000e-09  2.50000000e+00  4.29225410e-11  1.02823057e-05 
 1.18550000e-09  1.18550000e-09  2.50000000e+00  4.25556825e-11 -1.02823263e-05 
 1.18650000e-09  1.18650000e-09  2.50000000e+00  4.21980872e-11  1.02823059e-05 
 1.18750000e-09  1.18750000e-09  2.50000000e+00  4.18496558e-11 -1.02823262e-05 
 1.18850000e-09  1.18850000e-09  2.50000000e+00  4.15102894e-11  1.02823060e-05 
 1.18950000e-09  1.18950000e-09  2.50000000e+00  4.11796908e-11 -1.02823260e-05 
 1.19050000e-09  1.19050000e-09  2.50000000e+00  4.08576122e-11  1.02823061e-05 
 1.19150000e-09  1.19150000e-09  2.50000000e+00  4.05438556e-11 -1.02823259e-05 
 1.19250000e-09  1.19250000e-09  2.50000000e+00  4.02381237e-11  1.02823062e-05 
 1.19350000e-09  1.19350000e-09  2.50000000e+00  3.99402184e-11 -1.02823258e-05 
 1.19450000e-09  1.19450000e-09  2.50000000e+00  3.96500406e-11  1.02823064e-05 
 1.19550000e-09  1.19550000e-09  2.50000000e+00  3.93673921e-11 -1.02823257e-05 
 1.19650000e-09  1.19650000e-09  2.50000000e+00  3.90919758e-11  1.02823065e-05 
 1.19750000e-09  1.19750000e-09  2.50000000e+00  3.88236430e-11 -1.02823256e-05 
 1.19850000e-09  1.19850000e-09  2.50000000e+00  3.85622948e-11  1.02823066e-05 
 1.19950000e-09  1.19950000e-09  2.50000000e+00  3.83076833e-11 -1.02823255e-05 
 1.20050000e-09  1.20050000e-09  2.50000000e+00  3.80596105e-11  1.02823067e-05 
 1.20150000e-09  1.20150000e-09  2.50000000e+00  3.78179277e-11 -1.02823254e-05 
 1.20250000e-09  1.20250000e-09  2.50000000e+00  3.75822883e-11  1.02823068e-05 
 1.20350000e-09  1.20350000e-09  2.50000000e+00  3.73528407e-11 -1.02823253e-05 
 1.20450000e-09  1.20450000e-09  2.50000000e+00  3.71292879e-11  1.02823069e-05 
 1.20550000e-09  1.20550000e-09  2.50000000e+00  3.69113325e-11 -1.02823252e-05 
 1.20650000e-09  1.20650000e-09  2.50000000e+00  3.66990242e-11  1.02823069e-05 
 1.20750000e-09  1.20750000e-09  2.50000000e+00  3.64923134e-11 -1.02823251e-05 
 1.20850000e-09  1.20850000e-09  2.50000000e+00  3.62908533e-11  1.02823070e-05 
 1.20950000e-09  1.20950000e-09  2.50000000e+00  3.60945944e-11 -1.02823250e-05 
 1.21050000e-09  1.21050000e-09  2.50000000e+00  3.59034377e-11  1.02823071e-05 
 1.21150000e-09  1.21150000e-09  2.50000000e+00  3.57171849e-11 -1.02823250e-05 
 1.21250000e-09  1.21250000e-09  2.50000000e+00  3.55356875e-11  1.02823072e-05 
 1.21350000e-09  1.21350000e-09  2.50000000e+00  3.53587970e-11 -1.02823249e-05 
 1.21450000e-09  1.21450000e-09  2.50000000e+00  3.51863646e-11  1.02823072e-05 
 1.21550000e-09  1.21550000e-09  2.50000000e+00  3.50184399e-11 -1.02823248e-05 
 1.21650000e-09  1.21650000e-09  2.50000000e+00  3.48550229e-11  1.02823073e-05 
 1.21750000e-09  1.21750000e-09  2.50000000e+00  3.46957669e-11 -1.02823248e-05 
 1.21850000e-09  1.21850000e-09  2.50000000e+00  3.45405232e-11  1.02823074e-05 
 1.21925000e-09  1.21925000e-09  2.50000000e+00  3.44267270e-11 -1.02823247e-05 
 1.22000000e-09  1.22000000e-09  2.50000000e+00  3.43151371e-11  1.02823074e-05 
 1.22010000e-09  1.22010000e-09  2.48750000e+00 -2.77353500e-06 -7.07578008e-04 
 1.22030000e-09  1.22030000e-09  2.46250000e+00 -8.24031320e-06 -6.69724887e-04 
 1.22070000e-09  1.22070000e-09  2.41250000e+00 -1.87053302e-05 -6.31259762e-04 
 1.22150000e-09  1.22150000e-09  2.31250000e+00 -3.78764430e-05 -5.93327724e-04 
 1.22250000e-09  1.22250000e-09  2.18750000e+00 -5.88259536e-05 -6.44425678e-04 
 1.22350000e-09  1.22350000e-09  2.06250000e+00 -7.68001519e-05 -6.68895472e-04 
 1.22450000e-09  1.22450000e-09  1.93750000e+00 -9.17506472e-05 -6.83455949e-04 
 1.22550000e-09  1.22550000e-09  1.81250000e+00 -1.02887294e-04 -6.80131034e-04 
 1.22650000e-09  1.22650000e-09  1.68750000e+00 -1.09197548e-04 -7.08526851e-04 
 1.22750000e-09  1.22750000e-09  1.56250000e+00 -1.09806697e-04 -7.19082479e-04 
 1.22850000e-09  1.22850000e-09  1.43750000e+00 -1.03953146e-04 -7.61237685e-04 
 1.22950000e-09  1.22950000e-09  1.31250000e+00 -9.09648609e-05 -7.85246822e-04 
 1.23050000e-09  1.23050000e-09  1.18750000e+00 -7.02365737e-05 -8.40344370e-04 
 1.23150000e-09  1.23150000e-09  1.06250000e+00 -4.12070730e-05 -8.76551139e-04 
 1.23250000e-09  1.23250000e-09  9.37500000e-01 -3.33542299e-06 -9.42825344e-04 
 1.23350000e-09  1.23350000e-09  8.12500000e-01  4.39265496e-05 -9.88833148e-04 
 1.23450000e-09  1.23450000e-09  6.87500000e-01  1.01175630e-04 -1.06296485e-03 
 1.23550000e-09  1.23550000e-09  5.62500000e-01  1.69187734e-04 -1.11312886e-03 
 1.23650000e-09  1.23650000e-09  4.37500000e-01  2.54426659e-04 -1.11780471e-03 
 1.23750000e-09  1.23750000e-09  3.12500000e-01  3.57035612e-04 -1.16766517e-03 
 1.23850000e-09  1.23850000e-09  1.87500000e-01  4.70932305e-04 -1.24992831e-03 
 1.23925000e-09  1.23925000e-09  9.37500000e-02  5.64163805e-04 -1.28378036e-03 
 1.24000000e-09  1.24000000e-09  0.00000000e+00  6.64451412e-04 -1.34878400e-03 
 1.24010000e-09  1.24010000e-09  0.00000000e+00  6.79915402e-04 -7.14046398e-04 
 1.24030000e-09  1.24030000e-09  0.00000000e+00  7.10488884e-04 -7.09961646e-04 
 1.24070000e-09  1.24070000e-09  0.00000000e+00  7.69284134e-04 -7.09317291e-04 
 1.24150000e-09  1.24150000e-09  0.00000000e+00  8.77743392e-04 -7.03690047e-04 
 1.24250000e-09  1.24250000e-09  0.00000000e+00  9.97450665e-04 -7.01528224e-04 
 1.24350000e-09  1.24350000e-09  0.00000000e+00  1.10119678e-03 -6.96095099e-04 
 1.24450000e-09  1.24450000e-09  0.00000000e+00  1.19067472e-03 -6.95037695e-04 
 1.24550000e-09  1.24550000e-09  0.00000000e+00  1.26741629e-03 -6.90632613e-04 
 1.24650000e-09  1.24650000e-09  0.00000000e+00  1.33280739e-03 -6.90529918e-04 
 1.24750000e-09  1.24750000e-09  0.00000000e+00  1.38810142e-03 -6.87012698e-04 
 1.24850000e-09  1.24850000e-09  0.00000000e+00  1.43445480e-03 -6.87298728e-04 
 1.24950000e-09  1.24950000e-09  0.00000000e+00  1.47238095e-03 -6.84864417e-04 
 1.25050000e-09  1.25050000e-09  0.00000000e+00  1.50124748e-03 -6.91463138e-04 
 1.25150000e-09  1.25150000e-09  0.00000000e+00  1.51997430e-03 -6.99373296e-04 
 1.25250000e-09  1.25250000e-09  0.00000000e+00  1.52764762e-03 -7.16275766e-04 
 1.25350000e-09  1.25350000e-09  0.00000000e+00  1.52350461e-03 -7.34401962e-04 
 1.25450000e-09  1.25450000e-09  0.00000000e+00  1.50691892e-03 -7.61385019e-04 
 1.25550000e-09  1.25550000e-09  0.00000000e+00  1.47738697e-03 -7.89410604e-04 
 1.25650000e-09  1.25650000e-09  0.00000000e+00  1.43451516e-03 -8.26068282e-04 
 1.25750000e-09  1.25750000e-09  0.00000000e+00  1.37800780e-03 -8.63502472e-04 
 1.25850000e-09  1.25850000e-09  0.00000000e+00  1.30765584e-03 -9.09263926e-04 
 1.25950000e-09  1.25950000e-09  0.00000000e+00  1.22332631e-03 -9.55460764e-04 
 1.26050000e-09  1.26050000e-09  0.00000000e+00  1.12495239e-03 -1.00961000e-03 
 1.26150000e-09  1.26150000e-09  0.00000000e+00  1.01252416e-03 -1.06378860e-03 
 1.26250000e-09  1.26250000e-09  0.00000000e+00  8.86079952e-04 -1.12548498e-03 
 1.26350000e-09  1.26350000e-09  0.00000000e+00  7.45698249e-04 -1.18675005e-03 
 1.26450000e-09  1.26450000e-09  0.00000000e+00  5.91490103e-04 -1.25504868e-03 
 1.26550000e-09  1.26550000e-09  0.00000000e+00  4.23592058e-04 -1.32241056e-03 
 1.26650000e-09  1.26650000e-09  0.00000000e+00  2.42159512e-04 -1.39628167e-03 
 1.26750000e-09  1.26750000e-09  0.00000000e+00  4.73604815e-05 -1.46867498e-03 
 1.26850000e-09  1.26850000e-09  0.00000000e+00 -1.60629999e-04 -1.54702169e-03 
 1.26950000e-09  1.26950000e-09  0.00000000e+00 -3.81634747e-04 -1.62332186e-03 
 1.27050000e-09  1.27050000e-09  0.00000000e+00 -6.15479838e-04 -1.70499553e-03 
 1.27150000e-09  1.27150000e-09  0.00000000e+00 -8.62000226e-04 -1.78403310e-03 
 1.27250000e-09  1.27250000e-09  0.00000000e+00 -1.12104462e-03 -1.86784621e-03 
 1.27350000e-09  1.27350000e-09  0.00000000e+00 -1.39248023e-03 -1.94841789e-03 
 1.27450000e-09  1.27450000e-09  0.00000000e+00 -1.67619740e-03 -2.03315313e-03 
 1.27550000e-09  1.27550000e-09  0.00000000e+00 -1.97211431e-03 -2.11402889e-03 
 1.27650000e-09  1.27650000e-09  0.00000000e+00 -2.28017591e-03 -2.19846446e-03 
 1.27750000e-09  1.27750000e-09  0.00000000e+00 -2.60034840e-03 -2.27846913e-03 
 1.27850000e-09  1.27850000e-09  0.00000000e+00 -2.93262771e-03 -2.36144923e-03 
 1.27950000e-09  1.27950000e-09  0.00000000e+00 -3.27705280e-03 -2.43938341e-03 
 1.28050000e-09  1.28050000e-09  0.00000000e+00 -3.63371099e-03 -2.51967294e-03 
 1.28150000e-09  1.28150000e-09  0.00000000e+00 -4.00274375e-03 -2.59429044e-03 
 1.28250000e-09  1.28250000e-09  0.00000000e+00 -4.38435313e-03 -2.67062934e-03 
 1.28350000e-09  1.28350000e-09  0.00000000e+00 -4.77880911e-03 -2.74065207e-03 
 1.28450000e-09  1.28450000e-09  0.00000000e+00 -5.18645804e-03 -2.81173882e-03 
 1.28550000e-09  1.28550000e-09  0.00000000e+00 -5.60773264e-03 -2.87583489e-03 
 1.28650000e-09  1.28650000e-09  0.00000000e+00 -6.04316382e-03 -2.94029841e-03 
 1.28750000e-09  1.28750000e-09  0.00000000e+00 -6.49339507e-03 -2.99704644e-03 
 1.28850000e-09  1.28850000e-09  0.00000000e+00 -6.95920011e-03 -3.05340102e-03 
 1.28950000e-09  1.28950000e-09  0.00000000e+00 -7.44150497e-03 -3.10123303e-03 
 1.29050000e-09  1.29050000e-09  0.00000000e+00 -7.94141599e-03 -3.14780523e-03 
 1.29150000e-09  1.29150000e-09  0.00000000e+00 -8.45885199e-03 -3.18983013e-03 
 1.29250000e-09  1.29250000e-09  0.00000000e+00 -8.98440463e-03 -3.26356441e-03 
 1.29350000e-09  1.29350000e-09  0.00000000e+00 -9.50951113e-03 -3.33317360e-03 
 1.29450000e-09  1.29450000e-09  0.00000000e+00 -1.00351313e-02 -3.40444005e-03 
 1.29550000e-09  1.29550000e-09  0.00000000e+00 -1.05623548e-02 -3.47159685e-03 
 1.29650000e-09  1.29650000e-09  0.00000000e+00 -1.10924900e-02 -3.54041243e-03 
 1.29750000e-09  1.29750000e-09  0.00000000e+00 -1.16271786e-02 -3.60517340e-03 
 1.29850000e-09  1.29850000e-09  0.00000000e+00 -1.21685895e-02 -3.67172162e-03 
 1.29950000e-09  1.29950000e-09  0.00000000e+00 -1.27197714e-02 -3.73444974e-03 
 1.30050000e-09  1.30050000e-09  0.00000000e+00 -1.32854921e-02 -3.79928456e-03 
 1.30150000e-09  1.30150000e-09  0.00000000e+00 -1.38739583e-02 -3.86099609e-03 
 1.30250000e-09  1.30250000e-09  0.00000000e+00 -1.44931137e-02 -3.93117922e-03 
 1.30350000e-09  1.30350000e-09  0.00000000e+00 -1.51342189e-02 -4.01483560e-03 
 1.30450000e-09  1.30450000e-09  0.00000000e+00 -1.57844051e-02 -4.10231375e-03 
 1.30550000e-09  1.30550000e-09  0.00000000e+00 -1.64417376e-02 -4.18754682e-03 
 1.30650000e-09  1.30650000e-09  0.00000000e+00 -1.71044869e-02 -4.27639067e-03 
 1.30750000e-09  1.30750000e-09  0.00000000e+00 -1.77711486e-02 -4.36264984e-03 
 1.30850000e-09  1.30850000e-09  0.00000000e+00 -1.84404234e-02 -4.45219821e-03 
 1.30950000e-09  1.30950000e-09  0.00000000e+00 -1.91111990e-02 -4.53885838e-03 
 1.31050000e-09  1.31050000e-09  0.00000000e+00 -1.97847951e-02 -4.61916209e-03 
 1.31150000e-09  1.31150000e-09  0.00000000e+00 -2.04576143e-02 -4.70237449e-03 
 1.31250000e-09  1.31250000e-09  0.00000000e+00 -2.11146863e-02 -4.80771964e-03 
 1.31350000e-09  1.31350000e-09  0.00000000e+00 -2.17369663e-02 -4.93039056e-03 
 1.31450000e-09  1.31450000e-09  0.00000000e+00 -2.23055260e-02 -5.07741280e-03 
 1.31550000e-09  1.31550000e-09  0.00000000e+00 -2.28015379e-02 -5.24386982e-03 
 1.31650000e-09  1.31650000e-09  0.00000000e+00 -2.32062574e-02 -5.43667342e-03 
 1.31750000e-09  1.31750000e-09  0.00000000e+00 -2.35010061e-02 -5.65078956e-03 
 1.31850000e-09  1.31850000e-09  0.00000000e+00 -2.36671534e-02 -5.89300926e-03 
 1.31950000e-09  1.31950000e-09  0.00000000e+00 -2.36860983e-02 -6.15817488e-03 
 1.32050000e-09  1.32050000e-09  0.00000000e+00 -2.35392489e-02 -6.45295139e-03 
 1.32150000e-09  1.32150000e-09  0.00000000e+00 -2.32080022e-02 -6.77205299e-03 
 1.32250000e-09  1.32250000e-09  0.00000000e+00 -2.26737212e-02 -7.12201475e-03 
 1.32350000e-09  1.32350000e-09  0.00000000e+00 -2.19177235e-02 -7.49788530e-03 
 1.32450000e-09  1.32450000e-09  0.00000000e+00 -2.09213389e-02 -7.90559301e-03 
 1.32550000e-09  1.32550000e-09  0.00000000e+00 -1.96658462e-02 -8.33955774e-03 
 1.32650000e-09  1.32650000e-09  0.00000000e+00 -1.81323225e-02 -8.80607658e-03 
 1.32750000e-09  1.32750000e-09  0.00000000e+00 -1.63009722e-02 -9.29907948e-03 
 1.32850000e-09  1.32850000e-09  0.00000000e+00 -1.41505265e-02 -9.82058207e-03 
 1.32950000e-09  1.32950000e-09  0.00000000e+00 -1.16596665e-02 -1.03630891e-02 
 1.33050000e-09  1.33050000e-09  0.00000000e+00 -8.80794367e-03 -1.09322858e-02 
 1.33150000e-09  1.33150000e-09  0.00000000e+00 -5.57533300e-03 -1.15218509e-02 
 1.33250000e-09  1.33250000e-09  0.00000000e+00 -1.94222762e-03 -1.21371735e-02 
 1.33350000e-09  1.33350000e-09  0.00000000e+00  2.11053941e-03 -1.27716668e-02 
 1.33450000e-09  1.33450000e-09  0.00000000e+00  6.60147431e-03 -1.34305007e-02 
 1.33550000e-09  1.33550000e-09  0.00000000e+00  1.15483762e-02 -1.41068731e-02 
 1.33650000e-09  1.33650000e-09  0.00000000e+00  1.69685247e-02 -1.48057327e-02 
 1.33750000e-09  1.33750000e-09  0.00000000e+00  2.28787320e-02 -1.55200924e-02 
 1.33850000e-09  1.33850000e-09  0.00000000e+00  2.92953676e-02 -1.62547399e-02 
 1.33950000e-09  1.33950000e-09  0.00000000e+00  3.62343889e-02 -1.70025483e-02 
 1.34050000e-09  1.34050000e-09  0.00000000e+00  4.37113782e-02 -1.77681860e-02 
 1.34150000e-09  1.34150000e-09  0.00000000e+00  5.17415860e-02 -1.85444274e-02 
 1.34250000e-09  1.34250000e-09  0.00000000e+00  6.03399811e-02 -1.93358630e-02 
 1.34350000e-09  1.34350000e-09  0.00000000e+00  6.95213078e-02 -2.01352096e-02 
 1.34450000e-09  1.34450000e-09  0.00000000e+00  7.93001521e-02 -2.09470214e-02 
 1.34550000e-09  1.34550000e-09  0.00000000e+00  8.96910163e-02 -2.17640001e-02 
 1.34650000e-09  1.34650000e-09  0.00000000e+00  1.00708404e-01 -2.25907069e-02 
 1.34750000e-09  1.34750000e-09  0.00000000e+00  1.12366919e-01 -2.34198741e-02 
 1.34850000e-09  1.34850000e-09  0.00000000e+00  1.24681376e-01 -2.42561189e-02 
 1.34950000e-09  1.34950000e-09  0.00000000e+00  1.37666931e-01 -2.50922581e-02 
 1.35050000e-09  1.35050000e-09  0.00000000e+00  1.51339234e-01 -2.59330264e-02 
 1.35150000e-09  1.35150000e-09  0.00000000e+00  1.65714609e-01 -2.67713971e-02 
 1.35250000e-09  1.35250000e-09  0.00000000e+00  1.80810270e-01 -2.76123104e-02 
 1.35350000e-09  1.35350000e-09  0.00000000e+00  1.96644586e-01 -2.84490081e-02 
 1.35450000e-09  1.35450000e-09  0.00000000e+00  2.13237410e-01 -2.92867827e-02 
 1.35550000e-09  1.35550000e-09  0.00000000e+00  2.30610495e-01 -3.01193437e-02 
 1.35650000e-09  1.35650000e-09  0.00000000e+00  2.48788047e-01 -3.09526162e-02 
 1.35750000e-09  1.35750000e-09  0.00000000e+00  2.67797450e-01 -3.17811857e-02 
 1.35850000e-09  1.35850000e-09  0.00000000e+00  2.87670284e-01 -3.26122253e-02 
 1.35950000e-09  1.35950000e-09  0.00000000e+00  3.08443781e-01 -3.34421603e-02 
 1.36050000e-09  1.36050000e-09  0.00000000e+00  3.30162990e-01 -3.42809894e-02 
 1.36150000e-09  1.36150000e-09  0.00000000e+00  3.52884205e-01 -3.51296992e-02 
 1.36250000e-09  1.36250000e-09  0.00000000e+00  3.76680670e-01 -3.60061171e-02 
 1.36350000e-09  1.36350000e-09  0.00000000e+00  4.01652906e-01 -3.69257766e-02 
 1.36450000e-09  1.36450000e-09  0.00000000e+00  4.27951981e-01 -3.79402303e-02 
 1.36550000e-09  1.36550000e-09  0.00000000e+00  4.55626539e-01 -3.88580959e-02 
 1.36650000e-09  1.36650000e-09  0.00000000e+00  4.84560560e-01 -3.96816255e-02 
 1.36750000e-09  1.36750000e-09  0.00000000e+00  5.14666455e-01 -4.04898745e-02 
 1.36850000e-09  1.36850000e-09  0.00000000e+00  5.45903916e-01 -4.12739123e-02 
 1.36950000e-09  1.36950000e-09  0.00000000e+00  5.78233378e-01 -4.20418080e-02 
 1.37050000e-09  1.37050000e-09  0.00000000e+00  6.11616032e-01 -4.27847933e-02 
 1.37150000e-09  1.37150000e-09  0.00000000e+00  6.46013850e-01 -4.35110894e-02 
 1.37250000e-09  1.37250000e-09  0.00000000e+00  6.81389594e-01 -4.42120704e-02 
 1.37350000e-09  1.37350000e-09  0.00000000e+00  7.17706834e-01 -4.48960906e-02 
 1.37450000e-09  1.37450000e-09  0.00000000e+00  7.54929954e-01 -4.55546472e-02 
 1.37550000e-09  1.37550000e-09  0.00000000e+00  7.93024658e-01 -4.61944654e-02 
 1.37650000e-09  1.37650000e-09  0.00000000e+00  8.31957114e-01 -4.68110182e-02 
 1.37750000e-09  1.37750000e-09  0.00000000e+00  8.71693812e-01 -4.74107136e-02 
 1.37850000e-09  1.37850000e-09  0.00000000e+00  9.12202438e-01 -4.79852429e-02 
 1.37950000e-09  1.37950000e-09  0.00000000e+00  9.53451514e-01 -4.85432522e-02 
 1.38050000e-09  1.38050000e-09  0.00000000e+00  9.95410396e-01 -4.90765060e-02 
 1.38150000e-09  1.38150000e-09  0.00000000e+00  1.03804927e+00 -4.95937159e-02 
 1.38250000e-09  1.38250000e-09  0.00000000e+00  1.08121341e+00 -4.98989416e-02 
 1.38350000e-09  1.38350000e-09  0.00000000e+00  1.12457455e+00 -4.98982213e-02 
 1.38450000e-09  1.38450000e-09  0.00000000e+00  1.16787351e+00 -4.97529520e-02 
 1.38550000e-09  1.38550000e-09  0.00000000e+00  1.21097321e+00 -4.94821517e-02 
 1.38650000e-09  1.38650000e-09  0.00000000e+00  1.25375412e+00 -4.90991679e-02 
 1.38750000e-09  1.38750000e-09  0.00000000e+00  1.29610833e+00 -4.86135642e-02 
 1.38850000e-09  1.38850000e-09  0.00000000e+00  1.33794107e+00 -4.80403162e-02 
 1.38950000e-09  1.38950000e-09  0.00000000e+00  1.37916949e+00 -4.73868484e-02 
 1.39050000e-09  1.39050000e-09  0.00000000e+00  1.41972165e+00 -4.66661986e-02 
 1.39150000e-09  1.39150000e-09  0.00000000e+00  1.45953548e+00 -4.58840321e-02 
 1.39250000e-09  1.39250000e-09  0.00000000e+00  1.49855794e+00 -4.50514565e-02 
 1.39350000e-09  1.39350000e-09  0.00000000e+00  1.53674416e+00 -4.41729471e-02 
 1.39450000e-09  1.39450000e-09  0.00000000e+00  1.57405679e+00 -4.32586831e-02 
 1.39550000e-09  1.39550000e-09  0.00000000e+00  1.61046524e+00 -4.23116450e-02 
 1.39650000e-09  1.39650000e-09  0.00000000e+00  1.64594504e+00 -4.13407912e-02 
 1.39750000e-09  1.39750000e-09  0.00000000e+00  1.68047729e+00 -4.03480655e-02 
 1.39850000e-09  1.39850000e-09  0.00000000e+00  1.71404809e+00 -3.93414707e-02 
 1.39950000e-09  1.39950000e-09  0.00000000e+00  1.74664809e+00 -3.83220698e-02 
 1.40050000e-09  1.40050000e-09  0.00000000e+00  1.77827201e+00 -3.72970528e-02 
 1.40150000e-09  1.40150000e-09  0.00000000e+00  1.80891825e+00 -3.62667318e-02 
 1.40250000e-09  1.40250000e-09  0.00000000e+00  1.83858850e+00 -3.52376039e-02 
 1.40350000e-09  1.40350000e-09  0.00000000e+00  1.86728737e+00 -3.42093414e-02 
 1.40450000e-09  1.40450000e-09  0.00000000e+00  1.89502210e+00 -3.31878500e-02 
 1.40550000e-09  1.40550000e-09  0.00000000e+00  1.92180221e+00 -3.21722554e-02 
 1.40650000e-09  1.40650000e-09  0.00000000e+00  1.94763930e+00 -3.11679588e-02 
 1.40750000e-09  1.40750000e-09  0.00000000e+00  1.97254673e+00 -3.01736194e-02 
 1.40850000e-09  1.40850000e-09  0.00000000e+00  1.99653941e+00 -2.91942072e-02 
 1.40950000e-09  1.40950000e-09  0.00000000e+00  2.01963363e+00 -2.82279831e-02 
 1.41050000e-09  1.41050000e-09  0.00000000e+00  2.04184680e+00 -2.72795488e-02 
 1.41150000e-09  1.41150000e-09  0.00000000e+00  2.06319732e+00 -2.63468251e-02 
 1.41250000e-09  1.41250000e-09  0.00000000e+00  2.08370442e+00 -2.54340990e-02 
 1.41350000e-09  1.41350000e-09  0.00000000e+00  2.10338798e+00 -2.45390009e-02 
 1.41450000e-09  1.41450000e-09  0.00000000e+00  2.12226842e+00 -2.36655495e-02 
 1.41550000e-09  1.41550000e-09  0.00000000e+00  2.14036661e+00 -2.28111270e-02 
 1.41650000e-09  1.41650000e-09  0.00000000e+00  2.15770369e+00 -2.19795236e-02 
 1.41750000e-09  1.41750000e-09  0.00000000e+00  2.17430104e+00 -2.11679103e-02 
 1.41850000e-09  1.41850000e-09  0.00000000e+00  2.19018016e+00 -2.03798825e-02 
 1.41950000e-09  1.41950000e-09  0.00000000e+00  2.20536259e+00 -1.96124319e-02 
 1.42050000e-09  1.42050000e-09  0.00000000e+00  2.21986984e+00 -1.88689886e-02 
 1.42150000e-09  1.42150000e-09  0.00000000e+00  2.23372335e+00 -1.81463926e-02 
 1.42250000e-09  1.42250000e-09  0.00000000e+00  2.24694439e+00 -1.74479346e-02 
 1.42350000e-09  1.42350000e-09  0.00000000e+00  2.25955405e+00 -1.67703266e-02 
 1.42450000e-09  1.42450000e-09  0.00000000e+00  2.27157319e+00 -1.61167422e-02 
 1.42550000e-09  1.42550000e-09  0.00000000e+00  2.28302742e+00 -1.54924114e-02 
 1.42650000e-09  1.42650000e-09  0.00000000e+00  2.29393192e+00 -1.48749504e-02 
 1.42750000e-09  1.42750000e-09  0.00000000e+00  2.30430282e+00 -1.42865903e-02 
 1.42850000e-09  1.42850000e-09  0.00000000e+00  2.31416698e+00 -1.37210899e-02 
 1.42950000e-09  1.42950000e-09  0.00000000e+00  2.32354542e+00 -1.31747935e-02 
 1.43050000e-09  1.43050000e-09  0.00000000e+00  2.33245864e+00 -1.26504753e-02 
 1.43150000e-09  1.43150000e-09  0.00000000e+00  2.34092664e+00 -1.21444312e-02 
 1.43250000e-09  1.43250000e-09  0.00000000e+00  2.34896885e+00 -1.16593951e-02 
 1.43350000e-09  1.43350000e-09  0.00000000e+00  2.35660416e+00 -1.11916295e-02 
 1.43450000e-09  1.43450000e-09  0.00000000e+00  2.36385088e+00 -1.07438416e-02 
 1.43550000e-09  1.43550000e-09  0.00000000e+00  2.37072676e+00 -1.03122734e-02 
 1.43650000e-09  1.43650000e-09  0.00000000e+00  2.37724895e+00 -9.89961720e-03 
 1.43750000e-09  1.43750000e-09  0.00000000e+00  2.38343405e+00 -9.50210545e-03 
 1.43850000e-09  1.43850000e-09  0.00000000e+00  2.38929804e+00 -9.12242539e-03 
 1.43950000e-09  1.43950000e-09  0.00000000e+00  2.39485635e+00 -8.75680891e-03 
 1.44050000e-09  1.44050000e-09  0.00000000e+00  2.40012383e+00 -8.40794663e-03 
 1.44150000e-09  1.44150000e-09  0.00000000e+00  2.40511476e+00 -8.07207736e-03 
 1.44250000e-09  1.44250000e-09  0.00000000e+00  2.40984284e+00 -7.75190183e-03 
 1.44350000e-09  1.44350000e-09  0.00000000e+00  2.41432125e+00 -7.44367182e-03 
 1.44450000e-09  1.44450000e-09  0.00000000e+00  2.41856261e+00 -7.15010357e-03 
 1.44550000e-09  1.44550000e-09  0.00000000e+00  2.42257900e+00 -6.86746659e-03 
 1.44650000e-09  1.44650000e-09  0.00000000e+00  2.42638200e+00 -6.59849679e-03 
 1.44750000e-09  1.44750000e-09  0.00000000e+00  2.42998267e+00 -6.33948504e-03 
 1.44850000e-09  1.44850000e-09  0.00000000e+00  2.43339157e+00 -6.09319002e-03 
 1.44950000e-09  1.44950000e-09  0.00000000e+00  2.43661879e+00 -5.85592656e-03 
 1.45050000e-09  1.45050000e-09  0.00000000e+00  2.43967395e+00 -5.63047829e-03 
 1.45150000e-09  1.45150000e-09  0.00000000e+00  2.44256624e+00 -5.41318575e-03 
 1.45250000e-09  1.45250000e-09  0.00000000e+00  2.44530436e+00 -5.20685889e-03 
 1.45350000e-09  1.45350000e-09  0.00000000e+00  2.44789665e+00 -5.00786499e-03 
 1.45450000e-09  1.45450000e-09  0.00000000e+00  2.45035099e+00 -4.81904100e-03 
 1.45550000e-09  1.45550000e-09  0.00000000e+00  2.45267491e+00 -4.63678134e-03 
 1.45650000e-09  1.45650000e-09  0.00000000e+00  2.45487553e+00 -4.46395011e-03 
 1.45750000e-09  1.45750000e-09  0.00000000e+00  2.45695962e+00 -4.29696877e-03 
 1.45850000e-09  1.45850000e-09  0.00000000e+00  2.45893361e+00 -4.13872825e-03 
 1.45950000e-09  1.45950000e-09  0.00000000e+00  2.46080360e+00 -3.98567652e-03 
 1.46050000e-09  1.46050000e-09  0.00000000e+00  2.46257533e+00 -3.84073067e-03 
 1.46150000e-09  1.46150000e-09  0.00000000e+00  2.46425430e+00 -3.70036438e-03 
 1.46250000e-09  1.46250000e-09  0.00000000e+00  2.46584565e+00 -3.56751992e-03 
 1.46350000e-09  1.46350000e-09  0.00000000e+00  2.46735429e+00 -3.43869562e-03 
 1.46450000e-09  1.46450000e-09  0.00000000e+00  2.46878485e+00 -3.31685777e-03 
 1.46550000e-09  1.46550000e-09  0.00000000e+00  2.47014170e+00 -3.19852808e-03 
 1.46650000e-09  1.46650000e-09  0.00000000e+00  2.47142897e+00 -3.08669559e-03 
 1.46750000e-09  1.46750000e-09  0.00000000e+00  2.47265056e+00 -2.97790404e-03 
 1.46850000e-09  1.46850000e-09  0.00000000e+00  2.47381017e+00 -2.87516379e-03 
 1.46950000e-09  1.46950000e-09  0.00000000e+00  2.47491126e+00 -2.77503920e-03 
 1.47050000e-09  1.47050000e-09  0.00000000e+00  2.47595713e+00 -2.68056051e-03 
 1.47150000e-09  1.47150000e-09  0.00000000e+00  2.47695086e+00 -2.58831123e-03 
 1.47250000e-09  1.47250000e-09  0.00000000e+00  2.47789538e+00 -2.50134004e-03 
 1.47350000e-09  1.47350000e-09  0.00000000e+00  2.47879344e+00 -2.41624816e-03 
 1.47450000e-09  1.47450000e-09  0.00000000e+00  2.47964762e+00 -2.33610125e-03 
 1.47550000e-09  1.47550000e-09  0.00000000e+00  2.48046038e+00 -2.25751681e-03 
 1.47650000e-09  1.47650000e-09  0.00000000e+00  2.48123401e+00 -2.18357611e-03 
 1.47750000e-09  1.47750000e-09  0.00000000e+00  2.48197069e+00 -2.11091155e-03 
 1.47850000e-09  1.47850000e-09  0.00000000e+00  2.48267261e+00 -2.04253850e-03 
 1.47950000e-09  1.47950000e-09  0.00000000e+00  2.48334182e+00 -1.97492273e-03 
 1.48050000e-09  1.48050000e-09  0.00000000e+00  2.48398030e+00 -1.91082282e-03 
 1.48150000e-09  1.48150000e-09  0.00000000e+00  2.48458992e+00 -1.84754189e-03 
 1.48250000e-09  1.48250000e-09  0.00000000e+00  2.48517217e+00 -1.78821866e-03 
 1.48350000e-09  1.48350000e-09  0.00000000e+00  2.48572845e+00 -1.72951138e-03 
 1.48450000e-09  1.48450000e-09  0.00000000e+00  2.48626007e+00 -1.67456706e-03 
 1.48550000e-09  1.48550000e-09  0.00000000e+00  2.48676828e+00 -1.62005269e-03 
 1.48650000e-09  1.48650000e-09  0.00000000e+00  2.48725429e+00 -1.56912370e-03 
 1.48750000e-09  1.48750000e-09  0.00000000e+00  2.48771919e+00 -1.51845515e-03 
 1.48850000e-09  1.48850000e-09  0.00000000e+00  2.48816405e+00 -1.47121018e-03 
 1.48950000e-09  1.48950000e-09  0.00000000e+00  2.48858988e+00 -1.42407125e-03 
 1.49050000e-09  1.49050000e-09  0.00000000e+00  2.48899762e+00 -1.38020858e-03 
 1.49150000e-09  1.49150000e-09  0.00000000e+00  2.48938816e+00 -1.33631137e-03 
 1.49250000e-09  1.49250000e-09  0.00000000e+00  2.48976236e+00 -1.29555633e-03 
 1.49350000e-09  1.49350000e-09  0.00000000e+00  2.49012101e+00 -1.25463883e-03 
 1.49450000e-09  1.49450000e-09  0.00000000e+00  2.49046488e+00 -1.21674144e-03 
 1.49550000e-09  1.49550000e-09  0.00000000e+00  2.49079467e+00 -1.17856517e-03 
 1.49650000e-09  1.49650000e-09  0.00000000e+00  2.49111108e+00 -1.14329794e-03 
 1.49750000e-09  1.49750000e-09  0.00000000e+00  2.49141473e+00 -1.10764585e-03 
 1.49850000e-09  1.49850000e-09  0.00000000e+00  2.49170625e+00 -1.07480170e-03 
 1.49950000e-09  1.49950000e-09  0.00000000e+00  2.49198620e+00 -1.04147622e-03 
 1.50050000e-09  1.50050000e-09  0.00000000e+00  2.49225512e+00 -1.01086661e-03 
 1.50150000e-09  1.50150000e-09  0.00000000e+00  2.49251354e+00 -9.79687789e-04 
 1.50250000e-09  1.50250000e-09  0.00000000e+00  2.49276193e+00 -9.51140965e-04 
 1.50350000e-09  1.50350000e-09  0.00000000e+00  2.49300077e+00 -9.21944858e-04 
 1.50450000e-09  1.50450000e-09  0.00000000e+00  2.49323048e+00 -8.95304281e-04 
 1.50550000e-09  1.50550000e-09  0.00000000e+00  2.49345149e+00 -8.67941395e-04 
 1.50650000e-09  1.50650000e-09  0.00000000e+00  2.49366418e+00 -8.43064283e-04 
 1.50750000e-09  1.50750000e-09  0.00000000e+00  2.49386893e+00 -8.17398213e-04 
 1.50850000e-09  1.50850000e-09  0.00000000e+00  2.49406609e+00 -7.94154225e-04 
 1.50950000e-09  1.50950000e-09  0.00000000e+00  2.49425600e+00 -7.70060398e-04 
 1.51050000e-09  1.51050000e-09  0.00000000e+00  2.49443897e+00 -7.48330443e-04 
 1.51150000e-09  1.51150000e-09  0.00000000e+00  2.49461530e+00 -7.25694981e-04 
 1.51250000e-09  1.51250000e-09  0.00000000e+00  2.49478528e+00 -7.05370139e-04 
 1.51350000e-09  1.51350000e-09  0.00000000e+00  2.49494918e+00 -6.84088835e-04 
 1.51450000e-09  1.51450000e-09  0.00000000e+00  2.49510726e+00 -6.65069380e-04 
 1.51550000e-09  1.51550000e-09  0.00000000e+00  2.49525976e+00 -6.45046771e-04 
 1.51650000e-09  1.51650000e-09  0.00000000e+00  2.49540692e+00 -6.27241293e-04 
 1.51750000e-09  1.51750000e-09  0.00000000e+00  2.49554896e+00 -6.08389825e-04 
 1.51850000e-09  1.51850000e-09  0.00000000e+00  2.49568608e+00 -5.91714440e-04 
 1.51950000e-09  1.51950000e-09  0.00000000e+00  2.49581849e+00 -5.73953717e-04 
 1.52050000e-09  1.52050000e-09  0.00000000e+00  2.49594637e+00 -5.58331351e-04 
 1.52150000e-09  1.52150000e-09  0.00000000e+00  2.49606992e+00 -5.41587463e-04 
 1.52250000e-09  1.52250000e-09  0.00000000e+00  2.49618929e+00 -5.26947214e-04 
 1.52350000e-09  1.52350000e-09  0.00000000e+00  2.49630466e+00 -5.11152123e-04 
 1.52450000e-09  1.52450000e-09  0.00000000e+00  2.49641619e+00 -4.97428684e-04 
 1.52550000e-09  1.52550000e-09  0.00000000e+00  2.49652401e+00 -4.82519685e-04 
 1.52650000e-09  1.52650000e-09  0.00000000e+00  2.49662828e+00 -4.69652828e-04 
 1.52750000e-09  1.52750000e-09  0.00000000e+00  2.49672913e+00 -4.55572054e-04 
 1.52850000e-09  1.52850000e-09  0.00000000e+00  2.49682668e+00 -4.43506165e-04 
 1.52950000e-09  1.52950000e-09  0.00000000e+00  2.49692107e+00 -4.30200150e-04 
 1.53050000e-09  1.53050000e-09  0.00000000e+00  2.49701241e+00 -4.18883811e-04 
 1.53150000e-09  1.53150000e-09  0.00000000e+00  2.49710082e+00 -4.06303092e-04 
 1.53250000e-09  1.53250000e-09  0.00000000e+00  2.49718639e+00 -3.95688707e-04 
 1.53350000e-09  1.53350000e-09  0.00000000e+00  2.49726924e+00 -3.83787471e-04 
 1.53450000e-09  1.53450000e-09  0.00000000e+00  2.49734947e+00 -3.73830928e-04 
 1.53550000e-09  1.53550000e-09  0.00000000e+00  2.49742716e+00 -3.62566689e-04 
 1.53650000e-09  1.53650000e-09  0.00000000e+00  2.49750241e+00 -3.53227060e-04 
 1.53750000e-09  1.53750000e-09  0.00000000e+00  2.49757531e+00 -3.42560375e-04 
 1.53850000e-09  1.53850000e-09  0.00000000e+00  2.49764593e+00 -3.33799637e-04 
 1.53950000e-09  1.53950000e-09  0.00000000e+00  2.49771437e+00 -3.23693845e-04 
 1.54050000e-09  1.54050000e-09  0.00000000e+00  2.49778068e+00 -3.15476640e-04 
 1.54150000e-09  1.54150000e-09  0.00000000e+00  2.49784496e+00 -3.05897631e-04 
 1.54250000e-09  1.54250000e-09  0.00000000e+00  2.49790726e+00 -2.98191041e-04 
 1.54350000e-09  1.54350000e-09  0.00000000e+00  2.49796765e+00 -2.89107041e-04 
 1.54450000e-09  1.54450000e-09  0.00000000e+00  2.49802621e+00 -2.81880392e-04 
 1.54550000e-09  1.54550000e-09  0.00000000e+00  2.49808298e+00 -2.73261779e-04 
 1.54650000e-09  1.54650000e-09  0.00000000e+00  2.49813804e+00 -2.66486456e-04 
 1.54750000e-09  1.54750000e-09  0.00000000e+00  2.49819143e+00 -2.58305584e-04 
 1.54850000e-09  1.54850000e-09  0.00000000e+00  2.49824322e+00 -2.51954871e-04 
 1.54950000e-09  1.54950000e-09  0.00000000e+00  2.49829346e+00 -2.44185914e-04 
 1.55050000e-09  1.55050000e-09  0.00000000e+00  2.49834219e+00 -2.38234844e-04 
 1.55150000e-09  1.55150000e-09  0.00000000e+00  2.49838946e+00 -2.30853661e-04 
 1.55250000e-09  1.55250000e-09  0.00000000e+00  2.49843533e+00 -2.25278881e-04 
 1.55350000e-09  1.55350000e-09  0.00000000e+00  2.49847984e+00 -2.18262881e-04 
 1.55450000e-09  1.55450000e-09  0.00000000e+00  2.49852303e+00 -2.13042536e-04 
 1.55550000e-09  1.55550000e-09  0.00000000e+00  2.49856494e+00 -2.06370565e-04 
 1.55650000e-09  1.55650000e-09  0.00000000e+00  2.49860562e+00 -2.01484178e-04 
 1.55750000e-09  1.55750000e-09  0.00000000e+00  2.49864510e+00 -1.95136415e-04 
 1.55850000e-09  1.55850000e-09  0.00000000e+00  2.49868343e+00 -1.90564794e-04 
 1.55950000e-09  1.55950000e-09  0.00000000e+00  2.49872063e+00 -1.84522651e-04 
 1.56050000e-09  1.56050000e-09  0.00000000e+00  2.49875674e+00 -1.80247792e-04 
 1.56150000e-09  1.56150000e-09  0.00000000e+00  2.49879181e+00 -1.74493828e-04 
 1.56250000e-09  1.56250000e-09  0.00000000e+00  2.49882585e+00 -1.70498832e-04 
 1.56350000e-09  1.56350000e-09  0.00000000e+00  2.49885890e+00 -1.65016673e-04 
 1.56450000e-09  1.56450000e-09  0.00000000e+00  2.49889100e+00 -1.61285670e-04 
 1.56550000e-09  1.56550000e-09  0.00000000e+00  2.49892216e+00 -1.56059933e-04 
 1.56650000e-09  1.56650000e-09  0.00000000e+00  2.49895243e+00 -1.52578011e-04 
 1.56750000e-09  1.56750000e-09  0.00000000e+00  2.49898182e+00 -1.47594237e-04 
 1.56850000e-09  1.56850000e-09  0.00000000e+00  2.49901037e+00 -1.44347376e-04 
 1.56950000e-09  1.56950000e-09  0.00000000e+00  2.49903809e+00 -1.39591970e-04 
 1.57050000e-09  1.57050000e-09  0.00000000e+00  2.49906502e+00 -1.36566984e-04 
 1.57150000e-09  1.57150000e-09  0.00000000e+00  2.49909118e+00 -1.32027154e-04 
 1.57250000e-09  1.57250000e-09  0.00000000e+00  2.49911659e+00 -1.29211634e-04 
 1.57350000e-09  1.57350000e-09  0.00000000e+00  2.49914127e+00 -1.24875342e-04 
 1.57450000e-09  1.57450000e-09  0.00000000e+00  2.49916525e+00 -1.22257608e-04 
 1.57550000e-09  1.57550000e-09  0.00000000e+00  2.49918854e+00 -1.18113519e-04 
 1.57650000e-09  1.57650000e-09  0.00000000e+00  2.49921117e+00 -1.15682569e-04 
 1.57750000e-09  1.57750000e-09  0.00000000e+00  2.49923315e+00 -1.11720007e-04 
 1.57850000e-09  1.57850000e-09  0.00000000e+00  2.49925452e+00 -1.09465479e-04 
 1.57950000e-09  1.57950000e-09  0.00000000e+00  2.49927527e+00 -1.05674383e-04 
 1.58050000e-09  1.58050000e-09  0.00000000e+00  2.49929544e+00 -1.03586512e-04 
 1.58150000e-09  1.58150000e-09  0.00000000e+00  2.49931503e+00 -9.99574011e-05 
 1.58250000e-09  1.58250000e-09  0.00000000e+00  2.49933407e+00 -9.80269801e-05 
 1.58350000e-09  1.58350000e-09  0.00000000e+00  2.49935257e+00 -9.45509162e-05 
 1.58450000e-09  1.58450000e-09  0.00000000e+00  2.49937055e+00 -9.27692653e-05 
 1.58550000e-09  1.58550000e-09  0.00000000e+00  2.49938802e+00 -8.94378184e-05 
 1.58650000e-09  1.58650000e-09  0.00000000e+00  2.49940500e+00 -8.77967508e-05 
 1.58750000e-09  1.58750000e-09  0.00000000e+00  2.49942150e+00 -8.46019693e-05 
 1.58850000e-09  1.58850000e-09  0.00000000e+00  2.49943754e+00 -8.30937616e-05 
 1.58950000e-09  1.58950000e-09  0.00000000e+00  2.49945312e+00 -8.00281434e-05 
 1.59050000e-09  1.59050000e-09  0.00000000e+00  2.49946827e+00 -7.86455081e-05 
 1.59150000e-09  1.59150000e-09  0.00000000e+00  2.49948299e+00 -7.57019735e-05 
 1.59250000e-09  1.59250000e-09  0.00000000e+00  2.49949730e+00 -7.44380324e-05 
 1.59350000e-09  1.59350000e-09  0.00000000e+00  2.49951121e+00 -7.16098991e-05 
 1.59450000e-09  1.59450000e-09  0.00000000e+00  2.49952473e+00 -7.04581598e-05 
 1.59550000e-09  1.59550000e-09  0.00000000e+00  2.49953787e+00 -6.77391193e-05 
 1.59650000e-09  1.59650000e-09  0.00000000e+00  2.49955064e+00 -6.66934519e-05 
 1.59750000e-09  1.59750000e-09  0.00000000e+00  2.49956305e+00 -6.40775479e-05 
 1.59850000e-09  1.59850000e-09  0.00000000e+00  2.49957512e+00 -6.31321642e-05 
 1.59950000e-09  1.59950000e-09  0.00000000e+00  2.49958685e+00 -6.06137716e-05 
 1.60050000e-09  1.60050000e-09  0.00000000e+00  2.49959825e+00 -5.97632052e-05 
 1.60150000e-09  1.60150000e-09  0.00000000e+00  2.49960934e+00 -5.73370115e-05 
 1.60250000e-09  1.60250000e-09  0.00000000e+00  2.49962011e+00 -5.65760990e-05 
 1.60350000e-09  1.60350000e-09  0.00000000e+00  2.49963059e+00 -5.42370857e-05 
 1.60450000e-09  1.60450000e-09  0.00000000e+00  2.49964077e+00 -5.35609495e-05 
 1.60550000e-09  1.60550000e-09  0.00000000e+00  2.49965067e+00 -5.13043757e-05 
 1.60650000e-09  1.60650000e-09  0.00000000e+00  2.49966029e+00 -5.07084076e-05 
 1.60750000e-09  1.60750000e-09  0.00000000e+00  2.49966965e+00 -4.85297940e-05 
 1.60850000e-09  1.60850000e-09  0.00000000e+00  2.49967875e+00 -4.80096397e-05 
 1.60950000e-09  1.60950000e-09  0.00000000e+00  2.49968759e+00 -4.59047535e-05 
 1.61050000e-09  1.61050000e-09  0.00000000e+00  2.49969619e+00 -4.54562985e-05 
 1.61150000e-09  1.61150000e-09  0.00000000e+00  2.49970455e+00 -4.34211398e-05 
 1.61250000e-09  1.61250000e-09  0.00000000e+00  2.49971267e+00 -4.30404954e-05 
 1.61350000e-09  1.61350000e-09  0.00000000e+00  2.49972057e+00 -4.10712840e-05 
 1.61450000e-09  1.61450000e-09  0.00000000e+00  2.49972826e+00 -4.07547751e-05 
 1.61550000e-09  1.61550000e-09  0.00000000e+00  2.49973573e+00 -3.88479377e-05 
 1.61650000e-09  1.61650000e-09  0.00000000e+00  2.49974299e+00 -3.85920905e-05 
 1.61750000e-09  1.61750000e-09  0.00000000e+00  2.49975005e+00 -3.67442498e-05 
 1.61850000e-09  1.61850000e-09  0.00000000e+00  2.49975692e+00 -3.65457804e-05 
 1.61950000e-09  1.61950000e-09  0.00000000e+00  2.49976359e+00 -3.47537436e-05 
 1.62050000e-09  1.62050000e-09  0.00000000e+00  2.49977008e+00 -3.46095478e-05 
 1.62150000e-09  1.62150000e-09  0.00000000e+00  2.49977639e+00 -3.28702965e-05 
 1.62250000e-09  1.62250000e-09  0.00000000e+00  2.49978253e+00 -3.27774395e-05 
 1.62350000e-09  1.62350000e-09  0.00000000e+00  2.49978850e+00 -3.10881202e-05 
 1.62450000e-09  1.62450000e-09  0.00000000e+00  2.49979430e+00 -3.10438271e-05 
 1.62550000e-09  1.62550000e-09  0.00000000e+00  2.49979994e+00 -2.94017416e-05 
 1.62650000e-09  1.62650000e-09  0.00000000e+00  2.49980543e+00 -2.94033889e-05 
 1.62750000e-09  1.62750000e-09  0.00000000e+00  2.49981076e+00 -2.78059862e-05 
 1.62850000e-09  1.62850000e-09  0.00000000e+00  2.49981595e+00 -2.78510932e-05 
 1.62950000e-09  1.62950000e-09  0.00000000e+00  2.49982099e+00 -2.62959608e-05 
 1.63050000e-09  1.63050000e-09  0.00000000e+00  2.49982590e+00 -2.63821817e-05 
 1.63150000e-09  1.63150000e-09  0.00000000e+00  2.49983067e+00 -2.48670385e-05 
 1.63250000e-09  1.63250000e-09  0.00000000e+00  2.49983531e+00 -2.49921550e-05 
 1.63350000e-09  1.63350000e-09  0.00000000e+00  2.49983982e+00 -2.35148439e-05 
 1.63450000e-09  1.63450000e-09  0.00000000e+00  2.49984420e+00 -2.36767582e-05 
 1.63550000e-09  1.63550000e-09  0.00000000e+00  2.49984847e+00 -2.22352391e-05 
 1.63650000e-09  1.63650000e-09  0.00000000e+00  2.49985262e+00 -2.24319672e-05 
 1.63750000e-09  1.63750000e-09  0.00000000e+00  2.49985665e+00 -2.10243106e-05 
 1.63850000e-09  1.63850000e-09  0.00000000e+00  2.49986057e+00 -2.12539762e-05 
 1.63950000e-09  1.63950000e-09  0.00000000e+00  2.49986439e+00 -1.98783576e-05 
 1.64050000e-09  1.64050000e-09  0.00000000e+00  2.49986810e+00 -2.01391861e-05 
 1.64150000e-09  1.64150000e-09  0.00000000e+00  2.49987170e+00 -1.87938794e-05 
 1.64250000e-09  1.64250000e-09  0.00000000e+00  2.49987521e+00 -1.90841923e-05 
 1.64350000e-09  1.64350000e-09  0.00000000e+00  2.49987862e+00 -1.77675652e-05 
 1.64450000e-09  1.64450000e-09  0.00000000e+00  2.49988194e+00 -1.80857750e-05 
 1.64550000e-09  1.64550000e-09  0.00000000e+00  2.49988517e+00 -1.67962836e-05 
 1.64650000e-09  1.64650000e-09  0.00000000e+00  2.49988831e+00 -1.71408886e-05 
 1.64750000e-09  1.64750000e-09  0.00000000e+00  2.49989136e+00 -1.58770723e-05 
 1.64850000e-09  1.64850000e-09  0.00000000e+00  2.49989433e+00 -1.62465577e-05 
 1.64950000e-09  1.64950000e-09  0.00000000e+00  2.49989721e+00 -1.50071284e-05 
 1.65050000e-09  1.65050000e-09  0.00000000e+00  2.49990002e+00 -1.54003399e-05 
 1.65150000e-09  1.65150000e-09  0.00000000e+00  2.49990275e+00 -1.41838046e-05 
 1.65250000e-09  1.65250000e-09  0.00000000e+00  2.49990540e+00 -1.45993763e-05 
 1.65350000e-09  1.65350000e-09  0.00000000e+00  2.49990799e+00 -1.34045918e-05 
 1.65450000e-09  1.65450000e-09  0.00000000e+00  2.49991050e+00 -1.38413215e-05 
 1.65550000e-09  1.65550000e-09  0.00000000e+00  2.49991294e+00 -1.26671183e-05 
 1.65650000e-09  1.65650000e-09  0.00000000e+00  2.49991532e+00 -1.31238686e-05 
 1.65750000e-09  1.65750000e-09  0.00000000e+00  2.49991763e+00 -1.19691406e-05 
 1.65850000e-09  1.65850000e-09  0.00000000e+00  2.49991987e+00 -1.24448356e-05 
 1.65950000e-09  1.65950000e-09  0.00000000e+00  2.49992206e+00 -1.13085362e-05 
 1.66050000e-09  1.66050000e-09  0.00000000e+00  2.49992419e+00 -1.18021580e-05 
 1.66150000e-09  1.66150000e-09  0.00000000e+00  2.49992625e+00 -1.06832974e-05 
 1.66250000e-09  1.66250000e-09  0.00000000e+00  2.49992826e+00 -1.11938830e-05 
 1.66350000e-09  1.66350000e-09  0.00000000e+00  2.49993022e+00 -1.00915244e-05 
 1.66450000e-09  1.66450000e-09  0.00000000e+00  2.49993212e+00 -1.06181628e-05 
 1.66550000e-09  1.66550000e-09  0.00000000e+00  2.49993397e+00 -9.53142013e-06 
 1.66650000e-09  1.66650000e-09  0.00000000e+00  2.49993577e+00 -1.00732495e-05 
 1.66750000e-09  1.66750000e-09  0.00000000e+00  2.49993752e+00 -9.00128440e-06 
 1.66850000e-09  1.66850000e-09  0.00000000e+00  2.49993922e+00 -9.55748932e-06 
 1.66950000e-09  1.66950000e-09  0.00000000e+00  2.49994088e+00 -8.49950859e-06 
 1.67050000e-09  1.67050000e-09  0.00000000e+00  2.49994249e+00 -9.06931752e-06 
 1.67150000e-09  1.67150000e-09  0.00000000e+00  2.49994406e+00 -8.02457077e-06 
 1.67250000e-09  1.67250000e-09  0.00000000e+00  2.49994558e+00 -8.60725377e-06 
 1.67350000e-09  1.67350000e-09  0.00000000e+00  2.49994706e+00 -7.57503100e-06 
 1.67450000e-09  1.67450000e-09  0.00000000e+00  2.49994850e+00 -8.16989744e-06 
 1.67550000e-09  1.67550000e-09  0.00000000e+00  2.49994990e+00 -7.14952688e-06 
 1.67650000e-09  1.67650000e-09  0.00000000e+00  2.49995127e+00 -7.75592332e-06 
 1.67750000e-09  1.67750000e-09  0.00000000e+00  2.49995259e+00 -6.74676936e-06 
 1.67850000e-09  1.67850000e-09  0.00000000e+00  2.49995388e+00 -7.36407754e-06 
 1.67950000e-09  1.67950000e-09  0.00000000e+00  2.49995514e+00 -6.36553877e-06 
 1.68050000e-09  1.68050000e-09  0.00000000e+00  2.49995636e+00 -6.99317368e-06 
 1.68150000e-09  1.68150000e-09  0.00000000e+00  2.49995754e+00 -6.00468107e-06 
 1.68250000e-09  1.68250000e-09  0.00000000e+00  2.49995870e+00 -6.64208920e-06 
 1.68350000e-09  1.68350000e-09  0.00000000e+00  2.49995982e+00 -5.66310431e-06 
 1.68450000e-09  1.68450000e-09  0.00000000e+00  2.49996092e+00 -6.30976191e-06 
 1.68550000e-09  1.68550000e-09  0.00000000e+00  2.49996198e+00 -5.33977527e-06 
 1.68650000e-09  1.68650000e-09  0.00000000e+00  2.49996301e+00 -5.99518675e-06 
 1.68750000e-09  1.68750000e-09  0.00000000e+00  2.49996402e+00 -5.03371628e-06 
 1.68850000e-09  1.68850000e-09  0.00000000e+00  2.49996499e+00 -5.69741270e-06 
 1.68950000e-09  1.68950000e-09  0.00000000e+00  2.49996595e+00 -4.74400223e-06 
 1.69050000e-09  1.69050000e-09  0.00000000e+00  2.49996687e+00 -5.41553985e-06 
 1.69150000e-09  1.69150000e-09  0.00000000e+00  2.49996777e+00 -4.46975773e-06 
 1.69250000e-09  1.69250000e-09  0.00000000e+00  2.49996865e+00 -5.14871666e-06 
 1.69350000e-09  1.69350000e-09  0.00000000e+00  2.49996950e+00 -4.21015445e-06 
 1.69450000e-09  1.69450000e-09  0.00000000e+00  2.49997033e+00 -4.89613735e-06 
 1.69550000e-09  1.69550000e-09  0.00000000e+00  2.49997113e+00 -3.96440852e-06 
 1.69650000e-09  1.69650000e-09  0.00000000e+00  2.49997192e+00 -4.65703940e-06 
 1.69750000e-09  1.69750000e-09  0.00000000e+00  2.49997268e+00 -3.73177820e-06 
 1.69850000e-09  1.69850000e-09  0.00000000e+00  2.49997342e+00 -4.43070126e-06 
 1.69950000e-09  1.69950000e-09  0.00000000e+00  2.49997414e+00 -3.51156157e-06 
 1.70050000e-09  1.70050000e-09  0.00000000e+00  2.49997484e+00 -4.21644013e-06 
 1.70150000e-09  1.70150000e-09  0.00000000e+00  2.49997553e+00 -3.30309441e-06 
 1.70250000e-09  1.70250000e-09  0.00000000e+00  2.49997619e+00 -4.01360983e-06 
 1.70350000e-09  1.70350000e-09  0.00000000e+00  2.49997684e+00 -3.10574814e-06 
 1.70450000e-09  1.70450000e-09  0.00000000e+00  2.49997747e+00 -3.82159889e-06 
 1.70550000e-09  1.70550000e-09  0.00000000e+00  2.49997808e+00 -2.91892791e-06 
 1.70650000e-09  1.70650000e-09  0.00000000e+00  2.49997867e+00 -3.63982866e-06 
 1.70750000e-09  1.70750000e-09  0.00000000e+00  2.49997925e+00 -2.74207078e-06 
 1.70850000e-09  1.70850000e-09  0.00000000e+00  2.49997981e+00 -3.46775149e-06 
 1.70950000e-09  1.70950000e-09  0.00000000e+00  2.49998036e+00 -2.57464404e-06 
 1.71050000e-09  1.71050000e-09  0.00000000e+00  2.49998089e+00 -3.30484916e-06 
 1.71150000e-09  1.71150000e-09  0.00000000e+00  2.49998141e+00 -2.41614352e-06 
 1.71250000e-09  1.71250000e-09  0.00000000e+00  2.49998192e+00 -3.15063120e-06 
 1.71350000e-09  1.71350000e-09  0.00000000e+00  2.49998241e+00 -2.26609210e-06 
 1.71450000e-09  1.71450000e-09  0.00000000e+00  2.49998288e+00 -3.00463345e-06 
 1.71550000e-09  1.71550000e-09  0.00000000e+00  2.49998335e+00 -2.12403822e-06 
 1.71650000e-09  1.71650000e-09  0.00000000e+00  2.49998380e+00 -2.86641663e-06 
 1.71750000e-09  1.71750000e-09  0.00000000e+00  2.49998424e+00 -1.98955456e-06 
 1.71850000e-09  1.71850000e-09  0.00000000e+00  2.49998466e+00 -2.73556502e-06 
 1.71950000e-09  1.71950000e-09  0.00000000e+00  2.49998508e+00 -1.86223666e-06 
 1.72050000e-09  1.72050000e-09  0.00000000e+00  2.49998548e+00 -2.61168516e-06 
 1.72150000e-09  1.72150000e-09  0.00000000e+00  2.49998588e+00 -1.74170175e-06 
 1.72250000e-09  1.72250000e-09  0.00000000e+00  2.49998626e+00 -2.49440466e-06 
 1.72350000e-09  1.72350000e-09  0.00000000e+00  2.49998663e+00 -1.62758758e-06 
 1.72450000e-09  1.72450000e-09  0.00000000e+00  2.49998699e+00 -2.38337111e-06 
 1.72550000e-09  1.72550000e-09  0.00000000e+00  2.49998735e+00 -1.51955128e-06 
 1.72650000e-09  1.72650000e-09  0.00000000e+00  2.49998769e+00 -2.27825095e-06 
 1.72750000e-09  1.72750000e-09  0.00000000e+00  2.49998802e+00 -1.41726834e-06 
 1.72850000e-09  1.72850000e-09  0.00000000e+00  2.49998835e+00 -2.17872848e-06 
 1.72950000e-09  1.72950000e-09  0.00000000e+00  2.49998866e+00 -1.32043165e-06 
 1.73050000e-09  1.73050000e-09  0.00000000e+00  2.49998897e+00 -2.08450491e-06 
 1.73150000e-09  1.73150000e-09  0.00000000e+00  2.49998927e+00 -1.22875051e-06 
 1.73250000e-09  1.73250000e-09  0.00000000e+00  2.49998956e+00 -1.99529743e-06 
 1.73350000e-09  1.73350000e-09  0.00000000e+00  2.49998984e+00 -1.14194980e-06 
 1.73450000e-09  1.73450000e-09  0.00000000e+00  2.49999011e+00 -1.91083839e-06 
 1.73550000e-09  1.73550000e-09  0.00000000e+00  2.49999038e+00 -1.05976911e-06 
 1.73650000e-09  1.73650000e-09  0.00000000e+00  2.49999064e+00 -1.83087444e-06 
 1.73750000e-09  1.73750000e-09  0.00000000e+00  2.49999090e+00 -9.81961965e-07 
 1.73850000e-09  1.73850000e-09  0.00000000e+00  2.49999114e+00 -1.75516579e-06 
 1.73950000e-09  1.73950000e-09  0.00000000e+00  2.49999138e+00 -9.08295079e-07 
 1.74050000e-09  1.74050000e-09  0.00000000e+00  2.49999161e+00 -1.68348548e-06 
 1.74150000e-09  1.74150000e-09  0.00000000e+00  2.49999184e+00 -8.38547640e-07 
 1.74250000e-09  1.74250000e-09  0.00000000e+00  2.49999206e+00 -1.61561867e-06 
 1.74350000e-09  1.74350000e-09  0.00000000e+00  2.49999228e+00 -7.72510644e-07 
 1.74450000e-09  1.74450000e-09  0.00000000e+00  2.49999249e+00 -1.55136204e-06 
 1.74550000e-09  1.74550000e-09  0.00000000e+00  2.49999269e+00 -7.09986261e-07 
 1.74650000e-09  1.74650000e-09  0.00000000e+00  2.49999289e+00 -1.49052310e-06 
 1.74750000e-09  1.74750000e-09  0.00000000e+00  2.49999308e+00 -6.50787237e-07 
 1.74850000e-09  1.74850000e-09  0.00000000e+00  2.49999327e+00 -1.43291969e-06 
 1.74950000e-09  1.74950000e-09  0.00000000e+00  2.49999345e+00 -5.94736327e-07 
 1.75050000e-09  1.75050000e-09  0.00000000e+00  2.49999362e+00 -1.37837934e-06 
 1.75150000e-09  1.75150000e-09  0.00000000e+00  2.49999380e+00 -5.41665754e-07 
 1.75250000e-09  1.75250000e-09  0.00000000e+00  2.49999396e+00 -1.32673885e-06 
 1.75350000e-09  1.75350000e-09  0.00000000e+00  2.49999413e+00 -4.91416709e-07 
 1.75450000e-09  1.75450000e-09  0.00000000e+00  2.49999429e+00 -1.27784368e-06 
 1.75550000e-09  1.75550000e-09  0.00000000e+00  2.49999444e+00 -4.43838866e-07 
 1.75650000e-09  1.75650000e-09  0.00000000e+00  2.49999459e+00 -1.23154759e-06 
 1.75750000e-09  1.75750000e-09  0.00000000e+00  2.49999474e+00 -3.98789925e-07 
 1.75850000e-09  1.75850000e-09  0.00000000e+00  2.49999488e+00 -1.18771213e-06 
 1.75950000e-09  1.75950000e-09  0.00000000e+00  2.49999502e+00 -3.56135190e-07 
 1.76050000e-09  1.76050000e-09  0.00000000e+00  2.49999515e+00 -1.14620625e-06 
 1.76150000e-09  1.76150000e-09  0.00000000e+00  2.49999528e+00 -3.15747153e-07 
 1.76250000e-09  1.76250000e-09  0.00000000e+00  2.49999541e+00 -1.10690589e-06 
 1.76350000e-09  1.76350000e-09  0.00000000e+00  2.49999553e+00 -2.77505114e-07 
 1.76450000e-09  1.76450000e-09  0.00000000e+00  2.49999565e+00 -1.06969361e-06 
 1.76550000e-09  1.76550000e-09  0.00000000e+00  2.49999577e+00 -2.41294818e-07 
 1.76650000e-09  1.76650000e-09  0.00000000e+00  2.49999589e+00 -1.03445826e-06 
 1.76750000e-09  1.76750000e-09  0.00000000e+00  2.49999600e+00 -2.07008104e-07 
 1.76850000e-09  1.76850000e-09  0.00000000e+00  2.49999610e+00 -1.00109459e-06 
 1.76950000e-09  1.76950000e-09  0.00000000e+00  2.49999621e+00 -1.74542585e-07 
 1.77050000e-09  1.77050000e-09  0.00000000e+00  2.49999631e+00 -9.69502996e-07 
 1.77150000e-09  1.77150000e-09  0.00000000e+00  2.49999641e+00 -1.43801336e-07 
 1.77250000e-09  1.77250000e-09  0.00000000e+00  2.49999651e+00 -9.39589162e-07 
 1.77350000e-09  1.77350000e-09  0.00000000e+00  2.49999660e+00 -1.14692603e-07 
 1.77450000e-09  1.77450000e-09  0.00000000e+00  2.49999669e+00 -9.11263817e-07 
 1.77550000e-09  1.77550000e-09  0.00000000e+00  2.49999678e+00 -8.71295226e-08 
 1.77650000e-09  1.77650000e-09  0.00000000e+00  2.49999687e+00 -8.84442448e-07 
 1.77750000e-09  1.77750000e-09  0.00000000e+00  2.49999695e+00 -6.10298675e-08 
 1.77850000e-09  1.77850000e-09  0.00000000e+00  2.49999704e+00 -8.59045049e-07 
 1.77950000e-09  1.77950000e-09  0.00000000e+00  2.49999712e+00 -3.63157930e-08 
 1.78050000e-09  1.78050000e-09  0.00000000e+00  2.49999719e+00 -8.34995879e-07 
 1.78150000e-09  1.78150000e-09  0.00000000e+00  2.49999727e+00 -1.29136046e-08 
 1.78250000e-09  1.78250000e-09  0.00000000e+00  2.49999734e+00 -8.12223234e-07 
 1.78350000e-09  1.78350000e-09  0.00000000e+00  2.49999742e+00  9.24646407e-09 
 1.78450000e-09  1.78450000e-09  0.00000000e+00  2.49999748e+00 -7.90659233e-07 
 1.78550000e-09  1.78550000e-09  0.00000000e+00  2.49999755e+00  3.02304608e-08 
 1.78650000e-09  1.78650000e-09  0.00000000e+00  2.49999762e+00 -7.70239611e-07 
 1.78750000e-09  1.78750000e-09  0.00000000e+00  2.49999768e+00  5.01009141e-08 
 1.78850000e-09  1.78850000e-09  0.00000000e+00  2.49999775e+00 -7.50903529e-07 
 1.78950000e-09  1.78950000e-09  0.00000000e+00  2.49999781e+00  6.89170212e-08 
 1.79050000e-09  1.79050000e-09  0.00000000e+00  2.49999787e+00 -7.32593389e-07 
 1.79150000e-09  1.79150000e-09  0.00000000e+00  2.49999792e+00  8.67348245e-08 
 1.79250000e-09  1.79250000e-09  0.00000000e+00  2.49999798e+00 -7.15254660e-07 
 1.79350000e-09  1.79350000e-09  0.00000000e+00  2.49999803e+00  1.03607383e-07 
 1.79450000e-09  1.79450000e-09  0.00000000e+00  2.49999809e+00 -6.98835717e-07 
 1.79550000e-09  1.79550000e-09  0.00000000e+00  2.49999814e+00  1.19584928e-07 
 1.79650000e-09  1.79650000e-09  0.00000000e+00  2.49999819e+00 -6.83287684e-07 
 1.79750000e-09  1.79750000e-09  0.00000000e+00  2.49999824e+00  1.34715016e-07 
 1.79850000e-09  1.79850000e-09  0.00000000e+00  2.49999828e+00 -6.68564285e-07 
 1.79950000e-09  1.79950000e-09  0.00000000e+00  2.49999833e+00  1.49042675e-07 
 1.80050000e-09  1.80050000e-09  0.00000000e+00  2.49999838e+00 -6.54621712e-07 
 1.80150000e-09  1.80150000e-09  0.00000000e+00  2.49999842e+00  1.62610530e-07 
 1.80250000e-09  1.80250000e-09  0.00000000e+00  2.49999846e+00 -6.41418486e-07 
 1.80350000e-09  1.80350000e-09  0.00000000e+00  2.49999850e+00  1.75458943e-07 
 1.80450000e-09  1.80450000e-09  0.00000000e+00  2.49999854e+00 -6.28915336e-07 
 1.80550000e-09  1.80550000e-09  0.00000000e+00  2.49999858e+00  1.87626123e-07 
 1.80650000e-09  1.80650000e-09  0.00000000e+00  2.49999862e+00 -6.17075083e-07 
 1.80750000e-09  1.80750000e-09  0.00000000e+00  2.49999866e+00  1.99148249e-07 
 1.80850000e-09  1.80850000e-09  0.00000000e+00  2.49999869e+00 -6.05862524e-07 
 1.80950000e-09  1.80950000e-09  0.00000000e+00  2.49999873e+00  2.10059572e-07 
 1.81050000e-09  1.81050000e-09  0.00000000e+00  2.49999876e+00 -5.95244330e-07 
 1.81150000e-09  1.81150000e-09  0.00000000e+00  2.49999880e+00  2.20392524e-07 
 1.81250000e-09  1.81250000e-09  0.00000000e+00  2.49999883e+00 -5.85188945e-07 
 1.81350000e-09  1.81350000e-09  0.00000000e+00  2.49999886e+00  2.30177809e-07 
 1.81450000e-09  1.81450000e-09  0.00000000e+00  2.49999889e+00 -5.75666492e-07 
 1.81550000e-09  1.81550000e-09  0.00000000e+00  2.49999892e+00  2.39444501e-07 
 1.81650000e-09  1.81650000e-09  0.00000000e+00  2.49999895e+00 -5.66648682e-07 
 1.81750000e-09  1.81750000e-09  0.00000000e+00  2.49999898e+00  2.48220124e-07 
 1.81850000e-09  1.81850000e-09  0.00000000e+00  2.49999901e+00 -5.58108731e-07 
 1.81950000e-09  1.81950000e-09  0.00000000e+00  2.49999903e+00  2.56530741e-07 
 1.82050000e-09  1.82050000e-09  0.00000000e+00  2.49999906e+00 -5.50021280e-07 
 1.82150000e-09  1.82150000e-09  0.00000000e+00  2.49999908e+00  2.64401030e-07 
 1.82250000e-09  1.82250000e-09  0.00000000e+00  2.49999911e+00 -5.42362315e-07 
 1.82350000e-09  1.82350000e-09  0.00000000e+00  2.49999913e+00  2.71854353e-07 
 1.82450000e-09  1.82450000e-09  0.00000000e+00  2.49999916e+00 -5.35109103e-07 
 1.82550000e-09  1.82550000e-09  0.00000000e+00  2.49999918e+00  2.78912834e-07 
 1.82650000e-09  1.82650000e-09  0.00000000e+00  2.49999920e+00 -5.28240117e-07 
 1.82750000e-09  1.82750000e-09  0.00000000e+00  2.49999922e+00  2.85597421e-07 
 1.82850000e-09  1.82850000e-09  0.00000000e+00  2.49999924e+00 -5.21734973e-07 
 1.82950000e-09  1.82950000e-09  0.00000000e+00  2.49999926e+00  2.91927947e-07 
 1.83050000e-09  1.83050000e-09  0.00000000e+00  2.49999928e+00 -5.15574372e-07 
 1.83150000e-09  1.83150000e-09  0.00000000e+00  2.49999930e+00  2.97923191e-07 
 1.83250000e-09  1.83250000e-09  0.00000000e+00  2.49999932e+00 -5.09740039e-07 
 1.83350000e-09  1.83350000e-09  0.00000000e+00  2.49999934e+00  3.03600936e-07 
 1.83450000e-09  1.83450000e-09  0.00000000e+00  2.49999936e+00 -5.04214673e-07 
 1.83550000e-09  1.83550000e-09  0.00000000e+00  2.49999937e+00  3.08978019e-07 
 1.83650000e-09  1.83650000e-09  0.00000000e+00  2.49999939e+00 -4.98981888e-07 
 1.83750000e-09  1.83750000e-09  0.00000000e+00  2.49999941e+00  3.14070383e-07 
 1.83850000e-09  1.83850000e-09  0.00000000e+00  2.49999942e+00 -4.94026171e-07 
 1.83950000e-09  1.83950000e-09  0.00000000e+00  2.49999944e+00  3.18893125e-07 
 1.84050000e-09  1.84050000e-09  0.00000000e+00  2.49999945e+00 -4.89332832e-07 
 1.84150000e-09  1.84150000e-09  0.00000000e+00  2.49999947e+00  3.23460539e-07 
 1.84250000e-09  1.84250000e-09  0.00000000e+00  2.49999948e+00 -4.84887960e-07 
 1.84350000e-09  1.84350000e-09  0.00000000e+00  2.49999950e+00  3.27786160e-07 
 1.84450000e-09  1.84450000e-09  0.00000000e+00  2.49999951e+00 -4.80678386e-07 
 1.84550000e-09  1.84550000e-09  0.00000000e+00  2.49999952e+00  3.31882805e-07 
 1.84650000e-09  1.84650000e-09  0.00000000e+00  2.49999954e+00 -4.76691637e-07 
 1.84750000e-09  1.84750000e-09  0.00000000e+00  2.49999955e+00  3.35762610e-07 
 1.84850000e-09  1.84850000e-09  0.00000000e+00  2.49999956e+00 -4.72915903e-07 
 1.84950000e-09  1.84950000e-09  0.00000000e+00  2.49999957e+00  3.39437068e-07 
 1.85050000e-09  1.85050000e-09  0.00000000e+00  2.49999958e+00 -4.69340001e-07 
 1.85150000e-09  1.85150000e-09  0.00000000e+00  2.49999960e+00  3.42917061e-07 
 1.85250000e-09  1.85250000e-09  0.00000000e+00  2.49999961e+00 -4.65953342e-07 
 1.85350000e-09  1.85350000e-09  0.00000000e+00  2.49999962e+00  3.46212892e-07 
 1.85450000e-09  1.85450000e-09  0.00000000e+00  2.49999963e+00 -4.62745899e-07 
 1.85550000e-09  1.85550000e-09  0.00000000e+00  2.49999964e+00  3.49334321e-07 
 1.85650000e-09  1.85650000e-09  0.00000000e+00  2.49999965e+00 -4.59708176e-07 
 1.85750000e-09  1.85750000e-09  0.00000000e+00  2.49999966e+00  3.52290586e-07 
 1.85850000e-09  1.85850000e-09  0.00000000e+00  2.49999967e+00 -4.56831182e-07 
 1.85950000e-09  1.85950000e-09  0.00000000e+00  2.49999967e+00  3.55090437e-07 
 1.86050000e-09  1.86050000e-09  0.00000000e+00  2.49999968e+00 -4.54106402e-07 
 1.86150000e-09  1.86150000e-09  0.00000000e+00  2.49999969e+00  3.57742160e-07 
 1.86250000e-09  1.86250000e-09  0.00000000e+00  2.49999970e+00 -4.51525774e-07 
 1.86350000e-09  1.86350000e-09  0.00000000e+00  2.49999971e+00  3.60253602e-07 
 1.86450000e-09  1.86450000e-09  0.00000000e+00  2.49999972e+00 -4.49081663e-07 
 1.86550000e-09  1.86550000e-09  0.00000000e+00  2.49999972e+00  3.62632190e-07 
 1.86650000e-09  1.86650000e-09  0.00000000e+00  2.49999973e+00 -4.46766839e-07 
 1.86750000e-09  1.86750000e-09  0.00000000e+00  2.49999974e+00  3.64884962e-07 
 1.86850000e-09  1.86850000e-09  0.00000000e+00  2.49999975e+00 -4.44574454e-07 
 1.86950000e-09  1.86950000e-09  0.00000000e+00  2.49999975e+00  3.67018580e-07 
 1.87050000e-09  1.87050000e-09  0.00000000e+00  2.49999976e+00 -4.42498026e-07 
 1.87150000e-09  1.87150000e-09  0.00000000e+00  2.49999977e+00  3.69039353e-07 
 1.87250000e-09  1.87250000e-09  0.00000000e+00  2.49999977e+00 -4.40531415e-07 
 1.87350000e-09  1.87350000e-09  0.00000000e+00  2.49999978e+00  3.70953255e-07 
 1.87450000e-09  1.87450000e-09  0.00000000e+00  2.49999978e+00 -4.38668806e-07 
 1.87550000e-09  1.87550000e-09  0.00000000e+00  2.49999979e+00  3.72765946e-07 
 1.87650000e-09  1.87650000e-09  0.00000000e+00  2.49999980e+00 -4.36904694e-07 
 1.87750000e-09  1.87750000e-09  0.00000000e+00  2.49999980e+00  3.74482784e-07 
 1.87850000e-09  1.87850000e-09  0.00000000e+00  2.49999981e+00 -4.35233863e-07 
 1.87950000e-09  1.87950000e-09  0.00000000e+00  2.49999981e+00  3.76108841e-07 
 1.88050000e-09  1.88050000e-09  0.00000000e+00  2.49999982e+00 -4.33651378e-07 
 1.88150000e-09  1.88150000e-09  0.00000000e+00  2.49999982e+00  3.77648924e-07 
 1.88250000e-09  1.88250000e-09  0.00000000e+00  2.49999983e+00 -4.32152560e-07 
 1.88350000e-09  1.88350000e-09  0.00000000e+00  2.49999983e+00  3.79107582e-07 
 1.88450000e-09  1.88450000e-09  0.00000000e+00  2.49999984e+00 -4.30732984e-07 
 1.88550000e-09  1.88550000e-09  0.00000000e+00  2.49999984e+00  3.80489126e-07 
 1.88650000e-09  1.88650000e-09  0.00000000e+00  2.49999984e+00 -4.29388453e-07 
 1.88750000e-09  1.88750000e-09  0.00000000e+00  2.49999985e+00  3.81797636e-07 
 1.88850000e-09  1.88850000e-09  0.00000000e+00  2.49999985e+00 -4.28114999e-07 
 1.88950000e-09  1.88950000e-09  0.00000000e+00  2.49999986e+00  3.83036976e-07 
 1.89050000e-09  1.89050000e-09  0.00000000e+00  2.49999986e+00 -4.26908858e-07 
 1.89150000e-09  1.89150000e-09  0.00000000e+00  2.49999986e+00  3.84210807e-07 
 1.89250000e-09  1.89250000e-09  0.00000000e+00  2.49999987e+00 -4.25766470e-07 
 1.89350000e-09  1.89350000e-09  0.00000000e+00  2.49999987e+00  3.85322595e-07 
 1.89450000e-09  1.89450000e-09  0.00000000e+00  2.49999987e+00 -4.24684462e-07 
 1.89550000e-09  1.89550000e-09  0.00000000e+00  2.49999988e+00  3.86375621e-07 
 1.89650000e-09  1.89650000e-09  0.00000000e+00  2.49999988e+00 -4.23659640e-07 
 1.89750000e-09  1.89750000e-09  0.00000000e+00  2.49999988e+00  3.87372996e-07 
 1.89850000e-09  1.89850000e-09  0.00000000e+00  2.49999989e+00 -4.22688977e-07 
 1.89950000e-09  1.89950000e-09  0.00000000e+00  2.49999989e+00  3.88317662e-07 
 1.90050000e-09  1.90050000e-09  0.00000000e+00  2.49999989e+00 -4.21769610e-07 
 1.90150000e-09  1.90150000e-09  0.00000000e+00  2.49999990e+00  3.89212408e-07 
 1.90250000e-09  1.90250000e-09  0.00000000e+00  2.49999990e+00 -4.20898825e-07 
 1.90350000e-09  1.90350000e-09  0.00000000e+00  2.49999990e+00  3.90059875e-07 
 1.90450000e-09  1.90450000e-09  0.00000000e+00  2.49999990e+00 -4.20074052e-07 
 1.90550000e-09  1.90550000e-09  0.00000000e+00  2.49999991e+00  3.90862562e-07 
 1.90650000e-09  1.90650000e-09  0.00000000e+00  2.49999991e+00 -4.19292859e-07 
 1.90750000e-09  1.90750000e-09  0.00000000e+00  2.49999991e+00  3.91622839e-07 
 1.90850000e-09  1.90850000e-09  0.00000000e+00  2.49999991e+00 -4.18552939e-07 
 1.90950000e-09  1.90950000e-09  0.00000000e+00  2.49999992e+00  3.92342947e-07 
 1.91050000e-09  1.91050000e-09  0.00000000e+00  2.49999992e+00 -4.17852111e-07 
 1.91150000e-09  1.91150000e-09  0.00000000e+00  2.49999992e+00  3.93025010e-07 
 1.91250000e-09  1.91250000e-09  0.00000000e+00  2.49999992e+00 -4.17188308e-07 
 1.91350000e-09  1.91350000e-09  0.00000000e+00  2.49999993e+00  3.93671042e-07 
 1.91450000e-09  1.91450000e-09  0.00000000e+00  2.49999993e+00 -4.16559572e-07 
 1.91550000e-09  1.91550000e-09  0.00000000e+00  2.49999993e+00  3.94282946e-07 
 1.91650000e-09  1.91650000e-09  0.00000000e+00  2.49999993e+00 -4.15964049e-07 
 1.91750000e-09  1.91750000e-09  0.00000000e+00  2.49999993e+00  3.94862527e-07 
 1.91850000e-09  1.91850000e-09  0.00000000e+00  2.49999993e+00 -4.15399982e-07 
 1.91950000e-09  1.91950000e-09  0.00000000e+00  2.49999994e+00  3.95411494e-07 
 1.92050000e-09  1.92050000e-09  0.00000000e+00  2.49999994e+00 -4.14865709e-07 
 1.92150000e-09  1.92150000e-09  0.00000000e+00  2.49999994e+00  3.95931466e-07 
 1.92250000e-09  1.92250000e-09  0.00000000e+00  2.49999994e+00 -4.14359656e-07 
 1.92350000e-09  1.92350000e-09  0.00000000e+00  2.49999994e+00  3.96423974e-07 
 1.92450000e-09  1.92450000e-09  0.00000000e+00  2.49999994e+00 -4.13880330e-07 
 1.92550000e-09  1.92550000e-09  0.00000000e+00  2.49999995e+00  3.96890471e-07 
 1.92650000e-09  1.92650000e-09  0.00000000e+00  2.49999995e+00 -4.13426318e-07 
 1.92750000e-09  1.92750000e-09  0.00000000e+00  2.49999995e+00  3.97332332e-07 
 1.92850000e-09  1.92850000e-09  0.00000000e+00  2.49999995e+00 -4.12996283e-07 
 1.92950000e-09  1.92950000e-09  0.00000000e+00  2.49999995e+00  3.97750858e-07 
 1.93050000e-09  1.93050000e-09  0.00000000e+00  2.49999995e+00 -4.12588958e-07 
 1.93150000e-09  1.93150000e-09  0.00000000e+00  2.49999995e+00  3.98147283e-07 
 1.93250000e-09  1.93250000e-09  0.00000000e+00  2.49999996e+00 -4.12203141e-07 
 1.93350000e-09  1.93350000e-09  0.00000000e+00  2.49999996e+00  3.98522775e-07 
 1.93450000e-09  1.93450000e-09  0.00000000e+00  2.49999996e+00 -4.11837697e-07 
 1.93550000e-09  1.93550000e-09  0.00000000e+00  2.49999996e+00  3.98878440e-07 
 1.93650000e-09  1.93650000e-09  0.00000000e+00  2.49999996e+00 -4.11491549e-07 
 1.93750000e-09  1.93750000e-09  0.00000000e+00  2.49999996e+00  3.99215325e-07 
 1.93850000e-09  1.93850000e-09  0.00000000e+00  2.49999996e+00 -4.11163678e-07 
 1.93950000e-09  1.93950000e-09  0.00000000e+00  2.49999996e+00  3.99534424e-07 
 1.94050000e-09  1.94050000e-09  0.00000000e+00  2.49999996e+00 -4.10853117e-07 
 1.94150000e-09  1.94150000e-09  0.00000000e+00  2.49999996e+00  3.99836675e-07 
 1.94250000e-09  1.94250000e-09  0.00000000e+00  2.49999997e+00 -4.10558953e-07 
 1.94350000e-09  1.94350000e-09  0.00000000e+00  2.49999997e+00  4.00122970e-07 
 1.94450000e-09  1.94450000e-09  0.00000000e+00  2.49999997e+00 -4.10280318e-07 
 1.94550000e-09  1.94550000e-09  0.00000000e+00  2.49999997e+00  4.00394150e-07 
 1.94650000e-09  1.94650000e-09  0.00000000e+00  2.49999997e+00 -4.10016392e-07 
 1.94750000e-09  1.94750000e-09  0.00000000e+00  2.49999997e+00  4.00651015e-07 
 1.94850000e-09  1.94850000e-09  0.00000000e+00  2.49999997e+00 -4.09766399e-07 
 1.94950000e-09  1.94950000e-09  0.00000000e+00  2.49999997e+00  4.00894320e-07 
 1.95050000e-09  1.95050000e-09  0.00000000e+00  2.49999997e+00 -4.09529603e-07 
 1.95150000e-09  1.95150000e-09  0.00000000e+00  2.49999997e+00  4.01124783e-07 
 1.95250000e-09  1.95250000e-09  0.00000000e+00  2.49999997e+00 -4.09305305e-07 
 1.95350000e-09  1.95350000e-09  0.00000000e+00  2.49999997e+00  4.01343080e-07 
 1.95450000e-09  1.95450000e-09  0.00000000e+00  2.49999998e+00 -4.09092847e-07 
 1.95550000e-09  1.95550000e-09  0.00000000e+00  2.49999998e+00  4.01549855e-07 
 1.95650000e-09  1.95650000e-09  0.00000000e+00  2.49999998e+00 -4.08891602e-07 
 1.95750000e-09  1.95750000e-09  0.00000000e+00  2.49999998e+00  4.01745717e-07 
 1.95850000e-09  1.95850000e-09  0.00000000e+00  2.49999998e+00 -4.08700979e-07 
 1.95950000e-09  1.95950000e-09  0.00000000e+00  2.49999998e+00  4.01931242e-07 
 1.96050000e-09  1.96050000e-09  0.00000000e+00  2.49999998e+00 -4.08520416e-07 
 1.96150000e-09  1.96150000e-09  0.00000000e+00  2.49999998e+00  4.02106975e-07 
 1.96250000e-09  1.96250000e-09  0.00000000e+00  2.49999998e+00 -4.08349383e-07 
 1.96350000e-09  1.96350000e-09  0.00000000e+00  2.49999998e+00  4.02273433e-07 
 1.96450000e-09  1.96450000e-09  0.00000000e+00  2.49999998e+00 -4.08187376e-07 
 1.96550000e-09  1.96550000e-09  0.00000000e+00  2.49999998e+00  4.02431108e-07 
 1.96650000e-09  1.96650000e-09  0.00000000e+00  2.49999998e+00 -4.08033918e-07 
 1.96750000e-09  1.96750000e-09  0.00000000e+00  2.49999998e+00  4.02580462e-07 
 1.96850000e-09  1.96850000e-09  0.00000000e+00  2.49999998e+00 -4.07888559e-07 
 1.96950000e-09  1.96950000e-09  0.00000000e+00  2.49999998e+00  4.02721935e-07 
 1.97050000e-09  1.97050000e-09  0.00000000e+00  2.49999998e+00 -4.07750869e-07 
 1.97150000e-09  1.97150000e-09  0.00000000e+00  2.49999998e+00  4.02855942e-07 
 1.97250000e-09  1.97250000e-09  0.00000000e+00  2.49999998e+00 -4.07620445e-07 
 1.97350000e-09  1.97350000e-09  0.00000000e+00  2.49999999e+00  4.02982879e-07 
 1.97450000e-09  1.97450000e-09  0.00000000e+00  2.49999999e+00 -4.07496903e-07 
 1.97550000e-09  1.97550000e-09  0.00000000e+00  2.49999999e+00  4.03103118e-07 
 1.97650000e-09  1.97650000e-09  0.00000000e+00  2.49999999e+00 -4.07379879e-07 
 1.97750000e-09  1.97750000e-09  0.00000000e+00  2.49999999e+00  4.03217013e-07 
 1.97850000e-09  1.97850000e-09  0.00000000e+00  2.49999999e+00 -4.07269030e-07 
 1.97950000e-09  1.97950000e-09  0.00000000e+00  2.49999999e+00  4.03324899e-07 
 1.98050000e-09  1.98050000e-09  0.00000000e+00  2.49999999e+00 -4.07164029e-07 
 1.98150000e-09  1.98150000e-09  0.00000000e+00  2.49999999e+00  4.03427092e-07 
 1.98250000e-09  1.98250000e-09  0.00000000e+00  2.49999999e+00 -4.07064567e-07 
 1.98350000e-09  1.98350000e-09  0.00000000e+00  2.49999999e+00  4.03523894e-07 
 1.98450000e-09  1.98450000e-09  0.00000000e+00  2.49999999e+00 -4.06970353e-07 
 1.98550000e-09  1.98550000e-09  0.00000000e+00  2.49999999e+00  4.03615590e-07 
 1.98650000e-09  1.98650000e-09  0.00000000e+00  2.49999999e+00 -4.06881109e-07 
 1.98750000e-09  1.98750000e-09  0.00000000e+00  2.49999999e+00  4.03702448e-07 
 1.98850000e-09  1.98850000e-09  0.00000000e+00  2.49999999e+00 -4.06796573e-07 
 1.98950000e-09  1.98950000e-09  0.00000000e+00  2.49999999e+00  4.03784724e-07 
 1.99050000e-09  1.99050000e-09  0.00000000e+00  2.49999999e+00 -4.06716496e-07 
 1.99150000e-09  1.99150000e-09  0.00000000e+00  2.49999999e+00  4.03862660e-07 
 1.99250000e-09  1.99250000e-09  0.00000000e+00  2.49999999e+00 -4.06640643e-07 
 1.99350000e-09  1.99350000e-09  0.00000000e+00  2.49999999e+00  4.03936485e-07 
 1.99450000e-09  1.99450000e-09  0.00000000e+00  2.49999999e+00 -4.06568791e-07 
 1.99550000e-09  1.99550000e-09  0.00000000e+00  2.49999999e+00  4.04006416e-07 
 1.99650000e-09  1.99650000e-09  0.00000000e+00  2.49999999e+00 -4.06500730e-07 
 1.99750000e-09  1.99750000e-09  0.00000000e+00  2.49999999e+00  4.04072658e-07 
 1.99850000e-09  1.99850000e-09  0.00000000e+00  2.49999999e+00 -4.06436258e-07 
 1.99950000e-09  1.99950000e-09  0.00000000e+00  2.49999999e+00  4.04135407e-07 
 2.00050000e-09  2.00050000e-09  0.00000000e+00  2.49999999e+00 -4.06375187e-07 
 2.00150000e-09  2.00150000e-09  0.00000000e+00  2.49999999e+00  4.04194846e-07 
 2.00250000e-09  2.00250000e-09  0.00000000e+00  2.49999999e+00 -4.06317337e-07 
 2.00350000e-09  2.00350000e-09  0.00000000e+00  2.49999999e+00  4.04251149e-07 
 2.00450000e-09  2.00450000e-09  0.00000000e+00  2.49999999e+00 -4.06262538e-07 
 2.00550000e-09  2.00550000e-09  0.00000000e+00  2.49999999e+00  4.04304484e-07 
 2.00650000e-09  2.00650000e-09  0.00000000e+00  2.49999999e+00 -4.06210629e-07 
 2.00750000e-09  2.00750000e-09  0.00000000e+00  2.49999999e+00  4.04355006e-07 
 2.00850000e-09  2.00850000e-09  0.00000000e+00  2.49999999e+00 -4.06161458e-07 
 2.00950000e-09  2.00950000e-09  0.00000000e+00  2.49999999e+00  4.04402863e-07 
 2.01050000e-09  2.01050000e-09  0.00000000e+00  2.49999999e+00 -4.06114879e-07 
 2.01150000e-09  2.01150000e-09  0.00000000e+00  2.49999999e+00  4.04448196e-07 
 2.01250000e-09  2.01250000e-09  0.00000000e+00  2.49999999e+00 -4.06070758e-07 
 2.01350000e-09  2.01350000e-09  0.00000000e+00  2.49999999e+00  4.04491139e-07 
 2.01450000e-09  2.01450000e-09  0.00000000e+00  2.50000000e+00 -4.06028963e-07 
 2.01550000e-09  2.01550000e-09  0.00000000e+00  2.50000000e+00  4.04531817e-07 
 2.01650000e-09  2.01650000e-09  0.00000000e+00  2.50000000e+00 -4.05989371e-07 
 2.01750000e-09  2.01750000e-09  0.00000000e+00  2.50000000e+00  4.04570350e-07 
 2.01850000e-09  2.01850000e-09  0.00000000e+00  2.50000000e+00 -4.05951868e-07 
 2.01950000e-09  2.01950000e-09  0.00000000e+00  2.50000000e+00  4.04606851e-07 
 2.02050000e-09  2.02050000e-09  0.00000000e+00  2.50000000e+00 -4.05916342e-07 
 2.02150000e-09  2.02150000e-09  0.00000000e+00  2.50000000e+00  4.04641428e-07 
 2.02250000e-09  2.02250000e-09  0.00000000e+00  2.50000000e+00 -4.05882689e-07 
 2.02350000e-09  2.02350000e-09  0.00000000e+00  2.50000000e+00  4.04674181e-07 
 2.02450000e-09  2.02450000e-09  0.00000000e+00  2.50000000e+00 -4.05850811e-07 
 2.02550000e-09  2.02550000e-09  0.00000000e+00  2.50000000e+00  4.04705208e-07 
 2.02650000e-09  2.02650000e-09  0.00000000e+00  2.50000000e+00 -4.05820614e-07 
 2.02750000e-09  2.02750000e-09  0.00000000e+00  2.50000000e+00  4.04734598e-07 
 2.02850000e-09  2.02850000e-09  0.00000000e+00  2.50000000e+00 -4.05792009e-07 
 2.02950000e-09  2.02950000e-09  0.00000000e+00  2.50000000e+00  4.04762439e-07 
 2.03050000e-09  2.03050000e-09  0.00000000e+00  2.50000000e+00 -4.05764912e-07 
 2.03150000e-09  2.03150000e-09  0.00000000e+00  2.50000000e+00  4.04788812e-07 
 2.03250000e-09  2.03250000e-09  0.00000000e+00  2.50000000e+00 -4.05739243e-07 
 2.03350000e-09  2.03350000e-09  0.00000000e+00  2.50000000e+00  4.04813795e-07 
 2.03450000e-09  2.03450000e-09  0.00000000e+00  2.50000000e+00 -4.05714928e-07 
 2.03550000e-09  2.03550000e-09  0.00000000e+00  2.50000000e+00  4.04837460e-07 
 2.03650000e-09  2.03650000e-09  0.00000000e+00  2.50000000e+00 -4.05691895e-07 
 2.03750000e-09  2.03750000e-09  0.00000000e+00  2.50000000e+00  4.04859878e-07 
 2.03850000e-09  2.03850000e-09  0.00000000e+00  2.50000000e+00 -4.05670076e-07 
 2.03950000e-09  2.03950000e-09  0.00000000e+00  2.50000000e+00  4.04881114e-07 
 2.04050000e-09  2.04050000e-09  0.00000000e+00  2.50000000e+00 -4.05649407e-07 
 2.04150000e-09  2.04150000e-09  0.00000000e+00  2.50000000e+00  4.04901231e-07 
 2.04250000e-09  2.04250000e-09  0.00000000e+00  2.50000000e+00 -4.05629828e-07 
 2.04350000e-09  2.04350000e-09  0.00000000e+00  2.50000000e+00  4.04920287e-07 
 2.04450000e-09  2.04450000e-09  0.00000000e+00  2.50000000e+00 -4.05611281e-07 
 2.04550000e-09  2.04550000e-09  0.00000000e+00  2.50000000e+00  4.04938338e-07 
 2.04650000e-09  2.04650000e-09  0.00000000e+00  2.50000000e+00 -4.05593712e-07 
 2.04750000e-09  2.04750000e-09  0.00000000e+00  2.50000000e+00  4.04955438e-07 
 2.04850000e-09  2.04850000e-09  0.00000000e+00  2.50000000e+00 -4.05577069e-07 
 2.04950000e-09  2.04950000e-09  0.00000000e+00  2.50000000e+00  4.04971637e-07 
 2.05050000e-09  2.05050000e-09  0.00000000e+00  2.50000000e+00 -4.05561303e-07 
 2.05150000e-09  2.05150000e-09  0.00000000e+00  2.50000000e+00  4.04986982e-07 
 2.05250000e-09  2.05250000e-09  0.00000000e+00  2.50000000e+00 -4.05546368e-07 
 2.05350000e-09  2.05350000e-09  0.00000000e+00  2.50000000e+00  4.05001517e-07 
 2.05450000e-09  2.05450000e-09  0.00000000e+00  2.50000000e+00 -4.05532221e-07 
 2.05550000e-09  2.05550000e-09  0.00000000e+00  2.50000000e+00  4.05015287e-07 
 2.05650000e-09  2.05650000e-09  0.00000000e+00  2.50000000e+00 -4.05518819e-07 
 2.05750000e-09  2.05750000e-09  0.00000000e+00  2.50000000e+00  4.05028331e-07 
 2.05850000e-09  2.05850000e-09  0.00000000e+00  2.50000000e+00 -4.05506123e-07 
 2.05950000e-09  2.05950000e-09  0.00000000e+00  2.50000000e+00  4.05040687e-07 
 2.06050000e-09  2.06050000e-09  0.00000000e+00  2.50000000e+00 -4.05494098e-07 
 2.06150000e-09  2.06150000e-09  0.00000000e+00  2.50000000e+00  4.05052392e-07 
 2.06250000e-09  2.06250000e-09  0.00000000e+00  2.50000000e+00 -4.05482705e-07 
 2.06350000e-09  2.06350000e-09  0.00000000e+00  2.50000000e+00  4.05063480e-07 
 2.06450000e-09  2.06450000e-09  0.00000000e+00  2.50000000e+00 -4.05471913e-07 
 2.06550000e-09  2.06550000e-09  0.00000000e+00  2.50000000e+00  4.05073984e-07 
 2.06650000e-09  2.06650000e-09  0.00000000e+00  2.50000000e+00 -4.05461689e-07 
 2.06750000e-09  2.06750000e-09  0.00000000e+00  2.50000000e+00  4.05083934e-07 
 2.06850000e-09  2.06850000e-09  0.00000000e+00  2.50000000e+00 -4.05452005e-07 
 2.06950000e-09  2.06950000e-09  0.00000000e+00  2.50000000e+00  4.05093360e-07 
 2.07050000e-09  2.07050000e-09  0.00000000e+00  2.50000000e+00 -4.05442831e-07 
 2.07150000e-09  2.07150000e-09  0.00000000e+00  2.50000000e+00  4.05102289e-07 
 2.07250000e-09  2.07250000e-09  0.00000000e+00  2.50000000e+00 -4.05434141e-07 
 2.07350000e-09  2.07350000e-09  0.00000000e+00  2.50000000e+00  4.05110748e-07 
 2.07450000e-09  2.07450000e-09  0.00000000e+00  2.50000000e+00 -4.05425908e-07 
 2.07550000e-09  2.07550000e-09  0.00000000e+00  2.50000000e+00  4.05118760e-07 
 2.07650000e-09  2.07650000e-09  0.00000000e+00  2.50000000e+00 -4.05418110e-07 
 2.07750000e-09  2.07750000e-09  0.00000000e+00  2.50000000e+00  4.05126350e-07 
 2.07850000e-09  2.07850000e-09  0.00000000e+00  2.50000000e+00 -4.05410722e-07 
 2.07950000e-09  2.07950000e-09  0.00000000e+00  2.50000000e+00  4.05133541e-07 
 2.08050000e-09  2.08050000e-09  0.00000000e+00  2.50000000e+00 -4.05403723e-07 
 2.08150000e-09  2.08150000e-09  0.00000000e+00  2.50000000e+00  4.05140352e-07 
 2.08250000e-09  2.08250000e-09  0.00000000e+00  2.50000000e+00 -4.05397094e-07 
 2.08350000e-09  2.08350000e-09  0.00000000e+00  2.50000000e+00  4.05146805e-07 
 2.08450000e-09  2.08450000e-09  0.00000000e+00  2.50000000e+00 -4.05390814e-07 
 2.08550000e-09  2.08550000e-09  0.00000000e+00  2.50000000e+00  4.05152917e-07 
 2.08650000e-09  2.08650000e-09  0.00000000e+00  2.50000000e+00 -4.05384865e-07 
 2.08750000e-09  2.08750000e-09  0.00000000e+00  2.50000000e+00  4.05158708e-07 
 2.08850000e-09  2.08850000e-09  0.00000000e+00  2.50000000e+00 -4.05379230e-07 
 2.08950000e-09  2.08950000e-09  0.00000000e+00  2.50000000e+00  4.05164193e-07 
 2.09050000e-09  2.09050000e-09  0.00000000e+00  2.50000000e+00 -4.05373890e-07 
 2.09150000e-09  2.09150000e-09  0.00000000e+00  2.50000000e+00  4.05169389e-07 
 2.09250000e-09  2.09250000e-09  0.00000000e+00  2.50000000e+00 -4.05368833e-07 
 2.09350000e-09  2.09350000e-09  0.00000000e+00  2.50000000e+00  4.05174312e-07 
 2.09450000e-09  2.09450000e-09  0.00000000e+00  2.50000000e+00 -4.05364042e-07 
 2.09550000e-09  2.09550000e-09  0.00000000e+00  2.50000000e+00  4.05178975e-07 
 2.09650000e-09  2.09650000e-09  0.00000000e+00  2.50000000e+00 -4.05359503e-07 
 2.09750000e-09  2.09750000e-09  0.00000000e+00  2.50000000e+00  4.05183392e-07 
 2.09850000e-09  2.09850000e-09  0.00000000e+00  2.50000000e+00 -4.05355204e-07 
 2.09950000e-09  2.09950000e-09  0.00000000e+00  2.50000000e+00  4.05187577e-07 
 2.10050000e-09  2.10050000e-09  0.00000000e+00  2.50000000e+00 -4.05351131e-07 
 2.10150000e-09  2.10150000e-09  0.00000000e+00  2.50000000e+00  4.05191541e-07 
 2.10250000e-09  2.10250000e-09  0.00000000e+00  2.50000000e+00 -4.05347273e-07 
 2.10350000e-09  2.10350000e-09  0.00000000e+00  2.50000000e+00  4.05195296e-07 
 2.10450000e-09  2.10450000e-09  0.00000000e+00  2.50000000e+00 -4.05343618e-07 
 2.10550000e-09  2.10550000e-09  0.00000000e+00  2.50000000e+00  4.05198853e-07 
 2.10650000e-09  2.10650000e-09  0.00000000e+00  2.50000000e+00 -4.05340156e-07 
 2.10750000e-09  2.10750000e-09  0.00000000e+00  2.50000000e+00  4.05202223e-07 
 2.10850000e-09  2.10850000e-09  0.00000000e+00  2.50000000e+00 -4.05336875e-07 
 2.10950000e-09  2.10950000e-09  0.00000000e+00  2.50000000e+00  4.05205416e-07 
 2.11050000e-09  2.11050000e-09  0.00000000e+00  2.50000000e+00 -4.05333768e-07 
 2.11150000e-09  2.11150000e-09  0.00000000e+00  2.50000000e+00  4.05208440e-07 
 2.11250000e-09  2.11250000e-09  0.00000000e+00  2.50000000e+00 -4.05330825e-07 
 2.11350000e-09  2.11350000e-09  0.00000000e+00  2.50000000e+00  4.05211305e-07 
 2.11450000e-09  2.11450000e-09  0.00000000e+00  2.50000000e+00 -4.05328037e-07 
 2.11550000e-09  2.11550000e-09  0.00000000e+00  2.50000000e+00  4.05214019e-07 
 2.11650000e-09  2.11650000e-09  0.00000000e+00  2.50000000e+00 -4.05325395e-07 
 2.11750000e-09  2.11750000e-09  0.00000000e+00  2.50000000e+00  4.05216590e-07 
 2.11850000e-09  2.11850000e-09  0.00000000e+00  2.50000000e+00 -4.05322893e-07 
 2.11950000e-09  2.11950000e-09  0.00000000e+00  2.50000000e+00  4.05219025e-07 
 2.12050000e-09  2.12050000e-09  0.00000000e+00  2.50000000e+00 -4.05320522e-07 
 2.12150000e-09  2.12150000e-09  0.00000000e+00  2.50000000e+00  4.05221332e-07 
 2.12250000e-09  2.12250000e-09  0.00000000e+00  2.50000000e+00 -4.05318276e-07 
 2.12350000e-09  2.12350000e-09  0.00000000e+00  2.50000000e+00  4.05223518e-07 
 2.12450000e-09  2.12450000e-09  0.00000000e+00  2.50000000e+00 -4.05316149e-07 
 2.12550000e-09  2.12550000e-09  0.00000000e+00  2.50000000e+00  4.05225589e-07 
 2.12650000e-09  2.12650000e-09  0.00000000e+00  2.50000000e+00 -4.05314134e-07 
 2.12750000e-09  2.12750000e-09  0.00000000e+00  2.50000000e+00  4.05227550e-07 
 2.12850000e-09  2.12850000e-09  0.00000000e+00  2.50000000e+00 -4.05312225e-07 
 2.12950000e-09  2.12950000e-09  0.00000000e+00  2.50000000e+00  4.05229408e-07 
 2.13050000e-09  2.13050000e-09  0.00000000e+00  2.50000000e+00 -4.05310416e-07 
 2.13150000e-09  2.13150000e-09  0.00000000e+00  2.50000000e+00  4.05231168e-07 
 2.13250000e-09  2.13250000e-09  0.00000000e+00  2.50000000e+00 -4.05308703e-07 
 2.13350000e-09  2.13350000e-09  0.00000000e+00  2.50000000e+00  4.05232836e-07 
 2.13450000e-09  2.13450000e-09  0.00000000e+00  2.50000000e+00 -4.05307080e-07 
 2.13550000e-09  2.13550000e-09  0.00000000e+00  2.50000000e+00  4.05234416e-07 
 2.13650000e-09  2.13650000e-09  0.00000000e+00  2.50000000e+00 -4.05305543e-07 
 2.13750000e-09  2.13750000e-09  0.00000000e+00  2.50000000e+00  4.05235912e-07 
 2.13850000e-09  2.13850000e-09  0.00000000e+00  2.50000000e+00 -4.05304086e-07 
 2.13950000e-09  2.13950000e-09  0.00000000e+00  2.50000000e+00  4.05237330e-07 
 2.14050000e-09  2.14050000e-09  0.00000000e+00  2.50000000e+00 -4.05302706e-07 
 2.14150000e-09  2.14150000e-09  0.00000000e+00  2.50000000e+00  4.05238673e-07 
 2.14250000e-09  2.14250000e-09  0.00000000e+00  2.50000000e+00 -4.05301399e-07 
 2.14350000e-09  2.14350000e-09  0.00000000e+00  2.50000000e+00  4.05239945e-07 
 2.14450000e-09  2.14450000e-09  0.00000000e+00  2.50000000e+00 -4.05300161e-07 
 2.14550000e-09  2.14550000e-09  0.00000000e+00  2.50000000e+00  4.05241150e-07 
 2.14650000e-09  2.14650000e-09  0.00000000e+00  2.50000000e+00 -4.05298988e-07 
 2.14750000e-09  2.14750000e-09  0.00000000e+00  2.50000000e+00  4.05242292e-07 
 2.14850000e-09  2.14850000e-09  0.00000000e+00  2.50000000e+00 -4.05297876e-07 
 2.14950000e-09  2.14950000e-09  0.00000000e+00  2.50000000e+00  4.05243373e-07 
 2.15050000e-09  2.15050000e-09  0.00000000e+00  2.50000000e+00 -4.05296824e-07 
 2.15150000e-09  2.15150000e-09  0.00000000e+00  2.50000000e+00  4.05244398e-07 
 2.15250000e-09  2.15250000e-09  0.00000000e+00  2.50000000e+00 -4.05295826e-07 
 2.15350000e-09  2.15350000e-09  0.00000000e+00  2.50000000e+00  4.05245369e-07 
 2.15450000e-09  2.15450000e-09  0.00000000e+00  2.50000000e+00 -4.05294882e-07 
 2.15550000e-09  2.15550000e-09  0.00000000e+00  2.50000000e+00  4.05246289e-07 
 2.15650000e-09  2.15650000e-09  0.00000000e+00  2.50000000e+00 -4.05293987e-07 
 2.15750000e-09  2.15750000e-09  0.00000000e+00  2.50000000e+00  4.05247159e-07 
 2.15850000e-09  2.15850000e-09  0.00000000e+00  2.50000000e+00 -4.05293139e-07 
 2.15950000e-09  2.15950000e-09  0.00000000e+00  2.50000000e+00  4.05247985e-07 
 2.16050000e-09  2.16050000e-09  0.00000000e+00  2.50000000e+00 -4.05292336e-07 
 2.16150000e-09  2.16150000e-09  0.00000000e+00  2.50000000e+00  4.05248766e-07 
 2.16250000e-09  2.16250000e-09  0.00000000e+00  2.50000000e+00 -4.05291575e-07 
 2.16350000e-09  2.16350000e-09  0.00000000e+00  2.50000000e+00  4.05249507e-07 
 2.16450000e-09  2.16450000e-09  0.00000000e+00  2.50000000e+00 -4.05290855e-07 
 2.16550000e-09  2.16550000e-09  0.00000000e+00  2.50000000e+00  4.05250208e-07 
 2.16650000e-09  2.16650000e-09  0.00000000e+00  2.50000000e+00 -4.05290172e-07 
 2.16750000e-09  2.16750000e-09  0.00000000e+00  2.50000000e+00  4.05250873e-07 
 2.16850000e-09  2.16850000e-09  0.00000000e+00  2.50000000e+00 -4.05289525e-07 
 2.16950000e-09  2.16950000e-09  0.00000000e+00  2.50000000e+00  4.05251503e-07 
 2.17050000e-09  2.17050000e-09  0.00000000e+00  2.50000000e+00 -4.05288912e-07 
 2.17150000e-09  2.17150000e-09  0.00000000e+00  2.50000000e+00  4.05252099e-07 
 2.17250000e-09  2.17250000e-09  0.00000000e+00  2.50000000e+00 -4.05288332e-07 
 2.17350000e-09  2.17350000e-09  0.00000000e+00  2.50000000e+00  4.05252664e-07 
 2.17450000e-09  2.17450000e-09  0.00000000e+00  2.50000000e+00 -4.05287782e-07 
 2.17550000e-09  2.17550000e-09  0.00000000e+00  2.50000000e+00  4.05253199e-07 
 2.17650000e-09  2.17650000e-09  0.00000000e+00  2.50000000e+00 -4.05287261e-07 
 2.17750000e-09  2.17750000e-09  0.00000000e+00  2.50000000e+00  4.05253706e-07 
 2.17850000e-09  2.17850000e-09  0.00000000e+00  2.50000000e+00 -4.05286767e-07 
 2.17950000e-09  2.17950000e-09  0.00000000e+00  2.50000000e+00  4.05254187e-07 
 2.18050000e-09  2.18050000e-09  0.00000000e+00  2.50000000e+00 -4.05286299e-07 
 2.18150000e-09  2.18150000e-09  0.00000000e+00  2.50000000e+00  4.05254642e-07 
 2.18250000e-09  2.18250000e-09  0.00000000e+00  2.50000000e+00 -4.05285856e-07 
 2.18350000e-09  2.18350000e-09  0.00000000e+00  2.50000000e+00  4.05255073e-07 
 2.18450000e-09  2.18450000e-09  0.00000000e+00  2.50000000e+00 -4.05285437e-07 
 2.18550000e-09  2.18550000e-09  0.00000000e+00  2.50000000e+00  4.05255481e-07 
 2.18650000e-09  2.18650000e-09  0.00000000e+00  2.50000000e+00 -4.05285040e-07 
 2.18750000e-09  2.18750000e-09  0.00000000e+00  2.50000000e+00  4.05255868e-07 
 2.18850000e-09  2.18850000e-09  0.00000000e+00  2.50000000e+00 -4.05284663e-07 
 2.18950000e-09  2.18950000e-09  0.00000000e+00  2.50000000e+00  4.05256235e-07 
 2.19050000e-09  2.19050000e-09  0.00000000e+00  2.50000000e+00 -4.05284306e-07 
 2.19150000e-09  2.19150000e-09  0.00000000e+00  2.50000000e+00  4.05256582e-07 
 2.19250000e-09  2.19250000e-09  0.00000000e+00  2.50000000e+00 -4.05283968e-07 
 2.19350000e-09  2.19350000e-09  0.00000000e+00  2.50000000e+00  4.05256911e-07 
 2.19450000e-09  2.19450000e-09  0.00000000e+00  2.50000000e+00 -4.05283648e-07 
 2.19550000e-09  2.19550000e-09  0.00000000e+00  2.50000000e+00  4.05257223e-07 
 2.19650000e-09  2.19650000e-09  0.00000000e+00  2.50000000e+00 -4.05283345e-07 
 2.19750000e-09  2.19750000e-09  0.00000000e+00  2.50000000e+00  4.05257518e-07 
 2.19850000e-09  2.19850000e-09  0.00000000e+00  2.50000000e+00 -4.05283057e-07 
 2.19925000e-09  2.19925000e-09  0.00000000e+00  2.50000000e+00  4.05257763e-07 
 2.20000000e-09  2.20000000e-09  0.00000000e+00  2.50000000e+00 -4.05282852e-07 
 2.20010000e-09  2.20010000e-09  1.25000000e-02  2.50000450e+00  7.13299986e-04 
 2.20030000e-09  2.20030000e-09  3.75000000e-02  2.50001338e+00  7.15082891e-04 
 2.20070000e-09  2.20070000e-09  8.75000000e-02  2.50003034e+00  7.18141095e-04 
 2.20150000e-09  2.20150000e-09  1.87500000e-01  2.50006134e+00  7.23976608e-04 
 2.20250000e-09  2.20250000e-09  3.12500000e-01  2.50009510e+00  7.29907227e-04 
 2.20350000e-09  2.20350000e-09  4.37500000e-01  2.50012395e+00  7.34942747e-04 
 2.20450000e-09  2.20450000e-09  5.62500000e-01  2.50014814e+00  7.32953531e-04 
 2.20550000e-09  2.20550000e-09  6.87500000e-01  2.50016718e+00  7.19688516e-04 
 2.20650000e-09  2.20650000e-09  8.12500000e-01  2.50018039e+00  6.94528854e-04 
 2.20750000e-09  2.20750000e-09  9.37500000e-01  2.50018719e+00  6.57840174e-04 
 2.20850000e-09  2.20850000e-09  1.06250000e+00  2.50018709e+00  6.09148369e-04 
 2.20950000e-09  2.20950000e-09  1.18750000e+00  2.50017968e+00  5.48980374e-04 
 2.21050000e-09  2.21050000e-09  1.31250000e+00  2.50016456e+00  4.77034552e-04 
 2.21150000e-09  2.21150000e-09  1.43750000e+00  2.50014139e+00  3.94024340e-04 
 2.21250000e-09  2.21250000e-09  1.56250000e+00  2.50010977e+00  2.99848990e-04 
 2.21350000e-09  2.21350000e-09  1.68750000e+00  2.50006929e+00  1.95423452e-04 
 2.21450000e-09  2.21450000e-09  1.81250000e+00  2.50001951e+00  8.07587570e-05 
 2.21550000e-09  2.21550000e-09  1.93750000e+00  2.49995998e+00 -4.39356517e-05 
 2.21650000e-09  2.21650000e-09  2.06250000e+00  2.49989213e+00 -2.23731270e-04 
 2.21750000e-09  2.21750000e-09  2.18750000e+00  2.49980586e+00 -3.84332276e-04 
 2.21850000e-09  2.21850000e-09  2.31250000e+00  2.49968664e+00 -6.36640702e-04 
 2.21925000e-09  2.21925000e-09  2.40625000e+00  2.49957839e+00 -7.43235332e-04 
 2.22000000e-09  2.22000000e-09  2.50000000e+00  2.49945995e+00 -7.57110514e-04 
 2.22010000e-09  2.22010000e-09  2.50000000e+00  2.49944180e+00 -1.40664241e-03 
 2.22030000e-09  2.22030000e-09  2.50000000e+00  2.49940560e+00 -1.39653094e-03 
 2.22070000e-09  2.22070000e-09  2.50000000e+00  2.49933436e+00 -1.38661913e-03 
 2.22150000e-09  2.22150000e-09  2.50000000e+00  2.49919721e+00 -1.36339138e-03 
 2.22250000e-09  2.22250000e-09  2.50000000e+00  2.49904215e+00 -1.38408415e-03 
 2.22350000e-09  2.22350000e-09  2.50000000e+00  2.49890905e+00 -1.39579007e-03 
 2.22450000e-09  2.22450000e-09  2.50000000e+00  2.49879540e+00 -1.41272193e-03 
 2.22550000e-09  2.22550000e-09  2.50000000e+00  2.49869900e+00 -1.42133084e-03 
 2.22650000e-09  2.22650000e-09  2.50000000e+00  2.49861788e+00 -1.43550536e-03 
 2.22750000e-09  2.22750000e-09  2.50000000e+00  2.49855026e+00 -1.44166138e-03 
 2.22850000e-09  2.22850000e-09  2.50000000e+00  2.49849439e+00 -1.45214627e-03 
 2.22950000e-09  2.22950000e-09  2.50000000e+00  2.49844882e+00 -1.44888262e-03 
 2.23050000e-09  2.23050000e-09  2.50000000e+00  2.49841454e+00 -1.45754753e-03 
 2.23150000e-09  2.23150000e-09  2.50000000e+00  2.49839441e+00 -1.46402440e-03 
 2.23250000e-09  2.23250000e-09  2.50000000e+00  2.49839087e+00 -1.48198243e-03 
 2.23350000e-09  2.23350000e-09  2.50000000e+00  2.49840608e+00 -1.49729030e-03 
 2.23450000e-09  2.23450000e-09  2.50000000e+00  2.49844188e+00 -1.52360786e-03 
 2.23550000e-09  2.23550000e-09  2.50000000e+00  2.49849983e+00 -1.54679374e-03 
 2.23650000e-09  2.23650000e-09  2.50000000e+00  2.49858124e+00 -1.58049744e-03 
 2.23750000e-09  2.23750000e-09  2.50000000e+00  2.49868718e+00 -1.61056743e-03 
 2.23850000e-09  2.23850000e-09  2.50000000e+00  2.49881850e+00 -1.65064351e-03 
 2.23950000e-09  2.23950000e-09  2.50000000e+00  2.49897589e+00 -1.68656512e-03 
 2.24050000e-09  2.24050000e-09  2.50000000e+00  2.49915983e+00 -1.73196404e-03 
 2.24150000e-09  2.24150000e-09  2.50000000e+00  2.49937068e+00 -1.77267280e-03 
 2.24250000e-09  2.24250000e-09  2.50000000e+00  2.49960862e+00 -1.82231744e-03 
 2.24350000e-09  2.24350000e-09  2.50000000e+00  2.49987375e+00 -1.86672614e-03 
 2.24450000e-09  2.24450000e-09  2.50000000e+00  2.50016605e+00 -1.91952133e-03 
 2.24550000e-09  2.24550000e-09  2.50000000e+00  2.50048540e+00 -1.96652642e-03 
 2.24650000e-09  2.24650000e-09  2.50000000e+00  2.50083160e+00 -2.02136302e-03 
 2.24750000e-09  2.24750000e-09  2.50000000e+00  2.50120441e+00 -2.06985786e-03 
 2.24850000e-09  2.24850000e-09  2.50000000e+00  2.50160350e+00 -2.12563512e-03 
 2.24950000e-09  2.24950000e-09  2.50000000e+00  2.50202855e+00 -2.17453105e-03 
 2.25050000e-09  2.25050000e-09  2.50000000e+00  2.50247914e+00 -2.23020080e-03 
 2.25150000e-09  2.25150000e-09  2.50000000e+00  2.50295486e+00 -2.27849294e-03 
 2.25250000e-09  2.25250000e-09  2.50000000e+00  2.50345528e+00 -2.33305501e-03 
 2.25350000e-09  2.25350000e-09  2.50000000e+00  2.50397996e+00 -2.37974365e-03 
 2.25450000e-09  2.25450000e-09  2.50000000e+00  2.50452845e+00 -2.43221696e-03 
 2.25550000e-09  2.25550000e-09  2.50000000e+00  2.50510036e+00 -2.47634271e-03 
 2.25650000e-09  2.25650000e-09  2.50000000e+00  2.50569528e+00 -2.52579055e-03 
 2.25750000e-09  2.25750000e-09  2.50000000e+00  2.50631284e+00 -2.56644012e-03 
 2.25850000e-09  2.25850000e-09  2.50000000e+00  2.50695272e+00 -2.61197317e-03 
 2.25950000e-09  2.25950000e-09  2.50000000e+00  2.50761465e+00 -2.64828158e-03 
 2.26050000e-09  2.26050000e-09  2.50000000e+00  2.50829840e+00 -2.68905940e-03 
 2.26150000e-09  2.26150000e-09  2.50000000e+00  2.50900381e+00 -2.72021090e-03 
 2.26250000e-09  2.26250000e-09  2.50000000e+00  2.50973080e+00 -2.75544265e-03 
 2.26350000e-09  2.26350000e-09  2.50000000e+00  2.51047936e+00 -2.78067174e-03 
 2.26450000e-09  2.26450000e-09  2.50000000e+00  2.51124959e+00 -2.80961822e-03 
 2.26550000e-09  2.26550000e-09  2.50000000e+00  2.51204171e+00 -2.82821394e-03 
 2.26650000e-09  2.26650000e-09  2.50000000e+00  2.51285591e+00 -2.85051369e-03 
 2.26750000e-09  2.26750000e-09  2.50000000e+00  2.51368789e+00 -2.87340869e-03 
 2.26850000e-09  2.26850000e-09  2.50000000e+00  2.51453323e+00 -2.90201613e-03 
 2.26950000e-09  2.26950000e-09  2.50000000e+00  2.51539232e+00 -2.92163318e-03 
 2.27050000e-09  2.27050000e-09  2.50000000e+00  2.51626581e+00 -2.94707287e-03 
 2.27150000e-09  2.27150000e-09  2.50000000e+00  2.51715467e+00 -2.96378360e-03 
 2.27250000e-09  2.27250000e-09  2.50000000e+00  2.51806038e+00 -2.98685668e-03 
 2.27350000e-09  2.27350000e-09  2.50000000e+00  2.51898527e+00 -3.00227981e-03 
 2.27450000e-09  2.27450000e-09  2.50000000e+00  2.51993321e+00 -3.02632191e-03 
 2.27550000e-09  2.27550000e-09  2.50000000e+00  2.52091144e+00 -3.04829584e-03 
 2.27650000e-09  2.27650000e-09  2.50000000e+00  2.52191673e+00 -3.06803628e-03 
 2.27750000e-09  2.27750000e-09  2.50000000e+00  2.52293897e+00 -3.07971811e-03 
 2.27850000e-09  2.27850000e-09  2.50000000e+00  2.52397538e+00 -3.09977732e-03 
 2.27950000e-09  2.27950000e-09  2.50000000e+00  2.52502380e+00 -3.11242514e-03 
 2.28050000e-09  2.28050000e-09  2.50000000e+00  2.52608232e+00 -3.13361768e-03 
 2.28150000e-09  2.28150000e-09  2.50000000e+00  2.52714931e+00 -3.14753790e-03 
 2.28250000e-09  2.28250000e-09  2.50000000e+00  2.52822332e+00 -3.17011762e-03 
 2.28350000e-09  2.28350000e-09  2.50000000e+00  2.52930312e+00 -3.18551828e-03 
 2.28450000e-09  2.28450000e-09  2.50000000e+00  2.53038768e+00 -3.20965275e-03 
 2.28550000e-09  2.28550000e-09  2.50000000e+00  2.53147621e+00 -3.22644526e-03 
 2.28650000e-09  2.28650000e-09  2.50000000e+00  2.53256693e+00 -3.24526719e-03 
 2.28750000e-09  2.28750000e-09  2.50000000e+00  2.53364964e+00 -3.25852004e-03 
 2.28850000e-09  2.28850000e-09  2.50000000e+00  2.53470693e+00 -3.28346649e-03 
 2.28950000e-09  2.28950000e-09  2.50000000e+00  2.53572168e+00 -3.30508929e-03 
 2.29050000e-09  2.29050000e-09  2.50000000e+00  2.53667703e+00 -3.34050389e-03 
 2.29150000e-09  2.29150000e-09  2.50000000e+00  2.53755642e+00 -3.37454477e-03 
 2.29250000e-09  2.29250000e-09  2.50000000e+00  2.53834792e+00 -3.42160372e-03 
 2.29350000e-09  2.29350000e-09  2.50000000e+00  2.53903079e+00 -3.47365966e-03 
 2.29450000e-09  2.29450000e-09  2.50000000e+00  2.53958484e+00 -3.54099659e-03 
 2.29550000e-09  2.29550000e-09  2.50000000e+00  2.53999930e+00 -3.60970113e-03 
 2.29650000e-09  2.29650000e-09  2.50000000e+00  2.54025890e+00 -3.69646397e-03 
 2.29750000e-09  2.29750000e-09  2.50000000e+00  2.54034851e+00 -3.78565696e-03 
 2.29850000e-09  2.29850000e-09  2.50000000e+00  2.54025307e+00 -3.89382252e-03 
 2.29950000e-09  2.29950000e-09  2.50000000e+00  2.53995760e+00 -4.00518249e-03 
 2.30050000e-09  2.30050000e-09  2.50000000e+00  2.53944720e+00 -4.13612780e-03 
 2.30150000e-09  2.30150000e-09  2.50000000e+00  2.53870699e+00 -4.27072729e-03 
 2.30250000e-09  2.30250000e-09  2.50000000e+00  2.53771877e+00 -4.41912646e-03 
 2.30350000e-09  2.30350000e-09  2.50000000e+00  2.53646266e+00 -4.56535898e-03 
 2.30450000e-09  2.30450000e-09  2.50000000e+00  2.53492165e+00 -4.72691351e-03 
 2.30550000e-09  2.30550000e-09  2.50000000e+00  2.53308042e+00 -4.88801403e-03 
 2.30650000e-09  2.30650000e-09  2.50000000e+00  2.53092448e+00 -5.06486153e-03 
 2.30750000e-09  2.30750000e-09  2.50000000e+00  2.52844017e+00 -5.24137414e-03 
 2.30850000e-09  2.30850000e-09  2.50000000e+00  2.52561455e+00 -5.43346895e-03 
 2.30950000e-09  2.30950000e-09  2.50000000e+00  2.52243540e+00 -5.62480501e-03 
 2.31050000e-09  2.31050000e-09  2.50000000e+00  2.51889115e+00 -5.83106234e-03 
 2.31150000e-09  2.31150000e-09  2.50000000e+00  2.51497082e+00 -6.03568262e-03 
 2.31250000e-09  2.31250000e-09  2.50000000e+00  2.51066397e+00 -6.25414620e-03 
 2.31350000e-09  2.31350000e-09  2.50000000e+00  2.50596066e+00 -6.46971101e-03 
 2.31450000e-09  2.31450000e-09  2.50000000e+00  2.50085138e+00 -6.69768799e-03 
 2.31550000e-09  2.31550000e-09  2.50000000e+00  2.49532716e+00 -6.92152953e-03 
 2.31650000e-09  2.31650000e-09  2.50000000e+00  2.48937989e+00 -7.15713908e-03 
 2.31750000e-09  2.31750000e-09  2.50000000e+00  2.48300215e+00 -7.38768302e-03 
 2.31850000e-09  2.31850000e-09  2.50000000e+00  2.47618690e+00 -7.62840501e-03 
 2.31950000e-09  2.31950000e-09  2.50000000e+00  2.46892742e+00 -7.86237334e-03 
 2.32050000e-09  2.32050000e-09  2.50000000e+00  2.46121724e+00 -8.10475276e-03 
 2.32150000e-09  2.32150000e-09  2.50000000e+00  2.45305013e+00 -8.33853820e-03 
 2.32250000e-09  2.32250000e-09  2.50000000e+00  2.44441997e+00 -8.57882513e-03 
 2.32350000e-09  2.32350000e-09  2.50000000e+00  2.43532075e+00 -8.80854170e-03 
 2.32450000e-09  2.32450000e-09  2.50000000e+00  2.42574645e+00 -9.04271742e-03 
 2.32550000e-09  2.32550000e-09  2.50000000e+00  2.41569101e+00 -9.26421328e-03 
 2.32650000e-09  2.32650000e-09  2.50000000e+00  2.40514822e+00 -9.48798826e-03 
 2.32750000e-09  2.32750000e-09  2.50000000e+00  2.39411161e+00 -9.69682679e-03 
 2.32850000e-09  2.32850000e-09  2.50000000e+00  2.38257441e+00 -9.90560210e-03 
 2.32950000e-09  2.32950000e-09  2.50000000e+00  2.37052937e+00 -1.00969998e-02 
 2.33050000e-09  2.33050000e-09  2.50000000e+00  2.35796865e+00 -1.02857765e-02 
 2.33150000e-09  2.33150000e-09  2.50000000e+00  2.34488368e+00 -1.04544769e-02 
 2.33250000e-09  2.33250000e-09  2.50000000e+00  2.33126494e+00 -1.06176841e-02 
 2.33350000e-09  2.33350000e-09  2.50000000e+00  2.31710176e+00 -1.07577259e-02 
 2.33450000e-09  2.33450000e-09  2.50000000e+00  2.30238203e+00 -1.08889101e-02 
 2.33550000e-09  2.33550000e-09  2.50000000e+00  2.28709188e+00 -1.09932089e-02 
 2.33650000e-09  2.33650000e-09  2.50000000e+00  2.27121518e+00 -1.10844635e-02 
 2.33750000e-09  2.33750000e-09  2.50000000e+00  2.25473302e+00 -1.11440238e-02 
 2.33850000e-09  2.33850000e-09  2.50000000e+00  2.23762292e+00 -1.11848834e-02 
 2.33950000e-09  2.33950000e-09  2.50000000e+00  2.21985776e+00 -1.11872105e-02 
 2.34050000e-09  2.34050000e-09  2.50000000e+00  2.20140434e+00 -1.11623058e-02 
 2.34150000e-09  2.34150000e-09  2.50000000e+00  2.18222111e+00 -1.10878300e-02 
 2.34250000e-09  2.34250000e-09  2.50000000e+00  2.16225493e+00 -1.09712160e-02 
 2.34350000e-09  2.34350000e-09  2.50000000e+00  2.14143470e+00 -1.07824312e-02 
 2.34450000e-09  2.34450000e-09  2.50000000e+00  2.11966313e+00 -1.05196332e-02 
 2.34550000e-09  2.34550000e-09  2.50000000e+00  2.09679946e+00 -1.01320643e-02 
 2.34650000e-09  2.34650000e-09  2.50000000e+00  2.07261997e+00 -9.56966808e-03 
 2.34750000e-09  2.34750000e-09  2.50000000e+00  2.04681093e+00 -8.78572753e-03 
 2.34850000e-09  2.34850000e-09  2.50000000e+00  2.01947424e+00 -8.44195686e-03 
 2.34950000e-09  2.34950000e-09  2.50000000e+00  1.99094203e+00 -8.16121548e-03 
 2.35050000e-09  2.35050000e-09  2.50000000e+00  1.96125707e+00 -7.85887269e-03 
 2.35150000e-09  2.35150000e-09  2.50000000e+00  1.93046104e+00 -7.61681891e-03 
 2.35250000e-09  2.35250000e-09  2.50000000e+00  1.89859458e+00 -7.35059997e-03 
 2.35350000e-09  2.35350000e-09  2.50000000e+00  1.86569730e+00 -7.14227196e-03 
 2.35450000e-09  2.35450000e-09  2.50000000e+00  1.83180778e+00 -6.90753618e-03 
 2.35550000e-09  2.35550000e-09  2.50000000e+00  1.79696358e+00 -6.72859456e-03 
 2.35650000e-09  2.35650000e-09  2.50000000e+00  1.76120122e+00 -6.52128517e-03 
 2.35750000e-09  2.35750000e-09  2.50000000e+00  1.72455627e+00 -6.36793813e-03 
 2.35850000e-09  2.35850000e-09  2.50000000e+00  1.68706327e+00 -6.18451167e-03 
 2.35950000e-09  2.35950000e-09  2.50000000e+00  1.64875580e+00 -6.05344847e-03 
 2.36050000e-09  2.36050000e-09  2.50000000e+00  1.60966648e+00 -5.89081219e-03 
 2.36150000e-09  2.36150000e-09  2.50000000e+00  1.56982699e+00 -5.77914419e-03 
 2.36250000e-09  2.36250000e-09  2.50000000e+00  1.52926806e+00 -5.63460053e-03 
 2.36350000e-09  2.36350000e-09  2.50000000e+00  1.48801952e+00 -5.53980902e-03 
 2.36450000e-09  2.36450000e-09  2.50000000e+00  1.44611029e+00 -5.41100661e-03 
 2.36550000e-09  2.36550000e-09  2.50000000e+00  1.40362952e+00 -5.39855038e-03 
 2.36650000e-09  2.36650000e-09  2.50000000e+00  1.36075829e+00 -5.38755221e-03 
 2.36750000e-09  2.36750000e-09  2.50000000e+00  1.31767649e+00 -5.40805731e-03 
 2.36850000e-09  2.36850000e-09  2.50000000e+00  1.27452749e+00 -5.37909793e-03 
 2.36950000e-09  2.36950000e-09  2.50000000e+00  1.23144477e+00 -5.38309471e-03 
 2.37050000e-09  2.37050000e-09  2.50000000e+00  1.18855198e+00 -5.33845672e-03 
 2.37150000e-09  2.37150000e-09  2.50000000e+00  1.14596311e+00 -5.32749241e-03 
 2.37250000e-09  2.37250000e-09  2.50000000e+00  1.10378280e+00 -5.26857002e-03 
 2.37350000e-09  2.37350000e-09  2.50000000e+00  1.06210654e+00 -5.24399849e-03 
 2.37450000e-09  2.37450000e-09  2.50000000e+00  1.02102097e+00 -5.17216936e-03 
 2.37550000e-09  2.37550000e-09  2.50000000e+00  9.80604106e-01 -5.13542619e-03 
 2.37650000e-09  2.37650000e-09  2.50000000e+00  9.40925691e-01 -5.05219922e-03 
 2.37750000e-09  2.37750000e-09  2.50000000e+00  9.02047475e-01 -5.00487022e-03 
 2.37850000e-09  2.37850000e-09  2.50000000e+00  8.64023562e-01 -4.91190439e-03 
 2.37950000e-09  2.37950000e-09  2.50000000e+00  8.26900755e-01 -4.85571342e-03 
 2.38050000e-09  2.38050000e-09  2.50000000e+00  7.90718925e-01 -4.75478643e-03 
 2.38150000e-09  2.38150000e-09  2.50000000e+00  7.55511374e-01 -4.69155250e-03 
 2.38250000e-09  2.38250000e-09  2.50000000e+00  7.21305223e-01 -4.58451135e-03 
 2.38350000e-09  2.38350000e-09  2.50000000e+00  6.88121788e-01 -4.51609594e-03 
 2.38450000e-09  2.38450000e-09  2.50000000e+00  6.55976969e-01 -4.40480328e-03 
 2.38550000e-09  2.38550000e-09  2.50000000e+00  6.24881633e-01 -4.33305731e-03 
 2.38650000e-09  2.38650000e-09  2.50000000e+00  5.94841988e-01 -4.21934008e-03 
 2.38750000e-09  2.38750000e-09  2.50000000e+00  5.65859958e-01 -4.14605502e-03 
 2.38850000e-09  2.38850000e-09  2.50000000e+00  5.37933543e-01 -4.03165854e-03 
 2.38950000e-09  2.38950000e-09  2.50000000e+00  5.11057173e-01 -3.95852384e-03 
 2.39050000e-09  2.39050000e-09  2.50000000e+00  4.85222047e-01 -3.84507298e-03 
 2.39150000e-09  2.39150000e-09  2.50000000e+00  4.60416458e-01 -3.77364119e-03 
 2.39250000e-09  2.39250000e-09  2.50000000e+00  4.36626102e-01 -3.66260947e-03 
 2.39350000e-09  2.39350000e-09  2.50000000e+00  4.13834383e-01 -3.59426940e-03 
 2.39450000e-09  2.39450000e-09  2.50000000e+00  3.92022681e-01 -3.48695629e-03 
 2.39550000e-09  2.39550000e-09  2.50000000e+00  3.71170628e-01 -3.42291443e-03 
 2.39650000e-09  2.39650000e-09  2.50000000e+00  3.51247220e-01 -3.31727531e-03 
 2.39750000e-09  2.39750000e-09  2.50000000e+00  3.32238928e-01 -3.26199087e-03 
 2.39850000e-09  2.39850000e-09  2.50000000e+00  3.14130652e-01 -3.16648423e-03 
 2.39950000e-09  2.39950000e-09  2.50000000e+00  2.96886501e-01 -3.11283119e-03 
 2.40050000e-09  2.40050000e-09  2.50000000e+00  2.80478392e-01 -3.01908969e-03 
 2.40150000e-09  2.40150000e-09  2.50000000e+00  2.64877867e-01 -2.96737215e-03 
 2.40250000e-09  2.40250000e-09  2.50000000e+00  2.50056253e-01 -2.87571401e-03 
 2.40350000e-09  2.40350000e-09  2.50000000e+00  2.35984805e-01 -2.82620440e-03 
 2.40450000e-09  2.40450000e-09  2.50000000e+00  2.22634838e-01 -2.73685754e-03 
 2.40550000e-09  2.40550000e-09  2.50000000e+00  2.09977843e-01 -2.68974328e-03 
 2.40650000e-09  2.40650000e-09  2.50000000e+00  1.97985591e-01 -2.60285843e-03 
 2.40750000e-09  2.40750000e-09  2.50000000e+00  1.86630227e-01 -2.55825719e-03 
 2.40850000e-09  2.40850000e-09  2.50000000e+00  1.75884350e-01 -2.47392236e-03 
 2.40950000e-09  2.40950000e-09  2.50000000e+00  1.65721083e-01 -2.43189569e-03 
 2.41050000e-09  2.41050000e-09  2.50000000e+00  1.56114135e-01 -2.35014894e-03 
 2.41150000e-09  2.41150000e-09  2.50000000e+00  1.47037851e-01 -2.31071414e-03 
 2.41250000e-09  2.41250000e-09  2.50000000e+00  1.38467255e-01 -2.23155455e-03 
 2.41350000e-09  2.41350000e-09  2.50000000e+00  1.30378086e-01 -2.19469484e-03 
 2.41450000e-09  2.41450000e-09  2.50000000e+00  1.22746824e-01 -2.11809193e-03 
 2.41550000e-09  2.41550000e-09  2.50000000e+00  1.15550714e-01 -2.08376505e-03 
 2.41650000e-09  2.41650000e-09  2.50000000e+00  1.08767780e-01 -2.00966652e-03 
 2.41750000e-09  2.41750000e-09  2.50000000e+00  1.02376831e-01 -1.97781176e-03 
 2.41850000e-09  2.41850000e-09  2.50000000e+00  9.63574749e-02 -1.90614993e-03 
 2.41950000e-09  2.41950000e-09  2.50000000e+00  9.06901100e-02 -1.87669389e-03 
 2.42050000e-09  2.42050000e-09  2.50000000e+00  8.53559273e-02 -1.80739078e-03 
 2.42150000e-09  2.42150000e-09  2.50000000e+00  8.03369021e-02 -1.78025191e-03 
 2.42250000e-09  2.42250000e-09  2.50000000e+00  7.56157845e-02 -1.71322329e-03 
 2.42350000e-09  2.42350000e-09  2.50000000e+00  7.11760872e-02 -1.68831544e-03 
 2.42450000e-09  2.42450000e-09  2.50000000e+00  6.70020711e-02 -1.62347390e-03 
 2.42550000e-09  2.42550000e-09  2.50000000e+00  6.30787287e-02 -1.60070900e-03 
 2.42650000e-09  2.42650000e-09  2.50000000e+00  5.93917661e-02 -1.53796628e-03 
 2.42750000e-09  2.42750000e-09  2.50000000e+00  5.59275834e-02 -1.51725628e-03 
 2.42850000e-09  2.42850000e-09  2.50000000e+00  5.26732546e-02 -1.45652492e-03 
 2.42950000e-09  2.42950000e-09  2.50000000e+00  4.96165062e-02 -1.43778321e-03 
 2.43050000e-09  2.43050000e-09  2.50000000e+00  4.67456946e-02 -1.37897768e-03 
 2.43150000e-09  2.43150000e-09  2.50000000e+00  4.40497847e-02 -1.36212002e-03 
 2.43250000e-09  2.43250000e-09  2.50000000e+00  4.15183264e-02 -1.30515750e-03 
 2.43350000e-09  2.43350000e-09  2.50000000e+00  3.91414318e-02 -1.29010257e-03 
 2.43450000e-09  2.43450000e-09  2.50000000e+00  3.69097529e-02 -1.23490334e-03 
 2.43550000e-09  2.43550000e-09  2.50000000e+00  3.48144584e-02 -1.22157310e-03 
 2.43650000e-09  2.43650000e-09  2.50000000e+00  3.28472114e-02 -1.16806076e-03 
 2.43750000e-09  2.43750000e-09  2.50000000e+00  3.10001472e-02 -1.15638049e-03 
 2.43850000e-09  2.43850000e-09  2.50000000e+00  2.92658516e-02 -1.10448204e-03 
 2.43950000e-09  2.43950000e-09  2.50000000e+00  2.76373393e-02 -1.09438037e-03 
 2.44050000e-09  2.44050000e-09  2.50000000e+00  2.61080336e-02 -1.04402604e-03 
 2.44150000e-09  2.44150000e-09  2.50000000e+00  2.46717457e-02 -1.03543480e-03 
 2.44250000e-09  2.44250000e-09  2.50000000e+00  2.33226552e-02 -9.86557981e-04 
 2.44350000e-09  2.44350000e-09  2.50000000e+00  2.20552913e-02 -9.79412064e-04 
 2.44450000e-09  2.44450000e-09  2.50000000e+00  2.08645142e-02 -9.31949078e-04 
 2.44550000e-09  2.44550000e-09  2.50000000e+00  1.97454974e-02 -9.26186196e-04 
 2.44650000e-09  2.44650000e-09  2.50000000e+00  1.86926770e-02 -8.76469599e-04 
 2.44750000e-09  2.44750000e-09  2.50000000e+00  1.77009859e-02 -8.68866440e-04 
 2.44850000e-09  2.44850000e-09  2.50000000e+00  1.67668095e-02 -8.21177669e-04 
 2.44950000e-09  2.44950000e-09  2.50000000e+00  1.58867606e-02 -8.15609967e-04 
 2.45050000e-09  2.45050000e-09  2.50000000e+00  1.50576388e-02 -7.69865119e-04 
 2.45150000e-09  2.45150000e-09  2.50000000e+00  1.42764222e-02 -7.66155089e-04 
 2.45250000e-09  2.45250000e-09  2.50000000e+00  1.35402591e-02 -7.22186352e-04 
 2.45350000e-09  2.45350000e-09  2.50000000e+00  1.28464604e-02 -7.20175251e-04 
 2.45450000e-09  2.45450000e-09  2.50000000e+00  1.21924914e-02 -6.77832353e-04 
 2.45550000e-09  2.45550000e-09  2.50000000e+00  1.15759643e-02 -6.77377830e-04 
 2.45650000e-09  2.45650000e-09  2.50000000e+00  1.09946306e-02 -6.36525837e-04 
 2.45750000e-09  2.45750000e-09  2.50000000e+00  1.04463742e-02 -6.37499912e-04 
 2.45850000e-09  2.45850000e-09  2.50000000e+00  9.92920416e-03 -5.98017371e-04 
 2.45950000e-09  2.45950000e-09  2.50000000e+00  9.44124822e-03 -6.00304719e-04 
 2.46050000e-09  2.46050000e-09  2.50000000e+00  8.98074607e-03 -5.62082065e-04 
 2.46150000e-09  2.46150000e-09  2.50000000e+00  8.54604340e-03 -5.65578543e-04 
 2.46250000e-09  2.46250000e-09  2.50000000e+00  8.13558589e-03 -5.28516738e-04 
 2.46350000e-09  2.46350000e-09  2.50000000e+00  7.74791356e-03 -5.33128117e-04 
 2.46450000e-09  2.46450000e-09  2.50000000e+00  7.38165539e-03 -4.97137465e-04 
 2.46550000e-09  2.46550000e-09  2.50000000e+00  7.03552420e-03 -5.02778326e-04 
 2.46650000e-09  2.46650000e-09  2.50000000e+00  6.70831171e-03 -4.67777446e-04 
 2.46750000e-09  2.46750000e-09  2.50000000e+00  6.39888397e-03 -4.74370219e-04 
 2.46850000e-09  2.46850000e-09  2.50000000e+00  6.10617688e-03 -4.40285142e-04 
 2.46950000e-09  2.46950000e-09  2.50000000e+00  5.82919209e-03 -4.47759265e-04 
 2.47050000e-09  2.47050000e-09  2.50000000e+00  5.56699301e-03 -4.14522648e-04 
 2.47150000e-09  2.47150000e-09  2.50000000e+00  5.31870106e-03 -4.22813823e-04 
 2.47250000e-09  2.47250000e-09  2.50000000e+00  5.08349219e-03 -3.90364252e-04 
 2.47350000e-09  2.47350000e-09  2.50000000e+00  4.86059351e-03 -3.99413796e-04 
 2.47450000e-09  2.47450000e-09  2.50000000e+00  4.64928012e-03 -3.67695175e-04 
 2.47550000e-09  2.47550000e-09  2.50000000e+00  4.44887221e-03 -3.77449442e-04 
 2.47650000e-09  2.47650000e-09  2.50000000e+00  4.25873222e-03 -3.46410448e-04 
 2.47750000e-09  2.47750000e-09  2.50000000e+00  4.07826221e-03 -3.56820319e-04 
 2.47850000e-09  2.47850000e-09  2.50000000e+00  3.90690140e-03 -3.26413924e-04 
 2.47950000e-09  2.47950000e-09  2.50000000e+00  3.74412383e-03 -3.37434357e-04 
 2.48050000e-09  2.48050000e-09  2.50000000e+00  3.58943618e-03 -3.07617403e-04 
 2.48150000e-09  2.48150000e-09  2.50000000e+00  3.44245549e-03 -3.19516156e-04 
 2.48250000e-09  2.48250000e-09  2.50000000e+00  3.30265862e-03 -2.89930475e-04 
 2.48350000e-09  2.48350000e-09  2.50000000e+00  3.16963016e-03 -3.02326278e-04 
 2.48450000e-09  2.48450000e-09  2.50000000e+00  3.04306527e-03 -2.73547875e-04 
 2.48550000e-09  2.48550000e-09  2.50000000e+00  2.92252394e-03 -2.86143865e-04 
 2.48650000e-09  2.48650000e-09  2.50000000e+00  2.80767213e-03 -2.57847914e-04 
 2.48750000e-09  2.48750000e-09  2.50000000e+00  2.69819631e-03 -2.70910674e-04 
 2.48850000e-09  2.48850000e-09  2.50000000e+00  2.59380202e-03 -2.43066065e-04 
 2.48950000e-09  2.48950000e-09  2.50000000e+00  2.49421265e-03 -2.56565341e-04 
 2.49050000e-09  2.49050000e-09  2.50000000e+00  2.39916834e-03 -2.29142992e-04 
 2.49150000e-09  2.49150000e-09  2.50000000e+00  2.30842488e-03 -2.43050818e-04 
 2.49250000e-09  2.49250000e-09  2.50000000e+00  2.22175275e-03 -2.16023832e-04 
 2.49350000e-09  2.49350000e-09  2.50000000e+00  2.13893618e-03 -2.30314329e-04 
 2.49450000e-09  2.49450000e-09  2.50000000e+00  2.05977226e-03 -2.03657796e-04 
 2.49550000e-09  2.49550000e-09  2.50000000e+00  1.98407015e-03 -2.18306982e-04 
 2.49650000e-09  2.49650000e-09  2.50000000e+00  1.91165031e-03 -1.91997805e-04 
 2.49750000e-09  2.49750000e-09  2.50000000e+00  1.84234378e-03 -2.06983427e-04 
 2.49850000e-09  2.49850000e-09  2.50000000e+00  1.77599151e-03 -1.81000162e-04 
 2.49950000e-09  2.49950000e-09  2.50000000e+00  1.71244374e-03 -1.96301550e-04 
 2.50050000e-09  2.50050000e-09  2.50000000e+00  1.65155942e-03 -1.70624265e-04 
 2.50150000e-09  2.50150000e-09  2.50000000e+00  1.59320564e-03 -1.86222193e-04 
 2.50250000e-09  2.50250000e-09  2.50000000e+00  1.53725716e-03 -1.60832341e-04 
 2.50350000e-09  2.50350000e-09  2.50000000e+00  1.48359587e-03 -1.76708911e-04 
 2.50450000e-09  2.50450000e-09  2.50000000e+00  1.43211042e-03 -1.51589213e-04 
 2.50550000e-09  2.50550000e-09  2.50000000e+00  1.38269573e-03 -1.67727743e-04 
 2.50650000e-09  2.50650000e-09  2.50000000e+00  1.33525263e-03 -1.42862090e-04 
 2.50750000e-09  2.50750000e-09  2.50000000e+00  1.28968750e-03 -1.59247016e-04 
 2.50850000e-09  2.50850000e-09  2.50000000e+00  1.24591191e-03 -1.34620369e-04 
 2.50950000e-09  2.50950000e-09  2.50000000e+00  1.20384232e-03 -1.51237160e-04 
 2.51050000e-09  2.51050000e-09  2.50000000e+00  1.16339976e-03 -1.26835472e-04 
 2.51150000e-09  2.51150000e-09  2.50000000e+00  1.12450957e-03 -1.43670543e-04 
 2.51250000e-09  2.51250000e-09  2.50000000e+00  1.08710110e-03 -1.19480678e-04 
 2.51350000e-09  2.51350000e-09  2.50000000e+00  1.05110753e-03 -1.36521326e-04 
 2.51450000e-09  2.51450000e-09  2.50000000e+00  1.01646556e-03 -1.12530992e-04 
 2.51550000e-09  2.51550000e-09  2.50000000e+00  9.83115268e-04 -1.29765322e-04 
 2.51650000e-09  2.51650000e-09  2.50000000e+00  9.50999872e-04 -1.05963009e-04 
 2.51750000e-09  2.51750000e-09  2.50000000e+00  9.20065545e-04 -1.23379877e-04 
 2.51850000e-09  2.51850000e-09  2.50000000e+00  8.90261245e-04 -9.97547962e-05 
 2.51950000e-09  2.51950000e-09  2.50000000e+00  8.61538550e-04 -1.17343758e-04 
 2.52050000e-09  2.52050000e-09  2.50000000e+00  8.33851502e-04 -9.38857923e-05 
 2.52150000e-09  2.52150000e-09  2.50000000e+00  8.07156464e-04 -1.11637047e-04 
 2.52250000e-09  2.52250000e-09  2.50000000e+00  7.81411985e-04 -8.83367038e-05 
 2.52350000e-09  2.52350000e-09  2.50000000e+00  7.56578673e-04 -1.06241054e-04 
 2.52450000e-09  2.52450000e-09  2.50000000e+00  7.32619076e-04 -8.30894183e-05 
 2.52550000e-09  2.52550000e-09  2.50000000e+00  7.09497575e-04 -1.01138224e-04 
 2.52650000e-09  2.52650000e-09  2.50000000e+00  6.87180274e-04 -7.81269222e-05 
 2.52750000e-09  2.52750000e-09  2.50000000e+00  6.65634907e-04 -9.63120654e-05 
 2.52850000e-09  2.52850000e-09  2.50000000e+00  6.44830745e-04 -7.34332256e-05 
 2.52950000e-09  2.52950000e-09  2.50000000e+00  6.24738510e-04 -9.17470731e-05 
 2.53050000e-09  2.53050000e-09  2.50000000e+00  6.05330298e-04 -6.89932932e-05 
 2.53150000e-09  2.53150000e-09  2.50000000e+00  5.86579496e-04 -8.74286656e-05 
 2.53250000e-09  2.53250000e-09  2.50000000e+00  5.68460720e-04 -6.47929813e-05 
 2.53350000e-09  2.53350000e-09  2.50000000e+00  5.50949743e-04 -8.33431222e-05 
 2.53450000e-09  2.53450000e-09  2.50000000e+00  5.34023436e-04 -6.08189784e-05 
 2.53550000e-09  2.53550000e-09  2.50000000e+00  5.17659705e-04 -7.94775275e-05 
 2.53650000e-09  2.53650000e-09  2.50000000e+00  5.01837441e-04 -5.70587520e-05 
 2.53750000e-09  2.53750000e-09  2.50000000e+00  4.86536467e-04 -7.58197191e-05 
 2.53850000e-09  2.53850000e-09  2.50000000e+00  4.71737485e-04 -5.35004981e-05 
 2.53950000e-09  2.53950000e-09  2.50000000e+00  4.57422036e-04 -7.23582400e-05 
 2.54050000e-09  2.54050000e-09  2.50000000e+00  4.43572456e-04 -5.01330952e-05 
 2.54150000e-09  2.54150000e-09  2.50000000e+00  4.30171831e-04 -6.90822936e-05 
 2.54250000e-09  2.54250000e-09  2.50000000e+00  4.17203966e-04 -4.69460615e-05 
 2.54350000e-09  2.54350000e-09  2.50000000e+00  4.04653341e-04 -6.59817026e-05 
 2.54450000e-09  2.54450000e-09  2.50000000e+00  3.92505085e-04 -4.39295148e-05 
 2.54550000e-09  2.54550000e-09  2.50000000e+00  3.80744940e-04 -6.30468709e-05 
 2.54650000e-09  2.54650000e-09  2.50000000e+00  3.69359231e-04 -4.10741359e-05 
 2.54750000e-09  2.54750000e-09  2.50000000e+00  3.58334839e-04 -6.02687476e-05 
 2.54850000e-09  2.54850000e-09  2.50000000e+00  3.47659172e-04 -3.83711339e-05 
 2.54950000e-09  2.54950000e-09  2.50000000e+00  3.37320144e-04 -5.76387938e-05 
 2.55050000e-09  2.55050000e-09  2.50000000e+00  3.27306146e-04 -3.58122145e-05 
 2.55150000e-09  2.55150000e-09  2.50000000e+00  3.17606028e-04 -5.51489523e-05 
 2.55250000e-09  2.55250000e-09  2.50000000e+00  3.08209076e-04 -3.33895501e-05 
 2.55350000e-09  2.55350000e-09  2.50000000e+00  2.99104990e-04 -5.27916181e-05 
 2.55450000e-09  2.55450000e-09  2.50000000e+00  2.90283868e-04 -3.10957516e-05 
 2.55550000e-09  2.55550000e-09  2.50000000e+00  2.81736187e-04 -5.05596117e-05 
 2.55650000e-09  2.55650000e-09  2.50000000e+00  2.73452785e-04 -2.89238429e-05 
 2.55750000e-09  2.55750000e-09  2.50000000e+00  2.65424846e-04 -4.84461542e-05 
 2.55850000e-09  2.55850000e-09  2.50000000e+00  2.57643884e-04 -2.68672364e-05 
 2.55950000e-09  2.55950000e-09  2.50000000e+00  2.50101730e-04 -4.64448435e-05 
 2.56050000e-09  2.56050000e-09  2.50000000e+00  2.42790516e-04 -2.49197100e-05 
 2.56150000e-09  2.56150000e-09  2.50000000e+00  2.35702663e-04 -4.45496324e-05 
 2.56250000e-09  2.56250000e-09  2.50000000e+00  2.28830871e-04 -2.30753864e-05 
 2.56350000e-09  2.56350000e-09  2.50000000e+00  2.22168102e-04 -4.27548083e-05 
 2.56450000e-09  2.56450000e-09  2.50000000e+00  2.15707573e-04 -2.13287127e-05 
 2.56550000e-09  2.56550000e-09  2.50000000e+00  2.09442746e-04 -4.10549734e-05 
 2.56650000e-09  2.56650000e-09  2.50000000e+00  2.03367313e-04 -1.96744417e-05 
 2.56750000e-09  2.56750000e-09  2.50000000e+00  1.97475194e-04 -3.94450269e-05 
 2.56850000e-09  2.56850000e-09  2.50000000e+00  1.91760519e-04 -1.81076147e-05 
 2.56950000e-09  2.56950000e-09  2.50000000e+00  1.86217627e-04 -3.79201481e-05 
 2.57050000e-09  2.57050000e-09  2.50000000e+00  1.80841053e-04 -1.66235450e-05 
 2.57150000e-09  2.57150000e-09  2.50000000e+00  1.75625523e-04 -3.64757801e-05 
 2.57250000e-09  2.57250000e-09  2.50000000e+00  1.70565944e-04 -1.52178022e-05 
 2.57350000e-09  2.57350000e-09  2.50000000e+00  1.65657399e-04 -3.51076154e-05 
 2.57450000e-09  2.57450000e-09  2.50000000e+00  1.60895140e-04 -1.38861976e-05 
 2.57550000e-09  2.57550000e-09  2.50000000e+00  1.56274578e-04 -3.38115812e-05 
 2.57650000e-09  2.57650000e-09  2.50000000e+00  1.51791283e-04 -1.26247712e-05 
 2.57750000e-09  2.57750000e-09  2.50000000e+00  1.47440972e-04 -3.25838266e-05 
 2.57850000e-09  2.57850000e-09  2.50000000e+00  1.43219508e-04 -1.14297783e-05 
 2.57950000e-09  2.57950000e-09  2.50000000e+00  1.39122890e-04 -3.14207101e-05 
 2.58050000e-09  2.58050000e-09  2.50000000e+00  1.35147252e-04 -1.02976774e-05 
 2.58150000e-09  2.58150000e-09  2.50000000e+00  1.31288858e-04 -3.03187877e-05 
 2.58250000e-09  2.58250000e-09  2.50000000e+00  1.27544092e-04 -9.22511928e-06 
 2.58350000e-09  2.58350000e-09  2.50000000e+00  1.23909459e-04 -2.92748021e-05 
 2.58450000e-09  2.58450000e-09  2.50000000e+00  1.20381580e-04 -8.20893600e-06 
 2.58550000e-09  2.58550000e-09  2.50000000e+00  1.16957184e-04 -2.82856721e-05 
 2.58650000e-09  2.58650000e-09  2.50000000e+00  1.13633109e-04 -7.24613086e-06 
 2.58750000e-09  2.58750000e-09  2.50000000e+00  1.10406294e-04 -2.73484832e-05 
 2.58850000e-09  2.58850000e-09  2.50000000e+00  1.07273778e-04 -6.33386896e-06 
 2.58950000e-09  2.58950000e-09  2.50000000e+00  1.04232695e-04 -2.64604780e-05 
 2.59050000e-09  2.59050000e-09  2.50000000e+00  1.01280272e-04 -5.46946826e-06 
 2.59150000e-09  2.59150000e-09  2.50000000e+00  9.84138253e-05 -2.56190475e-05 
 2.59250000e-09  2.59250000e-09  2.50000000e+00  9.56307555e-05 -4.65039113e-06 
 2.59350000e-09  2.59350000e-09  2.50000000e+00  9.29285470e-05 -2.48217235e-05 
 2.59450000e-09  2.59450000e-09  2.50000000e+00  9.03047644e-05 -3.87423642e-06 
 2.59550000e-09  2.59550000e-09  2.50000000e+00  8.77570492e-05 -2.40661702e-05 
 2.59650000e-09  2.59650000e-09  2.50000000e+00  8.52831176e-05 -3.13873197e-06 
 2.59750000e-09  2.59750000e-09  2.50000000e+00  8.28807579e-05 -2.33501772e-05 
 2.59850000e-09  2.59850000e-09  2.50000000e+00  8.05478281e-05 -2.44172754e-06 
 2.59950000e-09  2.59950000e-09  2.50000000e+00  7.82822531e-05 -2.26716527e-05 
 2.60050000e-09  2.60050000e-09  2.50000000e+00  7.60820232e-05 -1.78118815e-06 
 2.60150000e-09  2.60150000e-09  2.50000000e+00  7.39451911e-05 -2.20286170e-05 
 2.60250000e-09  2.60250000e-09  2.50000000e+00  7.18698707e-05 -1.15518774e-06 
 2.60350000e-09  2.60350000e-09  2.50000000e+00  6.98542339e-05 -2.14191962e-05 
 2.60450000e-09  2.60450000e-09  2.50000000e+00  6.78965100e-05 -5.61903307e-07 
 2.60550000e-09  2.60550000e-09  2.50000000e+00  6.59949827e-05 -2.08416168e-05 
 2.60650000e-09  2.60650000e-09  2.50000000e+00  6.41479376e-05  6.63305697e-10 
 2.60750000e-09  2.60750000e-09  2.50000000e+00  6.23538197e-05 -2.02942069e-05 
 2.60850000e-09  2.60850000e-09  2.50000000e+00  6.06111178e-05  5.33320987e-07 
 2.60950000e-09  2.60950000e-09  2.50000000e+00  5.89182602e-05 -1.97753627e-05 
 2.61050000e-09  2.61050000e-09  2.50000000e+00  5.72737381e-05  1.03866776e-06 
 2.61150000e-09  2.61150000e-09  2.50000000e+00  5.56761744e-05 -1.92835927e-05 
 2.61250000e-09  2.61250000e-09  2.50000000e+00  5.41242302e-05  1.51722280e-06 
 2.61350000e-09  2.61350000e-09  2.50000000e+00  5.26165224e-05 -1.88174609e-05 
 2.61450000e-09  2.61450000e-09  2.50000000e+00  5.11517546e-05  1.97104295e-06 
 2.61550000e-09  2.61550000e-09  2.50000000e+00  4.97286697e-05 -1.83756245e-05 
 2.61650000e-09  2.61650000e-09  2.50000000e+00  4.83460487e-05  2.40121483e-06 
 2.61750000e-09  2.61750000e-09  2.50000000e+00  4.70027096e-05 -1.79568065e-05 
 2.61850000e-09  2.61850000e-09  2.50000000e+00  4.56975061e-05  2.80898101e-06 
 2.61950000e-09  2.61950000e-09  2.50000000e+00  4.44293267e-05 -1.75597980e-05 
 2.62050000e-09  2.62050000e-09  2.50000000e+00  4.31970931e-05  3.19551804e-06 
 2.62150000e-09  2.62150000e-09  2.50000000e+00  4.19997596e-05 -1.71834540e-05 
 2.62250000e-09  2.62250000e-09  2.50000000e+00  4.08363122e-05  3.56194005e-06 
 2.62350000e-09  2.62350000e-09  2.50000000e+00  3.97057668e-05 -1.68266903e-05 
 2.62450000e-09  2.62450000e-09  2.50000000e+00  3.86071694e-05  3.90930209e-06 
 2.62550000e-09  2.62550000e-09  2.50000000e+00  3.75395940e-05 -1.64884802e-05 
 2.62650000e-09  2.62650000e-09  2.50000000e+00  3.65021428e-05  4.23860330e-06 
 2.62750000e-09  2.62750000e-09  2.50000000e+00  3.54939444e-05 -1.61678513e-05 
 2.62850000e-09  2.62850000e-09  2.50000000e+00  3.45141537e-05  4.55078994e-06 
 2.62950000e-09  2.62950000e-09  2.50000000e+00  3.35619505e-05 -1.58638829e-05 
 2.63050000e-09  2.63050000e-09  2.50000000e+00  3.26365392e-05  4.84675820e-06 
 2.63150000e-09  2.63150000e-09  2.50000000e+00  3.17371478e-05 -1.55757027e-05 
 2.63250000e-09  2.63250000e-09  2.50000000e+00  3.08630270e-05  5.12735688e-06 
 2.63350000e-09  2.63350000e-09  2.50000000e+00  3.00134501e-05 -1.53024846e-05 
 2.63450000e-09  2.63450000e-09  2.50000000e+00  2.91877116e-05  5.39338994e-06 
 2.63550000e-09  2.63550000e-09  2.50000000e+00  2.83851269e-05 -1.50434462e-05 
 2.63650000e-09  2.63650000e-09  2.50000000e+00  2.76050317e-05  5.64561889e-06 
 2.63750000e-09  2.63750000e-09  2.50000000e+00  2.68467814e-05 -1.47978464e-05 
 2.63850000e-09  2.63850000e-09  2.50000000e+00  2.61097501e-05  5.88476507e-06 
 2.63950000e-09  2.63950000e-09  2.50000000e+00  2.53933307e-05 -1.45649830e-05 
 2.64050000e-09  2.64050000e-09  2.50000000e+00  2.46969336e-05  6.11151178e-06 
 2.64150000e-09  2.64150000e-09  2.50000000e+00  2.40199867e-05 -1.43441912e-05 
 2.64250000e-09  2.64250000e-09  2.50000000e+00  2.33619348e-05  6.32650632e-06 
 2.64350000e-09  2.64350000e-09  2.50000000e+00  2.27222387e-05 -1.41348407e-05 
 2.64450000e-09  2.64450000e-09  2.50000000e+00  2.21003752e-05  6.53036189e-06 
 2.64550000e-09  2.64550000e-09  2.50000000e+00  2.14958363e-05 -1.39363348e-05 
 2.64650000e-09  2.64650000e-09  2.50000000e+00  2.09081290e-05  6.72365942e-06 
 2.64750000e-09  2.64750000e-09  2.50000000e+00  2.03367745e-05 -1.37481081e-05 
 2.64850000e-09  2.64850000e-09  2.50000000e+00  1.97813082e-05  6.90694931e-06 
 2.64950000e-09  2.64950000e-09  2.50000000e+00  1.92412787e-05 -1.35696247e-05 
 2.65050000e-09  2.65050000e-09  2.50000000e+00  1.87162481e-05  7.08075299e-06 
 2.65150000e-09  2.65150000e-09  2.50000000e+00  1.82057910e-05 -1.34003772e-05 
 2.65250000e-09  2.65250000e-09  2.50000000e+00  1.77094945e-05  7.24556454e-06 
 2.65350000e-09  2.65350000e-09  2.50000000e+00  1.72269577e-05 -1.32398846e-05 
 2.65450000e-09  2.65450000e-09  2.50000000e+00  1.67577911e-05  7.40185205e-06 
 2.65550000e-09  2.65550000e-09  2.50000000e+00  1.63016169e-05 -1.30876913e-05 
 2.65650000e-09  2.65650000e-09  2.50000000e+00  1.58580678e-05  7.55005909e-06 
 2.65750000e-09  2.65750000e-09  2.50000000e+00  1.54267875e-05 -1.29433655e-05 
 2.65850000e-09  2.65850000e-09  2.50000000e+00  1.50074297e-05  7.69060595e-06 
 2.65950000e-09  2.65950000e-09  2.50000000e+00  1.45996584e-05 -1.28064980e-05 
 2.66050000e-09  2.66050000e-09  2.50000000e+00  1.42031469e-05  7.82389090e-06 
 2.66150000e-09  2.66150000e-09  2.50000000e+00  1.38175784e-05 -1.26767013e-05 
 2.66250000e-09  2.66250000e-09  2.50000000e+00  1.34426449e-05  7.95029132e-06 
 2.66350000e-09  2.66350000e-09  2.50000000e+00  1.30780473e-05 -1.25536078e-05 
 2.66450000e-09  2.66450000e-09  2.50000000e+00  1.27234952e-05  8.07016486e-06 
 2.66550000e-09  2.66550000e-09  2.50000000e+00  1.23787066e-05 -1.24368695e-05 
 2.66650000e-09  2.66650000e-09  2.50000000e+00  1.20434074e-05  8.18385043e-06 
 2.66750000e-09  2.66750000e-09  2.50000000e+00  1.17173314e-05 -1.23261563e-05 
 2.66850000e-09  2.66850000e-09  2.50000000e+00  1.14002203e-05  8.29166925e-06 
 2.66950000e-09  2.66950000e-09  2.50000000e+00  1.10918229e-05 -1.22211558e-05 
 2.67050000e-09  2.67050000e-09  2.50000000e+00  1.07918954e-05  8.39392570e-06 
 2.67150000e-09  2.67150000e-09  2.50000000e+00  1.05002007e-05 -1.21215713e-05 
 2.67250000e-09  2.67250000e-09  2.50000000e+00  1.02165088e-05  8.49090830e-06 
 2.67350000e-09  2.67350000e-09  2.50000000e+00  9.94059601e-06 -1.20271222e-05 
 2.67450000e-09  2.67450000e-09  2.50000000e+00  9.67224524e-06  8.58289046e-06 
 2.67550000e-09  2.67550000e-09  2.50000000e+00  9.41124546e-06 -1.19375422e-05 
 2.67650000e-09  2.67650000e-09  2.50000000e+00  9.15739169e-06  8.67013135e-06 
 2.67750000e-09  2.67750000e-09  2.50000000e+00  8.91048477e-06 -1.18525790e-05 
 2.67850000e-09  2.67850000e-09  2.50000000e+00  8.67033123e-06  8.75287660e-06 
 2.67950000e-09  2.67950000e-09  2.50000000e+00  8.43674309e-06 -1.17719935e-05 
 2.68050000e-09  2.68050000e-09  2.50000000e+00  8.20953773e-06  8.83135905e-06 
 2.68150000e-09  2.68150000e-09  2.50000000e+00  7.98853769e-06 -1.16955590e-05 
 2.68250000e-09  2.68250000e-09  2.50000000e+00  7.77357056e-06  8.90579938e-06 
 2.68350000e-09  2.68350000e-09  2.50000000e+00  7.56446882e-06 -1.16230606e-05 
 2.68450000e-09  2.68450000e-09  2.50000000e+00  7.36106970e-06  8.97640679e-06 
 2.68550000e-09  2.68550000e-09  2.50000000e+00  7.16321503e-06 -1.15542946e-05 
 2.68650000e-09  2.68650000e-09  2.50000000e+00  6.97075112e-06  9.04337956e-06 
 2.68750000e-09  2.68750000e-09  2.50000000e+00  6.78352862e-06 -1.14890680e-05 
 2.68850000e-09  2.68850000e-09  2.50000000e+00  6.60140242e-06  9.10690568e-06 
 2.68950000e-09  2.68950000e-09  2.50000000e+00  6.42423149e-06 -1.14271978e-05 
 2.69050000e-09  2.69050000e-09  2.50000000e+00  6.25187879e-06  9.16716334e-06 
 2.69150000e-09  2.69150000e-09  2.50000000e+00  6.08421113e-06 -1.13685105e-05 
 2.69250000e-09  2.69250000e-09  2.50000000e+00  5.92109909e-06  9.22432147e-06 
 2.69350000e-09  2.69350000e-09  2.50000000e+00  5.76241689e-06 -1.13128416e-05 
 2.69450000e-09  2.69450000e-09  2.50000000e+00  5.60804228e-06  9.27854020e-06 
 2.69550000e-09  2.69550000e-09  2.50000000e+00  5.45785647e-06 -1.12600351e-05 
 2.69650000e-09  2.69650000e-09  2.50000000e+00  5.31174400e-06  9.32997136e-06 
 2.69750000e-09  2.69750000e-09  2.50000000e+00  5.16959263e-06 -1.12099432e-05 
 2.69850000e-09  2.69850000e-09  2.50000000e+00  5.03129331e-06  9.37875889e-06 
 2.69950000e-09  2.69950000e-09  2.50000000e+00  4.89674003e-06 -1.11624259e-05 
 2.70050000e-09  2.70050000e-09  2.50000000e+00  4.76582974e-06  9.42503924e-06 
 2.70150000e-09  2.70150000e-09  2.50000000e+00  4.63846230e-06 -1.11173502e-05 
 2.70250000e-09  2.70250000e-09  2.50000000e+00  4.51454036e-06  9.46894180e-06 
 2.70350000e-09  2.70350000e-09  2.50000000e+00  4.39396930e-06 -1.10745901e-05 
 2.70450000e-09  2.70450000e-09  2.50000000e+00  4.27665715e-06  9.51058922e-06 
 2.70550000e-09  2.70550000e-09  2.50000000e+00  4.16251450e-06 -1.10340263e-05 
 2.70650000e-09  2.70650000e-09  2.50000000e+00  4.05145444e-06  9.55009781e-06 
 2.70750000e-09  2.70750000e-09  2.50000000e+00  3.94339249e-06 -1.09955454e-05 
 2.70850000e-09  2.70850000e-09  2.50000000e+00  3.83824653e-06  9.58757785e-06 
 2.70950000e-09  2.70950000e-09  2.50000000e+00  3.73593672e-06 -1.09590401e-05 
 2.71050000e-09  2.71050000e-09  2.50000000e+00  3.63638545e-06  9.62313390e-06 
 2.71150000e-09  2.71150000e-09  2.50000000e+00  3.53951727e-06 -1.09244085e-05 
 2.71250000e-09  2.71250000e-09  2.50000000e+00  3.44525884e-06  9.65686509e-06 
 2.71350000e-09  2.71350000e-09  2.50000000e+00  3.35353884e-06 -1.08915542e-05 
 2.71450000e-09  2.71450000e-09  2.50000000e+00  3.26428795e-06  9.68886543e-06 
 2.71550000e-09  2.71550000e-09  2.50000000e+00  3.17743876e-06 -1.08603856e-05 
 2.71650000e-09  2.71650000e-09  2.50000000e+00  3.09292575e-06  9.71922407e-06 
 2.71750000e-09  2.71750000e-09  2.50000000e+00  3.01068520e-06 -1.08308158e-05 
 2.71850000e-09  2.71850000e-09  2.50000000e+00  2.93065518e-06  9.74802553e-06 
 2.71950000e-09  2.71950000e-09  2.50000000e+00  2.85277544e-06 -1.08027626e-05 
 2.72050000e-09  2.72050000e-09  2.50000000e+00  2.77698745e-06  9.77534997e-06 
 2.72150000e-09  2.72150000e-09  2.50000000e+00  2.70323425e-06 -1.07761479e-05 
 2.72250000e-09  2.72250000e-09  2.50000000e+00  2.63146048e-06  9.80127340e-06 
 2.72350000e-09  2.72350000e-09  2.50000000e+00  2.56161232e-06 -1.07508977e-05 
 2.72450000e-09  2.72450000e-09  2.50000000e+00  2.49363742e-06  9.82586789e-06 
 2.72550000e-09  2.72550000e-09  2.50000000e+00  2.42748488e-06 -1.07269418e-05 
 2.72650000e-09  2.72650000e-09  2.50000000e+00  2.36310521e-06  9.84920180e-06 
 2.72750000e-09  2.72750000e-09  2.50000000e+00  2.30045028e-06 -1.07042137e-05 
 2.72850000e-09  2.72850000e-09  2.50000000e+00  2.23947330e-06  9.87133996e-06 
 2.72950000e-09  2.72950000e-09  2.50000000e+00  2.18012876e-06 -1.06826502e-05 
 2.73050000e-09  2.73050000e-09  2.50000000e+00  2.12237240e-06  9.89234384e-06 
 2.73150000e-09  2.73150000e-09  2.50000000e+00  2.06616118e-06 -1.06621914e-05 
 2.73250000e-09  2.73250000e-09  2.50000000e+00  2.01145325e-06  9.91227175e-06 
 2.73350000e-09  2.73350000e-09  2.50000000e+00  1.95820791e-06 -1.06427805e-05 
 2.73450000e-09  2.73450000e-09  2.50000000e+00  1.90638557e-06  9.93117897e-06 
 2.73550000e-09  2.73550000e-09  2.50000000e+00  1.85594775e-06 -1.06243638e-05 
 2.73650000e-09  2.73650000e-09  2.50000000e+00  1.80685700e-06  9.94911794e-06 
 2.73750000e-09  2.73750000e-09  2.50000000e+00  1.75907692e-06 -1.06068902e-05 
 2.73850000e-09  2.73850000e-09  2.50000000e+00  1.71257209e-06  9.96613839e-06 
 2.73950000e-09  2.73950000e-09  2.50000000e+00  1.66730807e-06 -1.05903111e-05 
 2.74050000e-09  2.74050000e-09  2.50000000e+00  1.62325137e-06  9.98228751e-06 
 2.74150000e-09  2.74150000e-09  2.50000000e+00  1.58036940e-06 -1.05745807e-05 
 2.74250000e-09  2.74250000e-09  2.50000000e+00  1.53863048e-06  9.99761001e-06 
 2.74350000e-09  2.74350000e-09  2.50000000e+00  1.49800379e-06 -1.05596555e-05 
 2.74450000e-09  2.74450000e-09  2.50000000e+00  1.45845936e-06  1.00121483e-05 
 2.74550000e-09  2.74550000e-09  2.50000000e+00  1.41996802e-06 -1.05454940e-05 
 2.74650000e-09  2.74650000e-09  2.50000000e+00  1.38250142e-06  1.00259427e-05 
 2.74750000e-09  2.74750000e-09  2.50000000e+00  1.34603196e-06 -1.05320572e-05 
 2.74850000e-09  2.74850000e-09  2.50000000e+00  1.31053282e-06  1.00390314e-05 
 2.74950000e-09  2.74950000e-09  2.50000000e+00  1.27597789e-06 -1.05193077e-05 
 2.75050000e-09  2.75050000e-09  2.50000000e+00  1.24234179e-06  1.00514505e-05 
 2.75150000e-09  2.75150000e-09  2.50000000e+00  1.20959981e-06 -1.05072104e-05 
 2.75250000e-09  2.75250000e-09  2.50000000e+00  1.17772794e-06  1.00632343e-05 
 2.75350000e-09  2.75350000e-09  2.50000000e+00  1.14670281e-06 -1.04957318e-05 
 2.75450000e-09  2.75450000e-09  2.50000000e+00  1.11650167e-06  1.00744156e-05 
 2.75550000e-09  2.75550000e-09  2.50000000e+00  1.08710242e-06 -1.04848402e-05 
 2.75650000e-09  2.75650000e-09  2.50000000e+00  1.05848354e-06  1.00850251e-05 
 2.75750000e-09  2.75750000e-09  2.50000000e+00  1.03062410e-06 -1.04745055e-05 
 2.75850000e-09  2.75850000e-09  2.50000000e+00  1.00350374e-06  1.00950922e-05 
 2.75950000e-09  2.75950000e-09  2.50000000e+00  9.77102661e-07 -1.04646991e-05 
 2.76050000e-09  2.76050000e-09  2.50000000e+00  9.51401583e-07  1.01046446e-05 
 2.76150000e-09  2.76150000e-09  2.50000000e+00  9.26381762e-07 -1.04553940e-05 
 2.76250000e-09  2.76250000e-09  2.50000000e+00  9.02024961e-07  1.01137088e-05 
 2.76350000e-09  2.76350000e-09  2.50000000e+00  8.78313436e-07 -1.04465645e-05 
 2.76450000e-09  2.76450000e-09  2.50000000e+00  8.55229923e-07  1.01223097e-05 
 2.76550000e-09  2.76550000e-09  2.50000000e+00  8.32757627e-07 -1.04381862e-05 
 2.76650000e-09  2.76650000e-09  2.50000000e+00  8.10880207e-07  1.01304711e-05 
 2.76750000e-09  2.76750000e-09  2.50000000e+00  7.89581766e-07 -1.04302360e-05 
 2.76850000e-09  2.76850000e-09  2.50000000e+00  7.68846833e-07  1.01382156e-05 
 2.76950000e-09  2.76950000e-09  2.50000000e+00  7.48660360e-07 -1.04226920e-05 
 2.77050000e-09  2.77050000e-09  2.50000000e+00  7.29007703e-07  1.01455643e-05 
 2.77150000e-09  2.77150000e-09  2.50000000e+00  7.09874613e-07 -1.04155334e-05 
 2.77250000e-09  2.77250000e-09  2.50000000e+00  6.91247230e-07  1.01525377e-05 
 2.77350000e-09  2.77350000e-09  2.50000000e+00  6.73112063e-07 -1.04087404e-05 
 2.77450000e-09  2.77450000e-09  2.50000000e+00  6.55455988e-07  1.01591549e-05 
 2.77550000e-09  2.77550000e-09  2.50000000e+00  6.38266234e-07 -1.04022944e-05 
 2.77650000e-09  2.77650000e-09  2.50000000e+00  6.21530376e-07  1.01654342e-05 
 2.77750000e-09  2.77750000e-09  2.50000000e+00  6.05236321e-07 -1.03961776e-05 
 2.77850000e-09  2.77850000e-09  2.50000000e+00  5.89372305e-07  1.01713928e-05 
 2.77950000e-09  2.77950000e-09  2.50000000e+00  5.73926878e-07 -1.03903731e-05 
 2.78050000e-09  2.78050000e-09  2.50000000e+00  5.58888899e-07  1.01770472e-05 
 2.78150000e-09  2.78150000e-09  2.50000000e+00  5.44247529e-07 -1.03848649e-05 
 2.78250000e-09  2.78250000e-09  2.50000000e+00  5.29992218e-07  1.01824129e-05 
 2.78350000e-09  2.78350000e-09  2.50000000e+00  5.16112700e-07 -1.03796380e-05 
 2.78450000e-09  2.78450000e-09  2.50000000e+00  5.02598987e-07  1.01875047e-05 
 2.78550000e-09  2.78550000e-09  2.50000000e+00  4.89441356e-07 -1.03746778e-05 
 2.78650000e-09  2.78650000e-09  2.50000000e+00  4.76630348e-07  1.01923366e-05 
 2.78750000e-09  2.78750000e-09  2.50000000e+00  4.64156756e-07 -1.03699708e-05 
 2.78850000e-09  2.78850000e-09  2.50000000e+00  4.52011623e-07  1.01969219e-05 
 2.78950000e-09  2.78950000e-09  2.50000000e+00  4.40186229e-07 -1.03655041e-05 
 2.79050000e-09  2.79050000e-09  2.50000000e+00  4.28672089e-07  1.02012732e-05 
 2.79150000e-09  2.79150000e-09  2.50000000e+00  4.17460946e-07 -1.03612653e-05 
 2.79250000e-09  2.79250000e-09  2.50000000e+00  4.06544765e-07  1.02054025e-05 
 2.79350000e-09  2.79350000e-09  2.50000000e+00  3.95915724e-07 -1.03572427e-05 
 2.79450000e-09  2.79450000e-09  2.50000000e+00  3.85566212e-07  1.02093210e-05 
 2.79550000e-09  2.79550000e-09  2.50000000e+00  3.75488822e-07 -1.03534254e-05 
 2.79650000e-09  2.79650000e-09  2.50000000e+00  3.65676345e-07  1.02130397e-05 
 2.79750000e-09  2.79750000e-09  2.50000000e+00  3.56121764e-07 -1.03498029e-05 
 2.79850000e-09  2.79850000e-09  2.50000000e+00  3.46818250e-07  1.02165686e-05 
 2.79950000e-09  2.79950000e-09  2.50000000e+00  3.37759157e-07 -1.03463651e-05 
 2.80050000e-09  2.80050000e-09  2.50000000e+00  3.28938017e-07  1.02199176e-05 
 2.80150000e-09  2.80150000e-09  2.50000000e+00  3.20348535e-07 -1.03431027e-05 
 2.80250000e-09  2.80250000e-09  2.50000000e+00  3.11984581e-07  1.02230957e-05 
 2.80350000e-09  2.80350000e-09  2.50000000e+00  3.03840194e-07 -1.03400067e-05 
 2.80450000e-09  2.80450000e-09  2.50000000e+00  2.95909567e-07  1.02261118e-05 
 2.80550000e-09  2.80550000e-09  2.50000000e+00  2.88187050e-07 -1.03370685e-05 
 2.80650000e-09  2.80650000e-09  2.50000000e+00  2.80667145e-07  1.02289740e-05 
 2.80750000e-09  2.80750000e-09  2.50000000e+00  2.73344500e-07 -1.03342802e-05 
 2.80850000e-09  2.80850000e-09  2.50000000e+00  2.66213903e-07  1.02316903e-05 
 2.80950000e-09  2.80950000e-09  2.50000000e+00  2.59270285e-07 -1.03316341e-05 
 2.81050000e-09  2.81050000e-09  2.50000000e+00  2.52508708e-07  1.02342681e-05 
 2.81150000e-09  2.81150000e-09  2.50000000e+00  2.45924369e-07 -1.03291228e-05 
 2.81250000e-09  2.81250000e-09  2.50000000e+00  2.39512592e-07  1.02367145e-05 
 2.81350000e-09  2.81350000e-09  2.50000000e+00  2.33268823e-07 -1.03267396e-05 
 2.81450000e-09  2.81450000e-09  2.50000000e+00  2.27188631e-07  1.02390362e-05 
 2.81550000e-09  2.81550000e-09  2.50000000e+00  2.21267705e-07 -1.03244779e-05 
 2.81650000e-09  2.81650000e-09  2.50000000e+00  2.15501844e-07  1.02412395e-05 
 2.81750000e-09  2.81750000e-09  2.50000000e+00  2.09886963e-07 -1.03223315e-05 
 2.81850000e-09  2.81850000e-09  2.50000000e+00  2.04419083e-07  1.02433305e-05 
 2.81950000e-09  2.81950000e-09  2.50000000e+00  1.99094332e-07 -1.03202944e-05 
 2.82050000e-09  2.82050000e-09  2.50000000e+00  1.93908939e-07  1.02453150e-05 
 2.82150000e-09  2.82150000e-09  2.50000000e+00  1.88859236e-07 -1.03183612e-05 
 2.82250000e-09  2.82250000e-09  2.50000000e+00  1.83941649e-07  1.02471983e-05 
 2.82350000e-09  2.82350000e-09  2.50000000e+00  1.79152702e-07 -1.03165265e-05 
 2.82450000e-09  2.82450000e-09  2.50000000e+00  1.74489009e-07  1.02489856e-05 
 2.82550000e-09  2.82550000e-09  2.50000000e+00  1.69947275e-07 -1.03147853e-05 
 2.82650000e-09  2.82650000e-09  2.50000000e+00  1.65524292e-07  1.02506819e-05 
 2.82750000e-09  2.82750000e-09  2.50000000e+00  1.61216936e-07 -1.03131328e-05 
 2.82850000e-09  2.82850000e-09  2.50000000e+00  1.57022169e-07  1.02522917e-05 
 2.82950000e-09  2.82950000e-09  2.50000000e+00  1.52937029e-07 -1.03115645e-05 
 2.83050000e-09  2.83050000e-09  2.50000000e+00  1.48958636e-07  1.02538195e-05 
 2.83150000e-09  2.83150000e-09  2.50000000e+00  1.45084185e-07 -1.03100762e-05 
 2.83250000e-09  2.83250000e-09  2.50000000e+00  1.41310945e-07  1.02552695e-05 
 2.83350000e-09  2.83350000e-09  2.50000000e+00  1.37636257e-07 -1.03086636e-05 
 2.83450000e-09  2.83450000e-09  2.50000000e+00  1.34057534e-07  1.02566456e-05 
 2.83550000e-09  2.83550000e-09  2.50000000e+00  1.30572255e-07 -1.03073230e-05 
 2.83650000e-09  2.83650000e-09  2.50000000e+00  1.27177968e-07  1.02579516e-05 
 2.83750000e-09  2.83750000e-09  2.50000000e+00  1.23872284e-07 -1.03060507e-05 
 2.83850000e-09  2.83850000e-09  2.50000000e+00  1.20652879e-07  1.02591911e-05 
 2.83950000e-09  2.83950000e-09  2.50000000e+00  1.17517489e-07 -1.03048431e-05 
 2.84050000e-09  2.84050000e-09  2.50000000e+00  1.14463909e-07  1.02603675e-05 
 2.84150000e-09  2.84150000e-09  2.50000000e+00  1.11489995e-07 -1.03036971e-05 
 2.84250000e-09  2.84250000e-09  2.50000000e+00  1.08593657e-07  1.02614839e-05 
 2.84350000e-09  2.84350000e-09  2.50000000e+00  1.05772861e-07 -1.03026095e-05 
 2.84450000e-09  2.84450000e-09  2.50000000e+00  1.03025627e-07  1.02625435e-05 
 2.84550000e-09  2.84550000e-09  2.50000000e+00  1.00350028e-07 -1.03015772e-05 
 2.84650000e-09  2.84650000e-09  2.50000000e+00  9.77441869e-08  1.02635492e-05 
 2.84750000e-09  2.84750000e-09  2.50000000e+00  9.52062753e-08 -1.03005975e-05 
 2.84850000e-09  2.84850000e-09  2.50000000e+00  9.27345142e-08  1.02645036e-05 
 2.84950000e-09  2.84950000e-09  2.50000000e+00  9.03271711e-08 -1.02996677e-05 
 2.85050000e-09  2.85050000e-09  2.50000000e+00  8.79825591e-08  1.02654094e-05 
 2.85150000e-09  2.85150000e-09  2.50000000e+00  8.56990360e-08 -1.02987852e-05 
 2.85250000e-09  2.85250000e-09  2.50000000e+00  8.34750028e-08  1.02662691e-05 
 2.85350000e-09  2.85350000e-09  2.50000000e+00  8.13089024e-08 -1.02979477e-05 
 2.85450000e-09  2.85450000e-09  2.50000000e+00  7.91992188e-08  1.02670851e-05 
 2.85550000e-09  2.85550000e-09  2.50000000e+00  7.71444762e-08 -1.02971528e-05 
 2.85650000e-09  2.85650000e-09  2.50000000e+00  7.51432373e-08  1.02678595e-05 
 2.85750000e-09  2.85750000e-09  2.50000000e+00  7.31941028e-08 -1.02963984e-05 
 2.85850000e-09  2.85850000e-09  2.50000000e+00  7.12957100e-08  1.02685944e-05 
 2.85950000e-09  2.85950000e-09  2.50000000e+00  6.94467323e-08 -1.02956824e-05 
 2.86050000e-09  2.86050000e-09  2.50000000e+00  6.76458777e-08  1.02692920e-05 
 2.86150000e-09  2.86150000e-09  2.50000000e+00  6.58918885e-08 -1.02950028e-05 
 2.86250000e-09  2.86250000e-09  2.50000000e+00  6.41835399e-08  1.02699541e-05 
 2.86350000e-09  2.86350000e-09  2.50000000e+00  6.25196393e-08 -1.02943578e-05 
 2.86450000e-09  2.86450000e-09  2.50000000e+00  6.08990253e-08  1.02705824e-05 
 2.86550000e-09  2.86550000e-09  2.50000000e+00  5.93205670e-08 -1.02937456e-05 
 2.86650000e-09  2.86650000e-09  2.50000000e+00  5.77831635e-08  1.02711788e-05 
 2.86750000e-09  2.86750000e-09  2.50000000e+00  5.62857428e-08 -1.02931646e-05 
 2.86850000e-09  2.86850000e-09  2.50000000e+00  5.48272609e-08  1.02717448e-05 
 2.86950000e-09  2.86950000e-09  2.50000000e+00  5.34067012e-08 -1.02926132e-05 
 2.87050000e-09  2.87050000e-09  2.50000000e+00  5.20230735e-08  1.02722820e-05 
 2.87150000e-09  2.87150000e-09  2.50000000e+00  5.06754141e-08 -1.02920898e-05 
 2.87250000e-09  2.87250000e-09  2.50000000e+00  4.93627845e-08  1.02727919e-05 
 2.87350000e-09  2.87350000e-09  2.50000000e+00  4.80842705e-08 -1.02915931e-05 
 2.87450000e-09  2.87450000e-09  2.50000000e+00  4.68389822e-08  1.02732758e-05 
 2.87550000e-09  2.87550000e-09  2.50000000e+00  4.56260526e-08 -1.02911216e-05 
 2.87650000e-09  2.87650000e-09  2.50000000e+00  4.44446380e-08  1.02737351e-05 
 2.87750000e-09  2.87750000e-09  2.50000000e+00  4.32939166e-08 -1.02906742e-05 
 2.87850000e-09  2.87850000e-09  2.50000000e+00  4.21730878e-08  1.02741711e-05 
 2.87950000e-09  2.87950000e-09  2.50000000e+00  4.10813723e-08 -1.02902495e-05 
 2.88050000e-09  2.88050000e-09  2.50000000e+00  4.00180112e-08  1.02745848e-05 
 2.88150000e-09  2.88150000e-09  2.50000000e+00  3.89822655e-08 -1.02898464e-05 
 2.88250000e-09  2.88250000e-09  2.50000000e+00  3.79734155e-08  1.02749775e-05 
 2.88350000e-09  2.88350000e-09  2.50000000e+00  3.69907604e-08 -1.02894638e-05 
 2.88450000e-09  2.88450000e-09  2.50000000e+00  3.60336176e-08  1.02753503e-05 
 2.88550000e-09  2.88550000e-09  2.50000000e+00  3.51013225e-08 -1.02891007e-05 
 2.88650000e-09  2.88650000e-09  2.50000000e+00  3.41932277e-08  1.02757040e-05 
 2.88750000e-09  2.88750000e-09  2.50000000e+00  3.33087032e-08 -1.02887560e-05 
 2.88850000e-09  2.88850000e-09  2.50000000e+00  3.24471349e-08  1.02760398e-05 
 2.88950000e-09  2.88950000e-09  2.50000000e+00  3.16079252e-08 -1.02884289e-05 
 2.89050000e-09  2.89050000e-09  2.50000000e+00  3.07904920e-08  1.02763585e-05 
 2.89150000e-09  2.89150000e-09  2.50000000e+00  2.99942683e-08 -1.02881185e-05 
 2.89250000e-09  2.89250000e-09  2.50000000e+00  2.92187022e-08  1.02766609e-05 
 2.89350000e-09  2.89350000e-09  2.50000000e+00  2.84632558e-08 -1.02878238e-05 
 2.89450000e-09  2.89450000e-09  2.50000000e+00  2.77274056e-08  1.02769480e-05 
 2.89550000e-09  2.89550000e-09  2.50000000e+00  2.70106416e-08 -1.02875441e-05 
 2.89650000e-09  2.89650000e-09  2.50000000e+00  2.63124674e-08  1.02772205e-05 
 2.89750000e-09  2.89750000e-09  2.50000000e+00  2.56323993e-08 -1.02872786e-05 
 2.89850000e-09  2.89850000e-09  2.50000000e+00  2.49699662e-08  1.02774791e-05 
 2.89950000e-09  2.89950000e-09  2.50000000e+00  2.43247097e-08 -1.02870267e-05 
 2.90050000e-09  2.90050000e-09  2.50000000e+00  2.36961828e-08  1.02777246e-05 
 2.90150000e-09  2.90150000e-09  2.50000000e+00  2.30839507e-08 -1.02867875e-05 
 2.90250000e-09  2.90250000e-09  2.50000000e+00  2.24875896e-08  1.02779576e-05 
 2.90350000e-09  2.90350000e-09  2.50000000e+00  2.19066868e-08 -1.02865605e-05 
 2.90450000e-09  2.90450000e-09  2.50000000e+00  2.13408407e-08  1.02781787e-05 
 2.90550000e-09  2.90550000e-09  2.50000000e+00  2.07896598e-08 -1.02863451e-05 
 2.90650000e-09  2.90650000e-09  2.50000000e+00  2.02527630e-08  1.02783886e-05 
 2.90750000e-09  2.90750000e-09  2.50000000e+00  1.97297789e-08 -1.02861406e-05 
 2.90850000e-09  2.90850000e-09  2.50000000e+00  1.92203461e-08  1.02785878e-05 
 2.90950000e-09  2.90950000e-09  2.50000000e+00  1.87241126e-08 -1.02859465e-05 
 2.91050000e-09  2.91050000e-09  2.50000000e+00  1.82407353e-08  1.02787769e-05 
 2.91150000e-09  2.91150000e-09  2.50000000e+00  1.77698803e-08 -1.02857623e-05 
 2.91250000e-09  2.91250000e-09  2.50000000e+00  1.73112225e-08  1.02789564e-05 
 2.91350000e-09  2.91350000e-09  2.50000000e+00  1.68644449e-08 -1.02855875e-05 
 2.91450000e-09  2.91450000e-09  2.50000000e+00  1.64292390e-08  1.02791267e-05 
 2.91550000e-09  2.91550000e-09  2.50000000e+00  1.60053044e-08 -1.02854215e-05 
 2.91650000e-09  2.91650000e-09  2.50000000e+00  1.55923486e-08  1.02792884e-05 
 2.91750000e-09  2.91750000e-09  2.50000000e+00  1.51900863e-08 -1.02852640e-05 
 2.91850000e-09  2.91850000e-09  2.50000000e+00  1.47982397e-08  1.02794418e-05 
 2.91950000e-09  2.91950000e-09  2.50000000e+00  1.44165388e-08 -1.02851145e-05 
 2.92050000e-09  2.92050000e-09  2.50000000e+00  1.40447202e-08  1.02795875e-05 
 2.92150000e-09  2.92150000e-09  2.50000000e+00  1.36825274e-08 -1.02849726e-05 
 2.92250000e-09  2.92250000e-09  2.50000000e+00  1.33297106e-08  1.02797257e-05 
 2.92350000e-09  2.92350000e-09  2.50000000e+00  1.29860266e-08 -1.02848379e-05 
 2.92450000e-09  2.92450000e-09  2.50000000e+00  1.26512381e-08  1.02798570e-05 
 2.92550000e-09  2.92550000e-09  2.50000000e+00  1.23251145e-08 -1.02847101e-05 
 2.92650000e-09  2.92650000e-09  2.50000000e+00  1.20074311e-08  1.02799815e-05 
 2.92750000e-09  2.92750000e-09  2.50000000e+00  1.16979690e-08 -1.02845887e-05 
 2.92850000e-09  2.92850000e-09  2.50000000e+00  1.13965148e-08  1.02800997e-05 
 2.92950000e-09  2.92950000e-09  2.50000000e+00  1.11028610e-08 -1.02844736e-05 
 2.93050000e-09  2.93050000e-09  2.50000000e+00  1.08168051e-08  1.02802119e-05 
 2.93150000e-09  2.93150000e-09  2.50000000e+00  1.05381502e-08 -1.02843642e-05 
 2.93250000e-09  2.93250000e-09  2.50000000e+00  1.02667044e-08  1.02803184e-05 
 2.93350000e-09  2.93350000e-09  2.50000000e+00  1.00022807e-08 -1.02842605e-05 
 2.93450000e-09  2.93450000e-09  2.50000000e+00  9.74469715e-09  1.02804195e-05 
 2.93550000e-09  2.93550000e-09  2.50000000e+00  9.49377625e-09 -1.02841620e-05 
 2.93650000e-09  2.93650000e-09  2.50000000e+00  9.24934551e-09  1.02805155e-05 
 2.93750000e-09  2.93750000e-09  2.50000000e+00  9.01123662e-09 -1.02840685e-05 
 2.93850000e-09  2.93850000e-09  2.50000000e+00  8.77928581e-09  1.02806065e-05 
 2.93950000e-09  2.93950000e-09  2.50000000e+00  8.55333338e-09 -1.02839798e-05 
 2.94050000e-09  2.94050000e-09  2.50000000e+00  8.33322389e-09  1.02806930e-05 
 2.94150000e-09  2.94150000e-09  2.50000000e+00  8.11880590e-09 -1.02838956e-05 
 2.94250000e-09  2.94250000e-09  2.50000000e+00  7.90993216e-09  1.02807750e-05 
 2.94350000e-09  2.94350000e-09  2.50000000e+00  7.70645895e-09 -1.02838157e-05 
 2.94450000e-09  2.94450000e-09  2.50000000e+00  7.50824629e-09  1.02808529e-05 
 2.94550000e-09  2.94550000e-09  2.50000000e+00  7.31515796e-09 -1.02837398e-05 
 2.94650000e-09  2.94650000e-09  2.50000000e+00  7.12706120e-09  1.02809268e-05 
 2.94750000e-09  2.94750000e-09  2.50000000e+00  6.94382669e-09 -1.02836678e-05 
 2.94850000e-09  2.94850000e-09  2.50000000e+00  6.76532854e-09  1.02809970e-05 
 2.94950000e-09  2.94950000e-09  2.50000000e+00  6.59144415e-09 -1.02835994e-05 
 2.95050000e-09  2.95050000e-09  2.50000000e+00  6.42205401e-09  1.02810636e-05 
 2.95150000e-09  2.95150000e-09  2.50000000e+00  6.25704180e-09 -1.02835345e-05 
 2.95250000e-09  2.95250000e-09  2.50000000e+00  6.09629413e-09  1.02811268e-05 
 2.95350000e-09  2.95350000e-09  2.50000000e+00  5.93970054e-09 -1.02834729e-05 
 2.95450000e-09  2.95450000e-09  2.50000000e+00  5.78715364e-09  1.02811868e-05 
 2.95550000e-09  2.95550000e-09  2.50000000e+00  5.63854841e-09 -1.02834145e-05 
 2.95650000e-09  2.95650000e-09  2.50000000e+00  5.49378297e-09  1.02812437e-05 
 2.95750000e-09  2.95750000e-09  2.50000000e+00  5.35275798e-09 -1.02833590e-05 
 2.95850000e-09  2.95850000e-09  2.50000000e+00  5.21537661e-09  1.02812978e-05 
 2.95950000e-09  2.95950000e-09  2.50000000e+00  5.08154455e-09 -1.02833064e-05 
 2.96050000e-09  2.96050000e-09  2.50000000e+00  4.95116985e-09  1.02813491e-05 
 2.96150000e-09  2.96150000e-09  2.50000000e+00  4.82416301e-09 -1.02832564e-05 
 2.96250000e-09  2.96250000e-09  2.50000000e+00  4.70043699e-09  1.02813978e-05 
 2.96350000e-09  2.96350000e-09  2.50000000e+00  4.57990693e-09 -1.02832089e-05 
 2.96450000e-09  2.96450000e-09  2.50000000e+00  4.46249018e-09  1.02814440e-05 
 2.96550000e-09  2.96550000e-09  2.50000000e+00  4.34810617e-09 -1.02831639e-05 
 2.96650000e-09  2.96650000e-09  2.50000000e+00  4.23667635e-09  1.02814879e-05 
 2.96750000e-09  2.96750000e-09  2.50000000e+00  4.12812438e-09 -1.02831211e-05 
 2.96850000e-09  2.96850000e-09  2.50000000e+00  4.02237596e-09  1.02815295e-05 
 2.96950000e-09  2.96950000e-09  2.50000000e+00  3.91935833e-09 -1.02830806e-05 
 2.97050000e-09  2.97050000e-09  2.50000000e+00  3.81900088e-09  1.02815691e-05 
 2.97150000e-09  2.97150000e-09  2.50000000e+00  3.72123503e-09 -1.02830421e-05 
 2.97250000e-09  2.97250000e-09  2.50000000e+00  3.62599370e-09  1.02816066e-05 
 2.97350000e-09  2.97350000e-09  2.50000000e+00  3.53321149e-09 -1.02830055e-05 
 2.97450000e-09  2.97450000e-09  2.50000000e+00  3.44282471e-09  1.02816422e-05 
 2.97550000e-09  2.97550000e-09  2.50000000e+00  3.35477154e-09 -1.02829708e-05 
 2.97650000e-09  2.97650000e-09  2.50000000e+00  3.26899170e-09  1.02816760e-05 
 2.97750000e-09  2.97750000e-09  2.50000000e+00  3.18542633e-09 -1.02829379e-05 
 2.97850000e-09  2.97850000e-09  2.50000000e+00  3.10401832e-09  1.02817081e-05 
 2.97950000e-09  2.97950000e-09  2.50000000e+00  3.02471180e-09 -1.02829066e-05 
 2.98050000e-09  2.98050000e-09  2.50000000e+00  2.94745233e-09  1.02817385e-05 
 2.98150000e-09  2.98150000e-09  2.50000000e+00  2.87218729e-09 -1.02828769e-05 
 2.98250000e-09  2.98250000e-09  2.50000000e+00  2.79886494e-09  1.02817674e-05 
 2.98350000e-09  2.98350000e-09  2.50000000e+00  2.72743507e-09 -1.02828488e-05 
 2.98450000e-09  2.98450000e-09  2.50000000e+00  2.65784886e-09  1.02817949e-05 
 2.98550000e-09  2.98550000e-09  2.50000000e+00  2.59005856e-09 -1.02828221e-05 
 2.98650000e-09  2.98650000e-09  2.50000000e+00  2.52401764e-09  1.02818209e-05 
 2.98750000e-09  2.98750000e-09  2.50000000e+00  2.45968119e-09 -1.02827967e-05 
 2.98850000e-09  2.98850000e-09  2.50000000e+00  2.39700515e-09  1.02818457e-05 
 2.98950000e-09  2.98950000e-09  2.50000000e+00  2.33594645e-09 -1.02827726e-05 
 2.99050000e-09  2.99050000e-09  2.50000000e+00  2.27646331e-09  1.02818691e-05 
 2.99150000e-09  2.99150000e-09  2.50000000e+00  2.21851498e-09 -1.02827497e-05 
 2.99250000e-09  2.99250000e-09  2.50000000e+00  2.16206172e-09  1.02818914e-05 
 2.99350000e-09  2.99350000e-09  2.50000000e+00  2.10706505e-09 -1.02827280e-05 
 2.99450000e-09  2.99450000e-09  2.50000000e+00  2.05348746e-09  1.02819125e-05 
 2.99550000e-09  2.99550000e-09  2.50000000e+00  2.00129221e-09 -1.02827074e-05 
 2.99650000e-09  2.99650000e-09  2.50000000e+00  1.95044357e-09  1.02819326e-05 
 2.99750000e-09  2.99750000e-09  2.50000000e+00  1.90090673e-09 -1.02826879e-05 
 2.99850000e-09  2.99850000e-09  2.50000000e+00  1.85264780e-09  1.02819516e-05 
 2.99950000e-09  2.99950000e-09  2.50000000e+00  1.80563389e-09 -1.02826693e-05 
 3.00050000e-09  3.00050000e-09  2.50000000e+00  1.75983271e-09  1.02819697e-05 
 3.00150000e-09  3.00150000e-09  2.50000000e+00  1.71521299e-09 -1.02826517e-05 
 3.00250000e-09  3.00250000e-09  2.50000000e+00  1.67174427e-09  1.02819869e-05 
 3.00350000e-09  3.00350000e-09  2.50000000e+00  1.62939678e-09 -1.02826350e-05 
 3.00450000e-09  3.00450000e-09  2.50000000e+00  1.58814165e-09  1.02820032e-05 
 3.00550000e-09  3.00550000e-09  2.50000000e+00  1.54795063e-09 -1.02826191e-05 
 3.00650000e-09  3.00650000e-09  2.50000000e+00  1.50879614e-09  1.02820186e-05 
 3.00750000e-09  3.00750000e-09  2.50000000e+00  1.47065153e-09 -1.02826041e-05 
 3.00850000e-09  3.00850000e-09  2.50000000e+00  1.43349074e-09  1.02820333e-05 
 3.00950000e-09  3.00950000e-09  2.50000000e+00  1.39728835e-09 -1.02825898e-05 
 3.01050000e-09  3.01050000e-09  2.50000000e+00  1.36201956e-09  1.02820472e-05 
 3.01150000e-09  3.01150000e-09  2.50000000e+00  1.32766014e-09 -1.02825762e-05 
 3.01250000e-09  3.01250000e-09  2.50000000e+00  1.29418686e-09  1.02820605e-05 
 3.01350000e-09  3.01350000e-09  2.50000000e+00  1.26157667e-09 -1.02825633e-05 
 3.01450000e-09  3.01450000e-09  2.50000000e+00  1.22980740e-09  1.02820730e-05 
 3.01550000e-09  3.01550000e-09  2.50000000e+00  1.19885735e-09 -1.02825511e-05 
 3.01650000e-09  3.01650000e-09  2.50000000e+00  1.16870531e-09  1.02820849e-05 
 3.01750000e-09  3.01750000e-09  2.50000000e+00  1.13933077e-09 -1.02825395e-05 
 3.01850000e-09  3.01850000e-09  2.50000000e+00  1.11071363e-09  1.02820962e-05 
 3.01950000e-09  3.01950000e-09  2.50000000e+00  1.08283437e-09 -1.02825285e-05 
 3.02050000e-09  3.02050000e-09  2.50000000e+00  1.05567386e-09  1.02821070e-05 
 3.02150000e-09  3.02150000e-09  2.50000000e+00  1.02921359e-09 -1.02825180e-05 
 3.02250000e-09  3.02250000e-09  2.50000000e+00  1.00343566e-09  1.02821172e-05 
 3.02350000e-09  3.02350000e-09  2.50000000e+00  9.78322250e-10 -1.02825081e-05 
 3.02450000e-09  3.02450000e-09  2.50000000e+00  9.53856168e-10  1.02821268e-05 
 3.02550000e-09  3.02550000e-09  2.50000000e+00  9.30020819e-10 -1.02824987e-05 
 3.02650000e-09  3.02650000e-09  2.50000000e+00  9.06799856e-10  1.02821360e-05 
 3.02750000e-09  3.02750000e-09  2.50000000e+00  8.84177478e-10 -1.02824897e-05 
 3.02850000e-09  3.02850000e-09  2.50000000e+00  8.62138378e-10  1.02821447e-05 
 3.02950000e-09  3.02950000e-09  2.50000000e+00  8.40667349e-10 -1.02824812e-05 
 3.03050000e-09  3.03050000e-09  2.50000000e+00  8.19749778e-10  1.02821530e-05 
 3.03150000e-09  3.03150000e-09  2.50000000e+00  7.99371448e-10 -1.02824732e-05 
 3.03250000e-09  3.03250000e-09  2.50000000e+00  7.79518341e-10  1.02821608e-05 
 3.03350000e-09  3.03350000e-09  2.50000000e+00  7.60176835e-10 -1.02824655e-05 
 3.03450000e-09  3.03450000e-09  2.50000000e+00  7.41333852e-10  1.02821683e-05 
 3.03550000e-09  3.03550000e-09  2.50000000e+00  7.22976464e-10 -1.02824583e-05 
 3.03650000e-09  3.03650000e-09  2.50000000e+00  7.05092188e-10  1.02821754e-05 
 3.03750000e-09  3.03750000e-09  2.50000000e+00  6.87668837e-10 -1.02824514e-05 
 3.03850000e-09  3.03850000e-09  2.50000000e+00  6.70694623e-10  1.02821821e-05 
 3.03950000e-09  3.03950000e-09  2.50000000e+00  6.54157905e-10 -1.02824448e-05 
 3.04050000e-09  3.04050000e-09  2.50000000e+00  6.38047389e-10  1.02821884e-05 
 3.04150000e-09  3.04150000e-09  2.50000000e+00  6.22352028e-10 -1.02824386e-05 
 3.04250000e-09  3.04250000e-09  2.50000000e+00  6.07061073e-10  1.02821945e-05 
 3.04350000e-09  3.04350000e-09  2.50000000e+00  5.92164222e-10 -1.02824327e-05 
 3.04450000e-09  3.04450000e-09  2.50000000e+00  5.77651169e-10  1.02822002e-05 
 3.04550000e-09  3.04550000e-09  2.50000000e+00  5.63511960e-10 -1.02824271e-05 
 3.04650000e-09  3.04650000e-09  2.50000000e+00  5.49737133e-10  1.02822057e-05 
 3.04750000e-09  3.04750000e-09  2.50000000e+00  5.36317325e-10 -1.02824218e-05 
 3.04850000e-09  3.04850000e-09  2.50000000e+00  5.23243372e-10  1.02822109e-05 
 3.04950000e-09  3.04950000e-09  2.50000000e+00  5.10506359e-10 -1.02824168e-05 
 3.05050000e-09  3.05050000e-09  2.50000000e+00  4.98097468e-10  1.02822158e-05 
 3.05150000e-09  3.05150000e-09  2.50000000e+00  4.86008277e-10 -1.02824120e-05 
 3.05250000e-09  3.05250000e-09  2.50000000e+00  4.74230564e-10  1.02822204e-05 
 3.05350000e-09  3.05350000e-09  2.50000000e+00  4.62756305e-10 -1.02824075e-05 
 3.05450000e-09  3.05450000e-09  2.50000000e+00  4.51577673e-10  1.02822249e-05 
 3.05550000e-09  3.05550000e-09  2.50000000e+00  4.40687088e-10 -1.02824031e-05 
 3.05650000e-09  3.05650000e-09  2.50000000e+00  4.30077071e-10  1.02822291e-05 
 3.05750000e-09  3.05750000e-09  2.50000000e+00  4.19740241e-10 -1.02823991e-05 
 3.05850000e-09  3.05850000e-09  2.50000000e+00  4.09669714e-10  1.02822330e-05 
 3.05950000e-09  3.05950000e-09  2.50000000e+00  3.99858701e-10 -1.02823952e-05 
 3.06050000e-09  3.06050000e-09  2.50000000e+00  3.90300517e-10  1.02822368e-05 
 3.06150000e-09  3.06150000e-09  2.50000000e+00  3.80988672e-10 -1.02823915e-05 
 3.06250000e-09  3.06250000e-09  2.50000000e+00  3.71916578e-10  1.02822404e-05 
 3.06350000e-09  3.06350000e-09  2.50000000e+00  3.63078092e-10 -1.02823880e-05 
 3.06450000e-09  3.06450000e-09  2.50000000e+00  3.54467321e-10  1.02822438e-05 
 3.06550000e-09  3.06550000e-09  2.50000000e+00  3.46078318e-10 -1.02823847e-05 
 3.06650000e-09  3.06650000e-09  2.50000000e+00  3.37905439e-10  1.02822471e-05 
 3.06750000e-09  3.06750000e-09  2.50000000e+00  3.29943084e-10 -1.02823815e-05 
 3.06850000e-09  3.06850000e-09  2.50000000e+00  3.22185805e-10  1.02822501e-05 
 3.06950000e-09  3.06950000e-09  2.50000000e+00  3.14628451e-10 -1.02823785e-05 
 3.07050000e-09  3.07050000e-09  2.50000000e+00  3.07265771e-10  1.02822530e-05 
 3.07150000e-09  3.07150000e-09  2.50000000e+00  3.00092663e-10 -1.02823757e-05 
 3.07250000e-09  3.07250000e-09  2.50000000e+00  2.93104420e-10  1.02822558e-05 
 3.07350000e-09  3.07350000e-09  2.50000000e+00  2.86296139e-10 -1.02823730e-05 
 3.07450000e-09  3.07450000e-09  2.50000000e+00  2.79663163e-10  1.02822584e-05 
 3.07550000e-09  3.07550000e-09  2.50000000e+00  2.73200985e-10 -1.02823704e-05 
 3.07650000e-09  3.07650000e-09  2.50000000e+00  2.66905295e-10  1.02822609e-05 
 3.07750000e-09  3.07750000e-09  2.50000000e+00  2.60771635e-10 -1.02823680e-05 
 3.07850000e-09  3.07850000e-09  2.50000000e+00  2.54795944e-10  1.02822633e-05 
 3.07950000e-09  3.07950000e-09  2.50000000e+00  2.48974158e-10 -1.02823657e-05 
 3.08050000e-09  3.08050000e-09  2.50000000e+00  2.43302415e-10  1.02822655e-05 
 3.08150000e-09  3.08150000e-09  2.50000000e+00  2.37776702e-10 -1.02823635e-05 
 3.08250000e-09  3.08250000e-09  2.50000000e+00  2.32393354e-10  1.02822677e-05 
 3.08350000e-09  3.08350000e-09  2.50000000e+00  2.27148556e-10 -1.02823614e-05 
 3.08450000e-09  3.08450000e-09  2.50000000e+00  2.22038791e-10  1.02822697e-05 
 3.08550000e-09  3.08550000e-09  2.50000000e+00  2.17060641e-10 -1.02823595e-05 
 3.08650000e-09  3.08650000e-09  2.50000000e+00  2.12210639e-10  1.02822716e-05 
 3.08750000e-09  3.08750000e-09  2.50000000e+00  2.07485565e-10 -1.02823576e-05 
 3.08850000e-09  3.08850000e-09  2.50000000e+00  2.02882150e-10  1.02822734e-05 
 3.08950000e-09  3.08950000e-09  2.50000000e+00  1.98397273e-10 -1.02823558e-05 
 3.09050000e-09  3.09050000e-09  2.50000000e+00  1.94027863e-10  1.02822752e-05 
 3.09150000e-09  3.09150000e-09  2.50000000e+00  1.89771046e-10 -1.02823541e-05 
 3.09250000e-09  3.09250000e-09  2.50000000e+00  1.85623851e-10  1.02822768e-05 
 3.09350000e-09  3.09350000e-09  2.50000000e+00  1.81583504e-10 -1.02823525e-05 
 3.09450000e-09  3.09450000e-09  2.50000000e+00  1.77647181e-10  1.02822784e-05 
 3.09550000e-09  3.09550000e-09  2.50000000e+00  1.73812108e-10 -1.02823510e-05 
 3.09650000e-09  3.09650000e-09  2.50000000e+00  1.70075858e-10  1.02822799e-05 
 3.09750000e-09  3.09750000e-09  2.50000000e+00  1.66435905e-10 -1.02823496e-05 
 3.09850000e-09  3.09850000e-09  2.50000000e+00  1.62889573e-10  1.02822813e-05 
 3.09950000e-09  3.09950000e-09  2.50000000e+00  1.59434535e-10 -1.02823482e-05 
 3.10050000e-09  3.10050000e-09  2.50000000e+00  1.56068462e-10  1.02822826e-05 
 3.10150000e-09  3.10150000e-09  2.50000000e+00  1.52789126e-10 -1.02823469e-05 
 3.10250000e-09  3.10250000e-09  2.50000000e+00  1.49594297e-10  1.02822839e-05 
 3.10350000e-09  3.10350000e-09  2.50000000e+00  1.46481548e-10 -1.02823457e-05 
 3.10450000e-09  3.10450000e-09  2.50000000e+00  1.43448947e-10  1.02822851e-05 
 3.10550000e-09  3.10550000e-09  2.50000000e+00  1.40494512e-10 -1.02823445e-05 
 3.10650000e-09  3.10650000e-09  2.50000000e+00  1.37616214e-10  1.02822862e-05 
 3.10750000e-09  3.10750000e-09  2.50000000e+00  1.34812020e-10 -1.02823434e-05 
 3.10850000e-09  3.10850000e-09  2.50000000e+00  1.32079999e-10  1.02822873e-05 
 3.10950000e-09  3.10950000e-09  2.50000000e+00  1.29418220e-10 -1.02823423e-05 
 3.11050000e-09  3.11050000e-09  2.50000000e+00  1.26824848e-10  1.02822883e-05 
 3.11150000e-09  3.11150000e-09  2.50000000e+00  1.24298201e-10 -1.02823413e-05 
 3.11250000e-09  3.11250000e-09  2.50000000e+00  1.21836693e-10  1.02822893e-05 
 3.11350000e-09  3.11350000e-09  2.50000000e+00  1.19438639e-10 -1.02823404e-05 
 3.11450000e-09  3.11450000e-09  2.50000000e+00  1.17102356e-10  1.02822902e-05 
 3.11550000e-09  3.11550000e-09  2.50000000e+00  1.14826159e-10 -1.02823395e-05 
 3.11650000e-09  3.11650000e-09  2.50000000e+00  1.12608612e-10  1.02822911e-05 
 3.11750000e-09  3.11750000e-09  2.50000000e+00  1.10448179e-10 -1.02823386e-05 
 3.11850000e-09  3.11850000e-09  2.50000000e+00  1.08343275e-10  1.02822919e-05 
 3.11950000e-09  3.11950000e-09  2.50000000e+00  1.06292563e-10 -1.02823378e-05 
 3.12050000e-09  3.12050000e-09  2.50000000e+00  1.04294755e-10  1.02822927e-05 
 3.12150000e-09  3.12150000e-09  2.50000000e+00  1.02348265e-10 -1.02823370e-05 
 3.12250000e-09  3.12250000e-09  2.50000000e+00  1.00451905e-10  1.02822935e-05 
 3.12350000e-09  3.12350000e-09  2.50000000e+00  9.86043862e-11 -1.02823363e-05 
 3.12450000e-09  3.12450000e-09  2.50000000e+00  9.68043723e-11  1.02822942e-05 
 3.12550000e-09  3.12550000e-09  2.50000000e+00  9.50506738e-11 -1.02823356e-05 
 3.12650000e-09  3.12650000e-09  2.50000000e+00  9.33421021e-11  1.02822949e-05 
 3.12750000e-09  3.12750000e-09  2.50000000e+00  9.16775672e-11 -1.02823349e-05 
 3.12850000e-09  3.12850000e-09  2.50000000e+00  9.00558308e-11  1.02822955e-05 
 3.12950000e-09  3.12950000e-09  2.50000000e+00  8.84758526e-11 -1.02823343e-05 
 3.13050000e-09  3.13050000e-09  2.50000000e+00  8.69365925e-11  1.02822961e-05 
 3.13150000e-09  3.13150000e-09  2.50000000e+00  8.54370102e-11 -1.02823337e-05 
 3.13250000e-09  3.13250000e-09  2.50000000e+00  8.39759663e-11  1.02822967e-05 
 3.13350000e-09  3.13350000e-09  2.50000000e+00  8.25525693e-11 -1.02823331e-05 
 3.13450000e-09  3.13450000e-09  2.50000000e+00  8.11658284e-11  1.02822973e-05 
 3.13550000e-09  3.13550000e-09  2.50000000e+00  7.98146539e-11 -1.02823326e-05 
 3.13650000e-09  3.13650000e-09  2.50000000e+00  7.84984017e-11  1.02822978e-05 
 3.13750000e-09  3.13750000e-09  2.50000000e+00  7.72159822e-11 -1.02823321e-05 
 3.13850000e-09  3.13850000e-09  2.50000000e+00  7.59664541e-11  1.02822983e-05 
 3.13950000e-09  3.13950000e-09  2.50000000e+00  7.47490744e-11 -1.02823316e-05 
 3.14050000e-09  3.14050000e-09  2.50000000e+00  7.35630010e-11  1.02822987e-05 
 3.14150000e-09  3.14150000e-09  2.50000000e+00  7.24074909e-11 -1.02823312e-05 
 3.14250000e-09  3.14250000e-09  2.50000000e+00  7.12817020e-11  1.02822992e-05 
 3.14350000e-09  3.14350000e-09  2.50000000e+00  7.01848417e-11 -1.02823307e-05 
 3.14450000e-09  3.14450000e-09  2.50000000e+00  6.91163156e-11  1.02822996e-05 
 3.14550000e-09  3.14550000e-09  2.50000000e+00  6.80753807e-11 -1.02823303e-05 
 3.14650000e-09  3.14650000e-09  2.50000000e+00  6.70612939e-11  1.02823000e-05 
 3.14750000e-09  3.14750000e-09  2.50000000e+00  6.60733122e-11 -1.02823299e-05 
 3.14850000e-09  3.14850000e-09  2.50000000e+00  6.51107422e-11  1.02823004e-05 
 3.14950000e-09  3.14950000e-09  2.50000000e+00  6.41728902e-11 -1.02823295e-05 
 3.15050000e-09  3.15050000e-09  2.50000000e+00  6.32591124e-11  1.02823008e-05 
 3.15150000e-09  3.15150000e-09  2.50000000e+00  6.23688144e-11 -1.02823292e-05 
 3.15250000e-09  3.15250000e-09  2.50000000e+00  6.15014016e-11  1.02823011e-05 
 3.15350000e-09  3.15350000e-09  2.50000000e+00  6.06563293e-11 -1.02823289e-05 
 3.15450000e-09  3.15450000e-09  2.50000000e+00  5.98330525e-11  1.02823014e-05 
 3.15550000e-09  3.15550000e-09  2.50000000e+00  5.90310263e-11 -1.02823285e-05 
 3.15650000e-09  3.15650000e-09  2.50000000e+00  5.82496069e-11  1.02823017e-05 
 3.15750000e-09  3.15750000e-09  2.50000000e+00  5.74881997e-11 -1.02823282e-05 
 3.15850000e-09  3.15850000e-09  2.50000000e+00  5.67464580e-11  1.02823020e-05 
 3.15950000e-09  3.15950000e-09  2.50000000e+00  5.60239360e-11 -1.02823280e-05 
 3.16050000e-09  3.16050000e-09  2.50000000e+00  5.53199898e-11  1.02823023e-05 
 3.16150000e-09  3.16150000e-09  2.50000000e+00  5.46340744e-11 -1.02823277e-05 
 3.16250000e-09  3.16250000e-09  2.50000000e+00  5.39658431e-11  1.02823026e-05 
 3.16350000e-09  3.16350000e-09  2.50000000e+00  5.33148006e-11 -1.02823274e-05 
 3.16450000e-09  3.16450000e-09  2.50000000e+00  5.26804515e-11  1.02823028e-05 
 3.16550000e-09  3.16550000e-09  2.50000000e+00  5.20623995e-11 -1.02823272e-05 
 3.16650000e-09  3.16650000e-09  2.50000000e+00  5.14602483e-11  1.02823031e-05 
 3.16750000e-09  3.16750000e-09  2.50000000e+00  5.08736512e-11 -1.02823269e-05 
 3.16850000e-09  3.16850000e-09  2.50000000e+00  5.03021623e-11  1.02823033e-05 
 3.16950000e-09  3.16950000e-09  2.50000000e+00  4.97453855e-11 -1.02823267e-05 
 3.17050000e-09  3.17050000e-09  2.50000000e+00  4.92029244e-11  1.02823035e-05 
 3.17150000e-09  3.17150000e-09  2.50000000e+00  4.86743331e-11 -1.02823265e-05 
 3.17250000e-09  3.17250000e-09  2.50000000e+00  4.81593641e-11  1.02823037e-05 
 3.17350000e-09  3.17350000e-09  2.50000000e+00  4.76576705e-11 -1.02823263e-05 
 3.17450000e-09  3.17450000e-09  2.50000000e+00  4.71689552e-11  1.02823039e-05 
 3.17550000e-09  3.17550000e-09  2.50000000e+00  4.66928218e-11 -1.02823261e-05 
 3.17650000e-09  3.17650000e-09  2.50000000e+00  4.62289236e-11  1.02823041e-05 
 3.17750000e-09  3.17750000e-09  2.50000000e+00  4.57769635e-11 -1.02823259e-05 
 3.17850000e-09  3.17850000e-09  2.50000000e+00  4.53367432e-11  1.02823043e-05 
 3.17950000e-09  3.17950000e-09  2.50000000e+00  4.49077675e-11 -1.02823258e-05 
 3.18050000e-09  3.18050000e-09  2.50000000e+00  4.44897886e-11  1.02823044e-05 
 3.18150000e-09  3.18150000e-09  2.50000000e+00  4.40825588e-11 -1.02823256e-05 
 3.18250000e-09  3.18250000e-09  2.50000000e+00  4.36858306e-11  1.02823046e-05 
 3.18350000e-09  3.18350000e-09  2.50000000e+00  4.32993066e-11 -1.02823255e-05 
 3.18450000e-09  3.18450000e-09  2.50000000e+00  4.29226896e-11  1.02823047e-05 
 3.18550000e-09  3.18550000e-09  2.50000000e+00  4.25557816e-11 -1.02823253e-05 
 3.18650000e-09  3.18650000e-09  2.50000000e+00  4.21982358e-11  1.02823049e-05 
 3.18750000e-09  3.18750000e-09  2.50000000e+00  4.18499035e-11 -1.02823252e-05 
 3.18850000e-09  3.18850000e-09  2.50000000e+00  4.15105867e-11  1.02823050e-05 
 3.18950000e-09  3.18950000e-09  2.50000000e+00  4.11799385e-11 -1.02823250e-05 
 3.19050000e-09  3.19050000e-09  2.50000000e+00  4.08578599e-11  1.02823051e-05 
 3.19150000e-09  3.19150000e-09  2.50000000e+00  4.05442024e-11 -1.02823249e-05 
 3.19250000e-09  3.19250000e-09  2.50000000e+00  4.02385200e-11  1.02823053e-05 
 3.19350000e-09  3.19350000e-09  2.50000000e+00  3.99407137e-11 -1.02823248e-05 
 3.19450000e-09  3.19450000e-09  2.50000000e+00  3.96505359e-11  1.02823054e-05 
 3.19550000e-09  3.19550000e-09  2.50000000e+00  3.93677388e-11 -1.02823247e-05 
 3.19650000e-09  3.19650000e-09  2.50000000e+00  3.90922730e-11  1.02823055e-05 
 3.19750000e-09  3.19750000e-09  2.50000000e+00  3.88238907e-11 -1.02823246e-05 
 3.19850000e-09  3.19850000e-09  2.50000000e+00  3.85624434e-11  1.02823056e-05 
 3.19950000e-09  3.19950000e-09  2.50000000e+00  3.83077328e-11 -1.02823245e-05 
 3.20050000e-09  3.20050000e-09  2.50000000e+00  3.80594619e-11  1.02823057e-05 
 3.20150000e-09  3.20150000e-09  2.50000000e+00  3.78176800e-11 -1.02823244e-05 
 3.20250000e-09  3.20250000e-09  2.50000000e+00  3.75821892e-11  1.02823058e-05 
 3.20350000e-09  3.20350000e-09  2.50000000e+00  3.73527912e-11 -1.02823243e-05 
 3.20450000e-09  3.20450000e-09  2.50000000e+00  3.71292879e-11  1.02823059e-05 
 3.20550000e-09  3.20550000e-09  2.50000000e+00  3.69114316e-11 -1.02823242e-05 
 3.20650000e-09  3.20650000e-09  2.50000000e+00  3.66990738e-11  1.02823060e-05 
 3.20750000e-09  3.20750000e-09  2.50000000e+00  3.64922638e-11 -1.02823241e-05 
 3.20850000e-09  3.20850000e-09  2.50000000e+00  3.62908038e-11  1.02823060e-05 
 3.20950000e-09  3.20950000e-09  2.50000000e+00  3.60945449e-11 -1.02823241e-05 
 3.21050000e-09  3.21050000e-09  2.50000000e+00  3.59034377e-11  1.02823061e-05 
 3.21150000e-09  3.21150000e-09  2.50000000e+00  3.57172344e-11 -1.02823240e-05 
 3.21250000e-09  3.21250000e-09  2.50000000e+00  3.55356875e-11  1.02823062e-05 
 3.21350000e-09  3.21350000e-09  2.50000000e+00  3.53587970e-11 -1.02823239e-05 
 3.21450000e-09  3.21450000e-09  2.50000000e+00  3.51864636e-11  1.02823063e-05 
 3.21550000e-09  3.21550000e-09  2.50000000e+00  3.50185885e-11 -1.02823238e-05 
 3.21650000e-09  3.21650000e-09  2.50000000e+00  3.48550724e-11  1.02823063e-05 
 3.21750000e-09  3.21750000e-09  2.50000000e+00  3.46958164e-11 -1.02823238e-05 
 3.21850000e-09  3.21850000e-09  2.50000000e+00  3.45406223e-11  1.02823064e-05 
 3.21925000e-09  3.21925000e-09  2.50000000e+00  3.44268771e-11 -1.02823237e-05 
 3.22000000e-09  3.22000000e-09  2.50000000e+00  3.43152497e-11  1.02823064e-05 
 3.22010000e-09  3.22010000e-09  2.48750000e+00 -2.77353500e-06 -7.07578008e-04 
 3.22030000e-09  3.22030000e-09  2.46250000e+00 -8.24031320e-06 -6.69724887e-04 
 3.22070000e-09  3.22070000e-09  2.41250000e+00 -1.87053302e-05 -6.31259762e-04 
 3.22150000e-09  3.22150000e-09  2.31250000e+00 -3.78764430e-05 -5.93327724e-04 
 3.22250000e-09  3.22250000e-09  2.18750000e+00 -5.88259536e-05 -6.44425678e-04 
 3.22350000e-09  3.22350000e-09  2.06250000e+00 -7.68001519e-05 -6.68895472e-04 
 3.22450000e-09  3.22450000e-09  1.93750000e+00 -9.17506472e-05 -6.83455949e-04 
 3.22550000e-09  3.22550000e-09  1.81250000e+00 -1.02887294e-04 -6.80131034e-04 
 3.22650000e-09  3.22650000e-09  1.68750000e+00 -1.09197548e-04 -7.08526851e-04 
 3.22750000e-09  3.22750000e-09  1.56250000e+00 -1.09806697e-04 -7.19082479e-04 
 3.22850000e-09  3.22850000e-09  1.43750000e+00 -1.03953146e-04 -7.61237685e-04 
 3.22950000e-09  3.22950000e-09  1.31250000e+00 -9.09648609e-05 -7.85246822e-04 
 3.23050000e-09  3.23050000e-09  1.18750000e+00 -7.02365737e-05 -8.40344370e-04 
 3.23150000e-09  3.23150000e-09  1.06250000e+00 -4.12070730e-05 -8.76551139e-04 
 3.23250000e-09  3.23250000e-09  9.37500000e-01 -3.33542299e-06 -9.42825344e-04 
 3.23350000e-09  3.23350000e-09  8.12500000e-01  4.39265496e-05 -9.88833148e-04 
 3.23450000e-09  3.23450000e-09  6.87500000e-01  1.01175630e-04 -1.06296485e-03 
 3.23550000e-09  3.23550000e-09  5.62500000e-01  1.69187734e-04 -1.11312886e-03 
 3.23650000e-09  3.23650000e-09  4.37500000e-01  2.54426659e-04 -1.11780471e-03 
 3.23750000e-09  3.23750000e-09  3.12500000e-01  3.57035612e-04 -1.16766517e-03 
 3.23850000e-09  3.23850000e-09  1.87500000e-01  4.70932305e-04 -1.24992831e-03 
 3.23925000e-09  3.23925000e-09  9.37500000e-02  5.64163805e-04 -1.28378036e-03 
 3.24000000e-09  3.24000000e-09  0.00000000e+00  6.64451412e-04 -1.34878400e-03 
 3.24010000e-09  3.24010000e-09  0.00000000e+00  6.79915402e-04 -7.14046398e-04 
 3.24030000e-09  3.24030000e-09  0.00000000e+00  7.10488884e-04 -7.09961646e-04 
 3.24070000e-09  3.24070000e-09  0.00000000e+00  7.69284134e-04 -7.09317291e-04 
 3.24150000e-09  3.24150000e-09  0.00000000e+00  8.77743392e-04 -7.03690047e-04 
 3.24250000e-09  3.24250000e-09  0.00000000e+00  9.97450665e-04 -7.01528224e-04 
 3.24350000e-09  3.24350000e-09  0.00000000e+00  1.10119678e-03 -6.96095099e-04 
 3.24450000e-09  3.24450000e-09  0.00000000e+00  1.19067472e-03 -6.95037695e-04 
 3.24550000e-09  3.24550000e-09  0.00000000e+00  1.26741629e-03 -6.90632613e-04 
 3.24650000e-09  3.24650000e-09  0.00000000e+00  1.33280739e-03 -6.90529918e-04 
 3.24750000e-09  3.24750000e-09  0.00000000e+00  1.38810142e-03 -6.87012698e-04 
 3.24850000e-09  3.24850000e-09  0.00000000e+00  1.43445480e-03 -6.87298728e-04 
 3.24950000e-09  3.24950000e-09  0.00000000e+00  1.47238095e-03 -6.84864417e-04 
 3.25050000e-09  3.25050000e-09  0.00000000e+00  1.50124748e-03 -6.91463138e-04 
 3.25150000e-09  3.25150000e-09  0.00000000e+00  1.51997430e-03 -6.99373296e-04 
 3.25250000e-09  3.25250000e-09  0.00000000e+00  1.52764762e-03 -7.16275766e-04 
 3.25350000e-09  3.25350000e-09  0.00000000e+00  1.52350461e-03 -7.34401962e-04 
 3.25450000e-09  3.25450000e-09  0.00000000e+00  1.50691892e-03 -7.61385019e-04 
 3.25550000e-09  3.25550000e-09  0.00000000e+00  1.47738697e-03 -7.89410604e-04 
 3.25650000e-09  3.25650000e-09  0.00000000e+00  1.43451516e-03 -8.26068282e-04 
 3.25750000e-09  3.25750000e-09  0.00000000e+00  1.37800780e-03 -8.63502472e-04 
 3.25850000e-09  3.25850000e-09  0.00000000e+00  1.30765584e-03 -9.09263926e-04 
 3.25950000e-09  3.25950000e-09  0.00000000e+00  1.22332631e-03 -9.55460764e-04 
 3.26050000e-09  3.26050000e-09  0.00000000e+00  1.12495239e-03 -1.00961000e-03 
 3.26150000e-09  3.26150000e-09  0.00000000e+00  1.01252416e-03 -1.06378860e-03 
 3.26250000e-09  3.26250000e-09  0.00000000e+00  8.86079952e-04 -1.12548498e-03 
 3.26350000e-09  3.26350000e-09  0.00000000e+00  7.45698249e-04 -1.18675005e-03 
 3.26450000e-09  3.26450000e-09  0.00000000e+00  5.91490103e-04 -1.25504868e-03 
 3.26550000e-09  3.26550000e-09  0.00000000e+00  4.23592058e-04 -1.32241056e-03 
 3.26650000e-09  3.26650000e-09  0.00000000e+00  2.42159512e-04 -1.39628167e-03 
 3.26750000e-09  3.26750000e-09  0.00000000e+00  4.73604815e-05 -1.46867498e-03 
 3.26850000e-09  3.26850000e-09  0.00000000e+00 -1.60629999e-04 -1.54702169e-03 
 3.26950000e-09  3.26950000e-09  0.00000000e+00 -3.81634747e-04 -1.62332186e-03 
 3.27050000e-09  3.27050000e-09  0.00000000e+00 -6.15479838e-04 -1.70499553e-03 
 3.27150000e-09  3.27150000e-09  0.00000000e+00 -8.62000226e-04 -1.78403310e-03 
 3.27250000e-09  3.27250000e-09  0.00000000e+00 -1.12104462e-03 -1.86784621e-03 
 3.27350000e-09  3.27350000e-09  0.00000000e+00 -1.39248023e-03 -1.94841789e-03 
 3.27450000e-09  3.27450000e-09  0.00000000e+00 -1.67619740e-03 -2.03315313e-03 
 3.27550000e-09  3.27550000e-09  0.00000000e+00 -1.97211431e-03 -2.11402889e-03 
 3.27650000e-09  3.27650000e-09  0.00000000e+00 -2.28017591e-03 -2.19846446e-03 
 3.27750000e-09  3.27750000e-09  0.00000000e+00 -2.60034840e-03 -2.27846913e-03 
 3.27850000e-09  3.27850000e-09  0.00000000e+00 -2.93262771e-03 -2.36144923e-03 
 3.27950000e-09  3.27950000e-09  0.00000000e+00 -3.27705280e-03 -2.43938341e-03 
 3.28050000e-09  3.28050000e-09  0.00000000e+00 -3.63371099e-03 -2.51967294e-03 
 3.28150000e-09  3.28150000e-09  0.00000000e+00 -4.00274375e-03 -2.59429044e-03 
 3.28250000e-09  3.28250000e-09  0.00000000e+00 -4.38435313e-03 -2.67062934e-03 
 3.28350000e-09  3.28350000e-09  0.00000000e+00 -4.77880911e-03 -2.74065207e-03 
 3.28450000e-09  3.28450000e-09  0.00000000e+00 -5.18645804e-03 -2.81173882e-03 
 3.28550000e-09  3.28550000e-09  0.00000000e+00 -5.60773264e-03 -2.87583489e-03 
 3.28650000e-09  3.28650000e-09  0.00000000e+00 -6.04316382e-03 -2.94029841e-03 
 3.28750000e-09  3.28750000e-09  0.00000000e+00 -6.49339507e-03 -2.99704644e-03 
 3.28850000e-09  3.28850000e-09  0.00000000e+00 -6.95920011e-03 -3.05340102e-03 
 3.28950000e-09  3.28950000e-09  0.00000000e+00 -7.44150497e-03 -3.10123303e-03 
 3.29050000e-09  3.29050000e-09  0.00000000e+00 -7.94141599e-03 -3.14780523e-03 
 3.29150000e-09  3.29150000e-09  0.00000000e+00 -8.45885199e-03 -3.18983013e-03 
 3.29250000e-09  3.29250000e-09  0.00000000e+00 -8.98440463e-03 -3.26356441e-03 
 3.29350000e-09  3.29350000e-09  0.00000000e+00 -9.50951113e-03 -3.33317360e-03 
 3.29450000e-09  3.29450000e-09  0.00000000e+00 -1.00351313e-02 -3.40444005e-03 
 3.29550000e-09  3.29550000e-09  0.00000000e+00 -1.05623548e-02 -3.47159685e-03 
 3.29650000e-09  3.29650000e-09  0.00000000e+00 -1.10924900e-02 -3.54041243e-03 
 3.29750000e-09  3.29750000e-09  0.00000000e+00 -1.16271786e-02 -3.60517340e-03 
 3.29850000e-09  3.29850000e-09  0.00000000e+00 -1.21685895e-02 -3.67172162e-03 
 3.29950000e-09  3.29950000e-09  0.00000000e+00 -1.27197714e-02 -3.73444974e-03 
 3.30050000e-09  3.30050000e-09  0.00000000e+00 -1.32854921e-02 -3.79928456e-03 
 3.30150000e-09  3.30150000e-09  0.00000000e+00 -1.38739583e-02 -3.86099609e-03 
 3.30250000e-09  3.30250000e-09  0.00000000e+00 -1.44931137e-02 -3.93117922e-03 
 3.30350000e-09  3.30350000e-09  0.00000000e+00 -1.51342189e-02 -4.01483560e-03 
 3.30450000e-09  3.30450000e-09  0.00000000e+00 -1.57844051e-02 -4.10231375e-03 
 3.30550000e-09  3.30550000e-09  0.00000000e+00 -1.64417376e-02 -4.18754682e-03 
 3.30650000e-09  3.30650000e-09  0.00000000e+00 -1.71044869e-02 -4.27639067e-03 
 3.30750000e-09  3.30750000e-09  0.00000000e+00 -1.77711486e-02 -4.36264984e-03 
 3.30850000e-09  3.30850000e-09  0.00000000e+00 -1.84404234e-02 -4.45219821e-03 
 3.30950000e-09  3.30950000e-09  0.00000000e+00 -1.91111990e-02 -4.53885838e-03 
 3.31050000e-09  3.31050000e-09  0.00000000e+00 -1.97847951e-02 -4.61916209e-03 
 3.31150000e-09  3.31150000e-09  0.00000000e+00 -2.04576143e-02 -4.70237449e-03 
 3.31250000e-09  3.31250000e-09  0.00000000e+00 -2.11146863e-02 -4.80771964e-03 
 3.31350000e-09  3.31350000e-09  0.00000000e+00 -2.17369663e-02 -4.93039056e-03 
 3.31450000e-09  3.31450000e-09  0.00000000e+00 -2.23055260e-02 -5.07741280e-03 
 3.31550000e-09  3.31550000e-09  0.00000000e+00 -2.28015379e-02 -5.24386982e-03 
 3.31650000e-09  3.31650000e-09  0.00000000e+00 -2.32062574e-02 -5.43667342e-03 
 3.31750000e-09  3.31750000e-09  0.00000000e+00 -2.35010061e-02 -5.65078956e-03 
 3.31850000e-09  3.31850000e-09  0.00000000e+00 -2.36671534e-02 -5.89300926e-03 
 3.31950000e-09  3.31950000e-09  0.00000000e+00 -2.36860983e-02 -6.15817488e-03 
 3.32050000e-09  3.32050000e-09  0.00000000e+00 -2.35392489e-02 -6.45295139e-03 
 3.32150000e-09  3.32150000e-09  0.00000000e+00 -2.32080022e-02 -6.77205299e-03 
 3.32250000e-09  3.32250000e-09  0.00000000e+00 -2.26737212e-02 -7.12201475e-03 
 3.32350000e-09  3.32350000e-09  0.00000000e+00 -2.19177235e-02 -7.49788530e-03 
 3.32450000e-09  3.32450000e-09  0.00000000e+00 -2.09213389e-02 -7.90559301e-03 
 3.32550000e-09  3.32550000e-09  0.00000000e+00 -1.96658462e-02 -8.33955774e-03 
 3.32650000e-09  3.32650000e-09  0.00000000e+00 -1.81323225e-02 -8.80607658e-03 
 3.32750000e-09  3.32750000e-09  0.00000000e+00 -1.63009722e-02 -9.29907948e-03 
 3.32850000e-09  3.32850000e-09  0.00000000e+00 -1.41505265e-02 -9.82058207e-03 
 3.32950000e-09  3.32950000e-09  0.00000000e+00 -1.16596665e-02 -1.03630891e-02 
 3.33050000e-09  3.33050000e-09  0.00000000e+00 -8.80794367e-03 -1.09322858e-02 
 3.33150000e-09  3.33150000e-09  0.00000000e+00 -5.57533300e-03 -1.15218509e-02 
 3.33250000e-09  3.33250000e-09  0.00000000e+00 -1.94222762e-03 -1.21371735e-02 
 3.33350000e-09  3.33350000e-09  0.00000000e+00  2.11053941e-03 -1.27716668e-02 
 3.33450000e-09  3.33450000e-09  0.00000000e+00  6.60147431e-03 -1.34305007e-02 
 3.33550000e-09  3.33550000e-09  0.00000000e+00  1.15483762e-02 -1.41068731e-02 
 3.33650000e-09  3.33650000e-09  0.00000000e+00  1.69685247e-02 -1.48057327e-02 
 3.33750000e-09  3.33750000e-09  0.00000000e+00  2.28787320e-02 -1.55200924e-02 
 3.33850000e-09  3.33850000e-09  0.00000000e+00  2.92953676e-02 -1.62547399e-02 
 3.33950000e-09  3.33950000e-09  0.00000000e+00  3.62343889e-02 -1.70025483e-02 
 3.34050000e-09  3.34050000e-09  0.00000000e+00  4.37113782e-02 -1.77681860e-02 
 3.34150000e-09  3.34150000e-09  0.00000000e+00  5.17415860e-02 -1.85444274e-02 
 3.34250000e-09  3.34250000e-09  0.00000000e+00  6.03399811e-02 -1.93358630e-02 
 3.34350000e-09  3.34350000e-09  0.00000000e+00  6.95213078e-02 -2.01352096e-02 
 3.34450000e-09  3.34450000e-09  0.00000000e+00  7.93001521e-02 -2.09470214e-02 
 3.34550000e-09  3.34550000e-09  0.00000000e+00  8.96910163e-02 -2.17640001e-02 
 3.34650000e-09  3.34650000e-09  0.00000000e+00  1.00708404e-01 -2.25907069e-02 
 3.34750000e-09  3.34750000e-09  0.00000000e+00  1.12366919e-01 -2.34198741e-02 
 3.34850000e-09  3.34850000e-09  0.00000000e+00  1.24681376e-01 -2.42561189e-02 
 3.34950000e-09  3.34950000e-09  0.00000000e+00  1.37666931e-01 -2.50922581e-02 
 3.35050000e-09  3.35050000e-09  0.00000000e+00  1.51339234e-01 -2.59330264e-02 
 3.35150000e-09  3.35150000e-09  0.00000000e+00  1.65714609e-01 -2.67713971e-02 
 3.35250000e-09  3.35250000e-09  0.00000000e+00  1.80810270e-01 -2.76123104e-02 
 3.35350000e-09  3.35350000e-09  0.00000000e+00  1.96644586e-01 -2.84490081e-02 
 3.35450000e-09  3.35450000e-09  0.00000000e+00  2.13237410e-01 -2.92867827e-02 
 3.35550000e-09  3.35550000e-09  0.00000000e+00  2.30610495e-01 -3.01193437e-02 
 3.35650000e-09  3.35650000e-09  0.00000000e+00  2.48788047e-01 -3.09526162e-02 
 3.35750000e-09  3.35750000e-09  0.00000000e+00  2.67797450e-01 -3.17811857e-02 
 3.35850000e-09  3.35850000e-09  0.00000000e+00  2.87670284e-01 -3.26122253e-02 
 3.35950000e-09  3.35950000e-09  0.00000000e+00  3.08443781e-01 -3.34421603e-02 
 3.36050000e-09  3.36050000e-09  0.00000000e+00  3.30162990e-01 -3.42809894e-02 
 3.36150000e-09  3.36150000e-09  0.00000000e+00  3.52884205e-01 -3.51296992e-02 
 3.36250000e-09  3.36250000e-09  0.00000000e+00  3.76680670e-01 -3.60061171e-02 
 3.36350000e-09  3.36350000e-09  0.00000000e+00  4.01652906e-01 -3.69257766e-02 
 3.36450000e-09  3.36450000e-09  0.00000000e+00  4.27951981e-01 -3.79402303e-02 
 3.36550000e-09  3.36550000e-09  0.00000000e+00  4.55626539e-01 -3.88580959e-02 
 3.36650000e-09  3.36650000e-09  0.00000000e+00  4.84560560e-01 -3.96816255e-02 
 3.36750000e-09  3.36750000e-09  0.00000000e+00  5.14666455e-01 -4.04898745e-02 
 3.36850000e-09  3.36850000e-09  0.00000000e+00  5.45903916e-01 -4.12739123e-02 
 3.36950000e-09  3.36950000e-09  0.00000000e+00  5.78233378e-01 -4.20418080e-02 
 3.37050000e-09  3.37050000e-09  0.00000000e+00  6.11616032e-01 -4.27847933e-02 
 3.37150000e-09  3.37150000e-09  0.00000000e+00  6.46013850e-01 -4.35110894e-02 
 3.37250000e-09  3.37250000e-09  0.00000000e+00  6.81389594e-01 -4.42120704e-02 
 3.37350000e-09  3.37350000e-09  0.00000000e+00  7.17706834e-01 -4.48960906e-02 
 3.37450000e-09  3.37450000e-09  0.00000000e+00  7.54929954e-01 -4.55546472e-02 
 3.37550000e-09  3.37550000e-09  0.00000000e+00  7.93024658e-01 -4.61944654e-02 
 3.37650000e-09  3.37650000e-09  0.00000000e+00  8.31957114e-01 -4.68110182e-02 
 3.37750000e-09  3.37750000e-09  0.00000000e+00  8.71693812e-01 -4.74107136e-02 
 3.37850000e-09  3.37850000e-09  0.00000000e+00  9.12202438e-01 -4.79852429e-02 
 3.37950000e-09  3.37950000e-09  0.00000000e+00  9.53451514e-01 -4.85432522e-02 
 3.38050000e-09  3.38050000e-09  0.00000000e+00  9.95410396e-01 -4.90765060e-02 
 3.38150000e-09  3.38150000e-09  0.00000000e+00  1.03804927e+00 -4.95937159e-02 
 3.38250000e-09  3.38250000e-09  0.00000000e+00  1.08121341e+00 -4.98989416e-02 
 3.38350000e-09  3.38350000e-09  0.00000000e+00  1.12457455e+00 -4.98982213e-02 
 3.38450000e-09  3.38450000e-09  0.00000000e+00  1.16787351e+00 -4.97529520e-02 
 3.38550000e-09  3.38550000e-09  0.00000000e+00  1.21097321e+00 -4.94821517e-02 
 3.38650000e-09  3.38650000e-09  0.00000000e+00  1.25375412e+00 -4.90991679e-02 
 3.38750000e-09  3.38750000e-09  0.00000000e+00  1.29610833e+00 -4.86135642e-02 
 3.38850000e-09  3.38850000e-09  0.00000000e+00  1.33794107e+00 -4.80403162e-02 
 3.38950000e-09  3.38950000e-09  0.00000000e+00  1.37916949e+00 -4.73868484e-02 
 3.39050000e-09  3.39050000e-09  0.00000000e+00  1.41972165e+00 -4.66661986e-02 
 3.39150000e-09  3.39150000e-09  0.00000000e+00  1.45953548e+00 -4.58840321e-02 
 3.39250000e-09  3.39250000e-09  0.00000000e+00  1.49855794e+00 -4.50514565e-02 
 3.39350000e-09  3.39350000e-09  0.00000000e+00  1.53674416e+00 -4.41729471e-02 
 3.39450000e-09  3.39450000e-09  0.00000000e+00  1.57405679e+00 -4.32586831e-02 
 3.39550000e-09  3.39550000e-09  0.00000000e+00  1.61046524e+00 -4.23116450e-02 
 3.39650000e-09  3.39650000e-09  0.00000000e+00  1.64594504e+00 -4.13407912e-02 
 3.39750000e-09  3.39750000e-09  0.00000000e+00  1.68047729e+00 -4.03480655e-02 
 3.39850000e-09  3.39850000e-09  0.00000000e+00  1.71404809e+00 -3.93414707e-02 
 3.39950000e-09  3.39950000e-09  0.00000000e+00  1.74664809e+00 -3.83220698e-02 
 3.40050000e-09  3.40050000e-09  0.00000000e+00  1.77827201e+00 -3.72970528e-02 
 3.40150000e-09  3.40150000e-09  0.00000000e+00  1.80891825e+00 -3.62667318e-02 
 3.40250000e-09  3.40250000e-09  0.00000000e+00  1.83858850e+00 -3.52376039e-02 
 3.40350000e-09  3.40350000e-09  0.00000000e+00  1.86728737e+00 -3.42093414e-02 
 3.40450000e-09  3.40450000e-09  0.00000000e+00  1.89502210e+00 -3.31878500e-02 
 3.40550000e-09  3.40550000e-09  0.00000000e+00  1.92180221e+00 -3.21722554e-02 
 3.40650000e-09  3.40650000e-09  0.00000000e+00  1.94763930e+00 -3.11679588e-02 
 3.40750000e-09  3.40750000e-09  0.00000000e+00  1.97254673e+00 -3.01736194e-02 
 3.40850000e-09  3.40850000e-09  0.00000000e+00  1.99653941e+00 -2.91942072e-02 
 3.40950000e-09  3.40950000e-09  0.00000000e+00  2.01963363e+00 -2.82279831e-02 
 3.41050000e-09  3.41050000e-09  0.00000000e+00  2.04184680e+00 -2.72795488e-02 
 3.41150000e-09  3.41150000e-09  0.00000000e+00  2.06319732e+00 -2.63468251e-02 
 3.41250000e-09  3.41250000e-09  0.00000000e+00  2.08370442e+00 -2.54340990e-02 
 3.41350000e-09  3.41350000e-09  0.00000000e+00  2.10338798e+00 -2.45390009e-02 
 3.41450000e-09  3.41450000e-09  0.00000000e+00  2.12226842e+00 -2.36655495e-02 
 3.41550000e-09  3.41550000e-09  0.00000000e+00  2.14036661e+00 -2.28111270e-02 
 3.41650000e-09  3.41650000e-09  0.00000000e+00  2.15770369e+00 -2.19795236e-02 
 3.41750000e-09  3.41750000e-09  0.00000000e+00  2.17430104e+00 -2.11679103e-02 
 3.41850000e-09  3.41850000e-09  0.00000000e+00  2.19018016e+00 -2.03798825e-02 
 3.41950000e-09  3.41950000e-09  0.00000000e+00  2.20536259e+00 -1.96124319e-02 
 3.42050000e-09  3.42050000e-09  0.00000000e+00  2.21986984e+00 -1.88689886e-02 
 3.42150000e-09  3.42150000e-09  0.00000000e+00  2.23372335e+00 -1.81463926e-02 
 3.42250000e-09  3.42250000e-09  0.00000000e+00  2.24694439e+00 -1.74479346e-02 
 3.42350000e-09  3.42350000e-09  0.00000000e+00  2.25955405e+00 -1.67703266e-02 
 3.42450000e-09  3.42450000e-09  0.00000000e+00  2.27157319e+00 -1.61167422e-02 
 3.42550000e-09  3.42550000e-09  0.00000000e+00  2.28302742e+00 -1.54924114e-02 
 3.42650000e-09  3.42650000e-09  0.00000000e+00  2.29393192e+00 -1.48749504e-02 
 3.42750000e-09  3.42750000e-09  0.00000000e+00  2.30430282e+00 -1.42865903e-02 
 3.42850000e-09  3.42850000e-09  0.00000000e+00  2.31416698e+00 -1.37210899e-02 
 3.42950000e-09  3.42950000e-09  0.00000000e+00  2.32354542e+00 -1.31747935e-02 
 3.43050000e-09  3.43050000e-09  0.00000000e+00  2.33245864e+00 -1.26504753e-02 
 3.43150000e-09  3.43150000e-09  0.00000000e+00  2.34092664e+00 -1.21444312e-02 
 3.43250000e-09  3.43250000e-09  0.00000000e+00  2.34896885e+00 -1.16593951e-02 
 3.43350000e-09  3.43350000e-09  0.00000000e+00  2.35660416e+00 -1.11916295e-02 
 3.43450000e-09  3.43450000e-09  0.00000000e+00  2.36385088e+00 -1.07438416e-02 
 3.43550000e-09  3.43550000e-09  0.00000000e+00  2.37072676e+00 -1.03122734e-02 
 3.43650000e-09  3.43650000e-09  0.00000000e+00  2.37724895e+00 -9.89961720e-03 
 3.43750000e-09  3.43750000e-09  0.00000000e+00  2.38343405e+00 -9.50210545e-03 
 3.43850000e-09  3.43850000e-09  0.00000000e+00  2.38929804e+00 -9.12242539e-03 
 3.43950000e-09  3.43950000e-09  0.00000000e+00  2.39485635e+00 -8.75680891e-03 
 3.44050000e-09  3.44050000e-09  0.00000000e+00  2.40012383e+00 -8.40794663e-03 
 3.44150000e-09  3.44150000e-09  0.00000000e+00  2.40511476e+00 -8.07207736e-03 
 3.44250000e-09  3.44250000e-09  0.00000000e+00  2.40984284e+00 -7.75190183e-03 
 3.44350000e-09  3.44350000e-09  0.00000000e+00  2.41432125e+00 -7.44367182e-03 
 3.44450000e-09  3.44450000e-09  0.00000000e+00  2.41856261e+00 -7.15010357e-03 
 3.44550000e-09  3.44550000e-09  0.00000000e+00  2.42257900e+00 -6.86746659e-03 
 3.44650000e-09  3.44650000e-09  0.00000000e+00  2.42638200e+00 -6.59849679e-03 
 3.44750000e-09  3.44750000e-09  0.00000000e+00  2.42998267e+00 -6.33948504e-03 
 3.44850000e-09  3.44850000e-09  0.00000000e+00  2.43339157e+00 -6.09319002e-03 
 3.44950000e-09  3.44950000e-09  0.00000000e+00  2.43661879e+00 -5.85592656e-03 
 3.45050000e-09  3.45050000e-09  0.00000000e+00  2.43967395e+00 -5.63047829e-03 
 3.45150000e-09  3.45150000e-09  0.00000000e+00  2.44256624e+00 -5.41318575e-03 
 3.45250000e-09  3.45250000e-09  0.00000000e+00  2.44530436e+00 -5.20685889e-03 
 3.45350000e-09  3.45350000e-09  0.00000000e+00  2.44789665e+00 -5.00786499e-03 
 3.45450000e-09  3.45450000e-09  0.00000000e+00  2.45035099e+00 -4.81904100e-03 
 3.45550000e-09  3.45550000e-09  0.00000000e+00  2.45267491e+00 -4.63678134e-03 
 3.45650000e-09  3.45650000e-09  0.00000000e+00  2.45487553e+00 -4.46395011e-03 
 3.45750000e-09  3.45750000e-09  0.00000000e+00  2.45695962e+00 -4.29696877e-03 
 3.45850000e-09  3.45850000e-09  0.00000000e+00  2.45893361e+00 -4.13872825e-03 
 3.45950000e-09  3.45950000e-09  0.00000000e+00  2.46080360e+00 -3.98567652e-03 
 3.46050000e-09  3.46050000e-09  0.00000000e+00  2.46257533e+00 -3.84073067e-03 
 3.46150000e-09  3.46150000e-09  0.00000000e+00  2.46425430e+00 -3.70036438e-03 
 3.46250000e-09  3.46250000e-09  0.00000000e+00  2.46584565e+00 -3.56751992e-03 
 3.46350000e-09  3.46350000e-09  0.00000000e+00  2.46735429e+00 -3.43869562e-03 
 3.46450000e-09  3.46450000e-09  0.00000000e+00  2.46878485e+00 -3.31685777e-03 
 3.46550000e-09  3.46550000e-09  0.00000000e+00  2.47014170e+00 -3.19852808e-03 
 3.46650000e-09  3.46650000e-09  0.00000000e+00  2.47142897e+00 -3.08669559e-03 
 3.46750000e-09  3.46750000e-09  0.00000000e+00  2.47265056e+00 -2.97790404e-03 
 3.46850000e-09  3.46850000e-09  0.00000000e+00  2.47381017e+00 -2.87516379e-03 
 3.46950000e-09  3.46950000e-09  0.00000000e+00  2.47491126e+00 -2.77503920e-03 
 3.47050000e-09  3.47050000e-09  0.00000000e+00  2.47595713e+00 -2.68056051e-03 
 3.47150000e-09  3.47150000e-09  0.00000000e+00  2.47695086e+00 -2.58831123e-03 
 3.47250000e-09  3.47250000e-09  0.00000000e+00  2.47789538e+00 -2.50134004e-03 
 3.47350000e-09  3.47350000e-09  0.00000000e+00  2.47879344e+00 -2.41624816e-03 
 3.47450000e-09  3.47450000e-09  0.00000000e+00  2.47964762e+00 -2.33610125e-03 
 3.47550000e-09  3.47550000e-09  0.00000000e+00  2.48046038e+00 -2.25751681e-03 
 3.47650000e-09  3.47650000e-09  0.00000000e+00  2.48123401e+00 -2.18357611e-03 
 3.47750000e-09  3.47750000e-09  0.00000000e+00  2.48197069e+00 -2.11091155e-03 
 3.47850000e-09  3.47850000e-09  0.00000000e+00  2.48267261e+00 -2.04253850e-03 
 3.47950000e-09  3.47950000e-09  0.00000000e+00  2.48334182e+00 -1.97492273e-03 
 3.48050000e-09  3.48050000e-09  0.00000000e+00  2.48398030e+00 -1.91082282e-03 
 3.48150000e-09  3.48150000e-09  0.00000000e+00  2.48458992e+00 -1.84754189e-03 
 3.48250000e-09  3.48250000e-09  0.00000000e+00  2.48517217e+00 -1.78821866e-03 
 3.48350000e-09  3.48350000e-09  0.00000000e+00  2.48572845e+00 -1.72951138e-03 
 3.48450000e-09  3.48450000e-09  0.00000000e+00  2.48626007e+00 -1.67456706e-03 
 3.48550000e-09  3.48550000e-09  0.00000000e+00  2.48676828e+00 -1.62005269e-03 
 3.48650000e-09  3.48650000e-09  0.00000000e+00  2.48725429e+00 -1.56912370e-03 
 3.48750000e-09  3.48750000e-09  0.00000000e+00  2.48771919e+00 -1.51845515e-03 
 3.48850000e-09  3.48850000e-09  0.00000000e+00  2.48816405e+00 -1.47121018e-03 
 3.48950000e-09  3.48950000e-09  0.00000000e+00  2.48858988e+00 -1.42407125e-03 
 3.49050000e-09  3.49050000e-09  0.00000000e+00  2.48899762e+00 -1.38020858e-03 
 3.49150000e-09  3.49150000e-09  0.00000000e+00  2.48938816e+00 -1.33631137e-03 
 3.49250000e-09  3.49250000e-09  0.00000000e+00  2.48976236e+00 -1.29555633e-03 
 3.49350000e-09  3.49350000e-09  0.00000000e+00  2.49012101e+00 -1.25463883e-03 
 3.49450000e-09  3.49450000e-09  0.00000000e+00  2.49046488e+00 -1.21674144e-03 
 3.49550000e-09  3.49550000e-09  0.00000000e+00  2.49079467e+00 -1.17856517e-03 
 3.49650000e-09  3.49650000e-09  0.00000000e+00  2.49111108e+00 -1.14329794e-03 
 3.49750000e-09  3.49750000e-09  0.00000000e+00  2.49141473e+00 -1.10764585e-03 
 3.49850000e-09  3.49850000e-09  0.00000000e+00  2.49170625e+00 -1.07480170e-03 
 3.49950000e-09  3.49950000e-09  0.00000000e+00  2.49198620e+00 -1.04147622e-03 
 3.50050000e-09  3.50050000e-09  0.00000000e+00  2.49225512e+00 -1.01086661e-03 
 3.50150000e-09  3.50150000e-09  0.00000000e+00  2.49251354e+00 -9.79687789e-04 
 3.50250000e-09  3.50250000e-09  0.00000000e+00  2.49276193e+00 -9.51140965e-04 
 3.50350000e-09  3.50350000e-09  0.00000000e+00  2.49300077e+00 -9.21944858e-04 
 3.50450000e-09  3.50450000e-09  0.00000000e+00  2.49323048e+00 -8.95304281e-04 
 3.50550000e-09  3.50550000e-09  0.00000000e+00  2.49345149e+00 -8.67941395e-04 
 3.50650000e-09  3.50650000e-09  0.00000000e+00  2.49366418e+00 -8.43064283e-04 
 3.50750000e-09  3.50750000e-09  0.00000000e+00  2.49386893e+00 -8.17398213e-04 
 3.50850000e-09  3.50850000e-09  0.00000000e+00  2.49406609e+00 -7.94154225e-04 
 3.50950000e-09  3.50950000e-09  0.00000000e+00  2.49425600e+00 -7.70060398e-04 
 3.51050000e-09  3.51050000e-09  0.00000000e+00  2.49443897e+00 -7.48330443e-04 
 3.51150000e-09  3.51150000e-09  0.00000000e+00  2.49461530e+00 -7.25694981e-04 
 3.51250000e-09  3.51250000e-09  0.00000000e+00  2.49478528e+00 -7.05370139e-04 
 3.51350000e-09  3.51350000e-09  0.00000000e+00  2.49494918e+00 -6.84088835e-04 
 3.51450000e-09  3.51450000e-09  0.00000000e+00  2.49510726e+00 -6.65069380e-04 
 3.51550000e-09  3.51550000e-09  0.00000000e+00  2.49525976e+00 -6.45046771e-04 
 3.51650000e-09  3.51650000e-09  0.00000000e+00  2.49540692e+00 -6.27241293e-04 
 3.51750000e-09  3.51750000e-09  0.00000000e+00  2.49554896e+00 -6.08389825e-04 
 3.51850000e-09  3.51850000e-09  0.00000000e+00  2.49568608e+00 -5.91714440e-04 
 3.51950000e-09  3.51950000e-09  0.00000000e+00  2.49581849e+00 -5.73953717e-04 
 3.52050000e-09  3.52050000e-09  0.00000000e+00  2.49594637e+00 -5.58331351e-04 
 3.52150000e-09  3.52150000e-09  0.00000000e+00  2.49606992e+00 -5.41587463e-04 
 3.52250000e-09  3.52250000e-09  0.00000000e+00  2.49618929e+00 -5.26947214e-04 
 3.52350000e-09  3.52350000e-09  0.00000000e+00  2.49630466e+00 -5.11152123e-04 
 3.52450000e-09  3.52450000e-09  0.00000000e+00  2.49641619e+00 -4.97428684e-04 
 3.52550000e-09  3.52550000e-09  0.00000000e+00  2.49652401e+00 -4.82519685e-04 
 3.52650000e-09  3.52650000e-09  0.00000000e+00  2.49662828e+00 -4.69652828e-04 
 3.52750000e-09  3.52750000e-09  0.00000000e+00  2.49672913e+00 -4.55572054e-04 
 3.52850000e-09  3.52850000e-09  0.00000000e+00  2.49682668e+00 -4.43506165e-04 
 3.52950000e-09  3.52950000e-09  0.00000000e+00  2.49692107e+00 -4.30200150e-04 
 3.53050000e-09  3.53050000e-09  0.00000000e+00  2.49701241e+00 -4.18883811e-04 
 3.53150000e-09  3.53150000e-09  0.00000000e+00  2.49710082e+00 -4.06303092e-04 
 3.53250000e-09  3.53250000e-09  0.00000000e+00  2.49718639e+00 -3.95688707e-04 
 3.53350000e-09  3.53350000e-09  0.00000000e+00  2.49726924e+00 -3.83787471e-04 
 3.53450000e-09  3.53450000e-09  0.00000000e+00  2.49734947e+00 -3.73830928e-04 
 3.53550000e-09  3.53550000e-09  0.00000000e+00  2.49742716e+00 -3.62566689e-04 
 3.53650000e-09  3.53650000e-09  0.00000000e+00  2.49750241e+00 -3.53227060e-04 
 3.53750000e-09  3.53750000e-09  0.00000000e+00  2.49757531e+00 -3.42560375e-04 
 3.53850000e-09  3.53850000e-09  0.00000000e+00  2.49764593e+00 -3.33799637e-04 
 3.53950000e-09  3.53950000e-09  0.00000000e+00  2.49771437e+00 -3.23693845e-04 
 3.54050000e-09  3.54050000e-09  0.00000000e+00  2.49778068e+00 -3.15476640e-04 
 3.54150000e-09  3.54150000e-09  0.00000000e+00  2.49784496e+00 -3.05897631e-04 
 3.54250000e-09  3.54250000e-09  0.00000000e+00  2.49790726e+00 -2.98191041e-04 
 3.54350000e-09  3.54350000e-09  0.00000000e+00  2.49796765e+00 -2.89107041e-04 
 3.54450000e-09  3.54450000e-09  0.00000000e+00  2.49802621e+00 -2.81880392e-04 
 3.54550000e-09  3.54550000e-09  0.00000000e+00  2.49808298e+00 -2.73261779e-04 
 3.54650000e-09  3.54650000e-09  0.00000000e+00  2.49813804e+00 -2.66486456e-04 
 3.54750000e-09  3.54750000e-09  0.00000000e+00  2.49819143e+00 -2.58305584e-04 
 3.54850000e-09  3.54850000e-09  0.00000000e+00  2.49824322e+00 -2.51954871e-04 
 3.54950000e-09  3.54950000e-09  0.00000000e+00  2.49829346e+00 -2.44185914e-04 
 3.55050000e-09  3.55050000e-09  0.00000000e+00  2.49834219e+00 -2.38234844e-04 
 3.55150000e-09  3.55150000e-09  0.00000000e+00  2.49838946e+00 -2.30853661e-04 
 3.55250000e-09  3.55250000e-09  0.00000000e+00  2.49843533e+00 -2.25278881e-04 
 3.55350000e-09  3.55350000e-09  0.00000000e+00  2.49847984e+00 -2.18262881e-04 
 3.55450000e-09  3.55450000e-09  0.00000000e+00  2.49852303e+00 -2.13042536e-04 
 3.55550000e-09  3.55550000e-09  0.00000000e+00  2.49856494e+00 -2.06370565e-04 
 3.55650000e-09  3.55650000e-09  0.00000000e+00  2.49860562e+00 -2.01484178e-04 
 3.55750000e-09  3.55750000e-09  0.00000000e+00  2.49864510e+00 -1.95136415e-04 
 3.55850000e-09  3.55850000e-09  0.00000000e+00  2.49868343e+00 -1.90564794e-04 
 3.55950000e-09  3.55950000e-09  0.00000000e+00  2.49872063e+00 -1.84522651e-04 
 3.56050000e-09  3.56050000e-09  0.00000000e+00  2.49875674e+00 -1.80247792e-04 
 3.56150000e-09  3.56150000e-09  0.00000000e+00  2.49879181e+00 -1.74493828e-04 
 3.56250000e-09  3.56250000e-09  0.00000000e+00  2.49882585e+00 -1.70498832e-04 
 3.56350000e-09  3.56350000e-09  0.00000000e+00  2.49885890e+00 -1.65016673e-04 
 3.56450000e-09  3.56450000e-09  0.00000000e+00  2.49889100e+00 -1.61285670e-04 
 3.56550000e-09  3.56550000e-09  0.00000000e+00  2.49892216e+00 -1.56059933e-04 
 3.56650000e-09  3.56650000e-09  0.00000000e+00  2.49895243e+00 -1.52578011e-04 
 3.56750000e-09  3.56750000e-09  0.00000000e+00  2.49898182e+00 -1.47594237e-04 
 3.56850000e-09  3.56850000e-09  0.00000000e+00  2.49901037e+00 -1.44347376e-04 
 3.56950000e-09  3.56950000e-09  0.00000000e+00  2.49903809e+00 -1.39591970e-04 
 3.57050000e-09  3.57050000e-09  0.00000000e+00  2.49906502e+00 -1.36566984e-04 
 3.57150000e-09  3.57150000e-09  0.00000000e+00  2.49909118e+00 -1.32027154e-04 
 3.57250000e-09  3.57250000e-09  0.00000000e+00  2.49911659e+00 -1.29211634e-04 
 3.57350000e-09  3.57350000e-09  0.00000000e+00  2.49914127e+00 -1.24875342e-04 
 3.57450000e-09  3.57450000e-09  0.00000000e+00  2.49916525e+00 -1.22257608e-04 
 3.57550000e-09  3.57550000e-09  0.00000000e+00  2.49918854e+00 -1.18113519e-04 
 3.57650000e-09  3.57650000e-09  0.00000000e+00  2.49921117e+00 -1.15682569e-04 
 3.57750000e-09  3.57750000e-09  0.00000000e+00  2.49923315e+00 -1.11720007e-04 
 3.57850000e-09  3.57850000e-09  0.00000000e+00  2.49925452e+00 -1.09465479e-04 
 3.57950000e-09  3.57950000e-09  0.00000000e+00  2.49927527e+00 -1.05674383e-04 
 3.58050000e-09  3.58050000e-09  0.00000000e+00  2.49929544e+00 -1.03586512e-04 
 3.58150000e-09  3.58150000e-09  0.00000000e+00  2.49931503e+00 -9.99574011e-05 
 3.58250000e-09  3.58250000e-09  0.00000000e+00  2.49933407e+00 -9.80269801e-05 
 3.58350000e-09  3.58350000e-09  0.00000000e+00  2.49935257e+00 -9.45509162e-05 
 3.58450000e-09  3.58450000e-09  0.00000000e+00  2.49937055e+00 -9.27692653e-05 
 3.58550000e-09  3.58550000e-09  0.00000000e+00  2.49938802e+00 -8.94378184e-05 
 3.58650000e-09  3.58650000e-09  0.00000000e+00  2.49940500e+00 -8.77967508e-05 
 3.58750000e-09  3.58750000e-09  0.00000000e+00  2.49942150e+00 -8.46019693e-05 
 3.58850000e-09  3.58850000e-09  0.00000000e+00  2.49943754e+00 -8.30937616e-05 
 3.58950000e-09  3.58950000e-09  0.00000000e+00  2.49945312e+00 -8.00281434e-05 
 3.59050000e-09  3.59050000e-09  0.00000000e+00  2.49946827e+00 -7.86455081e-05 
 3.59150000e-09  3.59150000e-09  0.00000000e+00  2.49948299e+00 -7.57019735e-05 
 3.59250000e-09  3.59250000e-09  0.00000000e+00  2.49949730e+00 -7.44380324e-05 
 3.59350000e-09  3.59350000e-09  0.00000000e+00  2.49951121e+00 -7.16098991e-05 
 3.59450000e-09  3.59450000e-09  0.00000000e+00  2.49952473e+00 -7.04581598e-05 
 3.59550000e-09  3.59550000e-09  0.00000000e+00  2.49953787e+00 -6.77391193e-05 
 3.59650000e-09  3.59650000e-09  0.00000000e+00  2.49955064e+00 -6.66934519e-05 
 3.59750000e-09  3.59750000e-09  0.00000000e+00  2.49956305e+00 -6.40775479e-05 
 3.59850000e-09  3.59850000e-09  0.00000000e+00  2.49957512e+00 -6.31321642e-05 
 3.59950000e-09  3.59950000e-09  0.00000000e+00  2.49958685e+00 -6.06137716e-05 
 3.60050000e-09  3.60050000e-09  0.00000000e+00  2.49959825e+00 -5.97632052e-05 
 3.60150000e-09  3.60150000e-09  0.00000000e+00  2.49960934e+00 -5.73370115e-05 
 3.60250000e-09  3.60250000e-09  0.00000000e+00  2.49962011e+00 -5.65760990e-05 
 3.60350000e-09  3.60350000e-09  0.00000000e+00  2.49963059e+00 -5.42370857e-05 
 3.60450000e-09  3.60450000e-09  0.00000000e+00  2.49964077e+00 -5.35609495e-05 
 3.60550000e-09  3.60550000e-09  0.00000000e+00  2.49965067e+00 -5.13043757e-05 
 3.60650000e-09  3.60650000e-09  0.00000000e+00  2.49966029e+00 -5.07084076e-05 
 3.60750000e-09  3.60750000e-09  0.00000000e+00  2.49966965e+00 -4.85297940e-05 
 3.60850000e-09  3.60850000e-09  0.00000000e+00  2.49967875e+00 -4.80096397e-05 
 3.60950000e-09  3.60950000e-09  0.00000000e+00  2.49968759e+00 -4.59047535e-05 
 3.61050000e-09  3.61050000e-09  0.00000000e+00  2.49969619e+00 -4.54562985e-05 
 3.61150000e-09  3.61150000e-09  0.00000000e+00  2.49970455e+00 -4.34211398e-05 
 3.61250000e-09  3.61250000e-09  0.00000000e+00  2.49971267e+00 -4.30404954e-05 
 3.61350000e-09  3.61350000e-09  0.00000000e+00  2.49972057e+00 -4.10712840e-05 
 3.61450000e-09  3.61450000e-09  0.00000000e+00  2.49972826e+00 -4.07547751e-05 
 3.61550000e-09  3.61550000e-09  0.00000000e+00  2.49973573e+00 -3.88479377e-05 
 3.61650000e-09  3.61650000e-09  0.00000000e+00  2.49974299e+00 -3.85920905e-05 
 3.61750000e-09  3.61750000e-09  0.00000000e+00  2.49975005e+00 -3.67442498e-05 
 3.61850000e-09  3.61850000e-09  0.00000000e+00  2.49975692e+00 -3.65457804e-05 
 3.61950000e-09  3.61950000e-09  0.00000000e+00  2.49976359e+00 -3.47537436e-05 
 3.62050000e-09  3.62050000e-09  0.00000000e+00  2.49977008e+00 -3.46095478e-05 
 3.62150000e-09  3.62150000e-09  0.00000000e+00  2.49977639e+00 -3.28702965e-05 
 3.62250000e-09  3.62250000e-09  0.00000000e+00  2.49978253e+00 -3.27774395e-05 
 3.62350000e-09  3.62350000e-09  0.00000000e+00  2.49978850e+00 -3.10881202e-05 
 3.62450000e-09  3.62450000e-09  0.00000000e+00  2.49979430e+00 -3.10438271e-05 
 3.62550000e-09  3.62550000e-09  0.00000000e+00  2.49979994e+00 -2.94017416e-05 
 3.62650000e-09  3.62650000e-09  0.00000000e+00  2.49980543e+00 -2.94033889e-05 
 3.62750000e-09  3.62750000e-09  0.00000000e+00  2.49981076e+00 -2.78059862e-05 
 3.62850000e-09  3.62850000e-09  0.00000000e+00  2.49981595e+00 -2.78510932e-05 
 3.62950000e-09  3.62950000e-09  0.00000000e+00  2.49982099e+00 -2.62959608e-05 
 3.63050000e-09  3.63050000e-09  0.00000000e+00  2.49982590e+00 -2.63821817e-05 
 3.63150000e-09  3.63150000e-09  0.00000000e+00  2.49983067e+00 -2.48670385e-05 
 3.63250000e-09  3.63250000e-09  0.00000000e+00  2.49983531e+00 -2.49921550e-05 
 3.63350000e-09  3.63350000e-09  0.00000000e+00  2.49983982e+00 -2.35148439e-05 
 3.63450000e-09  3.63450000e-09  0.00000000e+00  2.49984420e+00 -2.36767582e-05 
 3.63550000e-09  3.63550000e-09  0.00000000e+00  2.49984847e+00 -2.22352391e-05 
 3.63650000e-09  3.63650000e-09  0.00000000e+00  2.49985262e+00 -2.24319672e-05 
 3.63750000e-09  3.63750000e-09  0.00000000e+00  2.49985665e+00 -2.10243106e-05 
 3.63850000e-09  3.63850000e-09  0.00000000e+00  2.49986057e+00 -2.12539762e-05 
 3.63950000e-09  3.63950000e-09  0.00000000e+00  2.49986439e+00 -1.98783576e-05 
 3.64050000e-09  3.64050000e-09  0.00000000e+00  2.49986810e+00 -2.01391861e-05 
 3.64150000e-09  3.64150000e-09  0.00000000e+00  2.49987170e+00 -1.87938794e-05 
 3.64250000e-09  3.64250000e-09  0.00000000e+00  2.49987521e+00 -1.90841923e-05 
 3.64350000e-09  3.64350000e-09  0.00000000e+00  2.49987862e+00 -1.77675652e-05 
 3.64450000e-09  3.64450000e-09  0.00000000e+00  2.49988194e+00 -1.80857750e-05 
 3.64550000e-09  3.64550000e-09  0.00000000e+00  2.49988517e+00 -1.67962836e-05 
 3.64650000e-09  3.64650000e-09  0.00000000e+00  2.49988831e+00 -1.71408886e-05 
 3.64750000e-09  3.64750000e-09  0.00000000e+00  2.49989136e+00 -1.58770723e-05 
 3.64850000e-09  3.64850000e-09  0.00000000e+00  2.49989433e+00 -1.62465577e-05 
 3.64950000e-09  3.64950000e-09  0.00000000e+00  2.49989721e+00 -1.50071284e-05 
 3.65050000e-09  3.65050000e-09  0.00000000e+00  2.49990002e+00 -1.54003399e-05 
 3.65150000e-09  3.65150000e-09  0.00000000e+00  2.49990275e+00 -1.41838046e-05 
 3.65250000e-09  3.65250000e-09  0.00000000e+00  2.49990540e+00 -1.45993763e-05 
 3.65350000e-09  3.65350000e-09  0.00000000e+00  2.49990799e+00 -1.34045918e-05 
 3.65450000e-09  3.65450000e-09  0.00000000e+00  2.49991050e+00 -1.38413215e-05 
 3.65550000e-09  3.65550000e-09  0.00000000e+00  2.49991294e+00 -1.26671183e-05 
 3.65650000e-09  3.65650000e-09  0.00000000e+00  2.49991532e+00 -1.31238686e-05 
 3.65750000e-09  3.65750000e-09  0.00000000e+00  2.49991763e+00 -1.19691406e-05 
 3.65850000e-09  3.65850000e-09  0.00000000e+00  2.49991987e+00 -1.24448356e-05 
 3.65950000e-09  3.65950000e-09  0.00000000e+00  2.49992206e+00 -1.13085362e-05 
 3.66050000e-09  3.66050000e-09  0.00000000e+00  2.49992419e+00 -1.18021580e-05 
 3.66150000e-09  3.66150000e-09  0.00000000e+00  2.49992625e+00 -1.06832974e-05 
 3.66250000e-09  3.66250000e-09  0.00000000e+00  2.49992826e+00 -1.11938830e-05 
 3.66350000e-09  3.66350000e-09  0.00000000e+00  2.49993022e+00 -1.00915244e-05 
 3.66450000e-09  3.66450000e-09  0.00000000e+00  2.49993212e+00 -1.06181628e-05 
 3.66550000e-09  3.66550000e-09  0.00000000e+00  2.49993397e+00 -9.53142013e-06 
 3.66650000e-09  3.66650000e-09  0.00000000e+00  2.49993577e+00 -1.00732495e-05 
 3.66750000e-09  3.66750000e-09  0.00000000e+00  2.49993752e+00 -9.00128440e-06 
 3.66850000e-09  3.66850000e-09  0.00000000e+00  2.49993922e+00 -9.55748932e-06 
 3.66950000e-09  3.66950000e-09  0.00000000e+00  2.49994088e+00 -8.49950859e-06 
 3.67050000e-09  3.67050000e-09  0.00000000e+00  2.49994249e+00 -9.06931752e-06 
 3.67150000e-09  3.67150000e-09  0.00000000e+00  2.49994406e+00 -8.02457077e-06 
 3.67250000e-09  3.67250000e-09  0.00000000e+00  2.49994558e+00 -8.60725377e-06 
 3.67350000e-09  3.67350000e-09  0.00000000e+00  2.49994706e+00 -7.57503100e-06 
 3.67450000e-09  3.67450000e-09  0.00000000e+00  2.49994850e+00 -8.16989744e-06 
 3.67550000e-09  3.67550000e-09  0.00000000e+00  2.49994990e+00 -7.14952688e-06 
 3.67650000e-09  3.67650000e-09  0.00000000e+00  2.49995127e+00 -7.75592332e-06 
 3.67750000e-09  3.67750000e-09  0.00000000e+00  2.49995259e+00 -6.74676936e-06 
 3.67850000e-09  3.67850000e-09  0.00000000e+00  2.49995388e+00 -7.36407754e-06 
 3.67950000e-09  3.67950000e-09  0.00000000e+00  2.49995514e+00 -6.36553877e-06 
 3.68050000e-09  3.68050000e-09  0.00000000e+00  2.49995636e+00 -6.99317368e-06 
 3.68150000e-09  3.68150000e-09  0.00000000e+00  2.49995754e+00 -6.00468107e-06 
 3.68250000e-09  3.68250000e-09  0.00000000e+00  2.49995870e+00 -6.64208920e-06 
 3.68350000e-09  3.68350000e-09  0.00000000e+00  2.49995982e+00 -5.66310431e-06 
 3.68450000e-09  3.68450000e-09  0.00000000e+00  2.49996092e+00 -6.30976191e-06 
 3.68550000e-09  3.68550000e-09  0.00000000e+00  2.49996198e+00 -5.33977527e-06 
 3.68650000e-09  3.68650000e-09  0.00000000e+00  2.49996301e+00 -5.99518675e-06 
 3.68750000e-09  3.68750000e-09  0.00000000e+00  2.49996402e+00 -5.03371628e-06 
 3.68850000e-09  3.68850000e-09  0.00000000e+00  2.49996499e+00 -5.69741270e-06 
 3.68950000e-09  3.68950000e-09  0.00000000e+00  2.49996595e+00 -4.74400223e-06 
 3.69050000e-09  3.69050000e-09  0.00000000e+00  2.49996687e+00 -5.41553985e-06 
 3.69150000e-09  3.69150000e-09  0.00000000e+00  2.49996777e+00 -4.46975773e-06 
 3.69250000e-09  3.69250000e-09  0.00000000e+00  2.49996865e+00 -5.14871666e-06 
 3.69350000e-09  3.69350000e-09  0.00000000e+00  2.49996950e+00 -4.21015445e-06 
 3.69450000e-09  3.69450000e-09  0.00000000e+00  2.49997033e+00 -4.89613735e-06 
 3.69550000e-09  3.69550000e-09  0.00000000e+00  2.49997113e+00 -3.96440851e-06 
 3.69650000e-09  3.69650000e-09  0.00000000e+00  2.49997192e+00 -4.65703940e-06 
 3.69750000e-09  3.69750000e-09  0.00000000e+00  2.49997268e+00 -3.73177820e-06 
 3.69850000e-09  3.69850000e-09  0.00000000e+00  2.49997342e+00 -4.43070126e-06 
 3.69950000e-09  3.69950000e-09  0.00000000e+00  2.49997414e+00 -3.51156157e-06 
 3.70050000e-09  3.70050000e-09  0.00000000e+00  2.49997484e+00 -4.21644013e-06 
 3.70150000e-09  3.70150000e-09  0.00000000e+00  2.49997553e+00 -3.30309441e-06 
 3.70250000e-09  3.70250000e-09  0.00000000e+00  2.49997619e+00 -4.01360983e-06 
 3.70350000e-09  3.70350000e-09  0.00000000e+00  2.49997684e+00 -3.10574814e-06 
 3.70450000e-09  3.70450000e-09  0.00000000e+00  2.49997747e+00 -3.82159889e-06 
 3.70550000e-09  3.70550000e-09  0.00000000e+00  2.49997808e+00 -2.91892790e-06 
 3.70650000e-09  3.70650000e-09  0.00000000e+00  2.49997867e+00 -3.63982866e-06 
 3.70750000e-09  3.70750000e-09  0.00000000e+00  2.49997925e+00 -2.74207078e-06 
 3.70850000e-09  3.70850000e-09  0.00000000e+00  2.49997981e+00 -3.46775149e-06 
 3.70950000e-09  3.70950000e-09  0.00000000e+00  2.49998036e+00 -2.57464404e-06 
 3.71050000e-09  3.71050000e-09  0.00000000e+00  2.49998089e+00 -3.30484916e-06 
 3.71150000e-09  3.71150000e-09  0.00000000e+00  2.49998141e+00 -2.41614352e-06 
 3.71250000e-09  3.71250000e-09  0.00000000e+00  2.49998192e+00 -3.15063120e-06 
 3.71350000e-09  3.71350000e-09  0.00000000e+00  2.49998241e+00 -2.26609210e-06 
 3.71450000e-09  3.71450000e-09  0.00000000e+00  2.49998288e+00 -3.00463345e-06 
 3.71550000e-09  3.71550000e-09  0.00000000e+00  2.49998335e+00 -2.12403822e-06 
 3.71650000e-09  3.71650000e-09  0.00000000e+00  2.49998380e+00 -2.86641663e-06 
 3.71750000e-09  3.71750000e-09  0.00000000e+00  2.49998424e+00 -1.98955456e-06 
 3.71850000e-09  3.71850000e-09  0.00000000e+00  2.49998466e+00 -2.73556502e-06 
 3.71950000e-09  3.71950000e-09  0.00000000e+00  2.49998508e+00 -1.86223666e-06 
 3.72050000e-09  3.72050000e-09  0.00000000e+00  2.49998548e+00 -2.61168516e-06 
 3.72150000e-09  3.72150000e-09  0.00000000e+00  2.49998588e+00 -1.74170175e-06 
 3.72250000e-09  3.72250000e-09  0.00000000e+00  2.49998626e+00 -2.49440467e-06 
 3.72350000e-09  3.72350000e-09  0.00000000e+00  2.49998663e+00 -1.62758758e-06 
 3.72450000e-09  3.72450000e-09  0.00000000e+00  2.49998699e+00 -2.38337111e-06 
 3.72550000e-09  3.72550000e-09  0.00000000e+00  2.49998735e+00 -1.51955128e-06 
 3.72650000e-09  3.72650000e-09  0.00000000e+00  2.49998769e+00 -2.27825095e-06 
 3.72750000e-09  3.72750000e-09  0.00000000e+00  2.49998802e+00 -1.41726834e-06 
 3.72850000e-09  3.72850000e-09  0.00000000e+00  2.49998835e+00 -2.17872848e-06 
 3.72950000e-09  3.72950000e-09  0.00000000e+00  2.49998866e+00 -1.32043165e-06 
 3.73050000e-09  3.73050000e-09  0.00000000e+00  2.49998897e+00 -2.08450491e-06 
 3.73150000e-09  3.73150000e-09  0.00000000e+00  2.49998927e+00 -1.22875051e-06 
 3.73250000e-09  3.73250000e-09  0.00000000e+00  2.49998956e+00 -1.99529743e-06 
 3.73350000e-09  3.73350000e-09  0.00000000e+00  2.49998984e+00 -1.14194980e-06 
 3.73450000e-09  3.73450000e-09  0.00000000e+00  2.49999011e+00 -1.91083839e-06 
 3.73550000e-09  3.73550000e-09  0.00000000e+00  2.49999038e+00 -1.05976911e-06 
 3.73650000e-09  3.73650000e-09  0.00000000e+00  2.49999064e+00 -1.83087444e-06 
 3.73750000e-09  3.73750000e-09  0.00000000e+00  2.49999090e+00 -9.81961964e-07 
 3.73850000e-09  3.73850000e-09  0.00000000e+00  2.49999114e+00 -1.75516579e-06 
 3.73950000e-09  3.73950000e-09  0.00000000e+00  2.49999138e+00 -9.08295079e-07 
 3.74050000e-09  3.74050000e-09  0.00000000e+00  2.49999161e+00 -1.68348548e-06 
 3.74150000e-09  3.74150000e-09  0.00000000e+00  2.49999184e+00 -8.38547640e-07 
 3.74250000e-09  3.74250000e-09  0.00000000e+00  2.49999206e+00 -1.61561867e-06 
 3.74350000e-09  3.74350000e-09  0.00000000e+00  2.49999228e+00 -7.72510644e-07 
 3.74450000e-09  3.74450000e-09  0.00000000e+00  2.49999249e+00 -1.55136204e-06 
 3.74550000e-09  3.74550000e-09  0.00000000e+00  2.49999269e+00 -7.09986261e-07 
 3.74650000e-09  3.74650000e-09  0.00000000e+00  2.49999289e+00 -1.49052310e-06 
 3.74750000e-09  3.74750000e-09  0.00000000e+00  2.49999308e+00 -6.50787237e-07 
 3.74850000e-09  3.74850000e-09  0.00000000e+00  2.49999327e+00 -1.43291969e-06 
 3.74950000e-09  3.74950000e-09  0.00000000e+00  2.49999345e+00 -5.94736326e-07 
 3.75050000e-09  3.75050000e-09  0.00000000e+00  2.49999362e+00 -1.37837934e-06 
 3.75150000e-09  3.75150000e-09  0.00000000e+00  2.49999380e+00 -5.41665754e-07 
 3.75250000e-09  3.75250000e-09  0.00000000e+00  2.49999396e+00 -1.32673885e-06 
 3.75350000e-09  3.75350000e-09  0.00000000e+00  2.49999413e+00 -4.91416709e-07 
 3.75450000e-09  3.75450000e-09  0.00000000e+00  2.49999429e+00 -1.27784368e-06 
 3.75550000e-09  3.75550000e-09  0.00000000e+00  2.49999444e+00 -4.43838866e-07 
 3.75650000e-09  3.75650000e-09  0.00000000e+00  2.49999459e+00 -1.23154759e-06 
 3.75750000e-09  3.75750000e-09  0.00000000e+00  2.49999474e+00 -3.98789925e-07 
 3.75850000e-09  3.75850000e-09  0.00000000e+00  2.49999488e+00 -1.18771213e-06 
 3.75950000e-09  3.75950000e-09  0.00000000e+00  2.49999502e+00 -3.56135190e-07 
 3.76050000e-09  3.76050000e-09  0.00000000e+00  2.49999515e+00 -1.14620625e-06 
 3.76150000e-09  3.76150000e-09  0.00000000e+00  2.49999528e+00 -3.15747153e-07 
 3.76250000e-09  3.76250000e-09  0.00000000e+00  2.49999541e+00 -1.10690589e-06 
 3.76350000e-09  3.76350000e-09  0.00000000e+00  2.49999553e+00 -2.77505114e-07 
 3.76450000e-09  3.76450000e-09  0.00000000e+00  2.49999565e+00 -1.06969361e-06 
 3.76550000e-09  3.76550000e-09  0.00000000e+00  2.49999577e+00 -2.41294817e-07 
 3.76650000e-09  3.76650000e-09  0.00000000e+00  2.49999589e+00 -1.03445826e-06 
 3.76750000e-09  3.76750000e-09  0.00000000e+00  2.49999600e+00 -2.07008104e-07 
 3.76850000e-09  3.76850000e-09  0.00000000e+00  2.49999610e+00 -1.00109459e-06 
 3.76950000e-09  3.76950000e-09  0.00000000e+00  2.49999621e+00 -1.74542585e-07 
 3.77050000e-09  3.77050000e-09  0.00000000e+00  2.49999631e+00 -9.69502996e-07 
 3.77150000e-09  3.77150000e-09  0.00000000e+00  2.49999641e+00 -1.43801336e-07 
 3.77250000e-09  3.77250000e-09  0.00000000e+00  2.49999651e+00 -9.39589162e-07 
 3.77350000e-09  3.77350000e-09  0.00000000e+00  2.49999660e+00 -1.14692602e-07 
 3.77450000e-09  3.77450000e-09  0.00000000e+00  2.49999669e+00 -9.11263817e-07 
 3.77550000e-09  3.77550000e-09  0.00000000e+00  2.49999678e+00 -8.71295225e-08 
 3.77650000e-09  3.77650000e-09  0.00000000e+00  2.49999687e+00 -8.84442448e-07 
 3.77750000e-09  3.77750000e-09  0.00000000e+00  2.49999695e+00 -6.10298670e-08 
 3.77850000e-09  3.77850000e-09  0.00000000e+00  2.49999704e+00 -8.59045049e-07 
 3.77950000e-09  3.77950000e-09  0.00000000e+00  2.49999712e+00 -3.63157931e-08 
 3.78050000e-09  3.78050000e-09  0.00000000e+00  2.49999719e+00 -8.34995879e-07 
 3.78150000e-09  3.78150000e-09  0.00000000e+00  2.49999727e+00 -1.29136043e-08 
 3.78250000e-09  3.78250000e-09  0.00000000e+00  2.49999734e+00 -8.12223234e-07 
 3.78350000e-09  3.78350000e-09  0.00000000e+00  2.49999742e+00  9.24646432e-09 
 3.78450000e-09  3.78450000e-09  0.00000000e+00  2.49999748e+00 -7.90659233e-07 
 3.78550000e-09  3.78550000e-09  0.00000000e+00  2.49999755e+00  3.02304612e-08 
 3.78650000e-09  3.78650000e-09  0.00000000e+00  2.49999762e+00 -7.70239612e-07 
 3.78750000e-09  3.78750000e-09  0.00000000e+00  2.49999768e+00  5.01009143e-08 
 3.78850000e-09  3.78850000e-09  0.00000000e+00  2.49999775e+00 -7.50903530e-07 
 3.78950000e-09  3.78950000e-09  0.00000000e+00  2.49999781e+00  6.89170213e-08 
 3.79050000e-09  3.79050000e-09  0.00000000e+00  2.49999787e+00 -7.32593390e-07 
 3.79150000e-09  3.79150000e-09  0.00000000e+00  2.49999792e+00  8.67348246e-08 
 3.79250000e-09  3.79250000e-09  0.00000000e+00  2.49999798e+00 -7.15254661e-07 
 3.79350000e-09  3.79350000e-09  0.00000000e+00  2.49999803e+00  1.03607383e-07 
 3.79450000e-09  3.79450000e-09  0.00000000e+00  2.49999809e+00 -6.98835718e-07 
 3.79550000e-09  3.79550000e-09  0.00000000e+00  2.49999814e+00  1.19584927e-07 
 3.79650000e-09  3.79650000e-09  0.00000000e+00  2.49999819e+00 -6.83287684e-07 
 3.79750000e-09  3.79750000e-09  0.00000000e+00  2.49999824e+00  1.34715016e-07 
 3.79850000e-09  3.79850000e-09  0.00000000e+00  2.49999828e+00 -6.68564286e-07 
 3.79950000e-09  3.79950000e-09  0.00000000e+00  2.49999833e+00  1.49042675e-07 
 3.80050000e-09  3.80050000e-09  0.00000000e+00  2.49999838e+00 -6.54621713e-07 
 3.80150000e-09  3.80150000e-09  0.00000000e+00  2.49999842e+00  1.62610531e-07 
 3.80250000e-09  3.80250000e-09  0.00000000e+00  2.49999846e+00 -6.41418486e-07 
 3.80350000e-09  3.80350000e-09  0.00000000e+00  2.49999850e+00  1.75458943e-07 
 3.80450000e-09  3.80450000e-09  0.00000000e+00  2.49999854e+00 -6.28915337e-07 
 3.80550000e-09  3.80550000e-09  0.00000000e+00  2.49999858e+00  1.87626123e-07 
 3.80650000e-09  3.80650000e-09  0.00000000e+00  2.49999862e+00 -6.17075084e-07 
 3.80750000e-09  3.80750000e-09  0.00000000e+00  2.49999866e+00  1.99148250e-07 
 3.80850000e-09  3.80850000e-09  0.00000000e+00  2.49999869e+00 -6.05862524e-07 
 3.80950000e-09  3.80950000e-09  0.00000000e+00  2.49999873e+00  2.10059573e-07 
 3.81050000e-09  3.81050000e-09  0.00000000e+00  2.49999876e+00 -5.95244330e-07 
 3.81150000e-09  3.81150000e-09  0.00000000e+00  2.49999880e+00  2.20392524e-07 
 3.81250000e-09  3.81250000e-09  0.00000000e+00  2.49999883e+00 -5.85188946e-07 
 3.81350000e-09  3.81350000e-09  0.00000000e+00  2.49999886e+00  2.30177810e-07 
 3.81450000e-09  3.81450000e-09  0.00000000e+00  2.49999889e+00 -5.75666493e-07 
 3.81550000e-09  3.81550000e-09  0.00000000e+00  2.49999892e+00  2.39444501e-07 
 3.81650000e-09  3.81650000e-09  0.00000000e+00  2.49999895e+00 -5.66648683e-07 
 3.81750000e-09  3.81750000e-09  0.00000000e+00  2.49999898e+00  2.48220125e-07 
 3.81850000e-09  3.81850000e-09  0.00000000e+00  2.49999901e+00 -5.58108732e-07 
 3.81950000e-09  3.81950000e-09  0.00000000e+00  2.49999903e+00  2.56530742e-07 
 3.82050000e-09  3.82050000e-09  0.00000000e+00  2.49999906e+00 -5.50021281e-07 
 3.82150000e-09  3.82150000e-09  0.00000000e+00  2.49999908e+00  2.64401030e-07 
 3.82250000e-09  3.82250000e-09  0.00000000e+00  2.49999911e+00 -5.42362317e-07 
 3.82350000e-09  3.82350000e-09  0.00000000e+00  2.49999913e+00  2.71854353e-07 
 3.82450000e-09  3.82450000e-09  0.00000000e+00  2.49999916e+00 -5.35109104e-07 
 3.82550000e-09  3.82550000e-09  0.00000000e+00  2.49999918e+00  2.78912835e-07 
 3.82650000e-09  3.82650000e-09  0.00000000e+00  2.49999920e+00 -5.28240117e-07 
 3.82750000e-09  3.82750000e-09  0.00000000e+00  2.49999922e+00  2.85597422e-07 
 3.82850000e-09  3.82850000e-09  0.00000000e+00  2.49999924e+00 -5.21734973e-07 
 3.82950000e-09  3.82950000e-09  0.00000000e+00  2.49999926e+00  2.91927947e-07 
 3.83050000e-09  3.83050000e-09  0.00000000e+00  2.49999928e+00 -5.15574373e-07 
 3.83150000e-09  3.83150000e-09  0.00000000e+00  2.49999930e+00  2.97923191e-07 
 3.83250000e-09  3.83250000e-09  0.00000000e+00  2.49999932e+00 -5.09740040e-07 
 3.83350000e-09  3.83350000e-09  0.00000000e+00  2.49999934e+00  3.03600936e-07 
 3.83450000e-09  3.83450000e-09  0.00000000e+00  2.49999936e+00 -5.04214674e-07 
 3.83550000e-09  3.83550000e-09  0.00000000e+00  2.49999937e+00  3.08978019e-07 
 3.83650000e-09  3.83650000e-09  0.00000000e+00  2.49999939e+00 -4.98981889e-07 
 3.83750000e-09  3.83750000e-09  0.00000000e+00  2.49999941e+00  3.14070384e-07 
 3.83850000e-09  3.83850000e-09  0.00000000e+00  2.49999942e+00 -4.94026172e-07 
 3.83950000e-09  3.83950000e-09  0.00000000e+00  2.49999944e+00  3.18893125e-07 
 3.84050000e-09  3.84050000e-09  0.00000000e+00  2.49999945e+00 -4.89332832e-07 
 3.84150000e-09  3.84150000e-09  0.00000000e+00  2.49999947e+00  3.23460538e-07 
 3.84250000e-09  3.84250000e-09  0.00000000e+00  2.49999948e+00 -4.84887961e-07 
 3.84350000e-09  3.84350000e-09  0.00000000e+00  2.49999950e+00  3.27786160e-07 
 3.84450000e-09  3.84450000e-09  0.00000000e+00  2.49999951e+00 -4.80678387e-07 
 3.84550000e-09  3.84550000e-09  0.00000000e+00  2.49999952e+00  3.31882805e-07 
 3.84650000e-09  3.84650000e-09  0.00000000e+00  2.49999954e+00 -4.76691638e-07 
 3.84750000e-09  3.84750000e-09  0.00000000e+00  2.49999955e+00  3.35762611e-07 
 3.84850000e-09  3.84850000e-09  0.00000000e+00  2.49999956e+00 -4.72915904e-07 
 3.84950000e-09  3.84950000e-09  0.00000000e+00  2.49999957e+00  3.39437068e-07 
 3.85050000e-09  3.85050000e-09  0.00000000e+00  2.49999958e+00 -4.69340001e-07 
 3.85150000e-09  3.85150000e-09  0.00000000e+00  2.49999960e+00  3.42917061e-07 
 3.85250000e-09  3.85250000e-09  0.00000000e+00  2.49999961e+00 -4.65953343e-07 
 3.85350000e-09  3.85350000e-09  0.00000000e+00  2.49999962e+00  3.46212892e-07 
 3.85450000e-09  3.85450000e-09  0.00000000e+00  2.49999963e+00 -4.62745900e-07 
 3.85550000e-09  3.85550000e-09  0.00000000e+00  2.49999964e+00  3.49334320e-07 
 3.85650000e-09  3.85650000e-09  0.00000000e+00  2.49999965e+00 -4.59708176e-07 
 3.85750000e-09  3.85750000e-09  0.00000000e+00  2.49999966e+00  3.52290586e-07 
 3.85850000e-09  3.85850000e-09  0.00000000e+00  2.49999967e+00 -4.56831182e-07 
 3.85950000e-09  3.85950000e-09  0.00000000e+00  2.49999967e+00  3.55090437e-07 
 3.86050000e-09  3.86050000e-09  0.00000000e+00  2.49999968e+00 -4.54106402e-07 
 3.86150000e-09  3.86150000e-09  0.00000000e+00  2.49999969e+00  3.57742160e-07 
 3.86250000e-09  3.86250000e-09  0.00000000e+00  2.49999970e+00 -4.51525775e-07 
 3.86350000e-09  3.86350000e-09  0.00000000e+00  2.49999971e+00  3.60253601e-07 
 3.86450000e-09  3.86450000e-09  0.00000000e+00  2.49999972e+00 -4.49081664e-07 
 3.86550000e-09  3.86550000e-09  0.00000000e+00  2.49999972e+00  3.62632190e-07 
 3.86650000e-09  3.86650000e-09  0.00000000e+00  2.49999973e+00 -4.46766839e-07 
 3.86750000e-09  3.86750000e-09  0.00000000e+00  2.49999974e+00  3.64884962e-07 
 3.86850000e-09  3.86850000e-09  0.00000000e+00  2.49999975e+00 -4.44574455e-07 
 3.86950000e-09  3.86950000e-09  0.00000000e+00  2.49999975e+00  3.67018580e-07 
 3.87050000e-09  3.87050000e-09  0.00000000e+00  2.49999976e+00 -4.42498027e-07 
 3.87150000e-09  3.87150000e-09  0.00000000e+00  2.49999977e+00  3.69039353e-07 
 3.87250000e-09  3.87250000e-09  0.00000000e+00  2.49999977e+00 -4.40531415e-07 
 3.87350000e-09  3.87350000e-09  0.00000000e+00  2.49999978e+00  3.70953256e-07 
 3.87450000e-09  3.87450000e-09  0.00000000e+00  2.49999978e+00 -4.38668806e-07 
 3.87550000e-09  3.87550000e-09  0.00000000e+00  2.49999979e+00  3.72765946e-07 
 3.87650000e-09  3.87650000e-09  0.00000000e+00  2.49999980e+00 -4.36904694e-07 
 3.87750000e-09  3.87750000e-09  0.00000000e+00  2.49999980e+00  3.74482784e-07 
 3.87850000e-09  3.87850000e-09  0.00000000e+00  2.49999981e+00 -4.35233863e-07 
 3.87950000e-09  3.87950000e-09  0.00000000e+00  2.49999981e+00  3.76108842e-07 
 3.88050000e-09  3.88050000e-09  0.00000000e+00  2.49999982e+00 -4.33651378e-07 
 3.88150000e-09  3.88150000e-09  0.00000000e+00  2.49999982e+00  3.77648924e-07 
 3.88250000e-09  3.88250000e-09  0.00000000e+00  2.49999983e+00 -4.32152560e-07 
 3.88350000e-09  3.88350000e-09  0.00000000e+00  2.49999983e+00  3.79107583e-07 
 3.88450000e-09  3.88450000e-09  0.00000000e+00  2.49999984e+00 -4.30732983e-07 
 3.88550000e-09  3.88550000e-09  0.00000000e+00  2.49999984e+00  3.80489127e-07 
 3.88650000e-09  3.88650000e-09  0.00000000e+00  2.49999984e+00 -4.29388454e-07 
 3.88750000e-09  3.88750000e-09  0.00000000e+00  2.49999985e+00  3.81797636e-07 
 3.88850000e-09  3.88850000e-09  0.00000000e+00  2.49999985e+00 -4.28114999e-07 
 3.88950000e-09  3.88950000e-09  0.00000000e+00  2.49999986e+00  3.83036976e-07 
 3.89050000e-09  3.89050000e-09  0.00000000e+00  2.49999986e+00 -4.26908858e-07 
 3.89150000e-09  3.89150000e-09  0.00000000e+00  2.49999986e+00  3.84210807e-07 
 3.89250000e-09  3.89250000e-09  0.00000000e+00  2.49999987e+00 -4.25766471e-07 
 3.89350000e-09  3.89350000e-09  0.00000000e+00  2.49999987e+00  3.85322595e-07 
 3.89450000e-09  3.89450000e-09  0.00000000e+00  2.49999987e+00 -4.24684463e-07 
 3.89550000e-09  3.89550000e-09  0.00000000e+00  2.49999988e+00  3.86375622e-07 
 3.89650000e-09  3.89650000e-09  0.00000000e+00  2.49999988e+00 -4.23659640e-07 
 3.89750000e-09  3.89750000e-09  0.00000000e+00  2.49999988e+00  3.87372997e-07 
 3.89850000e-09  3.89850000e-09  0.00000000e+00  2.49999989e+00 -4.22688978e-07 
 3.89950000e-09  3.89950000e-09  0.00000000e+00  2.49999989e+00  3.88317662e-07 
 3.90050000e-09  3.90050000e-09  0.00000000e+00  2.49999989e+00 -4.21769611e-07 
 3.90150000e-09  3.90150000e-09  0.00000000e+00  2.49999990e+00  3.89212409e-07 
 3.90250000e-09  3.90250000e-09  0.00000000e+00  2.49999990e+00 -4.20898825e-07 
 3.90350000e-09  3.90350000e-09  0.00000000e+00  2.49999990e+00  3.90059875e-07 
 3.90450000e-09  3.90450000e-09  0.00000000e+00  2.49999990e+00 -4.20074052e-07 
 3.90550000e-09  3.90550000e-09  0.00000000e+00  2.49999991e+00  3.90862563e-07 
 3.90650000e-09  3.90650000e-09  0.00000000e+00  2.49999991e+00 -4.19292859e-07 
 3.90750000e-09  3.90750000e-09  0.00000000e+00  2.49999991e+00  3.91622839e-07 
 3.90850000e-09  3.90850000e-09  0.00000000e+00  2.49999991e+00 -4.18552939e-07 
 3.90950000e-09  3.90950000e-09  0.00000000e+00  2.49999992e+00  3.92342947e-07 
 3.91050000e-09  3.91050000e-09  0.00000000e+00  2.49999992e+00 -4.17852111e-07 
 3.91150000e-09  3.91150000e-09  0.00000000e+00  2.49999992e+00  3.93025011e-07 
 3.91250000e-09  3.91250000e-09  0.00000000e+00  2.49999992e+00 -4.17188308e-07 
 3.91350000e-09  3.91350000e-09  0.00000000e+00  2.49999993e+00  3.93671042e-07 
 3.91450000e-09  3.91450000e-09  0.00000000e+00  2.49999993e+00 -4.16559572e-07 
 3.91550000e-09  3.91550000e-09  0.00000000e+00  2.49999993e+00  3.94282947e-07 
 3.91650000e-09  3.91650000e-09  0.00000000e+00  2.49999993e+00 -4.15964049e-07 
 3.91750000e-09  3.91750000e-09  0.00000000e+00  2.49999993e+00  3.94862528e-07 
 3.91850000e-09  3.91850000e-09  0.00000000e+00  2.49999993e+00 -4.15399982e-07 
 3.91950000e-09  3.91950000e-09  0.00000000e+00  2.49999994e+00  3.95411495e-07 
 3.92050000e-09  3.92050000e-09  0.00000000e+00  2.49999994e+00 -4.14865710e-07 
 3.92150000e-09  3.92150000e-09  0.00000000e+00  2.49999994e+00  3.95931466e-07 
 3.92250000e-09  3.92250000e-09  0.00000000e+00  2.49999994e+00 -4.14359657e-07 
 3.92350000e-09  3.92350000e-09  0.00000000e+00  2.49999994e+00  3.96423975e-07 
 3.92450000e-09  3.92450000e-09  0.00000000e+00  2.49999994e+00 -4.13880330e-07 
 3.92550000e-09  3.92550000e-09  0.00000000e+00  2.49999995e+00  3.96890472e-07 
 3.92650000e-09  3.92650000e-09  0.00000000e+00  2.49999995e+00 -4.13426319e-07 
 3.92750000e-09  3.92750000e-09  0.00000000e+00  2.49999995e+00  3.97332332e-07 
 3.92850000e-09  3.92850000e-09  0.00000000e+00  2.49999995e+00 -4.12996284e-07 
 3.92950000e-09  3.92950000e-09  0.00000000e+00  2.49999995e+00  3.97750859e-07 
 3.93050000e-09  3.93050000e-09  0.00000000e+00  2.49999995e+00 -4.12588958e-07 
 3.93150000e-09  3.93150000e-09  0.00000000e+00  2.49999995e+00  3.98147284e-07 
 3.93250000e-09  3.93250000e-09  0.00000000e+00  2.49999996e+00 -4.12203142e-07 
 3.93350000e-09  3.93350000e-09  0.00000000e+00  2.49999996e+00  3.98522776e-07 
 3.93450000e-09  3.93450000e-09  0.00000000e+00  2.49999996e+00 -4.11837698e-07 
 3.93550000e-09  3.93550000e-09  0.00000000e+00  2.49999996e+00  3.98878440e-07 
 3.93650000e-09  3.93650000e-09  0.00000000e+00  2.49999996e+00 -4.11491550e-07 
 3.93750000e-09  3.93750000e-09  0.00000000e+00  2.49999996e+00  3.99215327e-07 
 3.93850000e-09  3.93850000e-09  0.00000000e+00  2.49999996e+00 -4.11163679e-07 
 3.93950000e-09  3.93950000e-09  0.00000000e+00  2.49999996e+00  3.99534425e-07 
 3.94050000e-09  3.94050000e-09  0.00000000e+00  2.49999996e+00 -4.10853118e-07 
 3.94150000e-09  3.94150000e-09  0.00000000e+00  2.49999996e+00  3.99836676e-07 
 3.94250000e-09  3.94250000e-09  0.00000000e+00  2.49999997e+00 -4.10558953e-07 
 3.94350000e-09  3.94350000e-09  0.00000000e+00  2.49999997e+00  4.00122971e-07 
 3.94450000e-09  3.94450000e-09  0.00000000e+00  2.49999997e+00 -4.10280318e-07 
 3.94550000e-09  3.94550000e-09  0.00000000e+00  2.49999997e+00  4.00394151e-07 
 3.94650000e-09  3.94650000e-09  0.00000000e+00  2.49999997e+00 -4.10016393e-07 
 3.94750000e-09  3.94750000e-09  0.00000000e+00  2.49999997e+00  4.00651016e-07 
 3.94850000e-09  3.94850000e-09  0.00000000e+00  2.49999997e+00 -4.09766400e-07 
 3.94950000e-09  3.94950000e-09  0.00000000e+00  2.49999997e+00  4.00894321e-07 
 3.95050000e-09  3.95050000e-09  0.00000000e+00  2.49999997e+00 -4.09529603e-07 
 3.95150000e-09  3.95150000e-09  0.00000000e+00  2.49999997e+00  4.01124783e-07 
 3.95250000e-09  3.95250000e-09  0.00000000e+00  2.49999997e+00 -4.09305306e-07 
 3.95350000e-09  3.95350000e-09  0.00000000e+00  2.49999997e+00  4.01343080e-07 
 3.95450000e-09  3.95450000e-09  0.00000000e+00  2.49999998e+00 -4.09092848e-07 
 3.95550000e-09  3.95550000e-09  0.00000000e+00  2.49999998e+00  4.01549856e-07 
 3.95650000e-09  3.95650000e-09  0.00000000e+00  2.49999998e+00 -4.08891603e-07 
 3.95750000e-09  3.95750000e-09  0.00000000e+00  2.49999998e+00  4.01745718e-07 
 3.95850000e-09  3.95850000e-09  0.00000000e+00  2.49999998e+00 -4.08700980e-07 
 3.95950000e-09  3.95950000e-09  0.00000000e+00  2.49999998e+00  4.01931243e-07 
 3.96050000e-09  3.96050000e-09  0.00000000e+00  2.49999998e+00 -4.08520417e-07 
 3.96150000e-09  3.96150000e-09  0.00000000e+00  2.49999998e+00  4.02106976e-07 
 3.96250000e-09  3.96250000e-09  0.00000000e+00  2.49999998e+00 -4.08349384e-07 
 3.96350000e-09  3.96350000e-09  0.00000000e+00  2.49999998e+00  4.02273435e-07 
 3.96450000e-09  3.96450000e-09  0.00000000e+00  2.49999998e+00 -4.08187377e-07 
 3.96550000e-09  3.96550000e-09  0.00000000e+00  2.49999998e+00  4.02431109e-07 
 3.96650000e-09  3.96650000e-09  0.00000000e+00  2.49999998e+00 -4.08033919e-07 
 3.96750000e-09  3.96750000e-09  0.00000000e+00  2.49999998e+00  4.02580463e-07 
 3.96850000e-09  3.96850000e-09  0.00000000e+00  2.49999998e+00 -4.07888560e-07 
 3.96950000e-09  3.96950000e-09  0.00000000e+00  2.49999998e+00  4.02721935e-07 
 3.97050000e-09  3.97050000e-09  0.00000000e+00  2.49999998e+00 -4.07750870e-07 
 3.97150000e-09  3.97150000e-09  0.00000000e+00  2.49999998e+00  4.02855943e-07 
 3.97250000e-09  3.97250000e-09  0.00000000e+00  2.49999998e+00 -4.07620446e-07 
 3.97350000e-09  3.97350000e-09  0.00000000e+00  2.49999999e+00  4.02982880e-07 
 3.97450000e-09  3.97450000e-09  0.00000000e+00  2.49999999e+00 -4.07496903e-07 
 3.97550000e-09  3.97550000e-09  0.00000000e+00  2.49999999e+00  4.03103118e-07 
 3.97650000e-09  3.97650000e-09  0.00000000e+00  2.49999999e+00 -4.07379880e-07 
 3.97750000e-09  3.97750000e-09  0.00000000e+00  2.49999999e+00  4.03217013e-07 
 3.97850000e-09  3.97850000e-09  0.00000000e+00  2.49999999e+00 -4.07269031e-07 
 3.97950000e-09  3.97950000e-09  0.00000000e+00  2.49999999e+00  4.03324899e-07 
 3.98050000e-09  3.98050000e-09  0.00000000e+00  2.49999999e+00 -4.07164029e-07 
 3.98150000e-09  3.98150000e-09  0.00000000e+00  2.49999999e+00  4.03427093e-07 
 3.98250000e-09  3.98250000e-09  0.00000000e+00  2.49999999e+00 -4.07064568e-07 
 3.98350000e-09  3.98350000e-09  0.00000000e+00  2.49999999e+00  4.03523895e-07 
 3.98450000e-09  3.98450000e-09  0.00000000e+00  2.49999999e+00 -4.06970353e-07 
 3.98550000e-09  3.98550000e-09  0.00000000e+00  2.49999999e+00  4.03615591e-07 
 3.98650000e-09  3.98650000e-09  0.00000000e+00  2.49999999e+00 -4.06881109e-07 
 3.98750000e-09  3.98750000e-09  0.00000000e+00  2.49999999e+00  4.03702449e-07 
 3.98850000e-09  3.98850000e-09  0.00000000e+00  2.49999999e+00 -4.06796573e-07 
 3.98950000e-09  3.98950000e-09  0.00000000e+00  2.49999999e+00  4.03784725e-07 
 3.99050000e-09  3.99050000e-09  0.00000000e+00  2.49999999e+00 -4.06716496e-07 
 3.99150000e-09  3.99150000e-09  0.00000000e+00  2.49999999e+00  4.03862661e-07 
 3.99250000e-09  3.99250000e-09  0.00000000e+00  2.49999999e+00 -4.06640644e-07 
 3.99350000e-09  3.99350000e-09  0.00000000e+00  2.49999999e+00  4.03936486e-07 
 3.99450000e-09  3.99450000e-09  0.00000000e+00  2.49999999e+00 -4.06568792e-07 
 3.99550000e-09  3.99550000e-09  0.00000000e+00  2.49999999e+00  4.04006417e-07 
 3.99650000e-09  3.99650000e-09  0.00000000e+00  2.49999999e+00 -4.06500730e-07 
 3.99750000e-09  3.99750000e-09  0.00000000e+00  2.49999999e+00  4.04072659e-07 
 3.99850000e-09  3.99850000e-09  0.00000000e+00  2.49999999e+00 -4.06436259e-07 
 3.99950000e-09  3.99950000e-09  0.00000000e+00  2.49999999e+00  4.04135408e-07 
 4.00050000e-09  4.00050000e-09  0.00000000e+00  2.49999999e+00 -4.06375188e-07 
 4.00150000e-09  4.00150000e-09  0.00000000e+00  2.49999999e+00  4.04194847e-07 
 4.00250000e-09  4.00250000e-09  0.00000000e+00  2.49999999e+00 -4.06317338e-07 
 4.00350000e-09  4.00350000e-09  0.00000000e+00  2.49999999e+00  4.04251151e-07 
 4.00450000e-09  4.00450000e-09  0.00000000e+00  2.49999999e+00 -4.06262538e-07 
 4.00550000e-09  4.00550000e-09  0.00000000e+00  2.49999999e+00  4.04304485e-07 
 4.00650000e-09  4.00650000e-09  0.00000000e+00  2.49999999e+00 -4.06210630e-07 
 4.00750000e-09  4.00750000e-09  0.00000000e+00  2.49999999e+00  4.04355006e-07 
 4.00850000e-09  4.00850000e-09  0.00000000e+00  2.49999999e+00 -4.06161458e-07 
 4.00950000e-09  4.00950000e-09  0.00000000e+00  2.49999999e+00  4.04402864e-07 
 4.01050000e-09  4.01050000e-09  0.00000000e+00  2.49999999e+00 -4.06114880e-07 
 4.01150000e-09  4.01150000e-09  0.00000000e+00  2.49999999e+00  4.04448197e-07 
 4.01250000e-09  4.01250000e-09  0.00000000e+00  2.49999999e+00 -4.06070758e-07 
 4.01350000e-09  4.01350000e-09  0.00000000e+00  2.49999999e+00  4.04491140e-07 
 4.01450000e-09  4.01450000e-09  0.00000000e+00  2.50000000e+00 -4.06028963e-07 
 4.01550000e-09  4.01550000e-09  0.00000000e+00  2.50000000e+00  4.04531818e-07 
 4.01650000e-09  4.01650000e-09  0.00000000e+00  2.50000000e+00 -4.05989371e-07 
 4.01750000e-09  4.01750000e-09  0.00000000e+00  2.50000000e+00  4.04570351e-07 
 4.01850000e-09  4.01850000e-09  0.00000000e+00  2.50000000e+00 -4.05951868e-07 
 4.01950000e-09  4.01950000e-09  0.00000000e+00  2.50000000e+00  4.04606852e-07 
 4.02050000e-09  4.02050000e-09  0.00000000e+00  2.50000000e+00 -4.05916342e-07 
 4.02150000e-09  4.02150000e-09  0.00000000e+00  2.50000000e+00  4.04641429e-07 
 4.02250000e-09  4.02250000e-09  0.00000000e+00  2.50000000e+00 -4.05882689e-07 
 4.02350000e-09  4.02350000e-09  0.00000000e+00  2.50000000e+00  4.04674182e-07 
 4.02450000e-09  4.02450000e-09  0.00000000e+00  2.50000000e+00 -4.05850812e-07 
 4.02550000e-09  4.02550000e-09  0.00000000e+00  2.50000000e+00  4.04705209e-07 
 4.02650000e-09  4.02650000e-09  0.00000000e+00  2.50000000e+00 -4.05820614e-07 
 4.02750000e-09  4.02750000e-09  0.00000000e+00  2.50000000e+00  4.04734599e-07 
 4.02850000e-09  4.02850000e-09  0.00000000e+00  2.50000000e+00 -4.05792009e-07 
 4.02950000e-09  4.02950000e-09  0.00000000e+00  2.50000000e+00  4.04762440e-07 
 4.03050000e-09  4.03050000e-09  0.00000000e+00  2.50000000e+00 -4.05764912e-07 
 4.03150000e-09  4.03150000e-09  0.00000000e+00  2.50000000e+00  4.04788813e-07 
 4.03250000e-09  4.03250000e-09  0.00000000e+00  2.50000000e+00 -4.05739244e-07 
 4.03350000e-09  4.03350000e-09  0.00000000e+00  2.50000000e+00  4.04813796e-07 
 4.03450000e-09  4.03450000e-09  0.00000000e+00  2.50000000e+00 -4.05714929e-07 
 4.03550000e-09  4.03550000e-09  0.00000000e+00  2.50000000e+00  4.04837461e-07 
 4.03650000e-09  4.03650000e-09  0.00000000e+00  2.50000000e+00 -4.05691896e-07 
 4.03750000e-09  4.03750000e-09  0.00000000e+00  2.50000000e+00  4.04859879e-07 
 4.03850000e-09  4.03850000e-09  0.00000000e+00  2.50000000e+00 -4.05670077e-07 
 4.03950000e-09  4.03950000e-09  0.00000000e+00  2.50000000e+00  4.04881115e-07 
 4.04050000e-09  4.04050000e-09  0.00000000e+00  2.50000000e+00 -4.05649408e-07 
 4.04150000e-09  4.04150000e-09  0.00000000e+00  2.50000000e+00  4.04901231e-07 
 4.04250000e-09  4.04250000e-09  0.00000000e+00  2.50000000e+00 -4.05629829e-07 
 4.04350000e-09  4.04350000e-09  0.00000000e+00  2.50000000e+00  4.04920287e-07 
 4.04450000e-09  4.04450000e-09  0.00000000e+00  2.50000000e+00 -4.05611282e-07 
 4.04550000e-09  4.04550000e-09  0.00000000e+00  2.50000000e+00  4.04938339e-07 
 4.04650000e-09  4.04650000e-09  0.00000000e+00  2.50000000e+00 -4.05593713e-07 
 4.04750000e-09  4.04750000e-09  0.00000000e+00  2.50000000e+00  4.04955439e-07 
 4.04850000e-09  4.04850000e-09  0.00000000e+00  2.50000000e+00 -4.05577069e-07 
 4.04950000e-09  4.04950000e-09  0.00000000e+00  2.50000000e+00  4.04971637e-07 
 4.05050000e-09  4.05050000e-09  0.00000000e+00  2.50000000e+00 -4.05561303e-07 
 4.05150000e-09  4.05150000e-09  0.00000000e+00  2.50000000e+00  4.04986982e-07 
 4.05250000e-09  4.05250000e-09  0.00000000e+00  2.50000000e+00 -4.05546369e-07 
 4.05350000e-09  4.05350000e-09  0.00000000e+00  2.50000000e+00  4.05001518e-07 
 4.05450000e-09  4.05450000e-09  0.00000000e+00  2.50000000e+00 -4.05532221e-07 
 4.05550000e-09  4.05550000e-09  0.00000000e+00  2.50000000e+00  4.05015287e-07 
 4.05650000e-09  4.05650000e-09  0.00000000e+00  2.50000000e+00 -4.05518819e-07 
 4.05750000e-09  4.05750000e-09  0.00000000e+00  2.50000000e+00  4.05028331e-07 
 4.05850000e-09  4.05850000e-09  0.00000000e+00  2.50000000e+00 -4.05506124e-07 
 4.05950000e-09  4.05950000e-09  0.00000000e+00  2.50000000e+00  4.05040688e-07 
 4.06050000e-09  4.06050000e-09  0.00000000e+00  2.50000000e+00 -4.05494097e-07 
 4.06150000e-09  4.06150000e-09  0.00000000e+00  2.50000000e+00  4.05052393e-07 
 4.06250000e-09  4.06250000e-09  0.00000000e+00  2.50000000e+00 -4.05482705e-07 
 4.06350000e-09  4.06350000e-09  0.00000000e+00  2.50000000e+00  4.05063481e-07 
 4.06450000e-09  4.06450000e-09  0.00000000e+00  2.50000000e+00 -4.05471913e-07 
 4.06550000e-09  4.06550000e-09  0.00000000e+00  2.50000000e+00  4.05073985e-07 
 4.06650000e-09  4.06650000e-09  0.00000000e+00  2.50000000e+00 -4.05461689e-07 
 4.06750000e-09  4.06750000e-09  0.00000000e+00  2.50000000e+00  4.05083935e-07 
 4.06850000e-09  4.06850000e-09  0.00000000e+00  2.50000000e+00 -4.05452005e-07 
 4.06950000e-09  4.06950000e-09  0.00000000e+00  2.50000000e+00  4.05093360e-07 
 4.07050000e-09  4.07050000e-09  0.00000000e+00  2.50000000e+00 -4.05442831e-07 
 4.07150000e-09  4.07150000e-09  0.00000000e+00  2.50000000e+00  4.05102289e-07 
 4.07250000e-09  4.07250000e-09  0.00000000e+00  2.50000000e+00 -4.05434141e-07 
 4.07350000e-09  4.07350000e-09  0.00000000e+00  2.50000000e+00  4.05110747e-07 
 4.07450000e-09  4.07450000e-09  0.00000000e+00  2.50000000e+00 -4.05425908e-07 
 4.07550000e-09  4.07550000e-09  0.00000000e+00  2.50000000e+00  4.05118760e-07 
 4.07650000e-09  4.07650000e-09  0.00000000e+00  2.50000000e+00 -4.05418109e-07 
 4.07750000e-09  4.07750000e-09  0.00000000e+00  2.50000000e+00  4.05126351e-07 
 4.07850000e-09  4.07850000e-09  0.00000000e+00  2.50000000e+00 -4.05410722e-07 
 4.07950000e-09  4.07950000e-09  0.00000000e+00  2.50000000e+00  4.05133541e-07 
 4.08050000e-09  4.08050000e-09  0.00000000e+00  2.50000000e+00 -4.05403724e-07 
 4.08150000e-09  4.08150000e-09  0.00000000e+00  2.50000000e+00  4.05140352e-07 
 4.08250000e-09  4.08250000e-09  0.00000000e+00  2.50000000e+00 -4.05397094e-07 
 4.08350000e-09  4.08350000e-09  0.00000000e+00  2.50000000e+00  4.05146805e-07 
 4.08450000e-09  4.08450000e-09  0.00000000e+00  2.50000000e+00 -4.05390814e-07 
 4.08550000e-09  4.08550000e-09  0.00000000e+00  2.50000000e+00  4.05152918e-07 
 4.08650000e-09  4.08650000e-09  0.00000000e+00  2.50000000e+00 -4.05384864e-07 
 4.08750000e-09  4.08750000e-09  0.00000000e+00  2.50000000e+00  4.05158708e-07 
 4.08850000e-09  4.08850000e-09  0.00000000e+00  2.50000000e+00 -4.05379229e-07 
 4.08950000e-09  4.08950000e-09  0.00000000e+00  2.50000000e+00  4.05164193e-07 
 4.09050000e-09  4.09050000e-09  0.00000000e+00  2.50000000e+00 -4.05373890e-07 
 4.09150000e-09  4.09150000e-09  0.00000000e+00  2.50000000e+00  4.05169389e-07 
 4.09250000e-09  4.09250000e-09  0.00000000e+00  2.50000000e+00 -4.05368833e-07 
 4.09350000e-09  4.09350000e-09  0.00000000e+00  2.50000000e+00  4.05174312e-07 
 4.09450000e-09  4.09450000e-09  0.00000000e+00  2.50000000e+00 -4.05364041e-07 
 4.09550000e-09  4.09550000e-09  0.00000000e+00  2.50000000e+00  4.05178975e-07 
 4.09650000e-09  4.09650000e-09  0.00000000e+00  2.50000000e+00 -4.05359502e-07 
 4.09750000e-09  4.09750000e-09  0.00000000e+00  2.50000000e+00  4.05183392e-07 
 4.09850000e-09  4.09850000e-09  0.00000000e+00  2.50000000e+00 -4.05355203e-07 
 4.09950000e-09  4.09950000e-09  0.00000000e+00  2.50000000e+00  4.05187577e-07 
 4.10050000e-09  4.10050000e-09  0.00000000e+00  2.50000000e+00 -4.05351130e-07 
 4.10150000e-09  4.10150000e-09  0.00000000e+00  2.50000000e+00  4.05191541e-07 
 4.10250000e-09  4.10250000e-09  0.00000000e+00  2.50000000e+00 -4.05347272e-07 
 4.10350000e-09  4.10350000e-09  0.00000000e+00  2.50000000e+00  4.05195296e-07 
 4.10450000e-09  4.10450000e-09  0.00000000e+00  2.50000000e+00 -4.05343617e-07 
 4.10550000e-09  4.10550000e-09  0.00000000e+00  2.50000000e+00  4.05198853e-07 
 4.10650000e-09  4.10650000e-09  0.00000000e+00  2.50000000e+00 -4.05340155e-07 
 4.10750000e-09  4.10750000e-09  0.00000000e+00  2.50000000e+00  4.05202223e-07 
 4.10850000e-09  4.10850000e-09  0.00000000e+00  2.50000000e+00 -4.05336875e-07 
 4.10950000e-09  4.10950000e-09  0.00000000e+00  2.50000000e+00  4.05205416e-07 
 4.11050000e-09  4.11050000e-09  0.00000000e+00  2.50000000e+00 -4.05333768e-07 
 4.11150000e-09  4.11150000e-09  0.00000000e+00  2.50000000e+00  4.05208440e-07 
 4.11250000e-09  4.11250000e-09  0.00000000e+00  2.50000000e+00 -4.05330824e-07 
 4.11350000e-09  4.11350000e-09  0.00000000e+00  2.50000000e+00  4.05211305e-07 
 4.11450000e-09  4.11450000e-09  0.00000000e+00  2.50000000e+00 -4.05328036e-07 
 4.11550000e-09  4.11550000e-09  0.00000000e+00  2.50000000e+00  4.05214019e-07 
 4.11650000e-09  4.11650000e-09  0.00000000e+00  2.50000000e+00 -4.05325395e-07 
 4.11750000e-09  4.11750000e-09  0.00000000e+00  2.50000000e+00  4.05216590e-07 
 4.11850000e-09  4.11850000e-09  0.00000000e+00  2.50000000e+00 -4.05322892e-07 
 4.11950000e-09  4.11950000e-09  0.00000000e+00  2.50000000e+00  4.05219026e-07 
 4.12050000e-09  4.12050000e-09  0.00000000e+00  2.50000000e+00 -4.05320522e-07 
 4.12150000e-09  4.12150000e-09  0.00000000e+00  2.50000000e+00  4.05221333e-07 
 4.12250000e-09  4.12250000e-09  0.00000000e+00  2.50000000e+00 -4.05318276e-07 
 4.12350000e-09  4.12350000e-09  0.00000000e+00  2.50000000e+00  4.05223518e-07 
 4.12450000e-09  4.12450000e-09  0.00000000e+00  2.50000000e+00 -4.05316149e-07 
 4.12550000e-09  4.12550000e-09  0.00000000e+00  2.50000000e+00  4.05225589e-07 
 4.12650000e-09  4.12650000e-09  0.00000000e+00  2.50000000e+00 -4.05314134e-07 
 4.12750000e-09  4.12750000e-09  0.00000000e+00  2.50000000e+00  4.05227550e-07 
 4.12850000e-09  4.12850000e-09  0.00000000e+00  2.50000000e+00 -4.05312225e-07 
 4.12950000e-09  4.12950000e-09  0.00000000e+00  2.50000000e+00  4.05229408e-07 
 4.13050000e-09  4.13050000e-09  0.00000000e+00  2.50000000e+00 -4.05310416e-07 
 4.13150000e-09  4.13150000e-09  0.00000000e+00  2.50000000e+00  4.05231169e-07 
 4.13250000e-09  4.13250000e-09  0.00000000e+00  2.50000000e+00 -4.05308703e-07 
 4.13350000e-09  4.13350000e-09  0.00000000e+00  2.50000000e+00  4.05232836e-07 
 4.13450000e-09  4.13450000e-09  0.00000000e+00  2.50000000e+00 -4.05307080e-07 
 4.13550000e-09  4.13550000e-09  0.00000000e+00  2.50000000e+00  4.05234416e-07 
 4.13650000e-09  4.13650000e-09  0.00000000e+00  2.50000000e+00 -4.05305542e-07 
 4.13750000e-09  4.13750000e-09  0.00000000e+00  2.50000000e+00  4.05235912e-07 
 4.13850000e-09  4.13850000e-09  0.00000000e+00  2.50000000e+00 -4.05304086e-07 
 4.13950000e-09  4.13950000e-09  0.00000000e+00  2.50000000e+00  4.05237330e-07 
 4.14050000e-09  4.14050000e-09  0.00000000e+00  2.50000000e+00 -4.05302706e-07 
 4.14150000e-09  4.14150000e-09  0.00000000e+00  2.50000000e+00  4.05238673e-07 
 4.14250000e-09  4.14250000e-09  0.00000000e+00  2.50000000e+00 -4.05301399e-07 
 4.14350000e-09  4.14350000e-09  0.00000000e+00  2.50000000e+00  4.05239945e-07 
 4.14450000e-09  4.14450000e-09  0.00000000e+00  2.50000000e+00 -4.05300161e-07 
 4.14550000e-09  4.14550000e-09  0.00000000e+00  2.50000000e+00  4.05241150e-07 
 4.14650000e-09  4.14650000e-09  0.00000000e+00  2.50000000e+00 -4.05298987e-07 
 4.14750000e-09  4.14750000e-09  0.00000000e+00  2.50000000e+00  4.05242292e-07 
 4.14850000e-09  4.14850000e-09  0.00000000e+00  2.50000000e+00 -4.05297876e-07 
 4.14950000e-09  4.14950000e-09  0.00000000e+00  2.50000000e+00  4.05243373e-07 
 4.15050000e-09  4.15050000e-09  0.00000000e+00  2.50000000e+00 -4.05296823e-07 
 4.15150000e-09  4.15150000e-09  0.00000000e+00  2.50000000e+00  4.05244398e-07 
 4.15250000e-09  4.15250000e-09  0.00000000e+00  2.50000000e+00 -4.05295826e-07 
 4.15350000e-09  4.15350000e-09  0.00000000e+00  2.50000000e+00  4.05245369e-07 
 4.15450000e-09  4.15450000e-09  0.00000000e+00  2.50000000e+00 -4.05294882e-07 
 4.15550000e-09  4.15550000e-09  0.00000000e+00  2.50000000e+00  4.05246288e-07 
 4.15650000e-09  4.15650000e-09  0.00000000e+00  2.50000000e+00 -4.05293986e-07 
 4.15750000e-09  4.15750000e-09  0.00000000e+00  2.50000000e+00  4.05247159e-07 
 4.15850000e-09  4.15850000e-09  0.00000000e+00  2.50000000e+00 -4.05293139e-07 
 4.15950000e-09  4.15950000e-09  0.00000000e+00  2.50000000e+00  4.05247985e-07 
 4.16050000e-09  4.16050000e-09  0.00000000e+00  2.50000000e+00 -4.05292336e-07 
 4.16150000e-09  4.16150000e-09  0.00000000e+00  2.50000000e+00  4.05248766e-07 
 4.16250000e-09  4.16250000e-09  0.00000000e+00  2.50000000e+00 -4.05291575e-07 
 4.16350000e-09  4.16350000e-09  0.00000000e+00  2.50000000e+00  4.05249507e-07 
 4.16450000e-09  4.16450000e-09  0.00000000e+00  2.50000000e+00 -4.05290854e-07 
 4.16550000e-09  4.16550000e-09  0.00000000e+00  2.50000000e+00  4.05250208e-07 
 4.16650000e-09  4.16650000e-09  0.00000000e+00  2.50000000e+00 -4.05290171e-07 
 4.16750000e-09  4.16750000e-09  0.00000000e+00  2.50000000e+00  4.05250873e-07 
 4.16850000e-09  4.16850000e-09  0.00000000e+00  2.50000000e+00 -4.05289525e-07 
 4.16950000e-09  4.16950000e-09  0.00000000e+00  2.50000000e+00  4.05251502e-07 
 4.17050000e-09  4.17050000e-09  0.00000000e+00  2.50000000e+00 -4.05288912e-07 
 4.17150000e-09  4.17150000e-09  0.00000000e+00  2.50000000e+00  4.05252099e-07 
 4.17250000e-09  4.17250000e-09  0.00000000e+00  2.50000000e+00 -4.05288331e-07 
 4.17350000e-09  4.17350000e-09  0.00000000e+00  2.50000000e+00  4.05252664e-07 
 4.17450000e-09  4.17450000e-09  0.00000000e+00  2.50000000e+00 -4.05287781e-07 
 4.17550000e-09  4.17550000e-09  0.00000000e+00  2.50000000e+00  4.05253199e-07 
 4.17650000e-09  4.17650000e-09  0.00000000e+00  2.50000000e+00 -4.05287260e-07 
 4.17750000e-09  4.17750000e-09  0.00000000e+00  2.50000000e+00  4.05253706e-07 
 4.17850000e-09  4.17850000e-09  0.00000000e+00  2.50000000e+00 -4.05286766e-07 
 4.17950000e-09  4.17950000e-09  0.00000000e+00  2.50000000e+00  4.05254187e-07 
 4.18050000e-09  4.18050000e-09  0.00000000e+00  2.50000000e+00 -4.05286299e-07 
 4.18150000e-09  4.18150000e-09  0.00000000e+00  2.50000000e+00  4.05254642e-07 
 4.18250000e-09  4.18250000e-09  0.00000000e+00  2.50000000e+00 -4.05285856e-07 
 4.18350000e-09  4.18350000e-09  0.00000000e+00  2.50000000e+00  4.05255073e-07 
 4.18450000e-09  4.18450000e-09  0.00000000e+00  2.50000000e+00 -4.05285437e-07 
 4.18550000e-09  4.18550000e-09  0.00000000e+00  2.50000000e+00  4.05255481e-07 
 4.18650000e-09  4.18650000e-09  0.00000000e+00  2.50000000e+00 -4.05285039e-07 
 4.18750000e-09  4.18750000e-09  0.00000000e+00  2.50000000e+00  4.05255868e-07 
 4.18850000e-09  4.18850000e-09  0.00000000e+00  2.50000000e+00 -4.05284662e-07 
 4.18950000e-09  4.18950000e-09  0.00000000e+00  2.50000000e+00  4.05256234e-07 
 4.19050000e-09  4.19050000e-09  0.00000000e+00  2.50000000e+00 -4.05284306e-07 
 4.19150000e-09  4.19150000e-09  0.00000000e+00  2.50000000e+00  4.05256582e-07 
 4.19250000e-09  4.19250000e-09  0.00000000e+00  2.50000000e+00 -4.05283967e-07 
 4.19350000e-09  4.19350000e-09  0.00000000e+00  2.50000000e+00  4.05256911e-07 
 4.19450000e-09  4.19450000e-09  0.00000000e+00  2.50000000e+00 -4.05283648e-07 
 4.19550000e-09  4.19550000e-09  0.00000000e+00  2.50000000e+00  4.05257223e-07 
 4.19650000e-09  4.19650000e-09  0.00000000e+00  2.50000000e+00 -4.05283344e-07 
 4.19750000e-09  4.19750000e-09  0.00000000e+00  2.50000000e+00  4.05257518e-07 
 4.19850000e-09  4.19850000e-09  0.00000000e+00  2.50000000e+00 -4.05283057e-07 
 4.19925000e-09  4.19925000e-09  0.00000000e+00  2.50000000e+00  4.05257763e-07 
 4.20000000e-09  4.20000000e-09  0.00000000e+00  2.50000000e+00 -4.05282851e-07 
 4.20010000e-09  4.20010000e-09  1.25000000e-02  2.50000450e+00  7.13299986e-04 
 4.20030000e-09  4.20030000e-09  3.75000000e-02  2.50001338e+00  7.15082891e-04 
 4.20070000e-09  4.20070000e-09  8.75000000e-02  2.50003034e+00  7.18141095e-04 
 4.20150000e-09  4.20150000e-09  1.87500000e-01  2.50006134e+00  7.23976608e-04 
 4.20250000e-09  4.20250000e-09  3.12500000e-01  2.50009510e+00  7.29907227e-04 
 4.20350000e-09  4.20350000e-09  4.37500000e-01  2.50012395e+00  7.34942747e-04 
 4.20450000e-09  4.20450000e-09  5.62500000e-01  2.50014814e+00  7.32953531e-04 
 4.20550000e-09  4.20550000e-09  6.87500000e-01  2.50016718e+00  7.19688516e-04 
 4.20650000e-09  4.20650000e-09  8.12500000e-01  2.50018039e+00  6.94528854e-04 
 4.20750000e-09  4.20750000e-09  9.37500000e-01  2.50018719e+00  6.57840174e-04 
 4.20850000e-09  4.20850000e-09  1.06250000e+00  2.50018709e+00  6.09148369e-04 
 4.20950000e-09  4.20950000e-09  1.18750000e+00  2.50017968e+00  5.48980374e-04 
 4.21050000e-09  4.21050000e-09  1.31250000e+00  2.50016456e+00  4.77034552e-04 
 4.21150000e-09  4.21150000e-09  1.43750000e+00  2.50014139e+00  3.94024340e-04 
 4.21250000e-09  4.21250000e-09  1.56250000e+00  2.50010977e+00  2.99848990e-04 
 4.21350000e-09  4.21350000e-09  1.68750000e+00  2.50006929e+00  1.95423452e-04 
 4.21450000e-09  4.21450000e-09  1.81250000e+00  2.50001951e+00  8.07587570e-05 
 4.21550000e-09  4.21550000e-09  1.93750000e+00  2.49995998e+00 -4.39356517e-05 
 4.21650000e-09  4.21650000e-09  2.06250000e+00  2.49989213e+00 -2.23731270e-04 
 4.21750000e-09  4.21750000e-09  2.18750000e+00  2.49980586e+00 -3.84332276e-04 
 4.21850000e-09  4.21850000e-09  2.31250000e+00  2.49968664e+00 -6.36640702e-04 
 4.21925000e-09  4.21925000e-09  2.40625000e+00  2.49957839e+00 -7.43235332e-04 
 4.22000000e-09  4.22000000e-09  2.50000000e+00  2.49945995e+00 -7.57110514e-04 
 4.22010000e-09  4.22010000e-09  2.50000000e+00  2.49944180e+00 -1.40664241e-03 
 4.22030000e-09  4.22030000e-09  2.50000000e+00  2.49940560e+00 -1.39653094e-03 
 4.22070000e-09  4.22070000e-09  2.50000000e+00  2.49933436e+00 -1.38661913e-03 
 4.22150000e-09  4.22150000e-09  2.50000000e+00  2.49919721e+00 -1.36339138e-03 
 4.22250000e-09  4.22250000e-09  2.50000000e+00  2.49904215e+00 -1.38408415e-03 
 4.22350000e-09  4.22350000e-09  2.50000000e+00  2.49890905e+00 -1.39579007e-03 
 4.22450000e-09  4.22450000e-09  2.50000000e+00  2.49879540e+00 -1.41272193e-03 
 4.22550000e-09  4.22550000e-09  2.50000000e+00  2.49869900e+00 -1.42133084e-03 
 4.22650000e-09  4.22650000e-09  2.50000000e+00  2.49861788e+00 -1.43550536e-03 
 4.22750000e-09  4.22750000e-09  2.50000000e+00  2.49855026e+00 -1.44166138e-03 
 4.22850000e-09  4.22850000e-09  2.50000000e+00  2.49849439e+00 -1.45214627e-03 
 4.22950000e-09  4.22950000e-09  2.50000000e+00  2.49844882e+00 -1.44888262e-03 
 4.23050000e-09  4.23050000e-09  2.50000000e+00  2.49841454e+00 -1.45754753e-03 
 4.23150000e-09  4.23150000e-09  2.50000000e+00  2.49839441e+00 -1.46402440e-03 
 4.23250000e-09  4.23250000e-09  2.50000000e+00  2.49839087e+00 -1.48198243e-03 
 4.23350000e-09  4.23350000e-09  2.50000000e+00  2.49840608e+00 -1.49729030e-03 
 4.23450000e-09  4.23450000e-09  2.50000000e+00  2.49844188e+00 -1.52360786e-03 
 4.23550000e-09  4.23550000e-09  2.50000000e+00  2.49849983e+00 -1.54679374e-03 
 4.23650000e-09  4.23650000e-09  2.50000000e+00  2.49858124e+00 -1.58049744e-03 
 4.23750000e-09  4.23750000e-09  2.50000000e+00  2.49868718e+00 -1.61056743e-03 
 4.23850000e-09  4.23850000e-09  2.50000000e+00  2.49881850e+00 -1.65064351e-03 
 4.23950000e-09  4.23950000e-09  2.50000000e+00  2.49897589e+00 -1.68656512e-03 
 4.24050000e-09  4.24050000e-09  2.50000000e+00  2.49915983e+00 -1.73196404e-03 
 4.24150000e-09  4.24150000e-09  2.50000000e+00  2.49937068e+00 -1.77267280e-03 
 4.24250000e-09  4.24250000e-09  2.50000000e+00  2.49960862e+00 -1.82231744e-03 
 4.24350000e-09  4.24350000e-09  2.50000000e+00  2.49987375e+00 -1.86672614e-03 
 4.24450000e-09  4.24450000e-09  2.50000000e+00  2.50016605e+00 -1.91952133e-03 
 4.24550000e-09  4.24550000e-09  2.50000000e+00  2.50048540e+00 -1.96652642e-03 
 4.24650000e-09  4.24650000e-09  2.50000000e+00  2.50083160e+00 -2.02136302e-03 
 4.24750000e-09  4.24750000e-09  2.50000000e+00  2.50120441e+00 -2.06985786e-03 
 4.24850000e-09  4.24850000e-09  2.50000000e+00  2.50160350e+00 -2.12563512e-03 
 4.24950000e-09  4.24950000e-09  2.50000000e+00  2.50202855e+00 -2.17453105e-03 
 4.25050000e-09  4.25050000e-09  2.50000000e+00  2.50247914e+00 -2.23020080e-03 
 4.25150000e-09  4.25150000e-09  2.50000000e+00  2.50295486e+00 -2.27849294e-03 
 4.25250000e-09  4.25250000e-09  2.50000000e+00  2.50345528e+00 -2.33305501e-03 
 4.25350000e-09  4.25350000e-09  2.50000000e+00  2.50397996e+00 -2.37974365e-03 
 4.25450000e-09  4.25450000e-09  2.50000000e+00  2.50452845e+00 -2.43221696e-03 
 4.25550000e-09  4.25550000e-09  2.50000000e+00  2.50510036e+00 -2.47634271e-03 
 4.25650000e-09  4.25650000e-09  2.50000000e+00  2.50569528e+00 -2.52579055e-03 
 4.25750000e-09  4.25750000e-09  2.50000000e+00  2.50631284e+00 -2.56644012e-03 
 4.25850000e-09  4.25850000e-09  2.50000000e+00  2.50695272e+00 -2.61197317e-03 
 4.25950000e-09  4.25950000e-09  2.50000000e+00  2.50761465e+00 -2.64828158e-03 
 4.26050000e-09  4.26050000e-09  2.50000000e+00  2.50829840e+00 -2.68905940e-03 
 4.26150000e-09  4.26150000e-09  2.50000000e+00  2.50900381e+00 -2.72021090e-03 
 4.26250000e-09  4.26250000e-09  2.50000000e+00  2.50973080e+00 -2.75544265e-03 
 4.26350000e-09  4.26350000e-09  2.50000000e+00  2.51047936e+00 -2.78067174e-03 
 4.26450000e-09  4.26450000e-09  2.50000000e+00  2.51124959e+00 -2.80961822e-03 
 4.26550000e-09  4.26550000e-09  2.50000000e+00  2.51204171e+00 -2.82821394e-03 
 4.26650000e-09  4.26650000e-09  2.50000000e+00  2.51285591e+00 -2.85051369e-03 
 4.26750000e-09  4.26750000e-09  2.50000000e+00  2.51368789e+00 -2.87340869e-03 
 4.26850000e-09  4.26850000e-09  2.50000000e+00  2.51453323e+00 -2.90201613e-03 
 4.26950000e-09  4.26950000e-09  2.50000000e+00  2.51539232e+00 -2.92163318e-03 
 4.27050000e-09  4.27050000e-09  2.50000000e+00  2.51626581e+00 -2.94707287e-03 
 4.27150000e-09  4.27150000e-09  2.50000000e+00  2.51715467e+00 -2.96378360e-03 
 4.27250000e-09  4.27250000e-09  2.50000000e+00  2.51806038e+00 -2.98685668e-03 
 4.27350000e-09  4.27350000e-09  2.50000000e+00  2.51898527e+00 -3.00227981e-03 
 4.27450000e-09  4.27450000e-09  2.50000000e+00  2.51993321e+00 -3.02632191e-03 
 4.27550000e-09  4.27550000e-09  2.50000000e+00  2.52091144e+00 -3.04829584e-03 
 4.27650000e-09  4.27650000e-09  2.50000000e+00  2.52191673e+00 -3.06803628e-03 
 4.27750000e-09  4.27750000e-09  2.50000000e+00  2.52293897e+00 -3.07971811e-03 
 4.27850000e-09  4.27850000e-09  2.50000000e+00  2.52397538e+00 -3.09977732e-03 
 4.27950000e-09  4.27950000e-09  2.50000000e+00  2.52502380e+00 -3.11242514e-03 
 4.28050000e-09  4.28050000e-09  2.50000000e+00  2.52608232e+00 -3.13361768e-03 
 4.28150000e-09  4.28150000e-09  2.50000000e+00  2.52714931e+00 -3.14753790e-03 
 4.28250000e-09  4.28250000e-09  2.50000000e+00  2.52822332e+00 -3.17011762e-03 
 4.28350000e-09  4.28350000e-09  2.50000000e+00  2.52930312e+00 -3.18551828e-03 
 4.28450000e-09  4.28450000e-09  2.50000000e+00  2.53038768e+00 -3.20965275e-03 
 4.28550000e-09  4.28550000e-09  2.50000000e+00  2.53147621e+00 -3.22644526e-03 
 4.28650000e-09  4.28650000e-09  2.50000000e+00  2.53256693e+00 -3.24526719e-03 
 4.28750000e-09  4.28750000e-09  2.50000000e+00  2.53364964e+00 -3.25852004e-03 
 4.28850000e-09  4.28850000e-09  2.50000000e+00  2.53470693e+00 -3.28346649e-03 
 4.28950000e-09  4.28950000e-09  2.50000000e+00  2.53572168e+00 -3.30508929e-03 
 4.29050000e-09  4.29050000e-09  2.50000000e+00  2.53667703e+00 -3.34050389e-03 
 4.29150000e-09  4.29150000e-09  2.50000000e+00  2.53755642e+00 -3.37454477e-03 
 4.29250000e-09  4.29250000e-09  2.50000000e+00  2.53834792e+00 -3.42160372e-03 
 4.29350000e-09  4.29350000e-09  2.50000000e+00  2.53903079e+00 -3.47365966e-03 
 4.29450000e-09  4.29450000e-09  2.50000000e+00  2.53958484e+00 -3.54099659e-03 
 4.29550000e-09  4.29550000e-09  2.50000000e+00  2.53999930e+00 -3.60970113e-03 
 4.29650000e-09  4.29650000e-09  2.50000000e+00  2.54025890e+00 -3.69646397e-03 
 4.29750000e-09  4.29750000e-09  2.50000000e+00  2.54034851e+00 -3.78565696e-03 
 4.29850000e-09  4.29850000e-09  2.50000000e+00  2.54025307e+00 -3.89382252e-03 
 4.29950000e-09  4.29950000e-09  2.50000000e+00  2.53995760e+00 -4.00518249e-03 
 4.30050000e-09  4.30050000e-09  2.50000000e+00  2.53944720e+00 -4.13612780e-03 
 4.30150000e-09  4.30150000e-09  2.50000000e+00  2.53870699e+00 -4.27072729e-03 
 4.30250000e-09  4.30250000e-09  2.50000000e+00  2.53771877e+00 -4.41912646e-03 
 4.30350000e-09  4.30350000e-09  2.50000000e+00  2.53646266e+00 -4.56535898e-03 
 4.30450000e-09  4.30450000e-09  2.50000000e+00  2.53492165e+00 -4.72691351e-03 
 4.30550000e-09  4.30550000e-09  2.50000000e+00  2.53308042e+00 -4.88801403e-03 
 4.30650000e-09  4.30650000e-09  2.50000000e+00  2.53092448e+00 -5.06486153e-03 
 4.30750000e-09  4.30750000e-09  2.50000000e+00  2.52844017e+00 -5.24137414e-03 
 4.30850000e-09  4.30850000e-09  2.50000000e+00  2.52561455e+00 -5.43346895e-03 
 4.30950000e-09  4.30950000e-09  2.50000000e+00  2.52243540e+00 -5.62480501e-03 
 4.31050000e-09  4.31050000e-09  2.50000000e+00  2.51889115e+00 -5.83106234e-03 
 4.31150000e-09  4.31150000e-09  2.50000000e+00  2.51497082e+00 -6.03568262e-03 
 4.31250000e-09  4.31250000e-09  2.50000000e+00  2.51066397e+00 -6.25414620e-03 
 4.31350000e-09  4.31350000e-09  2.50000000e+00  2.50596066e+00 -6.46971101e-03 
 4.31450000e-09  4.31450000e-09  2.50000000e+00  2.50085138e+00 -6.69768799e-03 
 4.31550000e-09  4.31550000e-09  2.50000000e+00  2.49532716e+00 -6.92152953e-03 
 4.31650000e-09  4.31650000e-09  2.50000000e+00  2.48937989e+00 -7.15713908e-03 
 4.31750000e-09  4.31750000e-09  2.50000000e+00  2.48300215e+00 -7.38768302e-03 
 4.31850000e-09  4.31850000e-09  2.50000000e+00  2.47618690e+00 -7.62840501e-03 
 4.31950000e-09  4.31950000e-09  2.50000000e+00  2.46892742e+00 -7.86237334e-03 
 4.32050000e-09  4.32050000e-09  2.50000000e+00  2.46121724e+00 -8.10475276e-03 
 4.32150000e-09  4.32150000e-09  2.50000000e+00  2.45305013e+00 -8.33853820e-03 
 4.32250000e-09  4.32250000e-09  2.50000000e+00  2.44441997e+00 -8.57882513e-03 
 4.32350000e-09  4.32350000e-09  2.50000000e+00  2.43532075e+00 -8.80854170e-03 
 4.32450000e-09  4.32450000e-09  2.50000000e+00  2.42574645e+00 -9.04271742e-03 
 4.32550000e-09  4.32550000e-09  2.50000000e+00  2.41569101e+00 -9.26421328e-03 
 4.32650000e-09  4.32650000e-09  2.50000000e+00  2.40514822e+00 -9.48798826e-03 
 4.32750000e-09  4.32750000e-09  2.50000000e+00  2.39411161e+00 -9.69682679e-03 
 4.32850000e-09  4.32850000e-09  2.50000000e+00  2.38257441e+00 -9.90560210e-03 
 4.32950000e-09  4.32950000e-09  2.50000000e+00  2.37052937e+00 -1.00969998e-02 
 4.33050000e-09  4.33050000e-09  2.50000000e+00  2.35796865e+00 -1.02857765e-02 
 4.33150000e-09  4.33150000e-09  2.50000000e+00  2.34488368e+00 -1.04544769e-02 
 4.33250000e-09  4.33250000e-09  2.50000000e+00  2.33126494e+00 -1.06176841e-02 
 4.33350000e-09  4.33350000e-09  2.50000000e+00  2.31710176e+00 -1.07577259e-02 
 4.33450000e-09  4.33450000e-09  2.50000000e+00  2.30238203e+00 -1.08889101e-02 
 4.33550000e-09  4.33550000e-09  2.50000000e+00  2.28709188e+00 -1.09932089e-02 
 4.33650000e-09  4.33650000e-09  2.50000000e+00  2.27121518e+00 -1.10844635e-02 
 4.33750000e-09  4.33750000e-09  2.50000000e+00  2.25473302e+00 -1.11440238e-02 
 4.33850000e-09  4.33850000e-09  2.50000000e+00  2.23762292e+00 -1.11848834e-02 
 4.33950000e-09  4.33950000e-09  2.50000000e+00  2.21985776e+00 -1.11872105e-02 
 4.34050000e-09  4.34050000e-09  2.50000000e+00  2.20140434e+00 -1.11623058e-02 
 4.34150000e-09  4.34150000e-09  2.50000000e+00  2.18222111e+00 -1.10878300e-02 
 4.34250000e-09  4.34250000e-09  2.50000000e+00  2.16225493e+00 -1.09712160e-02 
 4.34350000e-09  4.34350000e-09  2.50000000e+00  2.14143470e+00 -1.07824312e-02 
 4.34450000e-09  4.34450000e-09  2.50000000e+00  2.11966313e+00 -1.05196332e-02 
 4.34550000e-09  4.34550000e-09  2.50000000e+00  2.09679946e+00 -1.01320643e-02 
 4.34650000e-09  4.34650000e-09  2.50000000e+00  2.07261997e+00 -9.56966808e-03 
 4.34750000e-09  4.34750000e-09  2.50000000e+00  2.04681093e+00 -8.78572753e-03 
 4.34850000e-09  4.34850000e-09  2.50000000e+00  2.01947424e+00 -8.44195686e-03 
 4.34950000e-09  4.34950000e-09  2.50000000e+00  1.99094203e+00 -8.16121548e-03 
 4.35050000e-09  4.35050000e-09  2.50000000e+00  1.96125707e+00 -7.85887269e-03 
 4.35150000e-09  4.35150000e-09  2.50000000e+00  1.93046104e+00 -7.61681891e-03 
 4.35250000e-09  4.35250000e-09  2.50000000e+00  1.89859458e+00 -7.35059997e-03 
 4.35350000e-09  4.35350000e-09  2.50000000e+00  1.86569730e+00 -7.14227196e-03 
 4.35450000e-09  4.35450000e-09  2.50000000e+00  1.83180778e+00 -6.90753618e-03 
 4.35550000e-09  4.35550000e-09  2.50000000e+00  1.79696358e+00 -6.72859456e-03 
 4.35650000e-09  4.35650000e-09  2.50000000e+00  1.76120122e+00 -6.52128517e-03 
 4.35750000e-09  4.35750000e-09  2.50000000e+00  1.72455627e+00 -6.36793813e-03 
 4.35850000e-09  4.35850000e-09  2.50000000e+00  1.68706327e+00 -6.18451167e-03 
 4.35950000e-09  4.35950000e-09  2.50000000e+00  1.64875580e+00 -6.05344847e-03 
 4.36050000e-09  4.36050000e-09  2.50000000e+00  1.60966648e+00 -5.89081219e-03 
 4.36150000e-09  4.36150000e-09  2.50000000e+00  1.56982699e+00 -5.77914419e-03 
 4.36250000e-09  4.36250000e-09  2.50000000e+00  1.52926806e+00 -5.63460053e-03 
 4.36350000e-09  4.36350000e-09  2.50000000e+00  1.48801952e+00 -5.53980902e-03 
 4.36450000e-09  4.36450000e-09  2.50000000e+00  1.44611029e+00 -5.41100661e-03 
 4.36550000e-09  4.36550000e-09  2.50000000e+00  1.40362952e+00 -5.39855038e-03 
 4.36650000e-09  4.36650000e-09  2.50000000e+00  1.36075829e+00 -5.38755221e-03 
 4.36750000e-09  4.36750000e-09  2.50000000e+00  1.31767649e+00 -5.40805731e-03 
 4.36850000e-09  4.36850000e-09  2.50000000e+00  1.27452749e+00 -5.37909793e-03 
 4.36950000e-09  4.36950000e-09  2.50000000e+00  1.23144477e+00 -5.38309471e-03 
 4.37050000e-09  4.37050000e-09  2.50000000e+00  1.18855198e+00 -5.33845672e-03 
 4.37150000e-09  4.37150000e-09  2.50000000e+00  1.14596311e+00 -5.32749241e-03 
 4.37250000e-09  4.37250000e-09  2.50000000e+00  1.10378280e+00 -5.26857002e-03 
 4.37350000e-09  4.37350000e-09  2.50000000e+00  1.06210654e+00 -5.24399849e-03 
 4.37450000e-09  4.37450000e-09  2.50000000e+00  1.02102097e+00 -5.17216936e-03 
 4.37550000e-09  4.37550000e-09  2.50000000e+00  9.80604106e-01 -5.13542619e-03 
 4.37650000e-09  4.37650000e-09  2.50000000e+00  9.40925691e-01 -5.05219922e-03 
 4.37750000e-09  4.37750000e-09  2.50000000e+00  9.02047475e-01 -5.00487022e-03 
 4.37850000e-09  4.37850000e-09  2.50000000e+00  8.64023562e-01 -4.91190439e-03 
 4.37950000e-09  4.37950000e-09  2.50000000e+00  8.26900755e-01 -4.85571342e-03 
 4.38050000e-09  4.38050000e-09  2.50000000e+00  7.90718925e-01 -4.75478643e-03 
 4.38150000e-09  4.38150000e-09  2.50000000e+00  7.55511374e-01 -4.69155250e-03 
 4.38250000e-09  4.38250000e-09  2.50000000e+00  7.21305223e-01 -4.58451135e-03 
 4.38350000e-09  4.38350000e-09  2.50000000e+00  6.88121788e-01 -4.51609594e-03 
 4.38450000e-09  4.38450000e-09  2.50000000e+00  6.55976969e-01 -4.40480328e-03 
 4.38550000e-09  4.38550000e-09  2.50000000e+00  6.24881633e-01 -4.33305731e-03 
 4.38650000e-09  4.38650000e-09  2.50000000e+00  5.94841988e-01 -4.21934008e-03 
 4.38750000e-09  4.38750000e-09  2.50000000e+00  5.65859958e-01 -4.14605502e-03 
 4.38850000e-09  4.38850000e-09  2.50000000e+00  5.37933543e-01 -4.03165854e-03 
 4.38950000e-09  4.38950000e-09  2.50000000e+00  5.11057173e-01 -3.95852384e-03 
 4.39050000e-09  4.39050000e-09  2.50000000e+00  4.85222047e-01 -3.84507298e-03 
 4.39150000e-09  4.39150000e-09  2.50000000e+00  4.60416458e-01 -3.77364119e-03 
 4.39250000e-09  4.39250000e-09  2.50000000e+00  4.36626102e-01 -3.66260947e-03 
 4.39350000e-09  4.39350000e-09  2.50000000e+00  4.13834383e-01 -3.59426940e-03 
 4.39450000e-09  4.39450000e-09  2.50000000e+00  3.92022681e-01 -3.48695629e-03 
 4.39550000e-09  4.39550000e-09  2.50000000e+00  3.71170628e-01 -3.42291443e-03 
 4.39650000e-09  4.39650000e-09  2.50000000e+00  3.51247220e-01 -3.31727531e-03 
 4.39750000e-09  4.39750000e-09  2.50000000e+00  3.32238928e-01 -3.26199087e-03 
 4.39850000e-09  4.39850000e-09  2.50000000e+00  3.14130652e-01 -3.16648423e-03 
 4.39950000e-09  4.39950000e-09  2.50000000e+00  2.96886501e-01 -3.11283119e-03 
 4.40050000e-09  4.40050000e-09  2.50000000e+00  2.80478392e-01 -3.01908969e-03 
 4.40150000e-09  4.40150000e-09  2.50000000e+00  2.64877867e-01 -2.96737215e-03 
 4.40250000e-09  4.40250000e-09  2.50000000e+00  2.50056253e-01 -2.87571401e-03 
 4.40350000e-09  4.40350000e-09  2.50000000e+00  2.35984805e-01 -2.82620440e-03 
 4.40450000e-09  4.40450000e-09  2.50000000e+00  2.22634838e-01 -2.73685754e-03 
 4.40550000e-09  4.40550000e-09  2.50000000e+00  2.09977843e-01 -2.68974328e-03 
 4.40650000e-09  4.40650000e-09  2.50000000e+00  1.97985591e-01 -2.60285843e-03 
 4.40750000e-09  4.40750000e-09  2.50000000e+00  1.86630227e-01 -2.55825719e-03 
 4.40850000e-09  4.40850000e-09  2.50000000e+00  1.75884350e-01 -2.47392236e-03 
 4.40950000e-09  4.40950000e-09  2.50000000e+00  1.65721083e-01 -2.43189569e-03 
 4.41050000e-09  4.41050000e-09  2.50000000e+00  1.56114135e-01 -2.35014894e-03 
 4.41150000e-09  4.41150000e-09  2.50000000e+00  1.47037851e-01 -2.31071414e-03 
 4.41250000e-09  4.41250000e-09  2.50000000e+00  1.38467255e-01 -2.23155455e-03 
 4.41350000e-09  4.41350000e-09  2.50000000e+00  1.30378086e-01 -2.19469484e-03 
 4.41450000e-09  4.41450000e-09  2.50000000e+00  1.22746824e-01 -2.11809193e-03 
 4.41550000e-09  4.41550000e-09  2.50000000e+00  1.15550714e-01 -2.08376505e-03 
 4.41650000e-09  4.41650000e-09  2.50000000e+00  1.08767780e-01 -2.00966652e-03 
 4.41750000e-09  4.41750000e-09  2.50000000e+00  1.02376831e-01 -1.97781176e-03 
 4.41850000e-09  4.41850000e-09  2.50000000e+00  9.63574749e-02 -1.90614993e-03 
 4.41950000e-09  4.41950000e-09  2.50000000e+00  9.06901100e-02 -1.87669389e-03 
 4.42050000e-09  4.42050000e-09  2.50000000e+00  8.53559273e-02 -1.80739078e-03 
 4.42150000e-09  4.42150000e-09  2.50000000e+00  8.03369021e-02 -1.78025191e-03 
 4.42250000e-09  4.42250000e-09  2.50000000e+00  7.56157845e-02 -1.71322329e-03 
 4.42350000e-09  4.42350000e-09  2.50000000e+00  7.11760872e-02 -1.68831544e-03 
 4.42450000e-09  4.42450000e-09  2.50000000e+00  6.70020711e-02 -1.62347390e-03 
 4.42550000e-09  4.42550000e-09  2.50000000e+00  6.30787287e-02 -1.60070900e-03 
 4.42650000e-09  4.42650000e-09  2.50000000e+00  5.93917661e-02 -1.53796628e-03 
 4.42750000e-09  4.42750000e-09  2.50000000e+00  5.59275834e-02 -1.51725628e-03 
 4.42850000e-09  4.42850000e-09  2.50000000e+00  5.26732546e-02 -1.45652492e-03 
 4.42950000e-09  4.42950000e-09  2.50000000e+00  4.96165062e-02 -1.43778321e-03 
 4.43050000e-09  4.43050000e-09  2.50000000e+00  4.67456946e-02 -1.37897768e-03 
 4.43150000e-09  4.43150000e-09  2.50000000e+00  4.40497847e-02 -1.36212002e-03 
 4.43250000e-09  4.43250000e-09  2.50000000e+00  4.15183264e-02 -1.30515750e-03 
 4.43350000e-09  4.43350000e-09  2.50000000e+00  3.91414318e-02 -1.29010257e-03 
 4.43450000e-09  4.43450000e-09  2.50000000e+00  3.69097529e-02 -1.23490334e-03 
 4.43550000e-09  4.43550000e-09  2.50000000e+00  3.48144584e-02 -1.22157310e-03 
 4.43650000e-09  4.43650000e-09  2.50000000e+00  3.28472114e-02 -1.16806076e-03 
 4.43750000e-09  4.43750000e-09  2.50000000e+00  3.10001472e-02 -1.15638049e-03 
 4.43850000e-09  4.43850000e-09  2.50000000e+00  2.92658516e-02 -1.10448204e-03 
 4.43950000e-09  4.43950000e-09  2.50000000e+00  2.76373393e-02 -1.09438037e-03 
 4.44050000e-09  4.44050000e-09  2.50000000e+00  2.61080336e-02 -1.04402604e-03 
 4.44150000e-09  4.44150000e-09  2.50000000e+00  2.46717457e-02 -1.03543480e-03 
 4.44250000e-09  4.44250000e-09  2.50000000e+00  2.33226552e-02 -9.86557981e-04 
 4.44350000e-09  4.44350000e-09  2.50000000e+00  2.20552913e-02 -9.79412064e-04 
 4.44450000e-09  4.44450000e-09  2.50000000e+00  2.08645142e-02 -9.31949078e-04 
 4.44550000e-09  4.44550000e-09  2.50000000e+00  1.97454974e-02 -9.26186196e-04 
 4.44650000e-09  4.44650000e-09  2.50000000e+00  1.86926770e-02 -8.76469599e-04 
 4.44750000e-09  4.44750000e-09  2.50000000e+00  1.77009859e-02 -8.68866440e-04 
 4.44850000e-09  4.44850000e-09  2.50000000e+00  1.67668095e-02 -8.21177669e-04 
 4.44950000e-09  4.44950000e-09  2.50000000e+00  1.58867606e-02 -8.15609967e-04 
 4.45050000e-09  4.45050000e-09  2.50000000e+00  1.50576388e-02 -7.69865119e-04 
 4.45150000e-09  4.45150000e-09  2.50000000e+00  1.42764222e-02 -7.66155089e-04 
 4.45250000e-09  4.45250000e-09  2.50000000e+00  1.35402591e-02 -7.22186352e-04 
 4.45350000e-09  4.45350000e-09  2.50000000e+00  1.28464604e-02 -7.20175251e-04 
 4.45450000e-09  4.45450000e-09  2.50000000e+00  1.21924914e-02 -6.77832353e-04 
 4.45550000e-09  4.45550000e-09  2.50000000e+00  1.15759643e-02 -6.77377830e-04 
 4.45650000e-09  4.45650000e-09  2.50000000e+00  1.09946306e-02 -6.36525837e-04 
 4.45750000e-09  4.45750000e-09  2.50000000e+00  1.04463742e-02 -6.37499912e-04 
 4.45850000e-09  4.45850000e-09  2.50000000e+00  9.92920416e-03 -5.98017371e-04 
 4.45950000e-09  4.45950000e-09  2.50000000e+00  9.44124822e-03 -6.00304719e-04 
 4.46050000e-09  4.46050000e-09  2.50000000e+00  8.98074607e-03 -5.62082065e-04 
 4.46150000e-09  4.46150000e-09  2.50000000e+00  8.54604340e-03 -5.65578543e-04 
 4.46250000e-09  4.46250000e-09  2.50000000e+00  8.13558589e-03 -5.28516738e-04 
 4.46350000e-09  4.46350000e-09  2.50000000e+00  7.74791356e-03 -5.33128117e-04 
 4.46450000e-09  4.46450000e-09  2.50000000e+00  7.38165539e-03 -4.97137465e-04 
 4.46550000e-09  4.46550000e-09  2.50000000e+00  7.03552420e-03 -5.02778326e-04 
 4.46650000e-09  4.46650000e-09  2.50000000e+00  6.70831171e-03 -4.67777446e-04 
 4.46750000e-09  4.46750000e-09  2.50000000e+00  6.39888397e-03 -4.74370219e-04 
 4.46850000e-09  4.46850000e-09  2.50000000e+00  6.10617688e-03 -4.40285142e-04 
 4.46950000e-09  4.46950000e-09  2.50000000e+00  5.82919209e-03 -4.47759265e-04 
 4.47050000e-09  4.47050000e-09  2.50000000e+00  5.56699301e-03 -4.14522648e-04 
 4.47150000e-09  4.47150000e-09  2.50000000e+00  5.31870106e-03 -4.22813823e-04 
 4.47250000e-09  4.47250000e-09  2.50000000e+00  5.08349219e-03 -3.90364252e-04 
 4.47350000e-09  4.47350000e-09  2.50000000e+00  4.86059351e-03 -3.99413796e-04 
 4.47450000e-09  4.47450000e-09  2.50000000e+00  4.64928012e-03 -3.67695175e-04 
 4.47550000e-09  4.47550000e-09  2.50000000e+00  4.44887221e-03 -3.77449442e-04 
 4.47650000e-09  4.47650000e-09  2.50000000e+00  4.25873222e-03 -3.46410448e-04 
 4.47750000e-09  4.47750000e-09  2.50000000e+00  4.07826221e-03 -3.56820319e-04 
 4.47850000e-09  4.47850000e-09  2.50000000e+00  3.90690140e-03 -3.26413924e-04 
 4.47950000e-09  4.47950000e-09  2.50000000e+00  3.74412383e-03 -3.37434357e-04 
 4.48050000e-09  4.48050000e-09  2.50000000e+00  3.58943618e-03 -3.07617403e-04 
 4.48150000e-09  4.48150000e-09  2.50000000e+00  3.44245549e-03 -3.19516156e-04 
 4.48250000e-09  4.48250000e-09  2.50000000e+00  3.30265862e-03 -2.89930475e-04 
 4.48350000e-09  4.48350000e-09  2.50000000e+00  3.16963016e-03 -3.02326278e-04 
 4.48450000e-09  4.48450000e-09  2.50000000e+00  3.04306527e-03 -2.73547875e-04 
 4.48550000e-09  4.48550000e-09  2.50000000e+00  2.92252394e-03 -2.86143865e-04 
 4.48650000e-09  4.48650000e-09  2.50000000e+00  2.80767213e-03 -2.57847914e-04 
 4.48750000e-09  4.48750000e-09  2.50000000e+00  2.69819631e-03 -2.70910674e-04 
 4.48850000e-09  4.48850000e-09  2.50000000e+00  2.59380202e-03 -2.43066065e-04 
 4.48950000e-09  4.48950000e-09  2.50000000e+00  2.49421265e-03 -2.56565341e-04 
 4.49050000e-09  4.49050000e-09  2.50000000e+00  2.39916834e-03 -2.29142992e-04 
 4.49150000e-09  4.49150000e-09  2.50000000e+00  2.30842488e-03 -2.43050818e-04 
 4.49250000e-09  4.49250000e-09  2.50000000e+00  2.22175275e-03 -2.16023832e-04 
 4.49350000e-09  4.49350000e-09  2.50000000e+00  2.13893618e-03 -2.30314329e-04 
 4.49450000e-09  4.49450000e-09  2.50000000e+00  2.05977226e-03 -2.03657796e-04 
 4.49550000e-09  4.49550000e-09  2.50000000e+00  1.98407015e-03 -2.18306982e-04 
 4.49650000e-09  4.49650000e-09  2.50000000e+00  1.91165031e-03 -1.91997805e-04 
 4.49750000e-09  4.49750000e-09  2.50000000e+00  1.84234378e-03 -2.06983427e-04 
 4.49850000e-09  4.49850000e-09  2.50000000e+00  1.77599151e-03 -1.81000162e-04 
 4.49950000e-09  4.49950000e-09  2.50000000e+00  1.71244374e-03 -1.96301550e-04 
 4.50050000e-09  4.50050000e-09  2.50000000e+00  1.65155942e-03 -1.70624265e-04 
 4.50150000e-09  4.50150000e-09  2.50000000e+00  1.59320564e-03 -1.86222193e-04 
 4.50250000e-09  4.50250000e-09  2.50000000e+00  1.53725716e-03 -1.60832341e-04 
 4.50350000e-09  4.50350000e-09  2.50000000e+00  1.48359587e-03 -1.76708911e-04 
 4.50450000e-09  4.50450000e-09  2.50000000e+00  1.43211042e-03 -1.51589213e-04 
 4.50550000e-09  4.50550000e-09  2.50000000e+00  1.38269573e-03 -1.67727743e-04 
 4.50650000e-09  4.50650000e-09  2.50000000e+00  1.33525263e-03 -1.42862090e-04 
 4.50750000e-09  4.50750000e-09  2.50000000e+00  1.28968750e-03 -1.59247016e-04 
 4.50850000e-09  4.50850000e-09  2.50000000e+00  1.24591191e-03 -1.34620369e-04 
 4.50950000e-09  4.50950000e-09  2.50000000e+00  1.20384232e-03 -1.51237160e-04 
 4.51050000e-09  4.51050000e-09  2.50000000e+00  1.16339976e-03 -1.26835472e-04 
 4.51150000e-09  4.51150000e-09  2.50000000e+00  1.12450957e-03 -1.43670543e-04 
 4.51250000e-09  4.51250000e-09  2.50000000e+00  1.08710110e-03 -1.19480678e-04 
 4.51350000e-09  4.51350000e-09  2.50000000e+00  1.05110753e-03 -1.36521326e-04 
 4.51450000e-09  4.51450000e-09  2.50000000e+00  1.01646556e-03 -1.12530992e-04 
 4.51550000e-09  4.51550000e-09  2.50000000e+00  9.83115268e-04 -1.29765322e-04 
 4.51650000e-09  4.51650000e-09  2.50000000e+00  9.50999872e-04 -1.05963009e-04 
 4.51750000e-09  4.51750000e-09  2.50000000e+00  9.20065545e-04 -1.23379877e-04 
 4.51850000e-09  4.51850000e-09  2.50000000e+00  8.90261245e-04 -9.97547962e-05 
 4.51950000e-09  4.51950000e-09  2.50000000e+00  8.61538550e-04 -1.17343758e-04 
 4.52050000e-09  4.52050000e-09  2.50000000e+00  8.33851502e-04 -9.38857923e-05 
 4.52150000e-09  4.52150000e-09  2.50000000e+00  8.07156464e-04 -1.11637047e-04 
 4.52250000e-09  4.52250000e-09  2.50000000e+00  7.81411985e-04 -8.83367038e-05 
 4.52350000e-09  4.52350000e-09  2.50000000e+00  7.56578673e-04 -1.06241054e-04 
 4.52450000e-09  4.52450000e-09  2.50000000e+00  7.32619076e-04 -8.30894183e-05 
 4.52550000e-09  4.52550000e-09  2.50000000e+00  7.09497575e-04 -1.01138224e-04 
 4.52650000e-09  4.52650000e-09  2.50000000e+00  6.87180274e-04 -7.81269222e-05 
 4.52750000e-09  4.52750000e-09  2.50000000e+00  6.65634907e-04 -9.63120654e-05 
 4.52850000e-09  4.52850000e-09  2.50000000e+00  6.44830745e-04 -7.34332256e-05 
 4.52950000e-09  4.52950000e-09  2.50000000e+00  6.24738510e-04 -9.17470731e-05 
 4.53050000e-09  4.53050000e-09  2.50000000e+00  6.05330298e-04 -6.89932932e-05 
 4.53150000e-09  4.53150000e-09  2.50000000e+00  5.86579496e-04 -8.74286656e-05 
 4.53250000e-09  4.53250000e-09  2.50000000e+00  5.68460720e-04 -6.47929813e-05 
 4.53350000e-09  4.53350000e-09  2.50000000e+00  5.50949743e-04 -8.33431222e-05 
 4.53450000e-09  4.53450000e-09  2.50000000e+00  5.34023436e-04 -6.08189784e-05 
 4.53550000e-09  4.53550000e-09  2.50000000e+00  5.17659705e-04 -7.94775275e-05 
 4.53650000e-09  4.53650000e-09  2.50000000e+00  5.01837441e-04 -5.70587520e-05 
 4.53750000e-09  4.53750000e-09  2.50000000e+00  4.86536467e-04 -7.58197191e-05 
 4.53850000e-09  4.53850000e-09  2.50000000e+00  4.71737485e-04 -5.35004981e-05 
 4.53950000e-09  4.53950000e-09  2.50000000e+00  4.57422036e-04 -7.23582400e-05 
 4.54050000e-09  4.54050000e-09  2.50000000e+00  4.43572456e-04 -5.01330952e-05 
 4.54150000e-09  4.54150000e-09  2.50000000e+00  4.30171831e-04 -6.90822936e-05 
 4.54250000e-09  4.54250000e-09  2.50000000e+00  4.17203966e-04 -4.69460615e-05 
 4.54350000e-09  4.54350000e-09  2.50000000e+00  4.04653341e-04 -6.59817026e-05 
 4.54450000e-09  4.54450000e-09  2.50000000e+00  3.92505085e-04 -4.39295148e-05 
 4.54550000e-09  4.54550000e-09  2.50000000e+00  3.80744940e-04 -6.30468709e-05 
 4.54650000e-09  4.54650000e-09  2.50000000e+00  3.69359231e-04 -4.10741359e-05 
 4.54750000e-09  4.54750000e-09  2.50000000e+00  3.58334839e-04 -6.02687476e-05 
 4.54850000e-09  4.54850000e-09  2.50000000e+00  3.47659172e-04 -3.83711339e-05 
 4.54950000e-09  4.54950000e-09  2.50000000e+00  3.37320144e-04 -5.76387938e-05 
 4.55050000e-09  4.55050000e-09  2.50000000e+00  3.27306146e-04 -3.58122146e-05 
 4.55150000e-09  4.55150000e-09  2.50000000e+00  3.17606028e-04 -5.51489523e-05 
 4.55250000e-09  4.55250000e-09  2.50000000e+00  3.08209076e-04 -3.33895501e-05 
 4.55350000e-09  4.55350000e-09  2.50000000e+00  2.99104990e-04 -5.27916181e-05 
 4.55450000e-09  4.55450000e-09  2.50000000e+00  2.90283868e-04 -3.10957516e-05 
 4.55550000e-09  4.55550000e-09  2.50000000e+00  2.81736187e-04 -5.05596117e-05 
 4.55650000e-09  4.55650000e-09  2.50000000e+00  2.73452785e-04 -2.89238429e-05 
 4.55750000e-09  4.55750000e-09  2.50000000e+00  2.65424846e-04 -4.84461542e-05 
 4.55850000e-09  4.55850000e-09  2.50000000e+00  2.57643884e-04 -2.68672364e-05 
 4.55950000e-09  4.55950000e-09  2.50000000e+00  2.50101730e-04 -4.64448435e-05 
 4.56050000e-09  4.56050000e-09  2.50000000e+00  2.42790516e-04 -2.49197100e-05 
 4.56150000e-09  4.56150000e-09  2.50000000e+00  2.35702663e-04 -4.45496324e-05 
 4.56250000e-09  4.56250000e-09  2.50000000e+00  2.28830871e-04 -2.30753864e-05 
 4.56350000e-09  4.56350000e-09  2.50000000e+00  2.22168102e-04 -4.27548083e-05 
 4.56450000e-09  4.56450000e-09  2.50000000e+00  2.15707573e-04 -2.13287127e-05 
 4.56550000e-09  4.56550000e-09  2.50000000e+00  2.09442746e-04 -4.10549734e-05 
 4.56650000e-09  4.56650000e-09  2.50000000e+00  2.03367313e-04 -1.96744417e-05 
 4.56750000e-09  4.56750000e-09  2.50000000e+00  1.97475194e-04 -3.94450269e-05 
 4.56850000e-09  4.56850000e-09  2.50000000e+00  1.91760519e-04 -1.81076147e-05 
 4.56950000e-09  4.56950000e-09  2.50000000e+00  1.86217627e-04 -3.79201481e-05 
 4.57050000e-09  4.57050000e-09  2.50000000e+00  1.80841053e-04 -1.66235450e-05 
 4.57150000e-09  4.57150000e-09  2.50000000e+00  1.75625523e-04 -3.64757801e-05 
 4.57250000e-09  4.57250000e-09  2.50000000e+00  1.70565944e-04 -1.52178022e-05 
 4.57350000e-09  4.57350000e-09  2.50000000e+00  1.65657399e-04 -3.51076154e-05 
 4.57450000e-09  4.57450000e-09  2.50000000e+00  1.60895140e-04 -1.38861976e-05 
 4.57550000e-09  4.57550000e-09  2.50000000e+00  1.56274578e-04 -3.38115812e-05 
 4.57650000e-09  4.57650000e-09  2.50000000e+00  1.51791283e-04 -1.26247712e-05 
 4.57750000e-09  4.57750000e-09  2.50000000e+00  1.47440972e-04 -3.25838266e-05 
 4.57850000e-09  4.57850000e-09  2.50000000e+00  1.43219508e-04 -1.14297783e-05 
 4.57950000e-09  4.57950000e-09  2.50000000e+00  1.39122890e-04 -3.14207101e-05 
 4.58050000e-09  4.58050000e-09  2.50000000e+00  1.35147252e-04 -1.02976774e-05 
 4.58150000e-09  4.58150000e-09  2.50000000e+00  1.31288858e-04 -3.03187877e-05 
 4.58250000e-09  4.58250000e-09  2.50000000e+00  1.27544092e-04 -9.22511928e-06 
 4.58350000e-09  4.58350000e-09  2.50000000e+00  1.23909459e-04 -2.92748021e-05 
 4.58450000e-09  4.58450000e-09  2.50000000e+00  1.20381580e-04 -8.20893600e-06 
 4.58550000e-09  4.58550000e-09  2.50000000e+00  1.16957184e-04 -2.82856721e-05 
 4.58650000e-09  4.58650000e-09  2.50000000e+00  1.13633109e-04 -7.24613086e-06 
 4.58750000e-09  4.58750000e-09  2.50000000e+00  1.10406294e-04 -2.73484832e-05 
 4.58850000e-09  4.58850000e-09  2.50000000e+00  1.07273778e-04 -6.33386896e-06 
 4.58950000e-09  4.58950000e-09  2.50000000e+00  1.04232695e-04 -2.64604780e-05 
 4.59050000e-09  4.59050000e-09  2.50000000e+00  1.01280272e-04 -5.46946826e-06 
 4.59150000e-09  4.59150000e-09  2.50000000e+00  9.84138253e-05 -2.56190475e-05 
 4.59250000e-09  4.59250000e-09  2.50000000e+00  9.56307555e-05 -4.65039113e-06 
 4.59350000e-09  4.59350000e-09  2.50000000e+00  9.29285470e-05 -2.48217235e-05 
 4.59450000e-09  4.59450000e-09  2.50000000e+00  9.03047644e-05 -3.87423642e-06 
 4.59550000e-09  4.59550000e-09  2.50000000e+00  8.77570492e-05 -2.40661702e-05 
 4.59650000e-09  4.59650000e-09  2.50000000e+00  8.52831176e-05 -3.13873197e-06 
 4.59750000e-09  4.59750000e-09  2.50000000e+00  8.28807579e-05 -2.33501772e-05 
 4.59850000e-09  4.59850000e-09  2.50000000e+00  8.05478281e-05 -2.44172754e-06 
 4.59950000e-09  4.59950000e-09  2.50000000e+00  7.82822531e-05 -2.26716527e-05 
 4.60050000e-09  4.60050000e-09  2.50000000e+00  7.60820232e-05 -1.78118815e-06 
 4.60150000e-09  4.60150000e-09  2.50000000e+00  7.39451911e-05 -2.20286170e-05 
 4.60250000e-09  4.60250000e-09  2.50000000e+00  7.18698707e-05 -1.15518774e-06 
 4.60350000e-09  4.60350000e-09  2.50000000e+00  6.98542339e-05 -2.14191962e-05 
 4.60450000e-09  4.60450000e-09  2.50000000e+00  6.78965100e-05 -5.61903306e-07 
 4.60550000e-09  4.60550000e-09  2.50000000e+00  6.59949827e-05 -2.08416168e-05 
 4.60650000e-09  4.60650000e-09  2.50000000e+00  6.41479376e-05  6.63305919e-10 
 4.60750000e-09  4.60750000e-09  2.50000000e+00  6.23538197e-05 -2.02942069e-05 
 4.60850000e-09  4.60850000e-09  2.50000000e+00  6.06111178e-05  5.33320987e-07 
 4.60950000e-09  4.60950000e-09  2.50000000e+00  5.89182602e-05 -1.97753627e-05 
 4.61050000e-09  4.61050000e-09  2.50000000e+00  5.72737381e-05  1.03866776e-06 
 4.61150000e-09  4.61150000e-09  2.50000000e+00  5.56761744e-05 -1.92835927e-05 
 4.61250000e-09  4.61250000e-09  2.50000000e+00  5.41242302e-05  1.51722280e-06 
 4.61350000e-09  4.61350000e-09  2.50000000e+00  5.26165224e-05 -1.88174609e-05 
 4.61450000e-09  4.61450000e-09  2.50000000e+00  5.11517546e-05  1.97104295e-06 
 4.61550000e-09  4.61550000e-09  2.50000000e+00  4.97286697e-05 -1.83756245e-05 
 4.61650000e-09  4.61650000e-09  2.50000000e+00  4.83460487e-05  2.40121483e-06 
 4.61750000e-09  4.61750000e-09  2.50000000e+00  4.70027096e-05 -1.79568065e-05 
 4.61850000e-09  4.61850000e-09  2.50000000e+00  4.56975061e-05  2.80898101e-06 
 4.61950000e-09  4.61950000e-09  2.50000000e+00  4.44293267e-05 -1.75597980e-05 
 4.62050000e-09  4.62050000e-09  2.50000000e+00  4.31970931e-05  3.19551804e-06 
 4.62150000e-09  4.62150000e-09  2.50000000e+00  4.19997596e-05 -1.71834540e-05 
 4.62250000e-09  4.62250000e-09  2.50000000e+00  4.08363122e-05  3.56194005e-06 
 4.62350000e-09  4.62350000e-09  2.50000000e+00  3.97057668e-05 -1.68266903e-05 
 4.62450000e-09  4.62450000e-09  2.50000000e+00  3.86071694e-05  3.90930209e-06 
 4.62550000e-09  4.62550000e-09  2.50000000e+00  3.75395940e-05 -1.64884802e-05 
 4.62650000e-09  4.62650000e-09  2.50000000e+00  3.65021428e-05  4.23860330e-06 
 4.62750000e-09  4.62750000e-09  2.50000000e+00  3.54939444e-05 -1.61678513e-05 
 4.62850000e-09  4.62850000e-09  2.50000000e+00  3.45141537e-05  4.55078994e-06 
 4.62950000e-09  4.62950000e-09  2.50000000e+00  3.35619505e-05 -1.58638829e-05 
 4.63050000e-09  4.63050000e-09  2.50000000e+00  3.26365392e-05  4.84675820e-06 
 4.63150000e-09  4.63150000e-09  2.50000000e+00  3.17371478e-05 -1.55757027e-05 
 4.63250000e-09  4.63250000e-09  2.50000000e+00  3.08630270e-05  5.12735688e-06 
 4.63350000e-09  4.63350000e-09  2.50000000e+00  3.00134501e-05 -1.53024846e-05 
 4.63450000e-09  4.63450000e-09  2.50000000e+00  2.91877116e-05  5.39338994e-06 
 4.63550000e-09  4.63550000e-09  2.50000000e+00  2.83851269e-05 -1.50434462e-05 
 4.63650000e-09  4.63650000e-09  2.50000000e+00  2.76050317e-05  5.64561889e-06 
 4.63750000e-09  4.63750000e-09  2.50000000e+00  2.68467814e-05 -1.47978464e-05 
 4.63850000e-09  4.63850000e-09  2.50000000e+00  2.61097501e-05  5.88476507e-06 
 4.63950000e-09  4.63950000e-09  2.50000000e+00  2.53933307e-05 -1.45649830e-05 
 4.64050000e-09  4.64050000e-09  2.50000000e+00  2.46969336e-05  6.11151178e-06 
 4.64150000e-09  4.64150000e-09  2.50000000e+00  2.40199867e-05 -1.43441912e-05 
 4.64250000e-09  4.64250000e-09  2.50000000e+00  2.33619348e-05  6.32650632e-06 
 4.64350000e-09  4.64350000e-09  2.50000000e+00  2.27222387e-05 -1.41348407e-05 
 4.64450000e-09  4.64450000e-09  2.50000000e+00  2.21003752e-05  6.53036189e-06 
 4.64550000e-09  4.64550000e-09  2.50000000e+00  2.14958363e-05 -1.39363348e-05 
 4.64650000e-09  4.64650000e-09  2.50000000e+00  2.09081290e-05  6.72365942e-06 
 4.64750000e-09  4.64750000e-09  2.50000000e+00  2.03367745e-05 -1.37481081e-05 
 4.64850000e-09  4.64850000e-09  2.50000000e+00  1.97813082e-05  6.90694931e-06 
 4.64950000e-09  4.64950000e-09  2.50000000e+00  1.92412787e-05 -1.35696247e-05 
 4.65050000e-09  4.65050000e-09  2.50000000e+00  1.87162481e-05  7.08075299e-06 
 4.65150000e-09  4.65150000e-09  2.50000000e+00  1.82057910e-05 -1.34003772e-05 
 4.65250000e-09  4.65250000e-09  2.50000000e+00  1.77094945e-05  7.24556454e-06 
 4.65350000e-09  4.65350000e-09  2.50000000e+00  1.72269577e-05 -1.32398846e-05 
 4.65450000e-09  4.65450000e-09  2.50000000e+00  1.67577911e-05  7.40185205e-06 
 4.65550000e-09  4.65550000e-09  2.50000000e+00  1.63016169e-05 -1.30876913e-05 
 4.65650000e-09  4.65650000e-09  2.50000000e+00  1.58580678e-05  7.55005909e-06 
 4.65750000e-09  4.65750000e-09  2.50000000e+00  1.54267875e-05 -1.29433655e-05 
 4.65850000e-09  4.65850000e-09  2.50000000e+00  1.50074297e-05  7.69060595e-06 
 4.65950000e-09  4.65950000e-09  2.50000000e+00  1.45996584e-05 -1.28064980e-05 
 4.66050000e-09  4.66050000e-09  2.50000000e+00  1.42031469e-05  7.82389090e-06 
 4.66150000e-09  4.66150000e-09  2.50000000e+00  1.38175784e-05 -1.26767013e-05 
 4.66250000e-09  4.66250000e-09  2.50000000e+00  1.34426449e-05  7.95029132e-06 
 4.66350000e-09  4.66350000e-09  2.50000000e+00  1.30780473e-05 -1.25536078e-05 
 4.66450000e-09  4.66450000e-09  2.50000000e+00  1.27234952e-05  8.07016486e-06 
 4.66550000e-09  4.66550000e-09  2.50000000e+00  1.23787066e-05 -1.24368695e-05 
 4.66650000e-09  4.66650000e-09  2.50000000e+00  1.20434074e-05  8.18385043e-06 
 4.66750000e-09  4.66750000e-09  2.50000000e+00  1.17173314e-05 -1.23261563e-05 
 4.66850000e-09  4.66850000e-09  2.50000000e+00  1.14002203e-05  8.29166925e-06 
 4.66950000e-09  4.66950000e-09  2.50000000e+00  1.10918229e-05 -1.22211558e-05 
 4.67050000e-09  4.67050000e-09  2.50000000e+00  1.07918954e-05  8.39392570e-06 
 4.67150000e-09  4.67150000e-09  2.50000000e+00  1.05002007e-05 -1.21215713e-05 
 4.67250000e-09  4.67250000e-09  2.50000000e+00  1.02165088e-05  8.49090829e-06 
 4.67350000e-09  4.67350000e-09  2.50000000e+00  9.94059601e-06 -1.20271222e-05 
 4.67450000e-09  4.67450000e-09  2.50000000e+00  9.67224524e-06  8.58289046e-06 
 4.67550000e-09  4.67550000e-09  2.50000000e+00  9.41124546e-06 -1.19375422e-05 
 4.67650000e-09  4.67650000e-09  2.50000000e+00  9.15739169e-06  8.67013135e-06 
 4.67750000e-09  4.67750000e-09  2.50000000e+00  8.91048477e-06 -1.18525790e-05 
 4.67850000e-09  4.67850000e-09  2.50000000e+00  8.67033123e-06  8.75287660e-06 
 4.67950000e-09  4.67950000e-09  2.50000000e+00  8.43674309e-06 -1.17719935e-05 
 4.68050000e-09  4.68050000e-09  2.50000000e+00  8.20953773e-06  8.83135905e-06 
 4.68150000e-09  4.68150000e-09  2.50000000e+00  7.98853769e-06 -1.16955590e-05 
 4.68250000e-09  4.68250000e-09  2.50000000e+00  7.77357056e-06  8.90579938e-06 
 4.68350000e-09  4.68350000e-09  2.50000000e+00  7.56446882e-06 -1.16230606e-05 
 4.68450000e-09  4.68450000e-09  2.50000000e+00  7.36106970e-06  8.97640679e-06 
 4.68550000e-09  4.68550000e-09  2.50000000e+00  7.16321503e-06 -1.15542946e-05 
 4.68650000e-09  4.68650000e-09  2.50000000e+00  6.97075112e-06  9.04337956e-06 
 4.68750000e-09  4.68750000e-09  2.50000000e+00  6.78352862e-06 -1.14890680e-05 
 4.68850000e-09  4.68850000e-09  2.50000000e+00  6.60140242e-06  9.10690568e-06 
 4.68950000e-09  4.68950000e-09  2.50000000e+00  6.42423149e-06 -1.14271978e-05 
 4.69050000e-09  4.69050000e-09  2.50000000e+00  6.25187879e-06  9.16716334e-06 
 4.69150000e-09  4.69150000e-09  2.50000000e+00  6.08421113e-06 -1.13685105e-05 
 4.69250000e-09  4.69250000e-09  2.50000000e+00  5.92109909e-06  9.22432147e-06 
 4.69350000e-09  4.69350000e-09  2.50000000e+00  5.76241689e-06 -1.13128416e-05 
 4.69450000e-09  4.69450000e-09  2.50000000e+00  5.60804228e-06  9.27854020e-06 
 4.69550000e-09  4.69550000e-09  2.50000000e+00  5.45785647e-06 -1.12600351e-05 
 4.69650000e-09  4.69650000e-09  2.50000000e+00  5.31174400e-06  9.32997136e-06 
 4.69750000e-09  4.69750000e-09  2.50000000e+00  5.16959263e-06 -1.12099432e-05 
 4.69850000e-09  4.69850000e-09  2.50000000e+00  5.03129331e-06  9.37875889e-06 
 4.69950000e-09  4.69950000e-09  2.50000000e+00  4.89674003e-06 -1.11624259e-05 
 4.70050000e-09  4.70050000e-09  2.50000000e+00  4.76582974e-06  9.42503924e-06 
 4.70150000e-09  4.70150000e-09  2.50000000e+00  4.63846230e-06 -1.11173502e-05 
 4.70250000e-09  4.70250000e-09  2.50000000e+00  4.51454036e-06  9.46894180e-06 
 4.70350000e-09  4.70350000e-09  2.50000000e+00  4.39396930e-06 -1.10745901e-05 
 4.70450000e-09  4.70450000e-09  2.50000000e+00  4.27665715e-06  9.51058922e-06 
 4.70550000e-09  4.70550000e-09  2.50000000e+00  4.16251450e-06 -1.10340263e-05 
 4.70650000e-09  4.70650000e-09  2.50000000e+00  4.05145444e-06  9.55009781e-06 
 4.70750000e-09  4.70750000e-09  2.50000000e+00  3.94339249e-06 -1.09955454e-05 
 4.70850000e-09  4.70850000e-09  2.50000000e+00  3.83824653e-06  9.58757785e-06 
 4.70950000e-09  4.70950000e-09  2.50000000e+00  3.73593672e-06 -1.09590401e-05 
 4.71050000e-09  4.71050000e-09  2.50000000e+00  3.63638545e-06  9.62313390e-06 
 4.71150000e-09  4.71150000e-09  2.50000000e+00  3.53951727e-06 -1.09244085e-05 
 4.71250000e-09  4.71250000e-09  2.50000000e+00  3.44525884e-06  9.65686509e-06 
 4.71350000e-09  4.71350000e-09  2.50000000e+00  3.35353884e-06 -1.08915542e-05 
 4.71450000e-09  4.71450000e-09  2.50000000e+00  3.26428795e-06  9.68886543e-06 
 4.71550000e-09  4.71550000e-09  2.50000000e+00  3.17743876e-06 -1.08603856e-05 
 4.71650000e-09  4.71650000e-09  2.50000000e+00  3.09292575e-06  9.71922407e-06 
 4.71750000e-09  4.71750000e-09  2.50000000e+00  3.01068520e-06 -1.08308158e-05 
 4.71850000e-09  4.71850000e-09  2.50000000e+00  2.93065518e-06  9.74802553e-06 
 4.71950000e-09  4.71950000e-09  2.50000000e+00  2.85277544e-06 -1.08027626e-05 
 4.72050000e-09  4.72050000e-09  2.50000000e+00  2.77698745e-06  9.77534997e-06 
 4.72150000e-09  4.72150000e-09  2.50000000e+00  2.70323425e-06 -1.07761479e-05 
 4.72250000e-09  4.72250000e-09  2.50000000e+00  2.63146048e-06  9.80127340e-06 
 4.72350000e-09  4.72350000e-09  2.50000000e+00  2.56161232e-06 -1.07508977e-05 
 4.72450000e-09  4.72450000e-09  2.50000000e+00  2.49363742e-06  9.82586789e-06 
 4.72550000e-09  4.72550000e-09  2.50000000e+00  2.42748488e-06 -1.07269418e-05 
 4.72650000e-09  4.72650000e-09  2.50000000e+00  2.36310521e-06  9.84920180e-06 
 4.72750000e-09  4.72750000e-09  2.50000000e+00  2.30045028e-06 -1.07042137e-05 
 4.72850000e-09  4.72850000e-09  2.50000000e+00  2.23947330e-06  9.87133996e-06 
 4.72950000e-09  4.72950000e-09  2.50000000e+00  2.18012876e-06 -1.06826502e-05 
 4.73050000e-09  4.73050000e-09  2.50000000e+00  2.12237240e-06  9.89234384e-06 
 4.73150000e-09  4.73150000e-09  2.50000000e+00  2.06616118e-06 -1.06621914e-05 
 4.73250000e-09  4.73250000e-09  2.50000000e+00  2.01145325e-06  9.91227175e-06 
 4.73350000e-09  4.73350000e-09  2.50000000e+00  1.95820791e-06 -1.06427805e-05 
 4.73450000e-09  4.73450000e-09  2.50000000e+00  1.90638557e-06  9.93117896e-06 
 4.73550000e-09  4.73550000e-09  2.50000000e+00  1.85594775e-06 -1.06243638e-05 
 4.73650000e-09  4.73650000e-09  2.50000000e+00  1.80685700e-06  9.94911794e-06 
 4.73750000e-09  4.73750000e-09  2.50000000e+00  1.75907692e-06 -1.06068902e-05 
 4.73850000e-09  4.73850000e-09  2.50000000e+00  1.71257209e-06  9.96613839e-06 
 4.73950000e-09  4.73950000e-09  2.50000000e+00  1.66730807e-06 -1.05903111e-05 
 4.74050000e-09  4.74050000e-09  2.50000000e+00  1.62325137e-06  9.98228751e-06 
 4.74150000e-09  4.74150000e-09  2.50000000e+00  1.58036940e-06 -1.05745807e-05 
 4.74250000e-09  4.74250000e-09  2.50000000e+00  1.53863048e-06  9.99761001e-06 
 4.74350000e-09  4.74350000e-09  2.50000000e+00  1.49800380e-06 -1.05596555e-05 
 4.74450000e-09  4.74450000e-09  2.50000000e+00  1.45845936e-06  1.00121483e-05 
 4.74550000e-09  4.74550000e-09  2.50000000e+00  1.41996802e-06 -1.05454940e-05 
 4.74650000e-09  4.74650000e-09  2.50000000e+00  1.38250141e-06  1.00259427e-05 
 4.74750000e-09  4.74750000e-09  2.50000000e+00  1.34603196e-06 -1.05320572e-05 
 4.74850000e-09  4.74850000e-09  2.50000000e+00  1.31053282e-06  1.00390314e-05 
 4.74950000e-09  4.74950000e-09  2.50000000e+00  1.27597789e-06 -1.05193077e-05 
 4.75050000e-09  4.75050000e-09  2.50000000e+00  1.24234179e-06  1.00514505e-05 
 4.75150000e-09  4.75150000e-09  2.50000000e+00  1.20959981e-06 -1.05072104e-05 
 4.75250000e-09  4.75250000e-09  2.50000000e+00  1.17772794e-06  1.00632343e-05 
 4.75350000e-09  4.75350000e-09  2.50000000e+00  1.14670281e-06 -1.04957318e-05 
 4.75450000e-09  4.75450000e-09  2.50000000e+00  1.11650167e-06  1.00744156e-05 
 4.75550000e-09  4.75550000e-09  2.50000000e+00  1.08710242e-06 -1.04848402e-05 
 4.75650000e-09  4.75650000e-09  2.50000000e+00  1.05848354e-06  1.00850251e-05 
 4.75750000e-09  4.75750000e-09  2.50000000e+00  1.03062410e-06 -1.04745055e-05 
 4.75850000e-09  4.75850000e-09  2.50000000e+00  1.00350374e-06  1.00950922e-05 
 4.75950000e-09  4.75950000e-09  2.50000000e+00  9.77102660e-07 -1.04646991e-05 
 4.76050000e-09  4.76050000e-09  2.50000000e+00  9.51401582e-07  1.01046446e-05 
 4.76150000e-09  4.76150000e-09  2.50000000e+00  9.26381762e-07 -1.04553940e-05 
 4.76250000e-09  4.76250000e-09  2.50000000e+00  9.02024961e-07  1.01137088e-05 
 4.76350000e-09  4.76350000e-09  2.50000000e+00  8.78313436e-07 -1.04465645e-05 
 4.76450000e-09  4.76450000e-09  2.50000000e+00  8.55229923e-07  1.01223097e-05 
 4.76550000e-09  4.76550000e-09  2.50000000e+00  8.32757627e-07 -1.04381862e-05 
 4.76650000e-09  4.76650000e-09  2.50000000e+00  8.10880207e-07  1.01304711e-05 
 4.76750000e-09  4.76750000e-09  2.50000000e+00  7.89581765e-07 -1.04302360e-05 
 4.76850000e-09  4.76850000e-09  2.50000000e+00  7.68846833e-07  1.01382156e-05 
 4.76950000e-09  4.76950000e-09  2.50000000e+00  7.48660359e-07 -1.04226920e-05 
 4.77050000e-09  4.77050000e-09  2.50000000e+00  7.29007702e-07  1.01455643e-05 
 4.77150000e-09  4.77150000e-09  2.50000000e+00  7.09874613e-07 -1.04155334e-05 
 4.77250000e-09  4.77250000e-09  2.50000000e+00  6.91247229e-07  1.01525377e-05 
 4.77350000e-09  4.77350000e-09  2.50000000e+00  6.73112062e-07 -1.04087404e-05 
 4.77450000e-09  4.77450000e-09  2.50000000e+00  6.55455987e-07  1.01591549e-05 
 4.77550000e-09  4.77550000e-09  2.50000000e+00  6.38266234e-07 -1.04022944e-05 
 4.77650000e-09  4.77650000e-09  2.50000000e+00  6.21530375e-07  1.01654342e-05 
 4.77750000e-09  4.77750000e-09  2.50000000e+00  6.05236321e-07 -1.03961776e-05 
 4.77850000e-09  4.77850000e-09  2.50000000e+00  5.89372304e-07  1.01713928e-05 
 4.77950000e-09  4.77950000e-09  2.50000000e+00  5.73926877e-07 -1.03903731e-05 
 4.78050000e-09  4.78050000e-09  2.50000000e+00  5.58888899e-07  1.01770472e-05 
 4.78150000e-09  4.78150000e-09  2.50000000e+00  5.44247529e-07 -1.03848649e-05 
 4.78250000e-09  4.78250000e-09  2.50000000e+00  5.29992218e-07  1.01824129e-05 
 4.78350000e-09  4.78350000e-09  2.50000000e+00  5.16112700e-07 -1.03796380e-05 
 4.78450000e-09  4.78450000e-09  2.50000000e+00  5.02598986e-07  1.01875047e-05 
 4.78550000e-09  4.78550000e-09  2.50000000e+00  4.89441356e-07 -1.03746778e-05 
 4.78650000e-09  4.78650000e-09  2.50000000e+00  4.76630348e-07  1.01923366e-05 
 4.78750000e-09  4.78750000e-09  2.50000000e+00  4.64156756e-07 -1.03699708e-05 
 4.78850000e-09  4.78850000e-09  2.50000000e+00  4.52011623e-07  1.01969219e-05 
 4.78950000e-09  4.78950000e-09  2.50000000e+00  4.40186229e-07 -1.03655041e-05 
 4.79050000e-09  4.79050000e-09  2.50000000e+00  4.28672089e-07  1.02012732e-05 
 4.79150000e-09  4.79150000e-09  2.50000000e+00  4.17460946e-07 -1.03612653e-05 
 4.79250000e-09  4.79250000e-09  2.50000000e+00  4.06544765e-07  1.02054025e-05 
 4.79350000e-09  4.79350000e-09  2.50000000e+00  3.95915724e-07 -1.03572427e-05 
 4.79450000e-09  4.79450000e-09  2.50000000e+00  3.85566212e-07  1.02093210e-05 
 4.79550000e-09  4.79550000e-09  2.50000000e+00  3.75488822e-07 -1.03534254e-05 
 4.79650000e-09  4.79650000e-09  2.50000000e+00  3.65676345e-07  1.02130397e-05 
 4.79750000e-09  4.79750000e-09  2.50000000e+00  3.56121764e-07 -1.03498029e-05 
 4.79850000e-09  4.79850000e-09  2.50000000e+00  3.46818250e-07  1.02165686e-05 
 4.79950000e-09  4.79950000e-09  2.50000000e+00  3.37759157e-07 -1.03463651e-05 
 4.80050000e-09  4.80050000e-09  2.50000000e+00  3.28938017e-07  1.02199176e-05 
 4.80150000e-09  4.80150000e-09  2.50000000e+00  3.20348534e-07 -1.03431027e-05 
 4.80250000e-09  4.80250000e-09  2.50000000e+00  3.11984581e-07  1.02230957e-05 
 4.80350000e-09  4.80350000e-09  2.50000000e+00  3.03840193e-07 -1.03400067e-05 
 4.80450000e-09  4.80450000e-09  2.50000000e+00  2.95909566e-07  1.02261118e-05 
 4.80550000e-09  4.80550000e-09  2.50000000e+00  2.88187050e-07 -1.03370685e-05 
 4.80650000e-09  4.80650000e-09  2.50000000e+00  2.80667145e-07  1.02289740e-05 
 4.80750000e-09  4.80750000e-09  2.50000000e+00  2.73344500e-07 -1.03342802e-05 
 4.80850000e-09  4.80850000e-09  2.50000000e+00  2.66213903e-07  1.02316903e-05 
 4.80950000e-09  4.80950000e-09  2.50000000e+00  2.59270284e-07 -1.03316341e-05 
 4.81050000e-09  4.81050000e-09  2.50000000e+00  2.52508708e-07  1.02342681e-05 
 4.81150000e-09  4.81150000e-09  2.50000000e+00  2.45924369e-07 -1.03291228e-05 
 4.81250000e-09  4.81250000e-09  2.50000000e+00  2.39512592e-07  1.02367145e-05 
 4.81350000e-09  4.81350000e-09  2.50000000e+00  2.33268823e-07 -1.03267396e-05 
 4.81450000e-09  4.81450000e-09  2.50000000e+00  2.27188631e-07  1.02390362e-05 
 4.81550000e-09  4.81550000e-09  2.50000000e+00  2.21267705e-07 -1.03244779e-05 
 4.81650000e-09  4.81650000e-09  2.50000000e+00  2.15501845e-07  1.02412395e-05 
 4.81750000e-09  4.81750000e-09  2.50000000e+00  2.09886964e-07 -1.03223315e-05 
 4.81850000e-09  4.81850000e-09  2.50000000e+00  2.04419084e-07  1.02433305e-05 
 4.81950000e-09  4.81950000e-09  2.50000000e+00  1.99094332e-07 -1.03202944e-05 
 4.82050000e-09  4.82050000e-09  2.50000000e+00  1.93908939e-07  1.02453149e-05 
 4.82150000e-09  4.82150000e-09  2.50000000e+00  1.88859236e-07 -1.03183612e-05 
 4.82250000e-09  4.82250000e-09  2.50000000e+00  1.83941649e-07  1.02471983e-05 
 4.82350000e-09  4.82350000e-09  2.50000000e+00  1.79152702e-07 -1.03165265e-05 
 4.82450000e-09  4.82450000e-09  2.50000000e+00  1.74489009e-07  1.02489856e-05 
 4.82550000e-09  4.82550000e-09  2.50000000e+00  1.69947275e-07 -1.03147853e-05 
 4.82650000e-09  4.82650000e-09  2.50000000e+00  1.65524292e-07  1.02506819e-05 
 4.82750000e-09  4.82750000e-09  2.50000000e+00  1.61216936e-07 -1.03131328e-05 
 4.82850000e-09  4.82850000e-09  2.50000000e+00  1.57022169e-07  1.02522917e-05 
 4.82950000e-09  4.82950000e-09  2.50000000e+00  1.52937029e-07 -1.03115645e-05 
 4.83050000e-09  4.83050000e-09  2.50000000e+00  1.48958636e-07  1.02538195e-05 
 4.83150000e-09  4.83150000e-09  2.50000000e+00  1.45084185e-07 -1.03100762e-05 
 4.83250000e-09  4.83250000e-09  2.50000000e+00  1.41310945e-07  1.02552695e-05 
 4.83350000e-09  4.83350000e-09  2.50000000e+00  1.37636257e-07 -1.03086636e-05 
 4.83450000e-09  4.83450000e-09  2.50000000e+00  1.34057534e-07  1.02566456e-05 
 4.83550000e-09  4.83550000e-09  2.50000000e+00  1.30572255e-07 -1.03073230e-05 
 4.83650000e-09  4.83650000e-09  2.50000000e+00  1.27177968e-07  1.02579516e-05 
 4.83750000e-09  4.83750000e-09  2.50000000e+00  1.23872284e-07 -1.03060507e-05 
 4.83850000e-09  4.83850000e-09  2.50000000e+00  1.20652879e-07  1.02591911e-05 
 4.83950000e-09  4.83950000e-09  2.50000000e+00  1.17517489e-07 -1.03048431e-05 
 4.84050000e-09  4.84050000e-09  2.50000000e+00  1.14463909e-07  1.02603675e-05 
 4.84150000e-09  4.84150000e-09  2.50000000e+00  1.11489994e-07 -1.03036971e-05 
 4.84250000e-09  4.84250000e-09  2.50000000e+00  1.08593656e-07  1.02614839e-05 
 4.84350000e-09  4.84350000e-09  2.50000000e+00  1.05772861e-07 -1.03026095e-05 
 4.84450000e-09  4.84450000e-09  2.50000000e+00  1.03025627e-07  1.02625435e-05 
 4.84550000e-09  4.84550000e-09  2.50000000e+00  1.00350029e-07 -1.03015772e-05 
 4.84650000e-09  4.84650000e-09  2.50000000e+00  9.77441870e-08  1.02635492e-05 
 4.84750000e-09  4.84750000e-09  2.50000000e+00  9.52062752e-08 -1.03005975e-05 
 4.84850000e-09  4.84850000e-09  2.50000000e+00  9.27345140e-08  1.02645036e-05 
 4.84950000e-09  4.84950000e-09  2.50000000e+00  9.03271708e-08 -1.02996677e-05 
 4.85050000e-09  4.85050000e-09  2.50000000e+00  8.79825588e-08  1.02654094e-05 
 4.85150000e-09  4.85150000e-09  2.50000000e+00  8.56990358e-08 -1.02987852e-05 
 4.85250000e-09  4.85250000e-09  2.50000000e+00  8.34750025e-08  1.02662691e-05 
 4.85350000e-09  4.85350000e-09  2.50000000e+00  8.13089021e-08 -1.02979477e-05 
 4.85450000e-09  4.85450000e-09  2.50000000e+00  7.91992187e-08  1.02670851e-05 
 4.85550000e-09  4.85550000e-09  2.50000000e+00  7.71444761e-08 -1.02971528e-05 
 4.85650000e-09  4.85650000e-09  2.50000000e+00  7.51432373e-08  1.02678595e-05 
 4.85750000e-09  4.85750000e-09  2.50000000e+00  7.31941030e-08 -1.02963984e-05 
 4.85850000e-09  4.85850000e-09  2.50000000e+00  7.12957102e-08  1.02685944e-05 
 4.85950000e-09  4.85950000e-09  2.50000000e+00  6.94467324e-08 -1.02956824e-05 
 4.86050000e-09  4.86050000e-09  2.50000000e+00  6.76458778e-08  1.02692920e-05 
 4.86150000e-09  4.86150000e-09  2.50000000e+00  6.58918886e-08 -1.02950028e-05 
 4.86250000e-09  4.86250000e-09  2.50000000e+00  6.41835398e-08  1.02699541e-05 
 4.86350000e-09  4.86350000e-09  2.50000000e+00  6.25196390e-08 -1.02943578e-05 
 4.86450000e-09  4.86450000e-09  2.50000000e+00  6.08990248e-08  1.02705824e-05 
 4.86550000e-09  4.86550000e-09  2.50000000e+00  5.93205666e-08 -1.02937456e-05 
 4.86650000e-09  4.86650000e-09  2.50000000e+00  5.77831634e-08  1.02711788e-05 
 4.86750000e-09  4.86750000e-09  2.50000000e+00  5.62857427e-08 -1.02931646e-05 
 4.86850000e-09  4.86850000e-09  2.50000000e+00  5.48272607e-08  1.02717448e-05 
 4.86950000e-09  4.86950000e-09  2.50000000e+00  5.34067009e-08 -1.02926132e-05 
 4.87050000e-09  4.87050000e-09  2.50000000e+00  5.20230733e-08  1.02722820e-05 
 4.87150000e-09  4.87150000e-09  2.50000000e+00  5.06754140e-08 -1.02920898e-05 
 4.87250000e-09  4.87250000e-09  2.50000000e+00  4.93627845e-08  1.02727919e-05 
 4.87350000e-09  4.87350000e-09  2.50000000e+00  4.80842705e-08 -1.02915931e-05 
 4.87450000e-09  4.87450000e-09  2.50000000e+00  4.68389820e-08  1.02732758e-05 
 4.87550000e-09  4.87550000e-09  2.50000000e+00  4.56260524e-08 -1.02911216e-05 
 4.87650000e-09  4.87650000e-09  2.50000000e+00  4.44446377e-08  1.02737351e-05 
 4.87750000e-09  4.87750000e-09  2.50000000e+00  4.32939163e-08 -1.02906742e-05 
 4.87850000e-09  4.87850000e-09  2.50000000e+00  4.21730875e-08  1.02741711e-05 
 4.87950000e-09  4.87950000e-09  2.50000000e+00  4.10813719e-08 -1.02902495e-05 
 4.88050000e-09  4.88050000e-09  2.50000000e+00  4.00180109e-08  1.02745848e-05 
 4.88150000e-09  4.88150000e-09  2.50000000e+00  3.89822652e-08 -1.02898464e-05 
 4.88250000e-09  4.88250000e-09  2.50000000e+00  3.79734154e-08  1.02749775e-05 
 4.88350000e-09  4.88350000e-09  2.50000000e+00  3.69907605e-08 -1.02894638e-05 
 4.88450000e-09  4.88450000e-09  2.50000000e+00  3.60336178e-08  1.02753503e-05 
 4.88550000e-09  4.88550000e-09  2.50000000e+00  3.51013227e-08 -1.02891007e-05 
 4.88650000e-09  4.88650000e-09  2.50000000e+00  3.41932281e-08  1.02757040e-05 
 4.88750000e-09  4.88750000e-09  2.50000000e+00  3.33087035e-08 -1.02887560e-05 
 4.88850000e-09  4.88850000e-09  2.50000000e+00  3.24471351e-08  1.02760398e-05 
 4.88950000e-09  4.88950000e-09  2.50000000e+00  3.16079254e-08 -1.02884289e-05 
 4.89050000e-09  4.89050000e-09  2.50000000e+00  3.07904921e-08  1.02763585e-05 
 4.89150000e-09  4.89150000e-09  2.50000000e+00  2.99942684e-08 -1.02881185e-05 
 4.89250000e-09  4.89250000e-09  2.50000000e+00  2.92187021e-08  1.02766609e-05 
 4.89350000e-09  4.89350000e-09  2.50000000e+00  2.84632556e-08 -1.02878238e-05 
 4.89450000e-09  4.89450000e-09  2.50000000e+00  2.77274054e-08  1.02769480e-05 
 4.89550000e-09  4.89550000e-09  2.50000000e+00  2.70106414e-08 -1.02875441e-05 
 4.89650000e-09  4.89650000e-09  2.50000000e+00  2.63124672e-08  1.02772205e-05 
 4.89750000e-09  4.89750000e-09  2.50000000e+00  2.56323992e-08 -1.02872786e-05 
 4.89850000e-09  4.89850000e-09  2.50000000e+00  2.49699662e-08  1.02774791e-05 
 4.89950000e-09  4.89950000e-09  2.50000000e+00  2.43247096e-08 -1.02870267e-05 
 4.90050000e-09  4.90050000e-09  2.50000000e+00  2.36961827e-08  1.02777246e-05 
 4.90150000e-09  4.90150000e-09  2.50000000e+00  2.30839505e-08 -1.02867875e-05 
 4.90250000e-09  4.90250000e-09  2.50000000e+00  2.24875894e-08  1.02779576e-05 
 4.90350000e-09  4.90350000e-09  2.50000000e+00  2.19066867e-08 -1.02865605e-05 
 4.90450000e-09  4.90450000e-09  2.50000000e+00  2.13408405e-08  1.02781787e-05 
 4.90550000e-09  4.90550000e-09  2.50000000e+00  2.07896597e-08 -1.02863451e-05 
 4.90650000e-09  4.90650000e-09  2.50000000e+00  2.02527629e-08  1.02783886e-05 
 4.90750000e-09  4.90750000e-09  2.50000000e+00  1.97297790e-08 -1.02861406e-05 
 4.90850000e-09  4.90850000e-09  2.50000000e+00  1.92203462e-08  1.02785878e-05 
 4.90950000e-09  4.90950000e-09  2.50000000e+00  1.87241127e-08 -1.02859465e-05 
 4.91050000e-09  4.91050000e-09  2.50000000e+00  1.82407354e-08  1.02787769e-05 
 4.91150000e-09  4.91150000e-09  2.50000000e+00  1.77698804e-08 -1.02857623e-05 
 4.91250000e-09  4.91250000e-09  2.50000000e+00  1.73112226e-08  1.02789564e-05 
 4.91350000e-09  4.91350000e-09  2.50000000e+00  1.68644450e-08 -1.02855875e-05 
 4.91450000e-09  4.91450000e-09  2.50000000e+00  1.64292391e-08  1.02791267e-05 
 4.91550000e-09  4.91550000e-09  2.50000000e+00  1.60053044e-08 -1.02854215e-05 
 4.91650000e-09  4.91650000e-09  2.50000000e+00  1.55923485e-08  1.02792884e-05 
 4.91750000e-09  4.91750000e-09  2.50000000e+00  1.51900862e-08 -1.02852640e-05 
 4.91850000e-09  4.91850000e-09  2.50000000e+00  1.47982398e-08  1.02794418e-05 
 4.91950000e-09  4.91950000e-09  2.50000000e+00  1.44165390e-08 -1.02851145e-05 
 4.92050000e-09  4.92050000e-09  2.50000000e+00  1.40447205e-08  1.02795875e-05 
 4.92150000e-09  4.92150000e-09  2.50000000e+00  1.36825277e-08 -1.02849726e-05 
 4.92250000e-09  4.92250000e-09  2.50000000e+00  1.33297107e-08  1.02797257e-05 
 4.92350000e-09  4.92350000e-09  2.50000000e+00  1.29860266e-08 -1.02848379e-05 
 4.92450000e-09  4.92450000e-09  2.50000000e+00  1.26512382e-08  1.02798570e-05 
 4.92550000e-09  4.92550000e-09  2.50000000e+00  1.23251147e-08 -1.02847101e-05 
 4.92650000e-09  4.92650000e-09  2.50000000e+00  1.20074314e-08  1.02799815e-05 
 4.92750000e-09  4.92750000e-09  2.50000000e+00  1.16979694e-08 -1.02845887e-05 
 4.92850000e-09  4.92850000e-09  2.50000000e+00  1.13965153e-08  1.02800997e-05 
 4.92950000e-09  4.92950000e-09  2.50000000e+00  1.11028614e-08 -1.02844736e-05 
 4.93050000e-09  4.93050000e-09  2.50000000e+00  1.08168053e-08  1.02802119e-05 
 4.93150000e-09  4.93150000e-09  2.50000000e+00  1.05381502e-08 -1.02843642e-05 
 4.93250000e-09  4.93250000e-09  2.50000000e+00  1.02667043e-08  1.02803184e-05 
 4.93350000e-09  4.93350000e-09  2.50000000e+00  1.00022806e-08 -1.02842605e-05 
 4.93450000e-09  4.93450000e-09  2.50000000e+00  9.74469715e-09  1.02804195e-05 
 4.93550000e-09  4.93550000e-09  2.50000000e+00  9.49377630e-09 -1.02841620e-05 
 4.93650000e-09  4.93650000e-09  2.50000000e+00  9.24934551e-09  1.02805155e-05 
 4.93750000e-09  4.93750000e-09  2.50000000e+00  9.01123652e-09 -1.02840685e-05 
 4.93850000e-09  4.93850000e-09  2.50000000e+00  8.77928561e-09  1.02806065e-05 
 4.93950000e-09  4.93950000e-09  2.50000000e+00  8.55333318e-09 -1.02839798e-05 
 4.94050000e-09  4.94050000e-09  2.50000000e+00  8.33322374e-09  1.02806930e-05 
 4.94150000e-09  4.94150000e-09  2.50000000e+00  8.11880590e-09 -1.02838956e-05 
 4.94250000e-09  4.94250000e-09  2.50000000e+00  7.90993226e-09  1.02807750e-05 
 4.94350000e-09  4.94350000e-09  2.50000000e+00  7.70645915e-09 -1.02838156e-05 
 4.94450000e-09  4.94450000e-09  2.50000000e+00  7.50824654e-09  1.02808529e-05 
 4.94550000e-09  4.94550000e-09  2.50000000e+00  7.31515816e-09 -1.02837398e-05 
 4.94650000e-09  4.94650000e-09  2.50000000e+00  7.12706130e-09  1.02809268e-05 
 4.94750000e-09  4.94750000e-09  2.50000000e+00  6.94382679e-09 -1.02836678e-05 
 4.94850000e-09  4.94850000e-09  2.50000000e+00  6.76532878e-09  1.02809970e-05 
 4.94950000e-09  4.94950000e-09  2.50000000e+00  6.59144445e-09 -1.02835994e-05 
 4.95050000e-09  4.95050000e-09  2.50000000e+00  6.42205431e-09  1.02810636e-05 
 4.95150000e-09  4.95150000e-09  2.50000000e+00  6.25704210e-09 -1.02835345e-05 
 4.95250000e-09  4.95250000e-09  2.50000000e+00  6.09629443e-09  1.02811268e-05 
 4.95350000e-09  4.95350000e-09  2.50000000e+00  5.93970089e-09 -1.02834729e-05 
 4.95450000e-09  4.95450000e-09  2.50000000e+00  5.78715389e-09  1.02811868e-05 
 4.95550000e-09  4.95550000e-09  2.50000000e+00  5.63854871e-09 -1.02834145e-05 
 4.95650000e-09  4.95650000e-09  2.50000000e+00  5.49378331e-09  1.02812437e-05 
 4.95750000e-09  4.95750000e-09  2.50000000e+00  5.35275823e-09 -1.02833590e-05 
 4.95850000e-09  4.95850000e-09  2.50000000e+00  5.21537666e-09  1.02812978e-05 
 4.95950000e-09  4.95950000e-09  2.50000000e+00  5.08154445e-09 -1.02833064e-05 
 4.96050000e-09  4.96050000e-09  2.50000000e+00  4.95116975e-09  1.02813491e-05 
 4.96150000e-09  4.96150000e-09  2.50000000e+00  4.82416306e-09 -1.02832564e-05 
 4.96250000e-09  4.96250000e-09  2.50000000e+00  4.70043723e-09  1.02813978e-05 
 4.96350000e-09  4.96350000e-09  2.50000000e+00  4.57990733e-09 -1.02832089e-05 
 4.96450000e-09  4.96450000e-09  2.50000000e+00  4.46249047e-09  1.02814440e-05 
 4.96550000e-09  4.96550000e-09  2.50000000e+00  4.34810632e-09 -1.02831639e-05 
 4.96650000e-09  4.96650000e-09  2.50000000e+00  4.23667655e-09  1.02814879e-05 
 4.96750000e-09  4.96750000e-09  2.50000000e+00  4.12812463e-09 -1.02831211e-05 
 4.96850000e-09  4.96850000e-09  2.50000000e+00  4.02237616e-09  1.02815295e-05 
 4.96950000e-09  4.96950000e-09  2.50000000e+00  3.91935857e-09 -1.02830806e-05 
 4.97050000e-09  4.97050000e-09  2.50000000e+00  3.81900123e-09  1.02815691e-05 
 4.97150000e-09  4.97150000e-09  2.50000000e+00  3.72123533e-09 -1.02830421e-05 
 4.97250000e-09  4.97250000e-09  2.50000000e+00  3.62599384e-09  1.02816066e-05 
 4.97350000e-09  4.97350000e-09  2.50000000e+00  3.53321159e-09 -1.02830055e-05 
 4.97450000e-09  4.97450000e-09  2.50000000e+00  3.44282486e-09  1.02816422e-05 
 4.97550000e-09  4.97550000e-09  2.50000000e+00  3.35477174e-09 -1.02829708e-05 
 4.97650000e-09  4.97650000e-09  2.50000000e+00  3.26899190e-09  1.02816760e-05 
 4.97750000e-09  4.97750000e-09  2.50000000e+00  3.18542658e-09 -1.02829379e-05 
 4.97850000e-09  4.97850000e-09  2.50000000e+00  3.10401857e-09  1.02817081e-05 
 4.97950000e-09  4.97950000e-09  2.50000000e+00  3.02471200e-09 -1.02829066e-05 
 4.98050000e-09  4.98050000e-09  2.50000000e+00  2.94745263e-09  1.02817385e-05 
 4.98150000e-09  4.98150000e-09  2.50000000e+00  2.87218754e-09 -1.02828769e-05 
 4.98250000e-09  4.98250000e-09  2.50000000e+00  2.79886513e-09  1.02817674e-05 
 4.98350000e-09  4.98350000e-09  2.50000000e+00  2.72743522e-09 -1.02828488e-05 
 4.98450000e-09  4.98450000e-09  2.50000000e+00  2.65784882e-09  1.02817949e-05 
 4.98550000e-09  4.98550000e-09  2.50000000e+00  2.59005836e-09 -1.02828221e-05 
 4.98650000e-09  4.98650000e-09  2.50000000e+00  2.52401754e-09  1.02818209e-05 
 4.98750000e-09  4.98750000e-09  2.50000000e+00  2.45968099e-09 -1.02827967e-05 
 4.98850000e-09  4.98850000e-09  2.50000000e+00  2.39700476e-09  1.02818456e-05 
 4.98950000e-09  4.98950000e-09  2.50000000e+00  2.33594595e-09 -1.02827726e-05 
 4.99050000e-09  4.99050000e-09  2.50000000e+00  2.27646272e-09  1.02818691e-05 
 4.99150000e-09  4.99150000e-09  2.50000000e+00  2.21851434e-09 -1.02827497e-05 
 4.99250000e-09  4.99250000e-09  2.50000000e+00  2.16206118e-09  1.02818914e-05 
 4.99350000e-09  4.99350000e-09  2.50000000e+00  2.10706465e-09 -1.02827280e-05 
 4.99450000e-09  4.99450000e-09  2.50000000e+00  2.05348712e-09  1.02819125e-05 
 4.99550000e-09  4.99550000e-09  2.50000000e+00  2.00129186e-09 -1.02827074e-05 
 4.99650000e-09  4.99650000e-09  2.50000000e+00  1.95044328e-09  1.02819326e-05 
 4.99750000e-09  4.99750000e-09  2.50000000e+00  1.90090658e-09 -1.02826879e-05 
 4.99850000e-09  4.99850000e-09  2.50000000e+00  1.85264775e-09  1.02819516e-05 
 4.99950000e-09  4.99950000e-09  2.50000000e+00  1.80563389e-09 -1.02826693e-05 
 5.00050000e-09  5.00050000e-09  2.50000000e+00  1.75983285e-09  1.02819697e-05 
 5.00150000e-09  5.00150000e-09  2.50000000e+00  1.71521323e-09 -1.02826517e-05 
 5.00250000e-09  5.00250000e-09  2.50000000e+00  1.67174457e-09  1.02819869e-05 
 5.00350000e-09  5.00350000e-09  2.50000000e+00  1.62939718e-09 -1.02826350e-05 
 5.00450000e-09  5.00450000e-09  2.50000000e+00  1.58814195e-09  1.02820032e-05 
 5.00550000e-09  5.00550000e-09  2.50000000e+00  1.54795083e-09 -1.02826191e-05 
 5.00650000e-09  5.00650000e-09  2.50000000e+00  1.50879634e-09  1.02820186e-05 
 5.00750000e-09  5.00750000e-09  2.50000000e+00  1.47065168e-09 -1.02826041e-05 
 5.00850000e-09  5.00850000e-09  2.50000000e+00  1.43349074e-09  1.02820333e-05 
 5.00950000e-09  5.00950000e-09  2.50000000e+00  1.39728826e-09 -1.02825898e-05 
 5.01050000e-09  5.01050000e-09  2.50000000e+00  1.36201946e-09  1.02820472e-05 
 5.01150000e-09  5.01150000e-09  2.50000000e+00  1.32766014e-09 -1.02825762e-05 
 5.01250000e-09  5.01250000e-09  2.50000000e+00  1.29418686e-09  1.02820605e-05 
 5.01350000e-09  5.01350000e-09  2.50000000e+00  1.26157667e-09 -1.02825633e-05 
 5.01450000e-09  5.01450000e-09  2.50000000e+00  1.22980740e-09  1.02820730e-05 
 5.01550000e-09  5.01550000e-09  2.50000000e+00  1.19885740e-09 -1.02825511e-05 
 5.01650000e-09  5.01650000e-09  2.50000000e+00  1.16870545e-09  1.02820849e-05 
 5.01750000e-09  5.01750000e-09  2.50000000e+00  1.13933097e-09 -1.02825395e-05 
 5.01850000e-09  5.01850000e-09  2.50000000e+00  1.11071383e-09  1.02820962e-05 
 5.01950000e-09  5.01950000e-09  2.50000000e+00  1.08283451e-09 -1.02825285e-05 
 5.02050000e-09  5.02050000e-09  2.50000000e+00  1.05567396e-09  1.02821070e-05 
 5.02150000e-09  5.02150000e-09  2.50000000e+00  1.02921368e-09 -1.02825180e-05 
 5.02250000e-09  5.02250000e-09  2.50000000e+00  1.00343561e-09  1.02821172e-05 
 5.02350000e-09  5.02350000e-09  2.50000000e+00  9.78322003e-10 -1.02825081e-05 
 5.02450000e-09  5.02450000e-09  2.50000000e+00  9.53855920e-10  1.02821268e-05 
 5.02550000e-09  5.02550000e-09  2.50000000e+00  9.30020621e-10 -1.02824987e-05 
 5.02650000e-09  5.02650000e-09  2.50000000e+00  9.06799757e-10  1.02821360e-05 
 5.02750000e-09  5.02750000e-09  2.50000000e+00  8.84177577e-10 -1.02824897e-05 
 5.02850000e-09  5.02850000e-09  2.50000000e+00  8.62138527e-10  1.02821447e-05 
 5.02950000e-09  5.02950000e-09  2.50000000e+00  8.40667448e-10 -1.02824812e-05 
 5.03050000e-09  5.03050000e-09  2.50000000e+00  8.19749728e-10  1.02821530e-05 
 5.03150000e-09  5.03150000e-09  2.50000000e+00  7.99371250e-10 -1.02824732e-05 
 5.03250000e-09  5.03250000e-09  2.50000000e+00  7.79518094e-10  1.02821608e-05 
 5.03350000e-09  5.03350000e-09  2.50000000e+00  7.60176538e-10 -1.02824655e-05 
 5.03450000e-09  5.03450000e-09  2.50000000e+00  7.41333506e-10  1.02821683e-05 
 5.03550000e-09  5.03550000e-09  2.50000000e+00  7.22976266e-10 -1.02824583e-05 
 5.03650000e-09  5.03650000e-09  2.50000000e+00  7.05092039e-10  1.02821754e-05 
 5.03750000e-09  5.03750000e-09  2.50000000e+00  6.87668689e-10 -1.02824514e-05 
 5.03850000e-09  5.03850000e-09  2.50000000e+00  6.70694475e-10  1.02821821e-05 
 5.03950000e-09  5.03950000e-09  2.50000000e+00  6.54157757e-10 -1.02824448e-05 
 5.04050000e-09  5.04050000e-09  2.50000000e+00  6.38047141e-10  1.02821884e-05 
 5.04150000e-09  5.04150000e-09  2.50000000e+00  6.22351681e-10 -1.02824386e-05 
 5.04250000e-09  5.04250000e-09  2.50000000e+00  6.07060727e-10  1.02821945e-05 
 5.04350000e-09  5.04350000e-09  2.50000000e+00  5.92163924e-10 -1.02824327e-05 
 5.04450000e-09  5.04450000e-09  2.50000000e+00  5.77651120e-10  1.02822002e-05 
 5.04550000e-09  5.04550000e-09  2.50000000e+00  5.63512158e-10 -1.02824271e-05 
 5.04650000e-09  5.04650000e-09  2.50000000e+00  5.49737430e-10  1.02822057e-05 
 5.04750000e-09  5.04750000e-09  2.50000000e+00  5.36317622e-10 -1.02824218e-05 
 5.04850000e-09  5.04850000e-09  2.50000000e+00  5.23243471e-10  1.02822109e-05 
 5.04950000e-09  5.04950000e-09  2.50000000e+00  5.10506309e-10 -1.02824168e-05 
 5.05050000e-09  5.05050000e-09  2.50000000e+00  4.98097319e-10  1.02822158e-05 
 5.05150000e-09  5.05150000e-09  2.50000000e+00  4.86008029e-10 -1.02824120e-05 
 5.05250000e-09  5.05250000e-09  2.50000000e+00  4.74230366e-10  1.02822204e-05 
 5.05350000e-09  5.05350000e-09  2.50000000e+00  4.62756156e-10 -1.02824075e-05 
 5.05450000e-09  5.05450000e-09  2.50000000e+00  4.51577524e-10  1.02822249e-05 
 5.05550000e-09  5.05550000e-09  2.50000000e+00  4.40686890e-10 -1.02824031e-05 
 5.05650000e-09  5.05650000e-09  2.50000000e+00  4.30076873e-10  1.02822291e-05 
 5.05750000e-09  5.05750000e-09  2.50000000e+00  4.19740192e-10 -1.02823991e-05 
 5.05850000e-09  5.05850000e-09  2.50000000e+00  4.09669813e-10  1.02822330e-05 
 5.05950000e-09  5.05950000e-09  2.50000000e+00  3.99858850e-10 -1.02823952e-05 
 5.06050000e-09  5.06050000e-09  2.50000000e+00  3.90300666e-10  1.02822368e-05 
 5.06150000e-09  5.06150000e-09  2.50000000e+00  3.80988623e-10 -1.02823915e-05 
 5.06250000e-09  5.06250000e-09  2.50000000e+00  3.71916479e-10  1.02822404e-05 
 5.06350000e-09  5.06350000e-09  2.50000000e+00  3.63078043e-10 -1.02823880e-05 
 5.06450000e-09  5.06450000e-09  2.50000000e+00  3.54467321e-10  1.02822438e-05 
 5.06550000e-09  5.06550000e-09  2.50000000e+00  3.46078368e-10 -1.02823847e-05 
 5.06650000e-09  5.06650000e-09  2.50000000e+00  3.37905439e-10  1.02822471e-05 
 5.06750000e-09  5.06750000e-09  2.50000000e+00  3.29942985e-10 -1.02823815e-05 
 5.06850000e-09  5.06850000e-09  2.50000000e+00  3.22185756e-10  1.02822501e-05 
 5.06950000e-09  5.06950000e-09  2.50000000e+00  3.14628402e-10 -1.02823785e-05 
 5.07050000e-09  5.07050000e-09  2.50000000e+00  3.07265722e-10  1.02822530e-05 
 5.07150000e-09  5.07150000e-09  2.50000000e+00  3.00092663e-10 -1.02823757e-05 
 5.07250000e-09  5.07250000e-09  2.50000000e+00  2.93104321e-10  1.02822558e-05 
 5.07350000e-09  5.07350000e-09  2.50000000e+00  2.86295990e-10 -1.02823730e-05 
 5.07450000e-09  5.07450000e-09  2.50000000e+00  2.79662965e-10  1.02822584e-05 
 5.07550000e-09  5.07550000e-09  2.50000000e+00  2.73200737e-10 -1.02823704e-05 
 5.07650000e-09  5.07650000e-09  2.50000000e+00  2.66904998e-10  1.02822609e-05 
 5.07750000e-09  5.07750000e-09  2.50000000e+00  2.60771536e-10 -1.02823680e-05 
 5.07850000e-09  5.07850000e-09  2.50000000e+00  2.54795993e-10  1.02822633e-05 
 5.07950000e-09  5.07950000e-09  2.50000000e+00  2.48974257e-10 -1.02823657e-05 
 5.08050000e-09  5.08050000e-09  2.50000000e+00  2.43302316e-10  1.02822655e-05 
 5.08150000e-09  5.08150000e-09  2.50000000e+00  2.37776603e-10 -1.02823635e-05 
 5.08250000e-09  5.08250000e-09  2.50000000e+00  2.32393205e-10  1.02822677e-05 
 5.08350000e-09  5.08350000e-09  2.50000000e+00  2.27148357e-10 -1.02823614e-05 
 5.08450000e-09  5.08450000e-09  2.50000000e+00  2.22038543e-10  1.02822697e-05 
 5.08550000e-09  5.08550000e-09  2.50000000e+00  2.17060393e-10 -1.02823595e-05 
 5.08650000e-09  5.08650000e-09  2.50000000e+00  2.12210590e-10  1.02822716e-05 
 5.08750000e-09  5.08750000e-09  2.50000000e+00  2.07485664e-10 -1.02823576e-05 
 5.08850000e-09  5.08850000e-09  2.50000000e+00  2.02882398e-10  1.02822734e-05 
 5.08950000e-09  5.08950000e-09  2.50000000e+00  1.98397669e-10 -1.02823558e-05 
 5.09050000e-09  5.09050000e-09  2.50000000e+00  1.94028358e-10  1.02822752e-05 
 5.09150000e-09  5.09150000e-09  2.50000000e+00  1.89771591e-10 -1.02823541e-05 
 5.09250000e-09  5.09250000e-09  2.50000000e+00  1.85624594e-10  1.02822768e-05 
 5.09350000e-09  5.09350000e-09  2.50000000e+00  1.81584297e-10 -1.02823525e-05 
 5.09450000e-09  5.09450000e-09  2.50000000e+00  1.77647924e-10  1.02822784e-05 
 5.09550000e-09  5.09550000e-09  2.50000000e+00  1.73812901e-10 -1.02823510e-05 
 5.09650000e-09  5.09650000e-09  2.50000000e+00  1.70076552e-10  1.02822799e-05 
 5.09750000e-09  5.09750000e-09  2.50000000e+00  1.66436450e-10 -1.02823496e-05 
 5.09850000e-09  5.09850000e-09  2.50000000e+00  1.62890217e-10  1.02822813e-05 
 5.09950000e-09  5.09950000e-09  2.50000000e+00  1.59435179e-10 -1.02823482e-05 
 5.10050000e-09  5.10050000e-09  2.50000000e+00  1.56069007e-10  1.02822826e-05 
 5.10150000e-09  5.10150000e-09  2.50000000e+00  1.52789423e-10 -1.02823469e-05 
 5.10250000e-09  5.10250000e-09  2.50000000e+00  1.49594396e-10  1.02822839e-05 
 5.10350000e-09  5.10350000e-09  2.50000000e+00  1.46481746e-10 -1.02823457e-05 
 5.10450000e-09  5.10450000e-09  2.50000000e+00  1.43449145e-10  1.02822851e-05 
 5.10550000e-09  5.10550000e-09  2.50000000e+00  1.40494661e-10 -1.02823445e-05 
 5.10650000e-09  5.10650000e-09  2.50000000e+00  1.37616313e-10  1.02822862e-05 
 5.10750000e-09  5.10750000e-09  2.50000000e+00  1.34812020e-10 -1.02823434e-05 
 5.10850000e-09  5.10850000e-09  2.50000000e+00  1.32079950e-10  1.02822873e-05 
 5.10950000e-09  5.10950000e-09  2.50000000e+00  1.29418170e-10 -1.02823423e-05 
 5.11050000e-09  5.11050000e-09  2.50000000e+00  1.26824898e-10  1.02822883e-05 
 5.11150000e-09  5.11150000e-09  2.50000000e+00  1.24298350e-10 -1.02823413e-05 
 5.11250000e-09  5.11250000e-09  2.50000000e+00  1.21836891e-10  1.02822893e-05 
 5.11350000e-09  5.11350000e-09  2.50000000e+00  1.19438887e-10 -1.02823404e-05 
 5.11450000e-09  5.11450000e-09  2.50000000e+00  1.17102554e-10  1.02822902e-05 
 5.11550000e-09  5.11550000e-09  2.50000000e+00  1.14826357e-10 -1.02823395e-05 
 5.11650000e-09  5.11650000e-09  2.50000000e+00  1.12608810e-10  1.02822911e-05 
 5.11750000e-09  5.11750000e-09  2.50000000e+00  1.10448328e-10 -1.02823386e-05 
 5.11850000e-09  5.11850000e-09  2.50000000e+00  1.08343424e-10  1.02822919e-05 
 5.11950000e-09  5.11950000e-09  2.50000000e+00  1.06292761e-10 -1.02823378e-05 
 5.12050000e-09  5.12050000e-09  2.50000000e+00  1.04294903e-10  1.02822927e-05 
 5.12150000e-09  5.12150000e-09  2.50000000e+00  1.02348364e-10 -1.02823370e-05 
 5.12250000e-09  5.12250000e-09  2.50000000e+00  1.00451905e-10  1.02822935e-05 
 5.12350000e-09  5.12350000e-09  2.50000000e+00  9.86043862e-11 -1.02823363e-05 
 5.12450000e-09  5.12450000e-09  2.50000000e+00  9.68043228e-11  1.02822942e-05 
 5.12550000e-09  5.12550000e-09  2.50000000e+00  9.50506243e-11 -1.02823356e-05 
 5.12650000e-09  5.12650000e-09  2.50000000e+00  9.33420525e-11  1.02822949e-05 
 5.12750000e-09  5.12750000e-09  2.50000000e+00  9.16773690e-11 -1.02823349e-05 
 5.12850000e-09  5.12850000e-09  2.50000000e+00  9.00556822e-11  1.02822955e-05 
 5.12950000e-09  5.12950000e-09  2.50000000e+00  8.84757536e-11 -1.02823343e-05 
 5.13050000e-09  5.13050000e-09  2.50000000e+00  8.69364935e-11  1.02822961e-05 
 5.13150000e-09  5.13150000e-09  2.50000000e+00  8.54369607e-11 -1.02823337e-05 
 5.13250000e-09  5.13250000e-09  2.50000000e+00  8.39758673e-11  1.02822967e-05 
 5.13350000e-09  5.13350000e-09  2.50000000e+00  8.25523712e-11 -1.02823331e-05 
 5.13450000e-09  5.13450000e-09  2.50000000e+00  8.11655312e-11  1.02822973e-05 
 5.13550000e-09  5.13550000e-09  2.50000000e+00  7.98144062e-11 -1.02823326e-05 
 5.13650000e-09  5.13650000e-09  2.50000000e+00  7.84980550e-11  1.02822978e-05 
 5.13750000e-09  5.13750000e-09  2.50000000e+00  7.72156354e-11 -1.02823321e-05 
 5.13850000e-09  5.13850000e-09  2.50000000e+00  7.59662559e-11  1.02822983e-05 
 5.13950000e-09  5.13950000e-09  2.50000000e+00  7.47489258e-11 -1.02823316e-05 
 5.14050000e-09  5.14050000e-09  2.50000000e+00  7.35629019e-11  1.02822987e-05 
 5.14150000e-09  5.14150000e-09  2.50000000e+00  7.24075405e-11 -1.02823312e-05 
 5.14250000e-09  5.14250000e-09  2.50000000e+00  7.12819002e-11  1.02822992e-05 
 5.14350000e-09  5.14350000e-09  2.50000000e+00  7.01851389e-11 -1.02823307e-05 
 5.14450000e-09  5.14450000e-09  2.50000000e+00  6.91166128e-11  1.02822996e-05 
 5.14550000e-09  5.14550000e-09  2.50000000e+00  6.80755788e-11 -1.02823303e-05 
 5.14650000e-09  5.14650000e-09  2.50000000e+00  6.70612444e-11  1.02823000e-05 
 5.14750000e-09  5.14750000e-09  2.50000000e+00  6.60729655e-11 -1.02823299e-05 
 5.14850000e-09  5.14850000e-09  2.50000000e+00  6.51102468e-11  1.02823004e-05 
 5.14950000e-09  5.14950000e-09  2.50000000e+00  6.41723949e-11 -1.02823295e-05 
 5.15050000e-09  5.15050000e-09  2.50000000e+00  6.32586666e-11  1.02823008e-05 
 5.15150000e-09  5.15150000e-09  2.50000000e+00  6.23684181e-11 -1.02823292e-05 
 5.15250000e-09  5.15250000e-09  2.50000000e+00  6.15011539e-11  1.02823011e-05 
 5.15350000e-09  5.15350000e-09  2.50000000e+00  6.06562797e-11 -1.02823289e-05 
 5.15450000e-09  5.15450000e-09  2.50000000e+00  5.98331516e-11  1.02823014e-05 
 5.15550000e-09  5.15550000e-09  2.50000000e+00  5.90311749e-11 -1.02823285e-05 
 5.15650000e-09  5.15650000e-09  2.50000000e+00  5.82497060e-11  1.02823017e-05 
 5.15750000e-09  5.15750000e-09  2.50000000e+00  5.74883483e-11 -1.02823282e-05 
 5.15850000e-09  5.15850000e-09  2.50000000e+00  5.67466066e-11  1.02823020e-05 
 5.15950000e-09  5.15950000e-09  2.50000000e+00  5.60239360e-11 -1.02823280e-05 
 5.16050000e-09  5.16050000e-09  2.50000000e+00  5.53198907e-11  1.02823023e-05 
 5.16150000e-09  5.16150000e-09  2.50000000e+00  5.46339753e-11 -1.02823277e-05 
 5.16250000e-09  5.16250000e-09  2.50000000e+00  5.39656945e-11  1.02823026e-05 
 5.16350000e-09  5.16350000e-09  2.50000000e+00  5.33145034e-11 -1.02823274e-05 
 5.16450000e-09  5.16450000e-09  2.50000000e+00  5.26801543e-11  1.02823028e-05 
 5.16550000e-09  5.16550000e-09  2.50000000e+00  5.20622013e-11 -1.02823272e-05 
 5.16650000e-09  5.16650000e-09  2.50000000e+00  5.14601987e-11  1.02823031e-05 
 5.16750000e-09  5.16750000e-09  2.50000000e+00  5.08736512e-11 -1.02823269e-05 
 5.16850000e-09  5.16850000e-09  2.50000000e+00  5.03022119e-11  1.02823033e-05 
 5.16950000e-09  5.16950000e-09  2.50000000e+00  4.97455341e-11 -1.02823267e-05 
 5.17050000e-09  5.17050000e-09  2.50000000e+00  4.92031225e-11  1.02823035e-05 
 5.17150000e-09  5.17150000e-09  2.50000000e+00  4.86746799e-11 -1.02823265e-05 
 5.17250000e-09  5.17250000e-09  2.50000000e+00  4.81597108e-11  1.02823037e-05 
 5.17350000e-09  5.17350000e-09  2.50000000e+00  4.76579677e-11 -1.02823263e-05 
 5.17450000e-09  5.17450000e-09  2.50000000e+00  4.71691038e-11  1.02823039e-05 
 5.17550000e-09  5.17550000e-09  2.50000000e+00  4.66928218e-11 -1.02823261e-05 
 5.17650000e-09  5.17650000e-09  2.50000000e+00  4.62289236e-11  1.02823041e-05 
 5.17750000e-09  5.17750000e-09  2.50000000e+00  4.57768644e-11 -1.02823259e-05 
 5.17850000e-09  5.17850000e-09  2.50000000e+00  4.53364460e-11  1.02823043e-05 
 5.17950000e-09  5.17950000e-09  2.50000000e+00  4.49074703e-11 -1.02823258e-05 
 5.18050000e-09  5.18050000e-09  2.50000000e+00  4.44895409e-11  1.02823044e-05 
 5.18150000e-09  5.18150000e-09  2.50000000e+00  4.40824598e-11 -1.02823256e-05 
 5.18250000e-09  5.18250000e-09  2.50000000e+00  4.36859296e-11  1.02823046e-05 
 5.18350000e-09  5.18350000e-09  2.50000000e+00  4.32995542e-11 -1.02823255e-05 
 5.18450000e-09  5.18450000e-09  2.50000000e+00  4.29229868e-11  1.02823047e-05 
 5.18550000e-09  5.18550000e-09  2.50000000e+00  4.25560293e-11 -1.02823253e-05 
 5.18650000e-09  5.18650000e-09  2.50000000e+00  4.21985825e-11  1.02823049e-05 
 5.18750000e-09  5.18750000e-09  2.50000000e+00  4.18502503e-11 -1.02823252e-05 
 5.18850000e-09  5.18850000e-09  2.50000000e+00  4.15108343e-11  1.02823050e-05 
 5.18950000e-09  5.18950000e-09  2.50000000e+00  4.11801862e-11 -1.02823250e-05 
 5.19050000e-09  5.19050000e-09  2.50000000e+00  4.08581076e-11  1.02823051e-05 
 5.19150000e-09  5.19150000e-09  2.50000000e+00  4.05444005e-11 -1.02823249e-05 
 5.19250000e-09  5.19250000e-09  2.50000000e+00  4.02387677e-11  1.02823053e-05 
 5.19350000e-09  5.19350000e-09  2.50000000e+00  3.99409119e-11 -1.02823248e-05 
 5.19450000e-09  5.19450000e-09  2.50000000e+00  3.96507836e-11  1.02823054e-05 
 5.19550000e-09  5.19550000e-09  2.50000000e+00  3.93682342e-11 -1.02823247e-05 
 5.19650000e-09  5.19650000e-09  2.50000000e+00  3.90927684e-11  1.02823055e-05 
 5.19750000e-09  5.19750000e-09  2.50000000e+00  3.88243861e-11 -1.02823246e-05 
 5.19850000e-09  5.19850000e-09  2.50000000e+00  3.85629883e-11  1.02823056e-05 
 5.19950000e-09  5.19950000e-09  2.50000000e+00  3.83082777e-11 -1.02823245e-05 
 5.20050000e-09  5.20050000e-09  2.50000000e+00  3.80602049e-11  1.02823057e-05 
 5.20150000e-09  5.20150000e-09  2.50000000e+00  3.78184726e-11 -1.02823244e-05 
 5.20250000e-09  5.20250000e-09  2.50000000e+00  3.75828827e-11  1.02823058e-05 
 5.20350000e-09  5.20350000e-09  2.50000000e+00  3.73533361e-11 -1.02823243e-05 
 5.20450000e-09  5.20450000e-09  2.50000000e+00  3.71297337e-11  1.02823059e-05 
 5.20550000e-09  5.20550000e-09  2.50000000e+00  3.69119270e-11 -1.02823242e-05 
 5.20650000e-09  5.20650000e-09  2.50000000e+00  3.66996682e-11  1.02823060e-05 
 5.20750000e-09  5.20750000e-09  2.50000000e+00  3.64928583e-11 -1.02823241e-05 
 5.20850000e-09  5.20850000e-09  2.50000000e+00  3.62913486e-11  1.02823060e-05 
 5.20950000e-09  5.20950000e-09  2.50000000e+00  3.60950402e-11 -1.02823241e-05 
 5.21050000e-09  5.21050000e-09  2.50000000e+00  3.59037844e-11  1.02823061e-05 
 5.21150000e-09  5.21150000e-09  2.50000000e+00  3.57173831e-11 -1.02823240e-05 
 5.21250000e-09  5.21250000e-09  2.50000000e+00  3.55358362e-11  1.02823062e-05 
 5.21350000e-09  5.21350000e-09  2.50000000e+00  3.53589951e-11 -1.02823239e-05 
 5.21450000e-09  5.21450000e-09  2.50000000e+00  3.51866122e-11  1.02823063e-05 
 5.21550000e-09  5.21550000e-09  2.50000000e+00  3.50187371e-11 -1.02823238e-05 
 5.21650000e-09  5.21650000e-09  2.50000000e+00  3.48551715e-11  1.02823063e-05 
 5.21750000e-09  5.21750000e-09  2.50000000e+00  3.46958164e-11 -1.02823238e-05 
 5.21850000e-09  5.21850000e-09  2.50000000e+00  3.45404737e-11  1.02823064e-05 
 5.21925000e-09  5.21925000e-09  2.50000000e+00  3.44266520e-11 -1.02823237e-05 
 5.22000000e-09  5.22000000e-09  2.50000000e+00  3.43150996e-11  1.02823064e-05 
 5.22010000e-09  5.22010000e-09  2.48750000e+00 -2.77353500e-06 -7.07578008e-04 
 5.22030000e-09  5.22030000e-09  2.46250000e+00 -8.24031320e-06 -6.69724887e-04 
 5.22070000e-09  5.22070000e-09  2.41250000e+00 -1.87053302e-05 -6.31259762e-04 
 5.22150000e-09  5.22150000e-09  2.31250000e+00 -3.78764430e-05 -5.93327724e-04 
 5.22250000e-09  5.22250000e-09  2.18750000e+00 -5.88259536e-05 -6.44425678e-04 
 5.22350000e-09  5.22350000e-09  2.06250000e+00 -7.68001519e-05 -6.68895472e-04 
 5.22450000e-09  5.22450000e-09  1.93750000e+00 -9.17506472e-05 -6.83455949e-04 
 5.22550000e-09  5.22550000e-09  1.81250000e+00 -1.02887294e-04 -6.80131034e-04 
 5.22650000e-09  5.22650000e-09  1.68750000e+00 -1.09197548e-04 -7.08526851e-04 
 5.22750000e-09  5.22750000e-09  1.56250000e+00 -1.09806697e-04 -7.19082479e-04 
 5.22850000e-09  5.22850000e-09  1.43750000e+00 -1.03953146e-04 -7.61237685e-04 
 5.22950000e-09  5.22950000e-09  1.31250000e+00 -9.09648609e-05 -7.85246822e-04 
 5.23050000e-09  5.23050000e-09  1.18750000e+00 -7.02365737e-05 -8.40344370e-04 
 5.23150000e-09  5.23150000e-09  1.06250000e+00 -4.12070730e-05 -8.76551139e-04 
 5.23250000e-09  5.23250000e-09  9.37500000e-01 -3.33542299e-06 -9.42825344e-04 
 5.23350000e-09  5.23350000e-09  8.12500000e-01  4.39265496e-05 -9.88833148e-04 
 5.23450000e-09  5.23450000e-09  6.87500000e-01  1.01175630e-04 -1.06296485e-03 
 5.23550000e-09  5.23550000e-09  5.62500000e-01  1.69187734e-04 -1.11312886e-03 
 5.23650000e-09  5.23650000e-09  4.37500000e-01  2.54426659e-04 -1.11780471e-03 
 5.23750000e-09  5.23750000e-09  3.12500000e-01  3.57035612e-04 -1.16766517e-03 
 5.23850000e-09  5.23850000e-09  1.87500000e-01  4.70932305e-04 -1.24992831e-03 
 5.23925000e-09  5.23925000e-09  9.37500000e-02  5.64163805e-04 -1.28378036e-03 
 5.24000000e-09  5.24000000e-09  3.41948692e-14  6.64451412e-04 -1.34878400e-03 
 5.24010000e-09  5.24010000e-09  0.00000000e+00  6.79915402e-04 -7.14046398e-04 
 5.24030000e-09  5.24030000e-09  0.00000000e+00  7.10488884e-04 -7.09961646e-04 
 5.24070000e-09  5.24070000e-09  0.00000000e+00  7.69284134e-04 -7.09317291e-04 
 5.24150000e-09  5.24150000e-09  0.00000000e+00  8.77743392e-04 -7.03690047e-04 
 5.24250000e-09  5.24250000e-09  0.00000000e+00  9.97450665e-04 -7.01528224e-04 
 5.24350000e-09  5.24350000e-09  0.00000000e+00  1.10119678e-03 -6.96095099e-04 
 5.24450000e-09  5.24450000e-09  0.00000000e+00  1.19067472e-03 -6.95037695e-04 
 5.24550000e-09  5.24550000e-09  0.00000000e+00  1.26741629e-03 -6.90632613e-04 
 5.24650000e-09  5.24650000e-09  0.00000000e+00  1.33280739e-03 -6.90529918e-04 
 5.24750000e-09  5.24750000e-09  0.00000000e+00  1.38810142e-03 -6.87012698e-04 
 5.24850000e-09  5.24850000e-09  0.00000000e+00  1.43445480e-03 -6.87298728e-04 
 5.24950000e-09  5.24950000e-09  0.00000000e+00  1.47238095e-03 -6.84864417e-04 
 5.25050000e-09  5.25050000e-09  0.00000000e+00  1.50124748e-03 -6.91463138e-04 
 5.25150000e-09  5.25150000e-09  0.00000000e+00  1.51997430e-03 -6.99373296e-04 
 5.25250000e-09  5.25250000e-09  0.00000000e+00  1.52764762e-03 -7.16275766e-04 
 5.25350000e-09  5.25350000e-09  0.00000000e+00  1.52350461e-03 -7.34401962e-04 
 5.25450000e-09  5.25450000e-09  0.00000000e+00  1.50691892e-03 -7.61385019e-04 
 5.25550000e-09  5.25550000e-09  0.00000000e+00  1.47738697e-03 -7.89410604e-04 
 5.25650000e-09  5.25650000e-09  0.00000000e+00  1.43451516e-03 -8.26068282e-04 
 5.25750000e-09  5.25750000e-09  0.00000000e+00  1.37800780e-03 -8.63502472e-04 
 5.25850000e-09  5.25850000e-09  0.00000000e+00  1.30765584e-03 -9.09263926e-04 
 5.25950000e-09  5.25950000e-09  0.00000000e+00  1.22332631e-03 -9.55460764e-04 
 5.26050000e-09  5.26050000e-09  0.00000000e+00  1.12495239e-03 -1.00961000e-03 
 5.26150000e-09  5.26150000e-09  0.00000000e+00  1.01252416e-03 -1.06378860e-03 
 5.26250000e-09  5.26250000e-09  0.00000000e+00  8.86079952e-04 -1.12548498e-03 
 5.26350000e-09  5.26350000e-09  0.00000000e+00  7.45698249e-04 -1.18675005e-03 
 5.26450000e-09  5.26450000e-09  0.00000000e+00  5.91490103e-04 -1.25504868e-03 
 5.26550000e-09  5.26550000e-09  0.00000000e+00  4.23592058e-04 -1.32241056e-03 
 5.26650000e-09  5.26650000e-09  0.00000000e+00  2.42159512e-04 -1.39628167e-03 
 5.26750000e-09  5.26750000e-09  0.00000000e+00  4.73604815e-05 -1.46867498e-03 
 5.26850000e-09  5.26850000e-09  0.00000000e+00 -1.60629999e-04 -1.54702169e-03 
 5.26950000e-09  5.26950000e-09  0.00000000e+00 -3.81634747e-04 -1.62332186e-03 
 5.27050000e-09  5.27050000e-09  0.00000000e+00 -6.15479838e-04 -1.70499553e-03 
 5.27150000e-09  5.27150000e-09  0.00000000e+00 -8.62000226e-04 -1.78403310e-03 
 5.27250000e-09  5.27250000e-09  0.00000000e+00 -1.12104462e-03 -1.86784621e-03 
 5.27350000e-09  5.27350000e-09  0.00000000e+00 -1.39248023e-03 -1.94841789e-03 
 5.27450000e-09  5.27450000e-09  0.00000000e+00 -1.67619740e-03 -2.03315313e-03 
 5.27550000e-09  5.27550000e-09  0.00000000e+00 -1.97211431e-03 -2.11402889e-03 
 5.27650000e-09  5.27650000e-09  0.00000000e+00 -2.28017591e-03 -2.19846446e-03 
 5.27750000e-09  5.27750000e-09  0.00000000e+00 -2.60034840e-03 -2.27846913e-03 
 5.27850000e-09  5.27850000e-09  0.00000000e+00 -2.93262771e-03 -2.36144923e-03 
 5.27950000e-09  5.27950000e-09  0.00000000e+00 -3.27705280e-03 -2.43938341e-03 
 5.28050000e-09  5.28050000e-09  0.00000000e+00 -3.63371099e-03 -2.51967294e-03 
 5.28150000e-09  5.28150000e-09  0.00000000e+00 -4.00274375e-03 -2.59429044e-03 
 5.28250000e-09  5.28250000e-09  0.00000000e+00 -4.38435313e-03 -2.67062934e-03 
 5.28350000e-09  5.28350000e-09  0.00000000e+00 -4.77880911e-03 -2.74065207e-03 
 5.28450000e-09  5.28450000e-09  0.00000000e+00 -5.18645804e-03 -2.81173882e-03 
 5.28550000e-09  5.28550000e-09  0.00000000e+00 -5.60773264e-03 -2.87583489e-03 
 5.28650000e-09  5.28650000e-09  0.00000000e+00 -6.04316382e-03 -2.94029841e-03 
 5.28750000e-09  5.28750000e-09  0.00000000e+00 -6.49339507e-03 -2.99704644e-03 
 5.28850000e-09  5.28850000e-09  0.00000000e+00 -6.95920011e-03 -3.05340102e-03 
 5.28950000e-09  5.28950000e-09  0.00000000e+00 -7.44150497e-03 -3.10123303e-03 
 5.29050000e-09  5.29050000e-09  0.00000000e+00 -7.94141599e-03 -3.14780523e-03 
 5.29150000e-09  5.29150000e-09  0.00000000e+00 -8.45885199e-03 -3.18983013e-03 
 5.29250000e-09  5.29250000e-09  0.00000000e+00 -8.98440463e-03 -3.26356441e-03 
 5.29350000e-09  5.29350000e-09  0.00000000e+00 -9.50951113e-03 -3.33317360e-03 
 5.29450000e-09  5.29450000e-09  0.00000000e+00 -1.00351313e-02 -3.40444005e-03 
 5.29550000e-09  5.29550000e-09  0.00000000e+00 -1.05623548e-02 -3.47159685e-03 
 5.29650000e-09  5.29650000e-09  0.00000000e+00 -1.10924900e-02 -3.54041243e-03 
 5.29750000e-09  5.29750000e-09  0.00000000e+00 -1.16271786e-02 -3.60517340e-03 
 5.29850000e-09  5.29850000e-09  0.00000000e+00 -1.21685895e-02 -3.67172162e-03 
 5.29950000e-09  5.29950000e-09  0.00000000e+00 -1.27197714e-02 -3.73444974e-03 
 5.30050000e-09  5.30050000e-09  0.00000000e+00 -1.32854921e-02 -3.79928456e-03 
 5.30150000e-09  5.30150000e-09  0.00000000e+00 -1.38739583e-02 -3.86099609e-03 
 5.30250000e-09  5.30250000e-09  0.00000000e+00 -1.44931137e-02 -3.93117922e-03 
 5.30350000e-09  5.30350000e-09  0.00000000e+00 -1.51342189e-02 -4.01483560e-03 
 5.30450000e-09  5.30450000e-09  0.00000000e+00 -1.57844051e-02 -4.10231375e-03 
 5.30550000e-09  5.30550000e-09  0.00000000e+00 -1.64417376e-02 -4.18754682e-03 
 5.30650000e-09  5.30650000e-09  0.00000000e+00 -1.71044869e-02 -4.27639067e-03 
 5.30750000e-09  5.30750000e-09  0.00000000e+00 -1.77711486e-02 -4.36264984e-03 
 5.30850000e-09  5.30850000e-09  0.00000000e+00 -1.84404234e-02 -4.45219821e-03 
 5.30950000e-09  5.30950000e-09  0.00000000e+00 -1.91111990e-02 -4.53885838e-03 
 5.31050000e-09  5.31050000e-09  0.00000000e+00 -1.97847951e-02 -4.61916209e-03 
 5.31150000e-09  5.31150000e-09  0.00000000e+00 -2.04576143e-02 -4.70237449e-03 
 5.31250000e-09  5.31250000e-09  0.00000000e+00 -2.11146863e-02 -4.80771964e-03 
 5.31350000e-09  5.31350000e-09  0.00000000e+00 -2.17369663e-02 -4.93039056e-03 
 5.31450000e-09  5.31450000e-09  0.00000000e+00 -2.23055260e-02 -5.07741280e-03 
 5.31550000e-09  5.31550000e-09  0.00000000e+00 -2.28015379e-02 -5.24386982e-03 
 5.31650000e-09  5.31650000e-09  0.00000000e+00 -2.32062574e-02 -5.43667342e-03 
 5.31750000e-09  5.31750000e-09  0.00000000e+00 -2.35010061e-02 -5.65078956e-03 
 5.31850000e-09  5.31850000e-09  0.00000000e+00 -2.36671534e-02 -5.89300926e-03 
 5.31950000e-09  5.31950000e-09  0.00000000e+00 -2.36860983e-02 -6.15817488e-03 
 5.32050000e-09  5.32050000e-09  0.00000000e+00 -2.35392489e-02 -6.45295139e-03 
 5.32150000e-09  5.32150000e-09  0.00000000e+00 -2.32080022e-02 -6.77205299e-03 
 5.32250000e-09  5.32250000e-09  0.00000000e+00 -2.26737212e-02 -7.12201475e-03 
 5.32350000e-09  5.32350000e-09  0.00000000e+00 -2.19177235e-02 -7.49788530e-03 
 5.32450000e-09  5.32450000e-09  0.00000000e+00 -2.09213389e-02 -7.90559301e-03 
 5.32550000e-09  5.32550000e-09  0.00000000e+00 -1.96658462e-02 -8.33955774e-03 
 5.32650000e-09  5.32650000e-09  0.00000000e+00 -1.81323225e-02 -8.80607658e-03 
 5.32750000e-09  5.32750000e-09  0.00000000e+00 -1.63009722e-02 -9.29907948e-03 
 5.32850000e-09  5.32850000e-09  0.00000000e+00 -1.41505265e-02 -9.82058207e-03 
 5.32950000e-09  5.32950000e-09  0.00000000e+00 -1.16596665e-02 -1.03630891e-02 
 5.33050000e-09  5.33050000e-09  0.00000000e+00 -8.80794367e-03 -1.09322858e-02 
 5.33150000e-09  5.33150000e-09  0.00000000e+00 -5.57533300e-03 -1.15218509e-02 
 5.33250000e-09  5.33250000e-09  0.00000000e+00 -1.94222762e-03 -1.21371735e-02 
 5.33350000e-09  5.33350000e-09  0.00000000e+00  2.11053941e-03 -1.27716668e-02 
 5.33450000e-09  5.33450000e-09  0.00000000e+00  6.60147431e-03 -1.34305007e-02 
 5.33550000e-09  5.33550000e-09  0.00000000e+00  1.15483762e-02 -1.41068731e-02 
 5.33650000e-09  5.33650000e-09  0.00000000e+00  1.69685247e-02 -1.48057327e-02 
 5.33750000e-09  5.33750000e-09  0.00000000e+00  2.28787320e-02 -1.55200924e-02 
 5.33850000e-09  5.33850000e-09  0.00000000e+00  2.92953676e-02 -1.62547399e-02 
 5.33950000e-09  5.33950000e-09  0.00000000e+00  3.62343889e-02 -1.70025483e-02 
 5.34050000e-09  5.34050000e-09  0.00000000e+00  4.37113782e-02 -1.77681860e-02 
 5.34150000e-09  5.34150000e-09  0.00000000e+00  5.17415860e-02 -1.85444274e-02 
 5.34250000e-09  5.34250000e-09  0.00000000e+00  6.03399811e-02 -1.93358630e-02 
 5.34350000e-09  5.34350000e-09  0.00000000e+00  6.95213078e-02 -2.01352096e-02 
 5.34450000e-09  5.34450000e-09  0.00000000e+00  7.93001521e-02 -2.09470214e-02 
 5.34550000e-09  5.34550000e-09  0.00000000e+00  8.96910163e-02 -2.17640001e-02 
 5.34650000e-09  5.34650000e-09  0.00000000e+00  1.00708404e-01 -2.25907069e-02 
 5.34750000e-09  5.34750000e-09  0.00000000e+00  1.12366919e-01 -2.34198741e-02 
 5.34850000e-09  5.34850000e-09  0.00000000e+00  1.24681376e-01 -2.42561189e-02 
 5.34950000e-09  5.34950000e-09  0.00000000e+00  1.37666931e-01 -2.50922581e-02 
 5.35050000e-09  5.35050000e-09  0.00000000e+00  1.51339234e-01 -2.59330264e-02 
 5.35150000e-09  5.35150000e-09  0.00000000e+00  1.65714609e-01 -2.67713971e-02 
 5.35250000e-09  5.35250000e-09  0.00000000e+00  1.80810270e-01 -2.76123104e-02 
 5.35350000e-09  5.35350000e-09  0.00000000e+00  1.96644586e-01 -2.84490081e-02 
 5.35450000e-09  5.35450000e-09  0.00000000e+00  2.13237410e-01 -2.92867827e-02 
 5.35550000e-09  5.35550000e-09  0.00000000e+00  2.30610495e-01 -3.01193437e-02 
 5.35650000e-09  5.35650000e-09  0.00000000e+00  2.48788047e-01 -3.09526162e-02 
 5.35750000e-09  5.35750000e-09  0.00000000e+00  2.67797450e-01 -3.17811857e-02 
 5.35850000e-09  5.35850000e-09  0.00000000e+00  2.87670284e-01 -3.26122253e-02 
 5.35950000e-09  5.35950000e-09  0.00000000e+00  3.08443781e-01 -3.34421603e-02 
 5.36050000e-09  5.36050000e-09  0.00000000e+00  3.30162990e-01 -3.42809894e-02 
 5.36150000e-09  5.36150000e-09  0.00000000e+00  3.52884205e-01 -3.51296992e-02 
 5.36250000e-09  5.36250000e-09  0.00000000e+00  3.76680670e-01 -3.60061171e-02 
 5.36350000e-09  5.36350000e-09  0.00000000e+00  4.01652906e-01 -3.69257766e-02 
 5.36450000e-09  5.36450000e-09  0.00000000e+00  4.27951981e-01 -3.79402303e-02 
 5.36550000e-09  5.36550000e-09  0.00000000e+00  4.55626539e-01 -3.88580959e-02 
 5.36650000e-09  5.36650000e-09  0.00000000e+00  4.84560560e-01 -3.96816255e-02 
 5.36750000e-09  5.36750000e-09  0.00000000e+00  5.14666455e-01 -4.04898745e-02 
 5.36850000e-09  5.36850000e-09  0.00000000e+00  5.45903916e-01 -4.12739123e-02 
 5.36950000e-09  5.36950000e-09  0.00000000e+00  5.78233378e-01 -4.20418080e-02 
 5.37050000e-09  5.37050000e-09  0.00000000e+00  6.11616032e-01 -4.27847933e-02 
 5.37150000e-09  5.37150000e-09  0.00000000e+00  6.46013850e-01 -4.35110894e-02 
 5.37250000e-09  5.37250000e-09  0.00000000e+00  6.81389594e-01 -4.42120704e-02 
 5.37350000e-09  5.37350000e-09  0.00000000e+00  7.17706834e-01 -4.48960906e-02 
 5.37450000e-09  5.37450000e-09  0.00000000e+00  7.54929954e-01 -4.55546472e-02 
 5.37550000e-09  5.37550000e-09  0.00000000e+00  7.93024658e-01 -4.61944654e-02 
 5.37650000e-09  5.37650000e-09  0.00000000e+00  8.31957114e-01 -4.68110182e-02 
 5.37750000e-09  5.37750000e-09  0.00000000e+00  8.71693812e-01 -4.74107136e-02 
 5.37850000e-09  5.37850000e-09  0.00000000e+00  9.12202438e-01 -4.79852429e-02 
 5.37950000e-09  5.37950000e-09  0.00000000e+00  9.53451514e-01 -4.85432522e-02 
 5.38050000e-09  5.38050000e-09  0.00000000e+00  9.95410396e-01 -4.90765060e-02 
 5.38150000e-09  5.38150000e-09  0.00000000e+00  1.03804927e+00 -4.95937159e-02 
 5.38250000e-09  5.38250000e-09  0.00000000e+00  1.08121341e+00 -4.98989416e-02 
 5.38350000e-09  5.38350000e-09  0.00000000e+00  1.12457455e+00 -4.98982213e-02 
 5.38450000e-09  5.38450000e-09  0.00000000e+00  1.16787351e+00 -4.97529520e-02 
 5.38550000e-09  5.38550000e-09  0.00000000e+00  1.21097321e+00 -4.94821517e-02 
 5.38650000e-09  5.38650000e-09  0.00000000e+00  1.25375412e+00 -4.90991679e-02 
 5.38750000e-09  5.38750000e-09  0.00000000e+00  1.29610833e+00 -4.86135642e-02 
 5.38850000e-09  5.38850000e-09  0.00000000e+00  1.33794107e+00 -4.80403162e-02 
 5.38950000e-09  5.38950000e-09  0.00000000e+00  1.37916949e+00 -4.73868484e-02 
 5.39050000e-09  5.39050000e-09  0.00000000e+00  1.41972165e+00 -4.66661986e-02 
 5.39150000e-09  5.39150000e-09  0.00000000e+00  1.45953548e+00 -4.58840321e-02 
 5.39250000e-09  5.39250000e-09  0.00000000e+00  1.49855794e+00 -4.50514565e-02 
 5.39350000e-09  5.39350000e-09  0.00000000e+00  1.53674416e+00 -4.41729471e-02 
 5.39450000e-09  5.39450000e-09  0.00000000e+00  1.57405679e+00 -4.32586831e-02 
 5.39550000e-09  5.39550000e-09  0.00000000e+00  1.61046524e+00 -4.23116450e-02 
 5.39650000e-09  5.39650000e-09  0.00000000e+00  1.64594504e+00 -4.13407912e-02 
 5.39750000e-09  5.39750000e-09  0.00000000e+00  1.68047729e+00 -4.03480655e-02 
 5.39850000e-09  5.39850000e-09  0.00000000e+00  1.71404809e+00 -3.93414707e-02 
 5.39950000e-09  5.39950000e-09  0.00000000e+00  1.74664809e+00 -3.83220698e-02 
 5.40050000e-09  5.40050000e-09  0.00000000e+00  1.77827201e+00 -3.72970528e-02 
 5.40150000e-09  5.40150000e-09  0.00000000e+00  1.80891825e+00 -3.62667318e-02 
 5.40250000e-09  5.40250000e-09  0.00000000e+00  1.83858850e+00 -3.52376039e-02 
 5.40350000e-09  5.40350000e-09  0.00000000e+00  1.86728737e+00 -3.42093414e-02 
 5.40450000e-09  5.40450000e-09  0.00000000e+00  1.89502210e+00 -3.31878500e-02 
 5.40550000e-09  5.40550000e-09  0.00000000e+00  1.92180221e+00 -3.21722554e-02 
 5.40650000e-09  5.40650000e-09  0.00000000e+00  1.94763930e+00 -3.11679588e-02 
 5.40750000e-09  5.40750000e-09  0.00000000e+00  1.97254673e+00 -3.01736194e-02 
 5.40850000e-09  5.40850000e-09  0.00000000e+00  1.99653941e+00 -2.91942072e-02 
 5.40950000e-09  5.40950000e-09  0.00000000e+00  2.01963363e+00 -2.82279831e-02 
 5.41050000e-09  5.41050000e-09  0.00000000e+00  2.04184680e+00 -2.72795488e-02 
 5.41150000e-09  5.41150000e-09  0.00000000e+00  2.06319732e+00 -2.63468251e-02 
 5.41250000e-09  5.41250000e-09  0.00000000e+00  2.08370442e+00 -2.54340990e-02 
 5.41350000e-09  5.41350000e-09  0.00000000e+00  2.10338798e+00 -2.45390009e-02 
 5.41450000e-09  5.41450000e-09  0.00000000e+00  2.12226842e+00 -2.36655495e-02 
 5.41550000e-09  5.41550000e-09  0.00000000e+00  2.14036661e+00 -2.28111270e-02 
 5.41650000e-09  5.41650000e-09  0.00000000e+00  2.15770369e+00 -2.19795236e-02 
 5.41750000e-09  5.41750000e-09  0.00000000e+00  2.17430104e+00 -2.11679103e-02 
 5.41850000e-09  5.41850000e-09  0.00000000e+00  2.19018016e+00 -2.03798825e-02 
 5.41950000e-09  5.41950000e-09  0.00000000e+00  2.20536259e+00 -1.96124319e-02 
 5.42050000e-09  5.42050000e-09  0.00000000e+00  2.21986984e+00 -1.88689886e-02 
 5.42150000e-09  5.42150000e-09  0.00000000e+00  2.23372335e+00 -1.81463926e-02 
 5.42250000e-09  5.42250000e-09  0.00000000e+00  2.24694439e+00 -1.74479346e-02 
 5.42350000e-09  5.42350000e-09  0.00000000e+00  2.25955405e+00 -1.67703266e-02 
 5.42450000e-09  5.42450000e-09  0.00000000e+00  2.27157319e+00 -1.61167422e-02 
 5.42550000e-09  5.42550000e-09  0.00000000e+00  2.28302742e+00 -1.54924114e-02 
 5.42650000e-09  5.42650000e-09  0.00000000e+00  2.29393192e+00 -1.48749504e-02 
 5.42750000e-09  5.42750000e-09  0.00000000e+00  2.30430282e+00 -1.42865903e-02 
 5.42850000e-09  5.42850000e-09  0.00000000e+00  2.31416698e+00 -1.37210899e-02 
 5.42950000e-09  5.42950000e-09  0.00000000e+00  2.32354542e+00 -1.31747935e-02 
 5.43050000e-09  5.43050000e-09  0.00000000e+00  2.33245864e+00 -1.26504753e-02 
 5.43150000e-09  5.43150000e-09  0.00000000e+00  2.34092664e+00 -1.21444312e-02 
 5.43250000e-09  5.43250000e-09  0.00000000e+00  2.34896885e+00 -1.16593951e-02 
 5.43350000e-09  5.43350000e-09  0.00000000e+00  2.35660416e+00 -1.11916295e-02 
 5.43450000e-09  5.43450000e-09  0.00000000e+00  2.36385088e+00 -1.07438416e-02 
 5.43550000e-09  5.43550000e-09  0.00000000e+00  2.37072676e+00 -1.03122734e-02 
 5.43650000e-09  5.43650000e-09  0.00000000e+00  2.37724895e+00 -9.89961720e-03 
 5.43750000e-09  5.43750000e-09  0.00000000e+00  2.38343405e+00 -9.50210545e-03 
 5.43850000e-09  5.43850000e-09  0.00000000e+00  2.38929804e+00 -9.12242539e-03 
 5.43950000e-09  5.43950000e-09  0.00000000e+00  2.39485635e+00 -8.75680891e-03 
 5.44050000e-09  5.44050000e-09  0.00000000e+00  2.40012383e+00 -8.40794663e-03 
 5.44150000e-09  5.44150000e-09  0.00000000e+00  2.40511476e+00 -8.07207736e-03 
 5.44250000e-09  5.44250000e-09  0.00000000e+00  2.40984284e+00 -7.75190183e-03 
 5.44350000e-09  5.44350000e-09  0.00000000e+00  2.41432125e+00 -7.44367182e-03 
 5.44450000e-09  5.44450000e-09  0.00000000e+00  2.41856261e+00 -7.15010357e-03 
 5.44550000e-09  5.44550000e-09  0.00000000e+00  2.42257900e+00 -6.86746659e-03 
 5.44650000e-09  5.44650000e-09  0.00000000e+00  2.42638200e+00 -6.59849679e-03 
 5.44750000e-09  5.44750000e-09  0.00000000e+00  2.42998267e+00 -6.33948504e-03 
 5.44850000e-09  5.44850000e-09  0.00000000e+00  2.43339157e+00 -6.09319002e-03 
 5.44950000e-09  5.44950000e-09  0.00000000e+00  2.43661879e+00 -5.85592656e-03 
 5.45050000e-09  5.45050000e-09  0.00000000e+00  2.43967395e+00 -5.63047829e-03 
 5.45150000e-09  5.45150000e-09  0.00000000e+00  2.44256624e+00 -5.41318575e-03 
 5.45250000e-09  5.45250000e-09  0.00000000e+00  2.44530436e+00 -5.20685889e-03 
 5.45350000e-09  5.45350000e-09  0.00000000e+00  2.44789665e+00 -5.00786499e-03 
 5.45450000e-09  5.45450000e-09  0.00000000e+00  2.45035099e+00 -4.81904100e-03 
 5.45550000e-09  5.45550000e-09  0.00000000e+00  2.45267491e+00 -4.63678134e-03 
 5.45650000e-09  5.45650000e-09  0.00000000e+00  2.45487553e+00 -4.46395011e-03 
 5.45750000e-09  5.45750000e-09  0.00000000e+00  2.45695962e+00 -4.29696877e-03 
 5.45850000e-09  5.45850000e-09  0.00000000e+00  2.45893361e+00 -4.13872825e-03 
 5.45950000e-09  5.45950000e-09  0.00000000e+00  2.46080360e+00 -3.98567652e-03 
 5.46050000e-09  5.46050000e-09  0.00000000e+00  2.46257533e+00 -3.84073067e-03 
 5.46150000e-09  5.46150000e-09  0.00000000e+00  2.46425430e+00 -3.70036438e-03 
 5.46250000e-09  5.46250000e-09  0.00000000e+00  2.46584565e+00 -3.56751992e-03 
 5.46350000e-09  5.46350000e-09  0.00000000e+00  2.46735429e+00 -3.43869562e-03 
 5.46450000e-09  5.46450000e-09  0.00000000e+00  2.46878485e+00 -3.31685777e-03 
 5.46550000e-09  5.46550000e-09  0.00000000e+00  2.47014170e+00 -3.19852808e-03 
 5.46650000e-09  5.46650000e-09  0.00000000e+00  2.47142897e+00 -3.08669559e-03 
 5.46750000e-09  5.46750000e-09  0.00000000e+00  2.47265056e+00 -2.97790404e-03 
 5.46850000e-09  5.46850000e-09  0.00000000e+00  2.47381017e+00 -2.87516379e-03 
 5.46950000e-09  5.46950000e-09  0.00000000e+00  2.47491126e+00 -2.77503920e-03 
 5.47050000e-09  5.47050000e-09  0.00000000e+00  2.47595713e+00 -2.68056051e-03 
 5.47150000e-09  5.47150000e-09  0.00000000e+00  2.47695086e+00 -2.58831123e-03 
 5.47250000e-09  5.47250000e-09  0.00000000e+00  2.47789538e+00 -2.50134004e-03 
 5.47350000e-09  5.47350000e-09  0.00000000e+00  2.47879344e+00 -2.41624816e-03 
 5.47450000e-09  5.47450000e-09  0.00000000e+00  2.47964762e+00 -2.33610125e-03 
 5.47550000e-09  5.47550000e-09  0.00000000e+00  2.48046038e+00 -2.25751681e-03 
 5.47650000e-09  5.47650000e-09  0.00000000e+00  2.48123401e+00 -2.18357611e-03 
 5.47750000e-09  5.47750000e-09  0.00000000e+00  2.48197069e+00 -2.11091155e-03 
 5.47850000e-09  5.47850000e-09  0.00000000e+00  2.48267261e+00 -2.04253850e-03 
 5.47950000e-09  5.47950000e-09  0.00000000e+00  2.48334182e+00 -1.97492273e-03 
 5.48050000e-09  5.48050000e-09  0.00000000e+00  2.48398030e+00 -1.91082282e-03 
 5.48150000e-09  5.48150000e-09  0.00000000e+00  2.48458992e+00 -1.84754189e-03 
 5.48250000e-09  5.48250000e-09  0.00000000e+00  2.48517217e+00 -1.78821866e-03 
 5.48350000e-09  5.48350000e-09  0.00000000e+00  2.48572845e+00 -1.72951138e-03 
 5.48450000e-09  5.48450000e-09  0.00000000e+00  2.48626007e+00 -1.67456706e-03 
 5.48550000e-09  5.48550000e-09  0.00000000e+00  2.48676828e+00 -1.62005269e-03 
 5.48650000e-09  5.48650000e-09  0.00000000e+00  2.48725429e+00 -1.56912370e-03 
 5.48750000e-09  5.48750000e-09  0.00000000e+00  2.48771919e+00 -1.51845515e-03 
 5.48850000e-09  5.48850000e-09  0.00000000e+00  2.48816405e+00 -1.47121018e-03 
 5.48950000e-09  5.48950000e-09  0.00000000e+00  2.48858988e+00 -1.42407125e-03 
 5.49050000e-09  5.49050000e-09  0.00000000e+00  2.48899762e+00 -1.38020858e-03 
 5.49150000e-09  5.49150000e-09  0.00000000e+00  2.48938816e+00 -1.33631137e-03 
 5.49250000e-09  5.49250000e-09  0.00000000e+00  2.48976236e+00 -1.29555633e-03 
 5.49350000e-09  5.49350000e-09  0.00000000e+00  2.49012101e+00 -1.25463883e-03 
 5.49450000e-09  5.49450000e-09  0.00000000e+00  2.49046488e+00 -1.21674144e-03 
 5.49550000e-09  5.49550000e-09  0.00000000e+00  2.49079467e+00 -1.17856517e-03 
 5.49650000e-09  5.49650000e-09  0.00000000e+00  2.49111108e+00 -1.14329794e-03 
 5.49750000e-09  5.49750000e-09  0.00000000e+00  2.49141473e+00 -1.10764585e-03 
 5.49850000e-09  5.49850000e-09  0.00000000e+00  2.49170625e+00 -1.07480170e-03 
 5.49950000e-09  5.49950000e-09  0.00000000e+00  2.49198620e+00 -1.04147622e-03 
 5.50050000e-09  5.50050000e-09  0.00000000e+00  2.49225512e+00 -1.01086661e-03 
 5.50150000e-09  5.50150000e-09  0.00000000e+00  2.49251354e+00 -9.79687789e-04 
 5.50250000e-09  5.50250000e-09  0.00000000e+00  2.49276193e+00 -9.51140965e-04 
 5.50350000e-09  5.50350000e-09  0.00000000e+00  2.49300077e+00 -9.21944858e-04 
 5.50450000e-09  5.50450000e-09  0.00000000e+00  2.49323048e+00 -8.95304281e-04 
 5.50550000e-09  5.50550000e-09  0.00000000e+00  2.49345149e+00 -8.67941395e-04 
 5.50650000e-09  5.50650000e-09  0.00000000e+00  2.49366418e+00 -8.43064283e-04 
 5.50750000e-09  5.50750000e-09  0.00000000e+00  2.49386893e+00 -8.17398213e-04 
 5.50850000e-09  5.50850000e-09  0.00000000e+00  2.49406609e+00 -7.94154225e-04 
 5.50950000e-09  5.50950000e-09  0.00000000e+00  2.49425600e+00 -7.70060398e-04 
 5.51050000e-09  5.51050000e-09  0.00000000e+00  2.49443897e+00 -7.48330443e-04 
 5.51150000e-09  5.51150000e-09  0.00000000e+00  2.49461530e+00 -7.25694981e-04 
 5.51250000e-09  5.51250000e-09  0.00000000e+00  2.49478528e+00 -7.05370139e-04 
 5.51350000e-09  5.51350000e-09  0.00000000e+00  2.49494918e+00 -6.84088835e-04 
 5.51450000e-09  5.51450000e-09  0.00000000e+00  2.49510726e+00 -6.65069380e-04 
 5.51550000e-09  5.51550000e-09  0.00000000e+00  2.49525976e+00 -6.45046771e-04 
 5.51650000e-09  5.51650000e-09  0.00000000e+00  2.49540692e+00 -6.27241293e-04 
 5.51750000e-09  5.51750000e-09  0.00000000e+00  2.49554896e+00 -6.08389825e-04 
 5.51850000e-09  5.51850000e-09  0.00000000e+00  2.49568608e+00 -5.91714440e-04 
 5.51950000e-09  5.51950000e-09  0.00000000e+00  2.49581849e+00 -5.73953717e-04 
 5.52050000e-09  5.52050000e-09  0.00000000e+00  2.49594637e+00 -5.58331351e-04 
 5.52150000e-09  5.52150000e-09  0.00000000e+00  2.49606992e+00 -5.41587463e-04 
 5.52250000e-09  5.52250000e-09  0.00000000e+00  2.49618929e+00 -5.26947214e-04 
 5.52350000e-09  5.52350000e-09  0.00000000e+00  2.49630466e+00 -5.11152123e-04 
 5.52450000e-09  5.52450000e-09  0.00000000e+00  2.49641619e+00 -4.97428684e-04 
 5.52550000e-09  5.52550000e-09  0.00000000e+00  2.49652401e+00 -4.82519685e-04 
 5.52650000e-09  5.52650000e-09  0.00000000e+00  2.49662828e+00 -4.69652828e-04 
 5.52750000e-09  5.52750000e-09  0.00000000e+00  2.49672913e+00 -4.55572054e-04 
 5.52850000e-09  5.52850000e-09  0.00000000e+00  2.49682668e+00 -4.43506165e-04 
 5.52950000e-09  5.52950000e-09  0.00000000e+00  2.49692107e+00 -4.30200150e-04 
 5.53050000e-09  5.53050000e-09  0.00000000e+00  2.49701241e+00 -4.18883811e-04 
 5.53150000e-09  5.53150000e-09  0.00000000e+00  2.49710082e+00 -4.06303092e-04 
 5.53250000e-09  5.53250000e-09  0.00000000e+00  2.49718639e+00 -3.95688707e-04 
 5.53350000e-09  5.53350000e-09  0.00000000e+00  2.49726924e+00 -3.83787471e-04 
 5.53450000e-09  5.53450000e-09  0.00000000e+00  2.49734947e+00 -3.73830928e-04 
 5.53550000e-09  5.53550000e-09  0.00000000e+00  2.49742716e+00 -3.62566689e-04 
 5.53650000e-09  5.53650000e-09  0.00000000e+00  2.49750241e+00 -3.53227060e-04 
 5.53750000e-09  5.53750000e-09  0.00000000e+00  2.49757531e+00 -3.42560375e-04 
 5.53850000e-09  5.53850000e-09  0.00000000e+00  2.49764593e+00 -3.33799637e-04 
 5.53950000e-09  5.53950000e-09  0.00000000e+00  2.49771437e+00 -3.23693845e-04 
 5.54050000e-09  5.54050000e-09  0.00000000e+00  2.49778068e+00 -3.15476640e-04 
 5.54150000e-09  5.54150000e-09  0.00000000e+00  2.49784496e+00 -3.05897631e-04 
 5.54250000e-09  5.54250000e-09  0.00000000e+00  2.49790726e+00 -2.98191041e-04 
 5.54350000e-09  5.54350000e-09  0.00000000e+00  2.49796765e+00 -2.89107041e-04 
 5.54450000e-09  5.54450000e-09  0.00000000e+00  2.49802621e+00 -2.81880392e-04 
 5.54550000e-09  5.54550000e-09  0.00000000e+00  2.49808298e+00 -2.73261779e-04 
 5.54650000e-09  5.54650000e-09  0.00000000e+00  2.49813804e+00 -2.66486456e-04 
 5.54750000e-09  5.54750000e-09  0.00000000e+00  2.49819143e+00 -2.58305584e-04 
 5.54850000e-09  5.54850000e-09  0.00000000e+00  2.49824322e+00 -2.51954871e-04 
 5.54950000e-09  5.54950000e-09  0.00000000e+00  2.49829346e+00 -2.44185914e-04 
 5.55050000e-09  5.55050000e-09  0.00000000e+00  2.49834219e+00 -2.38234844e-04 
 5.55150000e-09  5.55150000e-09  0.00000000e+00  2.49838946e+00 -2.30853661e-04 
 5.55250000e-09  5.55250000e-09  0.00000000e+00  2.49843533e+00 -2.25278881e-04 
 5.55350000e-09  5.55350000e-09  0.00000000e+00  2.49847984e+00 -2.18262881e-04 
 5.55450000e-09  5.55450000e-09  0.00000000e+00  2.49852303e+00 -2.13042536e-04 
 5.55550000e-09  5.55550000e-09  0.00000000e+00  2.49856494e+00 -2.06370565e-04 
 5.55650000e-09  5.55650000e-09  0.00000000e+00  2.49860562e+00 -2.01484178e-04 
 5.55750000e-09  5.55750000e-09  0.00000000e+00  2.49864510e+00 -1.95136415e-04 
 5.55850000e-09  5.55850000e-09  0.00000000e+00  2.49868343e+00 -1.90564794e-04 
 5.55950000e-09  5.55950000e-09  0.00000000e+00  2.49872063e+00 -1.84522651e-04 
 5.56050000e-09  5.56050000e-09  0.00000000e+00  2.49875674e+00 -1.80247792e-04 
 5.56150000e-09  5.56150000e-09  0.00000000e+00  2.49879181e+00 -1.74493828e-04 
 5.56250000e-09  5.56250000e-09  0.00000000e+00  2.49882585e+00 -1.70498832e-04 
 5.56350000e-09  5.56350000e-09  0.00000000e+00  2.49885890e+00 -1.65016673e-04 
 5.56450000e-09  5.56450000e-09  0.00000000e+00  2.49889100e+00 -1.61285670e-04 
 5.56550000e-09  5.56550000e-09  0.00000000e+00  2.49892216e+00 -1.56059933e-04 
 5.56650000e-09  5.56650000e-09  0.00000000e+00  2.49895243e+00 -1.52578011e-04 
 5.56750000e-09  5.56750000e-09  0.00000000e+00  2.49898182e+00 -1.47594237e-04 
 5.56850000e-09  5.56850000e-09  0.00000000e+00  2.49901037e+00 -1.44347376e-04 
 5.56950000e-09  5.56950000e-09  0.00000000e+00  2.49903809e+00 -1.39591970e-04 
 5.57050000e-09  5.57050000e-09  0.00000000e+00  2.49906502e+00 -1.36566984e-04 
 5.57150000e-09  5.57150000e-09  0.00000000e+00  2.49909118e+00 -1.32027154e-04 
 5.57250000e-09  5.57250000e-09  0.00000000e+00  2.49911659e+00 -1.29211634e-04 
 5.57350000e-09  5.57350000e-09  0.00000000e+00  2.49914127e+00 -1.24875342e-04 
 5.57450000e-09  5.57450000e-09  0.00000000e+00  2.49916525e+00 -1.22257608e-04 
 5.57550000e-09  5.57550000e-09  0.00000000e+00  2.49918854e+00 -1.18113519e-04 
 5.57650000e-09  5.57650000e-09  0.00000000e+00  2.49921117e+00 -1.15682569e-04 
 5.57750000e-09  5.57750000e-09  0.00000000e+00  2.49923315e+00 -1.11720007e-04 
 5.57850000e-09  5.57850000e-09  0.00000000e+00  2.49925452e+00 -1.09465479e-04 
 5.57950000e-09  5.57950000e-09  0.00000000e+00  2.49927527e+00 -1.05674383e-04 
 5.58050000e-09  5.58050000e-09  0.00000000e+00  2.49929544e+00 -1.03586512e-04 
 5.58150000e-09  5.58150000e-09  0.00000000e+00  2.49931503e+00 -9.99574011e-05 
 5.58250000e-09  5.58250000e-09  0.00000000e+00  2.49933407e+00 -9.80269801e-05 
 5.58350000e-09  5.58350000e-09  0.00000000e+00  2.49935257e+00 -9.45509162e-05 
 5.58450000e-09  5.58450000e-09  0.00000000e+00  2.49937055e+00 -9.27692653e-05 
 5.58550000e-09  5.58550000e-09  0.00000000e+00  2.49938802e+00 -8.94378184e-05 
 5.58650000e-09  5.58650000e-09  0.00000000e+00  2.49940500e+00 -8.77967508e-05 
 5.58750000e-09  5.58750000e-09  0.00000000e+00  2.49942150e+00 -8.46019693e-05 
 5.58850000e-09  5.58850000e-09  0.00000000e+00  2.49943754e+00 -8.30937616e-05 
 5.58950000e-09  5.58950000e-09  0.00000000e+00  2.49945312e+00 -8.00281434e-05 
 5.59050000e-09  5.59050000e-09  0.00000000e+00  2.49946827e+00 -7.86455081e-05 
 5.59150000e-09  5.59150000e-09  0.00000000e+00  2.49948299e+00 -7.57019735e-05 
 5.59250000e-09  5.59250000e-09  0.00000000e+00  2.49949730e+00 -7.44380324e-05 
 5.59350000e-09  5.59350000e-09  0.00000000e+00  2.49951121e+00 -7.16098991e-05 
 5.59450000e-09  5.59450000e-09  0.00000000e+00  2.49952473e+00 -7.04581598e-05 
 5.59550000e-09  5.59550000e-09  0.00000000e+00  2.49953787e+00 -6.77391193e-05 
 5.59650000e-09  5.59650000e-09  0.00000000e+00  2.49955064e+00 -6.66934519e-05 
 5.59750000e-09  5.59750000e-09  0.00000000e+00  2.49956305e+00 -6.40775479e-05 
 5.59850000e-09  5.59850000e-09  0.00000000e+00  2.49957512e+00 -6.31321642e-05 
 5.59950000e-09  5.59950000e-09  0.00000000e+00  2.49958685e+00 -6.06137716e-05 
 5.60050000e-09  5.60050000e-09  0.00000000e+00  2.49959825e+00 -5.97632052e-05 
 5.60150000e-09  5.60150000e-09  0.00000000e+00  2.49960934e+00 -5.73370115e-05 
 5.60250000e-09  5.60250000e-09  0.00000000e+00  2.49962011e+00 -5.65760990e-05 
 5.60350000e-09  5.60350000e-09  0.00000000e+00  2.49963059e+00 -5.42370857e-05 
 5.60450000e-09  5.60450000e-09  0.00000000e+00  2.49964077e+00 -5.35609495e-05 
 5.60550000e-09  5.60550000e-09  0.00000000e+00  2.49965067e+00 -5.13043757e-05 
 5.60650000e-09  5.60650000e-09  0.00000000e+00  2.49966029e+00 -5.07084076e-05 
 5.60750000e-09  5.60750000e-09  0.00000000e+00  2.49966965e+00 -4.85297940e-05 
 5.60850000e-09  5.60850000e-09  0.00000000e+00  2.49967875e+00 -4.80096397e-05 
 5.60950000e-09  5.60950000e-09  0.00000000e+00  2.49968759e+00 -4.59047535e-05 
 5.61050000e-09  5.61050000e-09  0.00000000e+00  2.49969619e+00 -4.54562985e-05 
 5.61150000e-09  5.61150000e-09  0.00000000e+00  2.49970455e+00 -4.34211398e-05 
 5.61250000e-09  5.61250000e-09  0.00000000e+00  2.49971267e+00 -4.30404954e-05 
 5.61350000e-09  5.61350000e-09  0.00000000e+00  2.49972057e+00 -4.10712840e-05 
 5.61450000e-09  5.61450000e-09  0.00000000e+00  2.49972826e+00 -4.07547751e-05 
 5.61550000e-09  5.61550000e-09  0.00000000e+00  2.49973573e+00 -3.88479377e-05 
 5.61650000e-09  5.61650000e-09  0.00000000e+00  2.49974299e+00 -3.85920905e-05 
 5.61750000e-09  5.61750000e-09  0.00000000e+00  2.49975005e+00 -3.67442498e-05 
 5.61850000e-09  5.61850000e-09  0.00000000e+00  2.49975692e+00 -3.65457804e-05 
 5.61950000e-09  5.61950000e-09  0.00000000e+00  2.49976359e+00 -3.47537436e-05 
 5.62050000e-09  5.62050000e-09  0.00000000e+00  2.49977008e+00 -3.46095478e-05 
 5.62150000e-09  5.62150000e-09  0.00000000e+00  2.49977639e+00 -3.28702965e-05 
 5.62250000e-09  5.62250000e-09  0.00000000e+00  2.49978253e+00 -3.27774395e-05 
 5.62350000e-09  5.62350000e-09  0.00000000e+00  2.49978850e+00 -3.10881202e-05 
 5.62450000e-09  5.62450000e-09  0.00000000e+00  2.49979430e+00 -3.10438271e-05 
 5.62550000e-09  5.62550000e-09  0.00000000e+00  2.49979994e+00 -2.94017416e-05 
 5.62650000e-09  5.62650000e-09  0.00000000e+00  2.49980543e+00 -2.94033889e-05 
 5.62750000e-09  5.62750000e-09  0.00000000e+00  2.49981076e+00 -2.78059862e-05 
 5.62850000e-09  5.62850000e-09  0.00000000e+00  2.49981595e+00 -2.78510932e-05 
 5.62950000e-09  5.62950000e-09  0.00000000e+00  2.49982099e+00 -2.62959608e-05 
 5.63050000e-09  5.63050000e-09  0.00000000e+00  2.49982590e+00 -2.63821817e-05 
 5.63150000e-09  5.63150000e-09  0.00000000e+00  2.49983067e+00 -2.48670385e-05 
 5.63250000e-09  5.63250000e-09  0.00000000e+00  2.49983531e+00 -2.49921550e-05 
 5.63350000e-09  5.63350000e-09  0.00000000e+00  2.49983982e+00 -2.35148439e-05 
 5.63450000e-09  5.63450000e-09  0.00000000e+00  2.49984420e+00 -2.36767582e-05 
 5.63550000e-09  5.63550000e-09  0.00000000e+00  2.49984847e+00 -2.22352391e-05 
 5.63650000e-09  5.63650000e-09  0.00000000e+00  2.49985262e+00 -2.24319672e-05 
 5.63750000e-09  5.63750000e-09  0.00000000e+00  2.49985665e+00 -2.10243106e-05 
 5.63850000e-09  5.63850000e-09  0.00000000e+00  2.49986057e+00 -2.12539762e-05 
 5.63950000e-09  5.63950000e-09  0.00000000e+00  2.49986439e+00 -1.98783576e-05 
 5.64050000e-09  5.64050000e-09  0.00000000e+00  2.49986810e+00 -2.01391861e-05 
 5.64150000e-09  5.64150000e-09  0.00000000e+00  2.49987170e+00 -1.87938794e-05 
 5.64250000e-09  5.64250000e-09  0.00000000e+00  2.49987521e+00 -1.90841923e-05 
 5.64350000e-09  5.64350000e-09  0.00000000e+00  2.49987862e+00 -1.77675652e-05 
 5.64450000e-09  5.64450000e-09  0.00000000e+00  2.49988194e+00 -1.80857750e-05 
 5.64550000e-09  5.64550000e-09  0.00000000e+00  2.49988517e+00 -1.67962836e-05 
 5.64650000e-09  5.64650000e-09  0.00000000e+00  2.49988831e+00 -1.71408886e-05 
 5.64750000e-09  5.64750000e-09  0.00000000e+00  2.49989136e+00 -1.58770723e-05 
 5.64850000e-09  5.64850000e-09  0.00000000e+00  2.49989433e+00 -1.62465577e-05 
 5.64950000e-09  5.64950000e-09  0.00000000e+00  2.49989721e+00 -1.50071284e-05 
 5.65050000e-09  5.65050000e-09  0.00000000e+00  2.49990002e+00 -1.54003399e-05 
 5.65150000e-09  5.65150000e-09  0.00000000e+00  2.49990275e+00 -1.41838046e-05 
 5.65250000e-09  5.65250000e-09  0.00000000e+00  2.49990540e+00 -1.45993763e-05 
 5.65350000e-09  5.65350000e-09  0.00000000e+00  2.49990799e+00 -1.34045918e-05 
 5.65450000e-09  5.65450000e-09  0.00000000e+00  2.49991050e+00 -1.38413215e-05 
 5.65550000e-09  5.65550000e-09  0.00000000e+00  2.49991294e+00 -1.26671183e-05 
 5.65650000e-09  5.65650000e-09  0.00000000e+00  2.49991532e+00 -1.31238686e-05 
 5.65750000e-09  5.65750000e-09  0.00000000e+00  2.49991763e+00 -1.19691406e-05 
 5.65850000e-09  5.65850000e-09  0.00000000e+00  2.49991987e+00 -1.24448356e-05 
 5.65950000e-09  5.65950000e-09  0.00000000e+00  2.49992206e+00 -1.13085362e-05 
 5.66050000e-09  5.66050000e-09  0.00000000e+00  2.49992419e+00 -1.18021580e-05 
 5.66150000e-09  5.66150000e-09  0.00000000e+00  2.49992625e+00 -1.06832974e-05 
 5.66250000e-09  5.66250000e-09  0.00000000e+00  2.49992826e+00 -1.11938830e-05 
 5.66350000e-09  5.66350000e-09  0.00000000e+00  2.49993022e+00 -1.00915244e-05 
 5.66450000e-09  5.66450000e-09  0.00000000e+00  2.49993212e+00 -1.06181628e-05 
 5.66550000e-09  5.66550000e-09  0.00000000e+00  2.49993397e+00 -9.53142013e-06 
 5.66650000e-09  5.66650000e-09  0.00000000e+00  2.49993577e+00 -1.00732495e-05 
 5.66750000e-09  5.66750000e-09  0.00000000e+00  2.49993752e+00 -9.00128440e-06 
 5.66850000e-09  5.66850000e-09  0.00000000e+00  2.49993922e+00 -9.55748932e-06 
 5.66950000e-09  5.66950000e-09  0.00000000e+00  2.49994088e+00 -8.49950859e-06 
 5.67050000e-09  5.67050000e-09  0.00000000e+00  2.49994249e+00 -9.06931752e-06 
 5.67150000e-09  5.67150000e-09  0.00000000e+00  2.49994406e+00 -8.02457077e-06 
 5.67250000e-09  5.67250000e-09  0.00000000e+00  2.49994558e+00 -8.60725377e-06 
 5.67350000e-09  5.67350000e-09  0.00000000e+00  2.49994706e+00 -7.57503100e-06 
 5.67450000e-09  5.67450000e-09  0.00000000e+00  2.49994850e+00 -8.16989744e-06 
 5.67550000e-09  5.67550000e-09  0.00000000e+00  2.49994990e+00 -7.14952688e-06 
 5.67650000e-09  5.67650000e-09  0.00000000e+00  2.49995127e+00 -7.75592332e-06 
 5.67750000e-09  5.67750000e-09  0.00000000e+00  2.49995259e+00 -6.74676936e-06 
 5.67850000e-09  5.67850000e-09  0.00000000e+00  2.49995388e+00 -7.36407754e-06 
 5.67950000e-09  5.67950000e-09  0.00000000e+00  2.49995514e+00 -6.36553876e-06 
 5.68050000e-09  5.68050000e-09  0.00000000e+00  2.49995636e+00 -6.99317369e-06 
 5.68150000e-09  5.68150000e-09  0.00000000e+00  2.49995754e+00 -6.00468107e-06 
 5.68250000e-09  5.68250000e-09  0.00000000e+00  2.49995870e+00 -6.64208920e-06 
 5.68350000e-09  5.68350000e-09  0.00000000e+00  2.49995982e+00 -5.66310431e-06 
 5.68450000e-09  5.68450000e-09  0.00000000e+00  2.49996092e+00 -6.30976191e-06 
 5.68550000e-09  5.68550000e-09  0.00000000e+00  2.49996198e+00 -5.33977527e-06 
 5.68650000e-09  5.68650000e-09  0.00000000e+00  2.49996301e+00 -5.99518675e-06 
 5.68750000e-09  5.68750000e-09  0.00000000e+00  2.49996402e+00 -5.03371628e-06 
 5.68850000e-09  5.68850000e-09  0.00000000e+00  2.49996499e+00 -5.69741270e-06 
 5.68950000e-09  5.68950000e-09  0.00000000e+00  2.49996595e+00 -4.74400223e-06 
 5.69050000e-09  5.69050000e-09  0.00000000e+00  2.49996687e+00 -5.41553985e-06 
 5.69150000e-09  5.69150000e-09  0.00000000e+00  2.49996777e+00 -4.46975773e-06 
 5.69250000e-09  5.69250000e-09  0.00000000e+00  2.49996865e+00 -5.14871666e-06 
 5.69350000e-09  5.69350000e-09  0.00000000e+00  2.49996950e+00 -4.21015444e-06 
 5.69450000e-09  5.69450000e-09  0.00000000e+00  2.49997033e+00 -4.89613735e-06 
 5.69550000e-09  5.69550000e-09  0.00000000e+00  2.49997113e+00 -3.96440851e-06 
 5.69650000e-09  5.69650000e-09  0.00000000e+00  2.49997192e+00 -4.65703940e-06 
 5.69750000e-09  5.69750000e-09  0.00000000e+00  2.49997268e+00 -3.73177820e-06 
 5.69850000e-09  5.69850000e-09  0.00000000e+00  2.49997342e+00 -4.43070126e-06 
 5.69950000e-09  5.69950000e-09  0.00000000e+00  2.49997414e+00 -3.51156157e-06 
 5.70050000e-09  5.70050000e-09  0.00000000e+00  2.49997484e+00 -4.21644013e-06 
 5.70150000e-09  5.70150000e-09  0.00000000e+00  2.49997553e+00 -3.30309441e-06 
 5.70250000e-09  5.70250000e-09  0.00000000e+00  2.49997619e+00 -4.01360983e-06 
 5.70350000e-09  5.70350000e-09  0.00000000e+00  2.49997684e+00 -3.10574814e-06 
 5.70450000e-09  5.70450000e-09  0.00000000e+00  2.49997747e+00 -3.82159890e-06 
 5.70550000e-09  5.70550000e-09  0.00000000e+00  2.49997808e+00 -2.91892790e-06 
 5.70650000e-09  5.70650000e-09  0.00000000e+00  2.49997867e+00 -3.63982866e-06 
 5.70750000e-09  5.70750000e-09  0.00000000e+00  2.49997925e+00 -2.74207078e-06 
 5.70850000e-09  5.70850000e-09  0.00000000e+00  2.49997981e+00 -3.46775150e-06 
 5.70950000e-09  5.70950000e-09  0.00000000e+00  2.49998036e+00 -2.57464404e-06 
 5.71050000e-09  5.71050000e-09  0.00000000e+00  2.49998089e+00 -3.30484916e-06 
 5.71150000e-09  5.71150000e-09  0.00000000e+00  2.49998141e+00 -2.41614352e-06 
 5.71250000e-09  5.71250000e-09  0.00000000e+00  2.49998192e+00 -3.15063120e-06 
 5.71350000e-09  5.71350000e-09  0.00000000e+00  2.49998241e+00 -2.26609210e-06 
 5.71450000e-09  5.71450000e-09  0.00000000e+00  2.49998288e+00 -3.00463345e-06 
 5.71550000e-09  5.71550000e-09  0.00000000e+00  2.49998335e+00 -2.12403822e-06 
 5.71650000e-09  5.71650000e-09  0.00000000e+00  2.49998380e+00 -2.86641663e-06 
 5.71750000e-09  5.71750000e-09  0.00000000e+00  2.49998424e+00 -1.98955456e-06 
 5.71850000e-09  5.71850000e-09  0.00000000e+00  2.49998466e+00 -2.73556502e-06 
 5.71950000e-09  5.71950000e-09  0.00000000e+00  2.49998508e+00 -1.86223666e-06 
 5.72050000e-09  5.72050000e-09  0.00000000e+00  2.49998548e+00 -2.61168516e-06 
 5.72150000e-09  5.72150000e-09  0.00000000e+00  2.49998588e+00 -1.74170175e-06 
 5.72250000e-09  5.72250000e-09  0.00000000e+00  2.49998626e+00 -2.49440467e-06 
 5.72350000e-09  5.72350000e-09  0.00000000e+00  2.49998663e+00 -1.62758758e-06 
 5.72450000e-09  5.72450000e-09  0.00000000e+00  2.49998699e+00 -2.38337111e-06 
 5.72550000e-09  5.72550000e-09  0.00000000e+00  2.49998735e+00 -1.51955128e-06 
 5.72650000e-09  5.72650000e-09  0.00000000e+00  2.49998769e+00 -2.27825095e-06 
 5.72750000e-09  5.72750000e-09  0.00000000e+00  2.49998802e+00 -1.41726834e-06 
 5.72850000e-09  5.72850000e-09  0.00000000e+00  2.49998835e+00 -2.17872848e-06 
 5.72950000e-09  5.72950000e-09  0.00000000e+00  2.49998866e+00 -1.32043165e-06 
 5.73050000e-09  5.73050000e-09  0.00000000e+00  2.49998897e+00 -2.08450491e-06 
 5.73150000e-09  5.73150000e-09  0.00000000e+00  2.49998927e+00 -1.22875051e-06 
 5.73250000e-09  5.73250000e-09  0.00000000e+00  2.49998956e+00 -1.99529743e-06 
 5.73350000e-09  5.73350000e-09  0.00000000e+00  2.49998984e+00 -1.14194980e-06 
 5.73450000e-09  5.73450000e-09  0.00000000e+00  2.49999011e+00 -1.91083839e-06 
 5.73550000e-09  5.73550000e-09  0.00000000e+00  2.49999038e+00 -1.05976911e-06 
 5.73650000e-09  5.73650000e-09  0.00000000e+00  2.49999064e+00 -1.83087444e-06 
 5.73750000e-09  5.73750000e-09  0.00000000e+00  2.49999090e+00 -9.81961964e-07 
 5.73850000e-09  5.73850000e-09  0.00000000e+00  2.49999114e+00 -1.75516579e-06 
 5.73950000e-09  5.73950000e-09  0.00000000e+00  2.49999138e+00 -9.08295078e-07 
 5.74050000e-09  5.74050000e-09  0.00000000e+00  2.49999161e+00 -1.68348548e-06 
 5.74150000e-09  5.74150000e-09  0.00000000e+00  2.49999184e+00 -8.38547639e-07 
 5.74250000e-09  5.74250000e-09  0.00000000e+00  2.49999206e+00 -1.61561867e-06 
 5.74350000e-09  5.74350000e-09  0.00000000e+00  2.49999228e+00 -7.72510643e-07 
 5.74450000e-09  5.74450000e-09  0.00000000e+00  2.49999249e+00 -1.55136204e-06 
 5.74550000e-09  5.74550000e-09  0.00000000e+00  2.49999269e+00 -7.09986260e-07 
 5.74650000e-09  5.74650000e-09  0.00000000e+00  2.49999289e+00 -1.49052310e-06 
 5.74750000e-09  5.74750000e-09  0.00000000e+00  2.49999308e+00 -6.50787237e-07 
 5.74850000e-09  5.74850000e-09  0.00000000e+00  2.49999327e+00 -1.43291969e-06 
 5.74950000e-09  5.74950000e-09  0.00000000e+00  2.49999345e+00 -5.94736325e-07 
 5.75050000e-09  5.75050000e-09  0.00000000e+00  2.49999362e+00 -1.37837935e-06 
 5.75150000e-09  5.75150000e-09  0.00000000e+00  2.49999380e+00 -5.41665753e-07 
 5.75250000e-09  5.75250000e-09  0.00000000e+00  2.49999396e+00 -1.32673885e-06 
 5.75350000e-09  5.75350000e-09  0.00000000e+00  2.49999413e+00 -4.91416708e-07 
 5.75450000e-09  5.75450000e-09  0.00000000e+00  2.49999429e+00 -1.27784368e-06 
 5.75550000e-09  5.75550000e-09  0.00000000e+00  2.49999444e+00 -4.43838864e-07 
 5.75650000e-09  5.75650000e-09  0.00000000e+00  2.49999459e+00 -1.23154759e-06 
 5.75750000e-09  5.75750000e-09  0.00000000e+00  2.49999474e+00 -3.98789924e-07 
 5.75850000e-09  5.75850000e-09  0.00000000e+00  2.49999488e+00 -1.18771213e-06 
 5.75950000e-09  5.75950000e-09  0.00000000e+00  2.49999502e+00 -3.56135189e-07 
 5.76050000e-09  5.76050000e-09  0.00000000e+00  2.49999515e+00 -1.14620625e-06 
 5.76150000e-09  5.76150000e-09  0.00000000e+00  2.49999528e+00 -3.15747152e-07 
 5.76250000e-09  5.76250000e-09  0.00000000e+00  2.49999541e+00 -1.10690589e-06 
 5.76350000e-09  5.76350000e-09  0.00000000e+00  2.49999553e+00 -2.77505113e-07 
 5.76450000e-09  5.76450000e-09  0.00000000e+00  2.49999565e+00 -1.06969362e-06 
 5.76550000e-09  5.76550000e-09  0.00000000e+00  2.49999577e+00 -2.41294817e-07 
 5.76650000e-09  5.76650000e-09  0.00000000e+00  2.49999589e+00 -1.03445826e-06 
 5.76750000e-09  5.76750000e-09  0.00000000e+00  2.49999600e+00 -2.07008103e-07 
 5.76850000e-09  5.76850000e-09  0.00000000e+00  2.49999610e+00 -1.00109459e-06 
 5.76950000e-09  5.76950000e-09  0.00000000e+00  2.49999621e+00 -1.74542584e-07 
 5.77050000e-09  5.77050000e-09  0.00000000e+00  2.49999631e+00 -9.69502997e-07 
 5.77150000e-09  5.77150000e-09  0.00000000e+00  2.49999641e+00 -1.43801336e-07 
 5.77250000e-09  5.77250000e-09  0.00000000e+00  2.49999651e+00 -9.39589163e-07 
 5.77350000e-09  5.77350000e-09  0.00000000e+00  2.49999660e+00 -1.14692601e-07 
 5.77450000e-09  5.77450000e-09  0.00000000e+00  2.49999669e+00 -9.11263818e-07 
 5.77550000e-09  5.77550000e-09  0.00000000e+00  2.49999678e+00 -8.71295213e-08 
 5.77650000e-09  5.77650000e-09  0.00000000e+00  2.49999687e+00 -8.84442449e-07 
 5.77750000e-09  5.77750000e-09  0.00000000e+00  2.49999695e+00 -6.10298665e-08 
 5.77850000e-09  5.77850000e-09  0.00000000e+00  2.49999704e+00 -8.59045051e-07 
 5.77950000e-09  5.77950000e-09  0.00000000e+00  2.49999712e+00 -3.63157923e-08 
 5.78050000e-09  5.78050000e-09  0.00000000e+00  2.49999719e+00 -8.34995880e-07 
 5.78150000e-09  5.78150000e-09  0.00000000e+00  2.49999727e+00 -1.29136035e-08 
 5.78250000e-09  5.78250000e-09  0.00000000e+00  2.49999734e+00 -8.12223235e-07 
 5.78350000e-09  5.78350000e-09  0.00000000e+00  2.49999742e+00  9.24646512e-09 
 5.78450000e-09  5.78450000e-09  0.00000000e+00  2.49999748e+00 -7.90659234e-07 
 5.78550000e-09  5.78550000e-09  0.00000000e+00  2.49999755e+00  3.02304621e-08 
 5.78650000e-09  5.78650000e-09  0.00000000e+00  2.49999762e+00 -7.70239612e-07 
 5.78750000e-09  5.78750000e-09  0.00000000e+00  2.49999768e+00  5.01009153e-08 
 5.78850000e-09  5.78850000e-09  0.00000000e+00  2.49999775e+00 -7.50903530e-07 
 5.78950000e-09  5.78950000e-09  0.00000000e+00  2.49999781e+00  6.89170223e-08 
 5.79050000e-09  5.79050000e-09  0.00000000e+00  2.49999787e+00 -7.32593391e-07 
 5.79150000e-09  5.79150000e-09  0.00000000e+00  2.49999792e+00  8.67348256e-08 
 5.79250000e-09  5.79250000e-09  0.00000000e+00  2.49999798e+00 -7.15254662e-07 
 5.79350000e-09  5.79350000e-09  0.00000000e+00  2.49999803e+00  1.03607384e-07 
 5.79450000e-09  5.79450000e-09  0.00000000e+00  2.49999809e+00 -6.98835719e-07 
 5.79550000e-09  5.79550000e-09  0.00000000e+00  2.49999814e+00  1.19584929e-07 
 5.79650000e-09  5.79650000e-09  0.00000000e+00  2.49999819e+00 -6.83287685e-07 
 5.79750000e-09  5.79750000e-09  0.00000000e+00  2.49999824e+00  1.34715017e-07 
 5.79850000e-09  5.79850000e-09  0.00000000e+00  2.49999828e+00 -6.68564286e-07 
 5.79950000e-09  5.79950000e-09  0.00000000e+00  2.49999833e+00  1.49042676e-07 
 5.80050000e-09  5.80050000e-09  0.00000000e+00  2.49999838e+00 -6.54621713e-07 
 5.80150000e-09  5.80150000e-09  0.00000000e+00  2.49999842e+00  1.62610531e-07 
 5.80250000e-09  5.80250000e-09  0.00000000e+00  2.49999846e+00 -6.41418487e-07 
 5.80350000e-09  5.80350000e-09  0.00000000e+00  2.49999850e+00  1.75458944e-07 
 5.80450000e-09  5.80450000e-09  0.00000000e+00  2.49999854e+00 -6.28915337e-07 
 5.80550000e-09  5.80550000e-09  0.00000000e+00  2.49999858e+00  1.87626124e-07 
 5.80650000e-09  5.80650000e-09  0.00000000e+00  2.49999862e+00 -6.17075084e-07 
 5.80750000e-09  5.80750000e-09  0.00000000e+00  2.49999866e+00  1.99148249e-07 
 5.80850000e-09  5.80850000e-09  0.00000000e+00  2.49999869e+00 -6.05862525e-07 
 5.80950000e-09  5.80950000e-09  0.00000000e+00  2.49999873e+00  2.10059573e-07 
 5.81050000e-09  5.81050000e-09  0.00000000e+00  2.49999876e+00 -5.95244331e-07 
 5.81150000e-09  5.81150000e-09  0.00000000e+00  2.49999880e+00  2.20392525e-07 
 5.81250000e-09  5.81250000e-09  0.00000000e+00  2.49999883e+00 -5.85188946e-07 
 5.81350000e-09  5.81350000e-09  0.00000000e+00  2.49999886e+00  2.30177810e-07 
 5.81450000e-09  5.81450000e-09  0.00000000e+00  2.49999889e+00 -5.75666493e-07 
 5.81550000e-09  5.81550000e-09  0.00000000e+00  2.49999892e+00  2.39444502e-07 
 5.81650000e-09  5.81650000e-09  0.00000000e+00  2.49999895e+00 -5.66648683e-07 
 5.81750000e-09  5.81750000e-09  0.00000000e+00  2.49999898e+00  2.48220125e-07 
 5.81850000e-09  5.81850000e-09  0.00000000e+00  2.49999901e+00 -5.58108732e-07 
 5.81950000e-09  5.81950000e-09  0.00000000e+00  2.49999903e+00  2.56530742e-07 
 5.82050000e-09  5.82050000e-09  0.00000000e+00  2.49999906e+00 -5.50021280e-07 
 5.82150000e-09  5.82150000e-09  0.00000000e+00  2.49999908e+00  2.64401030e-07 
 5.82250000e-09  5.82250000e-09  0.00000000e+00  2.49999911e+00 -5.42362316e-07 
 5.82350000e-09  5.82350000e-09  0.00000000e+00  2.49999913e+00  2.71854353e-07 
 5.82450000e-09  5.82450000e-09  0.00000000e+00  2.49999916e+00 -5.35109104e-07 
 5.82550000e-09  5.82550000e-09  0.00000000e+00  2.49999918e+00  2.78912835e-07 
 5.82650000e-09  5.82650000e-09  0.00000000e+00  2.49999920e+00 -5.28240117e-07 
 5.82750000e-09  5.82750000e-09  0.00000000e+00  2.49999922e+00  2.85597421e-07 
 5.82850000e-09  5.82850000e-09  0.00000000e+00  2.49999924e+00 -5.21734973e-07 
 5.82950000e-09  5.82950000e-09  0.00000000e+00  2.49999926e+00  2.91927947e-07 
 5.83050000e-09  5.83050000e-09  0.00000000e+00  2.49999928e+00 -5.15574372e-07 
 5.83150000e-09  5.83150000e-09  0.00000000e+00  2.49999930e+00  2.97923191e-07 
 5.83250000e-09  5.83250000e-09  0.00000000e+00  2.49999932e+00 -5.09740040e-07 
 5.83350000e-09  5.83350000e-09  0.00000000e+00  2.49999934e+00  3.03600936e-07 
 5.83450000e-09  5.83450000e-09  0.00000000e+00  2.49999936e+00 -5.04214674e-07 
 5.83550000e-09  5.83550000e-09  0.00000000e+00  2.49999937e+00  3.08978019e-07 
 5.83650000e-09  5.83650000e-09  0.00000000e+00  2.49999939e+00 -4.98981889e-07 
 5.83750000e-09  5.83750000e-09  0.00000000e+00  2.49999941e+00  3.14070384e-07 
 5.83850000e-09  5.83850000e-09  0.00000000e+00  2.49999942e+00 -4.94026172e-07 
 5.83950000e-09  5.83950000e-09  0.00000000e+00  2.49999944e+00  3.18893125e-07 
 5.84050000e-09  5.84050000e-09  0.00000000e+00  2.49999945e+00 -4.89332832e-07 
 5.84150000e-09  5.84150000e-09  0.00000000e+00  2.49999947e+00  3.23460539e-07 
 5.84250000e-09  5.84250000e-09  0.00000000e+00  2.49999948e+00 -4.84887961e-07 
 5.84350000e-09  5.84350000e-09  0.00000000e+00  2.49999950e+00  3.27786159e-07 
 5.84450000e-09  5.84450000e-09  0.00000000e+00  2.49999951e+00 -4.80678387e-07 
 5.84550000e-09  5.84550000e-09  0.00000000e+00  2.49999952e+00  3.31882805e-07 
 5.84650000e-09  5.84650000e-09  0.00000000e+00  2.49999954e+00 -4.76691638e-07 
 5.84750000e-09  5.84750000e-09  0.00000000e+00  2.49999955e+00  3.35762610e-07 
 5.84850000e-09  5.84850000e-09  0.00000000e+00  2.49999956e+00 -4.72915904e-07 
 5.84950000e-09  5.84950000e-09  0.00000000e+00  2.49999957e+00  3.39437068e-07 
 5.85050000e-09  5.85050000e-09  0.00000000e+00  2.49999958e+00 -4.69340002e-07 
 5.85150000e-09  5.85150000e-09  0.00000000e+00  2.49999960e+00  3.42917060e-07 
 5.85250000e-09  5.85250000e-09  0.00000000e+00  2.49999961e+00 -4.65953343e-07 
 5.85350000e-09  5.85350000e-09  0.00000000e+00  2.49999962e+00  3.46212892e-07 
 5.85450000e-09  5.85450000e-09  0.00000000e+00  2.49999963e+00 -4.62745899e-07 
 5.85550000e-09  5.85550000e-09  0.00000000e+00  2.49999964e+00  3.49334321e-07 
 5.85650000e-09  5.85650000e-09  0.00000000e+00  2.49999965e+00 -4.59708177e-07 
 5.85750000e-09  5.85750000e-09  0.00000000e+00  2.49999966e+00  3.52290585e-07 
 5.85850000e-09  5.85850000e-09  0.00000000e+00  2.49999967e+00 -4.56831182e-07 
 5.85950000e-09  5.85950000e-09  0.00000000e+00  2.49999967e+00  3.55090437e-07 
 5.86050000e-09  5.86050000e-09  0.00000000e+00  2.49999968e+00 -4.54106402e-07 
 5.86150000e-09  5.86150000e-09  0.00000000e+00  2.49999969e+00  3.57742160e-07 
 5.86250000e-09  5.86250000e-09  0.00000000e+00  2.49999970e+00 -4.51525775e-07 
 5.86350000e-09  5.86350000e-09  0.00000000e+00  2.49999971e+00  3.60253601e-07 
 5.86450000e-09  5.86450000e-09  0.00000000e+00  2.49999972e+00 -4.49081664e-07 
 5.86550000e-09  5.86550000e-09  0.00000000e+00  2.49999972e+00  3.62632190e-07 
 5.86650000e-09  5.86650000e-09  0.00000000e+00  2.49999973e+00 -4.46766839e-07 
 5.86750000e-09  5.86750000e-09  0.00000000e+00  2.49999974e+00  3.64884961e-07 
 5.86850000e-09  5.86850000e-09  0.00000000e+00  2.49999975e+00 -4.44574454e-07 
 5.86950000e-09  5.86950000e-09  0.00000000e+00  2.49999975e+00  3.67018579e-07 
 5.87050000e-09  5.87050000e-09  0.00000000e+00  2.49999976e+00 -4.42498026e-07 
 5.87150000e-09  5.87150000e-09  0.00000000e+00  2.49999977e+00  3.69039353e-07 
 5.87250000e-09  5.87250000e-09  0.00000000e+00  2.49999977e+00 -4.40531415e-07 
 5.87350000e-09  5.87350000e-09  0.00000000e+00  2.49999978e+00  3.70953256e-07 
 5.87450000e-09  5.87450000e-09  0.00000000e+00  2.49999978e+00 -4.38668806e-07 
 5.87550000e-09  5.87550000e-09  0.00000000e+00  2.49999979e+00  3.72765947e-07 
 5.87650000e-09  5.87650000e-09  0.00000000e+00  2.49999980e+00 -4.36904694e-07 
 5.87750000e-09  5.87750000e-09  0.00000000e+00  2.49999980e+00  3.74482784e-07 
 5.87850000e-09  5.87850000e-09  0.00000000e+00  2.49999981e+00 -4.35233863e-07 
 5.87950000e-09  5.87950000e-09  0.00000000e+00  2.49999981e+00  3.76108841e-07 
 5.88050000e-09  5.88050000e-09  0.00000000e+00  2.49999982e+00 -4.33651378e-07 
 5.88150000e-09  5.88150000e-09  0.00000000e+00  2.49999982e+00  3.77648924e-07 
 5.88250000e-09  5.88250000e-09  0.00000000e+00  2.49999983e+00 -4.32152561e-07 
 5.88350000e-09  5.88350000e-09  0.00000000e+00  2.49999983e+00  3.79107583e-07 
 5.88450000e-09  5.88450000e-09  0.00000000e+00  2.49999984e+00 -4.30732984e-07 
 5.88550000e-09  5.88550000e-09  0.00000000e+00  2.49999984e+00  3.80489126e-07 
 5.88650000e-09  5.88650000e-09  0.00000000e+00  2.49999984e+00 -4.29388454e-07 
 5.88750000e-09  5.88750000e-09  0.00000000e+00  2.49999985e+00  3.81797636e-07 
 5.88850000e-09  5.88850000e-09  0.00000000e+00  2.49999985e+00 -4.28114999e-07 
 5.88950000e-09  5.88950000e-09  0.00000000e+00  2.49999986e+00  3.83036976e-07 
 5.89050000e-09  5.89050000e-09  0.00000000e+00  2.49999986e+00 -4.26908859e-07 
 5.89150000e-09  5.89150000e-09  0.00000000e+00  2.49999986e+00  3.84210807e-07 
 5.89250000e-09  5.89250000e-09  0.00000000e+00  2.49999987e+00 -4.25766471e-07 
 5.89350000e-09  5.89350000e-09  0.00000000e+00  2.49999987e+00  3.85322594e-07 
 5.89450000e-09  5.89450000e-09  0.00000000e+00  2.49999987e+00 -4.24684463e-07 
 5.89550000e-09  5.89550000e-09  0.00000000e+00  2.49999988e+00  3.86375621e-07 
 5.89650000e-09  5.89650000e-09  0.00000000e+00  2.49999988e+00 -4.23659640e-07 
 5.89750000e-09  5.89750000e-09  0.00000000e+00  2.49999988e+00  3.87372996e-07 
 5.89850000e-09  5.89850000e-09  0.00000000e+00  2.49999989e+00 -4.22688978e-07 
 5.89950000e-09  5.89950000e-09  0.00000000e+00  2.49999989e+00  3.88317662e-07 
 5.90050000e-09  5.90050000e-09  0.00000000e+00  2.49999989e+00 -4.21769611e-07 
 5.90150000e-09  5.90150000e-09  0.00000000e+00  2.49999990e+00  3.89212408e-07 
 5.90250000e-09  5.90250000e-09  0.00000000e+00  2.49999990e+00 -4.20898825e-07 
 5.90350000e-09  5.90350000e-09  0.00000000e+00  2.49999990e+00  3.90059875e-07 
 5.90450000e-09  5.90450000e-09  0.00000000e+00  2.49999990e+00 -4.20074052e-07 
 5.90550000e-09  5.90550000e-09  0.00000000e+00  2.49999991e+00  3.90862562e-07 
 5.90650000e-09  5.90650000e-09  0.00000000e+00  2.49999991e+00 -4.19292858e-07 
 5.90750000e-09  5.90750000e-09  0.00000000e+00  2.49999991e+00  3.91622838e-07 
 5.90850000e-09  5.90850000e-09  0.00000000e+00  2.49999991e+00 -4.18552939e-07 
 5.90950000e-09  5.90950000e-09  0.00000000e+00  2.49999992e+00  3.92342947e-07 
 5.91050000e-09  5.91050000e-09  0.00000000e+00  2.49999992e+00 -4.17852111e-07 
 5.91150000e-09  5.91150000e-09  0.00000000e+00  2.49999992e+00  3.93025011e-07 
 5.91250000e-09  5.91250000e-09  0.00000000e+00  2.49999992e+00 -4.17188308e-07 
 5.91350000e-09  5.91350000e-09  0.00000000e+00  2.49999993e+00  3.93671042e-07 
 5.91450000e-09  5.91450000e-09  0.00000000e+00  2.49999993e+00 -4.16559572e-07 
 5.91550000e-09  5.91550000e-09  0.00000000e+00  2.49999993e+00  3.94282947e-07 
 5.91650000e-09  5.91650000e-09  0.00000000e+00  2.49999993e+00 -4.15964049e-07 
 5.91750000e-09  5.91750000e-09  0.00000000e+00  2.49999993e+00  3.94862528e-07 
 5.91850000e-09  5.91850000e-09  0.00000000e+00  2.49999993e+00 -4.15399983e-07 
 5.91950000e-09  5.91950000e-09  0.00000000e+00  2.49999994e+00  3.95411495e-07 
 5.92050000e-09  5.92050000e-09  0.00000000e+00  2.49999994e+00 -4.14865710e-07 
 5.92150000e-09  5.92150000e-09  0.00000000e+00  2.49999994e+00  3.95931466e-07 
 5.92250000e-09  5.92250000e-09  0.00000000e+00  2.49999994e+00 -4.14359656e-07 
 5.92350000e-09  5.92350000e-09  0.00000000e+00  2.49999994e+00  3.96423975e-07 
 5.92450000e-09  5.92450000e-09  0.00000000e+00  2.49999994e+00 -4.13880330e-07 
 5.92550000e-09  5.92550000e-09  0.00000000e+00  2.49999995e+00  3.96890472e-07 
 5.92650000e-09  5.92650000e-09  0.00000000e+00  2.49999995e+00 -4.13426319e-07 
 5.92750000e-09  5.92750000e-09  0.00000000e+00  2.49999995e+00  3.97332333e-07 
 5.92850000e-09  5.92850000e-09  0.00000000e+00  2.49999995e+00 -4.12996284e-07 
 5.92950000e-09  5.92950000e-09  0.00000000e+00  2.49999995e+00  3.97750859e-07 
 5.93050000e-09  5.93050000e-09  0.00000000e+00  2.49999995e+00 -4.12588958e-07 
 5.93150000e-09  5.93150000e-09  0.00000000e+00  2.49999995e+00  3.98147284e-07 
 5.93250000e-09  5.93250000e-09  0.00000000e+00  2.49999996e+00 -4.12203142e-07 
 5.93350000e-09  5.93350000e-09  0.00000000e+00  2.49999996e+00  3.98522776e-07 
 5.93450000e-09  5.93450000e-09  0.00000000e+00  2.49999996e+00 -4.11837698e-07 
 5.93550000e-09  5.93550000e-09  0.00000000e+00  2.49999996e+00  3.98878441e-07 
 5.93650000e-09  5.93650000e-09  0.00000000e+00  2.49999996e+00 -4.11491550e-07 
 5.93750000e-09  5.93750000e-09  0.00000000e+00  2.49999996e+00  3.99215327e-07 
 5.93850000e-09  5.93850000e-09  0.00000000e+00  2.49999996e+00 -4.11163679e-07 
 5.93950000e-09  5.93950000e-09  0.00000000e+00  2.49999996e+00  3.99534425e-07 
 5.94050000e-09  5.94050000e-09  0.00000000e+00  2.49999996e+00 -4.10853118e-07 
 5.94150000e-09  5.94150000e-09  0.00000000e+00  2.49999996e+00  3.99836676e-07 
 5.94250000e-09  5.94250000e-09  0.00000000e+00  2.49999997e+00 -4.10558953e-07 
 5.94350000e-09  5.94350000e-09  0.00000000e+00  2.49999997e+00  4.00122971e-07 
 5.94450000e-09  5.94450000e-09  0.00000000e+00  2.49999997e+00 -4.10280318e-07 
 5.94550000e-09  5.94550000e-09  0.00000000e+00  2.49999997e+00  4.00394151e-07 
 5.94650000e-09  5.94650000e-09  0.00000000e+00  2.49999997e+00 -4.10016393e-07 
 5.94750000e-09  5.94750000e-09  0.00000000e+00  2.49999997e+00  4.00651016e-07 
 5.94850000e-09  5.94850000e-09  0.00000000e+00  2.49999997e+00 -4.09766400e-07 
 5.94950000e-09  5.94950000e-09  0.00000000e+00  2.49999997e+00  4.00894322e-07 
 5.95050000e-09  5.95050000e-09  0.00000000e+00  2.49999997e+00 -4.09529604e-07 
 5.95150000e-09  5.95150000e-09  0.00000000e+00  2.49999997e+00  4.01124784e-07 
 5.95250000e-09  5.95250000e-09  0.00000000e+00  2.49999997e+00 -4.09305306e-07 
 5.95350000e-09  5.95350000e-09  0.00000000e+00  2.49999997e+00  4.01343081e-07 
 5.95450000e-09  5.95450000e-09  0.00000000e+00  2.49999998e+00 -4.09092848e-07 
 5.95550000e-09  5.95550000e-09  0.00000000e+00  2.49999998e+00  4.01549856e-07 
 5.95650000e-09  5.95650000e-09  0.00000000e+00  2.49999998e+00 -4.08891603e-07 
 5.95750000e-09  5.95750000e-09  0.00000000e+00  2.49999998e+00  4.01745718e-07 
 5.95850000e-09  5.95850000e-09  0.00000000e+00  2.49999998e+00 -4.08700980e-07 
 5.95950000e-09  5.95950000e-09  0.00000000e+00  2.49999998e+00  4.01931243e-07 
 5.96050000e-09  5.96050000e-09  0.00000000e+00  2.49999998e+00 -4.08520418e-07 
 5.96150000e-09  5.96150000e-09  0.00000000e+00  2.49999998e+00  4.02106976e-07 
 5.96250000e-09  5.96250000e-09  0.00000000e+00  2.49999998e+00 -4.08349384e-07 
 5.96350000e-09  5.96350000e-09  0.00000000e+00  2.49999998e+00  4.02273435e-07 
 5.96450000e-09  5.96450000e-09  0.00000000e+00  2.49999998e+00 -4.08187377e-07 
 5.96550000e-09  5.96550000e-09  0.00000000e+00  2.49999998e+00  4.02431110e-07 
 5.96650000e-09  5.96650000e-09  0.00000000e+00  2.49999998e+00 -4.08033920e-07 
 5.96750000e-09  5.96750000e-09  0.00000000e+00  2.49999998e+00  4.02580464e-07 
 5.96850000e-09  5.96850000e-09  0.00000000e+00  2.49999998e+00 -4.07888560e-07 
 5.96950000e-09  5.96950000e-09  0.00000000e+00  2.49999998e+00  4.02721936e-07 
 5.97050000e-09  5.97050000e-09  0.00000000e+00  2.49999998e+00 -4.07750870e-07 
 5.97150000e-09  5.97150000e-09  0.00000000e+00  2.49999998e+00  4.02855944e-07 
 5.97250000e-09  5.97250000e-09  0.00000000e+00  2.49999998e+00 -4.07620446e-07 
 5.97350000e-09  5.97350000e-09  0.00000000e+00  2.49999999e+00  4.02982880e-07 
 5.97450000e-09  5.97450000e-09  0.00000000e+00  2.49999999e+00 -4.07496904e-07 
 5.97550000e-09  5.97550000e-09  0.00000000e+00  2.49999999e+00  4.03103119e-07 
 5.97650000e-09  5.97650000e-09  0.00000000e+00  2.49999999e+00 -4.07379880e-07 
 5.97750000e-09  5.97750000e-09  0.00000000e+00  2.49999999e+00  4.03217013e-07 
 5.97850000e-09  5.97850000e-09  0.00000000e+00  2.49999999e+00 -4.07269030e-07 
 5.97950000e-09  5.97950000e-09  0.00000000e+00  2.49999999e+00  4.03324899e-07 
 5.98050000e-09  5.98050000e-09  0.00000000e+00  2.49999999e+00 -4.07164029e-07 
 5.98150000e-09  5.98150000e-09  0.00000000e+00  2.49999999e+00  4.03427093e-07 
 5.98250000e-09  5.98250000e-09  0.00000000e+00  2.49999999e+00 -4.07064568e-07 
 5.98350000e-09  5.98350000e-09  0.00000000e+00  2.49999999e+00  4.03523895e-07 
 5.98450000e-09  5.98450000e-09  0.00000000e+00  2.49999999e+00 -4.06970353e-07 
 5.98550000e-09  5.98550000e-09  0.00000000e+00  2.49999999e+00  4.03615591e-07 
 5.98650000e-09  5.98650000e-09  0.00000000e+00  2.49999999e+00 -4.06881109e-07 
 5.98750000e-09  5.98750000e-09  0.00000000e+00  2.49999999e+00  4.03702449e-07 
 5.98850000e-09  5.98850000e-09  0.00000000e+00  2.49999999e+00 -4.06796573e-07 
 5.98950000e-09  5.98950000e-09  0.00000000e+00  2.49999999e+00  4.03784725e-07 
 5.99050000e-09  5.99050000e-09  0.00000000e+00  2.49999999e+00 -4.06716497e-07 
 5.99150000e-09  5.99150000e-09  0.00000000e+00  2.49999999e+00  4.03862661e-07 
 5.99250000e-09  5.99250000e-09  0.00000000e+00  2.49999999e+00 -4.06640644e-07 
 5.99350000e-09  5.99350000e-09  0.00000000e+00  2.49999999e+00  4.03936486e-07 
 5.99450000e-09  5.99450000e-09  0.00000000e+00  2.49999999e+00 -4.06568793e-07 
 5.99550000e-09  5.99550000e-09  0.00000000e+00  2.49999999e+00  4.04006417e-07 
 5.99650000e-09  5.99650000e-09  0.00000000e+00  2.49999999e+00 -4.06500731e-07 
 5.99750000e-09  5.99750000e-09  0.00000000e+00  2.49999999e+00  4.04072659e-07 
 5.99850000e-09  5.99850000e-09  0.00000000e+00  2.49999999e+00 -4.06436260e-07 
 5.99950000e-09  5.99950000e-09  0.00000000e+00  2.49999999e+00  4.04135408e-07 
 6.00050000e-09  6.00050000e-09  0.00000000e+00  2.49999999e+00 -4.06375188e-07 
 6.00150000e-09  6.00150000e-09  0.00000000e+00  2.49999999e+00  4.04194847e-07 
 6.00250000e-09  6.00250000e-09  0.00000000e+00  2.49999999e+00 -4.06317338e-07 
 6.00350000e-09  6.00350000e-09  0.00000000e+00  2.49999999e+00  4.04251150e-07 
 6.00450000e-09  6.00450000e-09  0.00000000e+00  2.49999999e+00 -4.06262539e-07 
 6.00550000e-09  6.00550000e-09  0.00000000e+00  2.49999999e+00  4.04304485e-07 
 6.00650000e-09  6.00650000e-09  0.00000000e+00  2.49999999e+00 -4.06210630e-07 
 6.00750000e-09  6.00750000e-09  0.00000000e+00  2.49999999e+00  4.04355007e-07 
 6.00850000e-09  6.00850000e-09  0.00000000e+00  2.49999999e+00 -4.06161458e-07 
 6.00950000e-09  6.00950000e-09  0.00000000e+00  2.49999999e+00  4.04402864e-07 
 6.01050000e-09  6.01050000e-09  0.00000000e+00  2.49999999e+00 -4.06114880e-07 
 6.01150000e-09  6.01150000e-09  0.00000000e+00  2.49999999e+00  4.04448198e-07 
 6.01250000e-09  6.01250000e-09  0.00000000e+00  2.49999999e+00 -4.06070758e-07 
 6.01350000e-09  6.01350000e-09  0.00000000e+00  2.49999999e+00  4.04491140e-07 
 6.01450000e-09  6.01450000e-09  0.00000000e+00  2.50000000e+00 -4.06028963e-07 
 6.01550000e-09  6.01550000e-09  0.00000000e+00  2.50000000e+00  4.04531818e-07 
 6.01650000e-09  6.01650000e-09  0.00000000e+00  2.50000000e+00 -4.05989372e-07 
 6.01750000e-09  6.01750000e-09  0.00000000e+00  2.50000000e+00  4.04570351e-07 
 6.01850000e-09  6.01850000e-09  0.00000000e+00  2.50000000e+00 -4.05951868e-07 
 6.01950000e-09  6.01950000e-09  0.00000000e+00  2.50000000e+00  4.04606852e-07 
 6.02050000e-09  6.02050000e-09  0.00000000e+00  2.50000000e+00 -4.05916343e-07 
 6.02150000e-09  6.02150000e-09  0.00000000e+00  2.50000000e+00  4.04641429e-07 
 6.02250000e-09  6.02250000e-09  0.00000000e+00  2.50000000e+00 -4.05882690e-07 
 6.02350000e-09  6.02350000e-09  0.00000000e+00  2.50000000e+00  4.04674182e-07 
 6.02450000e-09  6.02450000e-09  0.00000000e+00  2.50000000e+00 -4.05850811e-07 
 6.02550000e-09  6.02550000e-09  0.00000000e+00  2.50000000e+00  4.04705209e-07 
 6.02650000e-09  6.02650000e-09  0.00000000e+00  2.50000000e+00 -4.05820614e-07 
 6.02750000e-09  6.02750000e-09  0.00000000e+00  2.50000000e+00  4.04734599e-07 
 6.02850000e-09  6.02850000e-09  0.00000000e+00  2.50000000e+00 -4.05792009e-07 
 6.02950000e-09  6.02950000e-09  0.00000000e+00  2.50000000e+00  4.04762440e-07 
 6.03050000e-09  6.03050000e-09  0.00000000e+00  2.50000000e+00 -4.05764912e-07 
 6.03150000e-09  6.03150000e-09  0.00000000e+00  2.50000000e+00  4.04788813e-07 
 6.03250000e-09  6.03250000e-09  0.00000000e+00  2.50000000e+00 -4.05739243e-07 
 6.03350000e-09  6.03350000e-09  0.00000000e+00  2.50000000e+00  4.04813795e-07 
 6.03450000e-09  6.03450000e-09  0.00000000e+00  2.50000000e+00 -4.05714928e-07 
 6.03550000e-09  6.03550000e-09  0.00000000e+00  2.50000000e+00  4.04837461e-07 
 6.03650000e-09  6.03650000e-09  0.00000000e+00  2.50000000e+00 -4.05691895e-07 
 6.03750000e-09  6.03750000e-09  0.00000000e+00  2.50000000e+00  4.04859879e-07 
 6.03850000e-09  6.03850000e-09  0.00000000e+00  2.50000000e+00 -4.05670076e-07 
 6.03950000e-09  6.03950000e-09  0.00000000e+00  2.50000000e+00  4.04881115e-07 
 6.04050000e-09  6.04050000e-09  0.00000000e+00  2.50000000e+00 -4.05649407e-07 
 6.04150000e-09  6.04150000e-09  0.00000000e+00  2.50000000e+00  4.04901231e-07 
 6.04250000e-09  6.04250000e-09  0.00000000e+00  2.50000000e+00 -4.05629829e-07 
 6.04350000e-09  6.04350000e-09  0.00000000e+00  2.50000000e+00  4.04920287e-07 
 6.04450000e-09  6.04450000e-09  0.00000000e+00  2.50000000e+00 -4.05611281e-07 
 6.04550000e-09  6.04550000e-09  0.00000000e+00  2.50000000e+00  4.04938339e-07 
 6.04650000e-09  6.04650000e-09  0.00000000e+00  2.50000000e+00 -4.05593713e-07 
 6.04750000e-09  6.04750000e-09  0.00000000e+00  2.50000000e+00  4.04955439e-07 
 6.04850000e-09  6.04850000e-09  0.00000000e+00  2.50000000e+00 -4.05577069e-07 
 6.04950000e-09  6.04950000e-09  0.00000000e+00  2.50000000e+00  4.04971637e-07 
 6.05050000e-09  6.05050000e-09  0.00000000e+00  2.50000000e+00 -4.05561303e-07 
 6.05150000e-09  6.05150000e-09  0.00000000e+00  2.50000000e+00  4.04986982e-07 
 6.05250000e-09  6.05250000e-09  0.00000000e+00  2.50000000e+00 -4.05546368e-07 
 6.05350000e-09  6.05350000e-09  0.00000000e+00  2.50000000e+00  4.05001518e-07 
 6.05450000e-09  6.05450000e-09  0.00000000e+00  2.50000000e+00 -4.05532221e-07 
 6.05550000e-09  6.05550000e-09  0.00000000e+00  2.50000000e+00  4.05015287e-07 
 6.05650000e-09  6.05650000e-09  0.00000000e+00  2.50000000e+00 -4.05518819e-07 
 6.05750000e-09  6.05750000e-09  0.00000000e+00  2.50000000e+00  4.05028331e-07 
 6.05850000e-09  6.05850000e-09  0.00000000e+00  2.50000000e+00 -4.05506124e-07 
 6.05950000e-09  6.05950000e-09  0.00000000e+00  2.50000000e+00  4.05040688e-07 
 6.06050000e-09  6.06050000e-09  0.00000000e+00  2.50000000e+00 -4.05494098e-07 
 6.06150000e-09  6.06150000e-09  0.00000000e+00  2.50000000e+00  4.05052393e-07 
 6.06250000e-09  6.06250000e-09  0.00000000e+00  2.50000000e+00 -4.05482706e-07 
 6.06350000e-09  6.06350000e-09  0.00000000e+00  2.50000000e+00  4.05063480e-07 
 6.06450000e-09  6.06450000e-09  0.00000000e+00  2.50000000e+00 -4.05471913e-07 
 6.06550000e-09  6.06550000e-09  0.00000000e+00  2.50000000e+00  4.05073984e-07 
 6.06650000e-09  6.06650000e-09  0.00000000e+00  2.50000000e+00 -4.05461690e-07 
 6.06750000e-09  6.06750000e-09  0.00000000e+00  2.50000000e+00  4.05083935e-07 
 6.06850000e-09  6.06850000e-09  0.00000000e+00  2.50000000e+00 -4.05452006e-07 
 6.06950000e-09  6.06950000e-09  0.00000000e+00  2.50000000e+00  4.05093361e-07 
 6.07050000e-09  6.07050000e-09  0.00000000e+00  2.50000000e+00 -4.05442832e-07 
 6.07150000e-09  6.07150000e-09  0.00000000e+00  2.50000000e+00  4.05102290e-07 
 6.07250000e-09  6.07250000e-09  0.00000000e+00  2.50000000e+00 -4.05434142e-07 
 6.07350000e-09  6.07350000e-09  0.00000000e+00  2.50000000e+00  4.05110748e-07 
 6.07450000e-09  6.07450000e-09  0.00000000e+00  2.50000000e+00 -4.05425909e-07 
 6.07550000e-09  6.07550000e-09  0.00000000e+00  2.50000000e+00  4.05118761e-07 
 6.07650000e-09  6.07650000e-09  0.00000000e+00  2.50000000e+00 -4.05418110e-07 
 6.07750000e-09  6.07750000e-09  0.00000000e+00  2.50000000e+00  4.05126351e-07 
 6.07850000e-09  6.07850000e-09  0.00000000e+00  2.50000000e+00 -4.05410723e-07 
 6.07950000e-09  6.07950000e-09  0.00000000e+00  2.50000000e+00  4.05133541e-07 
 6.08050000e-09  6.08050000e-09  0.00000000e+00  2.50000000e+00 -4.05403724e-07 
 6.08150000e-09  6.08150000e-09  0.00000000e+00  2.50000000e+00  4.05140352e-07 
 6.08250000e-09  6.08250000e-09  0.00000000e+00  2.50000000e+00 -4.05397095e-07 
 6.08350000e-09  6.08350000e-09  0.00000000e+00  2.50000000e+00  4.05146805e-07 
 6.08450000e-09  6.08450000e-09  0.00000000e+00  2.50000000e+00 -4.05390814e-07 
 6.08550000e-09  6.08550000e-09  0.00000000e+00  2.50000000e+00  4.05152918e-07 
 6.08650000e-09  6.08650000e-09  0.00000000e+00  2.50000000e+00 -4.05384866e-07 
 6.08750000e-09  6.08750000e-09  0.00000000e+00  2.50000000e+00  4.05158708e-07 
 6.08850000e-09  6.08850000e-09  0.00000000e+00  2.50000000e+00 -4.05379229e-07 
 6.08950000e-09  6.08950000e-09  0.00000000e+00  2.50000000e+00  4.05164193e-07 
 6.09050000e-09  6.09050000e-09  0.00000000e+00  2.50000000e+00 -4.05373891e-07 
 6.09150000e-09  6.09150000e-09  0.00000000e+00  2.50000000e+00  4.05169389e-07 
 6.09250000e-09  6.09250000e-09  0.00000000e+00  2.50000000e+00 -4.05368833e-07 
 6.09350000e-09  6.09350000e-09  0.00000000e+00  2.50000000e+00  4.05174312e-07 
 6.09450000e-09  6.09450000e-09  0.00000000e+00  2.50000000e+00 -4.05364042e-07 
 6.09550000e-09  6.09550000e-09  0.00000000e+00  2.50000000e+00  4.05178975e-07 
 6.09650000e-09  6.09650000e-09  0.00000000e+00  2.50000000e+00 -4.05359504e-07 
 6.09750000e-09  6.09750000e-09  0.00000000e+00  2.50000000e+00  4.05183392e-07 
 6.09850000e-09  6.09850000e-09  0.00000000e+00  2.50000000e+00 -4.05355204e-07 
 6.09950000e-09  6.09950000e-09  0.00000000e+00  2.50000000e+00  4.05187577e-07 
 6.10050000e-09  6.10050000e-09  0.00000000e+00  2.50000000e+00 -4.05351131e-07 
 6.10150000e-09  6.10150000e-09  0.00000000e+00  2.50000000e+00  4.05191541e-07 
 6.10250000e-09  6.10250000e-09  0.00000000e+00  2.50000000e+00 -4.05347273e-07 
 6.10350000e-09  6.10350000e-09  0.00000000e+00  2.50000000e+00  4.05195296e-07 
 6.10450000e-09  6.10450000e-09  0.00000000e+00  2.50000000e+00 -4.05343619e-07 
 6.10550000e-09  6.10550000e-09  0.00000000e+00  2.50000000e+00  4.05198854e-07 
 6.10650000e-09  6.10650000e-09  0.00000000e+00  2.50000000e+00 -4.05340156e-07 
 6.10750000e-09  6.10750000e-09  0.00000000e+00  2.50000000e+00  4.05202223e-07 
 6.10850000e-09  6.10850000e-09  0.00000000e+00  2.50000000e+00 -4.05336876e-07 
 6.10950000e-09  6.10950000e-09  0.00000000e+00  2.50000000e+00  4.05205416e-07 
 6.11050000e-09  6.11050000e-09  0.00000000e+00  2.50000000e+00 -4.05333769e-07 
 6.11150000e-09  6.11150000e-09  0.00000000e+00  2.50000000e+00  4.05208440e-07 
 6.11250000e-09  6.11250000e-09  0.00000000e+00  2.50000000e+00 -4.05330825e-07 
 6.11350000e-09  6.11350000e-09  0.00000000e+00  2.50000000e+00  4.05211305e-07 
 6.11450000e-09  6.11450000e-09  0.00000000e+00  2.50000000e+00 -4.05328037e-07 
 6.11550000e-09  6.11550000e-09  0.00000000e+00  2.50000000e+00  4.05214019e-07 
 6.11650000e-09  6.11650000e-09  0.00000000e+00  2.50000000e+00 -4.05325395e-07 
 6.11750000e-09  6.11750000e-09  0.00000000e+00  2.50000000e+00  4.05216590e-07 
 6.11850000e-09  6.11850000e-09  0.00000000e+00  2.50000000e+00 -4.05322893e-07 
 6.11950000e-09  6.11950000e-09  0.00000000e+00  2.50000000e+00  4.05219026e-07 
 6.12050000e-09  6.12050000e-09  0.00000000e+00  2.50000000e+00 -4.05320522e-07 
 6.12150000e-09  6.12150000e-09  0.00000000e+00  2.50000000e+00  4.05221333e-07 
 6.12250000e-09  6.12250000e-09  0.00000000e+00  2.50000000e+00 -4.05318276e-07 
 6.12350000e-09  6.12350000e-09  0.00000000e+00  2.50000000e+00  4.05223518e-07 
 6.12450000e-09  6.12450000e-09  0.00000000e+00  2.50000000e+00 -4.05316149e-07 
 6.12550000e-09  6.12550000e-09  0.00000000e+00  2.50000000e+00  4.05225589e-07 
 6.12650000e-09  6.12650000e-09  0.00000000e+00  2.50000000e+00 -4.05314134e-07 
 6.12750000e-09  6.12750000e-09  0.00000000e+00  2.50000000e+00  4.05227550e-07 
 6.12850000e-09  6.12850000e-09  0.00000000e+00  2.50000000e+00 -4.05312225e-07 
 6.12950000e-09  6.12950000e-09  0.00000000e+00  2.50000000e+00  4.05229408e-07 
 6.13050000e-09  6.13050000e-09  0.00000000e+00  2.50000000e+00 -4.05310416e-07 
 6.13150000e-09  6.13150000e-09  0.00000000e+00  2.50000000e+00  4.05231169e-07 
 6.13250000e-09  6.13250000e-09  0.00000000e+00  2.50000000e+00 -4.05308703e-07 
 6.13350000e-09  6.13350000e-09  0.00000000e+00  2.50000000e+00  4.05232836e-07 
 6.13450000e-09  6.13450000e-09  0.00000000e+00  2.50000000e+00 -4.05307080e-07 
 6.13550000e-09  6.13550000e-09  0.00000000e+00  2.50000000e+00  4.05234416e-07 
 6.13650000e-09  6.13650000e-09  0.00000000e+00  2.50000000e+00 -4.05305542e-07 
 6.13750000e-09  6.13750000e-09  0.00000000e+00  2.50000000e+00  4.05235912e-07 
 6.13850000e-09  6.13850000e-09  0.00000000e+00  2.50000000e+00 -4.05304086e-07 
 6.13950000e-09  6.13950000e-09  0.00000000e+00  2.50000000e+00  4.05237330e-07 
 6.14050000e-09  6.14050000e-09  0.00000000e+00  2.50000000e+00 -4.05302706e-07 
 6.14150000e-09  6.14150000e-09  0.00000000e+00  2.50000000e+00  4.05238673e-07 
 6.14250000e-09  6.14250000e-09  0.00000000e+00  2.50000000e+00 -4.05301399e-07 
 6.14350000e-09  6.14350000e-09  0.00000000e+00  2.50000000e+00  4.05239945e-07 
 6.14450000e-09  6.14450000e-09  0.00000000e+00  2.50000000e+00 -4.05300161e-07 
 6.14550000e-09  6.14550000e-09  0.00000000e+00  2.50000000e+00  4.05241151e-07 
 6.14650000e-09  6.14650000e-09  0.00000000e+00  2.50000000e+00 -4.05298988e-07 
 6.14750000e-09  6.14750000e-09  0.00000000e+00  2.50000000e+00  4.05242292e-07 
 6.14850000e-09  6.14850000e-09  0.00000000e+00  2.50000000e+00 -4.05297877e-07 
 6.14950000e-09  6.14950000e-09  0.00000000e+00  2.50000000e+00  4.05243374e-07 
 6.15050000e-09  6.15050000e-09  0.00000000e+00  2.50000000e+00 -4.05296824e-07 
 6.15150000e-09  6.15150000e-09  0.00000000e+00  2.50000000e+00  4.05244399e-07 
 6.15250000e-09  6.15250000e-09  0.00000000e+00  2.50000000e+00 -4.05295827e-07 
 6.15350000e-09  6.15350000e-09  0.00000000e+00  2.50000000e+00  4.05245369e-07 
 6.15450000e-09  6.15450000e-09  0.00000000e+00  2.50000000e+00 -4.05294882e-07 
 6.15550000e-09  6.15550000e-09  0.00000000e+00  2.50000000e+00  4.05246288e-07 
 6.15650000e-09  6.15650000e-09  0.00000000e+00  2.50000000e+00 -4.05293987e-07 
 6.15750000e-09  6.15750000e-09  0.00000000e+00  2.50000000e+00  4.05247159e-07 
 6.15850000e-09  6.15850000e-09  0.00000000e+00  2.50000000e+00 -4.05293139e-07 
 6.15950000e-09  6.15950000e-09  0.00000000e+00  2.50000000e+00  4.05247984e-07 
 6.16050000e-09  6.16050000e-09  0.00000000e+00  2.50000000e+00 -4.05292336e-07 
 6.16150000e-09  6.16150000e-09  0.00000000e+00  2.50000000e+00  4.05248766e-07 
 6.16250000e-09  6.16250000e-09  0.00000000e+00  2.50000000e+00 -4.05291575e-07 
 6.16350000e-09  6.16350000e-09  0.00000000e+00  2.50000000e+00  4.05249507e-07 
 6.16450000e-09  6.16450000e-09  0.00000000e+00  2.50000000e+00 -4.05290854e-07 
 6.16550000e-09  6.16550000e-09  0.00000000e+00  2.50000000e+00  4.05250209e-07 
 6.16650000e-09  6.16650000e-09  0.00000000e+00  2.50000000e+00 -4.05290171e-07 
 6.16750000e-09  6.16750000e-09  0.00000000e+00  2.50000000e+00  4.05250873e-07 
 6.16850000e-09  6.16850000e-09  0.00000000e+00  2.50000000e+00 -4.05289524e-07 
 6.16950000e-09  6.16950000e-09  0.00000000e+00  2.50000000e+00  4.05251503e-07 
 6.17050000e-09  6.17050000e-09  0.00000000e+00  2.50000000e+00 -4.05288911e-07 
 6.17150000e-09  6.17150000e-09  0.00000000e+00  2.50000000e+00  4.05252099e-07 
 6.17250000e-09  6.17250000e-09  0.00000000e+00  2.50000000e+00 -4.05288331e-07 
 6.17350000e-09  6.17350000e-09  0.00000000e+00  2.50000000e+00  4.05252664e-07 
 6.17450000e-09  6.17450000e-09  0.00000000e+00  2.50000000e+00 -4.05287781e-07 
 6.17550000e-09  6.17550000e-09  0.00000000e+00  2.50000000e+00  4.05253199e-07 
 6.17650000e-09  6.17650000e-09  0.00000000e+00  2.50000000e+00 -4.05287260e-07 
 6.17750000e-09  6.17750000e-09  0.00000000e+00  2.50000000e+00  4.05253706e-07 
 6.17850000e-09  6.17850000e-09  0.00000000e+00  2.50000000e+00 -4.05286766e-07 
 6.17950000e-09  6.17950000e-09  0.00000000e+00  2.50000000e+00  4.05254186e-07 
 6.18050000e-09  6.18050000e-09  0.00000000e+00  2.50000000e+00 -4.05286299e-07 
 6.18150000e-09  6.18150000e-09  0.00000000e+00  2.50000000e+00  4.05254642e-07 
 6.18250000e-09  6.18250000e-09  0.00000000e+00  2.50000000e+00 -4.05285856e-07 
 6.18350000e-09  6.18350000e-09  0.00000000e+00  2.50000000e+00  4.05255072e-07 
 6.18450000e-09  6.18450000e-09  0.00000000e+00  2.50000000e+00 -4.05285436e-07 
 6.18550000e-09  6.18550000e-09  0.00000000e+00  2.50000000e+00  4.05255481e-07 
 6.18650000e-09  6.18650000e-09  0.00000000e+00  2.50000000e+00 -4.05285039e-07 
 6.18750000e-09  6.18750000e-09  0.00000000e+00  2.50000000e+00  4.05255868e-07 
 6.18850000e-09  6.18850000e-09  0.00000000e+00  2.50000000e+00 -4.05284662e-07 
 6.18950000e-09  6.18950000e-09  0.00000000e+00  2.50000000e+00  4.05256234e-07 
 6.19050000e-09  6.19050000e-09  0.00000000e+00  2.50000000e+00 -4.05284305e-07 
 6.19150000e-09  6.19150000e-09  0.00000000e+00  2.50000000e+00  4.05256582e-07 
 6.19250000e-09  6.19250000e-09  0.00000000e+00  2.50000000e+00 -4.05283967e-07 
 6.19350000e-09  6.19350000e-09  0.00000000e+00  2.50000000e+00  4.05256911e-07 
 6.19450000e-09  6.19450000e-09  0.00000000e+00  2.50000000e+00 -4.05283647e-07 
 6.19550000e-09  6.19550000e-09  0.00000000e+00  2.50000000e+00  4.05257222e-07 
 6.19650000e-09  6.19650000e-09  0.00000000e+00  2.50000000e+00 -4.05283344e-07 
 6.19750000e-09  6.19750000e-09  0.00000000e+00  2.50000000e+00  4.05257517e-07 
 6.19850000e-09  6.19850000e-09  0.00000000e+00  2.50000000e+00 -4.05283057e-07 
 6.19925000e-09  6.19925000e-09  0.00000000e+00  2.50000000e+00  4.05257763e-07 
 6.20000000e-09  6.20000000e-09  0.00000000e+00  2.50000000e+00 -4.05282851e-07 
 6.20010000e-09  6.20010000e-09  1.25000000e-02  2.50000450e+00  7.13299986e-04 
 6.20030000e-09  6.20030000e-09  3.75000000e-02  2.50001338e+00  7.15082891e-04 
 6.20070000e-09  6.20070000e-09  8.75000000e-02  2.50003034e+00  7.18141095e-04 
 6.20150000e-09  6.20150000e-09  1.87500000e-01  2.50006134e+00  7.23976608e-04 
 6.20250000e-09  6.20250000e-09  3.12500000e-01  2.50009510e+00  7.29907227e-04 
 6.20350000e-09  6.20350000e-09  4.37500000e-01  2.50012395e+00  7.34942747e-04 
 6.20450000e-09  6.20450000e-09  5.62500000e-01  2.50014814e+00  7.32953531e-04 
 6.20550000e-09  6.20550000e-09  6.87500000e-01  2.50016718e+00  7.19688516e-04 
 6.20650000e-09  6.20650000e-09  8.12500000e-01  2.50018039e+00  6.94528854e-04 
 6.20750000e-09  6.20750000e-09  9.37500000e-01  2.50018719e+00  6.57840174e-04 
 6.20850000e-09  6.20850000e-09  1.06250000e+00  2.50018709e+00  6.09148369e-04 
 6.20950000e-09  6.20950000e-09  1.18750000e+00  2.50017968e+00  5.48980374e-04 
 6.21050000e-09  6.21050000e-09  1.31250000e+00  2.50016456e+00  4.77034552e-04 
 6.21150000e-09  6.21150000e-09  1.43750000e+00  2.50014139e+00  3.94024340e-04 
 6.21250000e-09  6.21250000e-09  1.56250000e+00  2.50010977e+00  2.99848990e-04 
 6.21350000e-09  6.21350000e-09  1.68750000e+00  2.50006929e+00  1.95423452e-04 
 6.21450000e-09  6.21450000e-09  1.81250000e+00  2.50001951e+00  8.07587570e-05 
 6.21550000e-09  6.21550000e-09  1.93750000e+00  2.49995998e+00 -4.39356517e-05 
 6.21650000e-09  6.21650000e-09  2.06250000e+00  2.49989213e+00 -2.23731270e-04 
 6.21750000e-09  6.21750000e-09  2.18750000e+00  2.49980586e+00 -3.84332276e-04 
 6.21850000e-09  6.21850000e-09  2.31250000e+00  2.49968664e+00 -6.36640702e-04 
 6.21925000e-09  6.21925000e-09  2.40625000e+00  2.49957839e+00 -7.43235332e-04 
 6.22000000e-09  6.22000000e-09  2.50000000e+00  2.49945995e+00 -7.57110514e-04 
 6.22010000e-09  6.22010000e-09  2.50000000e+00  2.49944180e+00 -1.40664241e-03 
 6.22030000e-09  6.22030000e-09  2.50000000e+00  2.49940560e+00 -1.39653094e-03 
 6.22070000e-09  6.22070000e-09  2.50000000e+00  2.49933436e+00 -1.38661913e-03 
 6.22150000e-09  6.22150000e-09  2.50000000e+00  2.49919721e+00 -1.36339138e-03 
 6.22250000e-09  6.22250000e-09  2.50000000e+00  2.49904215e+00 -1.38408415e-03 
 6.22350000e-09  6.22350000e-09  2.50000000e+00  2.49890905e+00 -1.39579007e-03 
 6.22450000e-09  6.22450000e-09  2.50000000e+00  2.49879540e+00 -1.41272193e-03 
 6.22550000e-09  6.22550000e-09  2.50000000e+00  2.49869900e+00 -1.42133084e-03 
 6.22650000e-09  6.22650000e-09  2.50000000e+00  2.49861788e+00 -1.43550536e-03 
 6.22750000e-09  6.22750000e-09  2.50000000e+00  2.49855026e+00 -1.44166138e-03 
 6.22850000e-09  6.22850000e-09  2.50000000e+00  2.49849439e+00 -1.45214627e-03 
 6.22950000e-09  6.22950000e-09  2.50000000e+00  2.49844882e+00 -1.44888262e-03 
 6.23050000e-09  6.23050000e-09  2.50000000e+00  2.49841454e+00 -1.45754753e-03 
 6.23150000e-09  6.23150000e-09  2.50000000e+00  2.49839441e+00 -1.46402440e-03 
 6.23250000e-09  6.23250000e-09  2.50000000e+00  2.49839087e+00 -1.48198243e-03 
 6.23350000e-09  6.23350000e-09  2.50000000e+00  2.49840608e+00 -1.49729030e-03 
 6.23450000e-09  6.23450000e-09  2.50000000e+00  2.49844188e+00 -1.52360786e-03 
 6.23550000e-09  6.23550000e-09  2.50000000e+00  2.49849983e+00 -1.54679374e-03 
 6.23650000e-09  6.23650000e-09  2.50000000e+00  2.49858124e+00 -1.58049744e-03 
 6.23750000e-09  6.23750000e-09  2.50000000e+00  2.49868718e+00 -1.61056743e-03 
 6.23850000e-09  6.23850000e-09  2.50000000e+00  2.49881850e+00 -1.65064351e-03 
 6.23950000e-09  6.23950000e-09  2.50000000e+00  2.49897589e+00 -1.68656512e-03 
 6.24050000e-09  6.24050000e-09  2.50000000e+00  2.49915983e+00 -1.73196404e-03 
 6.24150000e-09  6.24150000e-09  2.50000000e+00  2.49937068e+00 -1.77267280e-03 
 6.24250000e-09  6.24250000e-09  2.50000000e+00  2.49960862e+00 -1.82231744e-03 
 6.24350000e-09  6.24350000e-09  2.50000000e+00  2.49987375e+00 -1.86672614e-03 
 6.24450000e-09  6.24450000e-09  2.50000000e+00  2.50016605e+00 -1.91952133e-03 
 6.24550000e-09  6.24550000e-09  2.50000000e+00  2.50048540e+00 -1.96652642e-03 
 6.24650000e-09  6.24650000e-09  2.50000000e+00  2.50083160e+00 -2.02136302e-03 
 6.24750000e-09  6.24750000e-09  2.50000000e+00  2.50120441e+00 -2.06985786e-03 
 6.24850000e-09  6.24850000e-09  2.50000000e+00  2.50160350e+00 -2.12563512e-03 
 6.24950000e-09  6.24950000e-09  2.50000000e+00  2.50202855e+00 -2.17453105e-03 
 6.25050000e-09  6.25050000e-09  2.50000000e+00  2.50247914e+00 -2.23020080e-03 
 6.25150000e-09  6.25150000e-09  2.50000000e+00  2.50295486e+00 -2.27849294e-03 
 6.25250000e-09  6.25250000e-09  2.50000000e+00  2.50345528e+00 -2.33305501e-03 
 6.25350000e-09  6.25350000e-09  2.50000000e+00  2.50397996e+00 -2.37974365e-03 
 6.25450000e-09  6.25450000e-09  2.50000000e+00  2.50452845e+00 -2.43221696e-03 
 6.25550000e-09  6.25550000e-09  2.50000000e+00  2.50510036e+00 -2.47634271e-03 
 6.25650000e-09  6.25650000e-09  2.50000000e+00  2.50569528e+00 -2.52579055e-03 
 6.25750000e-09  6.25750000e-09  2.50000000e+00  2.50631284e+00 -2.56644012e-03 
 6.25850000e-09  6.25850000e-09  2.50000000e+00  2.50695272e+00 -2.61197317e-03 
 6.25950000e-09  6.25950000e-09  2.50000000e+00  2.50761465e+00 -2.64828158e-03 
 6.26050000e-09  6.26050000e-09  2.50000000e+00  2.50829840e+00 -2.68905940e-03 
 6.26150000e-09  6.26150000e-09  2.50000000e+00  2.50900381e+00 -2.72021090e-03 
 6.26250000e-09  6.26250000e-09  2.50000000e+00  2.50973080e+00 -2.75544265e-03 
 6.26350000e-09  6.26350000e-09  2.50000000e+00  2.51047936e+00 -2.78067174e-03 
 6.26450000e-09  6.26450000e-09  2.50000000e+00  2.51124959e+00 -2.80961822e-03 
 6.26550000e-09  6.26550000e-09  2.50000000e+00  2.51204171e+00 -2.82821394e-03 
 6.26650000e-09  6.26650000e-09  2.50000000e+00  2.51285591e+00 -2.85051369e-03 
 6.26750000e-09  6.26750000e-09  2.50000000e+00  2.51368789e+00 -2.87340869e-03 
 6.26850000e-09  6.26850000e-09  2.50000000e+00  2.51453323e+00 -2.90201613e-03 
 6.26950000e-09  6.26950000e-09  2.50000000e+00  2.51539232e+00 -2.92163318e-03 
 6.27050000e-09  6.27050000e-09  2.50000000e+00  2.51626581e+00 -2.94707287e-03 
 6.27150000e-09  6.27150000e-09  2.50000000e+00  2.51715467e+00 -2.96378360e-03 
 6.27250000e-09  6.27250000e-09  2.50000000e+00  2.51806038e+00 -2.98685668e-03 
 6.27350000e-09  6.27350000e-09  2.50000000e+00  2.51898527e+00 -3.00227981e-03 
 6.27450000e-09  6.27450000e-09  2.50000000e+00  2.51993321e+00 -3.02632191e-03 
 6.27550000e-09  6.27550000e-09  2.50000000e+00  2.52091144e+00 -3.04829584e-03 
 6.27650000e-09  6.27650000e-09  2.50000000e+00  2.52191673e+00 -3.06803628e-03 
 6.27750000e-09  6.27750000e-09  2.50000000e+00  2.52293897e+00 -3.07971811e-03 
 6.27850000e-09  6.27850000e-09  2.50000000e+00  2.52397538e+00 -3.09977732e-03 
 6.27950000e-09  6.27950000e-09  2.50000000e+00  2.52502380e+00 -3.11242514e-03 
 6.28050000e-09  6.28050000e-09  2.50000000e+00  2.52608232e+00 -3.13361768e-03 
 6.28150000e-09  6.28150000e-09  2.50000000e+00  2.52714931e+00 -3.14753790e-03 
 6.28250000e-09  6.28250000e-09  2.50000000e+00  2.52822332e+00 -3.17011762e-03 
 6.28350000e-09  6.28350000e-09  2.50000000e+00  2.52930312e+00 -3.18551828e-03 
 6.28450000e-09  6.28450000e-09  2.50000000e+00  2.53038768e+00 -3.20965275e-03 
 6.28550000e-09  6.28550000e-09  2.50000000e+00  2.53147621e+00 -3.22644526e-03 
 6.28650000e-09  6.28650000e-09  2.50000000e+00  2.53256693e+00 -3.24526719e-03 
 6.28750000e-09  6.28750000e-09  2.50000000e+00  2.53364964e+00 -3.25852004e-03 
 6.28850000e-09  6.28850000e-09  2.50000000e+00  2.53470693e+00 -3.28346649e-03 
 6.28950000e-09  6.28950000e-09  2.50000000e+00  2.53572168e+00 -3.30508929e-03 
 6.29050000e-09  6.29050000e-09  2.50000000e+00  2.53667703e+00 -3.34050389e-03 
 6.29150000e-09  6.29150000e-09  2.50000000e+00  2.53755642e+00 -3.37454477e-03 
 6.29250000e-09  6.29250000e-09  2.50000000e+00  2.53834792e+00 -3.42160372e-03 
 6.29350000e-09  6.29350000e-09  2.50000000e+00  2.53903079e+00 -3.47365966e-03 
 6.29450000e-09  6.29450000e-09  2.50000000e+00  2.53958484e+00 -3.54099659e-03 
 6.29550000e-09  6.29550000e-09  2.50000000e+00  2.53999930e+00 -3.60970113e-03 
 6.29650000e-09  6.29650000e-09  2.50000000e+00  2.54025890e+00 -3.69646397e-03 
 6.29750000e-09  6.29750000e-09  2.50000000e+00  2.54034851e+00 -3.78565696e-03 
 6.29850000e-09  6.29850000e-09  2.50000000e+00  2.54025307e+00 -3.89382252e-03 
 6.29950000e-09  6.29950000e-09  2.50000000e+00  2.53995760e+00 -4.00518249e-03 
 6.30050000e-09  6.30050000e-09  2.50000000e+00  2.53944720e+00 -4.13612780e-03 
 6.30150000e-09  6.30150000e-09  2.50000000e+00  2.53870699e+00 -4.27072729e-03 
 6.30250000e-09  6.30250000e-09  2.50000000e+00  2.53771877e+00 -4.41912646e-03 
 6.30350000e-09  6.30350000e-09  2.50000000e+00  2.53646266e+00 -4.56535898e-03 
 6.30450000e-09  6.30450000e-09  2.50000000e+00  2.53492165e+00 -4.72691351e-03 
 6.30550000e-09  6.30550000e-09  2.50000000e+00  2.53308042e+00 -4.88801403e-03 
 6.30650000e-09  6.30650000e-09  2.50000000e+00  2.53092448e+00 -5.06486153e-03 
 6.30750000e-09  6.30750000e-09  2.50000000e+00  2.52844017e+00 -5.24137414e-03 
 6.30850000e-09  6.30850000e-09  2.50000000e+00  2.52561455e+00 -5.43346895e-03 
 6.30950000e-09  6.30950000e-09  2.50000000e+00  2.52243540e+00 -5.62480501e-03 
 6.31050000e-09  6.31050000e-09  2.50000000e+00  2.51889115e+00 -5.83106234e-03 
 6.31150000e-09  6.31150000e-09  2.50000000e+00  2.51497082e+00 -6.03568262e-03 
 6.31250000e-09  6.31250000e-09  2.50000000e+00  2.51066397e+00 -6.25414620e-03 
 6.31350000e-09  6.31350000e-09  2.50000000e+00  2.50596066e+00 -6.46971101e-03 
 6.31450000e-09  6.31450000e-09  2.50000000e+00  2.50085138e+00 -6.69768799e-03 
 6.31550000e-09  6.31550000e-09  2.50000000e+00  2.49532716e+00 -6.92152953e-03 
 6.31650000e-09  6.31650000e-09  2.50000000e+00  2.48937989e+00 -7.15713908e-03 
 6.31750000e-09  6.31750000e-09  2.50000000e+00  2.48300215e+00 -7.38768302e-03 
 6.31850000e-09  6.31850000e-09  2.50000000e+00  2.47618690e+00 -7.62840501e-03 
 6.31950000e-09  6.31950000e-09  2.50000000e+00  2.46892742e+00 -7.86237334e-03 
 6.32050000e-09  6.32050000e-09  2.50000000e+00  2.46121724e+00 -8.10475276e-03 
 6.32150000e-09  6.32150000e-09  2.50000000e+00  2.45305013e+00 -8.33853820e-03 
 6.32250000e-09  6.32250000e-09  2.50000000e+00  2.44441997e+00 -8.57882513e-03 
 6.32350000e-09  6.32350000e-09  2.50000000e+00  2.43532075e+00 -8.80854170e-03 
 6.32450000e-09  6.32450000e-09  2.50000000e+00  2.42574645e+00 -9.04271742e-03 
 6.32550000e-09  6.32550000e-09  2.50000000e+00  2.41569101e+00 -9.26421328e-03 
 6.32650000e-09  6.32650000e-09  2.50000000e+00  2.40514822e+00 -9.48798826e-03 
 6.32750000e-09  6.32750000e-09  2.50000000e+00  2.39411161e+00 -9.69682679e-03 
 6.32850000e-09  6.32850000e-09  2.50000000e+00  2.38257441e+00 -9.90560210e-03 
 6.32950000e-09  6.32950000e-09  2.50000000e+00  2.37052937e+00 -1.00969998e-02 
 6.33050000e-09  6.33050000e-09  2.50000000e+00  2.35796865e+00 -1.02857765e-02 
 6.33150000e-09  6.33150000e-09  2.50000000e+00  2.34488368e+00 -1.04544769e-02 
 6.33250000e-09  6.33250000e-09  2.50000000e+00  2.33126494e+00 -1.06176841e-02 
 6.33350000e-09  6.33350000e-09  2.50000000e+00  2.31710176e+00 -1.07577259e-02 
 6.33450000e-09  6.33450000e-09  2.50000000e+00  2.30238203e+00 -1.08889101e-02 
 6.33550000e-09  6.33550000e-09  2.50000000e+00  2.28709188e+00 -1.09932089e-02 
 6.33650000e-09  6.33650000e-09  2.50000000e+00  2.27121518e+00 -1.10844635e-02 
 6.33750000e-09  6.33750000e-09  2.50000000e+00  2.25473302e+00 -1.11440238e-02 
 6.33850000e-09  6.33850000e-09  2.50000000e+00  2.23762292e+00 -1.11848834e-02 
 6.33950000e-09  6.33950000e-09  2.50000000e+00  2.21985776e+00 -1.11872105e-02 
 6.34050000e-09  6.34050000e-09  2.50000000e+00  2.20140434e+00 -1.11623058e-02 
 6.34150000e-09  6.34150000e-09  2.50000000e+00  2.18222111e+00 -1.10878300e-02 
 6.34250000e-09  6.34250000e-09  2.50000000e+00  2.16225493e+00 -1.09712160e-02 
 6.34350000e-09  6.34350000e-09  2.50000000e+00  2.14143470e+00 -1.07824312e-02 
 6.34450000e-09  6.34450000e-09  2.50000000e+00  2.11966313e+00 -1.05196332e-02 
 6.34550000e-09  6.34550000e-09  2.50000000e+00  2.09679946e+00 -1.01320643e-02 
 6.34650000e-09  6.34650000e-09  2.50000000e+00  2.07261997e+00 -9.56966808e-03 
 6.34750000e-09  6.34750000e-09  2.50000000e+00  2.04681093e+00 -8.78572753e-03 
 6.34850000e-09  6.34850000e-09  2.50000000e+00  2.01947424e+00 -8.44195686e-03 
 6.34950000e-09  6.34950000e-09  2.50000000e+00  1.99094203e+00 -8.16121548e-03 
 6.35050000e-09  6.35050000e-09  2.50000000e+00  1.96125707e+00 -7.85887269e-03 
 6.35150000e-09  6.35150000e-09  2.50000000e+00  1.93046104e+00 -7.61681891e-03 
 6.35250000e-09  6.35250000e-09  2.50000000e+00  1.89859458e+00 -7.35059997e-03 
 6.35350000e-09  6.35350000e-09  2.50000000e+00  1.86569730e+00 -7.14227196e-03 
 6.35450000e-09  6.35450000e-09  2.50000000e+00  1.83180778e+00 -6.90753618e-03 
 6.35550000e-09  6.35550000e-09  2.50000000e+00  1.79696358e+00 -6.72859456e-03 
 6.35650000e-09  6.35650000e-09  2.50000000e+00  1.76120122e+00 -6.52128517e-03 
 6.35750000e-09  6.35750000e-09  2.50000000e+00  1.72455627e+00 -6.36793813e-03 
 6.35850000e-09  6.35850000e-09  2.50000000e+00  1.68706327e+00 -6.18451167e-03 
 6.35950000e-09  6.35950000e-09  2.50000000e+00  1.64875580e+00 -6.05344847e-03 
 6.36050000e-09  6.36050000e-09  2.50000000e+00  1.60966648e+00 -5.89081219e-03 
 6.36150000e-09  6.36150000e-09  2.50000000e+00  1.56982699e+00 -5.77914419e-03 
 6.36250000e-09  6.36250000e-09  2.50000000e+00  1.52926806e+00 -5.63460053e-03 
 6.36350000e-09  6.36350000e-09  2.50000000e+00  1.48801952e+00 -5.53980902e-03 
 6.36450000e-09  6.36450000e-09  2.50000000e+00  1.44611029e+00 -5.41100661e-03 
 6.36550000e-09  6.36550000e-09  2.50000000e+00  1.40362952e+00 -5.39855038e-03 
 6.36650000e-09  6.36650000e-09  2.50000000e+00  1.36075829e+00 -5.38755221e-03 
 6.36750000e-09  6.36750000e-09  2.50000000e+00  1.31767649e+00 -5.40805731e-03 
 6.36850000e-09  6.36850000e-09  2.50000000e+00  1.27452749e+00 -5.37909793e-03 
 6.36950000e-09  6.36950000e-09  2.50000000e+00  1.23144477e+00 -5.38309471e-03 
 6.37050000e-09  6.37050000e-09  2.50000000e+00  1.18855198e+00 -5.33845672e-03 
 6.37150000e-09  6.37150000e-09  2.50000000e+00  1.14596311e+00 -5.32749241e-03 
 6.37250000e-09  6.37250000e-09  2.50000000e+00  1.10378280e+00 -5.26857002e-03 
 6.37350000e-09  6.37350000e-09  2.50000000e+00  1.06210654e+00 -5.24399849e-03 
 6.37450000e-09  6.37450000e-09  2.50000000e+00  1.02102097e+00 -5.17216936e-03 
 6.37550000e-09  6.37550000e-09  2.50000000e+00  9.80604106e-01 -5.13542619e-03 
 6.37650000e-09  6.37650000e-09  2.50000000e+00  9.40925691e-01 -5.05219922e-03 
 6.37750000e-09  6.37750000e-09  2.50000000e+00  9.02047475e-01 -5.00487022e-03 
 6.37850000e-09  6.37850000e-09  2.50000000e+00  8.64023562e-01 -4.91190439e-03 
 6.37950000e-09  6.37950000e-09  2.50000000e+00  8.26900755e-01 -4.85571342e-03 
 6.38050000e-09  6.38050000e-09  2.50000000e+00  7.90718925e-01 -4.75478643e-03 
 6.38150000e-09  6.38150000e-09  2.50000000e+00  7.55511374e-01 -4.69155250e-03 
 6.38250000e-09  6.38250000e-09  2.50000000e+00  7.21305223e-01 -4.58451135e-03 
 6.38350000e-09  6.38350000e-09  2.50000000e+00  6.88121788e-01 -4.51609594e-03 
 6.38450000e-09  6.38450000e-09  2.50000000e+00  6.55976969e-01 -4.40480328e-03 
 6.38550000e-09  6.38550000e-09  2.50000000e+00  6.24881633e-01 -4.33305731e-03 
 6.38650000e-09  6.38650000e-09  2.50000000e+00  5.94841988e-01 -4.21934008e-03 
 6.38750000e-09  6.38750000e-09  2.50000000e+00  5.65859958e-01 -4.14605502e-03 
 6.38850000e-09  6.38850000e-09  2.50000000e+00  5.37933543e-01 -4.03165854e-03 
 6.38950000e-09  6.38950000e-09  2.50000000e+00  5.11057173e-01 -3.95852384e-03 
 6.39050000e-09  6.39050000e-09  2.50000000e+00  4.85222047e-01 -3.84507298e-03 
 6.39150000e-09  6.39150000e-09  2.50000000e+00  4.60416458e-01 -3.77364119e-03 
 6.39250000e-09  6.39250000e-09  2.50000000e+00  4.36626102e-01 -3.66260947e-03 
 6.39350000e-09  6.39350000e-09  2.50000000e+00  4.13834383e-01 -3.59426940e-03 
 6.39450000e-09  6.39450000e-09  2.50000000e+00  3.92022681e-01 -3.48695629e-03 
 6.39550000e-09  6.39550000e-09  2.50000000e+00  3.71170628e-01 -3.42291443e-03 
 6.39650000e-09  6.39650000e-09  2.50000000e+00  3.51247220e-01 -3.31727531e-03 
 6.39750000e-09  6.39750000e-09  2.50000000e+00  3.32238928e-01 -3.26199087e-03 
 6.39850000e-09  6.39850000e-09  2.50000000e+00  3.14130652e-01 -3.16648423e-03 
 6.39950000e-09  6.39950000e-09  2.50000000e+00  2.96886501e-01 -3.11283119e-03 
 6.40050000e-09  6.40050000e-09  2.50000000e+00  2.80478392e-01 -3.01908969e-03 
 6.40150000e-09  6.40150000e-09  2.50000000e+00  2.64877867e-01 -2.96737215e-03 
 6.40250000e-09  6.40250000e-09  2.50000000e+00  2.50056253e-01 -2.87571401e-03 
 6.40350000e-09  6.40350000e-09  2.50000000e+00  2.35984805e-01 -2.82620440e-03 
 6.40450000e-09  6.40450000e-09  2.50000000e+00  2.22634838e-01 -2.73685754e-03 
 6.40550000e-09  6.40550000e-09  2.50000000e+00  2.09977843e-01 -2.68974328e-03 
 6.40650000e-09  6.40650000e-09  2.50000000e+00  1.97985591e-01 -2.60285843e-03 
 6.40750000e-09  6.40750000e-09  2.50000000e+00  1.86630227e-01 -2.55825719e-03 
 6.40850000e-09  6.40850000e-09  2.50000000e+00  1.75884350e-01 -2.47392236e-03 
 6.40950000e-09  6.40950000e-09  2.50000000e+00  1.65721083e-01 -2.43189569e-03 
 6.41050000e-09  6.41050000e-09  2.50000000e+00  1.56114135e-01 -2.35014894e-03 
 6.41150000e-09  6.41150000e-09  2.50000000e+00  1.47037851e-01 -2.31071414e-03 
 6.41250000e-09  6.41250000e-09  2.50000000e+00  1.38467255e-01 -2.23155455e-03 
 6.41350000e-09  6.41350000e-09  2.50000000e+00  1.30378086e-01 -2.19469484e-03 
 6.41450000e-09  6.41450000e-09  2.50000000e+00  1.22746824e-01 -2.11809193e-03 
 6.41550000e-09  6.41550000e-09  2.50000000e+00  1.15550714e-01 -2.08376505e-03 
 6.41650000e-09  6.41650000e-09  2.50000000e+00  1.08767780e-01 -2.00966652e-03 
 6.41750000e-09  6.41750000e-09  2.50000000e+00  1.02376831e-01 -1.97781176e-03 
 6.41850000e-09  6.41850000e-09  2.50000000e+00  9.63574749e-02 -1.90614993e-03 
 6.41950000e-09  6.41950000e-09  2.50000000e+00  9.06901100e-02 -1.87669389e-03 
 6.42050000e-09  6.42050000e-09  2.50000000e+00  8.53559273e-02 -1.80739078e-03 
 6.42150000e-09  6.42150000e-09  2.50000000e+00  8.03369021e-02 -1.78025191e-03 
 6.42250000e-09  6.42250000e-09  2.50000000e+00  7.56157845e-02 -1.71322329e-03 
 6.42350000e-09  6.42350000e-09  2.50000000e+00  7.11760872e-02 -1.68831544e-03 
 6.42450000e-09  6.42450000e-09  2.50000000e+00  6.70020711e-02 -1.62347390e-03 
 6.42550000e-09  6.42550000e-09  2.50000000e+00  6.30787287e-02 -1.60070900e-03 
 6.42650000e-09  6.42650000e-09  2.50000000e+00  5.93917661e-02 -1.53796628e-03 
 6.42750000e-09  6.42750000e-09  2.50000000e+00  5.59275834e-02 -1.51725628e-03 
 6.42850000e-09  6.42850000e-09  2.50000000e+00  5.26732546e-02 -1.45652492e-03 
 6.42950000e-09  6.42950000e-09  2.50000000e+00  4.96165062e-02 -1.43778321e-03 
 6.43050000e-09  6.43050000e-09  2.50000000e+00  4.67456946e-02 -1.37897768e-03 
 6.43150000e-09  6.43150000e-09  2.50000000e+00  4.40497847e-02 -1.36212002e-03 
 6.43250000e-09  6.43250000e-09  2.50000000e+00  4.15183264e-02 -1.30515750e-03 
 6.43350000e-09  6.43350000e-09  2.50000000e+00  3.91414318e-02 -1.29010257e-03 
 6.43450000e-09  6.43450000e-09  2.50000000e+00  3.69097529e-02 -1.23490334e-03 
 6.43550000e-09  6.43550000e-09  2.50000000e+00  3.48144584e-02 -1.22157310e-03 
 6.43650000e-09  6.43650000e-09  2.50000000e+00  3.28472114e-02 -1.16806076e-03 
 6.43750000e-09  6.43750000e-09  2.50000000e+00  3.10001472e-02 -1.15638049e-03 
 6.43850000e-09  6.43850000e-09  2.50000000e+00  2.92658516e-02 -1.10448204e-03 
 6.43950000e-09  6.43950000e-09  2.50000000e+00  2.76373393e-02 -1.09438037e-03 
 6.44050000e-09  6.44050000e-09  2.50000000e+00  2.61080336e-02 -1.04402604e-03 
 6.44150000e-09  6.44150000e-09  2.50000000e+00  2.46717457e-02 -1.03543480e-03 
 6.44250000e-09  6.44250000e-09  2.50000000e+00  2.33226552e-02 -9.86557981e-04 
 6.44350000e-09  6.44350000e-09  2.50000000e+00  2.20552913e-02 -9.79412064e-04 
 6.44450000e-09  6.44450000e-09  2.50000000e+00  2.08645142e-02 -9.31949078e-04 
 6.44550000e-09  6.44550000e-09  2.50000000e+00  1.97454974e-02 -9.26186196e-04 
 6.44650000e-09  6.44650000e-09  2.50000000e+00  1.86926770e-02 -8.76469599e-04 
 6.44750000e-09  6.44750000e-09  2.50000000e+00  1.77009859e-02 -8.68866440e-04 
 6.44850000e-09  6.44850000e-09  2.50000000e+00  1.67668095e-02 -8.21177669e-04 
 6.44950000e-09  6.44950000e-09  2.50000000e+00  1.58867606e-02 -8.15609967e-04 
 6.45050000e-09  6.45050000e-09  2.50000000e+00  1.50576388e-02 -7.69865119e-04 
 6.45150000e-09  6.45150000e-09  2.50000000e+00  1.42764222e-02 -7.66155089e-04 
 6.45250000e-09  6.45250000e-09  2.50000000e+00  1.35402591e-02 -7.22186352e-04 
 6.45350000e-09  6.45350000e-09  2.50000000e+00  1.28464604e-02 -7.20175251e-04 
 6.45450000e-09  6.45450000e-09  2.50000000e+00  1.21924914e-02 -6.77832353e-04 
 6.45550000e-09  6.45550000e-09  2.50000000e+00  1.15759643e-02 -6.77377830e-04 
 6.45650000e-09  6.45650000e-09  2.50000000e+00  1.09946306e-02 -6.36525837e-04 
 6.45750000e-09  6.45750000e-09  2.50000000e+00  1.04463742e-02 -6.37499912e-04 
 6.45850000e-09  6.45850000e-09  2.50000000e+00  9.92920416e-03 -5.98017371e-04 
 6.45950000e-09  6.45950000e-09  2.50000000e+00  9.44124822e-03 -6.00304719e-04 
 6.46050000e-09  6.46050000e-09  2.50000000e+00  8.98074607e-03 -5.62082065e-04 
 6.46150000e-09  6.46150000e-09  2.50000000e+00  8.54604340e-03 -5.65578543e-04 
 6.46250000e-09  6.46250000e-09  2.50000000e+00  8.13558589e-03 -5.28516738e-04 
 6.46350000e-09  6.46350000e-09  2.50000000e+00  7.74791356e-03 -5.33128117e-04 
 6.46450000e-09  6.46450000e-09  2.50000000e+00  7.38165539e-03 -4.97137465e-04 
 6.46550000e-09  6.46550000e-09  2.50000000e+00  7.03552420e-03 -5.02778326e-04 
 6.46650000e-09  6.46650000e-09  2.50000000e+00  6.70831171e-03 -4.67777446e-04 
 6.46750000e-09  6.46750000e-09  2.50000000e+00  6.39888397e-03 -4.74370219e-04 
 6.46850000e-09  6.46850000e-09  2.50000000e+00  6.10617688e-03 -4.40285142e-04 
 6.46950000e-09  6.46950000e-09  2.50000000e+00  5.82919209e-03 -4.47759265e-04 
 6.47050000e-09  6.47050000e-09  2.50000000e+00  5.56699301e-03 -4.14522648e-04 
 6.47150000e-09  6.47150000e-09  2.50000000e+00  5.31870106e-03 -4.22813823e-04 
 6.47250000e-09  6.47250000e-09  2.50000000e+00  5.08349219e-03 -3.90364252e-04 
 6.47350000e-09  6.47350000e-09  2.50000000e+00  4.86059351e-03 -3.99413796e-04 
 6.47450000e-09  6.47450000e-09  2.50000000e+00  4.64928012e-03 -3.67695175e-04 
 6.47550000e-09  6.47550000e-09  2.50000000e+00  4.44887221e-03 -3.77449442e-04 
 6.47650000e-09  6.47650000e-09  2.50000000e+00  4.25873222e-03 -3.46410448e-04 
 6.47750000e-09  6.47750000e-09  2.50000000e+00  4.07826221e-03 -3.56820319e-04 
 6.47850000e-09  6.47850000e-09  2.50000000e+00  3.90690140e-03 -3.26413924e-04 
 6.47950000e-09  6.47950000e-09  2.50000000e+00  3.74412383e-03 -3.37434357e-04 
 6.48050000e-09  6.48050000e-09  2.50000000e+00  3.58943618e-03 -3.07617403e-04 
 6.48150000e-09  6.48150000e-09  2.50000000e+00  3.44245549e-03 -3.19516156e-04 
 6.48250000e-09  6.48250000e-09  2.50000000e+00  3.30265862e-03 -2.89930475e-04 
 6.48350000e-09  6.48350000e-09  2.50000000e+00  3.16963016e-03 -3.02326278e-04 
 6.48450000e-09  6.48450000e-09  2.50000000e+00  3.04306527e-03 -2.73547875e-04 
 6.48550000e-09  6.48550000e-09  2.50000000e+00  2.92252394e-03 -2.86143865e-04 
 6.48650000e-09  6.48650000e-09  2.50000000e+00  2.80767213e-03 -2.57847914e-04 
 6.48750000e-09  6.48750000e-09  2.50000000e+00  2.69819631e-03 -2.70910674e-04 
 6.48850000e-09  6.48850000e-09  2.50000000e+00  2.59380202e-03 -2.43066065e-04 
 6.48950000e-09  6.48950000e-09  2.50000000e+00  2.49421265e-03 -2.56565341e-04 
 6.49050000e-09  6.49050000e-09  2.50000000e+00  2.39916834e-03 -2.29142992e-04 
 6.49150000e-09  6.49150000e-09  2.50000000e+00  2.30842488e-03 -2.43050818e-04 
 6.49250000e-09  6.49250000e-09  2.50000000e+00  2.22175275e-03 -2.16023832e-04 
 6.49350000e-09  6.49350000e-09  2.50000000e+00  2.13893618e-03 -2.30314329e-04 
 6.49450000e-09  6.49450000e-09  2.50000000e+00  2.05977226e-03 -2.03657796e-04 
 6.49550000e-09  6.49550000e-09  2.50000000e+00  1.98407015e-03 -2.18306982e-04 
 6.49650000e-09  6.49650000e-09  2.50000000e+00  1.91165031e-03 -1.91997805e-04 
 6.49750000e-09  6.49750000e-09  2.50000000e+00  1.84234378e-03 -2.06983427e-04 
 6.49850000e-09  6.49850000e-09  2.50000000e+00  1.77599151e-03 -1.81000162e-04 
 6.49950000e-09  6.49950000e-09  2.50000000e+00  1.71244374e-03 -1.96301550e-04 
 6.50050000e-09  6.50050000e-09  2.50000000e+00  1.65155942e-03 -1.70624265e-04 
 6.50150000e-09  6.50150000e-09  2.50000000e+00  1.59320564e-03 -1.86222193e-04 
 6.50250000e-09  6.50250000e-09  2.50000000e+00  1.53725716e-03 -1.60832341e-04 
 6.50350000e-09  6.50350000e-09  2.50000000e+00  1.48359587e-03 -1.76708911e-04 
 6.50450000e-09  6.50450000e-09  2.50000000e+00  1.43211042e-03 -1.51589213e-04 
 6.50550000e-09  6.50550000e-09  2.50000000e+00  1.38269573e-03 -1.67727743e-04 
 6.50650000e-09  6.50650000e-09  2.50000000e+00  1.33525263e-03 -1.42862090e-04 
 6.50750000e-09  6.50750000e-09  2.50000000e+00  1.28968750e-03 -1.59247016e-04 
 6.50850000e-09  6.50850000e-09  2.50000000e+00  1.24591191e-03 -1.34620369e-04 
 6.50950000e-09  6.50950000e-09  2.50000000e+00  1.20384232e-03 -1.51237160e-04 
 6.51050000e-09  6.51050000e-09  2.50000000e+00  1.16339976e-03 -1.26835472e-04 
 6.51150000e-09  6.51150000e-09  2.50000000e+00  1.12450957e-03 -1.43670543e-04 
 6.51250000e-09  6.51250000e-09  2.50000000e+00  1.08710110e-03 -1.19480678e-04 
 6.51350000e-09  6.51350000e-09  2.50000000e+00  1.05110753e-03 -1.36521326e-04 
 6.51450000e-09  6.51450000e-09  2.50000000e+00  1.01646556e-03 -1.12530992e-04 
 6.51550000e-09  6.51550000e-09  2.50000000e+00  9.83115268e-04 -1.29765322e-04 
 6.51650000e-09  6.51650000e-09  2.50000000e+00  9.50999872e-04 -1.05963009e-04 
 6.51750000e-09  6.51750000e-09  2.50000000e+00  9.20065545e-04 -1.23379877e-04 
 6.51850000e-09  6.51850000e-09  2.50000000e+00  8.90261245e-04 -9.97547962e-05 
 6.51950000e-09  6.51950000e-09  2.50000000e+00  8.61538550e-04 -1.17343758e-04 
 6.52050000e-09  6.52050000e-09  2.50000000e+00  8.33851502e-04 -9.38857923e-05 
 6.52150000e-09  6.52150000e-09  2.50000000e+00  8.07156464e-04 -1.11637047e-04 
 6.52250000e-09  6.52250000e-09  2.50000000e+00  7.81411985e-04 -8.83367038e-05 
 6.52350000e-09  6.52350000e-09  2.50000000e+00  7.56578673e-04 -1.06241054e-04 
 6.52450000e-09  6.52450000e-09  2.50000000e+00  7.32619076e-04 -8.30894183e-05 
 6.52550000e-09  6.52550000e-09  2.50000000e+00  7.09497575e-04 -1.01138224e-04 
 6.52650000e-09  6.52650000e-09  2.50000000e+00  6.87180274e-04 -7.81269222e-05 
 6.52750000e-09  6.52750000e-09  2.50000000e+00  6.65634907e-04 -9.63120654e-05 
 6.52850000e-09  6.52850000e-09  2.50000000e+00  6.44830745e-04 -7.34332256e-05 
 6.52950000e-09  6.52950000e-09  2.50000000e+00  6.24738510e-04 -9.17470731e-05 
 6.53050000e-09  6.53050000e-09  2.50000000e+00  6.05330298e-04 -6.89932932e-05 
 6.53150000e-09  6.53150000e-09  2.50000000e+00  5.86579496e-04 -8.74286656e-05 
 6.53250000e-09  6.53250000e-09  2.50000000e+00  5.68460720e-04 -6.47929813e-05 
 6.53350000e-09  6.53350000e-09  2.50000000e+00  5.50949743e-04 -8.33431222e-05 
 6.53450000e-09  6.53450000e-09  2.50000000e+00  5.34023436e-04 -6.08189784e-05 
 6.53550000e-09  6.53550000e-09  2.50000000e+00  5.17659705e-04 -7.94775275e-05 
 6.53650000e-09  6.53650000e-09  2.50000000e+00  5.01837441e-04 -5.70587520e-05 
 6.53750000e-09  6.53750000e-09  2.50000000e+00  4.86536467e-04 -7.58197191e-05 
 6.53850000e-09  6.53850000e-09  2.50000000e+00  4.71737485e-04 -5.35004981e-05 
 6.53950000e-09  6.53950000e-09  2.50000000e+00  4.57422036e-04 -7.23582400e-05 
 6.54050000e-09  6.54050000e-09  2.50000000e+00  4.43572456e-04 -5.01330952e-05 
 6.54150000e-09  6.54150000e-09  2.50000000e+00  4.30171831e-04 -6.90822936e-05 
 6.54250000e-09  6.54250000e-09  2.50000000e+00  4.17203966e-04 -4.69460615e-05 
 6.54350000e-09  6.54350000e-09  2.50000000e+00  4.04653341e-04 -6.59817026e-05 
 6.54450000e-09  6.54450000e-09  2.50000000e+00  3.92505085e-04 -4.39295148e-05 
 6.54550000e-09  6.54550000e-09  2.50000000e+00  3.80744940e-04 -6.30468709e-05 
 6.54650000e-09  6.54650000e-09  2.50000000e+00  3.69359231e-04 -4.10741359e-05 
 6.54750000e-09  6.54750000e-09  2.50000000e+00  3.58334839e-04 -6.02687476e-05 
 6.54850000e-09  6.54850000e-09  2.50000000e+00  3.47659172e-04 -3.83711339e-05 
 6.54950000e-09  6.54950000e-09  2.50000000e+00  3.37320144e-04 -5.76387938e-05 
 6.55050000e-09  6.55050000e-09  2.50000000e+00  3.27306146e-04 -3.58122145e-05 
 6.55150000e-09  6.55150000e-09  2.50000000e+00  3.17606028e-04 -5.51489523e-05 
 6.55250000e-09  6.55250000e-09  2.50000000e+00  3.08209076e-04 -3.33895501e-05 
 6.55350000e-09  6.55350000e-09  2.50000000e+00  2.99104990e-04 -5.27916181e-05 
 6.55450000e-09  6.55450000e-09  2.50000000e+00  2.90283868e-04 -3.10957516e-05 
 6.55550000e-09  6.55550000e-09  2.50000000e+00  2.81736187e-04 -5.05596117e-05 
 6.55650000e-09  6.55650000e-09  2.50000000e+00  2.73452785e-04 -2.89238429e-05 
 6.55750000e-09  6.55750000e-09  2.50000000e+00  2.65424846e-04 -4.84461542e-05 
 6.55850000e-09  6.55850000e-09  2.50000000e+00  2.57643884e-04 -2.68672364e-05 
 6.55950000e-09  6.55950000e-09  2.50000000e+00  2.50101730e-04 -4.64448435e-05 
 6.56050000e-09  6.56050000e-09  2.50000000e+00  2.42790516e-04 -2.49197100e-05 
 6.56150000e-09  6.56150000e-09  2.50000000e+00  2.35702663e-04 -4.45496324e-05 
 6.56250000e-09  6.56250000e-09  2.50000000e+00  2.28830871e-04 -2.30753864e-05 
 6.56350000e-09  6.56350000e-09  2.50000000e+00  2.22168102e-04 -4.27548083e-05 
 6.56450000e-09  6.56450000e-09  2.50000000e+00  2.15707573e-04 -2.13287127e-05 
 6.56550000e-09  6.56550000e-09  2.50000000e+00  2.09442746e-04 -4.10549734e-05 
 6.56650000e-09  6.56650000e-09  2.50000000e+00  2.03367313e-04 -1.96744417e-05 
 6.56750000e-09  6.56750000e-09  2.50000000e+00  1.97475194e-04 -3.94450269e-05 
 6.56850000e-09  6.56850000e-09  2.50000000e+00  1.91760519e-04 -1.81076147e-05 
 6.56950000e-09  6.56950000e-09  2.50000000e+00  1.86217627e-04 -3.79201481e-05 
 6.57050000e-09  6.57050000e-09  2.50000000e+00  1.80841053e-04 -1.66235450e-05 
 6.57150000e-09  6.57150000e-09  2.50000000e+00  1.75625523e-04 -3.64757801e-05 
 6.57250000e-09  6.57250000e-09  2.50000000e+00  1.70565944e-04 -1.52178022e-05 
 6.57350000e-09  6.57350000e-09  2.50000000e+00  1.65657399e-04 -3.51076154e-05 
 6.57450000e-09  6.57450000e-09  2.50000000e+00  1.60895140e-04 -1.38861976e-05 
 6.57550000e-09  6.57550000e-09  2.50000000e+00  1.56274578e-04 -3.38115812e-05 
 6.57650000e-09  6.57650000e-09  2.50000000e+00  1.51791283e-04 -1.26247712e-05 
 6.57750000e-09  6.57750000e-09  2.50000000e+00  1.47440972e-04 -3.25838266e-05 
 6.57850000e-09  6.57850000e-09  2.50000000e+00  1.43219508e-04 -1.14297783e-05 
 6.57950000e-09  6.57950000e-09  2.50000000e+00  1.39122890e-04 -3.14207101e-05 
 6.58050000e-09  6.58050000e-09  2.50000000e+00  1.35147252e-04 -1.02976774e-05 
 6.58150000e-09  6.58150000e-09  2.50000000e+00  1.31288858e-04 -3.03187877e-05 
 6.58250000e-09  6.58250000e-09  2.50000000e+00  1.27544092e-04 -9.22511928e-06 
 6.58350000e-09  6.58350000e-09  2.50000000e+00  1.23909459e-04 -2.92748021e-05 
 6.58450000e-09  6.58450000e-09  2.50000000e+00  1.20381580e-04 -8.20893600e-06 
 6.58550000e-09  6.58550000e-09  2.50000000e+00  1.16957184e-04 -2.82856721e-05 
 6.58650000e-09  6.58650000e-09  2.50000000e+00  1.13633109e-04 -7.24613086e-06 
 6.58750000e-09  6.58750000e-09  2.50000000e+00  1.10406294e-04 -2.73484832e-05 
 6.58850000e-09  6.58850000e-09  2.50000000e+00  1.07273778e-04 -6.33386896e-06 
 6.58950000e-09  6.58950000e-09  2.50000000e+00  1.04232695e-04 -2.64604780e-05 
 6.59050000e-09  6.59050000e-09  2.50000000e+00  1.01280272e-04 -5.46946826e-06 
 6.59150000e-09  6.59150000e-09  2.50000000e+00  9.84138253e-05 -2.56190475e-05 
 6.59250000e-09  6.59250000e-09  2.50000000e+00  9.56307555e-05 -4.65039113e-06 
 6.59350000e-09  6.59350000e-09  2.50000000e+00  9.29285470e-05 -2.48217235e-05 
 6.59450000e-09  6.59450000e-09  2.50000000e+00  9.03047644e-05 -3.87423642e-06 
 6.59550000e-09  6.59550000e-09  2.50000000e+00  8.77570492e-05 -2.40661702e-05 
 6.59650000e-09  6.59650000e-09  2.50000000e+00  8.52831176e-05 -3.13873197e-06 
 6.59750000e-09  6.59750000e-09  2.50000000e+00  8.28807579e-05 -2.33501772e-05 
 6.59850000e-09  6.59850000e-09  2.50000000e+00  8.05478281e-05 -2.44172754e-06 
 6.59950000e-09  6.59950000e-09  2.50000000e+00  7.82822531e-05 -2.26716527e-05 
 6.60050000e-09  6.60050000e-09  2.50000000e+00  7.60820232e-05 -1.78118814e-06 
 6.60150000e-09  6.60150000e-09  2.50000000e+00  7.39451911e-05 -2.20286170e-05 
 6.60250000e-09  6.60250000e-09  2.50000000e+00  7.18698707e-05 -1.15518774e-06 
 6.60350000e-09  6.60350000e-09  2.50000000e+00  6.98542339e-05 -2.14191962e-05 
 6.60450000e-09  6.60450000e-09  2.50000000e+00  6.78965100e-05 -5.61903305e-07 
 6.60550000e-09  6.60550000e-09  2.50000000e+00  6.59949827e-05 -2.08416168e-05 
 6.60650000e-09  6.60650000e-09  2.50000000e+00  6.41479376e-05  6.63307029e-10 
 6.60750000e-09  6.60750000e-09  2.50000000e+00  6.23538197e-05 -2.02942069e-05 
 6.60850000e-09  6.60850000e-09  2.50000000e+00  6.06111178e-05  5.33320987e-07 
 6.60950000e-09  6.60950000e-09  2.50000000e+00  5.89182602e-05 -1.97753627e-05 
 6.61050000e-09  6.61050000e-09  2.50000000e+00  5.72737381e-05  1.03866776e-06 
 6.61150000e-09  6.61150000e-09  2.50000000e+00  5.56761744e-05 -1.92835928e-05 
 6.61250000e-09  6.61250000e-09  2.50000000e+00  5.41242302e-05  1.51722280e-06 
 6.61350000e-09  6.61350000e-09  2.50000000e+00  5.26165224e-05 -1.88174609e-05 
 6.61450000e-09  6.61450000e-09  2.50000000e+00  5.11517546e-05  1.97104295e-06 
 6.61550000e-09  6.61550000e-09  2.50000000e+00  4.97286697e-05 -1.83756245e-05 
 6.61650000e-09  6.61650000e-09  2.50000000e+00  4.83460487e-05  2.40121483e-06 
 6.61750000e-09  6.61750000e-09  2.50000000e+00  4.70027096e-05 -1.79568065e-05 
 6.61850000e-09  6.61850000e-09  2.50000000e+00  4.56975061e-05  2.80898101e-06 
 6.61950000e-09  6.61950000e-09  2.50000000e+00  4.44293267e-05 -1.75597980e-05 
 6.62050000e-09  6.62050000e-09  2.50000000e+00  4.31970931e-05  3.19551804e-06 
 6.62150000e-09  6.62150000e-09  2.50000000e+00  4.19997596e-05 -1.71834540e-05 
 6.62250000e-09  6.62250000e-09  2.50000000e+00  4.08363122e-05  3.56194005e-06 
 6.62350000e-09  6.62350000e-09  2.50000000e+00  3.97057668e-05 -1.68266903e-05 
 6.62450000e-09  6.62450000e-09  2.50000000e+00  3.86071694e-05  3.90930209e-06 
 6.62550000e-09  6.62550000e-09  2.50000000e+00  3.75395940e-05 -1.64884802e-05 
 6.62650000e-09  6.62650000e-09  2.50000000e+00  3.65021428e-05  4.23860330e-06 
 6.62750000e-09  6.62750000e-09  2.50000000e+00  3.54939444e-05 -1.61678513e-05 
 6.62850000e-09  6.62850000e-09  2.50000000e+00  3.45141537e-05  4.55078994e-06 
 6.62950000e-09  6.62950000e-09  2.50000000e+00  3.35619505e-05 -1.58638829e-05 
 6.63050000e-09  6.63050000e-09  2.50000000e+00  3.26365392e-05  4.84675820e-06 
 6.63150000e-09  6.63150000e-09  2.50000000e+00  3.17371478e-05 -1.55757027e-05 
 6.63250000e-09  6.63250000e-09  2.50000000e+00  3.08630270e-05  5.12735688e-06 
 6.63350000e-09  6.63350000e-09  2.50000000e+00  3.00134501e-05 -1.53024846e-05 
 6.63450000e-09  6.63450000e-09  2.50000000e+00  2.91877116e-05  5.39338994e-06 
 6.63550000e-09  6.63550000e-09  2.50000000e+00  2.83851269e-05 -1.50434462e-05 
 6.63650000e-09  6.63650000e-09  2.50000000e+00  2.76050317e-05  5.64561889e-06 
 6.63750000e-09  6.63750000e-09  2.50000000e+00  2.68467814e-05 -1.47978464e-05 
 6.63850000e-09  6.63850000e-09  2.50000000e+00  2.61097501e-05  5.88476507e-06 
 6.63950000e-09  6.63950000e-09  2.50000000e+00  2.53933307e-05 -1.45649830e-05 
 6.64050000e-09  6.64050000e-09  2.50000000e+00  2.46969336e-05  6.11151178e-06 
 6.64150000e-09  6.64150000e-09  2.50000000e+00  2.40199867e-05 -1.43441912e-05 
 6.64250000e-09  6.64250000e-09  2.50000000e+00  2.33619348e-05  6.32650632e-06 
 6.64350000e-09  6.64350000e-09  2.50000000e+00  2.27222387e-05 -1.41348407e-05 
 6.64450000e-09  6.64450000e-09  2.50000000e+00  2.21003752e-05  6.53036189e-06 
 6.64550000e-09  6.64550000e-09  2.50000000e+00  2.14958363e-05 -1.39363348e-05 
 6.64650000e-09  6.64650000e-09  2.50000000e+00  2.09081290e-05  6.72365942e-06 
 6.64750000e-09  6.64750000e-09  2.50000000e+00  2.03367745e-05 -1.37481081e-05 
 6.64850000e-09  6.64850000e-09  2.50000000e+00  1.97813082e-05  6.90694931e-06 
 6.64950000e-09  6.64950000e-09  2.50000000e+00  1.92412787e-05 -1.35696247e-05 
 6.65050000e-09  6.65050000e-09  2.50000000e+00  1.87162481e-05  7.08075299e-06 
 6.65150000e-09  6.65150000e-09  2.50000000e+00  1.82057910e-05 -1.34003772e-05 
 6.65250000e-09  6.65250000e-09  2.50000000e+00  1.77094945e-05  7.24556454e-06 
 6.65350000e-09  6.65350000e-09  2.50000000e+00  1.72269577e-05 -1.32398846e-05 
 6.65450000e-09  6.65450000e-09  2.50000000e+00  1.67577911e-05  7.40185205e-06 
 6.65550000e-09  6.65550000e-09  2.50000000e+00  1.63016169e-05 -1.30876913e-05 
 6.65650000e-09  6.65650000e-09  2.50000000e+00  1.58580678e-05  7.55005909e-06 
 6.65750000e-09  6.65750000e-09  2.50000000e+00  1.54267875e-05 -1.29433655e-05 
 6.65850000e-09  6.65850000e-09  2.50000000e+00  1.50074297e-05  7.69060596e-06 
 6.65950000e-09  6.65950000e-09  2.50000000e+00  1.45996584e-05 -1.28064980e-05 
 6.66050000e-09  6.66050000e-09  2.50000000e+00  1.42031469e-05  7.82389090e-06 
 6.66150000e-09  6.66150000e-09  2.50000000e+00  1.38175784e-05 -1.26767013e-05 
 6.66250000e-09  6.66250000e-09  2.50000000e+00  1.34426449e-05  7.95029132e-06 
 6.66350000e-09  6.66350000e-09  2.50000000e+00  1.30780473e-05 -1.25536078e-05 
 6.66450000e-09  6.66450000e-09  2.50000000e+00  1.27234952e-05  8.07016486e-06 
 6.66550000e-09  6.66550000e-09  2.50000000e+00  1.23787066e-05 -1.24368695e-05 
 6.66650000e-09  6.66650000e-09  2.50000000e+00  1.20434074e-05  8.18385044e-06 
 6.66750000e-09  6.66750000e-09  2.50000000e+00  1.17173314e-05 -1.23261564e-05 
 6.66850000e-09  6.66850000e-09  2.50000000e+00  1.14002203e-05  8.29166925e-06 
 6.66950000e-09  6.66950000e-09  2.50000000e+00  1.10918229e-05 -1.22211558e-05 
 6.67050000e-09  6.67050000e-09  2.50000000e+00  1.07918954e-05  8.39392570e-06 
 6.67150000e-09  6.67150000e-09  2.50000000e+00  1.05002007e-05 -1.21215713e-05 
 6.67250000e-09  6.67250000e-09  2.50000000e+00  1.02165088e-05  8.49090830e-06 
 6.67350000e-09  6.67350000e-09  2.50000000e+00  9.94059601e-06 -1.20271222e-05 
 6.67450000e-09  6.67450000e-09  2.50000000e+00  9.67224524e-06  8.58289046e-06 
 6.67550000e-09  6.67550000e-09  2.50000000e+00  9.41124546e-06 -1.19375422e-05 
 6.67650000e-09  6.67650000e-09  2.50000000e+00  9.15739169e-06  8.67013135e-06 
 6.67750000e-09  6.67750000e-09  2.50000000e+00  8.91048477e-06 -1.18525790e-05 
 6.67850000e-09  6.67850000e-09  2.50000000e+00  8.67033123e-06  8.75287661e-06 
 6.67950000e-09  6.67950000e-09  2.50000000e+00  8.43674309e-06 -1.17719935e-05 
 6.68050000e-09  6.68050000e-09  2.50000000e+00  8.20953773e-06  8.83135905e-06 
 6.68150000e-09  6.68150000e-09  2.50000000e+00  7.98853769e-06 -1.16955590e-05 
 6.68250000e-09  6.68250000e-09  2.50000000e+00  7.77357056e-06  8.90579938e-06 
 6.68350000e-09  6.68350000e-09  2.50000000e+00  7.56446882e-06 -1.16230606e-05 
 6.68450000e-09  6.68450000e-09  2.50000000e+00  7.36106970e-06  8.97640679e-06 
 6.68550000e-09  6.68550000e-09  2.50000000e+00  7.16321503e-06 -1.15542946e-05 
 6.68650000e-09  6.68650000e-09  2.50000000e+00  6.97075112e-06  9.04337956e-06 
 6.68750000e-09  6.68750000e-09  2.50000000e+00  6.78352862e-06 -1.14890680e-05 
 6.68850000e-09  6.68850000e-09  2.50000000e+00  6.60140242e-06  9.10690568e-06 
 6.68950000e-09  6.68950000e-09  2.50000000e+00  6.42423149e-06 -1.14271978e-05 
 6.69050000e-09  6.69050000e-09  2.50000000e+00  6.25187879e-06  9.16716334e-06 
 6.69150000e-09  6.69150000e-09  2.50000000e+00  6.08421113e-06 -1.13685105e-05 
 6.69250000e-09  6.69250000e-09  2.50000000e+00  5.92109909e-06  9.22432147e-06 
 6.69350000e-09  6.69350000e-09  2.50000000e+00  5.76241689e-06 -1.13128416e-05 
 6.69450000e-09  6.69450000e-09  2.50000000e+00  5.60804228e-06  9.27854020e-06 
 6.69550000e-09  6.69550000e-09  2.50000000e+00  5.45785647e-06 -1.12600351e-05 
 6.69650000e-09  6.69650000e-09  2.50000000e+00  5.31174400e-06  9.32997136e-06 
 6.69750000e-09  6.69750000e-09  2.50000000e+00  5.16959263e-06 -1.12099432e-05 
 6.69850000e-09  6.69850000e-09  2.50000000e+00  5.03129331e-06  9.37875889e-06 
 6.69950000e-09  6.69950000e-09  2.50000000e+00  4.89674003e-06 -1.11624259e-05 
 6.70050000e-09  6.70050000e-09  2.50000000e+00  4.76582974e-06  9.42503924e-06 
 6.70150000e-09  6.70150000e-09  2.50000000e+00  4.63846230e-06 -1.11173502e-05 
 6.70250000e-09  6.70250000e-09  2.50000000e+00  4.51454036e-06  9.46894180e-06 
 6.70350000e-09  6.70350000e-09  2.50000000e+00  4.39396930e-06 -1.10745901e-05 
 6.70450000e-09  6.70450000e-09  2.50000000e+00  4.27665715e-06  9.51058922e-06 
 6.70550000e-09  6.70550000e-09  2.50000000e+00  4.16251450e-06 -1.10340263e-05 
 6.70650000e-09  6.70650000e-09  2.50000000e+00  4.05145444e-06  9.55009782e-06 
 6.70750000e-09  6.70750000e-09  2.50000000e+00  3.94339249e-06 -1.09955454e-05 
 6.70850000e-09  6.70850000e-09  2.50000000e+00  3.83824653e-06  9.58757786e-06 
 6.70950000e-09  6.70950000e-09  2.50000000e+00  3.73593672e-06 -1.09590401e-05 
 6.71050000e-09  6.71050000e-09  2.50000000e+00  3.63638545e-06  9.62313390e-06 
 6.71150000e-09  6.71150000e-09  2.50000000e+00  3.53951727e-06 -1.09244085e-05 
 6.71250000e-09  6.71250000e-09  2.50000000e+00  3.44525884e-06  9.65686509e-06 
 6.71350000e-09  6.71350000e-09  2.50000000e+00  3.35353884e-06 -1.08915542e-05 
 6.71450000e-09  6.71450000e-09  2.50000000e+00  3.26428795e-06  9.68886543e-06 
 6.71550000e-09  6.71550000e-09  2.50000000e+00  3.17743876e-06 -1.08603856e-05 
 6.71650000e-09  6.71650000e-09  2.50000000e+00  3.09292575e-06  9.71922407e-06 
 6.71750000e-09  6.71750000e-09  2.50000000e+00  3.01068520e-06 -1.08308158e-05 
 6.71850000e-09  6.71850000e-09  2.50000000e+00  2.93065518e-06  9.74802553e-06 
 6.71950000e-09  6.71950000e-09  2.50000000e+00  2.85277544e-06 -1.08027626e-05 
 6.72050000e-09  6.72050000e-09  2.50000000e+00  2.77698745e-06  9.77534997e-06 
 6.72150000e-09  6.72150000e-09  2.50000000e+00  2.70323425e-06 -1.07761479e-05 
 6.72250000e-09  6.72250000e-09  2.50000000e+00  2.63146048e-06  9.80127340e-06 
 6.72350000e-09  6.72350000e-09  2.50000000e+00  2.56161232e-06 -1.07508977e-05 
 6.72450000e-09  6.72450000e-09  2.50000000e+00  2.49363742e-06  9.82586789e-06 
 6.72550000e-09  6.72550000e-09  2.50000000e+00  2.42748488e-06 -1.07269418e-05 
 6.72650000e-09  6.72650000e-09  2.50000000e+00  2.36310521e-06  9.84920180e-06 
 6.72750000e-09  6.72750000e-09  2.50000000e+00  2.30045028e-06 -1.07042137e-05 
 6.72850000e-09  6.72850000e-09  2.50000000e+00  2.23947330e-06  9.87133996e-06 
 6.72950000e-09  6.72950000e-09  2.50000000e+00  2.18012876e-06 -1.06826502e-05 
 6.73050000e-09  6.73050000e-09  2.50000000e+00  2.12237240e-06  9.89234385e-06 
 6.73150000e-09  6.73150000e-09  2.50000000e+00  2.06616118e-06 -1.06621914e-05 
 6.73250000e-09  6.73250000e-09  2.50000000e+00  2.01145325e-06  9.91227175e-06 
 6.73350000e-09  6.73350000e-09  2.50000000e+00  1.95820791e-06 -1.06427805e-05 
 6.73450000e-09  6.73450000e-09  2.50000000e+00  1.90638557e-06  9.93117897e-06 
 6.73550000e-09  6.73550000e-09  2.50000000e+00  1.85594775e-06 -1.06243638e-05 
 6.73650000e-09  6.73650000e-09  2.50000000e+00  1.80685700e-06  9.94911794e-06 
 6.73750000e-09  6.73750000e-09  2.50000000e+00  1.75907692e-06 -1.06068902e-05 
 6.73850000e-09  6.73850000e-09  2.50000000e+00  1.71257209e-06  9.96613839e-06 
 6.73950000e-09  6.73950000e-09  2.50000000e+00  1.66730807e-06 -1.05903111e-05 
 6.74050000e-09  6.74050000e-09  2.50000000e+00  1.62325137e-06  9.98228751e-06 
 6.74150000e-09  6.74150000e-09  2.50000000e+00  1.58036940e-06 -1.05745807e-05 
 6.74250000e-09  6.74250000e-09  2.50000000e+00  1.53863048e-06  9.99761001e-06 
 6.74350000e-09  6.74350000e-09  2.50000000e+00  1.49800379e-06 -1.05596555e-05 
 6.74450000e-09  6.74450000e-09  2.50000000e+00  1.45845936e-06  1.00121483e-05 
 6.74550000e-09  6.74550000e-09  2.50000000e+00  1.41996802e-06 -1.05454940e-05 
 6.74650000e-09  6.74650000e-09  2.50000000e+00  1.38250142e-06  1.00259427e-05 
 6.74750000e-09  6.74750000e-09  2.50000000e+00  1.34603196e-06 -1.05320572e-05 
 6.74850000e-09  6.74850000e-09  2.50000000e+00  1.31053282e-06  1.00390314e-05 
 6.74950000e-09  6.74950000e-09  2.50000000e+00  1.27597789e-06 -1.05193077e-05 
 6.75050000e-09  6.75050000e-09  2.50000000e+00  1.24234179e-06  1.00514505e-05 
 6.75150000e-09  6.75150000e-09  2.50000000e+00  1.20959981e-06 -1.05072104e-05 
 6.75250000e-09  6.75250000e-09  2.50000000e+00  1.17772794e-06  1.00632343e-05 
 6.75350000e-09  6.75350000e-09  2.50000000e+00  1.14670281e-06 -1.04957318e-05 
 6.75450000e-09  6.75450000e-09  2.50000000e+00  1.11650167e-06  1.00744156e-05 
 6.75550000e-09  6.75550000e-09  2.50000000e+00  1.08710242e-06 -1.04848402e-05 
 6.75650000e-09  6.75650000e-09  2.50000000e+00  1.05848354e-06  1.00850251e-05 
 6.75750000e-09  6.75750000e-09  2.50000000e+00  1.03062410e-06 -1.04745055e-05 
 6.75850000e-09  6.75850000e-09  2.50000000e+00  1.00350374e-06  1.00950922e-05 
 6.75950000e-09  6.75950000e-09  2.50000000e+00  9.77102660e-07 -1.04646991e-05 
 6.76050000e-09  6.76050000e-09  2.50000000e+00  9.51401582e-07  1.01046446e-05 
 6.76150000e-09  6.76150000e-09  2.50000000e+00  9.26381762e-07 -1.04553940e-05 
 6.76250000e-09  6.76250000e-09  2.50000000e+00  9.02024961e-07  1.01137088e-05 
 6.76350000e-09  6.76350000e-09  2.50000000e+00  8.78313435e-07 -1.04465645e-05 
 6.76450000e-09  6.76450000e-09  2.50000000e+00  8.55229922e-07  1.01223097e-05 
 6.76550000e-09  6.76550000e-09  2.50000000e+00  8.32757626e-07 -1.04381862e-05 
 6.76650000e-09  6.76650000e-09  2.50000000e+00  8.10880207e-07  1.01304711e-05 
 6.76750000e-09  6.76750000e-09  2.50000000e+00  7.89581765e-07 -1.04302360e-05 
 6.76850000e-09  6.76850000e-09  2.50000000e+00  7.68846832e-07  1.01382156e-05 
 6.76950000e-09  6.76950000e-09  2.50000000e+00  7.48660359e-07 -1.04226920e-05 
 6.77050000e-09  6.77050000e-09  2.50000000e+00  7.29007702e-07  1.01455643e-05 
 6.77150000e-09  6.77150000e-09  2.50000000e+00  7.09874613e-07 -1.04155334e-05 
 6.77250000e-09  6.77250000e-09  2.50000000e+00  6.91247229e-07  1.01525377e-05 
 6.77350000e-09  6.77350000e-09  2.50000000e+00  6.73112062e-07 -1.04087404e-05 
 6.77450000e-09  6.77450000e-09  2.50000000e+00  6.55455987e-07  1.01591549e-05 
 6.77550000e-09  6.77550000e-09  2.50000000e+00  6.38266234e-07 -1.04022944e-05 
 6.77650000e-09  6.77650000e-09  2.50000000e+00  6.21530375e-07  1.01654342e-05 
 6.77750000e-09  6.77750000e-09  2.50000000e+00  6.05236320e-07 -1.03961776e-05 
 6.77850000e-09  6.77850000e-09  2.50000000e+00  5.89372304e-07  1.01713928e-05 
 6.77950000e-09  6.77950000e-09  2.50000000e+00  5.73926877e-07 -1.03903731e-05 
 6.78050000e-09  6.78050000e-09  2.50000000e+00  5.58888899e-07  1.01770472e-05 
 6.78150000e-09  6.78150000e-09  2.50000000e+00  5.44247529e-07 -1.03848649e-05 
 6.78250000e-09  6.78250000e-09  2.50000000e+00  5.29992217e-07  1.01824129e-05 
 6.78350000e-09  6.78350000e-09  2.50000000e+00  5.16112700e-07 -1.03796380e-05 
 6.78450000e-09  6.78450000e-09  2.50000000e+00  5.02598986e-07  1.01875047e-05 
 6.78550000e-09  6.78550000e-09  2.50000000e+00  4.89441355e-07 -1.03746778e-05 
 6.78650000e-09  6.78650000e-09  2.50000000e+00  4.76630347e-07  1.01923366e-05 
 6.78750000e-09  6.78750000e-09  2.50000000e+00  4.64156756e-07 -1.03699708e-05 
 6.78850000e-09  6.78850000e-09  2.50000000e+00  4.52011623e-07  1.01969219e-05 
 6.78950000e-09  6.78950000e-09  2.50000000e+00  4.40186229e-07 -1.03655041e-05 
 6.79050000e-09  6.79050000e-09  2.50000000e+00  4.28672089e-07  1.02012732e-05 
 6.79150000e-09  6.79150000e-09  2.50000000e+00  4.17460946e-07 -1.03612653e-05 
 6.79250000e-09  6.79250000e-09  2.50000000e+00  4.06544765e-07  1.02054025e-05 
 6.79350000e-09  6.79350000e-09  2.50000000e+00  3.95915724e-07 -1.03572427e-05 
 6.79450000e-09  6.79450000e-09  2.50000000e+00  3.85566212e-07  1.02093210e-05 
 6.79550000e-09  6.79550000e-09  2.50000000e+00  3.75488822e-07 -1.03534254e-05 
 6.79650000e-09  6.79650000e-09  2.50000000e+00  3.65676345e-07  1.02130397e-05 
 6.79750000e-09  6.79750000e-09  2.50000000e+00  3.56121764e-07 -1.03498029e-05 
 6.79850000e-09  6.79850000e-09  2.50000000e+00  3.46818250e-07  1.02165686e-05 
 6.79950000e-09  6.79950000e-09  2.50000000e+00  3.37759157e-07 -1.03463651e-05 
 6.80050000e-09  6.80050000e-09  2.50000000e+00  3.28938017e-07  1.02199176e-05 
 6.80150000e-09  6.80150000e-09  2.50000000e+00  3.20348535e-07 -1.03431027e-05 
 6.80250000e-09  6.80250000e-09  2.50000000e+00  3.11984581e-07  1.02230957e-05 
 6.80350000e-09  6.80350000e-09  2.50000000e+00  3.03840194e-07 -1.03400067e-05 
 6.80450000e-09  6.80450000e-09  2.50000000e+00  2.95909567e-07  1.02261118e-05 
 6.80550000e-09  6.80550000e-09  2.50000000e+00  2.88187050e-07 -1.03370685e-05 
 6.80650000e-09  6.80650000e-09  2.50000000e+00  2.80667145e-07  1.02289740e-05 
 6.80750000e-09  6.80750000e-09  2.50000000e+00  2.73344500e-07 -1.03342802e-05 
 6.80850000e-09  6.80850000e-09  2.50000000e+00  2.66213903e-07  1.02316903e-05 
 6.80950000e-09  6.80950000e-09  2.50000000e+00  2.59270285e-07 -1.03316341e-05 
 6.81050000e-09  6.81050000e-09  2.50000000e+00  2.52508708e-07  1.02342681e-05 
 6.81150000e-09  6.81150000e-09  2.50000000e+00  2.45924369e-07 -1.03291228e-05 
 6.81250000e-09  6.81250000e-09  2.50000000e+00  2.39512591e-07  1.02367145e-05 
 6.81350000e-09  6.81350000e-09  2.50000000e+00  2.33268822e-07 -1.03267396e-05 
 6.81450000e-09  6.81450000e-09  2.50000000e+00  2.27188631e-07  1.02390362e-05 
 6.81550000e-09  6.81550000e-09  2.50000000e+00  2.21267705e-07 -1.03244779e-05 
 6.81650000e-09  6.81650000e-09  2.50000000e+00  2.15501845e-07  1.02412395e-05 
 6.81750000e-09  6.81750000e-09  2.50000000e+00  2.09886964e-07 -1.03223315e-05 
 6.81850000e-09  6.81850000e-09  2.50000000e+00  2.04419084e-07  1.02433305e-05 
 6.81950000e-09  6.81950000e-09  2.50000000e+00  1.99094332e-07 -1.03202944e-05 
 6.82050000e-09  6.82050000e-09  2.50000000e+00  1.93908939e-07  1.02453150e-05 
 6.82150000e-09  6.82150000e-09  2.50000000e+00  1.88859236e-07 -1.03183612e-05 
 6.82250000e-09  6.82250000e-09  2.50000000e+00  1.83941649e-07  1.02471983e-05 
 6.82350000e-09  6.82350000e-09  2.50000000e+00  1.79152702e-07 -1.03165265e-05 
 6.82450000e-09  6.82450000e-09  2.50000000e+00  1.74489009e-07  1.02489856e-05 
 6.82550000e-09  6.82550000e-09  2.50000000e+00  1.69947275e-07 -1.03147853e-05 
 6.82650000e-09  6.82650000e-09  2.50000000e+00  1.65524292e-07  1.02506819e-05 
 6.82750000e-09  6.82750000e-09  2.50000000e+00  1.61216937e-07 -1.03131328e-05 
 6.82850000e-09  6.82850000e-09  2.50000000e+00  1.57022169e-07  1.02522917e-05 
 6.82950000e-09  6.82950000e-09  2.50000000e+00  1.52937029e-07 -1.03115645e-05 
 6.83050000e-09  6.83050000e-09  2.50000000e+00  1.48958636e-07  1.02538195e-05 
 6.83150000e-09  6.83150000e-09  2.50000000e+00  1.45084185e-07 -1.03100762e-05 
 6.83250000e-09  6.83250000e-09  2.50000000e+00  1.41310945e-07  1.02552695e-05 
 6.83350000e-09  6.83350000e-09  2.50000000e+00  1.37636257e-07 -1.03086636e-05 
 6.83450000e-09  6.83450000e-09  2.50000000e+00  1.34057534e-07  1.02566456e-05 
 6.83550000e-09  6.83550000e-09  2.50000000e+00  1.30572255e-07 -1.03073230e-05 
 6.83650000e-09  6.83650000e-09  2.50000000e+00  1.27177968e-07  1.02579516e-05 
 6.83750000e-09  6.83750000e-09  2.50000000e+00  1.23872284e-07 -1.03060507e-05 
 6.83850000e-09  6.83850000e-09  2.50000000e+00  1.20652879e-07  1.02591911e-05 
 6.83950000e-09  6.83950000e-09  2.50000000e+00  1.17517489e-07 -1.03048432e-05 
 6.84050000e-09  6.84050000e-09  2.50000000e+00  1.14463909e-07  1.02603675e-05 
 6.84150000e-09  6.84150000e-09  2.50000000e+00  1.11489995e-07 -1.03036971e-05 
 6.84250000e-09  6.84250000e-09  2.50000000e+00  1.08593657e-07  1.02614839e-05 
 6.84350000e-09  6.84350000e-09  2.50000000e+00  1.05772861e-07 -1.03026095e-05 
 6.84450000e-09  6.84450000e-09  2.50000000e+00  1.03025627e-07  1.02625435e-05 
 6.84550000e-09  6.84550000e-09  2.50000000e+00  1.00350029e-07 -1.03015772e-05 
 6.84650000e-09  6.84650000e-09  2.50000000e+00  9.77441871e-08  1.02635492e-05 
 6.84750000e-09  6.84750000e-09  2.50000000e+00  9.52062753e-08 -1.03005975e-05 
 6.84850000e-09  6.84850000e-09  2.50000000e+00  9.27345141e-08  1.02645036e-05 
 6.84950000e-09  6.84950000e-09  2.50000000e+00  9.03271709e-08 -1.02996677e-05 
 6.85050000e-09  6.85050000e-09  2.50000000e+00  8.79825589e-08  1.02654094e-05 
 6.85150000e-09  6.85150000e-09  2.50000000e+00  8.56990358e-08 -1.02987853e-05 
 6.85250000e-09  6.85250000e-09  2.50000000e+00  8.34750026e-08  1.02662691e-05 
 6.85350000e-09  6.85350000e-09  2.50000000e+00  8.13089023e-08 -1.02979477e-05 
 6.85450000e-09  6.85450000e-09  2.50000000e+00  7.91992189e-08  1.02670851e-05 
 6.85550000e-09  6.85550000e-09  2.50000000e+00  7.71444763e-08 -1.02971528e-05 
 6.85650000e-09  6.85650000e-09  2.50000000e+00  7.51432373e-08  1.02678595e-05 
 6.85750000e-09  6.85750000e-09  2.50000000e+00  7.31941027e-08 -1.02963984e-05 
 6.85850000e-09  6.85850000e-09  2.50000000e+00  7.12957099e-08  1.02685944e-05 
 6.85950000e-09  6.85950000e-09  2.50000000e+00  6.94467321e-08 -1.02956824e-05 
 6.86050000e-09  6.86050000e-09  2.50000000e+00  6.76458775e-08  1.02692920e-05 
 6.86150000e-09  6.86150000e-09  2.50000000e+00  6.58918883e-08 -1.02950028e-05 
 6.86250000e-09  6.86250000e-09  2.50000000e+00  6.41835397e-08  1.02699541e-05 
 6.86350000e-09  6.86350000e-09  2.50000000e+00  6.25196391e-08 -1.02943578e-05 
 6.86450000e-09  6.86450000e-09  2.50000000e+00  6.08990251e-08  1.02705824e-05 
 6.86550000e-09  6.86550000e-09  2.50000000e+00  5.93205670e-08 -1.02937456e-05 
 6.86650000e-09  6.86650000e-09  2.50000000e+00  5.77831637e-08  1.02711788e-05 
 6.86750000e-09  6.86750000e-09  2.50000000e+00  5.62857431e-08 -1.02931646e-05 
 6.86850000e-09  6.86850000e-09  2.50000000e+00  5.48272611e-08  1.02717448e-05 
 6.86950000e-09  6.86950000e-09  2.50000000e+00  5.34067014e-08 -1.02926132e-05 
 6.87050000e-09  6.87050000e-09  2.50000000e+00  5.20230739e-08  1.02722820e-05 
 6.87150000e-09  6.87150000e-09  2.50000000e+00  5.06754145e-08 -1.02920898e-05 
 6.87250000e-09  6.87250000e-09  2.50000000e+00  4.93627848e-08  1.02727919e-05 
 6.87350000e-09  6.87350000e-09  2.50000000e+00  4.80842708e-08 -1.02915931e-05 
 6.87450000e-09  6.87450000e-09  2.50000000e+00  4.68389824e-08  1.02732758e-05 
 6.87550000e-09  6.87550000e-09  2.50000000e+00  4.56260529e-08 -1.02911216e-05 
 6.87650000e-09  6.87650000e-09  2.50000000e+00  4.44446382e-08  1.02737351e-05 
 6.87750000e-09  6.87750000e-09  2.50000000e+00  4.32939167e-08 -1.02906742e-05 
 6.87850000e-09  6.87850000e-09  2.50000000e+00  4.21730879e-08  1.02741711e-05 
 6.87950000e-09  6.87950000e-09  2.50000000e+00  4.10813723e-08 -1.02902495e-05 
 6.88050000e-09  6.88050000e-09  2.50000000e+00  4.00180112e-08  1.02745848e-05 
 6.88150000e-09  6.88150000e-09  2.50000000e+00  3.89822656e-08 -1.02898464e-05 
 6.88250000e-09  6.88250000e-09  2.50000000e+00  3.79734156e-08  1.02749775e-05 
 6.88350000e-09  6.88350000e-09  2.50000000e+00  3.69907604e-08 -1.02894638e-05 
 6.88450000e-09  6.88450000e-09  2.50000000e+00  3.60336177e-08  1.02753503e-05 
 6.88550000e-09  6.88550000e-09  2.50000000e+00  3.51013226e-08 -1.02891007e-05 
 6.88650000e-09  6.88650000e-09  2.50000000e+00  3.41932278e-08  1.02757040e-05 
 6.88750000e-09  6.88750000e-09  2.50000000e+00  3.33087033e-08 -1.02887560e-05 
 6.88850000e-09  6.88850000e-09  2.50000000e+00  3.24471352e-08  1.02760398e-05 
 6.88950000e-09  6.88950000e-09  2.50000000e+00  3.16079254e-08 -1.02884289e-05 
 6.89050000e-09  6.89050000e-09  2.50000000e+00  3.07904922e-08  1.02763585e-05 
 6.89150000e-09  6.89150000e-09  2.50000000e+00  2.99942686e-08 -1.02881185e-05 
 6.89250000e-09  6.89250000e-09  2.50000000e+00  2.92187025e-08  1.02766609e-05 
 6.89350000e-09  6.89350000e-09  2.50000000e+00  2.84632562e-08 -1.02878238e-05 
 6.89450000e-09  6.89450000e-09  2.50000000e+00  2.77274058e-08  1.02769480e-05 
 6.89550000e-09  6.89550000e-09  2.50000000e+00  2.70106419e-08 -1.02875441e-05 
 6.89650000e-09  6.89650000e-09  2.50000000e+00  2.63124677e-08  1.02772205e-05 
 6.89750000e-09  6.89750000e-09  2.50000000e+00  2.56323995e-08 -1.02872786e-05 
 6.89850000e-09  6.89850000e-09  2.50000000e+00  2.49699666e-08  1.02774791e-05 
 6.89950000e-09  6.89950000e-09  2.50000000e+00  2.43247100e-08 -1.02870267e-05 
 6.90050000e-09  6.90050000e-09  2.50000000e+00  2.36961831e-08  1.02777246e-05 
 6.90150000e-09  6.90150000e-09  2.50000000e+00  2.30839509e-08 -1.02867875e-05 
 6.90250000e-09  6.90250000e-09  2.50000000e+00  2.24875898e-08  1.02779576e-05 
 6.90350000e-09  6.90350000e-09  2.50000000e+00  2.19066872e-08 -1.02865605e-05 
 6.90450000e-09  6.90450000e-09  2.50000000e+00  2.13408411e-08  1.02781787e-05 
 6.90550000e-09  6.90550000e-09  2.50000000e+00  2.07896600e-08 -1.02863451e-05 
 6.90650000e-09  6.90650000e-09  2.50000000e+00  2.02527631e-08  1.02783886e-05 
 6.90750000e-09  6.90750000e-09  2.50000000e+00  1.97297789e-08 -1.02861406e-05 
 6.90850000e-09  6.90850000e-09  2.50000000e+00  1.92203459e-08  1.02785878e-05 
 6.90950000e-09  6.90950000e-09  2.50000000e+00  1.87241123e-08 -1.02859465e-05 
 6.91050000e-09  6.91050000e-09  2.50000000e+00  1.82407350e-08  1.02787769e-05 
 6.91150000e-09  6.91150000e-09  2.50000000e+00  1.77698801e-08 -1.02857623e-05 
 6.91250000e-09  6.91250000e-09  2.50000000e+00  1.73112223e-08  1.02789564e-05 
 6.91350000e-09  6.91350000e-09  2.50000000e+00  1.68644447e-08 -1.02855875e-05 
 6.91450000e-09  6.91450000e-09  2.50000000e+00  1.64292389e-08  1.02791267e-05 
 6.91550000e-09  6.91550000e-09  2.50000000e+00  1.60053042e-08 -1.02854215e-05 
 6.91650000e-09  6.91650000e-09  2.50000000e+00  1.55923482e-08  1.02792884e-05 
 6.91750000e-09  6.91750000e-09  2.50000000e+00  1.51900859e-08 -1.02852640e-05 
 6.91850000e-09  6.91850000e-09  2.50000000e+00  1.47982396e-08  1.02794418e-05 
 6.91950000e-09  6.91950000e-09  2.50000000e+00  1.44165387e-08 -1.02851145e-05 
 6.92050000e-09  6.92050000e-09  2.50000000e+00  1.40447200e-08  1.02795875e-05 
 6.92150000e-09  6.92150000e-09  2.50000000e+00  1.36825272e-08 -1.02849726e-05 
 6.92250000e-09  6.92250000e-09  2.50000000e+00  1.33297105e-08  1.02797257e-05 
 6.92350000e-09  6.92350000e-09  2.50000000e+00  1.29860265e-08 -1.02848379e-05 
 6.92450000e-09  6.92450000e-09  2.50000000e+00  1.26512381e-08  1.02798570e-05 
 6.92550000e-09  6.92550000e-09  2.50000000e+00  1.23251147e-08 -1.02847101e-05 
 6.92650000e-09  6.92650000e-09  2.50000000e+00  1.20074314e-08  1.02799815e-05 
 6.92750000e-09  6.92750000e-09  2.50000000e+00  1.16979693e-08 -1.02845887e-05 
 6.92850000e-09  6.92850000e-09  2.50000000e+00  1.13965152e-08  1.02800997e-05 
 6.92950000e-09  6.92950000e-09  2.50000000e+00  1.11028613e-08 -1.02844736e-05 
 6.93050000e-09  6.93050000e-09  2.50000000e+00  1.08168053e-08  1.02802119e-05 
 6.93150000e-09  6.93150000e-09  2.50000000e+00  1.05381504e-08 -1.02843642e-05 
 6.93250000e-09  6.93250000e-09  2.50000000e+00  1.02667045e-08  1.02803184e-05 
 6.93350000e-09  6.93350000e-09  2.50000000e+00  1.00022807e-08 -1.02842605e-05 
 6.93450000e-09  6.93450000e-09  2.50000000e+00  9.74469700e-09  1.02804195e-05 
 6.93550000e-09  6.93550000e-09  2.50000000e+00  9.49377615e-09 -1.02841620e-05 
 6.93650000e-09  6.93650000e-09  2.50000000e+00  9.24934546e-09  1.02805155e-05 
 6.93750000e-09  6.93750000e-09  2.50000000e+00  9.01123667e-09 -1.02840685e-05 
 6.93850000e-09  6.93850000e-09  2.50000000e+00  8.77928586e-09  1.02806065e-05 
 6.93950000e-09  6.93950000e-09  2.50000000e+00  8.55333343e-09 -1.02839798e-05 
 6.94050000e-09  6.94050000e-09  2.50000000e+00  8.33322418e-09  1.02806930e-05 
 6.94150000e-09  6.94150000e-09  2.50000000e+00  8.11880650e-09 -1.02838956e-05 
 6.94250000e-09  6.94250000e-09  2.50000000e+00  7.90993275e-09  1.02807750e-05 
 6.94350000e-09  6.94350000e-09  2.50000000e+00  7.70645954e-09 -1.02838157e-05 
 6.94450000e-09  6.94450000e-09  2.50000000e+00  7.50824693e-09  1.02808529e-05 
 6.94550000e-09  6.94550000e-09  2.50000000e+00  7.31515855e-09 -1.02837398e-05 
 6.94650000e-09  6.94650000e-09  2.50000000e+00  7.12706175e-09  1.02809268e-05 
 6.94750000e-09  6.94750000e-09  2.50000000e+00  6.94382723e-09 -1.02836678e-05 
 6.94850000e-09  6.94850000e-09  2.50000000e+00  6.76532913e-09  1.02809970e-05 
 6.94950000e-09  6.94950000e-09  2.50000000e+00  6.59144470e-09 -1.02835994e-05 
 6.95050000e-09  6.95050000e-09  2.50000000e+00  6.42205461e-09  1.02810636e-05 
 6.95150000e-09  6.95150000e-09  2.50000000e+00  6.25704234e-09 -1.02835345e-05 
 6.95250000e-09  6.95250000e-09  2.50000000e+00  6.09629458e-09  1.02811268e-05 
 6.95350000e-09  6.95350000e-09  2.50000000e+00  5.93970099e-09 -1.02834729e-05 
 6.95450000e-09  6.95450000e-09  2.50000000e+00  5.78715404e-09  1.02811868e-05 
 6.95550000e-09  6.95550000e-09  2.50000000e+00  5.63854876e-09 -1.02834145e-05 
 6.95650000e-09  6.95650000e-09  2.50000000e+00  5.49378326e-09  1.02812437e-05 
 6.95750000e-09  6.95750000e-09  2.50000000e+00  5.35275818e-09 -1.02833590e-05 
 6.95850000e-09  6.95850000e-09  2.50000000e+00  5.21537676e-09  1.02812978e-05 
 6.95950000e-09  6.95950000e-09  2.50000000e+00  5.08154465e-09 -1.02833064e-05 
 6.96050000e-09  6.96050000e-09  2.50000000e+00  4.95116990e-09  1.02813491e-05 
 6.96150000e-09  6.96150000e-09  2.50000000e+00  4.82416306e-09 -1.02832564e-05 
 6.96250000e-09  6.96250000e-09  2.50000000e+00  4.70043708e-09  1.02813978e-05 
 6.96350000e-09  6.96350000e-09  2.50000000e+00  4.57990708e-09 -1.02832089e-05 
 6.96450000e-09  6.96450000e-09  2.50000000e+00  4.46249042e-09  1.02814440e-05 
 6.96550000e-09  6.96550000e-09  2.50000000e+00  4.34810632e-09 -1.02831639e-05 
 6.96650000e-09  6.96650000e-09  2.50000000e+00  4.23667650e-09  1.02814879e-05 
 6.96750000e-09  6.96750000e-09  2.50000000e+00  4.12812463e-09 -1.02831211e-05 
 6.96850000e-09  6.96850000e-09  2.50000000e+00  4.02237611e-09  1.02815295e-05 
 6.96950000e-09  6.96950000e-09  2.50000000e+00  3.91935852e-09 -1.02830806e-05 
 6.97050000e-09  6.97050000e-09  2.50000000e+00  3.81900108e-09  1.02815691e-05 
 6.97150000e-09  6.97150000e-09  2.50000000e+00  3.72123518e-09 -1.02830421e-05 
 6.97250000e-09  6.97250000e-09  2.50000000e+00  3.62599379e-09  1.02816066e-05 
 6.97350000e-09  6.97350000e-09  2.50000000e+00  3.53321149e-09 -1.02830055e-05 
 6.97450000e-09  6.97450000e-09  2.50000000e+00  3.44282476e-09  1.02816422e-05 
 6.97550000e-09  6.97550000e-09  2.50000000e+00  3.35477164e-09 -1.02829708e-05 
 6.97650000e-09  6.97650000e-09  2.50000000e+00  3.26899185e-09  1.02816760e-05 
 6.97750000e-09  6.97750000e-09  2.50000000e+00  3.18542653e-09 -1.02829379e-05 
 6.97850000e-09  6.97850000e-09  2.50000000e+00  3.10401852e-09  1.02817081e-05 
 6.97950000e-09  6.97950000e-09  2.50000000e+00  3.02471200e-09 -1.02829066e-05 
 6.98050000e-09  6.98050000e-09  2.50000000e+00  2.94745268e-09  1.02817385e-05 
 6.98150000e-09  6.98150000e-09  2.50000000e+00  2.87218744e-09 -1.02828769e-05 
 6.98250000e-09  6.98250000e-09  2.50000000e+00  2.79886494e-09  1.02817674e-05 
 6.98350000e-09  6.98350000e-09  2.50000000e+00  2.72743507e-09 -1.02828488e-05 
 6.98450000e-09  6.98450000e-09  2.50000000e+00  2.65784872e-09  1.02817949e-05 
 6.98550000e-09  6.98550000e-09  2.50000000e+00  2.59005831e-09 -1.02828221e-05 
 6.98650000e-09  6.98650000e-09  2.50000000e+00  2.52401744e-09  1.02818209e-05 
 6.98750000e-09  6.98750000e-09  2.50000000e+00  2.45968089e-09 -1.02827967e-05 
 6.98850000e-09  6.98850000e-09  2.50000000e+00  2.39700461e-09  1.02818456e-05 
 6.98950000e-09  6.98950000e-09  2.50000000e+00  2.33594585e-09 -1.02827726e-05 
 6.99050000e-09  6.99050000e-09  2.50000000e+00  2.27646272e-09  1.02818691e-05 
 6.99150000e-09  6.99150000e-09  2.50000000e+00  2.21851444e-09 -1.02827497e-05 
 6.99250000e-09  6.99250000e-09  2.50000000e+00  2.16206128e-09  1.02818914e-05 
 6.99350000e-09  6.99350000e-09  2.50000000e+00  2.10706470e-09 -1.02827280e-05 
 6.99450000e-09  6.99450000e-09  2.50000000e+00  2.05348712e-09  1.02819125e-05 
 6.99550000e-09  6.99550000e-09  2.50000000e+00  2.00129176e-09 -1.02827074e-05 
 6.99650000e-09  6.99650000e-09  2.50000000e+00  1.95044303e-09  1.02819326e-05 
 6.99750000e-09  6.99750000e-09  2.50000000e+00  1.90090619e-09 -1.02826879e-05 
 6.99850000e-09  6.99850000e-09  2.50000000e+00  1.85264726e-09  1.02819516e-05 
 6.99950000e-09  6.99950000e-09  2.50000000e+00  1.80563335e-09 -1.02826693e-05 
 7.00050000e-09  7.00050000e-09  2.50000000e+00  1.75983231e-09  1.02819697e-05 
 7.00150000e-09  7.00150000e-09  2.50000000e+00  1.71521279e-09 -1.02826517e-05 
 7.00250000e-09  7.00250000e-09  2.50000000e+00  1.67174412e-09  1.02819869e-05 
 7.00350000e-09  7.00350000e-09  2.50000000e+00  1.62939658e-09 -1.02826350e-05 
 7.00450000e-09  7.00450000e-09  2.50000000e+00  1.58814145e-09  1.02820032e-05 
 7.00550000e-09  7.00550000e-09  2.50000000e+00  1.54795043e-09 -1.02826191e-05 
 7.00650000e-09  7.00650000e-09  2.50000000e+00  1.50879595e-09  1.02820186e-05 
 7.00750000e-09  7.00750000e-09  2.50000000e+00  1.47065123e-09 -1.02826041e-05 
 7.00850000e-09  7.00850000e-09  2.50000000e+00  1.43349029e-09  1.02820333e-05 
 7.00950000e-09  7.00950000e-09  2.50000000e+00  1.39728771e-09 -1.02825898e-05 
 7.01050000e-09  7.01050000e-09  2.50000000e+00  1.36201887e-09  1.02820472e-05 
 7.01150000e-09  7.01150000e-09  2.50000000e+00  1.32765960e-09 -1.02825762e-05 
 7.01250000e-09  7.01250000e-09  2.50000000e+00  1.29418636e-09  1.02820605e-05 
 7.01350000e-09  7.01350000e-09  2.50000000e+00  1.26157638e-09 -1.02825633e-05 
 7.01450000e-09  7.01450000e-09  2.50000000e+00  1.22980721e-09  1.02820730e-05 
 7.01550000e-09  7.01550000e-09  2.50000000e+00  1.19885725e-09 -1.02825511e-05 
 7.01650000e-09  7.01650000e-09  2.50000000e+00  1.16870540e-09  1.02820849e-05 
 7.01750000e-09  7.01750000e-09  2.50000000e+00  1.13933097e-09 -1.02825395e-05 
 7.01850000e-09  7.01850000e-09  2.50000000e+00  1.11071383e-09  1.02820962e-05 
 7.01950000e-09  7.01950000e-09  2.50000000e+00  1.08283451e-09 -1.02825285e-05 
 7.02050000e-09  7.02050000e-09  2.50000000e+00  1.05567406e-09  1.02821070e-05 
 7.02150000e-09  7.02150000e-09  2.50000000e+00  1.02921378e-09 -1.02825180e-05 
 7.02250000e-09  7.02250000e-09  2.50000000e+00  1.00343571e-09  1.02821172e-05 
 7.02350000e-09  7.02350000e-09  2.50000000e+00  9.78322201e-10 -1.02825081e-05 
 7.02450000e-09  7.02450000e-09  2.50000000e+00  9.53856168e-10  1.02821268e-05 
 7.02550000e-09  7.02550000e-09  2.50000000e+00  9.30020868e-10 -1.02824987e-05 
 7.02650000e-09  7.02650000e-09  2.50000000e+00  9.06800005e-10  1.02821360e-05 
 7.02750000e-09  7.02750000e-09  2.50000000e+00  8.84177726e-10 -1.02824897e-05 
 7.02850000e-09  7.02850000e-09  2.50000000e+00  8.62138527e-10  1.02821447e-05 
 7.02950000e-09  7.02950000e-09  2.50000000e+00  8.40667448e-10 -1.02824812e-05 
 7.03050000e-09  7.03050000e-09  2.50000000e+00  8.19749828e-10  1.02821530e-05 
 7.03150000e-09  7.03150000e-09  2.50000000e+00  7.99371349e-10 -1.02824732e-05 
 7.03250000e-09  7.03250000e-09  2.50000000e+00  7.79518143e-10  1.02821608e-05 
 7.03350000e-09  7.03350000e-09  2.50000000e+00  7.60176786e-10 -1.02824655e-05 
 7.03450000e-09  7.03450000e-09  2.50000000e+00  7.41334001e-10  1.02821683e-05 
 7.03550000e-09  7.03550000e-09  2.50000000e+00  7.22976860e-10 -1.02824583e-05 
 7.03650000e-09  7.03650000e-09  2.50000000e+00  7.05092733e-10  1.02821754e-05 
 7.03750000e-09  7.03750000e-09  2.50000000e+00  6.87669432e-10 -1.02824514e-05 
 7.03850000e-09  7.03850000e-09  2.50000000e+00  6.70695119e-10  1.02821821e-05 
 7.03950000e-09  7.03950000e-09  2.50000000e+00  6.54158351e-10 -1.02824448e-05 
 7.04050000e-09  7.04050000e-09  2.50000000e+00  6.38047736e-10  1.02821884e-05 
 7.04150000e-09  7.04150000e-09  2.50000000e+00  6.22352276e-10 -1.02824386e-05 
 7.04250000e-09  7.04250000e-09  2.50000000e+00  6.07061371e-10  1.02821945e-05 
 7.04350000e-09  7.04350000e-09  2.50000000e+00  5.92164618e-10 -1.02824327e-05 
 7.04450000e-09  7.04450000e-09  2.50000000e+00  5.77651764e-10  1.02822002e-05 
 7.04550000e-09  7.04550000e-09  2.50000000e+00  5.63512703e-10 -1.02824271e-05 
 7.04650000e-09  7.04650000e-09  2.50000000e+00  5.49737975e-10  1.02822057e-05 
 7.04750000e-09  7.04750000e-09  2.50000000e+00  5.36318315e-10 -1.02824218e-05 
 7.04850000e-09  7.04850000e-09  2.50000000e+00  5.23244363e-10  1.02822109e-05 
 7.04950000e-09  7.04950000e-09  2.50000000e+00  5.10507201e-10 -1.02824168e-05 
 7.05050000e-09  7.05050000e-09  2.50000000e+00  4.98098161e-10  1.02822158e-05 
 7.05150000e-09  7.05150000e-09  2.50000000e+00  4.86008822e-10 -1.02824120e-05 
 7.05250000e-09  7.05250000e-09  2.50000000e+00  4.74231060e-10  1.02822204e-05 
 7.05350000e-09  7.05350000e-09  2.50000000e+00  4.62756701e-10 -1.02824075e-05 
 7.05450000e-09  7.05450000e-09  2.50000000e+00  4.51577920e-10  1.02822249e-05 
 7.05550000e-09  7.05550000e-09  2.50000000e+00  4.40687286e-10 -1.02824031e-05 
 7.05650000e-09  7.05650000e-09  2.50000000e+00  4.30077269e-10  1.02822291e-05 
 7.05750000e-09  7.05750000e-09  2.50000000e+00  4.19740489e-10 -1.02823991e-05 
 7.05850000e-09  7.05850000e-09  2.50000000e+00  4.09670011e-10  1.02822330e-05 
 7.05950000e-09  7.05950000e-09  2.50000000e+00  3.99859048e-10 -1.02823952e-05 
 7.06050000e-09  7.06050000e-09  2.50000000e+00  3.90300963e-10  1.02822368e-05 
 7.06150000e-09  7.06150000e-09  2.50000000e+00  3.80989068e-10 -1.02823915e-05 
 7.06250000e-09  7.06250000e-09  2.50000000e+00  3.71916925e-10  1.02822404e-05 
 7.06350000e-09  7.06350000e-09  2.50000000e+00  3.63078390e-10 -1.02823880e-05 
 7.06450000e-09  7.06450000e-09  2.50000000e+00  3.54467618e-10  1.02822438e-05 
 7.06550000e-09  7.06550000e-09  2.50000000e+00  3.46078665e-10 -1.02823847e-05 
 7.06650000e-09  7.06650000e-09  2.50000000e+00  3.37905884e-10  1.02822471e-05 
 7.06750000e-09  7.06750000e-09  2.50000000e+00  3.29943530e-10 -1.02823815e-05 
 7.06850000e-09  7.06850000e-09  2.50000000e+00  3.22186251e-10  1.02822501e-05 
 7.06950000e-09  7.06950000e-09  2.50000000e+00  3.14628749e-10 -1.02823785e-05 
 7.07050000e-09  7.07050000e-09  2.50000000e+00  3.07265821e-10  1.02822530e-05 
 7.07150000e-09  7.07150000e-09  2.50000000e+00  3.00092663e-10 -1.02823757e-05 
 7.07250000e-09  7.07250000e-09  2.50000000e+00  2.93104420e-10  1.02822558e-05 
 7.07350000e-09  7.07350000e-09  2.50000000e+00  2.86295990e-10 -1.02823730e-05 
 7.07450000e-09  7.07450000e-09  2.50000000e+00  2.79662866e-10  1.02822584e-05 
 7.07550000e-09  7.07550000e-09  2.50000000e+00  2.73200688e-10 -1.02823704e-05 
 7.07650000e-09  7.07650000e-09  2.50000000e+00  2.66904899e-10  1.02822609e-05 
 7.07750000e-09  7.07750000e-09  2.50000000e+00  2.60771289e-10 -1.02823680e-05 
 7.07850000e-09  7.07850000e-09  2.50000000e+00  2.54795746e-10  1.02822633e-05 
 7.07950000e-09  7.07950000e-09  2.50000000e+00  2.48974010e-10 -1.02823657e-05 
 7.08050000e-09  7.08050000e-09  2.50000000e+00  2.43302267e-10  1.02822655e-05 
 7.08150000e-09  7.08150000e-09  2.50000000e+00  2.37776653e-10 -1.02823635e-05 
 7.08250000e-09  7.08250000e-09  2.50000000e+00  2.32393304e-10  1.02822677e-05 
 7.08350000e-09  7.08350000e-09  2.50000000e+00  2.27148506e-10 -1.02823614e-05 
 7.08450000e-09  7.08450000e-09  2.50000000e+00  2.22038741e-10  1.02822697e-05 
 7.08550000e-09  7.08550000e-09  2.50000000e+00  2.17060591e-10 -1.02823595e-05 
 7.08650000e-09  7.08650000e-09  2.50000000e+00  2.12210689e-10  1.02822716e-05 
 7.08750000e-09  7.08750000e-09  2.50000000e+00  2.07485615e-10 -1.02823576e-05 
 7.08850000e-09  7.08850000e-09  2.50000000e+00  2.02882101e-10  1.02822734e-05 
 7.08950000e-09  7.08950000e-09  2.50000000e+00  1.98397323e-10 -1.02823558e-05 
 7.09050000e-09  7.09050000e-09  2.50000000e+00  1.94028011e-10  1.02822752e-05 
 7.09150000e-09  7.09150000e-09  2.50000000e+00  1.89771195e-10 -1.02823541e-05 
 7.09250000e-09  7.09250000e-09  2.50000000e+00  1.85624099e-10  1.02822768e-05 
 7.09350000e-09  7.09350000e-09  2.50000000e+00  1.81583653e-10 -1.02823525e-05 
 7.09450000e-09  7.09450000e-09  2.50000000e+00  1.77647231e-10  1.02822784e-05 
 7.09550000e-09  7.09550000e-09  2.50000000e+00  1.73812158e-10 -1.02823510e-05 
 7.09650000e-09  7.09650000e-09  2.50000000e+00  1.70075908e-10  1.02822799e-05 
 7.09750000e-09  7.09750000e-09  2.50000000e+00  1.66435905e-10 -1.02823496e-05 
 7.09850000e-09  7.09850000e-09  2.50000000e+00  1.62889623e-10  1.02822813e-05 
 7.09950000e-09  7.09950000e-09  2.50000000e+00  1.59434733e-10 -1.02823482e-05 
 7.10050000e-09  7.10050000e-09  2.50000000e+00  1.56068759e-10  1.02822826e-05 
 7.10150000e-09  7.10150000e-09  2.50000000e+00  1.52789374e-10 -1.02823469e-05 
 7.10250000e-09  7.10250000e-09  2.50000000e+00  1.49594346e-10  1.02822839e-05 
 7.10350000e-09  7.10350000e-09  2.50000000e+00  1.46481647e-10 -1.02823457e-05 
 7.10450000e-09  7.10450000e-09  2.50000000e+00  1.43449046e-10  1.02822851e-05 
 7.10550000e-09  7.10550000e-09  2.50000000e+00  1.40494562e-10 -1.02823445e-05 
 7.10650000e-09  7.10650000e-09  2.50000000e+00  1.37616263e-10  1.02822862e-05 
 7.10750000e-09  7.10750000e-09  2.50000000e+00  1.34812070e-10 -1.02823434e-05 
 7.10850000e-09  7.10850000e-09  2.50000000e+00  1.32079999e-10  1.02822873e-05 
 7.10950000e-09  7.10950000e-09  2.50000000e+00  1.29418220e-10 -1.02823423e-05 
 7.11050000e-09  7.11050000e-09  2.50000000e+00  1.26824947e-10  1.02822883e-05 
 7.11150000e-09  7.11150000e-09  2.50000000e+00  1.24298300e-10 -1.02823413e-05 
 7.11250000e-09  7.11250000e-09  2.50000000e+00  1.21836841e-10  1.02822893e-05 
 7.11350000e-09  7.11350000e-09  2.50000000e+00  1.19438887e-10 -1.02823404e-05 
 7.11450000e-09  7.11450000e-09  2.50000000e+00  1.17102554e-10  1.02822902e-05 
 7.11550000e-09  7.11550000e-09  2.50000000e+00  1.14826357e-10 -1.02823395e-05 
 7.11650000e-09  7.11650000e-09  2.50000000e+00  1.12608810e-10  1.02822911e-05 
 7.11750000e-09  7.11750000e-09  2.50000000e+00  1.10448328e-10 -1.02823386e-05 
 7.11850000e-09  7.11850000e-09  2.50000000e+00  1.08343424e-10  1.02822919e-05 
 7.11950000e-09  7.11950000e-09  2.50000000e+00  1.06292811e-10 -1.02823378e-05 
 7.12050000e-09  7.12050000e-09  2.50000000e+00  1.04294953e-10  1.02822927e-05 
 7.12150000e-09  7.12150000e-09  2.50000000e+00  1.02348413e-10 -1.02823370e-05 
 7.12250000e-09  7.12250000e-09  2.50000000e+00  1.00452004e-10  1.02822935e-05 
 7.12350000e-09  7.12350000e-09  2.50000000e+00  9.86044358e-11 -1.02823363e-05 
 7.12450000e-09  7.12450000e-09  2.50000000e+00  9.68044218e-11  1.02822942e-05 
 7.12550000e-09  7.12550000e-09  2.50000000e+00  9.50506738e-11 -1.02823356e-05 
 7.12650000e-09  7.12650000e-09  2.50000000e+00  9.33421516e-11  1.02822949e-05 
 7.12750000e-09  7.12750000e-09  2.50000000e+00  9.16776662e-11 -1.02823349e-05 
 7.12850000e-09  7.12850000e-09  2.50000000e+00  9.00558803e-11  1.02822955e-05 
 7.12950000e-09  7.12950000e-09  2.50000000e+00  8.84758031e-11 -1.02823343e-05 
 7.13050000e-09  7.13050000e-09  2.50000000e+00  8.69364935e-11  1.02822961e-05 
 7.13150000e-09  7.13150000e-09  2.50000000e+00  8.54369111e-11 -1.02823337e-05 
 7.13250000e-09  7.13250000e-09  2.50000000e+00  8.39759168e-11  1.02822967e-05 
 7.13350000e-09  7.13350000e-09  2.50000000e+00  8.25525198e-11 -1.02823331e-05 
 7.13450000e-09  7.13450000e-09  2.50000000e+00  8.11656798e-11  1.02822973e-05 
 7.13550000e-09  7.13550000e-09  2.50000000e+00  7.98144557e-11 -1.02823326e-05 
 7.13650000e-09  7.13650000e-09  2.50000000e+00  7.84981045e-11  1.02822978e-05 
 7.13750000e-09  7.13750000e-09  2.50000000e+00  7.72156850e-11 -1.02823321e-05 
 7.13850000e-09  7.13850000e-09  2.50000000e+00  7.59662559e-11  1.02822983e-05 
 7.13950000e-09  7.13950000e-09  2.50000000e+00  7.47488762e-11 -1.02823316e-05 
 7.14050000e-09  7.14050000e-09  2.50000000e+00  7.35628029e-11  1.02822987e-05 
 7.14150000e-09  7.14150000e-09  2.50000000e+00  7.24072928e-11 -1.02823312e-05 
 7.14250000e-09  7.14250000e-09  2.50000000e+00  7.12815039e-11  1.02822992e-05 
 7.14350000e-09  7.14350000e-09  2.50000000e+00  7.01847427e-11 -1.02823307e-05 
 7.14450000e-09  7.14450000e-09  2.50000000e+00  6.91162166e-11  1.02822996e-05 
 7.14550000e-09  7.14550000e-09  2.50000000e+00  6.80752321e-11 -1.02823303e-05 
 7.14650000e-09  7.14650000e-09  2.50000000e+00  6.70610462e-11  1.02823000e-05 
 7.14750000e-09  7.14750000e-09  2.50000000e+00  6.60729159e-11 -1.02823299e-05 
 7.14850000e-09  7.14850000e-09  2.50000000e+00  6.51102963e-11  1.02823004e-05 
 7.14950000e-09  7.14950000e-09  2.50000000e+00  6.41725435e-11 -1.02823295e-05 
 7.15050000e-09  7.15050000e-09  2.50000000e+00  6.32588647e-11  1.02823008e-05 
 7.15150000e-09  7.15150000e-09  2.50000000e+00  6.23686162e-11 -1.02823292e-05 
 7.15250000e-09  7.15250000e-09  2.50000000e+00  6.15014511e-11  1.02823011e-05 
 7.15350000e-09  7.15350000e-09  2.50000000e+00  6.06565770e-11 -1.02823289e-05 
 7.15450000e-09  7.15450000e-09  2.50000000e+00  5.98332506e-11  1.02823014e-05 
 7.15550000e-09  7.15550000e-09  2.50000000e+00  5.90311254e-11 -1.02823285e-05 
 7.15650000e-09  7.15650000e-09  2.50000000e+00  5.82496069e-11  1.02823017e-05 
 7.15750000e-09  7.15750000e-09  2.50000000e+00  5.74881502e-11 -1.02823282e-05 
 7.15850000e-09  7.15850000e-09  2.50000000e+00  5.67464085e-11  1.02823020e-05 
 7.15950000e-09  7.15950000e-09  2.50000000e+00  5.60238370e-11 -1.02823280e-05 
 7.16050000e-09  7.16050000e-09  2.50000000e+00  5.53197421e-11  1.02823023e-05 
 7.16150000e-09  7.16150000e-09  2.50000000e+00  5.46337772e-11 -1.02823277e-05 
 7.16250000e-09  7.16250000e-09  2.50000000e+00  5.39654964e-11  1.02823026e-05 
 7.16350000e-09  7.16350000e-09  2.50000000e+00  5.33145034e-11 -1.02823274e-05 
 7.16450000e-09  7.16450000e-09  2.50000000e+00  5.26803524e-11  1.02823028e-05 
 7.16550000e-09  7.16550000e-09  2.50000000e+00  5.20624985e-11 -1.02823272e-05 
 7.16650000e-09  7.16650000e-09  2.50000000e+00  5.14604464e-11  1.02823031e-05 
 7.16750000e-09  7.16750000e-09  2.50000000e+00  5.08738493e-11 -1.02823269e-05 
 7.16850000e-09  7.16850000e-09  2.50000000e+00  5.03024100e-11  1.02823033e-05 
 7.16950000e-09  7.16950000e-09  2.50000000e+00  4.97456332e-11 -1.02823267e-05 
 7.17050000e-09  7.17050000e-09  2.50000000e+00  4.92030730e-11  1.02823035e-05 
 7.17150000e-09  7.17150000e-09  2.50000000e+00  4.86744817e-11 -1.02823265e-05 
 7.17250000e-09  7.17250000e-09  2.50000000e+00  4.81596117e-11  1.02823037e-05 
 7.17350000e-09  7.17350000e-09  2.50000000e+00  4.76579182e-11 -1.02823263e-05 
 7.17450000e-09  7.17450000e-09  2.50000000e+00  4.71690542e-11  1.02823039e-05 
 7.17550000e-09  7.17550000e-09  2.50000000e+00  4.66928713e-11 -1.02823261e-05 
 7.17650000e-09  7.17650000e-09  2.50000000e+00  4.62289732e-11  1.02823041e-05 
 7.17750000e-09  7.17750000e-09  2.50000000e+00  4.57769140e-11 -1.02823259e-05 
 7.17850000e-09  7.17850000e-09  2.50000000e+00  4.53363965e-11  1.02823043e-05 
 7.17950000e-09  7.17950000e-09  2.50000000e+00  4.49073217e-11 -1.02823258e-05 
 7.18050000e-09  7.18050000e-09  2.50000000e+00  4.44893428e-11  1.02823044e-05 
 7.18150000e-09  7.18150000e-09  2.50000000e+00  4.40821625e-11 -1.02823256e-05 
 7.18250000e-09  7.18250000e-09  2.50000000e+00  4.36854343e-11  1.02823046e-05 
 7.18350000e-09  7.18350000e-09  2.50000000e+00  4.32989103e-11 -1.02823255e-05 
 7.18450000e-09  7.18450000e-09  2.50000000e+00  4.29222933e-11  1.02823047e-05 
 7.18550000e-09  7.18550000e-09  2.50000000e+00  4.25553358e-11 -1.02823253e-05 
 7.18650000e-09  7.18650000e-09  2.50000000e+00  4.21979881e-11  1.02823049e-05 
 7.18750000e-09  7.18750000e-09  2.50000000e+00  4.18498044e-11 -1.02823252e-05 
 7.18850000e-09  7.18850000e-09  2.50000000e+00  4.15104876e-11  1.02823050e-05 
 7.18950000e-09  7.18950000e-09  2.50000000e+00  4.11799385e-11 -1.02823250e-05 
 7.19050000e-09  7.19050000e-09  2.50000000e+00  4.08578599e-11  1.02823051e-05 
 7.19150000e-09  7.19150000e-09  2.50000000e+00  4.05441033e-11 -1.02823249e-05 
 7.19250000e-09  7.19250000e-09  2.50000000e+00  4.02383218e-11  1.02823053e-05 
 7.19350000e-09  7.19350000e-09  2.50000000e+00  3.99404661e-11 -1.02823248e-05 
 7.19450000e-09  7.19450000e-09  2.50000000e+00  3.96504368e-11  1.02823054e-05 
 7.19550000e-09  7.19550000e-09  2.50000000e+00  3.93678874e-11 -1.02823247e-05 
 7.19650000e-09  7.19650000e-09  2.50000000e+00  3.90925207e-11  1.02823055e-05 
 7.19750000e-09  7.19750000e-09  2.50000000e+00  3.88241384e-11 -1.02823246e-05 
 7.19850000e-09  7.19850000e-09  2.50000000e+00  3.85626415e-11  1.02823056e-05 
 7.19950000e-09  7.19950000e-09  2.50000000e+00  3.83078814e-11 -1.02823245e-05 
 7.20050000e-09  7.20050000e-09  2.50000000e+00  3.80597095e-11  1.02823057e-05 
 7.20150000e-09  7.20150000e-09  2.50000000e+00  3.78178782e-11 -1.02823244e-05 
 7.20250000e-09  7.20250000e-09  2.50000000e+00  3.75821397e-11  1.02823058e-05 
 7.20350000e-09  7.20350000e-09  2.50000000e+00  3.73525435e-11 -1.02823243e-05 
 7.20450000e-09  7.20450000e-09  2.50000000e+00  3.71289907e-11  1.02823059e-05 
 7.20550000e-09  7.20550000e-09  2.50000000e+00  3.69111839e-11 -1.02823242e-05 
 7.20650000e-09  7.20650000e-09  2.50000000e+00  3.66990738e-11  1.02823060e-05 
 7.20750000e-09  7.20750000e-09  2.50000000e+00  3.64923629e-11 -1.02823241e-05 
 7.20850000e-09  7.20850000e-09  2.50000000e+00  3.62908038e-11  1.02823060e-05 
 7.20950000e-09  7.20950000e-09  2.50000000e+00  3.60945449e-11 -1.02823241e-05 
 7.21050000e-09  7.21050000e-09  2.50000000e+00  3.59034377e-11  1.02823061e-05 
 7.21150000e-09  7.21150000e-09  2.50000000e+00  3.57171849e-11 -1.02823240e-05 
 7.21250000e-09  7.21250000e-09  2.50000000e+00  3.55357866e-11  1.02823062e-05 
 7.21350000e-09  7.21350000e-09  2.50000000e+00  3.53589951e-11 -1.02823239e-05 
 7.21450000e-09  7.21450000e-09  2.50000000e+00  3.51867113e-11  1.02823063e-05 
 7.21550000e-09  7.21550000e-09  2.50000000e+00  3.50188857e-11 -1.02823238e-05 
 7.21650000e-09  7.21650000e-09  2.50000000e+00  3.48554192e-11  1.02823063e-05 
 7.21750000e-09  7.21750000e-09  2.50000000e+00  3.46960641e-11 -1.02823238e-05 
 7.21850000e-09  7.21850000e-09  2.50000000e+00  3.45408205e-11  1.02823064e-05 
 7.21925000e-09  7.21925000e-09  2.50000000e+00  3.44269897e-11 -1.02823237e-05 
 7.22000000e-09  7.22000000e-09  2.50000000e+00  3.43152872e-11  1.02823064e-05 
 7.22010000e-09  7.22010000e-09  2.48750000e+00 -2.77353500e-06 -7.07578008e-04 
 7.22030000e-09  7.22030000e-09  2.46250000e+00 -8.24031320e-06 -6.69724887e-04 
 7.22070000e-09  7.22070000e-09  2.41250000e+00 -1.87053302e-05 -6.31259762e-04 
 7.22150000e-09  7.22150000e-09  2.31250000e+00 -3.78764430e-05 -5.93327724e-04 
 7.22250000e-09  7.22250000e-09  2.18750000e+00 -5.88259536e-05 -6.44425678e-04 
 7.22350000e-09  7.22350000e-09  2.06250000e+00 -7.68001519e-05 -6.68895472e-04 
 7.22450000e-09  7.22450000e-09  1.93750000e+00 -9.17506472e-05 -6.83455949e-04 
 7.22550000e-09  7.22550000e-09  1.81250000e+00 -1.02887294e-04 -6.80131034e-04 
 7.22650000e-09  7.22650000e-09  1.68750000e+00 -1.09197548e-04 -7.08526851e-04 
 7.22750000e-09  7.22750000e-09  1.56250000e+00 -1.09806697e-04 -7.19082479e-04 
 7.22850000e-09  7.22850000e-09  1.43750000e+00 -1.03953146e-04 -7.61237685e-04 
 7.22950000e-09  7.22950000e-09  1.31250000e+00 -9.09648609e-05 -7.85246822e-04 
 7.23050000e-09  7.23050000e-09  1.18750000e+00 -7.02365737e-05 -8.40344370e-04 
 7.23150000e-09  7.23150000e-09  1.06250000e+00 -4.12070730e-05 -8.76551139e-04 
 7.23250000e-09  7.23250000e-09  9.37500000e-01 -3.33542299e-06 -9.42825344e-04 
 7.23350000e-09  7.23350000e-09  8.12500000e-01  4.39265496e-05 -9.88833148e-04 
 7.23450000e-09  7.23450000e-09  6.87500000e-01  1.01175630e-04 -1.06296485e-03 
 7.23550000e-09  7.23550000e-09  5.62500000e-01  1.69187734e-04 -1.11312886e-03 
 7.23650000e-09  7.23650000e-09  4.37500000e-01  2.54426659e-04 -1.11780471e-03 
 7.23750000e-09  7.23750000e-09  3.12500000e-01  3.57035612e-04 -1.16766517e-03 
 7.23850000e-09  7.23850000e-09  1.87500000e-01  4.70932305e-04 -1.24992831e-03 
 7.23925000e-09  7.23925000e-09  9.37500000e-02  5.64163805e-04 -1.28378036e-03 
 7.24000000e-09  7.24000000e-09  3.41948692e-14  6.64451412e-04 -1.34878400e-03 
 7.24010000e-09  7.24010000e-09  0.00000000e+00  6.79915402e-04 -7.14046398e-04 
 7.24030000e-09  7.24030000e-09  0.00000000e+00  7.10488884e-04 -7.09961646e-04 
 7.24070000e-09  7.24070000e-09  0.00000000e+00  7.69284134e-04 -7.09317291e-04 
 7.24150000e-09  7.24150000e-09  0.00000000e+00  8.77743392e-04 -7.03690047e-04 
 7.24250000e-09  7.24250000e-09  0.00000000e+00  9.97450665e-04 -7.01528224e-04 
 7.24350000e-09  7.24350000e-09  0.00000000e+00  1.10119678e-03 -6.96095099e-04 
 7.24450000e-09  7.24450000e-09  0.00000000e+00  1.19067472e-03 -6.95037695e-04 
 7.24550000e-09  7.24550000e-09  0.00000000e+00  1.26741629e-03 -6.90632613e-04 
 7.24650000e-09  7.24650000e-09  0.00000000e+00  1.33280739e-03 -6.90529918e-04 
 7.24750000e-09  7.24750000e-09  0.00000000e+00  1.38810142e-03 -6.87012698e-04 
 7.24850000e-09  7.24850000e-09  0.00000000e+00  1.43445480e-03 -6.87298728e-04 
 7.24950000e-09  7.24950000e-09  0.00000000e+00  1.47238095e-03 -6.84864417e-04 
 7.25050000e-09  7.25050000e-09  0.00000000e+00  1.50124748e-03 -6.91463138e-04 
 7.25150000e-09  7.25150000e-09  0.00000000e+00  1.51997430e-03 -6.99373296e-04 
 7.25250000e-09  7.25250000e-09  0.00000000e+00  1.52764762e-03 -7.16275766e-04 
 7.25350000e-09  7.25350000e-09  0.00000000e+00  1.52350461e-03 -7.34401962e-04 
 7.25450000e-09  7.25450000e-09  0.00000000e+00  1.50691892e-03 -7.61385019e-04 
 7.25550000e-09  7.25550000e-09  0.00000000e+00  1.47738697e-03 -7.89410604e-04 
 7.25650000e-09  7.25650000e-09  0.00000000e+00  1.43451516e-03 -8.26068282e-04 
 7.25750000e-09  7.25750000e-09  0.00000000e+00  1.37800780e-03 -8.63502472e-04 
 7.25850000e-09  7.25850000e-09  0.00000000e+00  1.30765584e-03 -9.09263926e-04 
 7.25950000e-09  7.25950000e-09  0.00000000e+00  1.22332631e-03 -9.55460764e-04 
 7.26050000e-09  7.26050000e-09  0.00000000e+00  1.12495239e-03 -1.00961000e-03 
 7.26150000e-09  7.26150000e-09  0.00000000e+00  1.01252416e-03 -1.06378860e-03 
 7.26250000e-09  7.26250000e-09  0.00000000e+00  8.86079952e-04 -1.12548498e-03 
 7.26350000e-09  7.26350000e-09  0.00000000e+00  7.45698249e-04 -1.18675005e-03 
 7.26450000e-09  7.26450000e-09  0.00000000e+00  5.91490103e-04 -1.25504868e-03 
 7.26550000e-09  7.26550000e-09  0.00000000e+00  4.23592058e-04 -1.32241056e-03 
 7.26650000e-09  7.26650000e-09  0.00000000e+00  2.42159512e-04 -1.39628167e-03 
 7.26750000e-09  7.26750000e-09  0.00000000e+00  4.73604815e-05 -1.46867498e-03 
 7.26850000e-09  7.26850000e-09  0.00000000e+00 -1.60629999e-04 -1.54702169e-03 
 7.26950000e-09  7.26950000e-09  0.00000000e+00 -3.81634747e-04 -1.62332186e-03 
 7.27050000e-09  7.27050000e-09  0.00000000e+00 -6.15479838e-04 -1.70499553e-03 
 7.27150000e-09  7.27150000e-09  0.00000000e+00 -8.62000226e-04 -1.78403310e-03 
 7.27250000e-09  7.27250000e-09  0.00000000e+00 -1.12104462e-03 -1.86784621e-03 
 7.27350000e-09  7.27350000e-09  0.00000000e+00 -1.39248023e-03 -1.94841789e-03 
 7.27450000e-09  7.27450000e-09  0.00000000e+00 -1.67619740e-03 -2.03315313e-03 
 7.27550000e-09  7.27550000e-09  0.00000000e+00 -1.97211431e-03 -2.11402889e-03 
 7.27650000e-09  7.27650000e-09  0.00000000e+00 -2.28017591e-03 -2.19846446e-03 
 7.27750000e-09  7.27750000e-09  0.00000000e+00 -2.60034840e-03 -2.27846913e-03 
 7.27850000e-09  7.27850000e-09  0.00000000e+00 -2.93262771e-03 -2.36144923e-03 
 7.27950000e-09  7.27950000e-09  0.00000000e+00 -3.27705280e-03 -2.43938341e-03 
 7.28050000e-09  7.28050000e-09  0.00000000e+00 -3.63371099e-03 -2.51967294e-03 
 7.28150000e-09  7.28150000e-09  0.00000000e+00 -4.00274375e-03 -2.59429044e-03 
 7.28250000e-09  7.28250000e-09  0.00000000e+00 -4.38435313e-03 -2.67062934e-03 
 7.28350000e-09  7.28350000e-09  0.00000000e+00 -4.77880911e-03 -2.74065207e-03 
 7.28450000e-09  7.28450000e-09  0.00000000e+00 -5.18645804e-03 -2.81173882e-03 
 7.28550000e-09  7.28550000e-09  0.00000000e+00 -5.60773264e-03 -2.87583489e-03 
 7.28650000e-09  7.28650000e-09  0.00000000e+00 -6.04316382e-03 -2.94029841e-03 
 7.28750000e-09  7.28750000e-09  0.00000000e+00 -6.49339507e-03 -2.99704644e-03 
 7.28850000e-09  7.28850000e-09  0.00000000e+00 -6.95920011e-03 -3.05340102e-03 
 7.28950000e-09  7.28950000e-09  0.00000000e+00 -7.44150497e-03 -3.10123303e-03 
 7.29050000e-09  7.29050000e-09  0.00000000e+00 -7.94141599e-03 -3.14780523e-03 
 7.29150000e-09  7.29150000e-09  0.00000000e+00 -8.45885199e-03 -3.18983013e-03 
 7.29250000e-09  7.29250000e-09  0.00000000e+00 -8.98440463e-03 -3.26356441e-03 
 7.29350000e-09  7.29350000e-09  0.00000000e+00 -9.50951113e-03 -3.33317360e-03 
 7.29450000e-09  7.29450000e-09  0.00000000e+00 -1.00351313e-02 -3.40444005e-03 
 7.29550000e-09  7.29550000e-09  0.00000000e+00 -1.05623548e-02 -3.47159685e-03 
 7.29650000e-09  7.29650000e-09  0.00000000e+00 -1.10924900e-02 -3.54041243e-03 
 7.29750000e-09  7.29750000e-09  0.00000000e+00 -1.16271786e-02 -3.60517340e-03 
 7.29850000e-09  7.29850000e-09  0.00000000e+00 -1.21685895e-02 -3.67172162e-03 
 7.29950000e-09  7.29950000e-09  0.00000000e+00 -1.27197714e-02 -3.73444974e-03 
 7.30050000e-09  7.30050000e-09  0.00000000e+00 -1.32854921e-02 -3.79928456e-03 
 7.30150000e-09  7.30150000e-09  0.00000000e+00 -1.38739583e-02 -3.86099609e-03 
 7.30250000e-09  7.30250000e-09  0.00000000e+00 -1.44931137e-02 -3.93117922e-03 
 7.30350000e-09  7.30350000e-09  0.00000000e+00 -1.51342189e-02 -4.01483560e-03 
 7.30450000e-09  7.30450000e-09  0.00000000e+00 -1.57844051e-02 -4.10231375e-03 
 7.30550000e-09  7.30550000e-09  0.00000000e+00 -1.64417376e-02 -4.18754682e-03 
 7.30650000e-09  7.30650000e-09  0.00000000e+00 -1.71044869e-02 -4.27639067e-03 
 7.30750000e-09  7.30750000e-09  0.00000000e+00 -1.77711486e-02 -4.36264984e-03 
 7.30850000e-09  7.30850000e-09  0.00000000e+00 -1.84404234e-02 -4.45219821e-03 
 7.30950000e-09  7.30950000e-09  0.00000000e+00 -1.91111990e-02 -4.53885838e-03 
 7.31050000e-09  7.31050000e-09  0.00000000e+00 -1.97847951e-02 -4.61916209e-03 
 7.31150000e-09  7.31150000e-09  0.00000000e+00 -2.04576143e-02 -4.70237449e-03 
 7.31250000e-09  7.31250000e-09  0.00000000e+00 -2.11146863e-02 -4.80771964e-03 
 7.31350000e-09  7.31350000e-09  0.00000000e+00 -2.17369663e-02 -4.93039056e-03 
 7.31450000e-09  7.31450000e-09  0.00000000e+00 -2.23055260e-02 -5.07741280e-03 
 7.31550000e-09  7.31550000e-09  0.00000000e+00 -2.28015379e-02 -5.24386982e-03 
 7.31650000e-09  7.31650000e-09  0.00000000e+00 -2.32062574e-02 -5.43667342e-03 
 7.31750000e-09  7.31750000e-09  0.00000000e+00 -2.35010061e-02 -5.65078956e-03 
 7.31850000e-09  7.31850000e-09  0.00000000e+00 -2.36671534e-02 -5.89300926e-03 
 7.31950000e-09  7.31950000e-09  0.00000000e+00 -2.36860983e-02 -6.15817488e-03 
 7.32050000e-09  7.32050000e-09  0.00000000e+00 -2.35392489e-02 -6.45295139e-03 
 7.32150000e-09  7.32150000e-09  0.00000000e+00 -2.32080022e-02 -6.77205299e-03 
 7.32250000e-09  7.32250000e-09  0.00000000e+00 -2.26737212e-02 -7.12201475e-03 
 7.32350000e-09  7.32350000e-09  0.00000000e+00 -2.19177235e-02 -7.49788530e-03 
 7.32450000e-09  7.32450000e-09  0.00000000e+00 -2.09213389e-02 -7.90559301e-03 
 7.32550000e-09  7.32550000e-09  0.00000000e+00 -1.96658462e-02 -8.33955774e-03 
 7.32650000e-09  7.32650000e-09  0.00000000e+00 -1.81323225e-02 -8.80607658e-03 
 7.32750000e-09  7.32750000e-09  0.00000000e+00 -1.63009722e-02 -9.29907948e-03 
 7.32850000e-09  7.32850000e-09  0.00000000e+00 -1.41505265e-02 -9.82058207e-03 
 7.32950000e-09  7.32950000e-09  0.00000000e+00 -1.16596665e-02 -1.03630891e-02 
 7.33050000e-09  7.33050000e-09  0.00000000e+00 -8.80794367e-03 -1.09322858e-02 
 7.33150000e-09  7.33150000e-09  0.00000000e+00 -5.57533300e-03 -1.15218509e-02 
 7.33250000e-09  7.33250000e-09  0.00000000e+00 -1.94222762e-03 -1.21371735e-02 
 7.33350000e-09  7.33350000e-09  0.00000000e+00  2.11053941e-03 -1.27716668e-02 
 7.33450000e-09  7.33450000e-09  0.00000000e+00  6.60147431e-03 -1.34305007e-02 
 7.33550000e-09  7.33550000e-09  0.00000000e+00  1.15483762e-02 -1.41068731e-02 
 7.33650000e-09  7.33650000e-09  0.00000000e+00  1.69685247e-02 -1.48057327e-02 
 7.33750000e-09  7.33750000e-09  0.00000000e+00  2.28787320e-02 -1.55200924e-02 
 7.33850000e-09  7.33850000e-09  0.00000000e+00  2.92953676e-02 -1.62547399e-02 
 7.33950000e-09  7.33950000e-09  0.00000000e+00  3.62343889e-02 -1.70025483e-02 
 7.34050000e-09  7.34050000e-09  0.00000000e+00  4.37113782e-02 -1.77681860e-02 
 7.34150000e-09  7.34150000e-09  0.00000000e+00  5.17415860e-02 -1.85444274e-02 
 7.34250000e-09  7.34250000e-09  0.00000000e+00  6.03399811e-02 -1.93358630e-02 
 7.34350000e-09  7.34350000e-09  0.00000000e+00  6.95213078e-02 -2.01352096e-02 
 7.34450000e-09  7.34450000e-09  0.00000000e+00  7.93001521e-02 -2.09470214e-02 
 7.34550000e-09  7.34550000e-09  0.00000000e+00  8.96910163e-02 -2.17640001e-02 
 7.34650000e-09  7.34650000e-09  0.00000000e+00  1.00708404e-01 -2.25907069e-02 
 7.34750000e-09  7.34750000e-09  0.00000000e+00  1.12366919e-01 -2.34198741e-02 
 7.34850000e-09  7.34850000e-09  0.00000000e+00  1.24681376e-01 -2.42561189e-02 
 7.34950000e-09  7.34950000e-09  0.00000000e+00  1.37666931e-01 -2.50922581e-02 
 7.35050000e-09  7.35050000e-09  0.00000000e+00  1.51339234e-01 -2.59330264e-02 
 7.35150000e-09  7.35150000e-09  0.00000000e+00  1.65714609e-01 -2.67713971e-02 
 7.35250000e-09  7.35250000e-09  0.00000000e+00  1.80810270e-01 -2.76123104e-02 
 7.35350000e-09  7.35350000e-09  0.00000000e+00  1.96644586e-01 -2.84490081e-02 
 7.35450000e-09  7.35450000e-09  0.00000000e+00  2.13237410e-01 -2.92867827e-02 
 7.35550000e-09  7.35550000e-09  0.00000000e+00  2.30610495e-01 -3.01193437e-02 
 7.35650000e-09  7.35650000e-09  0.00000000e+00  2.48788047e-01 -3.09526162e-02 
 7.35750000e-09  7.35750000e-09  0.00000000e+00  2.67797450e-01 -3.17811857e-02 
 7.35850000e-09  7.35850000e-09  0.00000000e+00  2.87670284e-01 -3.26122253e-02 
 7.35950000e-09  7.35950000e-09  0.00000000e+00  3.08443781e-01 -3.34421603e-02 
 7.36050000e-09  7.36050000e-09  0.00000000e+00  3.30162990e-01 -3.42809894e-02 
 7.36150000e-09  7.36150000e-09  0.00000000e+00  3.52884205e-01 -3.51296992e-02 
 7.36250000e-09  7.36250000e-09  0.00000000e+00  3.76680670e-01 -3.60061171e-02 
 7.36350000e-09  7.36350000e-09  0.00000000e+00  4.01652906e-01 -3.69257766e-02 
 7.36450000e-09  7.36450000e-09  0.00000000e+00  4.27951981e-01 -3.79402303e-02 
 7.36550000e-09  7.36550000e-09  0.00000000e+00  4.55626539e-01 -3.88580959e-02 
 7.36650000e-09  7.36650000e-09  0.00000000e+00  4.84560560e-01 -3.96816255e-02 
 7.36750000e-09  7.36750000e-09  0.00000000e+00  5.14666455e-01 -4.04898745e-02 
 7.36850000e-09  7.36850000e-09  0.00000000e+00  5.45903916e-01 -4.12739123e-02 
 7.36950000e-09  7.36950000e-09  0.00000000e+00  5.78233378e-01 -4.20418080e-02 
 7.37050000e-09  7.37050000e-09  0.00000000e+00  6.11616032e-01 -4.27847933e-02 
 7.37150000e-09  7.37150000e-09  0.00000000e+00  6.46013850e-01 -4.35110894e-02 
 7.37250000e-09  7.37250000e-09  0.00000000e+00  6.81389594e-01 -4.42120704e-02 
 7.37350000e-09  7.37350000e-09  0.00000000e+00  7.17706834e-01 -4.48960906e-02 
 7.37450000e-09  7.37450000e-09  0.00000000e+00  7.54929954e-01 -4.55546472e-02 
 7.37550000e-09  7.37550000e-09  0.00000000e+00  7.93024658e-01 -4.61944654e-02 
 7.37650000e-09  7.37650000e-09  0.00000000e+00  8.31957114e-01 -4.68110182e-02 
 7.37750000e-09  7.37750000e-09  0.00000000e+00  8.71693812e-01 -4.74107136e-02 
 7.37850000e-09  7.37850000e-09  0.00000000e+00  9.12202438e-01 -4.79852429e-02 
 7.37950000e-09  7.37950000e-09  0.00000000e+00  9.53451514e-01 -4.85432522e-02 
 7.38050000e-09  7.38050000e-09  0.00000000e+00  9.95410396e-01 -4.90765060e-02 
 7.38150000e-09  7.38150000e-09  0.00000000e+00  1.03804927e+00 -4.95937159e-02 
 7.38250000e-09  7.38250000e-09  0.00000000e+00  1.08121341e+00 -4.98989416e-02 
 7.38350000e-09  7.38350000e-09  0.00000000e+00  1.12457455e+00 -4.98982213e-02 
 7.38450000e-09  7.38450000e-09  0.00000000e+00  1.16787351e+00 -4.97529520e-02 
 7.38550000e-09  7.38550000e-09  0.00000000e+00  1.21097321e+00 -4.94821517e-02 
 7.38650000e-09  7.38650000e-09  0.00000000e+00  1.25375412e+00 -4.90991679e-02 
 7.38750000e-09  7.38750000e-09  0.00000000e+00  1.29610833e+00 -4.86135642e-02 
 7.38850000e-09  7.38850000e-09  0.00000000e+00  1.33794107e+00 -4.80403162e-02 
 7.38950000e-09  7.38950000e-09  0.00000000e+00  1.37916949e+00 -4.73868484e-02 
 7.39050000e-09  7.39050000e-09  0.00000000e+00  1.41972165e+00 -4.66661986e-02 
 7.39150000e-09  7.39150000e-09  0.00000000e+00  1.45953548e+00 -4.58840321e-02 
 7.39250000e-09  7.39250000e-09  0.00000000e+00  1.49855794e+00 -4.50514565e-02 
 7.39350000e-09  7.39350000e-09  0.00000000e+00  1.53674416e+00 -4.41729471e-02 
 7.39450000e-09  7.39450000e-09  0.00000000e+00  1.57405679e+00 -4.32586831e-02 
 7.39550000e-09  7.39550000e-09  0.00000000e+00  1.61046524e+00 -4.23116450e-02 
 7.39650000e-09  7.39650000e-09  0.00000000e+00  1.64594504e+00 -4.13407912e-02 
 7.39750000e-09  7.39750000e-09  0.00000000e+00  1.68047729e+00 -4.03480655e-02 
 7.39850000e-09  7.39850000e-09  0.00000000e+00  1.71404809e+00 -3.93414707e-02 
 7.39950000e-09  7.39950000e-09  0.00000000e+00  1.74664809e+00 -3.83220698e-02 
 7.40050000e-09  7.40050000e-09  0.00000000e+00  1.77827201e+00 -3.72970528e-02 
 7.40150000e-09  7.40150000e-09  0.00000000e+00  1.80891825e+00 -3.62667318e-02 
 7.40250000e-09  7.40250000e-09  0.00000000e+00  1.83858850e+00 -3.52376039e-02 
 7.40350000e-09  7.40350000e-09  0.00000000e+00  1.86728737e+00 -3.42093414e-02 
 7.40450000e-09  7.40450000e-09  0.00000000e+00  1.89502210e+00 -3.31878500e-02 
 7.40550000e-09  7.40550000e-09  0.00000000e+00  1.92180221e+00 -3.21722554e-02 
 7.40650000e-09  7.40650000e-09  0.00000000e+00  1.94763930e+00 -3.11679588e-02 
 7.40750000e-09  7.40750000e-09  0.00000000e+00  1.97254673e+00 -3.01736194e-02 
 7.40850000e-09  7.40850000e-09  0.00000000e+00  1.99653941e+00 -2.91942072e-02 
 7.40950000e-09  7.40950000e-09  0.00000000e+00  2.01963363e+00 -2.82279831e-02 
 7.41050000e-09  7.41050000e-09  0.00000000e+00  2.04184680e+00 -2.72795488e-02 
 7.41150000e-09  7.41150000e-09  0.00000000e+00  2.06319732e+00 -2.63468251e-02 
 7.41250000e-09  7.41250000e-09  0.00000000e+00  2.08370442e+00 -2.54340990e-02 
 7.41350000e-09  7.41350000e-09  0.00000000e+00  2.10338798e+00 -2.45390009e-02 
 7.41450000e-09  7.41450000e-09  0.00000000e+00  2.12226842e+00 -2.36655495e-02 
 7.41550000e-09  7.41550000e-09  0.00000000e+00  2.14036661e+00 -2.28111270e-02 
 7.41650000e-09  7.41650000e-09  0.00000000e+00  2.15770369e+00 -2.19795236e-02 
 7.41750000e-09  7.41750000e-09  0.00000000e+00  2.17430104e+00 -2.11679103e-02 
 7.41850000e-09  7.41850000e-09  0.00000000e+00  2.19018016e+00 -2.03798825e-02 
 7.41950000e-09  7.41950000e-09  0.00000000e+00  2.20536259e+00 -1.96124319e-02 
 7.42050000e-09  7.42050000e-09  0.00000000e+00  2.21986984e+00 -1.88689886e-02 
 7.42150000e-09  7.42150000e-09  0.00000000e+00  2.23372335e+00 -1.81463926e-02 
 7.42250000e-09  7.42250000e-09  0.00000000e+00  2.24694439e+00 -1.74479346e-02 
 7.42350000e-09  7.42350000e-09  0.00000000e+00  2.25955405e+00 -1.67703266e-02 
 7.42450000e-09  7.42450000e-09  0.00000000e+00  2.27157319e+00 -1.61167422e-02 
 7.42550000e-09  7.42550000e-09  0.00000000e+00  2.28302742e+00 -1.54924114e-02 
 7.42650000e-09  7.42650000e-09  0.00000000e+00  2.29393192e+00 -1.48749504e-02 
 7.42750000e-09  7.42750000e-09  0.00000000e+00  2.30430282e+00 -1.42865903e-02 
 7.42850000e-09  7.42850000e-09  0.00000000e+00  2.31416698e+00 -1.37210899e-02 
 7.42950000e-09  7.42950000e-09  0.00000000e+00  2.32354542e+00 -1.31747935e-02 
 7.43050000e-09  7.43050000e-09  0.00000000e+00  2.33245864e+00 -1.26504753e-02 
 7.43150000e-09  7.43150000e-09  0.00000000e+00  2.34092664e+00 -1.21444312e-02 
 7.43250000e-09  7.43250000e-09  0.00000000e+00  2.34896885e+00 -1.16593951e-02 
 7.43350000e-09  7.43350000e-09  0.00000000e+00  2.35660416e+00 -1.11916295e-02 
 7.43450000e-09  7.43450000e-09  0.00000000e+00  2.36385088e+00 -1.07438416e-02 
 7.43550000e-09  7.43550000e-09  0.00000000e+00  2.37072676e+00 -1.03122734e-02 
 7.43650000e-09  7.43650000e-09  0.00000000e+00  2.37724895e+00 -9.89961720e-03 
 7.43750000e-09  7.43750000e-09  0.00000000e+00  2.38343405e+00 -9.50210545e-03 
 7.43850000e-09  7.43850000e-09  0.00000000e+00  2.38929804e+00 -9.12242539e-03 
 7.43950000e-09  7.43950000e-09  0.00000000e+00  2.39485635e+00 -8.75680891e-03 
 7.44050000e-09  7.44050000e-09  0.00000000e+00  2.40012383e+00 -8.40794663e-03 
 7.44150000e-09  7.44150000e-09  0.00000000e+00  2.40511476e+00 -8.07207736e-03 
 7.44250000e-09  7.44250000e-09  0.00000000e+00  2.40984284e+00 -7.75190183e-03 
 7.44350000e-09  7.44350000e-09  0.00000000e+00  2.41432125e+00 -7.44367182e-03 
 7.44450000e-09  7.44450000e-09  0.00000000e+00  2.41856261e+00 -7.15010357e-03 
 7.44550000e-09  7.44550000e-09  0.00000000e+00  2.42257900e+00 -6.86746659e-03 
 7.44650000e-09  7.44650000e-09  0.00000000e+00  2.42638200e+00 -6.59849679e-03 
 7.44750000e-09  7.44750000e-09  0.00000000e+00  2.42998267e+00 -6.33948504e-03 
 7.44850000e-09  7.44850000e-09  0.00000000e+00  2.43339157e+00 -6.09319002e-03 
 7.44950000e-09  7.44950000e-09  0.00000000e+00  2.43661879e+00 -5.85592656e-03 
 7.45050000e-09  7.45050000e-09  0.00000000e+00  2.43967395e+00 -5.63047829e-03 
 7.45150000e-09  7.45150000e-09  0.00000000e+00  2.44256624e+00 -5.41318575e-03 
 7.45250000e-09  7.45250000e-09  0.00000000e+00  2.44530436e+00 -5.20685889e-03 
 7.45350000e-09  7.45350000e-09  0.00000000e+00  2.44789665e+00 -5.00786499e-03 
 7.45450000e-09  7.45450000e-09  0.00000000e+00  2.45035099e+00 -4.81904100e-03 
 7.45550000e-09  7.45550000e-09  0.00000000e+00  2.45267491e+00 -4.63678134e-03 
 7.45650000e-09  7.45650000e-09  0.00000000e+00  2.45487553e+00 -4.46395011e-03 
 7.45750000e-09  7.45750000e-09  0.00000000e+00  2.45695962e+00 -4.29696877e-03 
 7.45850000e-09  7.45850000e-09  0.00000000e+00  2.45893361e+00 -4.13872825e-03 
 7.45950000e-09  7.45950000e-09  0.00000000e+00  2.46080360e+00 -3.98567652e-03 
 7.46050000e-09  7.46050000e-09  0.00000000e+00  2.46257533e+00 -3.84073067e-03 
 7.46150000e-09  7.46150000e-09  0.00000000e+00  2.46425430e+00 -3.70036438e-03 
 7.46250000e-09  7.46250000e-09  0.00000000e+00  2.46584565e+00 -3.56751992e-03 
 7.46350000e-09  7.46350000e-09  0.00000000e+00  2.46735429e+00 -3.43869562e-03 
 7.46450000e-09  7.46450000e-09  0.00000000e+00  2.46878485e+00 -3.31685777e-03 
 7.46550000e-09  7.46550000e-09  0.00000000e+00  2.47014170e+00 -3.19852808e-03 
 7.46650000e-09  7.46650000e-09  0.00000000e+00  2.47142897e+00 -3.08669559e-03 
 7.46750000e-09  7.46750000e-09  0.00000000e+00  2.47265056e+00 -2.97790404e-03 
 7.46850000e-09  7.46850000e-09  0.00000000e+00  2.47381017e+00 -2.87516379e-03 
 7.46950000e-09  7.46950000e-09  0.00000000e+00  2.47491126e+00 -2.77503920e-03 
 7.47050000e-09  7.47050000e-09  0.00000000e+00  2.47595713e+00 -2.68056051e-03 
 7.47150000e-09  7.47150000e-09  0.00000000e+00  2.47695086e+00 -2.58831123e-03 
 7.47250000e-09  7.47250000e-09  0.00000000e+00  2.47789538e+00 -2.50134004e-03 
 7.47350000e-09  7.47350000e-09  0.00000000e+00  2.47879344e+00 -2.41624816e-03 
 7.47450000e-09  7.47450000e-09  0.00000000e+00  2.47964762e+00 -2.33610125e-03 
 7.47550000e-09  7.47550000e-09  0.00000000e+00  2.48046038e+00 -2.25751681e-03 
 7.47650000e-09  7.47650000e-09  0.00000000e+00  2.48123401e+00 -2.18357611e-03 
 7.47750000e-09  7.47750000e-09  0.00000000e+00  2.48197069e+00 -2.11091155e-03 
 7.47850000e-09  7.47850000e-09  0.00000000e+00  2.48267261e+00 -2.04253850e-03 
 7.47950000e-09  7.47950000e-09  0.00000000e+00  2.48334182e+00 -1.97492273e-03 
 7.48050000e-09  7.48050000e-09  0.00000000e+00  2.48398030e+00 -1.91082282e-03 
 7.48150000e-09  7.48150000e-09  0.00000000e+00  2.48458992e+00 -1.84754189e-03 
 7.48250000e-09  7.48250000e-09  0.00000000e+00  2.48517217e+00 -1.78821866e-03 
 7.48350000e-09  7.48350000e-09  0.00000000e+00  2.48572845e+00 -1.72951138e-03 
 7.48450000e-09  7.48450000e-09  0.00000000e+00  2.48626007e+00 -1.67456706e-03 
 7.48550000e-09  7.48550000e-09  0.00000000e+00  2.48676828e+00 -1.62005269e-03 
 7.48650000e-09  7.48650000e-09  0.00000000e+00  2.48725429e+00 -1.56912370e-03 
 7.48750000e-09  7.48750000e-09  0.00000000e+00  2.48771919e+00 -1.51845515e-03 
 7.48850000e-09  7.48850000e-09  0.00000000e+00  2.48816405e+00 -1.47121018e-03 
 7.48950000e-09  7.48950000e-09  0.00000000e+00  2.48858988e+00 -1.42407125e-03 
 7.49050000e-09  7.49050000e-09  0.00000000e+00  2.48899762e+00 -1.38020858e-03 
 7.49150000e-09  7.49150000e-09  0.00000000e+00  2.48938816e+00 -1.33631137e-03 
 7.49250000e-09  7.49250000e-09  0.00000000e+00  2.48976236e+00 -1.29555633e-03 
 7.49350000e-09  7.49350000e-09  0.00000000e+00  2.49012101e+00 -1.25463883e-03 
 7.49450000e-09  7.49450000e-09  0.00000000e+00  2.49046488e+00 -1.21674144e-03 
 7.49550000e-09  7.49550000e-09  0.00000000e+00  2.49079467e+00 -1.17856517e-03 
 7.49650000e-09  7.49650000e-09  0.00000000e+00  2.49111108e+00 -1.14329794e-03 
 7.49750000e-09  7.49750000e-09  0.00000000e+00  2.49141473e+00 -1.10764585e-03 
 7.49850000e-09  7.49850000e-09  0.00000000e+00  2.49170625e+00 -1.07480170e-03 
 7.49950000e-09  7.49950000e-09  0.00000000e+00  2.49198620e+00 -1.04147622e-03 
 7.50050000e-09  7.50050000e-09  0.00000000e+00  2.49225512e+00 -1.01086661e-03 
 7.50150000e-09  7.50150000e-09  0.00000000e+00  2.49251354e+00 -9.79687789e-04 
 7.50250000e-09  7.50250000e-09  0.00000000e+00  2.49276193e+00 -9.51140965e-04 
 7.50350000e-09  7.50350000e-09  0.00000000e+00  2.49300077e+00 -9.21944858e-04 
 7.50450000e-09  7.50450000e-09  0.00000000e+00  2.49323048e+00 -8.95304281e-04 
 7.50550000e-09  7.50550000e-09  0.00000000e+00  2.49345149e+00 -8.67941395e-04 
 7.50650000e-09  7.50650000e-09  0.00000000e+00  2.49366418e+00 -8.43064283e-04 
 7.50750000e-09  7.50750000e-09  0.00000000e+00  2.49386893e+00 -8.17398213e-04 
 7.50850000e-09  7.50850000e-09  0.00000000e+00  2.49406609e+00 -7.94154225e-04 
 7.50950000e-09  7.50950000e-09  0.00000000e+00  2.49425600e+00 -7.70060398e-04 
 7.51050000e-09  7.51050000e-09  0.00000000e+00  2.49443897e+00 -7.48330443e-04 
 7.51150000e-09  7.51150000e-09  0.00000000e+00  2.49461530e+00 -7.25694981e-04 
 7.51250000e-09  7.51250000e-09  0.00000000e+00  2.49478528e+00 -7.05370139e-04 
 7.51350000e-09  7.51350000e-09  0.00000000e+00  2.49494918e+00 -6.84088835e-04 
 7.51450000e-09  7.51450000e-09  0.00000000e+00  2.49510726e+00 -6.65069380e-04 
 7.51550000e-09  7.51550000e-09  0.00000000e+00  2.49525976e+00 -6.45046771e-04 
 7.51650000e-09  7.51650000e-09  0.00000000e+00  2.49540692e+00 -6.27241293e-04 
 7.51750000e-09  7.51750000e-09  0.00000000e+00  2.49554896e+00 -6.08389825e-04 
 7.51850000e-09  7.51850000e-09  0.00000000e+00  2.49568608e+00 -5.91714440e-04 
 7.51950000e-09  7.51950000e-09  0.00000000e+00  2.49581849e+00 -5.73953717e-04 
 7.52050000e-09  7.52050000e-09  0.00000000e+00  2.49594637e+00 -5.58331351e-04 
 7.52150000e-09  7.52150000e-09  0.00000000e+00  2.49606992e+00 -5.41587463e-04 
 7.52250000e-09  7.52250000e-09  0.00000000e+00  2.49618929e+00 -5.26947214e-04 
 7.52350000e-09  7.52350000e-09  0.00000000e+00  2.49630466e+00 -5.11152123e-04 
 7.52450000e-09  7.52450000e-09  0.00000000e+00  2.49641619e+00 -4.97428684e-04 
 7.52550000e-09  7.52550000e-09  0.00000000e+00  2.49652401e+00 -4.82519685e-04 
 7.52650000e-09  7.52650000e-09  0.00000000e+00  2.49662828e+00 -4.69652828e-04 
 7.52750000e-09  7.52750000e-09  0.00000000e+00  2.49672913e+00 -4.55572054e-04 
 7.52850000e-09  7.52850000e-09  0.00000000e+00  2.49682668e+00 -4.43506165e-04 
 7.52950000e-09  7.52950000e-09  0.00000000e+00  2.49692107e+00 -4.30200150e-04 
 7.53050000e-09  7.53050000e-09  0.00000000e+00  2.49701241e+00 -4.18883811e-04 
 7.53150000e-09  7.53150000e-09  0.00000000e+00  2.49710082e+00 -4.06303092e-04 
 7.53250000e-09  7.53250000e-09  0.00000000e+00  2.49718639e+00 -3.95688707e-04 
 7.53350000e-09  7.53350000e-09  0.00000000e+00  2.49726924e+00 -3.83787471e-04 
 7.53450000e-09  7.53450000e-09  0.00000000e+00  2.49734947e+00 -3.73830928e-04 
 7.53550000e-09  7.53550000e-09  0.00000000e+00  2.49742716e+00 -3.62566689e-04 
 7.53650000e-09  7.53650000e-09  0.00000000e+00  2.49750241e+00 -3.53227060e-04 
 7.53750000e-09  7.53750000e-09  0.00000000e+00  2.49757531e+00 -3.42560375e-04 
 7.53850000e-09  7.53850000e-09  0.00000000e+00  2.49764593e+00 -3.33799637e-04 
 7.53950000e-09  7.53950000e-09  0.00000000e+00  2.49771437e+00 -3.23693845e-04 
 7.54050000e-09  7.54050000e-09  0.00000000e+00  2.49778068e+00 -3.15476640e-04 
 7.54150000e-09  7.54150000e-09  0.00000000e+00  2.49784496e+00 -3.05897631e-04 
 7.54250000e-09  7.54250000e-09  0.00000000e+00  2.49790726e+00 -2.98191041e-04 
 7.54350000e-09  7.54350000e-09  0.00000000e+00  2.49796765e+00 -2.89107041e-04 
 7.54450000e-09  7.54450000e-09  0.00000000e+00  2.49802621e+00 -2.81880392e-04 
 7.54550000e-09  7.54550000e-09  0.00000000e+00  2.49808298e+00 -2.73261779e-04 
 7.54650000e-09  7.54650000e-09  0.00000000e+00  2.49813804e+00 -2.66486456e-04 
 7.54750000e-09  7.54750000e-09  0.00000000e+00  2.49819143e+00 -2.58305584e-04 
 7.54850000e-09  7.54850000e-09  0.00000000e+00  2.49824322e+00 -2.51954871e-04 
 7.54950000e-09  7.54950000e-09  0.00000000e+00  2.49829346e+00 -2.44185914e-04 
 7.55050000e-09  7.55050000e-09  0.00000000e+00  2.49834219e+00 -2.38234844e-04 
 7.55150000e-09  7.55150000e-09  0.00000000e+00  2.49838946e+00 -2.30853661e-04 
 7.55250000e-09  7.55250000e-09  0.00000000e+00  2.49843533e+00 -2.25278881e-04 
 7.55350000e-09  7.55350000e-09  0.00000000e+00  2.49847984e+00 -2.18262881e-04 
 7.55450000e-09  7.55450000e-09  0.00000000e+00  2.49852303e+00 -2.13042536e-04 
 7.55550000e-09  7.55550000e-09  0.00000000e+00  2.49856494e+00 -2.06370565e-04 
 7.55650000e-09  7.55650000e-09  0.00000000e+00  2.49860562e+00 -2.01484178e-04 
 7.55750000e-09  7.55750000e-09  0.00000000e+00  2.49864510e+00 -1.95136415e-04 
 7.55850000e-09  7.55850000e-09  0.00000000e+00  2.49868343e+00 -1.90564794e-04 
 7.55950000e-09  7.55950000e-09  0.00000000e+00  2.49872063e+00 -1.84522651e-04 
 7.56050000e-09  7.56050000e-09  0.00000000e+00  2.49875674e+00 -1.80247792e-04 
 7.56150000e-09  7.56150000e-09  0.00000000e+00  2.49879181e+00 -1.74493828e-04 
 7.56250000e-09  7.56250000e-09  0.00000000e+00  2.49882585e+00 -1.70498832e-04 
 7.56350000e-09  7.56350000e-09  0.00000000e+00  2.49885890e+00 -1.65016673e-04 
 7.56450000e-09  7.56450000e-09  0.00000000e+00  2.49889100e+00 -1.61285670e-04 
 7.56550000e-09  7.56550000e-09  0.00000000e+00  2.49892216e+00 -1.56059933e-04 
 7.56650000e-09  7.56650000e-09  0.00000000e+00  2.49895243e+00 -1.52578011e-04 
 7.56750000e-09  7.56750000e-09  0.00000000e+00  2.49898182e+00 -1.47594237e-04 
 7.56850000e-09  7.56850000e-09  0.00000000e+00  2.49901037e+00 -1.44347376e-04 
 7.56950000e-09  7.56950000e-09  0.00000000e+00  2.49903809e+00 -1.39591970e-04 
 7.57050000e-09  7.57050000e-09  0.00000000e+00  2.49906502e+00 -1.36566984e-04 
 7.57150000e-09  7.57150000e-09  0.00000000e+00  2.49909118e+00 -1.32027154e-04 
 7.57250000e-09  7.57250000e-09  0.00000000e+00  2.49911659e+00 -1.29211634e-04 
 7.57350000e-09  7.57350000e-09  0.00000000e+00  2.49914127e+00 -1.24875342e-04 
 7.57450000e-09  7.57450000e-09  0.00000000e+00  2.49916525e+00 -1.22257608e-04 
 7.57550000e-09  7.57550000e-09  0.00000000e+00  2.49918854e+00 -1.18113519e-04 
 7.57650000e-09  7.57650000e-09  0.00000000e+00  2.49921117e+00 -1.15682569e-04 
 7.57750000e-09  7.57750000e-09  0.00000000e+00  2.49923315e+00 -1.11720007e-04 
 7.57850000e-09  7.57850000e-09  0.00000000e+00  2.49925452e+00 -1.09465479e-04 
 7.57950000e-09  7.57950000e-09  0.00000000e+00  2.49927527e+00 -1.05674383e-04 
 7.58050000e-09  7.58050000e-09  0.00000000e+00  2.49929544e+00 -1.03586512e-04 
 7.58150000e-09  7.58150000e-09  0.00000000e+00  2.49931503e+00 -9.99574011e-05 
 7.58250000e-09  7.58250000e-09  0.00000000e+00  2.49933407e+00 -9.80269801e-05 
 7.58350000e-09  7.58350000e-09  0.00000000e+00  2.49935257e+00 -9.45509162e-05 
 7.58450000e-09  7.58450000e-09  0.00000000e+00  2.49937055e+00 -9.27692653e-05 
 7.58550000e-09  7.58550000e-09  0.00000000e+00  2.49938802e+00 -8.94378184e-05 
 7.58650000e-09  7.58650000e-09  0.00000000e+00  2.49940500e+00 -8.77967508e-05 
 7.58750000e-09  7.58750000e-09  0.00000000e+00  2.49942150e+00 -8.46019693e-05 
 7.58850000e-09  7.58850000e-09  0.00000000e+00  2.49943754e+00 -8.30937616e-05 
 7.58950000e-09  7.58950000e-09  0.00000000e+00  2.49945312e+00 -8.00281434e-05 
 7.59050000e-09  7.59050000e-09  0.00000000e+00  2.49946827e+00 -7.86455081e-05 
 7.59150000e-09  7.59150000e-09  0.00000000e+00  2.49948299e+00 -7.57019735e-05 
 7.59250000e-09  7.59250000e-09  0.00000000e+00  2.49949730e+00 -7.44380324e-05 
 7.59350000e-09  7.59350000e-09  0.00000000e+00  2.49951121e+00 -7.16098991e-05 
 7.59450000e-09  7.59450000e-09  0.00000000e+00  2.49952473e+00 -7.04581598e-05 
 7.59550000e-09  7.59550000e-09  0.00000000e+00  2.49953787e+00 -6.77391193e-05 
 7.59650000e-09  7.59650000e-09  0.00000000e+00  2.49955064e+00 -6.66934519e-05 
 7.59750000e-09  7.59750000e-09  0.00000000e+00  2.49956305e+00 -6.40775479e-05 
 7.59850000e-09  7.59850000e-09  0.00000000e+00  2.49957512e+00 -6.31321642e-05 
 7.59950000e-09  7.59950000e-09  0.00000000e+00  2.49958685e+00 -6.06137716e-05 
 7.60050000e-09  7.60050000e-09  0.00000000e+00  2.49959825e+00 -5.97632052e-05 
 7.60150000e-09  7.60150000e-09  0.00000000e+00  2.49960934e+00 -5.73370115e-05 
 7.60250000e-09  7.60250000e-09  0.00000000e+00  2.49962011e+00 -5.65760990e-05 
 7.60350000e-09  7.60350000e-09  0.00000000e+00  2.49963059e+00 -5.42370857e-05 
 7.60450000e-09  7.60450000e-09  0.00000000e+00  2.49964077e+00 -5.35609495e-05 
 7.60550000e-09  7.60550000e-09  0.00000000e+00  2.49965067e+00 -5.13043757e-05 
 7.60650000e-09  7.60650000e-09  0.00000000e+00  2.49966029e+00 -5.07084076e-05 
 7.60750000e-09  7.60750000e-09  0.00000000e+00  2.49966965e+00 -4.85297940e-05 
 7.60850000e-09  7.60850000e-09  0.00000000e+00  2.49967875e+00 -4.80096397e-05 
 7.60950000e-09  7.60950000e-09  0.00000000e+00  2.49968759e+00 -4.59047535e-05 
 7.61050000e-09  7.61050000e-09  0.00000000e+00  2.49969619e+00 -4.54562985e-05 
 7.61150000e-09  7.61150000e-09  0.00000000e+00  2.49970455e+00 -4.34211398e-05 
 7.61250000e-09  7.61250000e-09  0.00000000e+00  2.49971267e+00 -4.30404955e-05 
 7.61350000e-09  7.61350000e-09  0.00000000e+00  2.49972057e+00 -4.10712840e-05 
 7.61450000e-09  7.61450000e-09  0.00000000e+00  2.49972826e+00 -4.07547751e-05 
 7.61550000e-09  7.61550000e-09  0.00000000e+00  2.49973573e+00 -3.88479377e-05 
 7.61650000e-09  7.61650000e-09  0.00000000e+00  2.49974299e+00 -3.85920905e-05 
 7.61750000e-09  7.61750000e-09  0.00000000e+00  2.49975005e+00 -3.67442498e-05 
 7.61850000e-09  7.61850000e-09  0.00000000e+00  2.49975692e+00 -3.65457804e-05 
 7.61950000e-09  7.61950000e-09  0.00000000e+00  2.49976359e+00 -3.47537436e-05 
 7.62050000e-09  7.62050000e-09  0.00000000e+00  2.49977008e+00 -3.46095478e-05 
 7.62150000e-09  7.62150000e-09  0.00000000e+00  2.49977639e+00 -3.28702965e-05 
 7.62250000e-09  7.62250000e-09  0.00000000e+00  2.49978253e+00 -3.27774395e-05 
 7.62350000e-09  7.62350000e-09  0.00000000e+00  2.49978850e+00 -3.10881202e-05 
 7.62450000e-09  7.62450000e-09  0.00000000e+00  2.49979430e+00 -3.10438271e-05 
 7.62550000e-09  7.62550000e-09  0.00000000e+00  2.49979994e+00 -2.94017416e-05 
 7.62650000e-09  7.62650000e-09  0.00000000e+00  2.49980543e+00 -2.94033889e-05 
 7.62750000e-09  7.62750000e-09  0.00000000e+00  2.49981076e+00 -2.78059862e-05 
 7.62850000e-09  7.62850000e-09  0.00000000e+00  2.49981595e+00 -2.78510932e-05 
 7.62950000e-09  7.62950000e-09  0.00000000e+00  2.49982099e+00 -2.62959608e-05 
 7.63050000e-09  7.63050000e-09  0.00000000e+00  2.49982590e+00 -2.63821817e-05 
 7.63150000e-09  7.63150000e-09  0.00000000e+00  2.49983067e+00 -2.48670385e-05 
 7.63250000e-09  7.63250000e-09  0.00000000e+00  2.49983531e+00 -2.49921550e-05 
 7.63350000e-09  7.63350000e-09  0.00000000e+00  2.49983982e+00 -2.35148439e-05 
 7.63450000e-09  7.63450000e-09  0.00000000e+00  2.49984420e+00 -2.36767582e-05 
 7.63550000e-09  7.63550000e-09  0.00000000e+00  2.49984847e+00 -2.22352391e-05 
 7.63650000e-09  7.63650000e-09  0.00000000e+00  2.49985262e+00 -2.24319672e-05 
 7.63750000e-09  7.63750000e-09  0.00000000e+00  2.49985665e+00 -2.10243106e-05 
 7.63850000e-09  7.63850000e-09  0.00000000e+00  2.49986057e+00 -2.12539762e-05 
 7.63950000e-09  7.63950000e-09  0.00000000e+00  2.49986439e+00 -1.98783576e-05 
 7.64050000e-09  7.64050000e-09  0.00000000e+00  2.49986810e+00 -2.01391861e-05 
 7.64150000e-09  7.64150000e-09  0.00000000e+00  2.49987170e+00 -1.87938794e-05 
 7.64250000e-09  7.64250000e-09  0.00000000e+00  2.49987521e+00 -1.90841923e-05 
 7.64350000e-09  7.64350000e-09  0.00000000e+00  2.49987862e+00 -1.77675652e-05 
 7.64450000e-09  7.64450000e-09  0.00000000e+00  2.49988194e+00 -1.80857750e-05 
 7.64550000e-09  7.64550000e-09  0.00000000e+00  2.49988517e+00 -1.67962836e-05 
 7.64650000e-09  7.64650000e-09  0.00000000e+00  2.49988831e+00 -1.71408886e-05 
 7.64750000e-09  7.64750000e-09  0.00000000e+00  2.49989136e+00 -1.58770723e-05 
 7.64850000e-09  7.64850000e-09  0.00000000e+00  2.49989433e+00 -1.62465577e-05 
 7.64950000e-09  7.64950000e-09  0.00000000e+00  2.49989721e+00 -1.50071284e-05 
 7.65050000e-09  7.65050000e-09  0.00000000e+00  2.49990002e+00 -1.54003399e-05 
 7.65150000e-09  7.65150000e-09  0.00000000e+00  2.49990275e+00 -1.41838046e-05 
 7.65250000e-09  7.65250000e-09  0.00000000e+00  2.49990540e+00 -1.45993763e-05 
 7.65350000e-09  7.65350000e-09  0.00000000e+00  2.49990799e+00 -1.34045918e-05 
 7.65450000e-09  7.65450000e-09  0.00000000e+00  2.49991050e+00 -1.38413215e-05 
 7.65550000e-09  7.65550000e-09  0.00000000e+00  2.49991294e+00 -1.26671183e-05 
 7.65650000e-09  7.65650000e-09  0.00000000e+00  2.49991532e+00 -1.31238686e-05 
 7.65750000e-09  7.65750000e-09  0.00000000e+00  2.49991763e+00 -1.19691406e-05 
 7.65850000e-09  7.65850000e-09  0.00000000e+00  2.49991987e+00 -1.24448356e-05 
 7.65950000e-09  7.65950000e-09  0.00000000e+00  2.49992206e+00 -1.13085362e-05 
 7.66050000e-09  7.66050000e-09  0.00000000e+00  2.49992419e+00 -1.18021580e-05 
 7.66150000e-09  7.66150000e-09  0.00000000e+00  2.49992625e+00 -1.06832974e-05 
 7.66250000e-09  7.66250000e-09  0.00000000e+00  2.49992826e+00 -1.11938830e-05 
 7.66350000e-09  7.66350000e-09  0.00000000e+00  2.49993022e+00 -1.00915244e-05 
 7.66450000e-09  7.66450000e-09  0.00000000e+00  2.49993212e+00 -1.06181628e-05 
 7.66550000e-09  7.66550000e-09  0.00000000e+00  2.49993397e+00 -9.53142013e-06 
 7.66650000e-09  7.66650000e-09  0.00000000e+00  2.49993577e+00 -1.00732495e-05 
 7.66750000e-09  7.66750000e-09  0.00000000e+00  2.49993752e+00 -9.00128440e-06 
 7.66850000e-09  7.66850000e-09  0.00000000e+00  2.49993922e+00 -9.55748932e-06 
 7.66950000e-09  7.66950000e-09  0.00000000e+00  2.49994088e+00 -8.49950859e-06 
 7.67050000e-09  7.67050000e-09  0.00000000e+00  2.49994249e+00 -9.06931752e-06 
 7.67150000e-09  7.67150000e-09  0.00000000e+00  2.49994406e+00 -8.02457077e-06 
 7.67250000e-09  7.67250000e-09  0.00000000e+00  2.49994558e+00 -8.60725377e-06 
 7.67350000e-09  7.67350000e-09  0.00000000e+00  2.49994706e+00 -7.57503100e-06 
 7.67450000e-09  7.67450000e-09  0.00000000e+00  2.49994850e+00 -8.16989744e-06 
 7.67550000e-09  7.67550000e-09  0.00000000e+00  2.49994990e+00 -7.14952688e-06 
 7.67650000e-09  7.67650000e-09  0.00000000e+00  2.49995127e+00 -7.75592332e-06 
 7.67750000e-09  7.67750000e-09  0.00000000e+00  2.49995259e+00 -6.74676935e-06 
 7.67850000e-09  7.67850000e-09  0.00000000e+00  2.49995388e+00 -7.36407754e-06 
 7.67950000e-09  7.67950000e-09  0.00000000e+00  2.49995514e+00 -6.36553876e-06 
 7.68050000e-09  7.68050000e-09  0.00000000e+00  2.49995636e+00 -6.99317369e-06 
 7.68150000e-09  7.68150000e-09  0.00000000e+00  2.49995754e+00 -6.00468107e-06 
 7.68250000e-09  7.68250000e-09  0.00000000e+00  2.49995870e+00 -6.64208921e-06 
 7.68350000e-09  7.68350000e-09  0.00000000e+00  2.49995982e+00 -5.66310431e-06 
 7.68450000e-09  7.68450000e-09  0.00000000e+00  2.49996092e+00 -6.30976192e-06 
 7.68550000e-09  7.68550000e-09  0.00000000e+00  2.49996198e+00 -5.33977527e-06 
 7.68650000e-09  7.68650000e-09  0.00000000e+00  2.49996301e+00 -5.99518675e-06 
 7.68750000e-09  7.68750000e-09  0.00000000e+00  2.49996402e+00 -5.03371628e-06 
 7.68850000e-09  7.68850000e-09  0.00000000e+00  2.49996499e+00 -5.69741270e-06 
 7.68950000e-09  7.68950000e-09  0.00000000e+00  2.49996595e+00 -4.74400223e-06 
 7.69050000e-09  7.69050000e-09  0.00000000e+00  2.49996687e+00 -5.41553985e-06 
 7.69150000e-09  7.69150000e-09  0.00000000e+00  2.49996777e+00 -4.46975773e-06 
 7.69250000e-09  7.69250000e-09  0.00000000e+00  2.49996865e+00 -5.14871666e-06 
 7.69350000e-09  7.69350000e-09  0.00000000e+00  2.49996950e+00 -4.21015444e-06 
 7.69450000e-09  7.69450000e-09  0.00000000e+00  2.49997033e+00 -4.89613735e-06 
 7.69550000e-09  7.69550000e-09  0.00000000e+00  2.49997113e+00 -3.96440851e-06 
 7.69650000e-09  7.69650000e-09  0.00000000e+00  2.49997192e+00 -4.65703940e-06 
 7.69750000e-09  7.69750000e-09  0.00000000e+00  2.49997268e+00 -3.73177819e-06 
 7.69850000e-09  7.69850000e-09  0.00000000e+00  2.49997342e+00 -4.43070127e-06 
 7.69950000e-09  7.69950000e-09  0.00000000e+00  2.49997414e+00 -3.51156157e-06 
 7.70050000e-09  7.70050000e-09  0.00000000e+00  2.49997484e+00 -4.21644013e-06 
 7.70150000e-09  7.70150000e-09  0.00000000e+00  2.49997553e+00 -3.30309441e-06 
 7.70250000e-09  7.70250000e-09  0.00000000e+00  2.49997619e+00 -4.01360983e-06 
 7.70350000e-09  7.70350000e-09  0.00000000e+00  2.49997684e+00 -3.10574814e-06 
 7.70450000e-09  7.70450000e-09  0.00000000e+00  2.49997747e+00 -3.82159890e-06 
 7.70550000e-09  7.70550000e-09  0.00000000e+00  2.49997808e+00 -2.91892790e-06 
 7.70650000e-09  7.70650000e-09  0.00000000e+00  2.49997867e+00 -3.63982866e-06 
 7.70750000e-09  7.70750000e-09  0.00000000e+00  2.49997925e+00 -2.74207078e-06 
 7.70850000e-09  7.70850000e-09  0.00000000e+00  2.49997981e+00 -3.46775150e-06 
 7.70950000e-09  7.70950000e-09  0.00000000e+00  2.49998036e+00 -2.57464404e-06 
 7.71050000e-09  7.71050000e-09  0.00000000e+00  2.49998089e+00 -3.30484916e-06 
 7.71150000e-09  7.71150000e-09  0.00000000e+00  2.49998141e+00 -2.41614352e-06 
 7.71250000e-09  7.71250000e-09  0.00000000e+00  2.49998192e+00 -3.15063120e-06 
 7.71350000e-09  7.71350000e-09  0.00000000e+00  2.49998241e+00 -2.26609210e-06 
 7.71450000e-09  7.71450000e-09  0.00000000e+00  2.49998288e+00 -3.00463345e-06 
 7.71550000e-09  7.71550000e-09  0.00000000e+00  2.49998335e+00 -2.12403822e-06 
 7.71650000e-09  7.71650000e-09  0.00000000e+00  2.49998380e+00 -2.86641663e-06 
 7.71750000e-09  7.71750000e-09  0.00000000e+00  2.49998424e+00 -1.98955456e-06 
 7.71850000e-09  7.71850000e-09  0.00000000e+00  2.49998466e+00 -2.73556502e-06 
 7.71950000e-09  7.71950000e-09  0.00000000e+00  2.49998508e+00 -1.86223665e-06 
 7.72050000e-09  7.72050000e-09  0.00000000e+00  2.49998548e+00 -2.61168516e-06 
 7.72150000e-09  7.72150000e-09  0.00000000e+00  2.49998588e+00 -1.74170175e-06 
 7.72250000e-09  7.72250000e-09  0.00000000e+00  2.49998626e+00 -2.49440467e-06 
 7.72350000e-09  7.72350000e-09  0.00000000e+00  2.49998663e+00 -1.62758758e-06 
 7.72450000e-09  7.72450000e-09  0.00000000e+00  2.49998699e+00 -2.38337112e-06 
 7.72550000e-09  7.72550000e-09  0.00000000e+00  2.49998735e+00 -1.51955128e-06 
 7.72650000e-09  7.72650000e-09  0.00000000e+00  2.49998769e+00 -2.27825095e-06 
 7.72750000e-09  7.72750000e-09  0.00000000e+00  2.49998802e+00 -1.41726834e-06 
 7.72850000e-09  7.72850000e-09  0.00000000e+00  2.49998835e+00 -2.17872848e-06 
 7.72950000e-09  7.72950000e-09  0.00000000e+00  2.49998866e+00 -1.32043165e-06 
 7.73050000e-09  7.73050000e-09  0.00000000e+00  2.49998897e+00 -2.08450491e-06 
 7.73150000e-09  7.73150000e-09  0.00000000e+00  2.49998927e+00 -1.22875051e-06 
 7.73250000e-09  7.73250000e-09  0.00000000e+00  2.49998956e+00 -1.99529743e-06 
 7.73350000e-09  7.73350000e-09  0.00000000e+00  2.49998984e+00 -1.14194980e-06 
 7.73450000e-09  7.73450000e-09  0.00000000e+00  2.49999011e+00 -1.91083839e-06 
 7.73550000e-09  7.73550000e-09  0.00000000e+00  2.49999038e+00 -1.05976911e-06 
 7.73650000e-09  7.73650000e-09  0.00000000e+00  2.49999064e+00 -1.83087444e-06 
 7.73750000e-09  7.73750000e-09  0.00000000e+00  2.49999090e+00 -9.81961963e-07 
 7.73850000e-09  7.73850000e-09  0.00000000e+00  2.49999114e+00 -1.75516579e-06 
 7.73950000e-09  7.73950000e-09  0.00000000e+00  2.49999138e+00 -9.08295077e-07 
 7.74050000e-09  7.74050000e-09  0.00000000e+00  2.49999161e+00 -1.68348548e-06 
 7.74150000e-09  7.74150000e-09  0.00000000e+00  2.49999184e+00 -8.38547638e-07 
 7.74250000e-09  7.74250000e-09  0.00000000e+00  2.49999206e+00 -1.61561867e-06 
 7.74350000e-09  7.74350000e-09  0.00000000e+00  2.49999228e+00 -7.72510642e-07 
 7.74450000e-09  7.74450000e-09  0.00000000e+00  2.49999249e+00 -1.55136204e-06 
 7.74550000e-09  7.74550000e-09  0.00000000e+00  2.49999269e+00 -7.09986259e-07 
 7.74650000e-09  7.74650000e-09  0.00000000e+00  2.49999289e+00 -1.49052310e-06 
 7.74750000e-09  7.74750000e-09  0.00000000e+00  2.49999308e+00 -6.50787235e-07 
 7.74850000e-09  7.74850000e-09  0.00000000e+00  2.49999327e+00 -1.43291969e-06 
 7.74950000e-09  7.74950000e-09  0.00000000e+00  2.49999345e+00 -5.94736324e-07 
 7.75050000e-09  7.75050000e-09  0.00000000e+00  2.49999362e+00 -1.37837935e-06 
 7.75150000e-09  7.75150000e-09  0.00000000e+00  2.49999380e+00 -5.41665752e-07 
 7.75250000e-09  7.75250000e-09  0.00000000e+00  2.49999396e+00 -1.32673885e-06 
 7.75350000e-09  7.75350000e-09  0.00000000e+00  2.49999413e+00 -4.91416707e-07 
 7.75450000e-09  7.75450000e-09  0.00000000e+00  2.49999429e+00 -1.27784368e-06 
 7.75550000e-09  7.75550000e-09  0.00000000e+00  2.49999444e+00 -4.43838864e-07 
 7.75650000e-09  7.75650000e-09  0.00000000e+00  2.49999459e+00 -1.23154759e-06 
 7.75750000e-09  7.75750000e-09  0.00000000e+00  2.49999474e+00 -3.98789923e-07 
 7.75850000e-09  7.75850000e-09  0.00000000e+00  2.49999488e+00 -1.18771213e-06 
 7.75950000e-09  7.75950000e-09  0.00000000e+00  2.49999502e+00 -3.56135188e-07 
 7.76050000e-09  7.76050000e-09  0.00000000e+00  2.49999515e+00 -1.14620625e-06 
 7.76150000e-09  7.76150000e-09  0.00000000e+00  2.49999528e+00 -3.15747150e-07 
 7.76250000e-09  7.76250000e-09  0.00000000e+00  2.49999541e+00 -1.10690589e-06 
 7.76350000e-09  7.76350000e-09  0.00000000e+00  2.49999553e+00 -2.77505112e-07 
 7.76450000e-09  7.76450000e-09  0.00000000e+00  2.49999565e+00 -1.06969362e-06 
 7.76550000e-09  7.76550000e-09  0.00000000e+00  2.49999577e+00 -2.41294816e-07 
 7.76650000e-09  7.76650000e-09  0.00000000e+00  2.49999589e+00 -1.03445826e-06 
 7.76750000e-09  7.76750000e-09  0.00000000e+00  2.49999600e+00 -2.07008102e-07 
 7.76850000e-09  7.76850000e-09  0.00000000e+00  2.49999610e+00 -1.00109460e-06 
 7.76950000e-09  7.76950000e-09  0.00000000e+00  2.49999621e+00 -1.74542583e-07 
 7.77050000e-09  7.77050000e-09  0.00000000e+00  2.49999631e+00 -9.69502998e-07 
 7.77150000e-09  7.77150000e-09  0.00000000e+00  2.49999641e+00 -1.43801334e-07 
 7.77250000e-09  7.77250000e-09  0.00000000e+00  2.49999651e+00 -9.39589163e-07 
 7.77350000e-09  7.77350000e-09  0.00000000e+00  2.49999660e+00 -1.14692600e-07 
 7.77450000e-09  7.77450000e-09  0.00000000e+00  2.49999669e+00 -9.11263818e-07 
 7.77550000e-09  7.77550000e-09  0.00000000e+00  2.49999678e+00 -8.71295202e-08 
 7.77650000e-09  7.77650000e-09  0.00000000e+00  2.49999687e+00 -8.84442450e-07 
 7.77750000e-09  7.77750000e-09  0.00000000e+00  2.49999695e+00 -6.10298653e-08 
 7.77850000e-09  7.77850000e-09  0.00000000e+00  2.49999704e+00 -8.59045051e-07 
 7.77950000e-09  7.77950000e-09  0.00000000e+00  2.49999712e+00 -3.63157909e-08 
 7.78050000e-09  7.78050000e-09  0.00000000e+00  2.49999719e+00 -8.34995881e-07 
 7.78150000e-09  7.78150000e-09  0.00000000e+00  2.49999727e+00 -1.29136021e-08 
 7.78250000e-09  7.78250000e-09  0.00000000e+00  2.49999734e+00 -8.12223236e-07 
 7.78350000e-09  7.78350000e-09  0.00000000e+00  2.49999742e+00  9.24646604e-09 
 7.78450000e-09  7.78450000e-09  0.00000000e+00  2.49999748e+00 -7.90659234e-07 
 7.78550000e-09  7.78550000e-09  0.00000000e+00  2.49999755e+00  3.02304629e-08 
 7.78650000e-09  7.78650000e-09  0.00000000e+00  2.49999762e+00 -7.70239613e-07 
 7.78750000e-09  7.78750000e-09  0.00000000e+00  2.49999768e+00  5.01009165e-08 
 7.78850000e-09  7.78850000e-09  0.00000000e+00  2.49999775e+00 -7.50903531e-07 
 7.78950000e-09  7.78950000e-09  0.00000000e+00  2.49999781e+00  6.89170232e-08 
 7.79050000e-09  7.79050000e-09  0.00000000e+00  2.49999787e+00 -7.32593391e-07 
 7.79150000e-09  7.79150000e-09  0.00000000e+00  2.49999792e+00  8.67348263e-08 
 7.79250000e-09  7.79250000e-09  0.00000000e+00  2.49999798e+00 -7.15254662e-07 
 7.79350000e-09  7.79350000e-09  0.00000000e+00  2.49999803e+00  1.03607385e-07 
 7.79450000e-09  7.79450000e-09  0.00000000e+00  2.49999809e+00 -6.98835720e-07 
 7.79550000e-09  7.79550000e-09  0.00000000e+00  2.49999814e+00  1.19584930e-07 
 7.79650000e-09  7.79650000e-09  0.00000000e+00  2.49999819e+00 -6.83287686e-07 
 7.79750000e-09  7.79750000e-09  0.00000000e+00  2.49999824e+00  1.34715018e-07 
 7.79850000e-09  7.79850000e-09  0.00000000e+00  2.49999828e+00 -6.68564287e-07 
 7.79950000e-09  7.79950000e-09  0.00000000e+00  2.49999833e+00  1.49042677e-07 
 7.80050000e-09  7.80050000e-09  0.00000000e+00  2.49999838e+00 -6.54621714e-07 
 7.80150000e-09  7.80150000e-09  0.00000000e+00  2.49999842e+00  1.62610533e-07 
 7.80250000e-09  7.80250000e-09  0.00000000e+00  2.49999846e+00 -6.41418488e-07 
 7.80350000e-09  7.80350000e-09  0.00000000e+00  2.49999850e+00  1.75458945e-07 
 7.80450000e-09  7.80450000e-09  0.00000000e+00  2.49999854e+00 -6.28915339e-07 
 7.80550000e-09  7.80550000e-09  0.00000000e+00  2.49999858e+00  1.87626125e-07 
 7.80650000e-09  7.80650000e-09  0.00000000e+00  2.49999862e+00 -6.17075085e-07 
 7.80750000e-09  7.80750000e-09  0.00000000e+00  2.49999866e+00  1.99148251e-07 
 7.80850000e-09  7.80850000e-09  0.00000000e+00  2.49999869e+00 -6.05862526e-07 
 7.80950000e-09  7.80950000e-09  0.00000000e+00  2.49999873e+00  2.10059574e-07 
 7.81050000e-09  7.81050000e-09  0.00000000e+00  2.49999876e+00 -5.95244332e-07 
 7.81150000e-09  7.81150000e-09  0.00000000e+00  2.49999880e+00  2.20392526e-07 
 7.81250000e-09  7.81250000e-09  0.00000000e+00  2.49999883e+00 -5.85188947e-07 
 7.81350000e-09  7.81350000e-09  0.00000000e+00  2.49999886e+00  2.30177812e-07 
 7.81450000e-09  7.81450000e-09  0.00000000e+00  2.49999889e+00 -5.75666494e-07 
 7.81550000e-09  7.81550000e-09  0.00000000e+00  2.49999892e+00  2.39444503e-07 
 7.81650000e-09  7.81650000e-09  0.00000000e+00  2.49999895e+00 -5.66648684e-07 
 7.81750000e-09  7.81750000e-09  0.00000000e+00  2.49999898e+00  2.48220127e-07 
 7.81850000e-09  7.81850000e-09  0.00000000e+00  2.49999901e+00 -5.58108733e-07 
 7.81950000e-09  7.81950000e-09  0.00000000e+00  2.49999903e+00  2.56530744e-07 
 7.82050000e-09  7.82050000e-09  0.00000000e+00  2.49999906e+00 -5.50021281e-07 
 7.82150000e-09  7.82150000e-09  0.00000000e+00  2.49999908e+00  2.64401032e-07 
 7.82250000e-09  7.82250000e-09  0.00000000e+00  2.49999911e+00 -5.42362318e-07 
 7.82350000e-09  7.82350000e-09  0.00000000e+00  2.49999913e+00  2.71854355e-07 
 7.82450000e-09  7.82450000e-09  0.00000000e+00  2.49999916e+00 -5.35109105e-07 
 7.82550000e-09  7.82550000e-09  0.00000000e+00  2.49999918e+00  2.78912836e-07 
 7.82650000e-09  7.82650000e-09  0.00000000e+00  2.49999920e+00 -5.28240119e-07 
 7.82750000e-09  7.82750000e-09  0.00000000e+00  2.49999922e+00  2.85597423e-07 
 7.82850000e-09  7.82850000e-09  0.00000000e+00  2.49999924e+00 -5.21734975e-07 
 7.82950000e-09  7.82950000e-09  0.00000000e+00  2.49999926e+00  2.91927948e-07 
 7.83050000e-09  7.83050000e-09  0.00000000e+00  2.49999928e+00 -5.15574374e-07 
 7.83150000e-09  7.83150000e-09  0.00000000e+00  2.49999930e+00  2.97923193e-07 
 7.83250000e-09  7.83250000e-09  0.00000000e+00  2.49999932e+00 -5.09740041e-07 
 7.83350000e-09  7.83350000e-09  0.00000000e+00  2.49999934e+00  3.03600937e-07 
 7.83450000e-09  7.83450000e-09  0.00000000e+00  2.49999936e+00 -5.04214675e-07 
 7.83550000e-09  7.83550000e-09  0.00000000e+00  2.49999937e+00  3.08978021e-07 
 7.83650000e-09  7.83650000e-09  0.00000000e+00  2.49999939e+00 -4.98981890e-07 
 7.83750000e-09  7.83750000e-09  0.00000000e+00  2.49999941e+00  3.14070385e-07 
 7.83850000e-09  7.83850000e-09  0.00000000e+00  2.49999942e+00 -4.94026173e-07 
 7.83950000e-09  7.83950000e-09  0.00000000e+00  2.49999944e+00  3.18893127e-07 
 7.84050000e-09  7.84050000e-09  0.00000000e+00  2.49999945e+00 -4.89332833e-07 
 7.84150000e-09  7.84150000e-09  0.00000000e+00  2.49999947e+00  3.23460540e-07 
 7.84250000e-09  7.84250000e-09  0.00000000e+00  2.49999948e+00 -4.84887962e-07 
 7.84350000e-09  7.84350000e-09  0.00000000e+00  2.49999950e+00  3.27786162e-07 
 7.84450000e-09  7.84450000e-09  0.00000000e+00  2.49999951e+00 -4.80678388e-07 
 7.84550000e-09  7.84550000e-09  0.00000000e+00  2.49999952e+00  3.31882807e-07 
 7.84650000e-09  7.84650000e-09  0.00000000e+00  2.49999954e+00 -4.76691639e-07 
 7.84750000e-09  7.84750000e-09  0.00000000e+00  2.49999955e+00  3.35762612e-07 
 7.84850000e-09  7.84850000e-09  0.00000000e+00  2.49999956e+00 -4.72915905e-07 
 7.84950000e-09  7.84950000e-09  0.00000000e+00  2.49999957e+00  3.39437070e-07 
 7.85050000e-09  7.85050000e-09  0.00000000e+00  2.49999958e+00 -4.69340003e-07 
 7.85150000e-09  7.85150000e-09  0.00000000e+00  2.49999960e+00  3.42917063e-07 
 7.85250000e-09  7.85250000e-09  0.00000000e+00  2.49999961e+00 -4.65953344e-07 
 7.85350000e-09  7.85350000e-09  0.00000000e+00  2.49999962e+00  3.46212894e-07 
 7.85450000e-09  7.85450000e-09  0.00000000e+00  2.49999963e+00 -4.62745901e-07 
 7.85550000e-09  7.85550000e-09  0.00000000e+00  2.49999964e+00  3.49334322e-07 
 7.85650000e-09  7.85650000e-09  0.00000000e+00  2.49999965e+00 -4.59708178e-07 
 7.85750000e-09  7.85750000e-09  0.00000000e+00  2.49999966e+00  3.52290587e-07 
 7.85850000e-09  7.85850000e-09  0.00000000e+00  2.49999967e+00 -4.56831184e-07 
 7.85950000e-09  7.85950000e-09  0.00000000e+00  2.49999967e+00  3.55090439e-07 
 7.86050000e-09  7.86050000e-09  0.00000000e+00  2.49999968e+00 -4.54106404e-07 
 7.86150000e-09  7.86150000e-09  0.00000000e+00  2.49999969e+00  3.57742162e-07 
 7.86250000e-09  7.86250000e-09  0.00000000e+00  2.49999970e+00 -4.51525776e-07 
 7.86350000e-09  7.86350000e-09  0.00000000e+00  2.49999971e+00  3.60253603e-07 
 7.86450000e-09  7.86450000e-09  0.00000000e+00  2.49999972e+00 -4.49081665e-07 
 7.86550000e-09  7.86550000e-09  0.00000000e+00  2.49999972e+00  3.62632192e-07 
 7.86650000e-09  7.86650000e-09  0.00000000e+00  2.49999973e+00 -4.46766841e-07 
 7.86750000e-09  7.86750000e-09  0.00000000e+00  2.49999974e+00  3.64884964e-07 
 7.86850000e-09  7.86850000e-09  0.00000000e+00  2.49999975e+00 -4.44574456e-07 
 7.86950000e-09  7.86950000e-09  0.00000000e+00  2.49999975e+00  3.67018581e-07 
 7.87050000e-09  7.87050000e-09  0.00000000e+00  2.49999976e+00 -4.42498028e-07 
 7.87150000e-09  7.87150000e-09  0.00000000e+00  2.49999977e+00  3.69039354e-07 
 7.87250000e-09  7.87250000e-09  0.00000000e+00  2.49999977e+00 -4.40531416e-07 
 7.87350000e-09  7.87350000e-09  0.00000000e+00  2.49999978e+00  3.70953257e-07 
 7.87450000e-09  7.87450000e-09  0.00000000e+00  2.49999978e+00 -4.38668808e-07 
 7.87550000e-09  7.87550000e-09  0.00000000e+00  2.49999979e+00  3.72765948e-07 
 7.87650000e-09  7.87650000e-09  0.00000000e+00  2.49999980e+00 -4.36904695e-07 
 7.87750000e-09  7.87750000e-09  0.00000000e+00  2.49999980e+00  3.74482786e-07 
 7.87850000e-09  7.87850000e-09  0.00000000e+00  2.49999981e+00 -4.35233865e-07 
 7.87950000e-09  7.87950000e-09  0.00000000e+00  2.49999981e+00  3.76108844e-07 
 7.88050000e-09  7.88050000e-09  0.00000000e+00  2.49999982e+00 -4.33651380e-07 
 7.88150000e-09  7.88150000e-09  0.00000000e+00  2.49999982e+00  3.77648926e-07 
 7.88250000e-09  7.88250000e-09  0.00000000e+00  2.49999983e+00 -4.32152562e-07 
 7.88350000e-09  7.88350000e-09  0.00000000e+00  2.49999983e+00  3.79107584e-07 
 7.88450000e-09  7.88450000e-09  0.00000000e+00  2.49999984e+00 -4.30732985e-07 
 7.88550000e-09  7.88550000e-09  0.00000000e+00  2.49999984e+00  3.80489128e-07 
 7.88650000e-09  7.88650000e-09  0.00000000e+00  2.49999984e+00 -4.29388455e-07 
 7.88750000e-09  7.88750000e-09  0.00000000e+00  2.49999985e+00  3.81797637e-07 
 7.88850000e-09  7.88850000e-09  0.00000000e+00  2.49999985e+00 -4.28115000e-07 
 7.88950000e-09  7.88950000e-09  0.00000000e+00  2.49999986e+00  3.83036977e-07 
 7.89050000e-09  7.89050000e-09  0.00000000e+00  2.49999986e+00 -4.26908860e-07 
 7.89150000e-09  7.89150000e-09  0.00000000e+00  2.49999986e+00  3.84210809e-07 
 7.89250000e-09  7.89250000e-09  0.00000000e+00  2.49999987e+00 -4.25766472e-07 
 7.89350000e-09  7.89350000e-09  0.00000000e+00  2.49999987e+00  3.85322596e-07 
 7.89450000e-09  7.89450000e-09  0.00000000e+00  2.49999987e+00 -4.24684464e-07 
 7.89550000e-09  7.89550000e-09  0.00000000e+00  2.49999988e+00  3.86375623e-07 
 7.89650000e-09  7.89650000e-09  0.00000000e+00  2.49999988e+00 -4.23659641e-07 
 7.89750000e-09  7.89750000e-09  0.00000000e+00  2.49999988e+00  3.87372997e-07 
 7.89850000e-09  7.89850000e-09  0.00000000e+00  2.49999989e+00 -4.22688979e-07 
 7.89950000e-09  7.89950000e-09  0.00000000e+00  2.49999989e+00  3.88317664e-07 
 7.90050000e-09  7.90050000e-09  0.00000000e+00  2.49999989e+00 -4.21769612e-07 
 7.90150000e-09  7.90150000e-09  0.00000000e+00  2.49999990e+00  3.89212411e-07 
 7.90250000e-09  7.90250000e-09  0.00000000e+00  2.49999990e+00 -4.20898826e-07 
 7.90350000e-09  7.90350000e-09  0.00000000e+00  2.49999990e+00  3.90059877e-07 
 7.90450000e-09  7.90450000e-09  0.00000000e+00  2.49999990e+00 -4.20074054e-07 
 7.90550000e-09  7.90550000e-09  0.00000000e+00  2.49999991e+00  3.90862565e-07 
 7.90650000e-09  7.90650000e-09  0.00000000e+00  2.49999991e+00 -4.19292860e-07 
 7.90750000e-09  7.90750000e-09  0.00000000e+00  2.49999991e+00  3.91622841e-07 
 7.90850000e-09  7.90850000e-09  0.00000000e+00  2.49999991e+00 -4.18552941e-07 
 7.90950000e-09  7.90950000e-09  0.00000000e+00  2.49999992e+00  3.92342949e-07 
 7.91050000e-09  7.91050000e-09  0.00000000e+00  2.49999992e+00 -4.17852113e-07 
 7.91150000e-09  7.91150000e-09  0.00000000e+00  2.49999992e+00  3.93025013e-07 
 7.91250000e-09  7.91250000e-09  0.00000000e+00  2.49999992e+00 -4.17188310e-07 
 7.91350000e-09  7.91350000e-09  0.00000000e+00  2.49999993e+00  3.93671045e-07 
 7.91450000e-09  7.91450000e-09  0.00000000e+00  2.49999993e+00 -4.16559574e-07 
 7.91550000e-09  7.91550000e-09  0.00000000e+00  2.49999993e+00  3.94282949e-07 
 7.91650000e-09  7.91650000e-09  0.00000000e+00  2.49999993e+00 -4.15964050e-07 
 7.91750000e-09  7.91750000e-09  0.00000000e+00  2.49999993e+00  3.94862530e-07 
 7.91850000e-09  7.91850000e-09  0.00000000e+00  2.49999993e+00 -4.15399985e-07 
 7.91950000e-09  7.91950000e-09  0.00000000e+00  2.49999994e+00  3.95411497e-07 
 7.92050000e-09  7.92050000e-09  0.00000000e+00  2.49999994e+00 -4.14865712e-07 
 7.92150000e-09  7.92150000e-09  0.00000000e+00  2.49999994e+00  3.95931468e-07 
 7.92250000e-09  7.92250000e-09  0.00000000e+00  2.49999994e+00 -4.14359658e-07 
 7.92350000e-09  7.92350000e-09  0.00000000e+00  2.49999994e+00  3.96423977e-07 
 7.92450000e-09  7.92450000e-09  0.00000000e+00  2.49999994e+00 -4.13880332e-07 
 7.92550000e-09  7.92550000e-09  0.00000000e+00  2.49999995e+00  3.96890473e-07 
 7.92650000e-09  7.92650000e-09  0.00000000e+00  2.49999995e+00 -4.13426320e-07 
 7.92750000e-09  7.92750000e-09  0.00000000e+00  2.49999995e+00  3.97332334e-07 
 7.92850000e-09  7.92850000e-09  0.00000000e+00  2.49999995e+00 -4.12996285e-07 
 7.92950000e-09  7.92950000e-09  0.00000000e+00  2.49999995e+00  3.97750860e-07 
 7.93050000e-09  7.93050000e-09  0.00000000e+00  2.49999995e+00 -4.12588960e-07 
 7.93150000e-09  7.93150000e-09  0.00000000e+00  2.49999995e+00  3.98147285e-07 
 7.93250000e-09  7.93250000e-09  0.00000000e+00  2.49999996e+00 -4.12203143e-07 
 7.93350000e-09  7.93350000e-09  0.00000000e+00  2.49999996e+00  3.98522777e-07 
 7.93450000e-09  7.93450000e-09  0.00000000e+00  2.49999996e+00 -4.11837699e-07 
 7.93550000e-09  7.93550000e-09  0.00000000e+00  2.49999996e+00  3.98878442e-07 
 7.93650000e-09  7.93650000e-09  0.00000000e+00  2.49999996e+00 -4.11491552e-07 
 7.93750000e-09  7.93750000e-09  0.00000000e+00  2.49999996e+00  3.99215328e-07 
 7.93850000e-09  7.93850000e-09  0.00000000e+00  2.49999996e+00 -4.11163680e-07 
 7.93950000e-09  7.93950000e-09  0.00000000e+00  2.49999996e+00  3.99534426e-07 
 7.94050000e-09  7.94050000e-09  0.00000000e+00  2.49999996e+00 -4.10853119e-07 
 7.94150000e-09  7.94150000e-09  0.00000000e+00  2.49999996e+00  3.99836677e-07 
 7.94250000e-09  7.94250000e-09  0.00000000e+00  2.49999997e+00 -4.10558954e-07 
 7.94350000e-09  7.94350000e-09  0.00000000e+00  2.49999997e+00  4.00122972e-07 
 7.94450000e-09  7.94450000e-09  0.00000000e+00  2.49999997e+00 -4.10280319e-07 
 7.94550000e-09  7.94550000e-09  0.00000000e+00  2.49999997e+00  4.00394152e-07 
 7.94650000e-09  7.94650000e-09  0.00000000e+00  2.49999997e+00 -4.10016394e-07 
 7.94750000e-09  7.94750000e-09  0.00000000e+00  2.49999997e+00  4.00651017e-07 
 7.94850000e-09  7.94850000e-09  0.00000000e+00  2.49999997e+00 -4.09766401e-07 
 7.94950000e-09  7.94950000e-09  0.00000000e+00  2.49999997e+00  4.00894322e-07 
 7.95050000e-09  7.95050000e-09  0.00000000e+00  2.49999997e+00 -4.09529604e-07 
 7.95150000e-09  7.95150000e-09  0.00000000e+00  2.49999997e+00  4.01124785e-07 
 7.95250000e-09  7.95250000e-09  0.00000000e+00  2.49999997e+00 -4.09305306e-07 
 7.95350000e-09  7.95350000e-09  0.00000000e+00  2.49999997e+00  4.01343082e-07 
 7.95450000e-09  7.95450000e-09  0.00000000e+00  2.49999998e+00 -4.09092848e-07 
 7.95550000e-09  7.95550000e-09  0.00000000e+00  2.49999998e+00  4.01549858e-07 
 7.95650000e-09  7.95650000e-09  0.00000000e+00  2.49999998e+00 -4.08891604e-07 
 7.95750000e-09  7.95750000e-09  0.00000000e+00  2.49999998e+00  4.01745719e-07 
 7.95850000e-09  7.95850000e-09  0.00000000e+00  2.49999998e+00 -4.08700981e-07 
 7.95950000e-09  7.95950000e-09  0.00000000e+00  2.49999998e+00  4.01931244e-07 
 7.96050000e-09  7.96050000e-09  0.00000000e+00  2.49999998e+00 -4.08520418e-07 
 7.96150000e-09  7.96150000e-09  0.00000000e+00  2.49999998e+00  4.02106977e-07 
 7.96250000e-09  7.96250000e-09  0.00000000e+00  2.49999998e+00 -4.08349385e-07 
 7.96350000e-09  7.96350000e-09  0.00000000e+00  2.49999998e+00  4.02273436e-07 
 7.96450000e-09  7.96450000e-09  0.00000000e+00  2.49999998e+00 -4.08187378e-07 
 7.96550000e-09  7.96550000e-09  0.00000000e+00  2.49999998e+00  4.02431110e-07 
 7.96650000e-09  7.96650000e-09  0.00000000e+00  2.49999998e+00 -4.08033920e-07 
 7.96750000e-09  7.96750000e-09  0.00000000e+00  2.49999998e+00  4.02580464e-07 
 7.96850000e-09  7.96850000e-09  0.00000000e+00  2.49999998e+00 -4.07888561e-07 
 7.96950000e-09  7.96950000e-09  0.00000000e+00  2.49999998e+00  4.02721937e-07 
 7.97050000e-09  7.97050000e-09  0.00000000e+00  2.49999998e+00 -4.07750871e-07 
 7.97150000e-09  7.97150000e-09  0.00000000e+00  2.49999998e+00  4.02855944e-07 
 7.97250000e-09  7.97250000e-09  0.00000000e+00  2.49999998e+00 -4.07620447e-07 
 7.97350000e-09  7.97350000e-09  0.00000000e+00  2.49999999e+00  4.02982881e-07 
 7.97450000e-09  7.97450000e-09  0.00000000e+00  2.49999999e+00 -4.07496905e-07 
 7.97550000e-09  7.97550000e-09  0.00000000e+00  2.49999999e+00  4.03103120e-07 
 7.97650000e-09  7.97650000e-09  0.00000000e+00  2.49999999e+00 -4.07379881e-07 
 7.97750000e-09  7.97750000e-09  0.00000000e+00  2.49999999e+00  4.03217014e-07 
 7.97850000e-09  7.97850000e-09  0.00000000e+00  2.49999999e+00 -4.07269031e-07 
 7.97950000e-09  7.97950000e-09  0.00000000e+00  2.49999999e+00  4.03324900e-07 
 7.98050000e-09  7.98050000e-09  0.00000000e+00  2.49999999e+00 -4.07164030e-07 
 7.98150000e-09  7.98150000e-09  0.00000000e+00  2.49999999e+00  4.03427094e-07 
 7.98250000e-09  7.98250000e-09  0.00000000e+00  2.49999999e+00 -4.07064569e-07 
 7.98350000e-09  7.98350000e-09  0.00000000e+00  2.49999999e+00  4.03523896e-07 
 7.98450000e-09  7.98450000e-09  0.00000000e+00  2.49999999e+00 -4.06970354e-07 
 7.98550000e-09  7.98550000e-09  0.00000000e+00  2.49999999e+00  4.03615592e-07 
 7.98650000e-09  7.98650000e-09  0.00000000e+00  2.49999999e+00 -4.06881110e-07 
 7.98750000e-09  7.98750000e-09  0.00000000e+00  2.49999999e+00  4.03702450e-07 
 7.98850000e-09  7.98850000e-09  0.00000000e+00  2.49999999e+00 -4.06796574e-07 
 7.98950000e-09  7.98950000e-09  0.00000000e+00  2.49999999e+00  4.03784726e-07 
 7.99050000e-09  7.99050000e-09  0.00000000e+00  2.49999999e+00 -4.06716497e-07 
 7.99150000e-09  7.99150000e-09  0.00000000e+00  2.49999999e+00  4.03862663e-07 
 7.99250000e-09  7.99250000e-09  0.00000000e+00  2.49999999e+00 -4.06640645e-07 
 7.99350000e-09  7.99350000e-09  0.00000000e+00  2.49999999e+00  4.03936487e-07 
 7.99450000e-09  7.99450000e-09  0.00000000e+00  2.49999999e+00 -4.06568793e-07 
 7.99550000e-09  7.99550000e-09  0.00000000e+00  2.49999999e+00  4.04006418e-07 
 7.99650000e-09  7.99650000e-09  0.00000000e+00  2.49999999e+00 -4.06500732e-07 
 7.99750000e-09  7.99750000e-09  0.00000000e+00  2.49999999e+00  4.04072660e-07 
 7.99850000e-09  7.99850000e-09  0.00000000e+00  2.49999999e+00 -4.06436261e-07 
 7.99950000e-09  7.99950000e-09  0.00000000e+00  2.49999999e+00  4.04135409e-07 
 8.00050000e-09  8.00050000e-09  0.00000000e+00  2.49999999e+00 -4.06375189e-07 
 8.00150000e-09  8.00150000e-09  0.00000000e+00  2.49999999e+00  4.04194848e-07 
 8.00250000e-09  8.00250000e-09  0.00000000e+00  2.49999999e+00 -4.06317339e-07 
 8.00350000e-09  8.00350000e-09  0.00000000e+00  2.49999999e+00  4.04251151e-07 
 8.00450000e-09  8.00450000e-09  0.00000000e+00  2.49999999e+00 -4.06262540e-07 
 8.00550000e-09  8.00550000e-09  0.00000000e+00  2.49999999e+00  4.04304486e-07 
 8.00650000e-09  8.00650000e-09  0.00000000e+00  2.49999999e+00 -4.06210631e-07 
 8.00750000e-09  8.00750000e-09  0.00000000e+00  2.49999999e+00  4.04355007e-07 
 8.00850000e-09  8.00850000e-09  0.00000000e+00  2.49999999e+00 -4.06161460e-07 
 8.00950000e-09  8.00950000e-09  0.00000000e+00  2.49999999e+00  4.04402865e-07 
 8.01050000e-09  8.01050000e-09  0.00000000e+00  2.49999999e+00 -4.06114882e-07 
 8.01150000e-09  8.01150000e-09  0.00000000e+00  2.49999999e+00  4.04448199e-07 
 8.01250000e-09  8.01250000e-09  0.00000000e+00  2.49999999e+00 -4.06070760e-07 
 8.01350000e-09  8.01350000e-09  0.00000000e+00  2.49999999e+00  4.04491141e-07 
 8.01450000e-09  8.01450000e-09  0.00000000e+00  2.50000000e+00 -4.06028965e-07 
 8.01550000e-09  8.01550000e-09  0.00000000e+00  2.50000000e+00  4.04531819e-07 
 8.01650000e-09  8.01650000e-09  0.00000000e+00  2.50000000e+00 -4.05989373e-07 
 8.01750000e-09  8.01750000e-09  0.00000000e+00  2.50000000e+00  4.04570352e-07 
 8.01850000e-09  8.01850000e-09  0.00000000e+00  2.50000000e+00 -4.05951870e-07 
 8.01950000e-09  8.01950000e-09  0.00000000e+00  2.50000000e+00  4.04606854e-07 
 8.02050000e-09  8.02050000e-09  0.00000000e+00  2.50000000e+00 -4.05916344e-07 
 8.02150000e-09  8.02150000e-09  0.00000000e+00  2.50000000e+00  4.04641431e-07 
 8.02250000e-09  8.02250000e-09  0.00000000e+00  2.50000000e+00 -4.05882691e-07 
 8.02350000e-09  8.02350000e-09  0.00000000e+00  2.50000000e+00  4.04674184e-07 
 8.02450000e-09  8.02450000e-09  0.00000000e+00  2.50000000e+00 -4.05850813e-07 
 8.02550000e-09  8.02550000e-09  0.00000000e+00  2.50000000e+00  4.04705210e-07 
 8.02650000e-09  8.02650000e-09  0.00000000e+00  2.50000000e+00 -4.05820616e-07 
 8.02750000e-09  8.02750000e-09  0.00000000e+00  2.50000000e+00  4.04734600e-07 
 8.02850000e-09  8.02850000e-09  0.00000000e+00  2.50000000e+00 -4.05792011e-07 
 8.02950000e-09  8.02950000e-09  0.00000000e+00  2.50000000e+00  4.04762441e-07 
 8.03050000e-09  8.03050000e-09  0.00000000e+00  2.50000000e+00 -4.05764913e-07 
 8.03150000e-09  8.03150000e-09  0.00000000e+00  2.50000000e+00  4.04788814e-07 
 8.03250000e-09  8.03250000e-09  0.00000000e+00  2.50000000e+00 -4.05739245e-07 
 8.03350000e-09  8.03350000e-09  0.00000000e+00  2.50000000e+00  4.04813797e-07 
 8.03450000e-09  8.03450000e-09  0.00000000e+00  2.50000000e+00 -4.05714930e-07 
 8.03550000e-09  8.03550000e-09  0.00000000e+00  2.50000000e+00  4.04837463e-07 
 8.03650000e-09  8.03650000e-09  0.00000000e+00  2.50000000e+00 -4.05691897e-07 
 8.03750000e-09  8.03750000e-09  0.00000000e+00  2.50000000e+00  4.04859881e-07 
 8.03850000e-09  8.03850000e-09  0.00000000e+00  2.50000000e+00 -4.05670078e-07 
 8.03950000e-09  8.03950000e-09  0.00000000e+00  2.50000000e+00  4.04881116e-07 
 8.04050000e-09  8.04050000e-09  0.00000000e+00  2.50000000e+00 -4.05649409e-07 
 8.04150000e-09  8.04150000e-09  0.00000000e+00  2.50000000e+00  4.04901233e-07 
 8.04250000e-09  8.04250000e-09  0.00000000e+00  2.50000000e+00 -4.05629830e-07 
 8.04350000e-09  8.04350000e-09  0.00000000e+00  2.50000000e+00  4.04920289e-07 
 8.04450000e-09  8.04450000e-09  0.00000000e+00  2.50000000e+00 -4.05611283e-07 
 8.04550000e-09  8.04550000e-09  0.00000000e+00  2.50000000e+00  4.04938340e-07 
 8.04650000e-09  8.04650000e-09  0.00000000e+00  2.50000000e+00 -4.05593714e-07 
 8.04750000e-09  8.04750000e-09  0.00000000e+00  2.50000000e+00  4.04955440e-07 
 8.04850000e-09  8.04850000e-09  0.00000000e+00  2.50000000e+00 -4.05577071e-07 
 8.04950000e-09  8.04950000e-09  0.00000000e+00  2.50000000e+00  4.04971639e-07 
 8.05050000e-09  8.05050000e-09  0.00000000e+00  2.50000000e+00 -4.05561305e-07 
 8.05150000e-09  8.05150000e-09  0.00000000e+00  2.50000000e+00  4.04986983e-07 
 8.05250000e-09  8.05250000e-09  0.00000000e+00  2.50000000e+00 -4.05546370e-07 
 8.05350000e-09  8.05350000e-09  0.00000000e+00  2.50000000e+00  4.05001519e-07 
 8.05450000e-09  8.05450000e-09  0.00000000e+00  2.50000000e+00 -4.05532223e-07 
 8.05550000e-09  8.05550000e-09  0.00000000e+00  2.50000000e+00  4.05015289e-07 
 8.05650000e-09  8.05650000e-09  0.00000000e+00  2.50000000e+00 -4.05518821e-07 
 8.05750000e-09  8.05750000e-09  0.00000000e+00  2.50000000e+00  4.05028333e-07 
 8.05850000e-09  8.05850000e-09  0.00000000e+00  2.50000000e+00 -4.05506125e-07 
 8.05950000e-09  8.05950000e-09  0.00000000e+00  2.50000000e+00  4.05040689e-07 
 8.06050000e-09  8.06050000e-09  0.00000000e+00  2.50000000e+00 -4.05494099e-07 
 8.06150000e-09  8.06150000e-09  0.00000000e+00  2.50000000e+00  4.05052394e-07 
 8.06250000e-09  8.06250000e-09  0.00000000e+00  2.50000000e+00 -4.05482706e-07 
 8.06350000e-09  8.06350000e-09  0.00000000e+00  2.50000000e+00  4.05063483e-07 
 8.06450000e-09  8.06450000e-09  0.00000000e+00  2.50000000e+00 -4.05471914e-07 
 8.06550000e-09  8.06550000e-09  0.00000000e+00  2.50000000e+00  4.05073986e-07 
 8.06650000e-09  8.06650000e-09  0.00000000e+00  2.50000000e+00 -4.05461692e-07 
 8.06750000e-09  8.06750000e-09  0.00000000e+00  2.50000000e+00  4.05083936e-07 
 8.06850000e-09  8.06850000e-09  0.00000000e+00  2.50000000e+00 -4.05452007e-07 
 8.06950000e-09  8.06950000e-09  0.00000000e+00  2.50000000e+00  4.05093362e-07 
 8.07050000e-09  8.07050000e-09  0.00000000e+00  2.50000000e+00 -4.05442833e-07 
 8.07150000e-09  8.07150000e-09  0.00000000e+00  2.50000000e+00  4.05102291e-07 
 8.07250000e-09  8.07250000e-09  0.00000000e+00  2.50000000e+00 -4.05434143e-07 
 8.07350000e-09  8.07350000e-09  0.00000000e+00  2.50000000e+00  4.05110749e-07 
 8.07450000e-09  8.07450000e-09  0.00000000e+00  2.50000000e+00 -4.05425910e-07 
 8.07550000e-09  8.07550000e-09  0.00000000e+00  2.50000000e+00  4.05118762e-07 
 8.07650000e-09  8.07650000e-09  0.00000000e+00  2.50000000e+00 -4.05418112e-07 
 8.07750000e-09  8.07750000e-09  0.00000000e+00  2.50000000e+00  4.05126353e-07 
 8.07850000e-09  8.07850000e-09  0.00000000e+00  2.50000000e+00 -4.05410724e-07 
 8.07950000e-09  8.07950000e-09  0.00000000e+00  2.50000000e+00  4.05133543e-07 
 8.08050000e-09  8.08050000e-09  0.00000000e+00  2.50000000e+00 -4.05403725e-07 
 8.08150000e-09  8.08150000e-09  0.00000000e+00  2.50000000e+00  4.05140354e-07 
 8.08250000e-09  8.08250000e-09  0.00000000e+00  2.50000000e+00 -4.05397095e-07 
 8.08350000e-09  8.08350000e-09  0.00000000e+00  2.50000000e+00  4.05146806e-07 
 8.08450000e-09  8.08450000e-09  0.00000000e+00  2.50000000e+00 -4.05390815e-07 
 8.08550000e-09  8.08550000e-09  0.00000000e+00  2.50000000e+00  4.05152919e-07 
 8.08650000e-09  8.08650000e-09  0.00000000e+00  2.50000000e+00 -4.05384866e-07 
 8.08750000e-09  8.08750000e-09  0.00000000e+00  2.50000000e+00  4.05158709e-07 
 8.08850000e-09  8.08850000e-09  0.00000000e+00  2.50000000e+00 -4.05379231e-07 
 8.08950000e-09  8.08950000e-09  0.00000000e+00  2.50000000e+00  4.05164195e-07 
 8.09050000e-09  8.09050000e-09  0.00000000e+00  2.50000000e+00 -4.05373892e-07 
 8.09150000e-09  8.09150000e-09  0.00000000e+00  2.50000000e+00  4.05169391e-07 
 8.09250000e-09  8.09250000e-09  0.00000000e+00  2.50000000e+00 -4.05368834e-07 
 8.09350000e-09  8.09350000e-09  0.00000000e+00  2.50000000e+00  4.05174313e-07 
 8.09450000e-09  8.09450000e-09  0.00000000e+00  2.50000000e+00 -4.05364043e-07 
 8.09550000e-09  8.09550000e-09  0.00000000e+00  2.50000000e+00  4.05178976e-07 
 8.09650000e-09  8.09650000e-09  0.00000000e+00  2.50000000e+00 -4.05359505e-07 
 8.09750000e-09  8.09750000e-09  0.00000000e+00  2.50000000e+00  4.05183394e-07 
 8.09850000e-09  8.09850000e-09  0.00000000e+00  2.50000000e+00 -4.05355205e-07 
 8.09950000e-09  8.09950000e-09  0.00000000e+00  2.50000000e+00  4.05187578e-07 
 8.10050000e-09  8.10050000e-09  0.00000000e+00  2.50000000e+00 -4.05351132e-07 
 8.10150000e-09  8.10150000e-09  0.00000000e+00  2.50000000e+00  4.05191542e-07 
 8.10250000e-09  8.10250000e-09  0.00000000e+00  2.50000000e+00 -4.05347274e-07 
 8.10350000e-09  8.10350000e-09  0.00000000e+00  2.50000000e+00  4.05195298e-07 
 8.10450000e-09  8.10450000e-09  0.00000000e+00  2.50000000e+00 -4.05343619e-07 
 8.10550000e-09  8.10550000e-09  0.00000000e+00  2.50000000e+00  4.05198855e-07 
 8.10650000e-09  8.10650000e-09  0.00000000e+00  2.50000000e+00 -4.05340157e-07 
 8.10750000e-09  8.10750000e-09  0.00000000e+00  2.50000000e+00  4.05202225e-07 
 8.10850000e-09  8.10850000e-09  0.00000000e+00  2.50000000e+00 -4.05336877e-07 
 8.10950000e-09  8.10950000e-09  0.00000000e+00  2.50000000e+00  4.05205417e-07 
 8.11050000e-09  8.11050000e-09  0.00000000e+00  2.50000000e+00 -4.05333770e-07 
 8.11150000e-09  8.11150000e-09  0.00000000e+00  2.50000000e+00  4.05208442e-07 
 8.11250000e-09  8.11250000e-09  0.00000000e+00  2.50000000e+00 -4.05330826e-07 
 8.11350000e-09  8.11350000e-09  0.00000000e+00  2.50000000e+00  4.05211307e-07 
 8.11450000e-09  8.11450000e-09  0.00000000e+00  2.50000000e+00 -4.05328037e-07 
 8.11550000e-09  8.11550000e-09  0.00000000e+00  2.50000000e+00  4.05214020e-07 
 8.11650000e-09  8.11650000e-09  0.00000000e+00  2.50000000e+00 -4.05325396e-07 
 8.11750000e-09  8.11750000e-09  0.00000000e+00  2.50000000e+00  4.05216591e-07 
 8.11850000e-09  8.11850000e-09  0.00000000e+00  2.50000000e+00 -4.05322894e-07 
 8.11950000e-09  8.11950000e-09  0.00000000e+00  2.50000000e+00  4.05219027e-07 
 8.12050000e-09  8.12050000e-09  0.00000000e+00  2.50000000e+00 -4.05320523e-07 
 8.12150000e-09  8.12150000e-09  0.00000000e+00  2.50000000e+00  4.05221334e-07 
 8.12250000e-09  8.12250000e-09  0.00000000e+00  2.50000000e+00 -4.05318278e-07 
 8.12350000e-09  8.12350000e-09  0.00000000e+00  2.50000000e+00  4.05223519e-07 
 8.12450000e-09  8.12450000e-09  0.00000000e+00  2.50000000e+00 -4.05316151e-07 
 8.12550000e-09  8.12550000e-09  0.00000000e+00  2.50000000e+00  4.05225590e-07 
 8.12650000e-09  8.12650000e-09  0.00000000e+00  2.50000000e+00 -4.05314135e-07 
 8.12750000e-09  8.12750000e-09  0.00000000e+00  2.50000000e+00  4.05227551e-07 
 8.12850000e-09  8.12850000e-09  0.00000000e+00  2.50000000e+00 -4.05312227e-07 
 8.12950000e-09  8.12950000e-09  0.00000000e+00  2.50000000e+00  4.05229410e-07 
 8.13050000e-09  8.13050000e-09  0.00000000e+00  2.50000000e+00 -4.05310418e-07 
 8.13150000e-09  8.13150000e-09  0.00000000e+00  2.50000000e+00  4.05231169e-07 
 8.13250000e-09  8.13250000e-09  0.00000000e+00  2.50000000e+00 -4.05308705e-07 
 8.13350000e-09  8.13350000e-09  0.00000000e+00  2.50000000e+00  4.05232838e-07 
 8.13450000e-09  8.13450000e-09  0.00000000e+00  2.50000000e+00 -4.05307082e-07 
 8.13550000e-09  8.13550000e-09  0.00000000e+00  2.50000000e+00  4.05234417e-07 
 8.13650000e-09  8.13650000e-09  0.00000000e+00  2.50000000e+00 -4.05305544e-07 
 8.13750000e-09  8.13750000e-09  0.00000000e+00  2.50000000e+00  4.05235914e-07 
 8.13850000e-09  8.13850000e-09  0.00000000e+00  2.50000000e+00 -4.05304088e-07 
 8.13950000e-09  8.13950000e-09  0.00000000e+00  2.50000000e+00  4.05237331e-07 
 8.14050000e-09  8.14050000e-09  0.00000000e+00  2.50000000e+00 -4.05302707e-07 
 8.14150000e-09  8.14150000e-09  0.00000000e+00  2.50000000e+00  4.05238674e-07 
 8.14250000e-09  8.14250000e-09  0.00000000e+00  2.50000000e+00 -4.05301401e-07 
 8.14350000e-09  8.14350000e-09  0.00000000e+00  2.50000000e+00  4.05239946e-07 
 8.14450000e-09  8.14450000e-09  0.00000000e+00  2.50000000e+00 -4.05300162e-07 
 8.14550000e-09  8.14550000e-09  0.00000000e+00  2.50000000e+00  4.05241152e-07 
 8.14650000e-09  8.14650000e-09  0.00000000e+00  2.50000000e+00 -4.05298989e-07 
 8.14750000e-09  8.14750000e-09  0.00000000e+00  2.50000000e+00  4.05242293e-07 
 8.14850000e-09  8.14850000e-09  0.00000000e+00  2.50000000e+00 -4.05297878e-07 
 8.14950000e-09  8.14950000e-09  0.00000000e+00  2.50000000e+00  4.05243375e-07 
 8.15050000e-09  8.15050000e-09  0.00000000e+00  2.50000000e+00 -4.05296826e-07 
 8.15150000e-09  8.15150000e-09  0.00000000e+00  2.50000000e+00  4.05244400e-07 
 8.15250000e-09  8.15250000e-09  0.00000000e+00  2.50000000e+00 -4.05295828e-07 
 8.15350000e-09  8.15350000e-09  0.00000000e+00  2.50000000e+00  4.05245370e-07 
 8.15450000e-09  8.15450000e-09  0.00000000e+00  2.50000000e+00 -4.05294884e-07 
 8.15550000e-09  8.15550000e-09  0.00000000e+00  2.50000000e+00  4.05246290e-07 
 8.15650000e-09  8.15650000e-09  0.00000000e+00  2.50000000e+00 -4.05293988e-07 
 8.15750000e-09  8.15750000e-09  0.00000000e+00  2.50000000e+00  4.05247160e-07 
 8.15850000e-09  8.15850000e-09  0.00000000e+00  2.50000000e+00 -4.05293141e-07 
 8.15950000e-09  8.15950000e-09  0.00000000e+00  2.50000000e+00  4.05247986e-07 
 8.16050000e-09  8.16050000e-09  0.00000000e+00  2.50000000e+00 -4.05292338e-07 
 8.16150000e-09  8.16150000e-09  0.00000000e+00  2.50000000e+00  4.05248768e-07 
 8.16250000e-09  8.16250000e-09  0.00000000e+00  2.50000000e+00 -4.05291577e-07 
 8.16350000e-09  8.16350000e-09  0.00000000e+00  2.50000000e+00  4.05249508e-07 
 8.16450000e-09  8.16450000e-09  0.00000000e+00  2.50000000e+00 -4.05290856e-07 
 8.16550000e-09  8.16550000e-09  0.00000000e+00  2.50000000e+00  4.05250210e-07 
 8.16650000e-09  8.16650000e-09  0.00000000e+00  2.50000000e+00 -4.05290174e-07 
 8.16750000e-09  8.16750000e-09  0.00000000e+00  2.50000000e+00  4.05250874e-07 
 8.16850000e-09  8.16850000e-09  0.00000000e+00  2.50000000e+00 -4.05289527e-07 
 8.16950000e-09  8.16950000e-09  0.00000000e+00  2.50000000e+00  4.05251503e-07 
 8.17050000e-09  8.17050000e-09  0.00000000e+00  2.50000000e+00 -4.05288914e-07 
 8.17150000e-09  8.17150000e-09  0.00000000e+00  2.50000000e+00  4.05252100e-07 
 8.17250000e-09  8.17250000e-09  0.00000000e+00  2.50000000e+00 -4.05288333e-07 
 8.17350000e-09  8.17350000e-09  0.00000000e+00  2.50000000e+00  4.05252665e-07 
 8.17450000e-09  8.17450000e-09  0.00000000e+00  2.50000000e+00 -4.05287784e-07 
 8.17550000e-09  8.17550000e-09  0.00000000e+00  2.50000000e+00  4.05253201e-07 
 8.17650000e-09  8.17650000e-09  0.00000000e+00  2.50000000e+00 -4.05287263e-07 
 8.17750000e-09  8.17750000e-09  0.00000000e+00  2.50000000e+00  4.05253708e-07 
 8.17850000e-09  8.17850000e-09  0.00000000e+00  2.50000000e+00 -4.05286769e-07 
 8.17950000e-09  8.17950000e-09  0.00000000e+00  2.50000000e+00  4.05254188e-07 
 8.18050000e-09  8.18050000e-09  0.00000000e+00  2.50000000e+00 -4.05286301e-07 
 8.18150000e-09  8.18150000e-09  0.00000000e+00  2.50000000e+00  4.05254643e-07 
 8.18250000e-09  8.18250000e-09  0.00000000e+00  2.50000000e+00 -4.05285859e-07 
 8.18350000e-09  8.18350000e-09  0.00000000e+00  2.50000000e+00  4.05255075e-07 
 8.18450000e-09  8.18450000e-09  0.00000000e+00  2.50000000e+00 -4.05285439e-07 
 8.18550000e-09  8.18550000e-09  0.00000000e+00  2.50000000e+00  4.05255484e-07 
 8.18650000e-09  8.18650000e-09  0.00000000e+00  2.50000000e+00 -4.05285041e-07 
 8.18750000e-09  8.18750000e-09  0.00000000e+00  2.50000000e+00  4.05255871e-07 
 8.18850000e-09  8.18850000e-09  0.00000000e+00  2.50000000e+00 -4.05284665e-07 
 8.18950000e-09  8.18950000e-09  0.00000000e+00  2.50000000e+00  4.05256237e-07 
 8.19050000e-09  8.19050000e-09  0.00000000e+00  2.50000000e+00 -4.05284308e-07 
 8.19150000e-09  8.19150000e-09  0.00000000e+00  2.50000000e+00  4.05256585e-07 
 8.19250000e-09  8.19250000e-09  0.00000000e+00  2.50000000e+00 -4.05283970e-07 
 8.19350000e-09  8.19350000e-09  0.00000000e+00  2.50000000e+00  4.05256913e-07 
 8.19450000e-09  8.19450000e-09  0.00000000e+00  2.50000000e+00 -4.05283650e-07 
 8.19550000e-09  8.19550000e-09  0.00000000e+00  2.50000000e+00  4.05257225e-07 
 8.19650000e-09  8.19650000e-09  0.00000000e+00  2.50000000e+00 -4.05283347e-07 
 8.19750000e-09  8.19750000e-09  0.00000000e+00  2.50000000e+00  4.05257520e-07 
 8.19850000e-09  8.19850000e-09  0.00000000e+00  2.50000000e+00 -4.05283059e-07 
 8.19925000e-09  8.19925000e-09  0.00000000e+00  2.50000000e+00  4.05257766e-07 
 8.20000000e-09  8.20000000e-09  0.00000000e+00  2.50000000e+00 -4.05282853e-07 
 8.20010000e-09  8.20010000e-09  1.25000000e-02  2.50000450e+00  7.13299986e-04 
 8.20030000e-09  8.20030000e-09  3.75000000e-02  2.50001338e+00  7.15082891e-04 
 8.20070000e-09  8.20070000e-09  8.75000000e-02  2.50003034e+00  7.18141095e-04 
 8.20150000e-09  8.20150000e-09  1.87500000e-01  2.50006134e+00  7.23976608e-04 
 8.20250000e-09  8.20250000e-09  3.12500000e-01  2.50009510e+00  7.29907227e-04 
 8.20350000e-09  8.20350000e-09  4.37500000e-01  2.50012395e+00  7.34942747e-04 
 8.20450000e-09  8.20450000e-09  5.62500000e-01  2.50014814e+00  7.32953531e-04 
 8.20550000e-09  8.20550000e-09  6.87500000e-01  2.50016718e+00  7.19688516e-04 
 8.20650000e-09  8.20650000e-09  8.12500000e-01  2.50018039e+00  6.94528854e-04 
 8.20750000e-09  8.20750000e-09  9.37500000e-01  2.50018719e+00  6.57840174e-04 
 8.20850000e-09  8.20850000e-09  1.06250000e+00  2.50018709e+00  6.09148369e-04 
 8.20950000e-09  8.20950000e-09  1.18750000e+00  2.50017968e+00  5.48980374e-04 
 8.21050000e-09  8.21050000e-09  1.31250000e+00  2.50016456e+00  4.77034552e-04 
 8.21150000e-09  8.21150000e-09  1.43750000e+00  2.50014139e+00  3.94024340e-04 
 8.21250000e-09  8.21250000e-09  1.56250000e+00  2.50010977e+00  2.99848990e-04 
 8.21350000e-09  8.21350000e-09  1.68750000e+00  2.50006929e+00  1.95423452e-04 
 8.21450000e-09  8.21450000e-09  1.81250000e+00  2.50001951e+00  8.07587570e-05 
 8.21550000e-09  8.21550000e-09  1.93750000e+00  2.49995998e+00 -4.39356517e-05 
 8.21650000e-09  8.21650000e-09  2.06250000e+00  2.49989213e+00 -2.23731270e-04 
 8.21750000e-09  8.21750000e-09  2.18750000e+00  2.49980586e+00 -3.84332276e-04 
 8.21850000e-09  8.21850000e-09  2.31250000e+00  2.49968664e+00 -6.36640702e-04 
 8.21925000e-09  8.21925000e-09  2.40625000e+00  2.49957839e+00 -7.43235332e-04 
 8.22000000e-09  8.22000000e-09  2.50000000e+00  2.49945995e+00 -7.57110514e-04 
 8.22010000e-09  8.22010000e-09  2.50000000e+00  2.49944180e+00 -1.40664241e-03 
 8.22030000e-09  8.22030000e-09  2.50000000e+00  2.49940560e+00 -1.39653094e-03 
 8.22070000e-09  8.22070000e-09  2.50000000e+00  2.49933436e+00 -1.38661913e-03 
 8.22150000e-09  8.22150000e-09  2.50000000e+00  2.49919721e+00 -1.36339138e-03 
 8.22250000e-09  8.22250000e-09  2.50000000e+00  2.49904215e+00 -1.38408415e-03 
 8.22350000e-09  8.22350000e-09  2.50000000e+00  2.49890905e+00 -1.39579007e-03 
 8.22450000e-09  8.22450000e-09  2.50000000e+00  2.49879540e+00 -1.41272193e-03 
 8.22550000e-09  8.22550000e-09  2.50000000e+00  2.49869900e+00 -1.42133084e-03 
 8.22650000e-09  8.22650000e-09  2.50000000e+00  2.49861788e+00 -1.43550536e-03 
 8.22750000e-09  8.22750000e-09  2.50000000e+00  2.49855026e+00 -1.44166138e-03 
 8.22850000e-09  8.22850000e-09  2.50000000e+00  2.49849439e+00 -1.45214627e-03 
 8.22950000e-09  8.22950000e-09  2.50000000e+00  2.49844882e+00 -1.44888262e-03 
 8.23050000e-09  8.23050000e-09  2.50000000e+00  2.49841454e+00 -1.45754753e-03 
 8.23150000e-09  8.23150000e-09  2.50000000e+00  2.49839441e+00 -1.46402440e-03 
 8.23250000e-09  8.23250000e-09  2.50000000e+00  2.49839087e+00 -1.48198243e-03 
 8.23350000e-09  8.23350000e-09  2.50000000e+00  2.49840608e+00 -1.49729030e-03 
 8.23450000e-09  8.23450000e-09  2.50000000e+00  2.49844188e+00 -1.52360786e-03 
 8.23550000e-09  8.23550000e-09  2.50000000e+00  2.49849983e+00 -1.54679374e-03 
 8.23650000e-09  8.23650000e-09  2.50000000e+00  2.49858124e+00 -1.58049744e-03 
 8.23750000e-09  8.23750000e-09  2.50000000e+00  2.49868718e+00 -1.61056743e-03 
 8.23850000e-09  8.23850000e-09  2.50000000e+00  2.49881850e+00 -1.65064351e-03 
 8.23950000e-09  8.23950000e-09  2.50000000e+00  2.49897589e+00 -1.68656512e-03 
 8.24050000e-09  8.24050000e-09  2.50000000e+00  2.49915983e+00 -1.73196404e-03 
 8.24150000e-09  8.24150000e-09  2.50000000e+00  2.49937068e+00 -1.77267280e-03 
 8.24250000e-09  8.24250000e-09  2.50000000e+00  2.49960862e+00 -1.82231744e-03 
 8.24350000e-09  8.24350000e-09  2.50000000e+00  2.49987375e+00 -1.86672614e-03 
 8.24450000e-09  8.24450000e-09  2.50000000e+00  2.50016605e+00 -1.91952133e-03 
 8.24550000e-09  8.24550000e-09  2.50000000e+00  2.50048540e+00 -1.96652642e-03 
 8.24650000e-09  8.24650000e-09  2.50000000e+00  2.50083160e+00 -2.02136302e-03 
 8.24750000e-09  8.24750000e-09  2.50000000e+00  2.50120441e+00 -2.06985786e-03 
 8.24850000e-09  8.24850000e-09  2.50000000e+00  2.50160350e+00 -2.12563512e-03 
 8.24950000e-09  8.24950000e-09  2.50000000e+00  2.50202855e+00 -2.17453105e-03 
 8.25050000e-09  8.25050000e-09  2.50000000e+00  2.50247914e+00 -2.23020080e-03 
 8.25150000e-09  8.25150000e-09  2.50000000e+00  2.50295486e+00 -2.27849294e-03 
 8.25250000e-09  8.25250000e-09  2.50000000e+00  2.50345528e+00 -2.33305501e-03 
 8.25350000e-09  8.25350000e-09  2.50000000e+00  2.50397996e+00 -2.37974365e-03 
 8.25450000e-09  8.25450000e-09  2.50000000e+00  2.50452845e+00 -2.43221696e-03 
 8.25550000e-09  8.25550000e-09  2.50000000e+00  2.50510036e+00 -2.47634271e-03 
 8.25650000e-09  8.25650000e-09  2.50000000e+00  2.50569528e+00 -2.52579055e-03 
 8.25750000e-09  8.25750000e-09  2.50000000e+00  2.50631284e+00 -2.56644012e-03 
 8.25850000e-09  8.25850000e-09  2.50000000e+00  2.50695272e+00 -2.61197317e-03 
 8.25950000e-09  8.25950000e-09  2.50000000e+00  2.50761465e+00 -2.64828158e-03 
 8.26050000e-09  8.26050000e-09  2.50000000e+00  2.50829840e+00 -2.68905940e-03 
 8.26150000e-09  8.26150000e-09  2.50000000e+00  2.50900381e+00 -2.72021090e-03 
 8.26250000e-09  8.26250000e-09  2.50000000e+00  2.50973080e+00 -2.75544265e-03 
 8.26350000e-09  8.26350000e-09  2.50000000e+00  2.51047936e+00 -2.78067174e-03 
 8.26450000e-09  8.26450000e-09  2.50000000e+00  2.51124959e+00 -2.80961822e-03 
 8.26550000e-09  8.26550000e-09  2.50000000e+00  2.51204171e+00 -2.82821394e-03 
 8.26650000e-09  8.26650000e-09  2.50000000e+00  2.51285591e+00 -2.85051369e-03 
 8.26750000e-09  8.26750000e-09  2.50000000e+00  2.51368789e+00 -2.87340869e-03 
 8.26850000e-09  8.26850000e-09  2.50000000e+00  2.51453323e+00 -2.90201613e-03 
 8.26950000e-09  8.26950000e-09  2.50000000e+00  2.51539232e+00 -2.92163318e-03 
 8.27050000e-09  8.27050000e-09  2.50000000e+00  2.51626581e+00 -2.94707287e-03 
 8.27150000e-09  8.27150000e-09  2.50000000e+00  2.51715467e+00 -2.96378360e-03 
 8.27250000e-09  8.27250000e-09  2.50000000e+00  2.51806038e+00 -2.98685668e-03 
 8.27350000e-09  8.27350000e-09  2.50000000e+00  2.51898527e+00 -3.00227981e-03 
 8.27450000e-09  8.27450000e-09  2.50000000e+00  2.51993321e+00 -3.02632191e-03 
 8.27550000e-09  8.27550000e-09  2.50000000e+00  2.52091144e+00 -3.04829584e-03 
 8.27650000e-09  8.27650000e-09  2.50000000e+00  2.52191673e+00 -3.06803628e-03 
 8.27750000e-09  8.27750000e-09  2.50000000e+00  2.52293897e+00 -3.07971811e-03 
 8.27850000e-09  8.27850000e-09  2.50000000e+00  2.52397538e+00 -3.09977732e-03 
 8.27950000e-09  8.27950000e-09  2.50000000e+00  2.52502380e+00 -3.11242514e-03 
 8.28050000e-09  8.28050000e-09  2.50000000e+00  2.52608232e+00 -3.13361768e-03 
 8.28150000e-09  8.28150000e-09  2.50000000e+00  2.52714931e+00 -3.14753790e-03 
 8.28250000e-09  8.28250000e-09  2.50000000e+00  2.52822332e+00 -3.17011762e-03 
 8.28350000e-09  8.28350000e-09  2.50000000e+00  2.52930312e+00 -3.18551828e-03 
 8.28450000e-09  8.28450000e-09  2.50000000e+00  2.53038768e+00 -3.20965275e-03 
 8.28550000e-09  8.28550000e-09  2.50000000e+00  2.53147621e+00 -3.22644526e-03 
 8.28650000e-09  8.28650000e-09  2.50000000e+00  2.53256693e+00 -3.24526719e-03 
 8.28750000e-09  8.28750000e-09  2.50000000e+00  2.53364964e+00 -3.25852004e-03 
 8.28850000e-09  8.28850000e-09  2.50000000e+00  2.53470693e+00 -3.28346649e-03 
 8.28950000e-09  8.28950000e-09  2.50000000e+00  2.53572168e+00 -3.30508929e-03 
 8.29050000e-09  8.29050000e-09  2.50000000e+00  2.53667703e+00 -3.34050389e-03 
 8.29150000e-09  8.29150000e-09  2.50000000e+00  2.53755642e+00 -3.37454477e-03 
 8.29250000e-09  8.29250000e-09  2.50000000e+00  2.53834792e+00 -3.42160372e-03 
 8.29350000e-09  8.29350000e-09  2.50000000e+00  2.53903079e+00 -3.47365966e-03 
 8.29450000e-09  8.29450000e-09  2.50000000e+00  2.53958484e+00 -3.54099659e-03 
 8.29550000e-09  8.29550000e-09  2.50000000e+00  2.53999930e+00 -3.60970113e-03 
 8.29650000e-09  8.29650000e-09  2.50000000e+00  2.54025890e+00 -3.69646397e-03 
 8.29750000e-09  8.29750000e-09  2.50000000e+00  2.54034851e+00 -3.78565696e-03 
 8.29850000e-09  8.29850000e-09  2.50000000e+00  2.54025307e+00 -3.89382252e-03 
 8.29950000e-09  8.29950000e-09  2.50000000e+00  2.53995760e+00 -4.00518249e-03 
 8.30050000e-09  8.30050000e-09  2.50000000e+00  2.53944720e+00 -4.13612780e-03 
 8.30150000e-09  8.30150000e-09  2.50000000e+00  2.53870699e+00 -4.27072729e-03 
 8.30250000e-09  8.30250000e-09  2.50000000e+00  2.53771877e+00 -4.41912646e-03 
 8.30350000e-09  8.30350000e-09  2.50000000e+00  2.53646266e+00 -4.56535898e-03 
 8.30450000e-09  8.30450000e-09  2.50000000e+00  2.53492165e+00 -4.72691351e-03 
 8.30550000e-09  8.30550000e-09  2.50000000e+00  2.53308042e+00 -4.88801403e-03 
 8.30650000e-09  8.30650000e-09  2.50000000e+00  2.53092448e+00 -5.06486153e-03 
 8.30750000e-09  8.30750000e-09  2.50000000e+00  2.52844017e+00 -5.24137414e-03 
 8.30850000e-09  8.30850000e-09  2.50000000e+00  2.52561455e+00 -5.43346895e-03 
 8.30950000e-09  8.30950000e-09  2.50000000e+00  2.52243540e+00 -5.62480501e-03 
 8.31050000e-09  8.31050000e-09  2.50000000e+00  2.51889115e+00 -5.83106234e-03 
 8.31150000e-09  8.31150000e-09  2.50000000e+00  2.51497082e+00 -6.03568262e-03 
 8.31250000e-09  8.31250000e-09  2.50000000e+00  2.51066397e+00 -6.25414620e-03 
 8.31350000e-09  8.31350000e-09  2.50000000e+00  2.50596066e+00 -6.46971101e-03 
 8.31450000e-09  8.31450000e-09  2.50000000e+00  2.50085138e+00 -6.69768799e-03 
 8.31550000e-09  8.31550000e-09  2.50000000e+00  2.49532716e+00 -6.92152953e-03 
 8.31650000e-09  8.31650000e-09  2.50000000e+00  2.48937989e+00 -7.15713908e-03 
 8.31750000e-09  8.31750000e-09  2.50000000e+00  2.48300215e+00 -7.38768302e-03 
 8.31850000e-09  8.31850000e-09  2.50000000e+00  2.47618690e+00 -7.62840501e-03 
 8.31950000e-09  8.31950000e-09  2.50000000e+00  2.46892742e+00 -7.86237334e-03 
 8.32050000e-09  8.32050000e-09  2.50000000e+00  2.46121724e+00 -8.10475276e-03 
 8.32150000e-09  8.32150000e-09  2.50000000e+00  2.45305013e+00 -8.33853820e-03 
 8.32250000e-09  8.32250000e-09  2.50000000e+00  2.44441997e+00 -8.57882513e-03 
 8.32350000e-09  8.32350000e-09  2.50000000e+00  2.43532075e+00 -8.80854170e-03 
 8.32450000e-09  8.32450000e-09  2.50000000e+00  2.42574645e+00 -9.04271742e-03 
 8.32550000e-09  8.32550000e-09  2.50000000e+00  2.41569101e+00 -9.26421328e-03 
 8.32650000e-09  8.32650000e-09  2.50000000e+00  2.40514822e+00 -9.48798826e-03 
 8.32750000e-09  8.32750000e-09  2.50000000e+00  2.39411161e+00 -9.69682679e-03 
 8.32850000e-09  8.32850000e-09  2.50000000e+00  2.38257441e+00 -9.90560210e-03 
 8.32950000e-09  8.32950000e-09  2.50000000e+00  2.37052937e+00 -1.00969998e-02 
 8.33050000e-09  8.33050000e-09  2.50000000e+00  2.35796865e+00 -1.02857765e-02 
 8.33150000e-09  8.33150000e-09  2.50000000e+00  2.34488368e+00 -1.04544769e-02 
 8.33250000e-09  8.33250000e-09  2.50000000e+00  2.33126494e+00 -1.06176841e-02 
 8.33350000e-09  8.33350000e-09  2.50000000e+00  2.31710176e+00 -1.07577259e-02 
 8.33450000e-09  8.33450000e-09  2.50000000e+00  2.30238203e+00 -1.08889101e-02 
 8.33550000e-09  8.33550000e-09  2.50000000e+00  2.28709188e+00 -1.09932089e-02 
 8.33650000e-09  8.33650000e-09  2.50000000e+00  2.27121518e+00 -1.10844635e-02 
 8.33750000e-09  8.33750000e-09  2.50000000e+00  2.25473302e+00 -1.11440238e-02 
 8.33850000e-09  8.33850000e-09  2.50000000e+00  2.23762292e+00 -1.11848834e-02 
 8.33950000e-09  8.33950000e-09  2.50000000e+00  2.21985776e+00 -1.11872105e-02 
 8.34050000e-09  8.34050000e-09  2.50000000e+00  2.20140434e+00 -1.11623058e-02 
 8.34150000e-09  8.34150000e-09  2.50000000e+00  2.18222111e+00 -1.10878300e-02 
 8.34250000e-09  8.34250000e-09  2.50000000e+00  2.16225493e+00 -1.09712160e-02 
 8.34350000e-09  8.34350000e-09  2.50000000e+00  2.14143470e+00 -1.07824312e-02 
 8.34450000e-09  8.34450000e-09  2.50000000e+00  2.11966313e+00 -1.05196332e-02 
 8.34550000e-09  8.34550000e-09  2.50000000e+00  2.09679946e+00 -1.01320643e-02 
 8.34650000e-09  8.34650000e-09  2.50000000e+00  2.07261997e+00 -9.56966808e-03 
 8.34750000e-09  8.34750000e-09  2.50000000e+00  2.04681093e+00 -8.78572753e-03 
 8.34850000e-09  8.34850000e-09  2.50000000e+00  2.01947424e+00 -8.44195686e-03 
 8.34950000e-09  8.34950000e-09  2.50000000e+00  1.99094203e+00 -8.16121548e-03 
 8.35050000e-09  8.35050000e-09  2.50000000e+00  1.96125707e+00 -7.85887269e-03 
 8.35150000e-09  8.35150000e-09  2.50000000e+00  1.93046104e+00 -7.61681891e-03 
 8.35250000e-09  8.35250000e-09  2.50000000e+00  1.89859458e+00 -7.35059997e-03 
 8.35350000e-09  8.35350000e-09  2.50000000e+00  1.86569730e+00 -7.14227196e-03 
 8.35450000e-09  8.35450000e-09  2.50000000e+00  1.83180778e+00 -6.90753618e-03 
 8.35550000e-09  8.35550000e-09  2.50000000e+00  1.79696358e+00 -6.72859456e-03 
 8.35650000e-09  8.35650000e-09  2.50000000e+00  1.76120122e+00 -6.52128517e-03 
 8.35750000e-09  8.35750000e-09  2.50000000e+00  1.72455627e+00 -6.36793813e-03 
 8.35850000e-09  8.35850000e-09  2.50000000e+00  1.68706327e+00 -6.18451167e-03 
 8.35950000e-09  8.35950000e-09  2.50000000e+00  1.64875580e+00 -6.05344847e-03 
 8.36050000e-09  8.36050000e-09  2.50000000e+00  1.60966648e+00 -5.89081219e-03 
 8.36150000e-09  8.36150000e-09  2.50000000e+00  1.56982699e+00 -5.77914419e-03 
 8.36250000e-09  8.36250000e-09  2.50000000e+00  1.52926806e+00 -5.63460053e-03 
 8.36350000e-09  8.36350000e-09  2.50000000e+00  1.48801952e+00 -5.53980902e-03 
 8.36450000e-09  8.36450000e-09  2.50000000e+00  1.44611029e+00 -5.41100661e-03 
 8.36550000e-09  8.36550000e-09  2.50000000e+00  1.40362952e+00 -5.39855038e-03 
 8.36650000e-09  8.36650000e-09  2.50000000e+00  1.36075829e+00 -5.38755221e-03 
 8.36750000e-09  8.36750000e-09  2.50000000e+00  1.31767649e+00 -5.40805731e-03 
 8.36850000e-09  8.36850000e-09  2.50000000e+00  1.27452749e+00 -5.37909793e-03 
 8.36950000e-09  8.36950000e-09  2.50000000e+00  1.23144477e+00 -5.38309471e-03 
 8.37050000e-09  8.37050000e-09  2.50000000e+00  1.18855198e+00 -5.33845672e-03 
 8.37150000e-09  8.37150000e-09  2.50000000e+00  1.14596311e+00 -5.32749241e-03 
 8.37250000e-09  8.37250000e-09  2.50000000e+00  1.10378280e+00 -5.26857002e-03 
 8.37350000e-09  8.37350000e-09  2.50000000e+00  1.06210654e+00 -5.24399849e-03 
 8.37450000e-09  8.37450000e-09  2.50000000e+00  1.02102097e+00 -5.17216936e-03 
 8.37550000e-09  8.37550000e-09  2.50000000e+00  9.80604106e-01 -5.13542619e-03 
 8.37650000e-09  8.37650000e-09  2.50000000e+00  9.40925691e-01 -5.05219922e-03 
 8.37750000e-09  8.37750000e-09  2.50000000e+00  9.02047475e-01 -5.00487022e-03 
 8.37850000e-09  8.37850000e-09  2.50000000e+00  8.64023562e-01 -4.91190439e-03 
 8.37950000e-09  8.37950000e-09  2.50000000e+00  8.26900755e-01 -4.85571342e-03 
 8.38050000e-09  8.38050000e-09  2.50000000e+00  7.90718925e-01 -4.75478643e-03 
 8.38150000e-09  8.38150000e-09  2.50000000e+00  7.55511374e-01 -4.69155250e-03 
 8.38250000e-09  8.38250000e-09  2.50000000e+00  7.21305223e-01 -4.58451135e-03 
 8.38350000e-09  8.38350000e-09  2.50000000e+00  6.88121788e-01 -4.51609594e-03 
 8.38450000e-09  8.38450000e-09  2.50000000e+00  6.55976969e-01 -4.40480328e-03 
 8.38550000e-09  8.38550000e-09  2.50000000e+00  6.24881633e-01 -4.33305731e-03 
 8.38650000e-09  8.38650000e-09  2.50000000e+00  5.94841988e-01 -4.21934008e-03 
 8.38750000e-09  8.38750000e-09  2.50000000e+00  5.65859958e-01 -4.14605502e-03 
 8.38850000e-09  8.38850000e-09  2.50000000e+00  5.37933543e-01 -4.03165854e-03 
 8.38950000e-09  8.38950000e-09  2.50000000e+00  5.11057173e-01 -3.95852384e-03 
 8.39050000e-09  8.39050000e-09  2.50000000e+00  4.85222047e-01 -3.84507298e-03 
 8.39150000e-09  8.39150000e-09  2.50000000e+00  4.60416458e-01 -3.77364119e-03 
 8.39250000e-09  8.39250000e-09  2.50000000e+00  4.36626102e-01 -3.66260947e-03 
 8.39350000e-09  8.39350000e-09  2.50000000e+00  4.13834383e-01 -3.59426940e-03 
 8.39450000e-09  8.39450000e-09  2.50000000e+00  3.92022681e-01 -3.48695629e-03 
 8.39550000e-09  8.39550000e-09  2.50000000e+00  3.71170628e-01 -3.42291443e-03 
 8.39650000e-09  8.39650000e-09  2.50000000e+00  3.51247220e-01 -3.31727531e-03 
 8.39750000e-09  8.39750000e-09  2.50000000e+00  3.32238928e-01 -3.26199087e-03 
 8.39850000e-09  8.39850000e-09  2.50000000e+00  3.14130652e-01 -3.16648423e-03 
 8.39950000e-09  8.39950000e-09  2.50000000e+00  2.96886501e-01 -3.11283119e-03 
 8.40050000e-09  8.40050000e-09  2.50000000e+00  2.80478392e-01 -3.01908969e-03 
 8.40150000e-09  8.40150000e-09  2.50000000e+00  2.64877867e-01 -2.96737215e-03 
 8.40250000e-09  8.40250000e-09  2.50000000e+00  2.50056253e-01 -2.87571401e-03 
 8.40350000e-09  8.40350000e-09  2.50000000e+00  2.35984805e-01 -2.82620440e-03 
 8.40450000e-09  8.40450000e-09  2.50000000e+00  2.22634838e-01 -2.73685754e-03 
 8.40550000e-09  8.40550000e-09  2.50000000e+00  2.09977843e-01 -2.68974328e-03 
 8.40650000e-09  8.40650000e-09  2.50000000e+00  1.97985591e-01 -2.60285843e-03 
 8.40750000e-09  8.40750000e-09  2.50000000e+00  1.86630227e-01 -2.55825719e-03 
 8.40850000e-09  8.40850000e-09  2.50000000e+00  1.75884350e-01 -2.47392236e-03 
 8.40950000e-09  8.40950000e-09  2.50000000e+00  1.65721083e-01 -2.43189569e-03 
 8.41050000e-09  8.41050000e-09  2.50000000e+00  1.56114135e-01 -2.35014894e-03 
 8.41150000e-09  8.41150000e-09  2.50000000e+00  1.47037851e-01 -2.31071414e-03 
 8.41250000e-09  8.41250000e-09  2.50000000e+00  1.38467255e-01 -2.23155455e-03 
 8.41350000e-09  8.41350000e-09  2.50000000e+00  1.30378086e-01 -2.19469484e-03 
 8.41450000e-09  8.41450000e-09  2.50000000e+00  1.22746824e-01 -2.11809193e-03 
 8.41550000e-09  8.41550000e-09  2.50000000e+00  1.15550714e-01 -2.08376505e-03 
 8.41650000e-09  8.41650000e-09  2.50000000e+00  1.08767780e-01 -2.00966652e-03 
 8.41750000e-09  8.41750000e-09  2.50000000e+00  1.02376831e-01 -1.97781176e-03 
 8.41850000e-09  8.41850000e-09  2.50000000e+00  9.63574749e-02 -1.90614993e-03 
 8.41950000e-09  8.41950000e-09  2.50000000e+00  9.06901100e-02 -1.87669389e-03 
 8.42050000e-09  8.42050000e-09  2.50000000e+00  8.53559273e-02 -1.80739078e-03 
 8.42150000e-09  8.42150000e-09  2.50000000e+00  8.03369021e-02 -1.78025191e-03 
 8.42250000e-09  8.42250000e-09  2.50000000e+00  7.56157845e-02 -1.71322329e-03 
 8.42350000e-09  8.42350000e-09  2.50000000e+00  7.11760872e-02 -1.68831544e-03 
 8.42450000e-09  8.42450000e-09  2.50000000e+00  6.70020711e-02 -1.62347390e-03 
 8.42550000e-09  8.42550000e-09  2.50000000e+00  6.30787287e-02 -1.60070900e-03 
 8.42650000e-09  8.42650000e-09  2.50000000e+00  5.93917661e-02 -1.53796628e-03 
 8.42750000e-09  8.42750000e-09  2.50000000e+00  5.59275834e-02 -1.51725628e-03 
 8.42850000e-09  8.42850000e-09  2.50000000e+00  5.26732546e-02 -1.45652492e-03 
 8.42950000e-09  8.42950000e-09  2.50000000e+00  4.96165062e-02 -1.43778321e-03 
 8.43050000e-09  8.43050000e-09  2.50000000e+00  4.67456946e-02 -1.37897768e-03 
 8.43150000e-09  8.43150000e-09  2.50000000e+00  4.40497847e-02 -1.36212002e-03 
 8.43250000e-09  8.43250000e-09  2.50000000e+00  4.15183264e-02 -1.30515750e-03 
 8.43350000e-09  8.43350000e-09  2.50000000e+00  3.91414318e-02 -1.29010257e-03 
 8.43450000e-09  8.43450000e-09  2.50000000e+00  3.69097529e-02 -1.23490334e-03 
 8.43550000e-09  8.43550000e-09  2.50000000e+00  3.48144584e-02 -1.22157310e-03 
 8.43650000e-09  8.43650000e-09  2.50000000e+00  3.28472114e-02 -1.16806076e-03 
 8.43750000e-09  8.43750000e-09  2.50000000e+00  3.10001472e-02 -1.15638049e-03 
 8.43850000e-09  8.43850000e-09  2.50000000e+00  2.92658516e-02 -1.10448204e-03 
 8.43950000e-09  8.43950000e-09  2.50000000e+00  2.76373393e-02 -1.09438037e-03 
 8.44050000e-09  8.44050000e-09  2.50000000e+00  2.61080336e-02 -1.04402604e-03 
 8.44150000e-09  8.44150000e-09  2.50000000e+00  2.46717457e-02 -1.03543480e-03 
 8.44250000e-09  8.44250000e-09  2.50000000e+00  2.33226552e-02 -9.86557981e-04 
 8.44350000e-09  8.44350000e-09  2.50000000e+00  2.20552913e-02 -9.79412064e-04 
 8.44450000e-09  8.44450000e-09  2.50000000e+00  2.08645142e-02 -9.31949078e-04 
 8.44550000e-09  8.44550000e-09  2.50000000e+00  1.97454974e-02 -9.26186196e-04 
 8.44650000e-09  8.44650000e-09  2.50000000e+00  1.86926770e-02 -8.76469599e-04 
 8.44750000e-09  8.44750000e-09  2.50000000e+00  1.77009859e-02 -8.68866440e-04 
 8.44850000e-09  8.44850000e-09  2.50000000e+00  1.67668095e-02 -8.21177669e-04 
 8.44950000e-09  8.44950000e-09  2.50000000e+00  1.58867606e-02 -8.15609967e-04 
 8.45050000e-09  8.45050000e-09  2.50000000e+00  1.50576388e-02 -7.69865119e-04 
 8.45150000e-09  8.45150000e-09  2.50000000e+00  1.42764222e-02 -7.66155089e-04 
 8.45250000e-09  8.45250000e-09  2.50000000e+00  1.35402591e-02 -7.22186352e-04 
 8.45350000e-09  8.45350000e-09  2.50000000e+00  1.28464604e-02 -7.20175251e-04 
 8.45450000e-09  8.45450000e-09  2.50000000e+00  1.21924914e-02 -6.77832353e-04 
 8.45550000e-09  8.45550000e-09  2.50000000e+00  1.15759643e-02 -6.77377830e-04 
 8.45650000e-09  8.45650000e-09  2.50000000e+00  1.09946306e-02 -6.36525837e-04 
 8.45750000e-09  8.45750000e-09  2.50000000e+00  1.04463742e-02 -6.37499912e-04 
 8.45850000e-09  8.45850000e-09  2.50000000e+00  9.92920416e-03 -5.98017371e-04 
 8.45950000e-09  8.45950000e-09  2.50000000e+00  9.44124822e-03 -6.00304719e-04 
 8.46050000e-09  8.46050000e-09  2.50000000e+00  8.98074607e-03 -5.62082065e-04 
 8.46150000e-09  8.46150000e-09  2.50000000e+00  8.54604340e-03 -5.65578543e-04 
 8.46250000e-09  8.46250000e-09  2.50000000e+00  8.13558589e-03 -5.28516738e-04 
 8.46350000e-09  8.46350000e-09  2.50000000e+00  7.74791356e-03 -5.33128117e-04 
 8.46450000e-09  8.46450000e-09  2.50000000e+00  7.38165539e-03 -4.97137465e-04 
 8.46550000e-09  8.46550000e-09  2.50000000e+00  7.03552420e-03 -5.02778326e-04 
 8.46650000e-09  8.46650000e-09  2.50000000e+00  6.70831171e-03 -4.67777446e-04 
 8.46750000e-09  8.46750000e-09  2.50000000e+00  6.39888397e-03 -4.74370219e-04 
 8.46850000e-09  8.46850000e-09  2.50000000e+00  6.10617688e-03 -4.40285142e-04 
 8.46950000e-09  8.46950000e-09  2.50000000e+00  5.82919209e-03 -4.47759265e-04 
 8.47050000e-09  8.47050000e-09  2.50000000e+00  5.56699301e-03 -4.14522648e-04 
 8.47150000e-09  8.47150000e-09  2.50000000e+00  5.31870106e-03 -4.22813823e-04 
 8.47250000e-09  8.47250000e-09  2.50000000e+00  5.08349219e-03 -3.90364252e-04 
 8.47350000e-09  8.47350000e-09  2.50000000e+00  4.86059351e-03 -3.99413796e-04 
 8.47450000e-09  8.47450000e-09  2.50000000e+00  4.64928012e-03 -3.67695175e-04 
 8.47550000e-09  8.47550000e-09  2.50000000e+00  4.44887221e-03 -3.77449442e-04 
 8.47650000e-09  8.47650000e-09  2.50000000e+00  4.25873222e-03 -3.46410448e-04 
 8.47750000e-09  8.47750000e-09  2.50000000e+00  4.07826221e-03 -3.56820319e-04 
 8.47850000e-09  8.47850000e-09  2.50000000e+00  3.90690140e-03 -3.26413924e-04 
 8.47950000e-09  8.47950000e-09  2.50000000e+00  3.74412383e-03 -3.37434357e-04 
 8.48050000e-09  8.48050000e-09  2.50000000e+00  3.58943618e-03 -3.07617403e-04 
 8.48150000e-09  8.48150000e-09  2.50000000e+00  3.44245549e-03 -3.19516156e-04 
 8.48250000e-09  8.48250000e-09  2.50000000e+00  3.30265862e-03 -2.89930475e-04 
 8.48350000e-09  8.48350000e-09  2.50000000e+00  3.16963016e-03 -3.02326278e-04 
 8.48450000e-09  8.48450000e-09  2.50000000e+00  3.04306527e-03 -2.73547875e-04 
 8.48550000e-09  8.48550000e-09  2.50000000e+00  2.92252394e-03 -2.86143865e-04 
 8.48650000e-09  8.48650000e-09  2.50000000e+00  2.80767213e-03 -2.57847914e-04 
 8.48750000e-09  8.48750000e-09  2.50000000e+00  2.69819631e-03 -2.70910674e-04 
 8.48850000e-09  8.48850000e-09  2.50000000e+00  2.59380202e-03 -2.43066065e-04 
 8.48950000e-09  8.48950000e-09  2.50000000e+00  2.49421265e-03 -2.56565341e-04 
 8.49050000e-09  8.49050000e-09  2.50000000e+00  2.39916834e-03 -2.29142992e-04 
 8.49150000e-09  8.49150000e-09  2.50000000e+00  2.30842488e-03 -2.43050818e-04 
 8.49250000e-09  8.49250000e-09  2.50000000e+00  2.22175275e-03 -2.16023832e-04 
 8.49350000e-09  8.49350000e-09  2.50000000e+00  2.13893618e-03 -2.30314329e-04 
 8.49450000e-09  8.49450000e-09  2.50000000e+00  2.05977226e-03 -2.03657796e-04 
 8.49550000e-09  8.49550000e-09  2.50000000e+00  1.98407015e-03 -2.18306982e-04 
 8.49650000e-09  8.49650000e-09  2.50000000e+00  1.91165031e-03 -1.91997805e-04 
 8.49750000e-09  8.49750000e-09  2.50000000e+00  1.84234378e-03 -2.06983427e-04 
 8.49850000e-09  8.49850000e-09  2.50000000e+00  1.77599151e-03 -1.81000162e-04 
 8.49950000e-09  8.49950000e-09  2.50000000e+00  1.71244374e-03 -1.96301550e-04 
 8.50050000e-09  8.50050000e-09  2.50000000e+00  1.65155942e-03 -1.70624265e-04 
 8.50150000e-09  8.50150000e-09  2.50000000e+00  1.59320564e-03 -1.86222193e-04 
 8.50250000e-09  8.50250000e-09  2.50000000e+00  1.53725716e-03 -1.60832341e-04 
 8.50350000e-09  8.50350000e-09  2.50000000e+00  1.48359587e-03 -1.76708911e-04 
 8.50450000e-09  8.50450000e-09  2.50000000e+00  1.43211042e-03 -1.51589213e-04 
 8.50550000e-09  8.50550000e-09  2.50000000e+00  1.38269573e-03 -1.67727743e-04 
 8.50650000e-09  8.50650000e-09  2.50000000e+00  1.33525263e-03 -1.42862090e-04 
 8.50750000e-09  8.50750000e-09  2.50000000e+00  1.28968750e-03 -1.59247016e-04 
 8.50850000e-09  8.50850000e-09  2.50000000e+00  1.24591191e-03 -1.34620369e-04 
 8.50950000e-09  8.50950000e-09  2.50000000e+00  1.20384232e-03 -1.51237160e-04 
 8.51050000e-09  8.51050000e-09  2.50000000e+00  1.16339976e-03 -1.26835472e-04 
 8.51150000e-09  8.51150000e-09  2.50000000e+00  1.12450957e-03 -1.43670543e-04 
 8.51250000e-09  8.51250000e-09  2.50000000e+00  1.08710110e-03 -1.19480678e-04 
 8.51350000e-09  8.51350000e-09  2.50000000e+00  1.05110753e-03 -1.36521326e-04 
 8.51450000e-09  8.51450000e-09  2.50000000e+00  1.01646556e-03 -1.12530992e-04 
 8.51550000e-09  8.51550000e-09  2.50000000e+00  9.83115268e-04 -1.29765322e-04 
 8.51650000e-09  8.51650000e-09  2.50000000e+00  9.50999872e-04 -1.05963009e-04 
 8.51750000e-09  8.51750000e-09  2.50000000e+00  9.20065545e-04 -1.23379877e-04 
 8.51850000e-09  8.51850000e-09  2.50000000e+00  8.90261245e-04 -9.97547962e-05 
 8.51950000e-09  8.51950000e-09  2.50000000e+00  8.61538550e-04 -1.17343758e-04 
 8.52050000e-09  8.52050000e-09  2.50000000e+00  8.33851502e-04 -9.38857923e-05 
 8.52150000e-09  8.52150000e-09  2.50000000e+00  8.07156464e-04 -1.11637047e-04 
 8.52250000e-09  8.52250000e-09  2.50000000e+00  7.81411985e-04 -8.83367038e-05 
 8.52350000e-09  8.52350000e-09  2.50000000e+00  7.56578673e-04 -1.06241054e-04 
 8.52450000e-09  8.52450000e-09  2.50000000e+00  7.32619076e-04 -8.30894183e-05 
 8.52550000e-09  8.52550000e-09  2.50000000e+00  7.09497575e-04 -1.01138224e-04 
 8.52650000e-09  8.52650000e-09  2.50000000e+00  6.87180274e-04 -7.81269222e-05 
 8.52750000e-09  8.52750000e-09  2.50000000e+00  6.65634907e-04 -9.63120654e-05 
 8.52850000e-09  8.52850000e-09  2.50000000e+00  6.44830745e-04 -7.34332256e-05 
 8.52950000e-09  8.52950000e-09  2.50000000e+00  6.24738510e-04 -9.17470731e-05 
 8.53050000e-09  8.53050000e-09  2.50000000e+00  6.05330298e-04 -6.89932932e-05 
 8.53150000e-09  8.53150000e-09  2.50000000e+00  5.86579496e-04 -8.74286656e-05 
 8.53250000e-09  8.53250000e-09  2.50000000e+00  5.68460720e-04 -6.47929813e-05 
 8.53350000e-09  8.53350000e-09  2.50000000e+00  5.50949743e-04 -8.33431222e-05 
 8.53450000e-09  8.53450000e-09  2.50000000e+00  5.34023436e-04 -6.08189784e-05 
 8.53550000e-09  8.53550000e-09  2.50000000e+00  5.17659705e-04 -7.94775275e-05 
 8.53650000e-09  8.53650000e-09  2.50000000e+00  5.01837441e-04 -5.70587520e-05 
 8.53750000e-09  8.53750000e-09  2.50000000e+00  4.86536467e-04 -7.58197191e-05 
 8.53850000e-09  8.53850000e-09  2.50000000e+00  4.71737485e-04 -5.35004981e-05 
 8.53950000e-09  8.53950000e-09  2.50000000e+00  4.57422036e-04 -7.23582400e-05 
 8.54050000e-09  8.54050000e-09  2.50000000e+00  4.43572456e-04 -5.01330952e-05 
 8.54150000e-09  8.54150000e-09  2.50000000e+00  4.30171831e-04 -6.90822936e-05 
 8.54250000e-09  8.54250000e-09  2.50000000e+00  4.17203966e-04 -4.69460615e-05 
 8.54350000e-09  8.54350000e-09  2.50000000e+00  4.04653341e-04 -6.59817026e-05 
 8.54450000e-09  8.54450000e-09  2.50000000e+00  3.92505085e-04 -4.39295148e-05 
 8.54550000e-09  8.54550000e-09  2.50000000e+00  3.80744940e-04 -6.30468709e-05 
 8.54650000e-09  8.54650000e-09  2.50000000e+00  3.69359231e-04 -4.10741359e-05 
 8.54750000e-09  8.54750000e-09  2.50000000e+00  3.58334839e-04 -6.02687476e-05 
 8.54850000e-09  8.54850000e-09  2.50000000e+00  3.47659172e-04 -3.83711339e-05 
 8.54950000e-09  8.54950000e-09  2.50000000e+00  3.37320144e-04 -5.76387938e-05 
 8.55050000e-09  8.55050000e-09  2.50000000e+00  3.27306146e-04 -3.58122145e-05 
 8.55150000e-09  8.55150000e-09  2.50000000e+00  3.17606028e-04 -5.51489523e-05 
 8.55250000e-09  8.55250000e-09  2.50000000e+00  3.08209076e-04 -3.33895501e-05 
 8.55350000e-09  8.55350000e-09  2.50000000e+00  2.99104990e-04 -5.27916181e-05 
 8.55450000e-09  8.55450000e-09  2.50000000e+00  2.90283868e-04 -3.10957516e-05 
 8.55550000e-09  8.55550000e-09  2.50000000e+00  2.81736187e-04 -5.05596117e-05 
 8.55650000e-09  8.55650000e-09  2.50000000e+00  2.73452785e-04 -2.89238429e-05 
 8.55750000e-09  8.55750000e-09  2.50000000e+00  2.65424846e-04 -4.84461542e-05 
 8.55850000e-09  8.55850000e-09  2.50000000e+00  2.57643884e-04 -2.68672364e-05 
 8.55950000e-09  8.55950000e-09  2.50000000e+00  2.50101730e-04 -4.64448435e-05 
 8.56050000e-09  8.56050000e-09  2.50000000e+00  2.42790516e-04 -2.49197100e-05 
 8.56150000e-09  8.56150000e-09  2.50000000e+00  2.35702663e-04 -4.45496324e-05 
 8.56250000e-09  8.56250000e-09  2.50000000e+00  2.28830871e-04 -2.30753864e-05 
 8.56350000e-09  8.56350000e-09  2.50000000e+00  2.22168102e-04 -4.27548083e-05 
 8.56450000e-09  8.56450000e-09  2.50000000e+00  2.15707573e-04 -2.13287126e-05 
 8.56550000e-09  8.56550000e-09  2.50000000e+00  2.09442746e-04 -4.10549734e-05 
 8.56650000e-09  8.56650000e-09  2.50000000e+00  2.03367313e-04 -1.96744417e-05 
 8.56750000e-09  8.56750000e-09  2.50000000e+00  1.97475194e-04 -3.94450269e-05 
 8.56850000e-09  8.56850000e-09  2.50000000e+00  1.91760519e-04 -1.81076147e-05 
 8.56950000e-09  8.56950000e-09  2.50000000e+00  1.86217627e-04 -3.79201481e-05 
 8.57050000e-09  8.57050000e-09  2.50000000e+00  1.80841053e-04 -1.66235450e-05 
 8.57150000e-09  8.57150000e-09  2.50000000e+00  1.75625523e-04 -3.64757801e-05 
 8.57250000e-09  8.57250000e-09  2.50000000e+00  1.70565944e-04 -1.52178022e-05 
 8.57350000e-09  8.57350000e-09  2.50000000e+00  1.65657399e-04 -3.51076154e-05 
 8.57450000e-09  8.57450000e-09  2.50000000e+00  1.60895140e-04 -1.38861976e-05 
 8.57550000e-09  8.57550000e-09  2.50000000e+00  1.56274578e-04 -3.38115812e-05 
 8.57650000e-09  8.57650000e-09  2.50000000e+00  1.51791283e-04 -1.26247712e-05 
 8.57750000e-09  8.57750000e-09  2.50000000e+00  1.47440972e-04 -3.25838266e-05 
 8.57850000e-09  8.57850000e-09  2.50000000e+00  1.43219508e-04 -1.14297783e-05 
 8.57950000e-09  8.57950000e-09  2.50000000e+00  1.39122890e-04 -3.14207101e-05 
 8.58050000e-09  8.58050000e-09  2.50000000e+00  1.35147252e-04 -1.02976774e-05 
 8.58150000e-09  8.58150000e-09  2.50000000e+00  1.31288858e-04 -3.03187877e-05 
 8.58250000e-09  8.58250000e-09  2.50000000e+00  1.27544092e-04 -9.22511928e-06 
 8.58350000e-09  8.58350000e-09  2.50000000e+00  1.23909459e-04 -2.92748021e-05 
 8.58450000e-09  8.58450000e-09  2.50000000e+00  1.20381580e-04 -8.20893600e-06 
 8.58550000e-09  8.58550000e-09  2.50000000e+00  1.16957184e-04 -2.82856721e-05 
 8.58650000e-09  8.58650000e-09  2.50000000e+00  1.13633109e-04 -7.24613086e-06 
 8.58750000e-09  8.58750000e-09  2.50000000e+00  1.10406294e-04 -2.73484832e-05 
 8.58850000e-09  8.58850000e-09  2.50000000e+00  1.07273778e-04 -6.33386896e-06 
 8.58950000e-09  8.58950000e-09  2.50000000e+00  1.04232695e-04 -2.64604780e-05 
 8.59050000e-09  8.59050000e-09  2.50000000e+00  1.01280272e-04 -5.46946826e-06 
 8.59150000e-09  8.59150000e-09  2.50000000e+00  9.84138253e-05 -2.56190475e-05 
 8.59250000e-09  8.59250000e-09  2.50000000e+00  9.56307555e-05 -4.65039112e-06 
 8.59350000e-09  8.59350000e-09  2.50000000e+00  9.29285470e-05 -2.48217235e-05 
 8.59450000e-09  8.59450000e-09  2.50000000e+00  9.03047644e-05 -3.87423641e-06 
 8.59550000e-09  8.59550000e-09  2.50000000e+00  8.77570492e-05 -2.40661702e-05 
 8.59650000e-09  8.59650000e-09  2.50000000e+00  8.52831176e-05 -3.13873197e-06 
 8.59750000e-09  8.59750000e-09  2.50000000e+00  8.28807579e-05 -2.33501772e-05 
 8.59850000e-09  8.59850000e-09  2.50000000e+00  8.05478281e-05 -2.44172754e-06 
 8.59950000e-09  8.59950000e-09  2.50000000e+00  7.82822531e-05 -2.26716527e-05 
 8.60050000e-09  8.60050000e-09  2.50000000e+00  7.60820232e-05 -1.78118814e-06 
 8.60150000e-09  8.60150000e-09  2.50000000e+00  7.39451911e-05 -2.20286170e-05 
 8.60250000e-09  8.60250000e-09  2.50000000e+00  7.18698707e-05 -1.15518773e-06 
 8.60350000e-09  8.60350000e-09  2.50000000e+00  6.98542339e-05 -2.14191962e-05 
 8.60450000e-09  8.60450000e-09  2.50000000e+00  6.78965100e-05 -5.61903302e-07 
 8.60550000e-09  8.60550000e-09  2.50000000e+00  6.59949827e-05 -2.08416168e-05 
 8.60650000e-09  8.60650000e-09  2.50000000e+00  6.41479376e-05  6.63310138e-10 
 8.60750000e-09  8.60750000e-09  2.50000000e+00  6.23538197e-05 -2.02942069e-05 
 8.60850000e-09  8.60850000e-09  2.50000000e+00  6.06111178e-05  5.33320990e-07 
 8.60950000e-09  8.60950000e-09  2.50000000e+00  5.89182602e-05 -1.97753627e-05 
 8.61050000e-09  8.61050000e-09  2.50000000e+00  5.72737381e-05  1.03866776e-06 
 8.61150000e-09  8.61150000e-09  2.50000000e+00  5.56761744e-05 -1.92835928e-05 
 8.61250000e-09  8.61250000e-09  2.50000000e+00  5.41242302e-05  1.51722281e-06 
 8.61350000e-09  8.61350000e-09  2.50000000e+00  5.26165224e-05 -1.88174609e-05 
 8.61450000e-09  8.61450000e-09  2.50000000e+00  5.11517546e-05  1.97104295e-06 
 8.61550000e-09  8.61550000e-09  2.50000000e+00  4.97286697e-05 -1.83756245e-05 
 8.61650000e-09  8.61650000e-09  2.50000000e+00  4.83460487e-05  2.40121484e-06 
 8.61750000e-09  8.61750000e-09  2.50000000e+00  4.70027096e-05 -1.79568065e-05 
 8.61850000e-09  8.61850000e-09  2.50000000e+00  4.56975061e-05  2.80898102e-06 
 8.61950000e-09  8.61950000e-09  2.50000000e+00  4.44293267e-05 -1.75597980e-05 
 8.62050000e-09  8.62050000e-09  2.50000000e+00  4.31970931e-05  3.19551805e-06 
 8.62150000e-09  8.62150000e-09  2.50000000e+00  4.19997596e-05 -1.71834540e-05 
 8.62250000e-09  8.62250000e-09  2.50000000e+00  4.08363122e-05  3.56194005e-06 
 8.62350000e-09  8.62350000e-09  2.50000000e+00  3.97057668e-05 -1.68266903e-05 
 8.62450000e-09  8.62450000e-09  2.50000000e+00  3.86071694e-05  3.90930209e-06 
 8.62550000e-09  8.62550000e-09  2.50000000e+00  3.75395940e-05 -1.64884802e-05 
 8.62650000e-09  8.62650000e-09  2.50000000e+00  3.65021428e-05  4.23860331e-06 
 8.62750000e-09  8.62750000e-09  2.50000000e+00  3.54939444e-05 -1.61678513e-05 
 8.62850000e-09  8.62850000e-09  2.50000000e+00  3.45141537e-05  4.55078995e-06 
 8.62950000e-09  8.62950000e-09  2.50000000e+00  3.35619505e-05 -1.58638829e-05 
 8.63050000e-09  8.63050000e-09  2.50000000e+00  3.26365392e-05  4.84675821e-06 
 8.63150000e-09  8.63150000e-09  2.50000000e+00  3.17371478e-05 -1.55757027e-05 
 8.63250000e-09  8.63250000e-09  2.50000000e+00  3.08630270e-05  5.12735688e-06 
 8.63350000e-09  8.63350000e-09  2.50000000e+00  3.00134501e-05 -1.53024846e-05 
 8.63450000e-09  8.63450000e-09  2.50000000e+00  2.91877116e-05  5.39338994e-06 
 8.63550000e-09  8.63550000e-09  2.50000000e+00  2.83851269e-05 -1.50434462e-05 
 8.63650000e-09  8.63650000e-09  2.50000000e+00  2.76050317e-05  5.64561889e-06 
 8.63750000e-09  8.63750000e-09  2.50000000e+00  2.68467814e-05 -1.47978464e-05 
 8.63850000e-09  8.63850000e-09  2.50000000e+00  2.61097501e-05  5.88476508e-06 
 8.63950000e-09  8.63950000e-09  2.50000000e+00  2.53933307e-05 -1.45649830e-05 
 8.64050000e-09  8.64050000e-09  2.50000000e+00  2.46969336e-05  6.11151179e-06 
 8.64150000e-09  8.64150000e-09  2.50000000e+00  2.40199867e-05 -1.43441912e-05 
 8.64250000e-09  8.64250000e-09  2.50000000e+00  2.33619348e-05  6.32650632e-06 
 8.64350000e-09  8.64350000e-09  2.50000000e+00  2.27222387e-05 -1.41348407e-05 
 8.64450000e-09  8.64450000e-09  2.50000000e+00  2.21003752e-05  6.53036189e-06 
 8.64550000e-09  8.64550000e-09  2.50000000e+00  2.14958363e-05 -1.39363348e-05 
 8.64650000e-09  8.64650000e-09  2.50000000e+00  2.09081290e-05  6.72365943e-06 
 8.64750000e-09  8.64750000e-09  2.50000000e+00  2.03367745e-05 -1.37481081e-05 
 8.64850000e-09  8.64850000e-09  2.50000000e+00  1.97813082e-05  6.90694931e-06 
 8.64950000e-09  8.64950000e-09  2.50000000e+00  1.92412787e-05 -1.35696247e-05 
 8.65050000e-09  8.65050000e-09  2.50000000e+00  1.87162481e-05  7.08075300e-06 
 8.65150000e-09  8.65150000e-09  2.50000000e+00  1.82057910e-05 -1.34003772e-05 
 8.65250000e-09  8.65250000e-09  2.50000000e+00  1.77094945e-05  7.24556454e-06 
 8.65350000e-09  8.65350000e-09  2.50000000e+00  1.72269577e-05 -1.32398846e-05 
 8.65450000e-09  8.65450000e-09  2.50000000e+00  1.67577911e-05  7.40185205e-06 
 8.65550000e-09  8.65550000e-09  2.50000000e+00  1.63016169e-05 -1.30876913e-05 
 8.65650000e-09  8.65650000e-09  2.50000000e+00  1.58580678e-05  7.55005910e-06 
 8.65750000e-09  8.65750000e-09  2.50000000e+00  1.54267875e-05 -1.29433655e-05 
 8.65850000e-09  8.65850000e-09  2.50000000e+00  1.50074297e-05  7.69060596e-06 
 8.65950000e-09  8.65950000e-09  2.50000000e+00  1.45996584e-05 -1.28064980e-05 
 8.66050000e-09  8.66050000e-09  2.50000000e+00  1.42031469e-05  7.82389090e-06 
 8.66150000e-09  8.66150000e-09  2.50000000e+00  1.38175784e-05 -1.26767013e-05 
 8.66250000e-09  8.66250000e-09  2.50000000e+00  1.34426449e-05  7.95029132e-06 
 8.66350000e-09  8.66350000e-09  2.50000000e+00  1.30780473e-05 -1.25536078e-05 
 8.66450000e-09  8.66450000e-09  2.50000000e+00  1.27234952e-05  8.07016486e-06 
 8.66550000e-09  8.66550000e-09  2.50000000e+00  1.23787066e-05 -1.24368695e-05 
 8.66650000e-09  8.66650000e-09  2.50000000e+00  1.20434074e-05  8.18385044e-06 
 8.66750000e-09  8.66750000e-09  2.50000000e+00  1.17173314e-05 -1.23261564e-05 
 8.66850000e-09  8.66850000e-09  2.50000000e+00  1.14002203e-05  8.29166925e-06 
 8.66950000e-09  8.66950000e-09  2.50000000e+00  1.10918229e-05 -1.22211558e-05 
 8.67050000e-09  8.67050000e-09  2.50000000e+00  1.07918954e-05  8.39392571e-06 
 8.67150000e-09  8.67150000e-09  2.50000000e+00  1.05002007e-05 -1.21215713e-05 
 8.67250000e-09  8.67250000e-09  2.50000000e+00  1.02165088e-05  8.49090830e-06 
 8.67350000e-09  8.67350000e-09  2.50000000e+00  9.94059601e-06 -1.20271222e-05 
 8.67450000e-09  8.67450000e-09  2.50000000e+00  9.67224524e-06  8.58289046e-06 
 8.67550000e-09  8.67550000e-09  2.50000000e+00  9.41124546e-06 -1.19375422e-05 
 8.67650000e-09  8.67650000e-09  2.50000000e+00  9.15739169e-06  8.67013135e-06 
 8.67750000e-09  8.67750000e-09  2.50000000e+00  8.91048477e-06 -1.18525790e-05 
 8.67850000e-09  8.67850000e-09  2.50000000e+00  8.67033123e-06  8.75287661e-06 
 8.67950000e-09  8.67950000e-09  2.50000000e+00  8.43674309e-06 -1.17719935e-05 
 8.68050000e-09  8.68050000e-09  2.50000000e+00  8.20953773e-06  8.83135906e-06 
 8.68150000e-09  8.68150000e-09  2.50000000e+00  7.98853769e-06 -1.16955590e-05 
 8.68250000e-09  8.68250000e-09  2.50000000e+00  7.77357056e-06  8.90579939e-06 
 8.68350000e-09  8.68350000e-09  2.50000000e+00  7.56446882e-06 -1.16230606e-05 
 8.68450000e-09  8.68450000e-09  2.50000000e+00  7.36106970e-06  8.97640679e-06 
 8.68550000e-09  8.68550000e-09  2.50000000e+00  7.16321503e-06 -1.15542946e-05 
 8.68650000e-09  8.68650000e-09  2.50000000e+00  6.97075112e-06  9.04337957e-06 
 8.68750000e-09  8.68750000e-09  2.50000000e+00  6.78352862e-06 -1.14890680e-05 
 8.68850000e-09  8.68850000e-09  2.50000000e+00  6.60140242e-06  9.10690569e-06 
 8.68950000e-09  8.68950000e-09  2.50000000e+00  6.42423149e-06 -1.14271978e-05 
 8.69050000e-09  8.69050000e-09  2.50000000e+00  6.25187879e-06  9.16716335e-06 
 8.69150000e-09  8.69150000e-09  2.50000000e+00  6.08421113e-06 -1.13685105e-05 
 8.69250000e-09  8.69250000e-09  2.50000000e+00  5.92109909e-06  9.22432147e-06 
 8.69350000e-09  8.69350000e-09  2.50000000e+00  5.76241689e-06 -1.13128416e-05 
 8.69450000e-09  8.69450000e-09  2.50000000e+00  5.60804228e-06  9.27854020e-06 
 8.69550000e-09  8.69550000e-09  2.50000000e+00  5.45785647e-06 -1.12600351e-05 
 8.69650000e-09  8.69650000e-09  2.50000000e+00  5.31174400e-06  9.32997137e-06 
 8.69750000e-09  8.69750000e-09  2.50000000e+00  5.16959263e-06 -1.12099433e-05 
 8.69850000e-09  8.69850000e-09  2.50000000e+00  5.03129331e-06  9.37875889e-06 
 8.69950000e-09  8.69950000e-09  2.50000000e+00  4.89674003e-06 -1.11624259e-05 
 8.70050000e-09  8.70050000e-09  2.50000000e+00  4.76582974e-06  9.42503924e-06 
 8.70150000e-09  8.70150000e-09  2.50000000e+00  4.63846230e-06 -1.11173502e-05 
 8.70250000e-09  8.70250000e-09  2.50000000e+00  4.51454036e-06  9.46894180e-06 
 8.70350000e-09  8.70350000e-09  2.50000000e+00  4.39396930e-06 -1.10745901e-05 
 8.70450000e-09  8.70450000e-09  2.50000000e+00  4.27665715e-06  9.51058922e-06 
 8.70550000e-09  8.70550000e-09  2.50000000e+00  4.16251450e-06 -1.10340263e-05 
 8.70650000e-09  8.70650000e-09  2.50000000e+00  4.05145444e-06  9.55009782e-06 
 8.70750000e-09  8.70750000e-09  2.50000000e+00  3.94339249e-06 -1.09955454e-05 
 8.70850000e-09  8.70850000e-09  2.50000000e+00  3.83824653e-06  9.58757786e-06 
 8.70950000e-09  8.70950000e-09  2.50000000e+00  3.73593672e-06 -1.09590401e-05 
 8.71050000e-09  8.71050000e-09  2.50000000e+00  3.63638545e-06  9.62313390e-06 
 8.71150000e-09  8.71150000e-09  2.50000000e+00  3.53951727e-06 -1.09244085e-05 
 8.71250000e-09  8.71250000e-09  2.50000000e+00  3.44525884e-06  9.65686509e-06 
 8.71350000e-09  8.71350000e-09  2.50000000e+00  3.35353884e-06 -1.08915542e-05 
 8.71450000e-09  8.71450000e-09  2.50000000e+00  3.26428795e-06  9.68886544e-06 
 8.71550000e-09  8.71550000e-09  2.50000000e+00  3.17743876e-06 -1.08603856e-05 
 8.71650000e-09  8.71650000e-09  2.50000000e+00  3.09292575e-06  9.71922407e-06 
 8.71750000e-09  8.71750000e-09  2.50000000e+00  3.01068520e-06 -1.08308158e-05 
 8.71850000e-09  8.71850000e-09  2.50000000e+00  2.93065518e-06  9.74802554e-06 
 8.71950000e-09  8.71950000e-09  2.50000000e+00  2.85277544e-06 -1.08027626e-05 
 8.72050000e-09  8.72050000e-09  2.50000000e+00  2.77698745e-06  9.77534997e-06 
 8.72150000e-09  8.72150000e-09  2.50000000e+00  2.70323425e-06 -1.07761479e-05 
 8.72250000e-09  8.72250000e-09  2.50000000e+00  2.63146048e-06  9.80127340e-06 
 8.72350000e-09  8.72350000e-09  2.50000000e+00  2.56161232e-06 -1.07508977e-05 
 8.72450000e-09  8.72450000e-09  2.50000000e+00  2.49363742e-06  9.82586789e-06 
 8.72550000e-09  8.72550000e-09  2.50000000e+00  2.42748488e-06 -1.07269418e-05 
 8.72650000e-09  8.72650000e-09  2.50000000e+00  2.36310521e-06  9.84920181e-06 
 8.72750000e-09  8.72750000e-09  2.50000000e+00  2.30045028e-06 -1.07042137e-05 
 8.72850000e-09  8.72850000e-09  2.50000000e+00  2.23947330e-06  9.87133997e-06 
 8.72950000e-09  8.72950000e-09  2.50000000e+00  2.18012876e-06 -1.06826502e-05 
 8.73050000e-09  8.73050000e-09  2.50000000e+00  2.12237240e-06  9.89234385e-06 
 8.73150000e-09  8.73150000e-09  2.50000000e+00  2.06616118e-06 -1.06621914e-05 
 8.73250000e-09  8.73250000e-09  2.50000000e+00  2.01145325e-06  9.91227175e-06 
 8.73350000e-09  8.73350000e-09  2.50000000e+00  1.95820791e-06 -1.06427805e-05 
 8.73450000e-09  8.73450000e-09  2.50000000e+00  1.90638557e-06  9.93117897e-06 
 8.73550000e-09  8.73550000e-09  2.50000000e+00  1.85594775e-06 -1.06243638e-05 
 8.73650000e-09  8.73650000e-09  2.50000000e+00  1.80685700e-06  9.94911794e-06 
 8.73750000e-09  8.73750000e-09  2.50000000e+00  1.75907692e-06 -1.06068902e-05 
 8.73850000e-09  8.73850000e-09  2.50000000e+00  1.71257209e-06  9.96613840e-06 
 8.73950000e-09  8.73950000e-09  2.50000000e+00  1.66730807e-06 -1.05903111e-05 
 8.74050000e-09  8.74050000e-09  2.50000000e+00  1.62325137e-06  9.98228751e-06 
 8.74150000e-09  8.74150000e-09  2.50000000e+00  1.58036940e-06 -1.05745808e-05 
 8.74250000e-09  8.74250000e-09  2.50000000e+00  1.53863048e-06  9.99761002e-06 
 8.74350000e-09  8.74350000e-09  2.50000000e+00  1.49800379e-06 -1.05596555e-05 
 8.74450000e-09  8.74450000e-09  2.50000000e+00  1.45845936e-06  1.00121483e-05 
 8.74550000e-09  8.74550000e-09  2.50000000e+00  1.41996802e-06 -1.05454940e-05 
 8.74650000e-09  8.74650000e-09  2.50000000e+00  1.38250141e-06  1.00259427e-05 
 8.74750000e-09  8.74750000e-09  2.50000000e+00  1.34603196e-06 -1.05320572e-05 
 8.74850000e-09  8.74850000e-09  2.50000000e+00  1.31053282e-06  1.00390314e-05 
 8.74950000e-09  8.74950000e-09  2.50000000e+00  1.27597789e-06 -1.05193077e-05 
 8.75050000e-09  8.75050000e-09  2.50000000e+00  1.24234179e-06  1.00514505e-05 
 8.75150000e-09  8.75150000e-09  2.50000000e+00  1.20959981e-06 -1.05072104e-05 
 8.75250000e-09  8.75250000e-09  2.50000000e+00  1.17772794e-06  1.00632343e-05 
 8.75350000e-09  8.75350000e-09  2.50000000e+00  1.14670281e-06 -1.04957318e-05 
 8.75450000e-09  8.75450000e-09  2.50000000e+00  1.11650167e-06  1.00744156e-05 
 8.75550000e-09  8.75550000e-09  2.50000000e+00  1.08710242e-06 -1.04848402e-05 
 8.75650000e-09  8.75650000e-09  2.50000000e+00  1.05848354e-06  1.00850251e-05 
 8.75750000e-09  8.75750000e-09  2.50000000e+00  1.03062410e-06 -1.04745055e-05 
 8.75850000e-09  8.75850000e-09  2.50000000e+00  1.00350374e-06  1.00950922e-05 
 8.75950000e-09  8.75950000e-09  2.50000000e+00  9.77102660e-07 -1.04646991e-05 
 8.76050000e-09  8.76050000e-09  2.50000000e+00  9.51401582e-07  1.01046446e-05 
 8.76150000e-09  8.76150000e-09  2.50000000e+00  9.26381762e-07 -1.04553940e-05 
 8.76250000e-09  8.76250000e-09  2.50000000e+00  9.02024961e-07  1.01137088e-05 
 8.76350000e-09  8.76350000e-09  2.50000000e+00  8.78313436e-07 -1.04465645e-05 
 8.76450000e-09  8.76450000e-09  2.50000000e+00  8.55229923e-07  1.01223097e-05 
 8.76550000e-09  8.76550000e-09  2.50000000e+00  8.32757627e-07 -1.04381862e-05 
 8.76650000e-09  8.76650000e-09  2.50000000e+00  8.10880207e-07  1.01304711e-05 
 8.76750000e-09  8.76750000e-09  2.50000000e+00  7.89581765e-07 -1.04302360e-05 
 8.76850000e-09  8.76850000e-09  2.50000000e+00  7.68846833e-07  1.01382156e-05 
 8.76950000e-09  8.76950000e-09  2.50000000e+00  7.48660360e-07 -1.04226920e-05 
 8.77050000e-09  8.77050000e-09  2.50000000e+00  7.29007702e-07  1.01455643e-05 
 8.77150000e-09  8.77150000e-09  2.50000000e+00  7.09874613e-07 -1.04155334e-05 
 8.77250000e-09  8.77250000e-09  2.50000000e+00  6.91247230e-07  1.01525377e-05 
 8.77350000e-09  8.77350000e-09  2.50000000e+00  6.73112063e-07 -1.04087404e-05 
 8.77450000e-09  8.77450000e-09  2.50000000e+00  6.55455988e-07  1.01591549e-05 
 8.77550000e-09  8.77550000e-09  2.50000000e+00  6.38266234e-07 -1.04022944e-05 
 8.77650000e-09  8.77650000e-09  2.50000000e+00  6.21530376e-07  1.01654342e-05 
 8.77750000e-09  8.77750000e-09  2.50000000e+00  6.05236321e-07 -1.03961776e-05 
 8.77850000e-09  8.77850000e-09  2.50000000e+00  5.89372304e-07  1.01713928e-05 
 8.77950000e-09  8.77950000e-09  2.50000000e+00  5.73926877e-07 -1.03903731e-05 
 8.78050000e-09  8.78050000e-09  2.50000000e+00  5.58888899e-07  1.01770472e-05 
 8.78150000e-09  8.78150000e-09  2.50000000e+00  5.44247529e-07 -1.03848649e-05 
 8.78250000e-09  8.78250000e-09  2.50000000e+00  5.29992218e-07  1.01824129e-05 
 8.78350000e-09  8.78350000e-09  2.50000000e+00  5.16112700e-07 -1.03796380e-05 
 8.78450000e-09  8.78450000e-09  2.50000000e+00  5.02598986e-07  1.01875047e-05 
 8.78550000e-09  8.78550000e-09  2.50000000e+00  4.89441355e-07 -1.03746778e-05 
 8.78650000e-09  8.78650000e-09  2.50000000e+00  4.76630347e-07  1.01923366e-05 
 8.78750000e-09  8.78750000e-09  2.50000000e+00  4.64156756e-07 -1.03699708e-05 
 8.78850000e-09  8.78850000e-09  2.50000000e+00  4.52011623e-07  1.01969219e-05 
 8.78950000e-09  8.78950000e-09  2.50000000e+00  4.40186229e-07 -1.03655041e-05 
 8.79050000e-09  8.79050000e-09  2.50000000e+00  4.28672089e-07  1.02012732e-05 
 8.79150000e-09  8.79150000e-09  2.50000000e+00  4.17460946e-07 -1.03612653e-05 
 8.79250000e-09  8.79250000e-09  2.50000000e+00  4.06544765e-07  1.02054025e-05 
 8.79350000e-09  8.79350000e-09  2.50000000e+00  3.95915724e-07 -1.03572427e-05 
 8.79450000e-09  8.79450000e-09  2.50000000e+00  3.85566212e-07  1.02093210e-05 
 8.79550000e-09  8.79550000e-09  2.50000000e+00  3.75488822e-07 -1.03534254e-05 
 8.79650000e-09  8.79650000e-09  2.50000000e+00  3.65676345e-07  1.02130397e-05 
 8.79750000e-09  8.79750000e-09  2.50000000e+00  3.56121763e-07 -1.03498029e-05 
 8.79850000e-09  8.79850000e-09  2.50000000e+00  3.46818249e-07  1.02165686e-05 
 8.79950000e-09  8.79950000e-09  2.50000000e+00  3.37759157e-07 -1.03463651e-05 
 8.80050000e-09  8.80050000e-09  2.50000000e+00  3.28938017e-07  1.02199176e-05 
 8.80150000e-09  8.80150000e-09  2.50000000e+00  3.20348534e-07 -1.03431027e-05 
 8.80250000e-09  8.80250000e-09  2.50000000e+00  3.11984581e-07  1.02230957e-05 
 8.80350000e-09  8.80350000e-09  2.50000000e+00  3.03840193e-07 -1.03400067e-05 
 8.80450000e-09  8.80450000e-09  2.50000000e+00  2.95909566e-07  1.02261118e-05 
 8.80550000e-09  8.80550000e-09  2.50000000e+00  2.88187050e-07 -1.03370685e-05 
 8.80650000e-09  8.80650000e-09  2.50000000e+00  2.80667145e-07  1.02289740e-05 
 8.80750000e-09  8.80750000e-09  2.50000000e+00  2.73344499e-07 -1.03342802e-05 
 8.80850000e-09  8.80850000e-09  2.50000000e+00  2.66213903e-07  1.02316903e-05 
 8.80950000e-09  8.80950000e-09  2.50000000e+00  2.59270284e-07 -1.03316341e-05 
 8.81050000e-09  8.81050000e-09  2.50000000e+00  2.52508708e-07  1.02342681e-05 
 8.81150000e-09  8.81150000e-09  2.50000000e+00  2.45924369e-07 -1.03291228e-05 
 8.81250000e-09  8.81250000e-09  2.50000000e+00  2.39512591e-07  1.02367145e-05 
 8.81350000e-09  8.81350000e-09  2.50000000e+00  2.33268822e-07 -1.03267396e-05 
 8.81450000e-09  8.81450000e-09  2.50000000e+00  2.27188631e-07  1.02390362e-05 
 8.81550000e-09  8.81550000e-09  2.50000000e+00  2.21267705e-07 -1.03244779e-05 
 8.81650000e-09  8.81650000e-09  2.50000000e+00  2.15501844e-07  1.02412395e-05 
 8.81750000e-09  8.81750000e-09  2.50000000e+00  2.09886963e-07 -1.03223315e-05 
 8.81850000e-09  8.81850000e-09  2.50000000e+00  2.04419083e-07  1.02433305e-05 
 8.81950000e-09  8.81950000e-09  2.50000000e+00  1.99094332e-07 -1.03202944e-05 
 8.82050000e-09  8.82050000e-09  2.50000000e+00  1.93908939e-07  1.02453150e-05 
 8.82150000e-09  8.82150000e-09  2.50000000e+00  1.88859236e-07 -1.03183612e-05 
 8.82250000e-09  8.82250000e-09  2.50000000e+00  1.83941649e-07  1.02471983e-05 
 8.82350000e-09  8.82350000e-09  2.50000000e+00  1.79152702e-07 -1.03165265e-05 
 8.82450000e-09  8.82450000e-09  2.50000000e+00  1.74489009e-07  1.02489856e-05 
 8.82550000e-09  8.82550000e-09  2.50000000e+00  1.69947275e-07 -1.03147853e-05 
 8.82650000e-09  8.82650000e-09  2.50000000e+00  1.65524291e-07  1.02506819e-05 
 8.82750000e-09  8.82750000e-09  2.50000000e+00  1.61216936e-07 -1.03131328e-05 
 8.82850000e-09  8.82850000e-09  2.50000000e+00  1.57022168e-07  1.02522917e-05 
 8.82950000e-09  8.82950000e-09  2.50000000e+00  1.52937029e-07 -1.03115645e-05 
 8.83050000e-09  8.83050000e-09  2.50000000e+00  1.48958636e-07  1.02538195e-05 
 8.83150000e-09  8.83150000e-09  2.50000000e+00  1.45084185e-07 -1.03100762e-05 
 8.83250000e-09  8.83250000e-09  2.50000000e+00  1.41310945e-07  1.02552695e-05 
 8.83350000e-09  8.83350000e-09  2.50000000e+00  1.37636257e-07 -1.03086636e-05 
 8.83450000e-09  8.83450000e-09  2.50000000e+00  1.34057534e-07  1.02566456e-05 
 8.83550000e-09  8.83550000e-09  2.50000000e+00  1.30572255e-07 -1.03073230e-05 
 8.83650000e-09  8.83650000e-09  2.50000000e+00  1.27177968e-07  1.02579516e-05 
 8.83750000e-09  8.83750000e-09  2.50000000e+00  1.23872284e-07 -1.03060507e-05 
 8.83850000e-09  8.83850000e-09  2.50000000e+00  1.20652879e-07  1.02591911e-05 
 8.83950000e-09  8.83950000e-09  2.50000000e+00  1.17517489e-07 -1.03048432e-05 
 8.84050000e-09  8.84050000e-09  2.50000000e+00  1.14463909e-07  1.02603675e-05 
 8.84150000e-09  8.84150000e-09  2.50000000e+00  1.11489995e-07 -1.03036971e-05 
 8.84250000e-09  8.84250000e-09  2.50000000e+00  1.08593656e-07  1.02614839e-05 
 8.84350000e-09  8.84350000e-09  2.50000000e+00  1.05772861e-07 -1.03026095e-05 
 8.84450000e-09  8.84450000e-09  2.50000000e+00  1.03025627e-07  1.02625435e-05 
 8.84550000e-09  8.84550000e-09  2.50000000e+00  1.00350029e-07 -1.03015772e-05 
 8.84650000e-09  8.84650000e-09  2.50000000e+00  9.77441871e-08  1.02635492e-05 
 8.84750000e-09  8.84750000e-09  2.50000000e+00  9.52062753e-08 -1.03005975e-05 
 8.84850000e-09  8.84850000e-09  2.50000000e+00  9.27345141e-08  1.02645036e-05 
 8.84950000e-09  8.84950000e-09  2.50000000e+00  9.03271709e-08 -1.02996677e-05 
 8.85050000e-09  8.85050000e-09  2.50000000e+00  8.79825590e-08  1.02654094e-05 
 8.85150000e-09  8.85150000e-09  2.50000000e+00  8.56990360e-08 -1.02987853e-05 
 8.85250000e-09  8.85250000e-09  2.50000000e+00  8.34750027e-08  1.02662691e-05 
 8.85350000e-09  8.85350000e-09  2.50000000e+00  8.13089025e-08 -1.02979477e-05 
 8.85450000e-09  8.85450000e-09  2.50000000e+00  7.91992190e-08  1.02670851e-05 
 8.85550000e-09  8.85550000e-09  2.50000000e+00  7.71444765e-08 -1.02971528e-05 
 8.85650000e-09  8.85650000e-09  2.50000000e+00  7.51432377e-08  1.02678595e-05 
 8.85750000e-09  8.85750000e-09  2.50000000e+00  7.31941032e-08 -1.02963984e-05 
 8.85850000e-09  8.85850000e-09  2.50000000e+00  7.12957105e-08  1.02685944e-05 
 8.85950000e-09  8.85950000e-09  2.50000000e+00  6.94467328e-08 -1.02956824e-05 
 8.86050000e-09  8.86050000e-09  2.50000000e+00  6.76458781e-08  1.02692920e-05 
 8.86150000e-09  8.86150000e-09  2.50000000e+00  6.58918888e-08 -1.02950028e-05 
 8.86250000e-09  8.86250000e-09  2.50000000e+00  6.41835401e-08  1.02699541e-05 
 8.86350000e-09  8.86350000e-09  2.50000000e+00  6.25196393e-08 -1.02943578e-05 
 8.86450000e-09  8.86450000e-09  2.50000000e+00  6.08990252e-08  1.02705824e-05 
 8.86550000e-09  8.86550000e-09  2.50000000e+00  5.93205669e-08 -1.02937456e-05 
 8.86650000e-09  8.86650000e-09  2.50000000e+00  5.77831635e-08  1.02711788e-05 
 8.86750000e-09  8.86750000e-09  2.50000000e+00  5.62857429e-08 -1.02931646e-05 
 8.86850000e-09  8.86850000e-09  2.50000000e+00  5.48272609e-08  1.02717448e-05 
 8.86950000e-09  8.86950000e-09  2.50000000e+00  5.34067012e-08 -1.02926132e-05 
 8.87050000e-09  8.87050000e-09  2.50000000e+00  5.20230736e-08  1.02722820e-05 
 8.87150000e-09  8.87150000e-09  2.50000000e+00  5.06754142e-08 -1.02920898e-05 
 8.87250000e-09  8.87250000e-09  2.50000000e+00  4.93627845e-08  1.02727919e-05 
 8.87350000e-09  8.87350000e-09  2.50000000e+00  4.80842704e-08 -1.02915931e-05 
 8.87450000e-09  8.87450000e-09  2.50000000e+00  4.68389819e-08  1.02732758e-05 
 8.87550000e-09  8.87550000e-09  2.50000000e+00  4.56260524e-08 -1.02911216e-05 
 8.87650000e-09  8.87650000e-09  2.50000000e+00  4.44446377e-08  1.02737352e-05 
 8.87750000e-09  8.87750000e-09  2.50000000e+00  4.32939162e-08 -1.02906742e-05 
 8.87850000e-09  8.87850000e-09  2.50000000e+00  4.21730872e-08  1.02741711e-05 
 8.87950000e-09  8.87950000e-09  2.50000000e+00  4.10813716e-08 -1.02902495e-05 
 8.88050000e-09  8.88050000e-09  2.50000000e+00  4.00180105e-08  1.02745848e-05 
 8.88150000e-09  8.88150000e-09  2.50000000e+00  3.89822650e-08 -1.02898464e-05 
 8.88250000e-09  8.88250000e-09  2.50000000e+00  3.79734152e-08  1.02749775e-05 
 8.88350000e-09  8.88350000e-09  2.50000000e+00  3.69907601e-08 -1.02894638e-05 
 8.88450000e-09  8.88450000e-09  2.50000000e+00  3.60336174e-08  1.02753503e-05 
 8.88550000e-09  8.88550000e-09  2.50000000e+00  3.51013224e-08 -1.02891007e-05 
 8.88650000e-09  8.88650000e-09  2.50000000e+00  3.41932277e-08  1.02757040e-05 
 8.88750000e-09  8.88750000e-09  2.50000000e+00  3.33087031e-08 -1.02887560e-05 
 8.88850000e-09  8.88850000e-09  2.50000000e+00  3.24471349e-08  1.02760398e-05 
 8.88950000e-09  8.88950000e-09  2.50000000e+00  3.16079253e-08 -1.02884289e-05 
 8.89050000e-09  8.89050000e-09  2.50000000e+00  3.07904920e-08  1.02763585e-05 
 8.89150000e-09  8.89150000e-09  2.50000000e+00  2.99942682e-08 -1.02881185e-05 
 8.89250000e-09  8.89250000e-09  2.50000000e+00  2.92187020e-08  1.02766609e-05 
 8.89350000e-09  8.89350000e-09  2.50000000e+00  2.84632556e-08 -1.02878238e-05 
 8.89450000e-09  8.89450000e-09  2.50000000e+00  2.77274053e-08  1.02769480e-05 
 8.89550000e-09  8.89550000e-09  2.50000000e+00  2.70106413e-08 -1.02875441e-05 
 8.89650000e-09  8.89650000e-09  2.50000000e+00  2.63124670e-08  1.02772205e-05 
 8.89750000e-09  8.89750000e-09  2.50000000e+00  2.56323989e-08 -1.02872786e-05 
 8.89850000e-09  8.89850000e-09  2.50000000e+00  2.49699658e-08  1.02774791e-05 
 8.89950000e-09  8.89950000e-09  2.50000000e+00  2.43247092e-08 -1.02870267e-05 
 8.90050000e-09  8.90050000e-09  2.50000000e+00  2.36961824e-08  1.02777246e-05 
 8.90150000e-09  8.90150000e-09  2.50000000e+00  2.30839504e-08 -1.02867875e-05 
 8.90250000e-09  8.90250000e-09  2.50000000e+00  2.24875893e-08  1.02779576e-05 
 8.90350000e-09  8.90350000e-09  2.50000000e+00  2.19066866e-08 -1.02865605e-05 
 8.90450000e-09  8.90450000e-09  2.50000000e+00  2.13408405e-08  1.02781787e-05 
 8.90550000e-09  8.90550000e-09  2.50000000e+00  2.07896595e-08 -1.02863451e-05 
 8.90650000e-09  8.90650000e-09  2.50000000e+00  2.02527626e-08  1.02783886e-05 
 8.90750000e-09  8.90750000e-09  2.50000000e+00  1.97297785e-08 -1.02861406e-05 
 8.90850000e-09  8.90850000e-09  2.50000000e+00  1.92203458e-08  1.02785878e-05 
 8.90950000e-09  8.90950000e-09  2.50000000e+00  1.87241123e-08 -1.02859465e-05 
 8.91050000e-09  8.91050000e-09  2.50000000e+00  1.82407351e-08  1.02787769e-05 
 8.91150000e-09  8.91150000e-09  2.50000000e+00  1.77698801e-08 -1.02857623e-05 
 8.91250000e-09  8.91250000e-09  2.50000000e+00  1.73112223e-08  1.02789564e-05 
 8.91350000e-09  8.91350000e-09  2.50000000e+00  1.68644446e-08 -1.02855875e-05 
 8.91450000e-09  8.91450000e-09  2.50000000e+00  1.64292389e-08  1.02791267e-05 
 8.91550000e-09  8.91550000e-09  2.50000000e+00  1.60053044e-08 -1.02854215e-05 
 8.91650000e-09  8.91650000e-09  2.50000000e+00  1.55923484e-08  1.02792884e-05 
 8.91750000e-09  8.91750000e-09  2.50000000e+00  1.51900860e-08 -1.02852640e-05 
 8.91850000e-09  8.91850000e-09  2.50000000e+00  1.47982396e-08  1.02794418e-05 
 8.91950000e-09  8.91950000e-09  2.50000000e+00  1.44165388e-08 -1.02851145e-05 
 8.92050000e-09  8.92050000e-09  2.50000000e+00  1.40447203e-08  1.02795875e-05 
 8.92150000e-09  8.92150000e-09  2.50000000e+00  1.36825276e-08 -1.02849726e-05 
 8.92250000e-09  8.92250000e-09  2.50000000e+00  1.33297106e-08  1.02797258e-05 
 8.92350000e-09  8.92350000e-09  2.50000000e+00  1.29860264e-08 -1.02848379e-05 
 8.92450000e-09  8.92450000e-09  2.50000000e+00  1.26512380e-08  1.02798570e-05 
 8.92550000e-09  8.92550000e-09  2.50000000e+00  1.23251146e-08 -1.02847101e-05 
 8.92650000e-09  8.92650000e-09  2.50000000e+00  1.20074313e-08  1.02799815e-05 
 8.92750000e-09  8.92750000e-09  2.50000000e+00  1.16979692e-08 -1.02845887e-05 
 8.92850000e-09  8.92850000e-09  2.50000000e+00  1.13965151e-08  1.02800997e-05 
 8.92950000e-09  8.92950000e-09  2.50000000e+00  1.11028613e-08 -1.02844736e-05 
 8.93050000e-09  8.93050000e-09  2.50000000e+00  1.08168054e-08  1.02802119e-05 
 8.93150000e-09  8.93150000e-09  2.50000000e+00  1.05381504e-08 -1.02843643e-05 
 8.93250000e-09  8.93250000e-09  2.50000000e+00  1.02667046e-08  1.02803184e-05 
 8.93350000e-09  8.93350000e-09  2.50000000e+00  1.00022809e-08 -1.02842605e-05 
 8.93450000e-09  8.93450000e-09  2.50000000e+00  9.74469725e-09  1.02804195e-05 
 8.93550000e-09  8.93550000e-09  2.50000000e+00  9.49377639e-09 -1.02841620e-05 
 8.93650000e-09  8.93650000e-09  2.50000000e+00  9.24934571e-09  1.02805155e-05 
 8.93750000e-09  8.93750000e-09  2.50000000e+00  9.01123677e-09 -1.02840685e-05 
 8.93850000e-09  8.93850000e-09  2.50000000e+00  8.77928581e-09  1.02806065e-05 
 8.93950000e-09  8.93950000e-09  2.50000000e+00  8.55333333e-09 -1.02839798e-05 
 8.94050000e-09  8.94050000e-09  2.50000000e+00  8.33322389e-09  1.02806930e-05 
 8.94150000e-09  8.94150000e-09  2.50000000e+00  8.11880610e-09 -1.02838956e-05 
 8.94250000e-09  8.94250000e-09  2.50000000e+00  7.90993235e-09  1.02807750e-05 
 8.94350000e-09  8.94350000e-09  2.50000000e+00  7.70645910e-09 -1.02838157e-05 
 8.94450000e-09  8.94450000e-09  2.50000000e+00  7.50824654e-09  1.02808529e-05 
 8.94550000e-09  8.94550000e-09  2.50000000e+00  7.31515826e-09 -1.02837398e-05 
 8.94650000e-09  8.94650000e-09  2.50000000e+00  7.12706145e-09  1.02809268e-05 
 8.94750000e-09  8.94750000e-09  2.50000000e+00  6.94382693e-09 -1.02836678e-05 
 8.94850000e-09  8.94850000e-09  2.50000000e+00  6.76532878e-09  1.02809970e-05 
 8.94950000e-09  8.94950000e-09  2.50000000e+00  6.59144440e-09 -1.02835994e-05 
 8.95050000e-09  8.95050000e-09  2.50000000e+00  6.42205426e-09  1.02810636e-05 
 8.95150000e-09  8.95150000e-09  2.50000000e+00  6.25704205e-09 -1.02835345e-05 
 8.95250000e-09  8.95250000e-09  2.50000000e+00  6.09629438e-09  1.02811268e-05 
 8.95350000e-09  8.95350000e-09  2.50000000e+00  5.93970089e-09 -1.02834730e-05 
 8.95450000e-09  8.95450000e-09  2.50000000e+00  5.78715384e-09  1.02811868e-05 
 8.95550000e-09  8.95550000e-09  2.50000000e+00  5.63854856e-09 -1.02834145e-05 
 8.95650000e-09  8.95650000e-09  2.50000000e+00  5.49378312e-09  1.02812437e-05 
 8.95750000e-09  8.95750000e-09  2.50000000e+00  5.35275803e-09 -1.02833590e-05 
 8.95850000e-09  8.95850000e-09  2.50000000e+00  5.21537666e-09  1.02812978e-05 
 8.95950000e-09  8.95950000e-09  2.50000000e+00  5.08154455e-09 -1.02833064e-05 
 8.96050000e-09  8.96050000e-09  2.50000000e+00  4.95116980e-09  1.02813491e-05 
 8.96150000e-09  8.96150000e-09  2.50000000e+00  4.82416306e-09 -1.02832564e-05 
 8.96250000e-09  8.96250000e-09  2.50000000e+00  4.70043713e-09  1.02813978e-05 
 8.96350000e-09  8.96350000e-09  2.50000000e+00  4.57990713e-09 -1.02832089e-05 
 8.96450000e-09  8.96450000e-09  2.50000000e+00  4.46249042e-09  1.02814440e-05 
 8.96550000e-09  8.96550000e-09  2.50000000e+00  4.34810642e-09 -1.02831639e-05 
 8.96650000e-09  8.96650000e-09  2.50000000e+00  4.23667660e-09  1.02814879e-05 
 8.96750000e-09  8.96750000e-09  2.50000000e+00  4.12812468e-09 -1.02831211e-05 
 8.96850000e-09  8.96850000e-09  2.50000000e+00  4.02237616e-09  1.02815295e-05 
 8.96950000e-09  8.96950000e-09  2.50000000e+00  3.91935852e-09 -1.02830806e-05 
 8.97050000e-09  8.97050000e-09  2.50000000e+00  3.81900113e-09  1.02815691e-05 
 8.97150000e-09  8.97150000e-09  2.50000000e+00  3.72123528e-09 -1.02830421e-05 
 8.97250000e-09  8.97250000e-09  2.50000000e+00  3.62599384e-09  1.02816066e-05 
 8.97350000e-09  8.97350000e-09  2.50000000e+00  3.53321144e-09 -1.02830055e-05 
 8.97450000e-09  8.97450000e-09  2.50000000e+00  3.44282461e-09  1.02816422e-05 
 8.97550000e-09  8.97550000e-09  2.50000000e+00  3.35477145e-09 -1.02829708e-05 
 8.97650000e-09  8.97650000e-09  2.50000000e+00  3.26899165e-09  1.02816760e-05 
 8.97750000e-09  8.97750000e-09  2.50000000e+00  3.18542638e-09 -1.02829379e-05 
 8.97850000e-09  8.97850000e-09  2.50000000e+00  3.10401823e-09  1.02817081e-05 
 8.97950000e-09  8.97950000e-09  2.50000000e+00  3.02471156e-09 -1.02829066e-05 
 8.98050000e-09  8.98050000e-09  2.50000000e+00  2.94745218e-09  1.02817385e-05 
 8.98150000e-09  8.98150000e-09  2.50000000e+00  2.87218715e-09 -1.02828770e-05 
 8.98250000e-09  8.98250000e-09  2.50000000e+00  2.79886484e-09  1.02817675e-05 
 8.98350000e-09  8.98350000e-09  2.50000000e+00  2.72743497e-09 -1.02828488e-05 
 8.98450000e-09  8.98450000e-09  2.50000000e+00  2.65784872e-09  1.02817949e-05 
 8.98550000e-09  8.98550000e-09  2.50000000e+00  2.59005841e-09 -1.02828221e-05 
 8.98650000e-09  8.98650000e-09  2.50000000e+00  2.52401759e-09  1.02818209e-05 
 8.98750000e-09  8.98750000e-09  2.50000000e+00  2.45968099e-09 -1.02827967e-05 
 8.98850000e-09  8.98850000e-09  2.50000000e+00  2.39700461e-09  1.02818457e-05 
 8.98950000e-09  8.98950000e-09  2.50000000e+00  2.33594566e-09 -1.02827726e-05 
 8.99050000e-09  8.99050000e-09  2.50000000e+00  2.27646242e-09  1.02818691e-05 
 8.99150000e-09  8.99150000e-09  2.50000000e+00  2.21851409e-09 -1.02827497e-05 
 8.99250000e-09  8.99250000e-09  2.50000000e+00  2.16206103e-09  1.02818914e-05 
 8.99350000e-09  8.99350000e-09  2.50000000e+00  2.10706455e-09 -1.02827280e-05 
 8.99450000e-09  8.99450000e-09  2.50000000e+00  2.05348692e-09  1.02819125e-05 
 8.99550000e-09  8.99550000e-09  2.50000000e+00  2.00129166e-09 -1.02827074e-05 
 8.99650000e-09  8.99650000e-09  2.50000000e+00  1.95044303e-09  1.02819326e-05 
 8.99750000e-09  8.99750000e-09  2.50000000e+00  1.90090619e-09 -1.02826879e-05 
 8.99850000e-09  8.99850000e-09  2.50000000e+00  1.85264731e-09  1.02819516e-05 
 8.99950000e-09  8.99950000e-09  2.50000000e+00  1.80563340e-09 -1.02826693e-05 
 9.00050000e-09  9.00050000e-09  2.50000000e+00  1.75983236e-09  1.02819697e-05 
 9.00150000e-09  9.00150000e-09  2.50000000e+00  1.71521279e-09 -1.02826517e-05 
 9.00250000e-09  9.00250000e-09  2.50000000e+00  1.67174412e-09  1.02819869e-05 
 9.00350000e-09  9.00350000e-09  2.50000000e+00  1.62939663e-09 -1.02826350e-05 
 9.00450000e-09  9.00450000e-09  2.50000000e+00  1.58814150e-09  1.02820032e-05 
 9.00550000e-09  9.00550000e-09  2.50000000e+00  1.54795043e-09 -1.02826191e-05 
 9.00650000e-09  9.00650000e-09  2.50000000e+00  1.50879599e-09  1.02820186e-05 
 9.00750000e-09  9.00750000e-09  2.50000000e+00  1.47065153e-09 -1.02826041e-05 
 9.00850000e-09  9.00850000e-09  2.50000000e+00  1.43349069e-09  1.02820333e-05 
 9.00950000e-09  9.00950000e-09  2.50000000e+00  1.39728811e-09 -1.02825898e-05 
 9.01050000e-09  9.01050000e-09  2.50000000e+00  1.36201917e-09  1.02820472e-05 
 9.01150000e-09  9.01150000e-09  2.50000000e+00  1.32765984e-09 -1.02825762e-05 
 9.01250000e-09  9.01250000e-09  2.50000000e+00  1.29418661e-09  1.02820605e-05 
 9.01350000e-09  9.01350000e-09  2.50000000e+00  1.26157653e-09 -1.02825633e-05 
 9.01450000e-09  9.01450000e-09  2.50000000e+00  1.22980735e-09  1.02820730e-05 
 9.01550000e-09  9.01550000e-09  2.50000000e+00  1.19885740e-09 -1.02825511e-05 
 9.01650000e-09  9.01650000e-09  2.50000000e+00  1.16870560e-09  1.02820849e-05 
 9.01750000e-09  9.01750000e-09  2.50000000e+00  1.13933122e-09 -1.02825395e-05 
 9.01850000e-09  9.01850000e-09  2.50000000e+00  1.11071412e-09  1.02820962e-05 
 9.01950000e-09  9.01950000e-09  2.50000000e+00  1.08283486e-09 -1.02825285e-05 
 9.02050000e-09  9.02050000e-09  2.50000000e+00  1.05567436e-09  1.02821070e-05 
 9.02150000e-09  9.02150000e-09  2.50000000e+00  1.02921408e-09 -1.02825180e-05 
 9.02250000e-09  9.02250000e-09  2.50000000e+00  1.00343606e-09  1.02821172e-05 
 9.02350000e-09  9.02350000e-09  2.50000000e+00  9.78322547e-10 -1.02825081e-05 
 9.02450000e-09  9.02450000e-09  2.50000000e+00  9.53856465e-10  1.02821268e-05 
 9.02550000e-09  9.02550000e-09  2.50000000e+00  9.30021116e-10 -1.02824987e-05 
 9.02650000e-09  9.02650000e-09  2.50000000e+00  9.06800104e-10  1.02821360e-05 
 9.02750000e-09  9.02750000e-09  2.50000000e+00  8.84177726e-10 -1.02824897e-05 
 9.02850000e-09  9.02850000e-09  2.50000000e+00  8.62138626e-10  1.02821447e-05 
 9.02950000e-09  9.02950000e-09  2.50000000e+00  8.40667597e-10 -1.02824812e-05 
 9.03050000e-09  9.03050000e-09  2.50000000e+00  8.19749927e-10  1.02821530e-05 
 9.03150000e-09  9.03150000e-09  2.50000000e+00  7.99371498e-10 -1.02824732e-05 
 9.03250000e-09  9.03250000e-09  2.50000000e+00  7.79518292e-10  1.02821608e-05 
 9.03350000e-09  9.03350000e-09  2.50000000e+00  7.60176786e-10 -1.02824655e-05 
 9.03450000e-09  9.03450000e-09  2.50000000e+00  7.41333902e-10  1.02821683e-05 
 9.03550000e-09  9.03550000e-09  2.50000000e+00  7.22976662e-10 -1.02824583e-05 
 9.03650000e-09  9.03650000e-09  2.50000000e+00  7.05092534e-10  1.02821754e-05 
 9.03750000e-09  9.03750000e-09  2.50000000e+00  6.87669233e-10 -1.02824514e-05 
 9.03850000e-09  9.03850000e-09  2.50000000e+00  6.70694920e-10  1.02821821e-05 
 9.03950000e-09  9.03950000e-09  2.50000000e+00  6.54158252e-10 -1.02824448e-05 
 9.04050000e-09  9.04050000e-09  2.50000000e+00  6.38047736e-10  1.02821884e-05 
 9.04150000e-09  9.04150000e-09  2.50000000e+00  6.22352375e-10 -1.02824386e-05 
 9.04250000e-09  9.04250000e-09  2.50000000e+00  6.07061420e-10  1.02821945e-05 
 9.04350000e-09  9.04350000e-09  2.50000000e+00  5.92164568e-10 -1.02824327e-05 
 9.04450000e-09  9.04450000e-09  2.50000000e+00  5.77651566e-10  1.02822002e-05 
 9.04550000e-09  9.04550000e-09  2.50000000e+00  5.63512456e-10 -1.02824271e-05 
 9.04650000e-09  9.04650000e-09  2.50000000e+00  5.49737727e-10  1.02822057e-05 
 9.04750000e-09  9.04750000e-09  2.50000000e+00  5.36318068e-10 -1.02824218e-05 
 9.04850000e-09  9.04850000e-09  2.50000000e+00  5.23244066e-10  1.02822109e-05 
 9.04950000e-09  9.04950000e-09  2.50000000e+00  5.10506904e-10 -1.02824168e-05 
 9.05050000e-09  9.05050000e-09  2.50000000e+00  4.98098012e-10  1.02822158e-05 
 9.05150000e-09  9.05150000e-09  2.50000000e+00  4.86008822e-10 -1.02824120e-05 
 9.05250000e-09  9.05250000e-09  2.50000000e+00  4.74231060e-10  1.02822204e-05 
 9.05350000e-09  9.05350000e-09  2.50000000e+00  4.62756652e-10 -1.02824075e-05 
 9.05450000e-09  9.05450000e-09  2.50000000e+00  4.51577920e-10  1.02822249e-05 
 9.05550000e-09  9.05550000e-09  2.50000000e+00  4.40687286e-10 -1.02824032e-05 
 9.05650000e-09  9.05650000e-09  2.50000000e+00  4.30077220e-10  1.02822291e-05 
 9.05750000e-09  9.05750000e-09  2.50000000e+00  4.19740489e-10 -1.02823991e-05 
 9.05850000e-09  9.05850000e-09  2.50000000e+00  4.09669961e-10  1.02822330e-05 
 9.05950000e-09  9.05950000e-09  2.50000000e+00  3.99858800e-10 -1.02823952e-05 
 9.06050000e-09  9.06050000e-09  2.50000000e+00  3.90300418e-10  1.02822368e-05 
 9.06150000e-09  9.06150000e-09  2.50000000e+00  3.80988375e-10 -1.02823915e-05 
 9.06250000e-09  9.06250000e-09  2.50000000e+00  3.71916330e-10  1.02822404e-05 
 9.06350000e-09  9.06350000e-09  2.50000000e+00  3.63077944e-10 -1.02823880e-05 
 9.06450000e-09  9.06450000e-09  2.50000000e+00  3.54467271e-10  1.02822438e-05 
 9.06550000e-09  9.06550000e-09  2.50000000e+00  3.46078318e-10 -1.02823847e-05 
 9.06650000e-09  9.06650000e-09  2.50000000e+00  3.37905488e-10  1.02822471e-05 
 9.06750000e-09  9.06750000e-09  2.50000000e+00  3.29943282e-10 -1.02823815e-05 
 9.06850000e-09  9.06850000e-09  2.50000000e+00  3.22186103e-10  1.02822501e-05 
 9.06950000e-09  9.06950000e-09  2.50000000e+00  3.14628650e-10 -1.02823785e-05 
 9.07050000e-09  9.07050000e-09  2.50000000e+00  3.07265870e-10  1.02822530e-05 
 9.07150000e-09  9.07150000e-09  2.50000000e+00  3.00092811e-10 -1.02823757e-05 
 9.07250000e-09  9.07250000e-09  2.50000000e+00  2.93104469e-10  1.02822558e-05 
 9.07350000e-09  9.07350000e-09  2.50000000e+00  2.86296039e-10 -1.02823730e-05 
 9.07450000e-09  9.07450000e-09  2.50000000e+00  2.79662915e-10  1.02822584e-05 
 9.07550000e-09  9.07550000e-09  2.50000000e+00  2.73200787e-10 -1.02823704e-05 
 9.07650000e-09  9.07650000e-09  2.50000000e+00  2.66905147e-10  1.02822609e-05 
 9.07750000e-09  9.07750000e-09  2.50000000e+00  2.60771635e-10 -1.02823680e-05 
 9.07850000e-09  9.07850000e-09  2.50000000e+00  2.54796043e-10  1.02822633e-05 
 9.07950000e-09  9.07950000e-09  2.50000000e+00  2.48974307e-10 -1.02823657e-05 
 9.08050000e-09  9.08050000e-09  2.50000000e+00  2.43302465e-10  1.02822656e-05 
 9.08150000e-09  9.08150000e-09  2.50000000e+00  2.37776752e-10 -1.02823635e-05 
 9.08250000e-09  9.08250000e-09  2.50000000e+00  2.32393403e-10  1.02822677e-05 
 9.08350000e-09  9.08350000e-09  2.50000000e+00  2.27148605e-10 -1.02823614e-05 
 9.08450000e-09  9.08450000e-09  2.50000000e+00  2.22038840e-10  1.02822697e-05 
 9.08550000e-09  9.08550000e-09  2.50000000e+00  2.17060690e-10 -1.02823595e-05 
 9.08650000e-09  9.08650000e-09  2.50000000e+00  2.12210788e-10  1.02822716e-05 
 9.08750000e-09  9.08750000e-09  2.50000000e+00  2.07485714e-10 -1.02823576e-05 
 9.08850000e-09  9.08850000e-09  2.50000000e+00  2.02882348e-10  1.02822735e-05 
 9.08950000e-09  9.08950000e-09  2.50000000e+00  1.98397620e-10 -1.02823558e-05 
 9.09050000e-09  9.09050000e-09  2.50000000e+00  1.94028259e-10  1.02822752e-05 
 9.09150000e-09  9.09150000e-09  2.50000000e+00  1.89771343e-10 -1.02823541e-05 
 9.09250000e-09  9.09250000e-09  2.50000000e+00  1.85624099e-10  1.02822768e-05 
 9.09350000e-09  9.09350000e-09  2.50000000e+00  1.81583702e-10 -1.02823525e-05 
 9.09450000e-09  9.09450000e-09  2.50000000e+00  1.77647330e-10  1.02822784e-05 
 9.09550000e-09  9.09550000e-09  2.50000000e+00  1.73812306e-10 -1.02823510e-05 
 9.09650000e-09  9.09650000e-09  2.50000000e+00  1.70076155e-10  1.02822799e-05 
 9.09750000e-09  9.09750000e-09  2.50000000e+00  1.66436103e-10 -1.02823496e-05 
 9.09850000e-09  9.09850000e-09  2.50000000e+00  1.62889771e-10  1.02822813e-05 
 9.09950000e-09  9.09950000e-09  2.50000000e+00  1.59434783e-10 -1.02823482e-05 
 9.10050000e-09  9.10050000e-09  2.50000000e+00  1.56068710e-10  1.02822826e-05 
 9.10150000e-09  9.10150000e-09  2.50000000e+00  1.52789275e-10 -1.02823469e-05 
 9.10250000e-09  9.10250000e-09  2.50000000e+00  1.49594346e-10  1.02822839e-05 
 9.10350000e-09  9.10350000e-09  2.50000000e+00  1.46481647e-10 -1.02823457e-05 
 9.10450000e-09  9.10450000e-09  2.50000000e+00  1.43449145e-10  1.02822851e-05 
 9.10550000e-09  9.10550000e-09  2.50000000e+00  1.40494810e-10 -1.02823445e-05 
 9.10650000e-09  9.10650000e-09  2.50000000e+00  1.37616462e-10  1.02822862e-05 
 9.10750000e-09  9.10750000e-09  2.50000000e+00  1.34812218e-10 -1.02823434e-05 
 9.10850000e-09  9.10850000e-09  2.50000000e+00  1.32080148e-10  1.02822873e-05 
 9.10950000e-09  9.10950000e-09  2.50000000e+00  1.29418319e-10 -1.02823423e-05 
 9.11050000e-09  9.11050000e-09  2.50000000e+00  1.26824947e-10  1.02822883e-05 
 9.11150000e-09  9.11150000e-09  2.50000000e+00  1.24298399e-10 -1.02823413e-05 
 9.11250000e-09  9.11250000e-09  2.50000000e+00  1.21837039e-10  1.02822893e-05 
 9.11350000e-09  9.11350000e-09  2.50000000e+00  1.19439035e-10 -1.02823404e-05 
 9.11450000e-09  9.11450000e-09  2.50000000e+00  1.17102653e-10  1.02822902e-05 
 9.11550000e-09  9.11550000e-09  2.50000000e+00  1.14826456e-10 -1.02823395e-05 
 9.11650000e-09  9.11650000e-09  2.50000000e+00  1.12608959e-10  1.02822911e-05 
 9.11750000e-09  9.11750000e-09  2.50000000e+00  1.10448476e-10 -1.02823386e-05 
 9.11850000e-09  9.11850000e-09  2.50000000e+00  1.08343523e-10  1.02822919e-05 
 9.11950000e-09  9.11950000e-09  2.50000000e+00  1.06292811e-10 -1.02823378e-05 
 9.12050000e-09  9.12050000e-09  2.50000000e+00  1.04294903e-10  1.02822927e-05 
 9.12150000e-09  9.12150000e-09  2.50000000e+00  1.02348364e-10 -1.02823370e-05 
 9.12250000e-09  9.12250000e-09  2.50000000e+00  1.00451905e-10  1.02822935e-05 
 9.12350000e-09  9.12350000e-09  2.50000000e+00  9.86043367e-11 -1.02823363e-05 
 9.12450000e-09  9.12450000e-09  2.50000000e+00  9.68043723e-11  1.02822942e-05 
 9.12550000e-09  9.12550000e-09  2.50000000e+00  9.50508224e-11 -1.02823356e-05 
 9.12650000e-09  9.12650000e-09  2.50000000e+00  9.33423993e-11  1.02822949e-05 
 9.12750000e-09  9.12750000e-09  2.50000000e+00  9.16778644e-11 -1.02823349e-05 
 9.12850000e-09  9.12850000e-09  2.50000000e+00  9.00560289e-11  1.02822955e-05 
 9.12950000e-09  9.12950000e-09  2.50000000e+00  8.84760012e-11 -1.02823343e-05 
 9.13050000e-09  9.13050000e-09  2.50000000e+00  8.69367907e-11  1.02822961e-05 
 9.13150000e-09  9.13150000e-09  2.50000000e+00  8.54371588e-11 -1.02823337e-05 
 9.13250000e-09  9.13250000e-09  2.50000000e+00  8.39761149e-11  1.02822967e-05 
 9.13350000e-09  9.13350000e-09  2.50000000e+00  8.25527179e-11 -1.02823331e-05 
 9.13450000e-09  9.13450000e-09  2.50000000e+00  8.11659275e-11  1.02822973e-05 
 9.13550000e-09  9.13550000e-09  2.50000000e+00  7.98147529e-11 -1.02823326e-05 
 9.13650000e-09  9.13650000e-09  2.50000000e+00  7.84984017e-11  1.02822978e-05 
 9.13750000e-09  9.13750000e-09  2.50000000e+00  7.72159326e-11 -1.02823321e-05 
 9.13850000e-09  9.13850000e-09  2.50000000e+00  7.59664541e-11  1.02822983e-05 
 9.13950000e-09  9.13950000e-09  2.50000000e+00  7.47491734e-11 -1.02823316e-05 
 9.14050000e-09  9.14050000e-09  2.50000000e+00  7.35631991e-11  1.02822987e-05 
 9.14150000e-09  9.14150000e-09  2.50000000e+00  7.24077386e-11 -1.02823312e-05 
 9.14250000e-09  9.14250000e-09  2.50000000e+00  7.12820488e-11  1.02822992e-05 
 9.14350000e-09  9.14350000e-09  2.50000000e+00  7.01853371e-11 -1.02823307e-05 
 9.14450000e-09  9.14450000e-09  2.50000000e+00  6.91167614e-11  1.02822996e-05 
 9.14550000e-09  9.14550000e-09  2.50000000e+00  6.80757770e-11 -1.02823303e-05 
 9.14650000e-09  9.14650000e-09  2.50000000e+00  6.70615911e-11  1.02823000e-05 
 9.14750000e-09  9.14750000e-09  2.50000000e+00  6.60733122e-11 -1.02823299e-05 
 9.14850000e-09  9.14850000e-09  2.50000000e+00  6.51104449e-11  1.02823004e-05 
 9.14950000e-09  9.14950000e-09  2.50000000e+00  6.41724444e-11 -1.02823296e-05 
 9.15050000e-09  9.15050000e-09  2.50000000e+00  6.32586666e-11  1.02823008e-05 
 9.15150000e-09  9.15150000e-09  2.50000000e+00  6.23685171e-11 -1.02823292e-05 
 9.15250000e-09  9.15250000e-09  2.50000000e+00  6.15012035e-11  1.02823011e-05 
 9.15350000e-09  9.15350000e-09  2.50000000e+00  6.06561807e-11 -1.02823289e-05 
 9.15450000e-09  9.15450000e-09  2.50000000e+00  5.98329039e-11  1.02823014e-05 
 9.15550000e-09  9.15550000e-09  2.50000000e+00  5.90307787e-11 -1.02823285e-05 
 9.15650000e-09  9.15650000e-09  2.50000000e+00  5.82493592e-11  1.02823017e-05 
 9.15750000e-09  9.15750000e-09  2.50000000e+00  5.74881006e-11 -1.02823282e-05 
 9.15850000e-09  9.15850000e-09  2.50000000e+00  5.67465076e-11  1.02823020e-05 
 9.15950000e-09  9.15950000e-09  2.50000000e+00  5.60239360e-11 -1.02823280e-05 
 9.16050000e-09  9.16050000e-09  2.50000000e+00  5.53198907e-11  1.02823023e-05 
 9.16150000e-09  9.16150000e-09  2.50000000e+00  5.46338267e-11 -1.02823277e-05 
 9.16250000e-09  9.16250000e-09  2.50000000e+00  5.39654469e-11  1.02823026e-05 
 9.16350000e-09  9.16350000e-09  2.50000000e+00  5.33143548e-11 -1.02823274e-05 
 9.16450000e-09  9.16450000e-09  2.50000000e+00  5.26800057e-11  1.02823028e-05 
 9.16550000e-09  9.16550000e-09  2.50000000e+00  5.20620032e-11 -1.02823272e-05 
 9.16650000e-09  9.16650000e-09  2.50000000e+00  5.14599015e-11  1.02823031e-05 
 9.16750000e-09  9.16750000e-09  2.50000000e+00  5.08734035e-11 -1.02823269e-05 
 9.16850000e-09  9.16850000e-09  2.50000000e+00  5.03020633e-11  1.02823033e-05 
 9.16950000e-09  9.16950000e-09  2.50000000e+00  4.97452864e-11 -1.02823267e-05 
 9.17050000e-09  9.17050000e-09  2.50000000e+00  4.92027758e-11  1.02823035e-05 
 9.17150000e-09  9.17150000e-09  2.50000000e+00  4.86743331e-11 -1.02823265e-05 
 9.17250000e-09  9.17250000e-09  2.50000000e+00  4.81594136e-11  1.02823037e-05 
 9.17350000e-09  9.17350000e-09  2.50000000e+00  4.76576705e-11 -1.02823263e-05 
 9.17450000e-09  9.17450000e-09  2.50000000e+00  4.71689552e-11  1.02823039e-05 
 9.17550000e-09  9.17550000e-09  2.50000000e+00  4.66927723e-11 -1.02823261e-05 
 9.17650000e-09  9.17650000e-09  2.50000000e+00  4.62288741e-11  1.02823041e-05 
 9.17750000e-09  9.17750000e-09  2.50000000e+00  4.57769140e-11 -1.02823260e-05 
 9.17850000e-09  9.17850000e-09  2.50000000e+00  4.53365451e-11  1.02823043e-05 
 9.17950000e-09  9.17950000e-09  2.50000000e+00  4.49075694e-11 -1.02823258e-05 
 9.18050000e-09  9.18050000e-09  2.50000000e+00  4.44895904e-11  1.02823044e-05 
 9.18150000e-09  9.18150000e-09  2.50000000e+00  4.40823607e-11 -1.02823256e-05 
 9.18250000e-09  9.18250000e-09  2.50000000e+00  4.36856324e-11  1.02823046e-05 
 9.18350000e-09  9.18350000e-09  2.50000000e+00  4.32991084e-11 -1.02823255e-05 
 9.18450000e-09  9.18450000e-09  2.50000000e+00  4.29225410e-11  1.02823047e-05 
 9.18550000e-09  9.18550000e-09  2.50000000e+00  4.25556825e-11 -1.02823253e-05 
 9.18650000e-09  9.18650000e-09  2.50000000e+00  4.21981862e-11  1.02823049e-05 
 9.18750000e-09  9.18750000e-09  2.50000000e+00  4.18498044e-11 -1.02823252e-05 
 9.18850000e-09  9.18850000e-09  2.50000000e+00  4.15104380e-11  1.02823050e-05 
 9.18950000e-09  9.18950000e-09  2.50000000e+00  4.11798890e-11 -1.02823251e-05 
 9.19050000e-09  9.19050000e-09  2.50000000e+00  4.08578599e-11  1.02823051e-05 
 9.19150000e-09  9.19150000e-09  2.50000000e+00  4.05441033e-11 -1.02823249e-05 
 9.19250000e-09  9.19250000e-09  2.50000000e+00  4.02383714e-11  1.02823053e-05 
 9.19350000e-09  9.19350000e-09  2.50000000e+00  3.99405156e-11 -1.02823248e-05 
 9.19450000e-09  9.19450000e-09  2.50000000e+00  3.96503873e-11  1.02823054e-05 
 9.19550000e-09  9.19550000e-09  2.50000000e+00  3.93677388e-11 -1.02823247e-05 
 9.19650000e-09  9.19650000e-09  2.50000000e+00  3.90923721e-11  1.02823055e-05 
 9.19750000e-09  9.19750000e-09  2.50000000e+00  3.88241384e-11 -1.02823246e-05 
 9.19850000e-09  9.19850000e-09  2.50000000e+00  3.85626910e-11  1.02823056e-05 
 9.19950000e-09  9.19950000e-09  2.50000000e+00  3.83078814e-11 -1.02823245e-05 
 9.20050000e-09  9.20050000e-09  2.50000000e+00  3.80596105e-11  1.02823057e-05 
 9.20150000e-09  9.20150000e-09  2.50000000e+00  3.78177791e-11 -1.02823244e-05 
 9.20250000e-09  9.20250000e-09  2.50000000e+00  3.75822387e-11  1.02823058e-05 
 9.20350000e-09  9.20350000e-09  2.50000000e+00  3.73527417e-11 -1.02823243e-05 
 9.20450000e-09  9.20450000e-09  2.50000000e+00  3.71291393e-11  1.02823059e-05 
 9.20550000e-09  9.20550000e-09  2.50000000e+00  3.69112335e-11 -1.02823242e-05 
 9.20650000e-09  9.20650000e-09  2.50000000e+00  3.66989251e-11  1.02823060e-05 
 9.20750000e-09  9.20750000e-09  2.50000000e+00  3.64920657e-11 -1.02823241e-05 
 9.20850000e-09  9.20850000e-09  2.50000000e+00  3.62906056e-11  1.02823060e-05 
 9.20950000e-09  9.20950000e-09  2.50000000e+00  3.60943963e-11 -1.02823241e-05 
 9.21050000e-09  9.21050000e-09  2.50000000e+00  3.59031405e-11  1.02823061e-05 
 9.21150000e-09  9.21150000e-09  2.50000000e+00  3.57168877e-11 -1.02823240e-05 
 9.21250000e-09  9.21250000e-09  2.50000000e+00  3.55355389e-11  1.02823062e-05 
 9.21350000e-09  9.21350000e-09  2.50000000e+00  3.53587970e-11 -1.02823239e-05 
 9.21450000e-09  9.21450000e-09  2.50000000e+00  3.51864141e-11  1.02823063e-05 
 9.21550000e-09  9.21550000e-09  2.50000000e+00  3.50184894e-11 -1.02823238e-05 
 9.21650000e-09  9.21650000e-09  2.50000000e+00  3.48550229e-11  1.02823063e-05 
 9.21750000e-09  9.21750000e-09  2.50000000e+00  3.46957174e-11 -1.02823238e-05 
 9.21850000e-09  9.21850000e-09  2.50000000e+00  3.45404242e-11  1.02823064e-05 
 9.21925000e-09  9.21925000e-09  2.50000000e+00  3.44266520e-11 -1.02823237e-05 
 9.22000000e-09  9.22000000e-09  2.50000000e+00  3.43150996e-11  1.02823064e-05 
 9.22010000e-09  9.22010000e-09  2.48750000e+00 -2.77353500e-06 -7.07578008e-04 
 9.22030000e-09  9.22030000e-09  2.46250000e+00 -8.24031320e-06 -6.69724887e-04 
 9.22070000e-09  9.22070000e-09  2.41250000e+00 -1.87053302e-05 -6.31259762e-04 
 9.22150000e-09  9.22150000e-09  2.31250000e+00 -3.78764430e-05 -5.93327724e-04 
 9.22250000e-09  9.22250000e-09  2.18750000e+00 -5.88259536e-05 -6.44425678e-04 
 9.22350000e-09  9.22350000e-09  2.06250000e+00 -7.68001519e-05 -6.68895472e-04 
 9.22450000e-09  9.22450000e-09  1.93750000e+00 -9.17506472e-05 -6.83455949e-04 
 9.22550000e-09  9.22550000e-09  1.81250000e+00 -1.02887294e-04 -6.80131034e-04 
 9.22650000e-09  9.22650000e-09  1.68750000e+00 -1.09197548e-04 -7.08526851e-04 
 9.22750000e-09  9.22750000e-09  1.56250000e+00 -1.09806697e-04 -7.19082479e-04 
 9.22850000e-09  9.22850000e-09  1.43750000e+00 -1.03953146e-04 -7.61237685e-04 
 9.22950000e-09  9.22950000e-09  1.31250000e+00 -9.09648609e-05 -7.85246822e-04 
 9.23050000e-09  9.23050000e-09  1.18750000e+00 -7.02365737e-05 -8.40344370e-04 
 9.23150000e-09  9.23150000e-09  1.06250000e+00 -4.12070730e-05 -8.76551139e-04 
 9.23250000e-09  9.23250000e-09  9.37500000e-01 -3.33542299e-06 -9.42825345e-04 
 9.23350000e-09  9.23350000e-09  8.12500000e-01  4.39265496e-05 -9.88833148e-04 
 9.23450000e-09  9.23450000e-09  6.87500000e-01  1.01175630e-04 -1.06296485e-03 
 9.23550000e-09  9.23550000e-09  5.62500000e-01  1.69187734e-04 -1.11312886e-03 
 9.23650000e-09  9.23650000e-09  4.37500000e-01  2.54426659e-04 -1.11780471e-03 
 9.23750000e-09  9.23750000e-09  3.12500000e-01  3.57035612e-04 -1.16766517e-03 
 9.23850000e-09  9.23850000e-09  1.87500000e-01  4.70932305e-04 -1.24992831e-03 
 9.23925000e-09  9.23925000e-09  9.37500000e-02  5.64163805e-04 -1.28378036e-03 
 9.24000000e-09  9.24000000e-09  3.41948692e-14  6.64451412e-04 -1.34878400e-03 
 9.24010000e-09  9.24010000e-09  0.00000000e+00  6.79915402e-04 -7.14046398e-04 
 9.24030000e-09  9.24030000e-09  0.00000000e+00  7.10488884e-04 -7.09961646e-04 
 9.24070000e-09  9.24070000e-09  0.00000000e+00  7.69284134e-04 -7.09317291e-04 
 9.24150000e-09  9.24150000e-09  0.00000000e+00  8.77743392e-04 -7.03690047e-04 
 9.24250000e-09  9.24250000e-09  0.00000000e+00  9.97450665e-04 -7.01528224e-04 
 9.24350000e-09  9.24350000e-09  0.00000000e+00  1.10119678e-03 -6.96095099e-04 
 9.24450000e-09  9.24450000e-09  0.00000000e+00  1.19067472e-03 -6.95037695e-04 
 9.24550000e-09  9.24550000e-09  0.00000000e+00  1.26741629e-03 -6.90632613e-04 
 9.24650000e-09  9.24650000e-09  0.00000000e+00  1.33280739e-03 -6.90529918e-04 
 9.24750000e-09  9.24750000e-09  0.00000000e+00  1.38810142e-03 -6.87012698e-04 
 9.24850000e-09  9.24850000e-09  0.00000000e+00  1.43445480e-03 -6.87298728e-04 
 9.24950000e-09  9.24950000e-09  0.00000000e+00  1.47238095e-03 -6.84864417e-04 
 9.25050000e-09  9.25050000e-09  0.00000000e+00  1.50124748e-03 -6.91463138e-04 
 9.25150000e-09  9.25150000e-09  0.00000000e+00  1.51997430e-03 -6.99373296e-04 
 9.25250000e-09  9.25250000e-09  0.00000000e+00  1.52764762e-03 -7.16275766e-04 
 9.25350000e-09  9.25350000e-09  0.00000000e+00  1.52350461e-03 -7.34401962e-04 
 9.25450000e-09  9.25450000e-09  0.00000000e+00  1.50691892e-03 -7.61385019e-04 
 9.25550000e-09  9.25550000e-09  0.00000000e+00  1.47738697e-03 -7.89410604e-04 
 9.25650000e-09  9.25650000e-09  0.00000000e+00  1.43451516e-03 -8.26068282e-04 
 9.25750000e-09  9.25750000e-09  0.00000000e+00  1.37800780e-03 -8.63502472e-04 
 9.25850000e-09  9.25850000e-09  0.00000000e+00  1.30765584e-03 -9.09263926e-04 
 9.25950000e-09  9.25950000e-09  0.00000000e+00  1.22332631e-03 -9.55460764e-04 
 9.26050000e-09  9.26050000e-09  0.00000000e+00  1.12495239e-03 -1.00961000e-03 
 9.26150000e-09  9.26150000e-09  0.00000000e+00  1.01252416e-03 -1.06378860e-03 
 9.26250000e-09  9.26250000e-09  0.00000000e+00  8.86079952e-04 -1.12548498e-03 
 9.26350000e-09  9.26350000e-09  0.00000000e+00  7.45698249e-04 -1.18675005e-03 
 9.26450000e-09  9.26450000e-09  0.00000000e+00  5.91490103e-04 -1.25504868e-03 
 9.26550000e-09  9.26550000e-09  0.00000000e+00  4.23592058e-04 -1.32241056e-03 
 9.26650000e-09  9.26650000e-09  0.00000000e+00  2.42159512e-04 -1.39628167e-03 
 9.26750000e-09  9.26750000e-09  0.00000000e+00  4.73604815e-05 -1.46867498e-03 
 9.26850000e-09  9.26850000e-09  0.00000000e+00 -1.60629999e-04 -1.54702169e-03 
 9.26950000e-09  9.26950000e-09  0.00000000e+00 -3.81634747e-04 -1.62332186e-03 
 9.27050000e-09  9.27050000e-09  0.00000000e+00 -6.15479838e-04 -1.70499553e-03 
 9.27150000e-09  9.27150000e-09  0.00000000e+00 -8.62000226e-04 -1.78403310e-03 
 9.27250000e-09  9.27250000e-09  0.00000000e+00 -1.12104462e-03 -1.86784621e-03 
 9.27350000e-09  9.27350000e-09  0.00000000e+00 -1.39248023e-03 -1.94841789e-03 
 9.27450000e-09  9.27450000e-09  0.00000000e+00 -1.67619740e-03 -2.03315313e-03 
 9.27550000e-09  9.27550000e-09  0.00000000e+00 -1.97211431e-03 -2.11402889e-03 
 9.27650000e-09  9.27650000e-09  0.00000000e+00 -2.28017591e-03 -2.19846446e-03 
 9.27750000e-09  9.27750000e-09  0.00000000e+00 -2.60034840e-03 -2.27846913e-03 
 9.27850000e-09  9.27850000e-09  0.00000000e+00 -2.93262771e-03 -2.36144923e-03 
 9.27950000e-09  9.27950000e-09  0.00000000e+00 -3.27705280e-03 -2.43938341e-03 
 9.28050000e-09  9.28050000e-09  0.00000000e+00 -3.63371099e-03 -2.51967294e-03 
 9.28150000e-09  9.28150000e-09  0.00000000e+00 -4.00274375e-03 -2.59429044e-03 
 9.28250000e-09  9.28250000e-09  0.00000000e+00 -4.38435313e-03 -2.67062934e-03 
 9.28350000e-09  9.28350000e-09  0.00000000e+00 -4.77880911e-03 -2.74065207e-03 
 9.28450000e-09  9.28450000e-09  0.00000000e+00 -5.18645804e-03 -2.81173882e-03 
 9.28550000e-09  9.28550000e-09  0.00000000e+00 -5.60773264e-03 -2.87583489e-03 
 9.28650000e-09  9.28650000e-09  0.00000000e+00 -6.04316382e-03 -2.94029841e-03 
 9.28750000e-09  9.28750000e-09  0.00000000e+00 -6.49339507e-03 -2.99704644e-03 
 9.28850000e-09  9.28850000e-09  0.00000000e+00 -6.95920011e-03 -3.05340102e-03 
 9.28950000e-09  9.28950000e-09  0.00000000e+00 -7.44150497e-03 -3.10123303e-03 
 9.29050000e-09  9.29050000e-09  0.00000000e+00 -7.94141599e-03 -3.14780523e-03 
 9.29150000e-09  9.29150000e-09  0.00000000e+00 -8.45885199e-03 -3.18983013e-03 
 9.29250000e-09  9.29250000e-09  0.00000000e+00 -8.98440463e-03 -3.26356441e-03 
 9.29350000e-09  9.29350000e-09  0.00000000e+00 -9.50951113e-03 -3.33317360e-03 
 9.29450000e-09  9.29450000e-09  0.00000000e+00 -1.00351313e-02 -3.40444005e-03 
 9.29550000e-09  9.29550000e-09  0.00000000e+00 -1.05623548e-02 -3.47159685e-03 
 9.29650000e-09  9.29650000e-09  0.00000000e+00 -1.10924900e-02 -3.54041243e-03 
 9.29750000e-09  9.29750000e-09  0.00000000e+00 -1.16271786e-02 -3.60517340e-03 
 9.29850000e-09  9.29850000e-09  0.00000000e+00 -1.21685895e-02 -3.67172162e-03 
 9.29950000e-09  9.29950000e-09  0.00000000e+00 -1.27197714e-02 -3.73444974e-03 
 9.30050000e-09  9.30050000e-09  0.00000000e+00 -1.32854921e-02 -3.79928456e-03 
 9.30150000e-09  9.30150000e-09  0.00000000e+00 -1.38739583e-02 -3.86099609e-03 
 9.30250000e-09  9.30250000e-09  0.00000000e+00 -1.44931137e-02 -3.93117922e-03 
 9.30350000e-09  9.30350000e-09  0.00000000e+00 -1.51342189e-02 -4.01483560e-03 
 9.30450000e-09  9.30450000e-09  0.00000000e+00 -1.57844051e-02 -4.10231375e-03 
 9.30550000e-09  9.30550000e-09  0.00000000e+00 -1.64417376e-02 -4.18754682e-03 
 9.30650000e-09  9.30650000e-09  0.00000000e+00 -1.71044869e-02 -4.27639067e-03 
 9.30750000e-09  9.30750000e-09  0.00000000e+00 -1.77711486e-02 -4.36264984e-03 
 9.30850000e-09  9.30850000e-09  0.00000000e+00 -1.84404234e-02 -4.45219821e-03 
 9.30950000e-09  9.30950000e-09  0.00000000e+00 -1.91111990e-02 -4.53885838e-03 
 9.31050000e-09  9.31050000e-09  0.00000000e+00 -1.97847951e-02 -4.61916209e-03 
 9.31150000e-09  9.31150000e-09  0.00000000e+00 -2.04576143e-02 -4.70237449e-03 
 9.31250000e-09  9.31250000e-09  0.00000000e+00 -2.11146863e-02 -4.80771964e-03 
 9.31350000e-09  9.31350000e-09  0.00000000e+00 -2.17369663e-02 -4.93039056e-03 
 9.31450000e-09  9.31450000e-09  0.00000000e+00 -2.23055260e-02 -5.07741280e-03 
 9.31550000e-09  9.31550000e-09  0.00000000e+00 -2.28015379e-02 -5.24386982e-03 
 9.31650000e-09  9.31650000e-09  0.00000000e+00 -2.32062574e-02 -5.43667342e-03 
 9.31750000e-09  9.31750000e-09  0.00000000e+00 -2.35010061e-02 -5.65078956e-03 
 9.31850000e-09  9.31850000e-09  0.00000000e+00 -2.36671534e-02 -5.89300926e-03 
 9.31950000e-09  9.31950000e-09  0.00000000e+00 -2.36860983e-02 -6.15817488e-03 
 9.32050000e-09  9.32050000e-09  0.00000000e+00 -2.35392489e-02 -6.45295139e-03 
 9.32150000e-09  9.32150000e-09  0.00000000e+00 -2.32080022e-02 -6.77205299e-03 
 9.32250000e-09  9.32250000e-09  0.00000000e+00 -2.26737212e-02 -7.12201475e-03 
 9.32350000e-09  9.32350000e-09  0.00000000e+00 -2.19177235e-02 -7.49788530e-03 
 9.32450000e-09  9.32450000e-09  0.00000000e+00 -2.09213389e-02 -7.90559301e-03 
 9.32550000e-09  9.32550000e-09  0.00000000e+00 -1.96658462e-02 -8.33955774e-03 
 9.32650000e-09  9.32650000e-09  0.00000000e+00 -1.81323225e-02 -8.80607658e-03 
 9.32750000e-09  9.32750000e-09  0.00000000e+00 -1.63009722e-02 -9.29907948e-03 
 9.32850000e-09  9.32850000e-09  0.00000000e+00 -1.41505265e-02 -9.82058207e-03 
 9.32950000e-09  9.32950000e-09  0.00000000e+00 -1.16596665e-02 -1.03630891e-02 
 9.33050000e-09  9.33050000e-09  0.00000000e+00 -8.80794367e-03 -1.09322858e-02 
 9.33150000e-09  9.33150000e-09  0.00000000e+00 -5.57533300e-03 -1.15218509e-02 
 9.33250000e-09  9.33250000e-09  0.00000000e+00 -1.94222762e-03 -1.21371735e-02 
 9.33350000e-09  9.33350000e-09  0.00000000e+00  2.11053941e-03 -1.27716668e-02 
 9.33450000e-09  9.33450000e-09  0.00000000e+00  6.60147431e-03 -1.34305007e-02 
 9.33550000e-09  9.33550000e-09  0.00000000e+00  1.15483762e-02 -1.41068731e-02 
 9.33650000e-09  9.33650000e-09  0.00000000e+00  1.69685247e-02 -1.48057327e-02 
 9.33750000e-09  9.33750000e-09  0.00000000e+00  2.28787320e-02 -1.55200924e-02 
 9.33850000e-09  9.33850000e-09  0.00000000e+00  2.92953676e-02 -1.62547399e-02 
 9.33950000e-09  9.33950000e-09  0.00000000e+00  3.62343889e-02 -1.70025483e-02 
 9.34050000e-09  9.34050000e-09  0.00000000e+00  4.37113782e-02 -1.77681860e-02 
 9.34150000e-09  9.34150000e-09  0.00000000e+00  5.17415860e-02 -1.85444274e-02 
 9.34250000e-09  9.34250000e-09  0.00000000e+00  6.03399811e-02 -1.93358630e-02 
 9.34350000e-09  9.34350000e-09  0.00000000e+00  6.95213078e-02 -2.01352096e-02 
 9.34450000e-09  9.34450000e-09  0.00000000e+00  7.93001521e-02 -2.09470214e-02 
 9.34550000e-09  9.34550000e-09  0.00000000e+00  8.96910163e-02 -2.17640001e-02 
 9.34650000e-09  9.34650000e-09  0.00000000e+00  1.00708404e-01 -2.25907069e-02 
 9.34750000e-09  9.34750000e-09  0.00000000e+00  1.12366919e-01 -2.34198741e-02 
 9.34850000e-09  9.34850000e-09  0.00000000e+00  1.24681376e-01 -2.42561189e-02 
 9.34950000e-09  9.34950000e-09  0.00000000e+00  1.37666931e-01 -2.50922581e-02 
 9.35050000e-09  9.35050000e-09  0.00000000e+00  1.51339234e-01 -2.59330264e-02 
 9.35150000e-09  9.35150000e-09  0.00000000e+00  1.65714609e-01 -2.67713971e-02 
 9.35250000e-09  9.35250000e-09  0.00000000e+00  1.80810270e-01 -2.76123104e-02 
 9.35350000e-09  9.35350000e-09  0.00000000e+00  1.96644586e-01 -2.84490081e-02 
 9.35450000e-09  9.35450000e-09  0.00000000e+00  2.13237410e-01 -2.92867827e-02 
 9.35550000e-09  9.35550000e-09  0.00000000e+00  2.30610495e-01 -3.01193437e-02 
 9.35650000e-09  9.35650000e-09  0.00000000e+00  2.48788047e-01 -3.09526162e-02 
 9.35750000e-09  9.35750000e-09  0.00000000e+00  2.67797450e-01 -3.17811857e-02 
 9.35850000e-09  9.35850000e-09  0.00000000e+00  2.87670284e-01 -3.26122253e-02 
 9.35950000e-09  9.35950000e-09  0.00000000e+00  3.08443781e-01 -3.34421603e-02 
 9.36050000e-09  9.36050000e-09  0.00000000e+00  3.30162990e-01 -3.42809894e-02 
 9.36150000e-09  9.36150000e-09  0.00000000e+00  3.52884205e-01 -3.51296992e-02 
 9.36250000e-09  9.36250000e-09  0.00000000e+00  3.76680670e-01 -3.60061171e-02 
 9.36350000e-09  9.36350000e-09  0.00000000e+00  4.01652906e-01 -3.69257766e-02 
 9.36450000e-09  9.36450000e-09  0.00000000e+00  4.27951981e-01 -3.79402303e-02 
 9.36550000e-09  9.36550000e-09  0.00000000e+00  4.55626539e-01 -3.88580959e-02 
 9.36650000e-09  9.36650000e-09  0.00000000e+00  4.84560560e-01 -3.96816255e-02 
 9.36750000e-09  9.36750000e-09  0.00000000e+00  5.14666455e-01 -4.04898745e-02 
 9.36850000e-09  9.36850000e-09  0.00000000e+00  5.45903916e-01 -4.12739123e-02 
 9.36950000e-09  9.36950000e-09  0.00000000e+00  5.78233378e-01 -4.20418080e-02 
 9.37050000e-09  9.37050000e-09  0.00000000e+00  6.11616032e-01 -4.27847933e-02 
 9.37150000e-09  9.37150000e-09  0.00000000e+00  6.46013850e-01 -4.35110894e-02 
 9.37250000e-09  9.37250000e-09  0.00000000e+00  6.81389594e-01 -4.42120704e-02 
 9.37350000e-09  9.37350000e-09  0.00000000e+00  7.17706834e-01 -4.48960906e-02 
 9.37450000e-09  9.37450000e-09  0.00000000e+00  7.54929954e-01 -4.55546472e-02 
 9.37550000e-09  9.37550000e-09  0.00000000e+00  7.93024658e-01 -4.61944654e-02 
 9.37650000e-09  9.37650000e-09  0.00000000e+00  8.31957114e-01 -4.68110182e-02 
 9.37750000e-09  9.37750000e-09  0.00000000e+00  8.71693812e-01 -4.74107136e-02 
 9.37850000e-09  9.37850000e-09  0.00000000e+00  9.12202438e-01 -4.79852429e-02 
 9.37950000e-09  9.37950000e-09  0.00000000e+00  9.53451514e-01 -4.85432522e-02 
 9.38050000e-09  9.38050000e-09  0.00000000e+00  9.95410396e-01 -4.90765060e-02 
 9.38150000e-09  9.38150000e-09  0.00000000e+00  1.03804927e+00 -4.95937159e-02 
 9.38250000e-09  9.38250000e-09  0.00000000e+00  1.08121341e+00 -4.98989416e-02 
 9.38350000e-09  9.38350000e-09  0.00000000e+00  1.12457455e+00 -4.98982213e-02 
 9.38450000e-09  9.38450000e-09  0.00000000e+00  1.16787351e+00 -4.97529520e-02 
 9.38550000e-09  9.38550000e-09  0.00000000e+00  1.21097321e+00 -4.94821517e-02 
 9.38650000e-09  9.38650000e-09  0.00000000e+00  1.25375412e+00 -4.90991679e-02 
 9.38750000e-09  9.38750000e-09  0.00000000e+00  1.29610833e+00 -4.86135642e-02 
 9.38850000e-09  9.38850000e-09  0.00000000e+00  1.33794107e+00 -4.80403162e-02 
 9.38950000e-09  9.38950000e-09  0.00000000e+00  1.37916949e+00 -4.73868484e-02 
 9.39050000e-09  9.39050000e-09  0.00000000e+00  1.41972165e+00 -4.66661986e-02 
 9.39150000e-09  9.39150000e-09  0.00000000e+00  1.45953548e+00 -4.58840321e-02 
 9.39250000e-09  9.39250000e-09  0.00000000e+00  1.49855794e+00 -4.50514565e-02 
 9.39350000e-09  9.39350000e-09  0.00000000e+00  1.53674416e+00 -4.41729471e-02 
 9.39450000e-09  9.39450000e-09  0.00000000e+00  1.57405679e+00 -4.32586831e-02 
 9.39550000e-09  9.39550000e-09  0.00000000e+00  1.61046524e+00 -4.23116450e-02 
 9.39650000e-09  9.39650000e-09  0.00000000e+00  1.64594504e+00 -4.13407912e-02 
 9.39750000e-09  9.39750000e-09  0.00000000e+00  1.68047729e+00 -4.03480655e-02 
 9.39850000e-09  9.39850000e-09  0.00000000e+00  1.71404809e+00 -3.93414707e-02 
 9.39950000e-09  9.39950000e-09  0.00000000e+00  1.74664809e+00 -3.83220698e-02 
 9.40050000e-09  9.40050000e-09  0.00000000e+00  1.77827201e+00 -3.72970528e-02 
 9.40150000e-09  9.40150000e-09  0.00000000e+00  1.80891825e+00 -3.62667318e-02 
 9.40250000e-09  9.40250000e-09  0.00000000e+00  1.83858850e+00 -3.52376039e-02 
 9.40350000e-09  9.40350000e-09  0.00000000e+00  1.86728737e+00 -3.42093414e-02 
 9.40450000e-09  9.40450000e-09  0.00000000e+00  1.89502210e+00 -3.31878500e-02 
 9.40550000e-09  9.40550000e-09  0.00000000e+00  1.92180221e+00 -3.21722554e-02 
 9.40650000e-09  9.40650000e-09  0.00000000e+00  1.94763930e+00 -3.11679588e-02 
 9.40750000e-09  9.40750000e-09  0.00000000e+00  1.97254673e+00 -3.01736194e-02 
 9.40850000e-09  9.40850000e-09  0.00000000e+00  1.99653941e+00 -2.91942072e-02 
 9.40950000e-09  9.40950000e-09  0.00000000e+00  2.01963363e+00 -2.82279831e-02 
 9.41050000e-09  9.41050000e-09  0.00000000e+00  2.04184680e+00 -2.72795488e-02 
 9.41150000e-09  9.41150000e-09  0.00000000e+00  2.06319732e+00 -2.63468251e-02 
 9.41250000e-09  9.41250000e-09  0.00000000e+00  2.08370442e+00 -2.54340990e-02 
 9.41350000e-09  9.41350000e-09  0.00000000e+00  2.10338798e+00 -2.45390009e-02 
 9.41450000e-09  9.41450000e-09  0.00000000e+00  2.12226842e+00 -2.36655495e-02 
 9.41550000e-09  9.41550000e-09  0.00000000e+00  2.14036661e+00 -2.28111270e-02 
 9.41650000e-09  9.41650000e-09  0.00000000e+00  2.15770369e+00 -2.19795236e-02 
 9.41750000e-09  9.41750000e-09  0.00000000e+00  2.17430104e+00 -2.11679103e-02 
 9.41850000e-09  9.41850000e-09  0.00000000e+00  2.19018016e+00 -2.03798825e-02 
 9.41950000e-09  9.41950000e-09  0.00000000e+00  2.20536259e+00 -1.96124319e-02 
 9.42050000e-09  9.42050000e-09  0.00000000e+00  2.21986984e+00 -1.88689886e-02 
 9.42150000e-09  9.42150000e-09  0.00000000e+00  2.23372335e+00 -1.81463926e-02 
 9.42250000e-09  9.42250000e-09  0.00000000e+00  2.24694439e+00 -1.74479346e-02 
 9.42350000e-09  9.42350000e-09  0.00000000e+00  2.25955405e+00 -1.67703266e-02 
 9.42450000e-09  9.42450000e-09  0.00000000e+00  2.27157319e+00 -1.61167422e-02 
 9.42550000e-09  9.42550000e-09  0.00000000e+00  2.28302742e+00 -1.54924114e-02 
 9.42650000e-09  9.42650000e-09  0.00000000e+00  2.29393192e+00 -1.48749504e-02 
 9.42750000e-09  9.42750000e-09  0.00000000e+00  2.30430282e+00 -1.42865903e-02 
 9.42850000e-09  9.42850000e-09  0.00000000e+00  2.31416698e+00 -1.37210899e-02 
 9.42950000e-09  9.42950000e-09  0.00000000e+00  2.32354542e+00 -1.31747935e-02 
 9.43050000e-09  9.43050000e-09  0.00000000e+00  2.33245864e+00 -1.26504753e-02 
 9.43150000e-09  9.43150000e-09  0.00000000e+00  2.34092664e+00 -1.21444312e-02 
 9.43250000e-09  9.43250000e-09  0.00000000e+00  2.34896885e+00 -1.16593951e-02 
 9.43350000e-09  9.43350000e-09  0.00000000e+00  2.35660416e+00 -1.11916295e-02 
 9.43450000e-09  9.43450000e-09  0.00000000e+00  2.36385088e+00 -1.07438416e-02 
 9.43550000e-09  9.43550000e-09  0.00000000e+00  2.37072676e+00 -1.03122734e-02 
 9.43650000e-09  9.43650000e-09  0.00000000e+00  2.37724895e+00 -9.89961720e-03 
 9.43750000e-09  9.43750000e-09  0.00000000e+00  2.38343405e+00 -9.50210545e-03 
 9.43850000e-09  9.43850000e-09  0.00000000e+00  2.38929804e+00 -9.12242539e-03 
 9.43950000e-09  9.43950000e-09  0.00000000e+00  2.39485635e+00 -8.75680891e-03 
 9.44050000e-09  9.44050000e-09  0.00000000e+00  2.40012383e+00 -8.40794663e-03 
 9.44150000e-09  9.44150000e-09  0.00000000e+00  2.40511476e+00 -8.07207736e-03 
 9.44250000e-09  9.44250000e-09  0.00000000e+00  2.40984284e+00 -7.75190183e-03 
 9.44350000e-09  9.44350000e-09  0.00000000e+00  2.41432125e+00 -7.44367182e-03 
 9.44450000e-09  9.44450000e-09  0.00000000e+00  2.41856261e+00 -7.15010357e-03 
 9.44550000e-09  9.44550000e-09  0.00000000e+00  2.42257900e+00 -6.86746659e-03 
 9.44650000e-09  9.44650000e-09  0.00000000e+00  2.42638200e+00 -6.59849679e-03 
 9.44750000e-09  9.44750000e-09  0.00000000e+00  2.42998267e+00 -6.33948504e-03 
 9.44850000e-09  9.44850000e-09  0.00000000e+00  2.43339157e+00 -6.09319002e-03 
 9.44950000e-09  9.44950000e-09  0.00000000e+00  2.43661879e+00 -5.85592656e-03 
 9.45050000e-09  9.45050000e-09  0.00000000e+00  2.43967395e+00 -5.63047829e-03 
 9.45150000e-09  9.45150000e-09  0.00000000e+00  2.44256624e+00 -5.41318575e-03 
 9.45250000e-09  9.45250000e-09  0.00000000e+00  2.44530436e+00 -5.20685889e-03 
 9.45350000e-09  9.45350000e-09  0.00000000e+00  2.44789665e+00 -5.00786499e-03 
 9.45450000e-09  9.45450000e-09  0.00000000e+00  2.45035099e+00 -4.81904100e-03 
 9.45550000e-09  9.45550000e-09  0.00000000e+00  2.45267491e+00 -4.63678134e-03 
 9.45650000e-09  9.45650000e-09  0.00000000e+00  2.45487553e+00 -4.46395011e-03 
 9.45750000e-09  9.45750000e-09  0.00000000e+00  2.45695962e+00 -4.29696877e-03 
 9.45850000e-09  9.45850000e-09  0.00000000e+00  2.45893361e+00 -4.13872825e-03 
 9.45950000e-09  9.45950000e-09  0.00000000e+00  2.46080360e+00 -3.98567652e-03 
 9.46050000e-09  9.46050000e-09  0.00000000e+00  2.46257533e+00 -3.84073067e-03 
 9.46150000e-09  9.46150000e-09  0.00000000e+00  2.46425430e+00 -3.70036438e-03 
 9.46250000e-09  9.46250000e-09  0.00000000e+00  2.46584565e+00 -3.56751992e-03 
 9.46350000e-09  9.46350000e-09  0.00000000e+00  2.46735429e+00 -3.43869562e-03 
 9.46450000e-09  9.46450000e-09  0.00000000e+00  2.46878485e+00 -3.31685777e-03 
 9.46550000e-09  9.46550000e-09  0.00000000e+00  2.47014170e+00 -3.19852808e-03 
 9.46650000e-09  9.46650000e-09  0.00000000e+00  2.47142897e+00 -3.08669559e-03 
 9.46750000e-09  9.46750000e-09  0.00000000e+00  2.47265056e+00 -2.97790404e-03 
 9.46850000e-09  9.46850000e-09  0.00000000e+00  2.47381017e+00 -2.87516379e-03 
 9.46950000e-09  9.46950000e-09  0.00000000e+00  2.47491126e+00 -2.77503920e-03 
 9.47050000e-09  9.47050000e-09  0.00000000e+00  2.47595713e+00 -2.68056051e-03 
 9.47150000e-09  9.47150000e-09  0.00000000e+00  2.47695086e+00 -2.58831123e-03 
 9.47250000e-09  9.47250000e-09  0.00000000e+00  2.47789538e+00 -2.50134004e-03 
 9.47350000e-09  9.47350000e-09  0.00000000e+00  2.47879344e+00 -2.41624816e-03 
 9.47450000e-09  9.47450000e-09  0.00000000e+00  2.47964762e+00 -2.33610125e-03 
 9.47550000e-09  9.47550000e-09  0.00000000e+00  2.48046038e+00 -2.25751681e-03 
 9.47650000e-09  9.47650000e-09  0.00000000e+00  2.48123401e+00 -2.18357611e-03 
 9.47750000e-09  9.47750000e-09  0.00000000e+00  2.48197069e+00 -2.11091155e-03 
 9.47850000e-09  9.47850000e-09  0.00000000e+00  2.48267261e+00 -2.04253850e-03 
 9.47950000e-09  9.47950000e-09  0.00000000e+00  2.48334182e+00 -1.97492273e-03 
 9.48050000e-09  9.48050000e-09  0.00000000e+00  2.48398030e+00 -1.91082282e-03 
 9.48150000e-09  9.48150000e-09  0.00000000e+00  2.48458992e+00 -1.84754189e-03 
 9.48250000e-09  9.48250000e-09  0.00000000e+00  2.48517217e+00 -1.78821866e-03 
 9.48350000e-09  9.48350000e-09  0.00000000e+00  2.48572845e+00 -1.72951138e-03 
 9.48450000e-09  9.48450000e-09  0.00000000e+00  2.48626007e+00 -1.67456706e-03 
 9.48550000e-09  9.48550000e-09  0.00000000e+00  2.48676828e+00 -1.62005269e-03 
 9.48650000e-09  9.48650000e-09  0.00000000e+00  2.48725429e+00 -1.56912370e-03 
 9.48750000e-09  9.48750000e-09  0.00000000e+00  2.48771919e+00 -1.51845515e-03 
 9.48850000e-09  9.48850000e-09  0.00000000e+00  2.48816405e+00 -1.47121018e-03 
 9.48950000e-09  9.48950000e-09  0.00000000e+00  2.48858988e+00 -1.42407125e-03 
 9.49050000e-09  9.49050000e-09  0.00000000e+00  2.48899762e+00 -1.38020858e-03 
 9.49150000e-09  9.49150000e-09  0.00000000e+00  2.48938816e+00 -1.33631137e-03 
 9.49250000e-09  9.49250000e-09  0.00000000e+00  2.48976236e+00 -1.29555633e-03 
 9.49350000e-09  9.49350000e-09  0.00000000e+00  2.49012101e+00 -1.25463883e-03 
 9.49450000e-09  9.49450000e-09  0.00000000e+00  2.49046488e+00 -1.21674144e-03 
 9.49550000e-09  9.49550000e-09  0.00000000e+00  2.49079467e+00 -1.17856517e-03 
 9.49650000e-09  9.49650000e-09  0.00000000e+00  2.49111108e+00 -1.14329794e-03 
 9.49750000e-09  9.49750000e-09  0.00000000e+00  2.49141473e+00 -1.10764585e-03 
 9.49850000e-09  9.49850000e-09  0.00000000e+00  2.49170625e+00 -1.07480170e-03 
 9.49950000e-09  9.49950000e-09  0.00000000e+00  2.49198620e+00 -1.04147622e-03 
 9.50050000e-09  9.50050000e-09  0.00000000e+00  2.49225512e+00 -1.01086661e-03 
 9.50150000e-09  9.50150000e-09  0.00000000e+00  2.49251354e+00 -9.79687789e-04 
 9.50250000e-09  9.50250000e-09  0.00000000e+00  2.49276193e+00 -9.51140965e-04 
 9.50350000e-09  9.50350000e-09  0.00000000e+00  2.49300077e+00 -9.21944858e-04 
 9.50450000e-09  9.50450000e-09  0.00000000e+00  2.49323048e+00 -8.95304281e-04 
 9.50550000e-09  9.50550000e-09  0.00000000e+00  2.49345149e+00 -8.67941395e-04 
 9.50650000e-09  9.50650000e-09  0.00000000e+00  2.49366418e+00 -8.43064283e-04 
 9.50750000e-09  9.50750000e-09  0.00000000e+00  2.49386893e+00 -8.17398213e-04 
 9.50850000e-09  9.50850000e-09  0.00000000e+00  2.49406609e+00 -7.94154225e-04 
 9.50950000e-09  9.50950000e-09  0.00000000e+00  2.49425600e+00 -7.70060398e-04 
 9.51050000e-09  9.51050000e-09  0.00000000e+00  2.49443897e+00 -7.48330443e-04 
 9.51150000e-09  9.51150000e-09  0.00000000e+00  2.49461530e+00 -7.25694981e-04 
 9.51250000e-09  9.51250000e-09  0.00000000e+00  2.49478528e+00 -7.05370139e-04 
 9.51350000e-09  9.51350000e-09  0.00000000e+00  2.49494918e+00 -6.84088835e-04 
 9.51450000e-09  9.51450000e-09  0.00000000e+00  2.49510726e+00 -6.65069380e-04 
 9.51550000e-09  9.51550000e-09  0.00000000e+00  2.49525976e+00 -6.45046771e-04 
 9.51650000e-09  9.51650000e-09  0.00000000e+00  2.49540692e+00 -6.27241293e-04 
 9.51750000e-09  9.51750000e-09  0.00000000e+00  2.49554896e+00 -6.08389825e-04 
 9.51850000e-09  9.51850000e-09  0.00000000e+00  2.49568608e+00 -5.91714440e-04 
 9.51950000e-09  9.51950000e-09  0.00000000e+00  2.49581849e+00 -5.73953717e-04 
 9.52050000e-09  9.52050000e-09  0.00000000e+00  2.49594637e+00 -5.58331351e-04 
 9.52150000e-09  9.52150000e-09  0.00000000e+00  2.49606992e+00 -5.41587463e-04 
 9.52250000e-09  9.52250000e-09  0.00000000e+00  2.49618929e+00 -5.26947214e-04 
 9.52350000e-09  9.52350000e-09  0.00000000e+00  2.49630466e+00 -5.11152123e-04 
 9.52450000e-09  9.52450000e-09  0.00000000e+00  2.49641619e+00 -4.97428684e-04 
 9.52550000e-09  9.52550000e-09  0.00000000e+00  2.49652401e+00 -4.82519685e-04 
 9.52650000e-09  9.52650000e-09  0.00000000e+00  2.49662828e+00 -4.69652828e-04 
 9.52750000e-09  9.52750000e-09  0.00000000e+00  2.49672913e+00 -4.55572054e-04 
 9.52850000e-09  9.52850000e-09  0.00000000e+00  2.49682668e+00 -4.43506165e-04 
 9.52950000e-09  9.52950000e-09  0.00000000e+00  2.49692107e+00 -4.30200150e-04 
 9.53050000e-09  9.53050000e-09  0.00000000e+00  2.49701241e+00 -4.18883811e-04 
 9.53150000e-09  9.53150000e-09  0.00000000e+00  2.49710082e+00 -4.06303092e-04 
 9.53250000e-09  9.53250000e-09  0.00000000e+00  2.49718639e+00 -3.95688707e-04 
 9.53350000e-09  9.53350000e-09  0.00000000e+00  2.49726924e+00 -3.83787471e-04 
 9.53450000e-09  9.53450000e-09  0.00000000e+00  2.49734947e+00 -3.73830928e-04 
 9.53550000e-09  9.53550000e-09  0.00000000e+00  2.49742716e+00 -3.62566689e-04 
 9.53650000e-09  9.53650000e-09  0.00000000e+00  2.49750241e+00 -3.53227060e-04 
 9.53750000e-09  9.53750000e-09  0.00000000e+00  2.49757531e+00 -3.42560375e-04 
 9.53850000e-09  9.53850000e-09  0.00000000e+00  2.49764593e+00 -3.33799637e-04 
 9.53950000e-09  9.53950000e-09  0.00000000e+00  2.49771437e+00 -3.23693845e-04 
 9.54050000e-09  9.54050000e-09  0.00000000e+00  2.49778068e+00 -3.15476640e-04 
 9.54150000e-09  9.54150000e-09  0.00000000e+00  2.49784496e+00 -3.05897631e-04 
 9.54250000e-09  9.54250000e-09  0.00000000e+00  2.49790726e+00 -2.98191041e-04 
 9.54350000e-09  9.54350000e-09  0.00000000e+00  2.49796765e+00 -2.89107041e-04 
 9.54450000e-09  9.54450000e-09  0.00000000e+00  2.49802621e+00 -2.81880392e-04 
 9.54550000e-09  9.54550000e-09  0.00000000e+00  2.49808298e+00 -2.73261779e-04 
 9.54650000e-09  9.54650000e-09  0.00000000e+00  2.49813804e+00 -2.66486456e-04 
 9.54750000e-09  9.54750000e-09  0.00000000e+00  2.49819143e+00 -2.58305584e-04 
 9.54850000e-09  9.54850000e-09  0.00000000e+00  2.49824322e+00 -2.51954871e-04 
 9.54950000e-09  9.54950000e-09  0.00000000e+00  2.49829346e+00 -2.44185914e-04 
 9.55050000e-09  9.55050000e-09  0.00000000e+00  2.49834219e+00 -2.38234844e-04 
 9.55150000e-09  9.55150000e-09  0.00000000e+00  2.49838946e+00 -2.30853661e-04 
 9.55250000e-09  9.55250000e-09  0.00000000e+00  2.49843533e+00 -2.25278881e-04 
 9.55350000e-09  9.55350000e-09  0.00000000e+00  2.49847984e+00 -2.18262881e-04 
 9.55450000e-09  9.55450000e-09  0.00000000e+00  2.49852303e+00 -2.13042536e-04 
 9.55550000e-09  9.55550000e-09  0.00000000e+00  2.49856494e+00 -2.06370565e-04 
 9.55650000e-09  9.55650000e-09  0.00000000e+00  2.49860562e+00 -2.01484178e-04 
 9.55750000e-09  9.55750000e-09  0.00000000e+00  2.49864510e+00 -1.95136415e-04 
 9.55850000e-09  9.55850000e-09  0.00000000e+00  2.49868343e+00 -1.90564794e-04 
 9.55950000e-09  9.55950000e-09  0.00000000e+00  2.49872063e+00 -1.84522651e-04 
 9.56050000e-09  9.56050000e-09  0.00000000e+00  2.49875674e+00 -1.80247792e-04 
 9.56150000e-09  9.56150000e-09  0.00000000e+00  2.49879181e+00 -1.74493828e-04 
 9.56250000e-09  9.56250000e-09  0.00000000e+00  2.49882585e+00 -1.70498832e-04 
 9.56350000e-09  9.56350000e-09  0.00000000e+00  2.49885890e+00 -1.65016673e-04 
 9.56450000e-09  9.56450000e-09  0.00000000e+00  2.49889100e+00 -1.61285670e-04 
 9.56550000e-09  9.56550000e-09  0.00000000e+00  2.49892216e+00 -1.56059933e-04 
 9.56650000e-09  9.56650000e-09  0.00000000e+00  2.49895243e+00 -1.52578011e-04 
 9.56750000e-09  9.56750000e-09  0.00000000e+00  2.49898182e+00 -1.47594237e-04 
 9.56850000e-09  9.56850000e-09  0.00000000e+00  2.49901037e+00 -1.44347376e-04 
 9.56950000e-09  9.56950000e-09  0.00000000e+00  2.49903809e+00 -1.39591970e-04 
 9.57050000e-09  9.57050000e-09  0.00000000e+00  2.49906502e+00 -1.36566984e-04 
 9.57150000e-09  9.57150000e-09  0.00000000e+00  2.49909118e+00 -1.32027154e-04 
 9.57250000e-09  9.57250000e-09  0.00000000e+00  2.49911659e+00 -1.29211634e-04 
 9.57350000e-09  9.57350000e-09  0.00000000e+00  2.49914127e+00 -1.24875342e-04 
 9.57450000e-09  9.57450000e-09  0.00000000e+00  2.49916525e+00 -1.22257608e-04 
 9.57550000e-09  9.57550000e-09  0.00000000e+00  2.49918854e+00 -1.18113519e-04 
 9.57650000e-09  9.57650000e-09  0.00000000e+00  2.49921117e+00 -1.15682569e-04 
 9.57750000e-09  9.57750000e-09  0.00000000e+00  2.49923315e+00 -1.11720007e-04 
 9.57850000e-09  9.57850000e-09  0.00000000e+00  2.49925452e+00 -1.09465479e-04 
 9.57950000e-09  9.57950000e-09  0.00000000e+00  2.49927527e+00 -1.05674383e-04 
 9.58050000e-09  9.58050000e-09  0.00000000e+00  2.49929544e+00 -1.03586512e-04 
 9.58150000e-09  9.58150000e-09  0.00000000e+00  2.49931503e+00 -9.99574011e-05 
 9.58250000e-09  9.58250000e-09  0.00000000e+00  2.49933407e+00 -9.80269801e-05 
 9.58350000e-09  9.58350000e-09  0.00000000e+00  2.49935257e+00 -9.45509162e-05 
 9.58450000e-09  9.58450000e-09  0.00000000e+00  2.49937055e+00 -9.27692653e-05 
 9.58550000e-09  9.58550000e-09  0.00000000e+00  2.49938802e+00 -8.94378184e-05 
 9.58650000e-09  9.58650000e-09  0.00000000e+00  2.49940500e+00 -8.77967508e-05 
 9.58750000e-09  9.58750000e-09  0.00000000e+00  2.49942150e+00 -8.46019693e-05 
 9.58850000e-09  9.58850000e-09  0.00000000e+00  2.49943754e+00 -8.30937616e-05 
 9.58950000e-09  9.58950000e-09  0.00000000e+00  2.49945312e+00 -8.00281434e-05 
 9.59050000e-09  9.59050000e-09  0.00000000e+00  2.49946827e+00 -7.86455081e-05 
 9.59150000e-09  9.59150000e-09  0.00000000e+00  2.49948299e+00 -7.57019735e-05 
 9.59250000e-09  9.59250000e-09  0.00000000e+00  2.49949730e+00 -7.44380324e-05 
 9.59350000e-09  9.59350000e-09  0.00000000e+00  2.49951121e+00 -7.16098991e-05 
 9.59450000e-09  9.59450000e-09  0.00000000e+00  2.49952473e+00 -7.04581598e-05 
 9.59550000e-09  9.59550000e-09  0.00000000e+00  2.49953787e+00 -6.77391193e-05 
 9.59650000e-09  9.59650000e-09  0.00000000e+00  2.49955064e+00 -6.66934519e-05 
 9.59750000e-09  9.59750000e-09  0.00000000e+00  2.49956305e+00 -6.40775479e-05 
 9.59850000e-09  9.59850000e-09  0.00000000e+00  2.49957512e+00 -6.31321642e-05 
 9.59950000e-09  9.59950000e-09  0.00000000e+00  2.49958685e+00 -6.06137716e-05 
 9.60050000e-09  9.60050000e-09  0.00000000e+00  2.49959825e+00 -5.97632052e-05 
 9.60150000e-09  9.60150000e-09  0.00000000e+00  2.49960934e+00 -5.73370115e-05 
 9.60250000e-09  9.60250000e-09  0.00000000e+00  2.49962011e+00 -5.65760990e-05 
 9.60350000e-09  9.60350000e-09  0.00000000e+00  2.49963059e+00 -5.42370857e-05 
 9.60450000e-09  9.60450000e-09  0.00000000e+00  2.49964077e+00 -5.35609495e-05 
 9.60550000e-09  9.60550000e-09  0.00000000e+00  2.49965067e+00 -5.13043757e-05 
 9.60650000e-09  9.60650000e-09  0.00000000e+00  2.49966029e+00 -5.07084076e-05 
 9.60750000e-09  9.60750000e-09  0.00000000e+00  2.49966965e+00 -4.85297940e-05 
 9.60850000e-09  9.60850000e-09  0.00000000e+00  2.49967875e+00 -4.80096397e-05 
 9.60950000e-09  9.60950000e-09  0.00000000e+00  2.49968759e+00 -4.59047535e-05 
 9.61050000e-09  9.61050000e-09  0.00000000e+00  2.49969619e+00 -4.54562985e-05 
 9.61150000e-09  9.61150000e-09  0.00000000e+00  2.49970455e+00 -4.34211398e-05 
 9.61250000e-09  9.61250000e-09  0.00000000e+00  2.49971267e+00 -4.30404955e-05 
 9.61350000e-09  9.61350000e-09  0.00000000e+00  2.49972057e+00 -4.10712840e-05 
 9.61450000e-09  9.61450000e-09  0.00000000e+00  2.49972826e+00 -4.07547751e-05 
 9.61550000e-09  9.61550000e-09  0.00000000e+00  2.49973573e+00 -3.88479377e-05 
 9.61650000e-09  9.61650000e-09  0.00000000e+00  2.49974299e+00 -3.85920905e-05 
 9.61750000e-09  9.61750000e-09  0.00000000e+00  2.49975005e+00 -3.67442498e-05 
 9.61850000e-09  9.61850000e-09  0.00000000e+00  2.49975692e+00 -3.65457804e-05 
 9.61950000e-09  9.61950000e-09  0.00000000e+00  2.49976359e+00 -3.47537436e-05 
 9.62050000e-09  9.62050000e-09  0.00000000e+00  2.49977008e+00 -3.46095478e-05 
 9.62150000e-09  9.62150000e-09  0.00000000e+00  2.49977639e+00 -3.28702965e-05 
 9.62250000e-09  9.62250000e-09  0.00000000e+00  2.49978253e+00 -3.27774395e-05 
 9.62350000e-09  9.62350000e-09  0.00000000e+00  2.49978850e+00 -3.10881202e-05 
 9.62450000e-09  9.62450000e-09  0.00000000e+00  2.49979430e+00 -3.10438271e-05 
 9.62550000e-09  9.62550000e-09  0.00000000e+00  2.49979994e+00 -2.94017416e-05 
 9.62650000e-09  9.62650000e-09  0.00000000e+00  2.49980543e+00 -2.94033889e-05 
 9.62750000e-09  9.62750000e-09  0.00000000e+00  2.49981076e+00 -2.78059862e-05 
 9.62850000e-09  9.62850000e-09  0.00000000e+00  2.49981595e+00 -2.78510932e-05 
 9.62950000e-09  9.62950000e-09  0.00000000e+00  2.49982099e+00 -2.62959608e-05 
 9.63050000e-09  9.63050000e-09  0.00000000e+00  2.49982590e+00 -2.63821817e-05 
 9.63150000e-09  9.63150000e-09  0.00000000e+00  2.49983067e+00 -2.48670385e-05 
 9.63250000e-09  9.63250000e-09  0.00000000e+00  2.49983531e+00 -2.49921550e-05 
 9.63350000e-09  9.63350000e-09  0.00000000e+00  2.49983982e+00 -2.35148439e-05 
 9.63450000e-09  9.63450000e-09  0.00000000e+00  2.49984420e+00 -2.36767582e-05 
 9.63550000e-09  9.63550000e-09  0.00000000e+00  2.49984847e+00 -2.22352391e-05 
 9.63650000e-09  9.63650000e-09  0.00000000e+00  2.49985262e+00 -2.24319672e-05 
 9.63750000e-09  9.63750000e-09  0.00000000e+00  2.49985665e+00 -2.10243106e-05 
 9.63850000e-09  9.63850000e-09  0.00000000e+00  2.49986057e+00 -2.12539763e-05 
 9.63950000e-09  9.63950000e-09  0.00000000e+00  2.49986439e+00 -1.98783576e-05 
 9.64050000e-09  9.64050000e-09  0.00000000e+00  2.49986810e+00 -2.01391861e-05 
 9.64150000e-09  9.64150000e-09  0.00000000e+00  2.49987170e+00 -1.87938794e-05 
 9.64250000e-09  9.64250000e-09  0.00000000e+00  2.49987521e+00 -1.90841923e-05 
 9.64350000e-09  9.64350000e-09  0.00000000e+00  2.49987862e+00 -1.77675652e-05 
 9.64450000e-09  9.64450000e-09  0.00000000e+00  2.49988194e+00 -1.80857750e-05 
 9.64550000e-09  9.64550000e-09  0.00000000e+00  2.49988517e+00 -1.67962836e-05 
 9.64650000e-09  9.64650000e-09  0.00000000e+00  2.49988831e+00 -1.71408886e-05 
 9.64750000e-09  9.64750000e-09  0.00000000e+00  2.49989136e+00 -1.58770723e-05 
 9.64850000e-09  9.64850000e-09  0.00000000e+00  2.49989433e+00 -1.62465577e-05 
 9.64950000e-09  9.64950000e-09  0.00000000e+00  2.49989721e+00 -1.50071284e-05 
 9.65050000e-09  9.65050000e-09  0.00000000e+00  2.49990002e+00 -1.54003399e-05 
 9.65150000e-09  9.65150000e-09  0.00000000e+00  2.49990275e+00 -1.41838046e-05 
 9.65250000e-09  9.65250000e-09  0.00000000e+00  2.49990540e+00 -1.45993763e-05 
 9.65350000e-09  9.65350000e-09  0.00000000e+00  2.49990799e+00 -1.34045918e-05 
 9.65450000e-09  9.65450000e-09  0.00000000e+00  2.49991050e+00 -1.38413215e-05 
 9.65550000e-09  9.65550000e-09  0.00000000e+00  2.49991294e+00 -1.26671183e-05 
 9.65650000e-09  9.65650000e-09  0.00000000e+00  2.49991532e+00 -1.31238686e-05 
 9.65750000e-09  9.65750000e-09  0.00000000e+00  2.49991763e+00 -1.19691406e-05 
 9.65850000e-09  9.65850000e-09  0.00000000e+00  2.49991987e+00 -1.24448356e-05 
 9.65950000e-09  9.65950000e-09  0.00000000e+00  2.49992206e+00 -1.13085362e-05 
 9.66050000e-09  9.66050000e-09  0.00000000e+00  2.49992419e+00 -1.18021580e-05 
 9.66150000e-09  9.66150000e-09  0.00000000e+00  2.49992625e+00 -1.06832974e-05 
 9.66250000e-09  9.66250000e-09  0.00000000e+00  2.49992826e+00 -1.11938830e-05 
 9.66350000e-09  9.66350000e-09  0.00000000e+00  2.49993022e+00 -1.00915244e-05 
 9.66450000e-09  9.66450000e-09  0.00000000e+00  2.49993212e+00 -1.06181628e-05 
 9.66550000e-09  9.66550000e-09  0.00000000e+00  2.49993397e+00 -9.53142012e-06 
 9.66650000e-09  9.66650000e-09  0.00000000e+00  2.49993577e+00 -1.00732495e-05 
 9.66750000e-09  9.66750000e-09  0.00000000e+00  2.49993752e+00 -9.00128440e-06 
 9.66850000e-09  9.66850000e-09  0.00000000e+00  2.49993922e+00 -9.55748932e-06 
 9.66950000e-09  9.66950000e-09  0.00000000e+00  2.49994088e+00 -8.49950859e-06 
 9.67050000e-09  9.67050000e-09  0.00000000e+00  2.49994249e+00 -9.06931752e-06 
 9.67150000e-09  9.67150000e-09  0.00000000e+00  2.49994406e+00 -8.02457077e-06 
 9.67250000e-09  9.67250000e-09  0.00000000e+00  2.49994558e+00 -8.60725377e-06 
 9.67350000e-09  9.67350000e-09  0.00000000e+00  2.49994706e+00 -7.57503100e-06 
 9.67450000e-09  9.67450000e-09  0.00000000e+00  2.49994850e+00 -8.16989744e-06 
 9.67550000e-09  9.67550000e-09  0.00000000e+00  2.49994990e+00 -7.14952688e-06 
 9.67650000e-09  9.67650000e-09  0.00000000e+00  2.49995127e+00 -7.75592333e-06 
 9.67750000e-09  9.67750000e-09  0.00000000e+00  2.49995259e+00 -6.74676935e-06 
 9.67850000e-09  9.67850000e-09  0.00000000e+00  2.49995388e+00 -7.36407754e-06 
 9.67950000e-09  9.67950000e-09  0.00000000e+00  2.49995514e+00 -6.36553876e-06 
 9.68050000e-09  9.68050000e-09  0.00000000e+00  2.49995636e+00 -6.99317369e-06 
 9.68150000e-09  9.68150000e-09  0.00000000e+00  2.49995754e+00 -6.00468106e-06 
 9.68250000e-09  9.68250000e-09  0.00000000e+00  2.49995870e+00 -6.64208921e-06 
 9.68350000e-09  9.68350000e-09  0.00000000e+00  2.49995982e+00 -5.66310431e-06 
 9.68450000e-09  9.68450000e-09  0.00000000e+00  2.49996092e+00 -6.30976192e-06 
 9.68550000e-09  9.68550000e-09  0.00000000e+00  2.49996198e+00 -5.33977527e-06 
 9.68650000e-09  9.68650000e-09  0.00000000e+00  2.49996301e+00 -5.99518676e-06 
 9.68750000e-09  9.68750000e-09  0.00000000e+00  2.49996402e+00 -5.03371627e-06 
 9.68850000e-09  9.68850000e-09  0.00000000e+00  2.49996499e+00 -5.69741270e-06 
 9.68950000e-09  9.68950000e-09  0.00000000e+00  2.49996595e+00 -4.74400222e-06 
 9.69050000e-09  9.69050000e-09  0.00000000e+00  2.49996687e+00 -5.41553985e-06 
 9.69150000e-09  9.69150000e-09  0.00000000e+00  2.49996777e+00 -4.46975773e-06 
 9.69250000e-09  9.69250000e-09  0.00000000e+00  2.49996865e+00 -5.14871667e-06 
 9.69350000e-09  9.69350000e-09  0.00000000e+00  2.49996950e+00 -4.21015444e-06 
 9.69450000e-09  9.69450000e-09  0.00000000e+00  2.49997033e+00 -4.89613735e-06 
 9.69550000e-09  9.69550000e-09  0.00000000e+00  2.49997113e+00 -3.96440851e-06 
 9.69650000e-09  9.69650000e-09  0.00000000e+00  2.49997192e+00 -4.65703940e-06 
 9.69750000e-09  9.69750000e-09  0.00000000e+00  2.49997268e+00 -3.73177819e-06 
 9.69850000e-09  9.69850000e-09  0.00000000e+00  2.49997342e+00 -4.43070127e-06 
 9.69950000e-09  9.69950000e-09  0.00000000e+00  2.49997414e+00 -3.51156157e-06 
 9.70050000e-09  9.70050000e-09  0.00000000e+00  2.49997484e+00 -4.21644013e-06 
 9.70150000e-09  9.70150000e-09  0.00000000e+00  2.49997553e+00 -3.30309441e-06 
 9.70250000e-09  9.70250000e-09  0.00000000e+00  2.49997619e+00 -4.01360983e-06 
 9.70350000e-09  9.70350000e-09  0.00000000e+00  2.49997684e+00 -3.10574813e-06 
 9.70450000e-09  9.70450000e-09  0.00000000e+00  2.49997747e+00 -3.82159890e-06 
 9.70550000e-09  9.70550000e-09  0.00000000e+00  2.49997808e+00 -2.91892790e-06 
 9.70650000e-09  9.70650000e-09  0.00000000e+00  2.49997867e+00 -3.63982866e-06 
 9.70750000e-09  9.70750000e-09  0.00000000e+00  2.49997925e+00 -2.74207078e-06 
 9.70850000e-09  9.70850000e-09  0.00000000e+00  2.49997981e+00 -3.46775150e-06 
 9.70950000e-09  9.70950000e-09  0.00000000e+00  2.49998036e+00 -2.57464404e-06 
 9.71050000e-09  9.71050000e-09  0.00000000e+00  2.49998089e+00 -3.30484916e-06 
 9.71150000e-09  9.71150000e-09  0.00000000e+00  2.49998141e+00 -2.41614352e-06 
 9.71250000e-09  9.71250000e-09  0.00000000e+00  2.49998192e+00 -3.15063120e-06 
 9.71350000e-09  9.71350000e-09  0.00000000e+00  2.49998241e+00 -2.26609209e-06 
 9.71450000e-09  9.71450000e-09  0.00000000e+00  2.49998288e+00 -3.00463345e-06 
 9.71550000e-09  9.71550000e-09  0.00000000e+00  2.49998335e+00 -2.12403822e-06 
 9.71650000e-09  9.71650000e-09  0.00000000e+00  2.49998380e+00 -2.86641664e-06 
 9.71750000e-09  9.71750000e-09  0.00000000e+00  2.49998424e+00 -1.98955455e-06 
 9.71850000e-09  9.71850000e-09  0.00000000e+00  2.49998466e+00 -2.73556502e-06 
 9.71950000e-09  9.71950000e-09  0.00000000e+00  2.49998508e+00 -1.86223665e-06 
 9.72050000e-09  9.72050000e-09  0.00000000e+00  2.49998548e+00 -2.61168516e-06 
 9.72150000e-09  9.72150000e-09  0.00000000e+00  2.49998588e+00 -1.74170175e-06 
 9.72250000e-09  9.72250000e-09  0.00000000e+00  2.49998626e+00 -2.49440467e-06 
 9.72350000e-09  9.72350000e-09  0.00000000e+00  2.49998663e+00 -1.62758758e-06 
 9.72450000e-09  9.72450000e-09  0.00000000e+00  2.49998699e+00 -2.38337112e-06 
 9.72550000e-09  9.72550000e-09  0.00000000e+00  2.49998735e+00 -1.51955128e-06 
 9.72650000e-09  9.72650000e-09  0.00000000e+00  2.49998769e+00 -2.27825095e-06 
 9.72750000e-09  9.72750000e-09  0.00000000e+00  2.49998802e+00 -1.41726834e-06 
 9.72850000e-09  9.72850000e-09  0.00000000e+00  2.49998835e+00 -2.17872848e-06 
 9.72950000e-09  9.72950000e-09  0.00000000e+00  2.49998866e+00 -1.32043165e-06 
 9.73050000e-09  9.73050000e-09  0.00000000e+00  2.49998897e+00 -2.08450491e-06 
 9.73150000e-09  9.73150000e-09  0.00000000e+00  2.49998927e+00 -1.22875051e-06 
 9.73250000e-09  9.73250000e-09  0.00000000e+00  2.49998956e+00 -1.99529743e-06 
 9.73350000e-09  9.73350000e-09  0.00000000e+00  2.49998984e+00 -1.14194980e-06 
 9.73450000e-09  9.73450000e-09  0.00000000e+00  2.49999011e+00 -1.91083840e-06 
 9.73550000e-09  9.73550000e-09  0.00000000e+00  2.49999038e+00 -1.05976911e-06 
 9.73650000e-09  9.73650000e-09  0.00000000e+00  2.49999064e+00 -1.83087445e-06 
 9.73750000e-09  9.73750000e-09  0.00000000e+00  2.49999090e+00 -9.81961962e-07 
 9.73850000e-09  9.73850000e-09  0.00000000e+00  2.49999114e+00 -1.75516580e-06 
 9.73950000e-09  9.73950000e-09  0.00000000e+00  2.49999138e+00 -9.08295076e-07 
 9.74050000e-09  9.74050000e-09  0.00000000e+00  2.49999161e+00 -1.68348548e-06 
 9.74150000e-09  9.74150000e-09  0.00000000e+00  2.49999184e+00 -8.38547637e-07 
 9.74250000e-09  9.74250000e-09  0.00000000e+00  2.49999206e+00 -1.61561868e-06 
 9.74350000e-09  9.74350000e-09  0.00000000e+00  2.49999228e+00 -7.72510641e-07 
 9.74450000e-09  9.74450000e-09  0.00000000e+00  2.49999249e+00 -1.55136204e-06 
 9.74550000e-09  9.74550000e-09  0.00000000e+00  2.49999269e+00 -7.09986258e-07 
 9.74650000e-09  9.74650000e-09  0.00000000e+00  2.49999289e+00 -1.49052311e-06 
 9.74750000e-09  9.74750000e-09  0.00000000e+00  2.49999308e+00 -6.50787234e-07 
 9.74850000e-09  9.74850000e-09  0.00000000e+00  2.49999327e+00 -1.43291969e-06 
 9.74950000e-09  9.74950000e-09  0.00000000e+00  2.49999345e+00 -5.94736323e-07 
 9.75050000e-09  9.75050000e-09  0.00000000e+00  2.49999362e+00 -1.37837935e-06 
 9.75150000e-09  9.75150000e-09  0.00000000e+00  2.49999380e+00 -5.41665751e-07 
 9.75250000e-09  9.75250000e-09  0.00000000e+00  2.49999396e+00 -1.32673885e-06 
 9.75350000e-09  9.75350000e-09  0.00000000e+00  2.49999413e+00 -4.91416706e-07 
 9.75450000e-09  9.75450000e-09  0.00000000e+00  2.49999429e+00 -1.27784368e-06 
 9.75550000e-09  9.75550000e-09  0.00000000e+00  2.49999444e+00 -4.43838862e-07 
 9.75650000e-09  9.75650000e-09  0.00000000e+00  2.49999459e+00 -1.23154759e-06 
 9.75750000e-09  9.75750000e-09  0.00000000e+00  2.49999474e+00 -3.98789922e-07 
 9.75850000e-09  9.75850000e-09  0.00000000e+00  2.49999488e+00 -1.18771214e-06 
 9.75950000e-09  9.75950000e-09  0.00000000e+00  2.49999502e+00 -3.56135187e-07 
 9.76050000e-09  9.76050000e-09  0.00000000e+00  2.49999515e+00 -1.14620625e-06 
 9.76150000e-09  9.76150000e-09  0.00000000e+00  2.49999528e+00 -3.15747149e-07 
 9.76250000e-09  9.76250000e-09  0.00000000e+00  2.49999541e+00 -1.10690589e-06 
 9.76350000e-09  9.76350000e-09  0.00000000e+00  2.49999553e+00 -2.77505111e-07 
 9.76450000e-09  9.76450000e-09  0.00000000e+00  2.49999565e+00 -1.06969362e-06 
 9.76550000e-09  9.76550000e-09  0.00000000e+00  2.49999577e+00 -2.41294815e-07 
 9.76650000e-09  9.76650000e-09  0.00000000e+00  2.49999589e+00 -1.03445826e-06 
 9.76750000e-09  9.76750000e-09  0.00000000e+00  2.49999600e+00 -2.07008101e-07 
 9.76850000e-09  9.76850000e-09  0.00000000e+00  2.49999610e+00 -1.00109460e-06 
 9.76950000e-09  9.76950000e-09  0.00000000e+00  2.49999621e+00 -1.74542581e-07 
 9.77050000e-09  9.77050000e-09  0.00000000e+00  2.49999631e+00 -9.69503000e-07 
 9.77150000e-09  9.77150000e-09  0.00000000e+00  2.49999641e+00 -1.43801332e-07 
 9.77250000e-09  9.77250000e-09  0.00000000e+00  2.49999651e+00 -9.39589165e-07 
 9.77350000e-09  9.77350000e-09  0.00000000e+00  2.49999660e+00 -1.14692599e-07 
 9.77450000e-09  9.77450000e-09  0.00000000e+00  2.49999669e+00 -9.11263820e-07 
 9.77550000e-09  9.77550000e-09  0.00000000e+00  2.49999678e+00 -8.71295185e-08 
 9.77650000e-09  9.77650000e-09  0.00000000e+00  2.49999687e+00 -8.84442452e-07 
 9.77750000e-09  9.77750000e-09  0.00000000e+00  2.49999695e+00 -6.10298633e-08 
 9.77850000e-09  9.77850000e-09  0.00000000e+00  2.49999704e+00 -8.59045052e-07 
 9.77950000e-09  9.77950000e-09  0.00000000e+00  2.49999712e+00 -3.63157893e-08 
 9.78050000e-09  9.78050000e-09  0.00000000e+00  2.49999719e+00 -8.34995882e-07 
 9.78150000e-09  9.78150000e-09  0.00000000e+00  2.49999727e+00 -1.29136006e-08 
 9.78250000e-09  9.78250000e-09  0.00000000e+00  2.49999734e+00 -8.12223238e-07 
 9.78350000e-09  9.78350000e-09  0.00000000e+00  2.49999742e+00  9.24646795e-09 
 9.78450000e-09  9.78450000e-09  0.00000000e+00  2.49999748e+00 -7.90659237e-07 
 9.78550000e-09  9.78550000e-09  0.00000000e+00  2.49999755e+00  3.02304647e-08 
 9.78650000e-09  9.78650000e-09  0.00000000e+00  2.49999762e+00 -7.70239615e-07 
 9.78750000e-09  9.78750000e-09  0.00000000e+00  2.49999768e+00  5.01009180e-08 
 9.78850000e-09  9.78850000e-09  0.00000000e+00  2.49999775e+00 -7.50903533e-07 
 9.78950000e-09  9.78950000e-09  0.00000000e+00  2.49999781e+00  6.89170246e-08 
 9.79050000e-09  9.79050000e-09  0.00000000e+00  2.49999787e+00 -7.32593393e-07 
 9.79150000e-09  9.79150000e-09  0.00000000e+00  2.49999792e+00  8.67348284e-08 
 9.79250000e-09  9.79250000e-09  0.00000000e+00  2.49999798e+00 -7.15254664e-07 
 9.79350000e-09  9.79350000e-09  0.00000000e+00  2.49999803e+00  1.03607386e-07 
 9.79450000e-09  9.79450000e-09  0.00000000e+00  2.49999809e+00 -6.98835721e-07 
 9.79550000e-09  9.79550000e-09  0.00000000e+00  2.49999814e+00  1.19584931e-07 
 9.79650000e-09  9.79650000e-09  0.00000000e+00  2.49999819e+00 -6.83287687e-07 
 9.79750000e-09  9.79750000e-09  0.00000000e+00  2.49999824e+00  1.34715020e-07 
 9.79850000e-09  9.79850000e-09  0.00000000e+00  2.49999828e+00 -6.68564289e-07 
 9.79950000e-09  9.79950000e-09  0.00000000e+00  2.49999833e+00  1.49042678e-07 
 9.80050000e-09  9.80050000e-09  0.00000000e+00  2.49999838e+00 -6.54621716e-07 
 9.80150000e-09  9.80150000e-09  0.00000000e+00  2.49999842e+00  1.62610534e-07 
 9.80250000e-09  9.80250000e-09  0.00000000e+00  2.49999846e+00 -6.41418490e-07 
 9.80350000e-09  9.80350000e-09  0.00000000e+00  2.49999850e+00  1.75458947e-07 
 9.80450000e-09  9.80450000e-09  0.00000000e+00  2.49999854e+00 -6.28915340e-07 
 9.80550000e-09  9.80550000e-09  0.00000000e+00  2.49999858e+00  1.87626127e-07 
 9.80650000e-09  9.80650000e-09  0.00000000e+00  2.49999862e+00 -6.17075087e-07 
 9.80750000e-09  9.80750000e-09  0.00000000e+00  2.49999866e+00  1.99148252e-07 
 9.80850000e-09  9.80850000e-09  0.00000000e+00  2.49999869e+00 -6.05862528e-07 
 9.80950000e-09  9.80950000e-09  0.00000000e+00  2.49999873e+00  2.10059576e-07 
 9.81050000e-09  9.81050000e-09  0.00000000e+00  2.49999876e+00 -5.95244334e-07 
 9.81150000e-09  9.81150000e-09  0.00000000e+00  2.49999880e+00  2.20392528e-07 
 9.81250000e-09  9.81250000e-09  0.00000000e+00  2.49999883e+00 -5.85188949e-07 
 9.81350000e-09  9.81350000e-09  0.00000000e+00  2.49999886e+00  2.30177813e-07 
 9.81450000e-09  9.81450000e-09  0.00000000e+00  2.49999889e+00 -5.75666496e-07 
 9.81550000e-09  9.81550000e-09  0.00000000e+00  2.49999892e+00  2.39444505e-07 
 9.81650000e-09  9.81650000e-09  0.00000000e+00  2.49999895e+00 -5.66648686e-07 
 9.81750000e-09  9.81750000e-09  0.00000000e+00  2.49999898e+00  2.48220128e-07 
 9.81850000e-09  9.81850000e-09  0.00000000e+00  2.49999901e+00 -5.58108736e-07 
 9.81950000e-09  9.81950000e-09  0.00000000e+00  2.49999903e+00  2.56530746e-07 
 9.82050000e-09  9.82050000e-09  0.00000000e+00  2.49999906e+00 -5.50021283e-07 
 9.82150000e-09  9.82150000e-09  0.00000000e+00  2.49999908e+00  2.64401034e-07 
 9.82250000e-09  9.82250000e-09  0.00000000e+00  2.49999911e+00 -5.42362319e-07 
 9.82350000e-09  9.82350000e-09  0.00000000e+00  2.49999913e+00  2.71854357e-07 
 9.82450000e-09  9.82450000e-09  0.00000000e+00  2.49999916e+00 -5.35109107e-07 
 9.82550000e-09  9.82550000e-09  0.00000000e+00  2.49999918e+00  2.78912838e-07 
 9.82650000e-09  9.82650000e-09  0.00000000e+00  2.49999920e+00 -5.28240120e-07 
 9.82750000e-09  9.82750000e-09  0.00000000e+00  2.49999922e+00  2.85597425e-07 
 9.82850000e-09  9.82850000e-09  0.00000000e+00  2.49999924e+00 -5.21734976e-07 
 9.82950000e-09  9.82950000e-09  0.00000000e+00  2.49999926e+00  2.91927951e-07 
 9.83050000e-09  9.83050000e-09  0.00000000e+00  2.49999928e+00 -5.15574376e-07 
 9.83150000e-09  9.83150000e-09  0.00000000e+00  2.49999930e+00  2.97923195e-07 
 9.83250000e-09  9.83250000e-09  0.00000000e+00  2.49999932e+00 -5.09740044e-07 
 9.83350000e-09  9.83350000e-09  0.00000000e+00  2.49999934e+00  3.03600939e-07 
 9.83450000e-09  9.83450000e-09  0.00000000e+00  2.49999936e+00 -5.04214677e-07 
 9.83550000e-09  9.83550000e-09  0.00000000e+00  2.49999937e+00  3.08978023e-07 
 9.83650000e-09  9.83650000e-09  0.00000000e+00  2.49999939e+00 -4.98981892e-07 
 9.83750000e-09  9.83750000e-09  0.00000000e+00  2.49999941e+00  3.14070388e-07 
 9.83850000e-09  9.83850000e-09  0.00000000e+00  2.49999942e+00 -4.94026175e-07 
 9.83950000e-09  9.83950000e-09  0.00000000e+00  2.49999944e+00  3.18893129e-07 
 9.84050000e-09  9.84050000e-09  0.00000000e+00  2.49999945e+00 -4.89332836e-07 
 9.84150000e-09  9.84150000e-09  0.00000000e+00  2.49999947e+00  3.23460543e-07 
 9.84250000e-09  9.84250000e-09  0.00000000e+00  2.49999948e+00 -4.84887965e-07 
 9.84350000e-09  9.84350000e-09  0.00000000e+00  2.49999950e+00  3.27786164e-07 
 9.84450000e-09  9.84450000e-09  0.00000000e+00  2.49999951e+00 -4.80678390e-07 
 9.84550000e-09  9.84550000e-09  0.00000000e+00  2.49999952e+00  3.31882808e-07 
 9.84650000e-09  9.84650000e-09  0.00000000e+00  2.49999954e+00 -4.76691641e-07 
 9.84750000e-09  9.84750000e-09  0.00000000e+00  2.49999955e+00  3.35762614e-07 
 9.84850000e-09  9.84850000e-09  0.00000000e+00  2.49999956e+00 -4.72915907e-07 
 9.84950000e-09  9.84950000e-09  0.00000000e+00  2.49999957e+00  3.39437073e-07 
 9.85050000e-09  9.85050000e-09  0.00000000e+00  2.49999958e+00 -4.69340005e-07 
 9.85150000e-09  9.85150000e-09  0.00000000e+00  2.49999960e+00  3.42917065e-07 
 9.85250000e-09  9.85250000e-09  0.00000000e+00  2.49999961e+00 -4.65953346e-07 
 9.85350000e-09  9.85350000e-09  0.00000000e+00  2.49999962e+00  3.46212896e-07 
 9.85450000e-09  9.85450000e-09  0.00000000e+00  2.49999963e+00 -4.62745903e-07 
 9.85550000e-09  9.85550000e-09  0.00000000e+00  2.49999964e+00  3.49334325e-07 
 9.85650000e-09  9.85650000e-09  0.00000000e+00  2.49999965e+00 -4.59708181e-07 
 9.85750000e-09  9.85750000e-09  0.00000000e+00  2.49999966e+00  3.52290590e-07 
 9.85850000e-09  9.85850000e-09  0.00000000e+00  2.49999967e+00 -4.56831186e-07 
 9.85950000e-09  9.85950000e-09  0.00000000e+00  2.49999967e+00  3.55090441e-07 
 9.86050000e-09  9.86050000e-09  0.00000000e+00  2.49999968e+00 -4.54106407e-07 
 9.86150000e-09  9.86150000e-09  0.00000000e+00  2.49999969e+00  3.57742164e-07 
 9.86250000e-09  9.86250000e-09  0.00000000e+00  2.49999970e+00 -4.51525779e-07 
 9.86350000e-09  9.86350000e-09  0.00000000e+00  2.49999971e+00  3.60253604e-07 
 9.86450000e-09  9.86450000e-09  0.00000000e+00  2.49999972e+00 -4.49081667e-07 
 9.86550000e-09  9.86550000e-09  0.00000000e+00  2.49999972e+00  3.62632193e-07 
 9.86650000e-09  9.86650000e-09  0.00000000e+00  2.49999973e+00 -4.46766843e-07 
 9.86750000e-09  9.86750000e-09  0.00000000e+00  2.49999974e+00  3.64884966e-07 
 9.86850000e-09  9.86850000e-09  0.00000000e+00  2.49999975e+00 -4.44574458e-07 
 9.86950000e-09  9.86950000e-09  0.00000000e+00  2.49999975e+00  3.67018583e-07 
 9.87050000e-09  9.87050000e-09  0.00000000e+00  2.49999976e+00 -4.42498031e-07 
 9.87150000e-09  9.87150000e-09  0.00000000e+00  2.49999977e+00  3.69039356e-07 
 9.87250000e-09  9.87250000e-09  0.00000000e+00  2.49999977e+00 -4.40531419e-07 
 9.87350000e-09  9.87350000e-09  0.00000000e+00  2.49999978e+00  3.70953260e-07 
 9.87450000e-09  9.87450000e-09  0.00000000e+00  2.49999978e+00 -4.38668810e-07 
 9.87550000e-09  9.87550000e-09  0.00000000e+00  2.49999979e+00  3.72765950e-07 
 9.87650000e-09  9.87650000e-09  0.00000000e+00  2.49999980e+00 -4.36904697e-07 
 9.87750000e-09  9.87750000e-09  0.00000000e+00  2.49999980e+00  3.74482788e-07 
 9.87850000e-09  9.87850000e-09  0.00000000e+00  2.49999981e+00 -4.35233868e-07 
 9.87950000e-09  9.87950000e-09  0.00000000e+00  2.49999981e+00  3.76108845e-07 
 9.88050000e-09  9.88050000e-09  0.00000000e+00  2.49999982e+00 -4.33651382e-07 
 9.88150000e-09  9.88150000e-09  0.00000000e+00  2.49999982e+00  3.77648928e-07 
 9.88250000e-09  9.88250000e-09  0.00000000e+00  2.49999983e+00 -4.32152565e-07 
 9.88350000e-09  9.88350000e-09  0.00000000e+00  2.49999983e+00  3.79107587e-07 
 9.88450000e-09  9.88450000e-09  0.00000000e+00  2.49999984e+00 -4.30732988e-07 
 9.88550000e-09  9.88550000e-09  0.00000000e+00  2.49999984e+00  3.80489130e-07 
 9.88650000e-09  9.88650000e-09  0.00000000e+00  2.49999984e+00 -4.29388457e-07 
 9.88750000e-09  9.88750000e-09  0.00000000e+00  2.49999985e+00  3.81797640e-07 
 9.88850000e-09  9.88850000e-09  0.00000000e+00  2.49999985e+00 -4.28115002e-07 
 9.88950000e-09  9.88950000e-09  0.00000000e+00  2.49999986e+00  3.83036980e-07 
 9.89050000e-09  9.89050000e-09  0.00000000e+00  2.49999986e+00 -4.26908862e-07 
 9.89150000e-09  9.89150000e-09  0.00000000e+00  2.49999986e+00  3.84210811e-07 
 9.89250000e-09  9.89250000e-09  0.00000000e+00  2.49999987e+00 -4.25766474e-07 
 9.89350000e-09  9.89350000e-09  0.00000000e+00  2.49999987e+00  3.85322598e-07 
 9.89450000e-09  9.89450000e-09  0.00000000e+00  2.49999987e+00 -4.24684467e-07 
 9.89550000e-09  9.89550000e-09  0.00000000e+00  2.49999988e+00  3.86375626e-07 
 9.89650000e-09  9.89650000e-09  0.00000000e+00  2.49999988e+00 -4.23659644e-07 
 9.89750000e-09  9.89750000e-09  0.00000000e+00  2.49999988e+00  3.87373000e-07 
 9.89850000e-09  9.89850000e-09  0.00000000e+00  2.49999989e+00 -4.22688981e-07 
 9.89950000e-09  9.89950000e-09  0.00000000e+00  2.49999989e+00  3.88317667e-07 
 9.90050000e-09  9.90050000e-09  0.00000000e+00  2.49999989e+00 -4.21769614e-07 
 9.90150000e-09  9.90150000e-09  0.00000000e+00  2.49999990e+00  3.89212413e-07 
 9.90250000e-09  9.90250000e-09  0.00000000e+00  2.49999990e+00 -4.20898828e-07 
 9.90350000e-09  9.90350000e-09  0.00000000e+00  2.49999990e+00  3.90059880e-07 
 9.90450000e-09  9.90450000e-09  0.00000000e+00  2.49999990e+00 -4.20074056e-07 
 9.90550000e-09  9.90550000e-09  0.00000000e+00  2.49999991e+00  3.90862567e-07 
 9.90650000e-09  9.90650000e-09  0.00000000e+00  2.49999991e+00 -4.19292862e-07 
 9.90750000e-09  9.90750000e-09  0.00000000e+00  2.49999991e+00  3.91622843e-07 
 9.90850000e-09  9.90850000e-09  0.00000000e+00  2.49999991e+00 -4.18552943e-07 
 9.90950000e-09  9.90950000e-09  0.00000000e+00  2.49999992e+00  3.92342951e-07 
 9.91050000e-09  9.91050000e-09  0.00000000e+00  2.49999992e+00 -4.17852116e-07 
 9.91150000e-09  9.91150000e-09  0.00000000e+00  2.49999992e+00  3.93025015e-07 
 9.91250000e-09  9.91250000e-09  0.00000000e+00  2.49999992e+00 -4.17188312e-07 
 9.91350000e-09  9.91350000e-09  0.00000000e+00  2.49999993e+00  3.93671046e-07 
 9.91450000e-09  9.91450000e-09  0.00000000e+00  2.49999993e+00 -4.16559576e-07 
 9.91550000e-09  9.91550000e-09  0.00000000e+00  2.49999993e+00  3.94282951e-07 
 9.91650000e-09  9.91650000e-09  0.00000000e+00  2.49999993e+00 -4.15964053e-07 
 9.91750000e-09  9.91750000e-09  0.00000000e+00  2.49999993e+00  3.94862532e-07 
 9.91850000e-09  9.91850000e-09  0.00000000e+00  2.49999993e+00 -4.15399986e-07 
 9.91950000e-09  9.91950000e-09  0.00000000e+00  2.49999994e+00  3.95411499e-07 
 9.92050000e-09  9.92050000e-09  0.00000000e+00  2.49999994e+00 -4.14865714e-07 
 9.92150000e-09  9.92150000e-09  0.00000000e+00  2.49999994e+00  3.95931470e-07 
 9.92250000e-09  9.92250000e-09  0.00000000e+00  2.49999994e+00 -4.14359661e-07 
 9.92350000e-09  9.92350000e-09  0.00000000e+00  2.49999994e+00  3.96423979e-07 
 9.92450000e-09  9.92450000e-09  0.00000000e+00  2.49999994e+00 -4.13880335e-07 
 9.92550000e-09  9.92550000e-09  0.00000000e+00  2.49999995e+00  3.96890476e-07 
 9.92650000e-09  9.92650000e-09  0.00000000e+00  2.49999995e+00 -4.13426323e-07 
 9.92750000e-09  9.92750000e-09  0.00000000e+00  2.49999995e+00  3.97332336e-07 
 9.92850000e-09  9.92850000e-09  0.00000000e+00  2.49999995e+00 -4.12996288e-07 
 9.92950000e-09  9.92950000e-09  0.00000000e+00  2.49999995e+00  3.97750863e-07 
 9.93050000e-09  9.93050000e-09  0.00000000e+00  2.49999995e+00 -4.12588962e-07 
 9.93150000e-09  9.93150000e-09  0.00000000e+00  2.49999995e+00  3.98147288e-07 
 9.93250000e-09  9.93250000e-09  0.00000000e+00  2.49999996e+00 -4.12203146e-07 
 9.93350000e-09  9.93350000e-09  0.00000000e+00  2.49999996e+00  3.98522779e-07 
 9.93450000e-09  9.93450000e-09  0.00000000e+00  2.49999996e+00 -4.11837702e-07 
 9.93550000e-09  9.93550000e-09  0.00000000e+00  2.49999996e+00  3.98878444e-07 
 9.93650000e-09  9.93650000e-09  0.00000000e+00  2.49999996e+00 -4.11491554e-07 
 9.93750000e-09  9.93750000e-09  0.00000000e+00  2.49999996e+00  3.99215330e-07 
 9.93850000e-09  9.93850000e-09  0.00000000e+00  2.49999996e+00 -4.11163683e-07 
 9.93950000e-09  9.93950000e-09  0.00000000e+00  2.49999996e+00  3.99534429e-07 
 9.94050000e-09  9.94050000e-09  0.00000000e+00  2.49999996e+00 -4.10853122e-07 
 9.94150000e-09  9.94150000e-09  0.00000000e+00  2.49999996e+00  3.99836680e-07 
 9.94250000e-09  9.94250000e-09  0.00000000e+00  2.49999997e+00 -4.10558957e-07 
 9.94350000e-09  9.94350000e-09  0.00000000e+00  2.49999997e+00  4.00122974e-07 
 9.94450000e-09  9.94450000e-09  0.00000000e+00  2.49999997e+00 -4.10280322e-07 
 9.94550000e-09  9.94550000e-09  0.00000000e+00  2.49999997e+00  4.00394155e-07 
 9.94650000e-09  9.94650000e-09  0.00000000e+00  2.49999997e+00 -4.10016397e-07 
 9.94750000e-09  9.94750000e-09  0.00000000e+00  2.49999997e+00  4.00651019e-07 
 9.94850000e-09  9.94850000e-09  0.00000000e+00  2.49999997e+00 -4.09766404e-07 
 9.94950000e-09  9.94950000e-09  0.00000000e+00  2.49999997e+00  4.00894324e-07 
 9.95050000e-09  9.95050000e-09  0.00000000e+00  2.49999997e+00 -4.09529607e-07 
 9.95150000e-09  9.95150000e-09  0.00000000e+00  2.49999997e+00  4.01124787e-07 
 9.95250000e-09  9.95250000e-09  0.00000000e+00  2.49999997e+00 -4.09305310e-07 
 9.95350000e-09  9.95350000e-09  0.00000000e+00  2.49999997e+00  4.01343084e-07 
 9.95450000e-09  9.95450000e-09  0.00000000e+00  2.49999998e+00 -4.09092852e-07 
 9.95550000e-09  9.95550000e-09  0.00000000e+00  2.49999998e+00  4.01549860e-07 
 9.95650000e-09  9.95650000e-09  0.00000000e+00  2.49999998e+00 -4.08891607e-07 
 9.95750000e-09  9.95750000e-09  0.00000000e+00  2.49999998e+00  4.01745721e-07 
 9.95850000e-09  9.95850000e-09  0.00000000e+00  2.49999998e+00 -4.08700984e-07 
 9.95950000e-09  9.95950000e-09  0.00000000e+00  2.49999998e+00  4.01931246e-07 
 9.96050000e-09  9.96050000e-09  0.00000000e+00  2.49999998e+00 -4.08520422e-07 
 9.96150000e-09  9.96150000e-09  0.00000000e+00  2.49999998e+00  4.02106979e-07 
 9.96250000e-09  9.96250000e-09  0.00000000e+00  2.49999998e+00 -4.08349388e-07 
 9.96350000e-09  9.96350000e-09  0.00000000e+00  2.49999998e+00  4.02273438e-07 
 9.96450000e-09  9.96450000e-09  0.00000000e+00  2.49999998e+00 -4.08187381e-07 
 9.96550000e-09  9.96550000e-09  0.00000000e+00  2.49999998e+00  4.02431112e-07 
 9.96650000e-09  9.96650000e-09  0.00000000e+00  2.49999998e+00 -4.08033923e-07 
 9.96750000e-09  9.96750000e-09  0.00000000e+00  2.49999998e+00  4.02580466e-07 
 9.96850000e-09  9.96850000e-09  0.00000000e+00  2.49999998e+00 -4.07888563e-07 
 9.96950000e-09  9.96950000e-09  0.00000000e+00  2.49999998e+00  4.02721939e-07 
 9.97050000e-09  9.97050000e-09  0.00000000e+00  2.49999998e+00 -4.07750873e-07 
 9.97150000e-09  9.97150000e-09  0.00000000e+00  2.49999998e+00  4.02855947e-07 
 9.97250000e-09  9.97250000e-09  0.00000000e+00  2.49999998e+00 -4.07620449e-07 
 9.97350000e-09  9.97350000e-09  0.00000000e+00  2.49999999e+00  4.02982883e-07 
 9.97450000e-09  9.97450000e-09  0.00000000e+00  2.49999999e+00 -4.07496907e-07 
 9.97550000e-09  9.97550000e-09  0.00000000e+00  2.49999999e+00  4.03103122e-07 
 9.97650000e-09  9.97650000e-09  0.00000000e+00  2.49999999e+00 -4.07379883e-07 
 9.97750000e-09  9.97750000e-09  0.00000000e+00  2.49999999e+00  4.03217017e-07 
 9.97850000e-09  9.97850000e-09  0.00000000e+00  2.49999999e+00 -4.07269034e-07 
 9.97950000e-09  9.97950000e-09  0.00000000e+00  2.49999999e+00  4.03324903e-07 
 9.98050000e-09  9.98050000e-09  0.00000000e+00  2.49999999e+00 -4.07164033e-07 
 9.98150000e-09  9.98150000e-09  0.00000000e+00  2.49999999e+00  4.03427096e-07 
 9.98250000e-09  9.98250000e-09  0.00000000e+00  2.49999999e+00 -4.07064571e-07 
 9.98350000e-09  9.98350000e-09  0.00000000e+00  2.49999999e+00  4.03523898e-07 
 9.98450000e-09  9.98450000e-09  0.00000000e+00  2.49999999e+00 -4.06970357e-07 
 9.98550000e-09  9.98550000e-09  0.00000000e+00  2.49999999e+00  4.03615594e-07 
 9.98650000e-09  9.98650000e-09  0.00000000e+00  2.49999999e+00 -4.06881113e-07 
 9.98750000e-09  9.98750000e-09  0.00000000e+00  2.49999999e+00  4.03702452e-07 
 9.98850000e-09  9.98850000e-09  0.00000000e+00  2.49999999e+00 -4.06796577e-07 
 9.98950000e-09  9.98950000e-09  0.00000000e+00  2.49999999e+00  4.03784728e-07 
 9.99050000e-09  9.99050000e-09  0.00000000e+00  2.49999999e+00 -4.06716500e-07 
 9.99150000e-09  9.99150000e-09  0.00000000e+00  2.49999999e+00  4.03862665e-07 
 9.99250000e-09  9.99250000e-09  0.00000000e+00  2.49999999e+00 -4.06640647e-07 
 9.99350000e-09  9.99350000e-09  0.00000000e+00  2.49999999e+00  4.03936489e-07 
 9.99450000e-09  9.99450000e-09  0.00000000e+00  2.49999999e+00 -4.06568796e-07 
 9.99550000e-09  9.99550000e-09  0.00000000e+00  2.49999999e+00  4.04006420e-07 
 9.99650000e-09  9.99650000e-09  0.00000000e+00  2.49999999e+00 -4.06500734e-07 
 9.99750000e-09  9.99750000e-09  0.00000000e+00  2.49999999e+00  4.04072663e-07 
 9.99850000e-09  9.99850000e-09  0.00000000e+00  2.49999999e+00 -4.06436262e-07 
 9.99925000e-09  9.99925000e-09  0.00000000e+00  2.49999999e+00  4.04127753e-07 
 1.00000000e-08  1.00000000e-08  0.00000000e+00  2.49999999e+00 -4.06390151e-07 
