 time            time            v(in)           v(out)          i(vdd)         
 0.00000000e+00  0.00000000e+00  0.00000000e+00  2.50000000e+00 -2.51000176e-12 
 1.00000000e-14  1.00000000e-14  0.00000000e+00  2.50000000e+00  3.58479219e-12 
 2.00000000e-14  2.00000000e-14  0.00000000e+00  2.50000000e+00  3.58009022e-12 
 4.00000000e-14  4.00000000e-14  0.00000000e+00  2.50000000e+00  3.57082246e-12 
 8.00000000e-14  8.00000000e-14  0.00000000e+00  2.50000000e+00  3.55200938e-12 
 1.60000000e-13  1.60000000e-13  0.00000000e+00  2.50000000e+00  3.51478742e-12 
 3.20000000e-13  3.20000000e-13  0.00000000e+00  2.50000000e+00  3.44113887e-12 
 6.40000000e-13  6.40000000e-13  0.00000000e+00  2.50000000e+00  3.29646900e-12 
 1.28000000e-12  1.28000000e-12  0.00000000e+00  2.50000000e+00  3.01753761e-12 
 2.28000000e-12  2.28000000e-12  0.00000000e+00  2.50000000e+00  2.60818277e-12 
 3.28000000e-12  3.28000000e-12  0.00000000e+00  2.50000000e+00  2.22915089e-12 
 4.28000000e-12  4.28000000e-12  0.00000000e+00  2.50000000e+00  1.87817990e-12 
 5.28000000e-12  5.28000000e-12  0.00000000e+00  2.50000000e+00  1.55320201e-12 
 6.28000000e-12  6.28000000e-12  0.00000000e+00  2.50000000e+00  1.25229514e-12 
 7.28000000e-12  7.28000000e-12  0.00000000e+00  2.50000000e+00  9.73678603e-13 
 8.28000000e-12  8.28000000e-12  0.00000000e+00  2.50000000e+00  7.15683589e-13 
 9.28000000e-12  9.28000000e-12  0.00000000e+00  2.50000000e+00  4.76796554e-13 
 1.02800000e-11  1.02800000e-11  0.00000000e+00  2.50000000e+00  2.55604565e-13 
 1.12800000e-11  1.12800000e-11  0.00000000e+00  2.50000000e+00  5.07987749e-14 
 1.22800000e-11  1.22800000e-11  0.00000000e+00  2.50000000e+00 -1.38849869e-13 
 1.32800000e-11  1.32800000e-11  0.00000000e+00  2.50000000e+00 -3.14449855e-13 
 1.42800000e-11  1.42800000e-11  0.00000000e+00  2.50000000e+00 -4.77042884e-13 
 1.52800000e-11  1.52800000e-11  0.00000000e+00  2.50000000e+00 -6.27596065e-13 
 1.62800000e-11  1.62800000e-11  0.00000000e+00  2.50000000e+00 -7.67000179e-13 
 1.72800000e-11  1.72800000e-11  0.00000000e+00  2.50000000e+00 -8.96080085e-13 
 1.82800000e-11  1.82800000e-11  0.00000000e+00  2.50000000e+00 -1.01560513e-12 
 1.92800000e-11  1.92800000e-11  0.00000000e+00  2.50000000e+00 -1.12627702e-12 
 2.02800000e-11  2.02800000e-11  0.00000000e+00  2.50000000e+00 -1.22875061e-12 
 2.12800000e-11  2.12800000e-11  0.00000000e+00  2.50000000e+00 -1.32363391e-12 
 2.22800000e-11  2.22800000e-11  0.00000000e+00  2.50000000e+00 -1.41149679e-12 
 2.32800000e-11  2.32800000e-11  0.00000000e+00  2.50000000e+00 -1.49285011e-12 
 2.42800000e-11  2.42800000e-11  0.00000000e+00  2.50000000e+00 -1.56817268e-12 
 2.52800000e-11  2.52800000e-11  0.00000000e+00  2.50000000e+00 -1.63792938e-12 
 2.62800000e-11  2.62800000e-11  0.00000000e+00  2.50000000e+00 -1.70250619e-12 
 2.72800000e-11  2.72800000e-11  0.00000000e+00  2.50000000e+00 -1.76230731e-12 
 2.82800000e-11  2.82800000e-11  0.00000000e+00  2.50000000e+00 -1.81768489e-12 
 2.92800000e-11  2.92800000e-11  0.00000000e+00  2.50000000e+00 -1.86894424e-12 
 3.02800000e-11  3.02800000e-11  0.00000000e+00  2.50000000e+00 -1.91641581e-12 
 3.12800000e-11  3.12800000e-11  0.00000000e+00  2.50000000e+00 -1.96037804e-12 
 3.22800000e-11  3.22800000e-11  0.00000000e+00  2.50000000e+00 -2.00107552e-12 
 3.32800000e-11  3.32800000e-11  0.00000000e+00  2.50000000e+00 -2.03877366e-12 
 3.42800000e-11  3.42800000e-11  0.00000000e+00  2.50000000e+00 -2.07367543e-12 
 3.52800000e-11  3.52800000e-11  0.00000000e+00  2.50000000e+00 -2.10598292e-12 
 3.62800000e-11  3.62800000e-11  0.00000000e+00  2.50000000e+00 -2.13590257e-12 
 3.72800000e-11  3.72800000e-11  0.00000000e+00  2.50000000e+00 -2.16360610e-12 
 3.82800000e-11  3.82800000e-11  0.00000000e+00  2.50000000e+00 -2.18925919e-12 
 3.92800000e-11  3.92800000e-11  0.00000000e+00  2.50000000e+00 -2.21300409e-12 
 4.02800000e-11  4.02800000e-11  0.00000000e+00  2.50000000e+00 -2.23500211e-12 
 4.12800000e-11  4.12800000e-11  0.00000000e+00  2.50000000e+00 -2.25537384e-12 
 4.22800000e-11  4.22800000e-11  0.00000000e+00  2.50000000e+00 -2.27422508e-12 
 4.32800000e-11  4.32800000e-11  0.00000000e+00  2.50000000e+00 -2.29168334e-12 
 4.42800000e-11  4.42800000e-11  0.00000000e+00  2.50000000e+00 -2.30784662e-12 
 4.52800000e-11  4.52800000e-11  0.00000000e+00  2.50000000e+00 -2.32282596e-12 
 4.62800000e-11  4.62800000e-11  0.00000000e+00  2.50000000e+00 -2.33669074e-12 
 4.72800000e-11  4.72800000e-11  0.00000000e+00  2.50000000e+00 -2.34951468e-12 
 4.82800000e-11  4.82800000e-11  0.00000000e+00  2.50000000e+00 -2.36140361e-12 
 4.92800000e-11  4.92800000e-11  0.00000000e+00  2.50000000e+00 -2.37241650e-12 
 5.02800000e-11  5.02800000e-11  0.00000000e+00  2.50000000e+00 -2.38259499e-12 
 5.12800000e-11  5.12800000e-11  0.00000000e+00  2.50000000e+00 -2.39202842e-12 
 5.22800000e-11  5.22800000e-11  0.00000000e+00  2.50000000e+00 -2.40077316e-12 
 5.32800000e-11  5.32800000e-11  0.00000000e+00  2.50000000e+00 -2.40885957e-12 
 5.42800000e-11  5.42800000e-11  0.00000000e+00  2.50000000e+00 -2.41634924e-12 
 5.52800000e-11  5.52800000e-11  0.00000000e+00  2.50000000e+00 -2.42328640e-12 
 5.62800000e-11  5.62800000e-11  0.00000000e+00  2.50000000e+00 -2.42970661e-12 
 5.72800000e-11  5.72800000e-11  0.00000000e+00  2.50000000e+00 -2.43565237e-12 
 5.82800000e-11  5.82800000e-11  0.00000000e+00  2.50000000e+00 -2.44115839e-12 
 5.92800000e-11  5.92800000e-11  0.00000000e+00  2.50000000e+00 -2.44625327e-12 
 6.02800000e-11  6.02800000e-11  0.00000000e+00  2.50000000e+00 -2.45098733e-12 
 6.12800000e-11  6.12800000e-11  0.00000000e+00  2.50000000e+00 -2.45535623e-12 
 6.22800000e-11  6.22800000e-11  0.00000000e+00  2.50000000e+00 -2.45939640e-12 
 6.32800000e-11  6.32800000e-11  0.00000000e+00  2.50000000e+00 -2.46314861e-12 
 6.42800000e-11  6.42800000e-11  0.00000000e+00  2.50000000e+00 -2.46661892e-12 
 6.52800000e-11  6.52800000e-11  0.00000000e+00  2.50000000e+00 -2.46983250e-12 
 6.62800000e-11  6.62800000e-11  0.00000000e+00  2.50000000e+00 -2.47280495e-12 
 6.72800000e-11  6.72800000e-11  0.00000000e+00  2.50000000e+00 -2.47555622e-12 
 6.82800000e-11  6.82800000e-11  0.00000000e+00  2.50000000e+00 -2.47810366e-12 
 6.92800000e-11  6.92800000e-11  0.00000000e+00  2.50000000e+00 -2.48046462e-12 
 7.02800000e-11  7.02800000e-11  0.00000000e+00  2.50000000e+00 -2.48265991e-12 
 7.12800000e-11  7.12800000e-11  0.00000000e+00  2.50000000e+00 -2.48467653e-12 
 7.22800000e-11  7.22800000e-11  0.00000000e+00  2.50000000e+00 -2.48654829e-12 
 7.32800000e-11  7.32800000e-11  0.00000000e+00  2.50000000e+00 -2.48829776e-12 
 7.42800000e-11  7.42800000e-11  0.00000000e+00  2.50000000e+00 -2.48990151e-12 
 7.52800000e-11  7.52800000e-11  0.00000000e+00  2.50000000e+00 -2.49139077e-12 
 7.62800000e-11  7.62800000e-11  0.00000000e+00  2.50000000e+00 -2.49276554e-12 
 7.72800000e-11  7.72800000e-11  0.00000000e+00  2.50000000e+00 -2.49404750e-12 
 7.82800000e-11  7.82800000e-11  0.00000000e+00  2.50000000e+00 -2.49522625e-12 
 7.92800000e-11  7.92800000e-11  0.00000000e+00  2.50000000e+00 -2.49631999e-12 
 8.02800000e-11  8.02800000e-11  0.00000000e+00  2.50000000e+00 -2.49733133e-12 
 8.12800000e-11  8.12800000e-11  0.00000000e+00  2.50000000e+00 -2.49827155e-12 
 8.22800000e-11  8.22800000e-11  0.00000000e+00  2.50000000e+00 -2.49914499e-12 
 8.32800000e-11  8.32800000e-11  0.00000000e+00  2.50000000e+00 -2.49994556e-12 
 8.42800000e-11  8.42800000e-11  0.00000000e+00  2.50000000e+00 -2.50069757e-12 
 8.52800000e-11  8.52800000e-11  0.00000000e+00  2.50000000e+00 -2.50138018e-12 
 8.62800000e-11  8.62800000e-11  0.00000000e+00  2.50000000e+00 -2.50202550e-12 
 8.72800000e-11  8.72800000e-11  0.00000000e+00  2.50000000e+00 -2.50260923e-12 
 8.82800000e-11  8.82800000e-11  0.00000000e+00  2.50000000e+00 -2.50315654e-12 
 8.92800000e-11  8.92800000e-11  0.00000000e+00  2.50000000e+00 -2.50366308e-12 
 9.02800000e-11  9.02800000e-11  0.00000000e+00  2.50000000e+00 -2.50412625e-12 
 9.12800000e-11  9.12800000e-11  0.00000000e+00  2.50000000e+00 -2.50456513e-12 
 9.22800000e-11  9.22800000e-11  0.00000000e+00  2.50000000e+00 -2.50496412e-12 
 9.32800000e-11  9.32800000e-11  0.00000000e+00  2.50000000e+00 -2.50533882e-12 
 9.42800000e-11  9.42800000e-11  0.00000000e+00  2.50000000e+00 -2.50568143e-12 
 9.52800000e-11  9.52800000e-11  0.00000000e+00  2.50000000e+00 -2.50600062e-12 
 9.62800000e-11  9.62800000e-11  0.00000000e+00  2.50000000e+00 -2.50629031e-12 
 9.72800000e-11  9.72800000e-11  0.00000000e+00  2.50000000e+00 -2.50656614e-12 
 9.82800000e-11  9.82800000e-11  0.00000000e+00  2.50000000e+00 -2.50682027e-12 
 9.92800000e-11  9.92800000e-11  0.00000000e+00  2.50000000e+00 -2.50705619e-12 
 1.00280000e-10  1.00280000e-10  0.00000000e+00  2.50000000e+00 -2.50727477e-12 
 1.01280000e-10  1.01280000e-10  0.00000000e+00  2.50000000e+00 -2.50747687e-12 
 1.02280000e-10  1.02280000e-10  0.00000000e+00  2.50000000e+00 -2.50766508e-12 
 1.03280000e-10  1.03280000e-10  0.00000000e+00  2.50000000e+00 -2.50783942e-12 
 1.04280000e-10  1.04280000e-10  0.00000000e+00  2.50000000e+00 -2.50799555e-12 
 1.05280000e-10  1.05280000e-10  0.00000000e+00  2.50000000e+00 -2.50814387e-12 
 1.06280000e-10  1.06280000e-10  0.00000000e+00  2.50000000e+00 -2.50827917e-12 
 1.07280000e-10  1.07280000e-10  0.00000000e+00  2.50000000e+00 -2.50840841e-12 
 1.08280000e-10  1.08280000e-10  0.00000000e+00  2.50000000e+00 -2.50852551e-12 
 1.09280000e-10  1.09280000e-10  0.00000000e+00  2.50000000e+00 -2.50863393e-12 
 1.10280000e-10  1.10280000e-10  0.00000000e+00  2.50000000e+00 -2.50873714e-12 
 1.11280000e-10  1.11280000e-10  0.00000000e+00  2.50000000e+00 -2.50883168e-12 
 1.12280000e-10  1.12280000e-10  0.00000000e+00  2.50000000e+00 -2.50891582e-12 
 1.13280000e-10  1.13280000e-10  0.00000000e+00  2.50000000e+00 -2.50899735e-12 
 1.14280000e-10  1.14280000e-10  0.00000000e+00  2.50000000e+00 -2.50907021e-12 
 1.15280000e-10  1.15280000e-10  0.00000000e+00  2.50000000e+00 -2.50914220e-12 
 1.16280000e-10  1.16280000e-10  0.00000000e+00  2.50000000e+00 -2.50919945e-12 
 1.17280000e-10  1.17280000e-10  0.00000000e+00  2.50000000e+00 -2.50925756e-12 
 1.18280000e-10  1.18280000e-10  0.00000000e+00  2.50000000e+00 -2.50931741e-12 
 1.19280000e-10  1.19280000e-10  0.00000000e+00  2.50000000e+00 -2.50937292e-12 
 1.20280000e-10  1.20280000e-10  0.00000000e+00  2.50000000e+00 -2.50941629e-12 
 1.21280000e-10  1.21280000e-10  0.00000000e+00  2.50000000e+00 -2.50945705e-12 
 1.22280000e-10  1.22280000e-10  0.00000000e+00  2.50000000e+00 -2.50949435e-12 
 1.23280000e-10  1.23280000e-10  0.00000000e+00  2.50000000e+00 -2.50953338e-12 
 1.24280000e-10  1.24280000e-10  0.00000000e+00  2.50000000e+00 -2.50956460e-12 
 1.25280000e-10  1.25280000e-10  0.00000000e+00  2.50000000e+00 -2.50960450e-12 
 1.26280000e-10  1.26280000e-10  0.00000000e+00  2.50000000e+00 -2.50963052e-12 
 1.27280000e-10  1.27280000e-10  0.00000000e+00  2.50000000e+00 -2.50966001e-12 
 1.28280000e-10  1.28280000e-10  0.00000000e+00  2.50000000e+00 -2.50967823e-12 
 1.29280000e-10  1.29280000e-10  0.00000000e+00  2.50000000e+00 -2.50970685e-12 
 1.30280000e-10  1.30280000e-10  0.00000000e+00  2.50000000e+00 -2.50972160e-12 
 1.31280000e-10  1.31280000e-10  0.00000000e+00  2.50000000e+00 -2.50974849e-12 
 1.32280000e-10  1.32280000e-10  0.00000000e+00  2.50000000e+00 -2.50976497e-12 
 1.33280000e-10  1.33280000e-10  0.00000000e+00  2.50000000e+00 -2.50978925e-12 
 1.34280000e-10  1.34280000e-10  0.00000000e+00  2.50000000e+00 -2.50980053e-12 
 1.35280000e-10  1.35280000e-10  0.00000000e+00  2.50000000e+00 -2.50981267e-12 
 1.36280000e-10  1.36280000e-10  0.00000000e+00  2.50000000e+00 -2.50983088e-12 
 1.37280000e-10  1.37280000e-10  0.00000000e+00  2.50000000e+00 -2.50984650e-12 
 1.38280000e-10  1.38280000e-10  0.00000000e+00  2.50000000e+00 -2.50985691e-12 
 1.39280000e-10  1.39280000e-10  0.00000000e+00  2.50000000e+00 -2.50986038e-12 
 1.40280000e-10  1.40280000e-10  0.00000000e+00  2.50000000e+00 -2.50986905e-12 
 1.41280000e-10  1.41280000e-10  0.00000000e+00  2.50000000e+00 -2.50988726e-12 
 1.42280000e-10  1.42280000e-10  0.00000000e+00  2.50000000e+00 -2.50989767e-12 
 1.43280000e-10  1.43280000e-10  0.00000000e+00  2.50000000e+00 -2.50990288e-12 
 1.44280000e-10  1.44280000e-10  0.00000000e+00  2.50000000e+00 -2.50990981e-12 
 1.45280000e-10  1.45280000e-10  0.00000000e+00  2.50000000e+00 -2.50990808e-12 
 1.46280000e-10  1.46280000e-10  0.00000000e+00  2.50000000e+00 -2.50992109e-12 
 1.47280000e-10  1.47280000e-10  0.00000000e+00  2.50000000e+00 -2.50992456e-12 
 1.48280000e-10  1.48280000e-10  0.00000000e+00  2.50000000e+00 -2.50993670e-12 
 1.49280000e-10  1.49280000e-10  0.00000000e+00  2.50000000e+00 -2.50993150e-12 
 1.50280000e-10  1.50280000e-10  0.00000000e+00  2.50000000e+00 -2.50994364e-12 
 1.51280000e-10  1.51280000e-10  0.00000000e+00  2.50000000e+00 -2.50993670e-12 
 1.52280000e-10  1.52280000e-10  0.00000000e+00  2.50000000e+00 -2.50994104e-12 
 1.53280000e-10  1.53280000e-10  0.00000000e+00  2.50000000e+00 -2.50994191e-12 
 1.54280000e-10  1.54280000e-10  0.00000000e+00  2.50000000e+00 -2.50994971e-12 
 1.55280000e-10  1.55280000e-10  0.00000000e+00  2.50000000e+00 -2.50995665e-12 
 1.56280000e-10  1.56280000e-10  0.00000000e+00  2.50000000e+00 -2.50995492e-12 
 1.57280000e-10  1.57280000e-10  0.00000000e+00  2.50000000e+00 -2.50996186e-12 
 1.58280000e-10  1.58280000e-10  0.00000000e+00  2.50000000e+00 -2.50996619e-12 
 1.59280000e-10  1.59280000e-10  0.00000000e+00  2.50000000e+00 -2.50996793e-12 
 1.60280000e-10  1.60280000e-10  0.00000000e+00  2.50000000e+00 -2.50996966e-12 
 1.61280000e-10  1.61280000e-10  0.00000000e+00  2.50000000e+00 -2.50996880e-12 
 1.62280000e-10  1.62280000e-10  0.00000000e+00  2.50000000e+00 -2.50996793e-12 
 1.63280000e-10  1.63280000e-10  0.00000000e+00  2.50000000e+00 -2.50997313e-12 
 1.64280000e-10  1.64280000e-10  0.00000000e+00  2.50000000e+00 -2.50997660e-12 
 1.65280000e-10  1.65280000e-10  0.00000000e+00  2.50000000e+00 -2.50998007e-12 
 1.66280000e-10  1.66280000e-10  0.00000000e+00  2.50000000e+00 -2.50997834e-12 
 1.67280000e-10  1.67280000e-10  0.00000000e+00  2.50000000e+00 -2.50998094e-12 
 1.68280000e-10  1.68280000e-10  0.00000000e+00  2.50000000e+00 -2.50998181e-12 
 1.69280000e-10  1.69280000e-10  0.00000000e+00  2.50000000e+00 -2.50998181e-12 
 1.70280000e-10  1.70280000e-10  0.00000000e+00  2.50000000e+00 -2.50998181e-12 
 1.71280000e-10  1.71280000e-10  0.00000000e+00  2.50000000e+00 -2.50998181e-12 
 1.72280000e-10  1.72280000e-10  0.00000000e+00  2.50000000e+00 -2.50998181e-12 
 1.73280000e-10  1.73280000e-10  0.00000000e+00  2.50000000e+00 -2.50998181e-12 
 1.74280000e-10  1.74280000e-10  0.00000000e+00  2.50000000e+00 -2.50998181e-12 
 1.75280000e-10  1.75280000e-10  0.00000000e+00  2.50000000e+00 -2.50998181e-12 
 1.76280000e-10  1.76280000e-10  0.00000000e+00  2.50000000e+00 -2.50998181e-12 
 1.77280000e-10  1.77280000e-10  0.00000000e+00  2.50000000e+00 -2.50998181e-12 
 1.78280000e-10  1.78280000e-10  0.00000000e+00  2.50000000e+00 -2.50998181e-12 
 1.79280000e-10  1.79280000e-10  0.00000000e+00  2.50000000e+00 -2.50998181e-12 
 1.80280000e-10  1.80280000e-10  0.00000000e+00  2.50000000e+00 -2.50998181e-12 
 1.81280000e-10  1.81280000e-10  0.00000000e+00  2.50000000e+00 -2.50998181e-12 
 1.82280000e-10  1.82280000e-10  0.00000000e+00  2.50000000e+00 -2.50998181e-12 
 1.83280000e-10  1.83280000e-10  0.00000000e+00  2.50000000e+00 -2.50998181e-12 
 1.84280000e-10  1.84280000e-10  0.00000000e+00  2.50000000e+00 -2.50998181e-12 
 1.85280000e-10  1.85280000e-10  0.00000000e+00  2.50000000e+00 -2.50998181e-12 
 1.86280000e-10  1.86280000e-10  0.00000000e+00  2.50000000e+00 -2.50998181e-12 
 1.87280000e-10  1.87280000e-10  0.00000000e+00  2.50000000e+00 -2.50998181e-12 
 1.88280000e-10  1.88280000e-10  0.00000000e+00  2.50000000e+00 -2.50998181e-12 
 1.89280000e-10  1.89280000e-10  0.00000000e+00  2.50000000e+00 -2.50998181e-12 
 1.90280000e-10  1.90280000e-10  0.00000000e+00  2.50000000e+00 -2.50998181e-12 
 1.91280000e-10  1.91280000e-10  0.00000000e+00  2.50000000e+00 -2.50998181e-12 
 1.92280000e-10  1.92280000e-10  0.00000000e+00  2.50000000e+00 -2.50998181e-12 
 1.93280000e-10  1.93280000e-10  0.00000000e+00  2.50000000e+00 -2.50998181e-12 
 1.94280000e-10  1.94280000e-10  0.00000000e+00  2.50000000e+00 -2.50998181e-12 
 1.95280000e-10  1.95280000e-10  0.00000000e+00  2.50000000e+00 -2.50998181e-12 
 1.96280000e-10  1.96280000e-10  0.00000000e+00  2.50000000e+00 -2.50998181e-12 
 1.97280000e-10  1.97280000e-10  0.00000000e+00  2.50000000e+00 -2.50998181e-12 
 1.98280000e-10  1.98280000e-10  0.00000000e+00  2.50000000e+00 -2.50998181e-12 
 1.99140000e-10  1.99140000e-10  0.00000000e+00  2.50000000e+00 -2.50998267e-12 
 2.00000000e-10  2.00000000e-10  0.00000000e+00  2.50000000e+00 -2.50998874e-12 
 2.00100000e-10  2.00100000e-10  2.50000000e-03  2.50038613e+00  8.44292750e-05 
 2.00300000e-10  2.00300000e-10  7.50000000e-03  2.50115256e+00  8.58059721e-05 
 2.00700000e-10  2.00700000e-10  1.75000000e-02  2.50265105e+00  8.84962092e-05 
 2.01500000e-10  2.01500000e-10  3.75000000e-02  2.50551696e+00  9.35625329e-05 
 2.02500000e-10  2.02500000e-10  6.25000000e-02  2.50886959e+00  9.93726825e-05 
 2.03500000e-10  2.03500000e-10  8.75000000e-02  2.51198834e+00  1.04634789e-04 
 2.04500000e-10  2.04500000e-10  1.12500000e-01  2.51489502e+00  1.09413416e-04 
 2.05500000e-10  2.05500000e-10  1.37500000e-01  2.51760942e+00  1.13738842e-04 
 2.06500000e-10  2.06500000e-10  1.62500000e-01  2.52014952e+00  1.17666611e-04 
 2.07500000e-10  2.07500000e-10  1.87500000e-01  2.52253164e+00  1.21218818e-04 
 2.08500000e-10  2.08500000e-10  2.12500000e-01  2.52477066e+00  1.24443585e-04 
 2.09500000e-10  2.09500000e-10  2.37500000e-01  2.52688006e+00  1.27356279e-04 
 2.10500000e-10  2.10500000e-10  2.62500000e-01  2.52887215e+00  1.29998930e-04 
 2.11500000e-10  2.11500000e-10  2.87500000e-01  2.53075812e+00  1.32381392e-04 
 2.12500000e-10  2.12500000e-10  3.12500000e-01  2.53254818e+00  1.34540706e-04 
 2.13500000e-10  2.13500000e-10  3.37500000e-01  2.53425164e+00  1.36482215e-04 
 2.14500000e-10  2.14500000e-10  3.62500000e-01  2.53587699e+00  1.38238879e-04 
 2.15500000e-10  2.15500000e-10  3.87500000e-01  2.53743202e+00  1.39812354e-04 
 2.16500000e-10  2.16500000e-10  4.12500000e-01  2.53892382e+00  1.41232266e-04 
 2.17500000e-10  2.17500000e-10  4.37500000e-01  2.54035833e+00  1.42496382e-04 
 2.18500000e-10  2.18500000e-10  4.62500000e-01  2.54173660e+00  1.43677818e-04 
 2.19500000e-10  2.19500000e-10  4.87500000e-01  2.54304171e+00  1.44632262e-04 
 2.20500000e-10  2.20500000e-10  5.12500000e-01  2.54424897e+00  1.45397801e-04 
 2.21500000e-10  2.21500000e-10  5.37500000e-01  2.54534031e+00  1.45940391e-04 
 2.22500000e-10  2.22500000e-10  5.62500000e-01  2.54629844e+00  1.46257959e-04 
 2.23500000e-10  2.23500000e-10  5.87500000e-01  2.54710674e+00  1.46321297e-04 
 2.24500000e-10  2.24500000e-10  6.12500000e-01  2.54774913e+00  1.46133012e-04 
 2.25500000e-10  2.25500000e-10  6.37500000e-01  2.54821001e+00  1.45668275e-04 
 2.26500000e-10  2.26500000e-10  6.62500000e-01  2.54847416e+00  1.44933813e-04 
 2.27500000e-10  2.27500000e-10  6.87500000e-01  2.54852669e+00  1.43908703e-04 
 2.28500000e-10  2.28500000e-10  7.12500000e-01  2.54835291e+00  1.42603396e-04 
 2.29500000e-10  2.29500000e-10  7.37500000e-01  2.54793830e+00  1.41000544e-04 
 2.30500000e-10  2.30500000e-10  7.62500000e-01  2.54726842e+00  1.39114057e-04 
 2.31500000e-10  2.31500000e-10  7.87500000e-01  2.54632885e+00  1.36929959e-04 
 2.32500000e-10  2.32500000e-10  8.12500000e-01  2.54510512e+00  1.34465474e-04 
 2.33500000e-10  2.33500000e-10  8.37500000e-01  2.54358261e+00  1.31709906e-04 
 2.34500000e-10  2.34500000e-10  8.62500000e-01  2.54174657e+00  1.28683758e-04 
 2.35500000e-10  2.35500000e-10  8.87500000e-01  2.53958194e+00  1.25379634e-04 
 2.36500000e-10  2.36500000e-10  9.12500000e-01  2.53707338e+00  1.21821388e-04 
 2.37500000e-10  2.37500000e-10  9.37500000e-01  2.53420512e+00  1.18005054e-04 
 2.38500000e-10  2.38500000e-10  9.62500000e-01  2.53095182e+00  1.14072264e-04 
 2.39500000e-10  2.39500000e-10  9.87500000e-01  2.52729665e+00  1.09796281e-04 
 2.40500000e-10  2.40500000e-10  1.01250000e+00  2.52323121e+00  1.05323117e-04 
 2.41500000e-10  2.41500000e-10  1.03750000e+00  2.51873728e+00  1.00656665e-04 
 2.42500000e-10  2.42500000e-10  1.06250000e+00  2.51379582e+00  9.58326341e-05 
 2.43500000e-10  2.43500000e-10  1.08750000e+00  2.50838686e+00  9.08596084e-05 
 2.44500000e-10  2.44500000e-10  1.11250000e+00  2.50248943e+00  8.57783490e-05 
 2.45500000e-10  2.45500000e-10  1.13750000e+00  2.49608149e+00  8.05974699e-05 
 2.46500000e-10  2.46500000e-10  1.16250000e+00  2.48914038e+00  7.53386752e-05 
 2.47500000e-10  2.47500000e-10  1.18750000e+00  2.48164270e+00  7.00138456e-05 
 2.48500000e-10  2.48500000e-10  1.21250000e+00  2.47356379e+00  6.46695753e-05 
 2.49500000e-10  2.49500000e-10  1.23750000e+00  2.46487749e+00  5.93260380e-05 
 2.50500000e-10  2.50500000e-10  1.26250000e+00  2.45555601e+00  5.40364310e-05 
 2.51500000e-10  2.51500000e-10  1.28750000e+00  2.44556967e+00  4.88282474e-05 
 2.52500000e-10  2.52500000e-10  1.31250000e+00  2.43488669e+00  4.37628355e-05 
 2.53500000e-10  2.53500000e-10  1.33750000e+00  2.42347292e+00  3.88768139e-05 
 2.54500000e-10  2.54500000e-10  1.36250000e+00  2.41129141e+00  3.42418044e-05 
 2.55500000e-10  2.55500000e-10  1.38750000e+00  2.39830207e+00  2.99060583e-05 
 2.56500000e-10  2.56500000e-10  1.41250000e+00  2.38446102e+00  2.59544475e-05 
 2.57500000e-10  2.57500000e-10  1.43750000e+00  2.36971998e+00  2.24504078e-05 
 2.58500000e-10  2.58500000e-10  1.46250000e+00  2.35402528e+00  1.94963139e-05 
 2.59500000e-10  2.59500000e-10  1.48750000e+00  2.33731656e+00  1.71758803e-05 
 2.60500000e-10  2.60500000e-10  1.51250000e+00  2.31952506e+00  1.56150512e-05 
 2.61500000e-10  2.61500000e-10  1.53750000e+00  2.30057088e+00  1.49248918e-05 
 2.62500000e-10  2.62500000e-10  1.56250000e+00  2.28035900e+00  1.52626905e-05 
 2.63500000e-10  2.63500000e-10  1.58750000e+00  2.25877270e+00  1.67740280e-05 
 2.64500000e-10  2.64500000e-10  1.61250000e+00  2.23566223e+00  1.96497942e-05 
 2.65500000e-10  2.65500000e-10  1.63750000e+00  2.21082369e+00  2.40540504e-05 
 2.66500000e-10  2.66500000e-10  1.66250000e+00  2.18395527e+00  3.01337095e-05 
 2.67500000e-10  2.67500000e-10  1.68750000e+00  2.15454375e+00  3.77976871e-05 
 2.68500000e-10  2.68500000e-10  1.71250000e+00  2.12210601e+00  4.60015958e-05 
 2.69500000e-10  2.69500000e-10  1.73750000e+00  2.08716685e+00  5.36580179e-05 
 2.70500000e-10  2.70500000e-10  1.76250000e+00  2.05043817e+00  6.07844077e-05 
 2.71500000e-10  2.71500000e-10  1.78750000e+00  2.01192607e+00  6.73646320e-05 
 2.72500000e-10  2.72500000e-10  1.81250000e+00  1.97163732e+00  7.34117511e-05 
 2.73500000e-10  2.73500000e-10  1.83750000e+00  1.92957940e+00  7.89089089e-05 
 2.74500000e-10  2.74500000e-10  1.86250000e+00  1.88576053e+00  8.38684452e-05 
 2.75500000e-10  2.75500000e-10  1.88750000e+00  1.84018968e+00  8.82727862e-05 
 2.76500000e-10  2.76500000e-10  1.91250000e+00  1.79287663e+00  9.21335574e-05 
 2.77500000e-10  2.77500000e-10  1.93750000e+00  1.74383193e+00  9.54324749e-05 
 2.78500000e-10  2.78500000e-10  1.96250000e+00  1.69306704e+00  9.81804587e-05 
 2.79500000e-10  2.79500000e-10  1.98750000e+00  1.64059423e+00  1.00358525e-04 
 2.80500000e-10  2.80500000e-10  2.01250000e+00  1.58642669e+00  1.01976900e-04 
 2.81500000e-10  2.81500000e-10  2.03750000e+00  1.53083859e+00  1.03015922e-04 
 2.82500000e-10  2.82500000e-10  2.06250000e+00  1.47423960e+00  1.03485118e-04 
 2.83500000e-10  2.83500000e-10  2.08750000e+00  1.41690021e+00  1.02353652e-04 
 2.84500000e-10  2.84500000e-10  2.11250000e+00  1.35907655e+00  1.00708710e-04 
 2.85500000e-10  2.85500000e-10  2.13750000e+00  1.30101836e+00  9.90563788e-05 
 2.86500000e-10  2.86500000e-10  2.16250000e+00  1.24297406e+00  9.74114368e-05 
 2.87500000e-10  2.87500000e-10  2.18750000e+00  1.18518729e+00  9.57591060e-05 
 2.88500000e-10  2.88500000e-10  2.21250000e+00  1.12789318e+00  9.41141640e-05 
 2.89500000e-10  2.89500000e-10  2.23750000e+00  1.07131512e+00  9.24618331e-05 
 2.90500000e-10  2.90500000e-10  2.26250000e+00  1.01566202e+00  9.08168911e-05 
 2.91500000e-10  2.91500000e-10  2.28750000e+00  9.61126033e-01  8.91645603e-05 
 2.92500000e-10  2.92500000e-10  2.31250000e+00  9.07880905e-01  8.75196183e-05 
 2.93500000e-10  2.93500000e-10  2.33750000e+00  8.56080720e-01  8.58672875e-05 
 2.94500000e-10  2.94500000e-10  2.36250000e+00  8.05859214e-01  8.42223455e-05 
 2.95500000e-10  2.95500000e-10  2.38750000e+00  7.57329517e-01  8.71861965e-05 
 2.96500000e-10  2.96500000e-10  2.41250000e+00  7.10584303e-01  9.21357999e-05 
 2.97500000e-10  2.97500000e-10  2.43750000e+00  6.65696312e-01  9.70780145e-05 
 2.98500000e-10  2.98500000e-10  2.46250000e+00  6.22719165e-01  1.02027618e-04 
 2.99250000e-10  2.99250000e-10  2.48125000e+00  5.91761702e-01  1.05733355e-04 
 3.00000000e-10  3.00000000e-10  2.50000000e+00  5.61908526e-01  1.09446482e-04 
 3.00100000e-10  3.00100000e-10  2.50000000e+00  5.57793139e-01 -1.95217132e-12 
 3.00300000e-10  3.00300000e-10  2.50000000e+00  5.49615534e-01 -1.96037668e-12 
 3.00700000e-10  3.00700000e-10  2.50000000e+00  5.33577628e-01 -1.97640071e-12 
 3.01500000e-10  3.01500000e-10  2.50000000e+00  5.02742909e-01 -2.00727706e-12 
 3.02500000e-10  3.02500000e-10  2.50000000e+00  4.66446310e-01 -2.04353550e-12 
 3.03500000e-10  3.03500000e-10  2.50000000e+00  4.32535620e-01 -2.07748435e-12 
 3.04500000e-10  3.04500000e-10  2.50000000e+00  4.00888141e-01 -2.10909366e-12 
 3.05500000e-10  3.05500000e-10  2.50000000e+00  3.71382342e-01 -2.13863763e-12 
 3.06500000e-10  3.06500000e-10  2.50000000e+00  3.43898764e-01 -2.16608304e-12 
 3.07500000e-10  3.07500000e-10  2.50000000e+00  3.18320771e-01 -2.19169920e-12 
 3.08500000e-10  3.08500000e-10  2.50000000e+00  2.94535142e-01 -2.21544666e-12 
 3.09500000e-10  3.09500000e-10  2.50000000e+00  2.72432530e-01 -2.23758744e-12 
 3.10500000e-10  3.10500000e-10  2.50000000e+00  2.51907809e-01 -2.25807400e-12 
 3.11500000e-10  3.11500000e-10  2.50000000e+00  2.32860309e-01 -2.27715966e-12 
 3.12500000e-10  3.12500000e-10  2.50000000e+00  2.15190494e-01 -2.29479131e-12 
 3.13500000e-10  3.13500000e-10  2.50000000e+00  1.98807770e-01 -2.31121220e-12 
 3.14500000e-10  3.14500000e-10  2.50000000e+00  1.83629621e-01 -2.32635219e-12 
 3.15500000e-10  3.15500000e-10  2.50000000e+00  1.69573849e-01 -2.34044612e-12 
 3.16500000e-10  3.16500000e-10  2.50000000e+00  1.56562903e-01 -2.35341890e-12 
 3.17500000e-10  3.17500000e-10  2.50000000e+00  1.44523767e-01 -2.36549620e-12 
 3.18500000e-10  3.18500000e-10  2.50000000e+00  1.33387824e-01 -2.37659398e-12 
 3.19500000e-10  3.19500000e-10  2.50000000e+00  1.23090701e-01 -2.38692927e-12 
 3.20500000e-10  3.20500000e-10  2.50000000e+00  1.13572101e-01 -2.39640971e-12 
 3.21500000e-10  3.21500000e-10  2.50000000e+00  1.04775624e-01 -2.40524435e-12 
 3.22500000e-10  3.22500000e-10  2.50000000e+00  9.66485854e-02 -2.41333322e-12 
 3.23500000e-10  3.23500000e-10  2.50000000e+00  8.91418244e-02 -2.42087815e-12 
 3.24500000e-10  3.24500000e-10  2.50000000e+00  8.22095215e-02 -2.42777228e-12 
 3.25500000e-10  3.25500000e-10  2.50000000e+00  7.58090108e-02 -2.43421096e-12 
 3.26500000e-10  3.26500000e-10  2.50000000e+00  6.99005996e-02 -2.44008121e-12 
 3.27500000e-10  3.27500000e-10  2.50000000e+00  6.44473908e-02 -2.44557258e-12 
 3.28500000e-10  3.28500000e-10  2.50000000e+00  5.94151119e-02 -2.45056669e-12 
 3.29500000e-10  3.29500000e-10  2.50000000e+00  5.47719500e-02 -2.45524802e-12 
 3.30500000e-10  3.30500000e-10  2.50000000e+00  5.04883936e-02 -2.45949341e-12 
 3.31500000e-10  3.31500000e-10  2.50000000e+00  4.65370824e-02 -2.46348289e-12 
 3.32500000e-10  3.32500000e-10  2.50000000e+00  4.28926631e-02 -2.46708914e-12 
 3.33500000e-10  3.33500000e-10  2.50000000e+00  3.95316544e-02 -2.47048832e-12 
 3.34500000e-10  3.34500000e-10  2.50000000e+00  3.64323176e-02 -2.47354949e-12 
 3.35500000e-10  3.35500000e-10  2.50000000e+00  3.35745360e-02 -2.47644543e-12 
 3.36500000e-10  3.36500000e-10  2.50000000e+00  3.09397006e-02 -2.47904211e-12 
 3.37500000e-10  3.37500000e-10  2.50000000e+00  2.85106032e-02 -2.48150937e-12 
 3.38500000e-10  3.38500000e-10  2.50000000e+00  2.62713357e-02 -2.48371047e-12 
 3.39500000e-10  3.39500000e-10  2.50000000e+00  2.42071965e-02 -2.48581277e-12 
 3.40500000e-10  3.40500000e-10  2.50000000e+00  2.23046021e-02 -2.48767720e-12 
 3.41500000e-10  3.41500000e-10  2.50000000e+00  2.05510057e-02 -2.48946896e-12 
 3.42500000e-10  3.42500000e-10  2.50000000e+00  1.89348204e-02 -2.49104699e-12 
 3.43500000e-10  3.43500000e-10  2.50000000e+00  1.74453480e-02 -2.49257462e-12 
 3.44500000e-10  3.44500000e-10  2.50000000e+00  1.60727125e-02 -2.49390909e-12 
 3.45500000e-10  3.45500000e-10  2.50000000e+00  1.48077990e-02 -2.49521217e-12 
 3.46500000e-10  3.46500000e-10  2.50000000e+00  1.36421960e-02 -2.49633961e-12 
 3.47500000e-10  3.47500000e-10  2.50000000e+00  1.25681425e-02 -2.49745183e-12 
 3.48500000e-10  3.48500000e-10  2.50000000e+00  1.15784784e-02 -2.49840333e-12 
 3.49500000e-10  3.49500000e-10  2.50000000e+00  1.06665991e-02 -2.49935337e-12 
 3.50500000e-10  3.50500000e-10  2.50000000e+00  9.82641293e-03 -2.50015539e-12 
 3.51500000e-10  3.51500000e-10  2.50000000e+00  9.05230193e-03 -2.50096767e-12 
 3.52500000e-10  3.52500000e-10  2.50000000e+00  8.33908556e-03 -2.50164272e-12 
 3.53500000e-10  3.53500000e-10  2.50000000e+00  7.68198706e-03 -2.50233798e-12 
 3.54500000e-10  3.54500000e-10  2.50000000e+00  7.07660232e-03 -2.50290520e-12 
 3.55500000e-10  3.55500000e-10  2.50000000e+00  6.51887115e-03 -2.50350110e-12 
 3.56500000e-10  3.56500000e-10  2.50000000e+00  6.00505066e-03 -2.50397676e-12 
 3.57500000e-10  3.57500000e-10  2.50000000e+00  5.53169069e-03 -2.50448828e-12 
 3.58500000e-10  3.58500000e-10  2.50000000e+00  5.09561112e-03 -2.50488619e-12 
 3.59500000e-10  3.59500000e-10  2.50000000e+00  4.69388089e-03 -2.50532609e-12 
 3.60500000e-10  3.60500000e-10  2.50000000e+00  4.32379860e-03 -2.50565801e-12 
 3.61500000e-10  3.61500000e-10  2.50000000e+00  3.98287467e-03 -2.50603709e-12 
 3.62500000e-10  3.62500000e-10  2.50000000e+00  3.66881482e-03 -2.50631299e-12 
 3.63500000e-10  3.63500000e-10  2.50000000e+00  3.37950483e-03 -2.50664046e-12 
 3.64500000e-10  3.64500000e-10  2.50000000e+00  3.11299645e-03 -2.50686881e-12 
 3.65500000e-10  3.65500000e-10  2.50000000e+00  2.86749449e-03 -2.50715248e-12 
 3.66500000e-10  3.66500000e-10  2.50000000e+00  2.64134479e-03 -2.50734046e-12 
 3.67500000e-10  3.67500000e-10  2.50000000e+00  2.43302321e-03 -2.50758695e-12 
 3.68500000e-10  3.68500000e-10  2.50000000e+00  2.24112545e-03 -2.50774068e-12 
 3.69500000e-10  3.69500000e-10  2.50000000e+00  2.06435764e-03 -2.50795561e-12 
 3.70500000e-10  3.70500000e-10  2.50000000e+00  1.90152771e-03 -2.50808028e-12 
 3.71500000e-10  3.71500000e-10  2.50000000e+00  1.75153738e-03 -2.50826843e-12 
 3.72500000e-10  3.72500000e-10  2.50000000e+00  1.61337480e-03 -2.50836843e-12 
 3.73500000e-10  3.73500000e-10  2.50000000e+00  1.48610778e-03 -2.50853386e-12 
 3.74500000e-10  3.74500000e-10  2.50000000e+00  1.36887751e-03 -2.50861293e-12 
 3.75500000e-10  3.75500000e-10  2.50000000e+00  1.26089283e-03 -2.50875908e-12 
 3.76500000e-10  3.76500000e-10  2.50000000e+00  1.16142486e-03 -2.50882038e-12 
 3.77500000e-10  3.77500000e-10  2.50000000e+00  1.06980217e-03 -2.50895017e-12 
 3.78500000e-10  3.78500000e-10  2.50000000e+00  9.85406190e-04 -2.50899640e-12 
 3.79500000e-10  3.79500000e-10  2.50000000e+00  9.07667112e-04 -2.50911230e-12 
 3.80500000e-10  3.80500000e-10  2.50000000e+00  8.36060015e-04 -2.50914575e-12 
 3.81500000e-10  3.81500000e-10  2.50000000e+00  7.70101352e-04 -2.50924987e-12 
 3.82500000e-10  3.82500000e-10  2.50000000e+00  7.09345683e-04 -2.50927246e-12 
 3.83500000e-10  3.83500000e-10  2.50000000e+00  6.53382679e-04 -2.50936659e-12 
 3.84500000e-10  3.84500000e-10  2.50000000e+00  6.01834358e-04 -2.50937997e-12 
 3.85500000e-10  3.85500000e-10  2.50000000e+00  5.54352533e-04 -2.50946562e-12 
 3.86500000e-10  3.86500000e-10  2.50000000e+00  5.10616472e-04 -2.50947119e-12 
 3.87500000e-10  3.87500000e-10  2.50000000e+00  4.70330725e-04 -2.50954964e-12 
 3.88500000e-10  3.88500000e-10  2.50000000e+00  4.33223144e-04 -2.50954858e-12 
 3.89500000e-10  3.89500000e-10  2.50000000e+00  3.99043037e-04 -2.50962093e-12 
 3.90500000e-10  3.90500000e-10  2.50000000e+00  3.67559482e-04 -2.50961425e-12 
 3.91500000e-10  3.91500000e-10  2.50000000e+00  3.38559767e-04 -2.50968141e-12 
 3.92500000e-10  3.92500000e-10  2.50000000e+00  3.11847957e-04 -2.50966996e-12 
 3.93500000e-10  3.93500000e-10  2.50000000e+00  2.87243568e-04 -2.50973273e-12 
 3.94500000e-10  3.94500000e-10  2.50000000e+00  2.64580352e-04 -2.50971723e-12 
 3.95500000e-10  3.95500000e-10  2.50000000e+00  2.43705173e-04 -2.50977626e-12 
 3.96500000e-10  3.96500000e-10  2.50000000e+00  2.24476972e-04 -2.50975733e-12 
 3.97500000e-10  3.97500000e-10  2.50000000e+00  2.06765820e-04 -2.50981320e-12 
 3.98500000e-10  3.98500000e-10  2.50000000e+00  1.90452034e-04 -2.50979135e-12 
 3.99500000e-10  3.99500000e-10  2.50000000e+00  1.75425372e-04 -2.50984454e-12 
 4.00500000e-10  4.00500000e-10  2.50000000e+00  1.61584289e-04 -2.50982022e-12 
 4.01500000e-10  4.01500000e-10  2.50000000e+00  1.48835248e-04 -2.50987113e-12 
 4.02500000e-10  4.02500000e-10  2.50000000e+00  1.37092095e-04 -2.50984471e-12 
 4.03500000e-10  4.03500000e-10  2.50000000e+00  1.26275469e-04 -2.50989369e-12 
 4.04500000e-10  4.04500000e-10  2.50000000e+00  1.16312271e-04 -2.50986549e-12 
 4.05500000e-10  4.05500000e-10  2.50000000e+00  1.07135168e-04 -2.50991283e-12 
 4.06500000e-10  4.06500000e-10  2.50000000e+00  9.86821402e-05 -2.50988312e-12 
 4.07500000e-10  4.07500000e-10  2.50000000e+00  9.08960590e-05 -2.50992907e-12 
 4.08500000e-10  4.08500000e-10  2.50000000e+00  8.37243039e-05 -2.50989808e-12 
 4.09500000e-10  4.09500000e-10  2.50000000e+00  7.71184057e-05 -2.50994285e-12 
 4.10500000e-10  4.10500000e-10  2.50000000e+00  7.10337191e-05 -2.50991077e-12 
 4.11500000e-10  4.11500000e-10  2.50000000e+00  6.54291208e-05 -2.50995454e-12 
 4.12500000e-10  4.12500000e-10  2.50000000e+00  6.02667322e-05 -2.50992154e-12 
 4.13500000e-10  4.13500000e-10  2.50000000e+00  5.55116632e-05 -2.50996446e-12 
 4.14500000e-10  4.14500000e-10  2.50000000e+00  5.11317763e-05 -2.50993067e-12 
 4.15500000e-10  4.15500000e-10  2.50000000e+00  4.70974695e-05 -2.50997287e-12 
 4.16500000e-10  4.16500000e-10  2.50000000e+00  4.33814764e-05 -2.50993842e-12 
 4.17500000e-10  4.17500000e-10  2.50000000e+00  3.99586820e-05 -2.50998001e-12 
 4.18500000e-10  4.18500000e-10  2.50000000e+00  3.68059526e-05 -2.50994500e-12 
 4.19500000e-10  4.19500000e-10  2.50000000e+00  3.39019798e-05 -2.50998607e-12 
 4.20500000e-10  4.20500000e-10  2.50000000e+00  3.12271364e-05 -2.50995058e-12 
 4.21500000e-10  4.21500000e-10  2.50000000e+00  2.87633439e-05 -2.50999121e-12 
 4.22500000e-10  4.22500000e-10  2.50000000e+00  2.64939501e-05 -2.50995531e-12 
 4.23500000e-10  4.23500000e-10  2.50000000e+00  2.44036166e-05 -2.50999557e-12 
 4.24500000e-10  4.24500000e-10  2.50000000e+00  2.24782152e-05 -2.50995933e-12 
 4.25500000e-10  4.25500000e-10  2.50000000e+00  2.07047326e-05 -2.50999926e-12 
 4.26500000e-10  4.26500000e-10  2.50000000e+00  1.90711820e-05 -2.50996273e-12 
 4.27500000e-10  4.27500000e-10  2.50000000e+00  1.75665226e-05 -2.51000240e-12 
 4.28500000e-10  4.28500000e-10  2.50000000e+00  1.61805845e-05 -2.50996563e-12 
 4.29500000e-10  4.29500000e-10  2.50000000e+00  1.49040005e-05 -2.51000507e-12 
 4.30500000e-10  4.30500000e-10  2.50000000e+00  1.37281423e-05 -2.50996808e-12 
 4.31500000e-10  4.31500000e-10  2.50000000e+00  1.26450623e-05 -2.51000732e-12 
 4.32500000e-10  4.32500000e-10  2.50000000e+00  1.16474402e-05 -2.50997016e-12 
 4.33500000e-10  4.33500000e-10  2.50000000e+00  1.07285331e-05 -2.51000924e-12 
 4.34500000e-10  4.34500000e-10  2.50000000e+00  9.88213023e-06 -2.50997192e-12 
 4.35500000e-10  4.35500000e-10  2.50000000e+00  9.10251085e-06 -2.51001087e-12 
 4.36500000e-10  4.36500000e-10  2.50000000e+00  8.38440555e-06 -2.50997342e-12 
 4.37500000e-10  4.37500000e-10  2.50000000e+00  7.72296074e-06 -2.51001225e-12 
 4.38500000e-10  4.38500000e-10  2.50000000e+00  7.11370574e-06 -2.50997469e-12 
 4.39500000e-10  4.39500000e-10  2.50000000e+00  6.55252265e-06 -2.51001342e-12 
 4.40500000e-10  4.40500000e-10  2.50000000e+00  6.03561847e-06 -2.50997577e-12 
 4.41500000e-10  4.41500000e-10  2.50000000e+00  5.55949948e-06 -2.51001441e-12 
 4.42500000e-10  4.42500000e-10  2.50000000e+00  5.12094762e-06 -2.50997668e-12 
 4.43500000e-10  4.43500000e-10  2.50000000e+00  4.71699874e-06 -2.51001525e-12 
 4.44500000e-10  4.44500000e-10  2.50000000e+00  4.34492257e-06 -2.50997746e-12 
 4.45500000e-10  4.45500000e-10  2.50000000e+00  4.00220427e-06 -2.51001597e-12 
 4.46500000e-10  4.46500000e-10  2.50000000e+00  3.68652743e-06 -2.50997812e-12 
 4.47500000e-10  4.47500000e-10  2.50000000e+00  3.39575839e-06 -2.51001657e-12 
 4.48500000e-10  4.48500000e-10  2.50000000e+00  3.12793186e-06 -2.50997868e-12 
 4.49500000e-10  4.49500000e-10  2.50000000e+00  2.88123762e-06 -2.51001709e-12 
 4.50500000e-10  4.50500000e-10  2.50000000e+00  2.65400826e-06 -2.50997915e-12 
 4.51500000e-10  4.51500000e-10  2.50000000e+00  2.44470796e-06 -2.51001752e-12 
 4.52500000e-10  4.52500000e-10  2.50000000e+00  2.25192206e-06 -2.50997955e-12 
 4.53500000e-10  4.53500000e-10  2.50000000e+00  2.07434753e-06 -2.51001790e-12 
 4.54500000e-10  4.54500000e-10  2.50000000e+00  1.91078414e-06 -2.50997989e-12 
 4.55500000e-10  4.55500000e-10  2.50000000e+00  1.76012638e-06 -2.51001821e-12 
 4.56500000e-10  4.56500000e-10  2.50000000e+00  1.62135596e-06 -2.50998018e-12 
 4.57500000e-10  4.57500000e-10  2.50000000e+00  1.49353492e-06 -2.51001848e-12 
 4.58500000e-10  4.58500000e-10  2.50000000e+00  1.37579934e-06 -2.50998043e-12 
 4.59500000e-10  4.59500000e-10  2.50000000e+00  1.26735345e-06 -2.51001870e-12 
 4.60500000e-10  4.60500000e-10  2.50000000e+00  1.16746425e-06 -2.50998064e-12 
 4.61500000e-10  4.61500000e-10  2.50000000e+00  1.07545660e-06 -2.51001889e-12 
 4.62500000e-10  4.62500000e-10  2.50000000e+00  9.90708625e-07 -2.50998082e-12 
 4.63500000e-10  4.63500000e-10  2.50000000e+00  9.12647514e-07 -2.51001906e-12 
 4.64500000e-10  4.64500000e-10  2.50000000e+00  8.40745654e-07 -2.50998096e-12 
 4.65500000e-10  4.65500000e-10  2.50000000e+00  7.74517062e-07 -2.51001920e-12 
 4.66500000e-10  4.66500000e-10  2.50000000e+00  7.13514101e-07 -2.50998109e-12 
 4.67500000e-10  4.67500000e-10  2.50000000e+00  6.57324453e-07 -2.51001931e-12 
 4.68500000e-10  4.68500000e-10  2.50000000e+00  6.05568333e-07 -2.50998120e-12 
 4.69500000e-10  4.69500000e-10  2.50000000e+00  5.57895924e-07 -2.51001941e-12 
 4.70500000e-10  4.70500000e-10  2.50000000e+00  5.13985009e-07 -2.50998129e-12 
 4.71500000e-10  4.71500000e-10  2.50000000e+00  4.73538794e-07 -2.51001950e-12 
 4.72500000e-10  4.72500000e-10  2.50000000e+00  4.36283905e-07 -2.50998137e-12 
 4.73500000e-10  4.73500000e-10  2.50000000e+00  4.01968536e-07 -2.51001957e-12 
 4.74500000e-10  4.74500000e-10  2.50000000e+00  3.70360751e-07 -2.50998144e-12 
 4.75500000e-10  4.75500000e-10  2.50000000e+00  3.41246914e-07 -2.51001963e-12 
 4.76500000e-10  4.76500000e-10  2.50000000e+00  3.14430245e-07 -2.50998149e-12 
 4.77500000e-10  4.77500000e-10  2.50000000e+00  2.89729490e-07 -2.51001968e-12 
 4.78500000e-10  4.78500000e-10  2.50000000e+00  2.66977697e-07 -2.50998154e-12 
 4.79500000e-10  4.79500000e-10  2.50000000e+00  2.46021088e-07 -2.51001972e-12 
 4.80500000e-10  4.80500000e-10  2.50000000e+00  2.26718018e-07 -2.50998158e-12 
 4.81500000e-10  4.81500000e-10  2.50000000e+00  2.08938016e-07 -2.51001976e-12 
 4.82500000e-10  4.82500000e-10  2.50000000e+00  1.92560910e-07 -2.50998161e-12 
 4.83500000e-10  4.83500000e-10  2.50000000e+00  1.77476005e-07 -2.51001979e-12 
 4.84500000e-10  4.84500000e-10  2.50000000e+00  1.63581344e-07 -2.50998164e-12 
 4.85500000e-10  4.85500000e-10  2.50000000e+00  1.50783013e-07 -2.51001982e-12 
 4.86500000e-10  4.86500000e-10  2.50000000e+00  1.38994508e-07 -2.50998167e-12 
 4.87500000e-10  4.87500000e-10  2.50000000e+00  1.28136151e-07 -2.51001984e-12 
 4.88500000e-10  4.88500000e-10  2.50000000e+00  1.18134551e-07 -2.50998169e-12 
 4.89500000e-10  4.89500000e-10  2.50000000e+00  1.08922106e-07 -2.51001986e-12 
 4.90500000e-10  4.90500000e-10  2.50000000e+00  1.00436551e-07 -2.50998171e-12 
 4.91500000e-10  4.91500000e-10  2.50000000e+00  9.26205309e-08 -2.51001988e-12 
 4.92500000e-10  4.92500000e-10  2.50000000e+00  8.54212179e-08 -2.50998172e-12 
 4.93500000e-10  4.93500000e-10  2.50000000e+00  7.87899522e-08 -2.51001989e-12 
 4.94500000e-10  4.94500000e-10  2.50000000e+00  7.26819129e-08 -2.50998173e-12 
 4.95500000e-10  4.95500000e-10  2.50000000e+00  6.70558159e-08 -2.51001990e-12 
 4.96500000e-10  4.96500000e-10  2.50000000e+00  6.18736346e-08 -2.50998174e-12 
 4.97500000e-10  4.97500000e-10  2.50000000e+00  5.71003428e-08 -2.51001991e-12 
 4.98500000e-10  4.98500000e-10  2.50000000e+00  5.27036779e-08 -2.50998175e-12 
 4.99500000e-10  4.99500000e-10  2.50000000e+00  4.86539229e-08 -2.51001992e-12 
 5.00500000e-10  5.00500000e-10  2.50000000e+00  4.49237054e-08 -2.50998176e-12 
 5.01500000e-10  5.01500000e-10  2.50000000e+00  4.14878131e-08 -2.51001993e-12 
 5.02500000e-10  5.02500000e-10  2.50000000e+00  3.83230230e-08 -2.50998177e-12 
 5.03500000e-10  5.03500000e-10  2.50000000e+00  3.54079442e-08 -2.51001993e-12 
 5.04500000e-10  5.04500000e-10  2.50000000e+00  3.27228737e-08 -2.50998177e-12 
 5.05500000e-10  5.05500000e-10  2.50000000e+00  3.02496632e-08 -2.51001994e-12 
 5.06500000e-10  5.06500000e-10  2.50000000e+00  2.79715963e-08 -2.50998178e-12 
 5.07500000e-10  5.07500000e-10  2.50000000e+00  2.58732757e-08 -2.51001994e-12 
 5.08500000e-10  5.08500000e-10  2.50000000e+00  2.39405187e-08 -2.50998178e-12 
 5.09500000e-10  5.09500000e-10  2.50000000e+00  2.21602621e-08 -2.51001995e-12 
 5.10500000e-10  5.10500000e-10  2.50000000e+00  2.05204730e-08 -2.50998179e-12 
 5.11500000e-10  5.11500000e-10  2.50000000e+00  1.90100681e-08 -2.51001995e-12 
 5.12500000e-10  5.12500000e-10  2.50000000e+00  1.76188386e-08 -2.50998179e-12 
 5.13500000e-10  5.13500000e-10  2.50000000e+00  1.63373811e-08 -2.51001995e-12 
 5.14500000e-10  5.14500000e-10  2.50000000e+00  1.51570345e-08 -2.50998179e-12 
 5.15500000e-10  5.15500000e-10  2.50000000e+00  1.40698207e-08 -2.51001996e-12 
 5.16500000e-10  5.16500000e-10  2.50000000e+00  1.30683914e-08 -2.50998179e-12 
 5.17500000e-10  5.17500000e-10  2.50000000e+00  1.21459777e-08 -2.51001996e-12 
 5.18500000e-10  5.18500000e-10  2.50000000e+00  1.12963452e-08 -2.50998179e-12 
 5.19500000e-10  5.19500000e-10  2.50000000e+00  1.05137512e-08 -2.51001996e-12 
 5.20500000e-10  5.20500000e-10  2.50000000e+00  9.79290620e-09 -2.50998180e-12 
 5.21500000e-10  5.21500000e-10  2.50000000e+00  9.12893803e-09 -2.51001996e-12 
 5.22500000e-10  5.22500000e-10  2.50000000e+00  8.51735901e-09 -2.50998180e-12 
 5.23500000e-10  5.23500000e-10  2.50000000e+00  7.95403534e-09 -2.51001996e-12 
 5.24500000e-10  5.24500000e-10  2.50000000e+00  7.43515959e-09 -2.50998180e-12 
 5.25500000e-10  5.25500000e-10  2.50000000e+00  6.95722467e-09 -2.51001996e-12 
 5.26500000e-10  5.26500000e-10  2.50000000e+00  6.51700021e-09 -2.50998180e-12 
 5.27500000e-10  5.27500000e-10  2.50000000e+00  6.11151081e-09 -2.51001996e-12 
 5.28500000e-10  5.28500000e-10  2.50000000e+00  5.73801571e-09 -2.50998180e-12 
 5.29500000e-10  5.29500000e-10  2.50000000e+00  5.39399040e-09 -2.51001996e-12 
 5.30500000e-10  5.30500000e-10  2.50000000e+00  5.07710968e-09 -2.50998180e-12 
 5.31500000e-10  5.31500000e-10  2.50000000e+00  4.78523179e-09 -2.51001996e-12 
 5.32500000e-10  5.32500000e-10  2.50000000e+00  4.51638394e-09 -2.50998180e-12 
 5.33500000e-10  5.33500000e-10  2.50000000e+00  4.26874906e-09 -2.51001997e-12 
 5.34500000e-10  5.34500000e-10  2.50000000e+00  4.04065325e-09 -2.50998180e-12 
 5.35500000e-10  5.35500000e-10  2.50000000e+00  3.83055487e-09 -2.51001997e-12 
 5.36500000e-10  5.36500000e-10  2.50000000e+00  3.63703389e-09 -2.50998180e-12 
 5.37500000e-10  5.37500000e-10  2.50000000e+00  3.45878228e-09 -2.51001997e-12 
 5.38500000e-10  5.38500000e-10  2.50000000e+00  3.29459520e-09 -2.50998180e-12 
 5.39500000e-10  5.39500000e-10  2.50000000e+00  3.14336295e-09 -2.51001997e-12 
 5.40500000e-10  5.40500000e-10  2.50000000e+00  3.00406341e-09 -2.50998180e-12 
 5.41500000e-10  5.41500000e-10  2.50000000e+00  2.87575502e-09 -2.51001997e-12 
 5.42500000e-10  5.42500000e-10  2.50000000e+00  2.75757057e-09 -2.50998180e-12 
 5.43500000e-10  5.43500000e-10  2.50000000e+00  2.64871125e-09 -2.51001997e-12 
 5.44500000e-10  5.44500000e-10  2.50000000e+00  2.54844120e-09 -2.50998180e-12 
 5.45500000e-10  5.45500000e-10  2.50000000e+00  2.45608274e-09 -2.51001997e-12 
 5.46500000e-10  5.46500000e-10  2.50000000e+00  2.37101166e-09 -2.50998180e-12 
 5.47500000e-10  5.47500000e-10  2.50000000e+00  2.29265296e-09 -2.51001997e-12 
 5.48500000e-10  5.48500000e-10  2.50000000e+00  2.22047708e-09 -2.50998180e-12 
 5.49500000e-10  5.49500000e-10  2.50000000e+00  2.15399605e-09 -2.51001997e-12 
 5.50500000e-10  5.50500000e-10  2.50000000e+00  2.09276057e-09 -2.50998180e-12 
 5.51500000e-10  5.51500000e-10  2.50000000e+00  2.03635674e-09 -2.51001997e-12 
 5.52500000e-10  5.52500000e-10  2.50000000e+00  1.98440326e-09 -2.50998180e-12 
 5.53500000e-10  5.53500000e-10  2.50000000e+00  1.93654911e-09 -2.51001997e-12 
 5.54500000e-10  5.54500000e-10  2.50000000e+00  1.89247077e-09 -2.50998180e-12 
 5.55500000e-10  5.55500000e-10  2.50000000e+00  1.85187028e-09 -2.51001997e-12 
 5.56500000e-10  5.56500000e-10  2.50000000e+00  1.81447335e-09 -2.50998180e-12 
 5.57500000e-10  5.57500000e-10  2.50000000e+00  1.78002720e-09 -2.51001997e-12 
 5.58500000e-10  5.58500000e-10  2.50000000e+00  1.74829893e-09 -2.50998180e-12 
 5.59500000e-10  5.59500000e-10  2.50000000e+00  1.71907402e-09 -2.51001997e-12 
 5.60500000e-10  5.60500000e-10  2.50000000e+00  1.69215516e-09 -2.50998180e-12 
 5.61500000e-10  5.61500000e-10  2.50000000e+00  1.66736027e-09 -2.51001997e-12 
 5.62500000e-10  5.62500000e-10  2.50000000e+00  1.64452176e-09 -2.50998180e-12 
 5.63500000e-10  5.63500000e-10  2.50000000e+00  1.62348526e-09 -2.51001997e-12 
 5.64500000e-10  5.64500000e-10  2.50000000e+00  1.60410864e-09 -2.50998180e-12 
 5.65500000e-10  5.65500000e-10  2.50000000e+00  1.58626092e-09 -2.51001997e-12 
 5.66500000e-10  5.66500000e-10  2.50000000e+00  1.56982137e-09 -2.50998180e-12 
 5.67500000e-10  5.67500000e-10  2.50000000e+00  1.55467895e-09 -2.51001997e-12 
 5.68500000e-10  5.68500000e-10  2.50000000e+00  1.54073141e-09 -2.50998180e-12 
 5.69500000e-10  5.69500000e-10  2.50000000e+00  1.52788433e-09 -2.51001997e-12 
 5.70500000e-10  5.70500000e-10  2.50000000e+00  1.51605089e-09 -2.50998180e-12 
 5.71500000e-10  5.71500000e-10  2.50000000e+00  1.50515110e-09 -2.51001997e-12 
 5.72500000e-10  5.72500000e-10  2.50000000e+00  1.49511128e-09 -2.50998180e-12 
 5.73500000e-10  5.73500000e-10  2.50000000e+00  1.48586363e-09 -2.51001997e-12 
 5.74500000e-10  5.74500000e-10  2.50000000e+00  1.47734573e-09 -2.50998180e-12 
 5.75500000e-10  5.75500000e-10  2.50000000e+00  1.46949996e-09 -2.51001997e-12 
 5.76500000e-10  5.76500000e-10  2.50000000e+00  1.46227323e-09 -2.50998180e-12 
 5.77500000e-10  5.77500000e-10  2.50000000e+00  1.45561674e-09 -2.51001997e-12 
 5.78500000e-10  5.78500000e-10  2.50000000e+00  1.44948552e-09 -2.50998180e-12 
 5.79500000e-10  5.79500000e-10  2.50000000e+00  1.44383793e-09 -2.51001997e-12 
 5.80500000e-10  5.80500000e-10  2.50000000e+00  1.43863595e-09 -2.50998180e-12 
 5.81500000e-10  5.81500000e-10  2.50000000e+00  1.43384447e-09 -2.51001997e-12 
 5.82500000e-10  5.82500000e-10  2.50000000e+00  1.42943109e-09 -2.50998180e-12 
 5.83500000e-10  5.83500000e-10  2.50000000e+00  1.42536595e-09 -2.51001997e-12 
 5.84500000e-10  5.84500000e-10  2.50000000e+00  1.42162150e-09 -2.50998180e-12 
 5.85500000e-10  5.85500000e-10  2.50000000e+00  1.41817251e-09 -2.51001997e-12 
 5.86500000e-10  5.86500000e-10  2.50000000e+00  1.41499571e-09 -2.50998180e-12 
 5.87500000e-10  5.87500000e-10  2.50000000e+00  1.41206953e-09 -2.51001997e-12 
 5.88500000e-10  5.88500000e-10  2.50000000e+00  1.40937427e-09 -2.50998180e-12 
 5.89500000e-10  5.89500000e-10  2.50000000e+00  1.40689164e-09 -2.51001997e-12 
 5.90500000e-10  5.90500000e-10  2.50000000e+00  1.40460480e-09 -2.50998180e-12 
 5.91500000e-10  5.91500000e-10  2.50000000e+00  1.40249848e-09 -2.51001997e-12 
 5.92500000e-10  5.92500000e-10  2.50000000e+00  1.40055840e-09 -2.50998180e-12 
 5.93500000e-10  5.93500000e-10  2.50000000e+00  1.39877131e-09 -2.51001997e-12 
 5.94500000e-10  5.94500000e-10  2.50000000e+00  1.39712522e-09 -2.50998180e-12 
 5.95500000e-10  5.95500000e-10  2.50000000e+00  1.39560901e-09 -2.51001997e-12 
 5.96500000e-10  5.96500000e-10  2.50000000e+00  1.39421243e-09 -2.50998180e-12 
 5.97500000e-10  5.97500000e-10  2.50000000e+00  1.39292603e-09 -2.51001997e-12 
 5.98500000e-10  5.98500000e-10  2.50000000e+00  1.39174119e-09 -2.50998180e-12 
 5.99500000e-10  5.99500000e-10  2.50000000e+00  1.39064989e-09 -2.51001997e-12 
 6.00500000e-10  6.00500000e-10  2.50000000e+00  1.38964460e-09 -2.50998180e-12 
 6.01500000e-10  6.01500000e-10  2.50000000e+00  1.38871854e-09 -2.51001997e-12 
 6.02500000e-10  6.02500000e-10  2.50000000e+00  1.38786562e-09 -2.50998180e-12 
 6.03500000e-10  6.03500000e-10  2.50000000e+00  1.38708011e-09 -2.51001997e-12 
 6.04500000e-10  6.04500000e-10  2.50000000e+00  1.38635655e-09 -2.50998180e-12 
 6.05500000e-10  6.05500000e-10  2.50000000e+00  1.38568999e-09 -2.51001997e-12 
 6.06500000e-10  6.06500000e-10  2.50000000e+00  1.38507602e-09 -2.50998180e-12 
 6.07500000e-10  6.07500000e-10  2.50000000e+00  1.38451051e-09 -2.51001997e-12 
 6.08500000e-10  6.08500000e-10  2.50000000e+00  1.38398972e-09 -2.50998180e-12 
 6.09500000e-10  6.09500000e-10  2.50000000e+00  1.38351006e-09 -2.51001997e-12 
 6.10500000e-10  6.10500000e-10  2.50000000e+00  1.38306824e-09 -2.50998180e-12 
 6.11500000e-10  6.11500000e-10  2.50000000e+00  1.38266121e-09 -2.51001997e-12 
 6.12500000e-10  6.12500000e-10  2.50000000e+00  1.38228626e-09 -2.50998180e-12 
 6.13500000e-10  6.13500000e-10  2.50000000e+00  1.38194096e-09 -2.51001997e-12 
 6.14500000e-10  6.14500000e-10  2.50000000e+00  1.38162281e-09 -2.50998180e-12 
 6.15500000e-10  6.15500000e-10  2.50000000e+00  1.38132981e-09 -2.51001997e-12 
 6.16500000e-10  6.16500000e-10  2.50000000e+00  1.38105994e-09 -2.50998180e-12 
 6.17500000e-10  6.17500000e-10  2.50000000e+00  1.38081138e-09 -2.51001997e-12 
 6.18500000e-10  6.18500000e-10  2.50000000e+00  1.38058239e-09 -2.50998180e-12 
 6.19500000e-10  6.19500000e-10  2.50000000e+00  1.38037147e-09 -2.51001997e-12 
 6.20500000e-10  6.20500000e-10  2.50000000e+00  1.38017723e-09 -2.50998180e-12 
 6.21500000e-10  6.21500000e-10  2.50000000e+00  1.37999836e-09 -2.51001997e-12 
 6.22500000e-10  6.22500000e-10  2.50000000e+00  1.37983354e-09 -2.50998180e-12 
 6.23500000e-10  6.23500000e-10  2.50000000e+00  1.37968172e-09 -2.51001997e-12 
 6.24500000e-10  6.24500000e-10  2.50000000e+00  1.37954189e-09 -2.50998180e-12 
 6.25500000e-10  6.25500000e-10  2.50000000e+00  1.37941310e-09 -2.51001997e-12 
 6.26500000e-10  6.26500000e-10  2.50000000e+00  1.37929442e-09 -2.50998180e-12 
 6.27500000e-10  6.27500000e-10  2.50000000e+00  1.37918512e-09 -2.51001997e-12 
 6.28500000e-10  6.28500000e-10  2.50000000e+00  1.37908451e-09 -2.50998180e-12 
 6.29500000e-10  6.29500000e-10  2.50000000e+00  1.37899179e-09 -2.51001997e-12 
 6.30500000e-10  6.30500000e-10  2.50000000e+00  1.37890636e-09 -2.50998180e-12 
 6.31500000e-10  6.31500000e-10  2.50000000e+00  1.37882772e-09 -2.51001997e-12 
 6.32500000e-10  6.32500000e-10  2.50000000e+00  1.37875529e-09 -2.50998180e-12 
 6.33500000e-10  6.33500000e-10  2.50000000e+00  1.37868860e-09 -2.51001997e-12 
 6.34500000e-10  6.34500000e-10  2.50000000e+00  1.37862721e-09 -2.50998180e-12 
 6.35500000e-10  6.35500000e-10  2.50000000e+00  1.37857056e-09 -2.51001997e-12 
 6.36500000e-10  6.36500000e-10  2.50000000e+00  1.37851845e-09 -2.50998180e-12 
 6.37500000e-10  6.37500000e-10  2.50000000e+00  1.37847047e-09 -2.51001997e-12 
 6.38500000e-10  6.38500000e-10  2.50000000e+00  1.37842621e-09 -2.50998180e-12 
 6.39500000e-10  6.39500000e-10  2.50000000e+00  1.37838541e-09 -2.51001997e-12 
 6.40500000e-10  6.40500000e-10  2.50000000e+00  1.37834784e-09 -2.50998180e-12 
 6.41500000e-10  6.41500000e-10  2.50000000e+00  1.37831320e-09 -2.51001997e-12 
 6.42500000e-10  6.42500000e-10  2.50000000e+00  1.37828130e-09 -2.50998180e-12 
 6.43500000e-10  6.43500000e-10  2.50000000e+00  1.37825204e-09 -2.51001997e-12 
 6.44500000e-10  6.44500000e-10  2.50000000e+00  1.37822506e-09 -2.50998180e-12 
 6.45500000e-10  6.45500000e-10  2.50000000e+00  1.37820015e-09 -2.51001997e-12 
 6.46500000e-10  6.46500000e-10  2.50000000e+00  1.37817724e-09 -2.50998180e-12 
 6.47500000e-10  6.47500000e-10  2.50000000e+00  1.37815612e-09 -2.51001997e-12 
 6.48500000e-10  6.48500000e-10  2.50000000e+00  1.37813670e-09 -2.50998180e-12 
 6.49500000e-10  6.49500000e-10  2.50000000e+00  1.37811878e-09 -2.51001997e-12 
 6.50500000e-10  6.50500000e-10  2.50000000e+00  1.37810232e-09 -2.50998180e-12 
 6.51500000e-10  6.51500000e-10  2.50000000e+00  1.37808711e-09 -2.51001997e-12 
 6.52500000e-10  6.52500000e-10  2.50000000e+00  1.37807305e-09 -2.50998180e-12 
 6.53500000e-10  6.53500000e-10  2.50000000e+00  1.37806024e-09 -2.51001997e-12 
 6.54500000e-10  6.54500000e-10  2.50000000e+00  1.37804833e-09 -2.50998180e-12 
 6.55500000e-10  6.55500000e-10  2.50000000e+00  1.37803736e-09 -2.51001997e-12 
 6.56500000e-10  6.56500000e-10  2.50000000e+00  1.37802726e-09 -2.50998180e-12 
 6.57500000e-10  6.57500000e-10  2.50000000e+00  1.37801798e-09 -2.51001997e-12 
 6.58500000e-10  6.58500000e-10  2.50000000e+00  1.37800949e-09 -2.50998180e-12 
 6.59500000e-10  6.59500000e-10  2.50000000e+00  1.37800171e-09 -2.51001997e-12 
 6.60500000e-10  6.60500000e-10  2.50000000e+00  1.37799446e-09 -2.50998180e-12 
 6.61500000e-10  6.61500000e-10  2.50000000e+00  1.37798777e-09 -2.51001997e-12 
 6.62500000e-10  6.62500000e-10  2.50000000e+00  1.37798161e-09 -2.50998180e-12 
 6.63500000e-10  6.63500000e-10  2.50000000e+00  1.37797597e-09 -2.51001997e-12 
 6.64500000e-10  6.64500000e-10  2.50000000e+00  1.37797075e-09 -2.50998180e-12 
 6.65500000e-10  6.65500000e-10  2.50000000e+00  1.37796591e-09 -2.51001997e-12 
 6.66500000e-10  6.66500000e-10  2.50000000e+00  1.37796143e-09 -2.50998180e-12 
 6.67500000e-10  6.67500000e-10  2.50000000e+00  1.37795730e-09 -2.51001997e-12 
 6.68500000e-10  6.68500000e-10  2.50000000e+00  1.37795354e-09 -2.50998180e-12 
 6.69500000e-10  6.69500000e-10  2.50000000e+00  1.37795013e-09 -2.51001997e-12 
 6.70500000e-10  6.70500000e-10  2.50000000e+00  1.37794697e-09 -2.50998180e-12 
 6.71500000e-10  6.71500000e-10  2.50000000e+00  1.37794404e-09 -2.51001997e-12 
 6.72500000e-10  6.72500000e-10  2.50000000e+00  1.37794126e-09 -2.50998180e-12 
 6.73500000e-10  6.73500000e-10  2.50000000e+00  1.37793874e-09 -2.51001997e-12 
 6.74500000e-10  6.74500000e-10  2.50000000e+00  1.37793638e-09 -2.50998180e-12 
 6.75500000e-10  6.75500000e-10  2.50000000e+00  1.37793427e-09 -2.51001997e-12 
 6.76500000e-10  6.76500000e-10  2.50000000e+00  1.37793236e-09 -2.50998180e-12 
 6.77500000e-10  6.77500000e-10  2.50000000e+00  1.37793059e-09 -2.51001997e-12 
 6.78500000e-10  6.78500000e-10  2.50000000e+00  1.37792897e-09 -2.50998180e-12 
 6.79500000e-10  6.79500000e-10  2.50000000e+00  1.37792743e-09 -2.51001997e-12 
 6.80500000e-10  6.80500000e-10  2.50000000e+00  1.37792604e-09 -2.50998180e-12 
 6.81500000e-10  6.81500000e-10  2.50000000e+00  1.37792477e-09 -2.51001997e-12 
 6.82500000e-10  6.82500000e-10  2.50000000e+00  1.37792353e-09 -2.50998180e-12 
 6.83500000e-10  6.83500000e-10  2.50000000e+00  1.37792244e-09 -2.51001997e-12 
 6.84500000e-10  6.84500000e-10  2.50000000e+00  1.37792138e-09 -2.50998180e-12 
 6.85500000e-10  6.85500000e-10  2.50000000e+00  1.37792041e-09 -2.51001997e-12 
 6.86500000e-10  6.86500000e-10  2.50000000e+00  1.37791954e-09 -2.50998180e-12 
 6.87500000e-10  6.87500000e-10  2.50000000e+00  1.37791875e-09 -2.51001997e-12 
 6.88500000e-10  6.88500000e-10  2.50000000e+00  1.37791804e-09 -2.50998180e-12 
 6.89500000e-10  6.89500000e-10  2.50000000e+00  1.37791744e-09 -2.51001997e-12 
 6.90500000e-10  6.90500000e-10  2.50000000e+00  1.37791680e-09 -2.50998180e-12 
 6.91500000e-10  6.91500000e-10  2.50000000e+00  1.37791624e-09 -2.51001997e-12 
 6.92500000e-10  6.92500000e-10  2.50000000e+00  1.37791571e-09 -2.50998180e-12 
 6.93500000e-10  6.93500000e-10  2.50000000e+00  1.37791519e-09 -2.51001997e-12 
 6.94500000e-10  6.94500000e-10  2.50000000e+00  1.37791477e-09 -2.50998180e-12 
 6.95500000e-10  6.95500000e-10  2.50000000e+00  1.37791436e-09 -2.51001997e-12 
 6.96500000e-10  6.96500000e-10  2.50000000e+00  1.37791398e-09 -2.50998180e-12 
 6.97500000e-10  6.97500000e-10  2.50000000e+00  1.37791361e-09 -2.51001997e-12 
 6.98500000e-10  6.98500000e-10  2.50000000e+00  1.37791331e-09 -2.50998180e-12 
 6.99500000e-10  6.99500000e-10  2.50000000e+00  1.37791301e-09 -2.51001997e-12 
 7.00500000e-10  7.00500000e-10  2.50000000e+00  1.37791267e-09 -2.50998180e-12 
 7.01500000e-10  7.01500000e-10  2.50000000e+00  1.37791233e-09 -2.51001997e-12 
 7.02500000e-10  7.02500000e-10  2.50000000e+00  1.37791214e-09 -2.50998180e-12 
 7.03500000e-10  7.03500000e-10  2.50000000e+00  1.37791195e-09 -2.51001997e-12 
 7.04500000e-10  7.04500000e-10  2.50000000e+00  1.37791173e-09 -2.50998180e-12 
 7.05500000e-10  7.05500000e-10  2.50000000e+00  1.37791150e-09 -2.51001997e-12 
 7.06500000e-10  7.06500000e-10  2.50000000e+00  1.37791139e-09 -2.50998180e-12 
 7.07500000e-10  7.07500000e-10  2.50000000e+00  1.37791132e-09 -2.51001997e-12 
 7.08500000e-10  7.08500000e-10  2.50000000e+00  1.37791109e-09 -2.50998180e-12 
 7.09500000e-10  7.09500000e-10  2.50000000e+00  1.37791087e-09 -2.51001997e-12 
 7.10500000e-10  7.10500000e-10  2.50000000e+00  1.37791071e-09 -2.50998180e-12 
 7.11500000e-10  7.11500000e-10  2.50000000e+00  1.37791060e-09 -2.51001997e-12 
 7.12500000e-10  7.12500000e-10  2.50000000e+00  1.37791053e-09 -2.50998180e-12 
 7.13500000e-10  7.13500000e-10  2.50000000e+00  1.37791045e-09 -2.51001997e-12 
 7.14500000e-10  7.14500000e-10  2.50000000e+00  1.37791030e-09 -2.50998180e-12 
 7.15500000e-10  7.15500000e-10  2.50000000e+00  1.37791023e-09 -2.51001997e-12 
 7.16500000e-10  7.16500000e-10  2.50000000e+00  1.37791019e-09 -2.50998180e-12 
 7.17500000e-10  7.17500000e-10  2.50000000e+00  1.37791015e-09 -2.51001997e-12 
 7.18500000e-10  7.18500000e-10  2.50000000e+00  1.37791011e-09 -2.50998180e-12 
 7.19500000e-10  7.19500000e-10  2.50000000e+00  1.37791011e-09 -2.51001997e-12 
 7.20500000e-10  7.20500000e-10  2.50000000e+00  1.37791011e-09 -2.50998180e-12 
 7.21500000e-10  7.21500000e-10  2.50000000e+00  1.37791011e-09 -2.51001997e-12 
 7.22500000e-10  7.22500000e-10  2.50000000e+00  1.37791011e-09 -2.50998180e-12 
 7.23500000e-10  7.23500000e-10  2.50000000e+00  1.37791011e-09 -2.51001997e-12 
 7.24500000e-10  7.24500000e-10  2.50000000e+00  1.37791011e-09 -2.50998180e-12 
 7.25500000e-10  7.25500000e-10  2.50000000e+00  1.37791011e-09 -2.51001997e-12 
 7.26500000e-10  7.26500000e-10  2.50000000e+00  1.37791011e-09 -2.50998180e-12 
 7.27500000e-10  7.27500000e-10  2.50000000e+00  1.37791011e-09 -2.51001997e-12 
 7.28500000e-10  7.28500000e-10  2.50000000e+00  1.37791011e-09 -2.50998180e-12 
 7.29500000e-10  7.29500000e-10  2.50000000e+00  1.37791011e-09 -2.51001997e-12 
 7.30500000e-10  7.30500000e-10  2.50000000e+00  1.37791011e-09 -2.50998180e-12 
 7.31500000e-10  7.31500000e-10  2.50000000e+00  1.37791011e-09 -2.51001997e-12 
 7.32500000e-10  7.32500000e-10  2.50000000e+00  1.37791011e-09 -2.50998180e-12 
 7.33500000e-10  7.33500000e-10  2.50000000e+00  1.37791011e-09 -2.51001997e-12 
 7.34500000e-10  7.34500000e-10  2.50000000e+00  1.37791011e-09 -2.50998180e-12 
 7.35500000e-10  7.35500000e-10  2.50000000e+00  1.37791011e-09 -2.51001997e-12 
 7.36500000e-10  7.36500000e-10  2.50000000e+00  1.37791011e-09 -2.50998180e-12 
 7.37500000e-10  7.37500000e-10  2.50000000e+00  1.37791011e-09 -2.51001997e-12 
 7.38500000e-10  7.38500000e-10  2.50000000e+00  1.37791011e-09 -2.50998180e-12 
 7.39500000e-10  7.39500000e-10  2.50000000e+00  1.37791011e-09 -2.51001997e-12 
 7.40500000e-10  7.40500000e-10  2.50000000e+00  1.37791011e-09 -2.50998180e-12 
 7.41500000e-10  7.41500000e-10  2.50000000e+00  1.37791011e-09 -2.51001997e-12 
 7.42500000e-10  7.42500000e-10  2.50000000e+00  1.37791011e-09 -2.50998180e-12 
 7.43500000e-10  7.43500000e-10  2.50000000e+00  1.37791011e-09 -2.51001997e-12 
 7.44500000e-10  7.44500000e-10  2.50000000e+00  1.37791011e-09 -2.50998180e-12 
 7.45500000e-10  7.45500000e-10  2.50000000e+00  1.37791011e-09 -2.51001997e-12 
 7.46500000e-10  7.46500000e-10  2.50000000e+00  1.37791011e-09 -2.50998180e-12 
 7.47500000e-10  7.47500000e-10  2.50000000e+00  1.37791011e-09 -2.51001997e-12 
 7.48500000e-10  7.48500000e-10  2.50000000e+00  1.37791011e-09 -2.50998180e-12 
 7.49500000e-10  7.49500000e-10  2.50000000e+00  1.37791011e-09 -2.51001997e-12 
 7.50500000e-10  7.50500000e-10  2.50000000e+00  1.37791011e-09 -2.50998180e-12 
 7.51500000e-10  7.51500000e-10  2.50000000e+00  1.37791011e-09 -2.51001997e-12 
 7.52500000e-10  7.52500000e-10  2.50000000e+00  1.37791011e-09 -2.50998180e-12 
 7.53500000e-10  7.53500000e-10  2.50000000e+00  1.37791011e-09 -2.51001997e-12 
 7.54500000e-10  7.54500000e-10  2.50000000e+00  1.37791011e-09 -2.50998180e-12 
 7.55500000e-10  7.55500000e-10  2.50000000e+00  1.37791011e-09 -2.51001997e-12 
 7.56500000e-10  7.56500000e-10  2.50000000e+00  1.37791011e-09 -2.50998180e-12 
 7.57500000e-10  7.57500000e-10  2.50000000e+00  1.37791011e-09 -2.51001997e-12 
 7.58500000e-10  7.58500000e-10  2.50000000e+00  1.37791011e-09 -2.50998180e-12 
 7.59500000e-10  7.59500000e-10  2.50000000e+00  1.37791011e-09 -2.51001997e-12 
 7.60500000e-10  7.60500000e-10  2.50000000e+00  1.37791011e-09 -2.50998180e-12 
 7.61500000e-10  7.61500000e-10  2.50000000e+00  1.37791011e-09 -2.51001997e-12 
 7.62500000e-10  7.62500000e-10  2.50000000e+00  1.37791011e-09 -2.50998180e-12 
 7.63500000e-10  7.63500000e-10  2.50000000e+00  1.37791011e-09 -2.51001997e-12 
 7.64500000e-10  7.64500000e-10  2.50000000e+00  1.37791011e-09 -2.50998180e-12 
 7.65500000e-10  7.65500000e-10  2.50000000e+00  1.37791011e-09 -2.51001997e-12 
 7.66500000e-10  7.66500000e-10  2.50000000e+00  1.37791011e-09 -2.50998180e-12 
 7.67500000e-10  7.67500000e-10  2.50000000e+00  1.37791011e-09 -2.51001997e-12 
 7.68500000e-10  7.68500000e-10  2.50000000e+00  1.37791011e-09 -2.50998180e-12 
 7.69500000e-10  7.69500000e-10  2.50000000e+00  1.37791011e-09 -2.51001997e-12 
 7.70500000e-10  7.70500000e-10  2.50000000e+00  1.37791011e-09 -2.50998180e-12 
 7.71500000e-10  7.71500000e-10  2.50000000e+00  1.37791011e-09 -2.51001997e-12 
 7.72500000e-10  7.72500000e-10  2.50000000e+00  1.37791011e-09 -2.50998180e-12 
 7.73500000e-10  7.73500000e-10  2.50000000e+00  1.37791011e-09 -2.51001997e-12 
 7.74500000e-10  7.74500000e-10  2.50000000e+00  1.37791011e-09 -2.50998180e-12 
 7.75500000e-10  7.75500000e-10  2.50000000e+00  1.37791011e-09 -2.51001997e-12 
 7.76500000e-10  7.76500000e-10  2.50000000e+00  1.37791011e-09 -2.50998180e-12 
 7.77500000e-10  7.77500000e-10  2.50000000e+00  1.37791011e-09 -2.51001997e-12 
 7.78500000e-10  7.78500000e-10  2.50000000e+00  1.37791011e-09 -2.50998180e-12 
 7.79500000e-10  7.79500000e-10  2.50000000e+00  1.37791011e-09 -2.51001997e-12 
 7.80500000e-10  7.80500000e-10  2.50000000e+00  1.37791011e-09 -2.50998180e-12 
 7.81500000e-10  7.81500000e-10  2.50000000e+00  1.37791011e-09 -2.51001997e-12 
 7.82500000e-10  7.82500000e-10  2.50000000e+00  1.37791011e-09 -2.50998180e-12 
 7.83500000e-10  7.83500000e-10  2.50000000e+00  1.37791011e-09 -2.51001997e-12 
 7.84500000e-10  7.84500000e-10  2.50000000e+00  1.37791011e-09 -2.50998180e-12 
 7.85500000e-10  7.85500000e-10  2.50000000e+00  1.37791011e-09 -2.51001997e-12 
 7.86500000e-10  7.86500000e-10  2.50000000e+00  1.37791011e-09 -2.50998180e-12 
 7.87500000e-10  7.87500000e-10  2.50000000e+00  1.37791011e-09 -2.51001997e-12 
 7.88500000e-10  7.88500000e-10  2.50000000e+00  1.37791011e-09 -2.50998180e-12 
 7.89500000e-10  7.89500000e-10  2.50000000e+00  1.37791011e-09 -2.51001997e-12 
 7.90500000e-10  7.90500000e-10  2.50000000e+00  1.37791011e-09 -2.50998180e-12 
 7.91500000e-10  7.91500000e-10  2.50000000e+00  1.37791011e-09 -2.51001997e-12 
 7.92500000e-10  7.92500000e-10  2.50000000e+00  1.37791011e-09 -2.50998180e-12 
 7.93500000e-10  7.93500000e-10  2.50000000e+00  1.37791011e-09 -2.51001997e-12 
 7.94500000e-10  7.94500000e-10  2.50000000e+00  1.37791011e-09 -2.50998180e-12 
 7.95500000e-10  7.95500000e-10  2.50000000e+00  1.37791011e-09 -2.51001997e-12 
 7.96500000e-10  7.96500000e-10  2.50000000e+00  1.37791011e-09 -2.50998180e-12 
 7.97500000e-10  7.97500000e-10  2.50000000e+00  1.37791011e-09 -2.51001997e-12 
 7.98500000e-10  7.98500000e-10  2.50000000e+00  1.37791011e-09 -2.50998180e-12 
 7.99500000e-10  7.99500000e-10  2.50000000e+00  1.37791011e-09 -2.51001997e-12 
 8.00500000e-10  8.00500000e-10  2.50000000e+00  1.37791011e-09 -2.50998180e-12 
 8.01500000e-10  8.01500000e-10  2.50000000e+00  1.37791011e-09 -2.51001997e-12 
 8.02500000e-10  8.02500000e-10  2.50000000e+00  1.37791011e-09 -2.50998180e-12 
 8.03500000e-10  8.03500000e-10  2.50000000e+00  1.37791011e-09 -2.51001997e-12 
 8.04500000e-10  8.04500000e-10  2.50000000e+00  1.37791011e-09 -2.50998180e-12 
 8.05500000e-10  8.05500000e-10  2.50000000e+00  1.37791011e-09 -2.51001997e-12 
 8.06500000e-10  8.06500000e-10  2.50000000e+00  1.37791011e-09 -2.50998180e-12 
 8.07500000e-10  8.07500000e-10  2.50000000e+00  1.37791011e-09 -2.51001997e-12 
 8.08500000e-10  8.08500000e-10  2.50000000e+00  1.37791011e-09 -2.50998180e-12 
 8.09500000e-10  8.09500000e-10  2.50000000e+00  1.37791011e-09 -2.51001997e-12 
 8.10500000e-10  8.10500000e-10  2.50000000e+00  1.37791011e-09 -2.50998180e-12 
 8.11500000e-10  8.11500000e-10  2.50000000e+00  1.37791011e-09 -2.51001997e-12 
 8.12500000e-10  8.12500000e-10  2.50000000e+00  1.37791011e-09 -2.50998180e-12 
 8.13500000e-10  8.13500000e-10  2.50000000e+00  1.37791011e-09 -2.51001997e-12 
 8.14500000e-10  8.14500000e-10  2.50000000e+00  1.37791011e-09 -2.50998180e-12 
 8.15500000e-10  8.15500000e-10  2.50000000e+00  1.37791011e-09 -2.51001997e-12 
 8.16500000e-10  8.16500000e-10  2.50000000e+00  1.37791011e-09 -2.50998180e-12 
 8.17500000e-10  8.17500000e-10  2.50000000e+00  1.37791011e-09 -2.51001997e-12 
 8.18500000e-10  8.18500000e-10  2.50000000e+00  1.37791011e-09 -2.50998180e-12 
 8.19500000e-10  8.19500000e-10  2.50000000e+00  1.37791011e-09 -2.51001997e-12 
 8.20500000e-10  8.20500000e-10  2.50000000e+00  1.37791011e-09 -2.50998180e-12 
 8.21500000e-10  8.21500000e-10  2.50000000e+00  1.37791011e-09 -2.51001997e-12 
 8.22500000e-10  8.22500000e-10  2.50000000e+00  1.37791011e-09 -2.50998180e-12 
 8.23500000e-10  8.23500000e-10  2.50000000e+00  1.37791011e-09 -2.51001997e-12 
 8.24500000e-10  8.24500000e-10  2.50000000e+00  1.37791011e-09 -2.50998180e-12 
 8.25500000e-10  8.25500000e-10  2.50000000e+00  1.37791011e-09 -2.51001997e-12 
 8.26500000e-10  8.26500000e-10  2.50000000e+00  1.37791011e-09 -2.50998180e-12 
 8.27500000e-10  8.27500000e-10  2.50000000e+00  1.37791011e-09 -2.51001997e-12 
 8.28500000e-10  8.28500000e-10  2.50000000e+00  1.37791011e-09 -2.50998180e-12 
 8.29500000e-10  8.29500000e-10  2.50000000e+00  1.37791011e-09 -2.51001997e-12 
 8.30500000e-10  8.30500000e-10  2.50000000e+00  1.37791011e-09 -2.50998180e-12 
 8.31500000e-10  8.31500000e-10  2.50000000e+00  1.37791011e-09 -2.51001997e-12 
 8.32500000e-10  8.32500000e-10  2.50000000e+00  1.37791011e-09 -2.50998180e-12 
 8.33500000e-10  8.33500000e-10  2.50000000e+00  1.37791011e-09 -2.51001997e-12 
 8.34500000e-10  8.34500000e-10  2.50000000e+00  1.37791011e-09 -2.50998180e-12 
 8.35500000e-10  8.35500000e-10  2.50000000e+00  1.37791011e-09 -2.51001997e-12 
 8.36500000e-10  8.36500000e-10  2.50000000e+00  1.37791011e-09 -2.50998180e-12 
 8.37500000e-10  8.37500000e-10  2.50000000e+00  1.37791011e-09 -2.51001997e-12 
 8.38500000e-10  8.38500000e-10  2.50000000e+00  1.37791011e-09 -2.50998180e-12 
 8.39500000e-10  8.39500000e-10  2.50000000e+00  1.37791011e-09 -2.51001997e-12 
 8.40500000e-10  8.40500000e-10  2.50000000e+00  1.37791011e-09 -2.50998180e-12 
 8.41500000e-10  8.41500000e-10  2.50000000e+00  1.37791011e-09 -2.51001997e-12 
 8.42500000e-10  8.42500000e-10  2.50000000e+00  1.37791011e-09 -2.50998180e-12 
 8.43500000e-10  8.43500000e-10  2.50000000e+00  1.37791011e-09 -2.51001997e-12 
 8.44500000e-10  8.44500000e-10  2.50000000e+00  1.37791011e-09 -2.50998180e-12 
 8.45500000e-10  8.45500000e-10  2.50000000e+00  1.37791011e-09 -2.51001997e-12 
 8.46500000e-10  8.46500000e-10  2.50000000e+00  1.37791011e-09 -2.50998180e-12 
 8.47500000e-10  8.47500000e-10  2.50000000e+00  1.37791011e-09 -2.51001997e-12 
 8.48500000e-10  8.48500000e-10  2.50000000e+00  1.37791011e-09 -2.50998180e-12 
 8.49500000e-10  8.49500000e-10  2.50000000e+00  1.37791011e-09 -2.51001997e-12 
 8.50500000e-10  8.50500000e-10  2.50000000e+00  1.37791011e-09 -2.50998180e-12 
 8.51500000e-10  8.51500000e-10  2.50000000e+00  1.37791011e-09 -2.51001997e-12 
 8.52500000e-10  8.52500000e-10  2.50000000e+00  1.37791011e-09 -2.50998180e-12 
 8.53500000e-10  8.53500000e-10  2.50000000e+00  1.37791011e-09 -2.51001997e-12 
 8.54500000e-10  8.54500000e-10  2.50000000e+00  1.37791011e-09 -2.50998180e-12 
 8.55500000e-10  8.55500000e-10  2.50000000e+00  1.37791011e-09 -2.51001997e-12 
 8.56500000e-10  8.56500000e-10  2.50000000e+00  1.37791011e-09 -2.50998180e-12 
 8.57500000e-10  8.57500000e-10  2.50000000e+00  1.37791011e-09 -2.51001997e-12 
 8.58500000e-10  8.58500000e-10  2.50000000e+00  1.37791011e-09 -2.50998180e-12 
 8.59500000e-10  8.59500000e-10  2.50000000e+00  1.37791011e-09 -2.51001997e-12 
 8.60500000e-10  8.60500000e-10  2.50000000e+00  1.37791011e-09 -2.50998180e-12 
 8.61500000e-10  8.61500000e-10  2.50000000e+00  1.37791011e-09 -2.51001997e-12 
 8.62500000e-10  8.62500000e-10  2.50000000e+00  1.37791011e-09 -2.50998180e-12 
 8.63500000e-10  8.63500000e-10  2.50000000e+00  1.37791011e-09 -2.51001997e-12 
 8.64500000e-10  8.64500000e-10  2.50000000e+00  1.37791011e-09 -2.50998180e-12 
 8.65500000e-10  8.65500000e-10  2.50000000e+00  1.37791011e-09 -2.51001997e-12 
 8.66500000e-10  8.66500000e-10  2.50000000e+00  1.37791011e-09 -2.50998180e-12 
 8.67500000e-10  8.67500000e-10  2.50000000e+00  1.37791011e-09 -2.51001997e-12 
 8.68500000e-10  8.68500000e-10  2.50000000e+00  1.37791011e-09 -2.50998180e-12 
 8.69500000e-10  8.69500000e-10  2.50000000e+00  1.37791011e-09 -2.51001997e-12 
 8.70500000e-10  8.70500000e-10  2.50000000e+00  1.37791011e-09 -2.50998180e-12 
 8.71500000e-10  8.71500000e-10  2.50000000e+00  1.37791011e-09 -2.51001997e-12 
 8.72500000e-10  8.72500000e-10  2.50000000e+00  1.37791011e-09 -2.50998180e-12 
 8.73500000e-10  8.73500000e-10  2.50000000e+00  1.37791011e-09 -2.51001997e-12 
 8.74500000e-10  8.74500000e-10  2.50000000e+00  1.37791011e-09 -2.50998180e-12 
 8.75500000e-10  8.75500000e-10  2.50000000e+00  1.37791011e-09 -2.51001997e-12 
 8.76500000e-10  8.76500000e-10  2.50000000e+00  1.37791011e-09 -2.50998180e-12 
 8.77500000e-10  8.77500000e-10  2.50000000e+00  1.37791011e-09 -2.51001997e-12 
 8.78500000e-10  8.78500000e-10  2.50000000e+00  1.37791011e-09 -2.50998180e-12 
 8.79500000e-10  8.79500000e-10  2.50000000e+00  1.37791011e-09 -2.51001997e-12 
 8.80500000e-10  8.80500000e-10  2.50000000e+00  1.37791011e-09 -2.50998180e-12 
 8.81500000e-10  8.81500000e-10  2.50000000e+00  1.37791011e-09 -2.51001997e-12 
 8.82500000e-10  8.82500000e-10  2.50000000e+00  1.37791011e-09 -2.50998180e-12 
 8.83500000e-10  8.83500000e-10  2.50000000e+00  1.37791011e-09 -2.51001997e-12 
 8.84500000e-10  8.84500000e-10  2.50000000e+00  1.37791011e-09 -2.50998180e-12 
 8.85500000e-10  8.85500000e-10  2.50000000e+00  1.37791011e-09 -2.51001997e-12 
 8.86500000e-10  8.86500000e-10  2.50000000e+00  1.37791011e-09 -2.50998180e-12 
 8.87500000e-10  8.87500000e-10  2.50000000e+00  1.37791011e-09 -2.51001997e-12 
 8.88500000e-10  8.88500000e-10  2.50000000e+00  1.37791011e-09 -2.50998180e-12 
 8.89500000e-10  8.89500000e-10  2.50000000e+00  1.37791011e-09 -2.51001997e-12 
 8.90500000e-10  8.90500000e-10  2.50000000e+00  1.37791011e-09 -2.50998180e-12 
 8.91500000e-10  8.91500000e-10  2.50000000e+00  1.37791011e-09 -2.51001997e-12 
 8.92500000e-10  8.92500000e-10  2.50000000e+00  1.37791011e-09 -2.50998180e-12 
 8.93500000e-10  8.93500000e-10  2.50000000e+00  1.37791011e-09 -2.51001997e-12 
 8.94500000e-10  8.94500000e-10  2.50000000e+00  1.37791011e-09 -2.50998180e-12 
 8.95500000e-10  8.95500000e-10  2.50000000e+00  1.37791011e-09 -2.51001997e-12 
 8.96500000e-10  8.96500000e-10  2.50000000e+00  1.37791011e-09 -2.50998180e-12 
 8.97500000e-10  8.97500000e-10  2.50000000e+00  1.37791011e-09 -2.51001997e-12 
 8.98500000e-10  8.98500000e-10  2.50000000e+00  1.37791011e-09 -2.50998180e-12 
 8.99500000e-10  8.99500000e-10  2.50000000e+00  1.37791011e-09 -2.51001997e-12 
 9.00500000e-10  9.00500000e-10  2.50000000e+00  1.37791011e-09 -2.50998180e-12 
 9.01500000e-10  9.01500000e-10  2.50000000e+00  1.37791011e-09 -2.51001997e-12 
 9.02500000e-10  9.02500000e-10  2.50000000e+00  1.37791011e-09 -2.50998180e-12 
 9.03500000e-10  9.03500000e-10  2.50000000e+00  1.37791011e-09 -2.51001997e-12 
 9.04500000e-10  9.04500000e-10  2.50000000e+00  1.37791011e-09 -2.50998180e-12 
 9.05500000e-10  9.05500000e-10  2.50000000e+00  1.37791011e-09 -2.51001997e-12 
 9.06500000e-10  9.06500000e-10  2.50000000e+00  1.37791011e-09 -2.50998180e-12 
 9.07500000e-10  9.07500000e-10  2.50000000e+00  1.37791011e-09 -2.51001997e-12 
 9.08500000e-10  9.08500000e-10  2.50000000e+00  1.37791011e-09 -2.50998180e-12 
 9.09500000e-10  9.09500000e-10  2.50000000e+00  1.37791011e-09 -2.51001997e-12 
 9.10500000e-10  9.10500000e-10  2.50000000e+00  1.37791011e-09 -2.50998180e-12 
 9.11500000e-10  9.11500000e-10  2.50000000e+00  1.37791011e-09 -2.51001997e-12 
 9.12500000e-10  9.12500000e-10  2.50000000e+00  1.37791011e-09 -2.50998180e-12 
 9.13500000e-10  9.13500000e-10  2.50000000e+00  1.37791011e-09 -2.51001997e-12 
 9.14500000e-10  9.14500000e-10  2.50000000e+00  1.37791011e-09 -2.50998180e-12 
 9.15500000e-10  9.15500000e-10  2.50000000e+00  1.37791011e-09 -2.51001997e-12 
 9.16500000e-10  9.16500000e-10  2.50000000e+00  1.37791011e-09 -2.50998180e-12 
 9.17500000e-10  9.17500000e-10  2.50000000e+00  1.37791011e-09 -2.51001997e-12 
 9.18500000e-10  9.18500000e-10  2.50000000e+00  1.37791011e-09 -2.50998180e-12 
 9.19500000e-10  9.19500000e-10  2.50000000e+00  1.37791011e-09 -2.51001997e-12 
 9.20500000e-10  9.20500000e-10  2.50000000e+00  1.37791011e-09 -2.50998180e-12 
 9.21500000e-10  9.21500000e-10  2.50000000e+00  1.37791011e-09 -2.51001997e-12 
 9.22500000e-10  9.22500000e-10  2.50000000e+00  1.37791011e-09 -2.50998180e-12 
 9.23500000e-10  9.23500000e-10  2.50000000e+00  1.37791011e-09 -2.51001997e-12 
 9.24500000e-10  9.24500000e-10  2.50000000e+00  1.37791011e-09 -2.50998180e-12 
 9.25500000e-10  9.25500000e-10  2.50000000e+00  1.37791011e-09 -2.51001997e-12 
 9.26500000e-10  9.26500000e-10  2.50000000e+00  1.37791011e-09 -2.50998180e-12 
 9.27500000e-10  9.27500000e-10  2.50000000e+00  1.37791011e-09 -2.51001997e-12 
 9.28500000e-10  9.28500000e-10  2.50000000e+00  1.37791011e-09 -2.50998180e-12 
 9.29500000e-10  9.29500000e-10  2.50000000e+00  1.37791011e-09 -2.51001997e-12 
 9.30500000e-10  9.30500000e-10  2.50000000e+00  1.37791011e-09 -2.50998180e-12 
 9.31500000e-10  9.31500000e-10  2.50000000e+00  1.37791011e-09 -2.51001997e-12 
 9.32500000e-10  9.32500000e-10  2.50000000e+00  1.37791011e-09 -2.50998180e-12 
 9.33500000e-10  9.33500000e-10  2.50000000e+00  1.37791011e-09 -2.51001997e-12 
 9.34500000e-10  9.34500000e-10  2.50000000e+00  1.37791011e-09 -2.50998180e-12 
 9.35500000e-10  9.35500000e-10  2.50000000e+00  1.37791011e-09 -2.51001997e-12 
 9.36500000e-10  9.36500000e-10  2.50000000e+00  1.37791011e-09 -2.50998180e-12 
 9.37500000e-10  9.37500000e-10  2.50000000e+00  1.37791011e-09 -2.51001997e-12 
 9.38500000e-10  9.38500000e-10  2.50000000e+00  1.37791011e-09 -2.50998180e-12 
 9.39500000e-10  9.39500000e-10  2.50000000e+00  1.37791011e-09 -2.51001997e-12 
 9.40500000e-10  9.40500000e-10  2.50000000e+00  1.37791011e-09 -2.50998180e-12 
 9.41500000e-10  9.41500000e-10  2.50000000e+00  1.37791011e-09 -2.51001997e-12 
 9.42500000e-10  9.42500000e-10  2.50000000e+00  1.37791011e-09 -2.50998180e-12 
 9.43500000e-10  9.43500000e-10  2.50000000e+00  1.37791011e-09 -2.51001997e-12 
 9.44500000e-10  9.44500000e-10  2.50000000e+00  1.37791011e-09 -2.50998180e-12 
 9.45500000e-10  9.45500000e-10  2.50000000e+00  1.37791011e-09 -2.51001997e-12 
 9.46500000e-10  9.46500000e-10  2.50000000e+00  1.37791011e-09 -2.50998180e-12 
 9.47500000e-10  9.47500000e-10  2.50000000e+00  1.37791011e-09 -2.51001997e-12 
 9.48500000e-10  9.48500000e-10  2.50000000e+00  1.37791011e-09 -2.50998180e-12 
 9.49500000e-10  9.49500000e-10  2.50000000e+00  1.37791011e-09 -2.51001997e-12 
 9.50500000e-10  9.50500000e-10  2.50000000e+00  1.37791011e-09 -2.50998180e-12 
 9.51500000e-10  9.51500000e-10  2.50000000e+00  1.37791011e-09 -2.51001997e-12 
 9.52500000e-10  9.52500000e-10  2.50000000e+00  1.37791011e-09 -2.50998180e-12 
 9.53500000e-10  9.53500000e-10  2.50000000e+00  1.37791011e-09 -2.51001997e-12 
 9.54500000e-10  9.54500000e-10  2.50000000e+00  1.37791011e-09 -2.50998180e-12 
 9.55500000e-10  9.55500000e-10  2.50000000e+00  1.37791011e-09 -2.51001997e-12 
 9.56500000e-10  9.56500000e-10  2.50000000e+00  1.37791011e-09 -2.50998180e-12 
 9.57500000e-10  9.57500000e-10  2.50000000e+00  1.37791011e-09 -2.51001997e-12 
 9.58500000e-10  9.58500000e-10  2.50000000e+00  1.37791011e-09 -2.50998180e-12 
 9.59500000e-10  9.59500000e-10  2.50000000e+00  1.37791011e-09 -2.51001997e-12 
 9.60500000e-10  9.60500000e-10  2.50000000e+00  1.37791011e-09 -2.50998180e-12 
 9.61500000e-10  9.61500000e-10  2.50000000e+00  1.37791011e-09 -2.51001997e-12 
 9.62500000e-10  9.62500000e-10  2.50000000e+00  1.37791011e-09 -2.50998180e-12 
 9.63500000e-10  9.63500000e-10  2.50000000e+00  1.37791011e-09 -2.51001997e-12 
 9.64500000e-10  9.64500000e-10  2.50000000e+00  1.37791011e-09 -2.50998180e-12 
 9.65500000e-10  9.65500000e-10  2.50000000e+00  1.37791011e-09 -2.51001997e-12 
 9.66500000e-10  9.66500000e-10  2.50000000e+00  1.37791011e-09 -2.50998180e-12 
 9.67500000e-10  9.67500000e-10  2.50000000e+00  1.37791011e-09 -2.51001997e-12 
 9.68500000e-10  9.68500000e-10  2.50000000e+00  1.37791011e-09 -2.50998180e-12 
 9.69500000e-10  9.69500000e-10  2.50000000e+00  1.37791011e-09 -2.51001997e-12 
 9.70500000e-10  9.70500000e-10  2.50000000e+00  1.37791011e-09 -2.50998180e-12 
 9.71500000e-10  9.71500000e-10  2.50000000e+00  1.37791011e-09 -2.51001997e-12 
 9.72500000e-10  9.72500000e-10  2.50000000e+00  1.37791011e-09 -2.50998180e-12 
 9.73500000e-10  9.73500000e-10  2.50000000e+00  1.37791011e-09 -2.51001997e-12 
 9.74500000e-10  9.74500000e-10  2.50000000e+00  1.37791011e-09 -2.50998180e-12 
 9.75500000e-10  9.75500000e-10  2.50000000e+00  1.37791011e-09 -2.51001997e-12 
 9.76500000e-10  9.76500000e-10  2.50000000e+00  1.37791011e-09 -2.50998180e-12 
 9.77500000e-10  9.77500000e-10  2.50000000e+00  1.37791011e-09 -2.51001997e-12 
 9.78500000e-10  9.78500000e-10  2.50000000e+00  1.37791011e-09 -2.50998180e-12 
 9.79500000e-10  9.79500000e-10  2.50000000e+00  1.37791011e-09 -2.51001997e-12 
 9.80500000e-10  9.80500000e-10  2.50000000e+00  1.37791011e-09 -2.50998180e-12 
 9.81500000e-10  9.81500000e-10  2.50000000e+00  1.37791011e-09 -2.51001997e-12 
 9.82500000e-10  9.82500000e-10  2.50000000e+00  1.37791011e-09 -2.50998180e-12 
 9.83500000e-10  9.83500000e-10  2.50000000e+00  1.37791011e-09 -2.51001997e-12 
 9.84500000e-10  9.84500000e-10  2.50000000e+00  1.37791011e-09 -2.50998180e-12 
 9.85500000e-10  9.85500000e-10  2.50000000e+00  1.37791011e-09 -2.51001997e-12 
 9.86500000e-10  9.86500000e-10  2.50000000e+00  1.37791011e-09 -2.50998180e-12 
 9.87500000e-10  9.87500000e-10  2.50000000e+00  1.37791011e-09 -2.51001997e-12 
 9.88500000e-10  9.88500000e-10  2.50000000e+00  1.37791011e-09 -2.50998180e-12 
 9.89500000e-10  9.89500000e-10  2.50000000e+00  1.37791011e-09 -2.51001997e-12 
 9.90500000e-10  9.90500000e-10  2.50000000e+00  1.37791011e-09 -2.50998180e-12 
 9.91500000e-10  9.91500000e-10  2.50000000e+00  1.37791011e-09 -2.51001997e-12 
 9.92500000e-10  9.92500000e-10  2.50000000e+00  1.37791011e-09 -2.50998180e-12 
 9.93500000e-10  9.93500000e-10  2.50000000e+00  1.37791011e-09 -2.51001997e-12 
 9.94500000e-10  9.94500000e-10  2.50000000e+00  1.37791011e-09 -2.50998180e-12 
 9.95500000e-10  9.95500000e-10  2.50000000e+00  1.37791011e-09 -2.51001997e-12 
 9.96500000e-10  9.96500000e-10  2.50000000e+00  1.37791011e-09 -2.50998180e-12 
 9.97500000e-10  9.97500000e-10  2.50000000e+00  1.37791011e-09 -2.51001997e-12 
 9.98500000e-10  9.98500000e-10  2.50000000e+00  1.37791011e-09 -2.50998180e-12 
 9.99500000e-10  9.99500000e-10  2.50000000e+00  1.37791011e-09 -2.51001997e-12 
 1.00050000e-09  1.00050000e-09  2.50000000e+00  1.37791011e-09 -2.50998180e-12 
 1.00150000e-09  1.00150000e-09  2.50000000e+00  1.37791011e-09 -2.51001997e-12 
 1.00250000e-09  1.00250000e-09  2.50000000e+00  1.37791011e-09 -2.50998180e-12 
 1.00350000e-09  1.00350000e-09  2.50000000e+00  1.37791011e-09 -2.51001997e-12 
 1.00450000e-09  1.00450000e-09  2.50000000e+00  1.37791011e-09 -2.50998180e-12 
 1.00550000e-09  1.00550000e-09  2.50000000e+00  1.37791011e-09 -2.51001997e-12 
 1.00650000e-09  1.00650000e-09  2.50000000e+00  1.37791011e-09 -2.50998180e-12 
 1.00750000e-09  1.00750000e-09  2.50000000e+00  1.37791011e-09 -2.51001997e-12 
 1.00850000e-09  1.00850000e-09  2.50000000e+00  1.37791011e-09 -2.50998180e-12 
 1.00950000e-09  1.00950000e-09  2.50000000e+00  1.37791011e-09 -2.51001997e-12 
 1.01050000e-09  1.01050000e-09  2.50000000e+00  1.37791011e-09 -2.50998180e-12 
 1.01150000e-09  1.01150000e-09  2.50000000e+00  1.37791011e-09 -2.51001997e-12 
 1.01250000e-09  1.01250000e-09  2.50000000e+00  1.37791011e-09 -2.50998180e-12 
 1.01350000e-09  1.01350000e-09  2.50000000e+00  1.37791011e-09 -2.51001997e-12 
 1.01450000e-09  1.01450000e-09  2.50000000e+00  1.37791011e-09 -2.50998180e-12 
 1.01550000e-09  1.01550000e-09  2.50000000e+00  1.37791011e-09 -2.51001997e-12 
 1.01650000e-09  1.01650000e-09  2.50000000e+00  1.37791011e-09 -2.50998180e-12 
 1.01750000e-09  1.01750000e-09  2.50000000e+00  1.37791011e-09 -2.51001997e-12 
 1.01850000e-09  1.01850000e-09  2.50000000e+00  1.37791011e-09 -2.50998180e-12 
 1.01950000e-09  1.01950000e-09  2.50000000e+00  1.37791011e-09 -2.51001997e-12 
 1.02050000e-09  1.02050000e-09  2.50000000e+00  1.37791011e-09 -2.50998180e-12 
 1.02150000e-09  1.02150000e-09  2.50000000e+00  1.37791011e-09 -2.51001997e-12 
 1.02250000e-09  1.02250000e-09  2.50000000e+00  1.37791011e-09 -2.50998180e-12 
 1.02350000e-09  1.02350000e-09  2.50000000e+00  1.37791011e-09 -2.51001997e-12 
 1.02450000e-09  1.02450000e-09  2.50000000e+00  1.37791011e-09 -2.50998180e-12 
 1.02550000e-09  1.02550000e-09  2.50000000e+00  1.37791011e-09 -2.51001997e-12 
 1.02650000e-09  1.02650000e-09  2.50000000e+00  1.37791011e-09 -2.50998180e-12 
 1.02750000e-09  1.02750000e-09  2.50000000e+00  1.37791011e-09 -2.51001997e-12 
 1.02850000e-09  1.02850000e-09  2.50000000e+00  1.37791011e-09 -2.50998180e-12 
 1.02950000e-09  1.02950000e-09  2.50000000e+00  1.37791011e-09 -2.51001997e-12 
 1.03050000e-09  1.03050000e-09  2.50000000e+00  1.37791011e-09 -2.50998180e-12 
 1.03150000e-09  1.03150000e-09  2.50000000e+00  1.37791011e-09 -2.51001997e-12 
 1.03250000e-09  1.03250000e-09  2.50000000e+00  1.37791011e-09 -2.50998180e-12 
 1.03350000e-09  1.03350000e-09  2.50000000e+00  1.37791011e-09 -2.51001997e-12 
 1.03450000e-09  1.03450000e-09  2.50000000e+00  1.37791011e-09 -2.50998180e-12 
 1.03550000e-09  1.03550000e-09  2.50000000e+00  1.37791011e-09 -2.51001997e-12 
 1.03650000e-09  1.03650000e-09  2.50000000e+00  1.37791011e-09 -2.50998180e-12 
 1.03750000e-09  1.03750000e-09  2.50000000e+00  1.37791011e-09 -2.51001997e-12 
 1.03850000e-09  1.03850000e-09  2.50000000e+00  1.37791011e-09 -2.50998180e-12 
 1.03950000e-09  1.03950000e-09  2.50000000e+00  1.37791011e-09 -2.51001997e-12 
 1.04050000e-09  1.04050000e-09  2.50000000e+00  1.37791011e-09 -2.50998180e-12 
 1.04150000e-09  1.04150000e-09  2.50000000e+00  1.37791011e-09 -2.51001997e-12 
 1.04250000e-09  1.04250000e-09  2.50000000e+00  1.37791011e-09 -2.50998180e-12 
 1.04350000e-09  1.04350000e-09  2.50000000e+00  1.37791011e-09 -2.51001997e-12 
 1.04450000e-09  1.04450000e-09  2.50000000e+00  1.37791011e-09 -2.50998180e-12 
 1.04550000e-09  1.04550000e-09  2.50000000e+00  1.37791011e-09 -2.51001997e-12 
 1.04650000e-09  1.04650000e-09  2.50000000e+00  1.37791011e-09 -2.50998180e-12 
 1.04750000e-09  1.04750000e-09  2.50000000e+00  1.37791011e-09 -2.51001997e-12 
 1.04850000e-09  1.04850000e-09  2.50000000e+00  1.37791011e-09 -2.50998180e-12 
 1.04950000e-09  1.04950000e-09  2.50000000e+00  1.37791011e-09 -2.51001997e-12 
 1.05050000e-09  1.05050000e-09  2.50000000e+00  1.37791011e-09 -2.50998180e-12 
 1.05150000e-09  1.05150000e-09  2.50000000e+00  1.37791011e-09 -2.51001997e-12 
 1.05250000e-09  1.05250000e-09  2.50000000e+00  1.37791011e-09 -2.50998180e-12 
 1.05350000e-09  1.05350000e-09  2.50000000e+00  1.37791011e-09 -2.51001997e-12 
 1.05450000e-09  1.05450000e-09  2.50000000e+00  1.37791011e-09 -2.50998180e-12 
 1.05550000e-09  1.05550000e-09  2.50000000e+00  1.37791011e-09 -2.51001997e-12 
 1.05650000e-09  1.05650000e-09  2.50000000e+00  1.37791011e-09 -2.50998180e-12 
 1.05750000e-09  1.05750000e-09  2.50000000e+00  1.37791011e-09 -2.51001997e-12 
 1.05850000e-09  1.05850000e-09  2.50000000e+00  1.37791011e-09 -2.50998180e-12 
 1.05950000e-09  1.05950000e-09  2.50000000e+00  1.37791011e-09 -2.51001997e-12 
 1.06050000e-09  1.06050000e-09  2.50000000e+00  1.37791011e-09 -2.50998180e-12 
 1.06150000e-09  1.06150000e-09  2.50000000e+00  1.37791011e-09 -2.51001997e-12 
 1.06250000e-09  1.06250000e-09  2.50000000e+00  1.37791011e-09 -2.50998180e-12 
 1.06350000e-09  1.06350000e-09  2.50000000e+00  1.37791011e-09 -2.51001997e-12 
 1.06450000e-09  1.06450000e-09  2.50000000e+00  1.37791011e-09 -2.50998180e-12 
 1.06550000e-09  1.06550000e-09  2.50000000e+00  1.37791011e-09 -2.51001997e-12 
 1.06650000e-09  1.06650000e-09  2.50000000e+00  1.37791011e-09 -2.50998180e-12 
 1.06750000e-09  1.06750000e-09  2.50000000e+00  1.37791011e-09 -2.51001997e-12 
 1.06850000e-09  1.06850000e-09  2.50000000e+00  1.37791011e-09 -2.50998180e-12 
 1.06950000e-09  1.06950000e-09  2.50000000e+00  1.37791011e-09 -2.51001997e-12 
 1.07050000e-09  1.07050000e-09  2.50000000e+00  1.37791011e-09 -2.50998180e-12 
 1.07150000e-09  1.07150000e-09  2.50000000e+00  1.37791011e-09 -2.51001997e-12 
 1.07250000e-09  1.07250000e-09  2.50000000e+00  1.37791011e-09 -2.50998180e-12 
 1.07350000e-09  1.07350000e-09  2.50000000e+00  1.37791011e-09 -2.51001997e-12 
 1.07450000e-09  1.07450000e-09  2.50000000e+00  1.37791011e-09 -2.50998180e-12 
 1.07550000e-09  1.07550000e-09  2.50000000e+00  1.37791011e-09 -2.51001997e-12 
 1.07650000e-09  1.07650000e-09  2.50000000e+00  1.37791011e-09 -2.50998180e-12 
 1.07750000e-09  1.07750000e-09  2.50000000e+00  1.37791011e-09 -2.51001997e-12 
 1.07850000e-09  1.07850000e-09  2.50000000e+00  1.37791011e-09 -2.50998180e-12 
 1.07950000e-09  1.07950000e-09  2.50000000e+00  1.37791011e-09 -2.51001997e-12 
 1.08050000e-09  1.08050000e-09  2.50000000e+00  1.37791011e-09 -2.50998180e-12 
 1.08150000e-09  1.08150000e-09  2.50000000e+00  1.37791011e-09 -2.51001997e-12 
 1.08250000e-09  1.08250000e-09  2.50000000e+00  1.37791011e-09 -2.50998180e-12 
 1.08350000e-09  1.08350000e-09  2.50000000e+00  1.37791011e-09 -2.51001997e-12 
 1.08450000e-09  1.08450000e-09  2.50000000e+00  1.37791011e-09 -2.50998180e-12 
 1.08550000e-09  1.08550000e-09  2.50000000e+00  1.37791011e-09 -2.51001997e-12 
 1.08650000e-09  1.08650000e-09  2.50000000e+00  1.37791011e-09 -2.50998180e-12 
 1.08750000e-09  1.08750000e-09  2.50000000e+00  1.37791011e-09 -2.51001997e-12 
 1.08850000e-09  1.08850000e-09  2.50000000e+00  1.37791011e-09 -2.50998180e-12 
 1.08950000e-09  1.08950000e-09  2.50000000e+00  1.37791011e-09 -2.51001997e-12 
 1.09050000e-09  1.09050000e-09  2.50000000e+00  1.37791011e-09 -2.50998180e-12 
 1.09150000e-09  1.09150000e-09  2.50000000e+00  1.37791011e-09 -2.51001997e-12 
 1.09250000e-09  1.09250000e-09  2.50000000e+00  1.37791011e-09 -2.50998180e-12 
 1.09350000e-09  1.09350000e-09  2.50000000e+00  1.37791011e-09 -2.51001997e-12 
 1.09450000e-09  1.09450000e-09  2.50000000e+00  1.37791011e-09 -2.50998180e-12 
 1.09550000e-09  1.09550000e-09  2.50000000e+00  1.37791011e-09 -2.51001997e-12 
 1.09650000e-09  1.09650000e-09  2.50000000e+00  1.37791011e-09 -2.50998180e-12 
 1.09750000e-09  1.09750000e-09  2.50000000e+00  1.37791011e-09 -2.51001997e-12 
 1.09850000e-09  1.09850000e-09  2.50000000e+00  1.37791011e-09 -2.50998180e-12 
 1.09950000e-09  1.09950000e-09  2.50000000e+00  1.37791011e-09 -2.51001997e-12 
 1.10050000e-09  1.10050000e-09  2.50000000e+00  1.37791011e-09 -2.50998180e-12 
 1.10150000e-09  1.10150000e-09  2.50000000e+00  1.37791011e-09 -2.51001997e-12 
 1.10250000e-09  1.10250000e-09  2.50000000e+00  1.37791011e-09 -2.50998180e-12 
 1.10350000e-09  1.10350000e-09  2.50000000e+00  1.37791011e-09 -2.51001997e-12 
 1.10450000e-09  1.10450000e-09  2.50000000e+00  1.37791011e-09 -2.50998180e-12 
 1.10550000e-09  1.10550000e-09  2.50000000e+00  1.37791011e-09 -2.51001997e-12 
 1.10650000e-09  1.10650000e-09  2.50000000e+00  1.37791011e-09 -2.50998180e-12 
 1.10750000e-09  1.10750000e-09  2.50000000e+00  1.37791011e-09 -2.51001997e-12 
 1.10850000e-09  1.10850000e-09  2.50000000e+00  1.37791011e-09 -2.50998180e-12 
 1.10950000e-09  1.10950000e-09  2.50000000e+00  1.37791011e-09 -2.51001997e-12 
 1.11050000e-09  1.11050000e-09  2.50000000e+00  1.37791011e-09 -2.50998180e-12 
 1.11150000e-09  1.11150000e-09  2.50000000e+00  1.37791011e-09 -2.51001997e-12 
 1.11250000e-09  1.11250000e-09  2.50000000e+00  1.37791011e-09 -2.50998180e-12 
 1.11350000e-09  1.11350000e-09  2.50000000e+00  1.37791011e-09 -2.51001997e-12 
 1.11450000e-09  1.11450000e-09  2.50000000e+00  1.37791011e-09 -2.50998180e-12 
 1.11550000e-09  1.11550000e-09  2.50000000e+00  1.37791011e-09 -2.51001997e-12 
 1.11650000e-09  1.11650000e-09  2.50000000e+00  1.37791011e-09 -2.50998180e-12 
 1.11750000e-09  1.11750000e-09  2.50000000e+00  1.37791011e-09 -2.51001997e-12 
 1.11850000e-09  1.11850000e-09  2.50000000e+00  1.37791011e-09 -2.50998180e-12 
 1.11950000e-09  1.11950000e-09  2.50000000e+00  1.37791011e-09 -2.51001997e-12 
 1.12050000e-09  1.12050000e-09  2.50000000e+00  1.37791011e-09 -2.50998180e-12 
 1.12150000e-09  1.12150000e-09  2.50000000e+00  1.37791011e-09 -2.51001997e-12 
 1.12250000e-09  1.12250000e-09  2.50000000e+00  1.37791011e-09 -2.50998180e-12 
 1.12350000e-09  1.12350000e-09  2.50000000e+00  1.37791011e-09 -2.51001997e-12 
 1.12450000e-09  1.12450000e-09  2.50000000e+00  1.37791011e-09 -2.50998180e-12 
 1.12550000e-09  1.12550000e-09  2.50000000e+00  1.37791011e-09 -2.51001997e-12 
 1.12650000e-09  1.12650000e-09  2.50000000e+00  1.37791011e-09 -2.50998180e-12 
 1.12750000e-09  1.12750000e-09  2.50000000e+00  1.37791011e-09 -2.51001997e-12 
 1.12850000e-09  1.12850000e-09  2.50000000e+00  1.37791011e-09 -2.50998180e-12 
 1.12950000e-09  1.12950000e-09  2.50000000e+00  1.37791011e-09 -2.51001997e-12 
 1.13050000e-09  1.13050000e-09  2.50000000e+00  1.37791011e-09 -2.50998180e-12 
 1.13150000e-09  1.13150000e-09  2.50000000e+00  1.37791011e-09 -2.51001997e-12 
 1.13250000e-09  1.13250000e-09  2.50000000e+00  1.37791011e-09 -2.50998180e-12 
 1.13350000e-09  1.13350000e-09  2.50000000e+00  1.37791011e-09 -2.51001997e-12 
 1.13450000e-09  1.13450000e-09  2.50000000e+00  1.37791011e-09 -2.50998180e-12 
 1.13550000e-09  1.13550000e-09  2.50000000e+00  1.37791011e-09 -2.51001997e-12 
 1.13650000e-09  1.13650000e-09  2.50000000e+00  1.37791011e-09 -2.50998180e-12 
 1.13750000e-09  1.13750000e-09  2.50000000e+00  1.37791011e-09 -2.51001997e-12 
 1.13850000e-09  1.13850000e-09  2.50000000e+00  1.37791011e-09 -2.50998180e-12 
 1.13950000e-09  1.13950000e-09  2.50000000e+00  1.37791011e-09 -2.51001997e-12 
 1.14050000e-09  1.14050000e-09  2.50000000e+00  1.37791011e-09 -2.50998180e-12 
 1.14150000e-09  1.14150000e-09  2.50000000e+00  1.37791011e-09 -2.51001997e-12 
 1.14250000e-09  1.14250000e-09  2.50000000e+00  1.37791011e-09 -2.50998180e-12 
 1.14350000e-09  1.14350000e-09  2.50000000e+00  1.37791011e-09 -2.51001997e-12 
 1.14450000e-09  1.14450000e-09  2.50000000e+00  1.37791011e-09 -2.50998180e-12 
 1.14550000e-09  1.14550000e-09  2.50000000e+00  1.37791011e-09 -2.51001997e-12 
 1.14650000e-09  1.14650000e-09  2.50000000e+00  1.37791011e-09 -2.50998180e-12 
 1.14750000e-09  1.14750000e-09  2.50000000e+00  1.37791011e-09 -2.51001997e-12 
 1.14850000e-09  1.14850000e-09  2.50000000e+00  1.37791011e-09 -2.50998180e-12 
 1.14950000e-09  1.14950000e-09  2.50000000e+00  1.37791011e-09 -2.51001997e-12 
 1.15050000e-09  1.15050000e-09  2.50000000e+00  1.37791011e-09 -2.50998180e-12 
 1.15150000e-09  1.15150000e-09  2.50000000e+00  1.37791011e-09 -2.51001997e-12 
 1.15250000e-09  1.15250000e-09  2.50000000e+00  1.37791011e-09 -2.50998180e-12 
 1.15350000e-09  1.15350000e-09  2.50000000e+00  1.37791011e-09 -2.51001997e-12 
 1.15450000e-09  1.15450000e-09  2.50000000e+00  1.37791011e-09 -2.50998180e-12 
 1.15550000e-09  1.15550000e-09  2.50000000e+00  1.37791011e-09 -2.51001997e-12 
 1.15650000e-09  1.15650000e-09  2.50000000e+00  1.37791011e-09 -2.50998180e-12 
 1.15750000e-09  1.15750000e-09  2.50000000e+00  1.37791011e-09 -2.51001997e-12 
 1.15850000e-09  1.15850000e-09  2.50000000e+00  1.37791011e-09 -2.50998180e-12 
 1.15950000e-09  1.15950000e-09  2.50000000e+00  1.37791011e-09 -2.51001997e-12 
 1.16050000e-09  1.16050000e-09  2.50000000e+00  1.37791011e-09 -2.50998180e-12 
 1.16150000e-09  1.16150000e-09  2.50000000e+00  1.37791011e-09 -2.51001997e-12 
 1.16250000e-09  1.16250000e-09  2.50000000e+00  1.37791011e-09 -2.50998180e-12 
 1.16350000e-09  1.16350000e-09  2.50000000e+00  1.37791011e-09 -2.51001997e-12 
 1.16450000e-09  1.16450000e-09  2.50000000e+00  1.37791011e-09 -2.50998180e-12 
 1.16550000e-09  1.16550000e-09  2.50000000e+00  1.37791011e-09 -2.51001997e-12 
 1.16650000e-09  1.16650000e-09  2.50000000e+00  1.37791011e-09 -2.50998180e-12 
 1.16750000e-09  1.16750000e-09  2.50000000e+00  1.37791011e-09 -2.51001997e-12 
 1.16850000e-09  1.16850000e-09  2.50000000e+00  1.37791011e-09 -2.50998180e-12 
 1.16950000e-09  1.16950000e-09  2.50000000e+00  1.37791011e-09 -2.51001997e-12 
 1.17050000e-09  1.17050000e-09  2.50000000e+00  1.37791011e-09 -2.50998180e-12 
 1.17150000e-09  1.17150000e-09  2.50000000e+00  1.37791011e-09 -2.51001997e-12 
 1.17250000e-09  1.17250000e-09  2.50000000e+00  1.37791011e-09 -2.50998180e-12 
 1.17350000e-09  1.17350000e-09  2.50000000e+00  1.37791011e-09 -2.51001997e-12 
 1.17450000e-09  1.17450000e-09  2.50000000e+00  1.37791011e-09 -2.50998180e-12 
 1.17550000e-09  1.17550000e-09  2.50000000e+00  1.37791011e-09 -2.51001997e-12 
 1.17650000e-09  1.17650000e-09  2.50000000e+00  1.37791011e-09 -2.50998180e-12 
 1.17750000e-09  1.17750000e-09  2.50000000e+00  1.37791011e-09 -2.51001997e-12 
 1.17850000e-09  1.17850000e-09  2.50000000e+00  1.37791011e-09 -2.50998180e-12 
 1.17950000e-09  1.17950000e-09  2.50000000e+00  1.37791011e-09 -2.51001997e-12 
 1.18050000e-09  1.18050000e-09  2.50000000e+00  1.37791011e-09 -2.50998180e-12 
 1.18150000e-09  1.18150000e-09  2.50000000e+00  1.37791011e-09 -2.51001997e-12 
 1.18250000e-09  1.18250000e-09  2.50000000e+00  1.37791011e-09 -2.50998180e-12 
 1.18350000e-09  1.18350000e-09  2.50000000e+00  1.37791011e-09 -2.51001997e-12 
 1.18450000e-09  1.18450000e-09  2.50000000e+00  1.37791011e-09 -2.50998180e-12 
 1.18550000e-09  1.18550000e-09  2.50000000e+00  1.37791011e-09 -2.51001997e-12 
 1.18650000e-09  1.18650000e-09  2.50000000e+00  1.37791011e-09 -2.50998180e-12 
 1.18750000e-09  1.18750000e-09  2.50000000e+00  1.37791011e-09 -2.51001997e-12 
 1.18850000e-09  1.18850000e-09  2.50000000e+00  1.37791011e-09 -2.50998180e-12 
 1.18950000e-09  1.18950000e-09  2.50000000e+00  1.37791011e-09 -2.51001997e-12 
 1.19050000e-09  1.19050000e-09  2.50000000e+00  1.37791011e-09 -2.50998180e-12 
 1.19150000e-09  1.19150000e-09  2.50000000e+00  1.37791011e-09 -2.51001997e-12 
 1.19250000e-09  1.19250000e-09  2.50000000e+00  1.37791011e-09 -2.50998180e-12 
 1.19350000e-09  1.19350000e-09  2.50000000e+00  1.37791011e-09 -2.51001997e-12 
 1.19450000e-09  1.19450000e-09  2.50000000e+00  1.37791011e-09 -2.50998180e-12 
 1.19550000e-09  1.19550000e-09  2.50000000e+00  1.37791011e-09 -2.51001997e-12 
 1.19650000e-09  1.19650000e-09  2.50000000e+00  1.37791011e-09 -2.50998180e-12 
 1.19750000e-09  1.19750000e-09  2.50000000e+00  1.37791011e-09 -2.51001997e-12 
 1.19850000e-09  1.19850000e-09  2.50000000e+00  1.37791011e-09 -2.50998180e-12 
 1.19925000e-09  1.19925000e-09  2.50000000e+00  1.37791009e-09 -2.51001997e-12 
 1.20000000e-09  1.20000000e-09  2.50000000e+00  1.37791003e-09 -2.50998180e-12 
 1.20010000e-09  1.20010000e-09  2.49750000e+00 -2.43292521e-04 -1.09197343e-04 
 1.20030000e-09  1.20030000e-09  2.49250000e+00 -7.25943457e-04 -1.07713571e-04 
 1.20070000e-09  1.20070000e-09  2.48250000e+00 -1.66808577e-03 -1.06229798e-04 
 1.20150000e-09  1.20150000e-09  2.46250000e+00 -3.46436244e-03 -1.01778480e-04 
 1.20250000e-09  1.20250000e-09  2.43750000e+00 -5.55611497e-03 -9.73271616e-05 
 1.20350000e-09  1.20350000e-09  2.41250000e+00 -7.49237682e-03 -9.18866616e-05 
 1.20450000e-09  1.20450000e-09  2.38750000e+00 -9.28849098e-03 -8.74353434e-05 
 1.20550000e-09  1.20550000e-09  2.36250000e+00 -1.09582855e-02 -8.39732070e-05 
 1.20650000e-09  1.20650000e-09  2.33750000e+00 -1.25142303e-02 -8.61164343e-05 
 1.20750000e-09  1.20750000e-09  2.31250000e+00 -1.39675777e-02 -8.72704798e-05 
 1.20850000e-09  1.20850000e-09  2.28750000e+00 -1.53284886e-02 -8.94137070e-05 
 1.20950000e-09  1.20950000e-09  2.26250000e+00 -1.66061450e-02 -9.05677525e-05 
 1.21050000e-09  1.21050000e-09  2.23750000e+00 -1.78088510e-02 -9.27109798e-05 
 1.21150000e-09  1.21150000e-09  2.21250000e+00 -1.89441233e-02 -9.38650252e-05 
 1.21250000e-09  1.21250000e-09  2.18750000e+00 -2.00187725e-02 -9.60082525e-05 
 1.21350000e-09  1.21350000e-09  2.16250000e+00 -2.10389750e-02 -9.71622979e-05 
 1.21450000e-09  1.21450000e-09  2.13750000e+00 -2.20103385e-02 -9.93055252e-05 
 1.21550000e-09  1.21550000e-09  2.11250000e+00 -2.29379601e-02 -1.00459571e-04 
 1.21650000e-09  1.21650000e-09  2.08750000e+00 -2.38264785e-02 -1.02602798e-04 
 1.21750000e-09  1.21750000e-09  2.06250000e+00 -2.46794987e-02 -1.03290752e-04 
 1.21850000e-09  1.21850000e-09  2.03750000e+00 -2.54898578e-02 -1.04292017e-04 
 1.21950000e-09  1.21950000e-09  2.01250000e+00 -2.62375259e-02 -1.04937505e-04 
 1.22050000e-09  1.22050000e-09  1.98750000e+00 -2.69001783e-02 -1.07205639e-04 
 1.22150000e-09  1.22150000e-09  1.96250000e+00 -2.74566501e-02 -1.09118092e-04 
 1.22250000e-09  1.22250000e-09  1.93750000e+00 -2.78867840e-02 -1.12653231e-04 
 1.22350000e-09  1.22350000e-09  1.91250000e+00 -2.81712927e-02 -1.15832664e-04 
 1.22450000e-09  1.22450000e-09  1.88750000e+00 -2.82916307e-02 -1.20634682e-04 
 1.22550000e-09  1.22550000e-09  1.86250000e+00 -2.82298770e-02 -1.25080803e-04 
 1.22650000e-09  1.22650000e-09  1.83750000e+00 -2.79686246e-02 -1.31149220e-04 
 1.22750000e-09  1.22750000e-09  1.81250000e+00 -2.74908780e-02 -1.36861337e-04 
 1.22850000e-09  1.22850000e-09  1.78750000e+00 -2.67799560e-02 -1.44195228e-04 
 1.22950000e-09  1.22950000e-09  1.76250000e+00 -2.58193988e-02 -1.51172168e-04 
 1.23050000e-09  1.23050000e-09  1.73750000e+00 -2.45928799e-02 -1.59770085e-04 
 1.23150000e-09  1.23150000e-09  1.71250000e+00 -2.30841198e-02 -1.68010103e-04 
 1.23250000e-09  1.23250000e-09  1.68750000e+00 -2.12768029e-02 -1.77869987e-04 
 1.23350000e-09  1.23350000e-09  1.66250000e+00 -1.91544952e-02 -1.87370686e-04 
 1.23450000e-09  1.23450000e-09  1.63750000e+00 -1.67005621e-02 -1.98489778e-04 
 1.23550000e-09  1.23550000e-09  1.61250000e+00 -1.38980863e-02 -2.09248011e-04 
 1.23650000e-09  1.23650000e-09  1.58750000e+00 -1.07297852e-02 -2.21622752e-04 
 1.23750000e-09  1.23750000e-09  1.56250000e+00 -7.17792520e-03 -2.33634521e-04 
 1.23850000e-09  1.23850000e-09  1.53750000e+00 -3.22423385e-03 -2.47260442e-04 
 1.23950000e-09  1.23950000e-09  1.51250000e+00  1.15018061e-03 -2.60520777e-04 
 1.24050000e-09  1.24050000e-09  1.48750000e+00  5.96466879e-03 -2.75392376e-04 
 1.24150000e-09  1.24150000e-09  1.46250000e+00  1.12389785e-02 -2.89895213e-04 
 1.24250000e-09  1.24250000e-09  1.43750000e+00  1.69935239e-02 -3.06005829e-04 
 1.24350000e-09  1.24350000e-09  1.41250000e+00  2.32379206e-02 -3.21433350e-04 
 1.24450000e-09  1.24450000e-09  1.38750000e+00  2.99942706e-02 -3.38776066e-04 
 1.24550000e-09  1.24550000e-09  1.36250000e+00  3.72972876e-02 -3.55741788e-04 
 1.24650000e-09  1.24650000e-09  1.33750000e+00  4.51712242e-02 -3.74306300e-04 
 1.24750000e-09  1.24750000e-09  1.31250000e+00  5.36416235e-02 -3.92488451e-04 
 1.24850000e-09  1.24850000e-09  1.28750000e+00  6.27354453e-02 -4.12263573e-04 
 1.24950000e-09  1.24950000e-09  1.26250000e+00  7.24812194e-02 -4.31650015e-04 
 1.25050000e-09  1.25050000e-09  1.23750000e+00  8.29092158e-02 -4.52622575e-04 
 1.25150000e-09  1.25150000e-09  1.21250000e+00  9.40516381e-02 -4.73199023e-04 
 1.25250000e-09  1.25250000e-09  1.18750000e+00  1.05942843e-01 -4.95353527e-04 
 1.25350000e-09  1.25350000e-09  1.16250000e+00  1.18619595e-01 -5.17103176e-04 
 1.25450000e-09  1.25450000e-09  1.13750000e+00  1.32121358e-01 -5.40421394e-04 
 1.25550000e-09  1.25550000e-09  1.11250000e+00  1.46490645e-01 -5.63324456e-04 
 1.25650000e-09  1.25650000e-09  1.08750000e+00  1.61773435e-01 -5.87784893e-04 
 1.25750000e-09  1.25750000e-09  1.06250000e+00  1.78051289e-01 -6.12109388e-04 
 1.25850000e-09  1.25850000e-09  1.03750000e+00  1.95382542e-01 -6.37682482e-04 
 1.25950000e-09  1.25950000e-09  1.01250000e+00  2.13800547e-01 -6.62813120e-04 
 1.26050000e-09  1.26050000e-09  9.87500000e-01  2.33374806e-01 -6.89471196e-04 
 1.26150000e-09  1.26150000e-09  9.62500000e-01  2.54184139e-01 -7.15668957e-04 
 1.26250000e-09  1.26250000e-09  9.37500000e-01  2.76319675e-01 -7.43374264e-04 
 1.26350000e-09  1.26350000e-09  9.12500000e-01  2.99889693e-01 -7.70596851e-04 
 1.26450000e-09  1.26450000e-09  8.87500000e-01  3.25028084e-01 -7.99301301e-04 
 1.26550000e-09  1.26550000e-09  8.62500000e-01  3.51910632e-01 -8.27492729e-04 
 1.26650000e-09  1.26650000e-09  8.37500000e-01  3.80790277e-01 -8.57128441e-04 
 1.26750000e-09  1.26750000e-09  8.12500000e-01  4.11818050e-01 -8.86211258e-04 
 1.26850000e-09  1.26850000e-09  7.87500000e-01  4.44817259e-01 -9.16459422e-04 
 1.26950000e-09  1.26950000e-09  7.62500000e-01  4.79608339e-01 -9.46402456e-04 
 1.27050000e-09  1.27050000e-09  7.37500000e-01  5.16185515e-01 -9.77747668e-04 
 1.27150000e-09  1.27150000e-09  7.12500000e-01  5.54542518e-01 -1.00850404e-03 
 1.27250000e-09  1.27250000e-09  6.87500000e-01  5.94672408e-01 -1.04063701e-03 
 1.27350000e-09  1.27350000e-09  6.62500000e-01  6.36567543e-01 -1.07215501e-03 
 1.27450000e-09  1.27450000e-09  6.37500000e-01  6.80219551e-01 -1.10502297e-03 
 1.27550000e-09  1.27550000e-09  6.12500000e-01  7.25619302e-01 -1.13724883e-03 
 1.27650000e-09  1.27650000e-09  5.87500000e-01  7.72756876e-01 -1.17079703e-03 
 1.27750000e-09  1.27750000e-09  5.62500000e-01  8.21621543e-01 -1.20367506e-03 
 1.27850000e-09  1.27850000e-09  5.37500000e-01  8.72201729e-01 -1.23784694e-03 
 1.27950000e-09  1.27950000e-09  5.12500000e-01  9.24484997e-01 -1.27131977e-03 
 1.28050000e-09  1.28050000e-09  4.87500000e-01  9.77990809e-01 -1.30441141e-03 
 1.28150000e-09  1.28150000e-09  4.62500000e-01  1.03204776e+00 -1.33055792e-03 
 1.28250000e-09  1.28250000e-09  4.37500000e-01  1.08638794e+00 -1.35186026e-03 
 1.28350000e-09  1.28350000e-09  4.12500000e-01  1.14085295e+00 -1.36644849e-03 
 1.28450000e-09  1.28450000e-09  3.87500000e-01  1.19528154e+00 -1.37644062e-03 
 1.28550000e-09  1.28550000e-09  3.62500000e-01  1.24951387e+00 -1.38003201e-03 
 1.28650000e-09  1.28650000e-09  3.37500000e-01  1.30338712e+00 -1.37941356e-03 
 1.28750000e-09  1.28750000e-09  3.12500000e-01  1.35673907e+00 -1.37285801e-03 
 1.28850000e-09  1.28850000e-09  2.87500000e-01  1.40941151e+00 -1.36263076e-03 
 1.28950000e-09  1.28950000e-09  2.62500000e-01  1.46125303e+00 -1.34707227e-03 
 1.29050000e-09  1.29050000e-09  2.37500000e-01  1.51212132e+00 -1.32850606e-03 
 1.29150000e-09  1.29150000e-09  2.12500000e-01  1.56188494e+00 -1.30531931e-03 
 1.29250000e-09  1.29250000e-09  1.87500000e-01  1.61042466e+00 -1.27986989e-03 
 1.29350000e-09  1.29350000e-09  1.62500000e-01  1.65763445e+00 -1.25056658e-03 
 1.29450000e-09  1.29450000e-09  1.37500000e-01  1.70342199e+00 -1.21977638e-03 
 1.29550000e-09  1.29550000e-09  1.12500000e-01  1.74770902e+00 -1.18590536e-03 
 1.29650000e-09  1.29650000e-09  8.75000000e-02  1.79043128e+00 -1.15130694e-03 
 1.29750000e-09  1.29750000e-09  6.25000000e-02  1.83153826e+00 -1.11436400e-03 
 1.29850000e-09  1.29850000e-09  3.75000000e-02  1.87099274e+00 -1.07739856e-03 
 1.29925000e-09  1.29925000e-09  1.87500000e-02  1.89948447e+00 -1.04833979e-03 
 1.30000000e-09  1.30000000e-09  0.00000000e+00  1.92702641e+00 -1.02001110e-03 
 1.30010000e-09  1.30010000e-09  0.00000000e+00  1.93097568e+00 -9.24598330e-04 
 1.30030000e-09  1.30030000e-09  0.00000000e+00  1.93882512e+00 -9.13426265e-04 
 1.30070000e-09  1.30070000e-09  0.00000000e+00  1.95423530e+00 -8.91370177e-04 
 1.30150000e-09  1.30150000e-09  0.00000000e+00  1.98392810e+00 -8.48371543e-04 
 1.30250000e-09  1.30250000e-09  0.00000000e+00  2.01899775e+00 -7.96743024e-04 
 1.30350000e-09  1.30350000e-09  0.00000000e+00  2.05189054e+00 -7.47494640e-04 
 1.30450000e-09  1.30450000e-09  0.00000000e+00  2.08271343e+00 -7.00626105e-04 
 1.30550000e-09  1.30550000e-09  0.00000000e+00  2.11157210e+00 -6.56117731e-04 
 1.30650000e-09  1.30650000e-09  0.00000000e+00  2.13857028e+00 -6.13933587e-04 
 1.30750000e-09  1.30750000e-09  0.00000000e+00  2.16380925e+00 -5.74024364e-04 
 1.30850000e-09  1.30850000e-09  0.00000000e+00  2.18738742e+00 -5.36329948e-04 
 1.30950000e-09  1.30950000e-09  0.00000000e+00  2.20939998e+00 -5.00781701e-04 
 1.31050000e-09  1.31050000e-09  0.00000000e+00  2.22993866e+00 -4.67304474e-04 
 1.31150000e-09  1.31150000e-09  0.00000000e+00  2.24909154e+00 -4.35818352e-04 
 1.31250000e-09  1.31250000e-09  0.00000000e+00  2.26694294e+00 -4.06240173e-04 
 1.31350000e-09  1.31350000e-09  0.00000000e+00  2.28357335e+00 -3.78484816e-04 
 1.31450000e-09  1.31450000e-09  0.00000000e+00  2.29905942e+00 -3.52466301e-04 
 1.31550000e-09  1.31550000e-09  0.00000000e+00  2.31347394e+00 -3.28098707e-04 
 1.31650000e-09  1.31650000e-09  0.00000000e+00  2.32688593e+00 -3.05296933e-04 
 1.31750000e-09  1.31750000e-09  0.00000000e+00  2.33936069e+00 -2.83977320e-04 
 1.31850000e-09  1.31850000e-09  0.00000000e+00  2.35095989e+00 -2.64058149e-04 
 1.31950000e-09  1.31950000e-09  0.00000000e+00  2.36174351e+00 -2.45496683e-04 
 1.32050000e-09  1.32050000e-09  0.00000000e+00  2.37176593e+00 -2.28131710e-04 
 1.32150000e-09  1.32150000e-09  0.00000000e+00  2.38107650e+00 -2.11939088e-04 
 1.32250000e-09  1.32250000e-09  0.00000000e+00  2.38972370e+00 -1.96847666e-04 
 1.32350000e-09  1.32350000e-09  0.00000000e+00  2.39775302e+00 -1.82789427e-04 
 1.32450000e-09  1.32450000e-09  0.00000000e+00  2.40520705e+00 -1.69699548e-04 
 1.32550000e-09  1.32550000e-09  0.00000000e+00  2.41212571e+00 -1.57516412e-04 
 1.32650000e-09  1.32650000e-09  0.00000000e+00  2.41854630e+00 -1.46181581e-04 
 1.32750000e-09  1.32750000e-09  0.00000000e+00  2.42450370e+00 -1.35639748e-04 
 1.32850000e-09  1.32850000e-09  0.00000000e+00  2.43003049e+00 -1.25838666e-04 
 1.32950000e-09  1.32950000e-09  0.00000000e+00  2.43515706e+00 -1.16729062e-04 
 1.33050000e-09  1.33050000e-09  0.00000000e+00  2.43991177e+00 -1.08264539e-04 
 1.33150000e-09  1.33150000e-09  0.00000000e+00  2.44432107e+00 -1.00401466e-04 
 1.33250000e-09  1.33250000e-09  0.00000000e+00  2.44840959e+00 -9.30988699e-05 
 1.33350000e-09  1.33350000e-09  0.00000000e+00  2.45220027e+00 -8.63183119e-05 
 1.33450000e-09  1.33450000e-09  0.00000000e+00  2.45571447e+00 -8.00237731e-05 
 1.33550000e-09  1.33550000e-09  0.00000000e+00  2.45897207e+00 -7.41815321e-05 
 1.33650000e-09  1.33650000e-09  0.00000000e+00  2.46199155e+00 -6.87600468e-05 
 1.33750000e-09  1.33750000e-09  0.00000000e+00  2.46479010e+00 -6.37298367e-05 
 1.33850000e-09  1.33850000e-09  0.00000000e+00  2.46738370e+00 -5.90633691e-05 
 1.33950000e-09  1.33950000e-09  0.00000000e+00  2.46978721e+00 -5.47349471e-05 
 1.34050000e-09  1.34050000e-09  0.00000000e+00  2.47201442e+00 -5.07206022e-05 
 1.34150000e-09  1.34150000e-09  0.00000000e+00  2.47407815e+00 -4.69979907e-05 
 1.34250000e-09  1.34250000e-09  0.00000000e+00  2.47599029e+00 -4.35462945e-05 
 1.34350000e-09  1.34350000e-09  0.00000000e+00  2.47776190e+00 -4.03461262e-05 
 1.34450000e-09  1.34450000e-09  0.00000000e+00  2.47940323e+00 -3.73794388e-05 
 1.34550000e-09  1.34550000e-09  0.00000000e+00  2.48092380e+00 -3.46294397e-05 
 1.34650000e-09  1.34650000e-09  0.00000000e+00  2.48233244e+00 -3.20805093e-05 
 1.34750000e-09  1.34750000e-09  0.00000000e+00  2.48363734e+00 -2.97181243e-05 
 1.34850000e-09  1.34850000e-09  0.00000000e+00  2.48484611e+00 -2.75287851e-05 
 1.34950000e-09  1.34950000e-09  0.00000000e+00  2.48596578e+00 -2.54999470e-05 
 1.35050000e-09  1.35050000e-09  0.00000000e+00  2.48700290e+00 -2.36199560e-05 
 1.35150000e-09  1.35150000e-09  0.00000000e+00  2.48796353e+00 -2.18779882e-05 
 1.35250000e-09  1.35250000e-09  0.00000000e+00  2.48885328e+00 -2.02639930e-05 
 1.35350000e-09  1.35350000e-09  0.00000000e+00  2.48967738e+00 -1.87686400e-05 
 1.35450000e-09  1.35450000e-09  0.00000000e+00  2.49044065e+00 -1.73832688e-05 
 1.35550000e-09  1.35550000e-09  0.00000000e+00  2.49114756e+00 -1.60998424e-05 
 1.35650000e-09  1.35650000e-09  0.00000000e+00  2.49180226e+00 -1.49109039e-05 
 1.35750000e-09  1.35750000e-09  0.00000000e+00  2.49240861e+00 -1.38095352e-05 
 1.35850000e-09  1.35850000e-09  0.00000000e+00  2.49297015e+00 -1.27893195e-05 
 1.35950000e-09  1.35950000e-09  0.00000000e+00  2.49349021e+00 -1.18443052e-05 
 1.36050000e-09  1.36050000e-09  0.00000000e+00  2.49397183e+00 -1.09689734e-05 
 1.36150000e-09  1.36150000e-09  0.00000000e+00  2.49441785e+00 -1.01582067e-05 
 1.36250000e-09  1.36250000e-09  0.00000000e+00  2.49483089e+00 -9.40726042e-06 
 1.36350000e-09  1.36350000e-09  0.00000000e+00  2.49521340e+00 -8.71173621e-06 
 1.36450000e-09  1.36450000e-09  0.00000000e+00  2.49556762e+00 -8.06755681e-06 
 1.36550000e-09  1.36550000e-09  0.00000000e+00  2.49589565e+00 -7.47094307e-06 
 1.36650000e-09  1.36650000e-09  0.00000000e+00  2.49619942e+00 -6.91839242e-06 
 1.36750000e-09  1.36750000e-09  0.00000000e+00  2.49648071e+00 -6.40665881e-06 
 1.36850000e-09  1.36850000e-09  0.00000000e+00  2.49674120e+00 -5.93273415e-06 
 1.36950000e-09  1.36950000e-09  0.00000000e+00  2.49698242e+00 -5.49383102e-06 
 1.37050000e-09  1.37050000e-09  0.00000000e+00  2.49720579e+00 -5.08736665e-06 
 1.37150000e-09  1.37150000e-09  0.00000000e+00  2.49741263e+00 -4.71094800e-06 
 1.37250000e-09  1.37250000e-09  0.00000000e+00  2.49760417e+00 -4.36235791e-06 
 1.37350000e-09  1.37350000e-09  0.00000000e+00  2.49778153e+00 -4.03954230e-06 
 1.37450000e-09  1.37450000e-09  0.00000000e+00  2.49794577e+00 -3.74059825e-06 
 1.37550000e-09  1.37550000e-09  0.00000000e+00  2.49809785e+00 -3.46376290e-06 
 1.37650000e-09  1.37650000e-09  0.00000000e+00  2.49823868e+00 -3.20740326e-06 
 1.37750000e-09  1.37750000e-09  0.00000000e+00  2.49836908e+00 -2.97000664e-06 
 1.37850000e-09  1.37850000e-09  0.00000000e+00  2.49848983e+00 -2.75017186e-06 
 1.37950000e-09  1.37950000e-09  0.00000000e+00  2.49860164e+00 -2.54660105e-06 
 1.38050000e-09  1.38050000e-09  0.00000000e+00  2.49870518e+00 -2.35809208e-06 
 1.38150000e-09  1.38150000e-09  0.00000000e+00  2.49880105e+00 -2.18353151e-06 
 1.38250000e-09  1.38250000e-09  0.00000000e+00  2.49888983e+00 -2.02188806e-06 
 1.38350000e-09  1.38350000e-09  0.00000000e+00  2.49897203e+00 -1.87220662e-06 
 1.38450000e-09  1.38450000e-09  0.00000000e+00  2.49904814e+00 -1.73360255e-06 
 1.38550000e-09  1.38550000e-09  0.00000000e+00  2.49911863e+00 -1.60525659e-06 
 1.38650000e-09  1.38650000e-09  0.00000000e+00  2.49918389e+00 -1.48640997e-06 
 1.38750000e-09  1.38750000e-09  0.00000000e+00  2.49924432e+00 -1.37635999e-06 
 1.38850000e-09  1.38850000e-09  0.00000000e+00  2.49930028e+00 -1.27445588e-06 
 1.38950000e-09  1.38950000e-09  0.00000000e+00  2.49935209e+00 -1.18009497e-06 
 1.39050000e-09  1.39050000e-09  0.00000000e+00  2.49940007e+00 -1.09271913e-06 
 1.39150000e-09  1.39150000e-09  0.00000000e+00  2.49944449e+00 -1.01181149e-06 
 1.39250000e-09  1.39250000e-09  0.00000000e+00  2.49948563e+00 -9.36893404e-07 
 1.39350000e-09  1.39350000e-09  0.00000000e+00  2.49952372e+00 -8.67521625e-07 
 1.39450000e-09  1.39450000e-09  0.00000000e+00  2.49955899e+00 -8.03285677e-07 
 1.39550000e-09  1.39550000e-09  0.00000000e+00  2.49959164e+00 -7.43805449e-07 
 1.39650000e-09  1.39650000e-09  0.00000000e+00  2.49962188e+00 -6.88728945e-07 
 1.39750000e-09  1.39750000e-09  0.00000000e+00  2.49964988e+00 -6.37730209e-07 
 1.39850000e-09  1.39850000e-09  0.00000000e+00  2.49967581e+00 -5.90507401e-07 
 1.39950000e-09  1.39950000e-09  0.00000000e+00  2.49969982e+00 -5.46781012e-07 
 1.40050000e-09  1.40050000e-09  0.00000000e+00  2.49972205e+00 -5.06292216e-07 
 1.40150000e-09  1.40150000e-09  0.00000000e+00  2.49974263e+00 -4.68801338e-07 
 1.40250000e-09  1.40250000e-09  0.00000000e+00  2.49976169e+00 -4.34086442e-07 
 1.40350000e-09  1.40350000e-09  0.00000000e+00  2.49977934e+00 -4.01942014e-07 
 1.40450000e-09  1.40450000e-09  0.00000000e+00  2.49979568e+00 -3.72177752e-07 
 1.40550000e-09  1.40550000e-09  0.00000000e+00  2.49981081e+00 -3.44617437e-07 
 1.40650000e-09  1.40650000e-09  0.00000000e+00  2.49982482e+00 -3.19097896e-07 
 1.40750000e-09  1.40750000e-09  0.00000000e+00  2.49983779e+00 -2.95468031e-07 
 1.40850000e-09  1.40850000e-09  0.00000000e+00  2.49984980e+00 -2.73587930e-07 
 1.40950000e-09  1.40950000e-09  0.00000000e+00  2.49986093e+00 -2.53328038e-07 
 1.41050000e-09  1.41050000e-09  0.00000000e+00  2.49987123e+00 -2.34568391e-07 
 1.41150000e-09  1.41150000e-09  0.00000000e+00  2.49988076e+00 -2.17197905e-07 
 1.41250000e-09  1.41250000e-09  0.00000000e+00  2.49988959e+00 -2.01113719e-07 
 1.41350000e-09  1.41350000e-09  0.00000000e+00  2.49989777e+00 -1.86220590e-07 
 1.41450000e-09  1.41450000e-09  0.00000000e+00  2.49990534e+00 -1.72430324e-07 
 1.41550000e-09  1.41550000e-09  0.00000000e+00  2.49991235e+00 -1.59661257e-07 
 1.41650000e-09  1.41650000e-09  0.00000000e+00  2.49991884e+00 -1.47837771e-07 
 1.41750000e-09  1.41750000e-09  0.00000000e+00  2.49992485e+00 -1.36889848e-07 
 1.41850000e-09  1.41850000e-09  0.00000000e+00  2.49993042e+00 -1.26752652e-07 
 1.41950000e-09  1.41950000e-09  0.00000000e+00  2.49993557e+00 -1.17366150e-07 
 1.42050000e-09  1.42050000e-09  0.00000000e+00  2.49994034e+00 -1.08674753e-07 
 1.42150000e-09  1.42150000e-09  0.00000000e+00  2.49994476e+00 -1.00626987e-07 
 1.42250000e-09  1.42250000e-09  0.00000000e+00  2.49994885e+00 -9.31751916e-08 
 1.42350000e-09  1.42350000e-09  0.00000000e+00  2.49995264e+00 -8.62752334e-08 
 1.42450000e-09  1.42450000e-09  0.00000000e+00  2.49995614e+00 -7.98862480e-08 
 1.42550000e-09  1.42550000e-09  0.00000000e+00  2.49995939e+00 -7.39703966e-08 
 1.42650000e-09  1.42650000e-09  0.00000000e+00  2.49996240e+00 -6.84926425e-08 
 1.42750000e-09  1.42750000e-09  0.00000000e+00  2.49996518e+00 -6.34205432e-08 
 1.42850000e-09  1.42850000e-09  0.00000000e+00  2.49996776e+00 -5.87240587e-08 
 1.42950000e-09  1.42950000e-09  0.00000000e+00  2.49997015e+00 -5.43753734e-08 
 1.43050000e-09  1.43050000e-09  0.00000000e+00  2.49997236e+00 -5.03487314e-08 
 1.43150000e-09  1.43150000e-09  0.00000000e+00  2.49997441e+00 -4.66202842e-08 
 1.43250000e-09  1.43250000e-09  0.00000000e+00  2.49997630e+00 -4.31679492e-08 
 1.43350000e-09  1.43350000e-09  0.00000000e+00  2.49997806e+00 -3.99712791e-08 
 1.43450000e-09  1.43450000e-09  0.00000000e+00  2.49997968e+00 -3.70113406e-08 
 1.43550000e-09  1.43550000e-09  0.00000000e+00  2.49998119e+00 -3.42706028e-08 
 1.43650000e-09  1.43650000e-09  0.00000000e+00  2.49998258e+00 -3.17328327e-08 
 1.43750000e-09  1.43750000e-09  0.00000000e+00  2.49998387e+00 -2.93829996e-08 
 1.43850000e-09  1.43850000e-09  0.00000000e+00  2.49998506e+00 -2.72071858e-08 
 1.43950000e-09  1.43950000e-09  0.00000000e+00  2.49998617e+00 -2.51925041e-08 
 1.44050000e-09  1.44050000e-09  0.00000000e+00  2.49998719e+00 -2.33270220e-08 
 1.44150000e-09  1.44150000e-09  0.00000000e+00  2.49998814e+00 -2.15996903e-08 
 1.44250000e-09  1.44250000e-09  0.00000000e+00  2.49998902e+00 -2.00002783e-08 
 1.44350000e-09  1.44350000e-09  0.00000000e+00  2.49998983e+00 -1.85193128e-08 
 1.44450000e-09  1.44450000e-09  0.00000000e+00  2.49999059e+00 -1.71480221e-08 
 1.44550000e-09  1.44550000e-09  0.00000000e+00  2.49999128e+00 -1.58782841e-08 
 1.44650000e-09  1.44650000e-09  0.00000000e+00  2.49999193e+00 -1.47025784e-08 
 1.44750000e-09  1.44750000e-09  0.00000000e+00  2.49999253e+00 -1.36139412e-08 
 1.44850000e-09  1.44850000e-09  0.00000000e+00  2.49999308e+00 -1.26059245e-08 
 1.44950000e-09  1.44950000e-09  0.00000000e+00  2.49999359e+00 -1.16725581e-08 
 1.45050000e-09  1.45050000e-09  0.00000000e+00  2.49999407e+00 -1.08083134e-08 
 1.45150000e-09  1.45150000e-09  0.00000000e+00  2.49999451e+00 -1.00080717e-08 
 1.45250000e-09  1.45250000e-09  0.00000000e+00  2.49999491e+00 -9.26709312e-09 
 1.45350000e-09  1.45350000e-09  0.00000000e+00  2.49999529e+00 -8.58098886e-09 
 1.45450000e-09  1.45450000e-09  0.00000000e+00  2.49999564e+00 -7.94569513e-09 
 1.45550000e-09  1.45550000e-09  0.00000000e+00  2.49999596e+00 -7.35744908e-09 
 1.45650000e-09  1.45650000e-09  0.00000000e+00  2.49999626e+00 -6.81276653e-09 
 1.45750000e-09  1.45750000e-09  0.00000000e+00  2.49999654e+00 -6.30842133e-09 
 1.45850000e-09  1.45850000e-09  0.00000000e+00  2.49999679e+00 -5.84142623e-09 
 1.45950000e-09  1.45950000e-09  0.00000000e+00  2.49999703e+00 -5.40901523e-09 
 1.46050000e-09  1.46050000e-09  0.00000000e+00  2.49999725e+00 -5.00862713e-09 
 1.46150000e-09  1.46150000e-09  0.00000000e+00  2.49999745e+00 -4.63789045e-09 
 1.46250000e-09  1.46250000e-09  0.00000000e+00  2.49999764e+00 -4.29460928e-09 
 1.46350000e-09  1.46350000e-09  0.00000000e+00  2.49999782e+00 -3.97675038e-09 
 1.46450000e-09  1.46450000e-09  0.00000000e+00  2.49999798e+00 -3.68243107e-09 
 1.46550000e-09  1.46550000e-09  0.00000000e+00  2.49999813e+00 -3.40990807e-09 
 1.46650000e-09  1.46650000e-09  0.00000000e+00  2.49999827e+00 -3.15756723e-09 
 1.46750000e-09  1.46750000e-09  0.00000000e+00  2.49999839e+00 -2.92391391e-09 
 1.46850000e-09  1.46850000e-09  0.00000000e+00  2.49999851e+00 -2.70756419e-09 
 1.46950000e-09  1.46950000e-09  0.00000000e+00  2.49999862e+00 -2.50723663e-09 
 1.47050000e-09  1.47050000e-09  0.00000000e+00  2.49999873e+00 -2.32174468e-09 
 1.47150000e-09  1.47150000e-09  0.00000000e+00  2.49999882e+00 -2.14998966e-09 
 1.47250000e-09  1.47250000e-09  0.00000000e+00  2.49999891e+00 -1.99095425e-09 
 1.47350000e-09  1.47350000e-09  0.00000000e+00  2.49999899e+00 -1.84369648e-09 
 1.47450000e-09  1.47450000e-09  0.00000000e+00  2.49999906e+00 -1.70734415e-09 
 1.47550000e-09  1.47550000e-09  0.00000000e+00  2.49999913e+00 -1.58108962e-09 
 1.47650000e-09  1.47650000e-09  0.00000000e+00  2.49999920e+00 -1.46418510e-09 
 1.47750000e-09  1.47750000e-09  0.00000000e+00  2.49999926e+00 -1.35593815e-09 
 1.47850000e-09  1.47850000e-09  0.00000000e+00  2.49999931e+00 -1.25570762e-09 
 1.47950000e-09  1.47950000e-09  0.00000000e+00  2.49999936e+00 -1.16289983e-09 
 1.48050000e-09  1.48050000e-09  0.00000000e+00  2.49999941e+00 -1.07696510e-09 
 1.48150000e-09  1.48150000e-09  0.00000000e+00  2.49999945e+00 -9.97394395e-10 
 1.48250000e-09  1.48250000e-09  0.00000000e+00  2.49999949e+00 -9.23716464e-10 
 1.48350000e-09  1.48350000e-09  0.00000000e+00  2.49999953e+00 -8.55494869e-10 
 1.48450000e-09  1.48450000e-09  0.00000000e+00  2.49999957e+00 -7.92325544e-10 
 1.48550000e-09  1.48550000e-09  0.00000000e+00  2.49999960e+00 -7.33834349e-10 
 1.48650000e-09  1.48650000e-09  0.00000000e+00  2.49999963e+00 -6.79674809e-10 
 1.48750000e-09  1.48750000e-09  0.00000000e+00  2.49999965e+00 -6.29526153e-10 
 1.48850000e-09  1.48850000e-09  0.00000000e+00  2.49999968e+00 -5.83091349e-10 
 1.48950000e-09  1.48950000e-09  0.00000000e+00  2.49999970e+00 -5.40095356e-10 
 1.49050000e-09  1.49050000e-09  0.00000000e+00  2.49999973e+00 -5.00283514e-10 
 1.49150000e-09  1.49150000e-09  0.00000000e+00  2.49999975e+00 -4.63420000e-10 
 1.49250000e-09  1.49250000e-09  0.00000000e+00  2.49999976e+00 -4.29286481e-10 
 1.49350000e-09  1.49350000e-09  0.00000000e+00  2.49999978e+00 -3.97680781e-10 
 1.49450000e-09  1.49450000e-09  0.00000000e+00  2.49999980e+00 -3.68415706e-10 
 1.49550000e-09  1.49550000e-09  0.00000000e+00  2.49999981e+00 -3.41317905e-10 
 1.49650000e-09  1.49650000e-09  0.00000000e+00  2.49999983e+00 -3.16226863e-10 
 1.49750000e-09  1.49750000e-09  0.00000000e+00  2.49999984e+00 -2.92993999e-10 
 1.49850000e-09  1.49850000e-09  0.00000000e+00  2.49999985e+00 -2.71481690e-10 
 1.49950000e-09  1.49950000e-09  0.00000000e+00  2.49999986e+00 -2.51562512e-10 
 1.50050000e-09  1.50050000e-09  0.00000000e+00  2.49999987e+00 -2.33118477e-10 
 1.50150000e-09  1.50150000e-09  0.00000000e+00  2.49999988e+00 -2.16040350e-10 
 1.50250000e-09  1.50250000e-09  0.00000000e+00  2.49999989e+00 -2.00226969e-10 
 1.50350000e-09  1.50350000e-09  0.00000000e+00  2.49999990e+00 -1.85584685e-10 
 1.50450000e-09  1.50450000e-09  0.00000000e+00  2.49999991e+00 -1.72026762e-10 
 1.50550000e-09  1.50550000e-09  0.00000000e+00  2.49999991e+00 -1.59472895e-10 
 1.50650000e-09  1.50650000e-09  0.00000000e+00  2.49999992e+00 -1.47848732e-10 
 1.50750000e-09  1.50750000e-09  0.00000000e+00  2.49999992e+00 -1.37085415e-10 
 1.50850000e-09  1.50850000e-09  0.00000000e+00  2.49999993e+00 -1.27119190e-10 
 1.50950000e-09  1.50950000e-09  0.00000000e+00  2.49999994e+00 -1.17891029e-10 
 1.51050000e-09  1.51050000e-09  0.00000000e+00  2.49999994e+00 -1.09346286e-10 
 1.51150000e-09  1.51150000e-09  0.00000000e+00  2.49999994e+00 -1.01434331e-10 
 1.51250000e-09  1.51250000e-09  0.00000000e+00  2.49999995e+00 -9.41083080e-11 
 1.51350000e-09  1.51350000e-09  0.00000000e+00  2.49999995e+00 -8.73248323e-11 
 1.51450000e-09  1.51450000e-09  0.00000000e+00  2.49999996e+00 -8.10437177e-11 
 1.51550000e-09  1.51550000e-09  0.00000000e+00  2.49999996e+00 -7.52277615e-11 
 1.51650000e-09  1.51650000e-09  0.00000000e+00  2.49999996e+00 -6.98425146e-11 
 1.51750000e-09  1.51750000e-09  0.00000000e+00  2.49999996e+00 -6.48560884e-11 
 1.51850000e-09  1.51850000e-09  0.00000000e+00  2.49999997e+00 -6.02389345e-11 
 1.51950000e-09  1.51950000e-09  0.00000000e+00  2.49999997e+00 -5.59637180e-11 
 1.52050000e-09  1.52050000e-09  0.00000000e+00  2.49999997e+00 -5.20051016e-11 
 1.52150000e-09  1.52150000e-09  0.00000000e+00  2.49999997e+00 -4.83396587e-11 
 1.52250000e-09  1.52250000e-09  0.00000000e+00  2.49999998e+00 -4.49456609e-11 
 1.52350000e-09  1.52350000e-09  0.00000000e+00  2.49999998e+00 -4.18030107e-11 
 1.52450000e-09  1.52450000e-09  0.00000000e+00  2.49999998e+00 -3.88930945e-11 
 1.52550000e-09  1.52550000e-09  0.00000000e+00  2.49999998e+00 -3.61986717e-11 
 1.52650000e-09  1.52650000e-09  0.00000000e+00  2.49999998e+00 -3.37038019e-11 
 1.52750000e-09  1.52750000e-09  0.00000000e+00  2.49999998e+00 -3.13936941e-11 
 1.52850000e-09  1.52850000e-09  0.00000000e+00  2.49999998e+00 -2.92546595e-11 
 1.52950000e-09  1.52950000e-09  0.00000000e+00  2.49999999e+00 -2.72740294e-11 
 1.53050000e-09  1.53050000e-09  0.00000000e+00  2.49999999e+00 -2.54400841e-11 
 1.53150000e-09  1.53150000e-09  0.00000000e+00  2.49999999e+00 -2.37419528e-11 
 1.53250000e-09  1.53250000e-09  0.00000000e+00  2.49999999e+00 -2.21695830e-11 
 1.53350000e-09  1.53350000e-09  0.00000000e+00  2.49999999e+00 -2.07136582e-11 
 1.53450000e-09  1.53450000e-09  0.00000000e+00  2.49999999e+00 -1.93655543e-11 
 1.53550000e-09  1.53550000e-09  0.00000000e+00  2.49999999e+00 -1.81172828e-11 
 1.53650000e-09  1.53650000e-09  0.00000000e+00  2.49999999e+00 -1.69614548e-11 
 1.53750000e-09  1.53750000e-09  0.00000000e+00  2.49999999e+00 -1.58912345e-11 
 1.53850000e-09  1.53850000e-09  0.00000000e+00  2.49999999e+00 -1.49002581e-11 
 1.53950000e-09  1.53950000e-09  0.00000000e+00  2.49999999e+00 -1.39826761e-11 
 1.54050000e-09  1.54050000e-09  0.00000000e+00  2.49999999e+00 -1.31330493e-11 
 1.54150000e-09  1.54150000e-09  0.00000000e+00  2.49999999e+00 -1.23463375e-11 
 1.54250000e-09  1.54250000e-09  0.00000000e+00  2.49999999e+00 -1.16178881e-11 
 1.54350000e-09  1.54350000e-09  0.00000000e+00  2.49999999e+00 -1.09433920e-11 
 1.54450000e-09  1.54450000e-09  0.00000000e+00  2.49999999e+00 -1.03188395e-11 
 1.54550000e-09  1.54550000e-09  0.00000000e+00  2.49999999e+00 -9.74053997e-12 
 1.54650000e-09  1.54650000e-09  0.00000000e+00  2.49999999e+00 -9.20506640e-12 
 1.54750000e-09  1.54750000e-09  0.00000000e+00  2.50000000e+00 -8.70925380e-12 
 1.54850000e-09  1.54850000e-09  0.00000000e+00  2.50000000e+00 -8.25015230e-12 
 1.54950000e-09  1.54950000e-09  0.00000000e+00  2.50000000e+00 -7.82505311e-12 
 1.55050000e-09  1.55050000e-09  0.00000000e+00  2.50000000e+00 -7.43144001e-12 
 1.55150000e-09  1.55150000e-09  0.00000000e+00  2.50000000e+00 -7.06698415e-12 
 1.55250000e-09  1.55250000e-09  0.00000000e+00  2.50000000e+00 -6.72949977e-12 
 1.55350000e-09  1.55350000e-09  0.00000000e+00  2.50000000e+00 -6.41701969e-12 
 1.55450000e-09  1.55450000e-09  0.00000000e+00  2.50000000e+00 -6.12767736e-12 
 1.55550000e-09  1.55550000e-09  0.00000000e+00  2.50000000e+00 -5.85976233e-12 
 1.55650000e-09  1.55650000e-09  0.00000000e+00  2.50000000e+00 -5.61169427e-12 
 1.55750000e-09  1.55750000e-09  0.00000000e+00  2.50000000e+00 -5.38199606e-12 
 1.55850000e-09  1.55850000e-09  0.00000000e+00  2.50000000e+00 -5.16930422e-12 
 1.55950000e-09  1.55950000e-09  0.00000000e+00  2.50000000e+00 -4.97236280e-12 
 1.56050000e-09  1.56050000e-09  0.00000000e+00  2.50000000e+00 -4.79000520e-12 
 1.56150000e-09  1.56150000e-09  0.00000000e+00  2.50000000e+00 -4.62115936e-12 
 1.56250000e-09  1.56250000e-09  0.00000000e+00  2.50000000e+00 -4.46481133e-12 
 1.56350000e-09  1.56350000e-09  0.00000000e+00  2.50000000e+00 -4.32003825e-12 
 1.56450000e-09  1.56450000e-09  0.00000000e+00  2.50000000e+00 -4.18600311e-12 
 1.56550000e-09  1.56550000e-09  0.00000000e+00  2.50000000e+00 -4.06187497e-12 
 1.56650000e-09  1.56650000e-09  0.00000000e+00  2.50000000e+00 -3.94694780e-12 
 1.56750000e-09  1.56750000e-09  0.00000000e+00  2.50000000e+00 -3.84053293e-12 
 1.56850000e-09  1.56850000e-09  0.00000000e+00  2.50000000e+00 -3.74199803e-12 
 1.56950000e-09  1.56950000e-09  0.00000000e+00  2.50000000e+00 -3.65076198e-12 
 1.57050000e-09  1.57050000e-09  0.00000000e+00  2.50000000e+00 -3.56628269e-12 
 1.57150000e-09  1.57150000e-09  0.00000000e+00  2.50000000e+00 -3.48804839e-12 
 1.57250000e-09  1.57250000e-09  0.00000000e+00  2.50000000e+00 -3.41561415e-12 
 1.57350000e-09  1.57350000e-09  0.00000000e+00  2.50000000e+00 -3.34855060e-12 
 1.57450000e-09  1.57450000e-09  0.00000000e+00  2.50000000e+00 -3.28645271e-12 
 1.57550000e-09  1.57550000e-09  0.00000000e+00  2.50000000e+00 -3.22895616e-12 
 1.57650000e-09  1.57650000e-09  0.00000000e+00  2.50000000e+00 -3.17570623e-12 
 1.57750000e-09  1.57750000e-09  0.00000000e+00  2.50000000e+00 -3.12640972e-12 
 1.57850000e-09  1.57850000e-09  0.00000000e+00  2.50000000e+00 -3.08076134e-12 
 1.57950000e-09  1.57950000e-09  0.00000000e+00  2.50000000e+00 -3.03849741e-12 
 1.58050000e-09  1.58050000e-09  0.00000000e+00  2.50000000e+00 -2.99935510e-12 
 1.58150000e-09  1.58150000e-09  0.00000000e+00  2.50000000e+00 -2.96311413e-12 
 1.58250000e-09  1.58250000e-09  0.00000000e+00  2.50000000e+00 -2.92955243e-12 
 1.58350000e-09  1.58350000e-09  0.00000000e+00  2.50000000e+00 -2.89848527e-12 
 1.58450000e-09  1.58450000e-09  0.00000000e+00  2.50000000e+00 -2.86972182e-12 
 1.58550000e-09  1.58550000e-09  0.00000000e+00  2.50000000e+00 -2.84307647e-12 
 1.58650000e-09  1.58650000e-09  0.00000000e+00  2.50000000e+00 -2.81840610e-12 
 1.58750000e-09  1.58750000e-09  0.00000000e+00  2.50000000e+00 -2.79557367e-12 
 1.58850000e-09  1.58850000e-09  0.00000000e+00  2.50000000e+00 -2.77442045e-12 
 1.58950000e-09  1.58950000e-09  0.00000000e+00  2.50000000e+00 -2.75483976e-12 
 1.59050000e-09  1.59050000e-09  0.00000000e+00  2.50000000e+00 -2.73670669e-12 
 1.59150000e-09  1.59150000e-09  0.00000000e+00  2.50000000e+00 -2.71991197e-12 
 1.59250000e-09  1.59250000e-09  0.00000000e+00  2.50000000e+00 -2.70437665e-12 
 1.59350000e-09  1.59350000e-09  0.00000000e+00  2.50000000e+00 -2.68997411e-12 
 1.59450000e-09  1.59450000e-09  0.00000000e+00  2.50000000e+00 -2.67665057e-12 
 1.59550000e-09  1.59550000e-09  0.00000000e+00  2.50000000e+00 -2.66430628e-12 
 1.59650000e-09  1.59650000e-09  0.00000000e+00  2.50000000e+00 -2.65287271e-12 
 1.59750000e-09  1.59750000e-09  0.00000000e+00  2.50000000e+00 -2.64229697e-12 
 1.59850000e-09  1.59850000e-09  0.00000000e+00  2.50000000e+00 -2.63250272e-12 
 1.59950000e-09  1.59950000e-09  0.00000000e+00  2.50000000e+00 -2.62342405e-12 
 1.60050000e-09  1.60050000e-09  0.00000000e+00  2.50000000e+00 -2.61502799e-12 
 1.60150000e-09  1.60150000e-09  0.00000000e+00  2.50000000e+00 -2.60725296e-12 
 1.60250000e-09  1.60250000e-09  0.00000000e+00  2.50000000e+00 -2.60005385e-12 
 1.60350000e-09  1.60350000e-09  0.00000000e+00  2.50000000e+00 -2.59337864e-12 
 1.60450000e-09  1.60450000e-09  0.00000000e+00  2.50000000e+00 -2.58720909e-12 
 1.60550000e-09  1.60550000e-09  0.00000000e+00  2.50000000e+00 -2.58148190e-12 
 1.60650000e-09  1.60650000e-09  0.00000000e+00  2.50000000e+00 -2.57619620e-12 
 1.60750000e-09  1.60750000e-09  0.00000000e+00  2.50000000e+00 -2.57129300e-12 
 1.60850000e-09  1.60850000e-09  0.00000000e+00  2.50000000e+00 -2.56675497e-12 
 1.60950000e-09  1.60950000e-09  0.00000000e+00  2.50000000e+00 -2.56254913e-12 
 1.61050000e-09  1.61050000e-09  0.00000000e+00  2.50000000e+00 -2.55865988e-12 
 1.61150000e-09  1.61150000e-09  0.00000000e+00  2.50000000e+00 -2.55505079e-12 
 1.61250000e-09  1.61250000e-09  0.00000000e+00  2.50000000e+00 -2.55171752e-12 
 1.61350000e-09  1.61350000e-09  0.00000000e+00  2.50000000e+00 -2.54863144e-12 
 1.61450000e-09  1.61450000e-09  0.00000000e+00  2.50000000e+00 -2.54577089e-12 
 1.61550000e-09  1.61550000e-09  0.00000000e+00  2.50000000e+00 -2.54311589e-12 
 1.61650000e-09  1.61650000e-09  0.00000000e+00  2.50000000e+00 -2.54066559e-12 
 1.61750000e-09  1.61750000e-09  0.00000000e+00  2.50000000e+00 -2.53839311e-12 
 1.61850000e-09  1.61850000e-09  0.00000000e+00  2.50000000e+00 -2.53629062e-12 
 1.61950000e-09  1.61950000e-09  0.00000000e+00  2.50000000e+00 -2.53434686e-12 
 1.62050000e-09  1.62050000e-09  0.00000000e+00  2.50000000e+00 -2.53254882e-12 
 1.62150000e-09  1.62150000e-09  0.00000000e+00  2.50000000e+00 -2.53087915e-12 
 1.62250000e-09  1.62250000e-09  0.00000000e+00  2.50000000e+00 -2.52933525e-12 
 1.62350000e-09  1.62350000e-09  0.00000000e+00  2.50000000e+00 -2.52790237e-12 
 1.62450000e-09  1.62450000e-09  0.00000000e+00  2.50000000e+00 -2.52657444e-12 
 1.62550000e-09  1.62550000e-09  0.00000000e+00  2.50000000e+00 -2.52534278e-12 
 1.62650000e-09  1.62650000e-09  0.00000000e+00  2.50000000e+00 -2.52420654e-12 
 1.62750000e-09  1.62750000e-09  0.00000000e+00  2.50000000e+00 -2.52316050e-12 
 1.62850000e-09  1.62850000e-09  0.00000000e+00  2.50000000e+00 -2.52217604e-12 
 1.62950000e-09  1.62950000e-09  0.00000000e+00  2.50000000e+00 -2.52128440e-12 
 1.63050000e-09  1.63050000e-09  0.00000000e+00  2.50000000e+00 -2.52044219e-12 
 1.63150000e-09  1.63150000e-09  0.00000000e+00  2.50000000e+00 -2.51967284e-12 
 1.63250000e-09  1.63250000e-09  0.00000000e+00  2.50000000e+00 -2.51895380e-12 
 1.63350000e-09  1.63350000e-09  0.00000000e+00  2.50000000e+00 -2.51829026e-12 
 1.63450000e-09  1.63450000e-09  0.00000000e+00  2.50000000e+00 -2.51767530e-12 
 1.63550000e-09  1.63550000e-09  0.00000000e+00  2.50000000e+00 -2.51710978e-12 
 1.63650000e-09  1.63650000e-09  0.00000000e+00  2.50000000e+00 -2.51658069e-12 
 1.63750000e-09  1.63750000e-09  0.00000000e+00  2.50000000e+00 -2.51609324e-12 
 1.63850000e-09  1.63850000e-09  0.00000000e+00  2.50000000e+00 -2.51563787e-12 
 1.63950000e-09  1.63950000e-09  0.00000000e+00  2.50000000e+00 -2.51522327e-12 
 1.64050000e-09  1.64050000e-09  0.00000000e+00  2.50000000e+00 -2.51483556e-12 
 1.64150000e-09  1.64150000e-09  0.00000000e+00  2.50000000e+00 -2.51448081e-12 
 1.64250000e-09  1.64250000e-09  0.00000000e+00  2.50000000e+00 -2.51414427e-12 
 1.64350000e-09  1.64350000e-09  0.00000000e+00  2.50000000e+00 -2.51384243e-12 
 1.64450000e-09  1.64450000e-09  0.00000000e+00  2.50000000e+00 -2.51355881e-12 
 1.64550000e-09  1.64550000e-09  0.00000000e+00  2.50000000e+00 -2.51329773e-12 
 1.64650000e-09  1.64650000e-09  0.00000000e+00  2.50000000e+00 -2.51305400e-12 
 1.64750000e-09  1.64750000e-09  0.00000000e+00  2.50000000e+00 -2.51282675e-12 
 1.64850000e-09  1.64850000e-09  0.00000000e+00  2.50000000e+00 -2.51261685e-12 
 1.64950000e-09  1.64950000e-09  0.00000000e+00  2.50000000e+00 -2.51242343e-12 
 1.65050000e-09  1.65050000e-09  0.00000000e+00  2.50000000e+00 -2.51223868e-12 
 1.65150000e-09  1.65150000e-09  0.00000000e+00  2.50000000e+00 -2.51207909e-12 
 1.65250000e-09  1.65250000e-09  0.00000000e+00  2.50000000e+00 -2.51191516e-12 
 1.65350000e-09  1.65350000e-09  0.00000000e+00  2.50000000e+00 -2.51177378e-12 
 1.65450000e-09  1.65450000e-09  0.00000000e+00  2.50000000e+00 -2.51164801e-12 
 1.65550000e-09  1.65550000e-09  0.00000000e+00  2.50000000e+00 -2.51152397e-12 
 1.65650000e-09  1.65650000e-09  0.00000000e+00  2.50000000e+00 -2.51140688e-12 
 1.65750000e-09  1.65750000e-09  0.00000000e+00  2.50000000e+00 -2.51130713e-12 
 1.65850000e-09  1.65850000e-09  0.00000000e+00  2.50000000e+00 -2.51121086e-12 
 1.65950000e-09  1.65950000e-09  0.00000000e+00  2.50000000e+00 -2.51112065e-12 
 1.66050000e-09  1.66050000e-09  0.00000000e+00  2.50000000e+00 -2.51103825e-12 
 1.66150000e-09  1.66150000e-09  0.00000000e+00  2.50000000e+00 -2.51095585e-12 
 1.66250000e-09  1.66250000e-09  0.00000000e+00  2.50000000e+00 -2.51088820e-12 
 1.66350000e-09  1.66350000e-09  0.00000000e+00  2.50000000e+00 -2.51082315e-12 
 1.66450000e-09  1.66450000e-09  0.00000000e+00  2.50000000e+00 -2.51075809e-12 
 1.66550000e-09  1.66550000e-09  0.00000000e+00  2.50000000e+00 -2.51070345e-12 
 1.66650000e-09  1.66650000e-09  0.00000000e+00  2.50000000e+00 -2.51064707e-12 
 1.66750000e-09  1.66750000e-09  0.00000000e+00  2.50000000e+00 -2.51060110e-12 
 1.66850000e-09  1.66850000e-09  0.00000000e+00  2.50000000e+00 -2.51055687e-12 
 1.66950000e-09  1.66950000e-09  0.00000000e+00  2.50000000e+00 -2.51051437e-12 
 1.67050000e-09  1.67050000e-09  0.00000000e+00  2.50000000e+00 -2.51047707e-12 
 1.67150000e-09  1.67150000e-09  0.00000000e+00  2.50000000e+00 -2.51044237e-12 
 1.67250000e-09  1.67250000e-09  0.00000000e+00  2.50000000e+00 -2.51040942e-12 
 1.67350000e-09  1.67350000e-09  0.00000000e+00  2.50000000e+00 -2.51037906e-12 
 1.67450000e-09  1.67450000e-09  0.00000000e+00  2.50000000e+00 -2.51035130e-12 
 1.67550000e-09  1.67550000e-09  0.00000000e+00  2.50000000e+00 -2.51032788e-12 
 1.67650000e-09  1.67650000e-09  0.00000000e+00  2.50000000e+00 -2.51030620e-12 
 1.67750000e-09  1.67750000e-09  0.00000000e+00  2.50000000e+00 -2.51027150e-12 
 1.67850000e-09  1.67850000e-09  0.00000000e+00  2.50000000e+00 -2.51025676e-12 
 1.67950000e-09  1.67950000e-09  0.00000000e+00  2.50000000e+00 -2.51024462e-12 
 1.68050000e-09  1.68050000e-09  0.00000000e+00  2.50000000e+00 -2.51021252e-12 
 1.68150000e-09  1.68150000e-09  0.00000000e+00  2.50000000e+00 -2.51020732e-12 
 1.68250000e-09  1.68250000e-09  0.00000000e+00  2.50000000e+00 -2.51018997e-12 
 1.68350000e-09  1.68350000e-09  0.00000000e+00  2.50000000e+00 -2.51017523e-12 
 1.68450000e-09  1.68450000e-09  0.00000000e+00  2.50000000e+00 -2.51015701e-12 
 1.68550000e-09  1.68550000e-09  0.00000000e+00  2.50000000e+00 -2.51014660e-12 
 1.68650000e-09  1.68650000e-09  0.00000000e+00  2.50000000e+00 -2.51013359e-12 
 1.68750000e-09  1.68750000e-09  0.00000000e+00  2.50000000e+00 -2.51012319e-12 
 1.68850000e-09  1.68850000e-09  0.00000000e+00  2.50000000e+00 -2.51012145e-12 
 1.68950000e-09  1.68950000e-09  0.00000000e+00  2.50000000e+00 -2.51010150e-12 
 1.69050000e-09  1.69050000e-09  0.00000000e+00  2.50000000e+00 -2.51009803e-12 
 1.69150000e-09  1.69150000e-09  0.00000000e+00  2.50000000e+00 -2.51009023e-12 
 1.69250000e-09  1.69250000e-09  0.00000000e+00  2.50000000e+00 -2.51008155e-12 
 1.69350000e-09  1.69350000e-09  0.00000000e+00  2.50000000e+00 -2.51008415e-12 
 1.69450000e-09  1.69450000e-09  0.00000000e+00  2.50000000e+00 -2.51007288e-12 
 1.69550000e-09  1.69550000e-09  0.00000000e+00  2.50000000e+00 -2.51006854e-12 
 1.69650000e-09  1.69650000e-09  0.00000000e+00  2.50000000e+00 -2.51006421e-12 
 1.69750000e-09  1.69750000e-09  0.00000000e+00  2.50000000e+00 -2.51005380e-12 
 1.69850000e-09  1.69850000e-09  0.00000000e+00  2.50000000e+00 -2.51005640e-12 
 1.69950000e-09  1.69950000e-09  0.00000000e+00  2.50000000e+00 -2.51005119e-12 
 1.70050000e-09  1.70050000e-09  0.00000000e+00  2.50000000e+00 -2.51004599e-12 
 1.70150000e-09  1.70150000e-09  0.00000000e+00  2.50000000e+00 -2.51003992e-12 
 1.70250000e-09  1.70250000e-09  0.00000000e+00  2.50000000e+00 -2.51004773e-12 
 1.70350000e-09  1.70350000e-09  0.00000000e+00  2.50000000e+00 -2.51004512e-12 
 1.70450000e-09  1.70450000e-09  0.00000000e+00  2.50000000e+00 -2.51004512e-12 
 1.70550000e-09  1.70550000e-09  0.00000000e+00  2.50000000e+00 -2.51003905e-12 
 1.70650000e-09  1.70650000e-09  0.00000000e+00  2.50000000e+00 -2.51003818e-12 
 1.70750000e-09  1.70750000e-09  0.00000000e+00  2.50000000e+00 -2.51003385e-12 
 1.70850000e-09  1.70850000e-09  0.00000000e+00  2.50000000e+00 -2.51003125e-12 
 1.70950000e-09  1.70950000e-09  0.00000000e+00  2.50000000e+00 -2.51003298e-12 
 1.71050000e-09  1.71050000e-09  0.00000000e+00  2.50000000e+00 -2.51003038e-12 
 1.71150000e-09  1.71150000e-09  0.00000000e+00  2.50000000e+00 -2.51002517e-12 
 1.71250000e-09  1.71250000e-09  0.00000000e+00  2.50000000e+00 -2.51001477e-12 
 1.71350000e-09  1.71350000e-09  0.00000000e+00  2.50000000e+00 -2.51001823e-12 
 1.71450000e-09  1.71450000e-09  0.00000000e+00  2.50000000e+00 -2.51002864e-12 
 1.71550000e-09  1.71550000e-09  0.00000000e+00  2.50000000e+00 -2.51001390e-12 
 1.71650000e-09  1.71650000e-09  0.00000000e+00  2.50000000e+00 -2.51001563e-12 
 1.71750000e-09  1.71750000e-09  0.00000000e+00  2.50000000e+00 -2.51001563e-12 
 1.71850000e-09  1.71850000e-09  0.00000000e+00  2.50000000e+00 -2.51001650e-12 
 1.71950000e-09  1.71950000e-09  0.00000000e+00  2.50000000e+00 -2.51001650e-12 
 1.72050000e-09  1.72050000e-09  0.00000000e+00  2.50000000e+00 -2.51001650e-12 
 1.72150000e-09  1.72150000e-09  0.00000000e+00  2.50000000e+00 -2.51001650e-12 
 1.72250000e-09  1.72250000e-09  0.00000000e+00  2.50000000e+00 -2.51001650e-12 
 1.72350000e-09  1.72350000e-09  0.00000000e+00  2.50000000e+00 -2.51001650e-12 
 1.72450000e-09  1.72450000e-09  0.00000000e+00  2.50000000e+00 -2.51001650e-12 
 1.72550000e-09  1.72550000e-09  0.00000000e+00  2.50000000e+00 -2.51001650e-12 
 1.72650000e-09  1.72650000e-09  0.00000000e+00  2.50000000e+00 -2.51001650e-12 
 1.72750000e-09  1.72750000e-09  0.00000000e+00  2.50000000e+00 -2.51001650e-12 
 1.72850000e-09  1.72850000e-09  0.00000000e+00  2.50000000e+00 -2.51001650e-12 
 1.72950000e-09  1.72950000e-09  0.00000000e+00  2.50000000e+00 -2.51001650e-12 
 1.73050000e-09  1.73050000e-09  0.00000000e+00  2.50000000e+00 -2.51001650e-12 
 1.73150000e-09  1.73150000e-09  0.00000000e+00  2.50000000e+00 -2.51001650e-12 
 1.73250000e-09  1.73250000e-09  0.00000000e+00  2.50000000e+00 -2.51001650e-12 
 1.73350000e-09  1.73350000e-09  0.00000000e+00  2.50000000e+00 -2.51001650e-12 
 1.73450000e-09  1.73450000e-09  0.00000000e+00  2.50000000e+00 -2.51001650e-12 
 1.73550000e-09  1.73550000e-09  0.00000000e+00  2.50000000e+00 -2.51001650e-12 
 1.73650000e-09  1.73650000e-09  0.00000000e+00  2.50000000e+00 -2.51001650e-12 
 1.73750000e-09  1.73750000e-09  0.00000000e+00  2.50000000e+00 -2.51001650e-12 
 1.73850000e-09  1.73850000e-09  0.00000000e+00  2.50000000e+00 -2.51001650e-12 
 1.73950000e-09  1.73950000e-09  0.00000000e+00  2.50000000e+00 -2.51001650e-12 
 1.74050000e-09  1.74050000e-09  0.00000000e+00  2.50000000e+00 -2.51001650e-12 
 1.74150000e-09  1.74150000e-09  0.00000000e+00  2.50000000e+00 -2.51001650e-12 
 1.74250000e-09  1.74250000e-09  0.00000000e+00  2.50000000e+00 -2.51001650e-12 
 1.74350000e-09  1.74350000e-09  0.00000000e+00  2.50000000e+00 -2.51001650e-12 
 1.74450000e-09  1.74450000e-09  0.00000000e+00  2.50000000e+00 -2.51001650e-12 
 1.74550000e-09  1.74550000e-09  0.00000000e+00  2.50000000e+00 -2.51001650e-12 
 1.74650000e-09  1.74650000e-09  0.00000000e+00  2.50000000e+00 -2.51001650e-12 
 1.74750000e-09  1.74750000e-09  0.00000000e+00  2.50000000e+00 -2.51001650e-12 
 1.74850000e-09  1.74850000e-09  0.00000000e+00  2.50000000e+00 -2.51001650e-12 
 1.74950000e-09  1.74950000e-09  0.00000000e+00  2.50000000e+00 -2.51001650e-12 
 1.75050000e-09  1.75050000e-09  0.00000000e+00  2.50000000e+00 -2.51001650e-12 
 1.75150000e-09  1.75150000e-09  0.00000000e+00  2.50000000e+00 -2.51001650e-12 
 1.75250000e-09  1.75250000e-09  0.00000000e+00  2.50000000e+00 -2.51001650e-12 
 1.75350000e-09  1.75350000e-09  0.00000000e+00  2.50000000e+00 -2.51001650e-12 
 1.75450000e-09  1.75450000e-09  0.00000000e+00  2.50000000e+00 -2.51001650e-12 
 1.75550000e-09  1.75550000e-09  0.00000000e+00  2.50000000e+00 -2.51001650e-12 
 1.75650000e-09  1.75650000e-09  0.00000000e+00  2.50000000e+00 -2.51001650e-12 
 1.75750000e-09  1.75750000e-09  0.00000000e+00  2.50000000e+00 -2.51001650e-12 
 1.75850000e-09  1.75850000e-09  0.00000000e+00  2.50000000e+00 -2.51001650e-12 
 1.75950000e-09  1.75950000e-09  0.00000000e+00  2.50000000e+00 -2.51001650e-12 
 1.76050000e-09  1.76050000e-09  0.00000000e+00  2.50000000e+00 -2.51001650e-12 
 1.76150000e-09  1.76150000e-09  0.00000000e+00  2.50000000e+00 -2.51001650e-12 
 1.76250000e-09  1.76250000e-09  0.00000000e+00  2.50000000e+00 -2.51001650e-12 
 1.76350000e-09  1.76350000e-09  0.00000000e+00  2.50000000e+00 -2.51001650e-12 
 1.76450000e-09  1.76450000e-09  0.00000000e+00  2.50000000e+00 -2.51001650e-12 
 1.76550000e-09  1.76550000e-09  0.00000000e+00  2.50000000e+00 -2.51001650e-12 
 1.76650000e-09  1.76650000e-09  0.00000000e+00  2.50000000e+00 -2.51001650e-12 
 1.76750000e-09  1.76750000e-09  0.00000000e+00  2.50000000e+00 -2.51001650e-12 
 1.76850000e-09  1.76850000e-09  0.00000000e+00  2.50000000e+00 -2.51001650e-12 
 1.76950000e-09  1.76950000e-09  0.00000000e+00  2.50000000e+00 -2.51001650e-12 
 1.77050000e-09  1.77050000e-09  0.00000000e+00  2.50000000e+00 -2.51001650e-12 
 1.77150000e-09  1.77150000e-09  0.00000000e+00  2.50000000e+00 -2.51001650e-12 
 1.77250000e-09  1.77250000e-09  0.00000000e+00  2.50000000e+00 -2.51001650e-12 
 1.77350000e-09  1.77350000e-09  0.00000000e+00  2.50000000e+00 -2.51001650e-12 
 1.77450000e-09  1.77450000e-09  0.00000000e+00  2.50000000e+00 -2.51001650e-12 
 1.77550000e-09  1.77550000e-09  0.00000000e+00  2.50000000e+00 -2.51001650e-12 
 1.77650000e-09  1.77650000e-09  0.00000000e+00  2.50000000e+00 -2.51001650e-12 
 1.77750000e-09  1.77750000e-09  0.00000000e+00  2.50000000e+00 -2.51001650e-12 
 1.77850000e-09  1.77850000e-09  0.00000000e+00  2.50000000e+00 -2.51001650e-12 
 1.77950000e-09  1.77950000e-09  0.00000000e+00  2.50000000e+00 -2.51001650e-12 
 1.78050000e-09  1.78050000e-09  0.00000000e+00  2.50000000e+00 -2.51001650e-12 
 1.78150000e-09  1.78150000e-09  0.00000000e+00  2.50000000e+00 -2.51001650e-12 
 1.78250000e-09  1.78250000e-09  0.00000000e+00  2.50000000e+00 -2.51001650e-12 
 1.78350000e-09  1.78350000e-09  0.00000000e+00  2.50000000e+00 -2.51001650e-12 
 1.78450000e-09  1.78450000e-09  0.00000000e+00  2.50000000e+00 -2.51001650e-12 
 1.78550000e-09  1.78550000e-09  0.00000000e+00  2.50000000e+00 -2.51001650e-12 
 1.78650000e-09  1.78650000e-09  0.00000000e+00  2.50000000e+00 -2.51001650e-12 
 1.78750000e-09  1.78750000e-09  0.00000000e+00  2.50000000e+00 -2.51001650e-12 
 1.78850000e-09  1.78850000e-09  0.00000000e+00  2.50000000e+00 -2.51001650e-12 
 1.78950000e-09  1.78950000e-09  0.00000000e+00  2.50000000e+00 -2.51001650e-12 
 1.79050000e-09  1.79050000e-09  0.00000000e+00  2.50000000e+00 -2.51001650e-12 
 1.79150000e-09  1.79150000e-09  0.00000000e+00  2.50000000e+00 -2.51001650e-12 
 1.79250000e-09  1.79250000e-09  0.00000000e+00  2.50000000e+00 -2.51001650e-12 
 1.79350000e-09  1.79350000e-09  0.00000000e+00  2.50000000e+00 -2.51001650e-12 
 1.79450000e-09  1.79450000e-09  0.00000000e+00  2.50000000e+00 -2.51001650e-12 
 1.79550000e-09  1.79550000e-09  0.00000000e+00  2.50000000e+00 -2.51001650e-12 
 1.79650000e-09  1.79650000e-09  0.00000000e+00  2.50000000e+00 -2.51001650e-12 
 1.79750000e-09  1.79750000e-09  0.00000000e+00  2.50000000e+00 -2.51001650e-12 
 1.79850000e-09  1.79850000e-09  0.00000000e+00  2.50000000e+00 -2.51001650e-12 
 1.79950000e-09  1.79950000e-09  0.00000000e+00  2.50000000e+00 -2.51001650e-12 
 1.80050000e-09  1.80050000e-09  0.00000000e+00  2.50000000e+00 -2.51001650e-12 
 1.80150000e-09  1.80150000e-09  0.00000000e+00  2.50000000e+00 -2.51001650e-12 
 1.80250000e-09  1.80250000e-09  0.00000000e+00  2.50000000e+00 -2.51001650e-12 
 1.80350000e-09  1.80350000e-09  0.00000000e+00  2.50000000e+00 -2.51001650e-12 
 1.80450000e-09  1.80450000e-09  0.00000000e+00  2.50000000e+00 -2.51001650e-12 
 1.80550000e-09  1.80550000e-09  0.00000000e+00  2.50000000e+00 -2.51001650e-12 
 1.80650000e-09  1.80650000e-09  0.00000000e+00  2.50000000e+00 -2.51001650e-12 
 1.80750000e-09  1.80750000e-09  0.00000000e+00  2.50000000e+00 -2.51001650e-12 
 1.80850000e-09  1.80850000e-09  0.00000000e+00  2.50000000e+00 -2.51001650e-12 
 1.80950000e-09  1.80950000e-09  0.00000000e+00  2.50000000e+00 -2.51001650e-12 
 1.81050000e-09  1.81050000e-09  0.00000000e+00  2.50000000e+00 -2.51001650e-12 
 1.81150000e-09  1.81150000e-09  0.00000000e+00  2.50000000e+00 -2.51001650e-12 
 1.81250000e-09  1.81250000e-09  0.00000000e+00  2.50000000e+00 -2.51001650e-12 
 1.81350000e-09  1.81350000e-09  0.00000000e+00  2.50000000e+00 -2.51001650e-12 
 1.81450000e-09  1.81450000e-09  0.00000000e+00  2.50000000e+00 -2.51001650e-12 
 1.81550000e-09  1.81550000e-09  0.00000000e+00  2.50000000e+00 -2.51001650e-12 
 1.81650000e-09  1.81650000e-09  0.00000000e+00  2.50000000e+00 -2.51001650e-12 
 1.81750000e-09  1.81750000e-09  0.00000000e+00  2.50000000e+00 -2.51001650e-12 
 1.81850000e-09  1.81850000e-09  0.00000000e+00  2.50000000e+00 -2.51001650e-12 
 1.81950000e-09  1.81950000e-09  0.00000000e+00  2.50000000e+00 -2.51001650e-12 
 1.82050000e-09  1.82050000e-09  0.00000000e+00  2.50000000e+00 -2.51001650e-12 
 1.82150000e-09  1.82150000e-09  0.00000000e+00  2.50000000e+00 -2.51001650e-12 
 1.82250000e-09  1.82250000e-09  0.00000000e+00  2.50000000e+00 -2.51001650e-12 
 1.82350000e-09  1.82350000e-09  0.00000000e+00  2.50000000e+00 -2.51001650e-12 
 1.82450000e-09  1.82450000e-09  0.00000000e+00  2.50000000e+00 -2.51001650e-12 
 1.82550000e-09  1.82550000e-09  0.00000000e+00  2.50000000e+00 -2.51001650e-12 
 1.82650000e-09  1.82650000e-09  0.00000000e+00  2.50000000e+00 -2.51001650e-12 
 1.82750000e-09  1.82750000e-09  0.00000000e+00  2.50000000e+00 -2.51001650e-12 
 1.82850000e-09  1.82850000e-09  0.00000000e+00  2.50000000e+00 -2.51001650e-12 
 1.82950000e-09  1.82950000e-09  0.00000000e+00  2.50000000e+00 -2.51001650e-12 
 1.83050000e-09  1.83050000e-09  0.00000000e+00  2.50000000e+00 -2.51001650e-12 
 1.83150000e-09  1.83150000e-09  0.00000000e+00  2.50000000e+00 -2.51001650e-12 
 1.83250000e-09  1.83250000e-09  0.00000000e+00  2.50000000e+00 -2.51001650e-12 
 1.83350000e-09  1.83350000e-09  0.00000000e+00  2.50000000e+00 -2.51001650e-12 
 1.83450000e-09  1.83450000e-09  0.00000000e+00  2.50000000e+00 -2.51001650e-12 
 1.83550000e-09  1.83550000e-09  0.00000000e+00  2.50000000e+00 -2.51001650e-12 
 1.83650000e-09  1.83650000e-09  0.00000000e+00  2.50000000e+00 -2.51001650e-12 
 1.83750000e-09  1.83750000e-09  0.00000000e+00  2.50000000e+00 -2.51001650e-12 
 1.83850000e-09  1.83850000e-09  0.00000000e+00  2.50000000e+00 -2.51001650e-12 
 1.83950000e-09  1.83950000e-09  0.00000000e+00  2.50000000e+00 -2.51001650e-12 
 1.84050000e-09  1.84050000e-09  0.00000000e+00  2.50000000e+00 -2.51001650e-12 
 1.84150000e-09  1.84150000e-09  0.00000000e+00  2.50000000e+00 -2.51001650e-12 
 1.84250000e-09  1.84250000e-09  0.00000000e+00  2.50000000e+00 -2.51001650e-12 
 1.84350000e-09  1.84350000e-09  0.00000000e+00  2.50000000e+00 -2.51001650e-12 
 1.84450000e-09  1.84450000e-09  0.00000000e+00  2.50000000e+00 -2.51001650e-12 
 1.84550000e-09  1.84550000e-09  0.00000000e+00  2.50000000e+00 -2.51001650e-12 
 1.84650000e-09  1.84650000e-09  0.00000000e+00  2.50000000e+00 -2.51001650e-12 
 1.84750000e-09  1.84750000e-09  0.00000000e+00  2.50000000e+00 -2.51001650e-12 
 1.84850000e-09  1.84850000e-09  0.00000000e+00  2.50000000e+00 -2.51001650e-12 
 1.84950000e-09  1.84950000e-09  0.00000000e+00  2.50000000e+00 -2.51001650e-12 
 1.85050000e-09  1.85050000e-09  0.00000000e+00  2.50000000e+00 -2.51001650e-12 
 1.85150000e-09  1.85150000e-09  0.00000000e+00  2.50000000e+00 -2.51001650e-12 
 1.85250000e-09  1.85250000e-09  0.00000000e+00  2.50000000e+00 -2.51001650e-12 
 1.85350000e-09  1.85350000e-09  0.00000000e+00  2.50000000e+00 -2.51001650e-12 
 1.85450000e-09  1.85450000e-09  0.00000000e+00  2.50000000e+00 -2.51001650e-12 
 1.85550000e-09  1.85550000e-09  0.00000000e+00  2.50000000e+00 -2.51001650e-12 
 1.85650000e-09  1.85650000e-09  0.00000000e+00  2.50000000e+00 -2.51001650e-12 
 1.85750000e-09  1.85750000e-09  0.00000000e+00  2.50000000e+00 -2.51001650e-12 
 1.85850000e-09  1.85850000e-09  0.00000000e+00  2.50000000e+00 -2.51001650e-12 
 1.85950000e-09  1.85950000e-09  0.00000000e+00  2.50000000e+00 -2.51001650e-12 
 1.86050000e-09  1.86050000e-09  0.00000000e+00  2.50000000e+00 -2.51001650e-12 
 1.86150000e-09  1.86150000e-09  0.00000000e+00  2.50000000e+00 -2.51001650e-12 
 1.86250000e-09  1.86250000e-09  0.00000000e+00  2.50000000e+00 -2.51001650e-12 
 1.86350000e-09  1.86350000e-09  0.00000000e+00  2.50000000e+00 -2.51001650e-12 
 1.86450000e-09  1.86450000e-09  0.00000000e+00  2.50000000e+00 -2.51001650e-12 
 1.86550000e-09  1.86550000e-09  0.00000000e+00  2.50000000e+00 -2.51001650e-12 
 1.86650000e-09  1.86650000e-09  0.00000000e+00  2.50000000e+00 -2.51001650e-12 
 1.86750000e-09  1.86750000e-09  0.00000000e+00  2.50000000e+00 -2.51001650e-12 
 1.86850000e-09  1.86850000e-09  0.00000000e+00  2.50000000e+00 -2.51001650e-12 
 1.86950000e-09  1.86950000e-09  0.00000000e+00  2.50000000e+00 -2.51001650e-12 
 1.87050000e-09  1.87050000e-09  0.00000000e+00  2.50000000e+00 -2.51001650e-12 
 1.87150000e-09  1.87150000e-09  0.00000000e+00  2.50000000e+00 -2.51001650e-12 
 1.87250000e-09  1.87250000e-09  0.00000000e+00  2.50000000e+00 -2.51001650e-12 
 1.87350000e-09  1.87350000e-09  0.00000000e+00  2.50000000e+00 -2.51001650e-12 
 1.87450000e-09  1.87450000e-09  0.00000000e+00  2.50000000e+00 -2.51001650e-12 
 1.87550000e-09  1.87550000e-09  0.00000000e+00  2.50000000e+00 -2.51001650e-12 
 1.87650000e-09  1.87650000e-09  0.00000000e+00  2.50000000e+00 -2.51001650e-12 
 1.87750000e-09  1.87750000e-09  0.00000000e+00  2.50000000e+00 -2.51001650e-12 
 1.87850000e-09  1.87850000e-09  0.00000000e+00  2.50000000e+00 -2.51001650e-12 
 1.87950000e-09  1.87950000e-09  0.00000000e+00  2.50000000e+00 -2.51001650e-12 
 1.88050000e-09  1.88050000e-09  0.00000000e+00  2.50000000e+00 -2.51001650e-12 
 1.88150000e-09  1.88150000e-09  0.00000000e+00  2.50000000e+00 -2.51001650e-12 
 1.88250000e-09  1.88250000e-09  0.00000000e+00  2.50000000e+00 -2.51001650e-12 
 1.88350000e-09  1.88350000e-09  0.00000000e+00  2.50000000e+00 -2.51001650e-12 
 1.88450000e-09  1.88450000e-09  0.00000000e+00  2.50000000e+00 -2.51001650e-12 
 1.88550000e-09  1.88550000e-09  0.00000000e+00  2.50000000e+00 -2.51001650e-12 
 1.88650000e-09  1.88650000e-09  0.00000000e+00  2.50000000e+00 -2.51001650e-12 
 1.88750000e-09  1.88750000e-09  0.00000000e+00  2.50000000e+00 -2.51001650e-12 
 1.88850000e-09  1.88850000e-09  0.00000000e+00  2.50000000e+00 -2.51001650e-12 
 1.88950000e-09  1.88950000e-09  0.00000000e+00  2.50000000e+00 -2.51001650e-12 
 1.89050000e-09  1.89050000e-09  0.00000000e+00  2.50000000e+00 -2.51001650e-12 
 1.89150000e-09  1.89150000e-09  0.00000000e+00  2.50000000e+00 -2.51001650e-12 
 1.89250000e-09  1.89250000e-09  0.00000000e+00  2.50000000e+00 -2.51001650e-12 
 1.89350000e-09  1.89350000e-09  0.00000000e+00  2.50000000e+00 -2.51001650e-12 
 1.89450000e-09  1.89450000e-09  0.00000000e+00  2.50000000e+00 -2.51001650e-12 
 1.89550000e-09  1.89550000e-09  0.00000000e+00  2.50000000e+00 -2.51001650e-12 
 1.89650000e-09  1.89650000e-09  0.00000000e+00  2.50000000e+00 -2.51001650e-12 
 1.89750000e-09  1.89750000e-09  0.00000000e+00  2.50000000e+00 -2.51001650e-12 
 1.89850000e-09  1.89850000e-09  0.00000000e+00  2.50000000e+00 -2.51001650e-12 
 1.89950000e-09  1.89950000e-09  0.00000000e+00  2.50000000e+00 -2.51001650e-12 
 1.90050000e-09  1.90050000e-09  0.00000000e+00  2.50000000e+00 -2.51001650e-12 
 1.90150000e-09  1.90150000e-09  0.00000000e+00  2.50000000e+00 -2.51001650e-12 
 1.90250000e-09  1.90250000e-09  0.00000000e+00  2.50000000e+00 -2.51001650e-12 
 1.90350000e-09  1.90350000e-09  0.00000000e+00  2.50000000e+00 -2.51001650e-12 
 1.90450000e-09  1.90450000e-09  0.00000000e+00  2.50000000e+00 -2.51001650e-12 
 1.90550000e-09  1.90550000e-09  0.00000000e+00  2.50000000e+00 -2.51001650e-12 
 1.90650000e-09  1.90650000e-09  0.00000000e+00  2.50000000e+00 -2.51001650e-12 
 1.90750000e-09  1.90750000e-09  0.00000000e+00  2.50000000e+00 -2.51001650e-12 
 1.90850000e-09  1.90850000e-09  0.00000000e+00  2.50000000e+00 -2.51001650e-12 
 1.90950000e-09  1.90950000e-09  0.00000000e+00  2.50000000e+00 -2.51001650e-12 
 1.91050000e-09  1.91050000e-09  0.00000000e+00  2.50000000e+00 -2.51001650e-12 
 1.91150000e-09  1.91150000e-09  0.00000000e+00  2.50000000e+00 -2.51001650e-12 
 1.91250000e-09  1.91250000e-09  0.00000000e+00  2.50000000e+00 -2.51001650e-12 
 1.91350000e-09  1.91350000e-09  0.00000000e+00  2.50000000e+00 -2.51001650e-12 
 1.91450000e-09  1.91450000e-09  0.00000000e+00  2.50000000e+00 -2.51001650e-12 
 1.91550000e-09  1.91550000e-09  0.00000000e+00  2.50000000e+00 -2.51001650e-12 
 1.91650000e-09  1.91650000e-09  0.00000000e+00  2.50000000e+00 -2.51001650e-12 
 1.91750000e-09  1.91750000e-09  0.00000000e+00  2.50000000e+00 -2.51001650e-12 
 1.91850000e-09  1.91850000e-09  0.00000000e+00  2.50000000e+00 -2.51001650e-12 
 1.91950000e-09  1.91950000e-09  0.00000000e+00  2.50000000e+00 -2.51001650e-12 
 1.92050000e-09  1.92050000e-09  0.00000000e+00  2.50000000e+00 -2.51001650e-12 
 1.92150000e-09  1.92150000e-09  0.00000000e+00  2.50000000e+00 -2.51001650e-12 
 1.92250000e-09  1.92250000e-09  0.00000000e+00  2.50000000e+00 -2.51001650e-12 
 1.92350000e-09  1.92350000e-09  0.00000000e+00  2.50000000e+00 -2.51001650e-12 
 1.92450000e-09  1.92450000e-09  0.00000000e+00  2.50000000e+00 -2.51001650e-12 
 1.92550000e-09  1.92550000e-09  0.00000000e+00  2.50000000e+00 -2.51001650e-12 
 1.92650000e-09  1.92650000e-09  0.00000000e+00  2.50000000e+00 -2.51001650e-12 
 1.92750000e-09  1.92750000e-09  0.00000000e+00  2.50000000e+00 -2.51001650e-12 
 1.92850000e-09  1.92850000e-09  0.00000000e+00  2.50000000e+00 -2.51001650e-12 
 1.92950000e-09  1.92950000e-09  0.00000000e+00  2.50000000e+00 -2.51001650e-12 
 1.93050000e-09  1.93050000e-09  0.00000000e+00  2.50000000e+00 -2.51001650e-12 
 1.93150000e-09  1.93150000e-09  0.00000000e+00  2.50000000e+00 -2.51001650e-12 
 1.93250000e-09  1.93250000e-09  0.00000000e+00  2.50000000e+00 -2.51001650e-12 
 1.93350000e-09  1.93350000e-09  0.00000000e+00  2.50000000e+00 -2.51001650e-12 
 1.93450000e-09  1.93450000e-09  0.00000000e+00  2.50000000e+00 -2.51001650e-12 
 1.93550000e-09  1.93550000e-09  0.00000000e+00  2.50000000e+00 -2.51001650e-12 
 1.93650000e-09  1.93650000e-09  0.00000000e+00  2.50000000e+00 -2.51001650e-12 
 1.93750000e-09  1.93750000e-09  0.00000000e+00  2.50000000e+00 -2.51001650e-12 
 1.93850000e-09  1.93850000e-09  0.00000000e+00  2.50000000e+00 -2.51001650e-12 
 1.93950000e-09  1.93950000e-09  0.00000000e+00  2.50000000e+00 -2.51001650e-12 
 1.94050000e-09  1.94050000e-09  0.00000000e+00  2.50000000e+00 -2.51001650e-12 
 1.94150000e-09  1.94150000e-09  0.00000000e+00  2.50000000e+00 -2.51001650e-12 
 1.94250000e-09  1.94250000e-09  0.00000000e+00  2.50000000e+00 -2.51001650e-12 
 1.94350000e-09  1.94350000e-09  0.00000000e+00  2.50000000e+00 -2.51001650e-12 
 1.94450000e-09  1.94450000e-09  0.00000000e+00  2.50000000e+00 -2.51001650e-12 
 1.94550000e-09  1.94550000e-09  0.00000000e+00  2.50000000e+00 -2.51001650e-12 
 1.94650000e-09  1.94650000e-09  0.00000000e+00  2.50000000e+00 -2.51001650e-12 
 1.94750000e-09  1.94750000e-09  0.00000000e+00  2.50000000e+00 -2.51001650e-12 
 1.94850000e-09  1.94850000e-09  0.00000000e+00  2.50000000e+00 -2.51001650e-12 
 1.94950000e-09  1.94950000e-09  0.00000000e+00  2.50000000e+00 -2.51001650e-12 
 1.95050000e-09  1.95050000e-09  0.00000000e+00  2.50000000e+00 -2.51001650e-12 
 1.95150000e-09  1.95150000e-09  0.00000000e+00  2.50000000e+00 -2.51001650e-12 
 1.95250000e-09  1.95250000e-09  0.00000000e+00  2.50000000e+00 -2.51001650e-12 
 1.95350000e-09  1.95350000e-09  0.00000000e+00  2.50000000e+00 -2.51001650e-12 
 1.95450000e-09  1.95450000e-09  0.00000000e+00  2.50000000e+00 -2.51001650e-12 
 1.95550000e-09  1.95550000e-09  0.00000000e+00  2.50000000e+00 -2.51001650e-12 
 1.95650000e-09  1.95650000e-09  0.00000000e+00  2.50000000e+00 -2.51001650e-12 
 1.95750000e-09  1.95750000e-09  0.00000000e+00  2.50000000e+00 -2.51001650e-12 
 1.95850000e-09  1.95850000e-09  0.00000000e+00  2.50000000e+00 -2.51001650e-12 
 1.95950000e-09  1.95950000e-09  0.00000000e+00  2.50000000e+00 -2.51001650e-12 
 1.96050000e-09  1.96050000e-09  0.00000000e+00  2.50000000e+00 -2.51001650e-12 
 1.96150000e-09  1.96150000e-09  0.00000000e+00  2.50000000e+00 -2.51001650e-12 
 1.96250000e-09  1.96250000e-09  0.00000000e+00  2.50000000e+00 -2.51001650e-12 
 1.96350000e-09  1.96350000e-09  0.00000000e+00  2.50000000e+00 -2.51001650e-12 
 1.96450000e-09  1.96450000e-09  0.00000000e+00  2.50000000e+00 -2.51001650e-12 
 1.96550000e-09  1.96550000e-09  0.00000000e+00  2.50000000e+00 -2.51001650e-12 
 1.96650000e-09  1.96650000e-09  0.00000000e+00  2.50000000e+00 -2.51001650e-12 
 1.96750000e-09  1.96750000e-09  0.00000000e+00  2.50000000e+00 -2.51001650e-12 
 1.96850000e-09  1.96850000e-09  0.00000000e+00  2.50000000e+00 -2.51001650e-12 
 1.96950000e-09  1.96950000e-09  0.00000000e+00  2.50000000e+00 -2.51001650e-12 
 1.97050000e-09  1.97050000e-09  0.00000000e+00  2.50000000e+00 -2.51001650e-12 
 1.97150000e-09  1.97150000e-09  0.00000000e+00  2.50000000e+00 -2.51001650e-12 
 1.97250000e-09  1.97250000e-09  0.00000000e+00  2.50000000e+00 -2.51001650e-12 
 1.97350000e-09  1.97350000e-09  0.00000000e+00  2.50000000e+00 -2.51001650e-12 
 1.97450000e-09  1.97450000e-09  0.00000000e+00  2.50000000e+00 -2.51001650e-12 
 1.97550000e-09  1.97550000e-09  0.00000000e+00  2.50000000e+00 -2.51001650e-12 
 1.97650000e-09  1.97650000e-09  0.00000000e+00  2.50000000e+00 -2.51001650e-12 
 1.97750000e-09  1.97750000e-09  0.00000000e+00  2.50000000e+00 -2.51001650e-12 
 1.97850000e-09  1.97850000e-09  0.00000000e+00  2.50000000e+00 -2.51001650e-12 
 1.97950000e-09  1.97950000e-09  0.00000000e+00  2.50000000e+00 -2.51001650e-12 
 1.98050000e-09  1.98050000e-09  0.00000000e+00  2.50000000e+00 -2.51001650e-12 
 1.98150000e-09  1.98150000e-09  0.00000000e+00  2.50000000e+00 -2.51001650e-12 
 1.98250000e-09  1.98250000e-09  0.00000000e+00  2.50000000e+00 -2.51001650e-12 
 1.98350000e-09  1.98350000e-09  0.00000000e+00  2.50000000e+00 -2.51001650e-12 
 1.98450000e-09  1.98450000e-09  0.00000000e+00  2.50000000e+00 -2.51001650e-12 
 1.98550000e-09  1.98550000e-09  0.00000000e+00  2.50000000e+00 -2.51001650e-12 
 1.98650000e-09  1.98650000e-09  0.00000000e+00  2.50000000e+00 -2.51001650e-12 
 1.98750000e-09  1.98750000e-09  0.00000000e+00  2.50000000e+00 -2.51001650e-12 
 1.98850000e-09  1.98850000e-09  0.00000000e+00  2.50000000e+00 -2.51001650e-12 
 1.98950000e-09  1.98950000e-09  0.00000000e+00  2.50000000e+00 -2.51001650e-12 
 1.99050000e-09  1.99050000e-09  0.00000000e+00  2.50000000e+00 -2.51001650e-12 
 1.99150000e-09  1.99150000e-09  0.00000000e+00  2.50000000e+00 -2.51001650e-12 
 1.99250000e-09  1.99250000e-09  0.00000000e+00  2.50000000e+00 -2.51001650e-12 
 1.99350000e-09  1.99350000e-09  0.00000000e+00  2.50000000e+00 -2.51001650e-12 
 1.99450000e-09  1.99450000e-09  0.00000000e+00  2.50000000e+00 -2.51001650e-12 
 1.99550000e-09  1.99550000e-09  0.00000000e+00  2.50000000e+00 -2.51001650e-12 
 1.99650000e-09  1.99650000e-09  0.00000000e+00  2.50000000e+00 -2.51001650e-12 
 1.99750000e-09  1.99750000e-09  0.00000000e+00  2.50000000e+00 -2.51001650e-12 
 1.99850000e-09  1.99850000e-09  0.00000000e+00  2.50000000e+00 -2.51001650e-12 
 1.99950000e-09  1.99950000e-09  0.00000000e+00  2.50000000e+00 -2.51001650e-12 
 2.00050000e-09  2.00050000e-09  0.00000000e+00  2.50000000e+00 -2.51001650e-12 
 2.00150000e-09  2.00150000e-09  0.00000000e+00  2.50000000e+00 -2.51001650e-12 
 2.00250000e-09  2.00250000e-09  0.00000000e+00  2.50000000e+00 -2.51001650e-12 
 2.00350000e-09  2.00350000e-09  0.00000000e+00  2.50000000e+00 -2.51001650e-12 
 2.00450000e-09  2.00450000e-09  0.00000000e+00  2.50000000e+00 -2.51001650e-12 
 2.00550000e-09  2.00550000e-09  0.00000000e+00  2.50000000e+00 -2.51001650e-12 
 2.00650000e-09  2.00650000e-09  0.00000000e+00  2.50000000e+00 -2.51001650e-12 
 2.00750000e-09  2.00750000e-09  0.00000000e+00  2.50000000e+00 -2.51001650e-12 
 2.00850000e-09  2.00850000e-09  0.00000000e+00  2.50000000e+00 -2.51001650e-12 
 2.00950000e-09  2.00950000e-09  0.00000000e+00  2.50000000e+00 -2.51001650e-12 
 2.01050000e-09  2.01050000e-09  0.00000000e+00  2.50000000e+00 -2.51001650e-12 
 2.01150000e-09  2.01150000e-09  0.00000000e+00  2.50000000e+00 -2.51001650e-12 
 2.01250000e-09  2.01250000e-09  0.00000000e+00  2.50000000e+00 -2.51001650e-12 
 2.01350000e-09  2.01350000e-09  0.00000000e+00  2.50000000e+00 -2.51001650e-12 
 2.01450000e-09  2.01450000e-09  0.00000000e+00  2.50000000e+00 -2.51001650e-12 
 2.01550000e-09  2.01550000e-09  0.00000000e+00  2.50000000e+00 -2.51001650e-12 
 2.01650000e-09  2.01650000e-09  0.00000000e+00  2.50000000e+00 -2.51001650e-12 
 2.01750000e-09  2.01750000e-09  0.00000000e+00  2.50000000e+00 -2.51001650e-12 
 2.01850000e-09  2.01850000e-09  0.00000000e+00  2.50000000e+00 -2.51001650e-12 
 2.01950000e-09  2.01950000e-09  0.00000000e+00  2.50000000e+00 -2.51001650e-12 
 2.02050000e-09  2.02050000e-09  0.00000000e+00  2.50000000e+00 -2.51001650e-12 
 2.02150000e-09  2.02150000e-09  0.00000000e+00  2.50000000e+00 -2.51001650e-12 
 2.02250000e-09  2.02250000e-09  0.00000000e+00  2.50000000e+00 -2.51001650e-12 
 2.02350000e-09  2.02350000e-09  0.00000000e+00  2.50000000e+00 -2.51001650e-12 
 2.02450000e-09  2.02450000e-09  0.00000000e+00  2.50000000e+00 -2.51001650e-12 
 2.02550000e-09  2.02550000e-09  0.00000000e+00  2.50000000e+00 -2.51001650e-12 
 2.02650000e-09  2.02650000e-09  0.00000000e+00  2.50000000e+00 -2.51001650e-12 
 2.02750000e-09  2.02750000e-09  0.00000000e+00  2.50000000e+00 -2.51001650e-12 
 2.02850000e-09  2.02850000e-09  0.00000000e+00  2.50000000e+00 -2.51001650e-12 
 2.02950000e-09  2.02950000e-09  0.00000000e+00  2.50000000e+00 -2.51001650e-12 
 2.03050000e-09  2.03050000e-09  0.00000000e+00  2.50000000e+00 -2.51001650e-12 
 2.03150000e-09  2.03150000e-09  0.00000000e+00  2.50000000e+00 -2.51001650e-12 
 2.03250000e-09  2.03250000e-09  0.00000000e+00  2.50000000e+00 -2.51001650e-12 
 2.03350000e-09  2.03350000e-09  0.00000000e+00  2.50000000e+00 -2.51001650e-12 
 2.03450000e-09  2.03450000e-09  0.00000000e+00  2.50000000e+00 -2.51001650e-12 
 2.03550000e-09  2.03550000e-09  0.00000000e+00  2.50000000e+00 -2.51001650e-12 
 2.03650000e-09  2.03650000e-09  0.00000000e+00  2.50000000e+00 -2.51001650e-12 
 2.03750000e-09  2.03750000e-09  0.00000000e+00  2.50000000e+00 -2.51001650e-12 
 2.03850000e-09  2.03850000e-09  0.00000000e+00  2.50000000e+00 -2.51001650e-12 
 2.03950000e-09  2.03950000e-09  0.00000000e+00  2.50000000e+00 -2.51001650e-12 
 2.04050000e-09  2.04050000e-09  0.00000000e+00  2.50000000e+00 -2.51001650e-12 
 2.04150000e-09  2.04150000e-09  0.00000000e+00  2.50000000e+00 -2.51001650e-12 
 2.04250000e-09  2.04250000e-09  0.00000000e+00  2.50000000e+00 -2.51001650e-12 
 2.04350000e-09  2.04350000e-09  0.00000000e+00  2.50000000e+00 -2.51001650e-12 
 2.04450000e-09  2.04450000e-09  0.00000000e+00  2.50000000e+00 -2.51001650e-12 
 2.04550000e-09  2.04550000e-09  0.00000000e+00  2.50000000e+00 -2.51001650e-12 
 2.04650000e-09  2.04650000e-09  0.00000000e+00  2.50000000e+00 -2.51001650e-12 
 2.04750000e-09  2.04750000e-09  0.00000000e+00  2.50000000e+00 -2.51001650e-12 
 2.04850000e-09  2.04850000e-09  0.00000000e+00  2.50000000e+00 -2.51001650e-12 
 2.04950000e-09  2.04950000e-09  0.00000000e+00  2.50000000e+00 -2.51001650e-12 
 2.05050000e-09  2.05050000e-09  0.00000000e+00  2.50000000e+00 -2.51001650e-12 
 2.05150000e-09  2.05150000e-09  0.00000000e+00  2.50000000e+00 -2.51001650e-12 
 2.05250000e-09  2.05250000e-09  0.00000000e+00  2.50000000e+00 -2.51001650e-12 
 2.05350000e-09  2.05350000e-09  0.00000000e+00  2.50000000e+00 -2.51001650e-12 
 2.05450000e-09  2.05450000e-09  0.00000000e+00  2.50000000e+00 -2.51001650e-12 
 2.05550000e-09  2.05550000e-09  0.00000000e+00  2.50000000e+00 -2.51001650e-12 
 2.05650000e-09  2.05650000e-09  0.00000000e+00  2.50000000e+00 -2.51001650e-12 
 2.05750000e-09  2.05750000e-09  0.00000000e+00  2.50000000e+00 -2.51001650e-12 
 2.05850000e-09  2.05850000e-09  0.00000000e+00  2.50000000e+00 -2.51001650e-12 
 2.05950000e-09  2.05950000e-09  0.00000000e+00  2.50000000e+00 -2.51001650e-12 
 2.06050000e-09  2.06050000e-09  0.00000000e+00  2.50000000e+00 -2.51001650e-12 
 2.06150000e-09  2.06150000e-09  0.00000000e+00  2.50000000e+00 -2.51001650e-12 
 2.06250000e-09  2.06250000e-09  0.00000000e+00  2.50000000e+00 -2.51001650e-12 
 2.06350000e-09  2.06350000e-09  0.00000000e+00  2.50000000e+00 -2.51001650e-12 
 2.06450000e-09  2.06450000e-09  0.00000000e+00  2.50000000e+00 -2.51001650e-12 
 2.06550000e-09  2.06550000e-09  0.00000000e+00  2.50000000e+00 -2.51001650e-12 
 2.06650000e-09  2.06650000e-09  0.00000000e+00  2.50000000e+00 -2.51001650e-12 
 2.06750000e-09  2.06750000e-09  0.00000000e+00  2.50000000e+00 -2.51001650e-12 
 2.06850000e-09  2.06850000e-09  0.00000000e+00  2.50000000e+00 -2.51001650e-12 
 2.06950000e-09  2.06950000e-09  0.00000000e+00  2.50000000e+00 -2.51001650e-12 
 2.07050000e-09  2.07050000e-09  0.00000000e+00  2.50000000e+00 -2.51001650e-12 
 2.07150000e-09  2.07150000e-09  0.00000000e+00  2.50000000e+00 -2.51001650e-12 
 2.07250000e-09  2.07250000e-09  0.00000000e+00  2.50000000e+00 -2.51001650e-12 
 2.07350000e-09  2.07350000e-09  0.00000000e+00  2.50000000e+00 -2.51001650e-12 
 2.07450000e-09  2.07450000e-09  0.00000000e+00  2.50000000e+00 -2.51001650e-12 
 2.07550000e-09  2.07550000e-09  0.00000000e+00  2.50000000e+00 -2.51001650e-12 
 2.07650000e-09  2.07650000e-09  0.00000000e+00  2.50000000e+00 -2.51001650e-12 
 2.07750000e-09  2.07750000e-09  0.00000000e+00  2.50000000e+00 -2.51001650e-12 
 2.07850000e-09  2.07850000e-09  0.00000000e+00  2.50000000e+00 -2.51001650e-12 
 2.07950000e-09  2.07950000e-09  0.00000000e+00  2.50000000e+00 -2.51001650e-12 
 2.08050000e-09  2.08050000e-09  0.00000000e+00  2.50000000e+00 -2.51001650e-12 
 2.08150000e-09  2.08150000e-09  0.00000000e+00  2.50000000e+00 -2.51001650e-12 
 2.08250000e-09  2.08250000e-09  0.00000000e+00  2.50000000e+00 -2.51001650e-12 
 2.08350000e-09  2.08350000e-09  0.00000000e+00  2.50000000e+00 -2.51001650e-12 
 2.08450000e-09  2.08450000e-09  0.00000000e+00  2.50000000e+00 -2.51001650e-12 
 2.08550000e-09  2.08550000e-09  0.00000000e+00  2.50000000e+00 -2.51001650e-12 
 2.08650000e-09  2.08650000e-09  0.00000000e+00  2.50000000e+00 -2.51001650e-12 
 2.08750000e-09  2.08750000e-09  0.00000000e+00  2.50000000e+00 -2.51001650e-12 
 2.08850000e-09  2.08850000e-09  0.00000000e+00  2.50000000e+00 -2.51001650e-12 
 2.08950000e-09  2.08950000e-09  0.00000000e+00  2.50000000e+00 -2.51001650e-12 
 2.09050000e-09  2.09050000e-09  0.00000000e+00  2.50000000e+00 -2.51001650e-12 
 2.09150000e-09  2.09150000e-09  0.00000000e+00  2.50000000e+00 -2.51001650e-12 
 2.09250000e-09  2.09250000e-09  0.00000000e+00  2.50000000e+00 -2.51001650e-12 
 2.09350000e-09  2.09350000e-09  0.00000000e+00  2.50000000e+00 -2.51001650e-12 
 2.09450000e-09  2.09450000e-09  0.00000000e+00  2.50000000e+00 -2.51001650e-12 
 2.09550000e-09  2.09550000e-09  0.00000000e+00  2.50000000e+00 -2.51001650e-12 
 2.09650000e-09  2.09650000e-09  0.00000000e+00  2.50000000e+00 -2.51001650e-12 
 2.09750000e-09  2.09750000e-09  0.00000000e+00  2.50000000e+00 -2.51001650e-12 
 2.09850000e-09  2.09850000e-09  0.00000000e+00  2.50000000e+00 -2.51001650e-12 
 2.09950000e-09  2.09950000e-09  0.00000000e+00  2.50000000e+00 -2.51001650e-12 
 2.10050000e-09  2.10050000e-09  0.00000000e+00  2.50000000e+00 -2.51001650e-12 
 2.10150000e-09  2.10150000e-09  0.00000000e+00  2.50000000e+00 -2.51001650e-12 
 2.10250000e-09  2.10250000e-09  0.00000000e+00  2.50000000e+00 -2.51001650e-12 
 2.10350000e-09  2.10350000e-09  0.00000000e+00  2.50000000e+00 -2.51001650e-12 
 2.10450000e-09  2.10450000e-09  0.00000000e+00  2.50000000e+00 -2.51001650e-12 
 2.10550000e-09  2.10550000e-09  0.00000000e+00  2.50000000e+00 -2.51001650e-12 
 2.10650000e-09  2.10650000e-09  0.00000000e+00  2.50000000e+00 -2.51001650e-12 
 2.10750000e-09  2.10750000e-09  0.00000000e+00  2.50000000e+00 -2.51001650e-12 
 2.10850000e-09  2.10850000e-09  0.00000000e+00  2.50000000e+00 -2.51001650e-12 
 2.10950000e-09  2.10950000e-09  0.00000000e+00  2.50000000e+00 -2.51001650e-12 
 2.11050000e-09  2.11050000e-09  0.00000000e+00  2.50000000e+00 -2.51001650e-12 
 2.11150000e-09  2.11150000e-09  0.00000000e+00  2.50000000e+00 -2.51001650e-12 
 2.11250000e-09  2.11250000e-09  0.00000000e+00  2.50000000e+00 -2.51001650e-12 
 2.11350000e-09  2.11350000e-09  0.00000000e+00  2.50000000e+00 -2.51001650e-12 
 2.11450000e-09  2.11450000e-09  0.00000000e+00  2.50000000e+00 -2.51001650e-12 
 2.11550000e-09  2.11550000e-09  0.00000000e+00  2.50000000e+00 -2.51001650e-12 
 2.11650000e-09  2.11650000e-09  0.00000000e+00  2.50000000e+00 -2.51001650e-12 
 2.11750000e-09  2.11750000e-09  0.00000000e+00  2.50000000e+00 -2.51001650e-12 
 2.11850000e-09  2.11850000e-09  0.00000000e+00  2.50000000e+00 -2.51001650e-12 
 2.11950000e-09  2.11950000e-09  0.00000000e+00  2.50000000e+00 -2.51001650e-12 
 2.12050000e-09  2.12050000e-09  0.00000000e+00  2.50000000e+00 -2.51001650e-12 
 2.12150000e-09  2.12150000e-09  0.00000000e+00  2.50000000e+00 -2.51001650e-12 
 2.12250000e-09  2.12250000e-09  0.00000000e+00  2.50000000e+00 -2.51001650e-12 
 2.12350000e-09  2.12350000e-09  0.00000000e+00  2.50000000e+00 -2.51001650e-12 
 2.12450000e-09  2.12450000e-09  0.00000000e+00  2.50000000e+00 -2.51001650e-12 
 2.12550000e-09  2.12550000e-09  0.00000000e+00  2.50000000e+00 -2.51001650e-12 
 2.12650000e-09  2.12650000e-09  0.00000000e+00  2.50000000e+00 -2.51001650e-12 
 2.12750000e-09  2.12750000e-09  0.00000000e+00  2.50000000e+00 -2.51001650e-12 
 2.12850000e-09  2.12850000e-09  0.00000000e+00  2.50000000e+00 -2.51001650e-12 
 2.12950000e-09  2.12950000e-09  0.00000000e+00  2.50000000e+00 -2.51001650e-12 
 2.13050000e-09  2.13050000e-09  0.00000000e+00  2.50000000e+00 -2.51001650e-12 
 2.13150000e-09  2.13150000e-09  0.00000000e+00  2.50000000e+00 -2.51001650e-12 
 2.13250000e-09  2.13250000e-09  0.00000000e+00  2.50000000e+00 -2.51001650e-12 
 2.13350000e-09  2.13350000e-09  0.00000000e+00  2.50000000e+00 -2.51001650e-12 
 2.13450000e-09  2.13450000e-09  0.00000000e+00  2.50000000e+00 -2.51001650e-12 
 2.13550000e-09  2.13550000e-09  0.00000000e+00  2.50000000e+00 -2.51001650e-12 
 2.13650000e-09  2.13650000e-09  0.00000000e+00  2.50000000e+00 -2.51001650e-12 
 2.13750000e-09  2.13750000e-09  0.00000000e+00  2.50000000e+00 -2.51001650e-12 
 2.13850000e-09  2.13850000e-09  0.00000000e+00  2.50000000e+00 -2.51001650e-12 
 2.13950000e-09  2.13950000e-09  0.00000000e+00  2.50000000e+00 -2.51001650e-12 
 2.14050000e-09  2.14050000e-09  0.00000000e+00  2.50000000e+00 -2.51001650e-12 
 2.14150000e-09  2.14150000e-09  0.00000000e+00  2.50000000e+00 -2.51001650e-12 
 2.14250000e-09  2.14250000e-09  0.00000000e+00  2.50000000e+00 -2.51001650e-12 
 2.14350000e-09  2.14350000e-09  0.00000000e+00  2.50000000e+00 -2.51001650e-12 
 2.14450000e-09  2.14450000e-09  0.00000000e+00  2.50000000e+00 -2.51001650e-12 
 2.14550000e-09  2.14550000e-09  0.00000000e+00  2.50000000e+00 -2.51001650e-12 
 2.14650000e-09  2.14650000e-09  0.00000000e+00  2.50000000e+00 -2.51001650e-12 
 2.14750000e-09  2.14750000e-09  0.00000000e+00  2.50000000e+00 -2.51001650e-12 
 2.14850000e-09  2.14850000e-09  0.00000000e+00  2.50000000e+00 -2.51001650e-12 
 2.14950000e-09  2.14950000e-09  0.00000000e+00  2.50000000e+00 -2.51001650e-12 
 2.15050000e-09  2.15050000e-09  0.00000000e+00  2.50000000e+00 -2.51001650e-12 
 2.15150000e-09  2.15150000e-09  0.00000000e+00  2.50000000e+00 -2.51001650e-12 
 2.15250000e-09  2.15250000e-09  0.00000000e+00  2.50000000e+00 -2.51001650e-12 
 2.15350000e-09  2.15350000e-09  0.00000000e+00  2.50000000e+00 -2.51001650e-12 
 2.15450000e-09  2.15450000e-09  0.00000000e+00  2.50000000e+00 -2.51001650e-12 
 2.15550000e-09  2.15550000e-09  0.00000000e+00  2.50000000e+00 -2.51001650e-12 
 2.15650000e-09  2.15650000e-09  0.00000000e+00  2.50000000e+00 -2.51001650e-12 
 2.15750000e-09  2.15750000e-09  0.00000000e+00  2.50000000e+00 -2.51001650e-12 
 2.15850000e-09  2.15850000e-09  0.00000000e+00  2.50000000e+00 -2.51001650e-12 
 2.15950000e-09  2.15950000e-09  0.00000000e+00  2.50000000e+00 -2.51001650e-12 
 2.16050000e-09  2.16050000e-09  0.00000000e+00  2.50000000e+00 -2.51001650e-12 
 2.16150000e-09  2.16150000e-09  0.00000000e+00  2.50000000e+00 -2.51001650e-12 
 2.16250000e-09  2.16250000e-09  0.00000000e+00  2.50000000e+00 -2.51001650e-12 
 2.16350000e-09  2.16350000e-09  0.00000000e+00  2.50000000e+00 -2.51001650e-12 
 2.16450000e-09  2.16450000e-09  0.00000000e+00  2.50000000e+00 -2.51001650e-12 
 2.16550000e-09  2.16550000e-09  0.00000000e+00  2.50000000e+00 -2.51001650e-12 
 2.16650000e-09  2.16650000e-09  0.00000000e+00  2.50000000e+00 -2.51001650e-12 
 2.16750000e-09  2.16750000e-09  0.00000000e+00  2.50000000e+00 -2.51001650e-12 
 2.16850000e-09  2.16850000e-09  0.00000000e+00  2.50000000e+00 -2.51001650e-12 
 2.16950000e-09  2.16950000e-09  0.00000000e+00  2.50000000e+00 -2.51001650e-12 
 2.17050000e-09  2.17050000e-09  0.00000000e+00  2.50000000e+00 -2.51001650e-12 
 2.17150000e-09  2.17150000e-09  0.00000000e+00  2.50000000e+00 -2.51001650e-12 
 2.17250000e-09  2.17250000e-09  0.00000000e+00  2.50000000e+00 -2.51001650e-12 
 2.17350000e-09  2.17350000e-09  0.00000000e+00  2.50000000e+00 -2.51001650e-12 
 2.17450000e-09  2.17450000e-09  0.00000000e+00  2.50000000e+00 -2.51001650e-12 
 2.17550000e-09  2.17550000e-09  0.00000000e+00  2.50000000e+00 -2.51001650e-12 
 2.17650000e-09  2.17650000e-09  0.00000000e+00  2.50000000e+00 -2.51001650e-12 
 2.17750000e-09  2.17750000e-09  0.00000000e+00  2.50000000e+00 -2.51001650e-12 
 2.17850000e-09  2.17850000e-09  0.00000000e+00  2.50000000e+00 -2.51001650e-12 
 2.17950000e-09  2.17950000e-09  0.00000000e+00  2.50000000e+00 -2.51001650e-12 
 2.18050000e-09  2.18050000e-09  0.00000000e+00  2.50000000e+00 -2.51001650e-12 
 2.18150000e-09  2.18150000e-09  0.00000000e+00  2.50000000e+00 -2.51001650e-12 
 2.18250000e-09  2.18250000e-09  0.00000000e+00  2.50000000e+00 -2.51001650e-12 
 2.18350000e-09  2.18350000e-09  0.00000000e+00  2.50000000e+00 -2.51001650e-12 
 2.18450000e-09  2.18450000e-09  0.00000000e+00  2.50000000e+00 -2.51001650e-12 
 2.18550000e-09  2.18550000e-09  0.00000000e+00  2.50000000e+00 -2.51001650e-12 
 2.18650000e-09  2.18650000e-09  0.00000000e+00  2.50000000e+00 -2.51001650e-12 
 2.18750000e-09  2.18750000e-09  0.00000000e+00  2.50000000e+00 -2.51001650e-12 
 2.18850000e-09  2.18850000e-09  0.00000000e+00  2.50000000e+00 -2.51001650e-12 
 2.18950000e-09  2.18950000e-09  0.00000000e+00  2.50000000e+00 -2.51001650e-12 
 2.19050000e-09  2.19050000e-09  0.00000000e+00  2.50000000e+00 -2.51001650e-12 
 2.19150000e-09  2.19150000e-09  0.00000000e+00  2.50000000e+00 -2.51001650e-12 
 2.19250000e-09  2.19250000e-09  0.00000000e+00  2.50000000e+00 -2.51001650e-12 
 2.19350000e-09  2.19350000e-09  0.00000000e+00  2.50000000e+00 -2.51001650e-12 
 2.19450000e-09  2.19450000e-09  0.00000000e+00  2.50000000e+00 -2.51001650e-12 
 2.19550000e-09  2.19550000e-09  0.00000000e+00  2.50000000e+00 -2.51001650e-12 
 2.19650000e-09  2.19650000e-09  0.00000000e+00  2.50000000e+00 -2.51001650e-12 
 2.19750000e-09  2.19750000e-09  0.00000000e+00  2.50000000e+00 -2.51001650e-12 
 2.19850000e-09  2.19850000e-09  0.00000000e+00  2.50000000e+00 -2.51001650e-12 
 2.19925000e-09  2.19925000e-09  0.00000000e+00  2.50000000e+00 -2.51001216e-12 
 2.20000000e-09  2.20000000e-09  0.00000000e+00  2.50000000e+00 -2.51001043e-12 
 2.20010000e-09  2.20010000e-09  2.50000000e-03  2.50038613e+00  8.44292750e-05 
 2.20030000e-09  2.20030000e-09  7.50000000e-03  2.50115256e+00  8.58059721e-05 
 2.20070000e-09  2.20070000e-09  1.75000000e-02  2.50265105e+00  8.84962092e-05 
 2.20150000e-09  2.20150000e-09  3.75000000e-02  2.50551696e+00  9.35625329e-05 
 2.20250000e-09  2.20250000e-09  6.25000000e-02  2.50886959e+00  9.93726825e-05 
 2.20350000e-09  2.20350000e-09  8.75000000e-02  2.51198834e+00  1.04634789e-04 
 2.20450000e-09  2.20450000e-09  1.12500000e-01  2.51489502e+00  1.09413416e-04 
 2.20550000e-09  2.20550000e-09  1.37500000e-01  2.51760942e+00  1.13738842e-04 
 2.20650000e-09  2.20650000e-09  1.62500000e-01  2.52014952e+00  1.17666611e-04 
 2.20750000e-09  2.20750000e-09  1.87500000e-01  2.52253164e+00  1.21218818e-04 
 2.20850000e-09  2.20850000e-09  2.12500000e-01  2.52477066e+00  1.24443585e-04 
 2.20950000e-09  2.20950000e-09  2.37500000e-01  2.52688006e+00  1.27356279e-04 
 2.21050000e-09  2.21050000e-09  2.62500000e-01  2.52887215e+00  1.29998930e-04 
 2.21150000e-09  2.21150000e-09  2.87500000e-01  2.53075812e+00  1.32381392e-04 
 2.21250000e-09  2.21250000e-09  3.12500000e-01  2.53254818e+00  1.34540706e-04 
 2.21350000e-09  2.21350000e-09  3.37500000e-01  2.53425164e+00  1.36482215e-04 
 2.21450000e-09  2.21450000e-09  3.62500000e-01  2.53587699e+00  1.38238879e-04 
 2.21550000e-09  2.21550000e-09  3.87500000e-01  2.53743202e+00  1.39812354e-04 
 2.21650000e-09  2.21650000e-09  4.12500000e-01  2.53892382e+00  1.41232266e-04 
 2.21750000e-09  2.21750000e-09  4.37500000e-01  2.54035833e+00  1.42496382e-04 
 2.21850000e-09  2.21850000e-09  4.62500000e-01  2.54173660e+00  1.43677818e-04 
 2.21950000e-09  2.21950000e-09  4.87500000e-01  2.54304171e+00  1.44632262e-04 
 2.22050000e-09  2.22050000e-09  5.12500000e-01  2.54424897e+00  1.45397801e-04 
 2.22150000e-09  2.22150000e-09  5.37500000e-01  2.54534031e+00  1.45940391e-04 
 2.22250000e-09  2.22250000e-09  5.62500000e-01  2.54629844e+00  1.46257959e-04 
 2.22350000e-09  2.22350000e-09  5.87500000e-01  2.54710674e+00  1.46321297e-04 
 2.22450000e-09  2.22450000e-09  6.12500000e-01  2.54774913e+00  1.46133012e-04 
 2.22550000e-09  2.22550000e-09  6.37500000e-01  2.54821001e+00  1.45668275e-04 
 2.22650000e-09  2.22650000e-09  6.62500000e-01  2.54847416e+00  1.44933813e-04 
 2.22750000e-09  2.22750000e-09  6.87500000e-01  2.54852669e+00  1.43908703e-04 
 2.22850000e-09  2.22850000e-09  7.12500000e-01  2.54835291e+00  1.42603396e-04 
 2.22950000e-09  2.22950000e-09  7.37500000e-01  2.54793830e+00  1.41000544e-04 
 2.23050000e-09  2.23050000e-09  7.62500000e-01  2.54726842e+00  1.39114057e-04 
 2.23150000e-09  2.23150000e-09  7.87500000e-01  2.54632885e+00  1.36929959e-04 
 2.23250000e-09  2.23250000e-09  8.12500000e-01  2.54510512e+00  1.34465474e-04 
 2.23350000e-09  2.23350000e-09  8.37500000e-01  2.54358261e+00  1.31709906e-04 
 2.23450000e-09  2.23450000e-09  8.62500000e-01  2.54174657e+00  1.28683758e-04 
 2.23550000e-09  2.23550000e-09  8.87500000e-01  2.53958194e+00  1.25379634e-04 
 2.23650000e-09  2.23650000e-09  9.12500000e-01  2.53707338e+00  1.21821388e-04 
 2.23750000e-09  2.23750000e-09  9.37500000e-01  2.53420512e+00  1.18005054e-04 
 2.23850000e-09  2.23850000e-09  9.62500000e-01  2.53095182e+00  1.14072264e-04 
 2.23950000e-09  2.23950000e-09  9.87500000e-01  2.52729665e+00  1.09796281e-04 
 2.24050000e-09  2.24050000e-09  1.01250000e+00  2.52323121e+00  1.05323117e-04 
 2.24150000e-09  2.24150000e-09  1.03750000e+00  2.51873728e+00  1.00656665e-04 
 2.24250000e-09  2.24250000e-09  1.06250000e+00  2.51379582e+00  9.58326341e-05 
 2.24350000e-09  2.24350000e-09  1.08750000e+00  2.50838686e+00  9.08596084e-05 
 2.24450000e-09  2.24450000e-09  1.11250000e+00  2.50248943e+00  8.57783490e-05 
 2.24550000e-09  2.24550000e-09  1.13750000e+00  2.49608149e+00  8.05974699e-05 
 2.24650000e-09  2.24650000e-09  1.16250000e+00  2.48914038e+00  7.53386752e-05 
 2.24750000e-09  2.24750000e-09  1.18750000e+00  2.48164270e+00  7.00138456e-05 
 2.24850000e-09  2.24850000e-09  1.21250000e+00  2.47356379e+00  6.46695753e-05 
 2.24950000e-09  2.24950000e-09  1.23750000e+00  2.46487749e+00  5.93260380e-05 
 2.25050000e-09  2.25050000e-09  1.26250000e+00  2.45555601e+00  5.40364310e-05 
 2.25150000e-09  2.25150000e-09  1.28750000e+00  2.44556967e+00  4.88282474e-05 
 2.25250000e-09  2.25250000e-09  1.31250000e+00  2.43488669e+00  4.37628355e-05 
 2.25350000e-09  2.25350000e-09  1.33750000e+00  2.42347292e+00  3.88768139e-05 
 2.25450000e-09  2.25450000e-09  1.36250000e+00  2.41129141e+00  3.42418044e-05 
 2.25550000e-09  2.25550000e-09  1.38750000e+00  2.39830207e+00  2.99060583e-05 
 2.25650000e-09  2.25650000e-09  1.41250000e+00  2.38446102e+00  2.59544475e-05 
 2.25750000e-09  2.25750000e-09  1.43750000e+00  2.36971998e+00  2.24504078e-05 
 2.25850000e-09  2.25850000e-09  1.46250000e+00  2.35402528e+00  1.94963139e-05 
 2.25950000e-09  2.25950000e-09  1.48750000e+00  2.33731656e+00  1.71758803e-05 
 2.26050000e-09  2.26050000e-09  1.51250000e+00  2.31952506e+00  1.56150512e-05 
 2.26150000e-09  2.26150000e-09  1.53750000e+00  2.30057088e+00  1.49248918e-05 
 2.26250000e-09  2.26250000e-09  1.56250000e+00  2.28035900e+00  1.52626905e-05 
 2.26350000e-09  2.26350000e-09  1.58750000e+00  2.25877270e+00  1.67740280e-05 
 2.26450000e-09  2.26450000e-09  1.61250000e+00  2.23566223e+00  1.96497942e-05 
 2.26550000e-09  2.26550000e-09  1.63750000e+00  2.21082369e+00  2.40540504e-05 
 2.26650000e-09  2.26650000e-09  1.66250000e+00  2.18395527e+00  3.01337095e-05 
 2.26750000e-09  2.26750000e-09  1.68750000e+00  2.15454375e+00  3.77976871e-05 
 2.26850000e-09  2.26850000e-09  1.71250000e+00  2.12210601e+00  4.60015958e-05 
 2.26950000e-09  2.26950000e-09  1.73750000e+00  2.08716685e+00  5.36580179e-05 
 2.27050000e-09  2.27050000e-09  1.76250000e+00  2.05043817e+00  6.07844077e-05 
 2.27150000e-09  2.27150000e-09  1.78750000e+00  2.01192607e+00  6.73646320e-05 
 2.27250000e-09  2.27250000e-09  1.81250000e+00  1.97163732e+00  7.34117511e-05 
 2.27350000e-09  2.27350000e-09  1.83750000e+00  1.92957940e+00  7.89089089e-05 
 2.27450000e-09  2.27450000e-09  1.86250000e+00  1.88576053e+00  8.38684452e-05 
 2.27550000e-09  2.27550000e-09  1.88750000e+00  1.84018968e+00  8.82727862e-05 
 2.27650000e-09  2.27650000e-09  1.91250000e+00  1.79287663e+00  9.21335574e-05 
 2.27750000e-09  2.27750000e-09  1.93750000e+00  1.74383193e+00  9.54324749e-05 
 2.27850000e-09  2.27850000e-09  1.96250000e+00  1.69306704e+00  9.81804587e-05 
 2.27950000e-09  2.27950000e-09  1.98750000e+00  1.64059423e+00  1.00358525e-04 
 2.28050000e-09  2.28050000e-09  2.01250000e+00  1.58642669e+00  1.01976900e-04 
 2.28150000e-09  2.28150000e-09  2.03750000e+00  1.53083859e+00  1.03015922e-04 
 2.28250000e-09  2.28250000e-09  2.06250000e+00  1.47423960e+00  1.03485118e-04 
 2.28350000e-09  2.28350000e-09  2.08750000e+00  1.41690021e+00  1.02353652e-04 
 2.28450000e-09  2.28450000e-09  2.11250000e+00  1.35907655e+00  1.00708710e-04 
 2.28550000e-09  2.28550000e-09  2.13750000e+00  1.30101836e+00  9.90563788e-05 
 2.28650000e-09  2.28650000e-09  2.16250000e+00  1.24297406e+00  9.74114368e-05 
 2.28750000e-09  2.28750000e-09  2.18750000e+00  1.18518729e+00  9.57591060e-05 
 2.28850000e-09  2.28850000e-09  2.21250000e+00  1.12789318e+00  9.41141640e-05 
 2.28950000e-09  2.28950000e-09  2.23750000e+00  1.07131512e+00  9.24618331e-05 
 2.29050000e-09  2.29050000e-09  2.26250000e+00  1.01566202e+00  9.08168911e-05 
 2.29150000e-09  2.29150000e-09  2.28750000e+00  9.61126033e-01  8.91645603e-05 
 2.29250000e-09  2.29250000e-09  2.31250000e+00  9.07880905e-01  8.75196183e-05 
 2.29350000e-09  2.29350000e-09  2.33750000e+00  8.56080720e-01  8.58672875e-05 
 2.29450000e-09  2.29450000e-09  2.36250000e+00  8.05859214e-01  8.42223455e-05 
 2.29550000e-09  2.29550000e-09  2.38750000e+00  7.57329517e-01  8.71861965e-05 
 2.29650000e-09  2.29650000e-09  2.41250000e+00  7.10584303e-01  9.21357999e-05 
 2.29750000e-09  2.29750000e-09  2.43750000e+00  6.65696312e-01  9.70780145e-05 
 2.29850000e-09  2.29850000e-09  2.46250000e+00  6.22719165e-01  1.02027618e-04 
 2.29925000e-09  2.29925000e-09  2.48125000e+00  5.91761702e-01  1.05733355e-04 
 2.30000000e-09  2.30000000e-09  2.50000000e+00  5.61908526e-01  1.09446482e-04 
 2.30010000e-09  2.30010000e-09  2.50000000e+00  5.57793139e-01 -1.95218520e-12 
 2.30030000e-09  2.30030000e-09  2.50000000e+00  5.49615534e-01 -1.96036280e-12 
 2.30070000e-09  2.30070000e-09  2.50000000e+00  5.33577628e-01 -1.97642152e-12 
 2.30150000e-09  2.30150000e-09  2.50000000e+00  5.02742909e-01 -2.00725624e-12 
 2.30250000e-09  2.30250000e-09  2.50000000e+00  4.66446310e-01 -2.04355284e-12 
 2.30350000e-09  2.30350000e-09  2.50000000e+00  4.32535620e-01 -2.07746353e-12 
 2.30450000e-09  2.30450000e-09  2.50000000e+00  4.00888141e-01 -2.10911101e-12 
 2.30550000e-09  2.30550000e-09  2.50000000e+00  3.71382342e-01 -2.13861681e-12 
 2.30650000e-09  2.30650000e-09  2.50000000e+00  3.43898764e-01 -2.16610039e-12 
 2.30750000e-09  2.30750000e-09  2.50000000e+00  3.18320771e-01 -2.19167838e-12 
 2.30850000e-09  2.30850000e-09  2.50000000e+00  2.94535142e-01 -2.21546401e-12 
 2.30950000e-09  2.30950000e-09  2.50000000e+00  2.72432530e-01 -2.23756662e-12 
 2.31050000e-09  2.31050000e-09  2.50000000e+00  2.51907809e-01 -2.25809134e-12 
 2.31150000e-09  2.31150000e-09  2.50000000e+00  2.32860309e-01 -2.27713884e-12 
 2.31250000e-09  2.31250000e-09  2.50000000e+00  2.15190494e-01 -2.29480866e-12 
 2.31350000e-09  2.31350000e-09  2.50000000e+00  1.98807770e-01 -2.31119138e-12 
 2.31450000e-09  2.31450000e-09  2.50000000e+00  1.83629621e-01 -2.32636953e-12 
 2.31550000e-09  2.31550000e-09  2.50000000e+00  1.69573849e-01 -2.34042530e-12 
 2.31650000e-09  2.31650000e-09  2.50000000e+00  1.56562903e-01 -2.35343625e-12 
 2.31750000e-09  2.31750000e-09  2.50000000e+00  1.44523767e-01 -2.36547539e-12 
 2.31850000e-09  2.31850000e-09  2.50000000e+00  1.33387824e-01 -2.37661133e-12 
 2.31950000e-09  2.31950000e-09  2.50000000e+00  1.23090701e-01 -2.38690845e-12 
 2.32050000e-09  2.32050000e-09  2.50000000e+00  1.13572101e-01 -2.39642705e-12 
 2.32150000e-09  2.32150000e-09  2.50000000e+00  1.04775624e-01 -2.40522353e-12 
 2.32250000e-09  2.32250000e-09  2.50000000e+00  9.66485854e-02 -2.41335057e-12 
 2.32350000e-09  2.32350000e-09  2.50000000e+00  8.91418244e-02 -2.42085733e-12 
 2.32450000e-09  2.32450000e-09  2.50000000e+00  8.22095215e-02 -2.42778963e-12 
 2.32550000e-09  2.32550000e-09  2.50000000e+00  7.58090108e-02 -2.43419014e-12 
 2.32650000e-09  2.32650000e-09  2.50000000e+00  6.99005996e-02 -2.44009855e-12 
 2.32750000e-09  2.32750000e-09  2.50000000e+00  6.44473908e-02 -2.44555176e-12 
 2.32850000e-09  2.32850000e-09  2.50000000e+00  5.94151119e-02 -2.45058404e-12 
 2.32950000e-09  2.32950000e-09  2.50000000e+00  5.47719500e-02 -2.45522720e-12 
 2.33050000e-09  2.33050000e-09  2.50000000e+00  5.04883936e-02 -2.45951076e-12 
 2.33150000e-09  2.33150000e-09  2.50000000e+00  4.65370824e-02 -2.46346207e-12 
 2.33250000e-09  2.33250000e-09  2.50000000e+00  4.28926631e-02 -2.46710649e-12 
 2.33350000e-09  2.33350000e-09  2.50000000e+00  3.95316544e-02 -2.47046750e-12 
 2.33450000e-09  2.33450000e-09  2.50000000e+00  3.64323176e-02 -2.47356684e-12 
 2.33550000e-09  2.33550000e-09  2.50000000e+00  3.35745360e-02 -2.47642462e-12 
 2.33650000e-09  2.33650000e-09  2.50000000e+00  3.09397006e-02 -2.47905945e-12 
 2.33750000e-09  2.33750000e-09  2.50000000e+00  2.85106032e-02 -2.48148855e-12 
 2.33850000e-09  2.33850000e-09  2.50000000e+00  2.62713357e-02 -2.48372782e-12 
 2.33950000e-09  2.33950000e-09  2.50000000e+00  2.42071965e-02 -2.48579196e-12 
 2.34050000e-09  2.34050000e-09  2.50000000e+00  2.23046021e-02 -2.48769455e-12 
 2.34150000e-09  2.34150000e-09  2.50000000e+00  2.05510057e-02 -2.48944815e-12 
 2.34250000e-09  2.34250000e-09  2.50000000e+00  1.89348204e-02 -2.49106433e-12 
 2.34350000e-09  2.34350000e-09  2.50000000e+00  1.74453480e-02 -2.49255381e-12 
 2.34450000e-09  2.34450000e-09  2.50000000e+00  1.60727125e-02 -2.49392644e-12 
 2.34550000e-09  2.34550000e-09  2.50000000e+00  1.48077990e-02 -2.49519135e-12 
 2.34650000e-09  2.34650000e-09  2.50000000e+00  1.36421960e-02 -2.49635696e-12 
 2.34750000e-09  2.34750000e-09  2.50000000e+00  1.25681425e-02 -2.49743101e-12 
 2.34850000e-09  2.34850000e-09  2.50000000e+00  1.15784784e-02 -2.49842067e-12 
 2.34950000e-09  2.34950000e-09  2.50000000e+00  1.06665991e-02 -2.49933255e-12 
 2.35050000e-09  2.35050000e-09  2.50000000e+00  9.82641293e-03 -2.50017274e-12 
 2.35150000e-09  2.35150000e-09  2.50000000e+00  9.05230193e-03 -2.50094685e-12 
 2.35250000e-09  2.35250000e-09  2.50000000e+00  8.33908556e-03 -2.50166007e-12 
 2.35350000e-09  2.35350000e-09  2.50000000e+00  7.68198706e-03 -2.50231717e-12 
 2.35450000e-09  2.35450000e-09  2.50000000e+00  7.07660232e-03 -2.50292255e-12 
 2.35550000e-09  2.35550000e-09  2.50000000e+00  6.51887115e-03 -2.50348028e-12 
 2.35650000e-09  2.35650000e-09  2.50000000e+00  6.00505066e-03 -2.50399410e-12 
 2.35750000e-09  2.35750000e-09  2.50000000e+00  5.53169069e-03 -2.50446746e-12 
 2.35850000e-09  2.35850000e-09  2.50000000e+00  5.09561112e-03 -2.50490354e-12 
 2.35950000e-09  2.35950000e-09  2.50000000e+00  4.69388089e-03 -2.50530527e-12 
 2.36050000e-09  2.36050000e-09  2.50000000e+00  4.32379860e-03 -2.50567535e-12 
 2.36150000e-09  2.36150000e-09  2.50000000e+00  3.98287467e-03 -2.50601628e-12 
 2.36250000e-09  2.36250000e-09  2.50000000e+00  3.66881482e-03 -2.50633034e-12 
 2.36350000e-09  2.36350000e-09  2.50000000e+00  3.37950483e-03 -2.50661965e-12 
 2.36450000e-09  2.36450000e-09  2.50000000e+00  3.11299645e-03 -2.50688616e-12 
 2.36550000e-09  2.36550000e-09  2.50000000e+00  2.86749449e-03 -2.50713166e-12 
 2.36650000e-09  2.36650000e-09  2.50000000e+00  2.64134479e-03 -2.50735781e-12 
 2.36750000e-09  2.36750000e-09  2.50000000e+00  2.43302321e-03 -2.50756613e-12 
 2.36850000e-09  2.36850000e-09  2.50000000e+00  2.24112545e-03 -2.50775803e-12 
 2.36950000e-09  2.36950000e-09  2.50000000e+00  2.06435764e-03 -2.50793480e-12 
 2.37050000e-09  2.37050000e-09  2.50000000e+00  1.90152771e-03 -2.50809763e-12 
 2.37150000e-09  2.37150000e-09  2.50000000e+00  1.75153738e-03 -2.50824762e-12 
 2.37250000e-09  2.37250000e-09  2.50000000e+00  1.61337480e-03 -2.50838578e-12 
 2.37350000e-09  2.37350000e-09  2.50000000e+00  1.48610778e-03 -2.50851305e-12 
 2.37450000e-09  2.37450000e-09  2.50000000e+00  1.36887751e-03 -2.50863028e-12 
 2.37550000e-09  2.37550000e-09  2.50000000e+00  1.26089283e-03 -2.50873826e-12 
 2.37650000e-09  2.37650000e-09  2.50000000e+00  1.16142486e-03 -2.50883773e-12 
 2.37750000e-09  2.37750000e-09  2.50000000e+00  1.06980217e-03 -2.50892935e-12 
 2.37850000e-09  2.37850000e-09  2.50000000e+00  9.85406190e-04 -2.50901375e-12 
 2.37950000e-09  2.37950000e-09  2.50000000e+00  9.07667112e-04 -2.50909149e-12 
 2.38050000e-09  2.38050000e-09  2.50000000e+00  8.36060015e-04 -2.50916309e-12 
 2.38150000e-09  2.38150000e-09  2.50000000e+00  7.70101352e-04 -2.50922905e-12 
 2.38250000e-09  2.38250000e-09  2.50000000e+00  7.09345683e-04 -2.50928981e-12 
 2.38350000e-09  2.38350000e-09  2.50000000e+00  6.53382679e-04 -2.50934577e-12 
 2.38450000e-09  2.38450000e-09  2.50000000e+00  6.01834358e-04 -2.50939732e-12 
 2.38550000e-09  2.38550000e-09  2.50000000e+00  5.54352533e-04 -2.50944480e-12 
 2.38650000e-09  2.38650000e-09  2.50000000e+00  5.10616472e-04 -2.50948854e-12 
 2.38750000e-09  2.38750000e-09  2.50000000e+00  4.70330725e-04 -2.50952882e-12 
 2.38850000e-09  2.38850000e-09  2.50000000e+00  4.33223144e-04 -2.50956593e-12 
 2.38950000e-09  2.38950000e-09  2.50000000e+00  3.99043037e-04 -2.50960011e-12 
 2.39050000e-09  2.39050000e-09  2.50000000e+00  3.67559482e-04 -2.50963159e-12 
 2.39150000e-09  2.39150000e-09  2.50000000e+00  3.38559767e-04 -2.50966059e-12 
 2.39250000e-09  2.39250000e-09  2.50000000e+00  3.11847957e-04 -2.50968731e-12 
 2.39350000e-09  2.39350000e-09  2.50000000e+00  2.87243568e-04 -2.50971191e-12 
 2.39450000e-09  2.39450000e-09  2.50000000e+00  2.64580352e-04 -2.50973457e-12 
 2.39550000e-09  2.39550000e-09  2.50000000e+00  2.43705173e-04 -2.50975545e-12 
 2.39650000e-09  2.39650000e-09  2.50000000e+00  2.24476972e-04 -2.50977468e-12 
 2.39750000e-09  2.39750000e-09  2.50000000e+00  2.06765820e-04 -2.50979239e-12 
 2.39850000e-09  2.39850000e-09  2.50000000e+00  1.90452034e-04 -2.50980870e-12 
 2.39950000e-09  2.39950000e-09  2.50000000e+00  1.75425372e-04 -2.50982373e-12 
 2.40050000e-09  2.40050000e-09  2.50000000e+00  1.61584289e-04 -2.50983757e-12 
 2.40150000e-09  2.40150000e-09  2.50000000e+00  1.48835248e-04 -2.50985032e-12 
 2.40250000e-09  2.40250000e-09  2.50000000e+00  1.37092095e-04 -2.50986206e-12 
 2.40350000e-09  2.40350000e-09  2.50000000e+00  1.26275469e-04 -2.50987288e-12 
 2.40450000e-09  2.40450000e-09  2.50000000e+00  1.16312271e-04 -2.50988284e-12 
 2.40550000e-09  2.40550000e-09  2.50000000e+00  1.07135168e-04 -2.50989202e-12 
 2.40650000e-09  2.40650000e-09  2.50000000e+00  9.86821402e-05 -2.50990047e-12 
 2.40750000e-09  2.40750000e-09  2.50000000e+00  9.08960590e-05 -2.50990826e-12 
 2.40850000e-09  2.40850000e-09  2.50000000e+00  8.37243039e-05 -2.50991543e-12 
 2.40950000e-09  2.40950000e-09  2.50000000e+00  7.71184057e-05 -2.50992203e-12 
 2.41050000e-09  2.41050000e-09  2.50000000e+00  7.10337191e-05 -2.50992812e-12 
 2.41150000e-09  2.41150000e-09  2.50000000e+00  6.54291208e-05 -2.50993372e-12 
 2.41250000e-09  2.41250000e-09  2.50000000e+00  6.02667322e-05 -2.50993889e-12 
 2.41350000e-09  2.41350000e-09  2.50000000e+00  5.55116632e-05 -2.50994364e-12 
 2.41450000e-09  2.41450000e-09  2.50000000e+00  5.11317763e-05 -2.50994802e-12 
 2.41550000e-09  2.41550000e-09  2.50000000e+00  4.70974695e-05 -2.50995206e-12 
 2.41650000e-09  2.41650000e-09  2.50000000e+00  4.33814764e-05 -2.50995577e-12 
 2.41750000e-09  2.41750000e-09  2.50000000e+00  3.99586820e-05 -2.50995919e-12 
 2.41850000e-09  2.41850000e-09  2.50000000e+00  3.68059526e-05 -2.50996235e-12 
 2.41950000e-09  2.41950000e-09  2.50000000e+00  3.39019798e-05 -2.50996525e-12 
 2.42050000e-09  2.42050000e-09  2.50000000e+00  3.12271364e-05 -2.50996793e-12 
 2.42150000e-09  2.42150000e-09  2.50000000e+00  2.87633439e-05 -2.50997039e-12 
 2.42250000e-09  2.42250000e-09  2.50000000e+00  2.64939501e-05 -2.50997266e-12 
 2.42350000e-09  2.42350000e-09  2.50000000e+00  2.44036166e-05 -2.50997475e-12 
 2.42450000e-09  2.42450000e-09  2.50000000e+00  2.24782152e-05 -2.50997667e-12 
 2.42550000e-09  2.42550000e-09  2.50000000e+00  2.07047326e-05 -2.50997845e-12 
 2.42650000e-09  2.42650000e-09  2.50000000e+00  1.90711820e-05 -2.50998008e-12 
 2.42750000e-09  2.42750000e-09  2.50000000e+00  1.75665226e-05 -2.50998159e-12 
 2.42850000e-09  2.42850000e-09  2.50000000e+00  1.61805845e-05 -2.50998297e-12 
 2.42950000e-09  2.42950000e-09  2.50000000e+00  1.49040005e-05 -2.50998425e-12 
 2.43050000e-09  2.43050000e-09  2.50000000e+00  1.37281423e-05 -2.50998542e-12 
 2.43150000e-09  2.43150000e-09  2.50000000e+00  1.26450623e-05 -2.50998651e-12 
 2.43250000e-09  2.43250000e-09  2.50000000e+00  1.16474402e-05 -2.50998751e-12 
 2.43350000e-09  2.43350000e-09  2.50000000e+00  1.07285331e-05 -2.50998842e-12 
 2.43450000e-09  2.43450000e-09  2.50000000e+00  9.88213023e-06 -2.50998927e-12 
 2.43550000e-09  2.43550000e-09  2.50000000e+00  9.10251085e-06 -2.50999005e-12 
 2.43650000e-09  2.43650000e-09  2.50000000e+00  8.38440555e-06 -2.50999077e-12 
 2.43750000e-09  2.43750000e-09  2.50000000e+00  7.72296074e-06 -2.50999143e-12 
 2.43850000e-09  2.43850000e-09  2.50000000e+00  7.11370574e-06 -2.50999204e-12 
 2.43950000e-09  2.43950000e-09  2.50000000e+00  6.55252265e-06 -2.50999260e-12 
 2.44050000e-09  2.44050000e-09  2.50000000e+00  6.03561847e-06 -2.50999312e-12 
 2.44150000e-09  2.44150000e-09  2.50000000e+00  5.55949948e-06 -2.50999359e-12 
 2.44250000e-09  2.44250000e-09  2.50000000e+00  5.12094762e-06 -2.50999403e-12 
 2.44350000e-09  2.44350000e-09  2.50000000e+00  4.71699874e-06 -2.50999444e-12 
 2.44450000e-09  2.44450000e-09  2.50000000e+00  4.34492257e-06 -2.50999481e-12 
 2.44550000e-09  2.44550000e-09  2.50000000e+00  4.00220427e-06 -2.50999515e-12 
 2.44650000e-09  2.44650000e-09  2.50000000e+00  3.68652743e-06 -2.50999547e-12 
 2.44750000e-09  2.44750000e-09  2.50000000e+00  3.39575839e-06 -2.50999576e-12 
 2.44850000e-09  2.44850000e-09  2.50000000e+00  3.12793186e-06 -2.50999603e-12 
 2.44950000e-09  2.44950000e-09  2.50000000e+00  2.88123762e-06 -2.50999627e-12 
 2.45050000e-09  2.45050000e-09  2.50000000e+00  2.65400826e-06 -2.50999650e-12 
 2.45150000e-09  2.45150000e-09  2.50000000e+00  2.44470796e-06 -2.50999671e-12 
 2.45250000e-09  2.45250000e-09  2.50000000e+00  2.25192206e-06 -2.50999690e-12 
 2.45350000e-09  2.45350000e-09  2.50000000e+00  2.07434753e-06 -2.50999708e-12 
 2.45450000e-09  2.45450000e-09  2.50000000e+00  1.91078414e-06 -2.50999724e-12 
 2.45550000e-09  2.45550000e-09  2.50000000e+00  1.76012638e-06 -2.50999739e-12 
 2.45650000e-09  2.45650000e-09  2.50000000e+00  1.62135596e-06 -2.50999753e-12 
 2.45750000e-09  2.45750000e-09  2.50000000e+00  1.49353492e-06 -2.50999766e-12 
 2.45850000e-09  2.45850000e-09  2.50000000e+00  1.37579934e-06 -2.50999778e-12 
 2.45950000e-09  2.45950000e-09  2.50000000e+00  1.26735345e-06 -2.50999789e-12 
 2.46050000e-09  2.46050000e-09  2.50000000e+00  1.16746425e-06 -2.50999799e-12 
 2.46150000e-09  2.46150000e-09  2.50000000e+00  1.07545660e-06 -2.50999808e-12 
 2.46250000e-09  2.46250000e-09  2.50000000e+00  9.90708625e-07 -2.50999816e-12 
 2.46350000e-09  2.46350000e-09  2.50000000e+00  9.12647514e-07 -2.50999824e-12 
 2.46450000e-09  2.46450000e-09  2.50000000e+00  8.40745654e-07 -2.50999831e-12 
 2.46550000e-09  2.46550000e-09  2.50000000e+00  7.74517062e-07 -2.50999838e-12 
 2.46650000e-09  2.46650000e-09  2.50000000e+00  7.13514101e-07 -2.50999844e-12 
 2.46750000e-09  2.46750000e-09  2.50000000e+00  6.57324453e-07 -2.50999850e-12 
 2.46850000e-09  2.46850000e-09  2.50000000e+00  6.05568333e-07 -2.50999855e-12 
 2.46950000e-09  2.46950000e-09  2.50000000e+00  5.57895924e-07 -2.50999860e-12 
 2.47050000e-09  2.47050000e-09  2.50000000e+00  5.13985009e-07 -2.50999864e-12 
 2.47150000e-09  2.47150000e-09  2.50000000e+00  4.73538794e-07 -2.50999868e-12 
 2.47250000e-09  2.47250000e-09  2.50000000e+00  4.36283905e-07 -2.50999872e-12 
 2.47350000e-09  2.47350000e-09  2.50000000e+00  4.01968536e-07 -2.50999875e-12 
 2.47450000e-09  2.47450000e-09  2.50000000e+00  3.70360751e-07 -2.50999878e-12 
 2.47550000e-09  2.47550000e-09  2.50000000e+00  3.41246914e-07 -2.50999881e-12 
 2.47650000e-09  2.47650000e-09  2.50000000e+00  3.14430245e-07 -2.50999884e-12 
 2.47750000e-09  2.47750000e-09  2.50000000e+00  2.89729490e-07 -2.50999886e-12 
 2.47850000e-09  2.47850000e-09  2.50000000e+00  2.66977697e-07 -2.50999889e-12 
 2.47950000e-09  2.47950000e-09  2.50000000e+00  2.46021088e-07 -2.50999891e-12 
 2.48050000e-09  2.48050000e-09  2.50000000e+00  2.26718018e-07 -2.50999893e-12 
 2.48150000e-09  2.48150000e-09  2.50000000e+00  2.08938017e-07 -2.50999894e-12 
 2.48250000e-09  2.48250000e-09  2.50000000e+00  1.92560910e-07 -2.50999896e-12 
 2.48350000e-09  2.48350000e-09  2.50000000e+00  1.77476006e-07 -2.50999898e-12 
 2.48450000e-09  2.48450000e-09  2.50000000e+00  1.63581345e-07 -2.50999899e-12 
 2.48550000e-09  2.48550000e-09  2.50000000e+00  1.50783014e-07 -2.50999900e-12 
 2.48650000e-09  2.48650000e-09  2.50000000e+00  1.38994509e-07 -2.50999901e-12 
 2.48750000e-09  2.48750000e-09  2.50000000e+00  1.28136152e-07 -2.50999902e-12 
 2.48850000e-09  2.48850000e-09  2.50000000e+00  1.18134551e-07 -2.50999903e-12 
 2.48950000e-09  2.48950000e-09  2.50000000e+00  1.08922107e-07 -2.50999904e-12 
 2.49050000e-09  2.49050000e-09  2.50000000e+00  1.00436551e-07 -2.50999905e-12 
 2.49150000e-09  2.49150000e-09  2.50000000e+00  9.26205310e-08 -2.50999906e-12 
 2.49250000e-09  2.49250000e-09  2.50000000e+00  8.54212181e-08 -2.50999907e-12 
 2.49350000e-09  2.49350000e-09  2.50000000e+00  7.87899523e-08 -2.50999907e-12 
 2.49450000e-09  2.49450000e-09  2.50000000e+00  7.26819130e-08 -2.50999908e-12 
 2.49550000e-09  2.49550000e-09  2.50000000e+00  6.70558161e-08 -2.50999909e-12 
 2.49650000e-09  2.49650000e-09  2.50000000e+00  6.18736348e-08 -2.50999909e-12 
 2.49750000e-09  2.49750000e-09  2.50000000e+00  5.71003429e-08 -2.50999910e-12 
 2.49850000e-09  2.49850000e-09  2.50000000e+00  5.27036780e-08 -2.50999910e-12 
 2.49950000e-09  2.49950000e-09  2.50000000e+00  4.86539228e-08 -2.50999910e-12 
 2.50050000e-09  2.50050000e-09  2.50000000e+00  4.49237053e-08 -2.50999911e-12 
 2.50150000e-09  2.50150000e-09  2.50000000e+00  4.14878131e-08 -2.50999911e-12 
 2.50250000e-09  2.50250000e-09  2.50000000e+00  3.83230230e-08 -2.50999911e-12 
 2.50350000e-09  2.50350000e-09  2.50000000e+00  3.54079442e-08 -2.50999912e-12 
 2.50450000e-09  2.50450000e-09  2.50000000e+00  3.27228737e-08 -2.50999912e-12 
 2.50550000e-09  2.50550000e-09  2.50000000e+00  3.02496632e-08 -2.50999912e-12 
 2.50650000e-09  2.50650000e-09  2.50000000e+00  2.79715963e-08 -2.50999912e-12 
 2.50750000e-09  2.50750000e-09  2.50000000e+00  2.58732756e-08 -2.50999913e-12 
 2.50850000e-09  2.50850000e-09  2.50000000e+00  2.39405186e-08 -2.50999913e-12 
 2.50950000e-09  2.50950000e-09  2.50000000e+00  2.21602619e-08 -2.50999913e-12 
 2.51050000e-09  2.51050000e-09  2.50000000e+00  2.05204728e-08 -2.50999913e-12 
 2.51150000e-09  2.51150000e-09  2.50000000e+00  1.90100679e-08 -2.50999913e-12 
 2.51250000e-09  2.51250000e-09  2.50000000e+00  1.76188383e-08 -2.50999914e-12 
 2.51350000e-09  2.51350000e-09  2.50000000e+00  1.63373810e-08 -2.50999914e-12 
 2.51450000e-09  2.51450000e-09  2.50000000e+00  1.51570345e-08 -2.50999914e-12 
 2.51550000e-09  2.51550000e-09  2.50000000e+00  1.40698207e-08 -2.50999914e-12 
 2.51650000e-09  2.51650000e-09  2.50000000e+00  1.30683915e-08 -2.50999914e-12 
 2.51750000e-09  2.51750000e-09  2.50000000e+00  1.21459778e-08 -2.50999914e-12 
 2.51850000e-09  2.51850000e-09  2.50000000e+00  1.12963453e-08 -2.50999914e-12 
 2.51950000e-09  2.51950000e-09  2.50000000e+00  1.05137512e-08 -2.50999914e-12 
 2.52050000e-09  2.52050000e-09  2.50000000e+00  9.79290616e-09 -2.50999914e-12 
 2.52150000e-09  2.52150000e-09  2.50000000e+00  9.12893796e-09 -2.50999914e-12 
 2.52250000e-09  2.52250000e-09  2.50000000e+00  8.51735889e-09 -2.50999914e-12 
 2.52350000e-09  2.52350000e-09  2.50000000e+00  7.95403519e-09 -2.50999915e-12 
 2.52450000e-09  2.52450000e-09  2.50000000e+00  7.43515940e-09 -2.50999915e-12 
 2.52550000e-09  2.52550000e-09  2.50000000e+00  6.95722452e-09 -2.50999915e-12 
 2.52650000e-09  2.52650000e-09  2.50000000e+00  6.51700006e-09 -2.50999915e-12 
 2.52750000e-09  2.52750000e-09  2.50000000e+00  6.11151062e-09 -2.50999915e-12 
 2.52850000e-09  2.52850000e-09  2.50000000e+00  5.73801541e-09 -2.50999915e-12 
 2.52950000e-09  2.52950000e-09  2.50000000e+00  5.39399010e-09 -2.50999915e-12 
 2.53050000e-09  2.53050000e-09  2.50000000e+00  5.07710953e-09 -2.50999915e-12 
 2.53150000e-09  2.53150000e-09  2.50000000e+00  4.78523175e-09 -2.50999915e-12 
 2.53250000e-09  2.53250000e-09  2.50000000e+00  4.51638394e-09 -2.50999915e-12 
 2.53350000e-09  2.53350000e-09  2.50000000e+00  4.26874906e-09 -2.50999915e-12 
 2.53450000e-09  2.53450000e-09  2.50000000e+00  4.04065325e-09 -2.50999915e-12 
 2.53550000e-09  2.53550000e-09  2.50000000e+00  3.83055487e-09 -2.50999915e-12 
 2.53650000e-09  2.53650000e-09  2.50000000e+00  3.63703389e-09 -2.50999915e-12 
 2.53750000e-09  2.53750000e-09  2.50000000e+00  3.45878224e-09 -2.50999915e-12 
 2.53850000e-09  2.53850000e-09  2.50000000e+00  3.29459520e-09 -2.50999915e-12 
 2.53950000e-09  2.53950000e-09  2.50000000e+00  3.14336299e-09 -2.50999915e-12 
 2.54050000e-09  2.54050000e-09  2.50000000e+00  3.00406341e-09 -2.50999915e-12 
 2.54150000e-09  2.54150000e-09  2.50000000e+00  2.87575495e-09 -2.50999915e-12 
 2.54250000e-09  2.54250000e-09  2.50000000e+00  2.75757039e-09 -2.50999915e-12 
 2.54350000e-09  2.54350000e-09  2.50000000e+00  2.64871099e-09 -2.50999915e-12 
 2.54450000e-09  2.54450000e-09  2.50000000e+00  2.54844105e-09 -2.50999915e-12 
 2.54550000e-09  2.54550000e-09  2.50000000e+00  2.45608267e-09 -2.50999915e-12 
 2.54650000e-09  2.54650000e-09  2.50000000e+00  2.37101158e-09 -2.50999915e-12 
 2.54750000e-09  2.54750000e-09  2.50000000e+00  2.29265289e-09 -2.50999915e-12 
 2.54850000e-09  2.54850000e-09  2.50000000e+00  2.22047689e-09 -2.50999915e-12 
 2.54950000e-09  2.54950000e-09  2.50000000e+00  2.15399575e-09 -2.50999915e-12 
 2.55050000e-09  2.55050000e-09  2.50000000e+00  2.09276020e-09 -2.50999915e-12 
 2.55150000e-09  2.55150000e-09  2.50000000e+00  2.03635637e-09 -2.50999915e-12 
 2.55250000e-09  2.55250000e-09  2.50000000e+00  1.98440303e-09 -2.50999915e-12 
 2.55350000e-09  2.55350000e-09  2.50000000e+00  1.93654892e-09 -2.50999915e-12 
 2.55450000e-09  2.55450000e-09  2.50000000e+00  1.89247054e-09 -2.50999915e-12 
 2.55550000e-09  2.55550000e-09  2.50000000e+00  1.85187021e-09 -2.50999915e-12 
 2.55650000e-09  2.55650000e-09  2.50000000e+00  1.81447342e-09 -2.50999915e-12 
 2.55750000e-09  2.55750000e-09  2.50000000e+00  1.78002727e-09 -2.50999915e-12 
 2.55850000e-09  2.55850000e-09  2.50000000e+00  1.74829897e-09 -2.50999915e-12 
 2.55950000e-09  2.55950000e-09  2.50000000e+00  1.71907402e-09 -2.50999915e-12 
 2.56050000e-09  2.56050000e-09  2.50000000e+00  1.69215508e-09 -2.50999915e-12 
 2.56150000e-09  2.56150000e-09  2.50000000e+00  1.66736016e-09 -2.50999915e-12 
 2.56250000e-09  2.56250000e-09  2.50000000e+00  1.64452161e-09 -2.50999915e-12 
 2.56350000e-09  2.56350000e-09  2.50000000e+00  1.62348507e-09 -2.50999915e-12 
 2.56450000e-09  2.56450000e-09  2.50000000e+00  1.60410834e-09 -2.50999915e-12 
 2.56550000e-09  2.56550000e-09  2.50000000e+00  1.58626051e-09 -2.50999915e-12 
 2.56650000e-09  2.56650000e-09  2.50000000e+00  1.56982103e-09 -2.50999915e-12 
 2.56750000e-09  2.56750000e-09  2.50000000e+00  1.55467869e-09 -2.50999915e-12 
 2.56850000e-09  2.56850000e-09  2.50000000e+00  1.54073104e-09 -2.50999915e-12 
 2.56950000e-09  2.56950000e-09  2.50000000e+00  1.52788392e-09 -2.50999915e-12 
 2.57050000e-09  2.57050000e-09  2.50000000e+00  1.51605051e-09 -2.50999915e-12 
 2.57150000e-09  2.57150000e-09  2.50000000e+00  1.50515080e-09 -2.50999915e-12 
 2.57250000e-09  2.57250000e-09  2.50000000e+00  1.49511109e-09 -2.50999915e-12 
 2.57350000e-09  2.57350000e-09  2.50000000e+00  1.48586355e-09 -2.50999915e-12 
 2.57450000e-09  2.57450000e-09  2.50000000e+00  1.47734562e-09 -2.50999915e-12 
 2.57550000e-09  2.57550000e-09  2.50000000e+00  1.46949989e-09 -2.50999915e-12 
 2.57650000e-09  2.57650000e-09  2.50000000e+00  1.46227323e-09 -2.50999915e-12 
 2.57750000e-09  2.57750000e-09  2.50000000e+00  1.45561674e-09 -2.50999915e-12 
 2.57850000e-09  2.57850000e-09  2.50000000e+00  1.44948548e-09 -2.50999915e-12 
 2.57950000e-09  2.57950000e-09  2.50000000e+00  1.44383793e-09 -2.50999915e-12 
 2.58050000e-09  2.58050000e-09  2.50000000e+00  1.43863599e-09 -2.50999915e-12 
 2.58150000e-09  2.58150000e-09  2.50000000e+00  1.43384451e-09 -2.50999915e-12 
 2.58250000e-09  2.58250000e-09  2.50000000e+00  1.42943113e-09 -2.50999915e-12 
 2.58350000e-09  2.58350000e-09  2.50000000e+00  1.42536595e-09 -2.50999915e-12 
 2.58450000e-09  2.58450000e-09  2.50000000e+00  1.42162150e-09 -2.50999915e-12 
 2.58550000e-09  2.58550000e-09  2.50000000e+00  1.41817255e-09 -2.50999915e-12 
 2.58650000e-09  2.58650000e-09  2.50000000e+00  1.41499578e-09 -2.50999915e-12 
 2.58750000e-09  2.58750000e-09  2.50000000e+00  1.41206953e-09 -2.50999915e-12 
 2.58850000e-09  2.58850000e-09  2.50000000e+00  1.40937419e-09 -2.50999915e-12 
 2.58950000e-09  2.58950000e-09  2.50000000e+00  1.40689153e-09 -2.50999915e-12 
 2.59050000e-09  2.59050000e-09  2.50000000e+00  1.40460472e-09 -2.50999915e-12 
 2.59150000e-09  2.59150000e-09  2.50000000e+00  1.40249840e-09 -2.50999915e-12 
 2.59250000e-09  2.59250000e-09  2.50000000e+00  1.40055822e-09 -2.50999915e-12 
 2.59350000e-09  2.59350000e-09  2.50000000e+00  1.39877109e-09 -2.50999915e-12 
 2.59450000e-09  2.59450000e-09  2.50000000e+00  1.39712496e-09 -2.50999915e-12 
 2.59550000e-09  2.59550000e-09  2.50000000e+00  1.39560879e-09 -2.50999915e-12 
 2.59650000e-09  2.59650000e-09  2.50000000e+00  1.39421220e-09 -2.50999915e-12 
 2.59750000e-09  2.59750000e-09  2.50000000e+00  1.39292584e-09 -2.50999915e-12 
 2.59850000e-09  2.59850000e-09  2.50000000e+00  1.39174093e-09 -2.50999915e-12 
 2.59950000e-09  2.59950000e-09  2.50000000e+00  1.39064956e-09 -2.50999915e-12 
 2.60050000e-09  2.60050000e-09  2.50000000e+00  1.38964430e-09 -2.50999915e-12 
 2.60150000e-09  2.60150000e-09  2.50000000e+00  1.38871842e-09 -2.50999915e-12 
 2.60250000e-09  2.60250000e-09  2.50000000e+00  1.38786555e-09 -2.50999915e-12 
 2.60350000e-09  2.60350000e-09  2.50000000e+00  1.38707989e-09 -2.50999915e-12 
 2.60450000e-09  2.60450000e-09  2.50000000e+00  1.38635629e-09 -2.50999915e-12 
 2.60550000e-09  2.60550000e-09  2.50000000e+00  1.38568983e-09 -2.50999915e-12 
 2.60650000e-09  2.60650000e-09  2.50000000e+00  1.38507594e-09 -2.50999915e-12 
 2.60750000e-09  2.60750000e-09  2.50000000e+00  1.38451048e-09 -2.50999915e-12 
 2.60850000e-09  2.60850000e-09  2.50000000e+00  1.38398957e-09 -2.50999915e-12 
 2.60950000e-09  2.60950000e-09  2.50000000e+00  1.38350976e-09 -2.50999915e-12 
 2.61050000e-09  2.61050000e-09  2.50000000e+00  1.38306790e-09 -2.50999915e-12 
 2.61150000e-09  2.61150000e-09  2.50000000e+00  1.38266095e-09 -2.50999915e-12 
 2.61250000e-09  2.61250000e-09  2.50000000e+00  1.38228607e-09 -2.50999915e-12 
 2.61350000e-09  2.61350000e-09  2.50000000e+00  1.38194073e-09 -2.50999915e-12 
 2.61450000e-09  2.61450000e-09  2.50000000e+00  1.38162259e-09 -2.50999915e-12 
 2.61550000e-09  2.61550000e-09  2.50000000e+00  1.38132954e-09 -2.50999915e-12 
 2.61650000e-09  2.61650000e-09  2.50000000e+00  1.38105971e-09 -2.50999915e-12 
 2.61750000e-09  2.61750000e-09  2.50000000e+00  1.38081119e-09 -2.50999915e-12 
 2.61850000e-09  2.61850000e-09  2.50000000e+00  1.38058228e-09 -2.50999915e-12 
 2.61950000e-09  2.61950000e-09  2.50000000e+00  1.38037143e-09 -2.50999915e-12 
 2.62050000e-09  2.62050000e-09  2.50000000e+00  1.38017720e-09 -2.50999915e-12 
 2.62150000e-09  2.62150000e-09  2.50000000e+00  1.37999829e-09 -2.50999915e-12 
 2.62250000e-09  2.62250000e-09  2.50000000e+00  1.37983347e-09 -2.50999915e-12 
 2.62350000e-09  2.62350000e-09  2.50000000e+00  1.37968165e-09 -2.50999915e-12 
 2.62450000e-09  2.62450000e-09  2.50000000e+00  1.37954181e-09 -2.50999915e-12 
 2.62550000e-09  2.62550000e-09  2.50000000e+00  1.37941302e-09 -2.50999915e-12 
 2.62650000e-09  2.62650000e-09  2.50000000e+00  1.37929434e-09 -2.50999915e-12 
 2.62750000e-09  2.62750000e-09  2.50000000e+00  1.37918512e-09 -2.50999915e-12 
 2.62850000e-09  2.62850000e-09  2.50000000e+00  1.37908455e-09 -2.50999915e-12 
 2.62950000e-09  2.62950000e-09  2.50000000e+00  1.37899179e-09 -2.50999915e-12 
 2.63050000e-09  2.63050000e-09  2.50000000e+00  1.37890632e-09 -2.50999915e-12 
 2.63150000e-09  2.63150000e-09  2.50000000e+00  1.37882765e-09 -2.50999915e-12 
 2.63250000e-09  2.63250000e-09  2.50000000e+00  1.37875514e-09 -2.50999915e-12 
 2.63350000e-09  2.63350000e-09  2.50000000e+00  1.37868841e-09 -2.50999915e-12 
 2.63450000e-09  2.63450000e-09  2.50000000e+00  1.37862699e-09 -2.50999915e-12 
 2.63550000e-09  2.63550000e-09  2.50000000e+00  1.37857037e-09 -2.50999915e-12 
 2.63650000e-09  2.63650000e-09  2.50000000e+00  1.37851811e-09 -2.50999915e-12 
 2.63750000e-09  2.63750000e-09  2.50000000e+00  1.37847006e-09 -2.50999915e-12 
 2.63850000e-09  2.63850000e-09  2.50000000e+00  1.37842591e-09 -2.50999915e-12 
 2.63950000e-09  2.63950000e-09  2.50000000e+00  1.37838519e-09 -2.50999915e-12 
 2.64050000e-09  2.64050000e-09  2.50000000e+00  1.37834765e-09 -2.50999915e-12 
 2.64150000e-09  2.64150000e-09  2.50000000e+00  1.37831309e-09 -2.50999915e-12 
 2.64250000e-09  2.64250000e-09  2.50000000e+00  1.37828123e-09 -2.50999915e-12 
 2.64350000e-09  2.64350000e-09  2.50000000e+00  1.37825189e-09 -2.50999915e-12 
 2.64450000e-09  2.64450000e-09  2.50000000e+00  1.37822487e-09 -2.50999915e-12 
 2.64550000e-09  2.64550000e-09  2.50000000e+00  1.37820004e-09 -2.50999915e-12 
 2.64650000e-09  2.64650000e-09  2.50000000e+00  1.37817716e-09 -2.50999915e-12 
 2.64750000e-09  2.64750000e-09  2.50000000e+00  1.37815605e-09 -2.50999915e-12 
 2.64850000e-09  2.64850000e-09  2.50000000e+00  1.37813662e-09 -2.50999915e-12 
 2.64950000e-09  2.64950000e-09  2.50000000e+00  1.37811870e-09 -2.50999915e-12 
 2.65050000e-09  2.65050000e-09  2.50000000e+00  1.37810213e-09 -2.50999915e-12 
 2.65150000e-09  2.65150000e-09  2.50000000e+00  1.37808688e-09 -2.50999915e-12 
 2.65250000e-09  2.65250000e-09  2.50000000e+00  1.37807290e-09 -2.50999915e-12 
 2.65350000e-09  2.65350000e-09  2.50000000e+00  1.37805994e-09 -2.50999915e-12 
 2.65450000e-09  2.65450000e-09  2.50000000e+00  1.37804803e-09 -2.50999915e-12 
 2.65550000e-09  2.65550000e-09  2.50000000e+00  1.37803706e-09 -2.50999915e-12 
 2.65650000e-09  2.65650000e-09  2.50000000e+00  1.37802696e-09 -2.50999915e-12 
 2.65750000e-09  2.65750000e-09  2.50000000e+00  1.37801768e-09 -2.50999915e-12 
 2.65850000e-09  2.65850000e-09  2.50000000e+00  1.37800911e-09 -2.50999915e-12 
 2.65950000e-09  2.65950000e-09  2.50000000e+00  1.37800122e-09 -2.50999915e-12 
 2.66050000e-09  2.66050000e-09  2.50000000e+00  1.37799397e-09 -2.50999915e-12 
 2.66150000e-09  2.66150000e-09  2.50000000e+00  1.37798732e-09 -2.50999915e-12 
 2.66250000e-09  2.66250000e-09  2.50000000e+00  1.37798123e-09 -2.50999915e-12 
 2.66350000e-09  2.66350000e-09  2.50000000e+00  1.37797564e-09 -2.50999915e-12 
 2.66450000e-09  2.66450000e-09  2.50000000e+00  1.37797038e-09 -2.50999915e-12 
 2.66550000e-09  2.66550000e-09  2.50000000e+00  1.37796549e-09 -2.50999915e-12 
 2.66650000e-09  2.66650000e-09  2.50000000e+00  1.37796106e-09 -2.50999915e-12 
 2.66750000e-09  2.66750000e-09  2.50000000e+00  1.37795700e-09 -2.50999915e-12 
 2.66850000e-09  2.66850000e-09  2.50000000e+00  1.37795321e-09 -2.50999915e-12 
 2.66950000e-09  2.66950000e-09  2.50000000e+00  1.37794971e-09 -2.50999915e-12 
 2.67050000e-09  2.67050000e-09  2.50000000e+00  1.37794652e-09 -2.50999915e-12 
 2.67150000e-09  2.67150000e-09  2.50000000e+00  1.37794359e-09 -2.50999915e-12 
 2.67250000e-09  2.67250000e-09  2.50000000e+00  1.37794081e-09 -2.50999915e-12 
 2.67350000e-09  2.67350000e-09  2.50000000e+00  1.37793833e-09 -2.50999915e-12 
 2.67450000e-09  2.67450000e-09  2.50000000e+00  1.37793600e-09 -2.50999915e-12 
 2.67550000e-09  2.67550000e-09  2.50000000e+00  1.37793382e-09 -2.50999915e-12 
 2.67650000e-09  2.67650000e-09  2.50000000e+00  1.37793187e-09 -2.50999915e-12 
 2.67750000e-09  2.67750000e-09  2.50000000e+00  1.37793021e-09 -2.50999915e-12 
 2.67850000e-09  2.67850000e-09  2.50000000e+00  1.37792867e-09 -2.50999915e-12 
 2.67950000e-09  2.67950000e-09  2.50000000e+00  1.37792725e-09 -2.50999915e-12 
 2.68050000e-09  2.68050000e-09  2.50000000e+00  1.37792582e-09 -2.50999915e-12 
 2.68150000e-09  2.68150000e-09  2.50000000e+00  1.37792454e-09 -2.50999915e-12 
 2.68250000e-09  2.68250000e-09  2.50000000e+00  1.37792338e-09 -2.50999915e-12 
 2.68350000e-09  2.68350000e-09  2.50000000e+00  1.37792236e-09 -2.50999915e-12 
 2.68450000e-09  2.68450000e-09  2.50000000e+00  1.37792135e-09 -2.50999915e-12 
 2.68550000e-09  2.68550000e-09  2.50000000e+00  1.37792037e-09 -2.50999915e-12 
 2.68650000e-09  2.68650000e-09  2.50000000e+00  1.37791954e-09 -2.50999915e-12 
 2.68750000e-09  2.68750000e-09  2.50000000e+00  1.37791883e-09 -2.50999915e-12 
 2.68850000e-09  2.68850000e-09  2.50000000e+00  1.37791812e-09 -2.50999915e-12 
 2.68950000e-09  2.68950000e-09  2.50000000e+00  1.37791744e-09 -2.50999915e-12 
 2.69050000e-09  2.69050000e-09  2.50000000e+00  1.37791676e-09 -2.50999915e-12 
 2.69150000e-09  2.69150000e-09  2.50000000e+00  1.37791624e-09 -2.50999915e-12 
 2.69250000e-09  2.69250000e-09  2.50000000e+00  1.37791575e-09 -2.50999915e-12 
 2.69350000e-09  2.69350000e-09  2.50000000e+00  1.37791522e-09 -2.50999915e-12 
 2.69450000e-09  2.69450000e-09  2.50000000e+00  1.37791473e-09 -2.50999915e-12 
 2.69550000e-09  2.69550000e-09  2.50000000e+00  1.37791428e-09 -2.50999915e-12 
 2.69650000e-09  2.69650000e-09  2.50000000e+00  1.37791391e-09 -2.50999915e-12 
 2.69750000e-09  2.69750000e-09  2.50000000e+00  1.37791353e-09 -2.50999915e-12 
 2.69850000e-09  2.69850000e-09  2.50000000e+00  1.37791316e-09 -2.50999915e-12 
 2.69950000e-09  2.69950000e-09  2.50000000e+00  1.37791286e-09 -2.50999915e-12 
 2.70050000e-09  2.70050000e-09  2.50000000e+00  1.37791259e-09 -2.50999915e-12 
 2.70150000e-09  2.70150000e-09  2.50000000e+00  1.37791233e-09 -2.50999915e-12 
 2.70250000e-09  2.70250000e-09  2.50000000e+00  1.37791210e-09 -2.50999915e-12 
 2.70350000e-09  2.70350000e-09  2.50000000e+00  1.37791180e-09 -2.50999915e-12 
 2.70450000e-09  2.70450000e-09  2.50000000e+00  1.37791158e-09 -2.50999915e-12 
 2.70550000e-09  2.70550000e-09  2.50000000e+00  1.37791147e-09 -2.50999915e-12 
 2.70650000e-09  2.70650000e-09  2.50000000e+00  1.37791143e-09 -2.50999915e-12 
 2.70750000e-09  2.70750000e-09  2.50000000e+00  1.37791139e-09 -2.50999915e-12 
 2.70850000e-09  2.70850000e-09  2.50000000e+00  1.37791139e-09 -2.50999915e-12 
 2.70950000e-09  2.70950000e-09  2.50000000e+00  1.37791139e-09 -2.50999915e-12 
 2.71050000e-09  2.71050000e-09  2.50000000e+00  1.37791139e-09 -2.50999915e-12 
 2.71150000e-09  2.71150000e-09  2.50000000e+00  1.37791139e-09 -2.50999915e-12 
 2.71250000e-09  2.71250000e-09  2.50000000e+00  1.37791139e-09 -2.50999915e-12 
 2.71350000e-09  2.71350000e-09  2.50000000e+00  1.37791139e-09 -2.50999915e-12 
 2.71450000e-09  2.71450000e-09  2.50000000e+00  1.37791139e-09 -2.50999915e-12 
 2.71550000e-09  2.71550000e-09  2.50000000e+00  1.37791139e-09 -2.50999915e-12 
 2.71650000e-09  2.71650000e-09  2.50000000e+00  1.37791139e-09 -2.50999915e-12 
 2.71750000e-09  2.71750000e-09  2.50000000e+00  1.37791139e-09 -2.50999915e-12 
 2.71850000e-09  2.71850000e-09  2.50000000e+00  1.37791139e-09 -2.50999915e-12 
 2.71950000e-09  2.71950000e-09  2.50000000e+00  1.37791139e-09 -2.50999915e-12 
 2.72050000e-09  2.72050000e-09  2.50000000e+00  1.37791139e-09 -2.50999915e-12 
 2.72150000e-09  2.72150000e-09  2.50000000e+00  1.37791139e-09 -2.50999915e-12 
 2.72250000e-09  2.72250000e-09  2.50000000e+00  1.37791139e-09 -2.50999915e-12 
 2.72350000e-09  2.72350000e-09  2.50000000e+00  1.37791139e-09 -2.50999915e-12 
 2.72450000e-09  2.72450000e-09  2.50000000e+00  1.37791139e-09 -2.50999915e-12 
 2.72550000e-09  2.72550000e-09  2.50000000e+00  1.37791139e-09 -2.50999915e-12 
 2.72650000e-09  2.72650000e-09  2.50000000e+00  1.37791139e-09 -2.50999915e-12 
 2.72750000e-09  2.72750000e-09  2.50000000e+00  1.37791139e-09 -2.50999915e-12 
 2.72850000e-09  2.72850000e-09  2.50000000e+00  1.37791139e-09 -2.50999915e-12 
 2.72950000e-09  2.72950000e-09  2.50000000e+00  1.37791139e-09 -2.50999915e-12 
 2.73050000e-09  2.73050000e-09  2.50000000e+00  1.37791139e-09 -2.50999915e-12 
 2.73150000e-09  2.73150000e-09  2.50000000e+00  1.37791139e-09 -2.50999915e-12 
 2.73250000e-09  2.73250000e-09  2.50000000e+00  1.37791139e-09 -2.50999915e-12 
 2.73350000e-09  2.73350000e-09  2.50000000e+00  1.37791139e-09 -2.50999915e-12 
 2.73450000e-09  2.73450000e-09  2.50000000e+00  1.37791139e-09 -2.50999915e-12 
 2.73550000e-09  2.73550000e-09  2.50000000e+00  1.37791139e-09 -2.50999915e-12 
 2.73650000e-09  2.73650000e-09  2.50000000e+00  1.37791139e-09 -2.50999915e-12 
 2.73750000e-09  2.73750000e-09  2.50000000e+00  1.37791139e-09 -2.50999915e-12 
 2.73850000e-09  2.73850000e-09  2.50000000e+00  1.37791139e-09 -2.50999915e-12 
 2.73950000e-09  2.73950000e-09  2.50000000e+00  1.37791139e-09 -2.50999915e-12 
 2.74050000e-09  2.74050000e-09  2.50000000e+00  1.37791139e-09 -2.50999915e-12 
 2.74150000e-09  2.74150000e-09  2.50000000e+00  1.37791139e-09 -2.50999915e-12 
 2.74250000e-09  2.74250000e-09  2.50000000e+00  1.37791139e-09 -2.50999915e-12 
 2.74350000e-09  2.74350000e-09  2.50000000e+00  1.37791139e-09 -2.50999915e-12 
 2.74450000e-09  2.74450000e-09  2.50000000e+00  1.37791139e-09 -2.50999915e-12 
 2.74550000e-09  2.74550000e-09  2.50000000e+00  1.37791139e-09 -2.50999915e-12 
 2.74650000e-09  2.74650000e-09  2.50000000e+00  1.37791139e-09 -2.50999915e-12 
 2.74750000e-09  2.74750000e-09  2.50000000e+00  1.37791139e-09 -2.50999915e-12 
 2.74850000e-09  2.74850000e-09  2.50000000e+00  1.37791139e-09 -2.50999915e-12 
 2.74950000e-09  2.74950000e-09  2.50000000e+00  1.37791139e-09 -2.50999915e-12 
 2.75050000e-09  2.75050000e-09  2.50000000e+00  1.37791139e-09 -2.50999915e-12 
 2.75150000e-09  2.75150000e-09  2.50000000e+00  1.37791139e-09 -2.50999915e-12 
 2.75250000e-09  2.75250000e-09  2.50000000e+00  1.37791139e-09 -2.50999915e-12 
 2.75350000e-09  2.75350000e-09  2.50000000e+00  1.37791139e-09 -2.50999915e-12 
 2.75450000e-09  2.75450000e-09  2.50000000e+00  1.37791139e-09 -2.50999915e-12 
 2.75550000e-09  2.75550000e-09  2.50000000e+00  1.37791139e-09 -2.50999915e-12 
 2.75650000e-09  2.75650000e-09  2.50000000e+00  1.37791139e-09 -2.50999915e-12 
 2.75750000e-09  2.75750000e-09  2.50000000e+00  1.37791139e-09 -2.50999915e-12 
 2.75850000e-09  2.75850000e-09  2.50000000e+00  1.37791139e-09 -2.50999915e-12 
 2.75950000e-09  2.75950000e-09  2.50000000e+00  1.37791139e-09 -2.50999915e-12 
 2.76050000e-09  2.76050000e-09  2.50000000e+00  1.37791139e-09 -2.50999915e-12 
 2.76150000e-09  2.76150000e-09  2.50000000e+00  1.37791139e-09 -2.50999915e-12 
 2.76250000e-09  2.76250000e-09  2.50000000e+00  1.37791139e-09 -2.50999915e-12 
 2.76350000e-09  2.76350000e-09  2.50000000e+00  1.37791139e-09 -2.50999915e-12 
 2.76450000e-09  2.76450000e-09  2.50000000e+00  1.37791139e-09 -2.50999915e-12 
 2.76550000e-09  2.76550000e-09  2.50000000e+00  1.37791139e-09 -2.50999915e-12 
 2.76650000e-09  2.76650000e-09  2.50000000e+00  1.37791139e-09 -2.50999915e-12 
 2.76750000e-09  2.76750000e-09  2.50000000e+00  1.37791139e-09 -2.50999915e-12 
 2.76850000e-09  2.76850000e-09  2.50000000e+00  1.37791139e-09 -2.50999915e-12 
 2.76950000e-09  2.76950000e-09  2.50000000e+00  1.37791139e-09 -2.50999915e-12 
 2.77050000e-09  2.77050000e-09  2.50000000e+00  1.37791139e-09 -2.50999915e-12 
 2.77150000e-09  2.77150000e-09  2.50000000e+00  1.37791139e-09 -2.50999915e-12 
 2.77250000e-09  2.77250000e-09  2.50000000e+00  1.37791139e-09 -2.50999915e-12 
 2.77350000e-09  2.77350000e-09  2.50000000e+00  1.37791139e-09 -2.50999915e-12 
 2.77450000e-09  2.77450000e-09  2.50000000e+00  1.37791139e-09 -2.50999915e-12 
 2.77550000e-09  2.77550000e-09  2.50000000e+00  1.37791139e-09 -2.50999915e-12 
 2.77650000e-09  2.77650000e-09  2.50000000e+00  1.37791139e-09 -2.50999915e-12 
 2.77750000e-09  2.77750000e-09  2.50000000e+00  1.37791139e-09 -2.50999915e-12 
 2.77850000e-09  2.77850000e-09  2.50000000e+00  1.37791139e-09 -2.50999915e-12 
 2.77950000e-09  2.77950000e-09  2.50000000e+00  1.37791139e-09 -2.50999915e-12 
 2.78050000e-09  2.78050000e-09  2.50000000e+00  1.37791139e-09 -2.50999915e-12 
 2.78150000e-09  2.78150000e-09  2.50000000e+00  1.37791139e-09 -2.50999915e-12 
 2.78250000e-09  2.78250000e-09  2.50000000e+00  1.37791139e-09 -2.50999915e-12 
 2.78350000e-09  2.78350000e-09  2.50000000e+00  1.37791139e-09 -2.50999915e-12 
 2.78450000e-09  2.78450000e-09  2.50000000e+00  1.37791139e-09 -2.50999915e-12 
 2.78550000e-09  2.78550000e-09  2.50000000e+00  1.37791139e-09 -2.50999915e-12 
 2.78650000e-09  2.78650000e-09  2.50000000e+00  1.37791139e-09 -2.50999915e-12 
 2.78750000e-09  2.78750000e-09  2.50000000e+00  1.37791139e-09 -2.50999915e-12 
 2.78850000e-09  2.78850000e-09  2.50000000e+00  1.37791139e-09 -2.50999915e-12 
 2.78950000e-09  2.78950000e-09  2.50000000e+00  1.37791139e-09 -2.50999915e-12 
 2.79050000e-09  2.79050000e-09  2.50000000e+00  1.37791139e-09 -2.50999915e-12 
 2.79150000e-09  2.79150000e-09  2.50000000e+00  1.37791139e-09 -2.50999915e-12 
 2.79250000e-09  2.79250000e-09  2.50000000e+00  1.37791139e-09 -2.50999915e-12 
 2.79350000e-09  2.79350000e-09  2.50000000e+00  1.37791139e-09 -2.50999915e-12 
 2.79450000e-09  2.79450000e-09  2.50000000e+00  1.37791139e-09 -2.50999915e-12 
 2.79550000e-09  2.79550000e-09  2.50000000e+00  1.37791139e-09 -2.50999915e-12 
 2.79650000e-09  2.79650000e-09  2.50000000e+00  1.37791139e-09 -2.50999915e-12 
 2.79750000e-09  2.79750000e-09  2.50000000e+00  1.37791139e-09 -2.50999915e-12 
 2.79850000e-09  2.79850000e-09  2.50000000e+00  1.37791139e-09 -2.50999915e-12 
 2.79950000e-09  2.79950000e-09  2.50000000e+00  1.37791139e-09 -2.50999915e-12 
 2.80050000e-09  2.80050000e-09  2.50000000e+00  1.37791139e-09 -2.50999915e-12 
 2.80150000e-09  2.80150000e-09  2.50000000e+00  1.37791139e-09 -2.50999915e-12 
 2.80250000e-09  2.80250000e-09  2.50000000e+00  1.37791139e-09 -2.50999915e-12 
 2.80350000e-09  2.80350000e-09  2.50000000e+00  1.37791139e-09 -2.50999915e-12 
 2.80450000e-09  2.80450000e-09  2.50000000e+00  1.37791139e-09 -2.50999915e-12 
 2.80550000e-09  2.80550000e-09  2.50000000e+00  1.37791139e-09 -2.50999915e-12 
 2.80650000e-09  2.80650000e-09  2.50000000e+00  1.37791139e-09 -2.50999915e-12 
 2.80750000e-09  2.80750000e-09  2.50000000e+00  1.37791139e-09 -2.50999915e-12 
 2.80850000e-09  2.80850000e-09  2.50000000e+00  1.37791139e-09 -2.50999915e-12 
 2.80950000e-09  2.80950000e-09  2.50000000e+00  1.37791139e-09 -2.50999915e-12 
 2.81050000e-09  2.81050000e-09  2.50000000e+00  1.37791139e-09 -2.50999915e-12 
 2.81150000e-09  2.81150000e-09  2.50000000e+00  1.37791139e-09 -2.50999915e-12 
 2.81250000e-09  2.81250000e-09  2.50000000e+00  1.37791139e-09 -2.50999915e-12 
 2.81350000e-09  2.81350000e-09  2.50000000e+00  1.37791139e-09 -2.50999915e-12 
 2.81450000e-09  2.81450000e-09  2.50000000e+00  1.37791139e-09 -2.50999915e-12 
 2.81550000e-09  2.81550000e-09  2.50000000e+00  1.37791139e-09 -2.50999915e-12 
 2.81650000e-09  2.81650000e-09  2.50000000e+00  1.37791139e-09 -2.50999915e-12 
 2.81750000e-09  2.81750000e-09  2.50000000e+00  1.37791139e-09 -2.50999915e-12 
 2.81850000e-09  2.81850000e-09  2.50000000e+00  1.37791139e-09 -2.50999915e-12 
 2.81950000e-09  2.81950000e-09  2.50000000e+00  1.37791139e-09 -2.50999915e-12 
 2.82050000e-09  2.82050000e-09  2.50000000e+00  1.37791139e-09 -2.50999915e-12 
 2.82150000e-09  2.82150000e-09  2.50000000e+00  1.37791139e-09 -2.50999915e-12 
 2.82250000e-09  2.82250000e-09  2.50000000e+00  1.37791139e-09 -2.50999915e-12 
 2.82350000e-09  2.82350000e-09  2.50000000e+00  1.37791139e-09 -2.50999915e-12 
 2.82450000e-09  2.82450000e-09  2.50000000e+00  1.37791139e-09 -2.50999915e-12 
 2.82550000e-09  2.82550000e-09  2.50000000e+00  1.37791139e-09 -2.50999915e-12 
 2.82650000e-09  2.82650000e-09  2.50000000e+00  1.37791139e-09 -2.50999915e-12 
 2.82750000e-09  2.82750000e-09  2.50000000e+00  1.37791139e-09 -2.50999915e-12 
 2.82850000e-09  2.82850000e-09  2.50000000e+00  1.37791139e-09 -2.50999915e-12 
 2.82950000e-09  2.82950000e-09  2.50000000e+00  1.37791139e-09 -2.50999915e-12 
 2.83050000e-09  2.83050000e-09  2.50000000e+00  1.37791139e-09 -2.50999915e-12 
 2.83150000e-09  2.83150000e-09  2.50000000e+00  1.37791139e-09 -2.50999915e-12 
 2.83250000e-09  2.83250000e-09  2.50000000e+00  1.37791139e-09 -2.50999915e-12 
 2.83350000e-09  2.83350000e-09  2.50000000e+00  1.37791139e-09 -2.50999915e-12 
 2.83450000e-09  2.83450000e-09  2.50000000e+00  1.37791139e-09 -2.50999915e-12 
 2.83550000e-09  2.83550000e-09  2.50000000e+00  1.37791139e-09 -2.50999915e-12 
 2.83650000e-09  2.83650000e-09  2.50000000e+00  1.37791139e-09 -2.50999915e-12 
 2.83750000e-09  2.83750000e-09  2.50000000e+00  1.37791139e-09 -2.50999915e-12 
 2.83850000e-09  2.83850000e-09  2.50000000e+00  1.37791139e-09 -2.50999915e-12 
 2.83950000e-09  2.83950000e-09  2.50000000e+00  1.37791139e-09 -2.50999915e-12 
 2.84050000e-09  2.84050000e-09  2.50000000e+00  1.37791139e-09 -2.50999915e-12 
 2.84150000e-09  2.84150000e-09  2.50000000e+00  1.37791139e-09 -2.50999915e-12 
 2.84250000e-09  2.84250000e-09  2.50000000e+00  1.37791139e-09 -2.50999915e-12 
 2.84350000e-09  2.84350000e-09  2.50000000e+00  1.37791139e-09 -2.50999915e-12 
 2.84450000e-09  2.84450000e-09  2.50000000e+00  1.37791139e-09 -2.50999915e-12 
 2.84550000e-09  2.84550000e-09  2.50000000e+00  1.37791139e-09 -2.50999915e-12 
 2.84650000e-09  2.84650000e-09  2.50000000e+00  1.37791139e-09 -2.50999915e-12 
 2.84750000e-09  2.84750000e-09  2.50000000e+00  1.37791139e-09 -2.50999915e-12 
 2.84850000e-09  2.84850000e-09  2.50000000e+00  1.37791139e-09 -2.50999915e-12 
 2.84950000e-09  2.84950000e-09  2.50000000e+00  1.37791139e-09 -2.50999915e-12 
 2.85050000e-09  2.85050000e-09  2.50000000e+00  1.37791139e-09 -2.50999915e-12 
 2.85150000e-09  2.85150000e-09  2.50000000e+00  1.37791139e-09 -2.50999915e-12 
 2.85250000e-09  2.85250000e-09  2.50000000e+00  1.37791139e-09 -2.50999915e-12 
 2.85350000e-09  2.85350000e-09  2.50000000e+00  1.37791139e-09 -2.50999915e-12 
 2.85450000e-09  2.85450000e-09  2.50000000e+00  1.37791139e-09 -2.50999915e-12 
 2.85550000e-09  2.85550000e-09  2.50000000e+00  1.37791139e-09 -2.50999915e-12 
 2.85650000e-09  2.85650000e-09  2.50000000e+00  1.37791139e-09 -2.50999915e-12 
 2.85750000e-09  2.85750000e-09  2.50000000e+00  1.37791139e-09 -2.50999915e-12 
 2.85850000e-09  2.85850000e-09  2.50000000e+00  1.37791139e-09 -2.50999915e-12 
 2.85950000e-09  2.85950000e-09  2.50000000e+00  1.37791139e-09 -2.50999915e-12 
 2.86050000e-09  2.86050000e-09  2.50000000e+00  1.37791139e-09 -2.50999915e-12 
 2.86150000e-09  2.86150000e-09  2.50000000e+00  1.37791139e-09 -2.50999915e-12 
 2.86250000e-09  2.86250000e-09  2.50000000e+00  1.37791139e-09 -2.50999915e-12 
 2.86350000e-09  2.86350000e-09  2.50000000e+00  1.37791139e-09 -2.50999915e-12 
 2.86450000e-09  2.86450000e-09  2.50000000e+00  1.37791139e-09 -2.50999915e-12 
 2.86550000e-09  2.86550000e-09  2.50000000e+00  1.37791139e-09 -2.50999915e-12 
 2.86650000e-09  2.86650000e-09  2.50000000e+00  1.37791139e-09 -2.50999915e-12 
 2.86750000e-09  2.86750000e-09  2.50000000e+00  1.37791139e-09 -2.50999915e-12 
 2.86850000e-09  2.86850000e-09  2.50000000e+00  1.37791139e-09 -2.50999915e-12 
 2.86950000e-09  2.86950000e-09  2.50000000e+00  1.37791139e-09 -2.50999915e-12 
 2.87050000e-09  2.87050000e-09  2.50000000e+00  1.37791139e-09 -2.50999915e-12 
 2.87150000e-09  2.87150000e-09  2.50000000e+00  1.37791139e-09 -2.50999915e-12 
 2.87250000e-09  2.87250000e-09  2.50000000e+00  1.37791139e-09 -2.50999915e-12 
 2.87350000e-09  2.87350000e-09  2.50000000e+00  1.37791139e-09 -2.50999915e-12 
 2.87450000e-09  2.87450000e-09  2.50000000e+00  1.37791139e-09 -2.50999915e-12 
 2.87550000e-09  2.87550000e-09  2.50000000e+00  1.37791139e-09 -2.50999915e-12 
 2.87650000e-09  2.87650000e-09  2.50000000e+00  1.37791139e-09 -2.50999915e-12 
 2.87750000e-09  2.87750000e-09  2.50000000e+00  1.37791139e-09 -2.50999915e-12 
 2.87850000e-09  2.87850000e-09  2.50000000e+00  1.37791139e-09 -2.50999915e-12 
 2.87950000e-09  2.87950000e-09  2.50000000e+00  1.37791139e-09 -2.50999915e-12 
 2.88050000e-09  2.88050000e-09  2.50000000e+00  1.37791139e-09 -2.50999915e-12 
 2.88150000e-09  2.88150000e-09  2.50000000e+00  1.37791139e-09 -2.50999915e-12 
 2.88250000e-09  2.88250000e-09  2.50000000e+00  1.37791139e-09 -2.50999915e-12 
 2.88350000e-09  2.88350000e-09  2.50000000e+00  1.37791139e-09 -2.50999915e-12 
 2.88450000e-09  2.88450000e-09  2.50000000e+00  1.37791139e-09 -2.50999915e-12 
 2.88550000e-09  2.88550000e-09  2.50000000e+00  1.37791139e-09 -2.50999915e-12 
 2.88650000e-09  2.88650000e-09  2.50000000e+00  1.37791139e-09 -2.50999915e-12 
 2.88750000e-09  2.88750000e-09  2.50000000e+00  1.37791139e-09 -2.50999915e-12 
 2.88850000e-09  2.88850000e-09  2.50000000e+00  1.37791139e-09 -2.50999915e-12 
 2.88950000e-09  2.88950000e-09  2.50000000e+00  1.37791139e-09 -2.50999915e-12 
 2.89050000e-09  2.89050000e-09  2.50000000e+00  1.37791139e-09 -2.50999915e-12 
 2.89150000e-09  2.89150000e-09  2.50000000e+00  1.37791139e-09 -2.50999915e-12 
 2.89250000e-09  2.89250000e-09  2.50000000e+00  1.37791139e-09 -2.50999915e-12 
 2.89350000e-09  2.89350000e-09  2.50000000e+00  1.37791139e-09 -2.50999915e-12 
 2.89450000e-09  2.89450000e-09  2.50000000e+00  1.37791139e-09 -2.50999915e-12 
 2.89550000e-09  2.89550000e-09  2.50000000e+00  1.37791139e-09 -2.50999915e-12 
 2.89650000e-09  2.89650000e-09  2.50000000e+00  1.37791139e-09 -2.50999915e-12 
 2.89750000e-09  2.89750000e-09  2.50000000e+00  1.37791139e-09 -2.50999915e-12 
 2.89850000e-09  2.89850000e-09  2.50000000e+00  1.37791139e-09 -2.50999915e-12 
 2.89950000e-09  2.89950000e-09  2.50000000e+00  1.37791139e-09 -2.50999915e-12 
 2.90050000e-09  2.90050000e-09  2.50000000e+00  1.37791139e-09 -2.50999915e-12 
 2.90150000e-09  2.90150000e-09  2.50000000e+00  1.37791139e-09 -2.50999915e-12 
 2.90250000e-09  2.90250000e-09  2.50000000e+00  1.37791139e-09 -2.50999915e-12 
 2.90350000e-09  2.90350000e-09  2.50000000e+00  1.37791139e-09 -2.50999915e-12 
 2.90450000e-09  2.90450000e-09  2.50000000e+00  1.37791139e-09 -2.50999915e-12 
 2.90550000e-09  2.90550000e-09  2.50000000e+00  1.37791139e-09 -2.50999915e-12 
 2.90650000e-09  2.90650000e-09  2.50000000e+00  1.37791139e-09 -2.50999915e-12 
 2.90750000e-09  2.90750000e-09  2.50000000e+00  1.37791139e-09 -2.50999915e-12 
 2.90850000e-09  2.90850000e-09  2.50000000e+00  1.37791139e-09 -2.50999915e-12 
 2.90950000e-09  2.90950000e-09  2.50000000e+00  1.37791139e-09 -2.50999915e-12 
 2.91050000e-09  2.91050000e-09  2.50000000e+00  1.37791139e-09 -2.50999915e-12 
 2.91150000e-09  2.91150000e-09  2.50000000e+00  1.37791139e-09 -2.50999915e-12 
 2.91250000e-09  2.91250000e-09  2.50000000e+00  1.37791139e-09 -2.50999915e-12 
 2.91350000e-09  2.91350000e-09  2.50000000e+00  1.37791139e-09 -2.50999915e-12 
 2.91450000e-09  2.91450000e-09  2.50000000e+00  1.37791139e-09 -2.50999915e-12 
 2.91550000e-09  2.91550000e-09  2.50000000e+00  1.37791139e-09 -2.50999915e-12 
 2.91650000e-09  2.91650000e-09  2.50000000e+00  1.37791139e-09 -2.50999915e-12 
 2.91750000e-09  2.91750000e-09  2.50000000e+00  1.37791139e-09 -2.50999915e-12 
 2.91850000e-09  2.91850000e-09  2.50000000e+00  1.37791139e-09 -2.50999915e-12 
 2.91950000e-09  2.91950000e-09  2.50000000e+00  1.37791139e-09 -2.50999915e-12 
 2.92050000e-09  2.92050000e-09  2.50000000e+00  1.37791139e-09 -2.50999915e-12 
 2.92150000e-09  2.92150000e-09  2.50000000e+00  1.37791139e-09 -2.50999915e-12 
 2.92250000e-09  2.92250000e-09  2.50000000e+00  1.37791139e-09 -2.50999915e-12 
 2.92350000e-09  2.92350000e-09  2.50000000e+00  1.37791139e-09 -2.50999915e-12 
 2.92450000e-09  2.92450000e-09  2.50000000e+00  1.37791139e-09 -2.50999915e-12 
 2.92550000e-09  2.92550000e-09  2.50000000e+00  1.37791139e-09 -2.50999915e-12 
 2.92650000e-09  2.92650000e-09  2.50000000e+00  1.37791139e-09 -2.50999915e-12 
 2.92750000e-09  2.92750000e-09  2.50000000e+00  1.37791139e-09 -2.50999915e-12 
 2.92850000e-09  2.92850000e-09  2.50000000e+00  1.37791139e-09 -2.50999915e-12 
 2.92950000e-09  2.92950000e-09  2.50000000e+00  1.37791139e-09 -2.50999915e-12 
 2.93050000e-09  2.93050000e-09  2.50000000e+00  1.37791139e-09 -2.50999915e-12 
 2.93150000e-09  2.93150000e-09  2.50000000e+00  1.37791139e-09 -2.50999915e-12 
 2.93250000e-09  2.93250000e-09  2.50000000e+00  1.37791139e-09 -2.50999915e-12 
 2.93350000e-09  2.93350000e-09  2.50000000e+00  1.37791139e-09 -2.50999915e-12 
 2.93450000e-09  2.93450000e-09  2.50000000e+00  1.37791139e-09 -2.50999915e-12 
 2.93550000e-09  2.93550000e-09  2.50000000e+00  1.37791139e-09 -2.50999915e-12 
 2.93650000e-09  2.93650000e-09  2.50000000e+00  1.37791139e-09 -2.50999915e-12 
 2.93750000e-09  2.93750000e-09  2.50000000e+00  1.37791139e-09 -2.50999915e-12 
 2.93850000e-09  2.93850000e-09  2.50000000e+00  1.37791139e-09 -2.50999915e-12 
 2.93950000e-09  2.93950000e-09  2.50000000e+00  1.37791139e-09 -2.50999915e-12 
 2.94050000e-09  2.94050000e-09  2.50000000e+00  1.37791139e-09 -2.50999915e-12 
 2.94150000e-09  2.94150000e-09  2.50000000e+00  1.37791139e-09 -2.50999915e-12 
 2.94250000e-09  2.94250000e-09  2.50000000e+00  1.37791139e-09 -2.50999915e-12 
 2.94350000e-09  2.94350000e-09  2.50000000e+00  1.37791139e-09 -2.50999915e-12 
 2.94450000e-09  2.94450000e-09  2.50000000e+00  1.37791139e-09 -2.50999915e-12 
 2.94550000e-09  2.94550000e-09  2.50000000e+00  1.37791139e-09 -2.50999915e-12 
 2.94650000e-09  2.94650000e-09  2.50000000e+00  1.37791139e-09 -2.50999915e-12 
 2.94750000e-09  2.94750000e-09  2.50000000e+00  1.37791139e-09 -2.50999915e-12 
 2.94850000e-09  2.94850000e-09  2.50000000e+00  1.37791139e-09 -2.50999915e-12 
 2.94950000e-09  2.94950000e-09  2.50000000e+00  1.37791139e-09 -2.50999915e-12 
 2.95050000e-09  2.95050000e-09  2.50000000e+00  1.37791139e-09 -2.50999915e-12 
 2.95150000e-09  2.95150000e-09  2.50000000e+00  1.37791139e-09 -2.50999915e-12 
 2.95250000e-09  2.95250000e-09  2.50000000e+00  1.37791139e-09 -2.50999915e-12 
 2.95350000e-09  2.95350000e-09  2.50000000e+00  1.37791139e-09 -2.50999915e-12 
 2.95450000e-09  2.95450000e-09  2.50000000e+00  1.37791139e-09 -2.50999915e-12 
 2.95550000e-09  2.95550000e-09  2.50000000e+00  1.37791139e-09 -2.50999915e-12 
 2.95650000e-09  2.95650000e-09  2.50000000e+00  1.37791139e-09 -2.50999915e-12 
 2.95750000e-09  2.95750000e-09  2.50000000e+00  1.37791139e-09 -2.50999915e-12 
 2.95850000e-09  2.95850000e-09  2.50000000e+00  1.37791139e-09 -2.50999915e-12 
 2.95950000e-09  2.95950000e-09  2.50000000e+00  1.37791139e-09 -2.50999915e-12 
 2.96050000e-09  2.96050000e-09  2.50000000e+00  1.37791139e-09 -2.50999915e-12 
 2.96150000e-09  2.96150000e-09  2.50000000e+00  1.37791139e-09 -2.50999915e-12 
 2.96250000e-09  2.96250000e-09  2.50000000e+00  1.37791139e-09 -2.50999915e-12 
 2.96350000e-09  2.96350000e-09  2.50000000e+00  1.37791139e-09 -2.50999915e-12 
 2.96450000e-09  2.96450000e-09  2.50000000e+00  1.37791139e-09 -2.50999915e-12 
 2.96550000e-09  2.96550000e-09  2.50000000e+00  1.37791139e-09 -2.50999915e-12 
 2.96650000e-09  2.96650000e-09  2.50000000e+00  1.37791139e-09 -2.50999915e-12 
 2.96750000e-09  2.96750000e-09  2.50000000e+00  1.37791139e-09 -2.50999915e-12 
 2.96850000e-09  2.96850000e-09  2.50000000e+00  1.37791139e-09 -2.50999915e-12 
 2.96950000e-09  2.96950000e-09  2.50000000e+00  1.37791139e-09 -2.50999915e-12 
 2.97050000e-09  2.97050000e-09  2.50000000e+00  1.37791139e-09 -2.50999915e-12 
 2.97150000e-09  2.97150000e-09  2.50000000e+00  1.37791139e-09 -2.50999915e-12 
 2.97250000e-09  2.97250000e-09  2.50000000e+00  1.37791139e-09 -2.50999915e-12 
 2.97350000e-09  2.97350000e-09  2.50000000e+00  1.37791139e-09 -2.50999915e-12 
 2.97450000e-09  2.97450000e-09  2.50000000e+00  1.37791139e-09 -2.50999915e-12 
 2.97550000e-09  2.97550000e-09  2.50000000e+00  1.37791139e-09 -2.50999915e-12 
 2.97650000e-09  2.97650000e-09  2.50000000e+00  1.37791139e-09 -2.50999915e-12 
 2.97750000e-09  2.97750000e-09  2.50000000e+00  1.37791139e-09 -2.50999915e-12 
 2.97850000e-09  2.97850000e-09  2.50000000e+00  1.37791139e-09 -2.50999915e-12 
 2.97950000e-09  2.97950000e-09  2.50000000e+00  1.37791139e-09 -2.50999915e-12 
 2.98050000e-09  2.98050000e-09  2.50000000e+00  1.37791139e-09 -2.50999915e-12 
 2.98150000e-09  2.98150000e-09  2.50000000e+00  1.37791139e-09 -2.50999915e-12 
 2.98250000e-09  2.98250000e-09  2.50000000e+00  1.37791139e-09 -2.50999915e-12 
 2.98350000e-09  2.98350000e-09  2.50000000e+00  1.37791139e-09 -2.50999915e-12 
 2.98450000e-09  2.98450000e-09  2.50000000e+00  1.37791139e-09 -2.50999915e-12 
 2.98550000e-09  2.98550000e-09  2.50000000e+00  1.37791139e-09 -2.50999915e-12 
 2.98650000e-09  2.98650000e-09  2.50000000e+00  1.37791139e-09 -2.50999915e-12 
 2.98750000e-09  2.98750000e-09  2.50000000e+00  1.37791139e-09 -2.50999915e-12 
 2.98850000e-09  2.98850000e-09  2.50000000e+00  1.37791139e-09 -2.50999915e-12 
 2.98950000e-09  2.98950000e-09  2.50000000e+00  1.37791139e-09 -2.50999915e-12 
 2.99050000e-09  2.99050000e-09  2.50000000e+00  1.37791139e-09 -2.50999915e-12 
 2.99150000e-09  2.99150000e-09  2.50000000e+00  1.37791139e-09 -2.50999915e-12 
 2.99250000e-09  2.99250000e-09  2.50000000e+00  1.37791139e-09 -2.50999915e-12 
 2.99350000e-09  2.99350000e-09  2.50000000e+00  1.37791139e-09 -2.50999915e-12 
 2.99450000e-09  2.99450000e-09  2.50000000e+00  1.37791139e-09 -2.50999915e-12 
 2.99550000e-09  2.99550000e-09  2.50000000e+00  1.37791139e-09 -2.50999915e-12 
 2.99650000e-09  2.99650000e-09  2.50000000e+00  1.37791139e-09 -2.50999915e-12 
 2.99750000e-09  2.99750000e-09  2.50000000e+00  1.37791139e-09 -2.50999915e-12 
 2.99850000e-09  2.99850000e-09  2.50000000e+00  1.37791139e-09 -2.50999915e-12 
 2.99950000e-09  2.99950000e-09  2.50000000e+00  1.37791139e-09 -2.50999915e-12 
 3.00050000e-09  3.00050000e-09  2.50000000e+00  1.37791139e-09 -2.50999915e-12 
 3.00150000e-09  3.00150000e-09  2.50000000e+00  1.37791139e-09 -2.50999915e-12 
 3.00250000e-09  3.00250000e-09  2.50000000e+00  1.37791139e-09 -2.50999915e-12 
 3.00350000e-09  3.00350000e-09  2.50000000e+00  1.37791139e-09 -2.50999915e-12 
 3.00450000e-09  3.00450000e-09  2.50000000e+00  1.37791139e-09 -2.50999915e-12 
 3.00550000e-09  3.00550000e-09  2.50000000e+00  1.37791139e-09 -2.50999915e-12 
 3.00650000e-09  3.00650000e-09  2.50000000e+00  1.37791139e-09 -2.50999915e-12 
 3.00750000e-09  3.00750000e-09  2.50000000e+00  1.37791139e-09 -2.50999915e-12 
 3.00850000e-09  3.00850000e-09  2.50000000e+00  1.37791139e-09 -2.50999915e-12 
 3.00950000e-09  3.00950000e-09  2.50000000e+00  1.37791139e-09 -2.50999915e-12 
 3.01050000e-09  3.01050000e-09  2.50000000e+00  1.37791139e-09 -2.50999915e-12 
 3.01150000e-09  3.01150000e-09  2.50000000e+00  1.37791139e-09 -2.50999915e-12 
 3.01250000e-09  3.01250000e-09  2.50000000e+00  1.37791139e-09 -2.50999915e-12 
 3.01350000e-09  3.01350000e-09  2.50000000e+00  1.37791139e-09 -2.50999915e-12 
 3.01450000e-09  3.01450000e-09  2.50000000e+00  1.37791139e-09 -2.50999915e-12 
 3.01550000e-09  3.01550000e-09  2.50000000e+00  1.37791139e-09 -2.50999915e-12 
 3.01650000e-09  3.01650000e-09  2.50000000e+00  1.37791139e-09 -2.50999915e-12 
 3.01750000e-09  3.01750000e-09  2.50000000e+00  1.37791139e-09 -2.50999915e-12 
 3.01850000e-09  3.01850000e-09  2.50000000e+00  1.37791139e-09 -2.50999915e-12 
 3.01950000e-09  3.01950000e-09  2.50000000e+00  1.37791139e-09 -2.50999915e-12 
 3.02050000e-09  3.02050000e-09  2.50000000e+00  1.37791139e-09 -2.50999915e-12 
 3.02150000e-09  3.02150000e-09  2.50000000e+00  1.37791139e-09 -2.50999915e-12 
 3.02250000e-09  3.02250000e-09  2.50000000e+00  1.37791139e-09 -2.50999915e-12 
 3.02350000e-09  3.02350000e-09  2.50000000e+00  1.37791139e-09 -2.50999915e-12 
 3.02450000e-09  3.02450000e-09  2.50000000e+00  1.37791139e-09 -2.50999915e-12 
 3.02550000e-09  3.02550000e-09  2.50000000e+00  1.37791139e-09 -2.50999915e-12 
 3.02650000e-09  3.02650000e-09  2.50000000e+00  1.37791139e-09 -2.50999915e-12 
 3.02750000e-09  3.02750000e-09  2.50000000e+00  1.37791139e-09 -2.50999915e-12 
 3.02850000e-09  3.02850000e-09  2.50000000e+00  1.37791139e-09 -2.50999915e-12 
 3.02950000e-09  3.02950000e-09  2.50000000e+00  1.37791139e-09 -2.50999915e-12 
 3.03050000e-09  3.03050000e-09  2.50000000e+00  1.37791139e-09 -2.50999915e-12 
 3.03150000e-09  3.03150000e-09  2.50000000e+00  1.37791139e-09 -2.50999915e-12 
 3.03250000e-09  3.03250000e-09  2.50000000e+00  1.37791139e-09 -2.50999915e-12 
 3.03350000e-09  3.03350000e-09  2.50000000e+00  1.37791139e-09 -2.50999915e-12 
 3.03450000e-09  3.03450000e-09  2.50000000e+00  1.37791139e-09 -2.50999915e-12 
 3.03550000e-09  3.03550000e-09  2.50000000e+00  1.37791139e-09 -2.50999915e-12 
 3.03650000e-09  3.03650000e-09  2.50000000e+00  1.37791139e-09 -2.50999915e-12 
 3.03750000e-09  3.03750000e-09  2.50000000e+00  1.37791139e-09 -2.50999915e-12 
 3.03850000e-09  3.03850000e-09  2.50000000e+00  1.37791139e-09 -2.50999915e-12 
 3.03950000e-09  3.03950000e-09  2.50000000e+00  1.37791139e-09 -2.50999915e-12 
 3.04050000e-09  3.04050000e-09  2.50000000e+00  1.37791139e-09 -2.50999915e-12 
 3.04150000e-09  3.04150000e-09  2.50000000e+00  1.37791139e-09 -2.50999915e-12 
 3.04250000e-09  3.04250000e-09  2.50000000e+00  1.37791139e-09 -2.50999915e-12 
 3.04350000e-09  3.04350000e-09  2.50000000e+00  1.37791139e-09 -2.50999915e-12 
 3.04450000e-09  3.04450000e-09  2.50000000e+00  1.37791139e-09 -2.50999915e-12 
 3.04550000e-09  3.04550000e-09  2.50000000e+00  1.37791139e-09 -2.50999915e-12 
 3.04650000e-09  3.04650000e-09  2.50000000e+00  1.37791139e-09 -2.50999915e-12 
 3.04750000e-09  3.04750000e-09  2.50000000e+00  1.37791139e-09 -2.50999915e-12 
 3.04850000e-09  3.04850000e-09  2.50000000e+00  1.37791139e-09 -2.50999915e-12 
 3.04950000e-09  3.04950000e-09  2.50000000e+00  1.37791139e-09 -2.50999915e-12 
 3.05050000e-09  3.05050000e-09  2.50000000e+00  1.37791139e-09 -2.50999915e-12 
 3.05150000e-09  3.05150000e-09  2.50000000e+00  1.37791139e-09 -2.50999915e-12 
 3.05250000e-09  3.05250000e-09  2.50000000e+00  1.37791139e-09 -2.50999915e-12 
 3.05350000e-09  3.05350000e-09  2.50000000e+00  1.37791139e-09 -2.50999915e-12 
 3.05450000e-09  3.05450000e-09  2.50000000e+00  1.37791139e-09 -2.50999915e-12 
 3.05550000e-09  3.05550000e-09  2.50000000e+00  1.37791139e-09 -2.50999915e-12 
 3.05650000e-09  3.05650000e-09  2.50000000e+00  1.37791139e-09 -2.50999915e-12 
 3.05750000e-09  3.05750000e-09  2.50000000e+00  1.37791139e-09 -2.50999915e-12 
 3.05850000e-09  3.05850000e-09  2.50000000e+00  1.37791139e-09 -2.50999915e-12 
 3.05950000e-09  3.05950000e-09  2.50000000e+00  1.37791139e-09 -2.50999915e-12 
 3.06050000e-09  3.06050000e-09  2.50000000e+00  1.37791139e-09 -2.50999915e-12 
 3.06150000e-09  3.06150000e-09  2.50000000e+00  1.37791139e-09 -2.50999915e-12 
 3.06250000e-09  3.06250000e-09  2.50000000e+00  1.37791139e-09 -2.50999915e-12 
 3.06350000e-09  3.06350000e-09  2.50000000e+00  1.37791139e-09 -2.50999915e-12 
 3.06450000e-09  3.06450000e-09  2.50000000e+00  1.37791139e-09 -2.50999915e-12 
 3.06550000e-09  3.06550000e-09  2.50000000e+00  1.37791139e-09 -2.50999915e-12 
 3.06650000e-09  3.06650000e-09  2.50000000e+00  1.37791139e-09 -2.50999915e-12 
 3.06750000e-09  3.06750000e-09  2.50000000e+00  1.37791139e-09 -2.50999915e-12 
 3.06850000e-09  3.06850000e-09  2.50000000e+00  1.37791139e-09 -2.50999915e-12 
 3.06950000e-09  3.06950000e-09  2.50000000e+00  1.37791139e-09 -2.50999915e-12 
 3.07050000e-09  3.07050000e-09  2.50000000e+00  1.37791139e-09 -2.50999915e-12 
 3.07150000e-09  3.07150000e-09  2.50000000e+00  1.37791139e-09 -2.50999915e-12 
 3.07250000e-09  3.07250000e-09  2.50000000e+00  1.37791139e-09 -2.50999915e-12 
 3.07350000e-09  3.07350000e-09  2.50000000e+00  1.37791139e-09 -2.50999915e-12 
 3.07450000e-09  3.07450000e-09  2.50000000e+00  1.37791139e-09 -2.50999915e-12 
 3.07550000e-09  3.07550000e-09  2.50000000e+00  1.37791139e-09 -2.50999915e-12 
 3.07650000e-09  3.07650000e-09  2.50000000e+00  1.37791139e-09 -2.50999915e-12 
 3.07750000e-09  3.07750000e-09  2.50000000e+00  1.37791139e-09 -2.50999915e-12 
 3.07850000e-09  3.07850000e-09  2.50000000e+00  1.37791139e-09 -2.50999915e-12 
 3.07950000e-09  3.07950000e-09  2.50000000e+00  1.37791139e-09 -2.50999915e-12 
 3.08050000e-09  3.08050000e-09  2.50000000e+00  1.37791139e-09 -2.50999915e-12 
 3.08150000e-09  3.08150000e-09  2.50000000e+00  1.37791139e-09 -2.50999915e-12 
 3.08250000e-09  3.08250000e-09  2.50000000e+00  1.37791139e-09 -2.50999915e-12 
 3.08350000e-09  3.08350000e-09  2.50000000e+00  1.37791139e-09 -2.50999915e-12 
 3.08450000e-09  3.08450000e-09  2.50000000e+00  1.37791139e-09 -2.50999915e-12 
 3.08550000e-09  3.08550000e-09  2.50000000e+00  1.37791139e-09 -2.50999915e-12 
 3.08650000e-09  3.08650000e-09  2.50000000e+00  1.37791139e-09 -2.50999915e-12 
 3.08750000e-09  3.08750000e-09  2.50000000e+00  1.37791139e-09 -2.50999915e-12 
 3.08850000e-09  3.08850000e-09  2.50000000e+00  1.37791139e-09 -2.50999915e-12 
 3.08950000e-09  3.08950000e-09  2.50000000e+00  1.37791139e-09 -2.50999915e-12 
 3.09050000e-09  3.09050000e-09  2.50000000e+00  1.37791139e-09 -2.50999915e-12 
 3.09150000e-09  3.09150000e-09  2.50000000e+00  1.37791139e-09 -2.50999915e-12 
 3.09250000e-09  3.09250000e-09  2.50000000e+00  1.37791139e-09 -2.50999915e-12 
 3.09350000e-09  3.09350000e-09  2.50000000e+00  1.37791139e-09 -2.50999915e-12 
 3.09450000e-09  3.09450000e-09  2.50000000e+00  1.37791139e-09 -2.50999915e-12 
 3.09550000e-09  3.09550000e-09  2.50000000e+00  1.37791139e-09 -2.50999915e-12 
 3.09650000e-09  3.09650000e-09  2.50000000e+00  1.37791139e-09 -2.50999915e-12 
 3.09750000e-09  3.09750000e-09  2.50000000e+00  1.37791139e-09 -2.50999915e-12 
 3.09850000e-09  3.09850000e-09  2.50000000e+00  1.37791139e-09 -2.50999915e-12 
 3.09950000e-09  3.09950000e-09  2.50000000e+00  1.37791139e-09 -2.50999915e-12 
 3.10050000e-09  3.10050000e-09  2.50000000e+00  1.37791139e-09 -2.50999915e-12 
 3.10150000e-09  3.10150000e-09  2.50000000e+00  1.37791139e-09 -2.50999915e-12 
 3.10250000e-09  3.10250000e-09  2.50000000e+00  1.37791139e-09 -2.50999915e-12 
 3.10350000e-09  3.10350000e-09  2.50000000e+00  1.37791139e-09 -2.50999915e-12 
 3.10450000e-09  3.10450000e-09  2.50000000e+00  1.37791139e-09 -2.50999915e-12 
 3.10550000e-09  3.10550000e-09  2.50000000e+00  1.37791139e-09 -2.50999915e-12 
 3.10650000e-09  3.10650000e-09  2.50000000e+00  1.37791139e-09 -2.50999915e-12 
 3.10750000e-09  3.10750000e-09  2.50000000e+00  1.37791139e-09 -2.50999915e-12 
 3.10850000e-09  3.10850000e-09  2.50000000e+00  1.37791139e-09 -2.50999915e-12 
 3.10950000e-09  3.10950000e-09  2.50000000e+00  1.37791139e-09 -2.50999915e-12 
 3.11050000e-09  3.11050000e-09  2.50000000e+00  1.37791139e-09 -2.50999915e-12 
 3.11150000e-09  3.11150000e-09  2.50000000e+00  1.37791139e-09 -2.50999915e-12 
 3.11250000e-09  3.11250000e-09  2.50000000e+00  1.37791139e-09 -2.50999915e-12 
 3.11350000e-09  3.11350000e-09  2.50000000e+00  1.37791139e-09 -2.50999915e-12 
 3.11450000e-09  3.11450000e-09  2.50000000e+00  1.37791139e-09 -2.50999915e-12 
 3.11550000e-09  3.11550000e-09  2.50000000e+00  1.37791139e-09 -2.50999915e-12 
 3.11650000e-09  3.11650000e-09  2.50000000e+00  1.37791139e-09 -2.50999915e-12 
 3.11750000e-09  3.11750000e-09  2.50000000e+00  1.37791139e-09 -2.50999915e-12 
 3.11850000e-09  3.11850000e-09  2.50000000e+00  1.37791139e-09 -2.50999915e-12 
 3.11950000e-09  3.11950000e-09  2.50000000e+00  1.37791139e-09 -2.50999915e-12 
 3.12050000e-09  3.12050000e-09  2.50000000e+00  1.37791139e-09 -2.50999915e-12 
 3.12150000e-09  3.12150000e-09  2.50000000e+00  1.37791139e-09 -2.50999915e-12 
 3.12250000e-09  3.12250000e-09  2.50000000e+00  1.37791139e-09 -2.50999915e-12 
 3.12350000e-09  3.12350000e-09  2.50000000e+00  1.37791139e-09 -2.50999915e-12 
 3.12450000e-09  3.12450000e-09  2.50000000e+00  1.37791139e-09 -2.50999915e-12 
 3.12550000e-09  3.12550000e-09  2.50000000e+00  1.37791139e-09 -2.50999915e-12 
 3.12650000e-09  3.12650000e-09  2.50000000e+00  1.37791139e-09 -2.50999915e-12 
 3.12750000e-09  3.12750000e-09  2.50000000e+00  1.37791139e-09 -2.50999915e-12 
 3.12850000e-09  3.12850000e-09  2.50000000e+00  1.37791139e-09 -2.50999915e-12 
 3.12950000e-09  3.12950000e-09  2.50000000e+00  1.37791139e-09 -2.50999915e-12 
 3.13050000e-09  3.13050000e-09  2.50000000e+00  1.37791139e-09 -2.50999915e-12 
 3.13150000e-09  3.13150000e-09  2.50000000e+00  1.37791139e-09 -2.50999915e-12 
 3.13250000e-09  3.13250000e-09  2.50000000e+00  1.37791139e-09 -2.50999915e-12 
 3.13350000e-09  3.13350000e-09  2.50000000e+00  1.37791139e-09 -2.50999915e-12 
 3.13450000e-09  3.13450000e-09  2.50000000e+00  1.37791139e-09 -2.50999915e-12 
 3.13550000e-09  3.13550000e-09  2.50000000e+00  1.37791139e-09 -2.50999915e-12 
 3.13650000e-09  3.13650000e-09  2.50000000e+00  1.37791139e-09 -2.50999915e-12 
 3.13750000e-09  3.13750000e-09  2.50000000e+00  1.37791139e-09 -2.50999915e-12 
 3.13850000e-09  3.13850000e-09  2.50000000e+00  1.37791139e-09 -2.50999915e-12 
 3.13950000e-09  3.13950000e-09  2.50000000e+00  1.37791139e-09 -2.50999915e-12 
 3.14050000e-09  3.14050000e-09  2.50000000e+00  1.37791139e-09 -2.50999915e-12 
 3.14150000e-09  3.14150000e-09  2.50000000e+00  1.37791139e-09 -2.50999915e-12 
 3.14250000e-09  3.14250000e-09  2.50000000e+00  1.37791139e-09 -2.50999915e-12 
 3.14350000e-09  3.14350000e-09  2.50000000e+00  1.37791139e-09 -2.50999915e-12 
 3.14450000e-09  3.14450000e-09  2.50000000e+00  1.37791139e-09 -2.50999915e-12 
 3.14550000e-09  3.14550000e-09  2.50000000e+00  1.37791139e-09 -2.50999915e-12 
 3.14650000e-09  3.14650000e-09  2.50000000e+00  1.37791139e-09 -2.50999915e-12 
 3.14750000e-09  3.14750000e-09  2.50000000e+00  1.37791139e-09 -2.50999915e-12 
 3.14850000e-09  3.14850000e-09  2.50000000e+00  1.37791139e-09 -2.50999915e-12 
 3.14950000e-09  3.14950000e-09  2.50000000e+00  1.37791139e-09 -2.50999915e-12 
 3.15050000e-09  3.15050000e-09  2.50000000e+00  1.37791139e-09 -2.50999915e-12 
 3.15150000e-09  3.15150000e-09  2.50000000e+00  1.37791139e-09 -2.50999915e-12 
 3.15250000e-09  3.15250000e-09  2.50000000e+00  1.37791139e-09 -2.50999915e-12 
 3.15350000e-09  3.15350000e-09  2.50000000e+00  1.37791139e-09 -2.50999915e-12 
 3.15450000e-09  3.15450000e-09  2.50000000e+00  1.37791139e-09 -2.50999915e-12 
 3.15550000e-09  3.15550000e-09  2.50000000e+00  1.37791139e-09 -2.50999915e-12 
 3.15650000e-09  3.15650000e-09  2.50000000e+00  1.37791139e-09 -2.50999915e-12 
 3.15750000e-09  3.15750000e-09  2.50000000e+00  1.37791139e-09 -2.50999915e-12 
 3.15850000e-09  3.15850000e-09  2.50000000e+00  1.37791139e-09 -2.50999915e-12 
 3.15950000e-09  3.15950000e-09  2.50000000e+00  1.37791139e-09 -2.50999915e-12 
 3.16050000e-09  3.16050000e-09  2.50000000e+00  1.37791139e-09 -2.50999915e-12 
 3.16150000e-09  3.16150000e-09  2.50000000e+00  1.37791139e-09 -2.50999915e-12 
 3.16250000e-09  3.16250000e-09  2.50000000e+00  1.37791139e-09 -2.50999915e-12 
 3.16350000e-09  3.16350000e-09  2.50000000e+00  1.37791139e-09 -2.50999915e-12 
 3.16450000e-09  3.16450000e-09  2.50000000e+00  1.37791139e-09 -2.50999915e-12 
 3.16550000e-09  3.16550000e-09  2.50000000e+00  1.37791139e-09 -2.50999915e-12 
 3.16650000e-09  3.16650000e-09  2.50000000e+00  1.37791139e-09 -2.50999915e-12 
 3.16750000e-09  3.16750000e-09  2.50000000e+00  1.37791139e-09 -2.50999915e-12 
 3.16850000e-09  3.16850000e-09  2.50000000e+00  1.37791139e-09 -2.50999915e-12 
 3.16950000e-09  3.16950000e-09  2.50000000e+00  1.37791139e-09 -2.50999915e-12 
 3.17050000e-09  3.17050000e-09  2.50000000e+00  1.37791139e-09 -2.50999915e-12 
 3.17150000e-09  3.17150000e-09  2.50000000e+00  1.37791139e-09 -2.50999915e-12 
 3.17250000e-09  3.17250000e-09  2.50000000e+00  1.37791139e-09 -2.50999915e-12 
 3.17350000e-09  3.17350000e-09  2.50000000e+00  1.37791139e-09 -2.50999915e-12 
 3.17450000e-09  3.17450000e-09  2.50000000e+00  1.37791139e-09 -2.50999915e-12 
 3.17550000e-09  3.17550000e-09  2.50000000e+00  1.37791139e-09 -2.50999915e-12 
 3.17650000e-09  3.17650000e-09  2.50000000e+00  1.37791139e-09 -2.50999915e-12 
 3.17750000e-09  3.17750000e-09  2.50000000e+00  1.37791139e-09 -2.50999915e-12 
 3.17850000e-09  3.17850000e-09  2.50000000e+00  1.37791139e-09 -2.50999915e-12 
 3.17950000e-09  3.17950000e-09  2.50000000e+00  1.37791139e-09 -2.50999915e-12 
 3.18050000e-09  3.18050000e-09  2.50000000e+00  1.37791139e-09 -2.50999915e-12 
 3.18150000e-09  3.18150000e-09  2.50000000e+00  1.37791139e-09 -2.50999915e-12 
 3.18250000e-09  3.18250000e-09  2.50000000e+00  1.37791139e-09 -2.50999915e-12 
 3.18350000e-09  3.18350000e-09  2.50000000e+00  1.37791139e-09 -2.50999915e-12 
 3.18450000e-09  3.18450000e-09  2.50000000e+00  1.37791139e-09 -2.50999915e-12 
 3.18550000e-09  3.18550000e-09  2.50000000e+00  1.37791139e-09 -2.50999915e-12 
 3.18650000e-09  3.18650000e-09  2.50000000e+00  1.37791139e-09 -2.50999915e-12 
 3.18750000e-09  3.18750000e-09  2.50000000e+00  1.37791139e-09 -2.50999915e-12 
 3.18850000e-09  3.18850000e-09  2.50000000e+00  1.37791139e-09 -2.50999915e-12 
 3.18950000e-09  3.18950000e-09  2.50000000e+00  1.37791139e-09 -2.50999915e-12 
 3.19050000e-09  3.19050000e-09  2.50000000e+00  1.37791139e-09 -2.50999915e-12 
 3.19150000e-09  3.19150000e-09  2.50000000e+00  1.37791139e-09 -2.50999915e-12 
 3.19250000e-09  3.19250000e-09  2.50000000e+00  1.37791139e-09 -2.50999915e-12 
 3.19350000e-09  3.19350000e-09  2.50000000e+00  1.37791139e-09 -2.50999915e-12 
 3.19450000e-09  3.19450000e-09  2.50000000e+00  1.37791139e-09 -2.50999915e-12 
 3.19550000e-09  3.19550000e-09  2.50000000e+00  1.37791139e-09 -2.50999915e-12 
 3.19650000e-09  3.19650000e-09  2.50000000e+00  1.37791139e-09 -2.50999915e-12 
 3.19750000e-09  3.19750000e-09  2.50000000e+00  1.37791139e-09 -2.50999915e-12 
 3.19850000e-09  3.19850000e-09  2.50000000e+00  1.37791139e-09 -2.50999915e-12 
 3.19925000e-09  3.19925000e-09  2.50000000e+00  1.37791137e-09 -2.51000609e-12 
 3.20000000e-09  3.20000000e-09  2.50000000e+00  1.37791080e-09 -2.51006854e-12 
 3.20010000e-09  3.20010000e-09  2.49750000e+00 -2.43292521e-04 -1.09197343e-04 
 3.20030000e-09  3.20030000e-09  2.49250000e+00 -7.25943457e-04 -1.07713571e-04 
 3.20070000e-09  3.20070000e-09  2.48250000e+00 -1.66808577e-03 -1.06229798e-04 
 3.20150000e-09  3.20150000e-09  2.46250000e+00 -3.46436244e-03 -1.01778480e-04 
 3.20250000e-09  3.20250000e-09  2.43750000e+00 -5.55611497e-03 -9.73271616e-05 
 3.20350000e-09  3.20350000e-09  2.41250000e+00 -7.49237682e-03 -9.18866616e-05 
 3.20450000e-09  3.20450000e-09  2.38750000e+00 -9.28849098e-03 -8.74353434e-05 
 3.20550000e-09  3.20550000e-09  2.36250000e+00 -1.09582855e-02 -8.39732070e-05 
 3.20650000e-09  3.20650000e-09  2.33750000e+00 -1.25142303e-02 -8.61164343e-05 
 3.20750000e-09  3.20750000e-09  2.31250000e+00 -1.39675777e-02 -8.72704798e-05 
 3.20850000e-09  3.20850000e-09  2.28750000e+00 -1.53284886e-02 -8.94137070e-05 
 3.20950000e-09  3.20950000e-09  2.26250000e+00 -1.66061450e-02 -9.05677525e-05 
 3.21050000e-09  3.21050000e-09  2.23750000e+00 -1.78088510e-02 -9.27109798e-05 
 3.21150000e-09  3.21150000e-09  2.21250000e+00 -1.89441233e-02 -9.38650252e-05 
 3.21250000e-09  3.21250000e-09  2.18750000e+00 -2.00187725e-02 -9.60082525e-05 
 3.21350000e-09  3.21350000e-09  2.16250000e+00 -2.10389750e-02 -9.71622979e-05 
 3.21450000e-09  3.21450000e-09  2.13750000e+00 -2.20103385e-02 -9.93055252e-05 
 3.21550000e-09  3.21550000e-09  2.11250000e+00 -2.29379601e-02 -1.00459571e-04 
 3.21650000e-09  3.21650000e-09  2.08750000e+00 -2.38264785e-02 -1.02602798e-04 
 3.21750000e-09  3.21750000e-09  2.06250000e+00 -2.46794987e-02 -1.03290752e-04 
 3.21850000e-09  3.21850000e-09  2.03750000e+00 -2.54898578e-02 -1.04292017e-04 
 3.21950000e-09  3.21950000e-09  2.01250000e+00 -2.62375259e-02 -1.04937505e-04 
 3.22050000e-09  3.22050000e-09  1.98750000e+00 -2.69001783e-02 -1.07205639e-04 
 3.22150000e-09  3.22150000e-09  1.96250000e+00 -2.74566501e-02 -1.09118092e-04 
 3.22250000e-09  3.22250000e-09  1.93750000e+00 -2.78867840e-02 -1.12653231e-04 
 3.22350000e-09  3.22350000e-09  1.91250000e+00 -2.81712927e-02 -1.15832664e-04 
 3.22450000e-09  3.22450000e-09  1.88750000e+00 -2.82916307e-02 -1.20634682e-04 
 3.22550000e-09  3.22550000e-09  1.86250000e+00 -2.82298770e-02 -1.25080803e-04 
 3.22650000e-09  3.22650000e-09  1.83750000e+00 -2.79686246e-02 -1.31149220e-04 
 3.22750000e-09  3.22750000e-09  1.81250000e+00 -2.74908780e-02 -1.36861337e-04 
 3.22850000e-09  3.22850000e-09  1.78750000e+00 -2.67799560e-02 -1.44195228e-04 
 3.22950000e-09  3.22950000e-09  1.76250000e+00 -2.58193988e-02 -1.51172168e-04 
 3.23050000e-09  3.23050000e-09  1.73750000e+00 -2.45928799e-02 -1.59770085e-04 
 3.23150000e-09  3.23150000e-09  1.71250000e+00 -2.30841198e-02 -1.68010103e-04 
 3.23250000e-09  3.23250000e-09  1.68750000e+00 -2.12768029e-02 -1.77869987e-04 
 3.23350000e-09  3.23350000e-09  1.66250000e+00 -1.91544952e-02 -1.87370686e-04 
 3.23450000e-09  3.23450000e-09  1.63750000e+00 -1.67005621e-02 -1.98489778e-04 
 3.23550000e-09  3.23550000e-09  1.61250000e+00 -1.38980863e-02 -2.09248011e-04 
 3.23650000e-09  3.23650000e-09  1.58750000e+00 -1.07297852e-02 -2.21622752e-04 
 3.23750000e-09  3.23750000e-09  1.56250000e+00 -7.17792520e-03 -2.33634521e-04 
 3.23850000e-09  3.23850000e-09  1.53750000e+00 -3.22423385e-03 -2.47260442e-04 
 3.23950000e-09  3.23950000e-09  1.51250000e+00  1.15018061e-03 -2.60520777e-04 
 3.24050000e-09  3.24050000e-09  1.48750000e+00  5.96466879e-03 -2.75392376e-04 
 3.24150000e-09  3.24150000e-09  1.46250000e+00  1.12389785e-02 -2.89895213e-04 
 3.24250000e-09  3.24250000e-09  1.43750000e+00  1.69935239e-02 -3.06005829e-04 
 3.24350000e-09  3.24350000e-09  1.41250000e+00  2.32379206e-02 -3.21433350e-04 
 3.24450000e-09  3.24450000e-09  1.38750000e+00  2.99942706e-02 -3.38776066e-04 
 3.24550000e-09  3.24550000e-09  1.36250000e+00  3.72972876e-02 -3.55741788e-04 
 3.24650000e-09  3.24650000e-09  1.33750000e+00  4.51712242e-02 -3.74306300e-04 
 3.24750000e-09  3.24750000e-09  1.31250000e+00  5.36416235e-02 -3.92488451e-04 
 3.24850000e-09  3.24850000e-09  1.28750000e+00  6.27354453e-02 -4.12263573e-04 
 3.24950000e-09  3.24950000e-09  1.26250000e+00  7.24812194e-02 -4.31650015e-04 
 3.25050000e-09  3.25050000e-09  1.23750000e+00  8.29092158e-02 -4.52622575e-04 
 3.25150000e-09  3.25150000e-09  1.21250000e+00  9.40516381e-02 -4.73199023e-04 
 3.25250000e-09  3.25250000e-09  1.18750000e+00  1.05942843e-01 -4.95353527e-04 
 3.25350000e-09  3.25350000e-09  1.16250000e+00  1.18619595e-01 -5.17103176e-04 
 3.25450000e-09  3.25450000e-09  1.13750000e+00  1.32121358e-01 -5.40421394e-04 
 3.25550000e-09  3.25550000e-09  1.11250000e+00  1.46490645e-01 -5.63324456e-04 
 3.25650000e-09  3.25650000e-09  1.08750000e+00  1.61773435e-01 -5.87784893e-04 
 3.25750000e-09  3.25750000e-09  1.06250000e+00  1.78051289e-01 -6.12109388e-04 
 3.25850000e-09  3.25850000e-09  1.03750000e+00  1.95382542e-01 -6.37682482e-04 
 3.25950000e-09  3.25950000e-09  1.01250000e+00  2.13800547e-01 -6.62813120e-04 
 3.26050000e-09  3.26050000e-09  9.87500000e-01  2.33374806e-01 -6.89471196e-04 
 3.26150000e-09  3.26150000e-09  9.62500000e-01  2.54184139e-01 -7.15668957e-04 
 3.26250000e-09  3.26250000e-09  9.37500000e-01  2.76319675e-01 -7.43374264e-04 
 3.26350000e-09  3.26350000e-09  9.12500000e-01  2.99889693e-01 -7.70596851e-04 
 3.26450000e-09  3.26450000e-09  8.87500000e-01  3.25028084e-01 -7.99301301e-04 
 3.26550000e-09  3.26550000e-09  8.62500000e-01  3.51910632e-01 -8.27492729e-04 
 3.26650000e-09  3.26650000e-09  8.37500000e-01  3.80790277e-01 -8.57128441e-04 
 3.26750000e-09  3.26750000e-09  8.12500000e-01  4.11818050e-01 -8.86211258e-04 
 3.26850000e-09  3.26850000e-09  7.87500000e-01  4.44817259e-01 -9.16459422e-04 
 3.26950000e-09  3.26950000e-09  7.62500000e-01  4.79608339e-01 -9.46402456e-04 
 3.27050000e-09  3.27050000e-09  7.37500000e-01  5.16185515e-01 -9.77747668e-04 
 3.27150000e-09  3.27150000e-09  7.12500000e-01  5.54542518e-01 -1.00850404e-03 
 3.27250000e-09  3.27250000e-09  6.87500000e-01  5.94672408e-01 -1.04063701e-03 
 3.27350000e-09  3.27350000e-09  6.62500000e-01  6.36567543e-01 -1.07215501e-03 
 3.27450000e-09  3.27450000e-09  6.37500000e-01  6.80219551e-01 -1.10502297e-03 
 3.27550000e-09  3.27550000e-09  6.12500000e-01  7.25619302e-01 -1.13724883e-03 
 3.27650000e-09  3.27650000e-09  5.87500000e-01  7.72756876e-01 -1.17079703e-03 
 3.27750000e-09  3.27750000e-09  5.62500000e-01  8.21621543e-01 -1.20367506e-03 
 3.27850000e-09  3.27850000e-09  5.37500000e-01  8.72201729e-01 -1.23784694e-03 
 3.27950000e-09  3.27950000e-09  5.12500000e-01  9.24484997e-01 -1.27131977e-03 
 3.28050000e-09  3.28050000e-09  4.87500000e-01  9.77990809e-01 -1.30441141e-03 
 3.28150000e-09  3.28150000e-09  4.62500000e-01  1.03204776e+00 -1.33055792e-03 
 3.28250000e-09  3.28250000e-09  4.37500000e-01  1.08638794e+00 -1.35186026e-03 
 3.28350000e-09  3.28350000e-09  4.12500000e-01  1.14085295e+00 -1.36644849e-03 
 3.28450000e-09  3.28450000e-09  3.87500000e-01  1.19528154e+00 -1.37644062e-03 
 3.28550000e-09  3.28550000e-09  3.62500000e-01  1.24951387e+00 -1.38003201e-03 
 3.28650000e-09  3.28650000e-09  3.37500000e-01  1.30338712e+00 -1.37941356e-03 
 3.28750000e-09  3.28750000e-09  3.12500000e-01  1.35673907e+00 -1.37285801e-03 
 3.28850000e-09  3.28850000e-09  2.87500000e-01  1.40941151e+00 -1.36263076e-03 
 3.28950000e-09  3.28950000e-09  2.62500000e-01  1.46125303e+00 -1.34707227e-03 
 3.29050000e-09  3.29050000e-09  2.37500000e-01  1.51212132e+00 -1.32850606e-03 
 3.29150000e-09  3.29150000e-09  2.12500000e-01  1.56188494e+00 -1.30531931e-03 
 3.29250000e-09  3.29250000e-09  1.87500000e-01  1.61042466e+00 -1.27986989e-03 
 3.29350000e-09  3.29350000e-09  1.62500000e-01  1.65763445e+00 -1.25056658e-03 
 3.29450000e-09  3.29450000e-09  1.37500000e-01  1.70342199e+00 -1.21977638e-03 
 3.29550000e-09  3.29550000e-09  1.12500000e-01  1.74770902e+00 -1.18590536e-03 
 3.29650000e-09  3.29650000e-09  8.75000000e-02  1.79043128e+00 -1.15130694e-03 
 3.29750000e-09  3.29750000e-09  6.25000000e-02  1.83153826e+00 -1.11436400e-03 
 3.29850000e-09  3.29850000e-09  3.75000000e-02  1.87099274e+00 -1.07739856e-03 
 3.29925000e-09  3.29925000e-09  1.87500000e-02  1.89948447e+00 -1.04833979e-03 
 3.30000000e-09  3.30000000e-09  0.00000000e+00  1.92702641e+00 -1.02001110e-03 
 3.30010000e-09  3.30010000e-09  0.00000000e+00  1.93097568e+00 -9.24598330e-04 
 3.30030000e-09  3.30030000e-09  0.00000000e+00  1.93882512e+00 -9.13426265e-04 
 3.30070000e-09  3.30070000e-09  0.00000000e+00  1.95423530e+00 -8.91370177e-04 
 3.30150000e-09  3.30150000e-09  0.00000000e+00  1.98392810e+00 -8.48371543e-04 
 3.30250000e-09  3.30250000e-09  0.00000000e+00  2.01899775e+00 -7.96743024e-04 
 3.30350000e-09  3.30350000e-09  0.00000000e+00  2.05189054e+00 -7.47494640e-04 
 3.30450000e-09  3.30450000e-09  0.00000000e+00  2.08271343e+00 -7.00626105e-04 
 3.30550000e-09  3.30550000e-09  0.00000000e+00  2.11157210e+00 -6.56117731e-04 
 3.30650000e-09  3.30650000e-09  0.00000000e+00  2.13857028e+00 -6.13933587e-04 
 3.30750000e-09  3.30750000e-09  0.00000000e+00  2.16380925e+00 -5.74024364e-04 
 3.30850000e-09  3.30850000e-09  0.00000000e+00  2.18738742e+00 -5.36329948e-04 
 3.30950000e-09  3.30950000e-09  0.00000000e+00  2.20939998e+00 -5.00781701e-04 
 3.31050000e-09  3.31050000e-09  0.00000000e+00  2.22993866e+00 -4.67304474e-04 
 3.31150000e-09  3.31150000e-09  0.00000000e+00  2.24909154e+00 -4.35818352e-04 
 3.31250000e-09  3.31250000e-09  0.00000000e+00  2.26694294e+00 -4.06240173e-04 
 3.31350000e-09  3.31350000e-09  0.00000000e+00  2.28357335e+00 -3.78484816e-04 
 3.31450000e-09  3.31450000e-09  0.00000000e+00  2.29905942e+00 -3.52466301e-04 
 3.31550000e-09  3.31550000e-09  0.00000000e+00  2.31347394e+00 -3.28098707e-04 
 3.31650000e-09  3.31650000e-09  0.00000000e+00  2.32688593e+00 -3.05296933e-04 
 3.31750000e-09  3.31750000e-09  0.00000000e+00  2.33936069e+00 -2.83977320e-04 
 3.31850000e-09  3.31850000e-09  0.00000000e+00  2.35095989e+00 -2.64058149e-04 
 3.31950000e-09  3.31950000e-09  0.00000000e+00  2.36174351e+00 -2.45496683e-04 
 3.32050000e-09  3.32050000e-09  0.00000000e+00  2.37176593e+00 -2.28131710e-04 
 3.32150000e-09  3.32150000e-09  0.00000000e+00  2.38107650e+00 -2.11939088e-04 
 3.32250000e-09  3.32250000e-09  0.00000000e+00  2.38972370e+00 -1.96847666e-04 
 3.32350000e-09  3.32350000e-09  0.00000000e+00  2.39775302e+00 -1.82789427e-04 
 3.32450000e-09  3.32450000e-09  0.00000000e+00  2.40520705e+00 -1.69699548e-04 
 3.32550000e-09  3.32550000e-09  0.00000000e+00  2.41212571e+00 -1.57516412e-04 
 3.32650000e-09  3.32650000e-09  0.00000000e+00  2.41854630e+00 -1.46181581e-04 
 3.32750000e-09  3.32750000e-09  0.00000000e+00  2.42450370e+00 -1.35639748e-04 
 3.32850000e-09  3.32850000e-09  0.00000000e+00  2.43003049e+00 -1.25838666e-04 
 3.32950000e-09  3.32950000e-09  0.00000000e+00  2.43515706e+00 -1.16729062e-04 
 3.33050000e-09  3.33050000e-09  0.00000000e+00  2.43991177e+00 -1.08264539e-04 
 3.33150000e-09  3.33150000e-09  0.00000000e+00  2.44432107e+00 -1.00401466e-04 
 3.33250000e-09  3.33250000e-09  0.00000000e+00  2.44840959e+00 -9.30988699e-05 
 3.33350000e-09  3.33350000e-09  0.00000000e+00  2.45220027e+00 -8.63183119e-05 
 3.33450000e-09  3.33450000e-09  0.00000000e+00  2.45571447e+00 -8.00237731e-05 
 3.33550000e-09  3.33550000e-09  0.00000000e+00  2.45897207e+00 -7.41815321e-05 
 3.33650000e-09  3.33650000e-09  0.00000000e+00  2.46199155e+00 -6.87600468e-05 
 3.33750000e-09  3.33750000e-09  0.00000000e+00  2.46479010e+00 -6.37298367e-05 
 3.33850000e-09  3.33850000e-09  0.00000000e+00  2.46738370e+00 -5.90633691e-05 
 3.33950000e-09  3.33950000e-09  0.00000000e+00  2.46978721e+00 -5.47349471e-05 
 3.34050000e-09  3.34050000e-09  0.00000000e+00  2.47201442e+00 -5.07206022e-05 
 3.34150000e-09  3.34150000e-09  0.00000000e+00  2.47407815e+00 -4.69979907e-05 
 3.34250000e-09  3.34250000e-09  0.00000000e+00  2.47599029e+00 -4.35462945e-05 
 3.34350000e-09  3.34350000e-09  0.00000000e+00  2.47776190e+00 -4.03461262e-05 
 3.34450000e-09  3.34450000e-09  0.00000000e+00  2.47940323e+00 -3.73794388e-05 
 3.34550000e-09  3.34550000e-09  0.00000000e+00  2.48092380e+00 -3.46294397e-05 
 3.34650000e-09  3.34650000e-09  0.00000000e+00  2.48233244e+00 -3.20805093e-05 
 3.34750000e-09  3.34750000e-09  0.00000000e+00  2.48363734e+00 -2.97181243e-05 
 3.34850000e-09  3.34850000e-09  0.00000000e+00  2.48484611e+00 -2.75287851e-05 
 3.34950000e-09  3.34950000e-09  0.00000000e+00  2.48596578e+00 -2.54999470e-05 
 3.35050000e-09  3.35050000e-09  0.00000000e+00  2.48700290e+00 -2.36199560e-05 
 3.35150000e-09  3.35150000e-09  0.00000000e+00  2.48796353e+00 -2.18779882e-05 
 3.35250000e-09  3.35250000e-09  0.00000000e+00  2.48885328e+00 -2.02639930e-05 
 3.35350000e-09  3.35350000e-09  0.00000000e+00  2.48967738e+00 -1.87686400e-05 
 3.35450000e-09  3.35450000e-09  0.00000000e+00  2.49044065e+00 -1.73832688e-05 
 3.35550000e-09  3.35550000e-09  0.00000000e+00  2.49114756e+00 -1.60998424e-05 
 3.35650000e-09  3.35650000e-09  0.00000000e+00  2.49180226e+00 -1.49109039e-05 
 3.35750000e-09  3.35750000e-09  0.00000000e+00  2.49240861e+00 -1.38095352e-05 
 3.35850000e-09  3.35850000e-09  0.00000000e+00  2.49297015e+00 -1.27893195e-05 
 3.35950000e-09  3.35950000e-09  0.00000000e+00  2.49349021e+00 -1.18443052e-05 
 3.36050000e-09  3.36050000e-09  0.00000000e+00  2.49397183e+00 -1.09689734e-05 
 3.36150000e-09  3.36150000e-09  0.00000000e+00  2.49441785e+00 -1.01582067e-05 
 3.36250000e-09  3.36250000e-09  0.00000000e+00  2.49483089e+00 -9.40726042e-06 
 3.36350000e-09  3.36350000e-09  0.00000000e+00  2.49521340e+00 -8.71173621e-06 
 3.36450000e-09  3.36450000e-09  0.00000000e+00  2.49556762e+00 -8.06755681e-06 
 3.36550000e-09  3.36550000e-09  0.00000000e+00  2.49589565e+00 -7.47094307e-06 
 3.36650000e-09  3.36650000e-09  0.00000000e+00  2.49619942e+00 -6.91839242e-06 
 3.36750000e-09  3.36750000e-09  0.00000000e+00  2.49648071e+00 -6.40665881e-06 
 3.36850000e-09  3.36850000e-09  0.00000000e+00  2.49674120e+00 -5.93273415e-06 
 3.36950000e-09  3.36950000e-09  0.00000000e+00  2.49698242e+00 -5.49383102e-06 
 3.37050000e-09  3.37050000e-09  0.00000000e+00  2.49720579e+00 -5.08736665e-06 
 3.37150000e-09  3.37150000e-09  0.00000000e+00  2.49741263e+00 -4.71094800e-06 
 3.37250000e-09  3.37250000e-09  0.00000000e+00  2.49760417e+00 -4.36235791e-06 
 3.37350000e-09  3.37350000e-09  0.00000000e+00  2.49778153e+00 -4.03954230e-06 
 3.37450000e-09  3.37450000e-09  0.00000000e+00  2.49794577e+00 -3.74059825e-06 
 3.37550000e-09  3.37550000e-09  0.00000000e+00  2.49809785e+00 -3.46376290e-06 
 3.37650000e-09  3.37650000e-09  0.00000000e+00  2.49823868e+00 -3.20740326e-06 
 3.37750000e-09  3.37750000e-09  0.00000000e+00  2.49836908e+00 -2.97000664e-06 
 3.37850000e-09  3.37850000e-09  0.00000000e+00  2.49848983e+00 -2.75017186e-06 
 3.37950000e-09  3.37950000e-09  0.00000000e+00  2.49860164e+00 -2.54660105e-06 
 3.38050000e-09  3.38050000e-09  0.00000000e+00  2.49870518e+00 -2.35809208e-06 
 3.38150000e-09  3.38150000e-09  0.00000000e+00  2.49880105e+00 -2.18353151e-06 
 3.38250000e-09  3.38250000e-09  0.00000000e+00  2.49888983e+00 -2.02188806e-06 
 3.38350000e-09  3.38350000e-09  0.00000000e+00  2.49897203e+00 -1.87220662e-06 
 3.38450000e-09  3.38450000e-09  0.00000000e+00  2.49904814e+00 -1.73360255e-06 
 3.38550000e-09  3.38550000e-09  0.00000000e+00  2.49911863e+00 -1.60525659e-06 
 3.38650000e-09  3.38650000e-09  0.00000000e+00  2.49918389e+00 -1.48640997e-06 
 3.38750000e-09  3.38750000e-09  0.00000000e+00  2.49924432e+00 -1.37635999e-06 
 3.38850000e-09  3.38850000e-09  0.00000000e+00  2.49930028e+00 -1.27445588e-06 
 3.38950000e-09  3.38950000e-09  0.00000000e+00  2.49935209e+00 -1.18009497e-06 
 3.39050000e-09  3.39050000e-09  0.00000000e+00  2.49940007e+00 -1.09271913e-06 
 3.39150000e-09  3.39150000e-09  0.00000000e+00  2.49944449e+00 -1.01181149e-06 
 3.39250000e-09  3.39250000e-09  0.00000000e+00  2.49948563e+00 -9.36893404e-07 
 3.39350000e-09  3.39350000e-09  0.00000000e+00  2.49952372e+00 -8.67521625e-07 
 3.39450000e-09  3.39450000e-09  0.00000000e+00  2.49955899e+00 -8.03285677e-07 
 3.39550000e-09  3.39550000e-09  0.00000000e+00  2.49959164e+00 -7.43805449e-07 
 3.39650000e-09  3.39650000e-09  0.00000000e+00  2.49962188e+00 -6.88728945e-07 
 3.39750000e-09  3.39750000e-09  0.00000000e+00  2.49964988e+00 -6.37730209e-07 
 3.39850000e-09  3.39850000e-09  0.00000000e+00  2.49967581e+00 -5.90507401e-07 
 3.39950000e-09  3.39950000e-09  0.00000000e+00  2.49969982e+00 -5.46781012e-07 
 3.40050000e-09  3.40050000e-09  0.00000000e+00  2.49972205e+00 -5.06292216e-07 
 3.40150000e-09  3.40150000e-09  0.00000000e+00  2.49974263e+00 -4.68801338e-07 
 3.40250000e-09  3.40250000e-09  0.00000000e+00  2.49976169e+00 -4.34086442e-07 
 3.40350000e-09  3.40350000e-09  0.00000000e+00  2.49977934e+00 -4.01942014e-07 
 3.40450000e-09  3.40450000e-09  0.00000000e+00  2.49979568e+00 -3.72177752e-07 
 3.40550000e-09  3.40550000e-09  0.00000000e+00  2.49981081e+00 -3.44617437e-07 
 3.40650000e-09  3.40650000e-09  0.00000000e+00  2.49982482e+00 -3.19097896e-07 
 3.40750000e-09  3.40750000e-09  0.00000000e+00  2.49983779e+00 -2.95468031e-07 
 3.40850000e-09  3.40850000e-09  0.00000000e+00  2.49984980e+00 -2.73587930e-07 
 3.40950000e-09  3.40950000e-09  0.00000000e+00  2.49986093e+00 -2.53328038e-07 
 3.41050000e-09  3.41050000e-09  0.00000000e+00  2.49987123e+00 -2.34568391e-07 
 3.41150000e-09  3.41150000e-09  0.00000000e+00  2.49988076e+00 -2.17197905e-07 
 3.41250000e-09  3.41250000e-09  0.00000000e+00  2.49988959e+00 -2.01113720e-07 
 3.41350000e-09  3.41350000e-09  0.00000000e+00  2.49989777e+00 -1.86220590e-07 
 3.41450000e-09  3.41450000e-09  0.00000000e+00  2.49990534e+00 -1.72430324e-07 
 3.41550000e-09  3.41550000e-09  0.00000000e+00  2.49991235e+00 -1.59661257e-07 
 3.41650000e-09  3.41650000e-09  0.00000000e+00  2.49991884e+00 -1.47837771e-07 
 3.41750000e-09  3.41750000e-09  0.00000000e+00  2.49992485e+00 -1.36889848e-07 
 3.41850000e-09  3.41850000e-09  0.00000000e+00  2.49993042e+00 -1.26752652e-07 
 3.41950000e-09  3.41950000e-09  0.00000000e+00  2.49993557e+00 -1.17366150e-07 
 3.42050000e-09  3.42050000e-09  0.00000000e+00  2.49994034e+00 -1.08674753e-07 
 3.42150000e-09  3.42150000e-09  0.00000000e+00  2.49994476e+00 -1.00626987e-07 
 3.42250000e-09  3.42250000e-09  0.00000000e+00  2.49994885e+00 -9.31751917e-08 
 3.42350000e-09  3.42350000e-09  0.00000000e+00  2.49995264e+00 -8.62752334e-08 
 3.42450000e-09  3.42450000e-09  0.00000000e+00  2.49995614e+00 -7.98862480e-08 
 3.42550000e-09  3.42550000e-09  0.00000000e+00  2.49995939e+00 -7.39703966e-08 
 3.42650000e-09  3.42650000e-09  0.00000000e+00  2.49996240e+00 -6.84926425e-08 
 3.42750000e-09  3.42750000e-09  0.00000000e+00  2.49996518e+00 -6.34205432e-08 
 3.42850000e-09  3.42850000e-09  0.00000000e+00  2.49996776e+00 -5.87240587e-08 
 3.42950000e-09  3.42950000e-09  0.00000000e+00  2.49997015e+00 -5.43753734e-08 
 3.43050000e-09  3.43050000e-09  0.00000000e+00  2.49997236e+00 -5.03487314e-08 
 3.43150000e-09  3.43150000e-09  0.00000000e+00  2.49997441e+00 -4.66202842e-08 
 3.43250000e-09  3.43250000e-09  0.00000000e+00  2.49997630e+00 -4.31679492e-08 
 3.43350000e-09  3.43350000e-09  0.00000000e+00  2.49997806e+00 -3.99712790e-08 
 3.43450000e-09  3.43450000e-09  0.00000000e+00  2.49997968e+00 -3.70113406e-08 
 3.43550000e-09  3.43550000e-09  0.00000000e+00  2.49998119e+00 -3.42706028e-08 
 3.43650000e-09  3.43650000e-09  0.00000000e+00  2.49998258e+00 -3.17328327e-08 
 3.43750000e-09  3.43750000e-09  0.00000000e+00  2.49998387e+00 -2.93829996e-08 
 3.43850000e-09  3.43850000e-09  0.00000000e+00  2.49998506e+00 -2.72071858e-08 
 3.43950000e-09  3.43950000e-09  0.00000000e+00  2.49998617e+00 -2.51925041e-08 
 3.44050000e-09  3.44050000e-09  0.00000000e+00  2.49998719e+00 -2.33270220e-08 
 3.44150000e-09  3.44150000e-09  0.00000000e+00  2.49998814e+00 -2.15996903e-08 
 3.44250000e-09  3.44250000e-09  0.00000000e+00  2.49998902e+00 -2.00002783e-08 
 3.44350000e-09  3.44350000e-09  0.00000000e+00  2.49998983e+00 -1.85193128e-08 
 3.44450000e-09  3.44450000e-09  0.00000000e+00  2.49999059e+00 -1.71480221e-08 
 3.44550000e-09  3.44550000e-09  0.00000000e+00  2.49999128e+00 -1.58782841e-08 
 3.44650000e-09  3.44650000e-09  0.00000000e+00  2.49999193e+00 -1.47025784e-08 
 3.44750000e-09  3.44750000e-09  0.00000000e+00  2.49999253e+00 -1.36139412e-08 
 3.44850000e-09  3.44850000e-09  0.00000000e+00  2.49999308e+00 -1.26059245e-08 
 3.44950000e-09  3.44950000e-09  0.00000000e+00  2.49999359e+00 -1.16725581e-08 
 3.45050000e-09  3.45050000e-09  0.00000000e+00  2.49999407e+00 -1.08083134e-08 
 3.45150000e-09  3.45150000e-09  0.00000000e+00  2.49999451e+00 -1.00080717e-08 
 3.45250000e-09  3.45250000e-09  0.00000000e+00  2.49999491e+00 -9.26709313e-09 
 3.45350000e-09  3.45350000e-09  0.00000000e+00  2.49999529e+00 -8.58098886e-09 
 3.45450000e-09  3.45450000e-09  0.00000000e+00  2.49999564e+00 -7.94569513e-09 
 3.45550000e-09  3.45550000e-09  0.00000000e+00  2.49999596e+00 -7.35744908e-09 
 3.45650000e-09  3.45650000e-09  0.00000000e+00  2.49999626e+00 -6.81276653e-09 
 3.45750000e-09  3.45750000e-09  0.00000000e+00  2.49999654e+00 -6.30842133e-09 
 3.45850000e-09  3.45850000e-09  0.00000000e+00  2.49999679e+00 -5.84142623e-09 
 3.45950000e-09  3.45950000e-09  0.00000000e+00  2.49999703e+00 -5.40901523e-09 
 3.46050000e-09  3.46050000e-09  0.00000000e+00  2.49999725e+00 -5.00862713e-09 
 3.46150000e-09  3.46150000e-09  0.00000000e+00  2.49999745e+00 -4.63789044e-09 
 3.46250000e-09  3.46250000e-09  0.00000000e+00  2.49999764e+00 -4.29460928e-09 
 3.46350000e-09  3.46350000e-09  0.00000000e+00  2.49999782e+00 -3.97675039e-09 
 3.46450000e-09  3.46450000e-09  0.00000000e+00  2.49999798e+00 -3.68243107e-09 
 3.46550000e-09  3.46550000e-09  0.00000000e+00  2.49999813e+00 -3.40990807e-09 
 3.46650000e-09  3.46650000e-09  0.00000000e+00  2.49999827e+00 -3.15756723e-09 
 3.46750000e-09  3.46750000e-09  0.00000000e+00  2.49999839e+00 -2.92391391e-09 
 3.46850000e-09  3.46850000e-09  0.00000000e+00  2.49999851e+00 -2.70756420e-09 
 3.46950000e-09  3.46950000e-09  0.00000000e+00  2.49999862e+00 -2.50723664e-09 
 3.47050000e-09  3.47050000e-09  0.00000000e+00  2.49999873e+00 -2.32174468e-09 
 3.47150000e-09  3.47150000e-09  0.00000000e+00  2.49999882e+00 -2.14998966e-09 
 3.47250000e-09  3.47250000e-09  0.00000000e+00  2.49999891e+00 -1.99095425e-09 
 3.47350000e-09  3.47350000e-09  0.00000000e+00  2.49999899e+00 -1.84369648e-09 
 3.47450000e-09  3.47450000e-09  0.00000000e+00  2.49999906e+00 -1.70734415e-09 
 3.47550000e-09  3.47550000e-09  0.00000000e+00  2.49999913e+00 -1.58108962e-09 
 3.47650000e-09  3.47650000e-09  0.00000000e+00  2.49999920e+00 -1.46418510e-09 
 3.47750000e-09  3.47750000e-09  0.00000000e+00  2.49999926e+00 -1.35593815e-09 
 3.47850000e-09  3.47850000e-09  0.00000000e+00  2.49999931e+00 -1.25570762e-09 
 3.47950000e-09  3.47950000e-09  0.00000000e+00  2.49999936e+00 -1.16289983e-09 
 3.48050000e-09  3.48050000e-09  0.00000000e+00  2.49999941e+00 -1.07696509e-09 
 3.48150000e-09  3.48150000e-09  0.00000000e+00  2.49999945e+00 -9.97394399e-10 
 3.48250000e-09  3.48250000e-09  0.00000000e+00  2.49999949e+00 -9.23716456e-10 
 3.48350000e-09  3.48350000e-09  0.00000000e+00  2.49999953e+00 -8.55494869e-10 
 3.48450000e-09  3.48450000e-09  0.00000000e+00  2.49999957e+00 -7.92325545e-10 
 3.48550000e-09  3.48550000e-09  0.00000000e+00  2.49999960e+00 -7.33834355e-10 
 3.48650000e-09  3.48650000e-09  0.00000000e+00  2.49999963e+00 -6.79674816e-10 
 3.48750000e-09  3.48750000e-09  0.00000000e+00  2.49999965e+00 -6.29526154e-10 
 3.48850000e-09  3.48850000e-09  0.00000000e+00  2.49999968e+00 -5.83091359e-10 
 3.48950000e-09  3.48950000e-09  0.00000000e+00  2.49999970e+00 -5.40095361e-10 
 3.49050000e-09  3.49050000e-09  0.00000000e+00  2.49999973e+00 -5.00283519e-10 
 3.49150000e-09  3.49150000e-09  0.00000000e+00  2.49999975e+00 -4.63420011e-10 
 3.49250000e-09  3.49250000e-09  0.00000000e+00  2.49999976e+00 -4.29286482e-10 
 3.49350000e-09  3.49350000e-09  0.00000000e+00  2.49999978e+00 -3.97680786e-10 
 3.49450000e-09  3.49450000e-09  0.00000000e+00  2.49999980e+00 -3.68415705e-10 
 3.49550000e-09  3.49550000e-09  0.00000000e+00  2.49999981e+00 -3.41317903e-10 
 3.49650000e-09  3.49650000e-09  0.00000000e+00  2.49999983e+00 -3.16226875e-10 
 3.49750000e-09  3.49750000e-09  0.00000000e+00  2.49999984e+00 -2.92994007e-10 
 3.49850000e-09  3.49850000e-09  0.00000000e+00  2.49999985e+00 -2.71481691e-10 
 3.49950000e-09  3.49950000e-09  0.00000000e+00  2.49999986e+00 -2.51562510e-10 
 3.50050000e-09  3.50050000e-09  0.00000000e+00  2.49999987e+00 -2.33118484e-10 
 3.50150000e-09  3.50150000e-09  0.00000000e+00  2.49999988e+00 -2.16040350e-10 
 3.50250000e-09  3.50250000e-09  0.00000000e+00  2.49999989e+00 -2.00226983e-10 
 3.50350000e-09  3.50350000e-09  0.00000000e+00  2.49999990e+00 -1.85584687e-10 
 3.50450000e-09  3.50450000e-09  0.00000000e+00  2.49999991e+00 -1.72026764e-10 
 3.50550000e-09  3.50550000e-09  0.00000000e+00  2.49999991e+00 -1.59472905e-10 
 3.50650000e-09  3.50650000e-09  0.00000000e+00  2.49999992e+00 -1.47848726e-10 
 3.50750000e-09  3.50750000e-09  0.00000000e+00  2.49999992e+00 -1.37085406e-10 
 3.50850000e-09  3.50850000e-09  0.00000000e+00  2.49999993e+00 -1.27119189e-10 
 3.50950000e-09  3.50950000e-09  0.00000000e+00  2.49999994e+00 -1.17891031e-10 
 3.51050000e-09  3.51050000e-09  0.00000000e+00  2.49999994e+00 -1.09346277e-10 
 3.51150000e-09  3.51150000e-09  0.00000000e+00  2.49999994e+00 -1.01434325e-10 
 3.51250000e-09  3.51250000e-09  0.00000000e+00  2.49999995e+00 -9.41083080e-11 
 3.51350000e-09  3.51350000e-09  0.00000000e+00  2.49999995e+00 -8.73248314e-11 
 3.51450000e-09  3.51450000e-09  0.00000000e+00  2.49999996e+00 -8.10437108e-11 
 3.51550000e-09  3.51550000e-09  0.00000000e+00  2.49999996e+00 -7.52277641e-11 
 3.51650000e-09  3.51650000e-09  0.00000000e+00  2.49999996e+00 -6.98425189e-11 
 3.51750000e-09  3.51750000e-09  0.00000000e+00  2.49999996e+00 -6.48560840e-11 
 3.51850000e-09  3.51850000e-09  0.00000000e+00  2.49999997e+00 -6.02389380e-11 
 3.51950000e-09  3.51950000e-09  0.00000000e+00  2.49999997e+00 -5.59637146e-11 
 3.52050000e-09  3.52050000e-09  0.00000000e+00  2.49999997e+00 -5.20051051e-11 
 3.52150000e-09  3.52150000e-09  0.00000000e+00  2.49999997e+00 -4.83396561e-11 
 3.52250000e-09  3.52250000e-09  0.00000000e+00  2.49999998e+00 -4.49456566e-11 
 3.52350000e-09  3.52350000e-09  0.00000000e+00  2.49999998e+00 -4.18030090e-11 
 3.52450000e-09  3.52450000e-09  0.00000000e+00  2.49999998e+00 -3.88930893e-11 
 3.52550000e-09  3.52550000e-09  0.00000000e+00  2.49999998e+00 -3.61986743e-11 
 3.52650000e-09  3.52650000e-09  0.00000000e+00  2.49999998e+00 -3.37038045e-11 
 3.52750000e-09  3.52750000e-09  0.00000000e+00  2.49999998e+00 -3.13936906e-11 
 3.52850000e-09  3.52850000e-09  0.00000000e+00  2.49999998e+00 -2.92546534e-11 
 3.52950000e-09  3.52950000e-09  0.00000000e+00  2.49999999e+00 -2.72740277e-11 
 3.53050000e-09  3.53050000e-09  0.00000000e+00  2.49999999e+00 -2.54400936e-11 
 3.53150000e-09  3.53150000e-09  0.00000000e+00  2.49999999e+00 -2.37419520e-11 
 3.53250000e-09  3.53250000e-09  0.00000000e+00  2.49999999e+00 -2.21695917e-11 
 3.53350000e-09  3.53350000e-09  0.00000000e+00  2.49999999e+00 -2.07136626e-11 
 3.53450000e-09  3.53450000e-09  0.00000000e+00  2.49999999e+00 -1.93655526e-11 
 3.53550000e-09  3.53550000e-09  0.00000000e+00  2.49999999e+00 -1.81172881e-11 
 3.53650000e-09  3.53650000e-09  0.00000000e+00  2.49999999e+00 -1.69614609e-11 
 3.53750000e-09  3.53750000e-09  0.00000000e+00  2.49999999e+00 -1.58912380e-11 
 3.53850000e-09  3.53850000e-09  0.00000000e+00  2.49999999e+00 -1.49002616e-11 
 3.53950000e-09  3.53950000e-09  0.00000000e+00  2.49999999e+00 -1.39826805e-11 
 3.54050000e-09  3.54050000e-09  0.00000000e+00  2.49999999e+00 -1.31330511e-11 
 3.54150000e-09  3.54150000e-09  0.00000000e+00  2.49999999e+00 -1.23463418e-11 
 3.54250000e-09  3.54250000e-09  0.00000000e+00  2.49999999e+00 -1.16178941e-11 
 3.54350000e-09  3.54350000e-09  0.00000000e+00  2.49999999e+00 -1.09433929e-11 
 3.54450000e-09  3.54450000e-09  0.00000000e+00  2.49999999e+00 -1.03188361e-11 
 3.54550000e-09  3.54550000e-09  0.00000000e+00  2.49999999e+00 -9.74054257e-12 
 3.54650000e-09  3.54650000e-09  0.00000000e+00  2.49999999e+00 -9.20506640e-12 
 3.54750000e-09  3.54750000e-09  0.00000000e+00  2.50000000e+00 -8.70925727e-12 
 3.54850000e-09  3.54850000e-09  0.00000000e+00  2.50000000e+00 -8.25016097e-12 
 3.54950000e-09  3.54950000e-09  0.00000000e+00  2.50000000e+00 -7.82505657e-12 
 3.55050000e-09  3.55050000e-09  0.00000000e+00  2.50000000e+00 -7.43143568e-12 
 3.55150000e-09  3.55150000e-09  0.00000000e+00  2.50000000e+00 -7.06698155e-12 
 3.55250000e-09  3.55250000e-09  0.00000000e+00  2.50000000e+00 -6.72949717e-12 
 3.55350000e-09  3.55350000e-09  0.00000000e+00  2.50000000e+00 -6.41701449e-12 
 3.55450000e-09  3.55450000e-09  0.00000000e+00  2.50000000e+00 -6.12768256e-12 
 3.55550000e-09  3.55550000e-09  0.00000000e+00  2.50000000e+00 -5.85976580e-12 
 3.55650000e-09  3.55650000e-09  0.00000000e+00  2.50000000e+00 -5.61169600e-12 
 3.55750000e-09  3.55750000e-09  0.00000000e+00  2.50000000e+00 -5.38199173e-12 
 3.55850000e-09  3.55850000e-09  0.00000000e+00  2.50000000e+00 -5.16930249e-12 
 3.55950000e-09  3.55950000e-09  0.00000000e+00  2.50000000e+00 -4.97235846e-12 
 3.56050000e-09  3.56050000e-09  0.00000000e+00  2.50000000e+00 -4.79000867e-12 
 3.56150000e-09  3.56150000e-09  0.00000000e+00  2.50000000e+00 -4.62116109e-12 
 3.56250000e-09  3.56250000e-09  0.00000000e+00  2.50000000e+00 -4.46481133e-12 
 3.56350000e-09  3.56350000e-09  0.00000000e+00  2.50000000e+00 -4.32003391e-12 
 3.56450000e-09  3.56450000e-09  0.00000000e+00  2.50000000e+00 -4.18600137e-12 
 3.56550000e-09  3.56550000e-09  0.00000000e+00  2.50000000e+00 -4.06187497e-12 
 3.56650000e-09  3.56650000e-09  0.00000000e+00  2.50000000e+00 -3.94694433e-12 
 3.56750000e-09  3.56750000e-09  0.00000000e+00  2.50000000e+00 -3.84052946e-12 
 3.56850000e-09  3.56850000e-09  0.00000000e+00  2.50000000e+00 -3.74200237e-12 
 3.56950000e-09  3.56950000e-09  0.00000000e+00  2.50000000e+00 -3.65075851e-12 
 3.57050000e-09  3.57050000e-09  0.00000000e+00  2.50000000e+00 -3.56627922e-12 
 3.57150000e-09  3.57150000e-09  0.00000000e+00  2.50000000e+00 -3.48805273e-12 
 3.57250000e-09  3.57250000e-09  0.00000000e+00  2.50000000e+00 -3.41561848e-12 
 3.57350000e-09  3.57350000e-09  0.00000000e+00  2.50000000e+00 -3.34855321e-12 
 3.57450000e-09  3.57450000e-09  0.00000000e+00  2.50000000e+00 -3.28645357e-12 
 3.57550000e-09  3.57550000e-09  0.00000000e+00  2.50000000e+00 -3.22895009e-12 
 3.57650000e-09  3.57650000e-09  0.00000000e+00  2.50000000e+00 -3.17570536e-12 
 3.57750000e-09  3.57750000e-09  0.00000000e+00  2.50000000e+00 -3.12641319e-12 
 3.57850000e-09  3.57850000e-09  0.00000000e+00  2.50000000e+00 -3.08075700e-12 
 3.57950000e-09  3.57950000e-09  0.00000000e+00  2.50000000e+00 -3.03849133e-12 
 3.58050000e-09  3.58050000e-09  0.00000000e+00  2.50000000e+00 -2.99936204e-12 
 3.58150000e-09  3.58150000e-09  0.00000000e+00  2.50000000e+00 -2.96311066e-12 
 3.58250000e-09  3.58250000e-09  0.00000000e+00  2.50000000e+00 -2.92955417e-12 
 3.58350000e-09  3.58350000e-09  0.00000000e+00  2.50000000e+00 -2.89848874e-12 
 3.58450000e-09  3.58450000e-09  0.00000000e+00  2.50000000e+00 -2.86971662e-12 
 3.58550000e-09  3.58550000e-09  0.00000000e+00  2.50000000e+00 -2.84307040e-12 
 3.58650000e-09  3.58650000e-09  0.00000000e+00  2.50000000e+00 -2.81840870e-12 
 3.58750000e-09  3.58750000e-09  0.00000000e+00  2.50000000e+00 -2.79556499e-12 
 3.58850000e-09  3.58850000e-09  0.00000000e+00  2.50000000e+00 -2.77441351e-12 
 3.58950000e-09  3.58950000e-09  0.00000000e+00  2.50000000e+00 -2.75483455e-12 
 3.59050000e-09  3.59050000e-09  0.00000000e+00  2.50000000e+00 -2.73670409e-12 
 3.59150000e-09  3.59150000e-09  0.00000000e+00  2.50000000e+00 -2.71991631e-12 
 3.59250000e-09  3.59250000e-09  0.00000000e+00  2.50000000e+00 -2.70437058e-12 
 3.59350000e-09  3.59350000e-09  0.00000000e+00  2.50000000e+00 -2.68997411e-12 
 3.59450000e-09  3.59450000e-09  0.00000000e+00  2.50000000e+00 -2.67664450e-12 
 3.59550000e-09  3.59550000e-09  0.00000000e+00  2.50000000e+00 -2.66430367e-12 
 3.59650000e-09  3.59650000e-09  0.00000000e+00  2.50000000e+00 -2.65287185e-12 
 3.59750000e-09  3.59750000e-09  0.00000000e+00  2.50000000e+00 -2.64229090e-12 
 3.59850000e-09  3.59850000e-09  0.00000000e+00  2.50000000e+00 -2.63249405e-12 
 3.59950000e-09  3.59950000e-09  0.00000000e+00  2.50000000e+00 -2.62342145e-12 
 3.60050000e-09  3.60050000e-09  0.00000000e+00  2.50000000e+00 -2.61502278e-12 
 3.60150000e-09  3.60150000e-09  0.00000000e+00  2.50000000e+00 -2.60724602e-12 
 3.60250000e-09  3.60250000e-09  0.00000000e+00  2.50000000e+00 -2.60004865e-12 
 3.60350000e-09  3.60350000e-09  0.00000000e+00  2.50000000e+00 -2.59337517e-12 
 3.60450000e-09  3.60450000e-09  0.00000000e+00  2.50000000e+00 -2.58720215e-12 
 3.60550000e-09  3.60550000e-09  0.00000000e+00  2.50000000e+00 -2.58149144e-12 
 3.60650000e-09  3.60650000e-09  0.00000000e+00  2.50000000e+00 -2.57619100e-12 
 3.60750000e-09  3.60750000e-09  0.00000000e+00  2.50000000e+00 -2.57128954e-12 
 3.60850000e-09  3.60850000e-09  0.00000000e+00  2.50000000e+00 -2.56674803e-12 
 3.60950000e-09  3.60950000e-09  0.00000000e+00  2.50000000e+00 -2.56254566e-12 
 3.61050000e-09  3.61050000e-09  0.00000000e+00  2.50000000e+00 -2.55865554e-12 
 3.61150000e-09  3.61150000e-09  0.00000000e+00  2.50000000e+00 -2.55505252e-12 
 3.61250000e-09  3.61250000e-09  0.00000000e+00  2.50000000e+00 -2.55171752e-12 
 3.61350000e-09  3.61350000e-09  0.00000000e+00  2.50000000e+00 -2.54862971e-12 
 3.61450000e-09  3.61450000e-09  0.00000000e+00  2.50000000e+00 -2.54577175e-12 
 3.61550000e-09  3.61550000e-09  0.00000000e+00  2.50000000e+00 -2.54311589e-12 
 3.61650000e-09  3.61650000e-09  0.00000000e+00  2.50000000e+00 -2.54066646e-12 
 3.61750000e-09  3.61750000e-09  0.00000000e+00  2.50000000e+00 -2.53839571e-12 
 3.61850000e-09  3.61850000e-09  0.00000000e+00  2.50000000e+00 -2.53628889e-12 
 3.61950000e-09  3.61950000e-09  0.00000000e+00  2.50000000e+00 -2.53434426e-12 
 3.62050000e-09  3.62050000e-09  0.00000000e+00  2.50000000e+00 -2.53254102e-12 
 3.62150000e-09  3.62150000e-09  0.00000000e+00  2.50000000e+00 -2.53086961e-12 
 3.62250000e-09  3.62250000e-09  0.00000000e+00  2.50000000e+00 -2.52932137e-12 
 3.62350000e-09  3.62350000e-09  0.00000000e+00  2.50000000e+00 -2.52789630e-12 
 3.62450000e-09  3.62450000e-09  0.00000000e+00  2.50000000e+00 -2.52656663e-12 
 3.62550000e-09  3.62550000e-09  0.00000000e+00  2.50000000e+00 -2.52533845e-12 
 3.62650000e-09  3.62650000e-09  0.00000000e+00  2.50000000e+00 -2.52420741e-12 
 3.62750000e-09  3.62750000e-09  0.00000000e+00  2.50000000e+00 -2.52315356e-12 
 3.62850000e-09  3.62850000e-09  0.00000000e+00  2.50000000e+00 -2.52217951e-12 
 3.62950000e-09  3.62950000e-09  0.00000000e+00  2.50000000e+00 -2.52127746e-12 
 3.63050000e-09  3.63050000e-09  0.00000000e+00  2.50000000e+00 -2.52043872e-12 
 3.63150000e-09  3.63150000e-09  0.00000000e+00  2.50000000e+00 -2.51967371e-12 
 3.63250000e-09  3.63250000e-09  0.00000000e+00  2.50000000e+00 -2.51894599e-12 
 3.63350000e-09  3.63350000e-09  0.00000000e+00  2.50000000e+00 -2.51828419e-12 
 3.63450000e-09  3.63450000e-09  0.00000000e+00  2.50000000e+00 -2.51768051e-12 
 3.63550000e-09  3.63550000e-09  0.00000000e+00  2.50000000e+00 -2.51710805e-12 
 3.63650000e-09  3.63650000e-09  0.00000000e+00  2.50000000e+00 -2.51658503e-12 
 3.63750000e-09  3.63750000e-09  0.00000000e+00  2.50000000e+00 -2.51609063e-12 
 3.63850000e-09  3.63850000e-09  0.00000000e+00  2.50000000e+00 -2.51564221e-12 
 3.63950000e-09  3.63950000e-09  0.00000000e+00  2.50000000e+00 -2.51522761e-12 
 3.64050000e-09  3.64050000e-09  0.00000000e+00  2.50000000e+00 -2.51483643e-12 
 3.64150000e-09  3.64150000e-09  0.00000000e+00  2.50000000e+00 -2.51448168e-12 
 3.64250000e-09  3.64250000e-09  0.00000000e+00  2.50000000e+00 -2.51414774e-12 
 3.64350000e-09  3.64350000e-09  0.00000000e+00  2.50000000e+00 -2.51383983e-12 
 3.64450000e-09  3.64450000e-09  0.00000000e+00  2.50000000e+00 -2.51355881e-12 
 3.64550000e-09  3.64550000e-09  0.00000000e+00  2.50000000e+00 -2.51329166e-12 
 3.64650000e-09  3.64650000e-09  0.00000000e+00  2.50000000e+00 -2.51305140e-12 
 3.64750000e-09  3.64750000e-09  0.00000000e+00  2.50000000e+00 -2.51282588e-12 
 3.64850000e-09  3.64850000e-09  0.00000000e+00  2.50000000e+00 -2.51261512e-12 
 3.64950000e-09  3.64950000e-09  0.00000000e+00  2.50000000e+00 -2.51241996e-12 
 3.65050000e-09  3.65050000e-09  0.00000000e+00  2.50000000e+00 -2.51224042e-12 
 3.65150000e-09  3.65150000e-09  0.00000000e+00  2.50000000e+00 -2.51206521e-12 
 3.65250000e-09  3.65250000e-09  0.00000000e+00  2.50000000e+00 -2.51191862e-12 
 3.65350000e-09  3.65350000e-09  0.00000000e+00  2.50000000e+00 -2.51176944e-12 
 3.65450000e-09  3.65450000e-09  0.00000000e+00  2.50000000e+00 -2.51164367e-12 
 3.65550000e-09  3.65550000e-09  0.00000000e+00  2.50000000e+00 -2.51152311e-12 
 3.65650000e-09  3.65650000e-09  0.00000000e+00  2.50000000e+00 -2.51140775e-12 
 3.65750000e-09  3.65750000e-09  0.00000000e+00  2.50000000e+00 -2.51129933e-12 
 3.65850000e-09  3.65850000e-09  0.00000000e+00  2.50000000e+00 -2.51120739e-12 
 3.65950000e-09  3.65950000e-09  0.00000000e+00  2.50000000e+00 -2.51111805e-12 
 3.66050000e-09  3.66050000e-09  0.00000000e+00  2.50000000e+00 -2.51103652e-12 
 3.66150000e-09  3.66150000e-09  0.00000000e+00  2.50000000e+00 -2.51095585e-12 
 3.66250000e-09  3.66250000e-09  0.00000000e+00  2.50000000e+00 -2.51088386e-12 
 3.66350000e-09  3.66350000e-09  0.00000000e+00  2.50000000e+00 -2.51081534e-12 
 3.66450000e-09  3.66450000e-09  0.00000000e+00  2.50000000e+00 -2.51075983e-12 
 3.66550000e-09  3.66550000e-09  0.00000000e+00  2.50000000e+00 -2.51070085e-12 
 3.66650000e-09  3.66650000e-09  0.00000000e+00  2.50000000e+00 -2.51064707e-12 
 3.66750000e-09  3.66750000e-09  0.00000000e+00  2.50000000e+00 -2.51060197e-12 
 3.66850000e-09  3.66850000e-09  0.00000000e+00  2.50000000e+00 -2.51056120e-12 
 3.66950000e-09  3.66950000e-09  0.00000000e+00  2.50000000e+00 -2.51051090e-12 
 3.67050000e-09  3.67050000e-09  0.00000000e+00  2.50000000e+00 -2.51048141e-12 
 3.67150000e-09  3.67150000e-09  0.00000000e+00  2.50000000e+00 -2.51045278e-12 
 3.67250000e-09  3.67250000e-09  0.00000000e+00  2.50000000e+00 -2.51041288e-12 
 3.67350000e-09  3.67350000e-09  0.00000000e+00  2.50000000e+00 -2.51038079e-12 
 3.67450000e-09  3.67450000e-09  0.00000000e+00  2.50000000e+00 -2.51035737e-12 
 3.67550000e-09  3.67550000e-09  0.00000000e+00  2.50000000e+00 -2.51032788e-12 
 3.67650000e-09  3.67650000e-09  0.00000000e+00  2.50000000e+00 -2.51029839e-12 
 3.67750000e-09  3.67750000e-09  0.00000000e+00  2.50000000e+00 -2.51027497e-12 
 3.67850000e-09  3.67850000e-09  0.00000000e+00  2.50000000e+00 -2.51025502e-12 
 3.67950000e-09  3.67950000e-09  0.00000000e+00  2.50000000e+00 -2.51024115e-12 
 3.68050000e-09  3.68050000e-09  0.00000000e+00  2.50000000e+00 -2.51021599e-12 
 3.68150000e-09  3.68150000e-09  0.00000000e+00  2.50000000e+00 -2.51020472e-12 
 3.68250000e-09  3.68250000e-09  0.00000000e+00  2.50000000e+00 -2.51018911e-12 
 3.68350000e-09  3.68350000e-09  0.00000000e+00  2.50000000e+00 -2.51017089e-12 
 3.68450000e-09  3.68450000e-09  0.00000000e+00  2.50000000e+00 -2.51015615e-12 
 3.68550000e-09  3.68550000e-09  0.00000000e+00  2.50000000e+00 -2.51014140e-12 
 3.68650000e-09  3.68650000e-09  0.00000000e+00  2.50000000e+00 -2.51013012e-12 
 3.68750000e-09  3.68750000e-09  0.00000000e+00  2.50000000e+00 -2.51012058e-12 
 3.68850000e-09  3.68850000e-09  0.00000000e+00  2.50000000e+00 -2.51011538e-12 
 3.68950000e-09  3.68950000e-09  0.00000000e+00  2.50000000e+00 -2.51010410e-12 
 3.69050000e-09  3.69050000e-09  0.00000000e+00  2.50000000e+00 -2.51009109e-12 
 3.69150000e-09  3.69150000e-09  0.00000000e+00  2.50000000e+00 -2.51008676e-12 
 3.69250000e-09  3.69250000e-09  0.00000000e+00  2.50000000e+00 -2.51008502e-12 
 3.69350000e-09  3.69350000e-09  0.00000000e+00  2.50000000e+00 -2.51008068e-12 
 3.69450000e-09  3.69450000e-09  0.00000000e+00  2.50000000e+00 -2.51006854e-12 
 3.69550000e-09  3.69550000e-09  0.00000000e+00  2.50000000e+00 -2.51007375e-12 
 3.69650000e-09  3.69650000e-09  0.00000000e+00  2.50000000e+00 -2.51005987e-12 
 3.69750000e-09  3.69750000e-09  0.00000000e+00  2.50000000e+00 -2.51005813e-12 
 3.69850000e-09  3.69850000e-09  0.00000000e+00  2.50000000e+00 -2.51005033e-12 
 3.69950000e-09  3.69950000e-09  0.00000000e+00  2.50000000e+00 -2.51005293e-12 
 3.70050000e-09  3.70050000e-09  0.00000000e+00  2.50000000e+00 -2.51004426e-12 
 3.70150000e-09  3.70150000e-09  0.00000000e+00  2.50000000e+00 -2.51005033e-12 
 3.70250000e-09  3.70250000e-09  0.00000000e+00  2.50000000e+00 -2.51005033e-12 
 3.70350000e-09  3.70350000e-09  0.00000000e+00  2.50000000e+00 -2.51003558e-12 
 3.70450000e-09  3.70450000e-09  0.00000000e+00  2.50000000e+00 -2.51003385e-12 
 3.70550000e-09  3.70550000e-09  0.00000000e+00  2.50000000e+00 -2.51003558e-12 
 3.70650000e-09  3.70650000e-09  0.00000000e+00  2.50000000e+00 -2.51003385e-12 
 3.70750000e-09  3.70750000e-09  0.00000000e+00  2.50000000e+00 -2.51002951e-12 
 3.70850000e-09  3.70850000e-09  0.00000000e+00  2.50000000e+00 -2.51003125e-12 
 3.70950000e-09  3.70950000e-09  0.00000000e+00  2.50000000e+00 -2.51002778e-12 
 3.71050000e-09  3.71050000e-09  0.00000000e+00  2.50000000e+00 -2.51002084e-12 
 3.71150000e-09  3.71150000e-09  0.00000000e+00  2.50000000e+00 -2.51001910e-12 
 3.71250000e-09  3.71250000e-09  0.00000000e+00  2.50000000e+00 -2.51002170e-12 
 3.71350000e-09  3.71350000e-09  0.00000000e+00  2.50000000e+00 -2.51002170e-12 
 3.71450000e-09  3.71450000e-09  0.00000000e+00  2.50000000e+00 -2.51002431e-12 
 3.71550000e-09  3.71550000e-09  0.00000000e+00  2.50000000e+00 -2.51000956e-12 
 3.71650000e-09  3.71650000e-09  0.00000000e+00  2.50000000e+00 -2.51001216e-12 
 3.71750000e-09  3.71750000e-09  0.00000000e+00  2.50000000e+00 -2.51001216e-12 
 3.71850000e-09  3.71850000e-09  0.00000000e+00  2.50000000e+00 -2.51001303e-12 
 3.71950000e-09  3.71950000e-09  0.00000000e+00  2.50000000e+00 -2.51001303e-12 
 3.72050000e-09  3.72050000e-09  0.00000000e+00  2.50000000e+00 -2.51001303e-12 
 3.72150000e-09  3.72150000e-09  0.00000000e+00  2.50000000e+00 -2.51001303e-12 
 3.72250000e-09  3.72250000e-09  0.00000000e+00  2.50000000e+00 -2.51001303e-12 
 3.72350000e-09  3.72350000e-09  0.00000000e+00  2.50000000e+00 -2.51001303e-12 
 3.72450000e-09  3.72450000e-09  0.00000000e+00  2.50000000e+00 -2.51001303e-12 
 3.72550000e-09  3.72550000e-09  0.00000000e+00  2.50000000e+00 -2.51001303e-12 
 3.72650000e-09  3.72650000e-09  0.00000000e+00  2.50000000e+00 -2.51001303e-12 
 3.72750000e-09  3.72750000e-09  0.00000000e+00  2.50000000e+00 -2.51001303e-12 
 3.72850000e-09  3.72850000e-09  0.00000000e+00  2.50000000e+00 -2.51001303e-12 
 3.72950000e-09  3.72950000e-09  0.00000000e+00  2.50000000e+00 -2.51001303e-12 
 3.73050000e-09  3.73050000e-09  0.00000000e+00  2.50000000e+00 -2.51001303e-12 
 3.73150000e-09  3.73150000e-09  0.00000000e+00  2.50000000e+00 -2.51001303e-12 
 3.73250000e-09  3.73250000e-09  0.00000000e+00  2.50000000e+00 -2.51001303e-12 
 3.73350000e-09  3.73350000e-09  0.00000000e+00  2.50000000e+00 -2.51001303e-12 
 3.73450000e-09  3.73450000e-09  0.00000000e+00  2.50000000e+00 -2.51001303e-12 
 3.73550000e-09  3.73550000e-09  0.00000000e+00  2.50000000e+00 -2.51001303e-12 
 3.73650000e-09  3.73650000e-09  0.00000000e+00  2.50000000e+00 -2.51001303e-12 
 3.73750000e-09  3.73750000e-09  0.00000000e+00  2.50000000e+00 -2.51001303e-12 
 3.73850000e-09  3.73850000e-09  0.00000000e+00  2.50000000e+00 -2.51001303e-12 
 3.73950000e-09  3.73950000e-09  0.00000000e+00  2.50000000e+00 -2.51001303e-12 
 3.74050000e-09  3.74050000e-09  0.00000000e+00  2.50000000e+00 -2.51001303e-12 
 3.74150000e-09  3.74150000e-09  0.00000000e+00  2.50000000e+00 -2.51001303e-12 
 3.74250000e-09  3.74250000e-09  0.00000000e+00  2.50000000e+00 -2.51001303e-12 
 3.74350000e-09  3.74350000e-09  0.00000000e+00  2.50000000e+00 -2.51001303e-12 
 3.74450000e-09  3.74450000e-09  0.00000000e+00  2.50000000e+00 -2.51001303e-12 
 3.74550000e-09  3.74550000e-09  0.00000000e+00  2.50000000e+00 -2.51001303e-12 
 3.74650000e-09  3.74650000e-09  0.00000000e+00  2.50000000e+00 -2.51001303e-12 
 3.74750000e-09  3.74750000e-09  0.00000000e+00  2.50000000e+00 -2.51001303e-12 
 3.74850000e-09  3.74850000e-09  0.00000000e+00  2.50000000e+00 -2.51001303e-12 
 3.74950000e-09  3.74950000e-09  0.00000000e+00  2.50000000e+00 -2.51001303e-12 
 3.75050000e-09  3.75050000e-09  0.00000000e+00  2.50000000e+00 -2.51001303e-12 
 3.75150000e-09  3.75150000e-09  0.00000000e+00  2.50000000e+00 -2.51001303e-12 
 3.75250000e-09  3.75250000e-09  0.00000000e+00  2.50000000e+00 -2.51001303e-12 
 3.75350000e-09  3.75350000e-09  0.00000000e+00  2.50000000e+00 -2.51001303e-12 
 3.75450000e-09  3.75450000e-09  0.00000000e+00  2.50000000e+00 -2.51001303e-12 
 3.75550000e-09  3.75550000e-09  0.00000000e+00  2.50000000e+00 -2.51001303e-12 
 3.75650000e-09  3.75650000e-09  0.00000000e+00  2.50000000e+00 -2.51001303e-12 
 3.75750000e-09  3.75750000e-09  0.00000000e+00  2.50000000e+00 -2.51001303e-12 
 3.75850000e-09  3.75850000e-09  0.00000000e+00  2.50000000e+00 -2.51001303e-12 
 3.75950000e-09  3.75950000e-09  0.00000000e+00  2.50000000e+00 -2.51001303e-12 
 3.76050000e-09  3.76050000e-09  0.00000000e+00  2.50000000e+00 -2.51001303e-12 
 3.76150000e-09  3.76150000e-09  0.00000000e+00  2.50000000e+00 -2.51001303e-12 
 3.76250000e-09  3.76250000e-09  0.00000000e+00  2.50000000e+00 -2.51001303e-12 
 3.76350000e-09  3.76350000e-09  0.00000000e+00  2.50000000e+00 -2.51001303e-12 
 3.76450000e-09  3.76450000e-09  0.00000000e+00  2.50000000e+00 -2.51001303e-12 
 3.76550000e-09  3.76550000e-09  0.00000000e+00  2.50000000e+00 -2.51001303e-12 
 3.76650000e-09  3.76650000e-09  0.00000000e+00  2.50000000e+00 -2.51001303e-12 
 3.76750000e-09  3.76750000e-09  0.00000000e+00  2.50000000e+00 -2.51001303e-12 
 3.76850000e-09  3.76850000e-09  0.00000000e+00  2.50000000e+00 -2.51001303e-12 
 3.76950000e-09  3.76950000e-09  0.00000000e+00  2.50000000e+00 -2.51001303e-12 
 3.77050000e-09  3.77050000e-09  0.00000000e+00  2.50000000e+00 -2.51001303e-12 
 3.77150000e-09  3.77150000e-09  0.00000000e+00  2.50000000e+00 -2.51001303e-12 
 3.77250000e-09  3.77250000e-09  0.00000000e+00  2.50000000e+00 -2.51001303e-12 
 3.77350000e-09  3.77350000e-09  0.00000000e+00  2.50000000e+00 -2.51001303e-12 
 3.77450000e-09  3.77450000e-09  0.00000000e+00  2.50000000e+00 -2.51001303e-12 
 3.77550000e-09  3.77550000e-09  0.00000000e+00  2.50000000e+00 -2.51001303e-12 
 3.77650000e-09  3.77650000e-09  0.00000000e+00  2.50000000e+00 -2.51001303e-12 
 3.77750000e-09  3.77750000e-09  0.00000000e+00  2.50000000e+00 -2.51001303e-12 
 3.77850000e-09  3.77850000e-09  0.00000000e+00  2.50000000e+00 -2.51001303e-12 
 3.77950000e-09  3.77950000e-09  0.00000000e+00  2.50000000e+00 -2.51001303e-12 
 3.78050000e-09  3.78050000e-09  0.00000000e+00  2.50000000e+00 -2.51001303e-12 
 3.78150000e-09  3.78150000e-09  0.00000000e+00  2.50000000e+00 -2.51001303e-12 
 3.78250000e-09  3.78250000e-09  0.00000000e+00  2.50000000e+00 -2.51001303e-12 
 3.78350000e-09  3.78350000e-09  0.00000000e+00  2.50000000e+00 -2.51001303e-12 
 3.78450000e-09  3.78450000e-09  0.00000000e+00  2.50000000e+00 -2.51001303e-12 
 3.78550000e-09  3.78550000e-09  0.00000000e+00  2.50000000e+00 -2.51001303e-12 
 3.78650000e-09  3.78650000e-09  0.00000000e+00  2.50000000e+00 -2.51001303e-12 
 3.78750000e-09  3.78750000e-09  0.00000000e+00  2.50000000e+00 -2.51001303e-12 
 3.78850000e-09  3.78850000e-09  0.00000000e+00  2.50000000e+00 -2.51001303e-12 
 3.78950000e-09  3.78950000e-09  0.00000000e+00  2.50000000e+00 -2.51001303e-12 
 3.79050000e-09  3.79050000e-09  0.00000000e+00  2.50000000e+00 -2.51001303e-12 
 3.79150000e-09  3.79150000e-09  0.00000000e+00  2.50000000e+00 -2.51001303e-12 
 3.79250000e-09  3.79250000e-09  0.00000000e+00  2.50000000e+00 -2.51001303e-12 
 3.79350000e-09  3.79350000e-09  0.00000000e+00  2.50000000e+00 -2.51001303e-12 
 3.79450000e-09  3.79450000e-09  0.00000000e+00  2.50000000e+00 -2.51001303e-12 
 3.79550000e-09  3.79550000e-09  0.00000000e+00  2.50000000e+00 -2.51001303e-12 
 3.79650000e-09  3.79650000e-09  0.00000000e+00  2.50000000e+00 -2.51001303e-12 
 3.79750000e-09  3.79750000e-09  0.00000000e+00  2.50000000e+00 -2.51001303e-12 
 3.79850000e-09  3.79850000e-09  0.00000000e+00  2.50000000e+00 -2.51001303e-12 
 3.79950000e-09  3.79950000e-09  0.00000000e+00  2.50000000e+00 -2.51001303e-12 
 3.80050000e-09  3.80050000e-09  0.00000000e+00  2.50000000e+00 -2.51001303e-12 
 3.80150000e-09  3.80150000e-09  0.00000000e+00  2.50000000e+00 -2.51001303e-12 
 3.80250000e-09  3.80250000e-09  0.00000000e+00  2.50000000e+00 -2.51001303e-12 
 3.80350000e-09  3.80350000e-09  0.00000000e+00  2.50000000e+00 -2.51001303e-12 
 3.80450000e-09  3.80450000e-09  0.00000000e+00  2.50000000e+00 -2.51001303e-12 
 3.80550000e-09  3.80550000e-09  0.00000000e+00  2.50000000e+00 -2.51001303e-12 
 3.80650000e-09  3.80650000e-09  0.00000000e+00  2.50000000e+00 -2.51001303e-12 
 3.80750000e-09  3.80750000e-09  0.00000000e+00  2.50000000e+00 -2.51001303e-12 
 3.80850000e-09  3.80850000e-09  0.00000000e+00  2.50000000e+00 -2.51001303e-12 
 3.80950000e-09  3.80950000e-09  0.00000000e+00  2.50000000e+00 -2.51001303e-12 
 3.81050000e-09  3.81050000e-09  0.00000000e+00  2.50000000e+00 -2.51001303e-12 
 3.81150000e-09  3.81150000e-09  0.00000000e+00  2.50000000e+00 -2.51001303e-12 
 3.81250000e-09  3.81250000e-09  0.00000000e+00  2.50000000e+00 -2.51001303e-12 
 3.81350000e-09  3.81350000e-09  0.00000000e+00  2.50000000e+00 -2.51001303e-12 
 3.81450000e-09  3.81450000e-09  0.00000000e+00  2.50000000e+00 -2.51001303e-12 
 3.81550000e-09  3.81550000e-09  0.00000000e+00  2.50000000e+00 -2.51001303e-12 
 3.81650000e-09  3.81650000e-09  0.00000000e+00  2.50000000e+00 -2.51001303e-12 
 3.81750000e-09  3.81750000e-09  0.00000000e+00  2.50000000e+00 -2.51001303e-12 
 3.81850000e-09  3.81850000e-09  0.00000000e+00  2.50000000e+00 -2.51001303e-12 
 3.81950000e-09  3.81950000e-09  0.00000000e+00  2.50000000e+00 -2.51001303e-12 
 3.82050000e-09  3.82050000e-09  0.00000000e+00  2.50000000e+00 -2.51001303e-12 
 3.82150000e-09  3.82150000e-09  0.00000000e+00  2.50000000e+00 -2.51001303e-12 
 3.82250000e-09  3.82250000e-09  0.00000000e+00  2.50000000e+00 -2.51001303e-12 
 3.82350000e-09  3.82350000e-09  0.00000000e+00  2.50000000e+00 -2.51001303e-12 
 3.82450000e-09  3.82450000e-09  0.00000000e+00  2.50000000e+00 -2.51001303e-12 
 3.82550000e-09  3.82550000e-09  0.00000000e+00  2.50000000e+00 -2.51001303e-12 
 3.82650000e-09  3.82650000e-09  0.00000000e+00  2.50000000e+00 -2.51001303e-12 
 3.82750000e-09  3.82750000e-09  0.00000000e+00  2.50000000e+00 -2.51001303e-12 
 3.82850000e-09  3.82850000e-09  0.00000000e+00  2.50000000e+00 -2.51001303e-12 
 3.82950000e-09  3.82950000e-09  0.00000000e+00  2.50000000e+00 -2.51001303e-12 
 3.83050000e-09  3.83050000e-09  0.00000000e+00  2.50000000e+00 -2.51001303e-12 
 3.83150000e-09  3.83150000e-09  0.00000000e+00  2.50000000e+00 -2.51001303e-12 
 3.83250000e-09  3.83250000e-09  0.00000000e+00  2.50000000e+00 -2.51001303e-12 
 3.83350000e-09  3.83350000e-09  0.00000000e+00  2.50000000e+00 -2.51001303e-12 
 3.83450000e-09  3.83450000e-09  0.00000000e+00  2.50000000e+00 -2.51001303e-12 
 3.83550000e-09  3.83550000e-09  0.00000000e+00  2.50000000e+00 -2.51001303e-12 
 3.83650000e-09  3.83650000e-09  0.00000000e+00  2.50000000e+00 -2.51001303e-12 
 3.83750000e-09  3.83750000e-09  0.00000000e+00  2.50000000e+00 -2.51001303e-12 
 3.83850000e-09  3.83850000e-09  0.00000000e+00  2.50000000e+00 -2.51001303e-12 
 3.83950000e-09  3.83950000e-09  0.00000000e+00  2.50000000e+00 -2.51001303e-12 
 3.84050000e-09  3.84050000e-09  0.00000000e+00  2.50000000e+00 -2.51001303e-12 
 3.84150000e-09  3.84150000e-09  0.00000000e+00  2.50000000e+00 -2.51001303e-12 
 3.84250000e-09  3.84250000e-09  0.00000000e+00  2.50000000e+00 -2.51001303e-12 
 3.84350000e-09  3.84350000e-09  0.00000000e+00  2.50000000e+00 -2.51001303e-12 
 3.84450000e-09  3.84450000e-09  0.00000000e+00  2.50000000e+00 -2.51001303e-12 
 3.84550000e-09  3.84550000e-09  0.00000000e+00  2.50000000e+00 -2.51001303e-12 
 3.84650000e-09  3.84650000e-09  0.00000000e+00  2.50000000e+00 -2.51001303e-12 
 3.84750000e-09  3.84750000e-09  0.00000000e+00  2.50000000e+00 -2.51001303e-12 
 3.84850000e-09  3.84850000e-09  0.00000000e+00  2.50000000e+00 -2.51001303e-12 
 3.84950000e-09  3.84950000e-09  0.00000000e+00  2.50000000e+00 -2.51001303e-12 
 3.85050000e-09  3.85050000e-09  0.00000000e+00  2.50000000e+00 -2.51001303e-12 
 3.85150000e-09  3.85150000e-09  0.00000000e+00  2.50000000e+00 -2.51001303e-12 
 3.85250000e-09  3.85250000e-09  0.00000000e+00  2.50000000e+00 -2.51001303e-12 
 3.85350000e-09  3.85350000e-09  0.00000000e+00  2.50000000e+00 -2.51001303e-12 
 3.85450000e-09  3.85450000e-09  0.00000000e+00  2.50000000e+00 -2.51001303e-12 
 3.85550000e-09  3.85550000e-09  0.00000000e+00  2.50000000e+00 -2.51001303e-12 
 3.85650000e-09  3.85650000e-09  0.00000000e+00  2.50000000e+00 -2.51001303e-12 
 3.85750000e-09  3.85750000e-09  0.00000000e+00  2.50000000e+00 -2.51001303e-12 
 3.85850000e-09  3.85850000e-09  0.00000000e+00  2.50000000e+00 -2.51001303e-12 
 3.85950000e-09  3.85950000e-09  0.00000000e+00  2.50000000e+00 -2.51001303e-12 
 3.86050000e-09  3.86050000e-09  0.00000000e+00  2.50000000e+00 -2.51001303e-12 
 3.86150000e-09  3.86150000e-09  0.00000000e+00  2.50000000e+00 -2.51001303e-12 
 3.86250000e-09  3.86250000e-09  0.00000000e+00  2.50000000e+00 -2.51001303e-12 
 3.86350000e-09  3.86350000e-09  0.00000000e+00  2.50000000e+00 -2.51001303e-12 
 3.86450000e-09  3.86450000e-09  0.00000000e+00  2.50000000e+00 -2.51001303e-12 
 3.86550000e-09  3.86550000e-09  0.00000000e+00  2.50000000e+00 -2.51001303e-12 
 3.86650000e-09  3.86650000e-09  0.00000000e+00  2.50000000e+00 -2.51001303e-12 
 3.86750000e-09  3.86750000e-09  0.00000000e+00  2.50000000e+00 -2.51001303e-12 
 3.86850000e-09  3.86850000e-09  0.00000000e+00  2.50000000e+00 -2.51001303e-12 
 3.86950000e-09  3.86950000e-09  0.00000000e+00  2.50000000e+00 -2.51001303e-12 
 3.87050000e-09  3.87050000e-09  0.00000000e+00  2.50000000e+00 -2.51001303e-12 
 3.87150000e-09  3.87150000e-09  0.00000000e+00  2.50000000e+00 -2.51001303e-12 
 3.87250000e-09  3.87250000e-09  0.00000000e+00  2.50000000e+00 -2.51001303e-12 
 3.87350000e-09  3.87350000e-09  0.00000000e+00  2.50000000e+00 -2.51001303e-12 
 3.87450000e-09  3.87450000e-09  0.00000000e+00  2.50000000e+00 -2.51001303e-12 
 3.87550000e-09  3.87550000e-09  0.00000000e+00  2.50000000e+00 -2.51001303e-12 
 3.87650000e-09  3.87650000e-09  0.00000000e+00  2.50000000e+00 -2.51001303e-12 
 3.87750000e-09  3.87750000e-09  0.00000000e+00  2.50000000e+00 -2.51001303e-12 
 3.87850000e-09  3.87850000e-09  0.00000000e+00  2.50000000e+00 -2.51001303e-12 
 3.87950000e-09  3.87950000e-09  0.00000000e+00  2.50000000e+00 -2.51001303e-12 
 3.88050000e-09  3.88050000e-09  0.00000000e+00  2.50000000e+00 -2.51001303e-12 
 3.88150000e-09  3.88150000e-09  0.00000000e+00  2.50000000e+00 -2.51001303e-12 
 3.88250000e-09  3.88250000e-09  0.00000000e+00  2.50000000e+00 -2.51001303e-12 
 3.88350000e-09  3.88350000e-09  0.00000000e+00  2.50000000e+00 -2.51001303e-12 
 3.88450000e-09  3.88450000e-09  0.00000000e+00  2.50000000e+00 -2.51001303e-12 
 3.88550000e-09  3.88550000e-09  0.00000000e+00  2.50000000e+00 -2.51001303e-12 
 3.88650000e-09  3.88650000e-09  0.00000000e+00  2.50000000e+00 -2.51001303e-12 
 3.88750000e-09  3.88750000e-09  0.00000000e+00  2.50000000e+00 -2.51001303e-12 
 3.88850000e-09  3.88850000e-09  0.00000000e+00  2.50000000e+00 -2.51001303e-12 
 3.88950000e-09  3.88950000e-09  0.00000000e+00  2.50000000e+00 -2.51001303e-12 
 3.89050000e-09  3.89050000e-09  0.00000000e+00  2.50000000e+00 -2.51001303e-12 
 3.89150000e-09  3.89150000e-09  0.00000000e+00  2.50000000e+00 -2.51001303e-12 
 3.89250000e-09  3.89250000e-09  0.00000000e+00  2.50000000e+00 -2.51001303e-12 
 3.89350000e-09  3.89350000e-09  0.00000000e+00  2.50000000e+00 -2.51001303e-12 
 3.89450000e-09  3.89450000e-09  0.00000000e+00  2.50000000e+00 -2.51001303e-12 
 3.89550000e-09  3.89550000e-09  0.00000000e+00  2.50000000e+00 -2.51001303e-12 
 3.89650000e-09  3.89650000e-09  0.00000000e+00  2.50000000e+00 -2.51001303e-12 
 3.89750000e-09  3.89750000e-09  0.00000000e+00  2.50000000e+00 -2.51001303e-12 
 3.89850000e-09  3.89850000e-09  0.00000000e+00  2.50000000e+00 -2.51001303e-12 
 3.89950000e-09  3.89950000e-09  0.00000000e+00  2.50000000e+00 -2.51001303e-12 
 3.90050000e-09  3.90050000e-09  0.00000000e+00  2.50000000e+00 -2.51001303e-12 
 3.90150000e-09  3.90150000e-09  0.00000000e+00  2.50000000e+00 -2.51001303e-12 
 3.90250000e-09  3.90250000e-09  0.00000000e+00  2.50000000e+00 -2.51001303e-12 
 3.90350000e-09  3.90350000e-09  0.00000000e+00  2.50000000e+00 -2.51001303e-12 
 3.90450000e-09  3.90450000e-09  0.00000000e+00  2.50000000e+00 -2.51001303e-12 
 3.90550000e-09  3.90550000e-09  0.00000000e+00  2.50000000e+00 -2.51001303e-12 
 3.90650000e-09  3.90650000e-09  0.00000000e+00  2.50000000e+00 -2.51001303e-12 
 3.90750000e-09  3.90750000e-09  0.00000000e+00  2.50000000e+00 -2.51001303e-12 
 3.90850000e-09  3.90850000e-09  0.00000000e+00  2.50000000e+00 -2.51001303e-12 
 3.90950000e-09  3.90950000e-09  0.00000000e+00  2.50000000e+00 -2.51001303e-12 
 3.91050000e-09  3.91050000e-09  0.00000000e+00  2.50000000e+00 -2.51001303e-12 
 3.91150000e-09  3.91150000e-09  0.00000000e+00  2.50000000e+00 -2.51001303e-12 
 3.91250000e-09  3.91250000e-09  0.00000000e+00  2.50000000e+00 -2.51001303e-12 
 3.91350000e-09  3.91350000e-09  0.00000000e+00  2.50000000e+00 -2.51001303e-12 
 3.91450000e-09  3.91450000e-09  0.00000000e+00  2.50000000e+00 -2.51001303e-12 
 3.91550000e-09  3.91550000e-09  0.00000000e+00  2.50000000e+00 -2.51001303e-12 
 3.91650000e-09  3.91650000e-09  0.00000000e+00  2.50000000e+00 -2.51001303e-12 
 3.91750000e-09  3.91750000e-09  0.00000000e+00  2.50000000e+00 -2.51001303e-12 
 3.91850000e-09  3.91850000e-09  0.00000000e+00  2.50000000e+00 -2.51001303e-12 
 3.91950000e-09  3.91950000e-09  0.00000000e+00  2.50000000e+00 -2.51001303e-12 
 3.92050000e-09  3.92050000e-09  0.00000000e+00  2.50000000e+00 -2.51001303e-12 
 3.92150000e-09  3.92150000e-09  0.00000000e+00  2.50000000e+00 -2.51001303e-12 
 3.92250000e-09  3.92250000e-09  0.00000000e+00  2.50000000e+00 -2.51001303e-12 
 3.92350000e-09  3.92350000e-09  0.00000000e+00  2.50000000e+00 -2.51001303e-12 
 3.92450000e-09  3.92450000e-09  0.00000000e+00  2.50000000e+00 -2.51001303e-12 
 3.92550000e-09  3.92550000e-09  0.00000000e+00  2.50000000e+00 -2.51001303e-12 
 3.92650000e-09  3.92650000e-09  0.00000000e+00  2.50000000e+00 -2.51001303e-12 
 3.92750000e-09  3.92750000e-09  0.00000000e+00  2.50000000e+00 -2.51001303e-12 
 3.92850000e-09  3.92850000e-09  0.00000000e+00  2.50000000e+00 -2.51001303e-12 
 3.92950000e-09  3.92950000e-09  0.00000000e+00  2.50000000e+00 -2.51001303e-12 
 3.93050000e-09  3.93050000e-09  0.00000000e+00  2.50000000e+00 -2.51001303e-12 
 3.93150000e-09  3.93150000e-09  0.00000000e+00  2.50000000e+00 -2.51001303e-12 
 3.93250000e-09  3.93250000e-09  0.00000000e+00  2.50000000e+00 -2.51001303e-12 
 3.93350000e-09  3.93350000e-09  0.00000000e+00  2.50000000e+00 -2.51001303e-12 
 3.93450000e-09  3.93450000e-09  0.00000000e+00  2.50000000e+00 -2.51001303e-12 
 3.93550000e-09  3.93550000e-09  0.00000000e+00  2.50000000e+00 -2.51001303e-12 
 3.93650000e-09  3.93650000e-09  0.00000000e+00  2.50000000e+00 -2.51001303e-12 
 3.93750000e-09  3.93750000e-09  0.00000000e+00  2.50000000e+00 -2.51001303e-12 
 3.93850000e-09  3.93850000e-09  0.00000000e+00  2.50000000e+00 -2.51001303e-12 
 3.93950000e-09  3.93950000e-09  0.00000000e+00  2.50000000e+00 -2.51001303e-12 
 3.94050000e-09  3.94050000e-09  0.00000000e+00  2.50000000e+00 -2.51001303e-12 
 3.94150000e-09  3.94150000e-09  0.00000000e+00  2.50000000e+00 -2.51001303e-12 
 3.94250000e-09  3.94250000e-09  0.00000000e+00  2.50000000e+00 -2.51001303e-12 
 3.94350000e-09  3.94350000e-09  0.00000000e+00  2.50000000e+00 -2.51001303e-12 
 3.94450000e-09  3.94450000e-09  0.00000000e+00  2.50000000e+00 -2.51001303e-12 
 3.94550000e-09  3.94550000e-09  0.00000000e+00  2.50000000e+00 -2.51001303e-12 
 3.94650000e-09  3.94650000e-09  0.00000000e+00  2.50000000e+00 -2.51001303e-12 
 3.94750000e-09  3.94750000e-09  0.00000000e+00  2.50000000e+00 -2.51001303e-12 
 3.94850000e-09  3.94850000e-09  0.00000000e+00  2.50000000e+00 -2.51001303e-12 
 3.94950000e-09  3.94950000e-09  0.00000000e+00  2.50000000e+00 -2.51001303e-12 
 3.95050000e-09  3.95050000e-09  0.00000000e+00  2.50000000e+00 -2.51001303e-12 
 3.95150000e-09  3.95150000e-09  0.00000000e+00  2.50000000e+00 -2.51001303e-12 
 3.95250000e-09  3.95250000e-09  0.00000000e+00  2.50000000e+00 -2.51001303e-12 
 3.95350000e-09  3.95350000e-09  0.00000000e+00  2.50000000e+00 -2.51001303e-12 
 3.95450000e-09  3.95450000e-09  0.00000000e+00  2.50000000e+00 -2.51001303e-12 
 3.95550000e-09  3.95550000e-09  0.00000000e+00  2.50000000e+00 -2.51001303e-12 
 3.95650000e-09  3.95650000e-09  0.00000000e+00  2.50000000e+00 -2.51001303e-12 
 3.95750000e-09  3.95750000e-09  0.00000000e+00  2.50000000e+00 -2.51001303e-12 
 3.95850000e-09  3.95850000e-09  0.00000000e+00  2.50000000e+00 -2.51001303e-12 
 3.95950000e-09  3.95950000e-09  0.00000000e+00  2.50000000e+00 -2.51001303e-12 
 3.96050000e-09  3.96050000e-09  0.00000000e+00  2.50000000e+00 -2.51001303e-12 
 3.96150000e-09  3.96150000e-09  0.00000000e+00  2.50000000e+00 -2.51001303e-12 
 3.96250000e-09  3.96250000e-09  0.00000000e+00  2.50000000e+00 -2.51001303e-12 
 3.96350000e-09  3.96350000e-09  0.00000000e+00  2.50000000e+00 -2.51001303e-12 
 3.96450000e-09  3.96450000e-09  0.00000000e+00  2.50000000e+00 -2.51001303e-12 
 3.96550000e-09  3.96550000e-09  0.00000000e+00  2.50000000e+00 -2.51001303e-12 
 3.96650000e-09  3.96650000e-09  0.00000000e+00  2.50000000e+00 -2.51001303e-12 
 3.96750000e-09  3.96750000e-09  0.00000000e+00  2.50000000e+00 -2.51001303e-12 
 3.96850000e-09  3.96850000e-09  0.00000000e+00  2.50000000e+00 -2.51001303e-12 
 3.96950000e-09  3.96950000e-09  0.00000000e+00  2.50000000e+00 -2.51001303e-12 
 3.97050000e-09  3.97050000e-09  0.00000000e+00  2.50000000e+00 -2.51001303e-12 
 3.97150000e-09  3.97150000e-09  0.00000000e+00  2.50000000e+00 -2.51001303e-12 
 3.97250000e-09  3.97250000e-09  0.00000000e+00  2.50000000e+00 -2.51001303e-12 
 3.97350000e-09  3.97350000e-09  0.00000000e+00  2.50000000e+00 -2.51001303e-12 
 3.97450000e-09  3.97450000e-09  0.00000000e+00  2.50000000e+00 -2.51001303e-12 
 3.97550000e-09  3.97550000e-09  0.00000000e+00  2.50000000e+00 -2.51001303e-12 
 3.97650000e-09  3.97650000e-09  0.00000000e+00  2.50000000e+00 -2.51001303e-12 
 3.97750000e-09  3.97750000e-09  0.00000000e+00  2.50000000e+00 -2.51001303e-12 
 3.97850000e-09  3.97850000e-09  0.00000000e+00  2.50000000e+00 -2.51001303e-12 
 3.97950000e-09  3.97950000e-09  0.00000000e+00  2.50000000e+00 -2.51001303e-12 
 3.98050000e-09  3.98050000e-09  0.00000000e+00  2.50000000e+00 -2.51001303e-12 
 3.98150000e-09  3.98150000e-09  0.00000000e+00  2.50000000e+00 -2.51001303e-12 
 3.98250000e-09  3.98250000e-09  0.00000000e+00  2.50000000e+00 -2.51001303e-12 
 3.98350000e-09  3.98350000e-09  0.00000000e+00  2.50000000e+00 -2.51001303e-12 
 3.98450000e-09  3.98450000e-09  0.00000000e+00  2.50000000e+00 -2.51001303e-12 
 3.98550000e-09  3.98550000e-09  0.00000000e+00  2.50000000e+00 -2.51001303e-12 
 3.98650000e-09  3.98650000e-09  0.00000000e+00  2.50000000e+00 -2.51001303e-12 
 3.98750000e-09  3.98750000e-09  0.00000000e+00  2.50000000e+00 -2.51001303e-12 
 3.98850000e-09  3.98850000e-09  0.00000000e+00  2.50000000e+00 -2.51001303e-12 
 3.98950000e-09  3.98950000e-09  0.00000000e+00  2.50000000e+00 -2.51001303e-12 
 3.99050000e-09  3.99050000e-09  0.00000000e+00  2.50000000e+00 -2.51001303e-12 
 3.99150000e-09  3.99150000e-09  0.00000000e+00  2.50000000e+00 -2.51001303e-12 
 3.99250000e-09  3.99250000e-09  0.00000000e+00  2.50000000e+00 -2.51001303e-12 
 3.99350000e-09  3.99350000e-09  0.00000000e+00  2.50000000e+00 -2.51001303e-12 
 3.99450000e-09  3.99450000e-09  0.00000000e+00  2.50000000e+00 -2.51001303e-12 
 3.99550000e-09  3.99550000e-09  0.00000000e+00  2.50000000e+00 -2.51001303e-12 
 3.99650000e-09  3.99650000e-09  0.00000000e+00  2.50000000e+00 -2.51001303e-12 
 3.99750000e-09  3.99750000e-09  0.00000000e+00  2.50000000e+00 -2.51001303e-12 
 3.99850000e-09  3.99850000e-09  0.00000000e+00  2.50000000e+00 -2.51001303e-12 
 3.99950000e-09  3.99950000e-09  0.00000000e+00  2.50000000e+00 -2.51001303e-12 
 4.00050000e-09  4.00050000e-09  0.00000000e+00  2.50000000e+00 -2.51001303e-12 
 4.00150000e-09  4.00150000e-09  0.00000000e+00  2.50000000e+00 -2.51001303e-12 
 4.00250000e-09  4.00250000e-09  0.00000000e+00  2.50000000e+00 -2.51001303e-12 
 4.00350000e-09  4.00350000e-09  0.00000000e+00  2.50000000e+00 -2.51001303e-12 
 4.00450000e-09  4.00450000e-09  0.00000000e+00  2.50000000e+00 -2.51001303e-12 
 4.00550000e-09  4.00550000e-09  0.00000000e+00  2.50000000e+00 -2.51001303e-12 
 4.00650000e-09  4.00650000e-09  0.00000000e+00  2.50000000e+00 -2.51001303e-12 
 4.00750000e-09  4.00750000e-09  0.00000000e+00  2.50000000e+00 -2.51001303e-12 
 4.00850000e-09  4.00850000e-09  0.00000000e+00  2.50000000e+00 -2.51001303e-12 
 4.00950000e-09  4.00950000e-09  0.00000000e+00  2.50000000e+00 -2.51001303e-12 
 4.01050000e-09  4.01050000e-09  0.00000000e+00  2.50000000e+00 -2.51001303e-12 
 4.01150000e-09  4.01150000e-09  0.00000000e+00  2.50000000e+00 -2.51001303e-12 
 4.01250000e-09  4.01250000e-09  0.00000000e+00  2.50000000e+00 -2.51001303e-12 
 4.01350000e-09  4.01350000e-09  0.00000000e+00  2.50000000e+00 -2.51001303e-12 
 4.01450000e-09  4.01450000e-09  0.00000000e+00  2.50000000e+00 -2.51001303e-12 
 4.01550000e-09  4.01550000e-09  0.00000000e+00  2.50000000e+00 -2.51001303e-12 
 4.01650000e-09  4.01650000e-09  0.00000000e+00  2.50000000e+00 -2.51001303e-12 
 4.01750000e-09  4.01750000e-09  0.00000000e+00  2.50000000e+00 -2.51001303e-12 
 4.01850000e-09  4.01850000e-09  0.00000000e+00  2.50000000e+00 -2.51001303e-12 
 4.01950000e-09  4.01950000e-09  0.00000000e+00  2.50000000e+00 -2.51001303e-12 
 4.02050000e-09  4.02050000e-09  0.00000000e+00  2.50000000e+00 -2.51001303e-12 
 4.02150000e-09  4.02150000e-09  0.00000000e+00  2.50000000e+00 -2.51001303e-12 
 4.02250000e-09  4.02250000e-09  0.00000000e+00  2.50000000e+00 -2.51001303e-12 
 4.02350000e-09  4.02350000e-09  0.00000000e+00  2.50000000e+00 -2.51001303e-12 
 4.02450000e-09  4.02450000e-09  0.00000000e+00  2.50000000e+00 -2.51001303e-12 
 4.02550000e-09  4.02550000e-09  0.00000000e+00  2.50000000e+00 -2.51001303e-12 
 4.02650000e-09  4.02650000e-09  0.00000000e+00  2.50000000e+00 -2.51001303e-12 
 4.02750000e-09  4.02750000e-09  0.00000000e+00  2.50000000e+00 -2.51001303e-12 
 4.02850000e-09  4.02850000e-09  0.00000000e+00  2.50000000e+00 -2.51001303e-12 
 4.02950000e-09  4.02950000e-09  0.00000000e+00  2.50000000e+00 -2.51001303e-12 
 4.03050000e-09  4.03050000e-09  0.00000000e+00  2.50000000e+00 -2.51001303e-12 
 4.03150000e-09  4.03150000e-09  0.00000000e+00  2.50000000e+00 -2.51001303e-12 
 4.03250000e-09  4.03250000e-09  0.00000000e+00  2.50000000e+00 -2.51001303e-12 
 4.03350000e-09  4.03350000e-09  0.00000000e+00  2.50000000e+00 -2.51001303e-12 
 4.03450000e-09  4.03450000e-09  0.00000000e+00  2.50000000e+00 -2.51001303e-12 
 4.03550000e-09  4.03550000e-09  0.00000000e+00  2.50000000e+00 -2.51001303e-12 
 4.03650000e-09  4.03650000e-09  0.00000000e+00  2.50000000e+00 -2.51001303e-12 
 4.03750000e-09  4.03750000e-09  0.00000000e+00  2.50000000e+00 -2.51001303e-12 
 4.03850000e-09  4.03850000e-09  0.00000000e+00  2.50000000e+00 -2.51001303e-12 
 4.03950000e-09  4.03950000e-09  0.00000000e+00  2.50000000e+00 -2.51001303e-12 
 4.04050000e-09  4.04050000e-09  0.00000000e+00  2.50000000e+00 -2.51001303e-12 
 4.04150000e-09  4.04150000e-09  0.00000000e+00  2.50000000e+00 -2.51001303e-12 
 4.04250000e-09  4.04250000e-09  0.00000000e+00  2.50000000e+00 -2.51001303e-12 
 4.04350000e-09  4.04350000e-09  0.00000000e+00  2.50000000e+00 -2.51001303e-12 
 4.04450000e-09  4.04450000e-09  0.00000000e+00  2.50000000e+00 -2.51001303e-12 
 4.04550000e-09  4.04550000e-09  0.00000000e+00  2.50000000e+00 -2.51001303e-12 
 4.04650000e-09  4.04650000e-09  0.00000000e+00  2.50000000e+00 -2.51001303e-12 
 4.04750000e-09  4.04750000e-09  0.00000000e+00  2.50000000e+00 -2.51001303e-12 
 4.04850000e-09  4.04850000e-09  0.00000000e+00  2.50000000e+00 -2.51001303e-12 
 4.04950000e-09  4.04950000e-09  0.00000000e+00  2.50000000e+00 -2.51001303e-12 
 4.05050000e-09  4.05050000e-09  0.00000000e+00  2.50000000e+00 -2.51001303e-12 
 4.05150000e-09  4.05150000e-09  0.00000000e+00  2.50000000e+00 -2.51001303e-12 
 4.05250000e-09  4.05250000e-09  0.00000000e+00  2.50000000e+00 -2.51001303e-12 
 4.05350000e-09  4.05350000e-09  0.00000000e+00  2.50000000e+00 -2.51001303e-12 
 4.05450000e-09  4.05450000e-09  0.00000000e+00  2.50000000e+00 -2.51001303e-12 
 4.05550000e-09  4.05550000e-09  0.00000000e+00  2.50000000e+00 -2.51001303e-12 
 4.05650000e-09  4.05650000e-09  0.00000000e+00  2.50000000e+00 -2.51001303e-12 
 4.05750000e-09  4.05750000e-09  0.00000000e+00  2.50000000e+00 -2.51001303e-12 
 4.05850000e-09  4.05850000e-09  0.00000000e+00  2.50000000e+00 -2.51001303e-12 
 4.05950000e-09  4.05950000e-09  0.00000000e+00  2.50000000e+00 -2.51001303e-12 
 4.06050000e-09  4.06050000e-09  0.00000000e+00  2.50000000e+00 -2.51001303e-12 
 4.06150000e-09  4.06150000e-09  0.00000000e+00  2.50000000e+00 -2.51001303e-12 
 4.06250000e-09  4.06250000e-09  0.00000000e+00  2.50000000e+00 -2.51001303e-12 
 4.06350000e-09  4.06350000e-09  0.00000000e+00  2.50000000e+00 -2.51001303e-12 
 4.06450000e-09  4.06450000e-09  0.00000000e+00  2.50000000e+00 -2.51001303e-12 
 4.06550000e-09  4.06550000e-09  0.00000000e+00  2.50000000e+00 -2.51001303e-12 
 4.06650000e-09  4.06650000e-09  0.00000000e+00  2.50000000e+00 -2.51001303e-12 
 4.06750000e-09  4.06750000e-09  0.00000000e+00  2.50000000e+00 -2.51001303e-12 
 4.06850000e-09  4.06850000e-09  0.00000000e+00  2.50000000e+00 -2.51001303e-12 
 4.06950000e-09  4.06950000e-09  0.00000000e+00  2.50000000e+00 -2.51001303e-12 
 4.07050000e-09  4.07050000e-09  0.00000000e+00  2.50000000e+00 -2.51001303e-12 
 4.07150000e-09  4.07150000e-09  0.00000000e+00  2.50000000e+00 -2.51001303e-12 
 4.07250000e-09  4.07250000e-09  0.00000000e+00  2.50000000e+00 -2.51001303e-12 
 4.07350000e-09  4.07350000e-09  0.00000000e+00  2.50000000e+00 -2.51001303e-12 
 4.07450000e-09  4.07450000e-09  0.00000000e+00  2.50000000e+00 -2.51001303e-12 
 4.07550000e-09  4.07550000e-09  0.00000000e+00  2.50000000e+00 -2.51001303e-12 
 4.07650000e-09  4.07650000e-09  0.00000000e+00  2.50000000e+00 -2.51001303e-12 
 4.07750000e-09  4.07750000e-09  0.00000000e+00  2.50000000e+00 -2.51001303e-12 
 4.07850000e-09  4.07850000e-09  0.00000000e+00  2.50000000e+00 -2.51001303e-12 
 4.07950000e-09  4.07950000e-09  0.00000000e+00  2.50000000e+00 -2.51001303e-12 
 4.08050000e-09  4.08050000e-09  0.00000000e+00  2.50000000e+00 -2.51001303e-12 
 4.08150000e-09  4.08150000e-09  0.00000000e+00  2.50000000e+00 -2.51001303e-12 
 4.08250000e-09  4.08250000e-09  0.00000000e+00  2.50000000e+00 -2.51001303e-12 
 4.08350000e-09  4.08350000e-09  0.00000000e+00  2.50000000e+00 -2.51001303e-12 
 4.08450000e-09  4.08450000e-09  0.00000000e+00  2.50000000e+00 -2.51001303e-12 
 4.08550000e-09  4.08550000e-09  0.00000000e+00  2.50000000e+00 -2.51001303e-12 
 4.08650000e-09  4.08650000e-09  0.00000000e+00  2.50000000e+00 -2.51001303e-12 
 4.08750000e-09  4.08750000e-09  0.00000000e+00  2.50000000e+00 -2.51001303e-12 
 4.08850000e-09  4.08850000e-09  0.00000000e+00  2.50000000e+00 -2.51001303e-12 
 4.08950000e-09  4.08950000e-09  0.00000000e+00  2.50000000e+00 -2.51001303e-12 
 4.09050000e-09  4.09050000e-09  0.00000000e+00  2.50000000e+00 -2.51001303e-12 
 4.09150000e-09  4.09150000e-09  0.00000000e+00  2.50000000e+00 -2.51001303e-12 
 4.09250000e-09  4.09250000e-09  0.00000000e+00  2.50000000e+00 -2.51001303e-12 
 4.09350000e-09  4.09350000e-09  0.00000000e+00  2.50000000e+00 -2.51001303e-12 
 4.09450000e-09  4.09450000e-09  0.00000000e+00  2.50000000e+00 -2.51001303e-12 
 4.09550000e-09  4.09550000e-09  0.00000000e+00  2.50000000e+00 -2.51001303e-12 
 4.09650000e-09  4.09650000e-09  0.00000000e+00  2.50000000e+00 -2.51001303e-12 
 4.09750000e-09  4.09750000e-09  0.00000000e+00  2.50000000e+00 -2.51001303e-12 
 4.09850000e-09  4.09850000e-09  0.00000000e+00  2.50000000e+00 -2.51001303e-12 
 4.09950000e-09  4.09950000e-09  0.00000000e+00  2.50000000e+00 -2.51001303e-12 
 4.10050000e-09  4.10050000e-09  0.00000000e+00  2.50000000e+00 -2.51001303e-12 
 4.10150000e-09  4.10150000e-09  0.00000000e+00  2.50000000e+00 -2.51001303e-12 
 4.10250000e-09  4.10250000e-09  0.00000000e+00  2.50000000e+00 -2.51001303e-12 
 4.10350000e-09  4.10350000e-09  0.00000000e+00  2.50000000e+00 -2.51001303e-12 
 4.10450000e-09  4.10450000e-09  0.00000000e+00  2.50000000e+00 -2.51001303e-12 
 4.10550000e-09  4.10550000e-09  0.00000000e+00  2.50000000e+00 -2.51001303e-12 
 4.10650000e-09  4.10650000e-09  0.00000000e+00  2.50000000e+00 -2.51001303e-12 
 4.10750000e-09  4.10750000e-09  0.00000000e+00  2.50000000e+00 -2.51001303e-12 
 4.10850000e-09  4.10850000e-09  0.00000000e+00  2.50000000e+00 -2.51001303e-12 
 4.10950000e-09  4.10950000e-09  0.00000000e+00  2.50000000e+00 -2.51001303e-12 
 4.11050000e-09  4.11050000e-09  0.00000000e+00  2.50000000e+00 -2.51001303e-12 
 4.11150000e-09  4.11150000e-09  0.00000000e+00  2.50000000e+00 -2.51001303e-12 
 4.11250000e-09  4.11250000e-09  0.00000000e+00  2.50000000e+00 -2.51001303e-12 
 4.11350000e-09  4.11350000e-09  0.00000000e+00  2.50000000e+00 -2.51001303e-12 
 4.11450000e-09  4.11450000e-09  0.00000000e+00  2.50000000e+00 -2.51001303e-12 
 4.11550000e-09  4.11550000e-09  0.00000000e+00  2.50000000e+00 -2.51001303e-12 
 4.11650000e-09  4.11650000e-09  0.00000000e+00  2.50000000e+00 -2.51001303e-12 
 4.11750000e-09  4.11750000e-09  0.00000000e+00  2.50000000e+00 -2.51001303e-12 
 4.11850000e-09  4.11850000e-09  0.00000000e+00  2.50000000e+00 -2.51001303e-12 
 4.11950000e-09  4.11950000e-09  0.00000000e+00  2.50000000e+00 -2.51001303e-12 
 4.12050000e-09  4.12050000e-09  0.00000000e+00  2.50000000e+00 -2.51001303e-12 
 4.12150000e-09  4.12150000e-09  0.00000000e+00  2.50000000e+00 -2.51001303e-12 
 4.12250000e-09  4.12250000e-09  0.00000000e+00  2.50000000e+00 -2.51001303e-12 
 4.12350000e-09  4.12350000e-09  0.00000000e+00  2.50000000e+00 -2.51001303e-12 
 4.12450000e-09  4.12450000e-09  0.00000000e+00  2.50000000e+00 -2.51001303e-12 
 4.12550000e-09  4.12550000e-09  0.00000000e+00  2.50000000e+00 -2.51001303e-12 
 4.12650000e-09  4.12650000e-09  0.00000000e+00  2.50000000e+00 -2.51001303e-12 
 4.12750000e-09  4.12750000e-09  0.00000000e+00  2.50000000e+00 -2.51001303e-12 
 4.12850000e-09  4.12850000e-09  0.00000000e+00  2.50000000e+00 -2.51001303e-12 
 4.12950000e-09  4.12950000e-09  0.00000000e+00  2.50000000e+00 -2.51001303e-12 
 4.13050000e-09  4.13050000e-09  0.00000000e+00  2.50000000e+00 -2.51001303e-12 
 4.13150000e-09  4.13150000e-09  0.00000000e+00  2.50000000e+00 -2.51001303e-12 
 4.13250000e-09  4.13250000e-09  0.00000000e+00  2.50000000e+00 -2.51001303e-12 
 4.13350000e-09  4.13350000e-09  0.00000000e+00  2.50000000e+00 -2.51001303e-12 
 4.13450000e-09  4.13450000e-09  0.00000000e+00  2.50000000e+00 -2.51001303e-12 
 4.13550000e-09  4.13550000e-09  0.00000000e+00  2.50000000e+00 -2.51001303e-12 
 4.13650000e-09  4.13650000e-09  0.00000000e+00  2.50000000e+00 -2.51001303e-12 
 4.13750000e-09  4.13750000e-09  0.00000000e+00  2.50000000e+00 -2.51001303e-12 
 4.13850000e-09  4.13850000e-09  0.00000000e+00  2.50000000e+00 -2.51001303e-12 
 4.13950000e-09  4.13950000e-09  0.00000000e+00  2.50000000e+00 -2.51001303e-12 
 4.14050000e-09  4.14050000e-09  0.00000000e+00  2.50000000e+00 -2.51001303e-12 
 4.14150000e-09  4.14150000e-09  0.00000000e+00  2.50000000e+00 -2.51001303e-12 
 4.14250000e-09  4.14250000e-09  0.00000000e+00  2.50000000e+00 -2.51001303e-12 
 4.14350000e-09  4.14350000e-09  0.00000000e+00  2.50000000e+00 -2.51001303e-12 
 4.14450000e-09  4.14450000e-09  0.00000000e+00  2.50000000e+00 -2.51001303e-12 
 4.14550000e-09  4.14550000e-09  0.00000000e+00  2.50000000e+00 -2.51001303e-12 
 4.14650000e-09  4.14650000e-09  0.00000000e+00  2.50000000e+00 -2.51001303e-12 
 4.14750000e-09  4.14750000e-09  0.00000000e+00  2.50000000e+00 -2.51001303e-12 
 4.14850000e-09  4.14850000e-09  0.00000000e+00  2.50000000e+00 -2.51001303e-12 
 4.14950000e-09  4.14950000e-09  0.00000000e+00  2.50000000e+00 -2.51001303e-12 
 4.15050000e-09  4.15050000e-09  0.00000000e+00  2.50000000e+00 -2.51001303e-12 
 4.15150000e-09  4.15150000e-09  0.00000000e+00  2.50000000e+00 -2.51001303e-12 
 4.15250000e-09  4.15250000e-09  0.00000000e+00  2.50000000e+00 -2.51001303e-12 
 4.15350000e-09  4.15350000e-09  0.00000000e+00  2.50000000e+00 -2.51001303e-12 
 4.15450000e-09  4.15450000e-09  0.00000000e+00  2.50000000e+00 -2.51001303e-12 
 4.15550000e-09  4.15550000e-09  0.00000000e+00  2.50000000e+00 -2.51001303e-12 
 4.15650000e-09  4.15650000e-09  0.00000000e+00  2.50000000e+00 -2.51001303e-12 
 4.15750000e-09  4.15750000e-09  0.00000000e+00  2.50000000e+00 -2.51001303e-12 
 4.15850000e-09  4.15850000e-09  0.00000000e+00  2.50000000e+00 -2.51001303e-12 
 4.15950000e-09  4.15950000e-09  0.00000000e+00  2.50000000e+00 -2.51001303e-12 
 4.16050000e-09  4.16050000e-09  0.00000000e+00  2.50000000e+00 -2.51001303e-12 
 4.16150000e-09  4.16150000e-09  0.00000000e+00  2.50000000e+00 -2.51001303e-12 
 4.16250000e-09  4.16250000e-09  0.00000000e+00  2.50000000e+00 -2.51001303e-12 
 4.16350000e-09  4.16350000e-09  0.00000000e+00  2.50000000e+00 -2.51001303e-12 
 4.16450000e-09  4.16450000e-09  0.00000000e+00  2.50000000e+00 -2.51001303e-12 
 4.16550000e-09  4.16550000e-09  0.00000000e+00  2.50000000e+00 -2.51001303e-12 
 4.16650000e-09  4.16650000e-09  0.00000000e+00  2.50000000e+00 -2.51001303e-12 
 4.16750000e-09  4.16750000e-09  0.00000000e+00  2.50000000e+00 -2.51001303e-12 
 4.16850000e-09  4.16850000e-09  0.00000000e+00  2.50000000e+00 -2.51001303e-12 
 4.16950000e-09  4.16950000e-09  0.00000000e+00  2.50000000e+00 -2.51001303e-12 
 4.17050000e-09  4.17050000e-09  0.00000000e+00  2.50000000e+00 -2.51001303e-12 
 4.17150000e-09  4.17150000e-09  0.00000000e+00  2.50000000e+00 -2.51001303e-12 
 4.17250000e-09  4.17250000e-09  0.00000000e+00  2.50000000e+00 -2.51001303e-12 
 4.17350000e-09  4.17350000e-09  0.00000000e+00  2.50000000e+00 -2.51001303e-12 
 4.17450000e-09  4.17450000e-09  0.00000000e+00  2.50000000e+00 -2.51001303e-12 
 4.17550000e-09  4.17550000e-09  0.00000000e+00  2.50000000e+00 -2.51001303e-12 
 4.17650000e-09  4.17650000e-09  0.00000000e+00  2.50000000e+00 -2.51001303e-12 
 4.17750000e-09  4.17750000e-09  0.00000000e+00  2.50000000e+00 -2.51001303e-12 
 4.17850000e-09  4.17850000e-09  0.00000000e+00  2.50000000e+00 -2.51001303e-12 
 4.17950000e-09  4.17950000e-09  0.00000000e+00  2.50000000e+00 -2.51001303e-12 
 4.18050000e-09  4.18050000e-09  0.00000000e+00  2.50000000e+00 -2.51001303e-12 
 4.18150000e-09  4.18150000e-09  0.00000000e+00  2.50000000e+00 -2.51001303e-12 
 4.18250000e-09  4.18250000e-09  0.00000000e+00  2.50000000e+00 -2.51001303e-12 
 4.18350000e-09  4.18350000e-09  0.00000000e+00  2.50000000e+00 -2.51001303e-12 
 4.18450000e-09  4.18450000e-09  0.00000000e+00  2.50000000e+00 -2.51001303e-12 
 4.18550000e-09  4.18550000e-09  0.00000000e+00  2.50000000e+00 -2.51001303e-12 
 4.18650000e-09  4.18650000e-09  0.00000000e+00  2.50000000e+00 -2.51001303e-12 
 4.18750000e-09  4.18750000e-09  0.00000000e+00  2.50000000e+00 -2.51001303e-12 
 4.18850000e-09  4.18850000e-09  0.00000000e+00  2.50000000e+00 -2.51001303e-12 
 4.18950000e-09  4.18950000e-09  0.00000000e+00  2.50000000e+00 -2.51001303e-12 
 4.19050000e-09  4.19050000e-09  0.00000000e+00  2.50000000e+00 -2.51001303e-12 
 4.19150000e-09  4.19150000e-09  0.00000000e+00  2.50000000e+00 -2.51001303e-12 
 4.19250000e-09  4.19250000e-09  0.00000000e+00  2.50000000e+00 -2.51001303e-12 
 4.19350000e-09  4.19350000e-09  0.00000000e+00  2.50000000e+00 -2.51001303e-12 
 4.19450000e-09  4.19450000e-09  0.00000000e+00  2.50000000e+00 -2.51001303e-12 
 4.19550000e-09  4.19550000e-09  0.00000000e+00  2.50000000e+00 -2.51001303e-12 
 4.19650000e-09  4.19650000e-09  0.00000000e+00  2.50000000e+00 -2.51001303e-12 
 4.19750000e-09  4.19750000e-09  0.00000000e+00  2.50000000e+00 -2.51001303e-12 
 4.19850000e-09  4.19850000e-09  0.00000000e+00  2.50000000e+00 -2.51001303e-12 
 4.19925000e-09  4.19925000e-09  0.00000000e+00  2.50000000e+00 -2.51001043e-12 
 4.20000000e-09  4.20000000e-09  0.00000000e+00  2.50000000e+00 -2.51001563e-12 
 4.20010000e-09  4.20010000e-09  2.50000000e-03  2.50038613e+00  8.44292750e-05 
 4.20030000e-09  4.20030000e-09  7.50000000e-03  2.50115256e+00  8.58059721e-05 
 4.20070000e-09  4.20070000e-09  1.75000000e-02  2.50265105e+00  8.84962092e-05 
 4.20150000e-09  4.20150000e-09  3.75000000e-02  2.50551696e+00  9.35625329e-05 
 4.20250000e-09  4.20250000e-09  6.25000000e-02  2.50886959e+00  9.93726825e-05 
 4.20350000e-09  4.20350000e-09  8.75000000e-02  2.51198834e+00  1.04634789e-04 
 4.20450000e-09  4.20450000e-09  1.12500000e-01  2.51489502e+00  1.09413416e-04 
 4.20550000e-09  4.20550000e-09  1.37500000e-01  2.51760942e+00  1.13738842e-04 
 4.20650000e-09  4.20650000e-09  1.62500000e-01  2.52014952e+00  1.17666611e-04 
 4.20750000e-09  4.20750000e-09  1.87500000e-01  2.52253164e+00  1.21218818e-04 
 4.20850000e-09  4.20850000e-09  2.12500000e-01  2.52477066e+00  1.24443585e-04 
 4.20950000e-09  4.20950000e-09  2.37500000e-01  2.52688006e+00  1.27356279e-04 
 4.21050000e-09  4.21050000e-09  2.62500000e-01  2.52887215e+00  1.29998930e-04 
 4.21150000e-09  4.21150000e-09  2.87500000e-01  2.53075812e+00  1.32381392e-04 
 4.21250000e-09  4.21250000e-09  3.12500000e-01  2.53254818e+00  1.34540706e-04 
 4.21350000e-09  4.21350000e-09  3.37500000e-01  2.53425164e+00  1.36482215e-04 
 4.21450000e-09  4.21450000e-09  3.62500000e-01  2.53587699e+00  1.38238879e-04 
 4.21550000e-09  4.21550000e-09  3.87500000e-01  2.53743202e+00  1.39812354e-04 
 4.21650000e-09  4.21650000e-09  4.12500000e-01  2.53892382e+00  1.41232266e-04 
 4.21750000e-09  4.21750000e-09  4.37500000e-01  2.54035833e+00  1.42496382e-04 
 4.21850000e-09  4.21850000e-09  4.62500000e-01  2.54173660e+00  1.43677818e-04 
 4.21950000e-09  4.21950000e-09  4.87500000e-01  2.54304171e+00  1.44632262e-04 
 4.22050000e-09  4.22050000e-09  5.12500000e-01  2.54424897e+00  1.45397801e-04 
 4.22150000e-09  4.22150000e-09  5.37500000e-01  2.54534031e+00  1.45940391e-04 
 4.22250000e-09  4.22250000e-09  5.62500000e-01  2.54629844e+00  1.46257959e-04 
 4.22350000e-09  4.22350000e-09  5.87500000e-01  2.54710674e+00  1.46321297e-04 
 4.22450000e-09  4.22450000e-09  6.12500000e-01  2.54774913e+00  1.46133012e-04 
 4.22550000e-09  4.22550000e-09  6.37500000e-01  2.54821001e+00  1.45668275e-04 
 4.22650000e-09  4.22650000e-09  6.62500000e-01  2.54847416e+00  1.44933813e-04 
 4.22750000e-09  4.22750000e-09  6.87500000e-01  2.54852669e+00  1.43908703e-04 
 4.22850000e-09  4.22850000e-09  7.12500000e-01  2.54835291e+00  1.42603396e-04 
 4.22950000e-09  4.22950000e-09  7.37500000e-01  2.54793830e+00  1.41000544e-04 
 4.23050000e-09  4.23050000e-09  7.62500000e-01  2.54726842e+00  1.39114057e-04 
 4.23150000e-09  4.23150000e-09  7.87500000e-01  2.54632885e+00  1.36929959e-04 
 4.23250000e-09  4.23250000e-09  8.12500000e-01  2.54510512e+00  1.34465474e-04 
 4.23350000e-09  4.23350000e-09  8.37500000e-01  2.54358261e+00  1.31709906e-04 
 4.23450000e-09  4.23450000e-09  8.62500000e-01  2.54174657e+00  1.28683758e-04 
 4.23550000e-09  4.23550000e-09  8.87500000e-01  2.53958194e+00  1.25379634e-04 
 4.23650000e-09  4.23650000e-09  9.12500000e-01  2.53707338e+00  1.21821388e-04 
 4.23750000e-09  4.23750000e-09  9.37500000e-01  2.53420512e+00  1.18005054e-04 
 4.23850000e-09  4.23850000e-09  9.62500000e-01  2.53095182e+00  1.14072264e-04 
 4.23950000e-09  4.23950000e-09  9.87500000e-01  2.52729665e+00  1.09796281e-04 
 4.24050000e-09  4.24050000e-09  1.01250000e+00  2.52323121e+00  1.05323117e-04 
 4.24150000e-09  4.24150000e-09  1.03750000e+00  2.51873728e+00  1.00656665e-04 
 4.24250000e-09  4.24250000e-09  1.06250000e+00  2.51379582e+00  9.58326341e-05 
 4.24350000e-09  4.24350000e-09  1.08750000e+00  2.50838686e+00  9.08596084e-05 
 4.24450000e-09  4.24450000e-09  1.11250000e+00  2.50248943e+00  8.57783490e-05 
 4.24550000e-09  4.24550000e-09  1.13750000e+00  2.49608149e+00  8.05974699e-05 
 4.24650000e-09  4.24650000e-09  1.16250000e+00  2.48914038e+00  7.53386752e-05 
 4.24750000e-09  4.24750000e-09  1.18750000e+00  2.48164270e+00  7.00138456e-05 
 4.24850000e-09  4.24850000e-09  1.21250000e+00  2.47356379e+00  6.46695753e-05 
 4.24950000e-09  4.24950000e-09  1.23750000e+00  2.46487749e+00  5.93260380e-05 
 4.25050000e-09  4.25050000e-09  1.26250000e+00  2.45555601e+00  5.40364310e-05 
 4.25150000e-09  4.25150000e-09  1.28750000e+00  2.44556967e+00  4.88282474e-05 
 4.25250000e-09  4.25250000e-09  1.31250000e+00  2.43488669e+00  4.37628355e-05 
 4.25350000e-09  4.25350000e-09  1.33750000e+00  2.42347292e+00  3.88768139e-05 
 4.25450000e-09  4.25450000e-09  1.36250000e+00  2.41129141e+00  3.42418044e-05 
 4.25550000e-09  4.25550000e-09  1.38750000e+00  2.39830207e+00  2.99060583e-05 
 4.25650000e-09  4.25650000e-09  1.41250000e+00  2.38446102e+00  2.59544475e-05 
 4.25750000e-09  4.25750000e-09  1.43750000e+00  2.36971998e+00  2.24504078e-05 
 4.25850000e-09  4.25850000e-09  1.46250000e+00  2.35402528e+00  1.94963139e-05 
 4.25950000e-09  4.25950000e-09  1.48750000e+00  2.33731656e+00  1.71758803e-05 
 4.26050000e-09  4.26050000e-09  1.51250000e+00  2.31952506e+00  1.56150512e-05 
 4.26150000e-09  4.26150000e-09  1.53750000e+00  2.30057088e+00  1.49248918e-05 
 4.26250000e-09  4.26250000e-09  1.56250000e+00  2.28035900e+00  1.52626905e-05 
 4.26350000e-09  4.26350000e-09  1.58750000e+00  2.25877270e+00  1.67740280e-05 
 4.26450000e-09  4.26450000e-09  1.61250000e+00  2.23566223e+00  1.96497942e-05 
 4.26550000e-09  4.26550000e-09  1.63750000e+00  2.21082369e+00  2.40540504e-05 
 4.26650000e-09  4.26650000e-09  1.66250000e+00  2.18395527e+00  3.01337095e-05 
 4.26750000e-09  4.26750000e-09  1.68750000e+00  2.15454375e+00  3.77976871e-05 
 4.26850000e-09  4.26850000e-09  1.71250000e+00  2.12210601e+00  4.60015958e-05 
 4.26950000e-09  4.26950000e-09  1.73750000e+00  2.08716685e+00  5.36580179e-05 
 4.27050000e-09  4.27050000e-09  1.76250000e+00  2.05043817e+00  6.07844077e-05 
 4.27150000e-09  4.27150000e-09  1.78750000e+00  2.01192607e+00  6.73646321e-05 
 4.27250000e-09  4.27250000e-09  1.81250000e+00  1.97163732e+00  7.34117511e-05 
 4.27350000e-09  4.27350000e-09  1.83750000e+00  1.92957940e+00  7.89089089e-05 
 4.27450000e-09  4.27450000e-09  1.86250000e+00  1.88576053e+00  8.38684452e-05 
 4.27550000e-09  4.27550000e-09  1.88750000e+00  1.84018968e+00  8.82727862e-05 
 4.27650000e-09  4.27650000e-09  1.91250000e+00  1.79287663e+00  9.21335574e-05 
 4.27750000e-09  4.27750000e-09  1.93750000e+00  1.74383193e+00  9.54324749e-05 
 4.27850000e-09  4.27850000e-09  1.96250000e+00  1.69306704e+00  9.81804587e-05 
 4.27950000e-09  4.27950000e-09  1.98750000e+00  1.64059423e+00  1.00358525e-04 
 4.28050000e-09  4.28050000e-09  2.01250000e+00  1.58642669e+00  1.01976900e-04 
 4.28150000e-09  4.28150000e-09  2.03750000e+00  1.53083859e+00  1.03015922e-04 
 4.28250000e-09  4.28250000e-09  2.06250000e+00  1.47423960e+00  1.03485118e-04 
 4.28350000e-09  4.28350000e-09  2.08750000e+00  1.41690021e+00  1.02353652e-04 
 4.28450000e-09  4.28450000e-09  2.11250000e+00  1.35907655e+00  1.00708710e-04 
 4.28550000e-09  4.28550000e-09  2.13750000e+00  1.30101836e+00  9.90563788e-05 
 4.28650000e-09  4.28650000e-09  2.16250000e+00  1.24297406e+00  9.74114368e-05 
 4.28750000e-09  4.28750000e-09  2.18750000e+00  1.18518729e+00  9.57591060e-05 
 4.28850000e-09  4.28850000e-09  2.21250000e+00  1.12789318e+00  9.41141640e-05 
 4.28950000e-09  4.28950000e-09  2.23750000e+00  1.07131512e+00  9.24618331e-05 
 4.29050000e-09  4.29050000e-09  2.26250000e+00  1.01566202e+00  9.08168911e-05 
 4.29150000e-09  4.29150000e-09  2.28750000e+00  9.61126033e-01  8.91645603e-05 
 4.29250000e-09  4.29250000e-09  2.31250000e+00  9.07880905e-01  8.75196183e-05 
 4.29350000e-09  4.29350000e-09  2.33750000e+00  8.56080720e-01  8.58672875e-05 
 4.29450000e-09  4.29450000e-09  2.36250000e+00  8.05859214e-01  8.42223455e-05 
 4.29550000e-09  4.29550000e-09  2.38750000e+00  7.57329517e-01  8.71861965e-05 
 4.29650000e-09  4.29650000e-09  2.41250000e+00  7.10584303e-01  9.21357999e-05 
 4.29750000e-09  4.29750000e-09  2.43750000e+00  6.65696312e-01  9.70780145e-05 
 4.29850000e-09  4.29850000e-09  2.46250000e+00  6.22719165e-01  1.02027618e-04 
 4.29925000e-09  4.29925000e-09  2.48125000e+00  5.91761702e-01  1.05733355e-04 
 4.30000000e-09  4.30000000e-09  2.50000000e+00  5.61908526e-01  1.09446482e-04 
 4.30010000e-09  4.30010000e-09  2.50000000e+00  5.57793139e-01 -1.95218520e-12 
 4.30030000e-09  4.30030000e-09  2.50000000e+00  5.49615534e-01 -1.96036280e-12 
 4.30070000e-09  4.30070000e-09  2.50000000e+00  5.33577628e-01 -1.97642152e-12 
 4.30150000e-09  4.30150000e-09  2.50000000e+00  5.02742909e-01 -2.00725624e-12 
 4.30250000e-09  4.30250000e-09  2.50000000e+00  4.66446310e-01 -2.04355284e-12 
 4.30350000e-09  4.30350000e-09  2.50000000e+00  4.32535620e-01 -2.07746353e-12 
 4.30450000e-09  4.30450000e-09  2.50000000e+00  4.00888141e-01 -2.10911101e-12 
 4.30550000e-09  4.30550000e-09  2.50000000e+00  3.71382342e-01 -2.13861681e-12 
 4.30650000e-09  4.30650000e-09  2.50000000e+00  3.43898764e-01 -2.16610039e-12 
 4.30750000e-09  4.30750000e-09  2.50000000e+00  3.18320771e-01 -2.19167838e-12 
 4.30850000e-09  4.30850000e-09  2.50000000e+00  2.94535142e-01 -2.21546401e-12 
 4.30950000e-09  4.30950000e-09  2.50000000e+00  2.72432530e-01 -2.23756662e-12 
 4.31050000e-09  4.31050000e-09  2.50000000e+00  2.51907809e-01 -2.25809134e-12 
 4.31150000e-09  4.31150000e-09  2.50000000e+00  2.32860309e-01 -2.27713884e-12 
 4.31250000e-09  4.31250000e-09  2.50000000e+00  2.15190494e-01 -2.29480866e-12 
 4.31350000e-09  4.31350000e-09  2.50000000e+00  1.98807770e-01 -2.31119138e-12 
 4.31450000e-09  4.31450000e-09  2.50000000e+00  1.83629621e-01 -2.32636953e-12 
 4.31550000e-09  4.31550000e-09  2.50000000e+00  1.69573849e-01 -2.34042530e-12 
 4.31650000e-09  4.31650000e-09  2.50000000e+00  1.56562903e-01 -2.35343625e-12 
 4.31750000e-09  4.31750000e-09  2.50000000e+00  1.44523767e-01 -2.36547539e-12 
 4.31850000e-09  4.31850000e-09  2.50000000e+00  1.33387824e-01 -2.37661133e-12 
 4.31950000e-09  4.31950000e-09  2.50000000e+00  1.23090701e-01 -2.38690845e-12 
 4.32050000e-09  4.32050000e-09  2.50000000e+00  1.13572101e-01 -2.39642705e-12 
 4.32150000e-09  4.32150000e-09  2.50000000e+00  1.04775624e-01 -2.40522353e-12 
 4.32250000e-09  4.32250000e-09  2.50000000e+00  9.66485854e-02 -2.41335057e-12 
 4.32350000e-09  4.32350000e-09  2.50000000e+00  8.91418244e-02 -2.42085733e-12 
 4.32450000e-09  4.32450000e-09  2.50000000e+00  8.22095215e-02 -2.42778963e-12 
 4.32550000e-09  4.32550000e-09  2.50000000e+00  7.58090108e-02 -2.43419014e-12 
 4.32650000e-09  4.32650000e-09  2.50000000e+00  6.99005996e-02 -2.44009855e-12 
 4.32750000e-09  4.32750000e-09  2.50000000e+00  6.44473908e-02 -2.44555176e-12 
 4.32850000e-09  4.32850000e-09  2.50000000e+00  5.94151119e-02 -2.45058404e-12 
 4.32950000e-09  4.32950000e-09  2.50000000e+00  5.47719500e-02 -2.45522720e-12 
 4.33050000e-09  4.33050000e-09  2.50000000e+00  5.04883936e-02 -2.45951076e-12 
 4.33150000e-09  4.33150000e-09  2.50000000e+00  4.65370824e-02 -2.46346207e-12 
 4.33250000e-09  4.33250000e-09  2.50000000e+00  4.28926631e-02 -2.46710649e-12 
 4.33350000e-09  4.33350000e-09  2.50000000e+00  3.95316544e-02 -2.47046750e-12 
 4.33450000e-09  4.33450000e-09  2.50000000e+00  3.64323176e-02 -2.47356684e-12 
 4.33550000e-09  4.33550000e-09  2.50000000e+00  3.35745360e-02 -2.47642462e-12 
 4.33650000e-09  4.33650000e-09  2.50000000e+00  3.09397006e-02 -2.47905945e-12 
 4.33750000e-09  4.33750000e-09  2.50000000e+00  2.85106032e-02 -2.48148855e-12 
 4.33850000e-09  4.33850000e-09  2.50000000e+00  2.62713357e-02 -2.48372782e-12 
 4.33950000e-09  4.33950000e-09  2.50000000e+00  2.42071965e-02 -2.48579196e-12 
 4.34050000e-09  4.34050000e-09  2.50000000e+00  2.23046021e-02 -2.48769455e-12 
 4.34150000e-09  4.34150000e-09  2.50000000e+00  2.05510057e-02 -2.48944815e-12 
 4.34250000e-09  4.34250000e-09  2.50000000e+00  1.89348204e-02 -2.49106433e-12 
 4.34350000e-09  4.34350000e-09  2.50000000e+00  1.74453480e-02 -2.49255381e-12 
 4.34450000e-09  4.34450000e-09  2.50000000e+00  1.60727125e-02 -2.49392644e-12 
 4.34550000e-09  4.34550000e-09  2.50000000e+00  1.48077990e-02 -2.49519135e-12 
 4.34650000e-09  4.34650000e-09  2.50000000e+00  1.36421960e-02 -2.49635696e-12 
 4.34750000e-09  4.34750000e-09  2.50000000e+00  1.25681425e-02 -2.49743101e-12 
 4.34850000e-09  4.34850000e-09  2.50000000e+00  1.15784784e-02 -2.49842067e-12 
 4.34950000e-09  4.34950000e-09  2.50000000e+00  1.06665991e-02 -2.49933255e-12 
 4.35050000e-09  4.35050000e-09  2.50000000e+00  9.82641293e-03 -2.50017274e-12 
 4.35150000e-09  4.35150000e-09  2.50000000e+00  9.05230193e-03 -2.50094685e-12 
 4.35250000e-09  4.35250000e-09  2.50000000e+00  8.33908556e-03 -2.50166007e-12 
 4.35350000e-09  4.35350000e-09  2.50000000e+00  7.68198706e-03 -2.50231717e-12 
 4.35450000e-09  4.35450000e-09  2.50000000e+00  7.07660232e-03 -2.50292255e-12 
 4.35550000e-09  4.35550000e-09  2.50000000e+00  6.51887115e-03 -2.50348028e-12 
 4.35650000e-09  4.35650000e-09  2.50000000e+00  6.00505066e-03 -2.50399410e-12 
 4.35750000e-09  4.35750000e-09  2.50000000e+00  5.53169069e-03 -2.50446746e-12 
 4.35850000e-09  4.35850000e-09  2.50000000e+00  5.09561112e-03 -2.50490354e-12 
 4.35950000e-09  4.35950000e-09  2.50000000e+00  4.69388089e-03 -2.50530527e-12 
 4.36050000e-09  4.36050000e-09  2.50000000e+00  4.32379860e-03 -2.50567535e-12 
 4.36150000e-09  4.36150000e-09  2.50000000e+00  3.98287467e-03 -2.50601628e-12 
 4.36250000e-09  4.36250000e-09  2.50000000e+00  3.66881482e-03 -2.50633034e-12 
 4.36350000e-09  4.36350000e-09  2.50000000e+00  3.37950483e-03 -2.50661965e-12 
 4.36450000e-09  4.36450000e-09  2.50000000e+00  3.11299645e-03 -2.50688616e-12 
 4.36550000e-09  4.36550000e-09  2.50000000e+00  2.86749449e-03 -2.50713166e-12 
 4.36650000e-09  4.36650000e-09  2.50000000e+00  2.64134479e-03 -2.50735781e-12 
 4.36750000e-09  4.36750000e-09  2.50000000e+00  2.43302321e-03 -2.50756613e-12 
 4.36850000e-09  4.36850000e-09  2.50000000e+00  2.24112545e-03 -2.50775803e-12 
 4.36950000e-09  4.36950000e-09  2.50000000e+00  2.06435764e-03 -2.50793480e-12 
 4.37050000e-09  4.37050000e-09  2.50000000e+00  1.90152771e-03 -2.50809763e-12 
 4.37150000e-09  4.37150000e-09  2.50000000e+00  1.75153738e-03 -2.50824762e-12 
 4.37250000e-09  4.37250000e-09  2.50000000e+00  1.61337480e-03 -2.50838578e-12 
 4.37350000e-09  4.37350000e-09  2.50000000e+00  1.48610778e-03 -2.50851305e-12 
 4.37450000e-09  4.37450000e-09  2.50000000e+00  1.36887751e-03 -2.50863028e-12 
 4.37550000e-09  4.37550000e-09  2.50000000e+00  1.26089283e-03 -2.50873826e-12 
 4.37650000e-09  4.37650000e-09  2.50000000e+00  1.16142486e-03 -2.50883773e-12 
 4.37750000e-09  4.37750000e-09  2.50000000e+00  1.06980217e-03 -2.50892935e-12 
 4.37850000e-09  4.37850000e-09  2.50000000e+00  9.85406190e-04 -2.50901375e-12 
 4.37950000e-09  4.37950000e-09  2.50000000e+00  9.07667112e-04 -2.50909149e-12 
 4.38050000e-09  4.38050000e-09  2.50000000e+00  8.36060015e-04 -2.50916309e-12 
 4.38150000e-09  4.38150000e-09  2.50000000e+00  7.70101352e-04 -2.50922905e-12 
 4.38250000e-09  4.38250000e-09  2.50000000e+00  7.09345683e-04 -2.50928981e-12 
 4.38350000e-09  4.38350000e-09  2.50000000e+00  6.53382679e-04 -2.50934577e-12 
 4.38450000e-09  4.38450000e-09  2.50000000e+00  6.01834358e-04 -2.50939732e-12 
 4.38550000e-09  4.38550000e-09  2.50000000e+00  5.54352533e-04 -2.50944480e-12 
 4.38650000e-09  4.38650000e-09  2.50000000e+00  5.10616472e-04 -2.50948854e-12 
 4.38750000e-09  4.38750000e-09  2.50000000e+00  4.70330725e-04 -2.50952882e-12 
 4.38850000e-09  4.38850000e-09  2.50000000e+00  4.33223144e-04 -2.50956593e-12 
 4.38950000e-09  4.38950000e-09  2.50000000e+00  3.99043037e-04 -2.50960011e-12 
 4.39050000e-09  4.39050000e-09  2.50000000e+00  3.67559482e-04 -2.50963159e-12 
 4.39150000e-09  4.39150000e-09  2.50000000e+00  3.38559767e-04 -2.50966059e-12 
 4.39250000e-09  4.39250000e-09  2.50000000e+00  3.11847957e-04 -2.50968731e-12 
 4.39350000e-09  4.39350000e-09  2.50000000e+00  2.87243568e-04 -2.50971191e-12 
 4.39450000e-09  4.39450000e-09  2.50000000e+00  2.64580352e-04 -2.50973457e-12 
 4.39550000e-09  4.39550000e-09  2.50000000e+00  2.43705173e-04 -2.50975545e-12 
 4.39650000e-09  4.39650000e-09  2.50000000e+00  2.24476972e-04 -2.50977468e-12 
 4.39750000e-09  4.39750000e-09  2.50000000e+00  2.06765820e-04 -2.50979239e-12 
 4.39850000e-09  4.39850000e-09  2.50000000e+00  1.90452034e-04 -2.50980870e-12 
 4.39950000e-09  4.39950000e-09  2.50000000e+00  1.75425372e-04 -2.50982373e-12 
 4.40050000e-09  4.40050000e-09  2.50000000e+00  1.61584289e-04 -2.50983757e-12 
 4.40150000e-09  4.40150000e-09  2.50000000e+00  1.48835248e-04 -2.50985032e-12 
 4.40250000e-09  4.40250000e-09  2.50000000e+00  1.37092095e-04 -2.50986206e-12 
 4.40350000e-09  4.40350000e-09  2.50000000e+00  1.26275469e-04 -2.50987288e-12 
 4.40450000e-09  4.40450000e-09  2.50000000e+00  1.16312271e-04 -2.50988284e-12 
 4.40550000e-09  4.40550000e-09  2.50000000e+00  1.07135168e-04 -2.50989202e-12 
 4.40650000e-09  4.40650000e-09  2.50000000e+00  9.86821402e-05 -2.50990047e-12 
 4.40750000e-09  4.40750000e-09  2.50000000e+00  9.08960590e-05 -2.50990826e-12 
 4.40850000e-09  4.40850000e-09  2.50000000e+00  8.37243039e-05 -2.50991543e-12 
 4.40950000e-09  4.40950000e-09  2.50000000e+00  7.71184057e-05 -2.50992203e-12 
 4.41050000e-09  4.41050000e-09  2.50000000e+00  7.10337191e-05 -2.50992812e-12 
 4.41150000e-09  4.41150000e-09  2.50000000e+00  6.54291208e-05 -2.50993372e-12 
 4.41250000e-09  4.41250000e-09  2.50000000e+00  6.02667322e-05 -2.50993889e-12 
 4.41350000e-09  4.41350000e-09  2.50000000e+00  5.55116632e-05 -2.50994364e-12 
 4.41450000e-09  4.41450000e-09  2.50000000e+00  5.11317763e-05 -2.50994802e-12 
 4.41550000e-09  4.41550000e-09  2.50000000e+00  4.70974695e-05 -2.50995206e-12 
 4.41650000e-09  4.41650000e-09  2.50000000e+00  4.33814764e-05 -2.50995577e-12 
 4.41750000e-09  4.41750000e-09  2.50000000e+00  3.99586820e-05 -2.50995919e-12 
 4.41850000e-09  4.41850000e-09  2.50000000e+00  3.68059526e-05 -2.50996235e-12 
 4.41950000e-09  4.41950000e-09  2.50000000e+00  3.39019798e-05 -2.50996525e-12 
 4.42050000e-09  4.42050000e-09  2.50000000e+00  3.12271364e-05 -2.50996793e-12 
 4.42150000e-09  4.42150000e-09  2.50000000e+00  2.87633439e-05 -2.50997039e-12 
 4.42250000e-09  4.42250000e-09  2.50000000e+00  2.64939501e-05 -2.50997266e-12 
 4.42350000e-09  4.42350000e-09  2.50000000e+00  2.44036166e-05 -2.50997475e-12 
 4.42450000e-09  4.42450000e-09  2.50000000e+00  2.24782152e-05 -2.50997667e-12 
 4.42550000e-09  4.42550000e-09  2.50000000e+00  2.07047326e-05 -2.50997845e-12 
 4.42650000e-09  4.42650000e-09  2.50000000e+00  1.90711820e-05 -2.50998008e-12 
 4.42750000e-09  4.42750000e-09  2.50000000e+00  1.75665226e-05 -2.50998159e-12 
 4.42850000e-09  4.42850000e-09  2.50000000e+00  1.61805845e-05 -2.50998297e-12 
 4.42950000e-09  4.42950000e-09  2.50000000e+00  1.49040005e-05 -2.50998425e-12 
 4.43050000e-09  4.43050000e-09  2.50000000e+00  1.37281423e-05 -2.50998542e-12 
 4.43150000e-09  4.43150000e-09  2.50000000e+00  1.26450623e-05 -2.50998651e-12 
 4.43250000e-09  4.43250000e-09  2.50000000e+00  1.16474402e-05 -2.50998751e-12 
 4.43350000e-09  4.43350000e-09  2.50000000e+00  1.07285331e-05 -2.50998842e-12 
 4.43450000e-09  4.43450000e-09  2.50000000e+00  9.88213023e-06 -2.50998927e-12 
 4.43550000e-09  4.43550000e-09  2.50000000e+00  9.10251085e-06 -2.50999005e-12 
 4.43650000e-09  4.43650000e-09  2.50000000e+00  8.38440555e-06 -2.50999077e-12 
 4.43750000e-09  4.43750000e-09  2.50000000e+00  7.72296074e-06 -2.50999143e-12 
 4.43850000e-09  4.43850000e-09  2.50000000e+00  7.11370574e-06 -2.50999204e-12 
 4.43950000e-09  4.43950000e-09  2.50000000e+00  6.55252265e-06 -2.50999260e-12 
 4.44050000e-09  4.44050000e-09  2.50000000e+00  6.03561847e-06 -2.50999312e-12 
 4.44150000e-09  4.44150000e-09  2.50000000e+00  5.55949948e-06 -2.50999359e-12 
 4.44250000e-09  4.44250000e-09  2.50000000e+00  5.12094762e-06 -2.50999403e-12 
 4.44350000e-09  4.44350000e-09  2.50000000e+00  4.71699874e-06 -2.50999444e-12 
 4.44450000e-09  4.44450000e-09  2.50000000e+00  4.34492257e-06 -2.50999481e-12 
 4.44550000e-09  4.44550000e-09  2.50000000e+00  4.00220427e-06 -2.50999515e-12 
 4.44650000e-09  4.44650000e-09  2.50000000e+00  3.68652743e-06 -2.50999547e-12 
 4.44750000e-09  4.44750000e-09  2.50000000e+00  3.39575839e-06 -2.50999576e-12 
 4.44850000e-09  4.44850000e-09  2.50000000e+00  3.12793186e-06 -2.50999603e-12 
 4.44950000e-09  4.44950000e-09  2.50000000e+00  2.88123762e-06 -2.50999627e-12 
 4.45050000e-09  4.45050000e-09  2.50000000e+00  2.65400826e-06 -2.50999650e-12 
 4.45150000e-09  4.45150000e-09  2.50000000e+00  2.44470796e-06 -2.50999671e-12 
 4.45250000e-09  4.45250000e-09  2.50000000e+00  2.25192206e-06 -2.50999690e-12 
 4.45350000e-09  4.45350000e-09  2.50000000e+00  2.07434753e-06 -2.50999708e-12 
 4.45450000e-09  4.45450000e-09  2.50000000e+00  1.91078414e-06 -2.50999724e-12 
 4.45550000e-09  4.45550000e-09  2.50000000e+00  1.76012638e-06 -2.50999739e-12 
 4.45650000e-09  4.45650000e-09  2.50000000e+00  1.62135596e-06 -2.50999753e-12 
 4.45750000e-09  4.45750000e-09  2.50000000e+00  1.49353492e-06 -2.50999766e-12 
 4.45850000e-09  4.45850000e-09  2.50000000e+00  1.37579934e-06 -2.50999778e-12 
 4.45950000e-09  4.45950000e-09  2.50000000e+00  1.26735345e-06 -2.50999789e-12 
 4.46050000e-09  4.46050000e-09  2.50000000e+00  1.16746425e-06 -2.50999799e-12 
 4.46150000e-09  4.46150000e-09  2.50000000e+00  1.07545660e-06 -2.50999808e-12 
 4.46250000e-09  4.46250000e-09  2.50000000e+00  9.90708624e-07 -2.50999816e-12 
 4.46350000e-09  4.46350000e-09  2.50000000e+00  9.12647514e-07 -2.50999824e-12 
 4.46450000e-09  4.46450000e-09  2.50000000e+00  8.40745654e-07 -2.50999831e-12 
 4.46550000e-09  4.46550000e-09  2.50000000e+00  7.74517062e-07 -2.50999838e-12 
 4.46650000e-09  4.46650000e-09  2.50000000e+00  7.13514101e-07 -2.50999844e-12 
 4.46750000e-09  4.46750000e-09  2.50000000e+00  6.57324453e-07 -2.50999850e-12 
 4.46850000e-09  4.46850000e-09  2.50000000e+00  6.05568333e-07 -2.50999855e-12 
 4.46950000e-09  4.46950000e-09  2.50000000e+00  5.57895924e-07 -2.50999860e-12 
 4.47050000e-09  4.47050000e-09  2.50000000e+00  5.13985009e-07 -2.50999864e-12 
 4.47150000e-09  4.47150000e-09  2.50000000e+00  4.73538794e-07 -2.50999868e-12 
 4.47250000e-09  4.47250000e-09  2.50000000e+00  4.36283905e-07 -2.50999872e-12 
 4.47350000e-09  4.47350000e-09  2.50000000e+00  4.01968536e-07 -2.50999875e-12 
 4.47450000e-09  4.47450000e-09  2.50000000e+00  3.70360751e-07 -2.50999878e-12 
 4.47550000e-09  4.47550000e-09  2.50000000e+00  3.41246914e-07 -2.50999881e-12 
 4.47650000e-09  4.47650000e-09  2.50000000e+00  3.14430245e-07 -2.50999884e-12 
 4.47750000e-09  4.47750000e-09  2.50000000e+00  2.89729490e-07 -2.50999886e-12 
 4.47850000e-09  4.47850000e-09  2.50000000e+00  2.66977697e-07 -2.50999889e-12 
 4.47950000e-09  4.47950000e-09  2.50000000e+00  2.46021088e-07 -2.50999891e-12 
 4.48050000e-09  4.48050000e-09  2.50000000e+00  2.26718018e-07 -2.50999893e-12 
 4.48150000e-09  4.48150000e-09  2.50000000e+00  2.08938017e-07 -2.50999894e-12 
 4.48250000e-09  4.48250000e-09  2.50000000e+00  1.92560910e-07 -2.50999896e-12 
 4.48350000e-09  4.48350000e-09  2.50000000e+00  1.77476006e-07 -2.50999898e-12 
 4.48450000e-09  4.48450000e-09  2.50000000e+00  1.63581345e-07 -2.50999899e-12 
 4.48550000e-09  4.48550000e-09  2.50000000e+00  1.50783013e-07 -2.50999900e-12 
 4.48650000e-09  4.48650000e-09  2.50000000e+00  1.38994509e-07 -2.50999901e-12 
 4.48750000e-09  4.48750000e-09  2.50000000e+00  1.28136152e-07 -2.50999902e-12 
 4.48850000e-09  4.48850000e-09  2.50000000e+00  1.18134551e-07 -2.50999903e-12 
 4.48950000e-09  4.48950000e-09  2.50000000e+00  1.08922107e-07 -2.50999904e-12 
 4.49050000e-09  4.49050000e-09  2.50000000e+00  1.00436551e-07 -2.50999905e-12 
 4.49150000e-09  4.49150000e-09  2.50000000e+00  9.26205310e-08 -2.50999906e-12 
 4.49250000e-09  4.49250000e-09  2.50000000e+00  8.54212181e-08 -2.50999907e-12 
 4.49350000e-09  4.49350000e-09  2.50000000e+00  7.87899523e-08 -2.50999907e-12 
 4.49450000e-09  4.49450000e-09  2.50000000e+00  7.26819129e-08 -2.50999908e-12 
 4.49550000e-09  4.49550000e-09  2.50000000e+00  6.70558160e-08 -2.50999909e-12 
 4.49650000e-09  4.49650000e-09  2.50000000e+00  6.18736348e-08 -2.50999909e-12 
 4.49750000e-09  4.49750000e-09  2.50000000e+00  5.71003430e-08 -2.50999910e-12 
 4.49850000e-09  4.49850000e-09  2.50000000e+00  5.27036780e-08 -2.50999910e-12 
 4.49950000e-09  4.49950000e-09  2.50000000e+00  4.86539228e-08 -2.50999910e-12 
 4.50050000e-09  4.50050000e-09  2.50000000e+00  4.49237053e-08 -2.50999911e-12 
 4.50150000e-09  4.50150000e-09  2.50000000e+00  4.14878131e-08 -2.50999911e-12 
 4.50250000e-09  4.50250000e-09  2.50000000e+00  3.83230230e-08 -2.50999911e-12 
 4.50350000e-09  4.50350000e-09  2.50000000e+00  3.54079442e-08 -2.50999912e-12 
 4.50450000e-09  4.50450000e-09  2.50000000e+00  3.27228737e-08 -2.50999912e-12 
 4.50550000e-09  4.50550000e-09  2.50000000e+00  3.02496632e-08 -2.50999912e-12 
 4.50650000e-09  4.50650000e-09  2.50000000e+00  2.79715963e-08 -2.50999912e-12 
 4.50750000e-09  4.50750000e-09  2.50000000e+00  2.58732756e-08 -2.50999913e-12 
 4.50850000e-09  4.50850000e-09  2.50000000e+00  2.39405186e-08 -2.50999913e-12 
 4.50950000e-09  4.50950000e-09  2.50000000e+00  2.21602619e-08 -2.50999913e-12 
 4.51050000e-09  4.51050000e-09  2.50000000e+00  2.05204729e-08 -2.50999913e-12 
 4.51150000e-09  4.51150000e-09  2.50000000e+00  1.90100679e-08 -2.50999913e-12 
 4.51250000e-09  4.51250000e-09  2.50000000e+00  1.76188384e-08 -2.50999914e-12 
 4.51350000e-09  4.51350000e-09  2.50000000e+00  1.63373810e-08 -2.50999914e-12 
 4.51450000e-09  4.51450000e-09  2.50000000e+00  1.51570344e-08 -2.50999914e-12 
 4.51550000e-09  4.51550000e-09  2.50000000e+00  1.40698206e-08 -2.50999914e-12 
 4.51650000e-09  4.51650000e-09  2.50000000e+00  1.30683912e-08 -2.50999914e-12 
 4.51750000e-09  4.51750000e-09  2.50000000e+00  1.21459776e-08 -2.50999914e-12 
 4.51850000e-09  4.51850000e-09  2.50000000e+00  1.12963451e-08 -2.50999914e-12 
 4.51950000e-09  4.51950000e-09  2.50000000e+00  1.05137511e-08 -2.50999914e-12 
 4.52050000e-09  4.52050000e-09  2.50000000e+00  9.79290605e-09 -2.50999914e-12 
 4.52150000e-09  4.52150000e-09  2.50000000e+00  9.12893784e-09 -2.50999914e-12 
 4.52250000e-09  4.52250000e-09  2.50000000e+00  8.51735878e-09 -2.50999914e-12 
 4.52350000e-09  4.52350000e-09  2.50000000e+00  7.95403512e-09 -2.50999915e-12 
 4.52450000e-09  4.52450000e-09  2.50000000e+00  7.43515937e-09 -2.50999915e-12 
 4.52550000e-09  4.52550000e-09  2.50000000e+00  6.95722437e-09 -2.50999915e-12 
 4.52650000e-09  4.52650000e-09  2.50000000e+00  6.51699994e-09 -2.50999915e-12 
 4.52750000e-09  4.52750000e-09  2.50000000e+00  6.11151047e-09 -2.50999915e-12 
 4.52850000e-09  4.52850000e-09  2.50000000e+00  5.73801530e-09 -2.50999915e-12 
 4.52950000e-09  4.52950000e-09  2.50000000e+00  5.39398999e-09 -2.50999915e-12 
 4.53050000e-09  4.53050000e-09  2.50000000e+00  5.07710942e-09 -2.50999915e-12 
 4.53150000e-09  4.53150000e-09  2.50000000e+00  4.78523168e-09 -2.50999915e-12 
 4.53250000e-09  4.53250000e-09  2.50000000e+00  4.51638394e-09 -2.50999915e-12 
 4.53350000e-09  4.53350000e-09  2.50000000e+00  4.26874913e-09 -2.50999915e-12 
 4.53450000e-09  4.53450000e-09  2.50000000e+00  4.04065332e-09 -2.50999915e-12 
 4.53550000e-09  4.53550000e-09  2.50000000e+00  3.83055491e-09 -2.50999915e-12 
 4.53650000e-09  4.53650000e-09  2.50000000e+00  3.63703397e-09 -2.50999915e-12 
 4.53750000e-09  4.53750000e-09  2.50000000e+00  3.45878236e-09 -2.50999915e-12 
 4.53850000e-09  4.53850000e-09  2.50000000e+00  3.29459528e-09 -2.50999915e-12 
 4.53950000e-09  4.53950000e-09  2.50000000e+00  3.14336307e-09 -2.50999915e-12 
 4.54050000e-09  4.54050000e-09  2.50000000e+00  3.00406356e-09 -2.50999915e-12 
 4.54150000e-09  4.54150000e-09  2.50000000e+00  2.87575525e-09 -2.50999915e-12 
 4.54250000e-09  4.54250000e-09  2.50000000e+00  2.75757076e-09 -2.50999915e-12 
 4.54350000e-09  4.54350000e-09  2.50000000e+00  2.64871132e-09 -2.50999915e-12 
 4.54450000e-09  4.54450000e-09  2.50000000e+00  2.54844131e-09 -2.50999915e-12 
 4.54550000e-09  4.54550000e-09  2.50000000e+00  2.45608301e-09 -2.50999915e-12 
 4.54650000e-09  4.54650000e-09  2.50000000e+00  2.37101196e-09 -2.50999915e-12 
 4.54750000e-09  4.54750000e-09  2.50000000e+00  2.29265323e-09 -2.50999915e-12 
 4.54850000e-09  4.54850000e-09  2.50000000e+00  2.22047727e-09 -2.50999915e-12 
 4.54950000e-09  4.54950000e-09  2.50000000e+00  2.15399616e-09 -2.50999915e-12 
 4.55050000e-09  4.55050000e-09  2.50000000e+00  2.09276065e-09 -2.50999915e-12 
 4.55150000e-09  4.55150000e-09  2.50000000e+00  2.03635682e-09 -2.50999915e-12 
 4.55250000e-09  4.55250000e-09  2.50000000e+00  1.98440333e-09 -2.50999915e-12 
 4.55350000e-09  4.55350000e-09  2.50000000e+00  1.93654918e-09 -2.50999915e-12 
 4.55450000e-09  4.55450000e-09  2.50000000e+00  1.89247088e-09 -2.50999915e-12 
 4.55550000e-09  4.55550000e-09  2.50000000e+00  1.85187047e-09 -2.50999915e-12 
 4.55650000e-09  4.55650000e-09  2.50000000e+00  1.81447358e-09 -2.50999915e-12 
 4.55750000e-09  4.55750000e-09  2.50000000e+00  1.78002731e-09 -2.50999915e-12 
 4.55850000e-09  4.55850000e-09  2.50000000e+00  1.74829900e-09 -2.50999915e-12 
 4.55950000e-09  4.55950000e-09  2.50000000e+00  1.71907413e-09 -2.50999915e-12 
 4.56050000e-09  4.56050000e-09  2.50000000e+00  1.69215523e-09 -2.50999915e-12 
 4.56150000e-09  4.56150000e-09  2.50000000e+00  1.66736027e-09 -2.50999915e-12 
 4.56250000e-09  4.56250000e-09  2.50000000e+00  1.64452173e-09 -2.50999915e-12 
 4.56350000e-09  4.56350000e-09  2.50000000e+00  1.62348526e-09 -2.50999915e-12 
 4.56450000e-09  4.56450000e-09  2.50000000e+00  1.60410864e-09 -2.50999915e-12 
 4.56550000e-09  4.56550000e-09  2.50000000e+00  1.58626092e-09 -2.50999915e-12 
 4.56650000e-09  4.56650000e-09  2.50000000e+00  1.56982141e-09 -2.50999915e-12 
 4.56750000e-09  4.56750000e-09  2.50000000e+00  1.55467899e-09 -2.50999915e-12 
 4.56850000e-09  4.56850000e-09  2.50000000e+00  1.54073134e-09 -2.50999915e-12 
 4.56950000e-09  4.56950000e-09  2.50000000e+00  1.52788430e-09 -2.50999915e-12 
 4.57050000e-09  4.57050000e-09  2.50000000e+00  1.51605089e-09 -2.50999915e-12 
 4.57150000e-09  4.57150000e-09  2.50000000e+00  1.50515114e-09 -2.50999915e-12 
 4.57250000e-09  4.57250000e-09  2.50000000e+00  1.49511143e-09 -2.50999915e-12 
 4.57350000e-09  4.57350000e-09  2.50000000e+00  1.48586393e-09 -2.50999915e-12 
 4.57450000e-09  4.57450000e-09  2.50000000e+00  1.47734607e-09 -2.50999915e-12 
 4.57550000e-09  4.57550000e-09  2.50000000e+00  1.46950030e-09 -2.50999915e-12 
 4.57650000e-09  4.57650000e-09  2.50000000e+00  1.46227357e-09 -2.50999915e-12 
 4.57750000e-09  4.57750000e-09  2.50000000e+00  1.45561697e-09 -2.50999915e-12 
 4.57850000e-09  4.57850000e-09  2.50000000e+00  1.44948567e-09 -2.50999915e-12 
 4.57950000e-09  4.57950000e-09  2.50000000e+00  1.44383823e-09 -2.50999915e-12 
 4.58050000e-09  4.58050000e-09  2.50000000e+00  1.43863625e-09 -2.50999915e-12 
 4.58150000e-09  4.58150000e-09  2.50000000e+00  1.43384466e-09 -2.50999915e-12 
 4.58250000e-09  4.58250000e-09  2.50000000e+00  1.42943121e-09 -2.50999915e-12 
 4.58350000e-09  4.58350000e-09  2.50000000e+00  1.42536602e-09 -2.50999915e-12 
 4.58450000e-09  4.58450000e-09  2.50000000e+00  1.42162158e-09 -2.50999915e-12 
 4.58550000e-09  4.58550000e-09  2.50000000e+00  1.41817258e-09 -2.50999915e-12 
 4.58650000e-09  4.58650000e-09  2.50000000e+00  1.41499578e-09 -2.50999915e-12 
 4.58750000e-09  4.58750000e-09  2.50000000e+00  1.41206953e-09 -2.50999915e-12 
 4.58850000e-09  4.58850000e-09  2.50000000e+00  1.40937419e-09 -2.50999915e-12 
 4.58950000e-09  4.58950000e-09  2.50000000e+00  1.40689153e-09 -2.50999915e-12 
 4.59050000e-09  4.59050000e-09  2.50000000e+00  1.40460476e-09 -2.50999915e-12 
 4.59150000e-09  4.59150000e-09  2.50000000e+00  1.40249848e-09 -2.50999915e-12 
 4.59250000e-09  4.59250000e-09  2.50000000e+00  1.40055837e-09 -2.50999915e-12 
 4.59350000e-09  4.59350000e-09  2.50000000e+00  1.39877124e-09 -2.50999915e-12 
 4.59450000e-09  4.59450000e-09  2.50000000e+00  1.39712515e-09 -2.50999915e-12 
 4.59550000e-09  4.59550000e-09  2.50000000e+00  1.39560901e-09 -2.50999915e-12 
 4.59650000e-09  4.59650000e-09  2.50000000e+00  1.39421243e-09 -2.50999915e-12 
 4.59750000e-09  4.59750000e-09  2.50000000e+00  1.39292599e-09 -2.50999915e-12 
 4.59850000e-09  4.59850000e-09  2.50000000e+00  1.39174108e-09 -2.50999915e-12 
 4.59950000e-09  4.59950000e-09  2.50000000e+00  1.39064971e-09 -2.50999915e-12 
 4.60050000e-09  4.60050000e-09  2.50000000e+00  1.38964445e-09 -2.50999915e-12 
 4.60150000e-09  4.60150000e-09  2.50000000e+00  1.38871846e-09 -2.50999915e-12 
 4.60250000e-09  4.60250000e-09  2.50000000e+00  1.38786559e-09 -2.50999915e-12 
 4.60350000e-09  4.60350000e-09  2.50000000e+00  1.38707996e-09 -2.50999915e-12 
 4.60450000e-09  4.60450000e-09  2.50000000e+00  1.38635633e-09 -2.50999915e-12 
 4.60550000e-09  4.60550000e-09  2.50000000e+00  1.38568983e-09 -2.50999915e-12 
 4.60650000e-09  4.60650000e-09  2.50000000e+00  1.38507594e-09 -2.50999915e-12 
 4.60750000e-09  4.60750000e-09  2.50000000e+00  1.38451051e-09 -2.50999915e-12 
 4.60850000e-09  4.60850000e-09  2.50000000e+00  1.38398972e-09 -2.50999915e-12 
 4.60950000e-09  4.60950000e-09  2.50000000e+00  1.38351003e-09 -2.50999915e-12 
 4.61050000e-09  4.61050000e-09  2.50000000e+00  1.38306820e-09 -2.50999915e-12 
 4.61150000e-09  4.61150000e-09  2.50000000e+00  1.38266125e-09 -2.50999915e-12 
 4.61250000e-09  4.61250000e-09  2.50000000e+00  1.38228626e-09 -2.50999915e-12 
 4.61350000e-09  4.61350000e-09  2.50000000e+00  1.38194084e-09 -2.50999915e-12 
 4.61450000e-09  4.61450000e-09  2.50000000e+00  1.38162270e-09 -2.50999915e-12 
 4.61550000e-09  4.61550000e-09  2.50000000e+00  1.38132977e-09 -2.50999915e-12 
 4.61650000e-09  4.61650000e-09  2.50000000e+00  1.38105994e-09 -2.50999915e-12 
 4.61750000e-09  4.61750000e-09  2.50000000e+00  1.38081138e-09 -2.50999915e-12 
 4.61850000e-09  4.61850000e-09  2.50000000e+00  1.38058243e-09 -2.50999915e-12 
 4.61950000e-09  4.61950000e-09  2.50000000e+00  1.38037155e-09 -2.50999915e-12 
 4.62050000e-09  4.62050000e-09  2.50000000e+00  1.38017727e-09 -2.50999915e-12 
 4.62150000e-09  4.62150000e-09  2.50000000e+00  1.37999836e-09 -2.50999915e-12 
 4.62250000e-09  4.62250000e-09  2.50000000e+00  1.37983354e-09 -2.50999915e-12 
 4.62350000e-09  4.62350000e-09  2.50000000e+00  1.37968172e-09 -2.50999915e-12 
 4.62450000e-09  4.62450000e-09  2.50000000e+00  1.37954189e-09 -2.50999915e-12 
 4.62550000e-09  4.62550000e-09  2.50000000e+00  1.37941306e-09 -2.50999915e-12 
 4.62650000e-09  4.62650000e-09  2.50000000e+00  1.37929438e-09 -2.50999915e-12 
 4.62750000e-09  4.62750000e-09  2.50000000e+00  1.37918512e-09 -2.50999915e-12 
 4.62850000e-09  4.62850000e-09  2.50000000e+00  1.37908448e-09 -2.50999915e-12 
 4.62950000e-09  4.62950000e-09  2.50000000e+00  1.37899171e-09 -2.50999915e-12 
 4.63050000e-09  4.63050000e-09  2.50000000e+00  1.37890628e-09 -2.50999915e-12 
 4.63150000e-09  4.63150000e-09  2.50000000e+00  1.37882765e-09 -2.50999915e-12 
 4.63250000e-09  4.63250000e-09  2.50000000e+00  1.37875517e-09 -2.50999915e-12 
 4.63350000e-09  4.63350000e-09  2.50000000e+00  1.37868845e-09 -2.50999915e-12 
 4.63450000e-09  4.63450000e-09  2.50000000e+00  1.37862702e-09 -2.50999915e-12 
 4.63550000e-09  4.63550000e-09  2.50000000e+00  1.37857041e-09 -2.50999915e-12 
 4.63650000e-09  4.63650000e-09  2.50000000e+00  1.37851822e-09 -2.50999915e-12 
 4.63750000e-09  4.63750000e-09  2.50000000e+00  1.37847021e-09 -2.50999915e-12 
 4.63850000e-09  4.63850000e-09  2.50000000e+00  1.37842602e-09 -2.50999915e-12 
 4.63950000e-09  4.63950000e-09  2.50000000e+00  1.37838519e-09 -2.50999915e-12 
 4.64050000e-09  4.64050000e-09  2.50000000e+00  1.37834762e-09 -2.50999915e-12 
 4.64150000e-09  4.64150000e-09  2.50000000e+00  1.37831305e-09 -2.50999915e-12 
 4.64250000e-09  4.64250000e-09  2.50000000e+00  1.37828115e-09 -2.50999915e-12 
 4.64350000e-09  4.64350000e-09  2.50000000e+00  1.37825174e-09 -2.50999915e-12 
 4.64450000e-09  4.64450000e-09  2.50000000e+00  1.37822472e-09 -2.50999915e-12 
 4.64550000e-09  4.64550000e-09  2.50000000e+00  1.37819985e-09 -2.50999915e-12 
 4.64650000e-09  4.64650000e-09  2.50000000e+00  1.37817694e-09 -2.50999915e-12 
 4.64750000e-09  4.64750000e-09  2.50000000e+00  1.37815590e-09 -2.50999915e-12 
 4.64850000e-09  4.64850000e-09  2.50000000e+00  1.37813644e-09 -2.50999915e-12 
 4.64950000e-09  4.64950000e-09  2.50000000e+00  1.37811844e-09 -2.50999915e-12 
 4.65050000e-09  4.65050000e-09  2.50000000e+00  1.37810191e-09 -2.50999915e-12 
 4.65150000e-09  4.65150000e-09  2.50000000e+00  1.37808665e-09 -2.50999915e-12 
 4.65250000e-09  4.65250000e-09  2.50000000e+00  1.37807260e-09 -2.50999915e-12 
 4.65350000e-09  4.65350000e-09  2.50000000e+00  1.37805972e-09 -2.50999915e-12 
 4.65450000e-09  4.65450000e-09  2.50000000e+00  1.37804788e-09 -2.50999915e-12 
 4.65550000e-09  4.65550000e-09  2.50000000e+00  1.37803699e-09 -2.50999915e-12 
 4.65650000e-09  4.65650000e-09  2.50000000e+00  1.37802684e-09 -2.50999915e-12 
 4.65750000e-09  4.65750000e-09  2.50000000e+00  1.37801764e-09 -2.50999915e-12 
 4.65850000e-09  4.65850000e-09  2.50000000e+00  1.37800919e-09 -2.50999915e-12 
 4.65950000e-09  4.65950000e-09  2.50000000e+00  1.37800137e-09 -2.50999915e-12 
 4.66050000e-09  4.66050000e-09  2.50000000e+00  1.37799412e-09 -2.50999915e-12 
 4.66150000e-09  4.66150000e-09  2.50000000e+00  1.37798743e-09 -2.50999915e-12 
 4.66250000e-09  4.66250000e-09  2.50000000e+00  1.37798131e-09 -2.50999915e-12 
 4.66350000e-09  4.66350000e-09  2.50000000e+00  1.37797571e-09 -2.50999915e-12 
 4.66450000e-09  4.66450000e-09  2.50000000e+00  1.37797041e-09 -2.50999915e-12 
 4.66550000e-09  4.66550000e-09  2.50000000e+00  1.37796557e-09 -2.50999915e-12 
 4.66650000e-09  4.66650000e-09  2.50000000e+00  1.37796113e-09 -2.50999915e-12 
 4.66750000e-09  4.66750000e-09  2.50000000e+00  1.37795708e-09 -2.50999915e-12 
 4.66850000e-09  4.66850000e-09  2.50000000e+00  1.37795324e-09 -2.50999915e-12 
 4.66950000e-09  4.66950000e-09  2.50000000e+00  1.37794971e-09 -2.50999915e-12 
 4.67050000e-09  4.67050000e-09  2.50000000e+00  1.37794648e-09 -2.50999915e-12 
 4.67150000e-09  4.67150000e-09  2.50000000e+00  1.37794351e-09 -2.50999915e-12 
 4.67250000e-09  4.67250000e-09  2.50000000e+00  1.37794081e-09 -2.50999915e-12 
 4.67350000e-09  4.67350000e-09  2.50000000e+00  1.37793833e-09 -2.50999915e-12 
 4.67450000e-09  4.67450000e-09  2.50000000e+00  1.37793592e-09 -2.50999915e-12 
 4.67550000e-09  4.67550000e-09  2.50000000e+00  1.37793378e-09 -2.50999915e-12 
 4.67650000e-09  4.67650000e-09  2.50000000e+00  1.37793187e-09 -2.50999915e-12 
 4.67750000e-09  4.67750000e-09  2.50000000e+00  1.37793021e-09 -2.50999915e-12 
 4.67850000e-09  4.67850000e-09  2.50000000e+00  1.37792864e-09 -2.50999915e-12 
 4.67950000e-09  4.67950000e-09  2.50000000e+00  1.37792713e-09 -2.50999915e-12 
 4.68050000e-09  4.68050000e-09  2.50000000e+00  1.37792578e-09 -2.50999915e-12 
 4.68150000e-09  4.68150000e-09  2.50000000e+00  1.37792458e-09 -2.50999915e-12 
 4.68250000e-09  4.68250000e-09  2.50000000e+00  1.37792345e-09 -2.50999915e-12 
 4.68350000e-09  4.68350000e-09  2.50000000e+00  1.37792236e-09 -2.50999915e-12 
 4.68450000e-09  4.68450000e-09  2.50000000e+00  1.37792127e-09 -2.50999915e-12 
 4.68550000e-09  4.68550000e-09  2.50000000e+00  1.37792033e-09 -2.50999915e-12 
 4.68650000e-09  4.68650000e-09  2.50000000e+00  1.37791954e-09 -2.50999915e-12 
 4.68750000e-09  4.68750000e-09  2.50000000e+00  1.37791883e-09 -2.50999915e-12 
 4.68850000e-09  4.68850000e-09  2.50000000e+00  1.37791812e-09 -2.50999915e-12 
 4.68950000e-09  4.68950000e-09  2.50000000e+00  1.37791752e-09 -2.50999915e-12 
 4.69050000e-09  4.69050000e-09  2.50000000e+00  1.37791688e-09 -2.50999915e-12 
 4.69150000e-09  4.69150000e-09  2.50000000e+00  1.37791624e-09 -2.50999915e-12 
 4.69250000e-09  4.69250000e-09  2.50000000e+00  1.37791571e-09 -2.50999915e-12 
 4.69350000e-09  4.69350000e-09  2.50000000e+00  1.37791522e-09 -2.50999915e-12 
 4.69450000e-09  4.69450000e-09  2.50000000e+00  1.37791477e-09 -2.50999915e-12 
 4.69550000e-09  4.69550000e-09  2.50000000e+00  1.37791432e-09 -2.50999915e-12 
 4.69650000e-09  4.69650000e-09  2.50000000e+00  1.37791398e-09 -2.50999915e-12 
 4.69750000e-09  4.69750000e-09  2.50000000e+00  1.37791368e-09 -2.50999915e-12 
 4.69850000e-09  4.69850000e-09  2.50000000e+00  1.37791338e-09 -2.50999915e-12 
 4.69950000e-09  4.69950000e-09  2.50000000e+00  1.37791308e-09 -2.50999915e-12 
 4.70050000e-09  4.70050000e-09  2.50000000e+00  1.37791282e-09 -2.50999915e-12 
 4.70150000e-09  4.70150000e-09  2.50000000e+00  1.37791259e-09 -2.50999915e-12 
 4.70250000e-09  4.70250000e-09  2.50000000e+00  1.37791233e-09 -2.50999915e-12 
 4.70350000e-09  4.70350000e-09  2.50000000e+00  1.37791218e-09 -2.50999915e-12 
 4.70450000e-09  4.70450000e-09  2.50000000e+00  1.37791195e-09 -2.50999915e-12 
 4.70550000e-09  4.70550000e-09  2.50000000e+00  1.37791173e-09 -2.50999915e-12 
 4.70650000e-09  4.70650000e-09  2.50000000e+00  1.37791154e-09 -2.50999915e-12 
 4.70750000e-09  4.70750000e-09  2.50000000e+00  1.37791139e-09 -2.50999915e-12 
 4.70850000e-09  4.70850000e-09  2.50000000e+00  1.37791124e-09 -2.50999915e-12 
 4.70950000e-09  4.70950000e-09  2.50000000e+00  1.37791102e-09 -2.50999915e-12 
 4.71050000e-09  4.71050000e-09  2.50000000e+00  1.37791079e-09 -2.50999915e-12 
 4.71150000e-09  4.71150000e-09  2.50000000e+00  1.37791064e-09 -2.50999915e-12 
 4.71250000e-09  4.71250000e-09  2.50000000e+00  1.37791060e-09 -2.50999915e-12 
 4.71350000e-09  4.71350000e-09  2.50000000e+00  1.37791060e-09 -2.50999915e-12 
 4.71450000e-09  4.71450000e-09  2.50000000e+00  1.37791060e-09 -2.50999915e-12 
 4.71550000e-09  4.71550000e-09  2.50000000e+00  1.37791060e-09 -2.50999915e-12 
 4.71650000e-09  4.71650000e-09  2.50000000e+00  1.37791060e-09 -2.50999915e-12 
 4.71750000e-09  4.71750000e-09  2.50000000e+00  1.37791060e-09 -2.50999915e-12 
 4.71850000e-09  4.71850000e-09  2.50000000e+00  1.37791060e-09 -2.50999915e-12 
 4.71950000e-09  4.71950000e-09  2.50000000e+00  1.37791060e-09 -2.50999915e-12 
 4.72050000e-09  4.72050000e-09  2.50000000e+00  1.37791060e-09 -2.50999915e-12 
 4.72150000e-09  4.72150000e-09  2.50000000e+00  1.37791060e-09 -2.50999915e-12 
 4.72250000e-09  4.72250000e-09  2.50000000e+00  1.37791060e-09 -2.50999915e-12 
 4.72350000e-09  4.72350000e-09  2.50000000e+00  1.37791060e-09 -2.50999915e-12 
 4.72450000e-09  4.72450000e-09  2.50000000e+00  1.37791060e-09 -2.50999915e-12 
 4.72550000e-09  4.72550000e-09  2.50000000e+00  1.37791060e-09 -2.50999915e-12 
 4.72650000e-09  4.72650000e-09  2.50000000e+00  1.37791060e-09 -2.50999915e-12 
 4.72750000e-09  4.72750000e-09  2.50000000e+00  1.37791060e-09 -2.50999915e-12 
 4.72850000e-09  4.72850000e-09  2.50000000e+00  1.37791060e-09 -2.50999915e-12 
 4.72950000e-09  4.72950000e-09  2.50000000e+00  1.37791060e-09 -2.50999915e-12 
 4.73050000e-09  4.73050000e-09  2.50000000e+00  1.37791060e-09 -2.50999915e-12 
 4.73150000e-09  4.73150000e-09  2.50000000e+00  1.37791060e-09 -2.50999915e-12 
 4.73250000e-09  4.73250000e-09  2.50000000e+00  1.37791060e-09 -2.50999915e-12 
 4.73350000e-09  4.73350000e-09  2.50000000e+00  1.37791060e-09 -2.50999915e-12 
 4.73450000e-09  4.73450000e-09  2.50000000e+00  1.37791060e-09 -2.50999915e-12 
 4.73550000e-09  4.73550000e-09  2.50000000e+00  1.37791060e-09 -2.50999915e-12 
 4.73650000e-09  4.73650000e-09  2.50000000e+00  1.37791060e-09 -2.50999915e-12 
 4.73750000e-09  4.73750000e-09  2.50000000e+00  1.37791060e-09 -2.50999915e-12 
 4.73850000e-09  4.73850000e-09  2.50000000e+00  1.37791060e-09 -2.50999915e-12 
 4.73950000e-09  4.73950000e-09  2.50000000e+00  1.37791060e-09 -2.50999915e-12 
 4.74050000e-09  4.74050000e-09  2.50000000e+00  1.37791060e-09 -2.50999915e-12 
 4.74150000e-09  4.74150000e-09  2.50000000e+00  1.37791060e-09 -2.50999915e-12 
 4.74250000e-09  4.74250000e-09  2.50000000e+00  1.37791060e-09 -2.50999915e-12 
 4.74350000e-09  4.74350000e-09  2.50000000e+00  1.37791060e-09 -2.50999915e-12 
 4.74450000e-09  4.74450000e-09  2.50000000e+00  1.37791060e-09 -2.50999915e-12 
 4.74550000e-09  4.74550000e-09  2.50000000e+00  1.37791060e-09 -2.50999915e-12 
 4.74650000e-09  4.74650000e-09  2.50000000e+00  1.37791060e-09 -2.50999915e-12 
 4.74750000e-09  4.74750000e-09  2.50000000e+00  1.37791060e-09 -2.50999915e-12 
 4.74850000e-09  4.74850000e-09  2.50000000e+00  1.37791060e-09 -2.50999915e-12 
 4.74950000e-09  4.74950000e-09  2.50000000e+00  1.37791060e-09 -2.50999915e-12 
 4.75050000e-09  4.75050000e-09  2.50000000e+00  1.37791060e-09 -2.50999915e-12 
 4.75150000e-09  4.75150000e-09  2.50000000e+00  1.37791060e-09 -2.50999915e-12 
 4.75250000e-09  4.75250000e-09  2.50000000e+00  1.37791060e-09 -2.50999915e-12 
 4.75350000e-09  4.75350000e-09  2.50000000e+00  1.37791060e-09 -2.50999915e-12 
 4.75450000e-09  4.75450000e-09  2.50000000e+00  1.37791060e-09 -2.50999915e-12 
 4.75550000e-09  4.75550000e-09  2.50000000e+00  1.37791060e-09 -2.50999915e-12 
 4.75650000e-09  4.75650000e-09  2.50000000e+00  1.37791060e-09 -2.50999915e-12 
 4.75750000e-09  4.75750000e-09  2.50000000e+00  1.37791060e-09 -2.50999915e-12 
 4.75850000e-09  4.75850000e-09  2.50000000e+00  1.37791060e-09 -2.50999915e-12 
 4.75950000e-09  4.75950000e-09  2.50000000e+00  1.37791060e-09 -2.50999915e-12 
 4.76050000e-09  4.76050000e-09  2.50000000e+00  1.37791060e-09 -2.50999915e-12 
 4.76150000e-09  4.76150000e-09  2.50000000e+00  1.37791060e-09 -2.50999915e-12 
 4.76250000e-09  4.76250000e-09  2.50000000e+00  1.37791060e-09 -2.50999915e-12 
 4.76350000e-09  4.76350000e-09  2.50000000e+00  1.37791060e-09 -2.50999915e-12 
 4.76450000e-09  4.76450000e-09  2.50000000e+00  1.37791060e-09 -2.50999915e-12 
 4.76550000e-09  4.76550000e-09  2.50000000e+00  1.37791060e-09 -2.50999915e-12 
 4.76650000e-09  4.76650000e-09  2.50000000e+00  1.37791060e-09 -2.50999915e-12 
 4.76750000e-09  4.76750000e-09  2.50000000e+00  1.37791060e-09 -2.50999915e-12 
 4.76850000e-09  4.76850000e-09  2.50000000e+00  1.37791060e-09 -2.50999915e-12 
 4.76950000e-09  4.76950000e-09  2.50000000e+00  1.37791060e-09 -2.50999915e-12 
 4.77050000e-09  4.77050000e-09  2.50000000e+00  1.37791060e-09 -2.50999915e-12 
 4.77150000e-09  4.77150000e-09  2.50000000e+00  1.37791060e-09 -2.50999915e-12 
 4.77250000e-09  4.77250000e-09  2.50000000e+00  1.37791060e-09 -2.50999915e-12 
 4.77350000e-09  4.77350000e-09  2.50000000e+00  1.37791060e-09 -2.50999915e-12 
 4.77450000e-09  4.77450000e-09  2.50000000e+00  1.37791060e-09 -2.50999915e-12 
 4.77550000e-09  4.77550000e-09  2.50000000e+00  1.37791060e-09 -2.50999915e-12 
 4.77650000e-09  4.77650000e-09  2.50000000e+00  1.37791060e-09 -2.50999915e-12 
 4.77750000e-09  4.77750000e-09  2.50000000e+00  1.37791060e-09 -2.50999915e-12 
 4.77850000e-09  4.77850000e-09  2.50000000e+00  1.37791060e-09 -2.50999915e-12 
 4.77950000e-09  4.77950000e-09  2.50000000e+00  1.37791060e-09 -2.50999915e-12 
 4.78050000e-09  4.78050000e-09  2.50000000e+00  1.37791060e-09 -2.50999915e-12 
 4.78150000e-09  4.78150000e-09  2.50000000e+00  1.37791060e-09 -2.50999915e-12 
 4.78250000e-09  4.78250000e-09  2.50000000e+00  1.37791060e-09 -2.50999915e-12 
 4.78350000e-09  4.78350000e-09  2.50000000e+00  1.37791060e-09 -2.50999915e-12 
 4.78450000e-09  4.78450000e-09  2.50000000e+00  1.37791060e-09 -2.50999915e-12 
 4.78550000e-09  4.78550000e-09  2.50000000e+00  1.37791060e-09 -2.50999915e-12 
 4.78650000e-09  4.78650000e-09  2.50000000e+00  1.37791060e-09 -2.50999915e-12 
 4.78750000e-09  4.78750000e-09  2.50000000e+00  1.37791060e-09 -2.50999915e-12 
 4.78850000e-09  4.78850000e-09  2.50000000e+00  1.37791060e-09 -2.50999915e-12 
 4.78950000e-09  4.78950000e-09  2.50000000e+00  1.37791060e-09 -2.50999915e-12 
 4.79050000e-09  4.79050000e-09  2.50000000e+00  1.37791060e-09 -2.50999915e-12 
 4.79150000e-09  4.79150000e-09  2.50000000e+00  1.37791060e-09 -2.50999915e-12 
 4.79250000e-09  4.79250000e-09  2.50000000e+00  1.37791060e-09 -2.50999915e-12 
 4.79350000e-09  4.79350000e-09  2.50000000e+00  1.37791060e-09 -2.50999915e-12 
 4.79450000e-09  4.79450000e-09  2.50000000e+00  1.37791060e-09 -2.50999915e-12 
 4.79550000e-09  4.79550000e-09  2.50000000e+00  1.37791060e-09 -2.50999915e-12 
 4.79650000e-09  4.79650000e-09  2.50000000e+00  1.37791060e-09 -2.50999915e-12 
 4.79750000e-09  4.79750000e-09  2.50000000e+00  1.37791060e-09 -2.50999915e-12 
 4.79850000e-09  4.79850000e-09  2.50000000e+00  1.37791060e-09 -2.50999915e-12 
 4.79950000e-09  4.79950000e-09  2.50000000e+00  1.37791060e-09 -2.50999915e-12 
 4.80050000e-09  4.80050000e-09  2.50000000e+00  1.37791060e-09 -2.50999915e-12 
 4.80150000e-09  4.80150000e-09  2.50000000e+00  1.37791060e-09 -2.50999915e-12 
 4.80250000e-09  4.80250000e-09  2.50000000e+00  1.37791060e-09 -2.50999915e-12 
 4.80350000e-09  4.80350000e-09  2.50000000e+00  1.37791060e-09 -2.50999915e-12 
 4.80450000e-09  4.80450000e-09  2.50000000e+00  1.37791060e-09 -2.50999915e-12 
 4.80550000e-09  4.80550000e-09  2.50000000e+00  1.37791060e-09 -2.50999915e-12 
 4.80650000e-09  4.80650000e-09  2.50000000e+00  1.37791060e-09 -2.50999915e-12 
 4.80750000e-09  4.80750000e-09  2.50000000e+00  1.37791060e-09 -2.50999915e-12 
 4.80850000e-09  4.80850000e-09  2.50000000e+00  1.37791060e-09 -2.50999915e-12 
 4.80950000e-09  4.80950000e-09  2.50000000e+00  1.37791060e-09 -2.50999915e-12 
 4.81050000e-09  4.81050000e-09  2.50000000e+00  1.37791060e-09 -2.50999915e-12 
 4.81150000e-09  4.81150000e-09  2.50000000e+00  1.37791060e-09 -2.50999915e-12 
 4.81250000e-09  4.81250000e-09  2.50000000e+00  1.37791060e-09 -2.50999915e-12 
 4.81350000e-09  4.81350000e-09  2.50000000e+00  1.37791060e-09 -2.50999915e-12 
 4.81450000e-09  4.81450000e-09  2.50000000e+00  1.37791060e-09 -2.50999915e-12 
 4.81550000e-09  4.81550000e-09  2.50000000e+00  1.37791060e-09 -2.50999915e-12 
 4.81650000e-09  4.81650000e-09  2.50000000e+00  1.37791060e-09 -2.50999915e-12 
 4.81750000e-09  4.81750000e-09  2.50000000e+00  1.37791060e-09 -2.50999915e-12 
 4.81850000e-09  4.81850000e-09  2.50000000e+00  1.37791060e-09 -2.50999915e-12 
 4.81950000e-09  4.81950000e-09  2.50000000e+00  1.37791060e-09 -2.50999915e-12 
 4.82050000e-09  4.82050000e-09  2.50000000e+00  1.37791060e-09 -2.50999915e-12 
 4.82150000e-09  4.82150000e-09  2.50000000e+00  1.37791060e-09 -2.50999915e-12 
 4.82250000e-09  4.82250000e-09  2.50000000e+00  1.37791060e-09 -2.50999915e-12 
 4.82350000e-09  4.82350000e-09  2.50000000e+00  1.37791060e-09 -2.50999915e-12 
 4.82450000e-09  4.82450000e-09  2.50000000e+00  1.37791060e-09 -2.50999915e-12 
 4.82550000e-09  4.82550000e-09  2.50000000e+00  1.37791060e-09 -2.50999915e-12 
 4.82650000e-09  4.82650000e-09  2.50000000e+00  1.37791060e-09 -2.50999915e-12 
 4.82750000e-09  4.82750000e-09  2.50000000e+00  1.37791060e-09 -2.50999915e-12 
 4.82850000e-09  4.82850000e-09  2.50000000e+00  1.37791060e-09 -2.50999915e-12 
 4.82950000e-09  4.82950000e-09  2.50000000e+00  1.37791060e-09 -2.50999915e-12 
 4.83050000e-09  4.83050000e-09  2.50000000e+00  1.37791060e-09 -2.50999915e-12 
 4.83150000e-09  4.83150000e-09  2.50000000e+00  1.37791060e-09 -2.50999915e-12 
 4.83250000e-09  4.83250000e-09  2.50000000e+00  1.37791060e-09 -2.50999915e-12 
 4.83350000e-09  4.83350000e-09  2.50000000e+00  1.37791060e-09 -2.50999915e-12 
 4.83450000e-09  4.83450000e-09  2.50000000e+00  1.37791060e-09 -2.50999915e-12 
 4.83550000e-09  4.83550000e-09  2.50000000e+00  1.37791060e-09 -2.50999915e-12 
 4.83650000e-09  4.83650000e-09  2.50000000e+00  1.37791060e-09 -2.50999915e-12 
 4.83750000e-09  4.83750000e-09  2.50000000e+00  1.37791060e-09 -2.50999915e-12 
 4.83850000e-09  4.83850000e-09  2.50000000e+00  1.37791060e-09 -2.50999915e-12 
 4.83950000e-09  4.83950000e-09  2.50000000e+00  1.37791060e-09 -2.50999915e-12 
 4.84050000e-09  4.84050000e-09  2.50000000e+00  1.37791060e-09 -2.50999915e-12 
 4.84150000e-09  4.84150000e-09  2.50000000e+00  1.37791060e-09 -2.50999915e-12 
 4.84250000e-09  4.84250000e-09  2.50000000e+00  1.37791060e-09 -2.50999915e-12 
 4.84350000e-09  4.84350000e-09  2.50000000e+00  1.37791060e-09 -2.50999915e-12 
 4.84450000e-09  4.84450000e-09  2.50000000e+00  1.37791060e-09 -2.50999915e-12 
 4.84550000e-09  4.84550000e-09  2.50000000e+00  1.37791060e-09 -2.50999915e-12 
 4.84650000e-09  4.84650000e-09  2.50000000e+00  1.37791060e-09 -2.50999915e-12 
 4.84750000e-09  4.84750000e-09  2.50000000e+00  1.37791060e-09 -2.50999915e-12 
 4.84850000e-09  4.84850000e-09  2.50000000e+00  1.37791060e-09 -2.50999915e-12 
 4.84950000e-09  4.84950000e-09  2.50000000e+00  1.37791060e-09 -2.50999915e-12 
 4.85050000e-09  4.85050000e-09  2.50000000e+00  1.37791060e-09 -2.50999915e-12 
 4.85150000e-09  4.85150000e-09  2.50000000e+00  1.37791060e-09 -2.50999915e-12 
 4.85250000e-09  4.85250000e-09  2.50000000e+00  1.37791060e-09 -2.50999915e-12 
 4.85350000e-09  4.85350000e-09  2.50000000e+00  1.37791060e-09 -2.50999915e-12 
 4.85450000e-09  4.85450000e-09  2.50000000e+00  1.37791060e-09 -2.50999915e-12 
 4.85550000e-09  4.85550000e-09  2.50000000e+00  1.37791060e-09 -2.50999915e-12 
 4.85650000e-09  4.85650000e-09  2.50000000e+00  1.37791060e-09 -2.50999915e-12 
 4.85750000e-09  4.85750000e-09  2.50000000e+00  1.37791060e-09 -2.50999915e-12 
 4.85850000e-09  4.85850000e-09  2.50000000e+00  1.37791060e-09 -2.50999915e-12 
 4.85950000e-09  4.85950000e-09  2.50000000e+00  1.37791060e-09 -2.50999915e-12 
 4.86050000e-09  4.86050000e-09  2.50000000e+00  1.37791060e-09 -2.50999915e-12 
 4.86150000e-09  4.86150000e-09  2.50000000e+00  1.37791060e-09 -2.50999915e-12 
 4.86250000e-09  4.86250000e-09  2.50000000e+00  1.37791060e-09 -2.50999915e-12 
 4.86350000e-09  4.86350000e-09  2.50000000e+00  1.37791060e-09 -2.50999915e-12 
 4.86450000e-09  4.86450000e-09  2.50000000e+00  1.37791060e-09 -2.50999915e-12 
 4.86550000e-09  4.86550000e-09  2.50000000e+00  1.37791060e-09 -2.50999915e-12 
 4.86650000e-09  4.86650000e-09  2.50000000e+00  1.37791060e-09 -2.50999915e-12 
 4.86750000e-09  4.86750000e-09  2.50000000e+00  1.37791060e-09 -2.50999915e-12 
 4.86850000e-09  4.86850000e-09  2.50000000e+00  1.37791060e-09 -2.50999915e-12 
 4.86950000e-09  4.86950000e-09  2.50000000e+00  1.37791060e-09 -2.50999915e-12 
 4.87050000e-09  4.87050000e-09  2.50000000e+00  1.37791060e-09 -2.50999915e-12 
 4.87150000e-09  4.87150000e-09  2.50000000e+00  1.37791060e-09 -2.50999915e-12 
 4.87250000e-09  4.87250000e-09  2.50000000e+00  1.37791060e-09 -2.50999915e-12 
 4.87350000e-09  4.87350000e-09  2.50000000e+00  1.37791060e-09 -2.50999915e-12 
 4.87450000e-09  4.87450000e-09  2.50000000e+00  1.37791060e-09 -2.50999915e-12 
 4.87550000e-09  4.87550000e-09  2.50000000e+00  1.37791060e-09 -2.50999915e-12 
 4.87650000e-09  4.87650000e-09  2.50000000e+00  1.37791060e-09 -2.50999915e-12 
 4.87750000e-09  4.87750000e-09  2.50000000e+00  1.37791060e-09 -2.50999915e-12 
 4.87850000e-09  4.87850000e-09  2.50000000e+00  1.37791060e-09 -2.50999915e-12 
 4.87950000e-09  4.87950000e-09  2.50000000e+00  1.37791060e-09 -2.50999915e-12 
 4.88050000e-09  4.88050000e-09  2.50000000e+00  1.37791060e-09 -2.50999915e-12 
 4.88150000e-09  4.88150000e-09  2.50000000e+00  1.37791060e-09 -2.50999915e-12 
 4.88250000e-09  4.88250000e-09  2.50000000e+00  1.37791060e-09 -2.50999915e-12 
 4.88350000e-09  4.88350000e-09  2.50000000e+00  1.37791060e-09 -2.50999915e-12 
 4.88450000e-09  4.88450000e-09  2.50000000e+00  1.37791060e-09 -2.50999915e-12 
 4.88550000e-09  4.88550000e-09  2.50000000e+00  1.37791060e-09 -2.50999915e-12 
 4.88650000e-09  4.88650000e-09  2.50000000e+00  1.37791060e-09 -2.50999915e-12 
 4.88750000e-09  4.88750000e-09  2.50000000e+00  1.37791060e-09 -2.50999915e-12 
 4.88850000e-09  4.88850000e-09  2.50000000e+00  1.37791060e-09 -2.50999915e-12 
 4.88950000e-09  4.88950000e-09  2.50000000e+00  1.37791060e-09 -2.50999915e-12 
 4.89050000e-09  4.89050000e-09  2.50000000e+00  1.37791060e-09 -2.50999915e-12 
 4.89150000e-09  4.89150000e-09  2.50000000e+00  1.37791060e-09 -2.50999915e-12 
 4.89250000e-09  4.89250000e-09  2.50000000e+00  1.37791060e-09 -2.50999915e-12 
 4.89350000e-09  4.89350000e-09  2.50000000e+00  1.37791060e-09 -2.50999915e-12 
 4.89450000e-09  4.89450000e-09  2.50000000e+00  1.37791060e-09 -2.50999915e-12 
 4.89550000e-09  4.89550000e-09  2.50000000e+00  1.37791060e-09 -2.50999915e-12 
 4.89650000e-09  4.89650000e-09  2.50000000e+00  1.37791060e-09 -2.50999915e-12 
 4.89750000e-09  4.89750000e-09  2.50000000e+00  1.37791060e-09 -2.50999915e-12 
 4.89850000e-09  4.89850000e-09  2.50000000e+00  1.37791060e-09 -2.50999915e-12 
 4.89950000e-09  4.89950000e-09  2.50000000e+00  1.37791060e-09 -2.50999915e-12 
 4.90050000e-09  4.90050000e-09  2.50000000e+00  1.37791060e-09 -2.50999915e-12 
 4.90150000e-09  4.90150000e-09  2.50000000e+00  1.37791060e-09 -2.50999915e-12 
 4.90250000e-09  4.90250000e-09  2.50000000e+00  1.37791060e-09 -2.50999915e-12 
 4.90350000e-09  4.90350000e-09  2.50000000e+00  1.37791060e-09 -2.50999915e-12 
 4.90450000e-09  4.90450000e-09  2.50000000e+00  1.37791060e-09 -2.50999915e-12 
 4.90550000e-09  4.90550000e-09  2.50000000e+00  1.37791060e-09 -2.50999915e-12 
 4.90650000e-09  4.90650000e-09  2.50000000e+00  1.37791060e-09 -2.50999915e-12 
 4.90750000e-09  4.90750000e-09  2.50000000e+00  1.37791060e-09 -2.50999915e-12 
 4.90850000e-09  4.90850000e-09  2.50000000e+00  1.37791060e-09 -2.50999915e-12 
 4.90950000e-09  4.90950000e-09  2.50000000e+00  1.37791060e-09 -2.50999915e-12 
 4.91050000e-09  4.91050000e-09  2.50000000e+00  1.37791060e-09 -2.50999915e-12 
 4.91150000e-09  4.91150000e-09  2.50000000e+00  1.37791060e-09 -2.50999915e-12 
 4.91250000e-09  4.91250000e-09  2.50000000e+00  1.37791060e-09 -2.50999915e-12 
 4.91350000e-09  4.91350000e-09  2.50000000e+00  1.37791060e-09 -2.50999915e-12 
 4.91450000e-09  4.91450000e-09  2.50000000e+00  1.37791060e-09 -2.50999915e-12 
 4.91550000e-09  4.91550000e-09  2.50000000e+00  1.37791060e-09 -2.50999915e-12 
 4.91650000e-09  4.91650000e-09  2.50000000e+00  1.37791060e-09 -2.50999915e-12 
 4.91750000e-09  4.91750000e-09  2.50000000e+00  1.37791060e-09 -2.50999915e-12 
 4.91850000e-09  4.91850000e-09  2.50000000e+00  1.37791060e-09 -2.50999915e-12 
 4.91950000e-09  4.91950000e-09  2.50000000e+00  1.37791060e-09 -2.50999915e-12 
 4.92050000e-09  4.92050000e-09  2.50000000e+00  1.37791060e-09 -2.50999915e-12 
 4.92150000e-09  4.92150000e-09  2.50000000e+00  1.37791060e-09 -2.50999915e-12 
 4.92250000e-09  4.92250000e-09  2.50000000e+00  1.37791060e-09 -2.50999915e-12 
 4.92350000e-09  4.92350000e-09  2.50000000e+00  1.37791060e-09 -2.50999915e-12 
 4.92450000e-09  4.92450000e-09  2.50000000e+00  1.37791060e-09 -2.50999915e-12 
 4.92550000e-09  4.92550000e-09  2.50000000e+00  1.37791060e-09 -2.50999915e-12 
 4.92650000e-09  4.92650000e-09  2.50000000e+00  1.37791060e-09 -2.50999915e-12 
 4.92750000e-09  4.92750000e-09  2.50000000e+00  1.37791060e-09 -2.50999915e-12 
 4.92850000e-09  4.92850000e-09  2.50000000e+00  1.37791060e-09 -2.50999915e-12 
 4.92950000e-09  4.92950000e-09  2.50000000e+00  1.37791060e-09 -2.50999915e-12 
 4.93050000e-09  4.93050000e-09  2.50000000e+00  1.37791060e-09 -2.50999915e-12 
 4.93150000e-09  4.93150000e-09  2.50000000e+00  1.37791060e-09 -2.50999915e-12 
 4.93250000e-09  4.93250000e-09  2.50000000e+00  1.37791060e-09 -2.50999915e-12 
 4.93350000e-09  4.93350000e-09  2.50000000e+00  1.37791060e-09 -2.50999915e-12 
 4.93450000e-09  4.93450000e-09  2.50000000e+00  1.37791060e-09 -2.50999915e-12 
 4.93550000e-09  4.93550000e-09  2.50000000e+00  1.37791060e-09 -2.50999915e-12 
 4.93650000e-09  4.93650000e-09  2.50000000e+00  1.37791060e-09 -2.50999915e-12 
 4.93750000e-09  4.93750000e-09  2.50000000e+00  1.37791060e-09 -2.50999915e-12 
 4.93850000e-09  4.93850000e-09  2.50000000e+00  1.37791060e-09 -2.50999915e-12 
 4.93950000e-09  4.93950000e-09  2.50000000e+00  1.37791060e-09 -2.50999915e-12 
 4.94050000e-09  4.94050000e-09  2.50000000e+00  1.37791060e-09 -2.50999915e-12 
 4.94150000e-09  4.94150000e-09  2.50000000e+00  1.37791060e-09 -2.50999915e-12 
 4.94250000e-09  4.94250000e-09  2.50000000e+00  1.37791060e-09 -2.50999915e-12 
 4.94350000e-09  4.94350000e-09  2.50000000e+00  1.37791060e-09 -2.50999915e-12 
 4.94450000e-09  4.94450000e-09  2.50000000e+00  1.37791060e-09 -2.50999915e-12 
 4.94550000e-09  4.94550000e-09  2.50000000e+00  1.37791060e-09 -2.50999915e-12 
 4.94650000e-09  4.94650000e-09  2.50000000e+00  1.37791060e-09 -2.50999915e-12 
 4.94750000e-09  4.94750000e-09  2.50000000e+00  1.37791060e-09 -2.50999915e-12 
 4.94850000e-09  4.94850000e-09  2.50000000e+00  1.37791060e-09 -2.50999915e-12 
 4.94950000e-09  4.94950000e-09  2.50000000e+00  1.37791060e-09 -2.50999915e-12 
 4.95050000e-09  4.95050000e-09  2.50000000e+00  1.37791060e-09 -2.50999915e-12 
 4.95150000e-09  4.95150000e-09  2.50000000e+00  1.37791060e-09 -2.50999915e-12 
 4.95250000e-09  4.95250000e-09  2.50000000e+00  1.37791060e-09 -2.50999915e-12 
 4.95350000e-09  4.95350000e-09  2.50000000e+00  1.37791060e-09 -2.50999915e-12 
 4.95450000e-09  4.95450000e-09  2.50000000e+00  1.37791060e-09 -2.50999915e-12 
 4.95550000e-09  4.95550000e-09  2.50000000e+00  1.37791060e-09 -2.50999915e-12 
 4.95650000e-09  4.95650000e-09  2.50000000e+00  1.37791060e-09 -2.50999915e-12 
 4.95750000e-09  4.95750000e-09  2.50000000e+00  1.37791060e-09 -2.50999915e-12 
 4.95850000e-09  4.95850000e-09  2.50000000e+00  1.37791060e-09 -2.50999915e-12 
 4.95950000e-09  4.95950000e-09  2.50000000e+00  1.37791060e-09 -2.50999915e-12 
 4.96050000e-09  4.96050000e-09  2.50000000e+00  1.37791060e-09 -2.50999915e-12 
 4.96150000e-09  4.96150000e-09  2.50000000e+00  1.37791060e-09 -2.50999915e-12 
 4.96250000e-09  4.96250000e-09  2.50000000e+00  1.37791060e-09 -2.50999915e-12 
 4.96350000e-09  4.96350000e-09  2.50000000e+00  1.37791060e-09 -2.50999915e-12 
 4.96450000e-09  4.96450000e-09  2.50000000e+00  1.37791060e-09 -2.50999915e-12 
 4.96550000e-09  4.96550000e-09  2.50000000e+00  1.37791060e-09 -2.50999915e-12 
 4.96650000e-09  4.96650000e-09  2.50000000e+00  1.37791060e-09 -2.50999915e-12 
 4.96750000e-09  4.96750000e-09  2.50000000e+00  1.37791060e-09 -2.50999915e-12 
 4.96850000e-09  4.96850000e-09  2.50000000e+00  1.37791060e-09 -2.50999915e-12 
 4.96950000e-09  4.96950000e-09  2.50000000e+00  1.37791060e-09 -2.50999915e-12 
 4.97050000e-09  4.97050000e-09  2.50000000e+00  1.37791060e-09 -2.50999915e-12 
 4.97150000e-09  4.97150000e-09  2.50000000e+00  1.37791060e-09 -2.50999915e-12 
 4.97250000e-09  4.97250000e-09  2.50000000e+00  1.37791060e-09 -2.50999915e-12 
 4.97350000e-09  4.97350000e-09  2.50000000e+00  1.37791060e-09 -2.50999915e-12 
 4.97450000e-09  4.97450000e-09  2.50000000e+00  1.37791060e-09 -2.50999915e-12 
 4.97550000e-09  4.97550000e-09  2.50000000e+00  1.37791060e-09 -2.50999915e-12 
 4.97650000e-09  4.97650000e-09  2.50000000e+00  1.37791060e-09 -2.50999915e-12 
 4.97750000e-09  4.97750000e-09  2.50000000e+00  1.37791060e-09 -2.50999915e-12 
 4.97850000e-09  4.97850000e-09  2.50000000e+00  1.37791060e-09 -2.50999915e-12 
 4.97950000e-09  4.97950000e-09  2.50000000e+00  1.37791060e-09 -2.50999915e-12 
 4.98050000e-09  4.98050000e-09  2.50000000e+00  1.37791060e-09 -2.50999915e-12 
 4.98150000e-09  4.98150000e-09  2.50000000e+00  1.37791060e-09 -2.50999915e-12 
 4.98250000e-09  4.98250000e-09  2.50000000e+00  1.37791060e-09 -2.50999915e-12 
 4.98350000e-09  4.98350000e-09  2.50000000e+00  1.37791060e-09 -2.50999915e-12 
 4.98450000e-09  4.98450000e-09  2.50000000e+00  1.37791060e-09 -2.50999915e-12 
 4.98550000e-09  4.98550000e-09  2.50000000e+00  1.37791060e-09 -2.50999915e-12 
 4.98650000e-09  4.98650000e-09  2.50000000e+00  1.37791060e-09 -2.50999915e-12 
 4.98750000e-09  4.98750000e-09  2.50000000e+00  1.37791060e-09 -2.50999915e-12 
 4.98850000e-09  4.98850000e-09  2.50000000e+00  1.37791060e-09 -2.50999915e-12 
 4.98950000e-09  4.98950000e-09  2.50000000e+00  1.37791060e-09 -2.50999915e-12 
 4.99050000e-09  4.99050000e-09  2.50000000e+00  1.37791060e-09 -2.50999915e-12 
 4.99150000e-09  4.99150000e-09  2.50000000e+00  1.37791060e-09 -2.50999915e-12 
 4.99250000e-09  4.99250000e-09  2.50000000e+00  1.37791060e-09 -2.50999915e-12 
 4.99350000e-09  4.99350000e-09  2.50000000e+00  1.37791060e-09 -2.50999915e-12 
 4.99450000e-09  4.99450000e-09  2.50000000e+00  1.37791060e-09 -2.50999915e-12 
 4.99550000e-09  4.99550000e-09  2.50000000e+00  1.37791060e-09 -2.50999915e-12 
 4.99650000e-09  4.99650000e-09  2.50000000e+00  1.37791060e-09 -2.50999915e-12 
 4.99750000e-09  4.99750000e-09  2.50000000e+00  1.37791060e-09 -2.50999915e-12 
 4.99850000e-09  4.99850000e-09  2.50000000e+00  1.37791060e-09 -2.50999915e-12 
 4.99950000e-09  4.99950000e-09  2.50000000e+00  1.37791060e-09 -2.50999915e-12 
 5.00050000e-09  5.00050000e-09  2.50000000e+00  1.37791060e-09 -2.50999915e-12 
 5.00150000e-09  5.00150000e-09  2.50000000e+00  1.37791060e-09 -2.50999915e-12 
 5.00250000e-09  5.00250000e-09  2.50000000e+00  1.37791060e-09 -2.50999915e-12 
 5.00350000e-09  5.00350000e-09  2.50000000e+00  1.37791060e-09 -2.50999915e-12 
 5.00450000e-09  5.00450000e-09  2.50000000e+00  1.37791060e-09 -2.50999915e-12 
 5.00550000e-09  5.00550000e-09  2.50000000e+00  1.37791060e-09 -2.50999915e-12 
 5.00650000e-09  5.00650000e-09  2.50000000e+00  1.37791060e-09 -2.50999915e-12 
 5.00750000e-09  5.00750000e-09  2.50000000e+00  1.37791060e-09 -2.50999915e-12 
 5.00850000e-09  5.00850000e-09  2.50000000e+00  1.37791060e-09 -2.50999915e-12 
 5.00950000e-09  5.00950000e-09  2.50000000e+00  1.37791060e-09 -2.50999915e-12 
 5.01050000e-09  5.01050000e-09  2.50000000e+00  1.37791060e-09 -2.50999915e-12 
 5.01150000e-09  5.01150000e-09  2.50000000e+00  1.37791060e-09 -2.50999915e-12 
 5.01250000e-09  5.01250000e-09  2.50000000e+00  1.37791060e-09 -2.50999915e-12 
 5.01350000e-09  5.01350000e-09  2.50000000e+00  1.37791060e-09 -2.50999915e-12 
 5.01450000e-09  5.01450000e-09  2.50000000e+00  1.37791060e-09 -2.50999915e-12 
 5.01550000e-09  5.01550000e-09  2.50000000e+00  1.37791060e-09 -2.50999915e-12 
 5.01650000e-09  5.01650000e-09  2.50000000e+00  1.37791060e-09 -2.50999915e-12 
 5.01750000e-09  5.01750000e-09  2.50000000e+00  1.37791060e-09 -2.50999915e-12 
 5.01850000e-09  5.01850000e-09  2.50000000e+00  1.37791060e-09 -2.50999915e-12 
 5.01950000e-09  5.01950000e-09  2.50000000e+00  1.37791060e-09 -2.50999915e-12 
 5.02050000e-09  5.02050000e-09  2.50000000e+00  1.37791060e-09 -2.50999915e-12 
 5.02150000e-09  5.02150000e-09  2.50000000e+00  1.37791060e-09 -2.50999915e-12 
 5.02250000e-09  5.02250000e-09  2.50000000e+00  1.37791060e-09 -2.50999915e-12 
 5.02350000e-09  5.02350000e-09  2.50000000e+00  1.37791060e-09 -2.50999915e-12 
 5.02450000e-09  5.02450000e-09  2.50000000e+00  1.37791060e-09 -2.50999915e-12 
 5.02550000e-09  5.02550000e-09  2.50000000e+00  1.37791060e-09 -2.50999915e-12 
 5.02650000e-09  5.02650000e-09  2.50000000e+00  1.37791060e-09 -2.50999915e-12 
 5.02750000e-09  5.02750000e-09  2.50000000e+00  1.37791060e-09 -2.50999915e-12 
 5.02850000e-09  5.02850000e-09  2.50000000e+00  1.37791060e-09 -2.50999915e-12 
 5.02950000e-09  5.02950000e-09  2.50000000e+00  1.37791060e-09 -2.50999915e-12 
 5.03050000e-09  5.03050000e-09  2.50000000e+00  1.37791060e-09 -2.50999915e-12 
 5.03150000e-09  5.03150000e-09  2.50000000e+00  1.37791060e-09 -2.50999915e-12 
 5.03250000e-09  5.03250000e-09  2.50000000e+00  1.37791060e-09 -2.50999915e-12 
 5.03350000e-09  5.03350000e-09  2.50000000e+00  1.37791060e-09 -2.50999915e-12 
 5.03450000e-09  5.03450000e-09  2.50000000e+00  1.37791060e-09 -2.50999915e-12 
 5.03550000e-09  5.03550000e-09  2.50000000e+00  1.37791060e-09 -2.50999915e-12 
 5.03650000e-09  5.03650000e-09  2.50000000e+00  1.37791060e-09 -2.50999915e-12 
 5.03750000e-09  5.03750000e-09  2.50000000e+00  1.37791060e-09 -2.50999915e-12 
 5.03850000e-09  5.03850000e-09  2.50000000e+00  1.37791060e-09 -2.50999915e-12 
 5.03950000e-09  5.03950000e-09  2.50000000e+00  1.37791060e-09 -2.50999915e-12 
 5.04050000e-09  5.04050000e-09  2.50000000e+00  1.37791060e-09 -2.50999915e-12 
 5.04150000e-09  5.04150000e-09  2.50000000e+00  1.37791060e-09 -2.50999915e-12 
 5.04250000e-09  5.04250000e-09  2.50000000e+00  1.37791060e-09 -2.50999915e-12 
 5.04350000e-09  5.04350000e-09  2.50000000e+00  1.37791060e-09 -2.50999915e-12 
 5.04450000e-09  5.04450000e-09  2.50000000e+00  1.37791060e-09 -2.50999915e-12 
 5.04550000e-09  5.04550000e-09  2.50000000e+00  1.37791060e-09 -2.50999915e-12 
 5.04650000e-09  5.04650000e-09  2.50000000e+00  1.37791060e-09 -2.50999915e-12 
 5.04750000e-09  5.04750000e-09  2.50000000e+00  1.37791060e-09 -2.50999915e-12 
 5.04850000e-09  5.04850000e-09  2.50000000e+00  1.37791060e-09 -2.50999915e-12 
 5.04950000e-09  5.04950000e-09  2.50000000e+00  1.37791060e-09 -2.50999915e-12 
 5.05050000e-09  5.05050000e-09  2.50000000e+00  1.37791060e-09 -2.50999915e-12 
 5.05150000e-09  5.05150000e-09  2.50000000e+00  1.37791060e-09 -2.50999915e-12 
 5.05250000e-09  5.05250000e-09  2.50000000e+00  1.37791060e-09 -2.50999915e-12 
 5.05350000e-09  5.05350000e-09  2.50000000e+00  1.37791060e-09 -2.50999915e-12 
 5.05450000e-09  5.05450000e-09  2.50000000e+00  1.37791060e-09 -2.50999915e-12 
 5.05550000e-09  5.05550000e-09  2.50000000e+00  1.37791060e-09 -2.50999915e-12 
 5.05650000e-09  5.05650000e-09  2.50000000e+00  1.37791060e-09 -2.50999915e-12 
 5.05750000e-09  5.05750000e-09  2.50000000e+00  1.37791060e-09 -2.50999915e-12 
 5.05850000e-09  5.05850000e-09  2.50000000e+00  1.37791060e-09 -2.50999915e-12 
 5.05950000e-09  5.05950000e-09  2.50000000e+00  1.37791060e-09 -2.50999915e-12 
 5.06050000e-09  5.06050000e-09  2.50000000e+00  1.37791060e-09 -2.50999915e-12 
 5.06150000e-09  5.06150000e-09  2.50000000e+00  1.37791060e-09 -2.50999915e-12 
 5.06250000e-09  5.06250000e-09  2.50000000e+00  1.37791060e-09 -2.50999915e-12 
 5.06350000e-09  5.06350000e-09  2.50000000e+00  1.37791060e-09 -2.50999915e-12 
 5.06450000e-09  5.06450000e-09  2.50000000e+00  1.37791060e-09 -2.50999915e-12 
 5.06550000e-09  5.06550000e-09  2.50000000e+00  1.37791060e-09 -2.50999915e-12 
 5.06650000e-09  5.06650000e-09  2.50000000e+00  1.37791060e-09 -2.50999915e-12 
 5.06750000e-09  5.06750000e-09  2.50000000e+00  1.37791060e-09 -2.50999915e-12 
 5.06850000e-09  5.06850000e-09  2.50000000e+00  1.37791060e-09 -2.50999915e-12 
 5.06950000e-09  5.06950000e-09  2.50000000e+00  1.37791060e-09 -2.50999915e-12 
 5.07050000e-09  5.07050000e-09  2.50000000e+00  1.37791060e-09 -2.50999915e-12 
 5.07150000e-09  5.07150000e-09  2.50000000e+00  1.37791060e-09 -2.50999915e-12 
 5.07250000e-09  5.07250000e-09  2.50000000e+00  1.37791060e-09 -2.50999915e-12 
 5.07350000e-09  5.07350000e-09  2.50000000e+00  1.37791060e-09 -2.50999915e-12 
 5.07450000e-09  5.07450000e-09  2.50000000e+00  1.37791060e-09 -2.50999915e-12 
 5.07550000e-09  5.07550000e-09  2.50000000e+00  1.37791060e-09 -2.50999915e-12 
 5.07650000e-09  5.07650000e-09  2.50000000e+00  1.37791060e-09 -2.50999915e-12 
 5.07750000e-09  5.07750000e-09  2.50000000e+00  1.37791060e-09 -2.50999915e-12 
 5.07850000e-09  5.07850000e-09  2.50000000e+00  1.37791060e-09 -2.50999915e-12 
 5.07950000e-09  5.07950000e-09  2.50000000e+00  1.37791060e-09 -2.50999915e-12 
 5.08050000e-09  5.08050000e-09  2.50000000e+00  1.37791060e-09 -2.50999915e-12 
 5.08150000e-09  5.08150000e-09  2.50000000e+00  1.37791060e-09 -2.50999915e-12 
 5.08250000e-09  5.08250000e-09  2.50000000e+00  1.37791060e-09 -2.50999915e-12 
 5.08350000e-09  5.08350000e-09  2.50000000e+00  1.37791060e-09 -2.50999915e-12 
 5.08450000e-09  5.08450000e-09  2.50000000e+00  1.37791060e-09 -2.50999915e-12 
 5.08550000e-09  5.08550000e-09  2.50000000e+00  1.37791060e-09 -2.50999915e-12 
 5.08650000e-09  5.08650000e-09  2.50000000e+00  1.37791060e-09 -2.50999915e-12 
 5.08750000e-09  5.08750000e-09  2.50000000e+00  1.37791060e-09 -2.50999915e-12 
 5.08850000e-09  5.08850000e-09  2.50000000e+00  1.37791060e-09 -2.50999915e-12 
 5.08950000e-09  5.08950000e-09  2.50000000e+00  1.37791060e-09 -2.50999915e-12 
 5.09050000e-09  5.09050000e-09  2.50000000e+00  1.37791060e-09 -2.50999915e-12 
 5.09150000e-09  5.09150000e-09  2.50000000e+00  1.37791060e-09 -2.50999915e-12 
 5.09250000e-09  5.09250000e-09  2.50000000e+00  1.37791060e-09 -2.50999915e-12 
 5.09350000e-09  5.09350000e-09  2.50000000e+00  1.37791060e-09 -2.50999915e-12 
 5.09450000e-09  5.09450000e-09  2.50000000e+00  1.37791060e-09 -2.50999915e-12 
 5.09550000e-09  5.09550000e-09  2.50000000e+00  1.37791060e-09 -2.50999915e-12 
 5.09650000e-09  5.09650000e-09  2.50000000e+00  1.37791060e-09 -2.50999915e-12 
 5.09750000e-09  5.09750000e-09  2.50000000e+00  1.37791060e-09 -2.50999915e-12 
 5.09850000e-09  5.09850000e-09  2.50000000e+00  1.37791060e-09 -2.50999915e-12 
 5.09950000e-09  5.09950000e-09  2.50000000e+00  1.37791060e-09 -2.50999915e-12 
 5.10050000e-09  5.10050000e-09  2.50000000e+00  1.37791060e-09 -2.50999915e-12 
 5.10150000e-09  5.10150000e-09  2.50000000e+00  1.37791060e-09 -2.50999915e-12 
 5.10250000e-09  5.10250000e-09  2.50000000e+00  1.37791060e-09 -2.50999915e-12 
 5.10350000e-09  5.10350000e-09  2.50000000e+00  1.37791060e-09 -2.50999915e-12 
 5.10450000e-09  5.10450000e-09  2.50000000e+00  1.37791060e-09 -2.50999915e-12 
 5.10550000e-09  5.10550000e-09  2.50000000e+00  1.37791060e-09 -2.50999915e-12 
 5.10650000e-09  5.10650000e-09  2.50000000e+00  1.37791060e-09 -2.50999915e-12 
 5.10750000e-09  5.10750000e-09  2.50000000e+00  1.37791060e-09 -2.50999915e-12 
 5.10850000e-09  5.10850000e-09  2.50000000e+00  1.37791060e-09 -2.50999915e-12 
 5.10950000e-09  5.10950000e-09  2.50000000e+00  1.37791060e-09 -2.50999915e-12 
 5.11050000e-09  5.11050000e-09  2.50000000e+00  1.37791060e-09 -2.50999915e-12 
 5.11150000e-09  5.11150000e-09  2.50000000e+00  1.37791060e-09 -2.50999915e-12 
 5.11250000e-09  5.11250000e-09  2.50000000e+00  1.37791060e-09 -2.50999915e-12 
 5.11350000e-09  5.11350000e-09  2.50000000e+00  1.37791060e-09 -2.50999915e-12 
 5.11450000e-09  5.11450000e-09  2.50000000e+00  1.37791060e-09 -2.50999915e-12 
 5.11550000e-09  5.11550000e-09  2.50000000e+00  1.37791060e-09 -2.50999915e-12 
 5.11650000e-09  5.11650000e-09  2.50000000e+00  1.37791060e-09 -2.50999915e-12 
 5.11750000e-09  5.11750000e-09  2.50000000e+00  1.37791060e-09 -2.50999915e-12 
 5.11850000e-09  5.11850000e-09  2.50000000e+00  1.37791060e-09 -2.50999915e-12 
 5.11950000e-09  5.11950000e-09  2.50000000e+00  1.37791060e-09 -2.50999915e-12 
 5.12050000e-09  5.12050000e-09  2.50000000e+00  1.37791060e-09 -2.50999915e-12 
 5.12150000e-09  5.12150000e-09  2.50000000e+00  1.37791060e-09 -2.50999915e-12 
 5.12250000e-09  5.12250000e-09  2.50000000e+00  1.37791060e-09 -2.50999915e-12 
 5.12350000e-09  5.12350000e-09  2.50000000e+00  1.37791060e-09 -2.50999915e-12 
 5.12450000e-09  5.12450000e-09  2.50000000e+00  1.37791060e-09 -2.50999915e-12 
 5.12550000e-09  5.12550000e-09  2.50000000e+00  1.37791060e-09 -2.50999915e-12 
 5.12650000e-09  5.12650000e-09  2.50000000e+00  1.37791060e-09 -2.50999915e-12 
 5.12750000e-09  5.12750000e-09  2.50000000e+00  1.37791060e-09 -2.50999915e-12 
 5.12850000e-09  5.12850000e-09  2.50000000e+00  1.37791060e-09 -2.50999915e-12 
 5.12950000e-09  5.12950000e-09  2.50000000e+00  1.37791060e-09 -2.50999915e-12 
 5.13050000e-09  5.13050000e-09  2.50000000e+00  1.37791060e-09 -2.50999915e-12 
 5.13150000e-09  5.13150000e-09  2.50000000e+00  1.37791060e-09 -2.50999915e-12 
 5.13250000e-09  5.13250000e-09  2.50000000e+00  1.37791060e-09 -2.50999915e-12 
 5.13350000e-09  5.13350000e-09  2.50000000e+00  1.37791060e-09 -2.50999915e-12 
 5.13450000e-09  5.13450000e-09  2.50000000e+00  1.37791060e-09 -2.50999915e-12 
 5.13550000e-09  5.13550000e-09  2.50000000e+00  1.37791060e-09 -2.50999915e-12 
 5.13650000e-09  5.13650000e-09  2.50000000e+00  1.37791060e-09 -2.50999915e-12 
 5.13750000e-09  5.13750000e-09  2.50000000e+00  1.37791060e-09 -2.50999915e-12 
 5.13850000e-09  5.13850000e-09  2.50000000e+00  1.37791060e-09 -2.50999915e-12 
 5.13950000e-09  5.13950000e-09  2.50000000e+00  1.37791060e-09 -2.50999915e-12 
 5.14050000e-09  5.14050000e-09  2.50000000e+00  1.37791060e-09 -2.50999915e-12 
 5.14150000e-09  5.14150000e-09  2.50000000e+00  1.37791060e-09 -2.50999915e-12 
 5.14250000e-09  5.14250000e-09  2.50000000e+00  1.37791060e-09 -2.50999915e-12 
 5.14350000e-09  5.14350000e-09  2.50000000e+00  1.37791060e-09 -2.50999915e-12 
 5.14450000e-09  5.14450000e-09  2.50000000e+00  1.37791060e-09 -2.50999915e-12 
 5.14550000e-09  5.14550000e-09  2.50000000e+00  1.37791060e-09 -2.50999915e-12 
 5.14650000e-09  5.14650000e-09  2.50000000e+00  1.37791060e-09 -2.50999915e-12 
 5.14750000e-09  5.14750000e-09  2.50000000e+00  1.37791060e-09 -2.50999915e-12 
 5.14850000e-09  5.14850000e-09  2.50000000e+00  1.37791060e-09 -2.50999915e-12 
 5.14950000e-09  5.14950000e-09  2.50000000e+00  1.37791060e-09 -2.50999915e-12 
 5.15050000e-09  5.15050000e-09  2.50000000e+00  1.37791060e-09 -2.50999915e-12 
 5.15150000e-09  5.15150000e-09  2.50000000e+00  1.37791060e-09 -2.50999915e-12 
 5.15250000e-09  5.15250000e-09  2.50000000e+00  1.37791060e-09 -2.50999915e-12 
 5.15350000e-09  5.15350000e-09  2.50000000e+00  1.37791060e-09 -2.50999915e-12 
 5.15450000e-09  5.15450000e-09  2.50000000e+00  1.37791060e-09 -2.50999915e-12 
 5.15550000e-09  5.15550000e-09  2.50000000e+00  1.37791060e-09 -2.50999915e-12 
 5.15650000e-09  5.15650000e-09  2.50000000e+00  1.37791060e-09 -2.50999915e-12 
 5.15750000e-09  5.15750000e-09  2.50000000e+00  1.37791060e-09 -2.50999915e-12 
 5.15850000e-09  5.15850000e-09  2.50000000e+00  1.37791060e-09 -2.50999915e-12 
 5.15950000e-09  5.15950000e-09  2.50000000e+00  1.37791060e-09 -2.50999915e-12 
 5.16050000e-09  5.16050000e-09  2.50000000e+00  1.37791060e-09 -2.50999915e-12 
 5.16150000e-09  5.16150000e-09  2.50000000e+00  1.37791060e-09 -2.50999915e-12 
 5.16250000e-09  5.16250000e-09  2.50000000e+00  1.37791060e-09 -2.50999915e-12 
 5.16350000e-09  5.16350000e-09  2.50000000e+00  1.37791060e-09 -2.50999915e-12 
 5.16450000e-09  5.16450000e-09  2.50000000e+00  1.37791060e-09 -2.50999915e-12 
 5.16550000e-09  5.16550000e-09  2.50000000e+00  1.37791060e-09 -2.50999915e-12 
 5.16650000e-09  5.16650000e-09  2.50000000e+00  1.37791060e-09 -2.50999915e-12 
 5.16750000e-09  5.16750000e-09  2.50000000e+00  1.37791060e-09 -2.50999915e-12 
 5.16850000e-09  5.16850000e-09  2.50000000e+00  1.37791060e-09 -2.50999915e-12 
 5.16950000e-09  5.16950000e-09  2.50000000e+00  1.37791060e-09 -2.50999915e-12 
 5.17050000e-09  5.17050000e-09  2.50000000e+00  1.37791060e-09 -2.50999915e-12 
 5.17150000e-09  5.17150000e-09  2.50000000e+00  1.37791060e-09 -2.50999915e-12 
 5.17250000e-09  5.17250000e-09  2.50000000e+00  1.37791060e-09 -2.50999915e-12 
 5.17350000e-09  5.17350000e-09  2.50000000e+00  1.37791060e-09 -2.50999915e-12 
 5.17450000e-09  5.17450000e-09  2.50000000e+00  1.37791060e-09 -2.50999915e-12 
 5.17550000e-09  5.17550000e-09  2.50000000e+00  1.37791060e-09 -2.50999915e-12 
 5.17650000e-09  5.17650000e-09  2.50000000e+00  1.37791060e-09 -2.50999915e-12 
 5.17750000e-09  5.17750000e-09  2.50000000e+00  1.37791060e-09 -2.50999915e-12 
 5.17850000e-09  5.17850000e-09  2.50000000e+00  1.37791060e-09 -2.50999915e-12 
 5.17950000e-09  5.17950000e-09  2.50000000e+00  1.37791060e-09 -2.50999915e-12 
 5.18050000e-09  5.18050000e-09  2.50000000e+00  1.37791060e-09 -2.50999915e-12 
 5.18150000e-09  5.18150000e-09  2.50000000e+00  1.37791060e-09 -2.50999915e-12 
 5.18250000e-09  5.18250000e-09  2.50000000e+00  1.37791060e-09 -2.50999915e-12 
 5.18350000e-09  5.18350000e-09  2.50000000e+00  1.37791060e-09 -2.50999915e-12 
 5.18450000e-09  5.18450000e-09  2.50000000e+00  1.37791060e-09 -2.50999915e-12 
 5.18550000e-09  5.18550000e-09  2.50000000e+00  1.37791060e-09 -2.50999915e-12 
 5.18650000e-09  5.18650000e-09  2.50000000e+00  1.37791060e-09 -2.50999915e-12 
 5.18750000e-09  5.18750000e-09  2.50000000e+00  1.37791060e-09 -2.50999915e-12 
 5.18850000e-09  5.18850000e-09  2.50000000e+00  1.37791060e-09 -2.50999915e-12 
 5.18950000e-09  5.18950000e-09  2.50000000e+00  1.37791060e-09 -2.50999915e-12 
 5.19050000e-09  5.19050000e-09  2.50000000e+00  1.37791060e-09 -2.50999915e-12 
 5.19150000e-09  5.19150000e-09  2.50000000e+00  1.37791060e-09 -2.50999915e-12 
 5.19250000e-09  5.19250000e-09  2.50000000e+00  1.37791060e-09 -2.50999915e-12 
 5.19350000e-09  5.19350000e-09  2.50000000e+00  1.37791060e-09 -2.50999915e-12 
 5.19450000e-09  5.19450000e-09  2.50000000e+00  1.37791060e-09 -2.50999915e-12 
 5.19550000e-09  5.19550000e-09  2.50000000e+00  1.37791060e-09 -2.50999915e-12 
 5.19650000e-09  5.19650000e-09  2.50000000e+00  1.37791060e-09 -2.50999915e-12 
 5.19750000e-09  5.19750000e-09  2.50000000e+00  1.37791060e-09 -2.50999915e-12 
 5.19850000e-09  5.19850000e-09  2.50000000e+00  1.37791060e-09 -2.50999915e-12 
 5.19925000e-09  5.19925000e-09  2.50000000e+00  1.37791054e-09 -2.51000262e-12 
 5.20000000e-09  5.20000000e-09  2.50000000e+00  1.37791051e-09 -2.51000262e-12 
 5.20010000e-09  5.20010000e-09  2.49750000e+00 -2.43292521e-04 -1.09197343e-04 
 5.20030000e-09  5.20030000e-09  2.49250000e+00 -7.25943457e-04 -1.07713571e-04 
 5.20070000e-09  5.20070000e-09  2.48250000e+00 -1.66808577e-03 -1.06229798e-04 
 5.20150000e-09  5.20150000e-09  2.46250000e+00 -3.46436244e-03 -1.01778480e-04 
 5.20250000e-09  5.20250000e-09  2.43750000e+00 -5.55611497e-03 -9.73271616e-05 
 5.20350000e-09  5.20350000e-09  2.41250000e+00 -7.49237682e-03 -9.18866616e-05 
 5.20450000e-09  5.20450000e-09  2.38750000e+00 -9.28849098e-03 -8.74353434e-05 
 5.20550000e-09  5.20550000e-09  2.36250000e+00 -1.09582855e-02 -8.39732070e-05 
 5.20650000e-09  5.20650000e-09  2.33750000e+00 -1.25142303e-02 -8.61164343e-05 
 5.20750000e-09  5.20750000e-09  2.31250000e+00 -1.39675777e-02 -8.72704798e-05 
 5.20850000e-09  5.20850000e-09  2.28750000e+00 -1.53284886e-02 -8.94137070e-05 
 5.20950000e-09  5.20950000e-09  2.26250000e+00 -1.66061450e-02 -9.05677525e-05 
 5.21050000e-09  5.21050000e-09  2.23750000e+00 -1.78088510e-02 -9.27109798e-05 
 5.21150000e-09  5.21150000e-09  2.21250000e+00 -1.89441233e-02 -9.38650252e-05 
 5.21250000e-09  5.21250000e-09  2.18750000e+00 -2.00187725e-02 -9.60082525e-05 
 5.21350000e-09  5.21350000e-09  2.16250000e+00 -2.10389750e-02 -9.71622979e-05 
 5.21450000e-09  5.21450000e-09  2.13750000e+00 -2.20103385e-02 -9.93055252e-05 
 5.21550000e-09  5.21550000e-09  2.11250000e+00 -2.29379601e-02 -1.00459571e-04 
 5.21650000e-09  5.21650000e-09  2.08750000e+00 -2.38264785e-02 -1.02602798e-04 
 5.21750000e-09  5.21750000e-09  2.06250000e+00 -2.46794987e-02 -1.03290752e-04 
 5.21850000e-09  5.21850000e-09  2.03750000e+00 -2.54898578e-02 -1.04292017e-04 
 5.21950000e-09  5.21950000e-09  2.01250000e+00 -2.62375259e-02 -1.04937505e-04 
 5.22050000e-09  5.22050000e-09  1.98750000e+00 -2.69001783e-02 -1.07205639e-04 
 5.22150000e-09  5.22150000e-09  1.96250000e+00 -2.74566501e-02 -1.09118092e-04 
 5.22250000e-09  5.22250000e-09  1.93750000e+00 -2.78867840e-02 -1.12653231e-04 
 5.22350000e-09  5.22350000e-09  1.91250000e+00 -2.81712927e-02 -1.15832664e-04 
 5.22450000e-09  5.22450000e-09  1.88750000e+00 -2.82916307e-02 -1.20634682e-04 
 5.22550000e-09  5.22550000e-09  1.86250000e+00 -2.82298770e-02 -1.25080803e-04 
 5.22650000e-09  5.22650000e-09  1.83750000e+00 -2.79686246e-02 -1.31149220e-04 
 5.22750000e-09  5.22750000e-09  1.81250000e+00 -2.74908780e-02 -1.36861337e-04 
 5.22850000e-09  5.22850000e-09  1.78750000e+00 -2.67799560e-02 -1.44195228e-04 
 5.22950000e-09  5.22950000e-09  1.76250000e+00 -2.58193988e-02 -1.51172168e-04 
 5.23050000e-09  5.23050000e-09  1.73750000e+00 -2.45928799e-02 -1.59770085e-04 
 5.23150000e-09  5.23150000e-09  1.71250000e+00 -2.30841198e-02 -1.68010103e-04 
 5.23250000e-09  5.23250000e-09  1.68750000e+00 -2.12768029e-02 -1.77869987e-04 
 5.23350000e-09  5.23350000e-09  1.66250000e+00 -1.91544952e-02 -1.87370686e-04 
 5.23450000e-09  5.23450000e-09  1.63750000e+00 -1.67005621e-02 -1.98489778e-04 
 5.23550000e-09  5.23550000e-09  1.61250000e+00 -1.38980863e-02 -2.09248011e-04 
 5.23650000e-09  5.23650000e-09  1.58750000e+00 -1.07297852e-02 -2.21622752e-04 
 5.23750000e-09  5.23750000e-09  1.56250000e+00 -7.17792520e-03 -2.33634521e-04 
 5.23850000e-09  5.23850000e-09  1.53750000e+00 -3.22423385e-03 -2.47260442e-04 
 5.23950000e-09  5.23950000e-09  1.51250000e+00  1.15018061e-03 -2.60520777e-04 
 5.24050000e-09  5.24050000e-09  1.48750000e+00  5.96466879e-03 -2.75392376e-04 
 5.24150000e-09  5.24150000e-09  1.46250000e+00  1.12389785e-02 -2.89895213e-04 
 5.24250000e-09  5.24250000e-09  1.43750000e+00  1.69935239e-02 -3.06005829e-04 
 5.24350000e-09  5.24350000e-09  1.41250000e+00  2.32379206e-02 -3.21433350e-04 
 5.24450000e-09  5.24450000e-09  1.38750000e+00  2.99942706e-02 -3.38776066e-04 
 5.24550000e-09  5.24550000e-09  1.36250000e+00  3.72972876e-02 -3.55741788e-04 
 5.24650000e-09  5.24650000e-09  1.33750000e+00  4.51712242e-02 -3.74306300e-04 
 5.24750000e-09  5.24750000e-09  1.31250000e+00  5.36416235e-02 -3.92488451e-04 
 5.24850000e-09  5.24850000e-09  1.28750000e+00  6.27354453e-02 -4.12263573e-04 
 5.24950000e-09  5.24950000e-09  1.26250000e+00  7.24812194e-02 -4.31650015e-04 
 5.25050000e-09  5.25050000e-09  1.23750000e+00  8.29092158e-02 -4.52622575e-04 
 5.25150000e-09  5.25150000e-09  1.21250000e+00  9.40516381e-02 -4.73199023e-04 
 5.25250000e-09  5.25250000e-09  1.18750000e+00  1.05942843e-01 -4.95353527e-04 
 5.25350000e-09  5.25350000e-09  1.16250000e+00  1.18619595e-01 -5.17103176e-04 
 5.25450000e-09  5.25450000e-09  1.13750000e+00  1.32121358e-01 -5.40421394e-04 
 5.25550000e-09  5.25550000e-09  1.11250000e+00  1.46490645e-01 -5.63324456e-04 
 5.25650000e-09  5.25650000e-09  1.08750000e+00  1.61773435e-01 -5.87784893e-04 
 5.25750000e-09  5.25750000e-09  1.06250000e+00  1.78051289e-01 -6.12109388e-04 
 5.25850000e-09  5.25850000e-09  1.03750000e+00  1.95382542e-01 -6.37682482e-04 
 5.25950000e-09  5.25950000e-09  1.01250000e+00  2.13800547e-01 -6.62813120e-04 
 5.26050000e-09  5.26050000e-09  9.87500000e-01  2.33374806e-01 -6.89471196e-04 
 5.26150000e-09  5.26150000e-09  9.62500000e-01  2.54184139e-01 -7.15668957e-04 
 5.26250000e-09  5.26250000e-09  9.37500000e-01  2.76319675e-01 -7.43374264e-04 
 5.26350000e-09  5.26350000e-09  9.12500000e-01  2.99889693e-01 -7.70596851e-04 
 5.26450000e-09  5.26450000e-09  8.87500000e-01  3.25028084e-01 -7.99301301e-04 
 5.26550000e-09  5.26550000e-09  8.62500000e-01  3.51910632e-01 -8.27492729e-04 
 5.26650000e-09  5.26650000e-09  8.37500000e-01  3.80790277e-01 -8.57128441e-04 
 5.26750000e-09  5.26750000e-09  8.12500000e-01  4.11818050e-01 -8.86211258e-04 
 5.26850000e-09  5.26850000e-09  7.87500000e-01  4.44817259e-01 -9.16459422e-04 
 5.26950000e-09  5.26950000e-09  7.62500000e-01  4.79608339e-01 -9.46402456e-04 
 5.27050000e-09  5.27050000e-09  7.37500000e-01  5.16185515e-01 -9.77747668e-04 
 5.27150000e-09  5.27150000e-09  7.12500000e-01  5.54542518e-01 -1.00850404e-03 
 5.27250000e-09  5.27250000e-09  6.87500000e-01  5.94672408e-01 -1.04063701e-03 
 5.27350000e-09  5.27350000e-09  6.62500000e-01  6.36567543e-01 -1.07215501e-03 
 5.27450000e-09  5.27450000e-09  6.37500000e-01  6.80219551e-01 -1.10502297e-03 
 5.27550000e-09  5.27550000e-09  6.12500000e-01  7.25619302e-01 -1.13724883e-03 
 5.27650000e-09  5.27650000e-09  5.87500000e-01  7.72756876e-01 -1.17079703e-03 
 5.27750000e-09  5.27750000e-09  5.62500000e-01  8.21621543e-01 -1.20367506e-03 
 5.27850000e-09  5.27850000e-09  5.37500000e-01  8.72201729e-01 -1.23784694e-03 
 5.27950000e-09  5.27950000e-09  5.12500000e-01  9.24484997e-01 -1.27131977e-03 
 5.28050000e-09  5.28050000e-09  4.87500000e-01  9.77990809e-01 -1.30441141e-03 
 5.28150000e-09  5.28150000e-09  4.62500000e-01  1.03204776e+00 -1.33055792e-03 
 5.28250000e-09  5.28250000e-09  4.37500000e-01  1.08638794e+00 -1.35186026e-03 
 5.28350000e-09  5.28350000e-09  4.12500000e-01  1.14085295e+00 -1.36644849e-03 
 5.28450000e-09  5.28450000e-09  3.87500000e-01  1.19528154e+00 -1.37644062e-03 
 5.28550000e-09  5.28550000e-09  3.62500000e-01  1.24951387e+00 -1.38003201e-03 
 5.28650000e-09  5.28650000e-09  3.37500000e-01  1.30338712e+00 -1.37941356e-03 
 5.28750000e-09  5.28750000e-09  3.12500000e-01  1.35673907e+00 -1.37285801e-03 
 5.28850000e-09  5.28850000e-09  2.87500000e-01  1.40941151e+00 -1.36263076e-03 
 5.28950000e-09  5.28950000e-09  2.62500000e-01  1.46125303e+00 -1.34707227e-03 
 5.29050000e-09  5.29050000e-09  2.37500000e-01  1.51212132e+00 -1.32850606e-03 
 5.29150000e-09  5.29150000e-09  2.12500000e-01  1.56188494e+00 -1.30531931e-03 
 5.29250000e-09  5.29250000e-09  1.87500000e-01  1.61042466e+00 -1.27986989e-03 
 5.29350000e-09  5.29350000e-09  1.62500000e-01  1.65763445e+00 -1.25056658e-03 
 5.29450000e-09  5.29450000e-09  1.37500000e-01  1.70342199e+00 -1.21977638e-03 
 5.29550000e-09  5.29550000e-09  1.12500000e-01  1.74770902e+00 -1.18590536e-03 
 5.29650000e-09  5.29650000e-09  8.75000000e-02  1.79043128e+00 -1.15130694e-03 
 5.29750000e-09  5.29750000e-09  6.25000000e-02  1.83153826e+00 -1.11436400e-03 
 5.29850000e-09  5.29850000e-09  3.75000000e-02  1.87099274e+00 -1.07739856e-03 
 5.29925000e-09  5.29925000e-09  1.87500000e-02  1.89948447e+00 -1.04833979e-03 
 5.30000000e-09  5.30000000e-09  3.55271368e-15  1.92702641e+00 -1.02001110e-03 
 5.30010000e-09  5.30010000e-09  0.00000000e+00  1.93097568e+00 -9.24598330e-04 
 5.30030000e-09  5.30030000e-09  0.00000000e+00  1.93882512e+00 -9.13426265e-04 
 5.30070000e-09  5.30070000e-09  0.00000000e+00  1.95423530e+00 -8.91370177e-04 
 5.30150000e-09  5.30150000e-09  0.00000000e+00  1.98392810e+00 -8.48371543e-04 
 5.30250000e-09  5.30250000e-09  0.00000000e+00  2.01899775e+00 -7.96743024e-04 
 5.30350000e-09  5.30350000e-09  0.00000000e+00  2.05189054e+00 -7.47494640e-04 
 5.30450000e-09  5.30450000e-09  0.00000000e+00  2.08271343e+00 -7.00626105e-04 
 5.30550000e-09  5.30550000e-09  0.00000000e+00  2.11157210e+00 -6.56117731e-04 
 5.30650000e-09  5.30650000e-09  0.00000000e+00  2.13857028e+00 -6.13933587e-04 
 5.30750000e-09  5.30750000e-09  0.00000000e+00  2.16380925e+00 -5.74024364e-04 
 5.30850000e-09  5.30850000e-09  0.00000000e+00  2.18738742e+00 -5.36329948e-04 
 5.30950000e-09  5.30950000e-09  0.00000000e+00  2.20939998e+00 -5.00781701e-04 
 5.31050000e-09  5.31050000e-09  0.00000000e+00  2.22993866e+00 -4.67304474e-04 
 5.31150000e-09  5.31150000e-09  0.00000000e+00  2.24909154e+00 -4.35818352e-04 
 5.31250000e-09  5.31250000e-09  0.00000000e+00  2.26694294e+00 -4.06240173e-04 
 5.31350000e-09  5.31350000e-09  0.00000000e+00  2.28357335e+00 -3.78484816e-04 
 5.31450000e-09  5.31450000e-09  0.00000000e+00  2.29905942e+00 -3.52466301e-04 
 5.31550000e-09  5.31550000e-09  0.00000000e+00  2.31347394e+00 -3.28098707e-04 
 5.31650000e-09  5.31650000e-09  0.00000000e+00  2.32688593e+00 -3.05296933e-04 
 5.31750000e-09  5.31750000e-09  0.00000000e+00  2.33936069e+00 -2.83977320e-04 
 5.31850000e-09  5.31850000e-09  0.00000000e+00  2.35095989e+00 -2.64058149e-04 
 5.31950000e-09  5.31950000e-09  0.00000000e+00  2.36174351e+00 -2.45496683e-04 
 5.32050000e-09  5.32050000e-09  0.00000000e+00  2.37176593e+00 -2.28131710e-04 
 5.32150000e-09  5.32150000e-09  0.00000000e+00  2.38107650e+00 -2.11939088e-04 
 5.32250000e-09  5.32250000e-09  0.00000000e+00  2.38972370e+00 -1.96847666e-04 
 5.32350000e-09  5.32350000e-09  0.00000000e+00  2.39775302e+00 -1.82789427e-04 
 5.32450000e-09  5.32450000e-09  0.00000000e+00  2.40520705e+00 -1.69699548e-04 
 5.32550000e-09  5.32550000e-09  0.00000000e+00  2.41212571e+00 -1.57516412e-04 
 5.32650000e-09  5.32650000e-09  0.00000000e+00  2.41854630e+00 -1.46181581e-04 
 5.32750000e-09  5.32750000e-09  0.00000000e+00  2.42450370e+00 -1.35639748e-04 
 5.32850000e-09  5.32850000e-09  0.00000000e+00  2.43003049e+00 -1.25838666e-04 
 5.32950000e-09  5.32950000e-09  0.00000000e+00  2.43515706e+00 -1.16729062e-04 
 5.33050000e-09  5.33050000e-09  0.00000000e+00  2.43991177e+00 -1.08264539e-04 
 5.33150000e-09  5.33150000e-09  0.00000000e+00  2.44432107e+00 -1.00401466e-04 
 5.33250000e-09  5.33250000e-09  0.00000000e+00  2.44840959e+00 -9.30988699e-05 
 5.33350000e-09  5.33350000e-09  0.00000000e+00  2.45220027e+00 -8.63183119e-05 
 5.33450000e-09  5.33450000e-09  0.00000000e+00  2.45571447e+00 -8.00237731e-05 
 5.33550000e-09  5.33550000e-09  0.00000000e+00  2.45897207e+00 -7.41815321e-05 
 5.33650000e-09  5.33650000e-09  0.00000000e+00  2.46199155e+00 -6.87600468e-05 
 5.33750000e-09  5.33750000e-09  0.00000000e+00  2.46479010e+00 -6.37298367e-05 
 5.33850000e-09  5.33850000e-09  0.00000000e+00  2.46738370e+00 -5.90633691e-05 
 5.33950000e-09  5.33950000e-09  0.00000000e+00  2.46978721e+00 -5.47349471e-05 
 5.34050000e-09  5.34050000e-09  0.00000000e+00  2.47201442e+00 -5.07206022e-05 
 5.34150000e-09  5.34150000e-09  0.00000000e+00  2.47407815e+00 -4.69979906e-05 
 5.34250000e-09  5.34250000e-09  0.00000000e+00  2.47599029e+00 -4.35462945e-05 
 5.34350000e-09  5.34350000e-09  0.00000000e+00  2.47776190e+00 -4.03461262e-05 
 5.34450000e-09  5.34450000e-09  0.00000000e+00  2.47940323e+00 -3.73794388e-05 
 5.34550000e-09  5.34550000e-09  0.00000000e+00  2.48092380e+00 -3.46294397e-05 
 5.34650000e-09  5.34650000e-09  0.00000000e+00  2.48233244e+00 -3.20805093e-05 
 5.34750000e-09  5.34750000e-09  0.00000000e+00  2.48363734e+00 -2.97181243e-05 
 5.34850000e-09  5.34850000e-09  0.00000000e+00  2.48484611e+00 -2.75287851e-05 
 5.34950000e-09  5.34950000e-09  0.00000000e+00  2.48596578e+00 -2.54999470e-05 
 5.35050000e-09  5.35050000e-09  0.00000000e+00  2.48700290e+00 -2.36199560e-05 
 5.35150000e-09  5.35150000e-09  0.00000000e+00  2.48796353e+00 -2.18779882e-05 
 5.35250000e-09  5.35250000e-09  0.00000000e+00  2.48885328e+00 -2.02639930e-05 
 5.35350000e-09  5.35350000e-09  0.00000000e+00  2.48967738e+00 -1.87686400e-05 
 5.35450000e-09  5.35450000e-09  0.00000000e+00  2.49044065e+00 -1.73832688e-05 
 5.35550000e-09  5.35550000e-09  0.00000000e+00  2.49114756e+00 -1.60998424e-05 
 5.35650000e-09  5.35650000e-09  0.00000000e+00  2.49180226e+00 -1.49109039e-05 
 5.35750000e-09  5.35750000e-09  0.00000000e+00  2.49240861e+00 -1.38095352e-05 
 5.35850000e-09  5.35850000e-09  0.00000000e+00  2.49297015e+00 -1.27893195e-05 
 5.35950000e-09  5.35950000e-09  0.00000000e+00  2.49349021e+00 -1.18443052e-05 
 5.36050000e-09  5.36050000e-09  0.00000000e+00  2.49397183e+00 -1.09689734e-05 
 5.36150000e-09  5.36150000e-09  0.00000000e+00  2.49441785e+00 -1.01582067e-05 
 5.36250000e-09  5.36250000e-09  0.00000000e+00  2.49483089e+00 -9.40726042e-06 
 5.36350000e-09  5.36350000e-09  0.00000000e+00  2.49521340e+00 -8.71173621e-06 
 5.36450000e-09  5.36450000e-09  0.00000000e+00  2.49556762e+00 -8.06755681e-06 
 5.36550000e-09  5.36550000e-09  0.00000000e+00  2.49589565e+00 -7.47094307e-06 
 5.36650000e-09  5.36650000e-09  0.00000000e+00  2.49619942e+00 -6.91839242e-06 
 5.36750000e-09  5.36750000e-09  0.00000000e+00  2.49648071e+00 -6.40665881e-06 
 5.36850000e-09  5.36850000e-09  0.00000000e+00  2.49674120e+00 -5.93273415e-06 
 5.36950000e-09  5.36950000e-09  0.00000000e+00  2.49698242e+00 -5.49383102e-06 
 5.37050000e-09  5.37050000e-09  0.00000000e+00  2.49720579e+00 -5.08736665e-06 
 5.37150000e-09  5.37150000e-09  0.00000000e+00  2.49741263e+00 -4.71094800e-06 
 5.37250000e-09  5.37250000e-09  0.00000000e+00  2.49760417e+00 -4.36235791e-06 
 5.37350000e-09  5.37350000e-09  0.00000000e+00  2.49778153e+00 -4.03954230e-06 
 5.37450000e-09  5.37450000e-09  0.00000000e+00  2.49794577e+00 -3.74059825e-06 
 5.37550000e-09  5.37550000e-09  0.00000000e+00  2.49809785e+00 -3.46376290e-06 
 5.37650000e-09  5.37650000e-09  0.00000000e+00  2.49823868e+00 -3.20740326e-06 
 5.37750000e-09  5.37750000e-09  0.00000000e+00  2.49836908e+00 -2.97000664e-06 
 5.37850000e-09  5.37850000e-09  0.00000000e+00  2.49848983e+00 -2.75017186e-06 
 5.37950000e-09  5.37950000e-09  0.00000000e+00  2.49860164e+00 -2.54660105e-06 
 5.38050000e-09  5.38050000e-09  0.00000000e+00  2.49870518e+00 -2.35809208e-06 
 5.38150000e-09  5.38150000e-09  0.00000000e+00  2.49880105e+00 -2.18353151e-06 
 5.38250000e-09  5.38250000e-09  0.00000000e+00  2.49888983e+00 -2.02188806e-06 
 5.38350000e-09  5.38350000e-09  0.00000000e+00  2.49897203e+00 -1.87220662e-06 
 5.38450000e-09  5.38450000e-09  0.00000000e+00  2.49904814e+00 -1.73360255e-06 
 5.38550000e-09  5.38550000e-09  0.00000000e+00  2.49911863e+00 -1.60525659e-06 
 5.38650000e-09  5.38650000e-09  0.00000000e+00  2.49918389e+00 -1.48640997e-06 
 5.38750000e-09  5.38750000e-09  0.00000000e+00  2.49924432e+00 -1.37635999e-06 
 5.38850000e-09  5.38850000e-09  0.00000000e+00  2.49930028e+00 -1.27445588e-06 
 5.38950000e-09  5.38950000e-09  0.00000000e+00  2.49935209e+00 -1.18009497e-06 
 5.39050000e-09  5.39050000e-09  0.00000000e+00  2.49940007e+00 -1.09271913e-06 
 5.39150000e-09  5.39150000e-09  0.00000000e+00  2.49944449e+00 -1.01181149e-06 
 5.39250000e-09  5.39250000e-09  0.00000000e+00  2.49948563e+00 -9.36893404e-07 
 5.39350000e-09  5.39350000e-09  0.00000000e+00  2.49952372e+00 -8.67521625e-07 
 5.39450000e-09  5.39450000e-09  0.00000000e+00  2.49955899e+00 -8.03285677e-07 
 5.39550000e-09  5.39550000e-09  0.00000000e+00  2.49959164e+00 -7.43805449e-07 
 5.39650000e-09  5.39650000e-09  0.00000000e+00  2.49962188e+00 -6.88728945e-07 
 5.39750000e-09  5.39750000e-09  0.00000000e+00  2.49964988e+00 -6.37730209e-07 
 5.39850000e-09  5.39850000e-09  0.00000000e+00  2.49967581e+00 -5.90507401e-07 
 5.39950000e-09  5.39950000e-09  0.00000000e+00  2.49969982e+00 -5.46781012e-07 
 5.40050000e-09  5.40050000e-09  0.00000000e+00  2.49972205e+00 -5.06292216e-07 
 5.40150000e-09  5.40150000e-09  0.00000000e+00  2.49974263e+00 -4.68801338e-07 
 5.40250000e-09  5.40250000e-09  0.00000000e+00  2.49976169e+00 -4.34086442e-07 
 5.40350000e-09  5.40350000e-09  0.00000000e+00  2.49977934e+00 -4.01942014e-07 
 5.40450000e-09  5.40450000e-09  0.00000000e+00  2.49979568e+00 -3.72177752e-07 
 5.40550000e-09  5.40550000e-09  0.00000000e+00  2.49981081e+00 -3.44617437e-07 
 5.40650000e-09  5.40650000e-09  0.00000000e+00  2.49982482e+00 -3.19097896e-07 
 5.40750000e-09  5.40750000e-09  0.00000000e+00  2.49983779e+00 -2.95468031e-07 
 5.40850000e-09  5.40850000e-09  0.00000000e+00  2.49984980e+00 -2.73587930e-07 
 5.40950000e-09  5.40950000e-09  0.00000000e+00  2.49986093e+00 -2.53328038e-07 
 5.41050000e-09  5.41050000e-09  0.00000000e+00  2.49987123e+00 -2.34568391e-07 
 5.41150000e-09  5.41150000e-09  0.00000000e+00  2.49988076e+00 -2.17197905e-07 
 5.41250000e-09  5.41250000e-09  0.00000000e+00  2.49988959e+00 -2.01113720e-07 
 5.41350000e-09  5.41350000e-09  0.00000000e+00  2.49989777e+00 -1.86220590e-07 
 5.41450000e-09  5.41450000e-09  0.00000000e+00  2.49990534e+00 -1.72430324e-07 
 5.41550000e-09  5.41550000e-09  0.00000000e+00  2.49991235e+00 -1.59661257e-07 
 5.41650000e-09  5.41650000e-09  0.00000000e+00  2.49991884e+00 -1.47837771e-07 
 5.41750000e-09  5.41750000e-09  0.00000000e+00  2.49992485e+00 -1.36889848e-07 
 5.41850000e-09  5.41850000e-09  0.00000000e+00  2.49993042e+00 -1.26752652e-07 
 5.41950000e-09  5.41950000e-09  0.00000000e+00  2.49993557e+00 -1.17366150e-07 
 5.42050000e-09  5.42050000e-09  0.00000000e+00  2.49994034e+00 -1.08674753e-07 
 5.42150000e-09  5.42150000e-09  0.00000000e+00  2.49994476e+00 -1.00626987e-07 
 5.42250000e-09  5.42250000e-09  0.00000000e+00  2.49994885e+00 -9.31751918e-08 
 5.42350000e-09  5.42350000e-09  0.00000000e+00  2.49995264e+00 -8.62752333e-08 
 5.42450000e-09  5.42450000e-09  0.00000000e+00  2.49995614e+00 -7.98862481e-08 
 5.42550000e-09  5.42550000e-09  0.00000000e+00  2.49995939e+00 -7.39703965e-08 
 5.42650000e-09  5.42650000e-09  0.00000000e+00  2.49996240e+00 -6.84926426e-08 
 5.42750000e-09  5.42750000e-09  0.00000000e+00  2.49996518e+00 -6.34205431e-08 
 5.42850000e-09  5.42850000e-09  0.00000000e+00  2.49996776e+00 -5.87240588e-08 
 5.42950000e-09  5.42950000e-09  0.00000000e+00  2.49997015e+00 -5.43753733e-08 
 5.43050000e-09  5.43050000e-09  0.00000000e+00  2.49997236e+00 -5.03487316e-08 
 5.43150000e-09  5.43150000e-09  0.00000000e+00  2.49997441e+00 -4.66202841e-08 
 5.43250000e-09  5.43250000e-09  0.00000000e+00  2.49997630e+00 -4.31679493e-08 
 5.43350000e-09  5.43350000e-09  0.00000000e+00  2.49997806e+00 -3.99712789e-08 
 5.43450000e-09  5.43450000e-09  0.00000000e+00  2.49997968e+00 -3.70113407e-08 
 5.43550000e-09  5.43550000e-09  0.00000000e+00  2.49998119e+00 -3.42706027e-08 
 5.43650000e-09  5.43650000e-09  0.00000000e+00  2.49998258e+00 -3.17328329e-08 
 5.43750000e-09  5.43750000e-09  0.00000000e+00  2.49998387e+00 -2.93829995e-08 
 5.43850000e-09  5.43850000e-09  0.00000000e+00  2.49998506e+00 -2.72071859e-08 
 5.43950000e-09  5.43950000e-09  0.00000000e+00  2.49998617e+00 -2.51925040e-08 
 5.44050000e-09  5.44050000e-09  0.00000000e+00  2.49998719e+00 -2.33270221e-08 
 5.44150000e-09  5.44150000e-09  0.00000000e+00  2.49998814e+00 -2.15996902e-08 
 5.44250000e-09  5.44250000e-09  0.00000000e+00  2.49998902e+00 -2.00002785e-08 
 5.44350000e-09  5.44350000e-09  0.00000000e+00  2.49998983e+00 -1.85193127e-08 
 5.44450000e-09  5.44450000e-09  0.00000000e+00  2.49999059e+00 -1.71480222e-08 
 5.44550000e-09  5.44550000e-09  0.00000000e+00  2.49999128e+00 -1.58782840e-08 
 5.44650000e-09  5.44650000e-09  0.00000000e+00  2.49999193e+00 -1.47025785e-08 
 5.44750000e-09  5.44750000e-09  0.00000000e+00  2.49999253e+00 -1.36139410e-08 
 5.44850000e-09  5.44850000e-09  0.00000000e+00  2.49999308e+00 -1.26059247e-08 
 5.44950000e-09  5.44950000e-09  0.00000000e+00  2.49999359e+00 -1.16725579e-08 
 5.45050000e-09  5.45050000e-09  0.00000000e+00  2.49999407e+00 -1.08083135e-08 
 5.45150000e-09  5.45150000e-09  0.00000000e+00  2.49999451e+00 -1.00080716e-08 
 5.45250000e-09  5.45250000e-09  0.00000000e+00  2.49999491e+00 -9.26709325e-09 
 5.45350000e-09  5.45350000e-09  0.00000000e+00  2.49999529e+00 -8.58098874e-09 
 5.45450000e-09  5.45450000e-09  0.00000000e+00  2.49999564e+00 -7.94569525e-09 
 5.45550000e-09  5.45550000e-09  0.00000000e+00  2.49999596e+00 -7.35744895e-09 
 5.45650000e-09  5.45650000e-09  0.00000000e+00  2.49999626e+00 -6.81276666e-09 
 5.45750000e-09  5.45750000e-09  0.00000000e+00  2.49999654e+00 -6.30842120e-09 
 5.45850000e-09  5.45850000e-09  0.00000000e+00  2.49999679e+00 -5.84142636e-09 
 5.45950000e-09  5.45950000e-09  0.00000000e+00  2.49999703e+00 -5.40901510e-09 
 5.46050000e-09  5.46050000e-09  0.00000000e+00  2.49999725e+00 -5.00862726e-09 
 5.46150000e-09  5.46150000e-09  0.00000000e+00  2.49999745e+00 -4.63789032e-09 
 5.46250000e-09  5.46250000e-09  0.00000000e+00  2.49999764e+00 -4.29460941e-09 
 5.46350000e-09  5.46350000e-09  0.00000000e+00  2.49999782e+00 -3.97675026e-09 
 5.46450000e-09  5.46450000e-09  0.00000000e+00  2.49999798e+00 -3.68243120e-09 
 5.46550000e-09  5.46550000e-09  0.00000000e+00  2.49999813e+00 -3.40990794e-09 
 5.46650000e-09  5.46650000e-09  0.00000000e+00  2.49999827e+00 -3.15756735e-09 
 5.46750000e-09  5.46750000e-09  0.00000000e+00  2.49999839e+00 -2.92391379e-09 
 5.46850000e-09  5.46850000e-09  0.00000000e+00  2.49999851e+00 -2.70756433e-09 
 5.46950000e-09  5.46950000e-09  0.00000000e+00  2.49999862e+00 -2.50723652e-09 
 5.47050000e-09  5.47050000e-09  0.00000000e+00  2.49999873e+00 -2.32174480e-09 
 5.47150000e-09  5.47150000e-09  0.00000000e+00  2.49999882e+00 -2.14998953e-09 
 5.47250000e-09  5.47250000e-09  0.00000000e+00  2.49999891e+00 -1.99095437e-09 
 5.47350000e-09  5.47350000e-09  0.00000000e+00  2.49999899e+00 -1.84369635e-09 
 5.47450000e-09  5.47450000e-09  0.00000000e+00  2.49999906e+00 -1.70734427e-09 
 5.47550000e-09  5.47550000e-09  0.00000000e+00  2.49999913e+00 -1.58108950e-09 
 5.47650000e-09  5.47650000e-09  0.00000000e+00  2.49999920e+00 -1.46418523e-09 
 5.47750000e-09  5.47750000e-09  0.00000000e+00  2.49999926e+00 -1.35593803e-09 
 5.47850000e-09  5.47850000e-09  0.00000000e+00  2.49999931e+00 -1.25570775e-09 
 5.47950000e-09  5.47950000e-09  0.00000000e+00  2.49999936e+00 -1.16289970e-09 
 5.48050000e-09  5.48050000e-09  0.00000000e+00  2.49999941e+00 -1.07696522e-09 
 5.48150000e-09  5.48150000e-09  0.00000000e+00  2.49999945e+00 -9.97394280e-10 
 5.48250000e-09  5.48250000e-09  0.00000000e+00  2.49999949e+00 -9.23716585e-10 
 5.48350000e-09  5.48350000e-09  0.00000000e+00  2.49999953e+00 -8.55494750e-10 
 5.48450000e-09  5.48450000e-09  0.00000000e+00  2.49999957e+00 -7.92325672e-10 
 5.48550000e-09  5.48550000e-09  0.00000000e+00  2.49999960e+00 -7.33834227e-10 
 5.48650000e-09  5.48650000e-09  0.00000000e+00  2.49999963e+00 -6.79674939e-10 
 5.48750000e-09  5.48750000e-09  0.00000000e+00  2.49999965e+00 -6.29526040e-10 
 5.48850000e-09  5.48850000e-09  0.00000000e+00  2.49999968e+00 -5.83091482e-10 
 5.48950000e-09  5.48950000e-09  0.00000000e+00  2.49999970e+00 -5.40095239e-10 
 5.49050000e-09  5.49050000e-09  0.00000000e+00  2.49999973e+00 -5.00283639e-10 
 5.49150000e-09  5.49150000e-09  0.00000000e+00  2.49999975e+00 -4.63419884e-10 
 5.49250000e-09  5.49250000e-09  0.00000000e+00  2.49999976e+00 -4.29286611e-10 
 5.49350000e-09  5.49350000e-09  0.00000000e+00  2.49999978e+00 -3.97680670e-10 
 5.49450000e-09  5.49450000e-09  0.00000000e+00  2.49999980e+00 -3.68415828e-10 
 5.49550000e-09  5.49550000e-09  0.00000000e+00  2.49999981e+00 -3.41317785e-10 
 5.49650000e-09  5.49650000e-09  0.00000000e+00  2.49999983e+00 -3.16227005e-10 
 5.49750000e-09  5.49750000e-09  0.00000000e+00  2.49999984e+00 -2.92993883e-10 
 5.49850000e-09  5.49850000e-09  0.00000000e+00  2.49999985e+00 -2.71481817e-10 
 5.49950000e-09  5.49950000e-09  0.00000000e+00  2.49999986e+00 -2.51562379e-10 
 5.50050000e-09  5.50050000e-09  0.00000000e+00  2.49999987e+00 -2.33118612e-10 
 5.50150000e-09  5.50150000e-09  0.00000000e+00  2.49999988e+00 -2.16040228e-10 
 5.50250000e-09  5.50250000e-09  0.00000000e+00  2.49999989e+00 -2.00227111e-10 
 5.50350000e-09  5.50350000e-09  0.00000000e+00  2.49999990e+00 -1.85584574e-10 
 5.50450000e-09  5.50450000e-09  0.00000000e+00  2.49999991e+00 -1.72026893e-10 
 5.50550000e-09  5.50550000e-09  0.00000000e+00  2.49999991e+00 -1.59472771e-10 
 5.50650000e-09  5.50650000e-09  0.00000000e+00  2.49999992e+00 -1.47848856e-10 
 5.50750000e-09  5.50750000e-09  0.00000000e+00  2.49999992e+00 -1.37085280e-10 
 5.50850000e-09  5.50850000e-09  0.00000000e+00  2.49999993e+00 -1.27119313e-10 
 5.50950000e-09  5.50950000e-09  0.00000000e+00  2.49999994e+00 -1.17890900e-10 
 5.51050000e-09  5.51050000e-09  0.00000000e+00  2.49999994e+00 -1.09346405e-10 
 5.51150000e-09  5.51150000e-09  0.00000000e+00  2.49999994e+00 -1.01434204e-10 
 5.51250000e-09  5.51250000e-09  0.00000000e+00  2.49999995e+00 -9.41084363e-11 
 5.51350000e-09  5.51350000e-09  0.00000000e+00  2.49999995e+00 -8.73247022e-11 
 5.51450000e-09  5.51450000e-09  0.00000000e+00  2.49999996e+00 -8.10438357e-11 
 5.51550000e-09  5.51550000e-09  0.00000000e+00  2.49999996e+00 -7.52276271e-11 
 5.51650000e-09  5.51650000e-09  0.00000000e+00  2.49999996e+00 -6.98426404e-11 
 5.51750000e-09  5.51750000e-09  0.00000000e+00  2.49999996e+00 -6.48559609e-11 
 5.51850000e-09  5.51850000e-09  0.00000000e+00  2.49999997e+00 -6.02390516e-11 
 5.51950000e-09  5.51950000e-09  0.00000000e+00  2.49999997e+00 -5.59635888e-11 
 5.52050000e-09  5.52050000e-09  0.00000000e+00  2.49999997e+00 -5.20052282e-11 
 5.52150000e-09  5.52150000e-09  0.00000000e+00  2.49999997e+00 -4.83395260e-11 
 5.52250000e-09  5.52250000e-09  0.00000000e+00  2.49999998e+00 -4.49457815e-11 
 5.52350000e-09  5.52350000e-09  0.00000000e+00  2.49999998e+00 -4.18028884e-11 
 5.52450000e-09  5.52450000e-09  0.00000000e+00  2.49999998e+00 -3.88932168e-11 
 5.52550000e-09  5.52550000e-09  0.00000000e+00  2.49999998e+00 -3.61985520e-11 
 5.52650000e-09  5.52650000e-09  0.00000000e+00  2.49999998e+00 -3.37039268e-11 
 5.52750000e-09  5.52750000e-09  0.00000000e+00  2.49999998e+00 -3.13935588e-11 
 5.52850000e-09  5.52850000e-09  0.00000000e+00  2.49999998e+00 -2.92547766e-11 
 5.52950000e-09  5.52950000e-09  0.00000000e+00  2.49999999e+00 -2.72738993e-11 
 5.53050000e-09  5.53050000e-09  0.00000000e+00  2.49999999e+00 -2.54402098e-11 
 5.53150000e-09  5.53150000e-09  0.00000000e+00  2.49999999e+00 -2.37418314e-11 
 5.53250000e-09  5.53250000e-09  0.00000000e+00  2.49999999e+00 -2.21697018e-11 
 5.53350000e-09  5.53350000e-09  0.00000000e+00  2.49999999e+00 -2.07135394e-11 
 5.53450000e-09  5.53450000e-09  0.00000000e+00  2.49999999e+00 -1.93656818e-11 
 5.53550000e-09  5.53550000e-09  0.00000000e+00  2.49999999e+00 -1.81171632e-11 
 5.53650000e-09  5.53650000e-09  0.00000000e+00  2.49999999e+00 -1.69615866e-11 
 5.53750000e-09  5.53750000e-09  0.00000000e+00  2.49999999e+00 -1.58911087e-11 
 5.53850000e-09  5.53850000e-09  0.00000000e+00  2.49999999e+00 -1.49003839e-11 
 5.53950000e-09  5.53950000e-09  0.00000000e+00  2.49999999e+00 -1.39825504e-11 
 5.54050000e-09  5.54050000e-09  0.00000000e+00  2.49999999e+00 -1.31331638e-11 
 5.54150000e-09  5.54150000e-09  0.00000000e+00  2.49999999e+00 -1.23462152e-11 
 5.54250000e-09  5.54250000e-09  0.00000000e+00  2.49999999e+00 -1.16180156e-11 
 5.54350000e-09  5.54350000e-09  0.00000000e+00  2.49999999e+00 -1.09432506e-11 
 5.54450000e-09  5.54450000e-09  0.00000000e+00  2.49999999e+00 -1.03189566e-11 
 5.54550000e-09  5.54550000e-09  0.00000000e+00  2.49999999e+00 -9.74041854e-12 
 5.54650000e-09  5.54650000e-09  0.00000000e+00  2.49999999e+00 -9.20519477e-12 
 5.54750000e-09  5.54750000e-09  0.00000000e+00  2.50000000e+00 -8.70911763e-12 
 5.54850000e-09  5.54850000e-09  0.00000000e+00  2.50000000e+00 -8.25027460e-12 
 5.54950000e-09  5.54950000e-09  0.00000000e+00  2.50000000e+00 -7.82492647e-12 
 5.55050000e-09  5.55050000e-09  0.00000000e+00  2.50000000e+00 -7.43155971e-12 
 5.55150000e-09  5.55150000e-09  0.00000000e+00  2.50000000e+00 -7.06684624e-12 
 5.55250000e-09  5.55250000e-09  0.00000000e+00  2.50000000e+00 -6.72961947e-12 
 5.55350000e-09  5.55350000e-09  0.00000000e+00  2.50000000e+00 -6.41688872e-12 
 5.55450000e-09  5.55450000e-09  0.00000000e+00  2.50000000e+00 -6.12779879e-12 
 5.55550000e-09  5.55550000e-09  0.00000000e+00  2.50000000e+00 -5.85962528e-12 
 5.55650000e-09  5.55650000e-09  0.00000000e+00  2.50000000e+00 -5.61180703e-12 
 5.55750000e-09  5.55750000e-09  0.00000000e+00  2.50000000e+00 -5.38185642e-12 
 5.55850000e-09  5.55850000e-09  0.00000000e+00  2.50000000e+00 -5.16941004e-12 
 5.55950000e-09  5.55950000e-09  0.00000000e+00  2.50000000e+00 -4.97222489e-12 
 5.56050000e-09  5.56050000e-09  0.00000000e+00  2.50000000e+00 -4.79012576e-12 
 5.56150000e-09  5.56150000e-09  0.00000000e+00  2.50000000e+00 -4.62102318e-12 
 5.56250000e-09  5.56250000e-09  0.00000000e+00  2.50000000e+00 -4.46492409e-12 
 5.56350000e-09  5.56350000e-09  0.00000000e+00  2.50000000e+00 -4.31990641e-12 
 5.56450000e-09  5.56450000e-09  0.00000000e+00  2.50000000e+00 -4.18611500e-12 
 5.56550000e-09  5.56550000e-09  0.00000000e+00  2.50000000e+00 -4.06174573e-12 
 5.56650000e-09  5.56650000e-09  0.00000000e+00  2.50000000e+00 -3.94707357e-12 
 5.56750000e-09  5.56750000e-09  0.00000000e+00  2.50000000e+00 -3.84040976e-12 
 5.56850000e-09  5.56850000e-09  0.00000000e+00  2.50000000e+00 -3.74211686e-12 
 5.56950000e-09  5.56950000e-09  0.00000000e+00  2.50000000e+00 -3.65063882e-12 
 5.57050000e-09  5.57050000e-09  0.00000000e+00  2.50000000e+00 -3.56639978e-12 
 5.57150000e-09  5.57150000e-09  0.00000000e+00  2.50000000e+00 -3.48792436e-12 
 5.57250000e-09  5.57250000e-09  0.00000000e+00  2.50000000e+00 -3.41574598e-12 
 5.57350000e-09  5.57350000e-09  0.00000000e+00  2.50000000e+00 -3.34843177e-12 
 5.57450000e-09  5.57450000e-09  0.00000000e+00  2.50000000e+00 -3.28658194e-12 
 5.57550000e-09  5.57550000e-09  0.00000000e+00  2.50000000e+00 -3.22882172e-12 
 5.57650000e-09  5.57650000e-09  0.00000000e+00  2.50000000e+00 -3.17582679e-12 
 5.57750000e-09  5.57750000e-09  0.00000000e+00  2.50000000e+00 -3.12628395e-12 
 5.57850000e-09  5.57850000e-09  0.00000000e+00  2.50000000e+00 -3.08088017e-12 
 5.57950000e-09  5.57950000e-09  0.00000000e+00  2.50000000e+00 -3.03836643e-12 
 5.58050000e-09  5.58050000e-09  0.00000000e+00  2.50000000e+00 -2.99947827e-12 
 5.58150000e-09  5.58150000e-09  0.00000000e+00  2.50000000e+00 -2.96299443e-12 
 5.58250000e-09  5.58250000e-09  0.00000000e+00  2.50000000e+00 -2.92968427e-12 
 5.58350000e-09  5.58350000e-09  0.00000000e+00  2.50000000e+00 -2.89835864e-12 
 5.58450000e-09  5.58450000e-09  0.00000000e+00  2.50000000e+00 -2.86983978e-12 
 5.58550000e-09  5.58550000e-09  0.00000000e+00  2.50000000e+00 -2.84295330e-12 
 5.58650000e-09  5.58650000e-09  0.00000000e+00  2.50000000e+00 -2.81853707e-12 
 5.58750000e-09  5.58750000e-09  0.00000000e+00  2.50000000e+00 -2.79544183e-12 
 5.58850000e-09  5.58850000e-09  0.00000000e+00  2.50000000e+00 -2.77454448e-12 
 5.58950000e-09  5.58950000e-09  0.00000000e+00  2.50000000e+00 -2.75470879e-12 
 5.59050000e-09  5.59050000e-09  0.00000000e+00  2.50000000e+00 -2.73683680e-12 
 5.59150000e-09  5.59150000e-09  0.00000000e+00  2.50000000e+00 -2.71979748e-12 
 5.59250000e-09  5.59250000e-09  0.00000000e+00  2.50000000e+00 -2.70449461e-12 
 5.59350000e-09  5.59350000e-09  0.00000000e+00  2.50000000e+00 -2.68985702e-12 
 5.59450000e-09  5.59450000e-09  0.00000000e+00  2.50000000e+00 -2.67677980e-12 
 5.59550000e-09  5.59550000e-09  0.00000000e+00  2.50000000e+00 -2.66418051e-12 
 5.59650000e-09  5.59650000e-09  0.00000000e+00  2.50000000e+00 -2.65300022e-12 
 5.59750000e-09  5.59750000e-09  0.00000000e+00  2.50000000e+00 -2.64217207e-12 
 5.59850000e-09  5.59850000e-09  0.00000000e+00  2.50000000e+00 -2.63261982e-12 
 5.59950000e-09  5.59950000e-09  0.00000000e+00  2.50000000e+00 -2.62330435e-12 
 5.60050000e-09  5.60050000e-09  0.00000000e+00  2.50000000e+00 -2.61515549e-12 
 5.60150000e-09  5.60150000e-09  0.00000000e+00  2.50000000e+00 -2.60711591e-12 
 5.60250000e-09  5.60250000e-09  0.00000000e+00  2.50000000e+00 -2.60016834e-12 
 5.60350000e-09  5.60350000e-09  0.00000000e+00  2.50000000e+00 -2.59325460e-12 
 5.60450000e-09  5.60450000e-09  0.00000000e+00  2.50000000e+00 -2.58732358e-12 
 5.60550000e-09  5.60550000e-09  0.00000000e+00  2.50000000e+00 -2.58136221e-12 
 5.60650000e-09  5.60650000e-09  0.00000000e+00  2.50000000e+00 -2.57631069e-12 
 5.60750000e-09  5.60750000e-09  0.00000000e+00  2.50000000e+00 -2.57116810e-12 
 5.60850000e-09  5.60850000e-09  0.00000000e+00  2.50000000e+00 -2.56687119e-12 
 5.60950000e-09  5.60950000e-09  0.00000000e+00  2.50000000e+00 -2.56242510e-12 
 5.61050000e-09  5.61050000e-09  0.00000000e+00  2.50000000e+00 -2.55878478e-12 
 5.61150000e-09  5.61150000e-09  0.00000000e+00  2.50000000e+00 -2.55493196e-12 
 5.61250000e-09  5.61250000e-09  0.00000000e+00  2.50000000e+00 -2.55184242e-12 
 5.61350000e-09  5.61350000e-09  0.00000000e+00  2.50000000e+00 -2.54850134e-12 
 5.61450000e-09  5.61450000e-09  0.00000000e+00  2.50000000e+00 -2.54589665e-12 
 5.61550000e-09  5.61550000e-09  0.00000000e+00  2.50000000e+00 -2.54299880e-12 
 5.61650000e-09  5.61650000e-09  0.00000000e+00  2.50000000e+00 -2.54079049e-12 
 5.61750000e-09  5.61750000e-09  0.00000000e+00  2.50000000e+00 -2.53827948e-12 
 5.61850000e-09  5.61850000e-09  0.00000000e+00  2.50000000e+00 -2.53641639e-12 
 5.61950000e-09  5.61950000e-09  0.00000000e+00  2.50000000e+00 -2.53422110e-12 
 5.62050000e-09  5.62050000e-09  0.00000000e+00  2.50000000e+00 -2.53267199e-12 
 5.62150000e-09  5.62150000e-09  0.00000000e+00  2.50000000e+00 -2.53074731e-12 
 5.62250000e-09  5.62250000e-09  0.00000000e+00  2.50000000e+00 -2.52945408e-12 
 5.62350000e-09  5.62350000e-09  0.00000000e+00  2.50000000e+00 -2.52776793e-12 
 5.62450000e-09  5.62450000e-09  0.00000000e+00  2.50000000e+00 -2.52670194e-12 
 5.62550000e-09  5.62550000e-09  0.00000000e+00  2.50000000e+00 -2.52521788e-12 
 5.62650000e-09  5.62650000e-09  0.00000000e+00  2.50000000e+00 -2.52433144e-12 
 5.62750000e-09  5.62750000e-09  0.00000000e+00  2.50000000e+00 -2.52303300e-12 
 5.62850000e-09  5.62850000e-09  0.00000000e+00  2.50000000e+00 -2.52231222e-12 
 5.62950000e-09  5.62950000e-09  0.00000000e+00  2.50000000e+00 -2.52115950e-12 
 5.63050000e-09  5.63050000e-09  0.00000000e+00  2.50000000e+00 -2.52057143e-12 
 5.63150000e-09  5.63150000e-09  0.00000000e+00  2.50000000e+00 -2.51954881e-12 
 5.63250000e-09  5.63250000e-09  0.00000000e+00  2.50000000e+00 -2.51907436e-12 
 5.63350000e-09  5.63350000e-09  0.00000000e+00  2.50000000e+00 -2.51816710e-12 
 5.63450000e-09  5.63450000e-09  0.00000000e+00  2.50000000e+00 -2.51780801e-12 
 5.63550000e-09  5.63550000e-09  0.00000000e+00  2.50000000e+00 -2.51698055e-12 
 5.63650000e-09  5.63650000e-09  0.00000000e+00  2.50000000e+00 -2.51670993e-12 
 5.63750000e-09  5.63750000e-09  0.00000000e+00  2.50000000e+00 -2.51597441e-12 
 5.63850000e-09  5.63850000e-09  0.00000000e+00  2.50000000e+00 -2.51576884e-12 
 5.63950000e-09  5.63950000e-09  0.00000000e+00  2.50000000e+00 -2.51510531e-12 
 5.64050000e-09  5.64050000e-09  0.00000000e+00  2.50000000e+00 -2.51495873e-12 
 5.64150000e-09  5.64150000e-09  0.00000000e+00  2.50000000e+00 -2.51435244e-12 
 5.64250000e-09  5.64250000e-09  0.00000000e+00  2.50000000e+00 -2.51426831e-12 
 5.64350000e-09  5.64350000e-09  0.00000000e+00  2.50000000e+00 -2.51371146e-12 
 5.64450000e-09  5.64450000e-09  0.00000000e+00  2.50000000e+00 -2.51368197e-12 
 5.64550000e-09  5.64550000e-09  0.00000000e+00  2.50000000e+00 -2.51317196e-12 
 5.64650000e-09  5.64650000e-09  0.00000000e+00  2.50000000e+00 -2.51317890e-12 
 5.64750000e-09  5.64750000e-09  0.00000000e+00  2.50000000e+00 -2.51269925e-12 
 5.64850000e-09  5.64850000e-09  0.00000000e+00  2.50000000e+00 -2.51274349e-12 
 5.64950000e-09  5.64950000e-09  0.00000000e+00  2.50000000e+00 -2.51229593e-12 
 5.65050000e-09  5.65050000e-09  0.00000000e+00  2.50000000e+00 -2.51236532e-12 
 5.65150000e-09  5.65150000e-09  0.00000000e+00  2.50000000e+00 -2.51194378e-12 
 5.65250000e-09  5.65250000e-09  0.00000000e+00  2.50000000e+00 -2.51204006e-12 
 5.65350000e-09  5.65350000e-09  0.00000000e+00  2.50000000e+00 -2.51164887e-12 
 5.65450000e-09  5.65450000e-09  0.00000000e+00  2.50000000e+00 -2.51176423e-12 
 5.65550000e-09  5.65550000e-09  0.00000000e+00  2.50000000e+00 -2.51139387e-12 
 5.65650000e-09  5.65650000e-09  0.00000000e+00  2.50000000e+00 -2.51153699e-12 
 5.65750000e-09  5.65750000e-09  0.00000000e+00  2.50000000e+00 -2.51117096e-12 
 5.65850000e-09  5.65850000e-09  0.00000000e+00  2.50000000e+00 -2.51132969e-12 
 5.65950000e-09  5.65950000e-09  0.00000000e+00  2.50000000e+00 -2.51099055e-12 
 5.66050000e-09  5.66050000e-09  0.00000000e+00  2.50000000e+00 -2.51115795e-12 
 5.66150000e-09  5.66150000e-09  0.00000000e+00  2.50000000e+00 -2.51082748e-12 
 5.66250000e-09  5.66250000e-09  0.00000000e+00  2.50000000e+00 -2.51100616e-12 
 5.66350000e-09  5.66350000e-09  0.00000000e+00  2.50000000e+00 -2.51069825e-12 
 5.66450000e-09  5.66450000e-09  0.00000000e+00  2.50000000e+00 -2.51088993e-12 
 5.66550000e-09  5.66550000e-09  0.00000000e+00  2.50000000e+00 -2.51057248e-12 
 5.66650000e-09  5.66650000e-09  0.00000000e+00  2.50000000e+00 -2.51077544e-12 
 5.66750000e-09  5.66750000e-09  0.00000000e+00  2.50000000e+00 -2.51047360e-12 
 5.66850000e-09  5.66850000e-09  0.00000000e+00  2.50000000e+00 -2.51068263e-12 
 5.66950000e-09  5.66950000e-09  0.00000000e+00  2.50000000e+00 -2.51038947e-12 
 5.67050000e-09  5.67050000e-09  0.00000000e+00  2.50000000e+00 -2.51060978e-12 
 5.67150000e-09  5.67150000e-09  0.00000000e+00  2.50000000e+00 -2.51032441e-12 
 5.67250000e-09  5.67250000e-09  0.00000000e+00  2.50000000e+00 -2.51053432e-12 
 5.67350000e-09  5.67350000e-09  0.00000000e+00  2.50000000e+00 -2.51025242e-12 
 5.67450000e-09  5.67450000e-09  0.00000000e+00  2.50000000e+00 -2.51048574e-12 
 5.67550000e-09  5.67550000e-09  0.00000000e+00  2.50000000e+00 -2.51020732e-12 
 5.67650000e-09  5.67650000e-09  0.00000000e+00  2.50000000e+00 -2.51043023e-12 
 5.67750000e-09  5.67750000e-09  0.00000000e+00  2.50000000e+00 -2.51015788e-12 
 5.67850000e-09  5.67850000e-09  0.00000000e+00  2.50000000e+00 -2.51037992e-12 
 5.67950000e-09  5.67950000e-09  0.00000000e+00  2.50000000e+00 -2.51011104e-12 
 5.68050000e-09  5.68050000e-09  0.00000000e+00  2.50000000e+00 -2.51034783e-12 
 5.68150000e-09  5.68150000e-09  0.00000000e+00  2.50000000e+00 -2.51008415e-12 
 5.68250000e-09  5.68250000e-09  0.00000000e+00  2.50000000e+00 -2.51031747e-12 
 5.68350000e-09  5.68350000e-09  0.00000000e+00  2.50000000e+00 -2.51005466e-12 
 5.68450000e-09  5.68450000e-09  0.00000000e+00  2.50000000e+00 -2.51028885e-12 
 5.68550000e-09  5.68550000e-09  0.00000000e+00  2.50000000e+00 -2.51003125e-12 
 5.68650000e-09  5.68650000e-09  0.00000000e+00  2.50000000e+00 -2.51027324e-12 
 5.68750000e-09  5.68750000e-09  0.00000000e+00  2.50000000e+00 -2.51001390e-12 
 5.68850000e-09  5.68850000e-09  0.00000000e+00  2.50000000e+00 -2.51024201e-12 
 5.68950000e-09  5.68950000e-09  0.00000000e+00  2.50000000e+00 -2.50999395e-12 
 5.69050000e-09  5.69050000e-09  0.00000000e+00  2.50000000e+00 -2.51023334e-12 
 5.69150000e-09  5.69150000e-09  0.00000000e+00  2.50000000e+00 -2.50997400e-12 
 5.69250000e-09  5.69250000e-09  0.00000000e+00  2.50000000e+00 -2.51021686e-12 
 5.69350000e-09  5.69350000e-09  0.00000000e+00  2.50000000e+00 -2.50996619e-12 
 5.69450000e-09  5.69450000e-09  0.00000000e+00  2.50000000e+00 -2.51020125e-12 
 5.69550000e-09  5.69550000e-09  0.00000000e+00  2.50000000e+00 -2.50994364e-12 
 5.69650000e-09  5.69650000e-09  0.00000000e+00  2.50000000e+00 -2.51019344e-12 
 5.69750000e-09  5.69750000e-09  0.00000000e+00  2.50000000e+00 -2.50993237e-12 
 5.69850000e-09  5.69850000e-09  0.00000000e+00  2.50000000e+00 -2.51017870e-12 
 5.69950000e-09  5.69950000e-09  0.00000000e+00  2.50000000e+00 -2.50992456e-12 
 5.70050000e-09  5.70050000e-09  0.00000000e+00  2.50000000e+00 -2.51018130e-12 
 5.70150000e-09  5.70150000e-09  0.00000000e+00  2.50000000e+00 -2.50992716e-12 
 5.70250000e-09  5.70250000e-09  0.00000000e+00  2.50000000e+00 -2.51017523e-12 
 5.70350000e-09  5.70350000e-09  0.00000000e+00  2.50000000e+00 -2.50991849e-12 
 5.70450000e-09  5.70450000e-09  0.00000000e+00  2.50000000e+00 -2.51016308e-12 
 5.70550000e-09  5.70550000e-09  0.00000000e+00  2.50000000e+00 -2.50991415e-12 
 5.70650000e-09  5.70650000e-09  0.00000000e+00  2.50000000e+00 -2.51015441e-12 
 5.70750000e-09  5.70750000e-09  0.00000000e+00  2.50000000e+00 -2.50989767e-12 
 5.70850000e-09  5.70850000e-09  0.00000000e+00  2.50000000e+00 -2.51014314e-12 
 5.70950000e-09  5.70950000e-09  0.00000000e+00  2.50000000e+00 -2.50990114e-12 
 5.71050000e-09  5.71050000e-09  0.00000000e+00  2.50000000e+00 -2.51014834e-12 
 5.71150000e-09  5.71150000e-09  0.00000000e+00  2.50000000e+00 -2.50990027e-12 
 5.71250000e-09  5.71250000e-09  0.00000000e+00  2.50000000e+00 -2.51013880e-12 
 5.71350000e-09  5.71350000e-09  0.00000000e+00  2.50000000e+00 -2.50988987e-12 
 5.71450000e-09  5.71450000e-09  0.00000000e+00  2.50000000e+00 -2.51014053e-12 
 5.71550000e-09  5.71550000e-09  0.00000000e+00  2.50000000e+00 -2.50988987e-12 
 5.71650000e-09  5.71650000e-09  0.00000000e+00  2.50000000e+00 -2.51014053e-12 
 5.71750000e-09  5.71750000e-09  0.00000000e+00  2.50000000e+00 -2.50989160e-12 
 5.71850000e-09  5.71850000e-09  0.00000000e+00  2.50000000e+00 -2.51014053e-12 
 5.71950000e-09  5.71950000e-09  0.00000000e+00  2.50000000e+00 -2.50988987e-12 
 5.72050000e-09  5.72050000e-09  0.00000000e+00  2.50000000e+00 -2.51014053e-12 
 5.72150000e-09  5.72150000e-09  0.00000000e+00  2.50000000e+00 -2.50989160e-12 
 5.72250000e-09  5.72250000e-09  0.00000000e+00  2.50000000e+00 -2.51014053e-12 
 5.72350000e-09  5.72350000e-09  0.00000000e+00  2.50000000e+00 -2.50988987e-12 
 5.72450000e-09  5.72450000e-09  0.00000000e+00  2.50000000e+00 -2.51014053e-12 
 5.72550000e-09  5.72550000e-09  0.00000000e+00  2.50000000e+00 -2.50989160e-12 
 5.72650000e-09  5.72650000e-09  0.00000000e+00  2.50000000e+00 -2.51014053e-12 
 5.72750000e-09  5.72750000e-09  0.00000000e+00  2.50000000e+00 -2.50988987e-12 
 5.72850000e-09  5.72850000e-09  0.00000000e+00  2.50000000e+00 -2.51014053e-12 
 5.72950000e-09  5.72950000e-09  0.00000000e+00  2.50000000e+00 -2.50989160e-12 
 5.73050000e-09  5.73050000e-09  0.00000000e+00  2.50000000e+00 -2.51014053e-12 
 5.73150000e-09  5.73150000e-09  0.00000000e+00  2.50000000e+00 -2.50988987e-12 
 5.73250000e-09  5.73250000e-09  0.00000000e+00  2.50000000e+00 -2.51014053e-12 
 5.73350000e-09  5.73350000e-09  0.00000000e+00  2.50000000e+00 -2.50989160e-12 
 5.73450000e-09  5.73450000e-09  0.00000000e+00  2.50000000e+00 -2.51014053e-12 
 5.73550000e-09  5.73550000e-09  0.00000000e+00  2.50000000e+00 -2.50988987e-12 
 5.73650000e-09  5.73650000e-09  0.00000000e+00  2.50000000e+00 -2.51014053e-12 
 5.73750000e-09  5.73750000e-09  0.00000000e+00  2.50000000e+00 -2.50989160e-12 
 5.73850000e-09  5.73850000e-09  0.00000000e+00  2.50000000e+00 -2.51014053e-12 
 5.73950000e-09  5.73950000e-09  0.00000000e+00  2.50000000e+00 -2.50988987e-12 
 5.74050000e-09  5.74050000e-09  0.00000000e+00  2.50000000e+00 -2.51014053e-12 
 5.74150000e-09  5.74150000e-09  0.00000000e+00  2.50000000e+00 -2.50989160e-12 
 5.74250000e-09  5.74250000e-09  0.00000000e+00  2.50000000e+00 -2.51014053e-12 
 5.74350000e-09  5.74350000e-09  0.00000000e+00  2.50000000e+00 -2.50988987e-12 
 5.74450000e-09  5.74450000e-09  0.00000000e+00  2.50000000e+00 -2.51014053e-12 
 5.74550000e-09  5.74550000e-09  0.00000000e+00  2.50000000e+00 -2.50989160e-12 
 5.74650000e-09  5.74650000e-09  0.00000000e+00  2.50000000e+00 -2.51014053e-12 
 5.74750000e-09  5.74750000e-09  0.00000000e+00  2.50000000e+00 -2.50988987e-12 
 5.74850000e-09  5.74850000e-09  0.00000000e+00  2.50000000e+00 -2.51014053e-12 
 5.74950000e-09  5.74950000e-09  0.00000000e+00  2.50000000e+00 -2.50989160e-12 
 5.75050000e-09  5.75050000e-09  0.00000000e+00  2.50000000e+00 -2.51014053e-12 
 5.75150000e-09  5.75150000e-09  0.00000000e+00  2.50000000e+00 -2.50988987e-12 
 5.75250000e-09  5.75250000e-09  0.00000000e+00  2.50000000e+00 -2.51014053e-12 
 5.75350000e-09  5.75350000e-09  0.00000000e+00  2.50000000e+00 -2.50989160e-12 
 5.75450000e-09  5.75450000e-09  0.00000000e+00  2.50000000e+00 -2.51014053e-12 
 5.75550000e-09  5.75550000e-09  0.00000000e+00  2.50000000e+00 -2.50988987e-12 
 5.75650000e-09  5.75650000e-09  0.00000000e+00  2.50000000e+00 -2.51014053e-12 
 5.75750000e-09  5.75750000e-09  0.00000000e+00  2.50000000e+00 -2.50989160e-12 
 5.75850000e-09  5.75850000e-09  0.00000000e+00  2.50000000e+00 -2.51014053e-12 
 5.75950000e-09  5.75950000e-09  0.00000000e+00  2.50000000e+00 -2.50988987e-12 
 5.76050000e-09  5.76050000e-09  0.00000000e+00  2.50000000e+00 -2.51014053e-12 
 5.76150000e-09  5.76150000e-09  0.00000000e+00  2.50000000e+00 -2.50989160e-12 
 5.76250000e-09  5.76250000e-09  0.00000000e+00  2.50000000e+00 -2.51014053e-12 
 5.76350000e-09  5.76350000e-09  0.00000000e+00  2.50000000e+00 -2.50988987e-12 
 5.76450000e-09  5.76450000e-09  0.00000000e+00  2.50000000e+00 -2.51014053e-12 
 5.76550000e-09  5.76550000e-09  0.00000000e+00  2.50000000e+00 -2.50989160e-12 
 5.76650000e-09  5.76650000e-09  0.00000000e+00  2.50000000e+00 -2.51014053e-12 
 5.76750000e-09  5.76750000e-09  0.00000000e+00  2.50000000e+00 -2.50988987e-12 
 5.76850000e-09  5.76850000e-09  0.00000000e+00  2.50000000e+00 -2.51014053e-12 
 5.76950000e-09  5.76950000e-09  0.00000000e+00  2.50000000e+00 -2.50989160e-12 
 5.77050000e-09  5.77050000e-09  0.00000000e+00  2.50000000e+00 -2.51014053e-12 
 5.77150000e-09  5.77150000e-09  0.00000000e+00  2.50000000e+00 -2.50988987e-12 
 5.77250000e-09  5.77250000e-09  0.00000000e+00  2.50000000e+00 -2.51014053e-12 
 5.77350000e-09  5.77350000e-09  0.00000000e+00  2.50000000e+00 -2.50989160e-12 
 5.77450000e-09  5.77450000e-09  0.00000000e+00  2.50000000e+00 -2.51014053e-12 
 5.77550000e-09  5.77550000e-09  0.00000000e+00  2.50000000e+00 -2.50988987e-12 
 5.77650000e-09  5.77650000e-09  0.00000000e+00  2.50000000e+00 -2.51014053e-12 
 5.77750000e-09  5.77750000e-09  0.00000000e+00  2.50000000e+00 -2.50989160e-12 
 5.77850000e-09  5.77850000e-09  0.00000000e+00  2.50000000e+00 -2.51014053e-12 
 5.77950000e-09  5.77950000e-09  0.00000000e+00  2.50000000e+00 -2.50988987e-12 
 5.78050000e-09  5.78050000e-09  0.00000000e+00  2.50000000e+00 -2.51014053e-12 
 5.78150000e-09  5.78150000e-09  0.00000000e+00  2.50000000e+00 -2.50989160e-12 
 5.78250000e-09  5.78250000e-09  0.00000000e+00  2.50000000e+00 -2.51014053e-12 
 5.78350000e-09  5.78350000e-09  0.00000000e+00  2.50000000e+00 -2.50988987e-12 
 5.78450000e-09  5.78450000e-09  0.00000000e+00  2.50000000e+00 -2.51014053e-12 
 5.78550000e-09  5.78550000e-09  0.00000000e+00  2.50000000e+00 -2.50989160e-12 
 5.78650000e-09  5.78650000e-09  0.00000000e+00  2.50000000e+00 -2.51014053e-12 
 5.78750000e-09  5.78750000e-09  0.00000000e+00  2.50000000e+00 -2.50988987e-12 
 5.78850000e-09  5.78850000e-09  0.00000000e+00  2.50000000e+00 -2.51014053e-12 
 5.78950000e-09  5.78950000e-09  0.00000000e+00  2.50000000e+00 -2.50989160e-12 
 5.79050000e-09  5.79050000e-09  0.00000000e+00  2.50000000e+00 -2.51014053e-12 
 5.79150000e-09  5.79150000e-09  0.00000000e+00  2.50000000e+00 -2.50988987e-12 
 5.79250000e-09  5.79250000e-09  0.00000000e+00  2.50000000e+00 -2.51014053e-12 
 5.79350000e-09  5.79350000e-09  0.00000000e+00  2.50000000e+00 -2.50989160e-12 
 5.79450000e-09  5.79450000e-09  0.00000000e+00  2.50000000e+00 -2.51014053e-12 
 5.79550000e-09  5.79550000e-09  0.00000000e+00  2.50000000e+00 -2.50988987e-12 
 5.79650000e-09  5.79650000e-09  0.00000000e+00  2.50000000e+00 -2.51014053e-12 
 5.79750000e-09  5.79750000e-09  0.00000000e+00  2.50000000e+00 -2.50989160e-12 
 5.79850000e-09  5.79850000e-09  0.00000000e+00  2.50000000e+00 -2.51014053e-12 
 5.79950000e-09  5.79950000e-09  0.00000000e+00  2.50000000e+00 -2.50988987e-12 
 5.80050000e-09  5.80050000e-09  0.00000000e+00  2.50000000e+00 -2.51014053e-12 
 5.80150000e-09  5.80150000e-09  0.00000000e+00  2.50000000e+00 -2.50989160e-12 
 5.80250000e-09  5.80250000e-09  0.00000000e+00  2.50000000e+00 -2.51014053e-12 
 5.80350000e-09  5.80350000e-09  0.00000000e+00  2.50000000e+00 -2.50988987e-12 
 5.80450000e-09  5.80450000e-09  0.00000000e+00  2.50000000e+00 -2.51014053e-12 
 5.80550000e-09  5.80550000e-09  0.00000000e+00  2.50000000e+00 -2.50989160e-12 
 5.80650000e-09  5.80650000e-09  0.00000000e+00  2.50000000e+00 -2.51014053e-12 
 5.80750000e-09  5.80750000e-09  0.00000000e+00  2.50000000e+00 -2.50988987e-12 
 5.80850000e-09  5.80850000e-09  0.00000000e+00  2.50000000e+00 -2.51014053e-12 
 5.80950000e-09  5.80950000e-09  0.00000000e+00  2.50000000e+00 -2.50989160e-12 
 5.81050000e-09  5.81050000e-09  0.00000000e+00  2.50000000e+00 -2.51014053e-12 
 5.81150000e-09  5.81150000e-09  0.00000000e+00  2.50000000e+00 -2.50988987e-12 
 5.81250000e-09  5.81250000e-09  0.00000000e+00  2.50000000e+00 -2.51014053e-12 
 5.81350000e-09  5.81350000e-09  0.00000000e+00  2.50000000e+00 -2.50989160e-12 
 5.81450000e-09  5.81450000e-09  0.00000000e+00  2.50000000e+00 -2.51014053e-12 
 5.81550000e-09  5.81550000e-09  0.00000000e+00  2.50000000e+00 -2.50988987e-12 
 5.81650000e-09  5.81650000e-09  0.00000000e+00  2.50000000e+00 -2.51014053e-12 
 5.81750000e-09  5.81750000e-09  0.00000000e+00  2.50000000e+00 -2.50989160e-12 
 5.81850000e-09  5.81850000e-09  0.00000000e+00  2.50000000e+00 -2.51014053e-12 
 5.81950000e-09  5.81950000e-09  0.00000000e+00  2.50000000e+00 -2.50988987e-12 
 5.82050000e-09  5.82050000e-09  0.00000000e+00  2.50000000e+00 -2.51014053e-12 
 5.82150000e-09  5.82150000e-09  0.00000000e+00  2.50000000e+00 -2.50989160e-12 
 5.82250000e-09  5.82250000e-09  0.00000000e+00  2.50000000e+00 -2.51014053e-12 
 5.82350000e-09  5.82350000e-09  0.00000000e+00  2.50000000e+00 -2.50988987e-12 
 5.82450000e-09  5.82450000e-09  0.00000000e+00  2.50000000e+00 -2.51014053e-12 
 5.82550000e-09  5.82550000e-09  0.00000000e+00  2.50000000e+00 -2.50989160e-12 
 5.82650000e-09  5.82650000e-09  0.00000000e+00  2.50000000e+00 -2.51014053e-12 
 5.82750000e-09  5.82750000e-09  0.00000000e+00  2.50000000e+00 -2.50988987e-12 
 5.82850000e-09  5.82850000e-09  0.00000000e+00  2.50000000e+00 -2.51014053e-12 
 5.82950000e-09  5.82950000e-09  0.00000000e+00  2.50000000e+00 -2.50989160e-12 
 5.83050000e-09  5.83050000e-09  0.00000000e+00  2.50000000e+00 -2.51014053e-12 
 5.83150000e-09  5.83150000e-09  0.00000000e+00  2.50000000e+00 -2.50988987e-12 
 5.83250000e-09  5.83250000e-09  0.00000000e+00  2.50000000e+00 -2.51014053e-12 
 5.83350000e-09  5.83350000e-09  0.00000000e+00  2.50000000e+00 -2.50989160e-12 
 5.83450000e-09  5.83450000e-09  0.00000000e+00  2.50000000e+00 -2.51014053e-12 
 5.83550000e-09  5.83550000e-09  0.00000000e+00  2.50000000e+00 -2.50988987e-12 
 5.83650000e-09  5.83650000e-09  0.00000000e+00  2.50000000e+00 -2.51014053e-12 
 5.83750000e-09  5.83750000e-09  0.00000000e+00  2.50000000e+00 -2.50989160e-12 
 5.83850000e-09  5.83850000e-09  0.00000000e+00  2.50000000e+00 -2.51014053e-12 
 5.83950000e-09  5.83950000e-09  0.00000000e+00  2.50000000e+00 -2.50988987e-12 
 5.84050000e-09  5.84050000e-09  0.00000000e+00  2.50000000e+00 -2.51014053e-12 
 5.84150000e-09  5.84150000e-09  0.00000000e+00  2.50000000e+00 -2.50989160e-12 
 5.84250000e-09  5.84250000e-09  0.00000000e+00  2.50000000e+00 -2.51014053e-12 
 5.84350000e-09  5.84350000e-09  0.00000000e+00  2.50000000e+00 -2.50988987e-12 
 5.84450000e-09  5.84450000e-09  0.00000000e+00  2.50000000e+00 -2.51014053e-12 
 5.84550000e-09  5.84550000e-09  0.00000000e+00  2.50000000e+00 -2.50989160e-12 
 5.84650000e-09  5.84650000e-09  0.00000000e+00  2.50000000e+00 -2.51014053e-12 
 5.84750000e-09  5.84750000e-09  0.00000000e+00  2.50000000e+00 -2.50988987e-12 
 5.84850000e-09  5.84850000e-09  0.00000000e+00  2.50000000e+00 -2.51014053e-12 
 5.84950000e-09  5.84950000e-09  0.00000000e+00  2.50000000e+00 -2.50989160e-12 
 5.85050000e-09  5.85050000e-09  0.00000000e+00  2.50000000e+00 -2.51014053e-12 
 5.85150000e-09  5.85150000e-09  0.00000000e+00  2.50000000e+00 -2.50988987e-12 
 5.85250000e-09  5.85250000e-09  0.00000000e+00  2.50000000e+00 -2.51014053e-12 
 5.85350000e-09  5.85350000e-09  0.00000000e+00  2.50000000e+00 -2.50989160e-12 
 5.85450000e-09  5.85450000e-09  0.00000000e+00  2.50000000e+00 -2.51014053e-12 
 5.85550000e-09  5.85550000e-09  0.00000000e+00  2.50000000e+00 -2.50988987e-12 
 5.85650000e-09  5.85650000e-09  0.00000000e+00  2.50000000e+00 -2.51014053e-12 
 5.85750000e-09  5.85750000e-09  0.00000000e+00  2.50000000e+00 -2.50989160e-12 
 5.85850000e-09  5.85850000e-09  0.00000000e+00  2.50000000e+00 -2.51014053e-12 
 5.85950000e-09  5.85950000e-09  0.00000000e+00  2.50000000e+00 -2.50988987e-12 
 5.86050000e-09  5.86050000e-09  0.00000000e+00  2.50000000e+00 -2.51014053e-12 
 5.86150000e-09  5.86150000e-09  0.00000000e+00  2.50000000e+00 -2.50989160e-12 
 5.86250000e-09  5.86250000e-09  0.00000000e+00  2.50000000e+00 -2.51014053e-12 
 5.86350000e-09  5.86350000e-09  0.00000000e+00  2.50000000e+00 -2.50988987e-12 
 5.86450000e-09  5.86450000e-09  0.00000000e+00  2.50000000e+00 -2.51014053e-12 
 5.86550000e-09  5.86550000e-09  0.00000000e+00  2.50000000e+00 -2.50989160e-12 
 5.86650000e-09  5.86650000e-09  0.00000000e+00  2.50000000e+00 -2.51014053e-12 
 5.86750000e-09  5.86750000e-09  0.00000000e+00  2.50000000e+00 -2.50988987e-12 
 5.86850000e-09  5.86850000e-09  0.00000000e+00  2.50000000e+00 -2.51014053e-12 
 5.86950000e-09  5.86950000e-09  0.00000000e+00  2.50000000e+00 -2.50989160e-12 
 5.87050000e-09  5.87050000e-09  0.00000000e+00  2.50000000e+00 -2.51014053e-12 
 5.87150000e-09  5.87150000e-09  0.00000000e+00  2.50000000e+00 -2.50988987e-12 
 5.87250000e-09  5.87250000e-09  0.00000000e+00  2.50000000e+00 -2.51014053e-12 
 5.87350000e-09  5.87350000e-09  0.00000000e+00  2.50000000e+00 -2.50989160e-12 
 5.87450000e-09  5.87450000e-09  0.00000000e+00  2.50000000e+00 -2.51014053e-12 
 5.87550000e-09  5.87550000e-09  0.00000000e+00  2.50000000e+00 -2.50988987e-12 
 5.87650000e-09  5.87650000e-09  0.00000000e+00  2.50000000e+00 -2.51014053e-12 
 5.87750000e-09  5.87750000e-09  0.00000000e+00  2.50000000e+00 -2.50989160e-12 
 5.87850000e-09  5.87850000e-09  0.00000000e+00  2.50000000e+00 -2.51014053e-12 
 5.87950000e-09  5.87950000e-09  0.00000000e+00  2.50000000e+00 -2.50988987e-12 
 5.88050000e-09  5.88050000e-09  0.00000000e+00  2.50000000e+00 -2.51014053e-12 
 5.88150000e-09  5.88150000e-09  0.00000000e+00  2.50000000e+00 -2.50989160e-12 
 5.88250000e-09  5.88250000e-09  0.00000000e+00  2.50000000e+00 -2.51014053e-12 
 5.88350000e-09  5.88350000e-09  0.00000000e+00  2.50000000e+00 -2.50988987e-12 
 5.88450000e-09  5.88450000e-09  0.00000000e+00  2.50000000e+00 -2.51014053e-12 
 5.88550000e-09  5.88550000e-09  0.00000000e+00  2.50000000e+00 -2.50989160e-12 
 5.88650000e-09  5.88650000e-09  0.00000000e+00  2.50000000e+00 -2.51014053e-12 
 5.88750000e-09  5.88750000e-09  0.00000000e+00  2.50000000e+00 -2.50988987e-12 
 5.88850000e-09  5.88850000e-09  0.00000000e+00  2.50000000e+00 -2.51014053e-12 
 5.88950000e-09  5.88950000e-09  0.00000000e+00  2.50000000e+00 -2.50989160e-12 
 5.89050000e-09  5.89050000e-09  0.00000000e+00  2.50000000e+00 -2.51014053e-12 
 5.89150000e-09  5.89150000e-09  0.00000000e+00  2.50000000e+00 -2.50988987e-12 
 5.89250000e-09  5.89250000e-09  0.00000000e+00  2.50000000e+00 -2.51014053e-12 
 5.89350000e-09  5.89350000e-09  0.00000000e+00  2.50000000e+00 -2.50989160e-12 
 5.89450000e-09  5.89450000e-09  0.00000000e+00  2.50000000e+00 -2.51014053e-12 
 5.89550000e-09  5.89550000e-09  0.00000000e+00  2.50000000e+00 -2.50988987e-12 
 5.89650000e-09  5.89650000e-09  0.00000000e+00  2.50000000e+00 -2.51014053e-12 
 5.89750000e-09  5.89750000e-09  0.00000000e+00  2.50000000e+00 -2.50989160e-12 
 5.89850000e-09  5.89850000e-09  0.00000000e+00  2.50000000e+00 -2.51014053e-12 
 5.89950000e-09  5.89950000e-09  0.00000000e+00  2.50000000e+00 -2.50988987e-12 
 5.90050000e-09  5.90050000e-09  0.00000000e+00  2.50000000e+00 -2.51014053e-12 
 5.90150000e-09  5.90150000e-09  0.00000000e+00  2.50000000e+00 -2.50989160e-12 
 5.90250000e-09  5.90250000e-09  0.00000000e+00  2.50000000e+00 -2.51014053e-12 
 5.90350000e-09  5.90350000e-09  0.00000000e+00  2.50000000e+00 -2.50988987e-12 
 5.90450000e-09  5.90450000e-09  0.00000000e+00  2.50000000e+00 -2.51014053e-12 
 5.90550000e-09  5.90550000e-09  0.00000000e+00  2.50000000e+00 -2.50989160e-12 
 5.90650000e-09  5.90650000e-09  0.00000000e+00  2.50000000e+00 -2.51014053e-12 
 5.90750000e-09  5.90750000e-09  0.00000000e+00  2.50000000e+00 -2.50988987e-12 
 5.90850000e-09  5.90850000e-09  0.00000000e+00  2.50000000e+00 -2.51014053e-12 
 5.90950000e-09  5.90950000e-09  0.00000000e+00  2.50000000e+00 -2.50989160e-12 
 5.91050000e-09  5.91050000e-09  0.00000000e+00  2.50000000e+00 -2.51014053e-12 
 5.91150000e-09  5.91150000e-09  0.00000000e+00  2.50000000e+00 -2.50988987e-12 
 5.91250000e-09  5.91250000e-09  0.00000000e+00  2.50000000e+00 -2.51014053e-12 
 5.91350000e-09  5.91350000e-09  0.00000000e+00  2.50000000e+00 -2.50989160e-12 
 5.91450000e-09  5.91450000e-09  0.00000000e+00  2.50000000e+00 -2.51014053e-12 
 5.91550000e-09  5.91550000e-09  0.00000000e+00  2.50000000e+00 -2.50988987e-12 
 5.91650000e-09  5.91650000e-09  0.00000000e+00  2.50000000e+00 -2.51014053e-12 
 5.91750000e-09  5.91750000e-09  0.00000000e+00  2.50000000e+00 -2.50989160e-12 
 5.91850000e-09  5.91850000e-09  0.00000000e+00  2.50000000e+00 -2.51014053e-12 
 5.91950000e-09  5.91950000e-09  0.00000000e+00  2.50000000e+00 -2.50988987e-12 
 5.92050000e-09  5.92050000e-09  0.00000000e+00  2.50000000e+00 -2.51014053e-12 
 5.92150000e-09  5.92150000e-09  0.00000000e+00  2.50000000e+00 -2.50989160e-12 
 5.92250000e-09  5.92250000e-09  0.00000000e+00  2.50000000e+00 -2.51014053e-12 
 5.92350000e-09  5.92350000e-09  0.00000000e+00  2.50000000e+00 -2.50988987e-12 
 5.92450000e-09  5.92450000e-09  0.00000000e+00  2.50000000e+00 -2.51014053e-12 
 5.92550000e-09  5.92550000e-09  0.00000000e+00  2.50000000e+00 -2.50989160e-12 
 5.92650000e-09  5.92650000e-09  0.00000000e+00  2.50000000e+00 -2.51014053e-12 
 5.92750000e-09  5.92750000e-09  0.00000000e+00  2.50000000e+00 -2.50988987e-12 
 5.92850000e-09  5.92850000e-09  0.00000000e+00  2.50000000e+00 -2.51014053e-12 
 5.92950000e-09  5.92950000e-09  0.00000000e+00  2.50000000e+00 -2.50989160e-12 
 5.93050000e-09  5.93050000e-09  0.00000000e+00  2.50000000e+00 -2.51014053e-12 
 5.93150000e-09  5.93150000e-09  0.00000000e+00  2.50000000e+00 -2.50988987e-12 
 5.93250000e-09  5.93250000e-09  0.00000000e+00  2.50000000e+00 -2.51014053e-12 
 5.93350000e-09  5.93350000e-09  0.00000000e+00  2.50000000e+00 -2.50989160e-12 
 5.93450000e-09  5.93450000e-09  0.00000000e+00  2.50000000e+00 -2.51014053e-12 
 5.93550000e-09  5.93550000e-09  0.00000000e+00  2.50000000e+00 -2.50988987e-12 
 5.93650000e-09  5.93650000e-09  0.00000000e+00  2.50000000e+00 -2.51014053e-12 
 5.93750000e-09  5.93750000e-09  0.00000000e+00  2.50000000e+00 -2.50989160e-12 
 5.93850000e-09  5.93850000e-09  0.00000000e+00  2.50000000e+00 -2.51014053e-12 
 5.93950000e-09  5.93950000e-09  0.00000000e+00  2.50000000e+00 -2.50988987e-12 
 5.94050000e-09  5.94050000e-09  0.00000000e+00  2.50000000e+00 -2.51014053e-12 
 5.94150000e-09  5.94150000e-09  0.00000000e+00  2.50000000e+00 -2.50989160e-12 
 5.94250000e-09  5.94250000e-09  0.00000000e+00  2.50000000e+00 -2.51014053e-12 
 5.94350000e-09  5.94350000e-09  0.00000000e+00  2.50000000e+00 -2.50988987e-12 
 5.94450000e-09  5.94450000e-09  0.00000000e+00  2.50000000e+00 -2.51014053e-12 
 5.94550000e-09  5.94550000e-09  0.00000000e+00  2.50000000e+00 -2.50989160e-12 
 5.94650000e-09  5.94650000e-09  0.00000000e+00  2.50000000e+00 -2.51014053e-12 
 5.94750000e-09  5.94750000e-09  0.00000000e+00  2.50000000e+00 -2.50988987e-12 
 5.94850000e-09  5.94850000e-09  0.00000000e+00  2.50000000e+00 -2.51014053e-12 
 5.94950000e-09  5.94950000e-09  0.00000000e+00  2.50000000e+00 -2.50989160e-12 
 5.95050000e-09  5.95050000e-09  0.00000000e+00  2.50000000e+00 -2.51014053e-12 
 5.95150000e-09  5.95150000e-09  0.00000000e+00  2.50000000e+00 -2.50988987e-12 
 5.95250000e-09  5.95250000e-09  0.00000000e+00  2.50000000e+00 -2.51014053e-12 
 5.95350000e-09  5.95350000e-09  0.00000000e+00  2.50000000e+00 -2.50989160e-12 
 5.95450000e-09  5.95450000e-09  0.00000000e+00  2.50000000e+00 -2.51014053e-12 
 5.95550000e-09  5.95550000e-09  0.00000000e+00  2.50000000e+00 -2.50988987e-12 
 5.95650000e-09  5.95650000e-09  0.00000000e+00  2.50000000e+00 -2.51014053e-12 
 5.95750000e-09  5.95750000e-09  0.00000000e+00  2.50000000e+00 -2.50989160e-12 
 5.95850000e-09  5.95850000e-09  0.00000000e+00  2.50000000e+00 -2.51014053e-12 
 5.95950000e-09  5.95950000e-09  0.00000000e+00  2.50000000e+00 -2.50988987e-12 
 5.96050000e-09  5.96050000e-09  0.00000000e+00  2.50000000e+00 -2.51014053e-12 
 5.96150000e-09  5.96150000e-09  0.00000000e+00  2.50000000e+00 -2.50989160e-12 
 5.96250000e-09  5.96250000e-09  0.00000000e+00  2.50000000e+00 -2.51014053e-12 
 5.96350000e-09  5.96350000e-09  0.00000000e+00  2.50000000e+00 -2.50988987e-12 
 5.96450000e-09  5.96450000e-09  0.00000000e+00  2.50000000e+00 -2.51014053e-12 
 5.96550000e-09  5.96550000e-09  0.00000000e+00  2.50000000e+00 -2.50989160e-12 
 5.96650000e-09  5.96650000e-09  0.00000000e+00  2.50000000e+00 -2.51014053e-12 
 5.96750000e-09  5.96750000e-09  0.00000000e+00  2.50000000e+00 -2.50988987e-12 
 5.96850000e-09  5.96850000e-09  0.00000000e+00  2.50000000e+00 -2.51014053e-12 
 5.96950000e-09  5.96950000e-09  0.00000000e+00  2.50000000e+00 -2.50989160e-12 
 5.97050000e-09  5.97050000e-09  0.00000000e+00  2.50000000e+00 -2.51014053e-12 
 5.97150000e-09  5.97150000e-09  0.00000000e+00  2.50000000e+00 -2.50988987e-12 
 5.97250000e-09  5.97250000e-09  0.00000000e+00  2.50000000e+00 -2.51014053e-12 
 5.97350000e-09  5.97350000e-09  0.00000000e+00  2.50000000e+00 -2.50989160e-12 
 5.97450000e-09  5.97450000e-09  0.00000000e+00  2.50000000e+00 -2.51014053e-12 
 5.97550000e-09  5.97550000e-09  0.00000000e+00  2.50000000e+00 -2.50988987e-12 
 5.97650000e-09  5.97650000e-09  0.00000000e+00  2.50000000e+00 -2.51014053e-12 
 5.97750000e-09  5.97750000e-09  0.00000000e+00  2.50000000e+00 -2.50989160e-12 
 5.97850000e-09  5.97850000e-09  0.00000000e+00  2.50000000e+00 -2.51014053e-12 
 5.97950000e-09  5.97950000e-09  0.00000000e+00  2.50000000e+00 -2.50988987e-12 
 5.98050000e-09  5.98050000e-09  0.00000000e+00  2.50000000e+00 -2.51014053e-12 
 5.98150000e-09  5.98150000e-09  0.00000000e+00  2.50000000e+00 -2.50989160e-12 
 5.98250000e-09  5.98250000e-09  0.00000000e+00  2.50000000e+00 -2.51014053e-12 
 5.98350000e-09  5.98350000e-09  0.00000000e+00  2.50000000e+00 -2.50988987e-12 
 5.98450000e-09  5.98450000e-09  0.00000000e+00  2.50000000e+00 -2.51014053e-12 
 5.98550000e-09  5.98550000e-09  0.00000000e+00  2.50000000e+00 -2.50989160e-12 
 5.98650000e-09  5.98650000e-09  0.00000000e+00  2.50000000e+00 -2.51014053e-12 
 5.98750000e-09  5.98750000e-09  0.00000000e+00  2.50000000e+00 -2.50988987e-12 
 5.98850000e-09  5.98850000e-09  0.00000000e+00  2.50000000e+00 -2.51014053e-12 
 5.98950000e-09  5.98950000e-09  0.00000000e+00  2.50000000e+00 -2.50989160e-12 
 5.99050000e-09  5.99050000e-09  0.00000000e+00  2.50000000e+00 -2.51014053e-12 
 5.99150000e-09  5.99150000e-09  0.00000000e+00  2.50000000e+00 -2.50988987e-12 
 5.99250000e-09  5.99250000e-09  0.00000000e+00  2.50000000e+00 -2.51014053e-12 
 5.99350000e-09  5.99350000e-09  0.00000000e+00  2.50000000e+00 -2.50989160e-12 
 5.99450000e-09  5.99450000e-09  0.00000000e+00  2.50000000e+00 -2.51014053e-12 
 5.99550000e-09  5.99550000e-09  0.00000000e+00  2.50000000e+00 -2.50988987e-12 
 5.99650000e-09  5.99650000e-09  0.00000000e+00  2.50000000e+00 -2.51014053e-12 
 5.99750000e-09  5.99750000e-09  0.00000000e+00  2.50000000e+00 -2.50989160e-12 
 5.99850000e-09  5.99850000e-09  0.00000000e+00  2.50000000e+00 -2.51014053e-12 
 5.99950000e-09  5.99950000e-09  0.00000000e+00  2.50000000e+00 -2.50988987e-12 
 6.00050000e-09  6.00050000e-09  0.00000000e+00  2.50000000e+00 -2.51014053e-12 
 6.00150000e-09  6.00150000e-09  0.00000000e+00  2.50000000e+00 -2.50989160e-12 
 6.00250000e-09  6.00250000e-09  0.00000000e+00  2.50000000e+00 -2.51014053e-12 
 6.00350000e-09  6.00350000e-09  0.00000000e+00  2.50000000e+00 -2.50988987e-12 
 6.00450000e-09  6.00450000e-09  0.00000000e+00  2.50000000e+00 -2.51014053e-12 
 6.00550000e-09  6.00550000e-09  0.00000000e+00  2.50000000e+00 -2.50989160e-12 
 6.00650000e-09  6.00650000e-09  0.00000000e+00  2.50000000e+00 -2.51014053e-12 
 6.00750000e-09  6.00750000e-09  0.00000000e+00  2.50000000e+00 -2.50988987e-12 
 6.00850000e-09  6.00850000e-09  0.00000000e+00  2.50000000e+00 -2.51014053e-12 
 6.00950000e-09  6.00950000e-09  0.00000000e+00  2.50000000e+00 -2.50989160e-12 
 6.01050000e-09  6.01050000e-09  0.00000000e+00  2.50000000e+00 -2.51014053e-12 
 6.01150000e-09  6.01150000e-09  0.00000000e+00  2.50000000e+00 -2.50988987e-12 
 6.01250000e-09  6.01250000e-09  0.00000000e+00  2.50000000e+00 -2.51014053e-12 
 6.01350000e-09  6.01350000e-09  0.00000000e+00  2.50000000e+00 -2.50989160e-12 
 6.01450000e-09  6.01450000e-09  0.00000000e+00  2.50000000e+00 -2.51014053e-12 
 6.01550000e-09  6.01550000e-09  0.00000000e+00  2.50000000e+00 -2.50988987e-12 
 6.01650000e-09  6.01650000e-09  0.00000000e+00  2.50000000e+00 -2.51014053e-12 
 6.01750000e-09  6.01750000e-09  0.00000000e+00  2.50000000e+00 -2.50989160e-12 
 6.01850000e-09  6.01850000e-09  0.00000000e+00  2.50000000e+00 -2.51014053e-12 
 6.01950000e-09  6.01950000e-09  0.00000000e+00  2.50000000e+00 -2.50988987e-12 
 6.02050000e-09  6.02050000e-09  0.00000000e+00  2.50000000e+00 -2.51014053e-12 
 6.02150000e-09  6.02150000e-09  0.00000000e+00  2.50000000e+00 -2.50989160e-12 
 6.02250000e-09  6.02250000e-09  0.00000000e+00  2.50000000e+00 -2.51014053e-12 
 6.02350000e-09  6.02350000e-09  0.00000000e+00  2.50000000e+00 -2.50988987e-12 
 6.02450000e-09  6.02450000e-09  0.00000000e+00  2.50000000e+00 -2.51014053e-12 
 6.02550000e-09  6.02550000e-09  0.00000000e+00  2.50000000e+00 -2.50989160e-12 
 6.02650000e-09  6.02650000e-09  0.00000000e+00  2.50000000e+00 -2.51014053e-12 
 6.02750000e-09  6.02750000e-09  0.00000000e+00  2.50000000e+00 -2.50988987e-12 
 6.02850000e-09  6.02850000e-09  0.00000000e+00  2.50000000e+00 -2.51014053e-12 
 6.02950000e-09  6.02950000e-09  0.00000000e+00  2.50000000e+00 -2.50989160e-12 
 6.03050000e-09  6.03050000e-09  0.00000000e+00  2.50000000e+00 -2.51014053e-12 
 6.03150000e-09  6.03150000e-09  0.00000000e+00  2.50000000e+00 -2.50988987e-12 
 6.03250000e-09  6.03250000e-09  0.00000000e+00  2.50000000e+00 -2.51014053e-12 
 6.03350000e-09  6.03350000e-09  0.00000000e+00  2.50000000e+00 -2.50989160e-12 
 6.03450000e-09  6.03450000e-09  0.00000000e+00  2.50000000e+00 -2.51014053e-12 
 6.03550000e-09  6.03550000e-09  0.00000000e+00  2.50000000e+00 -2.50988987e-12 
 6.03650000e-09  6.03650000e-09  0.00000000e+00  2.50000000e+00 -2.51014053e-12 
 6.03750000e-09  6.03750000e-09  0.00000000e+00  2.50000000e+00 -2.50989160e-12 
 6.03850000e-09  6.03850000e-09  0.00000000e+00  2.50000000e+00 -2.51014053e-12 
 6.03950000e-09  6.03950000e-09  0.00000000e+00  2.50000000e+00 -2.50988987e-12 
 6.04050000e-09  6.04050000e-09  0.00000000e+00  2.50000000e+00 -2.51014053e-12 
 6.04150000e-09  6.04150000e-09  0.00000000e+00  2.50000000e+00 -2.50989160e-12 
 6.04250000e-09  6.04250000e-09  0.00000000e+00  2.50000000e+00 -2.51014053e-12 
 6.04350000e-09  6.04350000e-09  0.00000000e+00  2.50000000e+00 -2.50988987e-12 
 6.04450000e-09  6.04450000e-09  0.00000000e+00  2.50000000e+00 -2.51014053e-12 
 6.04550000e-09  6.04550000e-09  0.00000000e+00  2.50000000e+00 -2.50989160e-12 
 6.04650000e-09  6.04650000e-09  0.00000000e+00  2.50000000e+00 -2.51014053e-12 
 6.04750000e-09  6.04750000e-09  0.00000000e+00  2.50000000e+00 -2.50988987e-12 
 6.04850000e-09  6.04850000e-09  0.00000000e+00  2.50000000e+00 -2.51014053e-12 
 6.04950000e-09  6.04950000e-09  0.00000000e+00  2.50000000e+00 -2.50989160e-12 
 6.05050000e-09  6.05050000e-09  0.00000000e+00  2.50000000e+00 -2.51014053e-12 
 6.05150000e-09  6.05150000e-09  0.00000000e+00  2.50000000e+00 -2.50988987e-12 
 6.05250000e-09  6.05250000e-09  0.00000000e+00  2.50000000e+00 -2.51014053e-12 
 6.05350000e-09  6.05350000e-09  0.00000000e+00  2.50000000e+00 -2.50989160e-12 
 6.05450000e-09  6.05450000e-09  0.00000000e+00  2.50000000e+00 -2.51014053e-12 
 6.05550000e-09  6.05550000e-09  0.00000000e+00  2.50000000e+00 -2.50988987e-12 
 6.05650000e-09  6.05650000e-09  0.00000000e+00  2.50000000e+00 -2.51014053e-12 
 6.05750000e-09  6.05750000e-09  0.00000000e+00  2.50000000e+00 -2.50989160e-12 
 6.05850000e-09  6.05850000e-09  0.00000000e+00  2.50000000e+00 -2.51014053e-12 
 6.05950000e-09  6.05950000e-09  0.00000000e+00  2.50000000e+00 -2.50988987e-12 
 6.06050000e-09  6.06050000e-09  0.00000000e+00  2.50000000e+00 -2.51014053e-12 
 6.06150000e-09  6.06150000e-09  0.00000000e+00  2.50000000e+00 -2.50989160e-12 
 6.06250000e-09  6.06250000e-09  0.00000000e+00  2.50000000e+00 -2.51014053e-12 
 6.06350000e-09  6.06350000e-09  0.00000000e+00  2.50000000e+00 -2.50988987e-12 
 6.06450000e-09  6.06450000e-09  0.00000000e+00  2.50000000e+00 -2.51014053e-12 
 6.06550000e-09  6.06550000e-09  0.00000000e+00  2.50000000e+00 -2.50989160e-12 
 6.06650000e-09  6.06650000e-09  0.00000000e+00  2.50000000e+00 -2.51014053e-12 
 6.06750000e-09  6.06750000e-09  0.00000000e+00  2.50000000e+00 -2.50988987e-12 
 6.06850000e-09  6.06850000e-09  0.00000000e+00  2.50000000e+00 -2.51014053e-12 
 6.06950000e-09  6.06950000e-09  0.00000000e+00  2.50000000e+00 -2.50989160e-12 
 6.07050000e-09  6.07050000e-09  0.00000000e+00  2.50000000e+00 -2.51014053e-12 
 6.07150000e-09  6.07150000e-09  0.00000000e+00  2.50000000e+00 -2.50988987e-12 
 6.07250000e-09  6.07250000e-09  0.00000000e+00  2.50000000e+00 -2.51014053e-12 
 6.07350000e-09  6.07350000e-09  0.00000000e+00  2.50000000e+00 -2.50989160e-12 
 6.07450000e-09  6.07450000e-09  0.00000000e+00  2.50000000e+00 -2.51014053e-12 
 6.07550000e-09  6.07550000e-09  0.00000000e+00  2.50000000e+00 -2.50988987e-12 
 6.07650000e-09  6.07650000e-09  0.00000000e+00  2.50000000e+00 -2.51014053e-12 
 6.07750000e-09  6.07750000e-09  0.00000000e+00  2.50000000e+00 -2.50989160e-12 
 6.07850000e-09  6.07850000e-09  0.00000000e+00  2.50000000e+00 -2.51014053e-12 
 6.07950000e-09  6.07950000e-09  0.00000000e+00  2.50000000e+00 -2.50988987e-12 
 6.08050000e-09  6.08050000e-09  0.00000000e+00  2.50000000e+00 -2.51014053e-12 
 6.08150000e-09  6.08150000e-09  0.00000000e+00  2.50000000e+00 -2.50989160e-12 
 6.08250000e-09  6.08250000e-09  0.00000000e+00  2.50000000e+00 -2.51014053e-12 
 6.08350000e-09  6.08350000e-09  0.00000000e+00  2.50000000e+00 -2.50988987e-12 
 6.08450000e-09  6.08450000e-09  0.00000000e+00  2.50000000e+00 -2.51014053e-12 
 6.08550000e-09  6.08550000e-09  0.00000000e+00  2.50000000e+00 -2.50989160e-12 
 6.08650000e-09  6.08650000e-09  0.00000000e+00  2.50000000e+00 -2.51014053e-12 
 6.08750000e-09  6.08750000e-09  0.00000000e+00  2.50000000e+00 -2.50988987e-12 
 6.08850000e-09  6.08850000e-09  0.00000000e+00  2.50000000e+00 -2.51014053e-12 
 6.08950000e-09  6.08950000e-09  0.00000000e+00  2.50000000e+00 -2.50989160e-12 
 6.09050000e-09  6.09050000e-09  0.00000000e+00  2.50000000e+00 -2.51014053e-12 
 6.09150000e-09  6.09150000e-09  0.00000000e+00  2.50000000e+00 -2.50988987e-12 
 6.09250000e-09  6.09250000e-09  0.00000000e+00  2.50000000e+00 -2.51014053e-12 
 6.09350000e-09  6.09350000e-09  0.00000000e+00  2.50000000e+00 -2.50989160e-12 
 6.09450000e-09  6.09450000e-09  0.00000000e+00  2.50000000e+00 -2.51014053e-12 
 6.09550000e-09  6.09550000e-09  0.00000000e+00  2.50000000e+00 -2.50988987e-12 
 6.09650000e-09  6.09650000e-09  0.00000000e+00  2.50000000e+00 -2.51014053e-12 
 6.09750000e-09  6.09750000e-09  0.00000000e+00  2.50000000e+00 -2.50989160e-12 
 6.09850000e-09  6.09850000e-09  0.00000000e+00  2.50000000e+00 -2.51014053e-12 
 6.09950000e-09  6.09950000e-09  0.00000000e+00  2.50000000e+00 -2.50988987e-12 
 6.10050000e-09  6.10050000e-09  0.00000000e+00  2.50000000e+00 -2.51014053e-12 
 6.10150000e-09  6.10150000e-09  0.00000000e+00  2.50000000e+00 -2.50989160e-12 
 6.10250000e-09  6.10250000e-09  0.00000000e+00  2.50000000e+00 -2.51014053e-12 
 6.10350000e-09  6.10350000e-09  0.00000000e+00  2.50000000e+00 -2.50988987e-12 
 6.10450000e-09  6.10450000e-09  0.00000000e+00  2.50000000e+00 -2.51014053e-12 
 6.10550000e-09  6.10550000e-09  0.00000000e+00  2.50000000e+00 -2.50989160e-12 
 6.10650000e-09  6.10650000e-09  0.00000000e+00  2.50000000e+00 -2.51014053e-12 
 6.10750000e-09  6.10750000e-09  0.00000000e+00  2.50000000e+00 -2.50988987e-12 
 6.10850000e-09  6.10850000e-09  0.00000000e+00  2.50000000e+00 -2.51014053e-12 
 6.10950000e-09  6.10950000e-09  0.00000000e+00  2.50000000e+00 -2.50989160e-12 
 6.11050000e-09  6.11050000e-09  0.00000000e+00  2.50000000e+00 -2.51014053e-12 
 6.11150000e-09  6.11150000e-09  0.00000000e+00  2.50000000e+00 -2.50988987e-12 
 6.11250000e-09  6.11250000e-09  0.00000000e+00  2.50000000e+00 -2.51014053e-12 
 6.11350000e-09  6.11350000e-09  0.00000000e+00  2.50000000e+00 -2.50989160e-12 
 6.11450000e-09  6.11450000e-09  0.00000000e+00  2.50000000e+00 -2.51014053e-12 
 6.11550000e-09  6.11550000e-09  0.00000000e+00  2.50000000e+00 -2.50988987e-12 
 6.11650000e-09  6.11650000e-09  0.00000000e+00  2.50000000e+00 -2.51014053e-12 
 6.11750000e-09  6.11750000e-09  0.00000000e+00  2.50000000e+00 -2.50989160e-12 
 6.11850000e-09  6.11850000e-09  0.00000000e+00  2.50000000e+00 -2.51014053e-12 
 6.11950000e-09  6.11950000e-09  0.00000000e+00  2.50000000e+00 -2.50988987e-12 
 6.12050000e-09  6.12050000e-09  0.00000000e+00  2.50000000e+00 -2.51014053e-12 
 6.12150000e-09  6.12150000e-09  0.00000000e+00  2.50000000e+00 -2.50989160e-12 
 6.12250000e-09  6.12250000e-09  0.00000000e+00  2.50000000e+00 -2.51014053e-12 
 6.12350000e-09  6.12350000e-09  0.00000000e+00  2.50000000e+00 -2.50988987e-12 
 6.12450000e-09  6.12450000e-09  0.00000000e+00  2.50000000e+00 -2.51014053e-12 
 6.12550000e-09  6.12550000e-09  0.00000000e+00  2.50000000e+00 -2.50989160e-12 
 6.12650000e-09  6.12650000e-09  0.00000000e+00  2.50000000e+00 -2.51014053e-12 
 6.12750000e-09  6.12750000e-09  0.00000000e+00  2.50000000e+00 -2.50988987e-12 
 6.12850000e-09  6.12850000e-09  0.00000000e+00  2.50000000e+00 -2.51014053e-12 
 6.12950000e-09  6.12950000e-09  0.00000000e+00  2.50000000e+00 -2.50989160e-12 
 6.13050000e-09  6.13050000e-09  0.00000000e+00  2.50000000e+00 -2.51014053e-12 
 6.13150000e-09  6.13150000e-09  0.00000000e+00  2.50000000e+00 -2.50988987e-12 
 6.13250000e-09  6.13250000e-09  0.00000000e+00  2.50000000e+00 -2.51014053e-12 
 6.13350000e-09  6.13350000e-09  0.00000000e+00  2.50000000e+00 -2.50989160e-12 
 6.13450000e-09  6.13450000e-09  0.00000000e+00  2.50000000e+00 -2.51014053e-12 
 6.13550000e-09  6.13550000e-09  0.00000000e+00  2.50000000e+00 -2.50988987e-12 
 6.13650000e-09  6.13650000e-09  0.00000000e+00  2.50000000e+00 -2.51014053e-12 
 6.13750000e-09  6.13750000e-09  0.00000000e+00  2.50000000e+00 -2.50989160e-12 
 6.13850000e-09  6.13850000e-09  0.00000000e+00  2.50000000e+00 -2.51014053e-12 
 6.13950000e-09  6.13950000e-09  0.00000000e+00  2.50000000e+00 -2.50988987e-12 
 6.14050000e-09  6.14050000e-09  0.00000000e+00  2.50000000e+00 -2.51014053e-12 
 6.14150000e-09  6.14150000e-09  0.00000000e+00  2.50000000e+00 -2.50989160e-12 
 6.14250000e-09  6.14250000e-09  0.00000000e+00  2.50000000e+00 -2.51014053e-12 
 6.14350000e-09  6.14350000e-09  0.00000000e+00  2.50000000e+00 -2.50988987e-12 
 6.14450000e-09  6.14450000e-09  0.00000000e+00  2.50000000e+00 -2.51014053e-12 
 6.14550000e-09  6.14550000e-09  0.00000000e+00  2.50000000e+00 -2.50989160e-12 
 6.14650000e-09  6.14650000e-09  0.00000000e+00  2.50000000e+00 -2.51014053e-12 
 6.14750000e-09  6.14750000e-09  0.00000000e+00  2.50000000e+00 -2.50988987e-12 
 6.14850000e-09  6.14850000e-09  0.00000000e+00  2.50000000e+00 -2.51014053e-12 
 6.14950000e-09  6.14950000e-09  0.00000000e+00  2.50000000e+00 -2.50989160e-12 
 6.15050000e-09  6.15050000e-09  0.00000000e+00  2.50000000e+00 -2.51014053e-12 
 6.15150000e-09  6.15150000e-09  0.00000000e+00  2.50000000e+00 -2.50988987e-12 
 6.15250000e-09  6.15250000e-09  0.00000000e+00  2.50000000e+00 -2.51014053e-12 
 6.15350000e-09  6.15350000e-09  0.00000000e+00  2.50000000e+00 -2.50989160e-12 
 6.15450000e-09  6.15450000e-09  0.00000000e+00  2.50000000e+00 -2.51014053e-12 
 6.15550000e-09  6.15550000e-09  0.00000000e+00  2.50000000e+00 -2.50988987e-12 
 6.15650000e-09  6.15650000e-09  0.00000000e+00  2.50000000e+00 -2.51014053e-12 
 6.15750000e-09  6.15750000e-09  0.00000000e+00  2.50000000e+00 -2.50989160e-12 
 6.15850000e-09  6.15850000e-09  0.00000000e+00  2.50000000e+00 -2.51014053e-12 
 6.15950000e-09  6.15950000e-09  0.00000000e+00  2.50000000e+00 -2.50988987e-12 
 6.16050000e-09  6.16050000e-09  0.00000000e+00  2.50000000e+00 -2.51014053e-12 
 6.16150000e-09  6.16150000e-09  0.00000000e+00  2.50000000e+00 -2.50989160e-12 
 6.16250000e-09  6.16250000e-09  0.00000000e+00  2.50000000e+00 -2.51014053e-12 
 6.16350000e-09  6.16350000e-09  0.00000000e+00  2.50000000e+00 -2.50988987e-12 
 6.16450000e-09  6.16450000e-09  0.00000000e+00  2.50000000e+00 -2.51014053e-12 
 6.16550000e-09  6.16550000e-09  0.00000000e+00  2.50000000e+00 -2.50989160e-12 
 6.16650000e-09  6.16650000e-09  0.00000000e+00  2.50000000e+00 -2.51014053e-12 
 6.16750000e-09  6.16750000e-09  0.00000000e+00  2.50000000e+00 -2.50988987e-12 
 6.16850000e-09  6.16850000e-09  0.00000000e+00  2.50000000e+00 -2.51014053e-12 
 6.16950000e-09  6.16950000e-09  0.00000000e+00  2.50000000e+00 -2.50989160e-12 
 6.17050000e-09  6.17050000e-09  0.00000000e+00  2.50000000e+00 -2.51014053e-12 
 6.17150000e-09  6.17150000e-09  0.00000000e+00  2.50000000e+00 -2.50988987e-12 
 6.17250000e-09  6.17250000e-09  0.00000000e+00  2.50000000e+00 -2.51014053e-12 
 6.17350000e-09  6.17350000e-09  0.00000000e+00  2.50000000e+00 -2.50989160e-12 
 6.17450000e-09  6.17450000e-09  0.00000000e+00  2.50000000e+00 -2.51014053e-12 
 6.17550000e-09  6.17550000e-09  0.00000000e+00  2.50000000e+00 -2.50988987e-12 
 6.17650000e-09  6.17650000e-09  0.00000000e+00  2.50000000e+00 -2.51014053e-12 
 6.17750000e-09  6.17750000e-09  0.00000000e+00  2.50000000e+00 -2.50989160e-12 
 6.17850000e-09  6.17850000e-09  0.00000000e+00  2.50000000e+00 -2.51014053e-12 
 6.17950000e-09  6.17950000e-09  0.00000000e+00  2.50000000e+00 -2.50988987e-12 
 6.18050000e-09  6.18050000e-09  0.00000000e+00  2.50000000e+00 -2.51014053e-12 
 6.18150000e-09  6.18150000e-09  0.00000000e+00  2.50000000e+00 -2.50989160e-12 
 6.18250000e-09  6.18250000e-09  0.00000000e+00  2.50000000e+00 -2.51014053e-12 
 6.18350000e-09  6.18350000e-09  0.00000000e+00  2.50000000e+00 -2.50988987e-12 
 6.18450000e-09  6.18450000e-09  0.00000000e+00  2.50000000e+00 -2.51014053e-12 
 6.18550000e-09  6.18550000e-09  0.00000000e+00  2.50000000e+00 -2.50989160e-12 
 6.18650000e-09  6.18650000e-09  0.00000000e+00  2.50000000e+00 -2.51014053e-12 
 6.18750000e-09  6.18750000e-09  0.00000000e+00  2.50000000e+00 -2.50988987e-12 
 6.18850000e-09  6.18850000e-09  0.00000000e+00  2.50000000e+00 -2.51014053e-12 
 6.18950000e-09  6.18950000e-09  0.00000000e+00  2.50000000e+00 -2.50989160e-12 
 6.19050000e-09  6.19050000e-09  0.00000000e+00  2.50000000e+00 -2.51014053e-12 
 6.19150000e-09  6.19150000e-09  0.00000000e+00  2.50000000e+00 -2.50988987e-12 
 6.19250000e-09  6.19250000e-09  0.00000000e+00  2.50000000e+00 -2.51014053e-12 
 6.19350000e-09  6.19350000e-09  0.00000000e+00  2.50000000e+00 -2.50989160e-12 
 6.19450000e-09  6.19450000e-09  0.00000000e+00  2.50000000e+00 -2.51014053e-12 
 6.19550000e-09  6.19550000e-09  0.00000000e+00  2.50000000e+00 -2.50988987e-12 
 6.19650000e-09  6.19650000e-09  0.00000000e+00  2.50000000e+00 -2.51014053e-12 
 6.19750000e-09  6.19750000e-09  0.00000000e+00  2.50000000e+00 -2.50989160e-12 
 6.19850000e-09  6.19850000e-09  0.00000000e+00  2.50000000e+00 -2.51014053e-12 
 6.19925000e-09  6.19925000e-09  0.00000000e+00  2.50000000e+00 -2.50989247e-12 
 6.20000000e-09  6.20000000e-09  0.00000000e+00  2.50000000e+00 -2.51014314e-12 
 6.20010000e-09  6.20010000e-09  2.50000000e-03  2.50038613e+00  8.44292750e-05 
 6.20030000e-09  6.20030000e-09  7.50000000e-03  2.50115256e+00  8.58059721e-05 
 6.20070000e-09  6.20070000e-09  1.75000000e-02  2.50265105e+00  8.84962092e-05 
 6.20150000e-09  6.20150000e-09  3.75000000e-02  2.50551696e+00  9.35625329e-05 
 6.20250000e-09  6.20250000e-09  6.25000000e-02  2.50886959e+00  9.93726825e-05 
 6.20350000e-09  6.20350000e-09  8.75000000e-02  2.51198834e+00  1.04634789e-04 
 6.20450000e-09  6.20450000e-09  1.12500000e-01  2.51489502e+00  1.09413416e-04 
 6.20550000e-09  6.20550000e-09  1.37500000e-01  2.51760942e+00  1.13738842e-04 
 6.20650000e-09  6.20650000e-09  1.62500000e-01  2.52014952e+00  1.17666611e-04 
 6.20750000e-09  6.20750000e-09  1.87500000e-01  2.52253164e+00  1.21218818e-04 
 6.20850000e-09  6.20850000e-09  2.12500000e-01  2.52477066e+00  1.24443585e-04 
 6.20950000e-09  6.20950000e-09  2.37500000e-01  2.52688006e+00  1.27356279e-04 
 6.21050000e-09  6.21050000e-09  2.62500000e-01  2.52887215e+00  1.29998930e-04 
 6.21150000e-09  6.21150000e-09  2.87500000e-01  2.53075812e+00  1.32381392e-04 
 6.21250000e-09  6.21250000e-09  3.12500000e-01  2.53254818e+00  1.34540706e-04 
 6.21350000e-09  6.21350000e-09  3.37500000e-01  2.53425164e+00  1.36482215e-04 
 6.21450000e-09  6.21450000e-09  3.62500000e-01  2.53587699e+00  1.38238879e-04 
 6.21550000e-09  6.21550000e-09  3.87500000e-01  2.53743202e+00  1.39812354e-04 
 6.21650000e-09  6.21650000e-09  4.12500000e-01  2.53892382e+00  1.41232266e-04 
 6.21750000e-09  6.21750000e-09  4.37500000e-01  2.54035833e+00  1.42496382e-04 
 6.21850000e-09  6.21850000e-09  4.62500000e-01  2.54173660e+00  1.43677818e-04 
 6.21950000e-09  6.21950000e-09  4.87500000e-01  2.54304171e+00  1.44632262e-04 
 6.22050000e-09  6.22050000e-09  5.12500000e-01  2.54424897e+00  1.45397801e-04 
 6.22150000e-09  6.22150000e-09  5.37500000e-01  2.54534031e+00  1.45940391e-04 
 6.22250000e-09  6.22250000e-09  5.62500000e-01  2.54629844e+00  1.46257959e-04 
 6.22350000e-09  6.22350000e-09  5.87500000e-01  2.54710674e+00  1.46321297e-04 
 6.22450000e-09  6.22450000e-09  6.12500000e-01  2.54774913e+00  1.46133012e-04 
 6.22550000e-09  6.22550000e-09  6.37500000e-01  2.54821001e+00  1.45668275e-04 
 6.22650000e-09  6.22650000e-09  6.62500000e-01  2.54847416e+00  1.44933813e-04 
 6.22750000e-09  6.22750000e-09  6.87500000e-01  2.54852669e+00  1.43908703e-04 
 6.22850000e-09  6.22850000e-09  7.12500000e-01  2.54835291e+00  1.42603396e-04 
 6.22950000e-09  6.22950000e-09  7.37500000e-01  2.54793830e+00  1.41000544e-04 
 6.23050000e-09  6.23050000e-09  7.62500000e-01  2.54726842e+00  1.39114057e-04 
 6.23150000e-09  6.23150000e-09  7.87500000e-01  2.54632885e+00  1.36929959e-04 
 6.23250000e-09  6.23250000e-09  8.12500000e-01  2.54510512e+00  1.34465474e-04 
 6.23350000e-09  6.23350000e-09  8.37500000e-01  2.54358261e+00  1.31709906e-04 
 6.23450000e-09  6.23450000e-09  8.62500000e-01  2.54174657e+00  1.28683758e-04 
 6.23550000e-09  6.23550000e-09  8.87500000e-01  2.53958194e+00  1.25379634e-04 
 6.23650000e-09  6.23650000e-09  9.12500000e-01  2.53707338e+00  1.21821388e-04 
 6.23750000e-09  6.23750000e-09  9.37500000e-01  2.53420512e+00  1.18005054e-04 
 6.23850000e-09  6.23850000e-09  9.62500000e-01  2.53095182e+00  1.14072264e-04 
 6.23950000e-09  6.23950000e-09  9.87500000e-01  2.52729665e+00  1.09796281e-04 
 6.24050000e-09  6.24050000e-09  1.01250000e+00  2.52323121e+00  1.05323117e-04 
 6.24150000e-09  6.24150000e-09  1.03750000e+00  2.51873728e+00  1.00656665e-04 
 6.24250000e-09  6.24250000e-09  1.06250000e+00  2.51379582e+00  9.58326341e-05 
 6.24350000e-09  6.24350000e-09  1.08750000e+00  2.50838686e+00  9.08596084e-05 
 6.24450000e-09  6.24450000e-09  1.11250000e+00  2.50248943e+00  8.57783490e-05 
 6.24550000e-09  6.24550000e-09  1.13750000e+00  2.49608149e+00  8.05974699e-05 
 6.24650000e-09  6.24650000e-09  1.16250000e+00  2.48914038e+00  7.53386752e-05 
 6.24750000e-09  6.24750000e-09  1.18750000e+00  2.48164270e+00  7.00138456e-05 
 6.24850000e-09  6.24850000e-09  1.21250000e+00  2.47356379e+00  6.46695753e-05 
 6.24950000e-09  6.24950000e-09  1.23750000e+00  2.46487749e+00  5.93260380e-05 
 6.25050000e-09  6.25050000e-09  1.26250000e+00  2.45555601e+00  5.40364310e-05 
 6.25150000e-09  6.25150000e-09  1.28750000e+00  2.44556967e+00  4.88282474e-05 
 6.25250000e-09  6.25250000e-09  1.31250000e+00  2.43488669e+00  4.37628355e-05 
 6.25350000e-09  6.25350000e-09  1.33750000e+00  2.42347292e+00  3.88768139e-05 
 6.25450000e-09  6.25450000e-09  1.36250000e+00  2.41129141e+00  3.42418044e-05 
 6.25550000e-09  6.25550000e-09  1.38750000e+00  2.39830207e+00  2.99060583e-05 
 6.25650000e-09  6.25650000e-09  1.41250000e+00  2.38446102e+00  2.59544475e-05 
 6.25750000e-09  6.25750000e-09  1.43750000e+00  2.36971998e+00  2.24504078e-05 
 6.25850000e-09  6.25850000e-09  1.46250000e+00  2.35402528e+00  1.94963139e-05 
 6.25950000e-09  6.25950000e-09  1.48750000e+00  2.33731656e+00  1.71758803e-05 
 6.26050000e-09  6.26050000e-09  1.51250000e+00  2.31952506e+00  1.56150512e-05 
 6.26150000e-09  6.26150000e-09  1.53750000e+00  2.30057088e+00  1.49248918e-05 
 6.26250000e-09  6.26250000e-09  1.56250000e+00  2.28035900e+00  1.52626905e-05 
 6.26350000e-09  6.26350000e-09  1.58750000e+00  2.25877270e+00  1.67740280e-05 
 6.26450000e-09  6.26450000e-09  1.61250000e+00  2.23566223e+00  1.96497942e-05 
 6.26550000e-09  6.26550000e-09  1.63750000e+00  2.21082369e+00  2.40540504e-05 
 6.26650000e-09  6.26650000e-09  1.66250000e+00  2.18395527e+00  3.01337095e-05 
 6.26750000e-09  6.26750000e-09  1.68750000e+00  2.15454375e+00  3.77976871e-05 
 6.26850000e-09  6.26850000e-09  1.71250000e+00  2.12210601e+00  4.60015958e-05 
 6.26950000e-09  6.26950000e-09  1.73750000e+00  2.08716685e+00  5.36580179e-05 
 6.27050000e-09  6.27050000e-09  1.76250000e+00  2.05043817e+00  6.07844077e-05 
 6.27150000e-09  6.27150000e-09  1.78750000e+00  2.01192607e+00  6.73646321e-05 
 6.27250000e-09  6.27250000e-09  1.81250000e+00  1.97163732e+00  7.34117511e-05 
 6.27350000e-09  6.27350000e-09  1.83750000e+00  1.92957940e+00  7.89089089e-05 
 6.27450000e-09  6.27450000e-09  1.86250000e+00  1.88576053e+00  8.38684452e-05 
 6.27550000e-09  6.27550000e-09  1.88750000e+00  1.84018968e+00  8.82727862e-05 
 6.27650000e-09  6.27650000e-09  1.91250000e+00  1.79287663e+00  9.21335574e-05 
 6.27750000e-09  6.27750000e-09  1.93750000e+00  1.74383193e+00  9.54324749e-05 
 6.27850000e-09  6.27850000e-09  1.96250000e+00  1.69306704e+00  9.81804587e-05 
 6.27950000e-09  6.27950000e-09  1.98750000e+00  1.64059423e+00  1.00358525e-04 
 6.28050000e-09  6.28050000e-09  2.01250000e+00  1.58642669e+00  1.01976900e-04 
 6.28150000e-09  6.28150000e-09  2.03750000e+00  1.53083859e+00  1.03015922e-04 
 6.28250000e-09  6.28250000e-09  2.06250000e+00  1.47423960e+00  1.03485118e-04 
 6.28350000e-09  6.28350000e-09  2.08750000e+00  1.41690021e+00  1.02353652e-04 
 6.28450000e-09  6.28450000e-09  2.11250000e+00  1.35907655e+00  1.00708710e-04 
 6.28550000e-09  6.28550000e-09  2.13750000e+00  1.30101836e+00  9.90563788e-05 
 6.28650000e-09  6.28650000e-09  2.16250000e+00  1.24297406e+00  9.74114368e-05 
 6.28750000e-09  6.28750000e-09  2.18750000e+00  1.18518729e+00  9.57591060e-05 
 6.28850000e-09  6.28850000e-09  2.21250000e+00  1.12789318e+00  9.41141640e-05 
 6.28950000e-09  6.28950000e-09  2.23750000e+00  1.07131512e+00  9.24618331e-05 
 6.29050000e-09  6.29050000e-09  2.26250000e+00  1.01566202e+00  9.08168911e-05 
 6.29150000e-09  6.29150000e-09  2.28750000e+00  9.61126033e-01  8.91645603e-05 
 6.29250000e-09  6.29250000e-09  2.31250000e+00  9.07880905e-01  8.75196183e-05 
 6.29350000e-09  6.29350000e-09  2.33750000e+00  8.56080720e-01  8.58672875e-05 
 6.29450000e-09  6.29450000e-09  2.36250000e+00  8.05859214e-01  8.42223455e-05 
 6.29550000e-09  6.29550000e-09  2.38750000e+00  7.57329517e-01  8.71861965e-05 
 6.29650000e-09  6.29650000e-09  2.41250000e+00  7.10584303e-01  9.21357999e-05 
 6.29750000e-09  6.29750000e-09  2.43750000e+00  6.65696312e-01  9.70780145e-05 
 6.29850000e-09  6.29850000e-09  2.46250000e+00  6.22719165e-01  1.02027618e-04 
 6.29925000e-09  6.29925000e-09  2.48125000e+00  5.91761702e-01  1.05733355e-04 
 6.30000000e-09  6.30000000e-09  2.50000000e+00  5.61908526e-01  1.09446482e-04 
 6.30010000e-09  6.30010000e-09  2.50000000e+00  5.57793139e-01 -1.95218520e-12 
 6.30030000e-09  6.30030000e-09  2.50000000e+00  5.49615534e-01 -1.96036280e-12 
 6.30070000e-09  6.30070000e-09  2.50000000e+00  5.33577628e-01 -1.97642152e-12 
 6.30150000e-09  6.30150000e-09  2.50000000e+00  5.02742909e-01 -2.00725624e-12 
 6.30250000e-09  6.30250000e-09  2.50000000e+00  4.66446310e-01 -2.04355284e-12 
 6.30350000e-09  6.30350000e-09  2.50000000e+00  4.32535620e-01 -2.07746353e-12 
 6.30450000e-09  6.30450000e-09  2.50000000e+00  4.00888141e-01 -2.10911101e-12 
 6.30550000e-09  6.30550000e-09  2.50000000e+00  3.71382342e-01 -2.13861681e-12 
 6.30650000e-09  6.30650000e-09  2.50000000e+00  3.43898764e-01 -2.16610039e-12 
 6.30750000e-09  6.30750000e-09  2.50000000e+00  3.18320771e-01 -2.19167838e-12 
 6.30850000e-09  6.30850000e-09  2.50000000e+00  2.94535142e-01 -2.21546401e-12 
 6.30950000e-09  6.30950000e-09  2.50000000e+00  2.72432530e-01 -2.23756662e-12 
 6.31050000e-09  6.31050000e-09  2.50000000e+00  2.51907809e-01 -2.25809134e-12 
 6.31150000e-09  6.31150000e-09  2.50000000e+00  2.32860309e-01 -2.27713884e-12 
 6.31250000e-09  6.31250000e-09  2.50000000e+00  2.15190494e-01 -2.29480866e-12 
 6.31350000e-09  6.31350000e-09  2.50000000e+00  1.98807770e-01 -2.31119138e-12 
 6.31450000e-09  6.31450000e-09  2.50000000e+00  1.83629621e-01 -2.32636953e-12 
 6.31550000e-09  6.31550000e-09  2.50000000e+00  1.69573849e-01 -2.34042530e-12 
 6.31650000e-09  6.31650000e-09  2.50000000e+00  1.56562903e-01 -2.35343625e-12 
 6.31750000e-09  6.31750000e-09  2.50000000e+00  1.44523767e-01 -2.36547539e-12 
 6.31850000e-09  6.31850000e-09  2.50000000e+00  1.33387824e-01 -2.37661133e-12 
 6.31950000e-09  6.31950000e-09  2.50000000e+00  1.23090701e-01 -2.38690845e-12 
 6.32050000e-09  6.32050000e-09  2.50000000e+00  1.13572101e-01 -2.39642705e-12 
 6.32150000e-09  6.32150000e-09  2.50000000e+00  1.04775624e-01 -2.40522353e-12 
 6.32250000e-09  6.32250000e-09  2.50000000e+00  9.66485854e-02 -2.41335057e-12 
 6.32350000e-09  6.32350000e-09  2.50000000e+00  8.91418244e-02 -2.42085733e-12 
 6.32450000e-09  6.32450000e-09  2.50000000e+00  8.22095215e-02 -2.42778963e-12 
 6.32550000e-09  6.32550000e-09  2.50000000e+00  7.58090108e-02 -2.43419014e-12 
 6.32650000e-09  6.32650000e-09  2.50000000e+00  6.99005996e-02 -2.44009855e-12 
 6.32750000e-09  6.32750000e-09  2.50000000e+00  6.44473908e-02 -2.44555176e-12 
 6.32850000e-09  6.32850000e-09  2.50000000e+00  5.94151119e-02 -2.45058404e-12 
 6.32950000e-09  6.32950000e-09  2.50000000e+00  5.47719500e-02 -2.45522720e-12 
 6.33050000e-09  6.33050000e-09  2.50000000e+00  5.04883936e-02 -2.45951076e-12 
 6.33150000e-09  6.33150000e-09  2.50000000e+00  4.65370824e-02 -2.46346207e-12 
 6.33250000e-09  6.33250000e-09  2.50000000e+00  4.28926631e-02 -2.46710649e-12 
 6.33350000e-09  6.33350000e-09  2.50000000e+00  3.95316544e-02 -2.47046750e-12 
 6.33450000e-09  6.33450000e-09  2.50000000e+00  3.64323176e-02 -2.47356684e-12 
 6.33550000e-09  6.33550000e-09  2.50000000e+00  3.35745360e-02 -2.47642462e-12 
 6.33650000e-09  6.33650000e-09  2.50000000e+00  3.09397006e-02 -2.47905945e-12 
 6.33750000e-09  6.33750000e-09  2.50000000e+00  2.85106032e-02 -2.48148855e-12 
 6.33850000e-09  6.33850000e-09  2.50000000e+00  2.62713357e-02 -2.48372782e-12 
 6.33950000e-09  6.33950000e-09  2.50000000e+00  2.42071965e-02 -2.48579196e-12 
 6.34050000e-09  6.34050000e-09  2.50000000e+00  2.23046021e-02 -2.48769455e-12 
 6.34150000e-09  6.34150000e-09  2.50000000e+00  2.05510057e-02 -2.48944815e-12 
 6.34250000e-09  6.34250000e-09  2.50000000e+00  1.89348204e-02 -2.49106433e-12 
 6.34350000e-09  6.34350000e-09  2.50000000e+00  1.74453480e-02 -2.49255381e-12 
 6.34450000e-09  6.34450000e-09  2.50000000e+00  1.60727125e-02 -2.49392644e-12 
 6.34550000e-09  6.34550000e-09  2.50000000e+00  1.48077990e-02 -2.49519135e-12 
 6.34650000e-09  6.34650000e-09  2.50000000e+00  1.36421960e-02 -2.49635696e-12 
 6.34750000e-09  6.34750000e-09  2.50000000e+00  1.25681425e-02 -2.49743101e-12 
 6.34850000e-09  6.34850000e-09  2.50000000e+00  1.15784784e-02 -2.49842067e-12 
 6.34950000e-09  6.34950000e-09  2.50000000e+00  1.06665991e-02 -2.49933255e-12 
 6.35050000e-09  6.35050000e-09  2.50000000e+00  9.82641293e-03 -2.50017274e-12 
 6.35150000e-09  6.35150000e-09  2.50000000e+00  9.05230193e-03 -2.50094685e-12 
 6.35250000e-09  6.35250000e-09  2.50000000e+00  8.33908556e-03 -2.50166007e-12 
 6.35350000e-09  6.35350000e-09  2.50000000e+00  7.68198706e-03 -2.50231717e-12 
 6.35450000e-09  6.35450000e-09  2.50000000e+00  7.07660232e-03 -2.50292255e-12 
 6.35550000e-09  6.35550000e-09  2.50000000e+00  6.51887115e-03 -2.50348028e-12 
 6.35650000e-09  6.35650000e-09  2.50000000e+00  6.00505066e-03 -2.50399410e-12 
 6.35750000e-09  6.35750000e-09  2.50000000e+00  5.53169069e-03 -2.50446746e-12 
 6.35850000e-09  6.35850000e-09  2.50000000e+00  5.09561112e-03 -2.50490354e-12 
 6.35950000e-09  6.35950000e-09  2.50000000e+00  4.69388089e-03 -2.50530527e-12 
 6.36050000e-09  6.36050000e-09  2.50000000e+00  4.32379860e-03 -2.50567535e-12 
 6.36150000e-09  6.36150000e-09  2.50000000e+00  3.98287467e-03 -2.50601628e-12 
 6.36250000e-09  6.36250000e-09  2.50000000e+00  3.66881482e-03 -2.50633034e-12 
 6.36350000e-09  6.36350000e-09  2.50000000e+00  3.37950483e-03 -2.50661965e-12 
 6.36450000e-09  6.36450000e-09  2.50000000e+00  3.11299645e-03 -2.50688616e-12 
 6.36550000e-09  6.36550000e-09  2.50000000e+00  2.86749449e-03 -2.50713166e-12 
 6.36650000e-09  6.36650000e-09  2.50000000e+00  2.64134479e-03 -2.50735781e-12 
 6.36750000e-09  6.36750000e-09  2.50000000e+00  2.43302321e-03 -2.50756613e-12 
 6.36850000e-09  6.36850000e-09  2.50000000e+00  2.24112545e-03 -2.50775803e-12 
 6.36950000e-09  6.36950000e-09  2.50000000e+00  2.06435764e-03 -2.50793480e-12 
 6.37050000e-09  6.37050000e-09  2.50000000e+00  1.90152771e-03 -2.50809763e-12 
 6.37150000e-09  6.37150000e-09  2.50000000e+00  1.75153738e-03 -2.50824762e-12 
 6.37250000e-09  6.37250000e-09  2.50000000e+00  1.61337480e-03 -2.50838578e-12 
 6.37350000e-09  6.37350000e-09  2.50000000e+00  1.48610778e-03 -2.50851305e-12 
 6.37450000e-09  6.37450000e-09  2.50000000e+00  1.36887751e-03 -2.50863028e-12 
 6.37550000e-09  6.37550000e-09  2.50000000e+00  1.26089283e-03 -2.50873826e-12 
 6.37650000e-09  6.37650000e-09  2.50000000e+00  1.16142486e-03 -2.50883773e-12 
 6.37750000e-09  6.37750000e-09  2.50000000e+00  1.06980217e-03 -2.50892935e-12 
 6.37850000e-09  6.37850000e-09  2.50000000e+00  9.85406190e-04 -2.50901375e-12 
 6.37950000e-09  6.37950000e-09  2.50000000e+00  9.07667112e-04 -2.50909149e-12 
 6.38050000e-09  6.38050000e-09  2.50000000e+00  8.36060015e-04 -2.50916309e-12 
 6.38150000e-09  6.38150000e-09  2.50000000e+00  7.70101352e-04 -2.50922905e-12 
 6.38250000e-09  6.38250000e-09  2.50000000e+00  7.09345683e-04 -2.50928981e-12 
 6.38350000e-09  6.38350000e-09  2.50000000e+00  6.53382679e-04 -2.50934577e-12 
 6.38450000e-09  6.38450000e-09  2.50000000e+00  6.01834358e-04 -2.50939732e-12 
 6.38550000e-09  6.38550000e-09  2.50000000e+00  5.54352533e-04 -2.50944480e-12 
 6.38650000e-09  6.38650000e-09  2.50000000e+00  5.10616472e-04 -2.50948854e-12 
 6.38750000e-09  6.38750000e-09  2.50000000e+00  4.70330725e-04 -2.50952882e-12 
 6.38850000e-09  6.38850000e-09  2.50000000e+00  4.33223144e-04 -2.50956593e-12 
 6.38950000e-09  6.38950000e-09  2.50000000e+00  3.99043037e-04 -2.50960011e-12 
 6.39050000e-09  6.39050000e-09  2.50000000e+00  3.67559482e-04 -2.50963159e-12 
 6.39150000e-09  6.39150000e-09  2.50000000e+00  3.38559767e-04 -2.50966059e-12 
 6.39250000e-09  6.39250000e-09  2.50000000e+00  3.11847957e-04 -2.50968731e-12 
 6.39350000e-09  6.39350000e-09  2.50000000e+00  2.87243568e-04 -2.50971191e-12 
 6.39450000e-09  6.39450000e-09  2.50000000e+00  2.64580352e-04 -2.50973457e-12 
 6.39550000e-09  6.39550000e-09  2.50000000e+00  2.43705173e-04 -2.50975545e-12 
 6.39650000e-09  6.39650000e-09  2.50000000e+00  2.24476972e-04 -2.50977468e-12 
 6.39750000e-09  6.39750000e-09  2.50000000e+00  2.06765820e-04 -2.50979239e-12 
 6.39850000e-09  6.39850000e-09  2.50000000e+00  1.90452034e-04 -2.50980870e-12 
 6.39950000e-09  6.39950000e-09  2.50000000e+00  1.75425372e-04 -2.50982373e-12 
 6.40050000e-09  6.40050000e-09  2.50000000e+00  1.61584289e-04 -2.50983757e-12 
 6.40150000e-09  6.40150000e-09  2.50000000e+00  1.48835248e-04 -2.50985032e-12 
 6.40250000e-09  6.40250000e-09  2.50000000e+00  1.37092095e-04 -2.50986206e-12 
 6.40350000e-09  6.40350000e-09  2.50000000e+00  1.26275469e-04 -2.50987288e-12 
 6.40450000e-09  6.40450000e-09  2.50000000e+00  1.16312271e-04 -2.50988284e-12 
 6.40550000e-09  6.40550000e-09  2.50000000e+00  1.07135168e-04 -2.50989202e-12 
 6.40650000e-09  6.40650000e-09  2.50000000e+00  9.86821402e-05 -2.50990047e-12 
 6.40750000e-09  6.40750000e-09  2.50000000e+00  9.08960590e-05 -2.50990826e-12 
 6.40850000e-09  6.40850000e-09  2.50000000e+00  8.37243039e-05 -2.50991543e-12 
 6.40950000e-09  6.40950000e-09  2.50000000e+00  7.71184057e-05 -2.50992203e-12 
 6.41050000e-09  6.41050000e-09  2.50000000e+00  7.10337191e-05 -2.50992812e-12 
 6.41150000e-09  6.41150000e-09  2.50000000e+00  6.54291208e-05 -2.50993372e-12 
 6.41250000e-09  6.41250000e-09  2.50000000e+00  6.02667322e-05 -2.50993889e-12 
 6.41350000e-09  6.41350000e-09  2.50000000e+00  5.55116632e-05 -2.50994364e-12 
 6.41450000e-09  6.41450000e-09  2.50000000e+00  5.11317763e-05 -2.50994802e-12 
 6.41550000e-09  6.41550000e-09  2.50000000e+00  4.70974695e-05 -2.50995206e-12 
 6.41650000e-09  6.41650000e-09  2.50000000e+00  4.33814764e-05 -2.50995577e-12 
 6.41750000e-09  6.41750000e-09  2.50000000e+00  3.99586820e-05 -2.50995919e-12 
 6.41850000e-09  6.41850000e-09  2.50000000e+00  3.68059526e-05 -2.50996235e-12 
 6.41950000e-09  6.41950000e-09  2.50000000e+00  3.39019798e-05 -2.50996525e-12 
 6.42050000e-09  6.42050000e-09  2.50000000e+00  3.12271364e-05 -2.50996793e-12 
 6.42150000e-09  6.42150000e-09  2.50000000e+00  2.87633439e-05 -2.50997039e-12 
 6.42250000e-09  6.42250000e-09  2.50000000e+00  2.64939501e-05 -2.50997266e-12 
 6.42350000e-09  6.42350000e-09  2.50000000e+00  2.44036166e-05 -2.50997475e-12 
 6.42450000e-09  6.42450000e-09  2.50000000e+00  2.24782152e-05 -2.50997667e-12 
 6.42550000e-09  6.42550000e-09  2.50000000e+00  2.07047326e-05 -2.50997845e-12 
 6.42650000e-09  6.42650000e-09  2.50000000e+00  1.90711820e-05 -2.50998008e-12 
 6.42750000e-09  6.42750000e-09  2.50000000e+00  1.75665226e-05 -2.50998159e-12 
 6.42850000e-09  6.42850000e-09  2.50000000e+00  1.61805845e-05 -2.50998297e-12 
 6.42950000e-09  6.42950000e-09  2.50000000e+00  1.49040005e-05 -2.50998425e-12 
 6.43050000e-09  6.43050000e-09  2.50000000e+00  1.37281423e-05 -2.50998542e-12 
 6.43150000e-09  6.43150000e-09  2.50000000e+00  1.26450623e-05 -2.50998651e-12 
 6.43250000e-09  6.43250000e-09  2.50000000e+00  1.16474402e-05 -2.50998751e-12 
 6.43350000e-09  6.43350000e-09  2.50000000e+00  1.07285331e-05 -2.50998842e-12 
 6.43450000e-09  6.43450000e-09  2.50000000e+00  9.88213023e-06 -2.50998927e-12 
 6.43550000e-09  6.43550000e-09  2.50000000e+00  9.10251085e-06 -2.50999005e-12 
 6.43650000e-09  6.43650000e-09  2.50000000e+00  8.38440555e-06 -2.50999077e-12 
 6.43750000e-09  6.43750000e-09  2.50000000e+00  7.72296074e-06 -2.50999143e-12 
 6.43850000e-09  6.43850000e-09  2.50000000e+00  7.11370574e-06 -2.50999204e-12 
 6.43950000e-09  6.43950000e-09  2.50000000e+00  6.55252265e-06 -2.50999260e-12 
 6.44050000e-09  6.44050000e-09  2.50000000e+00  6.03561847e-06 -2.50999312e-12 
 6.44150000e-09  6.44150000e-09  2.50000000e+00  5.55949948e-06 -2.50999359e-12 
 6.44250000e-09  6.44250000e-09  2.50000000e+00  5.12094762e-06 -2.50999403e-12 
 6.44350000e-09  6.44350000e-09  2.50000000e+00  4.71699874e-06 -2.50999444e-12 
 6.44450000e-09  6.44450000e-09  2.50000000e+00  4.34492257e-06 -2.50999481e-12 
 6.44550000e-09  6.44550000e-09  2.50000000e+00  4.00220427e-06 -2.50999515e-12 
 6.44650000e-09  6.44650000e-09  2.50000000e+00  3.68652743e-06 -2.50999547e-12 
 6.44750000e-09  6.44750000e-09  2.50000000e+00  3.39575839e-06 -2.50999576e-12 
 6.44850000e-09  6.44850000e-09  2.50000000e+00  3.12793186e-06 -2.50999603e-12 
 6.44950000e-09  6.44950000e-09  2.50000000e+00  2.88123762e-06 -2.50999627e-12 
 6.45050000e-09  6.45050000e-09  2.50000000e+00  2.65400826e-06 -2.50999650e-12 
 6.45150000e-09  6.45150000e-09  2.50000000e+00  2.44470796e-06 -2.50999671e-12 
 6.45250000e-09  6.45250000e-09  2.50000000e+00  2.25192206e-06 -2.50999690e-12 
 6.45350000e-09  6.45350000e-09  2.50000000e+00  2.07434753e-06 -2.50999708e-12 
 6.45450000e-09  6.45450000e-09  2.50000000e+00  1.91078414e-06 -2.50999724e-12 
 6.45550000e-09  6.45550000e-09  2.50000000e+00  1.76012638e-06 -2.50999739e-12 
 6.45650000e-09  6.45650000e-09  2.50000000e+00  1.62135596e-06 -2.50999753e-12 
 6.45750000e-09  6.45750000e-09  2.50000000e+00  1.49353492e-06 -2.50999766e-12 
 6.45850000e-09  6.45850000e-09  2.50000000e+00  1.37579934e-06 -2.50999778e-12 
 6.45950000e-09  6.45950000e-09  2.50000000e+00  1.26735345e-06 -2.50999789e-12 
 6.46050000e-09  6.46050000e-09  2.50000000e+00  1.16746425e-06 -2.50999799e-12 
 6.46150000e-09  6.46150000e-09  2.50000000e+00  1.07545660e-06 -2.50999808e-12 
 6.46250000e-09  6.46250000e-09  2.50000000e+00  9.90708625e-07 -2.50999816e-12 
 6.46350000e-09  6.46350000e-09  2.50000000e+00  9.12647514e-07 -2.50999824e-12 
 6.46450000e-09  6.46450000e-09  2.50000000e+00  8.40745654e-07 -2.50999831e-12 
 6.46550000e-09  6.46550000e-09  2.50000000e+00  7.74517062e-07 -2.50999838e-12 
 6.46650000e-09  6.46650000e-09  2.50000000e+00  7.13514101e-07 -2.50999844e-12 
 6.46750000e-09  6.46750000e-09  2.50000000e+00  6.57324453e-07 -2.50999850e-12 
 6.46850000e-09  6.46850000e-09  2.50000000e+00  6.05568333e-07 -2.50999855e-12 
 6.46950000e-09  6.46950000e-09  2.50000000e+00  5.57895924e-07 -2.50999860e-12 
 6.47050000e-09  6.47050000e-09  2.50000000e+00  5.13985009e-07 -2.50999864e-12 
 6.47150000e-09  6.47150000e-09  2.50000000e+00  4.73538794e-07 -2.50999868e-12 
 6.47250000e-09  6.47250000e-09  2.50000000e+00  4.36283905e-07 -2.50999872e-12 
 6.47350000e-09  6.47350000e-09  2.50000000e+00  4.01968536e-07 -2.50999875e-12 
 6.47450000e-09  6.47450000e-09  2.50000000e+00  3.70360751e-07 -2.50999878e-12 
 6.47550000e-09  6.47550000e-09  2.50000000e+00  3.41246914e-07 -2.50999881e-12 
 6.47650000e-09  6.47650000e-09  2.50000000e+00  3.14430245e-07 -2.50999884e-12 
 6.47750000e-09  6.47750000e-09  2.50000000e+00  2.89729490e-07 -2.50999886e-12 
 6.47850000e-09  6.47850000e-09  2.50000000e+00  2.66977697e-07 -2.50999889e-12 
 6.47950000e-09  6.47950000e-09  2.50000000e+00  2.46021088e-07 -2.50999891e-12 
 6.48050000e-09  6.48050000e-09  2.50000000e+00  2.26718017e-07 -2.50999893e-12 
 6.48150000e-09  6.48150000e-09  2.50000000e+00  2.08938016e-07 -2.50999894e-12 
 6.48250000e-09  6.48250000e-09  2.50000000e+00  1.92560910e-07 -2.50999896e-12 
 6.48350000e-09  6.48350000e-09  2.50000000e+00  1.77476005e-07 -2.50999898e-12 
 6.48450000e-09  6.48450000e-09  2.50000000e+00  1.63581344e-07 -2.50999899e-12 
 6.48550000e-09  6.48550000e-09  2.50000000e+00  1.50783013e-07 -2.50999900e-12 
 6.48650000e-09  6.48650000e-09  2.50000000e+00  1.38994508e-07 -2.50999901e-12 
 6.48750000e-09  6.48750000e-09  2.50000000e+00  1.28136151e-07 -2.50999902e-12 
 6.48850000e-09  6.48850000e-09  2.50000000e+00  1.18134551e-07 -2.50999903e-12 
 6.48950000e-09  6.48950000e-09  2.50000000e+00  1.08922106e-07 -2.50999904e-12 
 6.49050000e-09  6.49050000e-09  2.50000000e+00  1.00436551e-07 -2.50999905e-12 
 6.49150000e-09  6.49150000e-09  2.50000000e+00  9.26205309e-08 -2.50999906e-12 
 6.49250000e-09  6.49250000e-09  2.50000000e+00  8.54212180e-08 -2.50999907e-12 
 6.49350000e-09  6.49350000e-09  2.50000000e+00  7.87899522e-08 -2.50999907e-12 
 6.49450000e-09  6.49450000e-09  2.50000000e+00  7.26819129e-08 -2.50999908e-12 
 6.49550000e-09  6.49550000e-09  2.50000000e+00  6.70558159e-08 -2.50999909e-12 
 6.49650000e-09  6.49650000e-09  2.50000000e+00  6.18736347e-08 -2.50999909e-12 
 6.49750000e-09  6.49750000e-09  2.50000000e+00  5.71003429e-08 -2.50999910e-12 
 6.49850000e-09  6.49850000e-09  2.50000000e+00  5.27036780e-08 -2.50999910e-12 
 6.49950000e-09  6.49950000e-09  2.50000000e+00  4.86539228e-08 -2.50999910e-12 
 6.50050000e-09  6.50050000e-09  2.50000000e+00  4.49237053e-08 -2.50999911e-12 
 6.50150000e-09  6.50150000e-09  2.50000000e+00  4.14878130e-08 -2.50999911e-12 
 6.50250000e-09  6.50250000e-09  2.50000000e+00  3.83230229e-08 -2.50999911e-12 
 6.50350000e-09  6.50350000e-09  2.50000000e+00  3.54079441e-08 -2.50999912e-12 
 6.50450000e-09  6.50450000e-09  2.50000000e+00  3.27228736e-08 -2.50999912e-12 
 6.50550000e-09  6.50550000e-09  2.50000000e+00  3.02496631e-08 -2.50999912e-12 
 6.50650000e-09  6.50650000e-09  2.50000000e+00  2.79715963e-08 -2.50999912e-12 
 6.50750000e-09  6.50750000e-09  2.50000000e+00  2.58732756e-08 -2.50999913e-12 
 6.50850000e-09  6.50850000e-09  2.50000000e+00  2.39405186e-08 -2.50999913e-12 
 6.50950000e-09  6.50950000e-09  2.50000000e+00  2.21602620e-08 -2.50999913e-12 
 6.51050000e-09  6.51050000e-09  2.50000000e+00  2.05204729e-08 -2.50999913e-12 
 6.51150000e-09  6.51150000e-09  2.50000000e+00  1.90100679e-08 -2.50999913e-12 
 6.51250000e-09  6.51250000e-09  2.50000000e+00  1.76188384e-08 -2.50999914e-12 
 6.51350000e-09  6.51350000e-09  2.50000000e+00  1.63373810e-08 -2.50999914e-12 
 6.51450000e-09  6.51450000e-09  2.50000000e+00  1.51570344e-08 -2.50999914e-12 
 6.51550000e-09  6.51550000e-09  2.50000000e+00  1.40698206e-08 -2.50999914e-12 
 6.51650000e-09  6.51650000e-09  2.50000000e+00  1.30683912e-08 -2.50999914e-12 
 6.51750000e-09  6.51750000e-09  2.50000000e+00  1.21459777e-08 -2.50999914e-12 
 6.51850000e-09  6.51850000e-09  2.50000000e+00  1.12963452e-08 -2.50999914e-12 
 6.51950000e-09  6.51950000e-09  2.50000000e+00  1.05137512e-08 -2.50999914e-12 
 6.52050000e-09  6.52050000e-09  2.50000000e+00  9.79290620e-09 -2.50999914e-12 
 6.52150000e-09  6.52150000e-09  2.50000000e+00  9.12893796e-09 -2.50999914e-12 
 6.52250000e-09  6.52250000e-09  2.50000000e+00  8.51735889e-09 -2.50999914e-12 
 6.52350000e-09  6.52350000e-09  2.50000000e+00  7.95403519e-09 -2.50999915e-12 
 6.52450000e-09  6.52450000e-09  2.50000000e+00  7.43515940e-09 -2.50999915e-12 
 6.52550000e-09  6.52550000e-09  2.50000000e+00  6.95722452e-09 -2.50999915e-12 
 6.52650000e-09  6.52650000e-09  2.50000000e+00  6.51700006e-09 -2.50999915e-12 
 6.52750000e-09  6.52750000e-09  2.50000000e+00  6.11151058e-09 -2.50999915e-12 
 6.52850000e-09  6.52850000e-09  2.50000000e+00  5.73801533e-09 -2.50999915e-12 
 6.52950000e-09  6.52950000e-09  2.50000000e+00  5.39398999e-09 -2.50999915e-12 
 6.53050000e-09  6.53050000e-09  2.50000000e+00  5.07710934e-09 -2.50999915e-12 
 6.53150000e-09  6.53150000e-09  2.50000000e+00  4.78523153e-09 -2.50999915e-12 
 6.53250000e-09  6.53250000e-09  2.50000000e+00  4.51638368e-09 -2.50999915e-12 
 6.53350000e-09  6.53350000e-09  2.50000000e+00  4.26874876e-09 -2.50999915e-12 
 6.53450000e-09  6.53450000e-09  2.50000000e+00  4.04065302e-09 -2.50999915e-12 
 6.53550000e-09  6.53550000e-09  2.50000000e+00  3.83055476e-09 -2.50999915e-12 
 6.53650000e-09  6.53650000e-09  2.50000000e+00  3.63703378e-09 -2.50999915e-12 
 6.53750000e-09  6.53750000e-09  2.50000000e+00  3.45878217e-09 -2.50999915e-12 
 6.53850000e-09  6.53850000e-09  2.50000000e+00  3.29459513e-09 -2.50999915e-12 
 6.53950000e-09  6.53950000e-09  2.50000000e+00  3.14336291e-09 -2.50999915e-12 
 6.54050000e-09  6.54050000e-09  2.50000000e+00  3.00406341e-09 -2.50999915e-12 
 6.54150000e-09  6.54150000e-09  2.50000000e+00  2.87575510e-09 -2.50999915e-12 
 6.54250000e-09  6.54250000e-09  2.50000000e+00  2.75757072e-09 -2.50999915e-12 
 6.54350000e-09  6.54350000e-09  2.50000000e+00  2.64871140e-09 -2.50999915e-12 
 6.54450000e-09  6.54450000e-09  2.50000000e+00  2.54844139e-09 -2.50999915e-12 
 6.54550000e-09  6.54550000e-09  2.50000000e+00  2.45608297e-09 -2.50999915e-12 
 6.54650000e-09  6.54650000e-09  2.50000000e+00  2.37101188e-09 -2.50999915e-12 
 6.54750000e-09  6.54750000e-09  2.50000000e+00  2.29265319e-09 -2.50999915e-12 
 6.54850000e-09  6.54850000e-09  2.50000000e+00  2.22047727e-09 -2.50999915e-12 
 6.54950000e-09  6.54950000e-09  2.50000000e+00  2.15399616e-09 -2.50999915e-12 
 6.55050000e-09  6.55050000e-09  2.50000000e+00  2.09276065e-09 -2.50999915e-12 
 6.55150000e-09  6.55150000e-09  2.50000000e+00  2.03635682e-09 -2.50999915e-12 
 6.55250000e-09  6.55250000e-09  2.50000000e+00  1.98440341e-09 -2.50999915e-12 
 6.55350000e-09  6.55350000e-09  2.50000000e+00  1.93654926e-09 -2.50999915e-12 
 6.55450000e-09  6.55450000e-09  2.50000000e+00  1.89247092e-09 -2.50999915e-12 
 6.55550000e-09  6.55550000e-09  2.50000000e+00  1.85187051e-09 -2.50999915e-12 
 6.55650000e-09  6.55650000e-09  2.50000000e+00  1.81447354e-09 -2.50999915e-12 
 6.55750000e-09  6.55750000e-09  2.50000000e+00  1.78002727e-09 -2.50999915e-12 
 6.55850000e-09  6.55850000e-09  2.50000000e+00  1.74829900e-09 -2.50999915e-12 
 6.55950000e-09  6.55950000e-09  2.50000000e+00  1.71907410e-09 -2.50999915e-12 
 6.56050000e-09  6.56050000e-09  2.50000000e+00  1.69215516e-09 -2.50999915e-12 
 6.56150000e-09  6.56150000e-09  2.50000000e+00  1.66736027e-09 -2.50999915e-12 
 6.56250000e-09  6.56250000e-09  2.50000000e+00  1.64452173e-09 -2.50999915e-12 
 6.56350000e-09  6.56350000e-09  2.50000000e+00  1.62348519e-09 -2.50999915e-12 
 6.56450000e-09  6.56450000e-09  2.50000000e+00  1.60410856e-09 -2.50999915e-12 
 6.56550000e-09  6.56550000e-09  2.50000000e+00  1.58626077e-09 -2.50999915e-12 
 6.56650000e-09  6.56650000e-09  2.50000000e+00  1.56982133e-09 -2.50999915e-12 
 6.56750000e-09  6.56750000e-09  2.50000000e+00  1.55467899e-09 -2.50999915e-12 
 6.56850000e-09  6.56850000e-09  2.50000000e+00  1.54073138e-09 -2.50999915e-12 
 6.56950000e-09  6.56950000e-09  2.50000000e+00  1.52788426e-09 -2.50999915e-12 
 6.57050000e-09  6.57050000e-09  2.50000000e+00  1.51605078e-09 -2.50999915e-12 
 6.57150000e-09  6.57150000e-09  2.50000000e+00  1.50515099e-09 -2.50999915e-12 
 6.57250000e-09  6.57250000e-09  2.50000000e+00  1.49511121e-09 -2.50999915e-12 
 6.57350000e-09  6.57350000e-09  2.50000000e+00  1.48586355e-09 -2.50999915e-12 
 6.57450000e-09  6.57450000e-09  2.50000000e+00  1.47734562e-09 -2.50999915e-12 
 6.57550000e-09  6.57550000e-09  2.50000000e+00  1.46949989e-09 -2.50999915e-12 
 6.57650000e-09  6.57650000e-09  2.50000000e+00  1.46227316e-09 -2.50999915e-12 
 6.57750000e-09  6.57750000e-09  2.50000000e+00  1.45561655e-09 -2.50999915e-12 
 6.57850000e-09  6.57850000e-09  2.50000000e+00  1.44948521e-09 -2.50999915e-12 
 6.57950000e-09  6.57950000e-09  2.50000000e+00  1.44383766e-09 -2.50999915e-12 
 6.58050000e-09  6.58050000e-09  2.50000000e+00  1.43863565e-09 -2.50999915e-12 
 6.58150000e-09  6.58150000e-09  2.50000000e+00  1.43384413e-09 -2.50999915e-12 
 6.58250000e-09  6.58250000e-09  2.50000000e+00  1.42943068e-09 -2.50999915e-12 
 6.58350000e-09  6.58350000e-09  2.50000000e+00  1.42536542e-09 -2.50999915e-12 
 6.58450000e-09  6.58450000e-09  2.50000000e+00  1.42162102e-09 -2.50999915e-12 
 6.58550000e-09  6.58550000e-09  2.50000000e+00  1.41817206e-09 -2.50999915e-12 
 6.58650000e-09  6.58650000e-09  2.50000000e+00  1.41499529e-09 -2.50999915e-12 
 6.58750000e-09  6.58750000e-09  2.50000000e+00  1.41206912e-09 -2.50999915e-12 
 6.58850000e-09  6.58850000e-09  2.50000000e+00  1.40937381e-09 -2.50999915e-12 
 6.58950000e-09  6.58950000e-09  2.50000000e+00  1.40689123e-09 -2.50999915e-12 
 6.59050000e-09  6.59050000e-09  2.50000000e+00  1.40460450e-09 -2.50999915e-12 
 6.59150000e-09  6.59150000e-09  2.50000000e+00  1.40249825e-09 -2.50999915e-12 
 6.59250000e-09  6.59250000e-09  2.50000000e+00  1.40055814e-09 -2.50999915e-12 
 6.59350000e-09  6.59350000e-09  2.50000000e+00  1.39877109e-09 -2.50999915e-12 
 6.59450000e-09  6.59450000e-09  2.50000000e+00  1.39712496e-09 -2.50999915e-12 
 6.59550000e-09  6.59550000e-09  2.50000000e+00  1.39560883e-09 -2.50999915e-12 
 6.59650000e-09  6.59650000e-09  2.50000000e+00  1.39421228e-09 -2.50999915e-12 
 6.59750000e-09  6.59750000e-09  2.50000000e+00  1.39292592e-09 -2.50999915e-12 
 6.59850000e-09  6.59850000e-09  2.50000000e+00  1.39174104e-09 -2.50999915e-12 
 6.59950000e-09  6.59950000e-09  2.50000000e+00  1.39064967e-09 -2.50999915e-12 
 6.60050000e-09  6.60050000e-09  2.50000000e+00  1.38964441e-09 -2.50999915e-12 
 6.60150000e-09  6.60150000e-09  2.50000000e+00  1.38871842e-09 -2.50999915e-12 
 6.60250000e-09  6.60250000e-09  2.50000000e+00  1.38786555e-09 -2.50999915e-12 
 6.60350000e-09  6.60350000e-09  2.50000000e+00  1.38707996e-09 -2.50999915e-12 
 6.60450000e-09  6.60450000e-09  2.50000000e+00  1.38635640e-09 -2.50999915e-12 
 6.60550000e-09  6.60550000e-09  2.50000000e+00  1.38568991e-09 -2.50999915e-12 
 6.60650000e-09  6.60650000e-09  2.50000000e+00  1.38507602e-09 -2.50999915e-12 
 6.60750000e-09  6.60750000e-09  2.50000000e+00  1.38451059e-09 -2.50999915e-12 
 6.60850000e-09  6.60850000e-09  2.50000000e+00  1.38398976e-09 -2.50999915e-12 
 6.60950000e-09  6.60950000e-09  2.50000000e+00  1.38351003e-09 -2.50999915e-12 
 6.61050000e-09  6.61050000e-09  2.50000000e+00  1.38306824e-09 -2.50999915e-12 
 6.61150000e-09  6.61150000e-09  2.50000000e+00  1.38266125e-09 -2.50999915e-12 
 6.61250000e-09  6.61250000e-09  2.50000000e+00  1.38228630e-09 -2.50999915e-12 
 6.61350000e-09  6.61350000e-09  2.50000000e+00  1.38194096e-09 -2.50999915e-12 
 6.61450000e-09  6.61450000e-09  2.50000000e+00  1.38162281e-09 -2.50999915e-12 
 6.61550000e-09  6.61550000e-09  2.50000000e+00  1.38132984e-09 -2.50999915e-12 
 6.61650000e-09  6.61650000e-09  2.50000000e+00  1.38105994e-09 -2.50999915e-12 
 6.61750000e-09  6.61750000e-09  2.50000000e+00  1.38081145e-09 -2.50999915e-12 
 6.61850000e-09  6.61850000e-09  2.50000000e+00  1.38058254e-09 -2.50999915e-12 
 6.61950000e-09  6.61950000e-09  2.50000000e+00  1.38037173e-09 -2.50999915e-12 
 6.62050000e-09  6.62050000e-09  2.50000000e+00  1.38017754e-09 -2.50999915e-12 
 6.62150000e-09  6.62150000e-09  2.50000000e+00  1.37999870e-09 -2.50999915e-12 
 6.62250000e-09  6.62250000e-09  2.50000000e+00  1.37983403e-09 -2.50999915e-12 
 6.62350000e-09  6.62350000e-09  2.50000000e+00  1.37968225e-09 -2.50999915e-12 
 6.62450000e-09  6.62450000e-09  2.50000000e+00  1.37954234e-09 -2.50999915e-12 
 6.62550000e-09  6.62550000e-09  2.50000000e+00  1.37941344e-09 -2.50999915e-12 
 6.62650000e-09  6.62650000e-09  2.50000000e+00  1.37929479e-09 -2.50999915e-12 
 6.62750000e-09  6.62750000e-09  2.50000000e+00  1.37918550e-09 -2.50999915e-12 
 6.62850000e-09  6.62850000e-09  2.50000000e+00  1.37908485e-09 -2.50999915e-12 
 6.62950000e-09  6.62950000e-09  2.50000000e+00  1.37899213e-09 -2.50999915e-12 
 6.63050000e-09  6.63050000e-09  2.50000000e+00  1.37890673e-09 -2.50999915e-12 
 6.63150000e-09  6.63150000e-09  2.50000000e+00  1.37882806e-09 -2.50999915e-12 
 6.63250000e-09  6.63250000e-09  2.50000000e+00  1.37875555e-09 -2.50999915e-12 
 6.63350000e-09  6.63350000e-09  2.50000000e+00  1.37868875e-09 -2.50999915e-12 
 6.63450000e-09  6.63450000e-09  2.50000000e+00  1.37862729e-09 -2.50999915e-12 
 6.63550000e-09  6.63550000e-09  2.50000000e+00  1.37857059e-09 -2.50999915e-12 
 6.63650000e-09  6.63650000e-09  2.50000000e+00  1.37851837e-09 -2.50999915e-12 
 6.63750000e-09  6.63750000e-09  2.50000000e+00  1.37847036e-09 -2.50999915e-12 
 6.63850000e-09  6.63850000e-09  2.50000000e+00  1.37842617e-09 -2.50999915e-12 
 6.63950000e-09  6.63950000e-09  2.50000000e+00  1.37838541e-09 -2.50999915e-12 
 6.64050000e-09  6.64050000e-09  2.50000000e+00  1.37834777e-09 -2.50999915e-12 
 6.64150000e-09  6.64150000e-09  2.50000000e+00  1.37831313e-09 -2.50999915e-12 
 6.64250000e-09  6.64250000e-09  2.50000000e+00  1.37828123e-09 -2.50999915e-12 
 6.64350000e-09  6.64350000e-09  2.50000000e+00  1.37825181e-09 -2.50999915e-12 
 6.64450000e-09  6.64450000e-09  2.50000000e+00  1.37822484e-09 -2.50999915e-12 
 6.64550000e-09  6.64550000e-09  2.50000000e+00  1.37820000e-09 -2.50999915e-12 
 6.64650000e-09  6.64650000e-09  2.50000000e+00  1.37817716e-09 -2.50999915e-12 
 6.64750000e-09  6.64750000e-09  2.50000000e+00  1.37815612e-09 -2.50999915e-12 
 6.64850000e-09  6.64850000e-09  2.50000000e+00  1.37813677e-09 -2.50999915e-12 
 6.64950000e-09  6.64950000e-09  2.50000000e+00  1.37811885e-09 -2.50999915e-12 
 6.65050000e-09  6.65050000e-09  2.50000000e+00  1.37810236e-09 -2.50999915e-12 
 6.65150000e-09  6.65150000e-09  2.50000000e+00  1.37808714e-09 -2.50999915e-12 
 6.65250000e-09  6.65250000e-09  2.50000000e+00  1.37807309e-09 -2.50999915e-12 
 6.65350000e-09  6.65350000e-09  2.50000000e+00  1.37806024e-09 -2.50999915e-12 
 6.65450000e-09  6.65450000e-09  2.50000000e+00  1.37804841e-09 -2.50999915e-12 
 6.65550000e-09  6.65550000e-09  2.50000000e+00  1.37803740e-09 -2.50999915e-12 
 6.65650000e-09  6.65650000e-09  2.50000000e+00  1.37802718e-09 -2.50999915e-12 
 6.65750000e-09  6.65750000e-09  2.50000000e+00  1.37801790e-09 -2.50999915e-12 
 6.65850000e-09  6.65850000e-09  2.50000000e+00  1.37800941e-09 -2.50999915e-12 
 6.65950000e-09  6.65950000e-09  2.50000000e+00  1.37800156e-09 -2.50999915e-12 
 6.66050000e-09  6.66050000e-09  2.50000000e+00  1.37799435e-09 -2.50999915e-12 
 6.66150000e-09  6.66150000e-09  2.50000000e+00  1.37798755e-09 -2.50999915e-12 
 6.66250000e-09  6.66250000e-09  2.50000000e+00  1.37798135e-09 -2.50999915e-12 
 6.66350000e-09  6.66350000e-09  2.50000000e+00  1.37797571e-09 -2.50999915e-12 
 6.66450000e-09  6.66450000e-09  2.50000000e+00  1.37797041e-09 -2.50999915e-12 
 6.66550000e-09  6.66550000e-09  2.50000000e+00  1.37796553e-09 -2.50999915e-12 
 6.66650000e-09  6.66650000e-09  2.50000000e+00  1.37796106e-09 -2.50999915e-12 
 6.66750000e-09  6.66750000e-09  2.50000000e+00  1.37795693e-09 -2.50999915e-12 
 6.66850000e-09  6.66850000e-09  2.50000000e+00  1.37795313e-09 -2.50999915e-12 
 6.66950000e-09  6.66950000e-09  2.50000000e+00  1.37794971e-09 -2.50999915e-12 
 6.67050000e-09  6.67050000e-09  2.50000000e+00  1.37794656e-09 -2.50999915e-12 
 6.67150000e-09  6.67150000e-09  2.50000000e+00  1.37794359e-09 -2.50999915e-12 
 6.67250000e-09  6.67250000e-09  2.50000000e+00  1.37794088e-09 -2.50999915e-12 
 6.67350000e-09  6.67350000e-09  2.50000000e+00  1.37793844e-09 -2.50999915e-12 
 6.67450000e-09  6.67450000e-09  2.50000000e+00  1.37793615e-09 -2.50999915e-12 
 6.67550000e-09  6.67550000e-09  2.50000000e+00  1.37793397e-09 -2.50999915e-12 
 6.67650000e-09  6.67650000e-09  2.50000000e+00  1.37793194e-09 -2.50999915e-12 
 6.67750000e-09  6.67750000e-09  2.50000000e+00  1.37793021e-09 -2.50999915e-12 
 6.67850000e-09  6.67850000e-09  2.50000000e+00  1.37792860e-09 -2.50999915e-12 
 6.67950000e-09  6.67950000e-09  2.50000000e+00  1.37792706e-09 -2.50999915e-12 
 6.68050000e-09  6.68050000e-09  2.50000000e+00  1.37792567e-09 -2.50999915e-12 
 6.68150000e-09  6.68150000e-09  2.50000000e+00  1.37792443e-09 -2.50999915e-12 
 6.68250000e-09  6.68250000e-09  2.50000000e+00  1.37792323e-09 -2.50999915e-12 
 6.68350000e-09  6.68350000e-09  2.50000000e+00  1.37792206e-09 -2.50999915e-12 
 6.68450000e-09  6.68450000e-09  2.50000000e+00  1.37792108e-09 -2.50999915e-12 
 6.68550000e-09  6.68550000e-09  2.50000000e+00  1.37792011e-09 -2.50999915e-12 
 6.68650000e-09  6.68650000e-09  2.50000000e+00  1.37791928e-09 -2.50999915e-12 
 6.68750000e-09  6.68750000e-09  2.50000000e+00  1.37791849e-09 -2.50999915e-12 
 6.68850000e-09  6.68850000e-09  2.50000000e+00  1.37791782e-09 -2.50999915e-12 
 6.68950000e-09  6.68950000e-09  2.50000000e+00  1.37791718e-09 -2.50999915e-12 
 6.69050000e-09  6.69050000e-09  2.50000000e+00  1.37791658e-09 -2.50999915e-12 
 6.69150000e-09  6.69150000e-09  2.50000000e+00  1.37791594e-09 -2.50999915e-12 
 6.69250000e-09  6.69250000e-09  2.50000000e+00  1.37791537e-09 -2.50999915e-12 
 6.69350000e-09  6.69350000e-09  2.50000000e+00  1.37791492e-09 -2.50999915e-12 
 6.69450000e-09  6.69450000e-09  2.50000000e+00  1.37791447e-09 -2.50999915e-12 
 6.69550000e-09  6.69550000e-09  2.50000000e+00  1.37791410e-09 -2.50999915e-12 
 6.69650000e-09  6.69650000e-09  2.50000000e+00  1.37791383e-09 -2.50999915e-12 
 6.69750000e-09  6.69750000e-09  2.50000000e+00  1.37791353e-09 -2.50999915e-12 
 6.69850000e-09  6.69850000e-09  2.50000000e+00  1.37791316e-09 -2.50999915e-12 
 6.69950000e-09  6.69950000e-09  2.50000000e+00  1.37791293e-09 -2.50999915e-12 
 6.70050000e-09  6.70050000e-09  2.50000000e+00  1.37791267e-09 -2.50999915e-12 
 6.70150000e-09  6.70150000e-09  2.50000000e+00  1.37791241e-09 -2.50999915e-12 
 6.70250000e-09  6.70250000e-09  2.50000000e+00  1.37791226e-09 -2.50999915e-12 
 6.70350000e-09  6.70350000e-09  2.50000000e+00  1.37791210e-09 -2.50999915e-12 
 6.70450000e-09  6.70450000e-09  2.50000000e+00  1.37791184e-09 -2.50999915e-12 
 6.70550000e-09  6.70550000e-09  2.50000000e+00  1.37791165e-09 -2.50999915e-12 
 6.70650000e-09  6.70650000e-09  2.50000000e+00  1.37791147e-09 -2.50999915e-12 
 6.70750000e-09  6.70750000e-09  2.50000000e+00  1.37791135e-09 -2.50999915e-12 
 6.70850000e-09  6.70850000e-09  2.50000000e+00  1.37791124e-09 -2.50999915e-12 
 6.70950000e-09  6.70950000e-09  2.50000000e+00  1.37791102e-09 -2.50999915e-12 
 6.71050000e-09  6.71050000e-09  2.50000000e+00  1.37791079e-09 -2.50999915e-12 
 6.71150000e-09  6.71150000e-09  2.50000000e+00  1.37791060e-09 -2.50999915e-12 
 6.71250000e-09  6.71250000e-09  2.50000000e+00  1.37791056e-09 -2.50999915e-12 
 6.71350000e-09  6.71350000e-09  2.50000000e+00  1.37791053e-09 -2.50999915e-12 
 6.71450000e-09  6.71450000e-09  2.50000000e+00  1.37791053e-09 -2.50999915e-12 
 6.71550000e-09  6.71550000e-09  2.50000000e+00  1.37791053e-09 -2.50999915e-12 
 6.71650000e-09  6.71650000e-09  2.50000000e+00  1.37791053e-09 -2.50999915e-12 
 6.71750000e-09  6.71750000e-09  2.50000000e+00  1.37791053e-09 -2.50999915e-12 
 6.71850000e-09  6.71850000e-09  2.50000000e+00  1.37791053e-09 -2.50999915e-12 
 6.71950000e-09  6.71950000e-09  2.50000000e+00  1.37791053e-09 -2.50999915e-12 
 6.72050000e-09  6.72050000e-09  2.50000000e+00  1.37791053e-09 -2.50999915e-12 
 6.72150000e-09  6.72150000e-09  2.50000000e+00  1.37791053e-09 -2.50999915e-12 
 6.72250000e-09  6.72250000e-09  2.50000000e+00  1.37791053e-09 -2.50999915e-12 
 6.72350000e-09  6.72350000e-09  2.50000000e+00  1.37791053e-09 -2.50999915e-12 
 6.72450000e-09  6.72450000e-09  2.50000000e+00  1.37791053e-09 -2.50999915e-12 
 6.72550000e-09  6.72550000e-09  2.50000000e+00  1.37791053e-09 -2.50999915e-12 
 6.72650000e-09  6.72650000e-09  2.50000000e+00  1.37791053e-09 -2.50999915e-12 
 6.72750000e-09  6.72750000e-09  2.50000000e+00  1.37791053e-09 -2.50999915e-12 
 6.72850000e-09  6.72850000e-09  2.50000000e+00  1.37791053e-09 -2.50999915e-12 
 6.72950000e-09  6.72950000e-09  2.50000000e+00  1.37791053e-09 -2.50999915e-12 
 6.73050000e-09  6.73050000e-09  2.50000000e+00  1.37791053e-09 -2.50999915e-12 
 6.73150000e-09  6.73150000e-09  2.50000000e+00  1.37791053e-09 -2.50999915e-12 
 6.73250000e-09  6.73250000e-09  2.50000000e+00  1.37791053e-09 -2.50999915e-12 
 6.73350000e-09  6.73350000e-09  2.50000000e+00  1.37791053e-09 -2.50999915e-12 
 6.73450000e-09  6.73450000e-09  2.50000000e+00  1.37791053e-09 -2.50999915e-12 
 6.73550000e-09  6.73550000e-09  2.50000000e+00  1.37791053e-09 -2.50999915e-12 
 6.73650000e-09  6.73650000e-09  2.50000000e+00  1.37791053e-09 -2.50999915e-12 
 6.73750000e-09  6.73750000e-09  2.50000000e+00  1.37791053e-09 -2.50999915e-12 
 6.73850000e-09  6.73850000e-09  2.50000000e+00  1.37791053e-09 -2.50999915e-12 
 6.73950000e-09  6.73950000e-09  2.50000000e+00  1.37791053e-09 -2.50999915e-12 
 6.74050000e-09  6.74050000e-09  2.50000000e+00  1.37791053e-09 -2.50999915e-12 
 6.74150000e-09  6.74150000e-09  2.50000000e+00  1.37791053e-09 -2.50999915e-12 
 6.74250000e-09  6.74250000e-09  2.50000000e+00  1.37791053e-09 -2.50999915e-12 
 6.74350000e-09  6.74350000e-09  2.50000000e+00  1.37791053e-09 -2.50999915e-12 
 6.74450000e-09  6.74450000e-09  2.50000000e+00  1.37791053e-09 -2.50999915e-12 
 6.74550000e-09  6.74550000e-09  2.50000000e+00  1.37791053e-09 -2.50999915e-12 
 6.74650000e-09  6.74650000e-09  2.50000000e+00  1.37791053e-09 -2.50999915e-12 
 6.74750000e-09  6.74750000e-09  2.50000000e+00  1.37791053e-09 -2.50999915e-12 
 6.74850000e-09  6.74850000e-09  2.50000000e+00  1.37791053e-09 -2.50999915e-12 
 6.74950000e-09  6.74950000e-09  2.50000000e+00  1.37791053e-09 -2.50999915e-12 
 6.75050000e-09  6.75050000e-09  2.50000000e+00  1.37791053e-09 -2.50999915e-12 
 6.75150000e-09  6.75150000e-09  2.50000000e+00  1.37791053e-09 -2.50999915e-12 
 6.75250000e-09  6.75250000e-09  2.50000000e+00  1.37791053e-09 -2.50999915e-12 
 6.75350000e-09  6.75350000e-09  2.50000000e+00  1.37791053e-09 -2.50999915e-12 
 6.75450000e-09  6.75450000e-09  2.50000000e+00  1.37791053e-09 -2.50999915e-12 
 6.75550000e-09  6.75550000e-09  2.50000000e+00  1.37791053e-09 -2.50999915e-12 
 6.75650000e-09  6.75650000e-09  2.50000000e+00  1.37791053e-09 -2.50999915e-12 
 6.75750000e-09  6.75750000e-09  2.50000000e+00  1.37791053e-09 -2.50999915e-12 
 6.75850000e-09  6.75850000e-09  2.50000000e+00  1.37791053e-09 -2.50999915e-12 
 6.75950000e-09  6.75950000e-09  2.50000000e+00  1.37791053e-09 -2.50999915e-12 
 6.76050000e-09  6.76050000e-09  2.50000000e+00  1.37791053e-09 -2.50999915e-12 
 6.76150000e-09  6.76150000e-09  2.50000000e+00  1.37791053e-09 -2.50999915e-12 
 6.76250000e-09  6.76250000e-09  2.50000000e+00  1.37791053e-09 -2.50999915e-12 
 6.76350000e-09  6.76350000e-09  2.50000000e+00  1.37791053e-09 -2.50999915e-12 
 6.76450000e-09  6.76450000e-09  2.50000000e+00  1.37791053e-09 -2.50999915e-12 
 6.76550000e-09  6.76550000e-09  2.50000000e+00  1.37791053e-09 -2.50999915e-12 
 6.76650000e-09  6.76650000e-09  2.50000000e+00  1.37791053e-09 -2.50999915e-12 
 6.76750000e-09  6.76750000e-09  2.50000000e+00  1.37791053e-09 -2.50999915e-12 
 6.76850000e-09  6.76850000e-09  2.50000000e+00  1.37791053e-09 -2.50999915e-12 
 6.76950000e-09  6.76950000e-09  2.50000000e+00  1.37791053e-09 -2.50999915e-12 
 6.77050000e-09  6.77050000e-09  2.50000000e+00  1.37791053e-09 -2.50999915e-12 
 6.77150000e-09  6.77150000e-09  2.50000000e+00  1.37791053e-09 -2.50999915e-12 
 6.77250000e-09  6.77250000e-09  2.50000000e+00  1.37791053e-09 -2.50999915e-12 
 6.77350000e-09  6.77350000e-09  2.50000000e+00  1.37791053e-09 -2.50999915e-12 
 6.77450000e-09  6.77450000e-09  2.50000000e+00  1.37791053e-09 -2.50999915e-12 
 6.77550000e-09  6.77550000e-09  2.50000000e+00  1.37791053e-09 -2.50999915e-12 
 6.77650000e-09  6.77650000e-09  2.50000000e+00  1.37791053e-09 -2.50999915e-12 
 6.77750000e-09  6.77750000e-09  2.50000000e+00  1.37791053e-09 -2.50999915e-12 
 6.77850000e-09  6.77850000e-09  2.50000000e+00  1.37791053e-09 -2.50999915e-12 
 6.77950000e-09  6.77950000e-09  2.50000000e+00  1.37791053e-09 -2.50999915e-12 
 6.78050000e-09  6.78050000e-09  2.50000000e+00  1.37791053e-09 -2.50999915e-12 
 6.78150000e-09  6.78150000e-09  2.50000000e+00  1.37791053e-09 -2.50999915e-12 
 6.78250000e-09  6.78250000e-09  2.50000000e+00  1.37791053e-09 -2.50999915e-12 
 6.78350000e-09  6.78350000e-09  2.50000000e+00  1.37791053e-09 -2.50999915e-12 
 6.78450000e-09  6.78450000e-09  2.50000000e+00  1.37791053e-09 -2.50999915e-12 
 6.78550000e-09  6.78550000e-09  2.50000000e+00  1.37791053e-09 -2.50999915e-12 
 6.78650000e-09  6.78650000e-09  2.50000000e+00  1.37791053e-09 -2.50999915e-12 
 6.78750000e-09  6.78750000e-09  2.50000000e+00  1.37791053e-09 -2.50999915e-12 
 6.78850000e-09  6.78850000e-09  2.50000000e+00  1.37791053e-09 -2.50999915e-12 
 6.78950000e-09  6.78950000e-09  2.50000000e+00  1.37791053e-09 -2.50999915e-12 
 6.79050000e-09  6.79050000e-09  2.50000000e+00  1.37791053e-09 -2.50999915e-12 
 6.79150000e-09  6.79150000e-09  2.50000000e+00  1.37791053e-09 -2.50999915e-12 
 6.79250000e-09  6.79250000e-09  2.50000000e+00  1.37791053e-09 -2.50999915e-12 
 6.79350000e-09  6.79350000e-09  2.50000000e+00  1.37791053e-09 -2.50999915e-12 
 6.79450000e-09  6.79450000e-09  2.50000000e+00  1.37791053e-09 -2.50999915e-12 
 6.79550000e-09  6.79550000e-09  2.50000000e+00  1.37791053e-09 -2.50999915e-12 
 6.79650000e-09  6.79650000e-09  2.50000000e+00  1.37791053e-09 -2.50999915e-12 
 6.79750000e-09  6.79750000e-09  2.50000000e+00  1.37791053e-09 -2.50999915e-12 
 6.79850000e-09  6.79850000e-09  2.50000000e+00  1.37791053e-09 -2.50999915e-12 
 6.79950000e-09  6.79950000e-09  2.50000000e+00  1.37791053e-09 -2.50999915e-12 
 6.80050000e-09  6.80050000e-09  2.50000000e+00  1.37791053e-09 -2.50999915e-12 
 6.80150000e-09  6.80150000e-09  2.50000000e+00  1.37791053e-09 -2.50999915e-12 
 6.80250000e-09  6.80250000e-09  2.50000000e+00  1.37791053e-09 -2.50999915e-12 
 6.80350000e-09  6.80350000e-09  2.50000000e+00  1.37791053e-09 -2.50999915e-12 
 6.80450000e-09  6.80450000e-09  2.50000000e+00  1.37791053e-09 -2.50999915e-12 
 6.80550000e-09  6.80550000e-09  2.50000000e+00  1.37791053e-09 -2.50999915e-12 
 6.80650000e-09  6.80650000e-09  2.50000000e+00  1.37791053e-09 -2.50999915e-12 
 6.80750000e-09  6.80750000e-09  2.50000000e+00  1.37791053e-09 -2.50999915e-12 
 6.80850000e-09  6.80850000e-09  2.50000000e+00  1.37791053e-09 -2.50999915e-12 
 6.80950000e-09  6.80950000e-09  2.50000000e+00  1.37791053e-09 -2.50999915e-12 
 6.81050000e-09  6.81050000e-09  2.50000000e+00  1.37791053e-09 -2.50999915e-12 
 6.81150000e-09  6.81150000e-09  2.50000000e+00  1.37791053e-09 -2.50999915e-12 
 6.81250000e-09  6.81250000e-09  2.50000000e+00  1.37791053e-09 -2.50999915e-12 
 6.81350000e-09  6.81350000e-09  2.50000000e+00  1.37791053e-09 -2.50999915e-12 
 6.81450000e-09  6.81450000e-09  2.50000000e+00  1.37791053e-09 -2.50999915e-12 
 6.81550000e-09  6.81550000e-09  2.50000000e+00  1.37791053e-09 -2.50999915e-12 
 6.81650000e-09  6.81650000e-09  2.50000000e+00  1.37791053e-09 -2.50999915e-12 
 6.81750000e-09  6.81750000e-09  2.50000000e+00  1.37791053e-09 -2.50999915e-12 
 6.81850000e-09  6.81850000e-09  2.50000000e+00  1.37791053e-09 -2.50999915e-12 
 6.81950000e-09  6.81950000e-09  2.50000000e+00  1.37791053e-09 -2.50999915e-12 
 6.82050000e-09  6.82050000e-09  2.50000000e+00  1.37791053e-09 -2.50999915e-12 
 6.82150000e-09  6.82150000e-09  2.50000000e+00  1.37791053e-09 -2.50999915e-12 
 6.82250000e-09  6.82250000e-09  2.50000000e+00  1.37791053e-09 -2.50999915e-12 
 6.82350000e-09  6.82350000e-09  2.50000000e+00  1.37791053e-09 -2.50999915e-12 
 6.82450000e-09  6.82450000e-09  2.50000000e+00  1.37791053e-09 -2.50999915e-12 
 6.82550000e-09  6.82550000e-09  2.50000000e+00  1.37791053e-09 -2.50999915e-12 
 6.82650000e-09  6.82650000e-09  2.50000000e+00  1.37791053e-09 -2.50999915e-12 
 6.82750000e-09  6.82750000e-09  2.50000000e+00  1.37791053e-09 -2.50999915e-12 
 6.82850000e-09  6.82850000e-09  2.50000000e+00  1.37791053e-09 -2.50999915e-12 
 6.82950000e-09  6.82950000e-09  2.50000000e+00  1.37791053e-09 -2.50999915e-12 
 6.83050000e-09  6.83050000e-09  2.50000000e+00  1.37791053e-09 -2.50999915e-12 
 6.83150000e-09  6.83150000e-09  2.50000000e+00  1.37791053e-09 -2.50999915e-12 
 6.83250000e-09  6.83250000e-09  2.50000000e+00  1.37791053e-09 -2.50999915e-12 
 6.83350000e-09  6.83350000e-09  2.50000000e+00  1.37791053e-09 -2.50999915e-12 
 6.83450000e-09  6.83450000e-09  2.50000000e+00  1.37791053e-09 -2.50999915e-12 
 6.83550000e-09  6.83550000e-09  2.50000000e+00  1.37791053e-09 -2.50999915e-12 
 6.83650000e-09  6.83650000e-09  2.50000000e+00  1.37791053e-09 -2.50999915e-12 
 6.83750000e-09  6.83750000e-09  2.50000000e+00  1.37791053e-09 -2.50999915e-12 
 6.83850000e-09  6.83850000e-09  2.50000000e+00  1.37791053e-09 -2.50999915e-12 
 6.83950000e-09  6.83950000e-09  2.50000000e+00  1.37791053e-09 -2.50999915e-12 
 6.84050000e-09  6.84050000e-09  2.50000000e+00  1.37791053e-09 -2.50999915e-12 
 6.84150000e-09  6.84150000e-09  2.50000000e+00  1.37791053e-09 -2.50999915e-12 
 6.84250000e-09  6.84250000e-09  2.50000000e+00  1.37791053e-09 -2.50999915e-12 
 6.84350000e-09  6.84350000e-09  2.50000000e+00  1.37791053e-09 -2.50999915e-12 
 6.84450000e-09  6.84450000e-09  2.50000000e+00  1.37791053e-09 -2.50999915e-12 
 6.84550000e-09  6.84550000e-09  2.50000000e+00  1.37791053e-09 -2.50999915e-12 
 6.84650000e-09  6.84650000e-09  2.50000000e+00  1.37791053e-09 -2.50999915e-12 
 6.84750000e-09  6.84750000e-09  2.50000000e+00  1.37791053e-09 -2.50999915e-12 
 6.84850000e-09  6.84850000e-09  2.50000000e+00  1.37791053e-09 -2.50999915e-12 
 6.84950000e-09  6.84950000e-09  2.50000000e+00  1.37791053e-09 -2.50999915e-12 
 6.85050000e-09  6.85050000e-09  2.50000000e+00  1.37791053e-09 -2.50999915e-12 
 6.85150000e-09  6.85150000e-09  2.50000000e+00  1.37791053e-09 -2.50999915e-12 
 6.85250000e-09  6.85250000e-09  2.50000000e+00  1.37791053e-09 -2.50999915e-12 
 6.85350000e-09  6.85350000e-09  2.50000000e+00  1.37791053e-09 -2.50999915e-12 
 6.85450000e-09  6.85450000e-09  2.50000000e+00  1.37791053e-09 -2.50999915e-12 
 6.85550000e-09  6.85550000e-09  2.50000000e+00  1.37791053e-09 -2.50999915e-12 
 6.85650000e-09  6.85650000e-09  2.50000000e+00  1.37791053e-09 -2.50999915e-12 
 6.85750000e-09  6.85750000e-09  2.50000000e+00  1.37791053e-09 -2.50999915e-12 
 6.85850000e-09  6.85850000e-09  2.50000000e+00  1.37791053e-09 -2.50999915e-12 
 6.85950000e-09  6.85950000e-09  2.50000000e+00  1.37791053e-09 -2.50999915e-12 
 6.86050000e-09  6.86050000e-09  2.50000000e+00  1.37791053e-09 -2.50999915e-12 
 6.86150000e-09  6.86150000e-09  2.50000000e+00  1.37791053e-09 -2.50999915e-12 
 6.86250000e-09  6.86250000e-09  2.50000000e+00  1.37791053e-09 -2.50999915e-12 
 6.86350000e-09  6.86350000e-09  2.50000000e+00  1.37791053e-09 -2.50999915e-12 
 6.86450000e-09  6.86450000e-09  2.50000000e+00  1.37791053e-09 -2.50999915e-12 
 6.86550000e-09  6.86550000e-09  2.50000000e+00  1.37791053e-09 -2.50999915e-12 
 6.86650000e-09  6.86650000e-09  2.50000000e+00  1.37791053e-09 -2.50999915e-12 
 6.86750000e-09  6.86750000e-09  2.50000000e+00  1.37791053e-09 -2.50999915e-12 
 6.86850000e-09  6.86850000e-09  2.50000000e+00  1.37791053e-09 -2.50999915e-12 
 6.86950000e-09  6.86950000e-09  2.50000000e+00  1.37791053e-09 -2.50999915e-12 
 6.87050000e-09  6.87050000e-09  2.50000000e+00  1.37791053e-09 -2.50999915e-12 
 6.87150000e-09  6.87150000e-09  2.50000000e+00  1.37791053e-09 -2.50999915e-12 
 6.87250000e-09  6.87250000e-09  2.50000000e+00  1.37791053e-09 -2.50999915e-12 
 6.87350000e-09  6.87350000e-09  2.50000000e+00  1.37791053e-09 -2.50999915e-12 
 6.87450000e-09  6.87450000e-09  2.50000000e+00  1.37791053e-09 -2.50999915e-12 
 6.87550000e-09  6.87550000e-09  2.50000000e+00  1.37791053e-09 -2.50999915e-12 
 6.87650000e-09  6.87650000e-09  2.50000000e+00  1.37791053e-09 -2.50999915e-12 
 6.87750000e-09  6.87750000e-09  2.50000000e+00  1.37791053e-09 -2.50999915e-12 
 6.87850000e-09  6.87850000e-09  2.50000000e+00  1.37791053e-09 -2.50999915e-12 
 6.87950000e-09  6.87950000e-09  2.50000000e+00  1.37791053e-09 -2.50999915e-12 
 6.88050000e-09  6.88050000e-09  2.50000000e+00  1.37791053e-09 -2.50999915e-12 
 6.88150000e-09  6.88150000e-09  2.50000000e+00  1.37791053e-09 -2.50999915e-12 
 6.88250000e-09  6.88250000e-09  2.50000000e+00  1.37791053e-09 -2.50999915e-12 
 6.88350000e-09  6.88350000e-09  2.50000000e+00  1.37791053e-09 -2.50999915e-12 
 6.88450000e-09  6.88450000e-09  2.50000000e+00  1.37791053e-09 -2.50999915e-12 
 6.88550000e-09  6.88550000e-09  2.50000000e+00  1.37791053e-09 -2.50999915e-12 
 6.88650000e-09  6.88650000e-09  2.50000000e+00  1.37791053e-09 -2.50999915e-12 
 6.88750000e-09  6.88750000e-09  2.50000000e+00  1.37791053e-09 -2.50999915e-12 
 6.88850000e-09  6.88850000e-09  2.50000000e+00  1.37791053e-09 -2.50999915e-12 
 6.88950000e-09  6.88950000e-09  2.50000000e+00  1.37791053e-09 -2.50999915e-12 
 6.89050000e-09  6.89050000e-09  2.50000000e+00  1.37791053e-09 -2.50999915e-12 
 6.89150000e-09  6.89150000e-09  2.50000000e+00  1.37791053e-09 -2.50999915e-12 
 6.89250000e-09  6.89250000e-09  2.50000000e+00  1.37791053e-09 -2.50999915e-12 
 6.89350000e-09  6.89350000e-09  2.50000000e+00  1.37791053e-09 -2.50999915e-12 
 6.89450000e-09  6.89450000e-09  2.50000000e+00  1.37791053e-09 -2.50999915e-12 
 6.89550000e-09  6.89550000e-09  2.50000000e+00  1.37791053e-09 -2.50999915e-12 
 6.89650000e-09  6.89650000e-09  2.50000000e+00  1.37791053e-09 -2.50999915e-12 
 6.89750000e-09  6.89750000e-09  2.50000000e+00  1.37791053e-09 -2.50999915e-12 
 6.89850000e-09  6.89850000e-09  2.50000000e+00  1.37791053e-09 -2.50999915e-12 
 6.89950000e-09  6.89950000e-09  2.50000000e+00  1.37791053e-09 -2.50999915e-12 
 6.90050000e-09  6.90050000e-09  2.50000000e+00  1.37791053e-09 -2.50999915e-12 
 6.90150000e-09  6.90150000e-09  2.50000000e+00  1.37791053e-09 -2.50999915e-12 
 6.90250000e-09  6.90250000e-09  2.50000000e+00  1.37791053e-09 -2.50999915e-12 
 6.90350000e-09  6.90350000e-09  2.50000000e+00  1.37791053e-09 -2.50999915e-12 
 6.90450000e-09  6.90450000e-09  2.50000000e+00  1.37791053e-09 -2.50999915e-12 
 6.90550000e-09  6.90550000e-09  2.50000000e+00  1.37791053e-09 -2.50999915e-12 
 6.90650000e-09  6.90650000e-09  2.50000000e+00  1.37791053e-09 -2.50999915e-12 
 6.90750000e-09  6.90750000e-09  2.50000000e+00  1.37791053e-09 -2.50999915e-12 
 6.90850000e-09  6.90850000e-09  2.50000000e+00  1.37791053e-09 -2.50999915e-12 
 6.90950000e-09  6.90950000e-09  2.50000000e+00  1.37791053e-09 -2.50999915e-12 
 6.91050000e-09  6.91050000e-09  2.50000000e+00  1.37791053e-09 -2.50999915e-12 
 6.91150000e-09  6.91150000e-09  2.50000000e+00  1.37791053e-09 -2.50999915e-12 
 6.91250000e-09  6.91250000e-09  2.50000000e+00  1.37791053e-09 -2.50999915e-12 
 6.91350000e-09  6.91350000e-09  2.50000000e+00  1.37791053e-09 -2.50999915e-12 
 6.91450000e-09  6.91450000e-09  2.50000000e+00  1.37791053e-09 -2.50999915e-12 
 6.91550000e-09  6.91550000e-09  2.50000000e+00  1.37791053e-09 -2.50999915e-12 
 6.91650000e-09  6.91650000e-09  2.50000000e+00  1.37791053e-09 -2.50999915e-12 
 6.91750000e-09  6.91750000e-09  2.50000000e+00  1.37791053e-09 -2.50999915e-12 
 6.91850000e-09  6.91850000e-09  2.50000000e+00  1.37791053e-09 -2.50999915e-12 
 6.91950000e-09  6.91950000e-09  2.50000000e+00  1.37791053e-09 -2.50999915e-12 
 6.92050000e-09  6.92050000e-09  2.50000000e+00  1.37791053e-09 -2.50999915e-12 
 6.92150000e-09  6.92150000e-09  2.50000000e+00  1.37791053e-09 -2.50999915e-12 
 6.92250000e-09  6.92250000e-09  2.50000000e+00  1.37791053e-09 -2.50999915e-12 
 6.92350000e-09  6.92350000e-09  2.50000000e+00  1.37791053e-09 -2.50999915e-12 
 6.92450000e-09  6.92450000e-09  2.50000000e+00  1.37791053e-09 -2.50999915e-12 
 6.92550000e-09  6.92550000e-09  2.50000000e+00  1.37791053e-09 -2.50999915e-12 
 6.92650000e-09  6.92650000e-09  2.50000000e+00  1.37791053e-09 -2.50999915e-12 
 6.92750000e-09  6.92750000e-09  2.50000000e+00  1.37791053e-09 -2.50999915e-12 
 6.92850000e-09  6.92850000e-09  2.50000000e+00  1.37791053e-09 -2.50999915e-12 
 6.92950000e-09  6.92950000e-09  2.50000000e+00  1.37791053e-09 -2.50999915e-12 
 6.93050000e-09  6.93050000e-09  2.50000000e+00  1.37791053e-09 -2.50999915e-12 
 6.93150000e-09  6.93150000e-09  2.50000000e+00  1.37791053e-09 -2.50999915e-12 
 6.93250000e-09  6.93250000e-09  2.50000000e+00  1.37791053e-09 -2.50999915e-12 
 6.93350000e-09  6.93350000e-09  2.50000000e+00  1.37791053e-09 -2.50999915e-12 
 6.93450000e-09  6.93450000e-09  2.50000000e+00  1.37791053e-09 -2.50999915e-12 
 6.93550000e-09  6.93550000e-09  2.50000000e+00  1.37791053e-09 -2.50999915e-12 
 6.93650000e-09  6.93650000e-09  2.50000000e+00  1.37791053e-09 -2.50999915e-12 
 6.93750000e-09  6.93750000e-09  2.50000000e+00  1.37791053e-09 -2.50999915e-12 
 6.93850000e-09  6.93850000e-09  2.50000000e+00  1.37791053e-09 -2.50999915e-12 
 6.93950000e-09  6.93950000e-09  2.50000000e+00  1.37791053e-09 -2.50999915e-12 
 6.94050000e-09  6.94050000e-09  2.50000000e+00  1.37791053e-09 -2.50999915e-12 
 6.94150000e-09  6.94150000e-09  2.50000000e+00  1.37791053e-09 -2.50999915e-12 
 6.94250000e-09  6.94250000e-09  2.50000000e+00  1.37791053e-09 -2.50999915e-12 
 6.94350000e-09  6.94350000e-09  2.50000000e+00  1.37791053e-09 -2.50999915e-12 
 6.94450000e-09  6.94450000e-09  2.50000000e+00  1.37791053e-09 -2.50999915e-12 
 6.94550000e-09  6.94550000e-09  2.50000000e+00  1.37791053e-09 -2.50999915e-12 
 6.94650000e-09  6.94650000e-09  2.50000000e+00  1.37791053e-09 -2.50999915e-12 
 6.94750000e-09  6.94750000e-09  2.50000000e+00  1.37791053e-09 -2.50999915e-12 
 6.94850000e-09  6.94850000e-09  2.50000000e+00  1.37791053e-09 -2.50999915e-12 
 6.94950000e-09  6.94950000e-09  2.50000000e+00  1.37791053e-09 -2.50999915e-12 
 6.95050000e-09  6.95050000e-09  2.50000000e+00  1.37791053e-09 -2.50999915e-12 
 6.95150000e-09  6.95150000e-09  2.50000000e+00  1.37791053e-09 -2.50999915e-12 
 6.95250000e-09  6.95250000e-09  2.50000000e+00  1.37791053e-09 -2.50999915e-12 
 6.95350000e-09  6.95350000e-09  2.50000000e+00  1.37791053e-09 -2.50999915e-12 
 6.95450000e-09  6.95450000e-09  2.50000000e+00  1.37791053e-09 -2.50999915e-12 
 6.95550000e-09  6.95550000e-09  2.50000000e+00  1.37791053e-09 -2.50999915e-12 
 6.95650000e-09  6.95650000e-09  2.50000000e+00  1.37791053e-09 -2.50999915e-12 
 6.95750000e-09  6.95750000e-09  2.50000000e+00  1.37791053e-09 -2.50999915e-12 
 6.95850000e-09  6.95850000e-09  2.50000000e+00  1.37791053e-09 -2.50999915e-12 
 6.95950000e-09  6.95950000e-09  2.50000000e+00  1.37791053e-09 -2.50999915e-12 
 6.96050000e-09  6.96050000e-09  2.50000000e+00  1.37791053e-09 -2.50999915e-12 
 6.96150000e-09  6.96150000e-09  2.50000000e+00  1.37791053e-09 -2.50999915e-12 
 6.96250000e-09  6.96250000e-09  2.50000000e+00  1.37791053e-09 -2.50999915e-12 
 6.96350000e-09  6.96350000e-09  2.50000000e+00  1.37791053e-09 -2.50999915e-12 
 6.96450000e-09  6.96450000e-09  2.50000000e+00  1.37791053e-09 -2.50999915e-12 
 6.96550000e-09  6.96550000e-09  2.50000000e+00  1.37791053e-09 -2.50999915e-12 
 6.96650000e-09  6.96650000e-09  2.50000000e+00  1.37791053e-09 -2.50999915e-12 
 6.96750000e-09  6.96750000e-09  2.50000000e+00  1.37791053e-09 -2.50999915e-12 
 6.96850000e-09  6.96850000e-09  2.50000000e+00  1.37791053e-09 -2.50999915e-12 
 6.96950000e-09  6.96950000e-09  2.50000000e+00  1.37791053e-09 -2.50999915e-12 
 6.97050000e-09  6.97050000e-09  2.50000000e+00  1.37791053e-09 -2.50999915e-12 
 6.97150000e-09  6.97150000e-09  2.50000000e+00  1.37791053e-09 -2.50999915e-12 
 6.97250000e-09  6.97250000e-09  2.50000000e+00  1.37791053e-09 -2.50999915e-12 
 6.97350000e-09  6.97350000e-09  2.50000000e+00  1.37791053e-09 -2.50999915e-12 
 6.97450000e-09  6.97450000e-09  2.50000000e+00  1.37791053e-09 -2.50999915e-12 
 6.97550000e-09  6.97550000e-09  2.50000000e+00  1.37791053e-09 -2.50999915e-12 
 6.97650000e-09  6.97650000e-09  2.50000000e+00  1.37791053e-09 -2.50999915e-12 
 6.97750000e-09  6.97750000e-09  2.50000000e+00  1.37791053e-09 -2.50999915e-12 
 6.97850000e-09  6.97850000e-09  2.50000000e+00  1.37791053e-09 -2.50999915e-12 
 6.97950000e-09  6.97950000e-09  2.50000000e+00  1.37791053e-09 -2.50999915e-12 
 6.98050000e-09  6.98050000e-09  2.50000000e+00  1.37791053e-09 -2.50999915e-12 
 6.98150000e-09  6.98150000e-09  2.50000000e+00  1.37791053e-09 -2.50999915e-12 
 6.98250000e-09  6.98250000e-09  2.50000000e+00  1.37791053e-09 -2.50999915e-12 
 6.98350000e-09  6.98350000e-09  2.50000000e+00  1.37791053e-09 -2.50999915e-12 
 6.98450000e-09  6.98450000e-09  2.50000000e+00  1.37791053e-09 -2.50999915e-12 
 6.98550000e-09  6.98550000e-09  2.50000000e+00  1.37791053e-09 -2.50999915e-12 
 6.98650000e-09  6.98650000e-09  2.50000000e+00  1.37791053e-09 -2.50999915e-12 
 6.98750000e-09  6.98750000e-09  2.50000000e+00  1.37791053e-09 -2.50999915e-12 
 6.98850000e-09  6.98850000e-09  2.50000000e+00  1.37791053e-09 -2.50999915e-12 
 6.98950000e-09  6.98950000e-09  2.50000000e+00  1.37791053e-09 -2.50999915e-12 
 6.99050000e-09  6.99050000e-09  2.50000000e+00  1.37791053e-09 -2.50999915e-12 
 6.99150000e-09  6.99150000e-09  2.50000000e+00  1.37791053e-09 -2.50999915e-12 
 6.99250000e-09  6.99250000e-09  2.50000000e+00  1.37791053e-09 -2.50999915e-12 
 6.99350000e-09  6.99350000e-09  2.50000000e+00  1.37791053e-09 -2.50999915e-12 
 6.99450000e-09  6.99450000e-09  2.50000000e+00  1.37791053e-09 -2.50999915e-12 
 6.99550000e-09  6.99550000e-09  2.50000000e+00  1.37791053e-09 -2.50999915e-12 
 6.99650000e-09  6.99650000e-09  2.50000000e+00  1.37791053e-09 -2.50999915e-12 
 6.99750000e-09  6.99750000e-09  2.50000000e+00  1.37791053e-09 -2.50999915e-12 
 6.99850000e-09  6.99850000e-09  2.50000000e+00  1.37791053e-09 -2.50999915e-12 
 6.99950000e-09  6.99950000e-09  2.50000000e+00  1.37791053e-09 -2.50999915e-12 
 7.00050000e-09  7.00050000e-09  2.50000000e+00  1.37791053e-09 -2.50999915e-12 
 7.00150000e-09  7.00150000e-09  2.50000000e+00  1.37791053e-09 -2.50999915e-12 
 7.00250000e-09  7.00250000e-09  2.50000000e+00  1.37791053e-09 -2.50999915e-12 
 7.00350000e-09  7.00350000e-09  2.50000000e+00  1.37791053e-09 -2.50999915e-12 
 7.00450000e-09  7.00450000e-09  2.50000000e+00  1.37791053e-09 -2.50999915e-12 
 7.00550000e-09  7.00550000e-09  2.50000000e+00  1.37791053e-09 -2.50999915e-12 
 7.00650000e-09  7.00650000e-09  2.50000000e+00  1.37791053e-09 -2.50999915e-12 
 7.00750000e-09  7.00750000e-09  2.50000000e+00  1.37791053e-09 -2.50999915e-12 
 7.00850000e-09  7.00850000e-09  2.50000000e+00  1.37791053e-09 -2.50999915e-12 
 7.00950000e-09  7.00950000e-09  2.50000000e+00  1.37791053e-09 -2.50999915e-12 
 7.01050000e-09  7.01050000e-09  2.50000000e+00  1.37791053e-09 -2.50999915e-12 
 7.01150000e-09  7.01150000e-09  2.50000000e+00  1.37791053e-09 -2.50999915e-12 
 7.01250000e-09  7.01250000e-09  2.50000000e+00  1.37791053e-09 -2.50999915e-12 
 7.01350000e-09  7.01350000e-09  2.50000000e+00  1.37791053e-09 -2.50999915e-12 
 7.01450000e-09  7.01450000e-09  2.50000000e+00  1.37791053e-09 -2.50999915e-12 
 7.01550000e-09  7.01550000e-09  2.50000000e+00  1.37791053e-09 -2.50999915e-12 
 7.01650000e-09  7.01650000e-09  2.50000000e+00  1.37791053e-09 -2.50999915e-12 
 7.01750000e-09  7.01750000e-09  2.50000000e+00  1.37791053e-09 -2.50999915e-12 
 7.01850000e-09  7.01850000e-09  2.50000000e+00  1.37791053e-09 -2.50999915e-12 
 7.01950000e-09  7.01950000e-09  2.50000000e+00  1.37791053e-09 -2.50999915e-12 
 7.02050000e-09  7.02050000e-09  2.50000000e+00  1.37791053e-09 -2.50999915e-12 
 7.02150000e-09  7.02150000e-09  2.50000000e+00  1.37791053e-09 -2.50999915e-12 
 7.02250000e-09  7.02250000e-09  2.50000000e+00  1.37791053e-09 -2.50999915e-12 
 7.02350000e-09  7.02350000e-09  2.50000000e+00  1.37791053e-09 -2.50999915e-12 
 7.02450000e-09  7.02450000e-09  2.50000000e+00  1.37791053e-09 -2.50999915e-12 
 7.02550000e-09  7.02550000e-09  2.50000000e+00  1.37791053e-09 -2.50999915e-12 
 7.02650000e-09  7.02650000e-09  2.50000000e+00  1.37791053e-09 -2.50999915e-12 
 7.02750000e-09  7.02750000e-09  2.50000000e+00  1.37791053e-09 -2.50999915e-12 
 7.02850000e-09  7.02850000e-09  2.50000000e+00  1.37791053e-09 -2.50999915e-12 
 7.02950000e-09  7.02950000e-09  2.50000000e+00  1.37791053e-09 -2.50999915e-12 
 7.03050000e-09  7.03050000e-09  2.50000000e+00  1.37791053e-09 -2.50999915e-12 
 7.03150000e-09  7.03150000e-09  2.50000000e+00  1.37791053e-09 -2.50999915e-12 
 7.03250000e-09  7.03250000e-09  2.50000000e+00  1.37791053e-09 -2.50999915e-12 
 7.03350000e-09  7.03350000e-09  2.50000000e+00  1.37791053e-09 -2.50999915e-12 
 7.03450000e-09  7.03450000e-09  2.50000000e+00  1.37791053e-09 -2.50999915e-12 
 7.03550000e-09  7.03550000e-09  2.50000000e+00  1.37791053e-09 -2.50999915e-12 
 7.03650000e-09  7.03650000e-09  2.50000000e+00  1.37791053e-09 -2.50999915e-12 
 7.03750000e-09  7.03750000e-09  2.50000000e+00  1.37791053e-09 -2.50999915e-12 
 7.03850000e-09  7.03850000e-09  2.50000000e+00  1.37791053e-09 -2.50999915e-12 
 7.03950000e-09  7.03950000e-09  2.50000000e+00  1.37791053e-09 -2.50999915e-12 
 7.04050000e-09  7.04050000e-09  2.50000000e+00  1.37791053e-09 -2.50999915e-12 
 7.04150000e-09  7.04150000e-09  2.50000000e+00  1.37791053e-09 -2.50999915e-12 
 7.04250000e-09  7.04250000e-09  2.50000000e+00  1.37791053e-09 -2.50999915e-12 
 7.04350000e-09  7.04350000e-09  2.50000000e+00  1.37791053e-09 -2.50999915e-12 
 7.04450000e-09  7.04450000e-09  2.50000000e+00  1.37791053e-09 -2.50999915e-12 
 7.04550000e-09  7.04550000e-09  2.50000000e+00  1.37791053e-09 -2.50999915e-12 
 7.04650000e-09  7.04650000e-09  2.50000000e+00  1.37791053e-09 -2.50999915e-12 
 7.04750000e-09  7.04750000e-09  2.50000000e+00  1.37791053e-09 -2.50999915e-12 
 7.04850000e-09  7.04850000e-09  2.50000000e+00  1.37791053e-09 -2.50999915e-12 
 7.04950000e-09  7.04950000e-09  2.50000000e+00  1.37791053e-09 -2.50999915e-12 
 7.05050000e-09  7.05050000e-09  2.50000000e+00  1.37791053e-09 -2.50999915e-12 
 7.05150000e-09  7.05150000e-09  2.50000000e+00  1.37791053e-09 -2.50999915e-12 
 7.05250000e-09  7.05250000e-09  2.50000000e+00  1.37791053e-09 -2.50999915e-12 
 7.05350000e-09  7.05350000e-09  2.50000000e+00  1.37791053e-09 -2.50999915e-12 
 7.05450000e-09  7.05450000e-09  2.50000000e+00  1.37791053e-09 -2.50999915e-12 
 7.05550000e-09  7.05550000e-09  2.50000000e+00  1.37791053e-09 -2.50999915e-12 
 7.05650000e-09  7.05650000e-09  2.50000000e+00  1.37791053e-09 -2.50999915e-12 
 7.05750000e-09  7.05750000e-09  2.50000000e+00  1.37791053e-09 -2.50999915e-12 
 7.05850000e-09  7.05850000e-09  2.50000000e+00  1.37791053e-09 -2.50999915e-12 
 7.05950000e-09  7.05950000e-09  2.50000000e+00  1.37791053e-09 -2.50999915e-12 
 7.06050000e-09  7.06050000e-09  2.50000000e+00  1.37791053e-09 -2.50999915e-12 
 7.06150000e-09  7.06150000e-09  2.50000000e+00  1.37791053e-09 -2.50999915e-12 
 7.06250000e-09  7.06250000e-09  2.50000000e+00  1.37791053e-09 -2.50999915e-12 
 7.06350000e-09  7.06350000e-09  2.50000000e+00  1.37791053e-09 -2.50999915e-12 
 7.06450000e-09  7.06450000e-09  2.50000000e+00  1.37791053e-09 -2.50999915e-12 
 7.06550000e-09  7.06550000e-09  2.50000000e+00  1.37791053e-09 -2.50999915e-12 
 7.06650000e-09  7.06650000e-09  2.50000000e+00  1.37791053e-09 -2.50999915e-12 
 7.06750000e-09  7.06750000e-09  2.50000000e+00  1.37791053e-09 -2.50999915e-12 
 7.06850000e-09  7.06850000e-09  2.50000000e+00  1.37791053e-09 -2.50999915e-12 
 7.06950000e-09  7.06950000e-09  2.50000000e+00  1.37791053e-09 -2.50999915e-12 
 7.07050000e-09  7.07050000e-09  2.50000000e+00  1.37791053e-09 -2.50999915e-12 
 7.07150000e-09  7.07150000e-09  2.50000000e+00  1.37791053e-09 -2.50999915e-12 
 7.07250000e-09  7.07250000e-09  2.50000000e+00  1.37791053e-09 -2.50999915e-12 
 7.07350000e-09  7.07350000e-09  2.50000000e+00  1.37791053e-09 -2.50999915e-12 
 7.07450000e-09  7.07450000e-09  2.50000000e+00  1.37791053e-09 -2.50999915e-12 
 7.07550000e-09  7.07550000e-09  2.50000000e+00  1.37791053e-09 -2.50999915e-12 
 7.07650000e-09  7.07650000e-09  2.50000000e+00  1.37791053e-09 -2.50999915e-12 
 7.07750000e-09  7.07750000e-09  2.50000000e+00  1.37791053e-09 -2.50999915e-12 
 7.07850000e-09  7.07850000e-09  2.50000000e+00  1.37791053e-09 -2.50999915e-12 
 7.07950000e-09  7.07950000e-09  2.50000000e+00  1.37791053e-09 -2.50999915e-12 
 7.08050000e-09  7.08050000e-09  2.50000000e+00  1.37791053e-09 -2.50999915e-12 
 7.08150000e-09  7.08150000e-09  2.50000000e+00  1.37791053e-09 -2.50999915e-12 
 7.08250000e-09  7.08250000e-09  2.50000000e+00  1.37791053e-09 -2.50999915e-12 
 7.08350000e-09  7.08350000e-09  2.50000000e+00  1.37791053e-09 -2.50999915e-12 
 7.08450000e-09  7.08450000e-09  2.50000000e+00  1.37791053e-09 -2.50999915e-12 
 7.08550000e-09  7.08550000e-09  2.50000000e+00  1.37791053e-09 -2.50999915e-12 
 7.08650000e-09  7.08650000e-09  2.50000000e+00  1.37791053e-09 -2.50999915e-12 
 7.08750000e-09  7.08750000e-09  2.50000000e+00  1.37791053e-09 -2.50999915e-12 
 7.08850000e-09  7.08850000e-09  2.50000000e+00  1.37791053e-09 -2.50999915e-12 
 7.08950000e-09  7.08950000e-09  2.50000000e+00  1.37791053e-09 -2.50999915e-12 
 7.09050000e-09  7.09050000e-09  2.50000000e+00  1.37791053e-09 -2.50999915e-12 
 7.09150000e-09  7.09150000e-09  2.50000000e+00  1.37791053e-09 -2.50999915e-12 
 7.09250000e-09  7.09250000e-09  2.50000000e+00  1.37791053e-09 -2.50999915e-12 
 7.09350000e-09  7.09350000e-09  2.50000000e+00  1.37791053e-09 -2.50999915e-12 
 7.09450000e-09  7.09450000e-09  2.50000000e+00  1.37791053e-09 -2.50999915e-12 
 7.09550000e-09  7.09550000e-09  2.50000000e+00  1.37791053e-09 -2.50999915e-12 
 7.09650000e-09  7.09650000e-09  2.50000000e+00  1.37791053e-09 -2.50999915e-12 
 7.09750000e-09  7.09750000e-09  2.50000000e+00  1.37791053e-09 -2.50999915e-12 
 7.09850000e-09  7.09850000e-09  2.50000000e+00  1.37791053e-09 -2.50999915e-12 
 7.09950000e-09  7.09950000e-09  2.50000000e+00  1.37791053e-09 -2.50999915e-12 
 7.10050000e-09  7.10050000e-09  2.50000000e+00  1.37791053e-09 -2.50999915e-12 
 7.10150000e-09  7.10150000e-09  2.50000000e+00  1.37791053e-09 -2.50999915e-12 
 7.10250000e-09  7.10250000e-09  2.50000000e+00  1.37791053e-09 -2.50999915e-12 
 7.10350000e-09  7.10350000e-09  2.50000000e+00  1.37791053e-09 -2.50999915e-12 
 7.10450000e-09  7.10450000e-09  2.50000000e+00  1.37791053e-09 -2.50999915e-12 
 7.10550000e-09  7.10550000e-09  2.50000000e+00  1.37791053e-09 -2.50999915e-12 
 7.10650000e-09  7.10650000e-09  2.50000000e+00  1.37791053e-09 -2.50999915e-12 
 7.10750000e-09  7.10750000e-09  2.50000000e+00  1.37791053e-09 -2.50999915e-12 
 7.10850000e-09  7.10850000e-09  2.50000000e+00  1.37791053e-09 -2.50999915e-12 
 7.10950000e-09  7.10950000e-09  2.50000000e+00  1.37791053e-09 -2.50999915e-12 
 7.11050000e-09  7.11050000e-09  2.50000000e+00  1.37791053e-09 -2.50999915e-12 
 7.11150000e-09  7.11150000e-09  2.50000000e+00  1.37791053e-09 -2.50999915e-12 
 7.11250000e-09  7.11250000e-09  2.50000000e+00  1.37791053e-09 -2.50999915e-12 
 7.11350000e-09  7.11350000e-09  2.50000000e+00  1.37791053e-09 -2.50999915e-12 
 7.11450000e-09  7.11450000e-09  2.50000000e+00  1.37791053e-09 -2.50999915e-12 
 7.11550000e-09  7.11550000e-09  2.50000000e+00  1.37791053e-09 -2.50999915e-12 
 7.11650000e-09  7.11650000e-09  2.50000000e+00  1.37791053e-09 -2.50999915e-12 
 7.11750000e-09  7.11750000e-09  2.50000000e+00  1.37791053e-09 -2.50999915e-12 
 7.11850000e-09  7.11850000e-09  2.50000000e+00  1.37791053e-09 -2.50999915e-12 
 7.11950000e-09  7.11950000e-09  2.50000000e+00  1.37791053e-09 -2.50999915e-12 
 7.12050000e-09  7.12050000e-09  2.50000000e+00  1.37791053e-09 -2.50999915e-12 
 7.12150000e-09  7.12150000e-09  2.50000000e+00  1.37791053e-09 -2.50999915e-12 
 7.12250000e-09  7.12250000e-09  2.50000000e+00  1.37791053e-09 -2.50999915e-12 
 7.12350000e-09  7.12350000e-09  2.50000000e+00  1.37791053e-09 -2.50999915e-12 
 7.12450000e-09  7.12450000e-09  2.50000000e+00  1.37791053e-09 -2.50999915e-12 
 7.12550000e-09  7.12550000e-09  2.50000000e+00  1.37791053e-09 -2.50999915e-12 
 7.12650000e-09  7.12650000e-09  2.50000000e+00  1.37791053e-09 -2.50999915e-12 
 7.12750000e-09  7.12750000e-09  2.50000000e+00  1.37791053e-09 -2.50999915e-12 
 7.12850000e-09  7.12850000e-09  2.50000000e+00  1.37791053e-09 -2.50999915e-12 
 7.12950000e-09  7.12950000e-09  2.50000000e+00  1.37791053e-09 -2.50999915e-12 
 7.13050000e-09  7.13050000e-09  2.50000000e+00  1.37791053e-09 -2.50999915e-12 
 7.13150000e-09  7.13150000e-09  2.50000000e+00  1.37791053e-09 -2.50999915e-12 
 7.13250000e-09  7.13250000e-09  2.50000000e+00  1.37791053e-09 -2.50999915e-12 
 7.13350000e-09  7.13350000e-09  2.50000000e+00  1.37791053e-09 -2.50999915e-12 
 7.13450000e-09  7.13450000e-09  2.50000000e+00  1.37791053e-09 -2.50999915e-12 
 7.13550000e-09  7.13550000e-09  2.50000000e+00  1.37791053e-09 -2.50999915e-12 
 7.13650000e-09  7.13650000e-09  2.50000000e+00  1.37791053e-09 -2.50999915e-12 
 7.13750000e-09  7.13750000e-09  2.50000000e+00  1.37791053e-09 -2.50999915e-12 
 7.13850000e-09  7.13850000e-09  2.50000000e+00  1.37791053e-09 -2.50999915e-12 
 7.13950000e-09  7.13950000e-09  2.50000000e+00  1.37791053e-09 -2.50999915e-12 
 7.14050000e-09  7.14050000e-09  2.50000000e+00  1.37791053e-09 -2.50999915e-12 
 7.14150000e-09  7.14150000e-09  2.50000000e+00  1.37791053e-09 -2.50999915e-12 
 7.14250000e-09  7.14250000e-09  2.50000000e+00  1.37791053e-09 -2.50999915e-12 
 7.14350000e-09  7.14350000e-09  2.50000000e+00  1.37791053e-09 -2.50999915e-12 
 7.14450000e-09  7.14450000e-09  2.50000000e+00  1.37791053e-09 -2.50999915e-12 
 7.14550000e-09  7.14550000e-09  2.50000000e+00  1.37791053e-09 -2.50999915e-12 
 7.14650000e-09  7.14650000e-09  2.50000000e+00  1.37791053e-09 -2.50999915e-12 
 7.14750000e-09  7.14750000e-09  2.50000000e+00  1.37791053e-09 -2.50999915e-12 
 7.14850000e-09  7.14850000e-09  2.50000000e+00  1.37791053e-09 -2.50999915e-12 
 7.14950000e-09  7.14950000e-09  2.50000000e+00  1.37791053e-09 -2.50999915e-12 
 7.15050000e-09  7.15050000e-09  2.50000000e+00  1.37791053e-09 -2.50999915e-12 
 7.15150000e-09  7.15150000e-09  2.50000000e+00  1.37791053e-09 -2.50999915e-12 
 7.15250000e-09  7.15250000e-09  2.50000000e+00  1.37791053e-09 -2.50999915e-12 
 7.15350000e-09  7.15350000e-09  2.50000000e+00  1.37791053e-09 -2.50999915e-12 
 7.15450000e-09  7.15450000e-09  2.50000000e+00  1.37791053e-09 -2.50999915e-12 
 7.15550000e-09  7.15550000e-09  2.50000000e+00  1.37791053e-09 -2.50999915e-12 
 7.15650000e-09  7.15650000e-09  2.50000000e+00  1.37791053e-09 -2.50999915e-12 
 7.15750000e-09  7.15750000e-09  2.50000000e+00  1.37791053e-09 -2.50999915e-12 
 7.15850000e-09  7.15850000e-09  2.50000000e+00  1.37791053e-09 -2.50999915e-12 
 7.15950000e-09  7.15950000e-09  2.50000000e+00  1.37791053e-09 -2.50999915e-12 
 7.16050000e-09  7.16050000e-09  2.50000000e+00  1.37791053e-09 -2.50999915e-12 
 7.16150000e-09  7.16150000e-09  2.50000000e+00  1.37791053e-09 -2.50999915e-12 
 7.16250000e-09  7.16250000e-09  2.50000000e+00  1.37791053e-09 -2.50999915e-12 
 7.16350000e-09  7.16350000e-09  2.50000000e+00  1.37791053e-09 -2.50999915e-12 
 7.16450000e-09  7.16450000e-09  2.50000000e+00  1.37791053e-09 -2.50999915e-12 
 7.16550000e-09  7.16550000e-09  2.50000000e+00  1.37791053e-09 -2.50999915e-12 
 7.16650000e-09  7.16650000e-09  2.50000000e+00  1.37791053e-09 -2.50999915e-12 
 7.16750000e-09  7.16750000e-09  2.50000000e+00  1.37791053e-09 -2.50999915e-12 
 7.16850000e-09  7.16850000e-09  2.50000000e+00  1.37791053e-09 -2.50999915e-12 
 7.16950000e-09  7.16950000e-09  2.50000000e+00  1.37791053e-09 -2.50999915e-12 
 7.17050000e-09  7.17050000e-09  2.50000000e+00  1.37791053e-09 -2.50999915e-12 
 7.17150000e-09  7.17150000e-09  2.50000000e+00  1.37791053e-09 -2.50999915e-12 
 7.17250000e-09  7.17250000e-09  2.50000000e+00  1.37791053e-09 -2.50999915e-12 
 7.17350000e-09  7.17350000e-09  2.50000000e+00  1.37791053e-09 -2.50999915e-12 
 7.17450000e-09  7.17450000e-09  2.50000000e+00  1.37791053e-09 -2.50999915e-12 
 7.17550000e-09  7.17550000e-09  2.50000000e+00  1.37791053e-09 -2.50999915e-12 
 7.17650000e-09  7.17650000e-09  2.50000000e+00  1.37791053e-09 -2.50999915e-12 
 7.17750000e-09  7.17750000e-09  2.50000000e+00  1.37791053e-09 -2.50999915e-12 
 7.17850000e-09  7.17850000e-09  2.50000000e+00  1.37791053e-09 -2.50999915e-12 
 7.17950000e-09  7.17950000e-09  2.50000000e+00  1.37791053e-09 -2.50999915e-12 
 7.18050000e-09  7.18050000e-09  2.50000000e+00  1.37791053e-09 -2.50999915e-12 
 7.18150000e-09  7.18150000e-09  2.50000000e+00  1.37791053e-09 -2.50999915e-12 
 7.18250000e-09  7.18250000e-09  2.50000000e+00  1.37791053e-09 -2.50999915e-12 
 7.18350000e-09  7.18350000e-09  2.50000000e+00  1.37791053e-09 -2.50999915e-12 
 7.18450000e-09  7.18450000e-09  2.50000000e+00  1.37791053e-09 -2.50999915e-12 
 7.18550000e-09  7.18550000e-09  2.50000000e+00  1.37791053e-09 -2.50999915e-12 
 7.18650000e-09  7.18650000e-09  2.50000000e+00  1.37791053e-09 -2.50999915e-12 
 7.18750000e-09  7.18750000e-09  2.50000000e+00  1.37791053e-09 -2.50999915e-12 
 7.18850000e-09  7.18850000e-09  2.50000000e+00  1.37791053e-09 -2.50999915e-12 
 7.18950000e-09  7.18950000e-09  2.50000000e+00  1.37791053e-09 -2.50999915e-12 
 7.19050000e-09  7.19050000e-09  2.50000000e+00  1.37791053e-09 -2.50999915e-12 
 7.19150000e-09  7.19150000e-09  2.50000000e+00  1.37791053e-09 -2.50999915e-12 
 7.19250000e-09  7.19250000e-09  2.50000000e+00  1.37791053e-09 -2.50999915e-12 
 7.19350000e-09  7.19350000e-09  2.50000000e+00  1.37791053e-09 -2.50999915e-12 
 7.19450000e-09  7.19450000e-09  2.50000000e+00  1.37791053e-09 -2.50999915e-12 
 7.19550000e-09  7.19550000e-09  2.50000000e+00  1.37791053e-09 -2.50999915e-12 
 7.19650000e-09  7.19650000e-09  2.50000000e+00  1.37791053e-09 -2.50999915e-12 
 7.19750000e-09  7.19750000e-09  2.50000000e+00  1.37791053e-09 -2.50999915e-12 
 7.19850000e-09  7.19850000e-09  2.50000000e+00  1.37791053e-09 -2.50999915e-12 
 7.19925000e-09  7.19925000e-09  2.50000000e+00  1.37791048e-09 -2.51000262e-12 
 7.20000000e-09  7.20000000e-09  2.50000000e+00  1.37791043e-09 -2.51000262e-12 
 7.20010000e-09  7.20010000e-09  2.49750000e+00 -2.43292521e-04 -1.09197343e-04 
 7.20030000e-09  7.20030000e-09  2.49250000e+00 -7.25943457e-04 -1.07713571e-04 
 7.20070000e-09  7.20070000e-09  2.48250000e+00 -1.66808577e-03 -1.06229798e-04 
 7.20150000e-09  7.20150000e-09  2.46250000e+00 -3.46436244e-03 -1.01778480e-04 
 7.20250000e-09  7.20250000e-09  2.43750000e+00 -5.55611497e-03 -9.73271616e-05 
 7.20350000e-09  7.20350000e-09  2.41250000e+00 -7.49237682e-03 -9.18866616e-05 
 7.20450000e-09  7.20450000e-09  2.38750000e+00 -9.28849098e-03 -8.74353434e-05 
 7.20550000e-09  7.20550000e-09  2.36250000e+00 -1.09582855e-02 -8.39732070e-05 
 7.20650000e-09  7.20650000e-09  2.33750000e+00 -1.25142303e-02 -8.61164343e-05 
 7.20750000e-09  7.20750000e-09  2.31250000e+00 -1.39675777e-02 -8.72704798e-05 
 7.20850000e-09  7.20850000e-09  2.28750000e+00 -1.53284886e-02 -8.94137070e-05 
 7.20950000e-09  7.20950000e-09  2.26250000e+00 -1.66061450e-02 -9.05677525e-05 
 7.21050000e-09  7.21050000e-09  2.23750000e+00 -1.78088510e-02 -9.27109798e-05 
 7.21150000e-09  7.21150000e-09  2.21250000e+00 -1.89441233e-02 -9.38650252e-05 
 7.21250000e-09  7.21250000e-09  2.18750000e+00 -2.00187725e-02 -9.60082525e-05 
 7.21350000e-09  7.21350000e-09  2.16250000e+00 -2.10389750e-02 -9.71622979e-05 
 7.21450000e-09  7.21450000e-09  2.13750000e+00 -2.20103385e-02 -9.93055252e-05 
 7.21550000e-09  7.21550000e-09  2.11250000e+00 -2.29379601e-02 -1.00459571e-04 
 7.21650000e-09  7.21650000e-09  2.08750000e+00 -2.38264785e-02 -1.02602798e-04 
 7.21750000e-09  7.21750000e-09  2.06250000e+00 -2.46794987e-02 -1.03290752e-04 
 7.21850000e-09  7.21850000e-09  2.03750000e+00 -2.54898578e-02 -1.04292017e-04 
 7.21950000e-09  7.21950000e-09  2.01250000e+00 -2.62375259e-02 -1.04937505e-04 
 7.22050000e-09  7.22050000e-09  1.98750000e+00 -2.69001783e-02 -1.07205639e-04 
 7.22150000e-09  7.22150000e-09  1.96250000e+00 -2.74566501e-02 -1.09118092e-04 
 7.22250000e-09  7.22250000e-09  1.93750000e+00 -2.78867840e-02 -1.12653231e-04 
 7.22350000e-09  7.22350000e-09  1.91250000e+00 -2.81712927e-02 -1.15832664e-04 
 7.22450000e-09  7.22450000e-09  1.88750000e+00 -2.82916307e-02 -1.20634682e-04 
 7.22550000e-09  7.22550000e-09  1.86250000e+00 -2.82298770e-02 -1.25080803e-04 
 7.22650000e-09  7.22650000e-09  1.83750000e+00 -2.79686246e-02 -1.31149220e-04 
 7.22750000e-09  7.22750000e-09  1.81250000e+00 -2.74908780e-02 -1.36861337e-04 
 7.22850000e-09  7.22850000e-09  1.78750000e+00 -2.67799560e-02 -1.44195228e-04 
 7.22950000e-09  7.22950000e-09  1.76250000e+00 -2.58193988e-02 -1.51172168e-04 
 7.23050000e-09  7.23050000e-09  1.73750000e+00 -2.45928799e-02 -1.59770085e-04 
 7.23150000e-09  7.23150000e-09  1.71250000e+00 -2.30841198e-02 -1.68010103e-04 
 7.23250000e-09  7.23250000e-09  1.68750000e+00 -2.12768029e-02 -1.77869987e-04 
 7.23350000e-09  7.23350000e-09  1.66250000e+00 -1.91544952e-02 -1.87370686e-04 
 7.23450000e-09  7.23450000e-09  1.63750000e+00 -1.67005621e-02 -1.98489778e-04 
 7.23550000e-09  7.23550000e-09  1.61250000e+00 -1.38980863e-02 -2.09248011e-04 
 7.23650000e-09  7.23650000e-09  1.58750000e+00 -1.07297852e-02 -2.21622752e-04 
 7.23750000e-09  7.23750000e-09  1.56250000e+00 -7.17792520e-03 -2.33634521e-04 
 7.23850000e-09  7.23850000e-09  1.53750000e+00 -3.22423385e-03 -2.47260442e-04 
 7.23950000e-09  7.23950000e-09  1.51250000e+00  1.15018061e-03 -2.60520777e-04 
 7.24050000e-09  7.24050000e-09  1.48750000e+00  5.96466879e-03 -2.75392376e-04 
 7.24150000e-09  7.24150000e-09  1.46250000e+00  1.12389785e-02 -2.89895213e-04 
 7.24250000e-09  7.24250000e-09  1.43750000e+00  1.69935239e-02 -3.06005829e-04 
 7.24350000e-09  7.24350000e-09  1.41250000e+00  2.32379206e-02 -3.21433350e-04 
 7.24450000e-09  7.24450000e-09  1.38750000e+00  2.99942706e-02 -3.38776066e-04 
 7.24550000e-09  7.24550000e-09  1.36250000e+00  3.72972876e-02 -3.55741788e-04 
 7.24650000e-09  7.24650000e-09  1.33750000e+00  4.51712242e-02 -3.74306300e-04 
 7.24750000e-09  7.24750000e-09  1.31250000e+00  5.36416235e-02 -3.92488451e-04 
 7.24850000e-09  7.24850000e-09  1.28750000e+00  6.27354453e-02 -4.12263573e-04 
 7.24950000e-09  7.24950000e-09  1.26250000e+00  7.24812194e-02 -4.31650015e-04 
 7.25050000e-09  7.25050000e-09  1.23750000e+00  8.29092158e-02 -4.52622575e-04 
 7.25150000e-09  7.25150000e-09  1.21250000e+00  9.40516381e-02 -4.73199023e-04 
 7.25250000e-09  7.25250000e-09  1.18750000e+00  1.05942843e-01 -4.95353527e-04 
 7.25350000e-09  7.25350000e-09  1.16250000e+00  1.18619595e-01 -5.17103176e-04 
 7.25450000e-09  7.25450000e-09  1.13750000e+00  1.32121358e-01 -5.40421394e-04 
 7.25550000e-09  7.25550000e-09  1.11250000e+00  1.46490645e-01 -5.63324456e-04 
 7.25650000e-09  7.25650000e-09  1.08750000e+00  1.61773435e-01 -5.87784893e-04 
 7.25750000e-09  7.25750000e-09  1.06250000e+00  1.78051289e-01 -6.12109388e-04 
 7.25850000e-09  7.25850000e-09  1.03750000e+00  1.95382542e-01 -6.37682482e-04 
 7.25950000e-09  7.25950000e-09  1.01250000e+00  2.13800547e-01 -6.62813120e-04 
 7.26050000e-09  7.26050000e-09  9.87500000e-01  2.33374806e-01 -6.89471196e-04 
 7.26150000e-09  7.26150000e-09  9.62500000e-01  2.54184139e-01 -7.15668957e-04 
 7.26250000e-09  7.26250000e-09  9.37500000e-01  2.76319675e-01 -7.43374264e-04 
 7.26350000e-09  7.26350000e-09  9.12500000e-01  2.99889693e-01 -7.70596851e-04 
 7.26450000e-09  7.26450000e-09  8.87500000e-01  3.25028084e-01 -7.99301301e-04 
 7.26550000e-09  7.26550000e-09  8.62500000e-01  3.51910632e-01 -8.27492729e-04 
 7.26650000e-09  7.26650000e-09  8.37500000e-01  3.80790277e-01 -8.57128441e-04 
 7.26750000e-09  7.26750000e-09  8.12500000e-01  4.11818050e-01 -8.86211258e-04 
 7.26850000e-09  7.26850000e-09  7.87500000e-01  4.44817259e-01 -9.16459422e-04 
 7.26950000e-09  7.26950000e-09  7.62500000e-01  4.79608339e-01 -9.46402456e-04 
 7.27050000e-09  7.27050000e-09  7.37500000e-01  5.16185515e-01 -9.77747668e-04 
 7.27150000e-09  7.27150000e-09  7.12500000e-01  5.54542518e-01 -1.00850404e-03 
 7.27250000e-09  7.27250000e-09  6.87500000e-01  5.94672408e-01 -1.04063701e-03 
 7.27350000e-09  7.27350000e-09  6.62500000e-01  6.36567543e-01 -1.07215501e-03 
 7.27450000e-09  7.27450000e-09  6.37500000e-01  6.80219551e-01 -1.10502297e-03 
 7.27550000e-09  7.27550000e-09  6.12500000e-01  7.25619302e-01 -1.13724883e-03 
 7.27650000e-09  7.27650000e-09  5.87500000e-01  7.72756876e-01 -1.17079703e-03 
 7.27750000e-09  7.27750000e-09  5.62500000e-01  8.21621543e-01 -1.20367506e-03 
 7.27850000e-09  7.27850000e-09  5.37500000e-01  8.72201729e-01 -1.23784694e-03 
 7.27950000e-09  7.27950000e-09  5.12500000e-01  9.24484997e-01 -1.27131977e-03 
 7.28050000e-09  7.28050000e-09  4.87500000e-01  9.77990809e-01 -1.30441141e-03 
 7.28150000e-09  7.28150000e-09  4.62500000e-01  1.03204776e+00 -1.33055792e-03 
 7.28250000e-09  7.28250000e-09  4.37500000e-01  1.08638794e+00 -1.35186026e-03 
 7.28350000e-09  7.28350000e-09  4.12500000e-01  1.14085295e+00 -1.36644849e-03 
 7.28450000e-09  7.28450000e-09  3.87500000e-01  1.19528154e+00 -1.37644062e-03 
 7.28550000e-09  7.28550000e-09  3.62500000e-01  1.24951387e+00 -1.38003201e-03 
 7.28650000e-09  7.28650000e-09  3.37500000e-01  1.30338712e+00 -1.37941356e-03 
 7.28750000e-09  7.28750000e-09  3.12500000e-01  1.35673907e+00 -1.37285801e-03 
 7.28850000e-09  7.28850000e-09  2.87500000e-01  1.40941151e+00 -1.36263076e-03 
 7.28950000e-09  7.28950000e-09  2.62500000e-01  1.46125303e+00 -1.34707227e-03 
 7.29050000e-09  7.29050000e-09  2.37500000e-01  1.51212132e+00 -1.32850606e-03 
 7.29150000e-09  7.29150000e-09  2.12500000e-01  1.56188494e+00 -1.30531931e-03 
 7.29250000e-09  7.29250000e-09  1.87500000e-01  1.61042466e+00 -1.27986989e-03 
 7.29350000e-09  7.29350000e-09  1.62500000e-01  1.65763445e+00 -1.25056658e-03 
 7.29450000e-09  7.29450000e-09  1.37500000e-01  1.70342199e+00 -1.21977638e-03 
 7.29550000e-09  7.29550000e-09  1.12500000e-01  1.74770902e+00 -1.18590536e-03 
 7.29650000e-09  7.29650000e-09  8.75000000e-02  1.79043128e+00 -1.15130694e-03 
 7.29750000e-09  7.29750000e-09  6.25000000e-02  1.83153826e+00 -1.11436400e-03 
 7.29850000e-09  7.29850000e-09  3.75000000e-02  1.87099274e+00 -1.07739856e-03 
 7.29925000e-09  7.29925000e-09  1.87500000e-02  1.89948447e+00 -1.04833979e-03 
 7.30000000e-09  7.30000000e-09  3.55271368e-15  1.92702641e+00 -1.02001110e-03 
 7.30010000e-09  7.30010000e-09  0.00000000e+00  1.93097568e+00 -9.24598330e-04 
 7.30030000e-09  7.30030000e-09  0.00000000e+00  1.93882512e+00 -9.13426265e-04 
 7.30070000e-09  7.30070000e-09  0.00000000e+00  1.95423530e+00 -8.91370177e-04 
 7.30150000e-09  7.30150000e-09  0.00000000e+00  1.98392810e+00 -8.48371543e-04 
 7.30250000e-09  7.30250000e-09  0.00000000e+00  2.01899775e+00 -7.96743024e-04 
 7.30350000e-09  7.30350000e-09  0.00000000e+00  2.05189054e+00 -7.47494640e-04 
 7.30450000e-09  7.30450000e-09  0.00000000e+00  2.08271343e+00 -7.00626105e-04 
 7.30550000e-09  7.30550000e-09  0.00000000e+00  2.11157210e+00 -6.56117731e-04 
 7.30650000e-09  7.30650000e-09  0.00000000e+00  2.13857028e+00 -6.13933587e-04 
 7.30750000e-09  7.30750000e-09  0.00000000e+00  2.16380925e+00 -5.74024364e-04 
 7.30850000e-09  7.30850000e-09  0.00000000e+00  2.18738742e+00 -5.36329948e-04 
 7.30950000e-09  7.30950000e-09  0.00000000e+00  2.20939998e+00 -5.00781701e-04 
 7.31050000e-09  7.31050000e-09  0.00000000e+00  2.22993866e+00 -4.67304474e-04 
 7.31150000e-09  7.31150000e-09  0.00000000e+00  2.24909154e+00 -4.35818352e-04 
 7.31250000e-09  7.31250000e-09  0.00000000e+00  2.26694294e+00 -4.06240173e-04 
 7.31350000e-09  7.31350000e-09  0.00000000e+00  2.28357335e+00 -3.78484816e-04 
 7.31450000e-09  7.31450000e-09  0.00000000e+00  2.29905942e+00 -3.52466301e-04 
 7.31550000e-09  7.31550000e-09  0.00000000e+00  2.31347394e+00 -3.28098707e-04 
 7.31650000e-09  7.31650000e-09  0.00000000e+00  2.32688593e+00 -3.05296933e-04 
 7.31750000e-09  7.31750000e-09  0.00000000e+00  2.33936069e+00 -2.83977320e-04 
 7.31850000e-09  7.31850000e-09  0.00000000e+00  2.35095989e+00 -2.64058149e-04 
 7.31950000e-09  7.31950000e-09  0.00000000e+00  2.36174351e+00 -2.45496683e-04 
 7.32050000e-09  7.32050000e-09  0.00000000e+00  2.37176593e+00 -2.28131710e-04 
 7.32150000e-09  7.32150000e-09  0.00000000e+00  2.38107650e+00 -2.11939088e-04 
 7.32250000e-09  7.32250000e-09  0.00000000e+00  2.38972370e+00 -1.96847666e-04 
 7.32350000e-09  7.32350000e-09  0.00000000e+00  2.39775302e+00 -1.82789427e-04 
 7.32450000e-09  7.32450000e-09  0.00000000e+00  2.40520705e+00 -1.69699548e-04 
 7.32550000e-09  7.32550000e-09  0.00000000e+00  2.41212571e+00 -1.57516412e-04 
 7.32650000e-09  7.32650000e-09  0.00000000e+00  2.41854630e+00 -1.46181581e-04 
 7.32750000e-09  7.32750000e-09  0.00000000e+00  2.42450370e+00 -1.35639748e-04 
 7.32850000e-09  7.32850000e-09  0.00000000e+00  2.43003049e+00 -1.25838666e-04 
 7.32950000e-09  7.32950000e-09  0.00000000e+00  2.43515706e+00 -1.16729062e-04 
 7.33050000e-09  7.33050000e-09  0.00000000e+00  2.43991177e+00 -1.08264539e-04 
 7.33150000e-09  7.33150000e-09  0.00000000e+00  2.44432107e+00 -1.00401466e-04 
 7.33250000e-09  7.33250000e-09  0.00000000e+00  2.44840959e+00 -9.30988699e-05 
 7.33350000e-09  7.33350000e-09  0.00000000e+00  2.45220027e+00 -8.63183119e-05 
 7.33450000e-09  7.33450000e-09  0.00000000e+00  2.45571447e+00 -8.00237731e-05 
 7.33550000e-09  7.33550000e-09  0.00000000e+00  2.45897207e+00 -7.41815321e-05 
 7.33650000e-09  7.33650000e-09  0.00000000e+00  2.46199155e+00 -6.87600468e-05 
 7.33750000e-09  7.33750000e-09  0.00000000e+00  2.46479010e+00 -6.37298367e-05 
 7.33850000e-09  7.33850000e-09  0.00000000e+00  2.46738370e+00 -5.90633691e-05 
 7.33950000e-09  7.33950000e-09  0.00000000e+00  2.46978721e+00 -5.47349471e-05 
 7.34050000e-09  7.34050000e-09  0.00000000e+00  2.47201442e+00 -5.07206022e-05 
 7.34150000e-09  7.34150000e-09  0.00000000e+00  2.47407815e+00 -4.69979906e-05 
 7.34250000e-09  7.34250000e-09  0.00000000e+00  2.47599029e+00 -4.35462945e-05 
 7.34350000e-09  7.34350000e-09  0.00000000e+00  2.47776190e+00 -4.03461262e-05 
 7.34450000e-09  7.34450000e-09  0.00000000e+00  2.47940323e+00 -3.73794388e-05 
 7.34550000e-09  7.34550000e-09  0.00000000e+00  2.48092380e+00 -3.46294397e-05 
 7.34650000e-09  7.34650000e-09  0.00000000e+00  2.48233244e+00 -3.20805093e-05 
 7.34750000e-09  7.34750000e-09  0.00000000e+00  2.48363734e+00 -2.97181243e-05 
 7.34850000e-09  7.34850000e-09  0.00000000e+00  2.48484611e+00 -2.75287851e-05 
 7.34950000e-09  7.34950000e-09  0.00000000e+00  2.48596578e+00 -2.54999470e-05 
 7.35050000e-09  7.35050000e-09  0.00000000e+00  2.48700290e+00 -2.36199560e-05 
 7.35150000e-09  7.35150000e-09  0.00000000e+00  2.48796353e+00 -2.18779882e-05 
 7.35250000e-09  7.35250000e-09  0.00000000e+00  2.48885328e+00 -2.02639930e-05 
 7.35350000e-09  7.35350000e-09  0.00000000e+00  2.48967738e+00 -1.87686400e-05 
 7.35450000e-09  7.35450000e-09  0.00000000e+00  2.49044065e+00 -1.73832688e-05 
 7.35550000e-09  7.35550000e-09  0.00000000e+00  2.49114756e+00 -1.60998424e-05 
 7.35650000e-09  7.35650000e-09  0.00000000e+00  2.49180226e+00 -1.49109039e-05 
 7.35750000e-09  7.35750000e-09  0.00000000e+00  2.49240861e+00 -1.38095352e-05 
 7.35850000e-09  7.35850000e-09  0.00000000e+00  2.49297015e+00 -1.27893195e-05 
 7.35950000e-09  7.35950000e-09  0.00000000e+00  2.49349021e+00 -1.18443052e-05 
 7.36050000e-09  7.36050000e-09  0.00000000e+00  2.49397183e+00 -1.09689734e-05 
 7.36150000e-09  7.36150000e-09  0.00000000e+00  2.49441785e+00 -1.01582067e-05 
 7.36250000e-09  7.36250000e-09  0.00000000e+00  2.49483089e+00 -9.40726042e-06 
 7.36350000e-09  7.36350000e-09  0.00000000e+00  2.49521340e+00 -8.71173621e-06 
 7.36450000e-09  7.36450000e-09  0.00000000e+00  2.49556762e+00 -8.06755681e-06 
 7.36550000e-09  7.36550000e-09  0.00000000e+00  2.49589565e+00 -7.47094307e-06 
 7.36650000e-09  7.36650000e-09  0.00000000e+00  2.49619942e+00 -6.91839242e-06 
 7.36750000e-09  7.36750000e-09  0.00000000e+00  2.49648071e+00 -6.40665881e-06 
 7.36850000e-09  7.36850000e-09  0.00000000e+00  2.49674120e+00 -5.93273415e-06 
 7.36950000e-09  7.36950000e-09  0.00000000e+00  2.49698242e+00 -5.49383102e-06 
 7.37050000e-09  7.37050000e-09  0.00000000e+00  2.49720579e+00 -5.08736665e-06 
 7.37150000e-09  7.37150000e-09  0.00000000e+00  2.49741263e+00 -4.71094800e-06 
 7.37250000e-09  7.37250000e-09  0.00000000e+00  2.49760417e+00 -4.36235791e-06 
 7.37350000e-09  7.37350000e-09  0.00000000e+00  2.49778153e+00 -4.03954230e-06 
 7.37450000e-09  7.37450000e-09  0.00000000e+00  2.49794577e+00 -3.74059825e-06 
 7.37550000e-09  7.37550000e-09  0.00000000e+00  2.49809785e+00 -3.46376290e-06 
 7.37650000e-09  7.37650000e-09  0.00000000e+00  2.49823868e+00 -3.20740326e-06 
 7.37750000e-09  7.37750000e-09  0.00000000e+00  2.49836908e+00 -2.97000664e-06 
 7.37850000e-09  7.37850000e-09  0.00000000e+00  2.49848983e+00 -2.75017186e-06 
 7.37950000e-09  7.37950000e-09  0.00000000e+00  2.49860164e+00 -2.54660105e-06 
 7.38050000e-09  7.38050000e-09  0.00000000e+00  2.49870518e+00 -2.35809208e-06 
 7.38150000e-09  7.38150000e-09  0.00000000e+00  2.49880105e+00 -2.18353151e-06 
 7.38250000e-09  7.38250000e-09  0.00000000e+00  2.49888983e+00 -2.02188806e-06 
 7.38350000e-09  7.38350000e-09  0.00000000e+00  2.49897203e+00 -1.87220662e-06 
 7.38450000e-09  7.38450000e-09  0.00000000e+00  2.49904814e+00 -1.73360255e-06 
 7.38550000e-09  7.38550000e-09  0.00000000e+00  2.49911863e+00 -1.60525659e-06 
 7.38650000e-09  7.38650000e-09  0.00000000e+00  2.49918389e+00 -1.48640997e-06 
 7.38750000e-09  7.38750000e-09  0.00000000e+00  2.49924432e+00 -1.37635999e-06 
 7.38850000e-09  7.38850000e-09  0.00000000e+00  2.49930028e+00 -1.27445588e-06 
 7.38950000e-09  7.38950000e-09  0.00000000e+00  2.49935209e+00 -1.18009497e-06 
 7.39050000e-09  7.39050000e-09  0.00000000e+00  2.49940007e+00 -1.09271913e-06 
 7.39150000e-09  7.39150000e-09  0.00000000e+00  2.49944449e+00 -1.01181149e-06 
 7.39250000e-09  7.39250000e-09  0.00000000e+00  2.49948563e+00 -9.36893404e-07 
 7.39350000e-09  7.39350000e-09  0.00000000e+00  2.49952372e+00 -8.67521625e-07 
 7.39450000e-09  7.39450000e-09  0.00000000e+00  2.49955899e+00 -8.03285677e-07 
 7.39550000e-09  7.39550000e-09  0.00000000e+00  2.49959164e+00 -7.43805449e-07 
 7.39650000e-09  7.39650000e-09  0.00000000e+00  2.49962188e+00 -6.88728945e-07 
 7.39750000e-09  7.39750000e-09  0.00000000e+00  2.49964988e+00 -6.37730209e-07 
 7.39850000e-09  7.39850000e-09  0.00000000e+00  2.49967581e+00 -5.90507401e-07 
 7.39950000e-09  7.39950000e-09  0.00000000e+00  2.49969982e+00 -5.46781012e-07 
 7.40050000e-09  7.40050000e-09  0.00000000e+00  2.49972205e+00 -5.06292216e-07 
 7.40150000e-09  7.40150000e-09  0.00000000e+00  2.49974263e+00 -4.68801338e-07 
 7.40250000e-09  7.40250000e-09  0.00000000e+00  2.49976169e+00 -4.34086442e-07 
 7.40350000e-09  7.40350000e-09  0.00000000e+00  2.49977934e+00 -4.01942014e-07 
 7.40450000e-09  7.40450000e-09  0.00000000e+00  2.49979568e+00 -3.72177752e-07 
 7.40550000e-09  7.40550000e-09  0.00000000e+00  2.49981081e+00 -3.44617437e-07 
 7.40650000e-09  7.40650000e-09  0.00000000e+00  2.49982482e+00 -3.19097896e-07 
 7.40750000e-09  7.40750000e-09  0.00000000e+00  2.49983779e+00 -2.95468031e-07 
 7.40850000e-09  7.40850000e-09  0.00000000e+00  2.49984980e+00 -2.73587930e-07 
 7.40950000e-09  7.40950000e-09  0.00000000e+00  2.49986093e+00 -2.53328038e-07 
 7.41050000e-09  7.41050000e-09  0.00000000e+00  2.49987123e+00 -2.34568391e-07 
 7.41150000e-09  7.41150000e-09  0.00000000e+00  2.49988076e+00 -2.17197905e-07 
 7.41250000e-09  7.41250000e-09  0.00000000e+00  2.49988959e+00 -2.01113720e-07 
 7.41350000e-09  7.41350000e-09  0.00000000e+00  2.49989777e+00 -1.86220590e-07 
 7.41450000e-09  7.41450000e-09  0.00000000e+00  2.49990534e+00 -1.72430324e-07 
 7.41550000e-09  7.41550000e-09  0.00000000e+00  2.49991235e+00 -1.59661257e-07 
 7.41650000e-09  7.41650000e-09  0.00000000e+00  2.49991884e+00 -1.47837771e-07 
 7.41750000e-09  7.41750000e-09  0.00000000e+00  2.49992485e+00 -1.36889848e-07 
 7.41850000e-09  7.41850000e-09  0.00000000e+00  2.49993042e+00 -1.26752652e-07 
 7.41950000e-09  7.41950000e-09  0.00000000e+00  2.49993557e+00 -1.17366150e-07 
 7.42050000e-09  7.42050000e-09  0.00000000e+00  2.49994034e+00 -1.08674753e-07 
 7.42150000e-09  7.42150000e-09  0.00000000e+00  2.49994476e+00 -1.00626987e-07 
 7.42250000e-09  7.42250000e-09  0.00000000e+00  2.49994885e+00 -9.31751918e-08 
 7.42350000e-09  7.42350000e-09  0.00000000e+00  2.49995264e+00 -8.62752333e-08 
 7.42450000e-09  7.42450000e-09  0.00000000e+00  2.49995614e+00 -7.98862481e-08 
 7.42550000e-09  7.42550000e-09  0.00000000e+00  2.49995939e+00 -7.39703965e-08 
 7.42650000e-09  7.42650000e-09  0.00000000e+00  2.49996240e+00 -6.84926426e-08 
 7.42750000e-09  7.42750000e-09  0.00000000e+00  2.49996518e+00 -6.34205431e-08 
 7.42850000e-09  7.42850000e-09  0.00000000e+00  2.49996776e+00 -5.87240589e-08 
 7.42950000e-09  7.42950000e-09  0.00000000e+00  2.49997015e+00 -5.43753733e-08 
 7.43050000e-09  7.43050000e-09  0.00000000e+00  2.49997236e+00 -5.03487316e-08 
 7.43150000e-09  7.43150000e-09  0.00000000e+00  2.49997441e+00 -4.66202841e-08 
 7.43250000e-09  7.43250000e-09  0.00000000e+00  2.49997630e+00 -4.31679493e-08 
 7.43350000e-09  7.43350000e-09  0.00000000e+00  2.49997806e+00 -3.99712789e-08 
 7.43450000e-09  7.43450000e-09  0.00000000e+00  2.49997968e+00 -3.70113408e-08 
 7.43550000e-09  7.43550000e-09  0.00000000e+00  2.49998119e+00 -3.42706027e-08 
 7.43650000e-09  7.43650000e-09  0.00000000e+00  2.49998258e+00 -3.17328329e-08 
 7.43750000e-09  7.43750000e-09  0.00000000e+00  2.49998387e+00 -2.93829995e-08 
 7.43850000e-09  7.43850000e-09  0.00000000e+00  2.49998506e+00 -2.72071859e-08 
 7.43950000e-09  7.43950000e-09  0.00000000e+00  2.49998617e+00 -2.51925040e-08 
 7.44050000e-09  7.44050000e-09  0.00000000e+00  2.49998719e+00 -2.33270221e-08 
 7.44150000e-09  7.44150000e-09  0.00000000e+00  2.49998814e+00 -2.15996902e-08 
 7.44250000e-09  7.44250000e-09  0.00000000e+00  2.49998902e+00 -2.00002785e-08 
 7.44350000e-09  7.44350000e-09  0.00000000e+00  2.49998983e+00 -1.85193127e-08 
 7.44450000e-09  7.44450000e-09  0.00000000e+00  2.49999059e+00 -1.71480222e-08 
 7.44550000e-09  7.44550000e-09  0.00000000e+00  2.49999128e+00 -1.58782840e-08 
 7.44650000e-09  7.44650000e-09  0.00000000e+00  2.49999193e+00 -1.47025785e-08 
 7.44750000e-09  7.44750000e-09  0.00000000e+00  2.49999253e+00 -1.36139410e-08 
 7.44850000e-09  7.44850000e-09  0.00000000e+00  2.49999308e+00 -1.26059247e-08 
 7.44950000e-09  7.44950000e-09  0.00000000e+00  2.49999359e+00 -1.16725579e-08 
 7.45050000e-09  7.45050000e-09  0.00000000e+00  2.49999407e+00 -1.08083135e-08 
 7.45150000e-09  7.45150000e-09  0.00000000e+00  2.49999451e+00 -1.00080716e-08 
 7.45250000e-09  7.45250000e-09  0.00000000e+00  2.49999491e+00 -9.26709326e-09 
 7.45350000e-09  7.45350000e-09  0.00000000e+00  2.49999529e+00 -8.58098872e-09 
 7.45450000e-09  7.45450000e-09  0.00000000e+00  2.49999564e+00 -7.94569527e-09 
 7.45550000e-09  7.45550000e-09  0.00000000e+00  2.49999596e+00 -7.35744894e-09 
 7.45650000e-09  7.45650000e-09  0.00000000e+00  2.49999626e+00 -6.81276667e-09 
 7.45750000e-09  7.45750000e-09  0.00000000e+00  2.49999654e+00 -6.30842119e-09 
 7.45850000e-09  7.45850000e-09  0.00000000e+00  2.49999679e+00 -5.84142637e-09 
 7.45950000e-09  7.45950000e-09  0.00000000e+00  2.49999703e+00 -5.40901509e-09 
 7.46050000e-09  7.46050000e-09  0.00000000e+00  2.49999725e+00 -5.00862728e-09 
 7.46150000e-09  7.46150000e-09  0.00000000e+00  2.49999745e+00 -4.63789031e-09 
 7.46250000e-09  7.46250000e-09  0.00000000e+00  2.49999764e+00 -4.29460943e-09 
 7.46350000e-09  7.46350000e-09  0.00000000e+00  2.49999782e+00 -3.97675025e-09 
 7.46450000e-09  7.46450000e-09  0.00000000e+00  2.49999798e+00 -3.68243121e-09 
 7.46550000e-09  7.46550000e-09  0.00000000e+00  2.49999813e+00 -3.40990793e-09 
 7.46650000e-09  7.46650000e-09  0.00000000e+00  2.49999827e+00 -3.15756737e-09 
 7.46750000e-09  7.46750000e-09  0.00000000e+00  2.49999839e+00 -2.92391378e-09 
 7.46850000e-09  7.46850000e-09  0.00000000e+00  2.49999851e+00 -2.70756434e-09 
 7.46950000e-09  7.46950000e-09  0.00000000e+00  2.49999862e+00 -2.50723651e-09 
 7.47050000e-09  7.47050000e-09  0.00000000e+00  2.49999873e+00 -2.32174482e-09 
 7.47150000e-09  7.47150000e-09  0.00000000e+00  2.49999882e+00 -2.14998952e-09 
 7.47250000e-09  7.47250000e-09  0.00000000e+00  2.49999891e+00 -1.99095438e-09 
 7.47350000e-09  7.47350000e-09  0.00000000e+00  2.49999899e+00 -1.84369634e-09 
 7.47450000e-09  7.47450000e-09  0.00000000e+00  2.49999906e+00 -1.70734429e-09 
 7.47550000e-09  7.47550000e-09  0.00000000e+00  2.49999913e+00 -1.58108948e-09 
 7.47650000e-09  7.47650000e-09  0.00000000e+00  2.49999920e+00 -1.46418524e-09 
 7.47750000e-09  7.47750000e-09  0.00000000e+00  2.49999926e+00 -1.35593801e-09 
 7.47850000e-09  7.47850000e-09  0.00000000e+00  2.49999931e+00 -1.25570776e-09 
 7.47950000e-09  7.47950000e-09  0.00000000e+00  2.49999936e+00 -1.16289969e-09 
 7.48050000e-09  7.48050000e-09  0.00000000e+00  2.49999941e+00 -1.07696523e-09 
 7.48150000e-09  7.48150000e-09  0.00000000e+00  2.49999945e+00 -9.97394258e-10 
 7.48250000e-09  7.48250000e-09  0.00000000e+00  2.49999949e+00 -9.23716604e-10 
 7.48350000e-09  7.48350000e-09  0.00000000e+00  2.49999953e+00 -8.55494730e-10 
 7.48450000e-09  7.48450000e-09  0.00000000e+00  2.49999957e+00 -7.92325681e-10 
 7.48550000e-09  7.48550000e-09  0.00000000e+00  2.49999960e+00 -7.33834203e-10 
 7.48650000e-09  7.48650000e-09  0.00000000e+00  2.49999963e+00 -6.79674944e-10 
 7.48750000e-09  7.48750000e-09  0.00000000e+00  2.49999965e+00 -6.29526017e-10 
 7.48850000e-09  7.48850000e-09  0.00000000e+00  2.49999968e+00 -5.83091490e-10 
 7.48950000e-09  7.48950000e-09  0.00000000e+00  2.49999970e+00 -5.40095222e-10 
 7.49050000e-09  7.49050000e-09  0.00000000e+00  2.49999973e+00 -5.00283656e-10 
 7.49150000e-09  7.49150000e-09  0.00000000e+00  2.49999975e+00 -4.63419864e-10 
 7.49250000e-09  7.49250000e-09  0.00000000e+00  2.49999976e+00 -4.29286624e-10 
 7.49350000e-09  7.49350000e-09  0.00000000e+00  2.49999978e+00 -3.97680648e-10 
 7.49450000e-09  7.49450000e-09  0.00000000e+00  2.49999980e+00 -3.68415842e-10 
 7.49550000e-09  7.49550000e-09  0.00000000e+00  2.49999981e+00 -3.41317762e-10 
 7.49650000e-09  7.49650000e-09  0.00000000e+00  2.49999983e+00 -3.16227012e-10 
 7.49750000e-09  7.49750000e-09  0.00000000e+00  2.49999984e+00 -2.92993861e-10 
 7.49850000e-09  7.49850000e-09  0.00000000e+00  2.49999985e+00 -2.71481830e-10 
 7.49950000e-09  7.49950000e-09  0.00000000e+00  2.49999986e+00 -2.51562368e-10 
 7.50050000e-09  7.50050000e-09  0.00000000e+00  2.49999987e+00 -2.33118616e-10 
 7.50150000e-09  7.50150000e-09  0.00000000e+00  2.49999988e+00 -2.16040214e-10 
 7.50250000e-09  7.50250000e-09  0.00000000e+00  2.49999989e+00 -2.00227118e-10 
 7.50350000e-09  7.50350000e-09  0.00000000e+00  2.49999990e+00 -1.85584550e-10 
 7.50450000e-09  7.50450000e-09  0.00000000e+00  2.49999991e+00 -1.72026904e-10 
 7.50550000e-09  7.50550000e-09  0.00000000e+00  2.49999991e+00 -1.59472766e-10 
 7.50650000e-09  7.50650000e-09  0.00000000e+00  2.49999992e+00 -1.47848865e-10 
 7.50750000e-09  7.50750000e-09  0.00000000e+00  2.49999992e+00 -1.37085268e-10 
 7.50850000e-09  7.50850000e-09  0.00000000e+00  2.49999993e+00 -1.27119323e-10 
 7.50950000e-09  7.50950000e-09  0.00000000e+00  2.49999994e+00 -1.17890891e-10 
 7.51050000e-09  7.51050000e-09  0.00000000e+00  2.49999994e+00 -1.09346418e-10 
 7.51150000e-09  7.51150000e-09  0.00000000e+00  2.49999994e+00 -1.01434188e-10 
 7.51250000e-09  7.51250000e-09  0.00000000e+00  2.49999995e+00 -9.41084433e-11 
 7.51350000e-09  7.51350000e-09  0.00000000e+00  2.49999995e+00 -8.73246970e-11 
 7.51450000e-09  7.51450000e-09  0.00000000e+00  2.49999996e+00 -8.10438600e-11 
 7.51550000e-09  7.51550000e-09  0.00000000e+00  2.49999996e+00 -7.52276201e-11 
 7.51650000e-09  7.51650000e-09  0.00000000e+00  2.49999996e+00 -6.98426577e-11 
 7.51750000e-09  7.51750000e-09  0.00000000e+00  2.49999996e+00 -6.48559453e-11 
 7.51850000e-09  7.51850000e-09  0.00000000e+00  2.49999997e+00 -6.02390793e-11 
 7.51950000e-09  7.51950000e-09  0.00000000e+00  2.49999997e+00 -5.59635784e-11 
 7.52050000e-09  7.52050000e-09  0.00000000e+00  2.49999997e+00 -5.20052465e-11 
 7.52150000e-09  7.52150000e-09  0.00000000e+00  2.49999997e+00 -4.83395190e-11 
 7.52250000e-09  7.52250000e-09  0.00000000e+00  2.49999998e+00 -4.49458032e-11 
 7.52350000e-09  7.52350000e-09  0.00000000e+00  2.49999998e+00 -4.18028728e-11 
 7.52450000e-09  7.52450000e-09  0.00000000e+00  2.49999998e+00 -3.88932419e-11 
 7.52550000e-09  7.52550000e-09  0.00000000e+00  2.49999998e+00 -3.61985424e-11 
 7.52650000e-09  7.52650000e-09  0.00000000e+00  2.49999998e+00 -3.37039450e-11 
 7.52750000e-09  7.52750000e-09  0.00000000e+00  2.49999998e+00 -3.13935579e-11 
 7.52850000e-09  7.52850000e-09  0.00000000e+00  2.49999998e+00 -2.92547982e-11 
 7.52950000e-09  7.52950000e-09  0.00000000e+00  2.49999999e+00 -2.72738984e-11 
 7.53050000e-09  7.53050000e-09  0.00000000e+00  2.49999999e+00 -2.54402280e-11 
 7.53150000e-09  7.53150000e-09  0.00000000e+00  2.49999999e+00 -2.37418175e-11 
 7.53250000e-09  7.53250000e-09  0.00000000e+00  2.49999999e+00 -2.21697279e-11 
 7.53350000e-09  7.53350000e-09  0.00000000e+00  2.49999999e+00 -2.07135212e-11 
 7.53450000e-09  7.53450000e-09  0.00000000e+00  2.49999999e+00 -1.93656965e-11 
 7.53550000e-09  7.53550000e-09  0.00000000e+00  2.49999999e+00 -1.81171510e-11 
 7.53650000e-09  7.53650000e-09  0.00000000e+00  2.49999999e+00 -1.69615979e-11 
 7.53750000e-09  7.53750000e-09  0.00000000e+00  2.49999999e+00 -1.58910975e-11 
 7.53850000e-09  7.53850000e-09  0.00000000e+00  2.49999999e+00 -1.49004030e-11 
 7.53950000e-09  7.53950000e-09  0.00000000e+00  2.49999999e+00 -1.39825434e-11 
 7.54050000e-09  7.54050000e-09  0.00000000e+00  2.49999999e+00 -1.31331864e-11 
 7.54150000e-09  7.54150000e-09  0.00000000e+00  2.49999999e+00 -1.23461952e-11 
 7.54250000e-09  7.54250000e-09  0.00000000e+00  2.49999999e+00 -1.16180312e-11 
 7.54350000e-09  7.54350000e-09  0.00000000e+00  2.49999999e+00 -1.09432550e-11 
 7.54450000e-09  7.54450000e-09  0.00000000e+00  2.49999999e+00 -1.03189766e-11 
 7.54550000e-09  7.54550000e-09  0.00000000e+00  2.49999999e+00 -9.74040640e-12 
 7.54650000e-09  7.54650000e-09  0.00000000e+00  2.49999999e+00 -9.20520171e-12 
 7.54750000e-09  7.54750000e-09  0.00000000e+00  2.50000000e+00 -8.70911850e-12 
 7.54850000e-09  7.54850000e-09  0.00000000e+00  2.50000000e+00 -8.25029454e-12 
 7.54950000e-09  7.54950000e-09  0.00000000e+00  2.50000000e+00 -7.82491780e-12 
 7.55050000e-09  7.55050000e-09  0.00000000e+00  2.50000000e+00 -7.43157532e-12 
 7.55150000e-09  7.55150000e-09  0.00000000e+00  2.50000000e+00 -7.06684190e-12 
 7.55250000e-09  7.55250000e-09  0.00000000e+00  2.50000000e+00 -6.72964202e-12 
 7.55350000e-09  7.55350000e-09  0.00000000e+00  2.50000000e+00 -6.41687745e-12 
 7.55450000e-09  7.55450000e-09  0.00000000e+00  2.50000000e+00 -6.12781961e-12 
 7.55550000e-09  7.55550000e-09  0.00000000e+00  2.50000000e+00 -5.85962702e-12 
 7.55650000e-09  7.55650000e-09  0.00000000e+00  2.50000000e+00 -5.61183652e-12 
 7.55750000e-09  7.55750000e-09  0.00000000e+00  2.50000000e+00 -5.38185382e-12 
 7.55850000e-09  7.55850000e-09  0.00000000e+00  2.50000000e+00 -5.16943953e-12 
 7.55950000e-09  7.55950000e-09  0.00000000e+00  2.50000000e+00 -4.97222229e-12 
 7.56050000e-09  7.56050000e-09  0.00000000e+00  2.50000000e+00 -4.79014831e-12 
 7.56150000e-09  7.56150000e-09  0.00000000e+00  2.50000000e+00 -4.62102231e-12 
 7.56250000e-09  7.56250000e-09  0.00000000e+00  2.50000000e+00 -4.46494924e-12 
 7.56350000e-09  7.56350000e-09  0.00000000e+00  2.50000000e+00 -4.31989774e-12 
 7.56450000e-09  7.56450000e-09  0.00000000e+00  2.50000000e+00 -4.18614015e-12 
 7.56550000e-09  7.56550000e-09  0.00000000e+00  2.50000000e+00 -4.06173793e-12 
 7.56650000e-09  7.56650000e-09  0.00000000e+00  2.50000000e+00 -3.94708571e-12 
 7.56750000e-09  7.56750000e-09  0.00000000e+00  2.50000000e+00 -3.84039068e-12 
 7.56850000e-09  7.56850000e-09  0.00000000e+00  2.50000000e+00 -3.74213854e-12 
 7.56950000e-09  7.56950000e-09  0.00000000e+00  2.50000000e+00 -3.65062321e-12 
 7.57050000e-09  7.57050000e-09  0.00000000e+00  2.50000000e+00 -3.56641713e-12 
 7.57150000e-09  7.57150000e-09  0.00000000e+00  2.50000000e+00 -3.48791222e-12 
 7.57250000e-09  7.57250000e-09  0.00000000e+00  2.50000000e+00 -3.41575379e-12 
 7.57350000e-09  7.57350000e-09  0.00000000e+00  2.50000000e+00 -3.34841269e-12 
 7.57450000e-09  7.57450000e-09  0.00000000e+00  2.50000000e+00 -3.28659149e-12 
 7.57550000e-09  7.57550000e-09  0.00000000e+00  2.50000000e+00 -3.22880698e-12 
 7.57650000e-09  7.57650000e-09  0.00000000e+00  2.50000000e+00 -3.17583720e-12 
 7.57750000e-09  7.57750000e-09  0.00000000e+00  2.50000000e+00 -3.12626574e-12 
 7.57850000e-09  7.57850000e-09  0.00000000e+00  2.50000000e+00 -3.08089058e-12 
 7.57950000e-09  7.57950000e-09  0.00000000e+00  2.50000000e+00 -3.03834475e-12 
 7.58050000e-09  7.58050000e-09  0.00000000e+00  2.50000000e+00 -2.99948608e-12 
 7.58150000e-09  7.58150000e-09  0.00000000e+00  2.50000000e+00 -2.96297362e-12 
 7.58250000e-09  7.58250000e-09  0.00000000e+00  2.50000000e+00 -2.92969902e-12 
 7.58350000e-09  7.58350000e-09  0.00000000e+00  2.50000000e+00 -2.89833955e-12 
 7.58450000e-09  7.58450000e-09  0.00000000e+00  2.50000000e+00 -2.86985019e-12 
 7.58550000e-09  7.58550000e-09  0.00000000e+00  2.50000000e+00 -2.84293856e-12 
 7.58650000e-09  7.58650000e-09  0.00000000e+00  2.50000000e+00 -2.81854748e-12 
 7.58750000e-09  7.58750000e-09  0.00000000e+00  2.50000000e+00 -2.79542622e-12 
 7.58850000e-09  7.58850000e-09  0.00000000e+00  2.50000000e+00 -2.77455142e-12 
 7.58950000e-09  7.58950000e-09  0.00000000e+00  2.50000000e+00 -2.75468884e-12 
 7.59050000e-09  7.59050000e-09  0.00000000e+00  2.50000000e+00 -2.73683853e-12 
 7.59150000e-09  7.59150000e-09  0.00000000e+00  2.50000000e+00 -2.71976539e-12 
 7.59250000e-09  7.59250000e-09  0.00000000e+00  2.50000000e+00 -2.70450589e-12 
 7.59350000e-09  7.59350000e-09  0.00000000e+00  2.50000000e+00 -2.68982926e-12 
 7.59450000e-09  7.59450000e-09  0.00000000e+00  2.50000000e+00 -2.67677894e-12 
 7.59550000e-09  7.59550000e-09  0.00000000e+00  2.50000000e+00 -2.66416316e-12 
 7.59650000e-09  7.59650000e-09  0.00000000e+00  2.50000000e+00 -2.65301496e-12 
 7.59750000e-09  7.59750000e-09  0.00000000e+00  2.50000000e+00 -2.64215125e-12 
 7.59850000e-09  7.59850000e-09  0.00000000e+00  2.50000000e+00 -2.63263283e-12 
 7.59950000e-09  7.59950000e-09  0.00000000e+00  2.50000000e+00 -2.62328267e-12 
 7.60050000e-09  7.60050000e-09  0.00000000e+00  2.50000000e+00 -2.61516156e-12 
 7.60150000e-09  7.60150000e-09  0.00000000e+00  2.50000000e+00 -2.60710724e-12 
 7.60250000e-09  7.60250000e-09  0.00000000e+00  2.50000000e+00 -2.60018829e-12 
 7.60350000e-09  7.60350000e-09  0.00000000e+00  2.50000000e+00 -2.59323639e-12 
 7.60450000e-09  7.60450000e-09  0.00000000e+00  2.50000000e+00 -2.58734700e-12 
 7.60550000e-09  7.60550000e-09  0.00000000e+00  2.50000000e+00 -2.58134833e-12 
 7.60650000e-09  7.60650000e-09  0.00000000e+00  2.50000000e+00 -2.57632804e-12 
 7.60750000e-09  7.60750000e-09  0.00000000e+00  2.50000000e+00 -2.57115076e-12 
 7.60850000e-09  7.60850000e-09  0.00000000e+00  2.50000000e+00 -2.56688767e-12 
 7.60950000e-09  7.60950000e-09  0.00000000e+00  2.50000000e+00 -2.56240862e-12 
 7.61050000e-09  7.61050000e-09  0.00000000e+00  2.50000000e+00 -2.55879259e-12 
 7.61150000e-09  7.61150000e-09  0.00000000e+00  2.50000000e+00 -2.55491548e-12 
 7.61250000e-09  7.61250000e-09  0.00000000e+00  2.50000000e+00 -2.55185977e-12 
 7.61350000e-09  7.61350000e-09  0.00000000e+00  2.50000000e+00 -2.54848920e-12 
 7.61450000e-09  7.61450000e-09  0.00000000e+00  2.50000000e+00 -2.54591227e-12 
 7.61550000e-09  7.61550000e-09  0.00000000e+00  2.50000000e+00 -2.54298232e-12 
 7.61650000e-09  7.61650000e-09  0.00000000e+00  2.50000000e+00 -2.54080697e-12 
 7.61750000e-09  7.61750000e-09  0.00000000e+00  2.50000000e+00 -2.53825780e-12 
 7.61850000e-09  7.61850000e-09  0.00000000e+00  2.50000000e+00 -2.53642593e-12 
 7.61950000e-09  7.61950000e-09  0.00000000e+00  2.50000000e+00 -2.53421242e-12 
 7.62050000e-09  7.62050000e-09  0.00000000e+00  2.50000000e+00 -2.53269020e-12 
 7.62150000e-09  7.62150000e-09  0.00000000e+00  2.50000000e+00 -2.53073604e-12 
 7.62250000e-09  7.62250000e-09  0.00000000e+00  2.50000000e+00 -2.52947229e-12 
 7.62350000e-09  7.62350000e-09  0.00000000e+00  2.50000000e+00 -2.52775752e-12 
 7.62450000e-09  7.62450000e-09  0.00000000e+00  2.50000000e+00 -2.52671235e-12 
 7.62550000e-09  7.62550000e-09  0.00000000e+00  2.50000000e+00 -2.52520747e-12 
 7.62650000e-09  7.62650000e-09  0.00000000e+00  2.50000000e+00 -2.52434792e-12 
 7.62750000e-09  7.62750000e-09  0.00000000e+00  2.50000000e+00 -2.52302085e-12 
 7.62850000e-09  7.62850000e-09  0.00000000e+00  2.50000000e+00 -2.52232003e-12 
 7.62950000e-09  7.62950000e-09  0.00000000e+00  2.50000000e+00 -2.52113955e-12 
 7.63050000e-09  7.63050000e-09  0.00000000e+00  2.50000000e+00 -2.52057663e-12 
 7.63150000e-09  7.63150000e-09  0.00000000e+00  2.50000000e+00 -2.51953666e-12 
 7.63250000e-09  7.63250000e-09  0.00000000e+00  2.50000000e+00 -2.51908477e-12 
 7.63350000e-09  7.63350000e-09  0.00000000e+00  2.50000000e+00 -2.51814541e-12 
 7.63450000e-09  7.63450000e-09  0.00000000e+00  2.50000000e+00 -2.51781755e-12 
 7.63550000e-09  7.63550000e-09  0.00000000e+00  2.50000000e+00 -2.51696840e-12 
 7.63650000e-09  7.63650000e-09  0.00000000e+00  2.50000000e+00 -2.51671427e-12 
 7.63750000e-09  7.63750000e-09  0.00000000e+00  2.50000000e+00 -2.51595706e-12 
 7.63850000e-09  7.63850000e-09  0.00000000e+00  2.50000000e+00 -2.51578272e-12 
 7.63950000e-09  7.63950000e-09  0.00000000e+00  2.50000000e+00 -2.51508970e-12 
 7.64050000e-09  7.64050000e-09  0.00000000e+00  2.50000000e+00 -2.51497347e-12 
 7.64150000e-09  7.64150000e-09  0.00000000e+00  2.50000000e+00 -2.51433856e-12 
 7.64250000e-09  7.64250000e-09  0.00000000e+00  2.50000000e+00 -2.51428912e-12 
 7.64350000e-09  7.64350000e-09  0.00000000e+00  2.50000000e+00 -2.51370539e-12 
 7.64450000e-09  7.64450000e-09  0.00000000e+00  2.50000000e+00 -2.51369498e-12 
 7.64550000e-09  7.64550000e-09  0.00000000e+00  2.50000000e+00 -2.51315548e-12 
 7.64650000e-09  7.64650000e-09  0.00000000e+00  2.50000000e+00 -2.51319018e-12 
 7.64750000e-09  7.64750000e-09  0.00000000e+00  2.50000000e+00 -2.51269318e-12 
 7.64850000e-09  7.64850000e-09  0.00000000e+00  2.50000000e+00 -2.51275997e-12 
 7.64950000e-09  7.64950000e-09  0.00000000e+00  2.50000000e+00 -2.51228812e-12 
 7.65050000e-09  7.65050000e-09  0.00000000e+00  2.50000000e+00 -2.51237486e-12 
 7.65150000e-09  7.65150000e-09  0.00000000e+00  2.50000000e+00 -2.51193944e-12 
 7.65250000e-09  7.65250000e-09  0.00000000e+00  2.50000000e+00 -2.51206174e-12 
 7.65350000e-09  7.65350000e-09  0.00000000e+00  2.50000000e+00 -2.51164541e-12 
 7.65450000e-09  7.65450000e-09  0.00000000e+00  2.50000000e+00 -2.51178158e-12 
 7.65550000e-09  7.65550000e-09  0.00000000e+00  2.50000000e+00 -2.51138953e-12 
 7.65650000e-09  7.65650000e-09  0.00000000e+00  2.50000000e+00 -2.51155086e-12 
 7.65750000e-09  7.65750000e-09  0.00000000e+00  2.50000000e+00 -2.51117009e-12 
 7.65850000e-09  7.65850000e-09  0.00000000e+00  2.50000000e+00 -2.51135657e-12 
 7.65950000e-09  7.65950000e-09  0.00000000e+00  2.50000000e+00 -2.51098448e-12 
 7.66050000e-09  7.66050000e-09  0.00000000e+00  2.50000000e+00 -2.51117703e-12 
 7.66150000e-09  7.66150000e-09  0.00000000e+00  2.50000000e+00 -2.51082054e-12 
 7.66250000e-09  7.66250000e-09  0.00000000e+00  2.50000000e+00 -2.51102871e-12 
 7.66350000e-09  7.66350000e-09  0.00000000e+00  2.50000000e+00 -2.51067916e-12 
 7.66450000e-09  7.66450000e-09  0.00000000e+00  2.50000000e+00 -2.51090034e-12 
 7.66550000e-09  7.66550000e-09  0.00000000e+00  2.50000000e+00 -2.51056727e-12 
 7.66650000e-09  7.66650000e-09  0.00000000e+00  2.50000000e+00 -2.51078412e-12 
 7.66750000e-09  7.66750000e-09  0.00000000e+00  2.50000000e+00 -2.51046319e-12 
 7.66850000e-09  7.66850000e-09  0.00000000e+00  2.50000000e+00 -2.51070172e-12 
 7.66950000e-09  7.66950000e-09  0.00000000e+00  2.50000000e+00 -2.51038166e-12 
 7.67050000e-09  7.67050000e-09  0.00000000e+00  2.50000000e+00 -2.51061845e-12 
 7.67150000e-09  7.67150000e-09  0.00000000e+00  2.50000000e+00 -2.51031140e-12 
 7.67250000e-09  7.67250000e-09  0.00000000e+00  2.50000000e+00 -2.51054993e-12 
 7.67350000e-09  7.67350000e-09  0.00000000e+00  2.50000000e+00 -2.51023854e-12 
 7.67450000e-09  7.67450000e-09  0.00000000e+00  2.50000000e+00 -2.51049355e-12 
 7.67550000e-09  7.67550000e-09  0.00000000e+00  2.50000000e+00 -2.51018824e-12 
 7.67650000e-09  7.67650000e-09  0.00000000e+00  2.50000000e+00 -2.51043977e-12 
 7.67750000e-09  7.67750000e-09  0.00000000e+00  2.50000000e+00 -2.51013967e-12 
 7.67850000e-09  7.67850000e-09  0.00000000e+00  2.50000000e+00 -2.51040334e-12 
 7.67950000e-09  7.67950000e-09  0.00000000e+00  2.50000000e+00 -2.51010150e-12 
 7.68050000e-09  7.68050000e-09  0.00000000e+00  2.50000000e+00 -2.51035651e-12 
 7.68150000e-09  7.68150000e-09  0.00000000e+00  2.50000000e+00 -2.51006594e-12 
 7.68250000e-09  7.68250000e-09  0.00000000e+00  2.50000000e+00 -2.51033222e-12 
 7.68350000e-09  7.68350000e-09  0.00000000e+00  2.50000000e+00 -2.51004079e-12 
 7.68450000e-09  7.68450000e-09  0.00000000e+00  2.50000000e+00 -2.51030360e-12 
 7.68550000e-09  7.68550000e-09  0.00000000e+00  2.50000000e+00 -2.51001563e-12 
 7.68650000e-09  7.68650000e-09  0.00000000e+00  2.50000000e+00 -2.51028018e-12 
 7.68750000e-09  7.68750000e-09  0.00000000e+00  2.50000000e+00 -2.50999568e-12 
 7.68850000e-09  7.68850000e-09  0.00000000e+00  2.50000000e+00 -2.51025936e-12 
 7.68950000e-09  7.68950000e-09  0.00000000e+00  2.50000000e+00 -2.50996793e-12 
 7.69050000e-09  7.69050000e-09  0.00000000e+00  2.50000000e+00 -2.51023681e-12 
 7.69150000e-09  7.69150000e-09  0.00000000e+00  2.50000000e+00 -2.50995752e-12 
 7.69250000e-09  7.69250000e-09  0.00000000e+00  2.50000000e+00 -2.51022553e-12 
 7.69350000e-09  7.69350000e-09  0.00000000e+00  2.50000000e+00 -2.50994364e-12 
 7.69450000e-09  7.69450000e-09  0.00000000e+00  2.50000000e+00 -2.51021339e-12 
 7.69550000e-09  7.69550000e-09  0.00000000e+00  2.50000000e+00 -2.50993323e-12 
 7.69650000e-09  7.69650000e-09  0.00000000e+00  2.50000000e+00 -2.51019865e-12 
 7.69750000e-09  7.69750000e-09  0.00000000e+00  2.50000000e+00 -2.50992022e-12 
 7.69850000e-09  7.69850000e-09  0.00000000e+00  2.50000000e+00 -2.51018911e-12 
 7.69950000e-09  7.69950000e-09  0.00000000e+00  2.50000000e+00 -2.50991502e-12 
 7.70050000e-09  7.70050000e-09  0.00000000e+00  2.50000000e+00 -2.51018737e-12 
 7.70150000e-09  7.70150000e-09  0.00000000e+00  2.50000000e+00 -2.50990461e-12 
 7.70250000e-09  7.70250000e-09  0.00000000e+00  2.50000000e+00 -2.51018824e-12 
 7.70350000e-09  7.70350000e-09  0.00000000e+00  2.50000000e+00 -2.50990808e-12 
 7.70450000e-09  7.70450000e-09  0.00000000e+00  2.50000000e+00 -2.51017349e-12 
 7.70550000e-09  7.70550000e-09  0.00000000e+00  2.50000000e+00 -2.50989680e-12 
 7.70650000e-09  7.70650000e-09  0.00000000e+00  2.50000000e+00 -2.51017176e-12 
 7.70750000e-09  7.70750000e-09  0.00000000e+00  2.50000000e+00 -2.50988726e-12 
 7.70850000e-09  7.70850000e-09  0.00000000e+00  2.50000000e+00 -2.51015961e-12 
 7.70950000e-09  7.70950000e-09  0.00000000e+00  2.50000000e+00 -2.50988032e-12 
 7.71050000e-09  7.71050000e-09  0.00000000e+00  2.50000000e+00 -2.51015961e-12 
 7.71150000e-09  7.71150000e-09  0.00000000e+00  2.50000000e+00 -2.50988379e-12 
 7.71250000e-09  7.71250000e-09  0.00000000e+00  2.50000000e+00 -2.51014921e-12 
 7.71350000e-09  7.71350000e-09  0.00000000e+00  2.50000000e+00 -2.50987339e-12 
 7.71450000e-09  7.71450000e-09  0.00000000e+00  2.50000000e+00 -2.51015094e-12 
 7.71550000e-09  7.71550000e-09  0.00000000e+00  2.50000000e+00 -2.50987425e-12 
 7.71650000e-09  7.71650000e-09  0.00000000e+00  2.50000000e+00 -2.51015181e-12 
 7.71750000e-09  7.71750000e-09  0.00000000e+00  2.50000000e+00 -2.50987425e-12 
 7.71850000e-09  7.71850000e-09  0.00000000e+00  2.50000000e+00 -2.51015181e-12 
 7.71950000e-09  7.71950000e-09  0.00000000e+00  2.50000000e+00 -2.50987425e-12 
 7.72050000e-09  7.72050000e-09  0.00000000e+00  2.50000000e+00 -2.51015181e-12 
 7.72150000e-09  7.72150000e-09  0.00000000e+00  2.50000000e+00 -2.50987425e-12 
 7.72250000e-09  7.72250000e-09  0.00000000e+00  2.50000000e+00 -2.51015181e-12 
 7.72350000e-09  7.72350000e-09  0.00000000e+00  2.50000000e+00 -2.50987425e-12 
 7.72450000e-09  7.72450000e-09  0.00000000e+00  2.50000000e+00 -2.51015181e-12 
 7.72550000e-09  7.72550000e-09  0.00000000e+00  2.50000000e+00 -2.50987425e-12 
 7.72650000e-09  7.72650000e-09  0.00000000e+00  2.50000000e+00 -2.51015181e-12 
 7.72750000e-09  7.72750000e-09  0.00000000e+00  2.50000000e+00 -2.50987425e-12 
 7.72850000e-09  7.72850000e-09  0.00000000e+00  2.50000000e+00 -2.51015181e-12 
 7.72950000e-09  7.72950000e-09  0.00000000e+00  2.50000000e+00 -2.50987425e-12 
 7.73050000e-09  7.73050000e-09  0.00000000e+00  2.50000000e+00 -2.51015181e-12 
 7.73150000e-09  7.73150000e-09  0.00000000e+00  2.50000000e+00 -2.50987425e-12 
 7.73250000e-09  7.73250000e-09  0.00000000e+00  2.50000000e+00 -2.51015181e-12 
 7.73350000e-09  7.73350000e-09  0.00000000e+00  2.50000000e+00 -2.50987425e-12 
 7.73450000e-09  7.73450000e-09  0.00000000e+00  2.50000000e+00 -2.51015181e-12 
 7.73550000e-09  7.73550000e-09  0.00000000e+00  2.50000000e+00 -2.50987425e-12 
 7.73650000e-09  7.73650000e-09  0.00000000e+00  2.50000000e+00 -2.51015181e-12 
 7.73750000e-09  7.73750000e-09  0.00000000e+00  2.50000000e+00 -2.50987425e-12 
 7.73850000e-09  7.73850000e-09  0.00000000e+00  2.50000000e+00 -2.51015181e-12 
 7.73950000e-09  7.73950000e-09  0.00000000e+00  2.50000000e+00 -2.50987425e-12 
 7.74050000e-09  7.74050000e-09  0.00000000e+00  2.50000000e+00 -2.51015181e-12 
 7.74150000e-09  7.74150000e-09  0.00000000e+00  2.50000000e+00 -2.50987425e-12 
 7.74250000e-09  7.74250000e-09  0.00000000e+00  2.50000000e+00 -2.51015181e-12 
 7.74350000e-09  7.74350000e-09  0.00000000e+00  2.50000000e+00 -2.50987425e-12 
 7.74450000e-09  7.74450000e-09  0.00000000e+00  2.50000000e+00 -2.51015181e-12 
 7.74550000e-09  7.74550000e-09  0.00000000e+00  2.50000000e+00 -2.50987425e-12 
 7.74650000e-09  7.74650000e-09  0.00000000e+00  2.50000000e+00 -2.51015181e-12 
 7.74750000e-09  7.74750000e-09  0.00000000e+00  2.50000000e+00 -2.50987425e-12 
 7.74850000e-09  7.74850000e-09  0.00000000e+00  2.50000000e+00 -2.51015181e-12 
 7.74950000e-09  7.74950000e-09  0.00000000e+00  2.50000000e+00 -2.50987425e-12 
 7.75050000e-09  7.75050000e-09  0.00000000e+00  2.50000000e+00 -2.51015181e-12 
 7.75150000e-09  7.75150000e-09  0.00000000e+00  2.50000000e+00 -2.50987425e-12 
 7.75250000e-09  7.75250000e-09  0.00000000e+00  2.50000000e+00 -2.51015181e-12 
 7.75350000e-09  7.75350000e-09  0.00000000e+00  2.50000000e+00 -2.50987425e-12 
 7.75450000e-09  7.75450000e-09  0.00000000e+00  2.50000000e+00 -2.51015181e-12 
 7.75550000e-09  7.75550000e-09  0.00000000e+00  2.50000000e+00 -2.50987425e-12 
 7.75650000e-09  7.75650000e-09  0.00000000e+00  2.50000000e+00 -2.51015181e-12 
 7.75750000e-09  7.75750000e-09  0.00000000e+00  2.50000000e+00 -2.50987425e-12 
 7.75850000e-09  7.75850000e-09  0.00000000e+00  2.50000000e+00 -2.51015181e-12 
 7.75950000e-09  7.75950000e-09  0.00000000e+00  2.50000000e+00 -2.50987425e-12 
 7.76050000e-09  7.76050000e-09  0.00000000e+00  2.50000000e+00 -2.51015181e-12 
 7.76150000e-09  7.76150000e-09  0.00000000e+00  2.50000000e+00 -2.50987425e-12 
 7.76250000e-09  7.76250000e-09  0.00000000e+00  2.50000000e+00 -2.51015181e-12 
 7.76350000e-09  7.76350000e-09  0.00000000e+00  2.50000000e+00 -2.50987425e-12 
 7.76450000e-09  7.76450000e-09  0.00000000e+00  2.50000000e+00 -2.51015181e-12 
 7.76550000e-09  7.76550000e-09  0.00000000e+00  2.50000000e+00 -2.50987425e-12 
 7.76650000e-09  7.76650000e-09  0.00000000e+00  2.50000000e+00 -2.51015181e-12 
 7.76750000e-09  7.76750000e-09  0.00000000e+00  2.50000000e+00 -2.50987425e-12 
 7.76850000e-09  7.76850000e-09  0.00000000e+00  2.50000000e+00 -2.51015181e-12 
 7.76950000e-09  7.76950000e-09  0.00000000e+00  2.50000000e+00 -2.50987425e-12 
 7.77050000e-09  7.77050000e-09  0.00000000e+00  2.50000000e+00 -2.51015181e-12 
 7.77150000e-09  7.77150000e-09  0.00000000e+00  2.50000000e+00 -2.50987425e-12 
 7.77250000e-09  7.77250000e-09  0.00000000e+00  2.50000000e+00 -2.51015181e-12 
 7.77350000e-09  7.77350000e-09  0.00000000e+00  2.50000000e+00 -2.50987425e-12 
 7.77450000e-09  7.77450000e-09  0.00000000e+00  2.50000000e+00 -2.51015181e-12 
 7.77550000e-09  7.77550000e-09  0.00000000e+00  2.50000000e+00 -2.50987425e-12 
 7.77650000e-09  7.77650000e-09  0.00000000e+00  2.50000000e+00 -2.51015181e-12 
 7.77750000e-09  7.77750000e-09  0.00000000e+00  2.50000000e+00 -2.50987425e-12 
 7.77850000e-09  7.77850000e-09  0.00000000e+00  2.50000000e+00 -2.51015181e-12 
 7.77950000e-09  7.77950000e-09  0.00000000e+00  2.50000000e+00 -2.50987425e-12 
 7.78050000e-09  7.78050000e-09  0.00000000e+00  2.50000000e+00 -2.51015181e-12 
 7.78150000e-09  7.78150000e-09  0.00000000e+00  2.50000000e+00 -2.50987425e-12 
 7.78250000e-09  7.78250000e-09  0.00000000e+00  2.50000000e+00 -2.51015181e-12 
 7.78350000e-09  7.78350000e-09  0.00000000e+00  2.50000000e+00 -2.50987425e-12 
 7.78450000e-09  7.78450000e-09  0.00000000e+00  2.50000000e+00 -2.51015181e-12 
 7.78550000e-09  7.78550000e-09  0.00000000e+00  2.50000000e+00 -2.50987425e-12 
 7.78650000e-09  7.78650000e-09  0.00000000e+00  2.50000000e+00 -2.51015181e-12 
 7.78750000e-09  7.78750000e-09  0.00000000e+00  2.50000000e+00 -2.50987425e-12 
 7.78850000e-09  7.78850000e-09  0.00000000e+00  2.50000000e+00 -2.51015181e-12 
 7.78950000e-09  7.78950000e-09  0.00000000e+00  2.50000000e+00 -2.50987425e-12 
 7.79050000e-09  7.79050000e-09  0.00000000e+00  2.50000000e+00 -2.51015181e-12 
 7.79150000e-09  7.79150000e-09  0.00000000e+00  2.50000000e+00 -2.50987425e-12 
 7.79250000e-09  7.79250000e-09  0.00000000e+00  2.50000000e+00 -2.51015181e-12 
 7.79350000e-09  7.79350000e-09  0.00000000e+00  2.50000000e+00 -2.50987425e-12 
 7.79450000e-09  7.79450000e-09  0.00000000e+00  2.50000000e+00 -2.51015181e-12 
 7.79550000e-09  7.79550000e-09  0.00000000e+00  2.50000000e+00 -2.50987425e-12 
 7.79650000e-09  7.79650000e-09  0.00000000e+00  2.50000000e+00 -2.51015181e-12 
 7.79750000e-09  7.79750000e-09  0.00000000e+00  2.50000000e+00 -2.50987425e-12 
 7.79850000e-09  7.79850000e-09  0.00000000e+00  2.50000000e+00 -2.51015181e-12 
 7.79950000e-09  7.79950000e-09  0.00000000e+00  2.50000000e+00 -2.50987425e-12 
 7.80050000e-09  7.80050000e-09  0.00000000e+00  2.50000000e+00 -2.51015181e-12 
 7.80150000e-09  7.80150000e-09  0.00000000e+00  2.50000000e+00 -2.50987425e-12 
 7.80250000e-09  7.80250000e-09  0.00000000e+00  2.50000000e+00 -2.51015181e-12 
 7.80350000e-09  7.80350000e-09  0.00000000e+00  2.50000000e+00 -2.50987425e-12 
 7.80450000e-09  7.80450000e-09  0.00000000e+00  2.50000000e+00 -2.51015181e-12 
 7.80550000e-09  7.80550000e-09  0.00000000e+00  2.50000000e+00 -2.50987425e-12 
 7.80650000e-09  7.80650000e-09  0.00000000e+00  2.50000000e+00 -2.51015181e-12 
 7.80750000e-09  7.80750000e-09  0.00000000e+00  2.50000000e+00 -2.50987425e-12 
 7.80850000e-09  7.80850000e-09  0.00000000e+00  2.50000000e+00 -2.51015181e-12 
 7.80950000e-09  7.80950000e-09  0.00000000e+00  2.50000000e+00 -2.50987425e-12 
 7.81050000e-09  7.81050000e-09  0.00000000e+00  2.50000000e+00 -2.51015181e-12 
 7.81150000e-09  7.81150000e-09  0.00000000e+00  2.50000000e+00 -2.50987425e-12 
 7.81250000e-09  7.81250000e-09  0.00000000e+00  2.50000000e+00 -2.51015181e-12 
 7.81350000e-09  7.81350000e-09  0.00000000e+00  2.50000000e+00 -2.50987425e-12 
 7.81450000e-09  7.81450000e-09  0.00000000e+00  2.50000000e+00 -2.51015181e-12 
 7.81550000e-09  7.81550000e-09  0.00000000e+00  2.50000000e+00 -2.50987425e-12 
 7.81650000e-09  7.81650000e-09  0.00000000e+00  2.50000000e+00 -2.51015181e-12 
 7.81750000e-09  7.81750000e-09  0.00000000e+00  2.50000000e+00 -2.50987425e-12 
 7.81850000e-09  7.81850000e-09  0.00000000e+00  2.50000000e+00 -2.51015181e-12 
 7.81950000e-09  7.81950000e-09  0.00000000e+00  2.50000000e+00 -2.50987425e-12 
 7.82050000e-09  7.82050000e-09  0.00000000e+00  2.50000000e+00 -2.51015181e-12 
 7.82150000e-09  7.82150000e-09  0.00000000e+00  2.50000000e+00 -2.50987425e-12 
 7.82250000e-09  7.82250000e-09  0.00000000e+00  2.50000000e+00 -2.51015181e-12 
 7.82350000e-09  7.82350000e-09  0.00000000e+00  2.50000000e+00 -2.50987425e-12 
 7.82450000e-09  7.82450000e-09  0.00000000e+00  2.50000000e+00 -2.51015181e-12 
 7.82550000e-09  7.82550000e-09  0.00000000e+00  2.50000000e+00 -2.50987425e-12 
 7.82650000e-09  7.82650000e-09  0.00000000e+00  2.50000000e+00 -2.51015181e-12 
 7.82750000e-09  7.82750000e-09  0.00000000e+00  2.50000000e+00 -2.50987425e-12 
 7.82850000e-09  7.82850000e-09  0.00000000e+00  2.50000000e+00 -2.51015181e-12 
 7.82950000e-09  7.82950000e-09  0.00000000e+00  2.50000000e+00 -2.50987425e-12 
 7.83050000e-09  7.83050000e-09  0.00000000e+00  2.50000000e+00 -2.51015181e-12 
 7.83150000e-09  7.83150000e-09  0.00000000e+00  2.50000000e+00 -2.50987425e-12 
 7.83250000e-09  7.83250000e-09  0.00000000e+00  2.50000000e+00 -2.51015181e-12 
 7.83350000e-09  7.83350000e-09  0.00000000e+00  2.50000000e+00 -2.50987425e-12 
 7.83450000e-09  7.83450000e-09  0.00000000e+00  2.50000000e+00 -2.51015181e-12 
 7.83550000e-09  7.83550000e-09  0.00000000e+00  2.50000000e+00 -2.50987425e-12 
 7.83650000e-09  7.83650000e-09  0.00000000e+00  2.50000000e+00 -2.51015181e-12 
 7.83750000e-09  7.83750000e-09  0.00000000e+00  2.50000000e+00 -2.50987425e-12 
 7.83850000e-09  7.83850000e-09  0.00000000e+00  2.50000000e+00 -2.51015181e-12 
 7.83950000e-09  7.83950000e-09  0.00000000e+00  2.50000000e+00 -2.50987425e-12 
 7.84050000e-09  7.84050000e-09  0.00000000e+00  2.50000000e+00 -2.51015181e-12 
 7.84150000e-09  7.84150000e-09  0.00000000e+00  2.50000000e+00 -2.50987425e-12 
 7.84250000e-09  7.84250000e-09  0.00000000e+00  2.50000000e+00 -2.51015181e-12 
 7.84350000e-09  7.84350000e-09  0.00000000e+00  2.50000000e+00 -2.50987425e-12 
 7.84450000e-09  7.84450000e-09  0.00000000e+00  2.50000000e+00 -2.51015181e-12 
 7.84550000e-09  7.84550000e-09  0.00000000e+00  2.50000000e+00 -2.50987425e-12 
 7.84650000e-09  7.84650000e-09  0.00000000e+00  2.50000000e+00 -2.51015181e-12 
 7.84750000e-09  7.84750000e-09  0.00000000e+00  2.50000000e+00 -2.50987425e-12 
 7.84850000e-09  7.84850000e-09  0.00000000e+00  2.50000000e+00 -2.51015181e-12 
 7.84950000e-09  7.84950000e-09  0.00000000e+00  2.50000000e+00 -2.50987425e-12 
 7.85050000e-09  7.85050000e-09  0.00000000e+00  2.50000000e+00 -2.51015181e-12 
 7.85150000e-09  7.85150000e-09  0.00000000e+00  2.50000000e+00 -2.50987425e-12 
 7.85250000e-09  7.85250000e-09  0.00000000e+00  2.50000000e+00 -2.51015181e-12 
 7.85350000e-09  7.85350000e-09  0.00000000e+00  2.50000000e+00 -2.50987425e-12 
 7.85450000e-09  7.85450000e-09  0.00000000e+00  2.50000000e+00 -2.51015181e-12 
 7.85550000e-09  7.85550000e-09  0.00000000e+00  2.50000000e+00 -2.50987425e-12 
 7.85650000e-09  7.85650000e-09  0.00000000e+00  2.50000000e+00 -2.51015181e-12 
 7.85750000e-09  7.85750000e-09  0.00000000e+00  2.50000000e+00 -2.50987425e-12 
 7.85850000e-09  7.85850000e-09  0.00000000e+00  2.50000000e+00 -2.51015181e-12 
 7.85950000e-09  7.85950000e-09  0.00000000e+00  2.50000000e+00 -2.50987425e-12 
 7.86050000e-09  7.86050000e-09  0.00000000e+00  2.50000000e+00 -2.51015181e-12 
 7.86150000e-09  7.86150000e-09  0.00000000e+00  2.50000000e+00 -2.50987425e-12 
 7.86250000e-09  7.86250000e-09  0.00000000e+00  2.50000000e+00 -2.51015181e-12 
 7.86350000e-09  7.86350000e-09  0.00000000e+00  2.50000000e+00 -2.50987425e-12 
 7.86450000e-09  7.86450000e-09  0.00000000e+00  2.50000000e+00 -2.51015181e-12 
 7.86550000e-09  7.86550000e-09  0.00000000e+00  2.50000000e+00 -2.50987425e-12 
 7.86650000e-09  7.86650000e-09  0.00000000e+00  2.50000000e+00 -2.51015181e-12 
 7.86750000e-09  7.86750000e-09  0.00000000e+00  2.50000000e+00 -2.50987425e-12 
 7.86850000e-09  7.86850000e-09  0.00000000e+00  2.50000000e+00 -2.51015181e-12 
 7.86950000e-09  7.86950000e-09  0.00000000e+00  2.50000000e+00 -2.50987425e-12 
 7.87050000e-09  7.87050000e-09  0.00000000e+00  2.50000000e+00 -2.51015181e-12 
 7.87150000e-09  7.87150000e-09  0.00000000e+00  2.50000000e+00 -2.50987425e-12 
 7.87250000e-09  7.87250000e-09  0.00000000e+00  2.50000000e+00 -2.51015181e-12 
 7.87350000e-09  7.87350000e-09  0.00000000e+00  2.50000000e+00 -2.50987425e-12 
 7.87450000e-09  7.87450000e-09  0.00000000e+00  2.50000000e+00 -2.51015181e-12 
 7.87550000e-09  7.87550000e-09  0.00000000e+00  2.50000000e+00 -2.50987425e-12 
 7.87650000e-09  7.87650000e-09  0.00000000e+00  2.50000000e+00 -2.51015181e-12 
 7.87750000e-09  7.87750000e-09  0.00000000e+00  2.50000000e+00 -2.50987425e-12 
 7.87850000e-09  7.87850000e-09  0.00000000e+00  2.50000000e+00 -2.51015181e-12 
 7.87950000e-09  7.87950000e-09  0.00000000e+00  2.50000000e+00 -2.50987425e-12 
 7.88050000e-09  7.88050000e-09  0.00000000e+00  2.50000000e+00 -2.51015181e-12 
 7.88150000e-09  7.88150000e-09  0.00000000e+00  2.50000000e+00 -2.50987425e-12 
 7.88250000e-09  7.88250000e-09  0.00000000e+00  2.50000000e+00 -2.51015181e-12 
 7.88350000e-09  7.88350000e-09  0.00000000e+00  2.50000000e+00 -2.50987425e-12 
 7.88450000e-09  7.88450000e-09  0.00000000e+00  2.50000000e+00 -2.51015181e-12 
 7.88550000e-09  7.88550000e-09  0.00000000e+00  2.50000000e+00 -2.50987425e-12 
 7.88650000e-09  7.88650000e-09  0.00000000e+00  2.50000000e+00 -2.51015181e-12 
 7.88750000e-09  7.88750000e-09  0.00000000e+00  2.50000000e+00 -2.50987425e-12 
 7.88850000e-09  7.88850000e-09  0.00000000e+00  2.50000000e+00 -2.51015181e-12 
 7.88950000e-09  7.88950000e-09  0.00000000e+00  2.50000000e+00 -2.50987425e-12 
 7.89050000e-09  7.89050000e-09  0.00000000e+00  2.50000000e+00 -2.51015181e-12 
 7.89150000e-09  7.89150000e-09  0.00000000e+00  2.50000000e+00 -2.50987425e-12 
 7.89250000e-09  7.89250000e-09  0.00000000e+00  2.50000000e+00 -2.51015181e-12 
 7.89350000e-09  7.89350000e-09  0.00000000e+00  2.50000000e+00 -2.50987425e-12 
 7.89450000e-09  7.89450000e-09  0.00000000e+00  2.50000000e+00 -2.51015181e-12 
 7.89550000e-09  7.89550000e-09  0.00000000e+00  2.50000000e+00 -2.50987425e-12 
 7.89650000e-09  7.89650000e-09  0.00000000e+00  2.50000000e+00 -2.51015181e-12 
 7.89750000e-09  7.89750000e-09  0.00000000e+00  2.50000000e+00 -2.50987425e-12 
 7.89850000e-09  7.89850000e-09  0.00000000e+00  2.50000000e+00 -2.51015181e-12 
 7.89950000e-09  7.89950000e-09  0.00000000e+00  2.50000000e+00 -2.50987425e-12 
 7.90050000e-09  7.90050000e-09  0.00000000e+00  2.50000000e+00 -2.51015181e-12 
 7.90150000e-09  7.90150000e-09  0.00000000e+00  2.50000000e+00 -2.50987425e-12 
 7.90250000e-09  7.90250000e-09  0.00000000e+00  2.50000000e+00 -2.51015181e-12 
 7.90350000e-09  7.90350000e-09  0.00000000e+00  2.50000000e+00 -2.50987425e-12 
 7.90450000e-09  7.90450000e-09  0.00000000e+00  2.50000000e+00 -2.51015181e-12 
 7.90550000e-09  7.90550000e-09  0.00000000e+00  2.50000000e+00 -2.50987425e-12 
 7.90650000e-09  7.90650000e-09  0.00000000e+00  2.50000000e+00 -2.51015181e-12 
 7.90750000e-09  7.90750000e-09  0.00000000e+00  2.50000000e+00 -2.50987425e-12 
 7.90850000e-09  7.90850000e-09  0.00000000e+00  2.50000000e+00 -2.51015181e-12 
 7.90950000e-09  7.90950000e-09  0.00000000e+00  2.50000000e+00 -2.50987425e-12 
 7.91050000e-09  7.91050000e-09  0.00000000e+00  2.50000000e+00 -2.51015181e-12 
 7.91150000e-09  7.91150000e-09  0.00000000e+00  2.50000000e+00 -2.50987425e-12 
 7.91250000e-09  7.91250000e-09  0.00000000e+00  2.50000000e+00 -2.51015181e-12 
 7.91350000e-09  7.91350000e-09  0.00000000e+00  2.50000000e+00 -2.50987425e-12 
 7.91450000e-09  7.91450000e-09  0.00000000e+00  2.50000000e+00 -2.51015181e-12 
 7.91550000e-09  7.91550000e-09  0.00000000e+00  2.50000000e+00 -2.50987425e-12 
 7.91650000e-09  7.91650000e-09  0.00000000e+00  2.50000000e+00 -2.51015181e-12 
 7.91750000e-09  7.91750000e-09  0.00000000e+00  2.50000000e+00 -2.50987425e-12 
 7.91850000e-09  7.91850000e-09  0.00000000e+00  2.50000000e+00 -2.51015181e-12 
 7.91950000e-09  7.91950000e-09  0.00000000e+00  2.50000000e+00 -2.50987425e-12 
 7.92050000e-09  7.92050000e-09  0.00000000e+00  2.50000000e+00 -2.51015181e-12 
 7.92150000e-09  7.92150000e-09  0.00000000e+00  2.50000000e+00 -2.50987425e-12 
 7.92250000e-09  7.92250000e-09  0.00000000e+00  2.50000000e+00 -2.51015181e-12 
 7.92350000e-09  7.92350000e-09  0.00000000e+00  2.50000000e+00 -2.50987425e-12 
 7.92450000e-09  7.92450000e-09  0.00000000e+00  2.50000000e+00 -2.51015181e-12 
 7.92550000e-09  7.92550000e-09  0.00000000e+00  2.50000000e+00 -2.50987425e-12 
 7.92650000e-09  7.92650000e-09  0.00000000e+00  2.50000000e+00 -2.51015181e-12 
 7.92750000e-09  7.92750000e-09  0.00000000e+00  2.50000000e+00 -2.50987425e-12 
 7.92850000e-09  7.92850000e-09  0.00000000e+00  2.50000000e+00 -2.51015181e-12 
 7.92950000e-09  7.92950000e-09  0.00000000e+00  2.50000000e+00 -2.50987425e-12 
 7.93050000e-09  7.93050000e-09  0.00000000e+00  2.50000000e+00 -2.51015181e-12 
 7.93150000e-09  7.93150000e-09  0.00000000e+00  2.50000000e+00 -2.50987425e-12 
 7.93250000e-09  7.93250000e-09  0.00000000e+00  2.50000000e+00 -2.51015181e-12 
 7.93350000e-09  7.93350000e-09  0.00000000e+00  2.50000000e+00 -2.50987425e-12 
 7.93450000e-09  7.93450000e-09  0.00000000e+00  2.50000000e+00 -2.51015181e-12 
 7.93550000e-09  7.93550000e-09  0.00000000e+00  2.50000000e+00 -2.50987425e-12 
 7.93650000e-09  7.93650000e-09  0.00000000e+00  2.50000000e+00 -2.51015181e-12 
 7.93750000e-09  7.93750000e-09  0.00000000e+00  2.50000000e+00 -2.50987425e-12 
 7.93850000e-09  7.93850000e-09  0.00000000e+00  2.50000000e+00 -2.51015181e-12 
 7.93950000e-09  7.93950000e-09  0.00000000e+00  2.50000000e+00 -2.50987425e-12 
 7.94050000e-09  7.94050000e-09  0.00000000e+00  2.50000000e+00 -2.51015181e-12 
 7.94150000e-09  7.94150000e-09  0.00000000e+00  2.50000000e+00 -2.50987425e-12 
 7.94250000e-09  7.94250000e-09  0.00000000e+00  2.50000000e+00 -2.51015181e-12 
 7.94350000e-09  7.94350000e-09  0.00000000e+00  2.50000000e+00 -2.50987425e-12 
 7.94450000e-09  7.94450000e-09  0.00000000e+00  2.50000000e+00 -2.51015181e-12 
 7.94550000e-09  7.94550000e-09  0.00000000e+00  2.50000000e+00 -2.50987425e-12 
 7.94650000e-09  7.94650000e-09  0.00000000e+00  2.50000000e+00 -2.51015181e-12 
 7.94750000e-09  7.94750000e-09  0.00000000e+00  2.50000000e+00 -2.50987425e-12 
 7.94850000e-09  7.94850000e-09  0.00000000e+00  2.50000000e+00 -2.51015181e-12 
 7.94950000e-09  7.94950000e-09  0.00000000e+00  2.50000000e+00 -2.50987425e-12 
 7.95050000e-09  7.95050000e-09  0.00000000e+00  2.50000000e+00 -2.51015181e-12 
 7.95150000e-09  7.95150000e-09  0.00000000e+00  2.50000000e+00 -2.50987425e-12 
 7.95250000e-09  7.95250000e-09  0.00000000e+00  2.50000000e+00 -2.51015181e-12 
 7.95350000e-09  7.95350000e-09  0.00000000e+00  2.50000000e+00 -2.50987425e-12 
 7.95450000e-09  7.95450000e-09  0.00000000e+00  2.50000000e+00 -2.51015181e-12 
 7.95550000e-09  7.95550000e-09  0.00000000e+00  2.50000000e+00 -2.50987425e-12 
 7.95650000e-09  7.95650000e-09  0.00000000e+00  2.50000000e+00 -2.51015181e-12 
 7.95750000e-09  7.95750000e-09  0.00000000e+00  2.50000000e+00 -2.50987425e-12 
 7.95850000e-09  7.95850000e-09  0.00000000e+00  2.50000000e+00 -2.51015181e-12 
 7.95950000e-09  7.95950000e-09  0.00000000e+00  2.50000000e+00 -2.50987425e-12 
 7.96050000e-09  7.96050000e-09  0.00000000e+00  2.50000000e+00 -2.51015181e-12 
 7.96150000e-09  7.96150000e-09  0.00000000e+00  2.50000000e+00 -2.50987425e-12 
 7.96250000e-09  7.96250000e-09  0.00000000e+00  2.50000000e+00 -2.51015181e-12 
 7.96350000e-09  7.96350000e-09  0.00000000e+00  2.50000000e+00 -2.50987425e-12 
 7.96450000e-09  7.96450000e-09  0.00000000e+00  2.50000000e+00 -2.51015181e-12 
 7.96550000e-09  7.96550000e-09  0.00000000e+00  2.50000000e+00 -2.50987425e-12 
 7.96650000e-09  7.96650000e-09  0.00000000e+00  2.50000000e+00 -2.51015181e-12 
 7.96750000e-09  7.96750000e-09  0.00000000e+00  2.50000000e+00 -2.50987425e-12 
 7.96850000e-09  7.96850000e-09  0.00000000e+00  2.50000000e+00 -2.51015181e-12 
 7.96950000e-09  7.96950000e-09  0.00000000e+00  2.50000000e+00 -2.50987425e-12 
 7.97050000e-09  7.97050000e-09  0.00000000e+00  2.50000000e+00 -2.51015181e-12 
 7.97150000e-09  7.97150000e-09  0.00000000e+00  2.50000000e+00 -2.50987425e-12 
 7.97250000e-09  7.97250000e-09  0.00000000e+00  2.50000000e+00 -2.51015181e-12 
 7.97350000e-09  7.97350000e-09  0.00000000e+00  2.50000000e+00 -2.50987425e-12 
 7.97450000e-09  7.97450000e-09  0.00000000e+00  2.50000000e+00 -2.51015181e-12 
 7.97550000e-09  7.97550000e-09  0.00000000e+00  2.50000000e+00 -2.50987425e-12 
 7.97650000e-09  7.97650000e-09  0.00000000e+00  2.50000000e+00 -2.51015181e-12 
 7.97750000e-09  7.97750000e-09  0.00000000e+00  2.50000000e+00 -2.50987425e-12 
 7.97850000e-09  7.97850000e-09  0.00000000e+00  2.50000000e+00 -2.51015181e-12 
 7.97950000e-09  7.97950000e-09  0.00000000e+00  2.50000000e+00 -2.50987425e-12 
 7.98050000e-09  7.98050000e-09  0.00000000e+00  2.50000000e+00 -2.51015181e-12 
 7.98150000e-09  7.98150000e-09  0.00000000e+00  2.50000000e+00 -2.50987425e-12 
 7.98250000e-09  7.98250000e-09  0.00000000e+00  2.50000000e+00 -2.51015181e-12 
 7.98350000e-09  7.98350000e-09  0.00000000e+00  2.50000000e+00 -2.50987425e-12 
 7.98450000e-09  7.98450000e-09  0.00000000e+00  2.50000000e+00 -2.51015181e-12 
 7.98550000e-09  7.98550000e-09  0.00000000e+00  2.50000000e+00 -2.50987425e-12 
 7.98650000e-09  7.98650000e-09  0.00000000e+00  2.50000000e+00 -2.51015181e-12 
 7.98750000e-09  7.98750000e-09  0.00000000e+00  2.50000000e+00 -2.50987425e-12 
 7.98850000e-09  7.98850000e-09  0.00000000e+00  2.50000000e+00 -2.51015181e-12 
 7.98950000e-09  7.98950000e-09  0.00000000e+00  2.50000000e+00 -2.50987425e-12 
 7.99050000e-09  7.99050000e-09  0.00000000e+00  2.50000000e+00 -2.51015181e-12 
 7.99150000e-09  7.99150000e-09  0.00000000e+00  2.50000000e+00 -2.50987425e-12 
 7.99250000e-09  7.99250000e-09  0.00000000e+00  2.50000000e+00 -2.51015181e-12 
 7.99350000e-09  7.99350000e-09  0.00000000e+00  2.50000000e+00 -2.50987425e-12 
 7.99450000e-09  7.99450000e-09  0.00000000e+00  2.50000000e+00 -2.51015181e-12 
 7.99550000e-09  7.99550000e-09  0.00000000e+00  2.50000000e+00 -2.50987425e-12 
 7.99650000e-09  7.99650000e-09  0.00000000e+00  2.50000000e+00 -2.51015181e-12 
 7.99750000e-09  7.99750000e-09  0.00000000e+00  2.50000000e+00 -2.50987425e-12 
 7.99850000e-09  7.99850000e-09  0.00000000e+00  2.50000000e+00 -2.51015181e-12 
 7.99950000e-09  7.99950000e-09  0.00000000e+00  2.50000000e+00 -2.50987425e-12 
 8.00050000e-09  8.00050000e-09  0.00000000e+00  2.50000000e+00 -2.51015181e-12 
 8.00150000e-09  8.00150000e-09  0.00000000e+00  2.50000000e+00 -2.50987425e-12 
 8.00250000e-09  8.00250000e-09  0.00000000e+00  2.50000000e+00 -2.51015181e-12 
 8.00350000e-09  8.00350000e-09  0.00000000e+00  2.50000000e+00 -2.50987425e-12 
 8.00450000e-09  8.00450000e-09  0.00000000e+00  2.50000000e+00 -2.51015181e-12 
 8.00550000e-09  8.00550000e-09  0.00000000e+00  2.50000000e+00 -2.50987425e-12 
 8.00650000e-09  8.00650000e-09  0.00000000e+00  2.50000000e+00 -2.51015181e-12 
 8.00750000e-09  8.00750000e-09  0.00000000e+00  2.50000000e+00 -2.50987425e-12 
 8.00850000e-09  8.00850000e-09  0.00000000e+00  2.50000000e+00 -2.51015181e-12 
 8.00950000e-09  8.00950000e-09  0.00000000e+00  2.50000000e+00 -2.50987425e-12 
 8.01050000e-09  8.01050000e-09  0.00000000e+00  2.50000000e+00 -2.51015181e-12 
 8.01150000e-09  8.01150000e-09  0.00000000e+00  2.50000000e+00 -2.50987425e-12 
 8.01250000e-09  8.01250000e-09  0.00000000e+00  2.50000000e+00 -2.51015181e-12 
 8.01350000e-09  8.01350000e-09  0.00000000e+00  2.50000000e+00 -2.50987425e-12 
 8.01450000e-09  8.01450000e-09  0.00000000e+00  2.50000000e+00 -2.51015181e-12 
 8.01550000e-09  8.01550000e-09  0.00000000e+00  2.50000000e+00 -2.50987425e-12 
 8.01650000e-09  8.01650000e-09  0.00000000e+00  2.50000000e+00 -2.51015181e-12 
 8.01750000e-09  8.01750000e-09  0.00000000e+00  2.50000000e+00 -2.50987425e-12 
 8.01850000e-09  8.01850000e-09  0.00000000e+00  2.50000000e+00 -2.51015181e-12 
 8.01950000e-09  8.01950000e-09  0.00000000e+00  2.50000000e+00 -2.50987425e-12 
 8.02050000e-09  8.02050000e-09  0.00000000e+00  2.50000000e+00 -2.51015181e-12 
 8.02150000e-09  8.02150000e-09  0.00000000e+00  2.50000000e+00 -2.50987425e-12 
 8.02250000e-09  8.02250000e-09  0.00000000e+00  2.50000000e+00 -2.51015181e-12 
 8.02350000e-09  8.02350000e-09  0.00000000e+00  2.50000000e+00 -2.50987425e-12 
 8.02450000e-09  8.02450000e-09  0.00000000e+00  2.50000000e+00 -2.51015181e-12 
 8.02550000e-09  8.02550000e-09  0.00000000e+00  2.50000000e+00 -2.50987425e-12 
 8.02650000e-09  8.02650000e-09  0.00000000e+00  2.50000000e+00 -2.51015181e-12 
 8.02750000e-09  8.02750000e-09  0.00000000e+00  2.50000000e+00 -2.50987425e-12 
 8.02850000e-09  8.02850000e-09  0.00000000e+00  2.50000000e+00 -2.51015181e-12 
 8.02950000e-09  8.02950000e-09  0.00000000e+00  2.50000000e+00 -2.50987425e-12 
 8.03050000e-09  8.03050000e-09  0.00000000e+00  2.50000000e+00 -2.51015181e-12 
 8.03150000e-09  8.03150000e-09  0.00000000e+00  2.50000000e+00 -2.50987425e-12 
 8.03250000e-09  8.03250000e-09  0.00000000e+00  2.50000000e+00 -2.51015181e-12 
 8.03350000e-09  8.03350000e-09  0.00000000e+00  2.50000000e+00 -2.50987425e-12 
 8.03450000e-09  8.03450000e-09  0.00000000e+00  2.50000000e+00 -2.51015181e-12 
 8.03550000e-09  8.03550000e-09  0.00000000e+00  2.50000000e+00 -2.50987425e-12 
 8.03650000e-09  8.03650000e-09  0.00000000e+00  2.50000000e+00 -2.51015181e-12 
 8.03750000e-09  8.03750000e-09  0.00000000e+00  2.50000000e+00 -2.50987425e-12 
 8.03850000e-09  8.03850000e-09  0.00000000e+00  2.50000000e+00 -2.51015181e-12 
 8.03950000e-09  8.03950000e-09  0.00000000e+00  2.50000000e+00 -2.50987425e-12 
 8.04050000e-09  8.04050000e-09  0.00000000e+00  2.50000000e+00 -2.51015181e-12 
 8.04150000e-09  8.04150000e-09  0.00000000e+00  2.50000000e+00 -2.50987425e-12 
 8.04250000e-09  8.04250000e-09  0.00000000e+00  2.50000000e+00 -2.51015181e-12 
 8.04350000e-09  8.04350000e-09  0.00000000e+00  2.50000000e+00 -2.50987425e-12 
 8.04450000e-09  8.04450000e-09  0.00000000e+00  2.50000000e+00 -2.51015181e-12 
 8.04550000e-09  8.04550000e-09  0.00000000e+00  2.50000000e+00 -2.50987425e-12 
 8.04650000e-09  8.04650000e-09  0.00000000e+00  2.50000000e+00 -2.51015181e-12 
 8.04750000e-09  8.04750000e-09  0.00000000e+00  2.50000000e+00 -2.50987425e-12 
 8.04850000e-09  8.04850000e-09  0.00000000e+00  2.50000000e+00 -2.51015181e-12 
 8.04950000e-09  8.04950000e-09  0.00000000e+00  2.50000000e+00 -2.50987425e-12 
 8.05050000e-09  8.05050000e-09  0.00000000e+00  2.50000000e+00 -2.51015181e-12 
 8.05150000e-09  8.05150000e-09  0.00000000e+00  2.50000000e+00 -2.50987425e-12 
 8.05250000e-09  8.05250000e-09  0.00000000e+00  2.50000000e+00 -2.51015181e-12 
 8.05350000e-09  8.05350000e-09  0.00000000e+00  2.50000000e+00 -2.50987425e-12 
 8.05450000e-09  8.05450000e-09  0.00000000e+00  2.50000000e+00 -2.51015181e-12 
 8.05550000e-09  8.05550000e-09  0.00000000e+00  2.50000000e+00 -2.50987425e-12 
 8.05650000e-09  8.05650000e-09  0.00000000e+00  2.50000000e+00 -2.51015181e-12 
 8.05750000e-09  8.05750000e-09  0.00000000e+00  2.50000000e+00 -2.50987425e-12 
 8.05850000e-09  8.05850000e-09  0.00000000e+00  2.50000000e+00 -2.51015181e-12 
 8.05950000e-09  8.05950000e-09  0.00000000e+00  2.50000000e+00 -2.50987425e-12 
 8.06050000e-09  8.06050000e-09  0.00000000e+00  2.50000000e+00 -2.51015181e-12 
 8.06150000e-09  8.06150000e-09  0.00000000e+00  2.50000000e+00 -2.50987425e-12 
 8.06250000e-09  8.06250000e-09  0.00000000e+00  2.50000000e+00 -2.51015181e-12 
 8.06350000e-09  8.06350000e-09  0.00000000e+00  2.50000000e+00 -2.50987425e-12 
 8.06450000e-09  8.06450000e-09  0.00000000e+00  2.50000000e+00 -2.51015181e-12 
 8.06550000e-09  8.06550000e-09  0.00000000e+00  2.50000000e+00 -2.50987425e-12 
 8.06650000e-09  8.06650000e-09  0.00000000e+00  2.50000000e+00 -2.51015181e-12 
 8.06750000e-09  8.06750000e-09  0.00000000e+00  2.50000000e+00 -2.50987425e-12 
 8.06850000e-09  8.06850000e-09  0.00000000e+00  2.50000000e+00 -2.51015181e-12 
 8.06950000e-09  8.06950000e-09  0.00000000e+00  2.50000000e+00 -2.50987425e-12 
 8.07050000e-09  8.07050000e-09  0.00000000e+00  2.50000000e+00 -2.51015181e-12 
 8.07150000e-09  8.07150000e-09  0.00000000e+00  2.50000000e+00 -2.50987425e-12 
 8.07250000e-09  8.07250000e-09  0.00000000e+00  2.50000000e+00 -2.51015181e-12 
 8.07350000e-09  8.07350000e-09  0.00000000e+00  2.50000000e+00 -2.50987425e-12 
 8.07450000e-09  8.07450000e-09  0.00000000e+00  2.50000000e+00 -2.51015181e-12 
 8.07550000e-09  8.07550000e-09  0.00000000e+00  2.50000000e+00 -2.50987425e-12 
 8.07650000e-09  8.07650000e-09  0.00000000e+00  2.50000000e+00 -2.51015181e-12 
 8.07750000e-09  8.07750000e-09  0.00000000e+00  2.50000000e+00 -2.50987425e-12 
 8.07850000e-09  8.07850000e-09  0.00000000e+00  2.50000000e+00 -2.51015181e-12 
 8.07950000e-09  8.07950000e-09  0.00000000e+00  2.50000000e+00 -2.50987425e-12 
 8.08050000e-09  8.08050000e-09  0.00000000e+00  2.50000000e+00 -2.51015181e-12 
 8.08150000e-09  8.08150000e-09  0.00000000e+00  2.50000000e+00 -2.50987425e-12 
 8.08250000e-09  8.08250000e-09  0.00000000e+00  2.50000000e+00 -2.51015181e-12 
 8.08350000e-09  8.08350000e-09  0.00000000e+00  2.50000000e+00 -2.50987425e-12 
 8.08450000e-09  8.08450000e-09  0.00000000e+00  2.50000000e+00 -2.51015181e-12 
 8.08550000e-09  8.08550000e-09  0.00000000e+00  2.50000000e+00 -2.50987425e-12 
 8.08650000e-09  8.08650000e-09  0.00000000e+00  2.50000000e+00 -2.51015181e-12 
 8.08750000e-09  8.08750000e-09  0.00000000e+00  2.50000000e+00 -2.50987425e-12 
 8.08850000e-09  8.08850000e-09  0.00000000e+00  2.50000000e+00 -2.51015181e-12 
 8.08950000e-09  8.08950000e-09  0.00000000e+00  2.50000000e+00 -2.50987425e-12 
 8.09050000e-09  8.09050000e-09  0.00000000e+00  2.50000000e+00 -2.51015181e-12 
 8.09150000e-09  8.09150000e-09  0.00000000e+00  2.50000000e+00 -2.50987425e-12 
 8.09250000e-09  8.09250000e-09  0.00000000e+00  2.50000000e+00 -2.51015181e-12 
 8.09350000e-09  8.09350000e-09  0.00000000e+00  2.50000000e+00 -2.50987425e-12 
 8.09450000e-09  8.09450000e-09  0.00000000e+00  2.50000000e+00 -2.51015181e-12 
 8.09550000e-09  8.09550000e-09  0.00000000e+00  2.50000000e+00 -2.50987425e-12 
 8.09650000e-09  8.09650000e-09  0.00000000e+00  2.50000000e+00 -2.51015181e-12 
 8.09750000e-09  8.09750000e-09  0.00000000e+00  2.50000000e+00 -2.50987425e-12 
 8.09850000e-09  8.09850000e-09  0.00000000e+00  2.50000000e+00 -2.51015181e-12 
 8.09950000e-09  8.09950000e-09  0.00000000e+00  2.50000000e+00 -2.50987425e-12 
 8.10050000e-09  8.10050000e-09  0.00000000e+00  2.50000000e+00 -2.51015181e-12 
 8.10150000e-09  8.10150000e-09  0.00000000e+00  2.50000000e+00 -2.50987425e-12 
 8.10250000e-09  8.10250000e-09  0.00000000e+00  2.50000000e+00 -2.51015181e-12 
 8.10350000e-09  8.10350000e-09  0.00000000e+00  2.50000000e+00 -2.50987425e-12 
 8.10450000e-09  8.10450000e-09  0.00000000e+00  2.50000000e+00 -2.51015181e-12 
 8.10550000e-09  8.10550000e-09  0.00000000e+00  2.50000000e+00 -2.50987425e-12 
 8.10650000e-09  8.10650000e-09  0.00000000e+00  2.50000000e+00 -2.51015181e-12 
 8.10750000e-09  8.10750000e-09  0.00000000e+00  2.50000000e+00 -2.50987425e-12 
 8.10850000e-09  8.10850000e-09  0.00000000e+00  2.50000000e+00 -2.51015181e-12 
 8.10950000e-09  8.10950000e-09  0.00000000e+00  2.50000000e+00 -2.50987425e-12 
 8.11050000e-09  8.11050000e-09  0.00000000e+00  2.50000000e+00 -2.51015181e-12 
 8.11150000e-09  8.11150000e-09  0.00000000e+00  2.50000000e+00 -2.50987425e-12 
 8.11250000e-09  8.11250000e-09  0.00000000e+00  2.50000000e+00 -2.51015181e-12 
 8.11350000e-09  8.11350000e-09  0.00000000e+00  2.50000000e+00 -2.50987425e-12 
 8.11450000e-09  8.11450000e-09  0.00000000e+00  2.50000000e+00 -2.51015181e-12 
 8.11550000e-09  8.11550000e-09  0.00000000e+00  2.50000000e+00 -2.50987425e-12 
 8.11650000e-09  8.11650000e-09  0.00000000e+00  2.50000000e+00 -2.51015181e-12 
 8.11750000e-09  8.11750000e-09  0.00000000e+00  2.50000000e+00 -2.50987425e-12 
 8.11850000e-09  8.11850000e-09  0.00000000e+00  2.50000000e+00 -2.51015181e-12 
 8.11950000e-09  8.11950000e-09  0.00000000e+00  2.50000000e+00 -2.50987425e-12 
 8.12050000e-09  8.12050000e-09  0.00000000e+00  2.50000000e+00 -2.51015181e-12 
 8.12150000e-09  8.12150000e-09  0.00000000e+00  2.50000000e+00 -2.50987425e-12 
 8.12250000e-09  8.12250000e-09  0.00000000e+00  2.50000000e+00 -2.51015181e-12 
 8.12350000e-09  8.12350000e-09  0.00000000e+00  2.50000000e+00 -2.50987425e-12 
 8.12450000e-09  8.12450000e-09  0.00000000e+00  2.50000000e+00 -2.51015181e-12 
 8.12550000e-09  8.12550000e-09  0.00000000e+00  2.50000000e+00 -2.50987425e-12 
 8.12650000e-09  8.12650000e-09  0.00000000e+00  2.50000000e+00 -2.51015181e-12 
 8.12750000e-09  8.12750000e-09  0.00000000e+00  2.50000000e+00 -2.50987425e-12 
 8.12850000e-09  8.12850000e-09  0.00000000e+00  2.50000000e+00 -2.51015181e-12 
 8.12950000e-09  8.12950000e-09  0.00000000e+00  2.50000000e+00 -2.50987425e-12 
 8.13050000e-09  8.13050000e-09  0.00000000e+00  2.50000000e+00 -2.51015181e-12 
 8.13150000e-09  8.13150000e-09  0.00000000e+00  2.50000000e+00 -2.50987425e-12 
 8.13250000e-09  8.13250000e-09  0.00000000e+00  2.50000000e+00 -2.51015181e-12 
 8.13350000e-09  8.13350000e-09  0.00000000e+00  2.50000000e+00 -2.50987425e-12 
 8.13450000e-09  8.13450000e-09  0.00000000e+00  2.50000000e+00 -2.51015181e-12 
 8.13550000e-09  8.13550000e-09  0.00000000e+00  2.50000000e+00 -2.50987425e-12 
 8.13650000e-09  8.13650000e-09  0.00000000e+00  2.50000000e+00 -2.51015181e-12 
 8.13750000e-09  8.13750000e-09  0.00000000e+00  2.50000000e+00 -2.50987425e-12 
 8.13850000e-09  8.13850000e-09  0.00000000e+00  2.50000000e+00 -2.51015181e-12 
 8.13950000e-09  8.13950000e-09  0.00000000e+00  2.50000000e+00 -2.50987425e-12 
 8.14050000e-09  8.14050000e-09  0.00000000e+00  2.50000000e+00 -2.51015181e-12 
 8.14150000e-09  8.14150000e-09  0.00000000e+00  2.50000000e+00 -2.50987425e-12 
 8.14250000e-09  8.14250000e-09  0.00000000e+00  2.50000000e+00 -2.51015181e-12 
 8.14350000e-09  8.14350000e-09  0.00000000e+00  2.50000000e+00 -2.50987425e-12 
 8.14450000e-09  8.14450000e-09  0.00000000e+00  2.50000000e+00 -2.51015181e-12 
 8.14550000e-09  8.14550000e-09  0.00000000e+00  2.50000000e+00 -2.50987425e-12 
 8.14650000e-09  8.14650000e-09  0.00000000e+00  2.50000000e+00 -2.51015181e-12 
 8.14750000e-09  8.14750000e-09  0.00000000e+00  2.50000000e+00 -2.50987425e-12 
 8.14850000e-09  8.14850000e-09  0.00000000e+00  2.50000000e+00 -2.51015181e-12 
 8.14950000e-09  8.14950000e-09  0.00000000e+00  2.50000000e+00 -2.50987425e-12 
 8.15050000e-09  8.15050000e-09  0.00000000e+00  2.50000000e+00 -2.51015181e-12 
 8.15150000e-09  8.15150000e-09  0.00000000e+00  2.50000000e+00 -2.50987425e-12 
 8.15250000e-09  8.15250000e-09  0.00000000e+00  2.50000000e+00 -2.51015181e-12 
 8.15350000e-09  8.15350000e-09  0.00000000e+00  2.50000000e+00 -2.50987425e-12 
 8.15450000e-09  8.15450000e-09  0.00000000e+00  2.50000000e+00 -2.51015181e-12 
 8.15550000e-09  8.15550000e-09  0.00000000e+00  2.50000000e+00 -2.50987425e-12 
 8.15650000e-09  8.15650000e-09  0.00000000e+00  2.50000000e+00 -2.51015181e-12 
 8.15750000e-09  8.15750000e-09  0.00000000e+00  2.50000000e+00 -2.50987425e-12 
 8.15850000e-09  8.15850000e-09  0.00000000e+00  2.50000000e+00 -2.51015181e-12 
 8.15950000e-09  8.15950000e-09  0.00000000e+00  2.50000000e+00 -2.50987425e-12 
 8.16050000e-09  8.16050000e-09  0.00000000e+00  2.50000000e+00 -2.51015181e-12 
 8.16150000e-09  8.16150000e-09  0.00000000e+00  2.50000000e+00 -2.50987425e-12 
 8.16250000e-09  8.16250000e-09  0.00000000e+00  2.50000000e+00 -2.51015181e-12 
 8.16350000e-09  8.16350000e-09  0.00000000e+00  2.50000000e+00 -2.50987425e-12 
 8.16450000e-09  8.16450000e-09  0.00000000e+00  2.50000000e+00 -2.51015181e-12 
 8.16550000e-09  8.16550000e-09  0.00000000e+00  2.50000000e+00 -2.50987425e-12 
 8.16650000e-09  8.16650000e-09  0.00000000e+00  2.50000000e+00 -2.51015181e-12 
 8.16750000e-09  8.16750000e-09  0.00000000e+00  2.50000000e+00 -2.50987425e-12 
 8.16850000e-09  8.16850000e-09  0.00000000e+00  2.50000000e+00 -2.51015181e-12 
 8.16950000e-09  8.16950000e-09  0.00000000e+00  2.50000000e+00 -2.50987425e-12 
 8.17050000e-09  8.17050000e-09  0.00000000e+00  2.50000000e+00 -2.51015181e-12 
 8.17150000e-09  8.17150000e-09  0.00000000e+00  2.50000000e+00 -2.50987425e-12 
 8.17250000e-09  8.17250000e-09  0.00000000e+00  2.50000000e+00 -2.51015181e-12 
 8.17350000e-09  8.17350000e-09  0.00000000e+00  2.50000000e+00 -2.50987425e-12 
 8.17450000e-09  8.17450000e-09  0.00000000e+00  2.50000000e+00 -2.51015181e-12 
 8.17550000e-09  8.17550000e-09  0.00000000e+00  2.50000000e+00 -2.50987425e-12 
 8.17650000e-09  8.17650000e-09  0.00000000e+00  2.50000000e+00 -2.51015181e-12 
 8.17750000e-09  8.17750000e-09  0.00000000e+00  2.50000000e+00 -2.50987425e-12 
 8.17850000e-09  8.17850000e-09  0.00000000e+00  2.50000000e+00 -2.51015181e-12 
 8.17950000e-09  8.17950000e-09  0.00000000e+00  2.50000000e+00 -2.50987425e-12 
 8.18050000e-09  8.18050000e-09  0.00000000e+00  2.50000000e+00 -2.51015181e-12 
 8.18150000e-09  8.18150000e-09  0.00000000e+00  2.50000000e+00 -2.50987425e-12 
 8.18250000e-09  8.18250000e-09  0.00000000e+00  2.50000000e+00 -2.51015181e-12 
 8.18350000e-09  8.18350000e-09  0.00000000e+00  2.50000000e+00 -2.50987425e-12 
 8.18450000e-09  8.18450000e-09  0.00000000e+00  2.50000000e+00 -2.51015181e-12 
 8.18550000e-09  8.18550000e-09  0.00000000e+00  2.50000000e+00 -2.50987425e-12 
 8.18650000e-09  8.18650000e-09  0.00000000e+00  2.50000000e+00 -2.51015181e-12 
 8.18750000e-09  8.18750000e-09  0.00000000e+00  2.50000000e+00 -2.50987425e-12 
 8.18850000e-09  8.18850000e-09  0.00000000e+00  2.50000000e+00 -2.51015181e-12 
 8.18950000e-09  8.18950000e-09  0.00000000e+00  2.50000000e+00 -2.50987425e-12 
 8.19050000e-09  8.19050000e-09  0.00000000e+00  2.50000000e+00 -2.51015181e-12 
 8.19150000e-09  8.19150000e-09  0.00000000e+00  2.50000000e+00 -2.50987425e-12 
 8.19250000e-09  8.19250000e-09  0.00000000e+00  2.50000000e+00 -2.51015181e-12 
 8.19350000e-09  8.19350000e-09  0.00000000e+00  2.50000000e+00 -2.50987425e-12 
 8.19450000e-09  8.19450000e-09  0.00000000e+00  2.50000000e+00 -2.51015181e-12 
 8.19550000e-09  8.19550000e-09  0.00000000e+00  2.50000000e+00 -2.50987425e-12 
 8.19650000e-09  8.19650000e-09  0.00000000e+00  2.50000000e+00 -2.51015181e-12 
 8.19750000e-09  8.19750000e-09  0.00000000e+00  2.50000000e+00 -2.50987425e-12 
 8.19850000e-09  8.19850000e-09  0.00000000e+00  2.50000000e+00 -2.51015181e-12 
 8.19925000e-09  8.19925000e-09  0.00000000e+00  2.50000000e+00 -2.50987685e-12 
 8.20000000e-09  8.20000000e-09  0.00000000e+00  2.50000000e+00 -2.51015268e-12 
